datetime,target
2012-01-01 00:00:00,14800.0
2012-01-01 01:00:00,14203.0
2012-01-01 02:00:00,13952.0
2012-01-01 03:00:00,14112.0
2012-01-01 04:00:00,13968.0
2012-01-01 05:00:00,13884.0
2012-01-01 06:00:00,14120.0
2012-01-01 07:00:00,13859.0
2012-01-01 08:00:00,12859.0
2012-01-01 09:00:00,13204.0
2012-01-01 10:00:00,13170.0
2012-01-01 11:00:00,12860.0
2012-01-01 12:00:00,13018.0
2012-01-01 13:00:00,13716.0
2012-01-01 14:00:00,14489.0
2012-01-01 15:00:00,13850.0
2012-01-01 16:00:00,14111.0
2012-01-01 17:00:00,15153.0
2012-01-01 18:00:00,15633.0
2012-01-01 19:00:00,15548.0
2012-01-01 20:00:00,15860.0
2012-01-01 21:00:00,15808.0
2012-01-01 22:00:00,16213.0
2012-01-01 23:00:00,16405.0
2012-01-02 00:00:00,15607.0
2012-01-02 01:00:00,14280.0
2012-01-02 02:00:00,14482.0
2012-01-02 03:00:00,13917.0
2012-01-02 04:00:00,14338.0
2012-01-02 05:00:00,14708.0
2012-01-02 06:00:00,15633.0
2012-01-02 07:00:00,17288.0
2012-01-02 08:00:00,18112.0
2012-01-02 09:00:00,26044.0
2012-01-02 10:00:00,27396.0
2012-01-02 11:00:00,27271.0
2012-01-02 12:00:00,28271.0
2012-01-02 13:00:00,29103.0
2012-01-02 14:00:00,28910.0
2012-01-02 15:00:00,28767.0
2012-01-02 16:00:00,28784.0
2012-01-02 17:00:00,30456.0
2012-01-02 18:00:00,30875.0
2012-01-02 19:00:00,30573.0
2012-01-02 20:00:00,30414.0
2012-01-02 21:00:00,29246.0
2012-01-02 22:00:00,28178.0
2012-01-02 23:00:00,21792.0
2012-01-03 00:00:00,17203.0
2012-01-03 01:00:00,15422.0
2012-01-03 02:00:00,15708.0
2012-01-03 03:00:00,15170.0
2012-01-03 04:00:00,15900.0
2012-01-03 05:00:00,15917.0
2012-01-03 06:00:00,17355.0
2012-01-03 07:00:00,19002.0
2012-01-03 08:00:00,19859.0
2012-01-03 09:00:00,26607.0
2012-01-03 10:00:00,28094.0
2012-01-03 11:00:00,28313.0
2012-01-03 12:00:00,28406.0
2012-01-03 13:00:00,30102.0
2012-01-03 14:00:00,29431.0
2012-01-03 15:00:00,29892.0
2012-01-03 16:00:00,30490.0
2012-01-03 17:00:00,31699.0
2012-01-03 18:00:00,31835.0
2012-01-03 19:00:00,31187.0
2012-01-03 20:00:00,30910.0
2012-01-03 21:00:00,29161.0
2012-01-03 22:00:00,28102.0
2012-01-03 23:00:00,21725.0
2012-01-04 00:00:00,17019.0
2012-01-04 01:00:00,15053.0
2012-01-04 02:00:00,15725.0
2012-01-04 03:00:00,14859.0
2012-01-04 04:00:00,15372.0
2012-01-04 05:00:00,15961.0
2012-01-04 06:00:00,17044.0
2012-01-04 07:00:00,18800.0
2012-01-04 08:00:00,20439.0
2012-01-04 09:00:00,27296.0
2012-01-04 10:00:00,28835.0
2012-01-04 11:00:00,28674.0
2012-01-04 12:00:00,29128.0
2012-01-04 13:00:00,29951.0
2012-01-04 14:00:00,29817.0
2012-01-04 15:00:00,29935.0
2012-01-04 16:00:00,30423.0
2012-01-04 17:00:00,31942.0
2012-01-04 18:00:00,32220.0
2012-01-04 19:00:00,31413.0
2012-01-04 20:00:00,31237.0
2012-01-04 21:00:00,30161.0
2012-01-04 22:00:00,29212.0
2012-01-04 23:00:00,22692.0
2012-01-05 00:00:00,17573.0
2012-01-05 01:00:00,15902.0
2012-01-05 02:00:00,15599.0
2012-01-05 03:00:00,15094.0
2012-01-05 04:00:00,15591.0
2012-01-05 05:00:00,15514.0
2012-01-05 06:00:00,16843.0
2012-01-05 07:00:00,18800.0
2012-01-05 08:00:00,19809.0
2012-01-05 09:00:00,26994.0
2012-01-05 10:00:00,28154.0
2012-01-05 11:00:00,27758.0
2012-01-05 12:00:00,28103.0
2012-01-05 13:00:00,29288.0
2012-01-05 14:00:00,29590.0
2012-01-05 15:00:00,29725.0
2012-01-05 16:00:00,30187.0
2012-01-05 17:00:00,31304.0
2012-01-05 18:00:00,31414.0
2012-01-05 19:00:00,31128.0
2012-01-05 20:00:00,31187.0
2012-01-05 21:00:00,29448.0
2012-01-05 22:00:00,28329.0
2012-01-05 23:00:00,21986.0
2012-01-06 00:00:00,17019.0
2012-01-06 01:00:00,15312.0
2012-01-06 02:00:00,14927.0
2012-01-06 03:00:00,14498.0
2012-01-06 04:00:00,15187.0
2012-01-06 05:00:00,15044.0
2012-01-06 06:00:00,16600.0
2012-01-06 07:00:00,18203.0
2012-01-06 08:00:00,19364.0
2012-01-06 09:00:00,26515.0
2012-01-06 10:00:00,28405.0
2012-01-06 11:00:00,28212.0
2012-01-06 12:00:00,29061.0
2012-01-06 13:00:00,29463.0
2012-01-06 14:00:00,30061.0
2012-01-06 15:00:00,30271.0
2012-01-06 16:00:00,30557.0
2012-01-06 17:00:00,31834.0
2012-01-06 18:00:00,31901.0
2012-01-06 19:00:00,32170.0
2012-01-06 20:00:00,31439.0
2012-01-06 21:00:00,29515.0
2012-01-06 22:00:00,28313.0
2012-01-06 23:00:00,28036.0
2012-01-07 00:00:00,20826.0
2012-01-07 01:00:00,15573.0
2012-01-07 02:00:00,15027.0
2012-01-07 03:00:00,14347.0
2012-01-07 04:00:00,14994.0
2012-01-07 05:00:00,15195.0
2012-01-07 06:00:00,16631.0
2012-01-07 07:00:00,18741.0
2012-01-07 08:00:00,19474.0
2012-01-07 09:00:00,26574.0
2012-01-07 10:00:00,27732.0
2012-01-07 11:00:00,27439.0
2012-01-07 12:00:00,28666.0
2012-01-07 13:00:00,29019.0
2012-01-07 14:00:00,28951.0
2012-01-07 15:00:00,29262.0
2012-01-07 16:00:00,28936.0
2012-01-07 17:00:00,30371.0
2012-01-07 18:00:00,31817.0
2012-01-07 19:00:00,31430.0
2012-01-07 20:00:00,30943.0
2012-01-07 21:00:00,29237.0
2012-01-07 22:00:00,27885.0
2012-01-07 23:00:00,27213.0
2012-01-08 00:00:00,21515.0
2012-01-08 01:00:00,15254.0
2012-01-08 02:00:00,14549.0
2012-01-08 03:00:00,14497.0
2012-01-08 04:00:00,15011.0
2012-01-08 05:00:00,14767.0
2012-01-08 06:00:00,16716.0
2012-01-08 07:00:00,17641.0
2012-01-08 08:00:00,18178.0
2012-01-08 09:00:00,26431.0
2012-01-08 10:00:00,26364.0
2012-01-08 11:00:00,26750.0
2012-01-08 12:00:00,27649.0
2012-01-08 13:00:00,28481.0
2012-01-08 14:00:00,28565.0
2012-01-08 15:00:00,28708.0
2012-01-08 16:00:00,28953.0
2012-01-08 17:00:00,29934.0
2012-01-08 18:00:00,30372.0
2012-01-08 19:00:00,30221.0
2012-01-08 20:00:00,29859.0
2012-01-08 21:00:00,28280.0
2012-01-08 22:00:00,27238.0
2012-01-08 23:00:00,20835.0
2012-01-09 00:00:00,15868.0
2012-01-09 01:00:00,14498.0
2012-01-09 02:00:00,14102.0
2012-01-09 03:00:00,13733.0
2012-01-09 04:00:00,14061.0
2012-01-09 05:00:00,13859.0
2012-01-09 06:00:00,14439.0
2012-01-09 07:00:00,21220.0
2012-01-09 08:00:00,19665.0
2012-01-09 09:00:00,27363.0
2012-01-09 10:00:00,27296.0
2012-01-09 11:00:00,27280.0
2012-01-09 12:00:00,28540.0
2012-01-09 13:00:00,29154.0
2012-01-09 14:00:00,28977.0
2012-01-09 15:00:00,29447.0
2012-01-09 16:00:00,29590.0
2012-01-09 17:00:00,30280.0
2012-01-09 18:00:00,30170.0
2012-01-09 19:00:00,30221.0
2012-01-09 20:00:00,30146.0
2012-01-09 21:00:00,28414.0
2012-01-09 22:00:00,27539.0
2012-01-09 23:00:00,20960.0
2012-01-10 00:00:00,16204.0
2012-01-10 01:00:00,14541.0
2012-01-10 02:00:00,14473.0
2012-01-10 03:00:00,13296.0
2012-01-10 04:00:00,14994.0
2012-01-10 05:00:00,14959.0
2012-01-10 06:00:00,16246.0
2012-01-10 07:00:00,18019.0
2012-01-10 08:00:00,19616.0
2012-01-10 09:00:00,26338.0
2012-01-10 10:00:00,27137.0
2012-01-10 11:00:00,28288.0
2012-01-10 12:00:00,28649.0
2012-01-10 13:00:00,28573.0
2012-01-10 14:00:00,28640.0
2012-01-10 15:00:00,28766.0
2012-01-10 16:00:00,29053.0
2012-01-10 17:00:00,30238.0
2012-01-10 18:00:00,30314.0
2012-01-10 19:00:00,30381.0
2012-01-10 20:00:00,29463.0
2012-01-10 21:00:00,28909.0
2012-01-10 22:00:00,27019.0
2012-01-10 23:00:00,20573.0
2012-01-11 00:00:00,15616.0
2012-01-11 01:00:00,14380.0
2012-01-11 02:00:00,14205.0
2012-01-11 03:00:00,13926.0
2012-01-11 04:00:00,14448.0
2012-01-11 05:00:00,14321.0
2012-01-11 06:00:00,14590.0
2012-01-11 07:00:00,18851.0
2012-01-11 08:00:00,19313.0
2012-01-11 09:00:00,26901.0
2012-01-11 10:00:00,27926.0
2012-01-11 11:00:00,27170.0
2012-01-11 12:00:00,28439.0
2012-01-11 13:00:00,28892.0
2012-01-11 14:00:00,29145.0
2012-01-11 15:00:00,28506.0
2012-01-11 16:00:00,31145.0
2012-01-11 17:00:00,31952.0
2012-01-11 18:00:00,31490.0
2012-01-11 19:00:00,30154.0
2012-01-11 20:00:00,29154.0
2012-01-11 21:00:00,27978.0
2012-01-11 22:00:00,26909.0
2012-01-11 23:00:00,20608.0
2012-01-12 00:00:00,15859.0
2012-01-12 01:00:00,14675.0
2012-01-12 02:00:00,14380.0
2012-01-12 03:00:00,13473.0
2012-01-12 04:00:00,15054.0
2012-01-12 05:00:00,14523.0
2012-01-12 06:00:00,15985.0
2012-01-12 07:00:00,17548.0
2012-01-12 08:00:00,19212.0
2012-01-12 09:00:00,26851.0
2012-01-12 10:00:00,27010.0
2012-01-12 11:00:00,27724.0
2012-01-12 12:00:00,28448.0
2012-01-12 13:00:00,29102.0
2012-01-12 14:00:00,29019.0
2012-01-12 15:00:00,29531.0
2012-01-12 16:00:00,29162.0
2012-01-12 17:00:00,30170.0
2012-01-12 18:00:00,30574.0
2012-01-12 19:00:00,30161.0
2012-01-12 20:00:00,30506.0
2012-01-12 21:00:00,29321.0
2012-01-12 22:00:00,27792.0
2012-01-12 23:00:00,21632.0
2012-01-13 00:00:00,16472.0
2012-01-13 01:00:00,14969.0
2012-01-13 02:00:00,14926.0
2012-01-13 03:00:00,14650.0
2012-01-13 04:00:00,15145.0
2012-01-13 05:00:00,15087.0
2012-01-13 06:00:00,16976.0
2012-01-13 07:00:00,17967.0
2012-01-13 08:00:00,19657.0
2012-01-13 09:00:00,27439.0
2012-01-13 10:00:00,27632.0
2012-01-13 11:00:00,27221.0
2012-01-13 12:00:00,28371.0
2012-01-13 13:00:00,29271.0
2012-01-13 14:00:00,29380.0
2012-01-13 15:00:00,29364.0
2012-01-13 16:00:00,30144.0
2012-01-13 17:00:00,30977.0
2012-01-13 18:00:00,30993.0
2012-01-13 19:00:00,30943.0
2012-01-13 20:00:00,30632.0
2012-01-13 21:00:00,28505.0
2012-01-13 22:00:00,27203.0
2012-01-13 23:00:00,27380.0
2012-01-14 00:00:00,20153.0
2012-01-14 01:00:00,15725.0
2012-01-14 02:00:00,15112.0
2012-01-14 03:00:00,15070.0
2012-01-14 04:00:00,15205.0
2012-01-14 05:00:00,15077.0
2012-01-14 06:00:00,16809.0
2012-01-14 07:00:00,19045.0
2012-01-14 08:00:00,20497.0
2012-01-14 09:00:00,26860.0
2012-01-14 10:00:00,26691.0
2012-01-14 11:00:00,26699.0
2012-01-14 12:00:00,27691.0
2012-01-14 13:00:00,28994.0
2012-01-14 14:00:00,28489.0
2012-01-14 15:00:00,28414.0
2012-01-14 16:00:00,29590.0
2012-01-14 17:00:00,30422.0
2012-01-14 18:00:00,30691.0
2012-01-14 19:00:00,31010.0
2012-01-14 20:00:00,30759.0
2012-01-14 21:00:00,29515.0
2012-01-14 22:00:00,27901.0
2012-01-14 23:00:00,27506.0
2012-01-15 00:00:00,21120.0
2012-01-15 01:00:00,15808.0
2012-01-15 02:00:00,14884.0
2012-01-15 03:00:00,14607.0
2012-01-15 04:00:00,14976.0
2012-01-15 05:00:00,14708.0
2012-01-15 06:00:00,16523.0
2012-01-15 07:00:00,18725.0
2012-01-15 08:00:00,19549.0
2012-01-15 09:00:00,26876.0
2012-01-15 10:00:00,27447.0
2012-01-15 11:00:00,26632.0
2012-01-15 12:00:00,27918.0
2012-01-15 13:00:00,28557.0
2012-01-15 14:00:00,28868.0
2012-01-15 15:00:00,28069.0
2012-01-15 16:00:00,28431.0
2012-01-15 17:00:00,29095.0
2012-01-15 18:00:00,29994.0
2012-01-15 19:00:00,29877.0
2012-01-15 20:00:00,29170.0
2012-01-15 21:00:00,27968.0
2012-01-15 22:00:00,26724.0
2012-01-15 23:00:00,20558.0
2012-01-16 00:00:00,15699.0
2012-01-16 01:00:00,14035.0
2012-01-16 02:00:00,13624.0
2012-01-16 03:00:00,13464.0
2012-01-16 04:00:00,13565.0
2012-01-16 05:00:00,14062.0
2012-01-16 06:00:00,15615.0
2012-01-16 07:00:00,18322.0
2012-01-16 08:00:00,19936.0
2012-01-16 09:00:00,26902.0
2012-01-16 10:00:00,27019.0
2012-01-16 11:00:00,27943.0
2012-01-16 12:00:00,28758.0
2012-01-16 13:00:00,30372.0
2012-01-16 14:00:00,29515.0
2012-01-16 15:00:00,30456.0
2012-01-16 16:00:00,30472.0
2012-01-16 17:00:00,31288.0
2012-01-16 18:00:00,31884.0
2012-01-16 19:00:00,31288.0
2012-01-16 20:00:00,30826.0
2012-01-16 21:00:00,29439.0
2012-01-16 22:00:00,28111.0
2012-01-16 23:00:00,21925.0
2012-01-17 00:00:00,16699.0
2012-01-17 01:00:00,14725.0
2012-01-17 02:00:00,14665.0
2012-01-17 03:00:00,14196.0
2012-01-17 04:00:00,14750.0
2012-01-17 05:00:00,15011.0
2012-01-17 06:00:00,16649.0
2012-01-17 07:00:00,18884.0
2012-01-17 08:00:00,20893.0
2012-01-17 09:00:00,28069.0
2012-01-17 10:00:00,29043.0
2012-01-17 11:00:00,28447.0
2012-01-17 12:00:00,29691.0
2012-01-17 13:00:00,30254.0
2012-01-17 14:00:00,30001.0
2012-01-17 15:00:00,30531.0
2012-01-17 16:00:00,31078.0
2012-01-17 17:00:00,31120.0
2012-01-17 18:00:00,31565.0
2012-01-17 19:00:00,31800.0
2012-01-17 20:00:00,31674.0
2012-01-17 21:00:00,30204.0
2012-01-17 22:00:00,28615.0
2012-01-17 23:00:00,22060.0
2012-01-18 00:00:00,17213.0
2012-01-18 01:00:00,15995.0
2012-01-18 02:00:00,15682.0
2012-01-18 03:00:00,15489.0
2012-01-18 04:00:00,15901.0
2012-01-18 05:00:00,16094.0
2012-01-18 06:00:00,17834.0
2012-01-18 07:00:00,19684.0
2012-01-18 08:00:00,21314.0
2012-01-18 09:00:00,28380.0
2012-01-18 10:00:00,28674.0
2012-01-18 11:00:00,29035.0
2012-01-18 12:00:00,29179.0
2012-01-18 13:00:00,30541.0
2012-01-18 14:00:00,29859.0
2012-01-18 15:00:00,30229.0
2012-01-18 16:00:00,30195.0
2012-01-18 17:00:00,31665.0
2012-01-18 18:00:00,31918.0
2012-01-18 19:00:00,31767.0
2012-01-18 20:00:00,31514.0
2012-01-18 21:00:00,29263.0
2012-01-18 22:00:00,27330.0
2012-01-18 23:00:00,21507.0
2012-01-19 00:00:00,16204.0
2012-01-19 01:00:00,14825.0
2012-01-19 02:00:00,14380.0
2012-01-19 03:00:00,14119.0
2012-01-19 04:00:00,14616.0
2012-01-19 05:00:00,14523.0
2012-01-19 06:00:00,16775.0
2012-01-19 07:00:00,18658.0
2012-01-19 08:00:00,20372.0
2012-01-19 09:00:00,27942.0
2012-01-19 10:00:00,28961.0
2012-01-19 11:00:00,27926.0
2012-01-19 12:00:00,29229.0
2012-01-19 13:00:00,29875.0
2012-01-19 14:00:00,29599.0
2012-01-19 15:00:00,30667.0
2012-01-19 16:00:00,31405.0
2012-01-19 17:00:00,31615.0
2012-01-19 18:00:00,31531.0
2012-01-19 19:00:00,31557.0
2012-01-19 20:00:00,31640.0
2012-01-19 21:00:00,30406.0
2012-01-19 22:00:00,28632.0
2012-01-19 23:00:00,22061.0
2012-01-20 00:00:00,17506.0
2012-01-20 01:00:00,15523.0
2012-01-20 02:00:00,14952.0
2012-01-20 03:00:00,14515.0
2012-01-20 04:00:00,15220.0
2012-01-20 05:00:00,15313.0
2012-01-20 06:00:00,16984.0
2012-01-20 07:00:00,19338.0
2012-01-20 08:00:00,20901.0
2012-01-20 09:00:00,27910.0
2012-01-20 10:00:00,28927.0
2012-01-20 11:00:00,27834.0
2012-01-20 12:00:00,28801.0
2012-01-20 13:00:00,29590.0
2012-01-20 14:00:00,30103.0
2012-01-20 15:00:00,30322.0
2012-01-20 16:00:00,31027.0
2012-01-20 17:00:00,31750.0
2012-01-20 18:00:00,32103.0
2012-01-20 19:00:00,32204.0
2012-01-20 20:00:00,32481.0
2012-01-20 21:00:00,30505.0
2012-01-20 22:00:00,28615.0
2012-01-20 23:00:00,28523.0
2012-01-21 00:00:00,21539.0
2012-01-21 01:00:00,15859.0
2012-01-21 02:00:00,15095.0
2012-01-21 03:00:00,15137.0
2012-01-21 04:00:00,15926.0
2012-01-21 05:00:00,15085.0
2012-01-21 06:00:00,17355.0
2012-01-21 07:00:00,19741.0
2012-01-21 08:00:00,20749.0
2012-01-21 09:00:00,27564.0
2012-01-21 10:00:00,28851.0
2012-01-21 11:00:00,28178.0
2012-01-21 12:00:00,29388.0
2012-01-21 13:00:00,30516.0
2012-01-21 14:00:00,30532.0
2012-01-21 15:00:00,30120.0
2012-01-21 16:00:00,30481.0
2012-01-21 17:00:00,31800.0
2012-01-21 18:00:00,32674.0
2012-01-21 19:00:00,32448.0
2012-01-21 20:00:00,32557.0
2012-01-21 21:00:00,30414.0
2012-01-21 22:00:00,29330.0
2012-01-21 23:00:00,28826.0
2012-01-22 00:00:00,22010.0
2012-01-22 01:00:00,15489.0
2012-01-22 02:00:00,14792.0
2012-01-22 03:00:00,14859.0
2012-01-22 04:00:00,14809.0
2012-01-22 05:00:00,14750.0
2012-01-22 06:00:00,16329.0
2012-01-22 07:00:00,18717.0
2012-01-22 08:00:00,19506.0
2012-01-22 09:00:00,27077.0
2012-01-22 10:00:00,27649.0
2012-01-22 11:00:00,27456.0
2012-01-22 12:00:00,29026.0
2012-01-22 13:00:00,29128.0
2012-01-22 14:00:00,29405.0
2012-01-22 15:00:00,29389.0
2012-01-22 16:00:00,30053.0
2012-01-22 17:00:00,30397.0
2012-01-22 18:00:00,30791.0
2012-01-22 19:00:00,31135.0
2012-01-22 20:00:00,31018.0
2012-01-22 21:00:00,29884.0
2012-01-22 22:00:00,28557.0
2012-01-22 23:00:00,21472.0
2012-01-23 00:00:00,16153.0
2012-01-23 01:00:00,15078.0
2012-01-23 02:00:00,14725.0
2012-01-23 03:00:00,13902.0
2012-01-23 04:00:00,14708.0
2012-01-23 05:00:00,14809.0
2012-01-23 06:00:00,16112.0
2012-01-23 07:00:00,18581.0
2012-01-23 08:00:00,19699.0
2012-01-23 09:00:00,27430.0
2012-01-23 10:00:00,27784.0
2012-01-23 11:00:00,28095.0
2012-01-23 12:00:00,28649.0
2012-01-23 13:00:00,29388.0
2012-01-23 14:00:00,29893.0
2012-01-23 15:00:00,29607.0
2012-01-23 16:00:00,30010.0
2012-01-23 17:00:00,30951.0
2012-01-23 18:00:00,31498.0
2012-01-23 19:00:00,31455.0
2012-01-23 20:00:00,30918.0
2012-01-23 21:00:00,29700.0
2012-01-23 22:00:00,27733.0
2012-01-23 23:00:00,21036.0
2012-01-24 00:00:00,15641.0
2012-01-24 01:00:00,14490.0
2012-01-24 02:00:00,13884.0
2012-01-24 03:00:00,13523.0
2012-01-24 04:00:00,14262.0
2012-01-24 05:00:00,14263.0
2012-01-24 06:00:00,16010.0
2012-01-24 07:00:00,18691.0
2012-01-24 08:00:00,20020.0
2012-01-24 09:00:00,27707.0
2012-01-24 10:00:00,28187.0
2012-01-24 11:00:00,27843.0
2012-01-24 12:00:00,28641.0
2012-01-24 13:00:00,29523.0
2012-01-24 14:00:00,29354.0
2012-01-24 15:00:00,29674.0
2012-01-24 16:00:00,29910.0
2012-01-24 17:00:00,31036.0
2012-01-24 18:00:00,31313.0
2012-01-24 19:00:00,31271.0
2012-01-24 20:00:00,31322.0
2012-01-24 21:00:00,29616.0
2012-01-24 22:00:00,27952.0
2012-01-24 23:00:00,21784.0
2012-01-25 00:00:00,16321.0
2012-01-25 01:00:00,14212.0
2012-01-25 02:00:00,14289.0
2012-01-25 03:00:00,13817.0
2012-01-25 04:00:00,14371.0
2012-01-25 05:00:00,14892.0
2012-01-25 06:00:00,16566.0
2012-01-25 07:00:00,18313.0
2012-01-25 08:00:00,20312.0
2012-01-25 09:00:00,27926.0
2012-01-25 10:00:00,28186.0
2012-01-25 11:00:00,27994.0
2012-01-25 12:00:00,28901.0
2012-01-25 13:00:00,29514.0
2012-01-25 14:00:00,29531.0
2012-01-25 15:00:00,29833.0
2012-01-25 16:00:00,30422.0
2012-01-25 17:00:00,31086.0
2012-01-25 18:00:00,31271.0
2012-01-25 19:00:00,30875.0
2012-01-25 20:00:00,31456.0
2012-01-25 21:00:00,29582.0
2012-01-25 22:00:00,28288.0
2012-01-25 23:00:00,21994.0
2012-01-26 00:00:00,16305.0
2012-01-26 01:00:00,14699.0
2012-01-26 02:00:00,14709.0
2012-01-26 03:00:00,14263.0
2012-01-26 04:00:00,14103.0
2012-01-26 05:00:00,14574.0
2012-01-26 06:00:00,16633.0
2012-01-26 07:00:00,18238.0
2012-01-26 08:00:00,20220.0
2012-01-26 09:00:00,28600.0
2012-01-26 10:00:00,29272.0
2012-01-26 11:00:00,28506.0
2012-01-26 12:00:00,29514.0
2012-01-26 13:00:00,30212.0
2012-01-26 14:00:00,30010.0
2012-01-26 15:00:00,30397.0
2012-01-26 16:00:00,31028.0
2012-01-26 17:00:00,31439.0
2012-01-26 18:00:00,31480.0
2012-01-26 19:00:00,31742.0
2012-01-26 20:00:00,31506.0
2012-01-26 21:00:00,29901.0
2012-01-26 22:00:00,27935.0
2012-01-26 23:00:00,21413.0
2012-01-27 00:00:00,16313.0
2012-01-27 01:00:00,14439.0
2012-01-27 02:00:00,14363.0
2012-01-27 03:00:00,13808.0
2012-01-27 04:00:00,14658.0
2012-01-27 05:00:00,14506.0
2012-01-27 06:00:00,16558.0
2012-01-27 07:00:00,18516.0
2012-01-27 08:00:00,20321.0
2012-01-27 09:00:00,27952.0
2012-01-27 10:00:00,28439.0
2012-01-27 11:00:00,28237.0
2012-01-27 12:00:00,28893.0
2012-01-27 13:00:00,29901.0
2012-01-27 14:00:00,29573.0
2012-01-27 15:00:00,29859.0
2012-01-27 16:00:00,30373.0
2012-01-27 17:00:00,30053.0
2012-01-27 18:00:00,31624.0
2012-01-27 19:00:00,31422.0
2012-01-27 20:00:00,31649.0
2012-01-27 21:00:00,28985.0
2012-01-27 22:00:00,28507.0
2012-01-27 23:00:00,27833.0
2012-01-28 00:00:00,20843.0
2012-01-28 01:00:00,15070.0
2012-01-28 02:00:00,14346.0
2012-01-28 03:00:00,13691.0
2012-01-28 04:00:00,14388.0
2012-01-28 05:00:00,14944.0
2012-01-28 06:00:00,15615.0
2012-01-28 07:00:00,18145.0
2012-01-28 08:00:00,19506.0
2012-01-28 09:00:00,26397.0
2012-01-28 10:00:00,26952.0
2012-01-28 11:00:00,27708.0
2012-01-28 12:00:00,28850.0
2012-01-28 13:00:00,29288.0
2012-01-28 14:00:00,29321.0
2012-01-28 15:00:00,29212.0
2012-01-28 16:00:00,29934.0
2012-01-28 17:00:00,30304.0
2012-01-28 18:00:00,31573.0
2012-01-28 19:00:00,31322.0
2012-01-28 20:00:00,31237.0
2012-01-28 21:00:00,29699.0
2012-01-28 22:00:00,27624.0
2012-01-28 23:00:00,27801.0
2012-01-29 00:00:00,21497.0
2012-01-29 01:00:00,15371.0
2012-01-29 02:00:00,14674.0
2012-01-29 03:00:00,14339.0
2012-01-29 04:00:00,14598.0
2012-01-29 05:00:00,14750.0
2012-01-29 06:00:00,15850.0
2012-01-29 07:00:00,18313.0
2012-01-29 08:00:00,19061.0
2012-01-29 09:00:00,26515.0
2012-01-29 10:00:00,27221.0
2012-01-29 11:00:00,27011.0
2012-01-29 12:00:00,27329.0
2012-01-29 13:00:00,28490.0
2012-01-29 14:00:00,28733.0
2012-01-29 15:00:00,29423.0
2012-01-29 16:00:00,29355.0
2012-01-29 17:00:00,29548.0
2012-01-29 18:00:00,30684.0
2012-01-29 19:00:00,31069.0
2012-01-29 20:00:00,30826.0
2012-01-29 21:00:00,28884.0
2012-01-29 22:00:00,27481.0
2012-01-29 23:00:00,20985.0
2012-01-30 00:00:00,15994.0
2012-01-30 01:00:00,14566.0
2012-01-30 02:00:00,14355.0
2012-01-30 03:00:00,14380.0
2012-01-30 04:00:00,14338.0
2012-01-30 05:00:00,14608.0
2012-01-30 06:00:00,16313.0
2012-01-30 07:00:00,18566.0
2012-01-30 08:00:00,19842.0
2012-01-30 09:00:00,27901.0
2012-01-30 10:00:00,28566.0
2012-01-30 11:00:00,27741.0
2012-01-30 12:00:00,28583.0
2012-01-30 13:00:00,29322.0
2012-01-30 14:00:00,29817.0
2012-01-30 15:00:00,29818.0
2012-01-30 16:00:00,30044.0
2012-01-30 17:00:00,30775.0
2012-01-30 18:00:00,30901.0
2012-01-30 19:00:00,30993.0
2012-01-30 20:00:00,30448.0
2012-01-30 21:00:00,28926.0
2012-01-30 22:00:00,27305.0
2012-01-30 23:00:00,20850.0
2012-01-31 00:00:00,15196.0
2012-01-31 01:00:00,13742.0
2012-01-31 02:00:00,13313.0
2012-01-31 03:00:00,13438.0
2012-01-31 04:00:00,13741.0
2012-01-31 05:00:00,14565.0
2012-01-31 06:00:00,15741.0
2012-01-31 07:00:00,18364.0
2012-01-31 08:00:00,19816.0
2012-01-31 09:00:00,27204.0
2012-01-31 10:00:00,28001.0
2012-01-31 11:00:00,27741.0
2012-01-31 12:00:00,28355.0
2012-01-31 13:00:00,29910.0
2012-01-31 14:00:00,29927.0
2012-01-31 15:00:00,30010.0
2012-01-31 16:00:00,30255.0
2012-01-31 17:00:00,31574.0
2012-01-31 18:00:00,31909.0
2012-01-31 19:00:00,31187.0
2012-01-31 20:00:00,31456.0
2012-01-31 21:00:00,30254.0
2012-01-31 22:00:00,28431.0
2012-01-31 23:00:00,21405.0
2012-02-01 00:00:00,16371.0
2012-02-01 01:00:00,14943.0
2012-02-01 02:00:00,14464.0
2012-02-01 03:00:00,14094.0
2012-02-01 04:00:00,15002.0
2012-02-01 05:00:00,15279.0
2012-02-01 06:00:00,16262.0
2012-02-01 07:00:00,19103.0
2012-02-01 08:00:00,20910.0
2012-02-01 09:00:00,28094.0
2012-02-01 10:00:00,28911.0
2012-02-01 11:00:00,28338.0
2012-02-01 12:00:00,29490.0
2012-02-01 13:00:00,30119.0
2012-02-01 14:00:00,30388.0
2012-02-01 15:00:00,30414.0
2012-02-01 16:00:00,30766.0
2012-02-01 17:00:00,31380.0
2012-02-01 18:00:00,31523.0
2012-02-01 19:00:00,32262.0
2012-02-01 20:00:00,31549.0
2012-02-01 21:00:00,29884.0
2012-02-01 22:00:00,28481.0
2012-02-01 23:00:00,21884.0
2012-02-02 00:00:00,16448.0
2012-02-02 01:00:00,15195.0
2012-02-02 02:00:00,15018.0
2012-02-02 03:00:00,14951.0
2012-02-02 04:00:00,15077.0
2012-02-02 05:00:00,15757.0
2012-02-02 06:00:00,18582.0
2012-02-02 07:00:00,20329.0
2012-02-02 08:00:00,20447.0
2012-02-02 09:00:00,27784.0
2012-02-02 10:00:00,28541.0
2012-02-02 11:00:00,28859.0
2012-02-02 12:00:00,29447.0
2012-02-02 13:00:00,29734.0
2012-02-02 14:00:00,29894.0
2012-02-02 15:00:00,30306.0
2012-02-02 16:00:00,30237.0
2012-02-02 17:00:00,31120.0
2012-02-02 18:00:00,31817.0
2012-02-02 19:00:00,31077.0
2012-02-02 20:00:00,30716.0
2012-02-02 21:00:00,29195.0
2012-02-02 22:00:00,27481.0
2012-02-02 23:00:00,20540.0
2012-02-03 00:00:00,15909.0
2012-02-03 01:00:00,14136.0
2012-02-03 02:00:00,12540.0
2012-02-03 03:00:00,14741.0
2012-02-03 04:00:00,14439.0
2012-02-03 05:00:00,14641.0
2012-02-03 06:00:00,16321.0
2012-02-03 07:00:00,18212.0
2012-02-03 08:00:00,18674.0
2012-02-03 09:00:00,26834.0
2012-02-03 10:00:00,29162.0
2012-02-03 11:00:00,28110.0
2012-02-03 12:00:00,28952.0
2012-02-03 13:00:00,29683.0
2012-02-03 14:00:00,29405.0
2012-02-03 15:00:00,29716.0
2012-02-03 16:00:00,30457.0
2012-02-03 17:00:00,31128.0
2012-02-03 18:00:00,31439.0
2012-02-03 19:00:00,31161.0
2012-02-03 20:00:00,31597.0
2012-02-03 21:00:00,29766.0
2012-02-03 22:00:00,28473.0
2012-02-03 23:00:00,26438.0
2012-02-04 00:00:00,19986.0
2012-02-04 01:00:00,14607.0
2012-02-04 02:00:00,14027.0
2012-02-04 03:00:00,13716.0
2012-02-04 04:00:00,13305.0
2012-02-04 05:00:00,14884.0
2012-02-04 06:00:00,16515.0
2012-02-04 07:00:00,18952.0
2012-02-04 08:00:00,19691.0
2012-02-04 09:00:00,26170.0
2012-02-04 10:00:00,25339.0
2012-02-04 11:00:00,28145.0
2012-02-04 12:00:00,28438.0
2012-02-04 13:00:00,29304.0
2012-02-04 14:00:00,29263.0
2012-02-04 15:00:00,29329.0
2012-02-04 16:00:00,29800.0
2012-02-04 17:00:00,30145.0
2012-02-04 18:00:00,31313.0
2012-02-04 19:00:00,31640.0
2012-02-04 20:00:00,31480.0
2012-02-04 21:00:00,29447.0
2012-02-04 22:00:00,28028.0
2012-02-04 23:00:00,26507.0
2012-02-05 00:00:00,19355.0
2012-02-05 01:00:00,14221.0
2012-02-05 02:00:00,13968.0
2012-02-05 03:00:00,13926.0
2012-02-05 04:00:00,14406.0
2012-02-05 05:00:00,14658.0
2012-02-05 06:00:00,15700.0
2012-02-05 07:00:00,17674.0
2012-02-05 08:00:00,18758.0
2012-02-05 09:00:00,25902.0
2012-02-05 10:00:00,26691.0
2012-02-05 11:00:00,26363.0
2012-02-05 12:00:00,27818.0
2012-02-05 13:00:00,28566.0
2012-02-05 14:00:00,28976.0
2012-02-05 15:00:00,28767.0
2012-02-05 16:00:00,29591.0
2012-02-05 17:00:00,30178.0
2012-02-05 18:00:00,30733.0
2012-02-05 19:00:00,31322.0
2012-02-05 20:00:00,31523.0
2012-02-05 21:00:00,29632.0
2012-02-05 22:00:00,28213.0
2012-02-05 23:00:00,21775.0
2012-02-06 00:00:00,16868.0
2012-02-06 01:00:00,15103.0
2012-02-06 02:00:00,14901.0
2012-02-06 03:00:00,14591.0
2012-02-06 04:00:00,15152.0
2012-02-06 05:00:00,15212.0
2012-02-06 06:00:00,16666.0
2012-02-06 07:00:00,18733.0
2012-02-06 08:00:00,20549.0
2012-02-06 09:00:00,28169.0
2012-02-06 10:00:00,28843.0
2012-02-06 11:00:00,28758.0
2012-02-06 12:00:00,29313.0
2012-02-06 13:00:00,30028.0
2012-02-06 14:00:00,29917.0
2012-02-06 15:00:00,30178.0
2012-02-06 16:00:00,30213.0
2012-02-06 17:00:00,30566.0
2012-02-06 18:00:00,31380.0
2012-02-06 19:00:00,31850.0
2012-02-06 20:00:00,31347.0
2012-02-06 21:00:00,29330.0
2012-02-06 22:00:00,28053.0
2012-02-06 23:00:00,22607.0
2012-02-07 00:00:00,18070.0
2012-02-07 01:00:00,16405.0
2012-02-07 02:00:00,15557.0
2012-02-07 03:00:00,14297.0
2012-02-07 04:00:00,15111.0
2012-02-07 05:00:00,15531.0
2012-02-07 06:00:00,17045.0
2012-02-07 07:00:00,19338.0
2012-02-07 08:00:00,20926.0
2012-02-07 09:00:00,28036.0
2012-02-07 10:00:00,28741.0
2012-02-07 11:00:00,27909.0
2012-02-07 12:00:00,28447.0
2012-02-07 13:00:00,29523.0
2012-02-07 14:00:00,29968.0
2012-02-07 15:00:00,29901.0
2012-02-07 16:00:00,30540.0
2012-02-07 17:00:00,30675.0
2012-02-07 18:00:00,31330.0
2012-02-07 19:00:00,31238.0
2012-02-07 20:00:00,30918.0
2012-02-07 21:00:00,29473.0
2012-02-07 22:00:00,28112.0
2012-02-07 23:00:00,20859.0
2012-02-08 00:00:00,15698.0
2012-02-08 01:00:00,14018.0
2012-02-08 02:00:00,13742.0
2012-02-08 03:00:00,13372.0
2012-02-08 04:00:00,14590.0
2012-02-08 05:00:00,14622.0
2012-02-08 06:00:00,16464.0
2012-02-08 07:00:00,18607.0
2012-02-08 08:00:00,20153.0
2012-02-08 09:00:00,26766.0
2012-02-08 10:00:00,27321.0
2012-02-08 11:00:00,26758.0
2012-02-08 12:00:00,28347.0
2012-02-08 13:00:00,28398.0
2012-02-08 14:00:00,28338.0
2012-02-08 15:00:00,29170.0
2012-02-08 16:00:00,29060.0
2012-02-08 17:00:00,30431.0
2012-02-08 18:00:00,30532.0
2012-02-08 19:00:00,30464.0
2012-02-08 20:00:00,30371.0
2012-02-08 21:00:00,28775.0
2012-02-08 22:00:00,27338.0
2012-02-08 23:00:00,21472.0
2012-02-09 00:00:00,16397.0
2012-02-09 01:00:00,14615.0
2012-02-09 02:00:00,13774.0
2012-02-09 03:00:00,13296.0
2012-02-09 04:00:00,14422.0
2012-02-09 05:00:00,14725.0
2012-02-09 06:00:00,16228.0
2012-02-09 07:00:00,18591.0
2012-02-09 08:00:00,19842.0
2012-02-09 09:00:00,27094.0
2012-02-09 10:00:00,27766.0
2012-02-09 11:00:00,27523.0
2012-02-09 12:00:00,27061.0
2012-02-09 13:00:00,28036.0
2012-02-09 14:00:00,28069.0
2012-02-09 15:00:00,27775.0
2012-02-09 16:00:00,28506.0
2012-02-09 17:00:00,28356.0
2012-02-09 18:00:00,30271.0
2012-02-09 19:00:00,31421.0
2012-02-09 20:00:00,30800.0
2012-02-09 21:00:00,28976.0
2012-02-09 22:00:00,27524.0
2012-02-09 23:00:00,20464.0
2012-02-10 00:00:00,15549.0
2012-02-10 01:00:00,14322.0
2012-02-10 02:00:00,13682.0
2012-02-10 03:00:00,13297.0
2012-02-10 04:00:00,14330.0
2012-02-10 05:00:00,14229.0
2012-02-10 06:00:00,16691.0
2012-02-10 07:00:00,19322.0
2012-02-10 08:00:00,21440.0
2012-02-10 09:00:00,28767.0
2012-02-10 10:00:00,28547.0
2012-02-10 11:00:00,27649.0
2012-02-10 12:00:00,28330.0
2012-02-10 13:00:00,29229.0
2012-02-10 14:00:00,29834.0
2012-02-10 15:00:00,29657.0
2012-02-10 16:00:00,30363.0
2012-02-10 17:00:00,31144.0
2012-02-10 18:00:00,31481.0
2012-02-10 19:00:00,31145.0
2012-02-10 20:00:00,31473.0
2012-02-10 21:00:00,29817.0
2012-02-10 22:00:00,27834.0
2012-02-10 23:00:00,27817.0
2012-02-11 00:00:00,21044.0
2012-02-11 01:00:00,15423.0
2012-02-11 02:00:00,14961.0
2012-02-11 03:00:00,14541.0
2012-02-11 04:00:00,15489.0
2012-02-11 05:00:00,15531.0
2012-02-11 06:00:00,17439.0
2012-02-11 07:00:00,20102.0
2012-02-11 08:00:00,21254.0
2012-02-11 09:00:00,26994.0
2012-02-11 10:00:00,27657.0
2012-02-11 11:00:00,27590.0
2012-02-11 12:00:00,29137.0
2012-02-11 13:00:00,29960.0
2012-02-11 14:00:00,29523.0
2012-02-11 15:00:00,29666.0
2012-02-11 16:00:00,30532.0
2012-02-11 17:00:00,30707.0
2012-02-11 18:00:00,30994.0
2012-02-11 19:00:00,31296.0
2012-02-11 20:00:00,31599.0
2012-02-11 21:00:00,29061.0
2012-02-11 22:00:00,27574.0
2012-02-11 23:00:00,27288.0
2012-02-12 00:00:00,20708.0
2012-02-12 01:00:00,15254.0
2012-02-12 02:00:00,14213.0
2012-02-12 03:00:00,14179.0
2012-02-12 04:00:00,14549.0
2012-02-12 05:00:00,14599.0
2012-02-12 06:00:00,16657.0
2012-02-12 07:00:00,17128.0
2012-02-12 08:00:00,21094.0
2012-02-12 09:00:00,27439.0
2012-02-12 10:00:00,26346.0
2012-02-12 11:00:00,26809.0
2012-02-12 12:00:00,27631.0
2012-02-12 13:00:00,28456.0
2012-02-12 14:00:00,30473.0
2012-02-12 15:00:00,28800.0
2012-02-12 16:00:00,28447.0
2012-02-12 17:00:00,29607.0
2012-02-12 18:00:00,30700.0
2012-02-12 19:00:00,30423.0
2012-02-12 20:00:00,30044.0
2012-02-12 21:00:00,28726.0
2012-02-12 22:00:00,27623.0
2012-02-12 23:00:00,21414.0
2012-02-13 00:00:00,16356.0
2012-02-13 01:00:00,14211.0
2012-02-13 02:00:00,14691.0
2012-02-13 03:00:00,14011.0
2012-02-13 04:00:00,14557.0
2012-02-13 05:00:00,14557.0
2012-02-13 06:00:00,16816.0
2012-02-13 07:00:00,18305.0
2012-02-13 08:00:00,20178.0
2012-02-13 09:00:00,26632.0
2012-02-13 10:00:00,28472.0
2012-02-13 11:00:00,27565.0
2012-02-13 12:00:00,28490.0
2012-02-13 13:00:00,29775.0
2012-02-13 14:00:00,29237.0
2012-02-13 15:00:00,29657.0
2012-02-13 16:00:00,30279.0
2012-02-13 17:00:00,30919.0
2012-02-13 18:00:00,31045.0
2012-02-13 19:00:00,30810.0
2012-02-13 20:00:00,30885.0
2012-02-13 21:00:00,29094.0
2012-02-13 22:00:00,27833.0
2012-02-13 23:00:00,21220.0
2012-02-14 00:00:00,16288.0
2012-02-14 01:00:00,15255.0
2012-02-14 02:00:00,14943.0
2012-02-14 03:00:00,14355.0
2012-02-14 04:00:00,14927.0
2012-02-14 05:00:00,15321.0
2012-02-14 06:00:00,17170.0
2012-02-14 07:00:00,18724.0
2012-02-14 08:00:00,20674.0
2012-02-14 09:00:00,27817.0
2012-02-14 10:00:00,29531.0
2012-02-14 11:00:00,28002.0
2012-02-14 12:00:00,28608.0
2012-02-14 13:00:00,29128.0
2012-02-14 14:00:00,29849.0
2012-02-14 15:00:00,29607.0
2012-02-14 16:00:00,29666.0
2012-02-14 17:00:00,30238.0
2012-02-14 18:00:00,30767.0
2012-02-14 19:00:00,30624.0
2012-02-14 20:00:00,30321.0
2012-02-14 21:00:00,29229.0
2012-02-14 22:00:00,27783.0
2012-02-14 23:00:00,21825.0
2012-02-15 00:00:00,16901.0
2012-02-15 01:00:00,15607.0
2012-02-15 02:00:00,14969.0
2012-02-15 03:00:00,14607.0
2012-02-15 04:00:00,15262.0
2012-02-15 05:00:00,15893.0
2012-02-15 06:00:00,17313.0
2012-02-15 07:00:00,18692.0
2012-02-15 08:00:00,20783.0
2012-02-15 09:00:00,27691.0
2012-02-15 10:00:00,27557.0
2012-02-15 11:00:00,27355.0
2012-02-15 12:00:00,29204.0
2012-02-15 13:00:00,29809.0
2012-02-15 14:00:00,29665.0
2012-02-15 15:00:00,29918.0
2012-02-15 16:00:00,30170.0
2012-02-15 17:00:00,30759.0
2012-02-15 18:00:00,31657.0
2012-02-15 19:00:00,31439.0
2012-02-15 20:00:00,30935.0
2012-02-15 21:00:00,29271.0
2012-02-15 22:00:00,28348.0
2012-02-15 23:00:00,21784.0
2012-02-16 00:00:00,16598.0
2012-02-16 01:00:00,14917.0
2012-02-16 02:00:00,14650.0
2012-02-16 03:00:00,14238.0
2012-02-16 04:00:00,14279.0
2012-02-16 05:00:00,15876.0
2012-02-16 06:00:00,16741.0
2012-02-16 07:00:00,19616.0
2012-02-16 08:00:00,21035.0
2012-02-16 09:00:00,28213.0
2012-02-16 10:00:00,27145.0
2012-02-16 11:00:00,29640.0
2012-02-16 12:00:00,30086.0
2012-02-16 13:00:00,30422.0
2012-02-16 14:00:00,30624.0
2012-02-16 15:00:00,30784.0
2012-02-16 16:00:00,30775.0
2012-02-16 17:00:00,30801.0
2012-02-16 18:00:00,31129.0
2012-02-16 19:00:00,31346.0
2012-02-16 20:00:00,31388.0
2012-02-16 21:00:00,29564.0
2012-02-16 22:00:00,28002.0
2012-02-16 23:00:00,21758.0
2012-02-17 00:00:00,16455.0
2012-02-17 01:00:00,14860.0
2012-02-17 02:00:00,14800.0
2012-02-17 03:00:00,14557.0
2012-02-17 04:00:00,14683.0
2012-02-17 05:00:00,15271.0
2012-02-17 06:00:00,17153.0
2012-02-17 07:00:00,18960.0
2012-02-17 08:00:00,20254.0
2012-02-17 09:00:00,27179.0
2012-02-17 10:00:00,28154.0
2012-02-17 11:00:00,27658.0
2012-02-17 12:00:00,28490.0
2012-02-17 13:00:00,28892.0
2012-02-17 14:00:00,29447.0
2012-02-17 15:00:00,30010.0
2012-02-17 16:00:00,30314.0
2012-02-17 17:00:00,30960.0
2012-02-17 18:00:00,31465.0
2012-02-17 19:00:00,31498.0
2012-02-17 20:00:00,31784.0
2012-02-17 21:00:00,29792.0
2012-02-17 22:00:00,28389.0
2012-02-17 23:00:00,28195.0
2012-02-18 00:00:00,21565.0
2012-02-18 01:00:00,15691.0
2012-02-18 02:00:00,15187.0
2012-02-18 03:00:00,14943.0
2012-02-18 04:00:00,15078.0
2012-02-18 05:00:00,15153.0
2012-02-18 06:00:00,17178.0
2012-02-18 07:00:00,19304.0
2012-02-18 08:00:00,20901.0
2012-02-18 09:00:00,26858.0
2012-02-18 10:00:00,27237.0
2012-02-18 11:00:00,27658.0
2012-02-18 12:00:00,28691.0
2012-02-18 13:00:00,28599.0
2012-02-18 14:00:00,28960.0
2012-02-18 15:00:00,29674.0
2012-02-18 16:00:00,29472.0
2012-02-18 17:00:00,30541.0
2012-02-18 18:00:00,31632.0
2012-02-18 19:00:00,31069.0
2012-02-18 20:00:00,30271.0
2012-02-18 21:00:00,28859.0
2012-02-18 22:00:00,28043.0
2012-02-18 23:00:00,27683.0
2012-02-19 00:00:00,21288.0
2012-02-19 01:00:00,15204.0
2012-02-19 02:00:00,14356.0
2012-02-19 03:00:00,14464.0
2012-02-19 04:00:00,14700.0
2012-02-19 05:00:00,14608.0
2012-02-19 06:00:00,16069.0
2012-02-19 07:00:00,17170.0
2012-02-19 08:00:00,19591.0
2012-02-19 09:00:00,26246.0
2012-02-19 10:00:00,26061.0
2012-02-19 11:00:00,26044.0
2012-02-19 12:00:00,26943.0
2012-02-19 13:00:00,28002.0
2012-02-19 14:00:00,28238.0
2012-02-19 15:00:00,27884.0
2012-02-19 16:00:00,28455.0
2012-02-19 17:00:00,29220.0
2012-02-19 18:00:00,30969.0
2012-02-19 19:00:00,31020.0
2012-02-19 20:00:00,29447.0
2012-02-19 21:00:00,28220.0
2012-02-19 22:00:00,26994.0
2012-02-19 23:00:00,20935.0
2012-02-20 00:00:00,15808.0
2012-02-20 01:00:00,14583.0
2012-02-20 02:00:00,14430.0
2012-02-20 03:00:00,13900.0
2012-02-20 04:00:00,14003.0
2012-02-20 05:00:00,13338.0
2012-02-20 06:00:00,17490.0
2012-02-20 07:00:00,17860.0
2012-02-20 08:00:00,19321.0
2012-02-20 09:00:00,25859.0
2012-02-20 10:00:00,26095.0
2012-02-20 11:00:00,27606.0
2012-02-20 12:00:00,30153.0
2012-02-20 13:00:00,32170.0
2012-02-20 14:00:00,31380.0
2012-02-20 15:00:00,31482.0
2012-02-20 16:00:00,32169.0
2012-02-20 17:00:00,32019.0
2012-02-20 18:00:00,32658.0
2012-02-20 19:00:00,32657.0
2012-02-20 20:00:00,32978.0
2012-02-20 21:00:00,30438.0
2012-02-20 22:00:00,28582.0
2012-02-20 23:00:00,22782.0
2012-02-21 00:00:00,17541.0
2012-02-21 01:00:00,15767.0
2012-02-21 02:00:00,15724.0
2012-02-21 03:00:00,15018.0
2012-02-21 04:00:00,15858.0
2012-02-21 05:00:00,16044.0
2012-02-21 06:00:00,17356.0
2012-02-21 07:00:00,19413.0
2012-02-21 08:00:00,20775.0
2012-02-21 09:00:00,27035.0
2012-02-21 10:00:00,27934.0
2012-02-21 11:00:00,27591.0
2012-02-21 12:00:00,29759.0
2012-02-21 13:00:00,30717.0
2012-02-21 14:00:00,30196.0
2012-02-21 15:00:00,30591.0
2012-02-21 16:00:00,30658.0
2012-02-21 17:00:00,30457.0
2012-02-21 18:00:00,31398.0
2012-02-21 19:00:00,31851.0
2012-02-21 20:00:00,32381.0
2012-02-21 21:00:00,30279.0
2012-02-21 22:00:00,28524.0
2012-02-21 23:00:00,22026.0
2012-02-22 00:00:00,17203.0
2012-02-22 01:00:00,15682.0
2012-02-22 02:00:00,15027.0
2012-02-22 03:00:00,14935.0
2012-02-22 04:00:00,15564.0
2012-02-22 05:00:00,15574.0
2012-02-22 06:00:00,17657.0
2012-02-22 07:00:00,19835.0
2012-02-22 08:00:00,21598.0
2012-02-22 09:00:00,28187.0
2012-02-22 10:00:00,28784.0
2012-02-22 11:00:00,28414.0
2012-02-22 12:00:00,30002.0
2012-02-22 13:00:00,31238.0
2012-02-22 14:00:00,31305.0
2012-02-22 15:00:00,31431.0
2012-02-22 16:00:00,31146.0
2012-02-22 17:00:00,32288.0
2012-02-22 18:00:00,32405.0
2012-02-22 19:00:00,32557.0
2012-02-22 20:00:00,32288.0
2012-02-22 21:00:00,30128.0
2012-02-22 22:00:00,28103.0
2012-02-22 23:00:00,22960.0
2012-02-23 00:00:00,17650.0
2012-02-23 01:00:00,15599.0
2012-02-23 02:00:00,15245.0
2012-02-23 03:00:00,14918.0
2012-02-23 04:00:00,15254.0
2012-02-23 05:00:00,15304.0
2012-02-23 06:00:00,16834.0
2012-02-23 07:00:00,19397.0
2012-02-23 08:00:00,20364.0
2012-02-23 09:00:00,27623.0
2012-02-23 10:00:00,29405.0
2012-02-23 11:00:00,29540.0
2012-02-23 12:00:00,29909.0
2012-02-23 13:00:00,30103.0
2012-02-23 14:00:00,30581.0
2012-02-23 15:00:00,29556.0
2012-02-23 16:00:00,29002.0
2012-02-23 17:00:00,29388.0
2012-02-23 18:00:00,29675.0
2012-02-23 19:00:00,29867.0
2012-02-23 20:00:00,29363.0
2012-02-23 21:00:00,28850.0
2012-02-23 22:00:00,27372.0
2012-02-23 23:00:00,21372.0
2012-02-24 00:00:00,16228.0
2012-02-24 01:00:00,14539.0
2012-02-24 02:00:00,14129.0
2012-02-24 03:00:00,13884.0
2012-02-24 04:00:00,14313.0
2012-02-24 05:00:00,14901.0
2012-02-24 06:00:00,16330.0
2012-02-24 07:00:00,16968.0
2012-02-24 08:00:00,18397.0
2012-02-24 09:00:00,26061.0
2012-02-24 10:00:00,28624.0
2012-02-24 11:00:00,30179.0
2012-02-24 12:00:00,30389.0
2012-02-24 13:00:00,30103.0
2012-02-24 14:00:00,29296.0
2012-02-24 15:00:00,29271.0
2012-02-24 16:00:00,30027.0
2012-02-24 17:00:00,30205.0
2012-02-24 18:00:00,30464.0
2012-02-24 19:00:00,30691.0
2012-02-24 20:00:00,30405.0
2012-02-24 21:00:00,29532.0
2012-02-24 22:00:00,27793.0
2012-02-24 23:00:00,27708.0
2012-02-25 00:00:00,21253.0
2012-02-25 01:00:00,15632.0
2012-02-25 02:00:00,14808.0
2012-02-25 03:00:00,14624.0
2012-02-25 04:00:00,15120.0
2012-02-25 05:00:00,15305.0
2012-02-25 06:00:00,16539.0
2012-02-25 07:00:00,17036.0
2012-02-25 08:00:00,18942.0
2012-02-25 09:00:00,25817.0
2012-02-25 10:00:00,27565.0
2012-02-25 11:00:00,27388.0
2012-02-25 12:00:00,27876.0
2012-02-25 13:00:00,27810.0
2012-02-25 14:00:00,27313.0
2012-02-25 15:00:00,27817.0
2012-02-25 16:00:00,28540.0
2012-02-25 17:00:00,29372.0
2012-02-25 18:00:00,29557.0
2012-02-25 19:00:00,30514.0
2012-02-25 20:00:00,29859.0
2012-02-25 21:00:00,29615.0
2012-02-25 22:00:00,28649.0
2012-02-25 23:00:00,27674.0
2012-02-26 00:00:00,21791.0
2012-02-26 01:00:00,15944.0
2012-02-26 02:00:00,14523.0
2012-02-26 03:00:00,14524.0
2012-02-26 04:00:00,14951.0
2012-02-26 05:00:00,15043.0
2012-02-26 06:00:00,16178.0
2012-02-26 07:00:00,17220.0
2012-02-26 08:00:00,18421.0
2012-02-26 09:00:00,25875.0
2012-02-26 10:00:00,26986.0
2012-02-26 11:00:00,26969.0
2012-02-26 12:00:00,26960.0
2012-02-26 13:00:00,27237.0
2012-02-26 14:00:00,27195.0
2012-02-26 15:00:00,26859.0
2012-02-26 16:00:00,27724.0
2012-02-26 17:00:00,28423.0
2012-02-26 18:00:00,28514.0
2012-02-26 19:00:00,29531.0
2012-02-26 20:00:00,29481.0
2012-02-26 21:00:00,29405.0
2012-02-26 22:00:00,27893.0
2012-02-26 23:00:00,21767.0
2012-02-27 00:00:00,16456.0
2012-02-27 01:00:00,14692.0
2012-02-27 02:00:00,14440.0
2012-02-27 03:00:00,13868.0
2012-02-27 04:00:00,14758.0
2012-02-27 05:00:00,14574.0
2012-02-27 06:00:00,16472.0
2012-02-27 07:00:00,17582.0
2012-02-27 08:00:00,18700.0
2012-02-27 09:00:00,26204.0
2012-02-27 10:00:00,28028.0
2012-02-27 11:00:00,28548.0
2012-02-27 12:00:00,28699.0
2012-02-27 13:00:00,28229.0
2012-02-27 14:00:00,28641.0
2012-02-27 15:00:00,28901.0
2012-02-27 16:00:00,29902.0
2012-02-27 17:00:00,30162.0
2012-02-27 18:00:00,30623.0
2012-02-27 19:00:00,30969.0
2012-02-27 20:00:00,30523.0
2012-02-27 21:00:00,29423.0
2012-02-27 22:00:00,28480.0
2012-02-27 23:00:00,22499.0
2012-02-28 00:00:00,16993.0
2012-02-28 01:00:00,15229.0
2012-02-28 02:00:00,15044.0
2012-02-28 03:00:00,14732.0
2012-02-28 04:00:00,15204.0
2012-02-28 05:00:00,15254.0
2012-02-28 06:00:00,17019.0
2012-02-28 07:00:00,18069.0
2012-02-28 08:00:00,19598.0
2012-02-28 09:00:00,27288.0
2012-02-28 10:00:00,28800.0
2012-02-28 11:00:00,28355.0
2012-02-28 12:00:00,28212.0
2012-02-28 13:00:00,28228.0
2012-02-28 14:00:00,28876.0
2012-02-28 15:00:00,29582.0
2012-02-28 16:00:00,29826.0
2012-02-28 17:00:00,30321.0
2012-02-28 18:00:00,30205.0
2012-02-28 19:00:00,30574.0
2012-02-28 20:00:00,29834.0
2012-02-28 21:00:00,28927.0
2012-02-28 22:00:00,27884.0
2012-02-28 23:00:00,21389.0
2012-02-29 00:00:00,16053.0
2012-02-29 01:00:00,14607.0
2012-02-29 02:00:00,14313.0
2012-02-29 03:00:00,13758.0
2012-02-29 04:00:00,14582.0
2012-02-29 05:00:00,14439.0
2012-02-29 06:00:00,16136.0
2012-02-29 07:00:00,17212.0
2012-02-29 08:00:00,18918.0
2012-02-29 09:00:00,26633.0
2012-02-29 10:00:00,28095.0
2012-02-29 11:00:00,28455.0
2012-02-29 12:00:00,28682.0
2012-02-29 13:00:00,28666.0
2012-02-29 14:00:00,29253.0
2012-02-29 15:00:00,29237.0
2012-02-29 16:00:00,29397.0
2012-02-29 17:00:00,29993.0
2012-02-29 18:00:00,29641.0
2012-02-29 19:00:00,30263.0
2012-02-29 20:00:00,30061.0
2012-02-29 21:00:00,28659.0
2012-02-29 22:00:00,27137.0
2012-02-29 23:00:00,21178.0
2012-03-01 00:00:00,15917.0
2012-03-01 01:00:00,14373.0
2012-03-01 02:00:00,14111.0
2012-03-01 03:00:00,14086.0
2012-03-01 04:00:00,14390.0
2012-03-01 05:00:00,15221.0
2012-03-01 06:00:00,16456.0
2012-03-01 07:00:00,17397.0
2012-03-01 08:00:00,19179.0
2012-03-01 09:00:00,26590.0
2012-03-01 10:00:00,28363.0
2012-03-01 11:00:00,28296.0
2012-03-01 12:00:00,28204.0
2012-03-01 13:00:00,28910.0
2012-03-01 14:00:00,28338.0
2012-03-01 15:00:00,28464.0
2012-03-01 16:00:00,29405.0
2012-03-01 17:00:00,29775.0
2012-03-01 18:00:00,30018.0
2012-03-01 19:00:00,30119.0
2012-03-01 20:00:00,30179.0
2012-03-01 21:00:00,29170.0
2012-03-01 22:00:00,28473.0
2012-03-01 23:00:00,21834.0
2012-03-02 00:00:00,16212.0
2012-03-02 01:00:00,14590.0
2012-03-02 02:00:00,14297.0
2012-03-02 03:00:00,13842.0
2012-03-02 04:00:00,14574.0
2012-03-02 05:00:00,14522.0
2012-03-02 06:00:00,16590.0
2012-03-02 07:00:00,17691.0
2012-03-02 08:00:00,19497.0
2012-03-02 09:00:00,26868.0
2012-03-02 10:00:00,28800.0
2012-03-02 11:00:00,28507.0
2012-03-02 12:00:00,28472.0
2012-03-02 13:00:00,28675.0
2012-03-02 14:00:00,28581.0
2012-03-02 15:00:00,28793.0
2012-03-02 16:00:00,29171.0
2012-03-02 17:00:00,30135.0
2012-03-02 18:00:00,30834.0
2012-03-02 19:00:00,30715.0
2012-03-02 20:00:00,30321.0
2012-03-02 21:00:00,29178.0
2012-03-02 22:00:00,28532.0
2012-03-02 23:00:00,28329.0
2012-03-03 00:00:00,21438.0
2012-03-03 01:00:00,15389.0
2012-03-03 02:00:00,14574.0
2012-03-03 03:00:00,14381.0
2012-03-03 04:00:00,14683.0
2012-03-03 05:00:00,14968.0
2012-03-03 06:00:00,16431.0
2012-03-03 07:00:00,18195.0
2012-03-03 08:00:00,19153.0
2012-03-03 09:00:00,26498.0
2012-03-03 10:00:00,27791.0
2012-03-03 11:00:00,28457.0
2012-03-03 12:00:00,28515.0
2012-03-03 13:00:00,28808.0
2012-03-03 14:00:00,28439.0
2012-03-03 15:00:00,28422.0
2012-03-03 16:00:00,28893.0
2012-03-03 17:00:00,29682.0
2012-03-03 18:00:00,30540.0
2012-03-03 19:00:00,31313.0
2012-03-03 20:00:00,31119.0
2012-03-03 21:00:00,29733.0
2012-03-03 22:00:00,28515.0
2012-03-03 23:00:00,28070.0
2012-03-04 00:00:00,22171.0
2012-03-04 01:00:00,16002.0
2012-03-04 02:00:00,15128.0
2012-03-04 03:00:00,14977.0
2012-03-04 04:00:00,15204.0
2012-03-04 05:00:00,15388.0
2012-03-04 06:00:00,16741.0
2012-03-04 07:00:00,18018.0
2012-03-04 08:00:00,19859.0
2012-03-04 09:00:00,26464.0
2012-03-04 10:00:00,27632.0
2012-03-04 11:00:00,28322.0
2012-03-04 12:00:00,27742.0
2012-03-04 13:00:00,27330.0
2012-03-04 14:00:00,27362.0
2012-03-04 15:00:00,27732.0
2012-03-04 16:00:00,27758.0
2012-03-04 17:00:00,28212.0
2012-03-04 18:00:00,28885.0
2012-03-04 19:00:00,29044.0
2012-03-04 20:00:00,29355.0
2012-03-04 21:00:00,28835.0
2012-03-04 22:00:00,27851.0
2012-03-04 23:00:00,21389.0
2012-03-05 00:00:00,16145.0
2012-03-05 01:00:00,14732.0
2012-03-05 02:00:00,14313.0
2012-03-05 03:00:00,13742.0
2012-03-05 04:00:00,14422.0
2012-03-05 05:00:00,14699.0
2012-03-05 06:00:00,16766.0
2012-03-05 07:00:00,16943.0
2012-03-05 08:00:00,18657.0
2012-03-05 09:00:00,25843.0
2012-03-05 10:00:00,27162.0
2012-03-05 11:00:00,27178.0
2012-03-05 12:00:00,27127.0
2012-03-05 13:00:00,28220.0
2012-03-05 14:00:00,27305.0
2012-03-05 15:00:00,27792.0
2012-03-05 16:00:00,28330.0
2012-03-05 17:00:00,28910.0
2012-03-05 18:00:00,28851.0
2012-03-05 19:00:00,29523.0
2012-03-05 20:00:00,29876.0
2012-03-05 21:00:00,28683.0
2012-03-05 22:00:00,27859.0
2012-03-05 23:00:00,21513.0
2012-03-06 00:00:00,15876.0
2012-03-06 01:00:00,14204.0
2012-03-06 02:00:00,14144.0
2012-03-06 03:00:00,13960.0
2012-03-06 04:00:00,14331.0
2012-03-06 05:00:00,14430.0
2012-03-06 06:00:00,16347.0
2012-03-06 07:00:00,17228.0
2012-03-06 08:00:00,19145.0
2012-03-06 09:00:00,26305.0
2012-03-06 10:00:00,27783.0
2012-03-06 11:00:00,27741.0
2012-03-06 12:00:00,27775.0
2012-03-06 13:00:00,28330.0
2012-03-06 14:00:00,28574.0
2012-03-06 15:00:00,28926.0
2012-03-06 16:00:00,29237.0
2012-03-06 17:00:00,29429.0
2012-03-06 18:00:00,28825.0
2012-03-06 19:00:00,29717.0
2012-03-06 20:00:00,28969.0
2012-03-06 21:00:00,28649.0
2012-03-06 22:00:00,27540.0
2012-03-06 23:00:00,21447.0
2012-03-07 00:00:00,16153.0
2012-03-07 01:00:00,14414.0
2012-03-07 02:00:00,14355.0
2012-03-07 03:00:00,13977.0
2012-03-07 04:00:00,14304.0
2012-03-07 05:00:00,14842.0
2012-03-07 06:00:00,16464.0
2012-03-07 07:00:00,17581.0
2012-03-07 08:00:00,19296.0
2012-03-07 09:00:00,26178.0
2012-03-07 10:00:00,27885.0
2012-03-07 11:00:00,28229.0
2012-03-07 12:00:00,28347.0
2012-03-07 13:00:00,27884.0
2012-03-07 14:00:00,28179.0
2012-03-07 15:00:00,28792.0
2012-03-07 16:00:00,29120.0
2012-03-07 17:00:00,30229.0
2012-03-07 18:00:00,29473.0
2012-03-07 19:00:00,30288.0
2012-03-07 20:00:00,29977.0
2012-03-07 21:00:00,29322.0
2012-03-07 22:00:00,28355.0
2012-03-07 23:00:00,22322.0
2012-03-08 00:00:00,16624.0
2012-03-08 01:00:00,15213.0
2012-03-08 02:00:00,15060.0
2012-03-08 03:00:00,14532.0
2012-03-08 04:00:00,14868.0
2012-03-08 05:00:00,15288.0
2012-03-08 06:00:00,16480.0
2012-03-08 07:00:00,17380.0
2012-03-08 08:00:00,19540.0
2012-03-08 09:00:00,26213.0
2012-03-08 10:00:00,27851.0
2012-03-08 11:00:00,28085.0
2012-03-08 12:00:00,28145.0
2012-03-08 13:00:00,28616.0
2012-03-08 14:00:00,29203.0
2012-03-08 15:00:00,29557.0
2012-03-08 16:00:00,29582.0
2012-03-08 17:00:00,30565.0
2012-03-08 18:00:00,30548.0
2012-03-08 19:00:00,30944.0
2012-03-08 20:00:00,30498.0
2012-03-08 21:00:00,29767.0
2012-03-08 22:00:00,28372.0
2012-03-08 23:00:00,22422.0
2012-03-09 00:00:00,16330.0
2012-03-09 01:00:00,16749.0
2012-03-09 02:00:00,14699.0
2012-03-09 03:00:00,14212.0
2012-03-09 04:00:00,14708.0
2012-03-09 05:00:00,14801.0
2012-03-09 06:00:00,16523.0
2012-03-09 07:00:00,18398.0
2012-03-09 08:00:00,19749.0
2012-03-09 09:00:00,26094.0
2012-03-09 10:00:00,27892.0
2012-03-09 11:00:00,27665.0
2012-03-09 12:00:00,28136.0
2012-03-09 13:00:00,29816.0
2012-03-09 14:00:00,29894.0
2012-03-09 15:00:00,30103.0
2012-03-09 16:00:00,30296.0
2012-03-09 17:00:00,31078.0
2012-03-09 18:00:00,30732.0
2012-03-09 19:00:00,31850.0
2012-03-09 20:00:00,31590.0
2012-03-09 21:00:00,30212.0
2012-03-09 22:00:00,29246.0
2012-03-09 23:00:00,28615.0
2012-03-10 00:00:00,22002.0
2012-03-10 01:00:00,16632.0
2012-03-10 02:00:00,14978.0
2012-03-10 03:00:00,14464.0
2012-03-10 04:00:00,14951.0
2012-03-10 05:00:00,14985.0
2012-03-10 06:00:00,16993.0
2012-03-10 07:00:00,18086.0
2012-03-10 08:00:00,19649.0
2012-03-10 09:00:00,26137.0
2012-03-10 10:00:00,27263.0
2012-03-10 11:00:00,27406.0
2012-03-10 12:00:00,28203.0
2012-03-10 13:00:00,29035.0
2012-03-10 14:00:00,29179.0
2012-03-10 15:00:00,29053.0
2012-03-10 16:00:00,29616.0
2012-03-10 17:00:00,29875.0
2012-03-10 18:00:00,30456.0
2012-03-10 19:00:00,30792.0
2012-03-10 20:00:00,31255.0
2012-03-10 21:00:00,29834.0
2012-03-10 22:00:00,28995.0
2012-03-10 23:00:00,27851.0
2012-03-11 00:00:00,20758.0
2012-03-11 01:00:00,17027.0
2012-03-11 02:00:00,14699.0
2012-03-11 03:00:00,14817.0
2012-03-11 04:00:00,14733.0
2012-03-11 05:00:00,14850.0
2012-03-11 06:00:00,16313.0
2012-03-11 07:00:00,17632.0
2012-03-11 08:00:00,18708.0
2012-03-11 09:00:00,25683.0
2012-03-11 10:00:00,27388.0
2012-03-11 11:00:00,26700.0
2012-03-11 12:00:00,27053.0
2012-03-11 13:00:00,28775.0
2012-03-11 14:00:00,28935.0
2012-03-11 15:00:00,28094.0
2012-03-11 16:00:00,28716.0
2012-03-11 17:00:00,29708.0
2012-03-11 18:00:00,29287.0
2012-03-11 19:00:00,31019.0
2012-03-11 20:00:00,30910.0
2012-03-11 21:00:00,29959.0
2012-03-11 22:00:00,28666.0
2012-03-11 23:00:00,22893.0
2012-03-12 00:00:00,17826.0
2012-03-12 01:00:00,15935.0
2012-03-12 02:00:00,14707.0
2012-03-12 03:00:00,14002.0
2012-03-12 04:00:00,14750.0
2012-03-12 05:00:00,14876.0
2012-03-12 06:00:00,17086.0
2012-03-12 07:00:00,17691.0
2012-03-12 08:00:00,19658.0
2012-03-12 09:00:00,26926.0
2012-03-12 10:00:00,27977.0
2012-03-12 11:00:00,28086.0
2012-03-12 12:00:00,28843.0
2012-03-12 13:00:00,29178.0
2012-03-12 14:00:00,29263.0
2012-03-12 15:00:00,29161.0
2012-03-12 16:00:00,29867.0
2012-03-12 17:00:00,29741.0
2012-03-12 18:00:00,30322.0
2012-03-12 19:00:00,30447.0
2012-03-12 20:00:00,30674.0
2012-03-12 21:00:00,29464.0
2012-03-12 22:00:00,28280.0
2012-03-12 23:00:00,21497.0
2012-03-13 00:00:00,15540.0
2012-03-13 01:00:00,16287.0
2012-03-13 02:00:00,14372.0
2012-03-13 03:00:00,13943.0
2012-03-13 04:00:00,14674.0
2012-03-13 05:00:00,14742.0
2012-03-13 06:00:00,16001.0
2012-03-13 07:00:00,17951.0
2012-03-13 08:00:00,19388.0
2012-03-13 09:00:00,26422.0
2012-03-13 10:00:00,27079.0
2012-03-13 11:00:00,27120.0
2012-03-13 12:00:00,27363.0
2012-03-13 13:00:00,28606.0
2012-03-13 14:00:00,28598.0
2012-03-13 15:00:00,28682.0
2012-03-13 16:00:00,29279.0
2012-03-13 17:00:00,29859.0
2012-03-13 18:00:00,29136.0
2012-03-13 19:00:00,30262.0
2012-03-13 20:00:00,30599.0
2012-03-13 21:00:00,29162.0
2012-03-13 22:00:00,27943.0
2012-03-13 23:00:00,21834.0
2012-03-14 00:00:00,16902.0
2012-03-14 01:00:00,15566.0
2012-03-14 02:00:00,14591.0
2012-03-14 03:00:00,14179.0
2012-03-14 04:00:00,14700.0
2012-03-14 05:00:00,15128.0
2012-03-14 06:00:00,16834.0
2012-03-14 07:00:00,17598.0
2012-03-14 08:00:00,19674.0
2012-03-14 09:00:00,26238.0
2012-03-14 10:00:00,27237.0
2012-03-14 11:00:00,27826.0
2012-03-14 12:00:00,28531.0
2012-03-14 13:00:00,28615.0
2012-03-14 14:00:00,29539.0
2012-03-14 15:00:00,29573.0
2012-03-14 16:00:00,30120.0
2012-03-14 17:00:00,30313.0
2012-03-14 18:00:00,30229.0
2012-03-14 19:00:00,30371.0
2012-03-14 20:00:00,30657.0
2012-03-14 21:00:00,30001.0
2012-03-14 22:00:00,28430.0
2012-03-14 23:00:00,22347.0
2012-03-15 00:00:00,15817.0
2012-03-15 01:00:00,16826.0
2012-03-15 02:00:00,14994.0
2012-03-15 03:00:00,15044.0
2012-03-15 04:00:00,15043.0
2012-03-15 05:00:00,15935.0
2012-03-15 06:00:00,17087.0
2012-03-15 07:00:00,19565.0
2012-03-15 08:00:00,20480.0
2012-03-15 09:00:00,28019.0
2012-03-15 10:00:00,28472.0
2012-03-15 11:00:00,27607.0
2012-03-15 12:00:00,27842.0
2012-03-15 13:00:00,29431.0
2012-03-15 14:00:00,28658.0
2012-03-15 15:00:00,29237.0
2012-03-15 16:00:00,29599.0
2012-03-15 17:00:00,30986.0
2012-03-15 18:00:00,29961.0
2012-03-15 19:00:00,31271.0
2012-03-15 20:00:00,31187.0
2012-03-15 21:00:00,30313.0
2012-03-15 22:00:00,28464.0
2012-03-15 23:00:00,22523.0
2012-03-16 00:00:00,16708.0
2012-03-16 01:00:00,16203.0
2012-03-16 02:00:00,14985.0
2012-03-16 03:00:00,14112.0
2012-03-16 04:00:00,14909.0
2012-03-16 05:00:00,14901.0
2012-03-16 06:00:00,16818.0
2012-03-16 07:00:00,18371.0
2012-03-16 08:00:00,20044.0
2012-03-16 09:00:00,27246.0
2012-03-16 10:00:00,28187.0
2012-03-16 11:00:00,29078.0
2012-03-16 12:00:00,29026.0
2012-03-16 13:00:00,28960.0
2012-03-16 14:00:00,28801.0
2012-03-16 15:00:00,28674.0
2012-03-16 16:00:00,27052.0
2012-03-16 17:00:00,29397.0
2012-03-16 18:00:00,29154.0
2012-03-16 19:00:00,30052.0
2012-03-16 20:00:00,30044.0
2012-03-16 21:00:00,29179.0
2012-03-16 22:00:00,28145.0
2012-03-16 23:00:00,27339.0
2012-03-17 00:00:00,19078.0
2012-03-17 01:00:00,17212.0
2012-03-17 02:00:00,14263.0
2012-03-17 03:00:00,14036.0
2012-03-17 04:00:00,14304.0
2012-03-17 05:00:00,15137.0
2012-03-17 06:00:00,16120.0
2012-03-17 07:00:00,18438.0
2012-03-17 08:00:00,19262.0
2012-03-17 09:00:00,26456.0
2012-03-17 10:00:00,27834.0
2012-03-17 11:00:00,27515.0
2012-03-17 12:00:00,26732.0
2012-03-17 13:00:00,28095.0
2012-03-17 14:00:00,28061.0
2012-03-17 15:00:00,27852.0
2012-03-17 16:00:00,28473.0
2012-03-17 17:00:00,28934.0
2012-03-17 18:00:00,28943.0
2012-03-17 19:00:00,30305.0
2012-03-17 20:00:00,30019.0
2012-03-17 21:00:00,29480.0
2012-03-17 22:00:00,27818.0
2012-03-17 23:00:00,27212.0
2012-03-18 00:00:00,20759.0
2012-03-18 01:00:00,14893.0
2012-03-18 02:00:00,13859.0
2012-03-18 03:00:00,13270.0
2012-03-18 04:00:00,13884.0
2012-03-18 05:00:00,13885.0
2012-03-18 06:00:00,15514.0
2012-03-18 07:00:00,16498.0
2012-03-18 08:00:00,18499.0
2012-03-18 09:00:00,25280.0
2012-03-18 10:00:00,25321.0
2012-03-18 11:00:00,25927.0
2012-03-18 12:00:00,25683.0
2012-03-18 13:00:00,25901.0
2012-03-18 14:00:00,26507.0
2012-03-18 15:00:00,25985.0
2012-03-18 16:00:00,26321.0
2012-03-18 17:00:00,27364.0
2012-03-18 18:00:00,27606.0
2012-03-18 19:00:00,28438.0
2012-03-18 20:00:00,28959.0
2012-03-18 21:00:00,28338.0
2012-03-18 22:00:00,27221.0
2012-03-18 23:00:00,20120.0
2012-03-19 00:00:00,15263.0
2012-03-19 01:00:00,13230.0
2012-03-19 02:00:00,13019.0
2012-03-19 03:00:00,12489.0
2012-03-19 04:00:00,13279.0
2012-03-19 05:00:00,13405.0
2012-03-19 06:00:00,15514.0
2012-03-19 07:00:00,16489.0
2012-03-19 08:00:00,18053.0
2012-03-19 09:00:00,25649.0
2012-03-19 10:00:00,26194.0
2012-03-19 11:00:00,26044.0
2012-03-19 12:00:00,25817.0
2012-03-19 13:00:00,27691.0
2012-03-19 14:00:00,28490.0
2012-03-19 15:00:00,27531.0
2012-03-19 16:00:00,29128.0
2012-03-19 17:00:00,29061.0
2012-03-19 18:00:00,30583.0
2012-03-19 19:00:00,30817.0
2012-03-19 20:00:00,30364.0
2012-03-19 21:00:00,29549.0
2012-03-19 22:00:00,28902.0
2012-03-19 23:00:00,21230.0
2012-03-20 00:00:00,15951.0
2012-03-20 01:00:00,14187.0
2012-03-20 02:00:00,13851.0
2012-03-20 03:00:00,13514.0
2012-03-20 04:00:00,14633.0
2012-03-20 05:00:00,13565.0
2012-03-20 06:00:00,16144.0
2012-03-20 07:00:00,17035.0
2012-03-20 08:00:00,18809.0
2012-03-20 09:00:00,27423.0
2012-03-20 10:00:00,26926.0
2012-03-20 11:00:00,26144.0
2012-03-20 12:00:00,26675.0
2012-03-20 13:00:00,27633.0
2012-03-20 14:00:00,28128.0
2012-03-20 15:00:00,28195.0
2012-03-20 16:00:00,29876.0
2012-03-20 17:00:00,30246.0
2012-03-20 18:00:00,29850.0
2012-03-20 19:00:00,30413.0
2012-03-20 20:00:00,29750.0
2012-03-20 21:00:00,29782.0
2012-03-20 22:00:00,28674.0
2012-03-20 23:00:00,21851.0
2012-03-21 00:00:00,16952.0
2012-03-21 01:00:00,15095.0
2012-03-21 02:00:00,14397.0
2012-03-21 03:00:00,13515.0
2012-03-21 04:00:00,14725.0
2012-03-21 05:00:00,14111.0
2012-03-21 06:00:00,15598.0
2012-03-21 07:00:00,16531.0
2012-03-21 08:00:00,17767.0
2012-03-21 09:00:00,25969.0
2012-03-21 10:00:00,25902.0
2012-03-21 11:00:00,25926.0
2012-03-21 12:00:00,26373.0
2012-03-21 13:00:00,27734.0
2012-03-21 14:00:00,27766.0
2012-03-21 15:00:00,28127.0
2012-03-21 16:00:00,29464.0
2012-03-21 17:00:00,30304.0
2012-03-21 18:00:00,29372.0
2012-03-21 19:00:00,31069.0
2012-03-21 20:00:00,30851.0
2012-03-21 21:00:00,28927.0
2012-03-21 22:00:00,28077.0
2012-03-21 23:00:00,20792.0
2012-03-22 00:00:00,16405.0
2012-03-22 01:00:00,15128.0
2012-03-22 02:00:00,14094.0
2012-03-22 03:00:00,13212.0
2012-03-22 04:00:00,13952.0
2012-03-22 05:00:00,14337.0
2012-03-22 06:00:00,16464.0
2012-03-22 07:00:00,16749.0
2012-03-22 08:00:00,18591.0
2012-03-22 09:00:00,26196.0
2012-03-22 10:00:00,26632.0
2012-03-22 11:00:00,26607.0
2012-03-22 12:00:00,26699.0
2012-03-22 13:00:00,27380.0
2012-03-22 14:00:00,27926.0
2012-03-22 15:00:00,28506.0
2012-03-22 16:00:00,29044.0
2012-03-22 17:00:00,30615.0
2012-03-22 18:00:00,30598.0
2012-03-22 19:00:00,31213.0
2012-03-22 20:00:00,30632.0
2012-03-22 21:00:00,28649.0
2012-03-22 22:00:00,27288.0
2012-03-22 23:00:00,21161.0
2012-03-23 00:00:00,16322.0
2012-03-23 01:00:00,14489.0
2012-03-23 02:00:00,14783.0
2012-03-23 03:00:00,14465.0
2012-03-23 04:00:00,14288.0
2012-03-23 05:00:00,14640.0
2012-03-23 06:00:00,16633.0
2012-03-23 07:00:00,18607.0
2012-03-23 08:00:00,19380.0
2012-03-23 09:00:00,27170.0
2012-03-23 10:00:00,28019.0
2012-03-23 11:00:00,28170.0
2012-03-23 12:00:00,29145.0
2012-03-23 13:00:00,29448.0
2012-03-23 14:00:00,29346.0
2012-03-23 15:00:00,28607.0
2012-03-23 16:00:00,29649.0
2012-03-23 17:00:00,31111.0
2012-03-23 18:00:00,30362.0
2012-03-23 19:00:00,30019.0
2012-03-23 20:00:00,31296.0
2012-03-23 21:00:00,30322.0
2012-03-23 22:00:00,28624.0
2012-03-23 23:00:00,27934.0
2012-03-24 00:00:00,22195.0
2012-03-24 01:00:00,15976.0
2012-03-24 02:00:00,16078.0
2012-03-24 03:00:00,14734.0
2012-03-24 04:00:00,15026.0
2012-03-24 05:00:00,15414.0
2012-03-24 06:00:00,16784.0
2012-03-24 07:00:00,17952.0
2012-03-24 08:00:00,19657.0
2012-03-24 09:00:00,26372.0
2012-03-24 10:00:00,27245.0
2012-03-24 11:00:00,28766.0
2012-03-24 12:00:00,28910.0
2012-03-24 13:00:00,30138.0
2012-03-24 14:00:00,28808.0
2012-03-24 15:00:00,28800.0
2012-03-24 16:00:00,29120.0
2012-03-24 17:00:00,29799.0
2012-03-24 18:00:00,30464.0
2012-03-24 19:00:00,32111.0
2012-03-24 20:00:00,31919.0
2012-03-24 21:00:00,30355.0
2012-03-24 22:00:00,30119.0
2012-03-24 23:00:00,28380.0
2012-03-25 00:00:00,22027.0
2012-03-25 01:00:00,0.0
2012-03-25 02:00:00,17128.0
2012-03-25 03:00:00,16574.0
2012-03-25 04:00:00,16321.0
2012-03-25 05:00:00,15767.0
2012-03-25 06:00:00,17977.0
2012-03-25 07:00:00,19498.0
2012-03-25 08:00:00,20389.0
2012-03-25 09:00:00,25943.0
2012-03-25 10:00:00,27094.0
2012-03-25 11:00:00,26380.0
2012-03-25 12:00:00,27431.0
2012-03-25 13:00:00,28246.0
2012-03-25 14:00:00,29565.0
2012-03-25 15:00:00,29271.0
2012-03-25 16:00:00,28952.0
2012-03-25 17:00:00,29741.0
2012-03-25 18:00:00,29288.0
2012-03-25 19:00:00,29868.0
2012-03-25 20:00:00,30237.0
2012-03-25 21:00:00,29598.0
2012-03-25 22:00:00,30247.0
2012-03-25 23:00:00,22422.0
2012-03-26 00:00:00,17481.0
2012-03-26 01:00:00,16808.0
2012-03-26 02:00:00,15825.0
2012-03-26 03:00:00,14826.0
2012-03-26 04:00:00,15347.0
2012-03-26 05:00:00,15347.0
2012-03-26 06:00:00,17599.0
2012-03-26 07:00:00,19363.0
2012-03-26 08:00:00,20717.0
2012-03-26 09:00:00,27011.0
2012-03-26 10:00:00,27758.0
2012-03-26 11:00:00,27179.0
2012-03-26 12:00:00,27843.0
2012-03-26 13:00:00,29120.0
2012-03-26 14:00:00,29725.0
2012-03-26 15:00:00,29002.0
2012-03-26 16:00:00,29910.0
2012-03-26 17:00:00,31061.0
2012-03-26 18:00:00,30573.0
2012-03-26 19:00:00,29724.0
2012-03-26 20:00:00,30212.0
2012-03-26 21:00:00,30162.0
2012-03-26 22:00:00,28733.0
2012-03-26 23:00:00,22203.0
2012-03-27 00:00:00,17776.0
2012-03-27 01:00:00,16531.0
2012-03-27 02:00:00,16725.0
2012-03-27 03:00:00,14960.0
2012-03-27 04:00:00,15061.0
2012-03-27 05:00:00,14835.0
2012-03-27 06:00:00,17859.0
2012-03-27 07:00:00,19540.0
2012-03-27 08:00:00,20103.0
2012-03-27 09:00:00,27381.0
2012-03-27 10:00:00,28473.0
2012-03-27 11:00:00,26968.0
2012-03-27 12:00:00,28329.0
2012-03-27 13:00:00,29834.0
2012-03-27 14:00:00,30288.0
2012-03-27 15:00:00,30691.0
2012-03-27 16:00:00,30187.0
2012-03-27 17:00:00,31171.0
2012-03-27 18:00:00,30749.0
2012-03-27 19:00:00,30002.0
2012-03-27 20:00:00,30312.0
2012-03-27 21:00:00,30212.0
2012-03-27 22:00:00,29733.0
2012-03-27 23:00:00,25245.0
2012-03-28 00:00:00,21522.0
2012-03-28 01:00:00,20497.0
2012-03-28 02:00:00,19145.0
2012-03-28 03:00:00,18708.0
2012-03-28 04:00:00,19295.0
2012-03-28 05:00:00,19910.0
2012-03-28 06:00:00,21758.0
2012-03-28 07:00:00,23019.0
2012-03-28 08:00:00,20977.0
2012-03-28 09:00:00,26624.0
2012-03-28 10:00:00,27490.0
2012-03-28 11:00:00,26414.0
2012-03-28 12:00:00,27044.0
2012-03-28 13:00:00,29556.0
2012-03-28 14:00:00,29750.0
2012-03-28 15:00:00,29691.0
2012-03-28 16:00:00,31406.0
2012-03-28 17:00:00,31800.0
2012-03-28 18:00:00,31649.0
2012-03-28 19:00:00,30187.0
2012-03-28 20:00:00,31213.0
2012-03-28 21:00:00,29976.0
2012-03-28 22:00:00,28708.0
2012-03-28 23:00:00,22171.0
2012-03-29 00:00:00,17784.0
2012-03-29 01:00:00,16111.0
2012-03-29 02:00:00,15766.0
2012-03-29 03:00:00,14860.0
2012-03-29 04:00:00,15464.0
2012-03-29 05:00:00,15539.0
2012-03-29 06:00:00,17480.0
2012-03-29 07:00:00,19717.0
2012-03-29 08:00:00,20246.0
2012-03-29 09:00:00,27406.0
2012-03-29 10:00:00,28413.0
2012-03-29 11:00:00,28985.0
2012-03-29 12:00:00,28893.0
2012-03-29 13:00:00,30699.0
2012-03-29 14:00:00,30666.0
2012-03-29 15:00:00,30262.0
2012-03-29 16:00:00,31329.0
2012-03-29 17:00:00,31733.0
2012-03-29 18:00:00,31011.0
2012-03-29 19:00:00,30095.0
2012-03-29 20:00:00,31489.0
2012-03-29 21:00:00,30314.0
2012-03-29 22:00:00,29581.0
2012-03-29 23:00:00,22380.0
2012-03-30 00:00:00,17852.0
2012-03-30 01:00:00,16355.0
2012-03-30 02:00:00,15069.0
2012-03-30 03:00:00,14053.0
2012-03-30 04:00:00,14473.0
2012-03-30 05:00:00,14876.0
2012-03-30 06:00:00,17044.0
2012-03-30 07:00:00,18800.0
2012-03-30 08:00:00,20212.0
2012-03-30 09:00:00,28725.0
2012-03-30 10:00:00,29103.0
2012-03-30 11:00:00,28036.0
2012-03-30 12:00:00,28288.0
2012-03-30 13:00:00,29700.0
2012-03-30 14:00:00,29271.0
2012-03-30 15:00:00,28161.0
2012-03-30 16:00:00,29414.0
2012-03-30 17:00:00,30338.0
2012-03-30 18:00:00,30716.0
2012-03-30 19:00:00,30304.0
2012-03-30 20:00:00,31339.0
2012-03-30 21:00:00,30119.0
2012-03-30 22:00:00,28498.0
2012-03-30 23:00:00,28540.0
2012-03-31 00:00:00,21515.0
2012-03-31 01:00:00,16355.0
2012-03-31 02:00:00,15590.0
2012-03-31 03:00:00,15128.0
2012-03-31 04:00:00,15162.0
2012-03-31 05:00:00,15649.0
2012-03-31 06:00:00,17087.0
2012-03-31 07:00:00,19036.0
2012-03-31 08:00:00,20136.0
2012-03-31 09:00:00,26388.0
2012-03-31 10:00:00,26650.0
2012-03-31 11:00:00,26742.0
2012-03-31 12:00:00,27153.0
2012-03-31 13:00:00,27632.0
2012-03-31 14:00:00,27633.0
2012-03-31 15:00:00,27162.0
2012-03-31 16:00:00,28019.0
2012-03-31 17:00:00,28237.0
2012-03-31 18:00:00,28599.0
2012-03-31 19:00:00,28985.0
2012-03-31 20:00:00,29842.0
2012-03-31 21:00:00,28858.0
2012-03-31 22:00:00,28261.0
2012-03-31 23:00:00,27119.0
2012-04-01 00:00:00,20759.0
2012-04-01 01:00:00,15010.0
2012-04-01 02:00:00,15128.0
2012-04-01 03:00:00,14011.0
2012-04-01 04:00:00,14599.0
2012-04-01 05:00:00,14448.0
2012-04-01 06:00:00,16002.0
2012-04-01 07:00:00,16607.0
2012-04-01 08:00:00,18700.0
2012-04-01 09:00:00,24573.0
2012-04-01 10:00:00,25456.0
2012-04-01 11:00:00,25489.0
2012-04-01 12:00:00,26288.0
2012-04-01 13:00:00,27347.0
2012-04-01 14:00:00,27279.0
2012-04-01 15:00:00,26523.0
2012-04-01 16:00:00,27086.0
2012-04-01 17:00:00,28027.0
2012-04-01 18:00:00,27943.0
2012-04-01 19:00:00,28078.0
2012-04-01 20:00:00,29077.0
2012-04-01 21:00:00,28406.0
2012-04-01 22:00:00,27850.0
2012-04-01 23:00:00,20918.0
2012-04-02 00:00:00,15775.0
2012-04-02 01:00:00,14877.0
2012-04-02 02:00:00,14422.0
2012-04-02 03:00:00,13674.0
2012-04-02 04:00:00,14279.0
2012-04-02 05:00:00,14715.0
2012-04-02 06:00:00,17380.0
2012-04-02 07:00:00,17985.0
2012-04-02 08:00:00,19095.0
2012-04-02 09:00:00,26271.0
2012-04-02 10:00:00,27237.0
2012-04-02 11:00:00,27833.0
2012-04-02 12:00:00,27877.0
2012-04-02 13:00:00,28305.0
2012-04-02 14:00:00,28019.0
2012-04-02 15:00:00,27598.0
2012-04-02 16:00:00,28902.0
2012-04-02 17:00:00,29456.0
2012-04-02 18:00:00,28472.0
2012-04-02 19:00:00,28808.0
2012-04-02 20:00:00,29742.0
2012-04-02 21:00:00,28901.0
2012-04-02 22:00:00,28053.0
2012-04-02 23:00:00,20868.0
2012-04-03 00:00:00,15741.0
2012-04-03 01:00:00,14591.0
2012-04-03 02:00:00,14540.0
2012-04-03 03:00:00,13641.0
2012-04-03 04:00:00,14297.0
2012-04-03 05:00:00,14842.0
2012-04-03 06:00:00,17926.0
2012-04-03 07:00:00,18549.0
2012-04-03 08:00:00,19262.0
2012-04-03 09:00:00,25708.0
2012-04-03 10:00:00,27170.0
2012-04-03 11:00:00,27245.0
2012-04-03 12:00:00,27776.0
2012-04-03 13:00:00,27683.0
2012-04-03 14:00:00,27624.0
2012-04-03 15:00:00,27522.0
2012-04-03 16:00:00,28582.0
2012-04-03 17:00:00,28682.0
2012-04-03 18:00:00,28186.0
2012-04-03 19:00:00,28127.0
2012-04-03 20:00:00,29102.0
2012-04-03 21:00:00,28439.0
2012-04-03 22:00:00,27330.0
2012-04-03 23:00:00,20801.0
2012-04-04 00:00:00,16304.0
2012-04-04 01:00:00,14666.0
2012-04-04 02:00:00,14238.0
2012-04-04 03:00:00,13624.0
2012-04-04 04:00:00,14179.0
2012-04-04 05:00:00,14229.0
2012-04-04 06:00:00,16144.0
2012-04-04 07:00:00,16994.0
2012-04-04 08:00:00,17951.0
2012-04-04 09:00:00,24943.0
2012-04-04 10:00:00,26238.0
2012-04-04 11:00:00,24716.0
2012-04-04 12:00:00,26002.0
2012-04-04 13:00:00,27270.0
2012-04-04 14:00:00,27363.0
2012-04-04 15:00:00,26943.0
2012-04-04 16:00:00,27541.0
2012-04-04 17:00:00,28573.0
2012-04-04 18:00:00,27591.0
2012-04-04 19:00:00,28009.0
2012-04-04 20:00:00,28456.0
2012-04-04 21:00:00,27784.0
2012-04-04 22:00:00,26741.0
2012-04-04 23:00:00,20498.0
2012-04-05 00:00:00,16002.0
2012-04-05 01:00:00,14228.0
2012-04-05 02:00:00,14111.0
2012-04-05 03:00:00,13380.0
2012-04-05 04:00:00,13371.0
2012-04-05 05:00:00,13700.0
2012-04-05 06:00:00,15608.0
2012-04-05 07:00:00,16625.0
2012-04-05 08:00:00,17373.0
2012-04-05 09:00:00,24716.0
2012-04-05 10:00:00,25936.0
2012-04-05 11:00:00,24541.0
2012-04-05 12:00:00,26338.0
2012-04-05 13:00:00,27178.0
2012-04-05 14:00:00,26859.0
2012-04-05 15:00:00,26136.0
2012-04-05 16:00:00,26716.0
2012-04-05 17:00:00,26969.0
2012-04-05 18:00:00,27817.0
2012-04-05 19:00:00,27775.0
2012-04-05 20:00:00,28145.0
2012-04-05 21:00:00,28203.0
2012-04-05 22:00:00,26793.0
2012-04-05 23:00:00,22792.0
2012-04-06 00:00:00,19044.0
2012-04-06 01:00:00,16085.0
2012-04-06 02:00:00,15448.0
2012-04-06 03:00:00,14472.0
2012-04-06 04:00:00,15061.0
2012-04-06 05:00:00,16296.0
2012-04-06 06:00:00,18129.0
2012-04-06 07:00:00,19244.0
2012-04-06 08:00:00,20488.0
2012-04-06 09:00:00,25094.0
2012-04-06 10:00:00,25524.0
2012-04-06 11:00:00,25539.0
2012-04-06 12:00:00,25548.0
2012-04-06 13:00:00,25960.0
2012-04-06 14:00:00,26069.0
2012-04-06 15:00:00,25732.0
2012-04-06 16:00:00,25985.0
2012-04-06 17:00:00,26708.0
2012-04-06 18:00:00,26775.0
2012-04-06 19:00:00,26615.0
2012-04-06 20:00:00,28086.0
2012-04-06 21:00:00,25683.0
2012-04-06 22:00:00,25590.0
2012-04-06 23:00:00,25884.0
2012-04-07 00:00:00,18917.0
2012-04-07 01:00:00,14902.0
2012-04-07 02:00:00,15068.0
2012-04-07 03:00:00,14683.0
2012-04-07 04:00:00,14287.0
2012-04-07 05:00:00,15272.0
2012-04-07 06:00:00,17380.0
2012-04-07 07:00:00,17816.0
2012-04-07 08:00:00,20590.0
2012-04-07 09:00:00,26565.0
2012-04-07 10:00:00,26397.0
2012-04-07 11:00:00,26178.0
2012-04-07 12:00:00,26565.0
2012-04-07 13:00:00,27792.0
2012-04-07 14:00:00,26759.0
2012-04-07 15:00:00,25817.0
2012-04-07 16:00:00,26791.0
2012-04-07 17:00:00,27060.0
2012-04-07 18:00:00,26851.0
2012-04-07 19:00:00,27321.0
2012-04-07 20:00:00,28463.0
2012-04-07 21:00:00,27372.0
2012-04-07 22:00:00,26404.0
2012-04-07 23:00:00,26566.0
2012-04-08 00:00:00,20355.0
2012-04-08 01:00:00,14658.0
2012-04-08 02:00:00,14077.0
2012-04-08 03:00:00,13557.0
2012-04-08 04:00:00,14010.0
2012-04-08 05:00:00,13792.0
2012-04-08 06:00:00,15447.0
2012-04-08 07:00:00,15674.0
2012-04-08 08:00:00,16834.0
2012-04-08 09:00:00,23893.0
2012-04-08 10:00:00,23951.0
2012-04-08 11:00:00,22649.0
2012-04-08 12:00:00,24573.0
2012-04-08 13:00:00,25582.0
2012-04-08 14:00:00,26061.0
2012-04-08 15:00:00,25338.0
2012-04-08 16:00:00,25548.0
2012-04-08 17:00:00,25506.0
2012-04-08 18:00:00,25237.0
2012-04-08 19:00:00,19641.0
2012-04-08 20:00:00,17759.0
2012-04-08 21:00:00,17312.0
2012-04-08 22:00:00,16423.0
2012-04-08 23:00:00,16061.0
2012-04-09 00:00:00,14708.0
2012-04-09 01:00:00,13724.0
2012-04-09 02:00:00,13220.0
2012-04-09 03:00:00,13036.0
2012-04-09 04:00:00,13430.0
2012-04-09 05:00:00,13801.0
2012-04-09 06:00:00,15641.0
2012-04-09 07:00:00,15926.0
2012-04-09 08:00:00,18287.0
2012-04-09 09:00:00,25313.0
2012-04-09 10:00:00,25842.0
2012-04-09 11:00:00,25245.0
2012-04-09 12:00:00,26699.0
2012-04-09 13:00:00,28196.0
2012-04-09 14:00:00,27389.0
2012-04-09 15:00:00,27380.0
2012-04-09 16:00:00,27733.0
2012-04-09 17:00:00,28110.0
2012-04-09 18:00:00,28070.0
2012-04-09 19:00:00,27616.0
2012-04-09 20:00:00,28977.0
2012-04-09 21:00:00,28758.0
2012-04-09 22:00:00,27565.0
2012-04-09 23:00:00,20901.0
2012-04-10 00:00:00,16413.0
2012-04-10 01:00:00,14196.0
2012-04-10 02:00:00,14650.0
2012-04-10 03:00:00,13624.0
2012-04-10 04:00:00,14204.0
2012-04-10 05:00:00,14314.0
2012-04-10 06:00:00,16632.0
2012-04-10 07:00:00,17069.0
2012-04-10 08:00:00,19027.0
2012-04-10 09:00:00,26094.0
2012-04-10 10:00:00,27136.0
2012-04-10 11:00:00,27548.0
2012-04-10 12:00:00,27690.0
2012-04-10 13:00:00,27590.0
2012-04-10 14:00:00,27614.0
2012-04-10 15:00:00,27347.0
2012-04-10 16:00:00,28001.0
2012-04-10 17:00:00,28439.0
2012-04-10 18:00:00,28120.0
2012-04-10 19:00:00,27632.0
2012-04-10 20:00:00,28465.0
2012-04-10 21:00:00,27893.0
2012-04-10 22:00:00,26978.0
2012-04-10 23:00:00,20842.0
2012-04-11 00:00:00,16506.0
2012-04-11 01:00:00,14506.0
2012-04-11 02:00:00,14834.0
2012-04-11 03:00:00,13918.0
2012-04-11 04:00:00,14590.0
2012-04-11 05:00:00,14842.0
2012-04-11 06:00:00,16003.0
2012-04-11 07:00:00,17271.0
2012-04-11 08:00:00,18673.0
2012-04-11 09:00:00,25229.0
2012-04-11 10:00:00,27145.0
2012-04-11 11:00:00,27086.0
2012-04-11 12:00:00,27431.0
2012-04-11 13:00:00,26977.0
2012-04-11 14:00:00,27321.0
2012-04-11 15:00:00,27523.0
2012-04-11 16:00:00,28119.0
2012-04-11 17:00:00,28708.0
2012-04-11 18:00:00,27347.0
2012-04-11 19:00:00,27539.0
2012-04-11 20:00:00,28750.0
2012-04-11 21:00:00,27969.0
2012-04-11 22:00:00,26835.0
2012-04-11 23:00:00,20666.0
2012-04-12 00:00:00,16271.0
2012-04-12 01:00:00,14674.0
2012-04-12 02:00:00,14278.0
2012-04-12 03:00:00,13842.0
2012-04-12 04:00:00,14304.0
2012-04-12 05:00:00,14716.0
2012-04-12 06:00:00,15918.0
2012-04-12 07:00:00,16498.0
2012-04-12 08:00:00,18304.0
2012-04-12 09:00:00,25532.0
2012-04-12 10:00:00,26028.0
2012-04-12 11:00:00,25229.0
2012-04-12 12:00:00,26784.0
2012-04-12 13:00:00,27481.0
2012-04-12 14:00:00,27481.0
2012-04-12 15:00:00,27422.0
2012-04-12 16:00:00,27700.0
2012-04-12 17:00:00,28355.0
2012-04-12 18:00:00,27406.0
2012-04-12 19:00:00,27598.0
2012-04-12 20:00:00,28514.0
2012-04-12 21:00:00,27716.0
2012-04-12 22:00:00,26136.0
2012-04-12 23:00:00,20624.0
2012-04-13 00:00:00,15607.0
2012-04-13 01:00:00,14347.0
2012-04-13 02:00:00,14145.0
2012-04-13 03:00:00,13506.0
2012-04-13 04:00:00,14020.0
2012-04-13 05:00:00,14145.0
2012-04-13 06:00:00,16104.0
2012-04-13 07:00:00,16893.0
2012-04-13 08:00:00,18439.0
2012-04-13 09:00:00,25498.0
2012-04-13 10:00:00,26910.0
2012-04-13 11:00:00,26850.0
2012-04-13 12:00:00,27195.0
2012-04-13 13:00:00,27389.0
2012-04-13 14:00:00,27943.0
2012-04-13 15:00:00,27204.0
2012-04-13 16:00:00,27767.0
2012-04-13 17:00:00,28389.0
2012-04-13 18:00:00,28170.0
2012-04-13 19:00:00,28036.0
2012-04-13 20:00:00,29371.0
2012-04-13 21:00:00,28154.0
2012-04-13 22:00:00,27313.0
2012-04-13 23:00:00,26683.0
2012-04-14 00:00:00,20389.0
2012-04-14 01:00:00,15279.0
2012-04-14 02:00:00,14516.0
2012-04-14 03:00:00,14111.0
2012-04-14 04:00:00,14497.0
2012-04-14 05:00:00,14943.0
2012-04-14 06:00:00,16203.0
2012-04-14 07:00:00,17086.0
2012-04-14 08:00:00,18136.0
2012-04-14 09:00:00,24808.0
2012-04-14 10:00:00,25675.0
2012-04-14 11:00:00,26069.0
2012-04-14 12:00:00,26910.0
2012-04-14 13:00:00,26867.0
2012-04-14 14:00:00,26641.0
2012-04-14 15:00:00,25859.0
2012-04-14 16:00:00,26574.0
2012-04-14 17:00:00,27564.0
2012-04-14 18:00:00,27102.0
2012-04-14 19:00:00,27171.0
2012-04-14 20:00:00,27700.0
2012-04-14 21:00:00,27765.0
2012-04-14 22:00:00,26758.0
2012-04-14 23:00:00,25834.0
2012-04-15 00:00:00,19640.0
2012-04-15 01:00:00,14733.0
2012-04-15 02:00:00,13967.0
2012-04-15 03:00:00,13573.0
2012-04-15 04:00:00,14178.0
2012-04-15 05:00:00,14245.0
2012-04-15 06:00:00,15515.0
2012-04-15 07:00:00,15456.0
2012-04-15 08:00:00,16944.0
2012-04-15 09:00:00,23632.0
2012-04-15 10:00:00,24337.0
2012-04-15 11:00:00,24170.0
2012-04-15 12:00:00,25229.0
2012-04-15 13:00:00,26102.0
2012-04-15 14:00:00,25204.0
2012-04-15 15:00:00,24985.0
2012-04-15 16:00:00,25690.0
2012-04-15 17:00:00,26381.0
2012-04-15 18:00:00,25876.0
2012-04-15 19:00:00,26709.0
2012-04-15 20:00:00,27271.0
2012-04-15 21:00:00,27271.0
2012-04-15 22:00:00,26329.0
2012-04-15 23:00:00,20036.0
2012-04-16 00:00:00,15767.0
2012-04-16 01:00:00,14362.0
2012-04-16 02:00:00,14112.0
2012-04-16 03:00:00,13540.0
2012-04-16 04:00:00,14347.0
2012-04-16 05:00:00,14288.0
2012-04-16 06:00:00,15623.0
2012-04-16 07:00:00,16044.0
2012-04-16 08:00:00,17171.0
2012-04-16 09:00:00,24927.0
2012-04-16 10:00:00,25717.0
2012-04-16 11:00:00,24111.0
2012-04-16 12:00:00,26641.0
2012-04-16 13:00:00,27455.0
2012-04-16 14:00:00,26641.0
2012-04-16 15:00:00,26489.0
2012-04-16 16:00:00,26876.0
2012-04-16 17:00:00,27715.0
2012-04-16 18:00:00,27625.0
2012-04-16 19:00:00,27717.0
2012-04-16 20:00:00,28379.0
2012-04-16 21:00:00,28245.0
2012-04-16 22:00:00,27002.0
2012-04-16 23:00:00,20691.0
2012-04-17 00:00:00,17162.0
2012-04-17 01:00:00,15371.0
2012-04-17 02:00:00,14565.0
2012-04-17 03:00:00,14406.0
2012-04-17 04:00:00,14809.0
2012-04-17 05:00:00,14808.0
2012-04-17 06:00:00,16826.0
2012-04-17 07:00:00,17162.0
2012-04-17 08:00:00,18305.0
2012-04-17 09:00:00,25699.0
2012-04-17 10:00:00,26742.0
2012-04-17 11:00:00,27161.0
2012-04-17 12:00:00,26977.0
2012-04-17 13:00:00,26876.0
2012-04-17 14:00:00,26884.0
2012-04-17 15:00:00,26842.0
2012-04-17 16:00:00,27153.0
2012-04-17 17:00:00,27288.0
2012-04-17 18:00:00,27154.0
2012-04-17 19:00:00,27573.0
2012-04-17 20:00:00,28203.0
2012-04-17 21:00:00,27842.0
2012-04-17 22:00:00,27045.0
2012-04-17 23:00:00,20783.0
2012-04-18 00:00:00,16488.0
2012-04-18 01:00:00,14641.0
2012-04-18 02:00:00,14338.0
2012-04-18 03:00:00,14111.0
2012-04-18 04:00:00,15061.0
2012-04-18 05:00:00,14624.0
2012-04-18 06:00:00,16237.0
2012-04-18 07:00:00,16893.0
2012-04-18 08:00:00,18305.0
2012-04-18 09:00:00,25287.0
2012-04-18 10:00:00,26237.0
2012-04-18 11:00:00,26691.0
2012-04-18 12:00:00,26767.0
2012-04-18 13:00:00,26834.0
2012-04-18 14:00:00,27129.0
2012-04-18 15:00:00,26515.0
2012-04-18 16:00:00,27035.0
2012-04-18 17:00:00,27498.0
2012-04-18 18:00:00,27271.0
2012-04-18 19:00:00,27514.0
2012-04-18 20:00:00,28254.0
2012-04-18 21:00:00,27682.0
2012-04-18 22:00:00,26884.0
2012-04-18 23:00:00,20203.0
2012-04-19 00:00:00,16178.0
2012-04-19 01:00:00,14616.0
2012-04-19 02:00:00,14346.0
2012-04-19 03:00:00,13809.0
2012-04-19 04:00:00,13910.0
2012-04-19 05:00:00,14255.0
2012-04-19 06:00:00,15968.0
2012-04-19 07:00:00,16371.0
2012-04-19 08:00:00,18347.0
2012-04-19 09:00:00,25549.0
2012-04-19 10:00:00,26085.0
2012-04-19 11:00:00,25506.0
2012-04-19 12:00:00,26826.0
2012-04-19 13:00:00,26497.0
2012-04-19 14:00:00,26590.0
2012-04-19 15:00:00,26472.0
2012-04-19 16:00:00,26910.0
2012-04-19 17:00:00,27447.0
2012-04-19 18:00:00,27186.0
2012-04-19 19:00:00,26969.0
2012-04-19 20:00:00,27826.0
2012-04-19 21:00:00,27565.0
2012-04-19 22:00:00,26616.0
2012-04-19 23:00:00,20061.0
2012-04-20 00:00:00,15935.0
2012-04-20 01:00:00,14684.0
2012-04-20 02:00:00,14397.0
2012-04-20 03:00:00,14010.0
2012-04-20 04:00:00,14280.0
2012-04-20 05:00:00,14498.0
2012-04-20 06:00:00,16749.0
2012-04-20 07:00:00,17010.0
2012-04-20 08:00:00,18540.0
2012-04-20 09:00:00,26010.0
2012-04-20 10:00:00,26767.0
2012-04-20 11:00:00,26985.0
2012-04-20 12:00:00,27144.0
2012-04-20 13:00:00,27447.0
2012-04-20 14:00:00,27480.0
2012-04-20 15:00:00,27641.0
2012-04-20 16:00:00,27817.0
2012-04-20 17:00:00,28926.0
2012-04-20 18:00:00,28177.0
2012-04-20 19:00:00,29044.0
2012-04-20 20:00:00,29061.0
2012-04-20 21:00:00,28288.0
2012-04-20 22:00:00,27490.0
2012-04-20 23:00:00,27188.0
2012-04-21 00:00:00,20523.0
2012-04-21 01:00:00,15372.0
2012-04-21 02:00:00,15162.0
2012-04-21 03:00:00,14439.0
2012-04-21 04:00:00,15060.0
2012-04-21 05:00:00,14784.0
2012-04-21 06:00:00,17003.0
2012-04-21 07:00:00,17733.0
2012-04-21 08:00:00,19616.0
2012-04-21 09:00:00,25808.0
2012-04-21 10:00:00,27003.0
2012-04-21 11:00:00,27506.0
2012-04-21 12:00:00,27506.0
2012-04-21 13:00:00,27489.0
2012-04-21 14:00:00,27246.0
2012-04-21 15:00:00,26632.0
2012-04-21 16:00:00,27649.0
2012-04-21 17:00:00,27800.0
2012-04-21 18:00:00,27925.0
2012-04-21 19:00:00,27926.0
2012-04-21 20:00:00,28708.0
2012-04-21 21:00:00,28271.0
2012-04-21 22:00:00,27464.0
2012-04-21 23:00:00,26716.0
2012-04-22 00:00:00,20733.0
2012-04-22 01:00:00,15708.0
2012-04-22 02:00:00,15203.0
2012-04-22 03:00:00,14641.0
2012-04-22 04:00:00,14800.0
2012-04-22 05:00:00,14775.0
2012-04-22 06:00:00,16355.0
2012-04-22 07:00:00,16741.0
2012-04-22 08:00:00,17859.0
2012-04-22 09:00:00,24833.0
2012-04-22 10:00:00,26179.0
2012-04-22 11:00:00,26464.0
2012-04-22 12:00:00,26128.0
2012-04-22 13:00:00,26044.0
2012-04-22 14:00:00,26035.0
2012-04-22 15:00:00,26194.0
2012-04-22 16:00:00,26213.0
2012-04-22 17:00:00,26237.0
2012-04-22 18:00:00,26784.0
2012-04-22 19:00:00,27086.0
2012-04-22 20:00:00,28145.0
2012-04-22 21:00:00,27734.0
2012-04-22 22:00:00,26759.0
2012-04-22 23:00:00,20792.0
2012-04-23 00:00:00,16145.0
2012-04-23 01:00:00,14649.0
2012-04-23 02:00:00,14431.0
2012-04-23 03:00:00,13665.0
2012-04-23 04:00:00,14641.0
2012-04-23 05:00:00,14449.0
2012-04-23 06:00:00,16448.0
2012-04-23 07:00:00,16985.0
2012-04-23 08:00:00,18456.0
2012-04-23 09:00:00,26254.0
2012-04-23 10:00:00,26876.0
2012-04-23 11:00:00,27035.0
2012-04-23 12:00:00,27574.0
2012-04-23 13:00:00,27238.0
2012-04-23 14:00:00,26834.0
2012-04-23 15:00:00,26523.0
2012-04-23 16:00:00,27052.0
2012-04-23 17:00:00,27598.0
2012-04-23 18:00:00,27195.0
2012-04-23 19:00:00,26951.0
2012-04-23 20:00:00,27968.0
2012-04-23 21:00:00,27472.0
2012-04-23 22:00:00,27119.0
2012-04-23 23:00:00,20607.0
2012-04-24 00:00:00,16540.0
2012-04-24 01:00:00,15716.0
2012-04-24 02:00:00,15691.0
2012-04-24 03:00:00,14927.0
2012-04-24 04:00:00,15229.0
2012-04-24 05:00:00,15423.0
2012-04-24 06:00:00,17212.0
2012-04-24 07:00:00,17784.0
2012-04-24 08:00:00,18850.0
2012-04-24 09:00:00,24893.0
2012-04-24 10:00:00,26020.0
2012-04-24 11:00:00,25935.0
2012-04-24 12:00:00,26741.0
2012-04-24 13:00:00,26726.0
2012-04-24 14:00:00,26649.0
2012-04-24 15:00:00,26574.0
2012-04-24 16:00:00,26817.0
2012-04-24 17:00:00,27363.0
2012-04-24 18:00:00,27154.0
2012-04-24 19:00:00,27002.0
2012-04-24 20:00:00,27851.0
2012-04-24 21:00:00,28127.0
2012-04-24 22:00:00,26750.0
2012-04-24 23:00:00,25868.0
2012-04-25 00:00:00,19539.0
2012-04-25 01:00:00,16320.0
2012-04-25 02:00:00,15674.0
2012-04-25 03:00:00,15195.0
2012-04-25 04:00:00,16085.0
2012-04-25 05:00:00,16019.0
2012-04-25 06:00:00,17548.0
2012-04-25 07:00:00,18414.0
2012-04-25 08:00:00,19649.0
2012-04-25 09:00:00,25010.0
2012-04-25 10:00:00,26506.0
2012-04-25 11:00:00,26532.0
2012-04-25 12:00:00,27312.0
2012-04-25 13:00:00,27161.0
2012-04-25 14:00:00,26565.0
2012-04-25 15:00:00,26195.0
2012-04-25 16:00:00,26540.0
2012-04-25 17:00:00,26775.0
2012-04-25 18:00:00,27220.0
2012-04-25 19:00:00,27078.0
2012-04-25 20:00:00,27792.0
2012-04-25 21:00:00,27363.0
2012-04-25 22:00:00,26968.0
2012-04-25 23:00:00,20204.0
2012-04-26 00:00:00,15843.0
2012-04-26 01:00:00,14161.0
2012-04-26 02:00:00,14036.0
2012-04-26 03:00:00,13800.0
2012-04-26 04:00:00,14389.0
2012-04-26 05:00:00,14296.0
2012-04-26 06:00:00,16187.0
2012-04-26 07:00:00,16667.0
2012-04-26 08:00:00,18574.0
2012-04-26 09:00:00,25439.0
2012-04-26 10:00:00,27305.0
2012-04-26 11:00:00,29245.0
2012-04-26 12:00:00,28935.0
2012-04-26 13:00:00,28406.0
2012-04-26 14:00:00,28952.0
2012-04-26 15:00:00,28430.0
2012-04-26 16:00:00,28666.0
2012-04-26 17:00:00,28850.0
2012-04-26 18:00:00,28657.0
2012-04-26 19:00:00,28792.0
2012-04-26 20:00:00,29312.0
2012-04-26 21:00:00,28733.0
2012-04-26 22:00:00,27523.0
2012-04-26 23:00:00,21363.0
2012-04-27 00:00:00,16767.0
2012-04-27 01:00:00,16507.0
2012-04-27 02:00:00,16321.0
2012-04-27 03:00:00,15826.0
2012-04-27 04:00:00,16178.0
2012-04-27 05:00:00,16497.0
2012-04-27 06:00:00,18221.0
2012-04-27 07:00:00,19522.0
2012-04-27 08:00:00,21245.0
2012-04-27 09:00:00,26843.0
2012-04-27 10:00:00,26893.0
2012-04-27 11:00:00,28582.0
2012-04-27 12:00:00,28733.0
2012-04-27 13:00:00,28363.0
2012-04-27 14:00:00,28170.0
2012-04-27 15:00:00,27648.0
2012-04-27 16:00:00,28615.0
2012-04-27 17:00:00,29103.0
2012-04-27 18:00:00,28657.0
2012-04-27 19:00:00,28994.0
2012-04-27 20:00:00,29574.0
2012-04-27 21:00:00,28372.0
2012-04-27 22:00:00,26742.0
2012-04-27 23:00:00,26222.0
2012-04-28 00:00:00,20187.0
2012-04-28 01:00:00,16103.0
2012-04-28 02:00:00,15154.0
2012-04-28 03:00:00,14784.0
2012-04-28 04:00:00,15195.0
2012-04-28 05:00:00,15263.0
2012-04-28 06:00:00,17170.0
2012-04-28 07:00:00,18120.0
2012-04-28 08:00:00,19582.0
2012-04-28 09:00:00,25649.0
2012-04-28 10:00:00,24750.0
2012-04-28 11:00:00,24893.0
2012-04-28 12:00:00,27163.0
2012-04-28 13:00:00,27010.0
2012-04-28 14:00:00,27153.0
2012-04-28 15:00:00,27062.0
2012-04-28 16:00:00,27489.0
2012-04-28 17:00:00,27674.0
2012-04-28 18:00:00,28186.0
2012-04-28 19:00:00,28086.0
2012-04-28 20:00:00,28624.0
2012-04-28 21:00:00,28111.0
2012-04-28 22:00:00,26842.0
2012-04-28 23:00:00,26288.0
2012-04-29 00:00:00,20246.0
2012-04-29 01:00:00,14960.0
2012-04-29 02:00:00,14304.0
2012-04-29 03:00:00,13574.0
2012-04-29 04:00:00,14263.0
2012-04-29 05:00:00,13909.0
2012-04-29 06:00:00,15733.0
2012-04-29 07:00:00,16800.0
2012-04-29 08:00:00,18892.0
2012-04-29 09:00:00,25312.0
2012-04-29 10:00:00,25414.0
2012-04-29 11:00:00,25960.0
2012-04-29 12:00:00,26180.0
2012-04-29 13:00:00,26372.0
2012-04-29 14:00:00,27229.0
2012-04-29 15:00:00,25934.0
2012-04-29 16:00:00,26606.0
2012-04-29 17:00:00,27228.0
2012-04-29 18:00:00,27422.0
2012-04-29 19:00:00,27784.0
2012-04-29 20:00:00,27968.0
2012-04-29 21:00:00,27809.0
2012-04-29 22:00:00,27095.0
2012-04-29 23:00:00,20145.0
2012-04-30 00:00:00,16061.0
2012-04-30 01:00:00,14356.0
2012-04-30 02:00:00,13884.0
2012-04-30 03:00:00,13288.0
2012-04-30 04:00:00,13910.0
2012-04-30 05:00:00,13959.0
2012-04-30 06:00:00,16087.0
2012-04-30 07:00:00,16599.0
2012-04-30 08:00:00,19128.0
2012-04-30 09:00:00,26422.0
2012-04-30 10:00:00,26422.0
2012-04-30 11:00:00,26188.0
2012-04-30 12:00:00,27439.0
2012-04-30 13:00:00,27641.0
2012-04-30 14:00:00,27564.0
2012-04-30 15:00:00,27263.0
2012-04-30 16:00:00,27884.0
2012-04-30 17:00:00,28212.0
2012-04-30 18:00:00,27960.0
2012-04-30 19:00:00,28104.0
2012-04-30 20:00:00,28271.0
2012-04-30 21:00:00,27724.0
2012-04-30 22:00:00,26758.0
2012-04-30 23:00:00,25414.0
2012-05-01 00:00:00,18826.0
2012-05-01 01:00:00,14876.0
2012-05-01 02:00:00,14119.0
2012-05-01 03:00:00,13658.0
2012-05-01 04:00:00,13842.0
2012-05-01 05:00:00,14120.0
2012-05-01 06:00:00,15648.0
2012-05-01 07:00:00,17027.0
2012-05-01 08:00:00,18490.0
2012-05-01 09:00:00,25701.0
2012-05-01 10:00:00,25758.0
2012-05-01 11:00:00,26062.0
2012-05-01 12:00:00,27329.0
2012-05-01 13:00:00,27061.0
2012-05-01 14:00:00,27086.0
2012-05-01 15:00:00,26775.0
2012-05-01 16:00:00,27027.0
2012-05-01 17:00:00,27910.0
2012-05-01 18:00:00,28196.0
2012-05-01 19:00:00,28431.0
2012-05-01 20:00:00,29288.0
2012-05-01 21:00:00,28161.0
2012-05-01 22:00:00,26994.0
2012-05-01 23:00:00,20254.0
2012-05-02 00:00:00,16137.0
2012-05-02 01:00:00,14850.0
2012-05-02 02:00:00,14793.0
2012-05-02 03:00:00,14372.0
2012-05-02 04:00:00,14826.0
2012-05-02 05:00:00,14784.0
2012-05-02 06:00:00,16531.0
2012-05-02 07:00:00,17532.0
2012-05-02 08:00:00,18918.0
2012-05-02 09:00:00,26187.0
2012-05-02 10:00:00,26312.0
2012-05-02 11:00:00,27026.0
2012-05-02 12:00:00,27859.0
2012-05-02 13:00:00,28154.0
2012-05-02 14:00:00,28523.0
2012-05-02 15:00:00,28363.0
2012-05-02 16:00:00,28498.0
2012-05-02 17:00:00,29338.0
2012-05-02 18:00:00,28834.0
2012-05-02 19:00:00,28490.0
2012-05-02 20:00:00,29254.0
2012-05-02 21:00:00,28716.0
2012-05-02 22:00:00,27438.0
2012-05-02 23:00:00,20926.0
2012-05-03 00:00:00,17372.0
2012-05-03 01:00:00,16423.0
2012-05-03 02:00:00,16447.0
2012-05-03 03:00:00,16027.0
2012-05-03 04:00:00,16094.0
2012-05-03 05:00:00,16490.0
2012-05-03 06:00:00,17776.0
2012-05-03 07:00:00,19035.0
2012-05-03 08:00:00,20070.0
2012-05-03 09:00:00,26674.0
2012-05-03 10:00:00,26977.0
2012-05-03 11:00:00,27624.0
2012-05-03 12:00:00,28809.0
2012-05-03 13:00:00,28994.0
2012-05-03 14:00:00,29287.0
2012-05-03 15:00:00,29280.0
2012-05-03 16:00:00,29279.0
2012-05-03 17:00:00,29834.0
2012-05-03 18:00:00,29699.0
2012-05-03 19:00:00,29161.0
2012-05-03 20:00:00,29968.0
2012-05-03 21:00:00,28792.0
2012-05-03 22:00:00,27632.0
2012-05-03 23:00:00,21095.0
2012-05-04 00:00:00,16758.0
2012-05-04 01:00:00,15751.0
2012-05-04 02:00:00,15556.0
2012-05-04 03:00:00,15219.0
2012-05-04 04:00:00,15842.0
2012-05-04 05:00:00,15893.0
2012-05-04 06:00:00,17675.0
2012-05-04 07:00:00,19052.0
2012-05-04 08:00:00,20724.0
2012-05-04 09:00:00,27439.0
2012-05-04 10:00:00,27934.0
2012-05-04 11:00:00,27692.0
2012-05-04 12:00:00,29255.0
2012-05-04 13:00:00,29052.0
2012-05-04 14:00:00,28750.0
2012-05-04 15:00:00,28834.0
2012-05-04 16:00:00,29053.0
2012-05-04 17:00:00,30035.0
2012-05-04 18:00:00,29272.0
2012-05-04 19:00:00,29246.0
2012-05-04 20:00:00,29758.0
2012-05-04 21:00:00,28532.0
2012-05-04 22:00:00,27070.0
2012-05-04 23:00:00,26590.0
2012-05-05 00:00:00,20288.0
2012-05-05 01:00:00,14716.0
2012-05-05 02:00:00,14632.0
2012-05-05 03:00:00,14221.0
2012-05-05 04:00:00,14783.0
2012-05-05 05:00:00,14742.0
2012-05-05 06:00:00,15842.0
2012-05-05 07:00:00,18103.0
2012-05-05 08:00:00,23472.0
2012-05-05 09:00:00,27691.0
2012-05-05 10:00:00,26422.0
2012-05-05 11:00:00,26279.0
2012-05-05 12:00:00,28305.0
2012-05-05 13:00:00,28439.0
2012-05-05 14:00:00,27582.0
2012-05-05 15:00:00,27868.0
2012-05-05 16:00:00,28162.0
2012-05-05 17:00:00,28289.0
2012-05-05 18:00:00,28347.0
2012-05-05 19:00:00,28910.0
2012-05-05 20:00:00,29255.0
2012-05-05 21:00:00,28490.0
2012-05-05 22:00:00,27539.0
2012-05-05 23:00:00,27001.0
2012-05-06 00:00:00,21253.0
2012-05-06 01:00:00,15397.0
2012-05-06 02:00:00,14969.0
2012-05-06 03:00:00,14355.0
2012-05-06 04:00:00,14893.0
2012-05-06 05:00:00,15463.0
2012-05-06 06:00:00,17094.0
2012-05-06 07:00:00,18203.0
2012-05-06 08:00:00,19994.0
2012-05-06 09:00:00,26178.0
2012-05-06 10:00:00,26934.0
2012-05-06 11:00:00,26582.0
2012-05-06 12:00:00,27540.0
2012-05-06 13:00:00,27868.0
2012-05-06 14:00:00,27430.0
2012-05-06 15:00:00,27220.0
2012-05-06 16:00:00,27969.0
2012-05-06 17:00:00,27717.0
2012-05-06 18:00:00,28188.0
2012-05-06 19:00:00,28515.0
2012-05-06 20:00:00,29002.0
2012-05-06 21:00:00,28724.0
2012-05-06 22:00:00,27498.0
2012-05-06 23:00:00,21128.0
2012-05-07 00:00:00,16935.0
2012-05-07 01:00:00,15339.0
2012-05-07 02:00:00,15220.0
2012-05-07 03:00:00,14204.0
2012-05-07 04:00:00,15069.0
2012-05-07 05:00:00,15397.0
2012-05-07 06:00:00,17245.0
2012-05-07 07:00:00,19061.0
2012-05-07 08:00:00,21018.0
2012-05-07 09:00:00,27633.0
2012-05-07 10:00:00,28347.0
2012-05-07 11:00:00,28069.0
2012-05-07 12:00:00,29085.0
2012-05-07 13:00:00,29606.0
2012-05-07 14:00:00,29607.0
2012-05-07 15:00:00,29515.0
2012-05-07 16:00:00,30077.0
2012-05-07 17:00:00,30666.0
2012-05-07 18:00:00,30473.0
2012-05-07 19:00:00,30296.0
2012-05-07 20:00:00,30859.0
2012-05-07 21:00:00,29708.0
2012-05-07 22:00:00,28961.0
2012-05-07 23:00:00,22414.0
2012-05-08 00:00:00,17514.0
2012-05-08 01:00:00,16010.0
2012-05-08 02:00:00,15859.0
2012-05-08 03:00:00,15028.0
2012-05-08 04:00:00,15968.0
2012-05-08 05:00:00,15934.0
2012-05-08 06:00:00,17952.0
2012-05-08 07:00:00,19430.0
2012-05-08 08:00:00,21598.0
2012-05-08 09:00:00,28288.0
2012-05-08 10:00:00,29296.0
2012-05-08 11:00:00,28910.0
2012-05-08 12:00:00,30253.0
2012-05-08 13:00:00,30633.0
2012-05-08 14:00:00,30666.0
2012-05-08 15:00:00,29918.0
2012-05-08 16:00:00,29977.0
2012-05-08 17:00:00,30850.0
2012-05-08 18:00:00,30699.0
2012-05-08 19:00:00,30490.0
2012-05-08 20:00:00,31120.0
2012-05-08 21:00:00,30010.0
2012-05-08 22:00:00,28969.0
2012-05-08 23:00:00,22144.0
2012-05-09 00:00:00,18077.0
2012-05-09 01:00:00,16112.0
2012-05-09 02:00:00,15582.0
2012-05-09 03:00:00,15514.0
2012-05-09 04:00:00,15800.0
2012-05-09 05:00:00,15952.0
2012-05-09 06:00:00,17599.0
2012-05-09 07:00:00,19641.0
2012-05-09 08:00:00,20944.0
2012-05-09 09:00:00,28271.0
2012-05-09 10:00:00,28431.0
2012-05-09 11:00:00,28397.0
2012-05-09 12:00:00,29406.0
2012-05-09 13:00:00,29682.0
2012-05-09 14:00:00,30490.0
2012-05-09 15:00:00,30901.0
2012-05-09 16:00:00,31464.0
2012-05-09 17:00:00,31439.0
2012-05-09 18:00:00,30809.0
2012-05-09 19:00:00,30843.0
2012-05-09 20:00:00,31061.0
2012-05-09 21:00:00,29901.0
2012-05-09 22:00:00,28398.0
2012-05-09 23:00:00,22590.0
2012-05-10 00:00:00,17918.0
2012-05-10 01:00:00,16464.0
2012-05-10 02:00:00,16069.0
2012-05-10 03:00:00,15481.0
2012-05-10 04:00:00,16070.0
2012-05-10 05:00:00,16405.0
2012-05-10 06:00:00,17322.0
2012-05-10 07:00:00,18733.0
2012-05-10 08:00:00,20952.0
2012-05-10 09:00:00,28489.0
2012-05-10 10:00:00,28018.0
2012-05-10 11:00:00,30245.0
2012-05-10 12:00:00,31532.0
2012-05-10 13:00:00,31347.0
2012-05-10 14:00:00,33556.0
2012-05-10 15:00:00,33237.0
2012-05-10 16:00:00,33355.0
2012-05-10 17:00:00,37867.0
2012-05-10 18:00:00,37388.0
2012-05-10 19:00:00,36943.0
2012-05-10 20:00:00,36640.0
2012-05-10 21:00:00,32397.0
2012-05-10 22:00:00,30053.0
2012-05-10 23:00:00,23405.0
2012-05-11 00:00:00,18094.0
2012-05-11 01:00:00,16834.0
2012-05-11 02:00:00,16842.0
2012-05-11 03:00:00,16313.0
2012-05-11 04:00:00,16633.0
2012-05-11 05:00:00,16388.0
2012-05-11 06:00:00,19379.0
2012-05-11 07:00:00,24120.0
2012-05-11 08:00:00,26766.0
2012-05-11 09:00:00,33330.0
2012-05-11 10:00:00,30077.0
2012-05-11 11:00:00,30723.0
2012-05-11 12:00:00,36044.0
2012-05-11 13:00:00,36481.0
2012-05-11 14:00:00,37145.0
2012-05-11 15:00:00,37094.0
2012-05-11 16:00:00,38388.0
2012-05-11 17:00:00,38834.0
2012-05-11 18:00:00,37523.0
2012-05-11 19:00:00,37103.0
2012-05-11 20:00:00,37254.0
2012-05-11 21:00:00,32648.0
2012-05-11 22:00:00,29799.0
2012-05-11 23:00:00,29238.0
2012-05-12 00:00:00,22212.0
2012-05-12 01:00:00,17061.0
2012-05-12 02:00:00,17002.0
2012-05-12 03:00:00,15850.0
2012-05-12 04:00:00,16472.0
2012-05-12 05:00:00,16389.0
2012-05-12 06:00:00,19246.0
2012-05-12 07:00:00,23800.0
2012-05-12 08:00:00,26389.0
2012-05-12 09:00:00,32045.0
2012-05-12 10:00:00,29464.0
2012-05-12 11:00:00,29725.0
2012-05-12 12:00:00,37423.0
2012-05-12 13:00:00,36346.0
2012-05-12 14:00:00,36078.0
2012-05-12 15:00:00,36036.0
2012-05-12 16:00:00,36741.0
2012-05-12 17:00:00,37498.0
2012-05-12 18:00:00,36624.0
2012-05-12 19:00:00,36305.0
2012-05-12 20:00:00,32978.0
2012-05-12 21:00:00,30440.0
2012-05-12 22:00:00,30146.0
2012-05-12 23:00:00,28792.0
2012-05-13 00:00:00,21919.0
2012-05-13 01:00:00,16725.0
2012-05-13 02:00:00,15885.0
2012-05-13 03:00:00,15263.0
2012-05-13 04:00:00,15969.0
2012-05-13 05:00:00,15902.0
2012-05-13 06:00:00,18960.0
2012-05-13 07:00:00,23380.0
2012-05-13 08:00:00,24161.0
2012-05-13 09:00:00,29893.0
2012-05-13 10:00:00,27380.0
2012-05-13 11:00:00,27632.0
2012-05-13 12:00:00,29052.0
2012-05-13 13:00:00,30397.0
2012-05-13 14:00:00,30491.0
2012-05-13 15:00:00,29649.0
2012-05-13 16:00:00,29876.0
2012-05-13 17:00:00,30859.0
2012-05-13 18:00:00,30389.0
2012-05-13 19:00:00,31053.0
2012-05-13 20:00:00,30692.0
2012-05-13 21:00:00,30431.0
2012-05-13 22:00:00,28767.0
2012-05-13 23:00:00,21842.0
2012-05-14 00:00:00,17364.0
2012-05-14 01:00:00,16061.0
2012-05-14 02:00:00,15658.0
2012-05-14 03:00:00,15070.0
2012-05-14 04:00:00,15842.0
2012-05-14 05:00:00,15867.0
2012-05-14 06:00:00,17329.0
2012-05-14 07:00:00,19280.0
2012-05-14 08:00:00,21439.0
2012-05-14 09:00:00,28683.0
2012-05-14 10:00:00,29405.0
2012-05-14 11:00:00,28867.0
2012-05-14 12:00:00,35690.0
2012-05-14 13:00:00,35355.0
2012-05-14 14:00:00,35070.0
2012-05-14 15:00:00,34205.0
2012-05-14 16:00:00,35070.0
2012-05-14 17:00:00,34648.0
2012-05-14 18:00:00,30868.0
2012-05-14 19:00:00,30421.0
2012-05-14 20:00:00,30826.0
2012-05-14 21:00:00,29548.0
2012-05-14 22:00:00,28666.0
2012-05-14 23:00:00,22515.0
2012-05-15 00:00:00,18313.0
2012-05-15 01:00:00,16927.0
2012-05-15 02:00:00,19397.0
2012-05-15 03:00:00,18431.0
2012-05-15 04:00:00,15161.0
2012-05-15 05:00:00,20329.0
2012-05-15 06:00:00,21330.0
2012-05-15 07:00:00,21674.0
2012-05-15 08:00:00,22396.0
2012-05-15 09:00:00,28952.0
2012-05-15 10:00:00,30708.0
2012-05-15 11:00:00,26380.0
2012-05-15 12:00:00,27245.0
2012-05-15 13:00:00,32515.0
2012-05-15 14:00:00,33347.0
2012-05-15 15:00:00,33052.0
2012-05-15 16:00:00,34153.0
2012-05-15 17:00:00,34422.0
2012-05-15 18:00:00,33775.0
2012-05-15 19:00:00,33632.0
2012-05-15 20:00:00,31944.0
2012-05-15 21:00:00,30279.0
2012-05-15 22:00:00,29633.0
2012-05-15 23:00:00,24018.0
2012-05-16 00:00:00,19984.0
2012-05-16 01:00:00,19363.0
2012-05-16 02:00:00,18986.0
2012-05-16 03:00:00,18465.0
2012-05-16 04:00:00,19144.0
2012-05-16 05:00:00,19229.0
2012-05-16 06:00:00,24490.0
2012-05-16 07:00:00,25716.0
2012-05-16 08:00:00,27279.0
2012-05-16 09:00:00,34465.0
2012-05-16 10:00:00,32599.0
2012-05-16 11:00:00,33557.0
2012-05-16 12:00:00,36935.0
2012-05-16 13:00:00,39086.0
2012-05-16 14:00:00,40489.0
2012-05-16 15:00:00,41565.0
2012-05-16 16:00:00,42741.0
2012-05-16 17:00:00,43826.0
2012-05-16 18:00:00,41960.0
2012-05-16 19:00:00,39993.0
2012-05-16 20:00:00,34816.0
2012-05-16 21:00:00,32666.0
2012-05-16 22:00:00,30935.0
2012-05-16 23:00:00,24423.0
2012-05-17 00:00:00,19077.0
2012-05-17 01:00:00,17741.0
2012-05-17 02:00:00,17296.0
2012-05-17 03:00:00,16516.0
2012-05-17 04:00:00,17178.0
2012-05-17 05:00:00,17061.0
2012-05-17 06:00:00,23717.0
2012-05-17 07:00:00,24733.0
2012-05-17 08:00:00,25163.0
2012-05-17 09:00:00,32472.0
2012-05-17 10:00:00,32488.0
2012-05-17 11:00:00,32061.0
2012-05-17 12:00:00,34623.0
2012-05-17 13:00:00,35799.0
2012-05-17 14:00:00,36162.0
2012-05-17 15:00:00,36221.0
2012-05-17 16:00:00,35801.0
2012-05-17 17:00:00,36103.0
2012-05-17 18:00:00,34725.0
2012-05-17 19:00:00,34078.0
2012-05-17 20:00:00,31548.0
2012-05-17 21:00:00,30187.0
2012-05-17 22:00:00,28749.0
2012-05-17 23:00:00,22414.0
2012-05-18 00:00:00,18019.0
2012-05-18 01:00:00,16540.0
2012-05-18 02:00:00,16052.0
2012-05-18 03:00:00,15136.0
2012-05-18 04:00:00,15834.0
2012-05-18 05:00:00,15968.0
2012-05-18 06:00:00,21986.0
2012-05-18 07:00:00,24355.0
2012-05-18 08:00:00,25691.0
2012-05-18 09:00:00,31927.0
2012-05-18 10:00:00,29909.0
2012-05-18 11:00:00,29480.0
2012-05-18 12:00:00,35330.0
2012-05-18 13:00:00,35221.0
2012-05-18 14:00:00,34926.0
2012-05-18 15:00:00,34589.0
2012-05-18 16:00:00,34767.0
2012-05-18 17:00:00,35397.0
2012-05-18 18:00:00,34691.0
2012-05-18 19:00:00,34071.0
2012-05-18 20:00:00,31581.0
2012-05-18 21:00:00,29758.0
2012-05-18 22:00:00,28229.0
2012-05-18 23:00:00,27522.0
2012-05-19 00:00:00,21380.0
2012-05-19 01:00:00,16548.0
2012-05-19 02:00:00,15667.0
2012-05-19 03:00:00,14825.0
2012-05-19 04:00:00,15557.0
2012-05-19 05:00:00,15196.0
2012-05-19 06:00:00,19607.0
2012-05-19 07:00:00,21783.0
2012-05-19 08:00:00,22801.0
2012-05-19 09:00:00,29229.0
2012-05-19 10:00:00,26187.0
2012-05-19 11:00:00,27859.0
2012-05-19 12:00:00,28943.0
2012-05-19 13:00:00,29153.0
2012-05-19 14:00:00,28633.0
2012-05-19 15:00:00,27992.0
2012-05-19 16:00:00,28767.0
2012-05-19 17:00:00,29540.0
2012-05-19 18:00:00,29573.0
2012-05-19 19:00:00,29572.0
2012-05-19 20:00:00,29507.0
2012-05-19 21:00:00,29288.0
2012-05-19 22:00:00,27935.0
2012-05-19 23:00:00,27110.0
2012-05-20 00:00:00,20724.0
2012-05-20 01:00:00,15398.0
2012-05-20 02:00:00,14994.0
2012-05-20 03:00:00,14616.0
2012-05-20 04:00:00,15170.0
2012-05-20 05:00:00,14507.0
2012-05-20 06:00:00,16305.0
2012-05-20 07:00:00,17910.0
2012-05-20 08:00:00,19524.0
2012-05-20 09:00:00,26003.0
2012-05-20 10:00:00,26045.0
2012-05-20 11:00:00,26339.0
2012-05-20 12:00:00,27632.0
2012-05-20 13:00:00,28095.0
2012-05-20 14:00:00,27632.0
2012-05-20 15:00:00,27347.0
2012-05-20 16:00:00,28288.0
2012-05-20 17:00:00,28447.0
2012-05-20 18:00:00,28405.0
2012-05-20 19:00:00,28675.0
2012-05-20 20:00:00,29103.0
2012-05-20 21:00:00,28186.0
2012-05-20 22:00:00,27255.0
2012-05-20 23:00:00,20699.0
2012-05-21 00:00:00,16800.0
2012-05-21 01:00:00,14825.0
2012-05-21 02:00:00,14658.0
2012-05-21 03:00:00,13960.0
2012-05-21 04:00:00,14397.0
2012-05-21 05:00:00,14675.0
2012-05-21 06:00:00,17691.0
2012-05-21 07:00:00,19186.0
2012-05-21 08:00:00,26070.0
2012-05-21 09:00:00,30633.0
2012-05-21 10:00:00,28624.0
2012-05-21 11:00:00,28809.0
2012-05-21 12:00:00,33817.0
2012-05-21 13:00:00,33381.0
2012-05-21 14:00:00,33011.0
2012-05-21 15:00:00,30011.0
2012-05-21 16:00:00,29095.0
2012-05-21 17:00:00,30438.0
2012-05-21 18:00:00,29993.0
2012-05-21 19:00:00,29615.0
2012-05-21 20:00:00,28960.0
2012-05-21 21:00:00,28809.0
2012-05-21 22:00:00,28111.0
2012-05-21 23:00:00,21422.0
2012-05-22 00:00:00,17338.0
2012-05-22 01:00:00,16289.0
2012-05-22 02:00:00,15641.0
2012-05-22 03:00:00,14792.0
2012-05-22 04:00:00,15221.0
2012-05-22 05:00:00,15447.0
2012-05-22 06:00:00,17548.0
2012-05-22 07:00:00,19574.0
2012-05-22 08:00:00,20707.0
2012-05-22 09:00:00,28364.0
2012-05-22 10:00:00,29472.0
2012-05-22 11:00:00,29237.0
2012-05-22 12:00:00,29590.0
2012-05-22 13:00:00,29574.0
2012-05-22 14:00:00,29784.0
2012-05-22 15:00:00,29768.0
2012-05-22 16:00:00,30322.0
2012-05-22 17:00:00,30775.0
2012-05-22 18:00:00,30372.0
2012-05-22 19:00:00,29615.0
2012-05-22 20:00:00,29625.0
2012-05-22 21:00:00,28531.0
2012-05-22 22:00:00,27901.0
2012-05-22 23:00:00,21783.0
2012-05-23 00:00:00,17414.0
2012-05-23 01:00:00,16028.0
2012-05-23 02:00:00,15582.0
2012-05-23 03:00:00,15095.0
2012-05-23 04:00:00,15062.0
2012-05-23 05:00:00,15338.0
2012-05-23 06:00:00,22263.0
2012-05-23 07:00:00,23254.0
2012-05-23 08:00:00,24312.0
2012-05-23 09:00:00,31136.0
2012-05-23 10:00:00,28522.0
2012-05-23 11:00:00,29816.0
2012-05-23 12:00:00,37623.0
2012-05-23 13:00:00,37263.0
2012-05-23 14:00:00,37229.0
2012-05-23 15:00:00,37128.0
2012-05-23 16:00:00,38296.0
2012-05-23 17:00:00,38456.0
2012-05-23 18:00:00,36792.0
2012-05-23 19:00:00,36599.0
2012-05-23 20:00:00,32355.0
2012-05-23 21:00:00,30540.0
2012-05-23 22:00:00,29338.0
2012-05-23 23:00:00,22582.0
2012-05-24 00:00:00,17363.0
2012-05-24 01:00:00,15548.0
2012-05-24 02:00:00,15935.0
2012-05-24 03:00:00,14809.0
2012-05-24 04:00:00,14867.0
2012-05-24 05:00:00,15229.0
2012-05-24 06:00:00,21641.0
2012-05-24 07:00:00,23036.0
2012-05-24 08:00:00,25557.0
2012-05-24 09:00:00,32749.0
2012-05-24 10:00:00,28909.0
2012-05-24 11:00:00,30178.0
2012-05-24 12:00:00,37591.0
2012-05-24 13:00:00,37667.0
2012-05-24 14:00:00,37162.0
2012-05-24 15:00:00,36405.0
2012-05-24 16:00:00,36876.0
2012-05-24 17:00:00,37246.0
2012-05-24 18:00:00,36204.0
2012-05-24 19:00:00,35027.0
2012-05-24 20:00:00,32019.0
2012-05-24 21:00:00,29607.0
2012-05-24 22:00:00,28700.0
2012-05-24 23:00:00,22372.0
2012-05-25 00:00:00,16909.0
2012-05-25 01:00:00,15917.0
2012-05-25 02:00:00,16011.0
2012-05-25 03:00:00,14952.0
2012-05-25 04:00:00,15389.0
2012-05-25 05:00:00,16035.0
2012-05-25 06:00:00,22129.0
2012-05-25 07:00:00,23944.0
2012-05-25 08:00:00,25464.0
2012-05-25 09:00:00,32061.0
2012-05-25 10:00:00,29590.0
2012-05-25 11:00:00,29347.0
2012-05-25 12:00:00,35338.0
2012-05-25 13:00:00,34860.0
2012-05-25 14:00:00,35759.0
2012-05-25 15:00:00,34783.0
2012-05-25 16:00:00,34993.0
2012-05-25 17:00:00,35833.0
2012-05-25 18:00:00,35011.0
2012-05-25 19:00:00,34170.0
2012-05-25 20:00:00,31187.0
2012-05-25 21:00:00,29271.0
2012-05-25 22:00:00,28574.0
2012-05-25 23:00:00,27700.0
2012-05-26 00:00:00,21641.0
2012-05-26 01:00:00,15632.0
2012-05-26 02:00:00,15229.0
2012-05-26 03:00:00,14314.0
2012-05-26 04:00:00,15413.0
2012-05-26 05:00:00,15673.0
2012-05-26 06:00:00,20464.0
2012-05-26 07:00:00,21195.0
2012-05-26 08:00:00,23733.0
2012-05-26 09:00:00,29372.0
2012-05-26 10:00:00,26935.0
2012-05-26 11:00:00,28414.0
2012-05-26 12:00:00,33431.0
2012-05-26 13:00:00,32835.0
2012-05-26 14:00:00,32633.0
2012-05-26 15:00:00,32178.0
2012-05-26 16:00:00,32884.0
2012-05-26 17:00:00,33901.0
2012-05-26 18:00:00,33868.0
2012-05-26 19:00:00,33893.0
2012-05-26 20:00:00,31372.0
2012-05-26 21:00:00,29707.0
2012-05-26 22:00:00,28313.0
2012-05-26 23:00:00,27657.0
2012-05-27 00:00:00,21463.0
2012-05-27 01:00:00,15985.0
2012-05-27 02:00:00,15389.0
2012-05-27 03:00:00,14826.0
2012-05-27 04:00:00,14825.0
2012-05-27 05:00:00,14843.0
2012-05-27 06:00:00,19724.0
2012-05-27 07:00:00,21120.0
2012-05-27 08:00:00,23220.0
2012-05-27 09:00:00,28767.0
2012-05-27 10:00:00,27363.0
2012-05-27 11:00:00,27128.0
2012-05-27 12:00:00,33287.0
2012-05-27 13:00:00,32162.0
2012-05-27 14:00:00,32548.0
2012-05-27 15:00:00,32296.0
2012-05-27 16:00:00,32808.0
2012-05-27 17:00:00,32835.0
2012-05-27 18:00:00,33379.0
2012-05-27 19:00:00,33355.0
2012-05-27 20:00:00,30740.0
2012-05-27 21:00:00,28858.0
2012-05-27 22:00:00,28145.0
2012-05-27 23:00:00,21758.0
2012-05-28 00:00:00,17582.0
2012-05-28 01:00:00,15935.0
2012-05-28 02:00:00,15246.0
2012-05-28 03:00:00,14565.0
2012-05-28 04:00:00,15179.0
2012-05-28 05:00:00,15204.0
2012-05-28 06:00:00,20892.0
2012-05-28 07:00:00,22775.0
2012-05-28 08:00:00,24204.0
2012-05-28 09:00:00,30245.0
2012-05-28 10:00:00,28355.0
2012-05-28 11:00:00,29994.0
2012-05-28 12:00:00,35876.0
2012-05-28 13:00:00,36061.0
2012-05-28 14:00:00,35690.0
2012-05-28 15:00:00,35590.0
2012-05-28 16:00:00,35406.0
2012-05-28 17:00:00,35581.0
2012-05-28 18:00:00,34919.0
2012-05-28 19:00:00,33506.0
2012-05-28 20:00:00,30994.0
2012-05-28 21:00:00,29221.0
2012-05-28 22:00:00,28380.0
2012-05-28 23:00:00,21657.0
2012-05-29 00:00:00,17145.0
2012-05-29 01:00:00,15809.0
2012-05-29 02:00:00,15338.0
2012-05-29 03:00:00,14556.0
2012-05-29 04:00:00,15220.0
2012-05-29 05:00:00,15422.0
2012-05-29 06:00:00,20481.0
2012-05-29 07:00:00,22473.0
2012-05-29 08:00:00,23783.0
2012-05-29 09:00:00,29784.0
2012-05-29 10:00:00,27355.0
2012-05-29 11:00:00,28825.0
2012-05-29 12:00:00,35800.0
2012-05-29 13:00:00,34851.0
2012-05-29 14:00:00,34691.0
2012-05-29 15:00:00,34843.0
2012-05-29 16:00:00,35129.0
2012-05-29 17:00:00,35027.0
2012-05-29 18:00:00,35119.0
2012-05-29 19:00:00,34465.0
2012-05-29 20:00:00,31843.0
2012-05-29 21:00:00,29792.0
2012-05-29 22:00:00,28615.0
2012-05-29 23:00:00,22262.0
2012-05-30 00:00:00,17321.0
2012-05-30 01:00:00,16187.0
2012-05-30 02:00:00,15649.0
2012-05-30 03:00:00,15539.0
2012-05-30 04:00:00,15910.0
2012-05-30 05:00:00,16060.0
2012-05-30 06:00:00,21767.0
2012-05-30 07:00:00,23800.0
2012-05-30 08:00:00,25489.0
2012-05-30 09:00:00,31422.0
2012-05-30 10:00:00,28532.0
2012-05-30 11:00:00,30019.0
2012-05-30 12:00:00,30675.0
2012-05-30 13:00:00,31456.0
2012-05-30 14:00:00,31582.0
2012-05-30 15:00:00,32002.0
2012-05-30 16:00:00,32876.0
2012-05-30 17:00:00,33238.0
2012-05-30 18:00:00,32859.0
2012-05-30 19:00:00,32439.0
2012-05-30 20:00:00,32103.0
2012-05-30 21:00:00,30851.0
2012-05-30 22:00:00,30027.0
2012-05-30 23:00:00,23204.0
2012-05-31 00:00:00,18002.0
2012-05-31 01:00:00,16607.0
2012-05-31 02:00:00,16077.0
2012-05-31 03:00:00,15666.0
2012-05-31 04:00:00,15708.0
2012-05-31 05:00:00,15875.0
2012-05-31 06:00:00,22499.0
2012-05-31 07:00:00,24548.0
2012-05-31 08:00:00,26968.0
2012-05-31 09:00:00,35052.0
2012-05-31 10:00:00,35465.0
2012-05-31 11:00:00,35994.0
2012-05-31 12:00:00,42725.0
2012-05-31 13:00:00,42397.0
2012-05-31 14:00:00,43339.0
2012-05-31 15:00:00,44531.0
2012-05-31 16:00:00,46607.0
2012-05-31 17:00:00,34565.0
2012-05-31 18:00:00,40673.0
2012-05-31 19:00:00,38136.0
2012-05-31 20:00:00,35464.0
2012-05-31 21:00:00,33397.0
2012-05-31 22:00:00,31380.0
2012-05-31 23:00:00,24650.0
2012-06-01 00:00:00,19111.0
2012-06-01 01:00:00,17741.0
2012-06-01 02:00:00,16648.0
2012-06-01 03:00:00,16574.0
2012-06-01 04:00:00,16548.0
2012-06-01 05:00:00,16540.0
2012-06-01 06:00:00,23750.0
2012-06-01 07:00:00,24136.0
2012-06-01 08:00:00,26380.0
2012-06-01 09:00:00,34405.0
2012-06-01 10:00:00,32169.0
2012-06-01 11:00:00,33280.0
2012-06-01 12:00:00,37725.0
2012-06-01 13:00:00,38591.0
2012-06-01 14:00:00,37565.0
2012-06-01 15:00:00,37396.0
2012-06-01 16:00:00,37792.0
2012-06-01 17:00:00,38826.0
2012-06-01 18:00:00,39128.0
2012-06-01 19:00:00,38675.0
2012-06-01 20:00:00,34203.0
2012-06-01 21:00:00,31783.0
2012-06-01 22:00:00,30380.0
2012-06-01 23:00:00,29263.0
2012-06-02 00:00:00,23371.0
2012-06-02 01:00:00,17968.0
2012-06-02 02:00:00,17171.0
2012-06-02 03:00:00,16405.0
2012-06-02 04:00:00,16331.0
2012-06-02 05:00:00,16541.0
2012-06-02 06:00:00,21490.0
2012-06-02 07:00:00,23204.0
2012-06-02 08:00:00,25221.0
2012-06-02 09:00:00,31179.0
2012-06-02 10:00:00,29346.0
2012-06-02 11:00:00,29321.0
2012-06-02 12:00:00,34061.0
2012-06-02 13:00:00,33657.0
2012-06-02 14:00:00,33120.0
2012-06-02 15:00:00,32716.0
2012-06-02 16:00:00,32699.0
2012-06-02 17:00:00,33186.0
2012-06-02 18:00:00,34607.0
2012-06-02 19:00:00,34666.0
2012-06-02 20:00:00,32850.0
2012-06-02 21:00:00,31036.0
2012-06-02 22:00:00,29238.0
2012-06-02 23:00:00,28775.0
2012-06-03 00:00:00,22801.0
2012-06-03 01:00:00,17389.0
2012-06-03 02:00:00,16330.0
2012-06-03 03:00:00,15977.0
2012-06-03 04:00:00,16052.0
2012-06-03 05:00:00,16541.0
2012-06-03 06:00:00,20464.0
2012-06-03 07:00:00,21640.0
2012-06-03 08:00:00,24951.0
2012-06-03 09:00:00,31111.0
2012-06-03 10:00:00,28103.0
2012-06-03 11:00:00,28918.0
2012-06-03 12:00:00,34112.0
2012-06-03 13:00:00,33254.0
2012-06-03 14:00:00,33338.0
2012-06-03 15:00:00,32625.0
2012-06-03 16:00:00,32775.0
2012-06-03 17:00:00,33288.0
2012-06-03 18:00:00,33665.0
2012-06-03 19:00:00,34111.0
2012-06-03 20:00:00,31228.0
2012-06-03 21:00:00,30187.0
2012-06-03 22:00:00,29254.0
2012-06-03 23:00:00,22641.0
2012-06-04 00:00:00,17801.0
2012-06-04 01:00:00,15918.0
2012-06-04 02:00:00,15884.0
2012-06-04 03:00:00,15422.0
2012-06-04 04:00:00,15825.0
2012-06-04 05:00:00,15850.0
2012-06-04 06:00:00,20607.0
2012-06-04 07:00:00,22565.0
2012-06-04 08:00:00,24699.0
2012-06-04 09:00:00,31800.0
2012-06-04 10:00:00,30212.0
2012-06-04 11:00:00,32145.0
2012-06-04 12:00:00,37313.0
2012-06-04 13:00:00,37649.0
2012-06-04 14:00:00,37381.0
2012-06-04 15:00:00,37322.0
2012-06-04 16:00:00,37422.0
2012-06-04 17:00:00,37700.0
2012-06-04 18:00:00,38103.0
2012-06-04 19:00:00,37835.0
2012-06-04 20:00:00,35842.0
2012-06-04 21:00:00,34415.0
2012-06-04 22:00:00,33061.0
2012-06-04 23:00:00,26799.0
2012-06-05 00:00:00,21682.0
2012-06-05 01:00:00,18532.0
2012-06-05 02:00:00,18388.0
2012-06-05 03:00:00,17800.0
2012-06-05 04:00:00,18145.0
2012-06-05 05:00:00,18918.0
2012-06-05 06:00:00,22380.0
2012-06-05 07:00:00,23901.0
2012-06-05 08:00:00,26363.0
2012-06-05 09:00:00,33439.0
2012-06-05 10:00:00,31422.0
2012-06-05 11:00:00,32455.0
2012-06-05 12:00:00,37918.0
2012-06-05 13:00:00,37456.0
2012-06-05 14:00:00,36867.0
2012-06-05 15:00:00,36817.0
2012-06-05 16:00:00,37532.0
2012-06-05 17:00:00,37229.0
2012-06-05 18:00:00,37087.0
2012-06-05 19:00:00,32061.0
2012-06-05 20:00:00,28262.0
2012-06-05 21:00:00,32792.0
2012-06-05 22:00:00,32179.0
2012-06-05 23:00:00,26623.0
2012-06-06 00:00:00,20574.0
2012-06-06 01:00:00,18230.0
2012-06-06 02:00:00,18095.0
2012-06-06 03:00:00,17657.0
2012-06-06 04:00:00,18262.0
2012-06-06 05:00:00,18170.0
2012-06-06 06:00:00,23095.0
2012-06-06 07:00:00,25246.0
2012-06-06 08:00:00,27640.0
2012-06-06 09:00:00,33145.0
2012-06-06 10:00:00,31817.0
2012-06-06 11:00:00,32212.0
2012-06-06 12:00:00,37455.0
2012-06-06 13:00:00,36549.0
2012-06-06 14:00:00,36843.0
2012-06-06 15:00:00,36229.0
2012-06-06 16:00:00,36809.0
2012-06-06 17:00:00,36841.0
2012-06-06 18:00:00,37137.0
2012-06-06 19:00:00,36464.0
2012-06-06 20:00:00,33717.0
2012-06-06 21:00:00,31951.0
2012-06-06 22:00:00,30700.0
2012-06-06 23:00:00,29917.0
2012-06-07 00:00:00,24102.0
2012-06-07 01:00:00,18397.0
2012-06-07 02:00:00,17288.0
2012-06-07 03:00:00,16320.0
2012-06-07 04:00:00,16707.0
2012-06-07 05:00:00,17120.0
2012-06-07 06:00:00,22985.0
2012-06-07 07:00:00,24766.0
2012-06-07 08:00:00,26388.0
2012-06-07 09:00:00,31909.0
2012-06-07 10:00:00,29707.0
2012-06-07 11:00:00,30111.0
2012-06-07 12:00:00,36473.0
2012-06-07 13:00:00,35766.0
2012-06-07 14:00:00,35161.0
2012-06-07 15:00:00,34120.0
2012-06-07 16:00:00,34447.0
2012-06-07 17:00:00,35044.0
2012-06-07 18:00:00,34843.0
2012-06-07 19:00:00,35430.0
2012-06-07 20:00:00,32531.0
2012-06-07 21:00:00,30800.0
2012-06-07 22:00:00,29532.0
2012-06-07 23:00:00,23421.0
2012-06-08 00:00:00,18876.0
2012-06-08 01:00:00,17177.0
2012-06-08 02:00:00,16985.0
2012-06-08 03:00:00,16094.0
2012-06-08 04:00:00,16817.0
2012-06-08 05:00:00,16927.0
2012-06-08 06:00:00,22051.0
2012-06-08 07:00:00,23145.0
2012-06-08 08:00:00,26128.0
2012-06-08 09:00:00,31648.0
2012-06-08 10:00:00,30313.0
2012-06-08 11:00:00,30490.0
2012-06-08 12:00:00,35313.0
2012-06-08 13:00:00,34784.0
2012-06-08 14:00:00,34473.0
2012-06-08 15:00:00,34775.0
2012-06-08 16:00:00,36263.0
2012-06-08 17:00:00,36011.0
2012-06-08 18:00:00,35312.0
2012-06-08 19:00:00,34633.0
2012-06-08 20:00:00,31984.0
2012-06-08 21:00:00,31187.0
2012-06-08 22:00:00,30506.0
2012-06-08 23:00:00,29094.0
2012-06-09 00:00:00,22321.0
2012-06-09 01:00:00,17598.0
2012-06-09 02:00:00,16951.0
2012-06-09 03:00:00,15952.0
2012-06-09 04:00:00,16489.0
2012-06-09 05:00:00,16162.0
2012-06-09 06:00:00,20447.0
2012-06-09 07:00:00,22633.0
2012-06-09 08:00:00,24111.0
2012-06-09 09:00:00,30750.0
2012-06-09 10:00:00,30497.0
2012-06-09 11:00:00,29498.0
2012-06-09 12:00:00,34027.0
2012-06-09 13:00:00,34540.0
2012-06-09 14:00:00,33514.0
2012-06-09 15:00:00,32708.0
2012-06-09 16:00:00,33448.0
2012-06-09 17:00:00,34263.0
2012-06-09 18:00:00,34397.0
2012-06-09 19:00:00,34464.0
2012-06-09 20:00:00,32221.0
2012-06-09 21:00:00,31507.0
2012-06-09 22:00:00,30195.0
2012-06-09 23:00:00,30481.0
2012-06-10 00:00:00,24363.0
2012-06-10 01:00:00,18069.0
2012-06-10 02:00:00,17380.0
2012-06-10 03:00:00,16515.0
2012-06-10 04:00:00,16909.0
2012-06-10 05:00:00,17196.0
2012-06-10 06:00:00,22439.0
2012-06-10 07:00:00,23692.0
2012-06-10 08:00:00,25901.0
2012-06-10 09:00:00,31220.0
2012-06-10 10:00:00,29430.0
2012-06-10 11:00:00,29539.0
2012-06-10 12:00:00,34448.0
2012-06-10 13:00:00,33304.0
2012-06-10 14:00:00,32942.0
2012-06-10 15:00:00,32993.0
2012-06-10 16:00:00,33060.0
2012-06-10 17:00:00,33960.0
2012-06-10 18:00:00,34211.0
2012-06-10 19:00:00,34911.0
2012-06-10 20:00:00,31423.0
2012-06-10 21:00:00,30414.0
2012-06-10 22:00:00,29978.0
2012-06-10 23:00:00,24011.0
2012-06-11 00:00:00,19456.0
2012-06-11 01:00:00,17069.0
2012-06-11 02:00:00,17120.0
2012-06-11 03:00:00,16295.0
2012-06-11 04:00:00,16674.0
2012-06-11 05:00:00,16826.0
2012-06-11 06:00:00,22859.0
2012-06-11 07:00:00,23927.0
2012-06-11 08:00:00,26044.0
2012-06-11 09:00:00,32154.0
2012-06-11 10:00:00,29313.0
2012-06-11 11:00:00,30851.0
2012-06-11 12:00:00,35868.0
2012-06-11 13:00:00,35405.0
2012-06-11 14:00:00,35800.0
2012-06-11 15:00:00,35137.0
2012-06-11 16:00:00,35245.0
2012-06-11 17:00:00,35582.0
2012-06-11 18:00:00,34968.0
2012-06-11 19:00:00,34313.0
2012-06-11 20:00:00,31548.0
2012-06-11 21:00:00,30263.0
2012-06-11 22:00:00,30111.0
2012-06-11 23:00:00,23716.0
2012-06-12 00:00:00,19758.0
2012-06-12 01:00:00,17876.0
2012-06-12 02:00:00,18036.0
2012-06-12 03:00:00,16860.0
2012-06-12 04:00:00,17532.0
2012-06-12 05:00:00,17985.0
2012-06-12 06:00:00,23229.0
2012-06-12 07:00:00,25245.0
2012-06-12 08:00:00,27590.0
2012-06-12 09:00:00,32515.0
2012-06-12 10:00:00,30624.0
2012-06-12 11:00:00,30968.0
2012-06-12 12:00:00,35885.0
2012-06-12 13:00:00,35732.0
2012-06-12 14:00:00,35892.0
2012-06-12 15:00:00,35027.0
2012-06-12 16:00:00,35421.0
2012-06-12 17:00:00,35263.0
2012-06-12 18:00:00,34740.0
2012-06-12 19:00:00,34111.0
2012-06-12 20:00:00,31296.0
2012-06-12 21:00:00,29792.0
2012-06-12 22:00:00,29388.0
2012-06-12 23:00:00,22893.0
2012-06-13 00:00:00,17993.0
2012-06-13 01:00:00,16523.0
2012-06-13 02:00:00,16238.0
2012-06-13 03:00:00,14943.0
2012-06-13 04:00:00,15809.0
2012-06-13 05:00:00,17431.0
2012-06-13 06:00:00,22371.0
2012-06-13 07:00:00,23447.0
2012-06-13 08:00:00,25296.0
2012-06-13 09:00:00,30860.0
2012-06-13 10:00:00,28724.0
2012-06-13 11:00:00,31473.0
2012-06-13 12:00:00,36279.0
2012-06-13 13:00:00,35254.0
2012-06-13 14:00:00,35019.0
2012-06-13 15:00:00,34860.0
2012-06-13 16:00:00,35169.0
2012-06-13 17:00:00,35069.0
2012-06-13 18:00:00,33851.0
2012-06-13 19:00:00,32918.0
2012-06-13 20:00:00,30876.0
2012-06-13 21:00:00,29582.0
2012-06-13 22:00:00,29422.0
2012-06-13 23:00:00,23825.0
2012-06-14 00:00:00,19220.0
2012-06-14 01:00:00,16943.0
2012-06-14 02:00:00,17162.0
2012-06-14 03:00:00,16624.0
2012-06-14 04:00:00,16876.0
2012-06-14 05:00:00,16767.0
2012-06-14 06:00:00,22776.0
2012-06-14 07:00:00,23809.0
2012-06-14 08:00:00,25943.0
2012-06-14 09:00:00,31968.0
2012-06-14 10:00:00,31246.0
2012-06-14 11:00:00,31792.0
2012-06-14 12:00:00,33768.0
2012-06-14 13:00:00,31750.0
2012-06-14 14:00:00,36632.0
2012-06-14 15:00:00,36102.0
2012-06-14 16:00:00,36758.0
2012-06-14 17:00:00,36011.0
2012-06-14 18:00:00,36085.0
2012-06-14 19:00:00,35119.0
2012-06-14 20:00:00,32212.0
2012-06-14 21:00:00,31338.0
2012-06-14 22:00:00,31363.0
2012-06-14 23:00:00,23548.0
2012-06-15 00:00:00,18220.0
2012-06-15 01:00:00,16557.0
2012-06-15 02:00:00,16742.0
2012-06-15 03:00:00,16011.0
2012-06-15 04:00:00,16573.0
2012-06-15 05:00:00,16808.0
2012-06-15 06:00:00,22801.0
2012-06-15 07:00:00,24640.0
2012-06-15 08:00:00,25851.0
2012-06-15 09:00:00,32623.0
2012-06-15 10:00:00,31389.0
2012-06-15 11:00:00,31657.0
2012-06-15 12:00:00,36742.0
2012-06-15 13:00:00,36523.0
2012-06-15 14:00:00,36775.0
2012-06-15 15:00:00,35960.0
2012-06-15 16:00:00,37187.0
2012-06-15 17:00:00,37632.0
2012-06-15 18:00:00,36649.0
2012-06-15 19:00:00,36237.0
2012-06-15 20:00:00,34354.0
2012-06-15 21:00:00,32287.0
2012-06-15 22:00:00,32045.0
2012-06-15 23:00:00,31456.0
2012-06-16 00:00:00,24943.0
2012-06-16 01:00:00,18522.0
2012-06-16 02:00:00,17480.0
2012-06-16 03:00:00,17128.0
2012-06-16 04:00:00,17817.0
2012-06-16 05:00:00,17701.0
2012-06-16 06:00:00,22195.0
2012-06-16 07:00:00,24439.0
2012-06-16 08:00:00,26581.0
2012-06-16 09:00:00,31985.0
2012-06-16 10:00:00,31313.0
2012-06-16 11:00:00,30927.0
2012-06-16 12:00:00,35716.0
2012-06-16 13:00:00,35439.0
2012-06-16 14:00:00,35061.0
2012-06-16 15:00:00,34591.0
2012-06-16 16:00:00,34665.0
2012-06-16 17:00:00,35329.0
2012-06-16 18:00:00,35658.0
2012-06-16 19:00:00,35070.0
2012-06-16 20:00:00,33246.0
2012-06-16 21:00:00,31439.0
2012-06-16 22:00:00,30490.0
2012-06-16 23:00:00,30423.0
2012-06-17 00:00:00,23497.0
2012-06-17 01:00:00,18212.0
2012-06-17 02:00:00,17775.0
2012-06-17 03:00:00,17145.0
2012-06-17 04:00:00,16943.0
2012-06-17 05:00:00,16893.0
2012-06-17 06:00:00,21481.0
2012-06-17 07:00:00,22295.0
2012-06-17 08:00:00,24128.0
2012-06-17 09:00:00,30405.0
2012-06-17 10:00:00,27472.0
2012-06-17 11:00:00,29741.0
2012-06-17 12:00:00,35120.0
2012-06-17 13:00:00,34758.0
2012-06-17 14:00:00,35238.0
2012-06-17 15:00:00,34683.0
2012-06-17 16:00:00,35279.0
2012-06-17 17:00:00,36372.0
2012-06-17 18:00:00,36531.0
2012-06-17 19:00:00,35968.0
2012-06-17 20:00:00,32749.0
2012-06-17 21:00:00,30699.0
2012-06-17 22:00:00,28800.0
2012-06-17 23:00:00,23262.0
2012-06-18 00:00:00,18186.0
2012-06-18 01:00:00,16943.0
2012-06-18 02:00:00,16843.0
2012-06-18 03:00:00,15893.0
2012-06-18 04:00:00,16204.0
2012-06-18 05:00:00,16355.0
2012-06-18 06:00:00,22078.0
2012-06-18 07:00:00,22556.0
2012-06-18 08:00:00,25043.0
2012-06-18 09:00:00,31153.0
2012-06-18 10:00:00,31069.0
2012-06-18 11:00:00,30457.0
2012-06-18 12:00:00,34665.0
2012-06-18 13:00:00,35061.0
2012-06-18 14:00:00,34742.0
2012-06-18 15:00:00,34641.0
2012-06-18 16:00:00,34885.0
2012-06-18 17:00:00,35497.0
2012-06-18 18:00:00,35507.0
2012-06-18 19:00:00,33935.0
2012-06-18 20:00:00,31440.0
2012-06-18 21:00:00,30246.0
2012-06-18 22:00:00,29691.0
2012-06-18 23:00:00,23590.0
2012-06-19 00:00:00,18346.0
2012-06-19 01:00:00,16876.0
2012-06-19 02:00:00,16499.0
2012-06-19 03:00:00,16246.0
2012-06-19 04:00:00,16128.0
2012-06-19 05:00:00,16524.0
2012-06-19 06:00:00,21859.0
2012-06-19 07:00:00,23288.0
2012-06-19 08:00:00,24993.0
2012-06-19 09:00:00,31305.0
2012-06-19 10:00:00,30052.0
2012-06-19 11:00:00,30565.0
2012-06-19 12:00:00,35170.0
2012-06-19 13:00:00,35414.0
2012-06-19 14:00:00,35564.0
2012-06-19 15:00:00,35287.0
2012-06-19 16:00:00,35833.0
2012-06-19 17:00:00,36036.0
2012-06-19 18:00:00,35448.0
2012-06-19 19:00:00,34733.0
2012-06-19 20:00:00,32237.0
2012-06-19 21:00:00,30380.0
2012-06-19 22:00:00,29842.0
2012-06-19 23:00:00,23245.0
2012-06-20 00:00:00,19112.0
2012-06-20 01:00:00,17372.0
2012-06-20 02:00:00,17212.0
2012-06-20 03:00:00,16540.0
2012-06-20 04:00:00,16976.0
2012-06-20 05:00:00,17203.0
2012-06-20 06:00:00,22952.0
2012-06-20 07:00:00,22565.0
2012-06-20 08:00:00,25313.0
2012-06-20 09:00:00,32229.0
2012-06-20 10:00:00,31270.0
2012-06-20 11:00:00,31019.0
2012-06-20 12:00:00,35675.0
2012-06-20 13:00:00,35002.0
2012-06-20 14:00:00,34834.0
2012-06-20 15:00:00,34246.0
2012-06-20 16:00:00,34422.0
2012-06-20 17:00:00,34591.0
2012-06-20 18:00:00,33472.0
2012-06-20 19:00:00,33094.0
2012-06-20 20:00:00,30909.0
2012-06-20 21:00:00,29699.0
2012-06-20 22:00:00,29228.0
2012-06-20 23:00:00,23590.0
2012-06-21 00:00:00,18187.0
2012-06-21 01:00:00,16960.0
2012-06-21 02:00:00,16944.0
2012-06-21 03:00:00,15918.0
2012-06-21 04:00:00,16776.0
2012-06-21 05:00:00,18666.0
2012-06-21 06:00:00,24481.0
2012-06-21 07:00:00,27497.0
2012-06-21 08:00:00,29279.0
2012-06-21 09:00:00,33137.0
2012-06-21 10:00:00,29926.0
2012-06-21 11:00:00,31782.0
2012-06-21 12:00:00,36354.0
2012-06-21 13:00:00,36734.0
2012-06-21 14:00:00,36960.0
2012-06-21 15:00:00,36154.0
2012-06-21 16:00:00,36094.0
2012-06-21 17:00:00,36102.0
2012-06-21 18:00:00,35875.0
2012-06-21 19:00:00,34649.0
2012-06-21 20:00:00,31388.0
2012-06-21 21:00:00,30398.0
2012-06-21 22:00:00,29615.0
2012-06-21 23:00:00,23758.0
2012-06-22 00:00:00,18935.0
2012-06-22 01:00:00,16659.0
2012-06-22 02:00:00,16481.0
2012-06-22 03:00:00,15607.0
2012-06-22 04:00:00,16909.0
2012-06-22 05:00:00,16321.0
2012-06-22 06:00:00,21860.0
2012-06-22 07:00:00,22565.0
2012-06-22 08:00:00,24791.0
2012-06-22 09:00:00,31061.0
2012-06-22 10:00:00,29288.0
2012-06-22 11:00:00,30456.0
2012-06-22 12:00:00,35934.0
2012-06-22 13:00:00,35556.0
2012-06-22 14:00:00,35103.0
2012-06-22 15:00:00,35010.0
2012-06-22 16:00:00,35262.0
2012-06-22 17:00:00,35338.0
2012-06-22 18:00:00,35539.0
2012-06-22 19:00:00,35186.0
2012-06-22 20:00:00,32927.0
2012-06-22 21:00:00,30271.0
2012-06-22 22:00:00,29868.0
2012-06-22 23:00:00,29120.0
2012-06-23 00:00:00,22700.0
2012-06-23 01:00:00,17557.0
2012-06-23 02:00:00,17179.0
2012-06-23 03:00:00,16549.0
2012-06-23 04:00:00,16792.0
2012-06-23 05:00:00,16279.0
2012-06-23 06:00:00,21691.0
2012-06-23 07:00:00,22506.0
2012-06-23 08:00:00,28254.0
2012-06-23 09:00:00,31734.0
2012-06-23 10:00:00,28380.0
2012-06-23 11:00:00,29338.0
2012-06-23 12:00:00,34851.0
2012-06-23 13:00:00,35028.0
2012-06-23 14:00:00,34540.0
2012-06-23 15:00:00,34069.0
2012-06-23 16:00:00,33784.0
2012-06-23 17:00:00,33725.0
2012-06-23 18:00:00,34397.0
2012-06-23 19:00:00,34557.0
2012-06-23 20:00:00,32069.0
2012-06-23 21:00:00,30236.0
2012-06-23 22:00:00,28977.0
2012-06-23 23:00:00,28591.0
2012-06-24 00:00:00,21943.0
2012-06-24 01:00:00,16658.0
2012-06-24 02:00:00,16229.0
2012-06-24 03:00:00,15909.0
2012-06-24 04:00:00,16271.0
2012-06-24 05:00:00,16573.0
2012-06-24 06:00:00,21607.0
2012-06-24 07:00:00,21742.0
2012-06-24 08:00:00,24658.0
2012-06-24 09:00:00,30682.0
2012-06-24 10:00:00,28052.0
2012-06-24 11:00:00,28976.0
2012-06-24 12:00:00,35708.0
2012-06-24 13:00:00,35304.0
2012-06-24 14:00:00,35741.0
2012-06-24 15:00:00,35431.0
2012-06-24 16:00:00,35632.0
2012-06-24 17:00:00,35783.0
2012-06-24 18:00:00,35699.0
2012-06-24 19:00:00,36153.0
2012-06-24 20:00:00,33146.0
2012-06-24 21:00:00,30919.0
2012-06-24 22:00:00,29725.0
2012-06-24 23:00:00,24338.0
2012-06-25 00:00:00,19523.0
2012-06-25 01:00:00,17758.0
2012-06-25 02:00:00,17556.0
2012-06-25 03:00:00,16649.0
2012-06-25 04:00:00,17019.0
2012-06-25 05:00:00,17388.0
2012-06-25 06:00:00,23910.0
2012-06-25 07:00:00,25867.0
2012-06-25 08:00:00,29440.0
2012-06-25 09:00:00,35557.0
2012-06-25 10:00:00,32364.0
2012-06-25 11:00:00,34834.0
2012-06-25 12:00:00,42758.0
2012-06-25 13:00:00,42801.0
2012-06-25 14:00:00,43237.0
2012-06-25 15:00:00,44087.0
2012-06-25 16:00:00,45162.0
2012-06-25 17:00:00,45085.0
2012-06-25 18:00:00,43380.0
2012-06-25 19:00:00,42675.0
2012-06-25 20:00:00,37456.0
2012-06-25 21:00:00,34094.0
2012-06-25 22:00:00,32515.0
2012-06-25 23:00:00,26591.0
2012-06-26 00:00:00,22499.0
2012-06-26 01:00:00,20203.0
2012-06-26 02:00:00,19439.0
2012-06-26 03:00:00,18304.0
2012-06-26 04:00:00,18868.0
2012-06-26 05:00:00,18456.0
2012-06-26 06:00:00,26372.0
2012-06-26 07:00:00,28405.0
2012-06-26 08:00:00,32010.0
2012-06-26 09:00:00,38692.0
2012-06-26 10:00:00,34616.0
2012-06-26 11:00:00,36640.0
2012-06-26 12:00:00,46314.0
2012-06-26 13:00:00,45666.0
2012-06-26 14:00:00,46977.0
2012-06-26 15:00:00,44960.0
2012-06-26 16:00:00,45347.0
2012-06-26 17:00:00,47237.0
2012-06-26 18:00:00,46246.0
2012-06-26 19:00:00,44825.0
2012-06-26 20:00:00,39565.0
2012-06-26 21:00:00,35203.0
2012-06-26 22:00:00,34885.0
2012-06-26 23:00:00,28607.0
2012-06-27 00:00:00,22909.0
2012-06-27 01:00:00,19843.0
2012-06-27 02:00:00,19884.0
2012-06-27 03:00:00,18792.0
2012-06-27 04:00:00,19498.0
2012-06-27 05:00:00,19135.0
2012-06-27 06:00:00,26683.0
2012-06-27 07:00:00,31062.0
2012-06-27 08:00:00,33657.0
2012-06-27 09:00:00,38615.0
2012-06-27 10:00:00,33221.0
2012-06-27 11:00:00,34060.0
2012-06-27 12:00:00,40305.0
2012-06-27 13:00:00,42448.0
2012-06-27 14:00:00,42884.0
2012-06-27 15:00:00,42262.0
2012-06-27 16:00:00,41381.0
2012-06-27 17:00:00,40616.0
2012-06-27 18:00:00,39305.0
2012-06-27 19:00:00,38329.0
2012-06-27 20:00:00,34708.0
2012-06-27 21:00:00,31002.0
2012-06-27 22:00:00,29925.0
2012-06-27 23:00:00,23103.0
2012-06-28 00:00:00,19037.0
2012-06-28 01:00:00,17523.0
2012-06-28 02:00:00,17397.0
2012-06-28 03:00:00,16649.0
2012-06-28 04:00:00,17144.0
2012-06-28 05:00:00,17397.0
2012-06-28 06:00:00,24507.0
2012-06-28 07:00:00,27246.0
2012-06-28 08:00:00,29229.0
2012-06-28 09:00:00,35120.0
2012-06-28 10:00:00,32247.0
2012-06-28 11:00:00,32288.0
2012-06-28 12:00:00,37894.0
2012-06-28 13:00:00,40154.0
2012-06-28 14:00:00,38977.0
2012-06-28 15:00:00,38036.0
2012-06-28 16:00:00,38784.0
2012-06-28 17:00:00,40120.0
2012-06-28 18:00:00,38893.0
2012-06-28 19:00:00,37691.0
2012-06-28 20:00:00,33641.0
2012-06-28 21:00:00,30439.0
2012-06-28 22:00:00,29699.0
2012-06-28 23:00:00,23800.0
2012-06-29 00:00:00,19237.0
2012-06-29 01:00:00,18095.0
2012-06-29 02:00:00,17429.0
2012-06-29 03:00:00,16868.0
2012-06-29 04:00:00,17733.0
2012-06-29 05:00:00,17069.0
2012-06-29 06:00:00,23969.0
2012-06-29 07:00:00,26809.0
2012-06-29 08:00:00,28960.0
2012-06-29 09:00:00,35633.0
2012-06-29 10:00:00,31330.0
2012-06-29 11:00:00,31128.0
2012-06-29 12:00:00,37019.0
2012-06-29 13:00:00,38783.0
2012-06-29 14:00:00,38524.0
2012-06-29 15:00:00,38154.0
2012-06-29 16:00:00,38446.0
2012-06-29 17:00:00,38943.0
2012-06-29 18:00:00,38632.0
2012-06-29 19:00:00,37934.0
2012-06-29 20:00:00,33615.0
2012-06-29 21:00:00,30674.0
2012-06-29 22:00:00,29615.0
2012-06-29 23:00:00,28851.0
2012-06-30 00:00:00,23204.0
2012-06-30 01:00:00,18271.0
2012-06-30 02:00:00,18036.0
2012-06-30 03:00:00,16683.0
2012-06-30 04:00:00,17472.0
2012-06-30 05:00:00,17136.0
2012-06-30 06:00:00,22422.0
2012-06-30 07:00:00,25884.0
2012-06-30 08:00:00,29868.0
2012-06-30 09:00:00,33850.0
2012-06-30 10:00:00,29136.0
2012-06-30 11:00:00,29564.0
2012-06-30 12:00:00,34993.0
2012-06-30 13:00:00,36893.0
2012-06-30 14:00:00,35841.0
2012-06-30 15:00:00,34741.0
2012-06-30 16:00:00,35640.0
2012-06-30 17:00:00,35674.0
2012-06-30 18:00:00,36018.0
2012-06-30 19:00:00,36405.0
2012-06-30 20:00:00,32801.0
2012-06-30 21:00:00,30127.0
2012-06-30 22:00:00,29565.0
2012-06-30 23:00:00,28734.0
2012-07-01 00:00:00,22574.0
2012-07-01 01:00:00,17002.0
2012-07-01 02:00:00,16028.0
2012-07-01 03:00:00,15363.0
2012-07-01 04:00:00,15859.0
2012-07-01 05:00:00,15213.0
2012-07-01 06:00:00,20960.0
2012-07-01 07:00:00,22800.0
2012-07-01 08:00:00,25642.0
2012-07-01 09:00:00,31809.0
2012-07-01 10:00:00,26977.0
2012-07-01 11:00:00,28531.0
2012-07-01 12:00:00,34296.0
2012-07-01 13:00:00,35758.0
2012-07-01 14:00:00,34918.0
2012-07-01 15:00:00,34396.0
2012-07-01 16:00:00,35229.0
2012-07-01 17:00:00,34900.0
2012-07-01 18:00:00,34783.0
2012-07-01 19:00:00,35179.0
2012-07-01 20:00:00,31943.0
2012-07-01 21:00:00,29162.0
2012-07-01 22:00:00,28086.0
2012-07-01 23:00:00,22061.0
2012-07-02 00:00:00,17623.0
2012-07-02 01:00:00,15959.0
2012-07-02 02:00:00,15355.0
2012-07-02 03:00:00,14876.0
2012-07-02 04:00:00,15337.0
2012-07-02 05:00:00,15716.0
2012-07-02 06:00:00,22682.0
2012-07-02 07:00:00,24482.0
2012-07-02 08:00:00,26759.0
2012-07-02 09:00:00,33171.0
2012-07-02 10:00:00,29053.0
2012-07-02 11:00:00,30817.0
2012-07-02 12:00:00,37514.0
2012-07-02 13:00:00,39548.0
2012-07-02 14:00:00,38877.0
2012-07-02 15:00:00,37984.0
2012-07-02 16:00:00,38742.0
2012-07-02 17:00:00,38658.0
2012-07-02 18:00:00,37767.0
2012-07-02 19:00:00,37465.0
2012-07-02 20:00:00,33464.0
2012-07-02 21:00:00,30556.0
2012-07-02 22:00:00,29775.0
2012-07-02 23:00:00,23674.0
2012-07-03 00:00:00,18910.0
2012-07-03 01:00:00,16750.0
2012-07-03 02:00:00,16851.0
2012-07-03 03:00:00,16011.0
2012-07-03 04:00:00,16279.0
2012-07-03 05:00:00,16565.0
2012-07-03 06:00:00,22808.0
2012-07-03 07:00:00,25833.0
2012-07-03 08:00:00,28405.0
2012-07-03 09:00:00,34775.0
2012-07-03 10:00:00,30566.0
2012-07-03 11:00:00,31363.0
2012-07-03 12:00:00,37128.0
2012-07-03 13:00:00,39161.0
2012-07-03 14:00:00,38650.0
2012-07-03 15:00:00,37792.0
2012-07-03 16:00:00,37757.0
2012-07-03 17:00:00,38750.0
2012-07-03 18:00:00,37742.0
2012-07-03 19:00:00,37322.0
2012-07-03 20:00:00,33792.0
2012-07-03 21:00:00,30859.0
2012-07-03 22:00:00,29926.0
2012-07-03 23:00:00,23572.0
2012-07-04 00:00:00,19094.0
2012-07-04 01:00:00,17111.0
2012-07-04 02:00:00,17145.0
2012-07-04 03:00:00,16355.0
2012-07-04 04:00:00,17052.0
2012-07-04 05:00:00,16749.0
2012-07-04 06:00:00,23825.0
2012-07-04 07:00:00,26061.0
2012-07-04 08:00:00,28195.0
2012-07-04 09:00:00,34220.0
2012-07-04 10:00:00,31112.0
2012-07-04 11:00:00,30976.0
2012-07-04 12:00:00,36583.0
2012-07-04 13:00:00,37910.0
2012-07-04 14:00:00,37641.0
2012-07-04 15:00:00,37077.0
2012-07-04 16:00:00,37826.0
2012-07-04 17:00:00,37338.0
2012-07-04 18:00:00,36675.0
2012-07-04 19:00:00,36170.0
2012-07-04 20:00:00,32607.0
2012-07-04 21:00:00,30110.0
2012-07-04 22:00:00,29489.0
2012-07-04 23:00:00,22884.0
2012-07-05 00:00:00,18497.0
2012-07-05 01:00:00,16977.0
2012-07-05 02:00:00,17179.0
2012-07-05 03:00:00,15876.0
2012-07-05 04:00:00,16431.0
2012-07-05 05:00:00,17010.0
2012-07-05 06:00:00,23271.0
2012-07-05 07:00:00,25599.0
2012-07-05 08:00:00,27674.0
2012-07-05 09:00:00,33565.0
2012-07-05 10:00:00,30439.0
2012-07-05 11:00:00,30892.0
2012-07-05 12:00:00,35809.0
2012-07-05 13:00:00,36709.0
2012-07-05 14:00:00,36103.0
2012-07-05 15:00:00,36262.0
2012-07-05 16:00:00,36750.0
2012-07-05 17:00:00,36842.0
2012-07-05 18:00:00,36229.0
2012-07-05 19:00:00,35657.0
2012-07-05 20:00:00,32045.0
2012-07-05 21:00:00,30137.0
2012-07-05 22:00:00,29287.0
2012-07-05 23:00:00,23145.0
2012-07-06 00:00:00,18624.0
2012-07-06 01:00:00,16978.0
2012-07-06 02:00:00,16599.0
2012-07-06 03:00:00,15741.0
2012-07-06 04:00:00,16146.0
2012-07-06 05:00:00,16170.0
2012-07-06 06:00:00,22944.0
2012-07-06 07:00:00,25372.0
2012-07-06 08:00:00,27112.0
2012-07-06 09:00:00,34490.0
2012-07-06 10:00:00,30800.0
2012-07-06 11:00:00,30665.0
2012-07-06 12:00:00,36985.0
2012-07-06 13:00:00,38306.0
2012-07-06 14:00:00,37952.0
2012-07-06 15:00:00,37010.0
2012-07-06 16:00:00,37506.0
2012-07-06 17:00:00,38043.0
2012-07-06 18:00:00,37280.0
2012-07-06 19:00:00,36322.0
2012-07-06 20:00:00,33389.0
2012-07-06 21:00:00,30515.0
2012-07-06 22:00:00,29498.0
2012-07-06 23:00:00,28860.0
2012-07-07 00:00:00,22498.0
2012-07-07 01:00:00,17700.0
2012-07-07 02:00:00,16641.0
2012-07-07 03:00:00,15927.0
2012-07-07 04:00:00,16910.0
2012-07-07 05:00:00,16641.0
2012-07-07 06:00:00,22893.0
2012-07-07 07:00:00,24775.0
2012-07-07 08:00:00,30623.0
2012-07-07 09:00:00,33053.0
2012-07-07 10:00:00,28902.0
2012-07-07 11:00:00,29465.0
2012-07-07 12:00:00,35179.0
2012-07-07 13:00:00,35875.0
2012-07-07 14:00:00,35002.0
2012-07-07 15:00:00,34514.0
2012-07-07 16:00:00,35574.0
2012-07-07 17:00:00,35565.0
2012-07-07 18:00:00,35818.0
2012-07-07 19:00:00,35867.0
2012-07-07 20:00:00,32699.0
2012-07-07 21:00:00,30490.0
2012-07-07 22:00:00,29540.0
2012-07-07 23:00:00,28490.0
2012-07-08 00:00:00,22456.0
2012-07-08 01:00:00,16910.0
2012-07-08 02:00:00,16917.0
2012-07-08 03:00:00,15657.0
2012-07-08 04:00:00,16220.0
2012-07-08 05:00:00,16145.0
2012-07-08 06:00:00,21682.0
2012-07-08 07:00:00,23018.0
2012-07-08 08:00:00,25725.0
2012-07-08 09:00:00,31061.0
2012-07-08 10:00:00,27162.0
2012-07-08 11:00:00,29313.0
2012-07-08 12:00:00,35110.0
2012-07-08 13:00:00,36717.0
2012-07-08 14:00:00,35918.0
2012-07-08 15:00:00,35271.0
2012-07-08 16:00:00,35892.0
2012-07-08 17:00:00,35541.0
2012-07-08 18:00:00,35733.0
2012-07-08 19:00:00,35539.0
2012-07-08 20:00:00,32976.0
2012-07-08 21:00:00,30330.0
2012-07-08 22:00:00,29128.0
2012-07-08 23:00:00,23506.0
2012-07-09 00:00:00,18498.0
2012-07-09 01:00:00,16885.0
2012-07-09 02:00:00,16918.0
2012-07-09 03:00:00,15943.0
2012-07-09 04:00:00,16262.0
2012-07-09 05:00:00,16598.0
2012-07-09 06:00:00,23405.0
2012-07-09 07:00:00,25137.0
2012-07-09 08:00:00,27406.0
2012-07-09 09:00:00,33876.0
2012-07-09 10:00:00,30851.0
2012-07-09 11:00:00,31262.0
2012-07-09 12:00:00,36379.0
2012-07-09 13:00:00,37994.0
2012-07-09 14:00:00,37667.0
2012-07-09 15:00:00,37212.0
2012-07-09 16:00:00,37439.0
2012-07-09 17:00:00,37413.0
2012-07-09 18:00:00,36010.0
2012-07-09 19:00:00,35791.0
2012-07-09 20:00:00,34430.0
2012-07-09 21:00:00,32548.0
2012-07-09 22:00:00,30027.0
2012-07-09 23:00:00,24263.0
2012-07-10 00:00:00,19077.0
2012-07-10 01:00:00,17666.0
2012-07-10 02:00:00,17388.0
2012-07-10 03:00:00,16825.0
2012-07-10 04:00:00,17649.0
2012-07-10 05:00:00,18237.0
2012-07-10 06:00:00,22674.0
2012-07-10 07:00:00,25010.0
2012-07-10 08:00:00,28069.0
2012-07-10 09:00:00,34171.0
2012-07-10 10:00:00,32818.0
2012-07-10 11:00:00,33279.0
2012-07-10 12:00:00,36910.0
2012-07-10 13:00:00,37960.0
2012-07-10 14:00:00,37539.0
2012-07-10 15:00:00,36993.0
2012-07-10 16:00:00,37716.0
2012-07-10 17:00:00,37825.0
2012-07-10 18:00:00,36506.0
2012-07-10 19:00:00,36388.0
2012-07-10 20:00:00,34414.0
2012-07-10 21:00:00,32918.0
2012-07-10 22:00:00,29900.0
2012-07-10 23:00:00,24658.0
2012-07-11 00:00:00,20464.0
2012-07-11 01:00:00,18447.0
2012-07-11 02:00:00,18296.0
2012-07-11 03:00:00,17792.0
2012-07-11 04:00:00,17700.0
2012-07-11 05:00:00,18078.0
2012-07-11 06:00:00,22515.0
2012-07-11 07:00:00,24254.0
2012-07-11 08:00:00,27514.0
2012-07-11 09:00:00,33472.0
2012-07-11 10:00:00,32750.0
2012-07-11 11:00:00,32926.0
2012-07-11 12:00:00,36968.0
2012-07-11 13:00:00,37582.0
2012-07-11 14:00:00,37616.0
2012-07-11 15:00:00,37128.0
2012-07-11 16:00:00,37296.0
2012-07-11 17:00:00,36742.0
2012-07-11 18:00:00,35934.0
2012-07-11 19:00:00,35808.0
2012-07-11 20:00:00,33826.0
2012-07-11 21:00:00,32817.0
2012-07-11 22:00:00,30456.0
2012-07-11 23:00:00,24405.0
2012-07-12 00:00:00,20321.0
2012-07-12 01:00:00,18532.0
2012-07-12 02:00:00,18346.0
2012-07-12 03:00:00,17817.0
2012-07-12 04:00:00,18120.0
2012-07-12 05:00:00,17901.0
2012-07-12 06:00:00,22556.0
2012-07-12 07:00:00,24632.0
2012-07-12 08:00:00,26910.0
2012-07-12 09:00:00,32741.0
2012-07-12 10:00:00,31213.0
2012-07-12 11:00:00,32094.0
2012-07-12 12:00:00,36127.0
2012-07-12 13:00:00,37044.0
2012-07-12 14:00:00,36497.0
2012-07-12 15:00:00,36397.0
2012-07-12 16:00:00,36943.0
2012-07-12 17:00:00,36868.0
2012-07-12 18:00:00,36330.0
2012-07-12 19:00:00,35245.0
2012-07-12 20:00:00,33548.0
2012-07-12 21:00:00,32692.0
2012-07-12 22:00:00,29851.0
2012-07-12 23:00:00,23330.0
2012-07-13 00:00:00,18633.0
2012-07-13 01:00:00,17010.0
2012-07-13 02:00:00,16657.0
2012-07-13 03:00:00,15715.0
2012-07-13 04:00:00,16447.0
2012-07-13 05:00:00,16531.0
2012-07-13 06:00:00,20943.0
2012-07-13 07:00:00,23380.0
2012-07-13 08:00:00,25632.0
2012-07-13 09:00:00,31287.0
2012-07-13 10:00:00,30683.0
2012-07-13 11:00:00,30935.0
2012-07-13 12:00:00,36968.0
2012-07-13 13:00:00,37481.0
2012-07-13 14:00:00,36616.0
2012-07-13 15:00:00,36035.0
2012-07-13 16:00:00,36791.0
2012-07-13 17:00:00,36439.0
2012-07-13 18:00:00,35885.0
2012-07-13 19:00:00,36053.0
2012-07-13 20:00:00,33263.0
2012-07-13 21:00:00,30793.0
2012-07-13 22:00:00,29918.0
2012-07-13 23:00:00,29161.0
2012-07-14 00:00:00,22624.0
2012-07-14 01:00:00,17405.0
2012-07-14 02:00:00,16986.0
2012-07-14 03:00:00,15876.0
2012-07-14 04:00:00,16590.0
2012-07-14 05:00:00,16052.0
2012-07-14 06:00:00,20531.0
2012-07-14 07:00:00,24002.0
2012-07-14 08:00:00,25666.0
2012-07-14 09:00:00,31221.0
2012-07-14 10:00:00,29926.0
2012-07-14 11:00:00,30473.0
2012-07-14 12:00:00,35145.0
2012-07-14 13:00:00,35977.0
2012-07-14 14:00:00,35078.0
2012-07-14 15:00:00,34095.0
2012-07-14 16:00:00,34960.0
2012-07-14 17:00:00,34767.0
2012-07-14 18:00:00,34977.0
2012-07-14 19:00:00,36162.0
2012-07-14 20:00:00,32456.0
2012-07-14 21:00:00,30263.0
2012-07-14 22:00:00,29304.0
2012-07-14 23:00:00,28473.0
2012-07-15 00:00:00,22464.0
2012-07-15 01:00:00,16935.0
2012-07-15 02:00:00,16347.0
2012-07-15 03:00:00,15615.0
2012-07-15 04:00:00,16102.0
2012-07-15 05:00:00,16204.0
2012-07-15 06:00:00,20170.0
2012-07-15 07:00:00,22909.0
2012-07-15 08:00:00,24456.0
2012-07-15 09:00:00,30968.0
2012-07-15 10:00:00,28455.0
2012-07-15 11:00:00,29549.0
2012-07-15 12:00:00,35270.0
2012-07-15 13:00:00,35843.0
2012-07-15 14:00:00,35816.0
2012-07-15 15:00:00,35120.0
2012-07-15 16:00:00,35473.0
2012-07-15 17:00:00,35406.0
2012-07-15 18:00:00,35775.0
2012-07-15 19:00:00,36254.0
2012-07-15 20:00:00,32682.0
2012-07-15 21:00:00,30094.0
2012-07-15 22:00:00,29253.0
2012-07-15 23:00:00,23431.0
2012-07-16 00:00:00,18868.0
2012-07-16 01:00:00,17255.0
2012-07-16 02:00:00,16674.0
2012-07-16 03:00:00,16322.0
2012-07-16 04:00:00,16632.0
2012-07-16 05:00:00,17077.0
2012-07-16 06:00:00,22339.0
2012-07-16 07:00:00,27086.0
2012-07-16 08:00:00,29230.0
2012-07-16 09:00:00,32859.0
2012-07-16 10:00:00,31111.0
2012-07-16 11:00:00,32649.0
2012-07-16 12:00:00,40506.0
2012-07-16 13:00:00,44044.0
2012-07-16 14:00:00,44851.0
2012-07-16 15:00:00,44127.0
2012-07-16 16:00:00,44885.0
2012-07-16 17:00:00,44296.0
2012-07-16 18:00:00,42111.0
2012-07-16 19:00:00,41053.0
2012-07-16 20:00:00,36539.0
2012-07-16 21:00:00,33280.0
2012-07-16 22:00:00,32926.0
2012-07-16 23:00:00,26574.0
2012-07-17 00:00:00,20708.0
2012-07-17 01:00:00,19145.0
2012-07-17 02:00:00,19372.0
2012-07-17 03:00:00,18666.0
2012-07-17 04:00:00,19288.0
2012-07-17 05:00:00,19255.0
2012-07-17 06:00:00,24935.0
2012-07-17 07:00:00,31356.0
2012-07-17 08:00:00,32288.0
2012-07-17 09:00:00,36447.0
2012-07-17 10:00:00,37582.0
2012-07-17 11:00:00,38775.0
2012-07-17 12:00:00,44986.0
2012-07-17 13:00:00,48120.0
2012-07-17 14:00:00,48843.0
2012-07-17 15:00:00,47884.0
2012-07-17 16:00:00,36986.0
2012-07-17 17:00:00,33002.0
2012-07-17 18:00:00,36086.0
2012-07-17 19:00:00,36246.0
2012-07-17 20:00:00,34959.0
2012-07-17 21:00:00,33481.0
2012-07-17 22:00:00,32784.0
2012-07-17 23:00:00,25564.0
2012-07-18 00:00:00,19885.0
2012-07-18 01:00:00,17750.0
2012-07-18 02:00:00,17607.0
2012-07-18 03:00:00,17439.0
2012-07-18 04:00:00,18078.0
2012-07-18 05:00:00,17927.0
2012-07-18 06:00:00,20489.0
2012-07-18 07:00:00,23448.0
2012-07-18 08:00:00,26531.0
2012-07-18 09:00:00,30011.0
2012-07-18 10:00:00,31825.0
2012-07-18 11:00:00,31296.0
2012-07-18 12:00:00,35153.0
2012-07-18 13:00:00,35263.0
2012-07-18 14:00:00,35775.0
2012-07-18 15:00:00,40086.0
2012-07-18 16:00:00,39573.0
2012-07-18 17:00:00,38909.0
2012-07-18 18:00:00,37380.0
2012-07-18 19:00:00,35909.0
2012-07-18 20:00:00,32641.0
2012-07-18 21:00:00,30506.0
2012-07-18 22:00:00,29674.0
2012-07-18 23:00:00,23734.0
2012-07-19 00:00:00,18541.0
2012-07-19 01:00:00,16615.0
2012-07-19 02:00:00,16927.0
2012-07-19 03:00:00,15816.0
2012-07-19 04:00:00,16456.0
2012-07-19 05:00:00,16523.0
2012-07-19 06:00:00,21203.0
2012-07-19 07:00:00,23759.0
2012-07-19 08:00:00,27759.0
2012-07-19 09:00:00,32641.0
2012-07-19 10:00:00,31346.0
2012-07-19 11:00:00,31758.0
2012-07-19 12:00:00,37439.0
2012-07-19 13:00:00,37968.0
2012-07-19 14:00:00,38363.0
2012-07-19 15:00:00,37312.0
2012-07-19 16:00:00,37388.0
2012-07-19 17:00:00,36616.0
2012-07-19 18:00:00,36052.0
2012-07-19 19:00:00,35179.0
2012-07-19 20:00:00,31968.0
2012-07-19 21:00:00,30557.0
2012-07-19 22:00:00,29489.0
2012-07-19 23:00:00,22876.0
2012-07-20 00:00:00,18355.0
2012-07-20 01:00:00,16842.0
2012-07-20 02:00:00,16632.0
2012-07-20 03:00:00,16145.0
2012-07-20 04:00:00,16372.0
2012-07-20 05:00:00,16263.0
2012-07-20 06:00:00,21221.0
2012-07-20 07:00:00,22658.0
2012-07-20 08:00:00,26204.0
2012-07-20 09:00:00,30766.0
2012-07-20 10:00:00,29649.0
2012-07-20 11:00:00,31162.0
2012-07-20 12:00:00,36885.0
2012-07-20 13:00:00,38103.0
2012-07-20 14:00:00,37447.0
2012-07-20 15:00:00,36876.0
2012-07-20 16:00:00,38137.0
2012-07-20 17:00:00,38154.0
2012-07-20 18:00:00,36850.0
2012-07-20 19:00:00,37136.0
2012-07-20 20:00:00,33179.0
2012-07-20 21:00:00,30850.0
2012-07-20 22:00:00,30144.0
2012-07-20 23:00:00,29238.0
2012-07-21 00:00:00,22027.0
2012-07-21 01:00:00,17011.0
2012-07-21 02:00:00,16523.0
2012-07-21 03:00:00,15909.0
2012-07-21 04:00:00,16354.0
2012-07-21 05:00:00,16397.0
2012-07-21 06:00:00,20094.0
2012-07-21 07:00:00,22245.0
2012-07-21 08:00:00,25086.0
2012-07-21 09:00:00,31498.0
2012-07-21 10:00:00,28758.0
2012-07-21 11:00:00,30188.0
2012-07-21 12:00:00,35817.0
2012-07-21 13:00:00,36885.0
2012-07-21 14:00:00,36742.0
2012-07-21 15:00:00,36413.0
2012-07-21 16:00:00,37060.0
2012-07-21 17:00:00,37187.0
2012-07-21 18:00:00,36817.0
2012-07-21 19:00:00,37683.0
2012-07-21 20:00:00,35371.0
2012-07-21 21:00:00,33102.0
2012-07-21 22:00:00,31464.0
2012-07-21 23:00:00,30549.0
2012-07-22 00:00:00,23968.0
2012-07-22 01:00:00,18297.0
2012-07-22 02:00:00,18111.0
2012-07-22 03:00:00,17464.0
2012-07-22 04:00:00,17338.0
2012-07-22 05:00:00,17573.0
2012-07-22 06:00:00,20272.0
2012-07-22 07:00:00,22506.0
2012-07-22 08:00:00,25507.0
2012-07-22 09:00:00,30934.0
2012-07-22 10:00:00,29556.0
2012-07-22 11:00:00,30036.0
2012-07-22 12:00:00,35120.0
2012-07-22 13:00:00,36557.0
2012-07-22 14:00:00,37742.0
2012-07-22 15:00:00,36329.0
2012-07-22 16:00:00,37355.0
2012-07-22 17:00:00,36774.0
2012-07-22 18:00:00,36893.0
2012-07-22 19:00:00,36598.0
2012-07-22 20:00:00,33388.0
2012-07-22 21:00:00,30615.0
2012-07-22 22:00:00,29741.0
2012-07-22 23:00:00,23984.0
2012-07-23 00:00:00,19145.0
2012-07-23 01:00:00,17581.0
2012-07-23 02:00:00,17859.0
2012-07-23 03:00:00,17069.0
2012-07-23 04:00:00,17775.0
2012-07-23 05:00:00,17380.0
2012-07-23 06:00:00,20657.0
2012-07-23 07:00:00,24271.0
2012-07-23 08:00:00,27103.0
2012-07-23 09:00:00,32043.0
2012-07-23 10:00:00,31700.0
2012-07-23 11:00:00,31145.0
2012-07-23 12:00:00,35791.0
2012-07-23 13:00:00,36741.0
2012-07-23 14:00:00,37397.0
2012-07-23 15:00:00,37490.0
2012-07-23 16:00:00,37969.0
2012-07-23 17:00:00,37524.0
2012-07-23 18:00:00,36985.0
2012-07-23 19:00:00,36549.0
2012-07-23 20:00:00,33338.0
2012-07-23 21:00:00,29741.0
2012-07-23 22:00:00,29270.0
2012-07-23 23:00:00,23178.0
2012-07-24 00:00:00,18657.0
2012-07-24 01:00:00,17111.0
2012-07-24 02:00:00,17187.0
2012-07-24 03:00:00,16086.0
2012-07-24 04:00:00,16977.0
2012-07-24 05:00:00,22868.0
2012-07-24 06:00:00,30355.0
2012-07-24 07:00:00,30077.0
2012-07-24 08:00:00,31027.0
2012-07-24 09:00:00,32211.0
2012-07-24 10:00:00,30851.0
2012-07-24 11:00:00,30969.0
2012-07-24 12:00:00,36271.0
2012-07-24 13:00:00,38482.0
2012-07-24 14:00:00,38388.0
2012-07-24 15:00:00,37892.0
2012-07-24 16:00:00,38322.0
2012-07-24 17:00:00,39247.0
2012-07-24 18:00:00,38212.0
2012-07-24 19:00:00,38396.0
2012-07-24 20:00:00,34548.0
2012-07-24 21:00:00,30440.0
2012-07-24 22:00:00,34557.0
2012-07-24 23:00:00,23279.0
2012-07-25 00:00:00,18330.0
2012-07-25 01:00:00,16750.0
2012-07-25 02:00:00,16926.0
2012-07-25 03:00:00,15371.0
2012-07-25 04:00:00,16043.0
2012-07-25 05:00:00,16086.0
2012-07-25 06:00:00,19833.0
2012-07-25 07:00:00,24473.0
2012-07-25 08:00:00,27195.0
2012-07-25 09:00:00,30934.0
2012-07-25 10:00:00,29515.0
2012-07-25 11:00:00,29598.0
2012-07-25 12:00:00,36220.0
2012-07-25 13:00:00,38027.0
2012-07-25 14:00:00,37296.0
2012-07-25 15:00:00,36818.0
2012-07-25 16:00:00,37968.0
2012-07-25 17:00:00,37959.0
2012-07-25 18:00:00,37541.0
2012-07-25 19:00:00,37128.0
2012-07-25 20:00:00,36641.0
2012-07-25 21:00:00,35900.0
2012-07-25 22:00:00,31238.0
2012-07-25 23:00:00,22767.0
2012-07-26 00:00:00,17767.0
2012-07-26 01:00:00,16616.0
2012-07-26 02:00:00,16279.0
2012-07-26 03:00:00,16590.0
2012-07-26 04:00:00,16229.0
2012-07-26 05:00:00,15733.0
2012-07-26 06:00:00,18994.0
2012-07-26 07:00:00,25237.0
2012-07-26 08:00:00,27590.0
2012-07-26 09:00:00,31413.0
2012-07-26 10:00:00,30716.0
2012-07-26 11:00:00,30581.0
2012-07-26 12:00:00,35632.0
2012-07-26 13:00:00,36792.0
2012-07-26 14:00:00,37381.0
2012-07-26 15:00:00,37666.0
2012-07-26 16:00:00,38406.0
2012-07-26 17:00:00,38876.0
2012-07-26 18:00:00,36927.0
2012-07-26 19:00:00,36473.0
2012-07-26 20:00:00,36211.0
2012-07-26 21:00:00,35826.0
2012-07-26 22:00:00,31658.0
2012-07-26 23:00:00,23003.0
2012-07-27 00:00:00,18497.0
2012-07-27 01:00:00,16321.0
2012-07-27 02:00:00,16776.0
2012-07-27 03:00:00,16120.0
2012-07-27 04:00:00,16884.0
2012-07-27 05:00:00,16464.0
2012-07-27 06:00:00,19926.0
2012-07-27 07:00:00,25296.0
2012-07-27 08:00:00,28027.0
2012-07-27 09:00:00,31792.0
2012-07-27 10:00:00,30749.0
2012-07-27 11:00:00,30659.0
2012-07-27 12:00:00,36187.0
2012-07-27 13:00:00,37623.0
2012-07-27 14:00:00,37463.0
2012-07-27 15:00:00,36858.0
2012-07-27 16:00:00,37388.0
2012-07-27 17:00:00,37674.0
2012-07-27 18:00:00,37002.0
2012-07-27 19:00:00,36717.0
2012-07-27 20:00:00,36279.0
2012-07-27 21:00:00,36288.0
2012-07-27 22:00:00,32170.0
2012-07-27 23:00:00,28818.0
2012-07-28 00:00:00,22331.0
2012-07-28 01:00:00,16893.0
2012-07-28 02:00:00,17229.0
2012-07-28 03:00:00,16103.0
2012-07-28 04:00:00,17052.0
2012-07-28 05:00:00,16994.0
2012-07-28 06:00:00,19783.0
2012-07-28 07:00:00,24279.0
2012-07-28 08:00:00,26649.0
2012-07-28 09:00:00,30582.0
2012-07-28 10:00:00,29952.0
2012-07-28 11:00:00,28833.0
2012-07-28 12:00:00,35111.0
2012-07-28 13:00:00,36716.0
2012-07-28 14:00:00,37263.0
2012-07-28 15:00:00,35934.0
2012-07-28 16:00:00,37724.0
2012-07-28 17:00:00,38398.0
2012-07-28 18:00:00,38572.0
2012-07-28 19:00:00,37784.0
2012-07-28 20:00:00,37488.0
2012-07-28 21:00:00,36356.0
2012-07-28 22:00:00,32263.0
2012-07-28 23:00:00,28894.0
2012-07-29 00:00:00,22506.0
2012-07-29 01:00:00,17548.0
2012-07-29 02:00:00,16650.0
2012-07-29 03:00:00,15774.0
2012-07-29 04:00:00,16641.0
2012-07-29 05:00:00,16304.0
2012-07-29 06:00:00,18757.0
2012-07-29 07:00:00,22658.0
2012-07-29 08:00:00,25170.0
2012-07-29 09:00:00,29145.0
2012-07-29 10:00:00,28540.0
2012-07-29 11:00:00,27591.0
2012-07-29 12:00:00,33464.0
2012-07-29 13:00:00,35095.0
2012-07-29 14:00:00,35657.0
2012-07-29 15:00:00,34851.0
2012-07-29 16:00:00,36068.0
2012-07-29 17:00:00,35758.0
2012-07-29 18:00:00,36010.0
2012-07-29 19:00:00,36262.0
2012-07-29 20:00:00,36061.0
2012-07-29 21:00:00,35860.0
2012-07-29 22:00:00,31750.0
2012-07-29 23:00:00,22363.0
2012-07-30 00:00:00,17665.0
2012-07-30 01:00:00,16263.0
2012-07-30 02:00:00,16574.0
2012-07-30 03:00:00,15001.0
2012-07-30 04:00:00,15901.0
2012-07-30 05:00:00,16077.0
2012-07-30 06:00:00,19111.0
2012-07-30 07:00:00,23195.0
2012-07-30 08:00:00,26994.0
2012-07-30 09:00:00,31632.0
2012-07-30 10:00:00,28674.0
2012-07-30 11:00:00,29069.0
2012-07-30 12:00:00,35842.0
2012-07-30 13:00:00,38364.0
2012-07-30 14:00:00,38178.0
2012-07-30 15:00:00,38640.0
2012-07-30 16:00:00,38472.0
2012-07-30 17:00:00,39121.0
2012-07-30 18:00:00,38842.0
2012-07-30 19:00:00,37549.0
2012-07-30 20:00:00,37001.0
2012-07-30 21:00:00,36279.0
2012-07-30 22:00:00,31372.0
2012-07-30 23:00:00,23153.0
2012-07-31 00:00:00,18187.0
2012-07-31 01:00:00,16558.0
2012-07-31 02:00:00,16918.0
2012-07-31 03:00:00,15548.0
2012-07-31 04:00:00,16657.0
2012-07-31 05:00:00,16943.0
2012-07-31 06:00:00,19817.0
2012-07-31 07:00:00,25573.0
2012-07-31 08:00:00,27505.0
2012-07-31 09:00:00,31271.0
2012-07-31 10:00:00,30834.0
2012-07-31 11:00:00,30969.0
2012-07-31 12:00:00,36304.0
2012-07-31 13:00:00,37994.0
2012-07-31 14:00:00,37658.0
2012-07-31 15:00:00,36960.0
2012-07-31 16:00:00,37767.0
2012-07-31 17:00:00,37893.0
2012-07-31 18:00:00,37103.0
2012-07-31 19:00:00,36884.0
2012-07-31 20:00:00,36834.0
2012-07-31 21:00:00,35883.0
2012-07-31 22:00:00,31615.0
2012-07-31 23:00:00,23153.0
2012-08-01 00:00:00,17918.0
2012-08-01 01:00:00,16465.0
2012-08-01 02:00:00,16329.0
2012-08-01 03:00:00,15455.0
2012-08-01 04:00:00,14951.0
2012-08-01 05:00:00,15432.0
2012-08-01 06:00:00,18473.0
2012-08-01 07:00:00,24103.0
2012-08-01 08:00:00,27977.0
2012-08-01 09:00:00,31909.0
2012-08-01 10:00:00,29810.0
2012-08-01 11:00:00,30103.0
2012-08-01 12:00:00,36792.0
2012-08-01 13:00:00,38625.0
2012-08-01 14:00:00,38044.0
2012-08-01 15:00:00,38758.0
2012-08-01 16:00:00,38951.0
2012-08-01 17:00:00,37759.0
2012-08-01 18:00:00,36927.0
2012-08-01 19:00:00,37255.0
2012-08-01 20:00:00,37070.0
2012-08-01 21:00:00,37052.0
2012-08-01 22:00:00,31657.0
2012-08-01 23:00:00,23591.0
2012-08-02 00:00:00,18801.0
2012-08-02 01:00:00,17104.0
2012-08-02 02:00:00,17355.0
2012-08-02 03:00:00,15800.0
2012-08-02 04:00:00,17111.0
2012-08-02 05:00:00,16590.0
2012-08-02 06:00:00,20187.0
2012-08-02 07:00:00,26196.0
2012-08-02 08:00:00,28657.0
2012-08-02 09:00:00,31952.0
2012-08-02 10:00:00,29969.0
2012-08-02 11:00:00,30229.0
2012-08-02 12:00:00,36724.0
2012-08-02 13:00:00,38566.0
2012-08-02 14:00:00,38759.0
2012-08-02 15:00:00,37674.0
2012-08-02 16:00:00,39254.0
2012-08-02 17:00:00,38313.0
2012-08-02 18:00:00,36893.0
2012-08-02 19:00:00,36834.0
2012-08-02 20:00:00,37279.0
2012-08-02 21:00:00,36354.0
2012-08-02 22:00:00,31801.0
2012-08-02 23:00:00,23447.0
2012-08-03 00:00:00,17960.0
2012-08-03 01:00:00,16497.0
2012-08-03 02:00:00,16556.0
2012-08-03 03:00:00,15381.0
2012-08-03 04:00:00,15918.0
2012-08-03 05:00:00,15978.0
2012-08-03 06:00:00,19187.0
2012-08-03 07:00:00,24507.0
2012-08-03 08:00:00,26524.0
2012-08-03 09:00:00,31506.0
2012-08-03 10:00:00,30288.0
2012-08-03 11:00:00,29599.0
2012-08-03 12:00:00,37044.0
2012-08-03 13:00:00,38456.0
2012-08-03 14:00:00,38380.0
2012-08-03 15:00:00,38431.0
2012-08-03 16:00:00,39229.0
2012-08-03 17:00:00,39305.0
2012-08-03 18:00:00,37876.0
2012-08-03 19:00:00,37078.0
2012-08-03 20:00:00,37363.0
2012-08-03 21:00:00,36061.0
2012-08-03 22:00:00,31422.0
2012-08-03 23:00:00,28985.0
2012-08-04 00:00:00,22792.0
2012-08-04 01:00:00,17036.0
2012-08-04 02:00:00,16473.0
2012-08-04 03:00:00,15523.0
2012-08-04 04:00:00,16279.0
2012-08-04 05:00:00,15909.0
2012-08-04 06:00:00,18792.0
2012-08-04 07:00:00,22858.0
2012-08-04 08:00:00,25649.0
2012-08-04 09:00:00,29758.0
2012-08-04 10:00:00,28783.0
2012-08-04 11:00:00,28522.0
2012-08-04 12:00:00,34523.0
2012-08-04 13:00:00,36103.0
2012-08-04 14:00:00,36245.0
2012-08-04 15:00:00,35086.0
2012-08-04 16:00:00,35935.0
2012-08-04 17:00:00,36169.0
2012-08-04 18:00:00,36565.0
2012-08-04 19:00:00,36061.0
2012-08-04 20:00:00,36943.0
2012-08-04 21:00:00,36356.0
2012-08-04 22:00:00,31556.0
2012-08-04 23:00:00,28951.0
2012-08-05 00:00:00,22364.0
2012-08-05 01:00:00,16683.0
2012-08-05 02:00:00,16532.0
2012-08-05 03:00:00,15312.0
2012-08-05 04:00:00,16548.0
2012-08-05 05:00:00,15716.0
2012-08-05 06:00:00,19506.0
2012-08-05 07:00:00,23456.0
2012-08-05 08:00:00,25599.0
2012-08-05 09:00:00,29498.0
2012-08-05 10:00:00,28363.0
2012-08-05 11:00:00,29002.0
2012-08-05 12:00:00,34295.0
2012-08-05 13:00:00,34876.0
2012-08-05 14:00:00,35212.0
2012-08-05 15:00:00,34708.0
2012-08-05 16:00:00,35230.0
2012-08-05 17:00:00,34909.0
2012-08-05 18:00:00,35322.0
2012-08-05 19:00:00,35448.0
2012-08-05 20:00:00,35875.0
2012-08-05 21:00:00,35414.0
2012-08-05 22:00:00,31052.0
2012-08-05 23:00:00,21951.0
2012-08-06 00:00:00,17589.0
2012-08-06 01:00:00,16523.0
2012-08-06 02:00:00,16002.0
2012-08-06 03:00:00,14785.0
2012-08-06 04:00:00,15590.0
2012-08-06 05:00:00,15414.0
2012-08-06 06:00:00,17910.0
2012-08-06 07:00:00,23582.0
2012-08-06 08:00:00,25884.0
2012-08-06 09:00:00,31102.0
2012-08-06 10:00:00,28507.0
2012-08-06 11:00:00,27902.0
2012-08-06 12:00:00,35439.0
2012-08-06 13:00:00,36489.0
2012-08-06 14:00:00,36531.0
2012-08-06 15:00:00,35901.0
2012-08-06 16:00:00,36784.0
2012-08-06 17:00:00,36893.0
2012-08-06 18:00:00,36851.0
2012-08-06 19:00:00,36808.0
2012-08-06 20:00:00,36405.0
2012-08-06 21:00:00,36212.0
2012-08-06 22:00:00,31355.0
2012-08-06 23:00:00,22699.0
2012-08-07 00:00:00,17867.0
2012-08-07 01:00:00,16271.0
2012-08-07 02:00:00,16808.0
2012-08-07 03:00:00,15178.0
2012-08-07 04:00:00,15716.0
2012-08-07 05:00:00,16112.0
2012-08-07 06:00:00,18960.0
2012-08-07 07:00:00,23877.0
2012-08-07 08:00:00,26187.0
2012-08-07 09:00:00,30952.0
2012-08-07 10:00:00,29196.0
2012-08-07 11:00:00,28045.0
2012-08-07 12:00:00,35649.0
2012-08-07 13:00:00,37902.0
2012-08-07 14:00:00,38061.0
2012-08-07 15:00:00,37943.0
2012-08-07 16:00:00,39346.0
2012-08-07 17:00:00,38943.0
2012-08-07 18:00:00,39279.0
2012-08-07 19:00:00,39078.0
2012-08-07 20:00:00,38246.0
2012-08-07 21:00:00,37362.0
2012-08-07 22:00:00,31759.0
2012-08-07 23:00:00,23414.0
2012-08-08 00:00:00,18381.0
2012-08-08 01:00:00,16070.0
2012-08-08 02:00:00,16497.0
2012-08-08 03:00:00,14995.0
2012-08-08 04:00:00,15877.0
2012-08-08 05:00:00,16103.0
2012-08-08 06:00:00,18801.0
2012-08-08 07:00:00,23793.0
2012-08-08 08:00:00,26044.0
2012-08-08 09:00:00,30506.0
2012-08-08 10:00:00,28473.0
2012-08-08 11:00:00,27935.0
2012-08-08 12:00:00,34674.0
2012-08-08 13:00:00,36011.0
2012-08-08 14:00:00,36566.0
2012-08-08 15:00:00,35868.0
2012-08-08 16:00:00,37145.0
2012-08-08 17:00:00,37716.0
2012-08-08 18:00:00,38086.0
2012-08-08 19:00:00,38237.0
2012-08-08 20:00:00,36783.0
2012-08-08 21:00:00,37229.0
2012-08-08 22:00:00,31909.0
2012-08-08 23:00:00,23816.0
2012-08-09 00:00:00,18834.0
2012-08-09 01:00:00,17489.0
2012-08-09 02:00:00,17154.0
2012-08-09 03:00:00,15918.0
2012-08-09 04:00:00,16573.0
2012-08-09 05:00:00,16776.0
2012-08-09 06:00:00,19767.0
2012-08-09 07:00:00,23606.0
2012-08-09 08:00:00,26262.0
2012-08-09 09:00:00,32313.0
2012-08-09 10:00:00,30421.0
2012-08-09 11:00:00,29901.0
2012-08-09 12:00:00,36448.0
2012-08-09 13:00:00,38304.0
2012-08-09 14:00:00,38465.0
2012-08-09 15:00:00,37187.0
2012-08-09 16:00:00,37447.0
2012-08-09 17:00:00,37455.0
2012-08-09 18:00:00,38826.0
2012-08-09 19:00:00,37935.0
2012-08-09 20:00:00,38422.0
2012-08-09 21:00:00,36515.0
2012-08-09 22:00:00,31859.0
2012-08-09 23:00:00,23296.0
2012-08-10 00:00:00,18119.0
2012-08-10 01:00:00,16598.0
2012-08-10 02:00:00,16657.0
2012-08-10 03:00:00,15851.0
2012-08-10 04:00:00,15573.0
2012-08-10 05:00:00,16439.0
2012-08-10 06:00:00,19892.0
2012-08-10 07:00:00,25111.0
2012-08-10 08:00:00,27859.0
2012-08-10 09:00:00,32901.0
2012-08-10 10:00:00,30398.0
2012-08-10 11:00:00,30498.0
2012-08-10 12:00:00,35767.0
2012-08-10 13:00:00,36490.0
2012-08-10 14:00:00,37406.0
2012-08-10 15:00:00,36926.0
2012-08-10 16:00:00,37280.0
2012-08-10 17:00:00,37598.0
2012-08-10 18:00:00,38103.0
2012-08-10 19:00:00,38364.0
2012-08-10 20:00:00,37633.0
2012-08-10 21:00:00,36145.0
2012-08-10 22:00:00,31111.0
2012-08-10 23:00:00,28985.0
2012-08-11 00:00:00,21649.0
2012-08-11 01:00:00,16397.0
2012-08-11 02:00:00,16406.0
2012-08-11 03:00:00,15590.0
2012-08-11 04:00:00,16389.0
2012-08-11 05:00:00,15691.0
2012-08-11 06:00:00,19203.0
2012-08-11 07:00:00,22304.0
2012-08-11 08:00:00,25355.0
2012-08-11 09:00:00,30078.0
2012-08-11 10:00:00,28120.0
2012-08-11 11:00:00,28085.0
2012-08-11 12:00:00,33279.0
2012-08-11 13:00:00,34951.0
2012-08-11 14:00:00,35717.0
2012-08-11 15:00:00,34524.0
2012-08-11 16:00:00,36918.0
2012-08-11 17:00:00,36431.0
2012-08-11 18:00:00,38211.0
2012-08-11 19:00:00,38422.0
2012-08-11 20:00:00,40195.0
2012-08-11 21:00:00,38053.0
2012-08-11 22:00:00,31934.0
2012-08-11 23:00:00,29607.0
2012-08-12 00:00:00,23136.0
2012-08-12 01:00:00,17448.0
2012-08-12 02:00:00,16490.0
2012-08-12 03:00:00,16070.0
2012-08-12 04:00:00,15952.0
2012-08-12 05:00:00,16338.0
2012-08-12 06:00:00,18607.0
2012-08-12 07:00:00,25262.0
2012-08-12 08:00:00,26977.0
2012-08-12 09:00:00,30834.0
2012-08-12 10:00:00,29548.0
2012-08-12 11:00:00,29380.0
2012-08-12 12:00:00,35851.0
2012-08-12 13:00:00,37254.0
2012-08-12 14:00:00,37515.0
2012-08-12 15:00:00,36507.0
2012-08-12 16:00:00,36044.0
2012-08-12 17:00:00,36069.0
2012-08-12 18:00:00,35767.0
2012-08-12 19:00:00,36044.0
2012-08-12 20:00:00,35951.0
2012-08-12 21:00:00,35985.0
2012-08-12 22:00:00,30447.0
2012-08-12 23:00:00,22203.0
2012-08-13 00:00:00,17549.0
2012-08-13 01:00:00,16287.0
2012-08-13 02:00:00,16507.0
2012-08-13 03:00:00,14968.0
2012-08-13 04:00:00,16018.0
2012-08-13 05:00:00,16153.0
2012-08-13 06:00:00,19077.0
2012-08-13 07:00:00,25161.0
2012-08-13 08:00:00,27095.0
2012-08-13 09:00:00,32145.0
2012-08-13 10:00:00,29775.0
2012-08-13 11:00:00,29860.0
2012-08-13 12:00:00,36313.0
2012-08-13 13:00:00,39053.0
2012-08-13 14:00:00,38717.0
2012-08-13 15:00:00,38246.0
2012-08-13 16:00:00,39036.0
2012-08-13 17:00:00,39120.0
2012-08-13 18:00:00,38808.0
2012-08-13 19:00:00,39203.0
2012-08-13 20:00:00,39665.0
2012-08-13 21:00:00,38195.0
2012-08-13 22:00:00,32111.0
2012-08-13 23:00:00,23481.0
2012-08-14 00:00:00,18842.0
2012-08-14 01:00:00,17278.0
2012-08-14 02:00:00,17305.0
2012-08-14 03:00:00,16145.0
2012-08-14 04:00:00,16977.0
2012-08-14 05:00:00,17312.0
2012-08-14 06:00:00,20338.0
2012-08-14 07:00:00,26868.0
2012-08-14 08:00:00,28784.0
2012-08-14 09:00:00,33237.0
2012-08-14 10:00:00,31372.0
2012-08-14 11:00:00,31473.0
2012-08-14 12:00:00,37179.0
2012-08-14 13:00:00,38363.0
2012-08-14 14:00:00,38380.0
2012-08-14 15:00:00,36338.0
2012-08-14 16:00:00,37824.0
2012-08-14 17:00:00,38078.0
2012-08-14 18:00:00,38498.0
2012-08-14 19:00:00,37885.0
2012-08-14 20:00:00,39532.0
2012-08-14 21:00:00,37691.0
2012-08-14 22:00:00,32245.0
2012-08-14 23:00:00,29313.0
2012-08-15 00:00:00,22549.0
2012-08-15 01:00:00,17363.0
2012-08-15 02:00:00,16969.0
2012-08-15 03:00:00,16439.0
2012-08-15 04:00:00,17338.0
2012-08-15 05:00:00,17128.0
2012-08-15 06:00:00,19868.0
2012-08-15 07:00:00,25312.0
2012-08-15 08:00:00,26767.0
2012-08-15 09:00:00,31086.0
2012-08-15 10:00:00,29120.0
2012-08-15 11:00:00,28725.0
2012-08-15 12:00:00,34784.0
2012-08-15 13:00:00,36228.0
2012-08-15 14:00:00,35532.0
2012-08-15 15:00:00,35187.0
2012-08-15 16:00:00,36120.0
2012-08-15 17:00:00,36530.0
2012-08-15 18:00:00,36960.0
2012-08-15 19:00:00,36447.0
2012-08-15 20:00:00,37086.0
2012-08-15 21:00:00,35868.0
2012-08-15 22:00:00,30791.0
2012-08-15 23:00:00,22859.0
2012-08-16 00:00:00,17985.0
2012-08-16 01:00:00,16616.0
2012-08-16 02:00:00,16801.0
2012-08-16 03:00:00,15304.0
2012-08-16 04:00:00,16178.0
2012-08-16 05:00:00,16229.0
2012-08-16 06:00:00,18809.0
2012-08-16 07:00:00,23498.0
2012-08-16 08:00:00,25767.0
2012-08-16 09:00:00,30540.0
2012-08-16 10:00:00,29061.0
2012-08-16 11:00:00,28682.0
2012-08-16 12:00:00,35817.0
2012-08-16 13:00:00,36926.0
2012-08-16 14:00:00,36893.0
2012-08-16 15:00:00,36288.0
2012-08-16 16:00:00,37137.0
2012-08-16 17:00:00,36767.0
2012-08-16 18:00:00,37062.0
2012-08-16 19:00:00,37019.0
2012-08-16 20:00:00,36943.0
2012-08-16 21:00:00,36094.0
2012-08-16 22:00:00,30581.0
2012-08-16 23:00:00,22985.0
2012-08-17 00:00:00,17708.0
2012-08-17 01:00:00,16910.0
2012-08-17 02:00:00,16716.0
2012-08-17 03:00:00,15741.0
2012-08-17 04:00:00,16456.0
2012-08-17 05:00:00,16439.0
2012-08-17 06:00:00,18993.0
2012-08-17 07:00:00,23801.0
2012-08-17 08:00:00,26011.0
2012-08-17 09:00:00,31296.0
2012-08-17 10:00:00,30414.0
2012-08-17 11:00:00,28650.0
2012-08-17 12:00:00,36540.0
2012-08-17 13:00:00,37649.0
2012-08-17 14:00:00,37464.0
2012-08-17 15:00:00,37305.0
2012-08-17 16:00:00,37851.0
2012-08-17 17:00:00,38910.0
2012-08-17 18:00:00,39018.0
2012-08-17 19:00:00,38851.0
2012-08-17 20:00:00,38413.0
2012-08-17 21:00:00,36649.0
2012-08-17 22:00:00,31759.0
2012-08-17 23:00:00,29044.0
2012-08-18 00:00:00,23044.0
2012-08-18 01:00:00,18254.0
2012-08-18 02:00:00,17363.0
2012-08-18 03:00:00,16473.0
2012-08-18 04:00:00,16918.0
2012-08-18 05:00:00,16598.0
2012-08-18 06:00:00,19539.0
2012-08-18 07:00:00,24675.0
2012-08-18 08:00:00,26683.0
2012-08-18 09:00:00,30380.0
2012-08-18 10:00:00,29850.0
2012-08-18 11:00:00,28716.0
2012-08-18 12:00:00,36767.0
2012-08-18 13:00:00,37934.0
2012-08-18 14:00:00,38245.0
2012-08-18 15:00:00,37683.0
2012-08-18 16:00:00,37489.0
2012-08-18 17:00:00,38616.0
2012-08-18 18:00:00,37935.0
2012-08-18 19:00:00,39180.0
2012-08-18 20:00:00,39128.0
2012-08-18 21:00:00,37624.0
2012-08-18 22:00:00,32019.0
2012-08-18 23:00:00,30187.0
2012-08-19 00:00:00,23825.0
2012-08-19 01:00:00,17851.0
2012-08-19 02:00:00,17229.0
2012-08-19 03:00:00,16598.0
2012-08-19 04:00:00,17061.0
2012-08-19 05:00:00,17136.0
2012-08-19 06:00:00,19968.0
2012-08-19 07:00:00,25465.0
2012-08-19 08:00:00,27691.0
2012-08-19 09:00:00,31364.0
2012-08-19 10:00:00,31036.0
2012-08-19 11:00:00,31246.0
2012-08-19 12:00:00,38556.0
2012-08-19 13:00:00,40549.0
2012-08-19 14:00:00,39783.0
2012-08-19 15:00:00,39406.0
2012-08-19 16:00:00,39280.0
2012-08-19 17:00:00,37758.0
2012-08-19 18:00:00,38314.0
2012-08-19 19:00:00,38414.0
2012-08-19 20:00:00,38910.0
2012-08-19 21:00:00,38338.0
2012-08-19 22:00:00,32439.0
2012-08-19 23:00:00,24009.0
2012-08-20 00:00:00,19145.0
2012-08-20 01:00:00,17288.0
2012-08-20 02:00:00,17270.0
2012-08-20 03:00:00,16555.0
2012-08-20 04:00:00,17280.0
2012-08-20 05:00:00,17135.0
2012-08-20 06:00:00,20716.0
2012-08-20 07:00:00,26792.0
2012-08-20 08:00:00,29204.0
2012-08-20 09:00:00,32699.0
2012-08-20 10:00:00,32095.0
2012-08-20 11:00:00,31818.0
2012-08-20 12:00:00,38523.0
2012-08-20 13:00:00,41389.0
2012-08-20 14:00:00,41766.0
2012-08-20 15:00:00,41077.0
2012-08-20 16:00:00,41859.0
2012-08-20 17:00:00,42179.0
2012-08-20 18:00:00,41489.0
2012-08-20 19:00:00,40809.0
2012-08-20 20:00:00,39422.0
2012-08-20 21:00:00,38439.0
2012-08-20 22:00:00,32179.0
2012-08-20 23:00:00,24742.0
2012-08-21 00:00:00,19481.0
2012-08-21 01:00:00,18363.0
2012-08-21 02:00:00,18044.0
2012-08-21 03:00:00,17313.0
2012-08-21 04:00:00,18136.0
2012-08-21 05:00:00,18077.0
2012-08-21 06:00:00,21119.0
2012-08-21 07:00:00,27439.0
2012-08-21 08:00:00,28725.0
2012-08-21 09:00:00,32145.0
2012-08-21 10:00:00,32203.0
2012-08-21 11:00:00,32154.0
2012-08-21 12:00:00,37732.0
2012-08-21 13:00:00,38532.0
2012-08-21 14:00:00,40909.0
2012-08-21 15:00:00,39288.0
2012-08-21 16:00:00,39497.0
2012-08-21 17:00:00,40195.0
2012-08-21 18:00:00,39608.0
2012-08-21 19:00:00,38918.0
2012-08-21 20:00:00,39211.0
2012-08-21 21:00:00,37918.0
2012-08-21 22:00:00,31918.0
2012-08-21 23:00:00,23498.0
2012-08-22 00:00:00,19044.0
2012-08-22 01:00:00,17313.0
2012-08-22 02:00:00,17061.0
2012-08-22 03:00:00,16001.0
2012-08-22 04:00:00,16943.0
2012-08-22 05:00:00,17095.0
2012-08-22 06:00:00,20371.0
2012-08-22 07:00:00,26758.0
2012-08-22 08:00:00,29212.0
2012-08-22 09:00:00,32851.0
2012-08-22 10:00:00,30868.0
2012-08-22 11:00:00,30003.0
2012-08-22 12:00:00,37565.0
2012-08-22 13:00:00,40976.0
2012-08-22 14:00:00,40708.0
2012-08-22 15:00:00,39338.0
2012-08-22 16:00:00,40161.0
2012-08-22 17:00:00,40355.0
2012-08-22 18:00:00,40347.0
2012-08-22 19:00:00,39237.0
2012-08-22 20:00:00,39179.0
2012-08-22 21:00:00,37725.0
2012-08-22 22:00:00,31482.0
2012-08-22 23:00:00,24237.0
2012-08-23 00:00:00,19027.0
2012-08-23 01:00:00,17154.0
2012-08-23 02:00:00,17078.0
2012-08-23 03:00:00,16288.0
2012-08-23 04:00:00,16800.0
2012-08-23 05:00:00,17280.0
2012-08-23 06:00:00,20389.0
2012-08-23 07:00:00,26825.0
2012-08-23 08:00:00,29506.0
2012-08-23 09:00:00,33262.0
2012-08-23 10:00:00,32388.0
2012-08-23 11:00:00,31717.0
2012-08-23 12:00:00,37061.0
2012-08-23 13:00:00,39364.0
2012-08-23 14:00:00,39287.0
2012-08-23 15:00:00,38834.0
2012-08-23 16:00:00,39280.0
2012-08-23 17:00:00,39439.0
2012-08-23 18:00:00,39396.0
2012-08-23 19:00:00,38036.0
2012-08-23 20:00:00,38842.0
2012-08-23 21:00:00,37422.0
2012-08-23 22:00:00,31405.0
2012-08-23 23:00:00,23095.0
2012-08-24 00:00:00,19388.0
2012-08-24 01:00:00,18162.0
2012-08-24 02:00:00,17665.0
2012-08-24 03:00:00,16791.0
2012-08-24 04:00:00,17490.0
2012-08-24 05:00:00,17683.0
2012-08-24 06:00:00,20388.0
2012-08-24 07:00:00,25036.0
2012-08-24 08:00:00,28363.0
2012-08-24 09:00:00,32927.0
2012-08-24 10:00:00,31666.0
2012-08-24 11:00:00,31708.0
2012-08-24 12:00:00,38339.0
2012-08-24 13:00:00,39707.0
2012-08-24 14:00:00,38524.0
2012-08-24 15:00:00,37389.0
2012-08-24 16:00:00,38170.0
2012-08-24 17:00:00,38329.0
2012-08-24 18:00:00,38641.0
2012-08-24 19:00:00,37868.0
2012-08-24 20:00:00,37776.0
2012-08-24 21:00:00,36346.0
2012-08-24 22:00:00,30547.0
2012-08-24 23:00:00,28339.0
2012-08-25 00:00:00,21884.0
2012-08-25 01:00:00,17448.0
2012-08-25 02:00:00,17163.0
2012-08-25 03:00:00,16270.0
2012-08-25 04:00:00,17153.0
2012-08-25 05:00:00,16238.0
2012-08-25 06:00:00,19817.0
2012-08-25 07:00:00,24388.0
2012-08-25 08:00:00,26490.0
2012-08-25 09:00:00,30314.0
2012-08-25 10:00:00,30389.0
2012-08-25 11:00:00,29842.0
2012-08-25 12:00:00,34868.0
2012-08-25 13:00:00,36363.0
2012-08-25 14:00:00,35506.0
2012-08-25 15:00:00,35448.0
2012-08-25 16:00:00,35801.0
2012-08-25 17:00:00,35976.0
2012-08-25 18:00:00,36691.0
2012-08-25 19:00:00,36204.0
2012-08-25 20:00:00,36178.0
2012-08-25 21:00:00,35170.0
2012-08-25 22:00:00,30119.0
2012-08-25 23:00:00,28599.0
2012-08-26 00:00:00,21665.0
2012-08-26 01:00:00,16666.0
2012-08-26 02:00:00,16363.0
2012-08-26 03:00:00,15607.0
2012-08-26 04:00:00,16221.0
2012-08-26 05:00:00,15657.0
2012-08-26 06:00:00,18968.0
2012-08-26 07:00:00,22590.0
2012-08-26 08:00:00,24422.0
2012-08-26 09:00:00,28842.0
2012-08-26 10:00:00,28683.0
2012-08-26 11:00:00,27431.0
2012-08-26 12:00:00,33228.0
2012-08-26 13:00:00,35548.0
2012-08-26 14:00:00,34892.0
2012-08-26 15:00:00,34615.0
2012-08-26 16:00:00,35027.0
2012-08-26 17:00:00,34371.0
2012-08-26 18:00:00,34683.0
2012-08-26 19:00:00,34078.0
2012-08-26 20:00:00,34230.0
2012-08-26 21:00:00,34178.0
2012-08-26 22:00:00,29834.0
2012-08-26 23:00:00,22019.0
2012-08-27 00:00:00,17707.0
2012-08-27 01:00:00,16338.0
2012-08-27 02:00:00,15968.0
2012-08-27 03:00:00,15104.0
2012-08-27 04:00:00,15606.0
2012-08-27 05:00:00,16405.0
2012-08-27 06:00:00,19035.0
2012-08-27 07:00:00,24582.0
2012-08-27 08:00:00,26658.0
2012-08-27 09:00:00,30876.0
2012-08-27 10:00:00,30094.0
2012-08-27 11:00:00,30909.0
2012-08-27 12:00:00,35196.0
2012-08-27 13:00:00,37885.0
2012-08-27 14:00:00,38120.0
2012-08-27 15:00:00,37758.0
2012-08-27 16:00:00,38314.0
2012-08-27 17:00:00,38515.0
2012-08-27 18:00:00,38733.0
2012-08-27 19:00:00,38263.0
2012-08-27 20:00:00,38884.0
2012-08-27 21:00:00,37295.0
2012-08-27 22:00:00,30960.0
2012-08-27 23:00:00,23035.0
2012-08-28 00:00:00,19128.0
2012-08-28 01:00:00,18069.0
2012-08-28 02:00:00,17556.0
2012-08-28 03:00:00,16960.0
2012-08-28 04:00:00,17119.0
2012-08-28 05:00:00,17296.0
2012-08-28 06:00:00,20591.0
2012-08-28 07:00:00,26927.0
2012-08-28 08:00:00,28128.0
2012-08-28 09:00:00,32162.0
2012-08-28 10:00:00,30708.0
2012-08-28 11:00:00,31691.0
2012-08-28 12:00:00,36952.0
2012-08-28 13:00:00,39548.0
2012-08-28 14:00:00,39002.0
2012-08-28 15:00:00,38624.0
2012-08-28 16:00:00,38556.0
2012-08-28 17:00:00,38297.0
2012-08-28 18:00:00,38137.0
2012-08-28 19:00:00,37455.0
2012-08-28 20:00:00,37851.0
2012-08-28 21:00:00,36683.0
2012-08-28 22:00:00,30944.0
2012-08-28 23:00:00,22809.0
2012-08-29 00:00:00,17968.0
2012-08-29 01:00:00,16549.0
2012-08-29 02:00:00,16649.0
2012-08-29 03:00:00,15716.0
2012-08-29 04:00:00,15691.0
2012-08-29 05:00:00,16388.0
2012-08-29 06:00:00,19254.0
2012-08-29 07:00:00,24036.0
2012-08-29 08:00:00,26582.0
2012-08-29 09:00:00,29884.0
2012-08-29 10:00:00,29406.0
2012-08-29 11:00:00,29372.0
2012-08-29 12:00:00,35943.0
2012-08-29 13:00:00,37556.0
2012-08-29 14:00:00,38430.0
2012-08-29 15:00:00,37153.0
2012-08-29 16:00:00,37876.0
2012-08-29 17:00:00,38044.0
2012-08-29 18:00:00,37961.0
2012-08-29 19:00:00,37389.0
2012-08-29 20:00:00,37978.0
2012-08-29 21:00:00,36910.0
2012-08-29 22:00:00,30667.0
2012-08-29 23:00:00,23355.0
2012-08-30 00:00:00,18111.0
2012-08-30 01:00:00,16893.0
2012-08-30 02:00:00,16540.0
2012-08-30 03:00:00,15800.0
2012-08-30 04:00:00,16304.0
2012-08-30 05:00:00,16052.0
2012-08-30 06:00:00,18860.0
2012-08-30 07:00:00,24388.0
2012-08-30 08:00:00,26565.0
2012-08-30 09:00:00,30700.0
2012-08-30 10:00:00,30145.0
2012-08-30 11:00:00,30112.0
2012-08-30 12:00:00,36070.0
2012-08-30 13:00:00,37548.0
2012-08-30 14:00:00,37607.0
2012-08-30 15:00:00,37010.0
2012-08-30 16:00:00,40548.0
2012-08-30 17:00:00,40229.0
2012-08-30 18:00:00,39960.0
2012-08-30 19:00:00,38800.0
2012-08-30 20:00:00,39758.0
2012-08-30 21:00:00,38036.0
2012-08-30 22:00:00,32203.0
2012-08-30 23:00:00,24624.0
2012-08-31 00:00:00,19179.0
2012-08-31 01:00:00,17758.0
2012-08-31 02:00:00,18514.0
2012-08-31 03:00:00,16657.0
2012-08-31 04:00:00,18094.0
2012-08-31 05:00:00,17708.0
2012-08-31 06:00:00,20817.0
2012-08-31 07:00:00,25986.0
2012-08-31 08:00:00,26867.0
2012-08-31 09:00:00,31220.0
2012-08-31 10:00:00,30658.0
2012-08-31 11:00:00,30591.0
2012-08-31 12:00:00,36968.0
2012-08-31 13:00:00,39103.0
2012-08-31 14:00:00,41001.0
2012-08-31 15:00:00,40069.0
2012-08-31 16:00:00,39632.0
2012-08-31 17:00:00,40498.0
2012-08-31 18:00:00,42095.0
2012-08-31 19:00:00,40951.0
2012-08-31 20:00:00,40506.0
2012-08-31 21:00:00,39682.0
2012-08-31 22:00:00,32641.0
2012-08-31 23:00:00,30263.0
2012-09-01 00:00:00,23305.0
2012-09-01 01:00:00,18464.0
2012-09-01 02:00:00,18002.0
2012-09-01 03:00:00,16674.0
2012-09-01 04:00:00,17287.0
2012-09-01 05:00:00,17170.0
2012-09-01 06:00:00,20145.0
2012-09-01 07:00:00,25026.0
2012-09-01 08:00:00,26523.0
2012-09-01 09:00:00,30666.0
2012-09-01 10:00:00,29422.0
2012-09-01 11:00:00,29162.0
2012-09-01 12:00:00,35581.0
2012-09-01 13:00:00,38170.0
2012-09-01 14:00:00,38851.0
2012-09-01 15:00:00,39330.0
2012-09-01 16:00:00,40968.0
2012-09-01 17:00:00,39228.0
2012-09-01 18:00:00,40800.0
2012-09-01 19:00:00,39422.0
2012-09-01 20:00:00,39103.0
2012-09-01 21:00:00,38800.0
2012-09-01 22:00:00,32775.0
2012-09-01 23:00:00,29741.0
2012-09-02 00:00:00,22700.0
2012-09-02 01:00:00,18178.0
2012-09-02 02:00:00,17246.0
2012-09-02 03:00:00,16751.0
2012-09-02 04:00:00,17498.0
2012-09-02 05:00:00,17464.0
2012-09-02 06:00:00,20455.0
2012-09-02 07:00:00,25128.0
2012-09-02 08:00:00,26246.0
2012-09-02 09:00:00,30505.0
2012-09-02 10:00:00,29875.0
2012-09-02 11:00:00,27968.0
2012-09-02 12:00:00,36648.0
2012-09-02 13:00:00,39146.0
2012-09-02 14:00:00,40624.0
2012-09-02 15:00:00,40346.0
2012-09-02 16:00:00,41262.0
2012-09-02 17:00:00,38665.0
2012-09-02 18:00:00,39850.0
2012-09-02 19:00:00,38733.0
2012-09-02 20:00:00,39632.0
2012-09-02 21:00:00,38455.0
2012-09-02 22:00:00,32733.0
2012-09-02 23:00:00,24733.0
2012-09-03 00:00:00,19817.0
2012-09-03 01:00:00,18203.0
2012-09-03 02:00:00,17565.0
2012-09-03 03:00:00,16792.0
2012-09-03 04:00:00,16867.0
2012-09-03 05:00:00,16850.0
2012-09-03 06:00:00,21186.0
2012-09-03 07:00:00,26775.0
2012-09-03 08:00:00,28700.0
2012-09-03 09:00:00,32531.0
2012-09-03 10:00:00,31649.0
2012-09-03 11:00:00,31262.0
2012-09-03 12:00:00,37153.0
2012-09-03 13:00:00,41506.0
2012-09-03 14:00:00,43288.0
2012-09-03 15:00:00,42128.0
2012-09-03 16:00:00,42900.0
2012-09-03 17:00:00,41834.0
2012-09-03 18:00:00,42279.0
2012-09-03 19:00:00,41035.0
2012-09-03 20:00:00,41414.0
2012-09-03 21:00:00,39389.0
2012-09-03 22:00:00,33481.0
2012-09-03 23:00:00,25859.0
2012-09-04 00:00:00,20900.0
2012-09-04 01:00:00,19338.0
2012-09-04 02:00:00,19346.0
2012-09-04 03:00:00,18363.0
2012-09-04 04:00:00,19027.0
2012-09-04 05:00:00,19128.0
2012-09-04 06:00:00,23961.0
2012-09-04 07:00:00,25783.0
2012-09-04 08:00:00,27406.0
2012-09-04 09:00:00,31858.0
2012-09-04 10:00:00,32238.0
2012-09-04 11:00:00,31826.0
2012-09-04 12:00:00,37910.0
2012-09-04 13:00:00,41759.0
2012-09-04 14:00:00,41927.0
2012-09-04 15:00:00,41581.0
2012-09-04 16:00:00,41675.0
2012-09-04 17:00:00,41237.0
2012-09-04 18:00:00,40111.0
2012-09-04 19:00:00,40876.0
2012-09-04 20:00:00,41086.0
2012-09-04 21:00:00,39666.0
2012-09-04 22:00:00,34321.0
2012-09-04 23:00:00,26237.0
2012-09-05 00:00:00,20985.0
2012-09-05 01:00:00,20346.0
2012-09-05 02:00:00,20103.0
2012-09-05 03:00:00,19053.0
2012-09-05 04:00:00,19691.0
2012-09-05 05:00:00,19287.0
2012-09-05 06:00:00,21808.0
2012-09-05 07:00:00,28902.0
2012-09-05 08:00:00,29607.0
2012-09-05 09:00:00,33667.0
2012-09-05 10:00:00,33312.0
2012-09-05 11:00:00,33212.0
2012-09-05 12:00:00,41111.0
2012-09-05 13:00:00,44616.0
2012-09-05 14:00:00,45767.0
2012-09-05 15:00:00,44817.0
2012-09-05 16:00:00,44944.0
2012-09-05 17:00:00,45549.0
2012-09-05 18:00:00,43969.0
2012-09-05 19:00:00,43414.0
2012-09-05 20:00:00,43707.0
2012-09-05 21:00:00,42220.0
2012-09-05 22:00:00,34852.0
2012-09-05 23:00:00,26531.0
2012-09-06 00:00:00,21632.0
2012-09-06 01:00:00,20423.0
2012-09-06 02:00:00,20330.0
2012-09-06 03:00:00,19263.0
2012-09-06 04:00:00,20095.0
2012-09-06 05:00:00,20111.0
2012-09-06 06:00:00,23422.0
2012-09-06 07:00:00,30397.0
2012-09-06 08:00:00,32246.0
2012-09-06 09:00:00,35490.0
2012-09-06 10:00:00,35481.0
2012-09-06 11:00:00,35288.0
2012-09-06 12:00:00,42322.0
2012-09-06 13:00:00,45456.0
2012-09-06 14:00:00,46061.0
2012-09-06 15:00:00,46356.0
2012-09-06 16:00:00,45557.0
2012-09-06 17:00:00,46044.0
2012-09-06 18:00:00,44607.0
2012-09-06 19:00:00,44674.0
2012-09-06 20:00:00,44397.0
2012-09-06 21:00:00,40263.0
2012-09-06 22:00:00,33599.0
2012-09-06 23:00:00,26414.0
2012-09-07 00:00:00,19953.0
2012-09-07 01:00:00,17759.0
2012-09-07 02:00:00,17581.0
2012-09-07 03:00:00,16818.0
2012-09-07 04:00:00,17757.0
2012-09-07 05:00:00,17396.0
2012-09-07 06:00:00,25354.0
2012-09-07 07:00:00,28429.0
2012-09-07 08:00:00,30909.0
2012-09-07 09:00:00,38153.0
2012-09-07 10:00:00,36296.0
2012-09-07 11:00:00,33791.0
2012-09-07 12:00:00,38734.0
2012-09-07 13:00:00,43002.0
2012-09-07 14:00:00,42388.0
2012-09-07 15:00:00,40994.0
2012-09-07 16:00:00,42826.0
2012-09-07 17:00:00,43985.0
2012-09-07 18:00:00,43506.0
2012-09-07 19:00:00,42456.0
2012-09-07 20:00:00,41926.0
2012-09-07 21:00:00,40238.0
2012-09-07 22:00:00,33086.0
2012-09-07 23:00:00,31733.0
2012-09-08 00:00:00,23649.0
2012-09-08 01:00:00,17733.0
2012-09-08 02:00:00,17507.0
2012-09-08 03:00:00,16750.0
2012-09-08 04:00:00,17263.0
2012-09-08 05:00:00,17145.0
2012-09-08 06:00:00,24413.0
2012-09-08 07:00:00,28455.0
2012-09-08 08:00:00,29834.0
2012-09-08 09:00:00,32052.0
2012-09-08 10:00:00,31195.0
2012-09-08 11:00:00,31934.0
2012-09-08 12:00:00,37818.0
2012-09-08 13:00:00,40767.0
2012-09-08 14:00:00,40482.0
2012-09-08 15:00:00,38901.0
2012-09-08 16:00:00,38700.0
2012-09-08 17:00:00,40682.0
2012-09-08 18:00:00,41221.0
2012-09-08 19:00:00,41541.0
2012-09-08 20:00:00,42129.0
2012-09-08 21:00:00,40423.0
2012-09-08 22:00:00,33103.0
2012-09-08 23:00:00,32078.0
2012-09-09 00:00:00,24077.0
2012-09-09 01:00:00,17892.0
2012-09-09 02:00:00,17346.0
2012-09-09 03:00:00,17153.0
2012-09-09 04:00:00,17279.0
2012-09-09 05:00:00,17532.0
2012-09-09 06:00:00,24599.0
2012-09-09 07:00:00,27850.0
2012-09-09 08:00:00,29682.0
2012-09-09 09:00:00,31548.0
2012-09-09 10:00:00,30960.0
2012-09-09 11:00:00,30843.0
2012-09-09 12:00:00,37557.0
2012-09-09 13:00:00,40766.0
2012-09-09 14:00:00,39859.0
2012-09-09 15:00:00,38750.0
2012-09-09 16:00:00,39893.0
2012-09-09 17:00:00,39027.0
2012-09-09 18:00:00,39137.0
2012-09-09 19:00:00,38675.0
2012-09-09 20:00:00,38758.0
2012-09-09 21:00:00,38279.0
2012-09-09 22:00:00,32245.0
2012-09-09 23:00:00,24574.0
2012-09-10 00:00:00,18372.0
2012-09-10 01:00:00,17052.0
2012-09-10 02:00:00,16288.0
2012-09-10 03:00:00,15902.0
2012-09-10 04:00:00,16338.0
2012-09-10 05:00:00,16431.0
2012-09-10 06:00:00,24255.0
2012-09-10 07:00:00,27893.0
2012-09-10 08:00:00,29119.0
2012-09-10 09:00:00,32927.0
2012-09-10 10:00:00,31498.0
2012-09-10 11:00:00,31877.0
2012-09-10 12:00:00,36750.0
2012-09-10 13:00:00,41196.0
2012-09-10 14:00:00,40917.0
2012-09-10 15:00:00,39700.0
2012-09-10 16:00:00,39908.0
2012-09-10 17:00:00,40850.0
2012-09-10 18:00:00,40691.0
2012-09-10 19:00:00,40481.0
2012-09-10 20:00:00,40498.0
2012-09-10 21:00:00,40162.0
2012-09-10 22:00:00,32288.0
2012-09-10 23:00:00,25363.0
2012-09-11 00:00:00,18531.0
2012-09-11 01:00:00,16969.0
2012-09-11 02:00:00,17036.0
2012-09-11 03:00:00,16043.0
2012-09-11 04:00:00,17414.0
2012-09-11 05:00:00,16952.0
2012-09-11 06:00:00,23943.0
2012-09-11 07:00:00,28068.0
2012-09-11 08:00:00,30725.0
2012-09-11 09:00:00,33011.0
2012-09-11 10:00:00,32162.0
2012-09-11 11:00:00,33019.0
2012-09-11 12:00:00,38549.0
2012-09-11 13:00:00,41674.0
2012-09-11 14:00:00,41321.0
2012-09-11 15:00:00,42632.0
2012-09-11 16:00:00,43070.0
2012-09-11 17:00:00,42876.0
2012-09-11 18:00:00,42758.0
2012-09-11 19:00:00,41707.0
2012-09-11 20:00:00,42716.0
2012-09-11 21:00:00,40154.0
2012-09-11 22:00:00,32673.0
2012-09-11 23:00:00,25549.0
2012-09-12 00:00:00,19136.0
2012-09-12 01:00:00,17516.0
2012-09-12 02:00:00,17708.0
2012-09-12 03:00:00,16354.0
2012-09-12 04:00:00,17245.0
2012-09-12 05:00:00,17640.0
2012-09-12 06:00:00,24397.0
2012-09-12 07:00:00,28026.0
2012-09-12 08:00:00,29698.0
2012-09-12 09:00:00,32498.0
2012-09-12 10:00:00,31901.0
2012-09-12 11:00:00,31851.0
2012-09-12 12:00:00,37170.0
2012-09-12 13:00:00,41288.0
2012-09-12 14:00:00,42296.0
2012-09-12 15:00:00,40825.0
2012-09-12 16:00:00,41111.0
2012-09-12 17:00:00,41716.0
2012-09-12 18:00:00,41758.0
2012-09-12 19:00:00,40120.0
2012-09-12 20:00:00,39851.0
2012-09-12 21:00:00,38910.0
2012-09-12 22:00:00,32362.0
2012-09-12 23:00:00,26691.0
2012-09-13 00:00:00,19985.0
2012-09-13 01:00:00,18002.0
2012-09-13 02:00:00,18137.0
2012-09-13 03:00:00,17028.0
2012-09-13 04:00:00,17809.0
2012-09-13 05:00:00,17128.0
2012-09-13 06:00:00,24683.0
2012-09-13 07:00:00,25868.0
2012-09-13 08:00:00,28900.0
2012-09-13 09:00:00,32019.0
2012-09-13 10:00:00,30783.0
2012-09-13 11:00:00,30707.0
2012-09-13 12:00:00,37220.0
2012-09-13 13:00:00,39835.0
2012-09-13 14:00:00,41331.0
2012-09-13 15:00:00,41061.0
2012-09-13 16:00:00,41339.0
2012-09-13 17:00:00,42565.0
2012-09-13 18:00:00,41490.0
2012-09-13 19:00:00,41943.0
2012-09-13 20:00:00,42557.0
2012-09-13 21:00:00,40296.0
2012-09-13 22:00:00,33448.0
2012-09-13 23:00:00,26540.0
2012-09-14 00:00:00,20708.0
2012-09-14 01:00:00,18978.0
2012-09-14 02:00:00,19119.0
2012-09-14 03:00:00,18036.0
2012-09-14 04:00:00,18758.0
2012-09-14 05:00:00,18944.0
2012-09-14 06:00:00,25128.0
2012-09-14 07:00:00,27851.0
2012-09-14 08:00:00,28372.0
2012-09-14 09:00:00,36035.0
2012-09-14 10:00:00,34876.0
2012-09-14 11:00:00,31925.0
2012-09-14 12:00:00,37363.0
2012-09-14 13:00:00,41364.0
2012-09-14 14:00:00,42414.0
2012-09-14 15:00:00,43641.0
2012-09-14 16:00:00,44087.0
2012-09-14 17:00:00,41532.0
2012-09-14 18:00:00,40943.0
2012-09-14 19:00:00,41363.0
2012-09-14 20:00:00,41657.0
2012-09-14 21:00:00,39573.0
2012-09-14 22:00:00,33927.0
2012-09-14 23:00:00,32523.0
2012-09-15 00:00:00,24573.0
2012-09-15 01:00:00,19767.0
2012-09-15 02:00:00,18313.0
2012-09-15 03:00:00,17035.0
2012-09-15 04:00:00,17801.0
2012-09-15 05:00:00,18699.0
2012-09-15 06:00:00,25758.0
2012-09-15 07:00:00,28724.0
2012-09-15 08:00:00,28809.0
2012-09-15 09:00:00,32296.0
2012-09-15 10:00:00,31624.0
2012-09-15 11:00:00,31432.0
2012-09-15 12:00:00,37346.0
2012-09-15 13:00:00,40673.0
2012-09-15 14:00:00,40312.0
2012-09-15 15:00:00,39506.0
2012-09-15 16:00:00,41372.0
2012-09-15 17:00:00,41800.0
2012-09-15 18:00:00,40959.0
2012-09-15 19:00:00,40279.0
2012-09-15 20:00:00,40010.0
2012-09-15 21:00:00,37741.0
2012-09-15 22:00:00,31969.0
2012-09-15 23:00:00,30993.0
2012-09-16 00:00:00,23649.0
2012-09-16 01:00:00,18095.0
2012-09-16 02:00:00,17582.0
2012-09-16 03:00:00,16372.0
2012-09-16 04:00:00,16910.0
2012-09-16 05:00:00,16933.0
2012-09-16 06:00:00,22909.0
2012-09-16 07:00:00,26574.0
2012-09-16 08:00:00,27136.0
2012-09-16 09:00:00,30287.0
2012-09-16 10:00:00,29641.0
2012-09-16 11:00:00,28767.0
2012-09-16 12:00:00,33859.0
2012-09-16 13:00:00,38330.0
2012-09-16 14:00:00,38868.0
2012-09-16 15:00:00,37902.0
2012-09-16 16:00:00,38590.0
2012-09-16 17:00:00,37809.0
2012-09-16 18:00:00,38169.0
2012-09-16 19:00:00,38297.0
2012-09-16 20:00:00,38674.0
2012-09-16 21:00:00,38169.0
2012-09-16 22:00:00,31497.0
2012-09-16 23:00:00,23917.0
2012-09-17 00:00:00,18355.0
2012-09-17 01:00:00,17338.0
2012-09-17 02:00:00,17346.0
2012-09-17 03:00:00,16045.0
2012-09-17 04:00:00,17035.0
2012-09-17 05:00:00,17389.0
2012-09-17 06:00:00,23943.0
2012-09-17 07:00:00,27784.0
2012-09-17 08:00:00,28287.0
2012-09-17 09:00:00,31910.0
2012-09-17 10:00:00,31691.0
2012-09-17 11:00:00,31876.0
2012-09-17 12:00:00,36708.0
2012-09-17 13:00:00,38733.0
2012-09-17 14:00:00,39834.0
2012-09-17 15:00:00,38238.0
2012-09-17 16:00:00,40153.0
2012-09-17 17:00:00,39270.0
2012-09-17 18:00:00,39229.0
2012-09-17 19:00:00,38968.0
2012-09-17 20:00:00,38665.0
2012-09-17 21:00:00,38851.0
2012-09-17 22:00:00,32171.0
2012-09-17 23:00:00,23926.0
2012-09-18 00:00:00,18825.0
2012-09-18 01:00:00,17002.0
2012-09-18 02:00:00,17095.0
2012-09-18 03:00:00,16305.0
2012-09-18 04:00:00,16833.0
2012-09-18 05:00:00,17448.0
2012-09-18 06:00:00,26044.0
2012-09-18 07:00:00,28691.0
2012-09-18 08:00:00,30011.0
2012-09-18 09:00:00,33363.0
2012-09-18 10:00:00,31271.0
2012-09-18 11:00:00,31087.0
2012-09-18 12:00:00,37321.0
2012-09-18 13:00:00,40590.0
2012-09-18 14:00:00,40119.0
2012-09-18 15:00:00,40339.0
2012-09-18 16:00:00,41413.0
2012-09-18 17:00:00,40465.0
2012-09-18 18:00:00,40002.0
2012-09-18 19:00:00,39364.0
2012-09-18 20:00:00,39884.0
2012-09-18 21:00:00,38145.0
2012-09-18 22:00:00,31406.0
2012-09-18 23:00:00,23540.0
2012-09-19 00:00:00,18228.0
2012-09-19 01:00:00,17229.0
2012-09-19 02:00:00,16455.0
2012-09-19 03:00:00,15985.0
2012-09-19 04:00:00,16203.0
2012-09-19 05:00:00,16868.0
2012-09-19 06:00:00,23229.0
2012-09-19 07:00:00,27759.0
2012-09-19 08:00:00,29927.0
2012-09-19 09:00:00,33137.0
2012-09-19 10:00:00,32557.0
2012-09-19 11:00:00,32439.0
2012-09-19 12:00:00,38363.0
2012-09-19 13:00:00,40388.0
2012-09-19 14:00:00,39413.0
2012-09-19 15:00:00,41161.0
2012-09-19 16:00:00,42381.0
2012-09-19 17:00:00,41414.0
2012-09-19 18:00:00,43019.0
2012-09-19 19:00:00,40935.0
2012-09-19 20:00:00,41145.0
2012-09-19 21:00:00,39364.0
2012-09-19 22:00:00,32337.0
2012-09-19 23:00:00,23910.0
2012-09-20 00:00:00,18692.0
2012-09-20 01:00:00,17842.0
2012-09-20 02:00:00,17170.0
2012-09-20 03:00:00,16523.0
2012-09-20 04:00:00,17464.0
2012-09-20 05:00:00,16977.0
2012-09-20 06:00:00,23615.0
2012-09-20 07:00:00,26708.0
2012-09-20 08:00:00,29944.0
2012-09-20 09:00:00,32700.0
2012-09-20 10:00:00,31818.0
2012-09-20 11:00:00,31599.0
2012-09-20 12:00:00,36700.0
2012-09-20 13:00:00,38691.0
2012-09-20 14:00:00,39826.0
2012-09-20 15:00:00,39506.0
2012-09-20 16:00:00,41069.0
2012-09-20 17:00:00,41238.0
2012-09-20 18:00:00,40514.0
2012-09-20 19:00:00,39784.0
2012-09-20 20:00:00,40876.0
2012-09-20 21:00:00,38784.0
2012-09-20 22:00:00,31884.0
2012-09-20 23:00:00,23935.0
2012-09-21 00:00:00,18355.0
2012-09-21 01:00:00,16918.0
2012-09-21 02:00:00,17045.0
2012-09-21 03:00:00,16002.0
2012-09-21 04:00:00,16867.0
2012-09-21 05:00:00,17094.0
2012-09-21 06:00:00,24439.0
2012-09-21 07:00:00,27959.0
2012-09-21 08:00:00,28489.0
2012-09-21 09:00:00,32935.0
2012-09-21 10:00:00,30935.0
2012-09-21 11:00:00,31423.0
2012-09-21 12:00:00,36296.0
2012-09-21 13:00:00,38581.0
2012-09-21 14:00:00,39692.0
2012-09-21 15:00:00,38792.0
2012-09-21 16:00:00,38826.0
2012-09-21 17:00:00,40465.0
2012-09-21 18:00:00,39950.0
2012-09-21 19:00:00,38674.0
2012-09-21 20:00:00,38532.0
2012-09-21 21:00:00,37624.0
2012-09-21 22:00:00,31582.0
2012-09-21 23:00:00,30549.0
2012-09-22 00:00:00,22682.0
2012-09-22 01:00:00,17044.0
2012-09-22 02:00:00,16607.0
2012-09-22 03:00:00,15514.0
2012-09-22 04:00:00,16623.0
2012-09-22 05:00:00,16448.0
2012-09-22 06:00:00,24137.0
2012-09-22 07:00:00,26137.0
2012-09-22 08:00:00,27859.0
2012-09-22 09:00:00,31078.0
2012-09-22 10:00:00,30044.0
2012-09-22 11:00:00,29758.0
2012-09-22 12:00:00,36010.0
2012-09-22 13:00:00,37389.0
2012-09-22 14:00:00,37893.0
2012-09-22 15:00:00,37506.0
2012-09-22 16:00:00,39069.0
2012-09-22 17:00:00,40389.0
2012-09-22 18:00:00,41111.0
2012-09-22 19:00:00,41061.0
2012-09-22 20:00:00,42524.0
2012-09-22 21:00:00,40237.0
2012-09-22 22:00:00,32708.0
2012-09-22 23:00:00,32077.0
2012-09-23 00:00:00,24118.0
2012-09-23 01:00:00,17986.0
2012-09-23 02:00:00,17179.0
2012-09-23 03:00:00,16565.0
2012-09-23 04:00:00,17162.0
2012-09-23 05:00:00,17129.0
2012-09-23 06:00:00,24969.0
2012-09-23 07:00:00,27700.0
2012-09-23 08:00:00,28868.0
2012-09-23 09:00:00,30800.0
2012-09-23 10:00:00,29826.0
2012-09-23 11:00:00,29791.0
2012-09-23 12:00:00,35356.0
2012-09-23 13:00:00,37691.0
2012-09-23 14:00:00,36347.0
2012-09-23 15:00:00,35507.0
2012-09-23 16:00:00,35221.0
2012-09-23 17:00:00,37270.0
2012-09-23 18:00:00,36061.0
2012-09-23 19:00:00,36481.0
2012-09-23 20:00:00,37086.0
2012-09-23 21:00:00,36809.0
2012-09-23 22:00:00,30885.0
2012-09-23 23:00:00,22750.0
2012-09-24 00:00:00,17606.0
2012-09-24 01:00:00,16121.0
2012-09-24 02:00:00,15632.0
2012-09-24 03:00:00,15238.0
2012-09-24 04:00:00,15607.0
2012-09-24 05:00:00,16650.0
2012-09-24 06:00:00,22212.0
2012-09-24 07:00:00,24540.0
2012-09-24 08:00:00,26061.0
2012-09-24 09:00:00,31153.0
2012-09-24 10:00:00,30069.0
2012-09-24 11:00:00,30791.0
2012-09-24 12:00:00,34440.0
2012-09-24 13:00:00,35817.0
2012-09-24 14:00:00,36843.0
2012-09-24 15:00:00,35910.0
2012-09-24 16:00:00,35926.0
2012-09-24 17:00:00,36245.0
2012-09-24 18:00:00,35827.0
2012-09-24 19:00:00,35876.0
2012-09-24 20:00:00,37153.0
2012-09-24 21:00:00,35447.0
2012-09-24 22:00:00,30809.0
2012-09-24 23:00:00,22961.0
2012-09-25 00:00:00,17531.0
2012-09-25 01:00:00,16388.0
2012-09-25 02:00:00,16405.0
2012-09-25 03:00:00,15406.0
2012-09-25 04:00:00,16237.0
2012-09-25 05:00:00,16229.0
2012-09-25 06:00:00,21910.0
2012-09-25 07:00:00,25414.0
2012-09-25 08:00:00,25935.0
2012-09-25 09:00:00,30850.0
2012-09-25 10:00:00,29800.0
2012-09-25 11:00:00,30203.0
2012-09-25 12:00:00,33305.0
2012-09-25 13:00:00,33960.0
2012-09-25 14:00:00,33338.0
2012-09-25 15:00:00,33969.0
2012-09-25 16:00:00,33590.0
2012-09-25 17:00:00,33792.0
2012-09-25 18:00:00,33623.0
2012-09-25 19:00:00,33338.0
2012-09-25 20:00:00,33188.0
2012-09-25 21:00:00,32473.0
2012-09-25 22:00:00,28700.0
2012-09-25 23:00:00,22389.0
2012-09-26 00:00:00,17355.0
2012-09-26 01:00:00,16422.0
2012-09-26 02:00:00,15456.0
2012-09-26 03:00:00,14666.0
2012-09-26 04:00:00,14943.0
2012-09-26 05:00:00,15329.0
2012-09-26 06:00:00,19523.0
2012-09-26 07:00:00,21910.0
2012-09-26 08:00:00,22346.0
2012-09-26 09:00:00,29271.0
2012-09-26 10:00:00,29002.0
2012-09-26 11:00:00,29574.0
2012-09-26 12:00:00,31683.0
2012-09-26 13:00:00,32127.0
2012-09-26 14:00:00,32649.0
2012-09-26 15:00:00,33522.0
2012-09-26 16:00:00,33128.0
2012-09-26 17:00:00,33817.0
2012-09-26 18:00:00,33757.0
2012-09-26 19:00:00,33733.0
2012-09-26 20:00:00,34389.0
2012-09-26 21:00:00,32103.0
2012-09-26 22:00:00,29431.0
2012-09-26 23:00:00,22667.0
2012-09-27 00:00:00,17229.0
2012-09-27 01:00:00,15379.0
2012-09-27 02:00:00,14186.0
2012-09-27 03:00:00,13329.0
2012-09-27 04:00:00,13666.0
2012-09-27 05:00:00,14011.0
2012-09-27 06:00:00,18960.0
2012-09-27 07:00:00,20439.0
2012-09-27 08:00:00,21724.0
2012-09-27 09:00:00,26649.0
2012-09-27 10:00:00,26842.0
2012-09-27 11:00:00,27195.0
2012-09-27 12:00:00,30220.0
2012-09-27 13:00:00,30650.0
2012-09-27 14:00:00,33220.0
2012-09-27 15:00:00,33598.0
2012-09-27 16:00:00,33766.0
2012-09-27 17:00:00,33935.0
2012-09-27 18:00:00,34313.0
2012-09-27 19:00:00,34229.0
2012-09-27 20:00:00,32909.0
2012-09-27 21:00:00,33456.0
2012-09-27 22:00:00,29329.0
2012-09-27 23:00:00,21850.0
2012-09-28 00:00:00,16758.0
2012-09-28 01:00:00,16078.0
2012-09-28 02:00:00,15623.0
2012-09-28 03:00:00,15565.0
2012-09-28 04:00:00,15691.0
2012-09-28 05:00:00,15842.0
2012-09-28 06:00:00,21043.0
2012-09-28 07:00:00,22682.0
2012-09-28 08:00:00,21539.0
2012-09-28 09:00:00,28085.0
2012-09-28 10:00:00,28633.0
2012-09-28 11:00:00,28783.0
2012-09-28 12:00:00,30245.0
2012-09-28 13:00:00,30288.0
2012-09-28 14:00:00,29337.0
2012-09-28 15:00:00,30456.0
2012-09-28 16:00:00,30498.0
2012-09-28 17:00:00,31901.0
2012-09-28 18:00:00,31910.0
2012-09-28 19:00:00,32279.0
2012-09-28 20:00:00,32314.0
2012-09-28 21:00:00,31304.0
2012-09-28 22:00:00,29600.0
2012-09-28 23:00:00,29304.0
2012-09-29 00:00:00,21825.0
2012-09-29 01:00:00,17069.0
2012-09-29 02:00:00,16221.0
2012-09-29 03:00:00,16422.0
2012-09-29 04:00:00,16683.0
2012-09-29 05:00:00,16556.0
2012-09-29 06:00:00,20111.0
2012-09-29 07:00:00,20691.0
2012-09-29 08:00:00,21514.0
2012-09-29 09:00:00,26817.0
2012-09-29 10:00:00,27783.0
2012-09-29 11:00:00,27951.0
2012-09-29 12:00:00,29800.0
2012-09-29 13:00:00,30440.0
2012-09-29 14:00:00,30867.0
2012-09-29 15:00:00,39010.0
2012-09-29 16:00:00,37355.0
2012-09-29 17:00:00,38128.0
2012-09-29 18:00:00,39926.0
2012-09-29 19:00:00,39037.0
2012-09-29 20:00:00,39137.0
2012-09-29 21:00:00,37245.0
2012-09-29 22:00:00,31683.0
2012-09-29 23:00:00,30313.0
2012-09-30 00:00:00,23413.0
2012-09-30 01:00:00,18001.0
2012-09-30 02:00:00,17574.0
2012-09-30 03:00:00,17162.0
2012-09-30 04:00:00,17784.0
2012-09-30 05:00:00,17817.0
2012-09-30 06:00:00,23103.0
2012-09-30 07:00:00,25221.0
2012-09-30 08:00:00,25859.0
2012-09-30 09:00:00,29321.0
2012-09-30 10:00:00,28631.0
2012-09-30 11:00:00,29035.0
2012-09-30 12:00:00,33414.0
2012-09-30 13:00:00,36086.0
2012-09-30 14:00:00,35532.0
2012-09-30 15:00:00,35498.0
2012-09-30 16:00:00,35473.0
2012-09-30 17:00:00,34700.0
2012-09-30 18:00:00,35497.0
2012-09-30 19:00:00,34892.0
2012-09-30 20:00:00,36009.0
2012-09-30 21:00:00,34859.0
2012-09-30 22:00:00,30137.0
2012-09-30 23:00:00,22253.0
2012-10-01 00:00:00,16808.0
2012-10-01 01:00:00,15472.0
2012-10-01 02:00:00,14960.0
2012-10-01 03:00:00,14623.0
2012-10-01 04:00:00,15052.0
2012-10-01 05:00:00,15691.0
2012-10-01 06:00:00,21859.0
2012-10-01 07:00:00,23674.0
2012-10-01 08:00:00,24859.0
2012-10-01 09:00:00,30062.0
2012-10-01 10:00:00,29060.0
2012-10-01 11:00:00,30253.0
2012-10-01 12:00:00,33682.0
2012-10-01 13:00:00,35465.0
2012-10-01 14:00:00,35398.0
2012-10-01 15:00:00,36255.0
2012-10-01 16:00:00,36170.0
2012-10-01 17:00:00,36305.0
2012-10-01 18:00:00,35792.0
2012-10-01 19:00:00,36498.0
2012-10-01 20:00:00,36431.0
2012-10-01 21:00:00,35783.0
2012-10-01 22:00:00,30935.0
2012-10-01 23:00:00,23850.0
2012-10-02 00:00:00,18674.0
2012-10-02 01:00:00,15984.0
2012-10-02 02:00:00,15515.0
2012-10-02 03:00:00,14884.0
2012-10-02 04:00:00,15313.0
2012-10-02 05:00:00,16548.0
2012-10-02 06:00:00,21564.0
2012-10-02 07:00:00,23614.0
2012-10-02 08:00:00,24607.0
2012-10-02 09:00:00,29943.0
2012-10-02 10:00:00,28944.0
2012-10-02 11:00:00,30531.0
2012-10-02 12:00:00,34826.0
2012-10-02 13:00:00,35683.0
2012-10-02 14:00:00,35775.0
2012-10-02 15:00:00,36968.0
2012-10-02 16:00:00,36834.0
2012-10-02 17:00:00,37001.0
2012-10-02 18:00:00,36094.0
2012-10-02 19:00:00,36103.0
2012-10-02 20:00:00,36918.0
2012-10-02 21:00:00,35564.0
2012-10-02 22:00:00,30675.0
2012-10-02 23:00:00,23271.0
2012-10-03 00:00:00,18043.0
2012-10-03 01:00:00,16414.0
2012-10-03 02:00:00,16691.0
2012-10-03 03:00:00,16565.0
2012-10-03 04:00:00,16911.0
2012-10-03 05:00:00,17346.0
2012-10-03 06:00:00,23129.0
2012-10-03 07:00:00,25381.0
2012-10-03 08:00:00,26195.0
2012-10-03 09:00:00,30371.0
2012-10-03 10:00:00,29699.0
2012-10-03 11:00:00,30481.0
2012-10-03 12:00:00,33952.0
2012-10-03 13:00:00,35364.0
2012-10-03 14:00:00,35952.0
2012-10-03 15:00:00,36851.0
2012-10-03 16:00:00,36431.0
2012-10-03 17:00:00,35875.0
2012-10-03 18:00:00,35271.0
2012-10-03 19:00:00,35817.0
2012-10-03 20:00:00,36019.0
2012-10-03 21:00:00,34490.0
2012-10-03 22:00:00,30103.0
2012-10-03 23:00:00,23280.0
2012-10-04 00:00:00,17776.0
2012-10-04 01:00:00,15901.0
2012-10-04 02:00:00,15960.0
2012-10-04 03:00:00,15750.0
2012-10-04 04:00:00,16515.0
2012-10-04 05:00:00,16262.0
2012-10-04 06:00:00,22557.0
2012-10-04 07:00:00,24052.0
2012-10-04 08:00:00,25270.0
2012-10-04 09:00:00,29254.0
2012-10-04 10:00:00,29019.0
2012-10-04 11:00:00,29750.0
2012-10-04 12:00:00,34616.0
2012-10-04 13:00:00,36229.0
2012-10-04 14:00:00,36531.0
2012-10-04 15:00:00,36540.0
2012-10-04 16:00:00,37364.0
2012-10-04 17:00:00,37212.0
2012-10-04 18:00:00,36305.0
2012-10-04 19:00:00,36919.0
2012-10-04 20:00:00,35792.0
2012-10-04 21:00:00,34683.0
2012-10-04 22:00:00,29497.0
2012-10-04 23:00:00,27633.0
2012-10-05 00:00:00,20918.0
2012-10-05 01:00:00,16019.0
2012-10-05 02:00:00,15792.0
2012-10-05 03:00:00,15683.0
2012-10-05 04:00:00,16423.0
2012-10-05 05:00:00,16314.0
2012-10-05 06:00:00,21070.0
2012-10-05 07:00:00,23758.0
2012-10-05 08:00:00,25187.0
2012-10-05 09:00:00,29086.0
2012-10-05 10:00:00,28911.0
2012-10-05 11:00:00,30009.0
2012-10-05 12:00:00,34136.0
2012-10-05 13:00:00,34717.0
2012-10-05 14:00:00,36540.0
2012-10-05 15:00:00,36380.0
2012-10-05 16:00:00,35994.0
2012-10-05 17:00:00,36196.0
2012-10-05 18:00:00,36077.0
2012-10-05 19:00:00,36170.0
2012-10-05 20:00:00,37001.0
2012-10-05 21:00:00,35524.0
2012-10-05 22:00:00,30448.0
2012-10-05 23:00:00,27792.0
2012-10-06 00:00:00,21044.0
2012-10-06 01:00:00,16700.0
2012-10-06 02:00:00,16431.0
2012-10-06 03:00:00,16615.0
2012-10-06 04:00:00,17490.0
2012-10-06 05:00:00,17186.0
2012-10-06 06:00:00,23280.0
2012-10-06 07:00:00,25246.0
2012-10-06 08:00:00,27009.0
2012-10-06 09:00:00,30650.0
2012-10-06 10:00:00,29935.0
2012-10-06 11:00:00,30556.0
2012-10-06 12:00:00,34565.0
2012-10-06 13:00:00,37388.0
2012-10-06 14:00:00,36833.0
2012-10-06 15:00:00,36833.0
2012-10-06 16:00:00,37624.0
2012-10-06 17:00:00,36128.0
2012-10-06 18:00:00,37161.0
2012-10-06 19:00:00,38364.0
2012-10-06 20:00:00,37716.0
2012-10-06 21:00:00,36506.0
2012-10-06 22:00:00,31968.0
2012-10-06 23:00:00,28843.0
2012-10-07 00:00:00,22439.0
2012-10-07 01:00:00,17784.0
2012-10-07 02:00:00,17615.0
2012-10-07 03:00:00,17220.0
2012-10-07 04:00:00,17254.0
2012-10-07 05:00:00,17524.0
2012-10-07 06:00:00,22523.0
2012-10-07 07:00:00,25003.0
2012-10-07 08:00:00,26724.0
2012-10-07 09:00:00,30817.0
2012-10-07 10:00:00,30557.0
2012-10-07 11:00:00,30800.0
2012-10-07 12:00:00,34968.0
2012-10-07 13:00:00,36935.0
2012-10-07 14:00:00,35866.0
2012-10-07 15:00:00,36304.0
2012-10-07 16:00:00,36599.0
2012-10-07 17:00:00,35993.0
2012-10-07 18:00:00,35986.0
2012-10-07 19:00:00,36439.0
2012-10-07 20:00:00,36472.0
2012-10-07 21:00:00,35935.0
2012-10-07 22:00:00,30398.0
2012-10-07 23:00:00,22876.0
2012-10-08 00:00:00,18330.0
2012-10-08 01:00:00,17910.0
2012-10-08 02:00:00,17565.0
2012-10-08 03:00:00,17371.0
2012-10-08 04:00:00,17557.0
2012-10-08 05:00:00,18649.0
2012-10-08 06:00:00,24783.0
2012-10-08 07:00:00,27061.0
2012-10-08 08:00:00,28464.0
2012-10-08 09:00:00,32170.0
2012-10-08 10:00:00,31253.0
2012-10-08 11:00:00,31583.0
2012-10-08 12:00:00,36095.0
2012-10-08 13:00:00,37599.0
2012-10-08 14:00:00,37329.0
2012-10-08 15:00:00,37674.0
2012-10-08 16:00:00,37616.0
2012-10-08 17:00:00,37153.0
2012-10-08 18:00:00,37625.0
2012-10-08 19:00:00,38161.0
2012-10-08 20:00:00,37180.0
2012-10-08 21:00:00,37161.0
2012-10-08 22:00:00,30288.0
2012-10-08 23:00:00,24203.0
2012-10-09 00:00:00,19246.0
2012-10-09 01:00:00,19607.0
2012-10-09 02:00:00,19111.0
2012-10-09 03:00:00,19339.0
2012-10-09 04:00:00,19800.0
2012-10-09 05:00:00,19715.0
2012-10-09 06:00:00,26985.0
2012-10-09 07:00:00,28482.0
2012-10-09 08:00:00,29582.0
2012-10-09 09:00:00,33237.0
2012-10-09 10:00:00,31287.0
2012-10-09 11:00:00,31565.0
2012-10-09 12:00:00,35699.0
2012-10-09 13:00:00,37431.0
2012-10-09 14:00:00,36691.0
2012-10-09 15:00:00,37045.0
2012-10-09 16:00:00,36809.0
2012-10-09 17:00:00,37070.0
2012-10-09 18:00:00,37985.0
2012-10-09 19:00:00,36985.0
2012-10-09 20:00:00,36800.0
2012-10-09 21:00:00,36582.0
2012-10-09 22:00:00,30060.0
2012-10-09 23:00:00,23733.0
2012-10-10 00:00:00,19893.0
2012-10-10 01:00:00,19598.0
2012-10-10 02:00:00,19640.0
2012-10-10 03:00:00,18776.0
2012-10-10 04:00:00,19077.0
2012-10-10 05:00:00,19019.0
2012-10-10 06:00:00,25615.0
2012-10-10 07:00:00,27129.0
2012-10-10 08:00:00,28716.0
2012-10-10 09:00:00,32616.0
2012-10-10 10:00:00,30430.0
2012-10-10 11:00:00,31196.0
2012-10-10 12:00:00,35775.0
2012-10-10 13:00:00,37002.0
2012-10-10 14:00:00,36179.0
2012-10-10 15:00:00,36733.0
2012-10-10 16:00:00,36657.0
2012-10-10 17:00:00,36632.0
2012-10-10 18:00:00,37968.0
2012-10-10 19:00:00,37262.0
2012-10-10 20:00:00,37203.0
2012-10-10 21:00:00,37355.0
2012-10-10 22:00:00,30061.0
2012-10-10 23:00:00,23422.0
2012-10-11 00:00:00,18977.0
2012-10-11 01:00:00,18758.0
2012-10-11 02:00:00,18380.0
2012-10-11 03:00:00,18129.0
2012-10-11 04:00:00,18398.0
2012-10-11 05:00:00,18532.0
2012-10-11 06:00:00,22708.0
2012-10-11 07:00:00,27346.0
2012-10-11 08:00:00,28372.0
2012-10-11 09:00:00,31750.0
2012-10-11 10:00:00,29986.0
2012-10-11 11:00:00,30615.0
2012-10-11 12:00:00,35742.0
2012-10-11 13:00:00,37110.0
2012-10-11 14:00:00,36262.0
2012-10-11 15:00:00,38043.0
2012-10-11 16:00:00,37776.0
2012-10-11 17:00:00,37926.0
2012-10-11 18:00:00,38405.0
2012-10-11 19:00:00,37919.0
2012-10-11 20:00:00,38196.0
2012-10-11 21:00:00,36734.0
2012-10-11 22:00:00,30304.0
2012-10-11 23:00:00,23119.0
2012-10-12 00:00:00,17833.0
2012-10-12 01:00:00,16994.0
2012-10-12 02:00:00,17212.0
2012-10-12 03:00:00,16801.0
2012-10-12 04:00:00,17245.0
2012-10-12 05:00:00,17279.0
2012-10-12 06:00:00,20918.0
2012-10-12 07:00:00,25439.0
2012-10-12 08:00:00,26709.0
2012-10-12 09:00:00,29397.0
2012-10-12 10:00:00,29666.0
2012-10-12 11:00:00,31195.0
2012-10-12 12:00:00,35633.0
2012-10-12 13:00:00,37119.0
2012-10-12 14:00:00,36758.0
2012-10-12 15:00:00,36674.0
2012-10-12 16:00:00,37481.0
2012-10-12 17:00:00,37203.0
2012-10-12 18:00:00,35514.0
2012-10-12 19:00:00,30926.0
2012-10-12 20:00:00,32363.0
2012-10-12 21:00:00,34859.0
2012-10-12 22:00:00,30330.0
2012-10-12 23:00:00,27616.0
2012-10-13 00:00:00,20825.0
2012-10-13 01:00:00,15674.0
2012-10-13 02:00:00,15792.0
2012-10-13 03:00:00,15287.0
2012-10-13 04:00:00,15530.0
2012-10-13 05:00:00,15572.0
2012-10-13 06:00:00,18573.0
2012-10-13 07:00:00,21757.0
2012-10-13 08:00:00,21018.0
2012-10-13 09:00:00,26665.0
2012-10-13 10:00:00,28237.0
2012-10-13 11:00:00,29237.0
2012-10-13 12:00:00,30062.0
2012-10-13 13:00:00,29691.0
2012-10-13 14:00:00,30481.0
2012-10-13 15:00:00,29371.0
2012-10-13 16:00:00,29161.0
2012-10-13 17:00:00,29817.0
2012-10-13 18:00:00,30540.0
2012-10-13 19:00:00,31280.0
2012-10-13 20:00:00,31237.0
2012-10-13 21:00:00,30523.0
2012-10-13 22:00:00,28809.0
2012-10-13 23:00:00,27683.0
2012-10-14 00:00:00,21052.0
2012-10-14 01:00:00,16817.0
2012-10-14 02:00:00,16767.0
2012-10-14 03:00:00,16809.0
2012-10-14 04:00:00,16902.0
2012-10-14 05:00:00,17213.0
2012-10-14 06:00:00,19700.0
2012-10-14 07:00:00,21800.0
2012-10-14 08:00:00,22127.0
2012-10-14 09:00:00,27583.0
2012-10-14 10:00:00,29078.0
2012-10-14 11:00:00,29977.0
2012-10-14 12:00:00,30129.0
2012-10-14 13:00:00,30422.0
2012-10-14 14:00:00,30347.0
2012-10-14 15:00:00,29875.0
2012-10-14 16:00:00,29834.0
2012-10-14 17:00:00,30523.0
2012-10-14 18:00:00,29885.0
2012-10-14 19:00:00,31372.0
2012-10-14 20:00:00,31489.0
2012-10-14 21:00:00,29171.0
2012-10-14 22:00:00,27337.0
2012-10-14 23:00:00,20800.0
2012-10-15 00:00:00,15791.0
2012-10-15 01:00:00,15808.0
2012-10-15 02:00:00,14885.0
2012-10-15 03:00:00,14472.0
2012-10-15 04:00:00,15263.0
2012-10-15 05:00:00,15548.0
2012-10-15 06:00:00,18035.0
2012-10-15 07:00:00,20497.0
2012-10-15 08:00:00,21087.0
2012-10-15 09:00:00,28019.0
2012-10-15 10:00:00,27540.0
2012-10-15 11:00:00,28339.0
2012-10-15 12:00:00,30355.0
2012-10-15 13:00:00,31523.0
2012-10-15 14:00:00,31431.0
2012-10-15 15:00:00,31203.0
2012-10-15 16:00:00,31632.0
2012-10-15 17:00:00,31279.0
2012-10-15 18:00:00,31557.0
2012-10-15 19:00:00,30246.0
2012-10-15 20:00:00,30060.0
2012-10-15 21:00:00,30574.0
2012-10-15 22:00:00,28338.0
2012-10-15 23:00:00,22472.0
2012-10-16 00:00:00,18825.0
2012-10-16 01:00:00,18179.0
2012-10-16 02:00:00,17321.0
2012-10-16 03:00:00,17211.0
2012-10-16 04:00:00,17439.0
2012-10-16 05:00:00,18296.0
2012-10-16 06:00:00,20977.0
2012-10-16 07:00:00,23414.0
2012-10-16 08:00:00,24027.0
2012-10-16 09:00:00,30103.0
2012-10-16 10:00:00,29078.0
2012-10-16 11:00:00,30254.0
2012-10-16 12:00:00,31236.0
2012-10-16 13:00:00,32371.0
2012-10-16 14:00:00,31430.0
2012-10-16 15:00:00,32086.0
2012-10-16 16:00:00,32262.0
2012-10-16 17:00:00,32724.0
2012-10-16 18:00:00,32473.0
2012-10-16 19:00:00,31943.0
2012-10-16 20:00:00,30801.0
2012-10-16 21:00:00,31060.0
2012-10-16 22:00:00,28943.0
2012-10-16 23:00:00,23204.0
2012-10-17 00:00:00,18985.0
2012-10-17 01:00:00,17724.0
2012-10-17 02:00:00,17178.0
2012-10-17 03:00:00,16951.0
2012-10-17 04:00:00,17347.0
2012-10-17 05:00:00,17422.0
2012-10-17 06:00:00,20976.0
2012-10-17 07:00:00,22917.0
2012-10-17 08:00:00,23574.0
2012-10-17 09:00:00,29515.0
2012-10-17 10:00:00,29557.0
2012-10-17 11:00:00,29876.0
2012-10-17 12:00:00,31481.0
2012-10-17 13:00:00,32675.0
2012-10-17 14:00:00,31725.0
2012-10-17 15:00:00,32094.0
2012-10-17 16:00:00,31809.0
2012-10-17 17:00:00,31581.0
2012-10-17 18:00:00,31733.0
2012-10-17 19:00:00,30430.0
2012-10-17 20:00:00,29195.0
2012-10-17 21:00:00,30128.0
2012-10-17 22:00:00,28329.0
2012-10-17 23:00:00,22396.0
2012-10-18 00:00:00,18287.0
2012-10-18 01:00:00,17213.0
2012-10-18 02:00:00,15683.0
2012-10-18 03:00:00,15329.0
2012-10-18 04:00:00,15825.0
2012-10-18 05:00:00,16027.0
2012-10-18 06:00:00,18725.0
2012-10-18 07:00:00,21498.0
2012-10-18 08:00:00,21573.0
2012-10-18 09:00:00,27809.0
2012-10-18 10:00:00,28439.0
2012-10-18 11:00:00,28977.0
2012-10-18 12:00:00,28935.0
2012-10-18 13:00:00,29220.0
2012-10-18 14:00:00,28423.0
2012-10-18 15:00:00,28212.0
2012-10-18 16:00:00,28708.0
2012-10-18 17:00:00,30060.0
2012-10-18 18:00:00,29834.0
2012-10-18 19:00:00,29985.0
2012-10-18 20:00:00,28506.0
2012-10-18 21:00:00,28086.0
2012-10-18 22:00:00,26783.0
2012-10-18 23:00:00,21338.0
2012-10-19 00:00:00,15859.0
2012-10-19 01:00:00,15363.0
2012-10-19 02:00:00,14917.0
2012-10-19 03:00:00,14708.0
2012-10-19 04:00:00,15296.0
2012-10-19 05:00:00,15691.0
2012-10-19 06:00:00,17137.0
2012-10-19 07:00:00,19280.0
2012-10-19 08:00:00,19985.0
2012-10-19 09:00:00,26900.0
2012-10-19 10:00:00,27355.0
2012-10-19 11:00:00,27792.0
2012-10-19 12:00:00,29019.0
2012-10-19 13:00:00,28742.0
2012-10-19 14:00:00,28649.0
2012-10-19 15:00:00,27842.0
2012-10-19 16:00:00,28590.0
2012-10-19 17:00:00,29338.0
2012-10-19 18:00:00,29456.0
2012-10-19 19:00:00,29482.0
2012-10-19 20:00:00,29069.0
2012-10-19 21:00:00,28095.0
2012-10-19 22:00:00,26573.0
2012-10-19 23:00:00,26372.0
2012-10-20 00:00:00,20128.0
2012-10-20 01:00:00,15892.0
2012-10-20 02:00:00,15221.0
2012-10-20 03:00:00,13994.0
2012-10-20 04:00:00,14431.0
2012-10-20 05:00:00,15741.0
2012-10-20 06:00:00,17288.0
2012-10-20 07:00:00,18524.0
2012-10-20 08:00:00,19649.0
2012-10-20 09:00:00,24876.0
2012-10-20 10:00:00,26851.0
2012-10-20 11:00:00,27186.0
2012-10-20 12:00:00,28255.0
2012-10-20 13:00:00,28303.0
2012-10-20 14:00:00,27237.0
2012-10-20 15:00:00,26808.0
2012-10-20 16:00:00,27119.0
2012-10-20 17:00:00,27699.0
2012-10-20 18:00:00,28044.0
2012-10-20 19:00:00,28901.0
2012-10-20 20:00:00,28851.0
2012-10-20 21:00:00,27944.0
2012-10-20 22:00:00,26843.0
2012-10-20 23:00:00,25766.0
2012-10-21 00:00:00,19850.0
2012-10-21 01:00:00,15489.0
2012-10-21 02:00:00,14380.0
2012-10-21 03:00:00,14398.0
2012-10-21 04:00:00,15043.0
2012-10-21 05:00:00,14918.0
2012-10-21 06:00:00,16717.0
2012-10-21 07:00:00,17204.0
2012-10-21 08:00:00,17759.0
2012-10-21 09:00:00,24002.0
2012-10-21 10:00:00,25977.0
2012-10-21 11:00:00,26616.0
2012-10-21 12:00:00,27044.0
2012-10-21 13:00:00,27128.0
2012-10-21 14:00:00,26641.0
2012-10-21 15:00:00,26734.0
2012-10-21 16:00:00,27195.0
2012-10-21 17:00:00,27430.0
2012-10-21 18:00:00,28170.0
2012-10-21 19:00:00,28942.0
2012-10-21 20:00:00,28875.0
2012-10-21 21:00:00,28817.0
2012-10-21 22:00:00,28321.0
2012-10-21 23:00:00,24867.0
2012-10-22 00:00:00,21826.0
2012-10-22 01:00:00,19607.0
2012-10-22 02:00:00,18775.0
2012-10-22 03:00:00,18238.0
2012-10-22 04:00:00,19094.0
2012-10-22 05:00:00,20616.0
2012-10-22 06:00:00,21910.0
2012-10-22 07:00:00,19153.0
2012-10-22 08:00:00,19692.0
2012-10-22 09:00:00,27498.0
2012-10-22 10:00:00,28422.0
2012-10-22 11:00:00,29128.0
2012-10-22 12:00:00,29069.0
2012-10-22 13:00:00,28943.0
2012-10-22 14:00:00,29733.0
2012-10-22 15:00:00,29708.0
2012-10-22 16:00:00,29951.0
2012-10-22 17:00:00,30296.0
2012-10-22 18:00:00,30060.0
2012-10-22 19:00:00,30396.0
2012-10-22 20:00:00,30111.0
2012-10-22 21:00:00,29961.0
2012-10-22 22:00:00,28724.0
2012-10-22 23:00:00,22691.0
2012-10-23 00:00:00,19590.0
2012-10-23 01:00:00,19187.0
2012-10-23 02:00:00,19917.0
2012-10-23 03:00:00,19515.0
2012-10-23 04:00:00,19934.0
2012-10-23 05:00:00,20161.0
2012-10-23 06:00:00,19817.0
2012-10-23 07:00:00,21834.0
2012-10-23 08:00:00,21523.0
2012-10-23 09:00:00,27936.0
2012-10-23 10:00:00,28792.0
2012-10-23 11:00:00,29540.0
2012-10-23 12:00:00,30203.0
2012-10-23 13:00:00,29883.0
2012-10-23 14:00:00,30952.0
2012-10-23 15:00:00,30297.0
2012-10-23 16:00:00,30910.0
2012-10-23 17:00:00,31052.0
2012-10-23 18:00:00,31598.0
2012-10-23 19:00:00,32002.0
2012-10-23 20:00:00,31397.0
2012-10-23 21:00:00,30161.0
2012-10-23 22:00:00,29364.0
2012-10-23 23:00:00,23380.0
2012-10-24 00:00:00,20111.0
2012-10-24 01:00:00,19524.0
2012-10-24 02:00:00,19296.0
2012-10-24 03:00:00,18875.0
2012-10-24 04:00:00,19145.0
2012-10-24 05:00:00,20211.0
2012-10-24 06:00:00,21439.0
2012-10-24 07:00:00,22759.0
2012-10-24 08:00:00,22406.0
2012-10-24 09:00:00,27750.0
2012-10-24 10:00:00,28700.0
2012-10-24 11:00:00,29422.0
2012-10-24 12:00:00,29448.0
2012-10-24 13:00:00,29204.0
2012-10-24 14:00:00,28741.0
2012-10-24 15:00:00,28725.0
2012-10-24 16:00:00,29523.0
2012-10-24 17:00:00,29674.0
2012-10-24 18:00:00,29515.0
2012-10-24 19:00:00,30010.0
2012-10-24 20:00:00,29934.0
2012-10-24 21:00:00,28968.0
2012-10-24 22:00:00,28312.0
2012-10-24 23:00:00,22288.0
2012-10-25 00:00:00,18213.0
2012-10-25 01:00:00,17204.0
2012-10-25 02:00:00,17405.0
2012-10-25 03:00:00,16532.0
2012-10-25 04:00:00,17028.0
2012-10-25 05:00:00,17019.0
2012-10-25 06:00:00,18826.0
2012-10-25 07:00:00,20524.0
2012-10-25 08:00:00,21228.0
2012-10-25 09:00:00,27337.0
2012-10-25 10:00:00,29102.0
2012-10-25 11:00:00,29053.0
2012-10-25 12:00:00,29751.0
2012-10-25 13:00:00,29464.0
2012-10-25 14:00:00,29607.0
2012-10-25 15:00:00,29245.0
2012-10-25 16:00:00,28834.0
2012-10-25 17:00:00,29607.0
2012-10-25 18:00:00,29447.0
2012-10-25 19:00:00,29900.0
2012-10-25 20:00:00,29725.0
2012-10-25 21:00:00,29128.0
2012-10-25 22:00:00,27690.0
2012-10-25 23:00:00,22430.0
2012-10-26 00:00:00,17556.0
2012-10-26 01:00:00,17237.0
2012-10-26 02:00:00,17187.0
2012-10-26 03:00:00,16287.0
2012-10-26 04:00:00,16952.0
2012-10-26 05:00:00,17338.0
2012-10-26 06:00:00,18498.0
2012-10-26 07:00:00,20539.0
2012-10-26 08:00:00,20851.0
2012-10-26 09:00:00,26985.0
2012-10-26 10:00:00,28598.0
2012-10-26 11:00:00,28733.0
2012-10-26 12:00:00,29044.0
2012-10-26 13:00:00,28581.0
2012-10-26 14:00:00,28842.0
2012-10-26 15:00:00,28557.0
2012-10-26 16:00:00,29406.0
2012-10-26 17:00:00,29413.0
2012-10-26 18:00:00,29742.0
2012-10-26 19:00:00,30255.0
2012-10-26 20:00:00,30514.0
2012-10-26 21:00:00,29220.0
2012-10-26 22:00:00,28498.0
2012-10-26 23:00:00,27565.0
2012-10-27 00:00:00,20944.0
2012-10-27 01:00:00,17078.0
2012-10-27 02:00:00,16674.0
2012-10-27 03:00:00,15741.0
2012-10-27 04:00:00,16657.0
2012-10-27 05:00:00,15951.0
2012-10-27 06:00:00,18271.0
2012-10-27 07:00:00,19573.0
2012-10-27 08:00:00,20356.0
2012-10-27 09:00:00,25717.0
2012-10-27 10:00:00,27355.0
2012-10-27 11:00:00,28320.0
2012-10-27 12:00:00,28657.0
2012-10-27 13:00:00,28262.0
2012-10-27 14:00:00,28767.0
2012-10-27 15:00:00,27893.0
2012-10-27 16:00:00,28514.0
2012-10-27 17:00:00,32077.0
2012-10-27 18:00:00,31127.0
2012-10-27 19:00:00,31137.0
2012-10-27 20:00:00,30044.0
2012-10-27 21:00:00,28927.0
2012-10-27 22:00:00,27741.0
2012-10-27 23:00:00,27288.0
2012-10-28 00:00:00,21018.0
2012-10-28 01:00:00,33220.0
2012-10-28 02:00:00,15556.0
2012-10-28 03:00:00,15161.0
2012-10-28 04:00:00,15052.0
2012-10-28 05:00:00,14658.0
2012-10-28 06:00:00,16422.0
2012-10-28 07:00:00,17514.0
2012-10-28 08:00:00,18271.0
2012-10-28 09:00:00,24447.0
2012-10-28 10:00:00,26230.0
2012-10-28 11:00:00,26842.0
2012-10-28 12:00:00,26523.0
2012-10-28 13:00:00,26002.0
2012-10-28 14:00:00,26582.0
2012-10-28 15:00:00,25927.0
2012-10-28 16:00:00,26666.0
2012-10-28 17:00:00,26842.0
2012-10-28 18:00:00,28330.0
2012-10-28 19:00:00,28364.0
2012-10-28 20:00:00,28414.0
2012-10-28 21:00:00,27354.0
2012-10-28 22:00:00,26389.0
2012-10-28 23:00:00,19959.0
2012-10-29 00:00:00,16354.0
2012-10-29 01:00:00,15439.0
2012-10-29 02:00:00,14724.0
2012-10-29 03:00:00,14700.0
2012-10-29 04:00:00,14892.0
2012-10-29 05:00:00,15472.0
2012-10-29 06:00:00,16960.0
2012-10-29 07:00:00,18322.0
2012-10-29 08:00:00,19497.0
2012-10-29 09:00:00,25128.0
2012-10-29 10:00:00,26095.0
2012-10-29 11:00:00,27438.0
2012-10-29 12:00:00,27456.0
2012-10-29 13:00:00,27926.0
2012-10-29 14:00:00,27852.0
2012-10-29 15:00:00,27094.0
2012-10-29 16:00:00,27607.0
2012-10-29 17:00:00,28086.0
2012-10-29 18:00:00,29809.0
2012-10-29 19:00:00,28951.0
2012-10-29 20:00:00,28582.0
2012-10-29 21:00:00,27548.0
2012-10-29 22:00:00,26750.0
2012-10-29 23:00:00,20304.0
2012-10-30 00:00:00,16355.0
2012-10-30 01:00:00,15389.0
2012-10-30 02:00:00,15683.0
2012-10-30 03:00:00,15136.0
2012-10-30 04:00:00,15691.0
2012-10-30 05:00:00,16574.0
2012-10-30 06:00:00,17632.0
2012-10-30 07:00:00,18952.0
2012-10-30 08:00:00,19977.0
2012-10-30 09:00:00,25859.0
2012-10-30 10:00:00,26784.0
2012-10-30 11:00:00,27186.0
2012-10-30 12:00:00,27363.0
2012-10-30 13:00:00,26977.0
2012-10-30 14:00:00,27624.0
2012-10-30 15:00:00,27371.0
2012-10-30 16:00:00,28169.0
2012-10-30 17:00:00,28120.0
2012-10-30 18:00:00,28960.0
2012-10-30 19:00:00,28978.0
2012-10-30 20:00:00,28464.0
2012-10-30 21:00:00,27649.0
2012-10-30 22:00:00,26649.0
2012-10-30 23:00:00,20557.0
2012-10-31 00:00:00,15800.0
2012-10-31 01:00:00,14759.0
2012-10-31 02:00:00,14919.0
2012-10-31 03:00:00,14229.0
2012-10-31 04:00:00,14539.0
2012-10-31 05:00:00,14674.0
2012-10-31 06:00:00,16271.0
2012-10-31 07:00:00,17968.0
2012-10-31 08:00:00,18716.0
2012-10-31 09:00:00,24751.0
2012-10-31 10:00:00,26464.0
2012-10-31 11:00:00,27363.0
2012-10-31 12:00:00,27397.0
2012-10-31 13:00:00,27245.0
2012-10-31 14:00:00,27405.0
2012-10-31 15:00:00,27556.0
2012-10-31 16:00:00,27851.0
2012-10-31 17:00:00,28321.0
2012-10-31 18:00:00,29338.0
2012-10-31 19:00:00,28960.0
2012-10-31 20:00:00,28834.0
2012-10-31 21:00:00,28094.0
2012-10-31 22:00:00,27473.0
2012-10-31 23:00:00,22330.0
2012-11-01 00:00:00,18919.0
2012-11-01 01:00:00,16665.0
2012-11-01 02:00:00,15750.0
2012-11-01 03:00:00,14935.0
2012-11-01 04:00:00,15750.0
2012-11-01 05:00:00,16077.0
2012-11-01 06:00:00,17573.0
2012-11-01 07:00:00,18725.0
2012-11-01 08:00:00,19775.0
2012-11-01 09:00:00,25498.0
2012-11-01 10:00:00,26388.0
2012-11-01 11:00:00,27372.0
2012-11-01 12:00:00,27480.0
2012-11-01 13:00:00,27733.0
2012-11-01 14:00:00,27506.0
2012-11-01 15:00:00,27322.0
2012-11-01 16:00:00,28171.0
2012-11-01 17:00:00,28178.0
2012-11-01 18:00:00,29061.0
2012-11-01 19:00:00,29036.0
2012-11-01 20:00:00,28859.0
2012-11-01 21:00:00,28421.0
2012-11-01 22:00:00,26808.0
2012-11-01 23:00:00,20413.0
2012-11-02 00:00:00,17271.0
2012-11-02 01:00:00,16809.0
2012-11-02 02:00:00,16396.0
2012-11-02 03:00:00,15910.0
2012-11-02 04:00:00,16330.0
2012-11-02 05:00:00,16767.0
2012-11-02 06:00:00,18816.0
2012-11-02 07:00:00,19514.0
2012-11-02 08:00:00,20077.0
2012-11-02 09:00:00,25648.0
2012-11-02 10:00:00,27229.0
2012-11-02 11:00:00,27170.0
2012-11-02 12:00:00,28347.0
2012-11-02 13:00:00,28237.0
2012-11-02 14:00:00,28658.0
2012-11-02 15:00:00,28381.0
2012-11-02 16:00:00,28708.0
2012-11-02 17:00:00,29179.0
2012-11-02 18:00:00,29984.0
2012-11-02 19:00:00,29867.0
2012-11-02 20:00:00,29507.0
2012-11-02 21:00:00,28002.0
2012-11-02 22:00:00,27422.0
2012-11-02 23:00:00,27136.0
2012-11-03 00:00:00,23188.0
2012-11-03 01:00:00,18700.0
2012-11-03 02:00:00,17976.0
2012-11-03 03:00:00,17018.0
2012-11-03 04:00:00,17934.0
2012-11-03 05:00:00,18700.0
2012-11-03 06:00:00,21220.0
2012-11-03 07:00:00,25558.0
2012-11-03 08:00:00,26590.0
2012-11-03 09:00:00,27019.0
2012-11-03 10:00:00,28279.0
2012-11-03 11:00:00,28263.0
2012-11-03 12:00:00,28221.0
2012-11-03 13:00:00,28860.0
2012-11-03 14:00:00,28212.0
2012-11-03 15:00:00,28255.0
2012-11-03 16:00:00,28759.0
2012-11-03 17:00:00,29204.0
2012-11-03 18:00:00,30270.0
2012-11-03 19:00:00,31750.0
2012-11-03 20:00:00,30548.0
2012-11-03 21:00:00,29473.0
2012-11-03 22:00:00,28817.0
2012-11-03 23:00:00,27010.0
2012-11-04 00:00:00,21313.0
2012-11-04 01:00:00,17717.0
2012-11-04 02:00:00,16734.0
2012-11-04 03:00:00,15977.0
2012-11-04 04:00:00,16110.0
2012-11-04 05:00:00,15868.0
2012-11-04 06:00:00,19111.0
2012-11-04 07:00:00,20204.0
2012-11-04 08:00:00,22918.0
2012-11-04 09:00:00,27666.0
2012-11-04 10:00:00,27750.0
2012-11-04 11:00:00,28271.0
2012-11-04 12:00:00,27758.0
2012-11-04 13:00:00,27977.0
2012-11-04 14:00:00,27582.0
2012-11-04 15:00:00,27179.0
2012-11-04 16:00:00,28052.0
2012-11-04 17:00:00,28077.0
2012-11-04 18:00:00,28464.0
2012-11-04 19:00:00,28582.0
2012-11-04 20:00:00,28498.0
2012-11-04 21:00:00,27355.0
2012-11-04 22:00:00,25960.0
2012-11-04 23:00:00,19884.0
2012-11-05 00:00:00,16632.0
2012-11-05 01:00:00,15581.0
2012-11-05 02:00:00,15346.0
2012-11-05 03:00:00,14868.0
2012-11-05 04:00:00,15800.0
2012-11-05 05:00:00,15539.0
2012-11-05 06:00:00,18203.0
2012-11-05 07:00:00,19531.0
2012-11-05 08:00:00,20213.0
2012-11-05 09:00:00,26380.0
2012-11-05 10:00:00,26439.0
2012-11-05 11:00:00,27598.0
2012-11-05 12:00:00,28305.0
2012-11-05 13:00:00,28683.0
2012-11-05 14:00:00,28783.0
2012-11-05 15:00:00,28733.0
2012-11-05 16:00:00,29472.0
2012-11-05 17:00:00,29649.0
2012-11-05 18:00:00,30245.0
2012-11-05 19:00:00,28759.0
2012-11-05 20:00:00,28581.0
2012-11-05 21:00:00,29246.0
2012-11-05 22:00:00,27540.0
2012-11-05 23:00:00,21061.0
2012-11-06 00:00:00,16489.0
2012-11-06 01:00:00,15683.0
2012-11-06 02:00:00,15456.0
2012-11-06 03:00:00,14229.0
2012-11-06 04:00:00,14297.0
2012-11-06 05:00:00,14296.0
2012-11-06 06:00:00,17489.0
2012-11-06 07:00:00,18279.0
2012-11-06 08:00:00,18935.0
2012-11-06 09:00:00,25406.0
2012-11-06 10:00:00,25347.0
2012-11-06 11:00:00,26103.0
2012-11-06 12:00:00,27531.0
2012-11-06 13:00:00,28212.0
2012-11-06 14:00:00,28212.0
2012-11-06 15:00:00,28195.0
2012-11-06 16:00:00,29321.0
2012-11-06 17:00:00,28986.0
2012-11-06 18:00:00,29657.0
2012-11-06 19:00:00,29103.0
2012-11-06 20:00:00,28497.0
2012-11-06 21:00:00,28137.0
2012-11-06 22:00:00,26271.0
2012-11-06 23:00:00,19362.0
2012-11-07 00:00:00,15144.0
2012-11-07 01:00:00,14657.0
2012-11-07 02:00:00,14389.0
2012-11-07 03:00:00,13531.0
2012-11-07 04:00:00,14464.0
2012-11-07 05:00:00,14280.0
2012-11-07 06:00:00,16943.0
2012-11-07 07:00:00,17986.0
2012-11-07 08:00:00,18498.0
2012-11-07 09:00:00,25195.0
2012-11-07 10:00:00,25767.0
2012-11-07 11:00:00,26203.0
2012-11-07 12:00:00,27405.0
2012-11-07 13:00:00,27565.0
2012-11-07 14:00:00,27001.0
2012-11-07 15:00:00,26565.0
2012-11-07 16:00:00,27758.0
2012-11-07 17:00:00,28003.0
2012-11-07 18:00:00,29027.0
2012-11-07 19:00:00,28010.0
2012-11-07 20:00:00,27565.0
2012-11-07 21:00:00,27187.0
2012-11-07 22:00:00,25591.0
2012-11-07 23:00:00,18666.0
2012-11-08 00:00:00,15406.0
2012-11-08 01:00:00,14759.0
2012-11-08 02:00:00,14607.0
2012-11-08 03:00:00,14607.0
2012-11-08 04:00:00,15270.0
2012-11-08 05:00:00,15102.0
2012-11-08 06:00:00,17977.0
2012-11-08 07:00:00,19229.0
2012-11-08 08:00:00,19439.0
2012-11-08 09:00:00,26876.0
2012-11-08 10:00:00,27246.0
2012-11-08 11:00:00,27347.0
2012-11-08 12:00:00,27203.0
2012-11-08 13:00:00,29070.0
2012-11-08 14:00:00,28422.0
2012-11-08 15:00:00,28237.0
2012-11-08 16:00:00,29036.0
2012-11-08 17:00:00,29675.0
2012-11-08 18:00:00,30254.0
2012-11-08 19:00:00,29178.0
2012-11-08 20:00:00,28910.0
2012-11-08 21:00:00,28850.0
2012-11-08 22:00:00,26339.0
2012-11-08 23:00:00,19440.0
2012-11-09 00:00:00,15456.0
2012-11-09 01:00:00,14775.0
2012-11-09 02:00:00,14666.0
2012-11-09 03:00:00,14464.0
2012-11-09 04:00:00,14986.0
2012-11-09 05:00:00,15044.0
2012-11-09 06:00:00,17480.0
2012-11-09 07:00:00,18632.0
2012-11-09 08:00:00,19380.0
2012-11-09 09:00:00,25808.0
2012-11-09 10:00:00,26666.0
2012-11-09 11:00:00,26969.0
2012-11-09 12:00:00,28472.0
2012-11-09 13:00:00,29523.0
2012-11-09 14:00:00,28683.0
2012-11-09 15:00:00,29406.0
2012-11-09 16:00:00,29835.0
2012-11-09 17:00:00,30145.0
2012-11-09 18:00:00,30968.0
2012-11-09 19:00:00,29263.0
2012-11-09 20:00:00,28834.0
2012-11-09 21:00:00,29170.0
2012-11-09 22:00:00,28111.0
2012-11-09 23:00:00,25581.0
2012-11-10 00:00:00,22069.0
2012-11-10 01:00:00,17262.0
2012-11-10 02:00:00,16582.0
2012-11-10 03:00:00,16288.0
2012-11-10 04:00:00,16237.0
2012-11-10 05:00:00,16313.0
2012-11-10 06:00:00,21280.0
2012-11-10 07:00:00,23238.0
2012-11-10 08:00:00,23633.0
2012-11-10 09:00:00,27355.0
2012-11-10 10:00:00,27850.0
2012-11-10 11:00:00,28515.0
2012-11-10 12:00:00,28355.0
2012-11-10 13:00:00,28322.0
2012-11-10 14:00:00,27666.0
2012-11-10 15:00:00,27700.0
2012-11-10 16:00:00,28860.0
2012-11-10 17:00:00,28884.0
2012-11-10 18:00:00,30060.0
2012-11-10 19:00:00,29944.0
2012-11-10 20:00:00,29885.0
2012-11-10 21:00:00,28995.0
2012-11-10 22:00:00,27481.0
2012-11-10 23:00:00,26070.0
2012-11-11 00:00:00,19513.0
2012-11-11 01:00:00,15144.0
2012-11-11 02:00:00,14960.0
2012-11-11 03:00:00,14414.0
2012-11-11 04:00:00,14598.0
2012-11-11 05:00:00,14339.0
2012-11-11 06:00:00,16590.0
2012-11-11 07:00:00,18078.0
2012-11-11 08:00:00,20061.0
2012-11-11 09:00:00,24977.0
2012-11-11 10:00:00,26228.0
2012-11-11 11:00:00,27094.0
2012-11-11 12:00:00,27632.0
2012-11-11 13:00:00,27430.0
2012-11-11 14:00:00,27725.0
2012-11-11 15:00:00,27506.0
2012-11-11 16:00:00,28095.0
2012-11-11 17:00:00,27666.0
2012-11-11 18:00:00,29456.0
2012-11-11 19:00:00,28707.0
2012-11-11 20:00:00,28338.0
2012-11-11 21:00:00,26523.0
2012-11-11 22:00:00,25775.0
2012-11-11 23:00:00,19078.0
2012-11-12 00:00:00,15776.0
2012-11-12 01:00:00,14506.0
2012-11-12 02:00:00,14237.0
2012-11-12 03:00:00,13909.0
2012-11-12 04:00:00,14355.0
2012-11-12 05:00:00,14531.0
2012-11-12 06:00:00,17001.0
2012-11-12 07:00:00,17757.0
2012-11-12 08:00:00,18573.0
2012-11-12 09:00:00,25347.0
2012-11-12 10:00:00,26255.0
2012-11-12 11:00:00,26615.0
2012-11-12 12:00:00,27818.0
2012-11-12 13:00:00,28674.0
2012-11-12 14:00:00,28641.0
2012-11-12 15:00:00,28178.0
2012-11-12 16:00:00,28800.0
2012-11-12 17:00:00,29708.0
2012-11-12 18:00:00,30002.0
2012-11-12 19:00:00,28934.0
2012-11-12 20:00:00,28263.0
2012-11-12 21:00:00,28120.0
2012-11-12 22:00:00,26867.0
2012-11-12 23:00:00,19607.0
2012-11-13 00:00:00,15574.0
2012-11-13 01:00:00,15388.0
2012-11-13 02:00:00,14783.0
2012-11-13 03:00:00,13985.0
2012-11-13 04:00:00,14574.0
2012-11-13 05:00:00,15381.0
2012-11-13 06:00:00,17355.0
2012-11-13 07:00:00,18456.0
2012-11-13 08:00:00,19590.0
2012-11-13 09:00:00,26060.0
2012-11-13 10:00:00,26531.0
2012-11-13 11:00:00,27187.0
2012-11-13 12:00:00,28002.0
2012-11-13 13:00:00,28581.0
2012-11-13 14:00:00,28304.0
2012-11-13 15:00:00,28850.0
2012-11-13 16:00:00,29338.0
2012-11-13 17:00:00,29472.0
2012-11-13 18:00:00,29968.0
2012-11-13 19:00:00,28304.0
2012-11-13 20:00:00,28597.0
2012-11-13 21:00:00,28549.0
2012-11-13 22:00:00,26036.0
2012-11-13 23:00:00,19742.0
2012-11-14 00:00:00,15532.0
2012-11-14 01:00:00,14758.0
2012-11-14 02:00:00,14640.0
2012-11-14 03:00:00,14187.0
2012-11-14 04:00:00,14884.0
2012-11-14 05:00:00,14666.0
2012-11-14 06:00:00,17170.0
2012-11-14 07:00:00,18725.0
2012-11-14 08:00:00,19371.0
2012-11-14 09:00:00,25792.0
2012-11-14 10:00:00,26590.0
2012-11-14 11:00:00,26817.0
2012-11-14 12:00:00,28120.0
2012-11-14 13:00:00,28658.0
2012-11-14 14:00:00,29018.0
2012-11-14 15:00:00,28834.0
2012-11-14 16:00:00,29943.0
2012-11-14 17:00:00,30170.0
2012-11-14 18:00:00,30623.0
2012-11-14 19:00:00,29515.0
2012-11-14 20:00:00,29179.0
2012-11-14 21:00:00,29052.0
2012-11-14 22:00:00,27515.0
2012-11-14 23:00:00,21271.0
2012-11-15 00:00:00,16372.0
2012-11-15 01:00:00,15716.0
2012-11-15 02:00:00,16196.0
2012-11-15 03:00:00,15380.0
2012-11-15 04:00:00,15531.0
2012-11-15 05:00:00,15969.0
2012-11-15 06:00:00,18254.0
2012-11-15 07:00:00,20044.0
2012-11-15 08:00:00,21675.0
2012-11-15 09:00:00,28422.0
2012-11-15 10:00:00,27170.0
2012-11-15 11:00:00,28078.0
2012-11-15 12:00:00,29288.0
2012-11-15 13:00:00,29708.0
2012-11-15 14:00:00,29783.0
2012-11-15 15:00:00,29984.0
2012-11-15 16:00:00,30633.0
2012-11-15 17:00:00,30993.0
2012-11-15 18:00:00,30674.0
2012-11-15 19:00:00,29539.0
2012-11-15 20:00:00,29422.0
2012-11-15 21:00:00,29262.0
2012-11-15 22:00:00,27859.0
2012-11-15 23:00:00,21607.0
2012-11-16 00:00:00,17557.0
2012-11-16 01:00:00,16633.0
2012-11-16 02:00:00,17027.0
2012-11-16 03:00:00,15884.0
2012-11-16 04:00:00,16463.0
2012-11-16 05:00:00,16532.0
2012-11-16 06:00:00,19346.0
2012-11-16 07:00:00,20808.0
2012-11-16 08:00:00,21985.0
2012-11-16 09:00:00,27354.0
2012-11-16 10:00:00,27405.0
2012-11-16 11:00:00,27842.0
2012-11-16 12:00:00,29136.0
2012-11-16 13:00:00,29219.0
2012-11-16 14:00:00,29019.0
2012-11-16 15:00:00,29170.0
2012-11-16 16:00:00,30331.0
2012-11-16 17:00:00,31254.0
2012-11-16 18:00:00,31994.0
2012-11-16 19:00:00,31010.0
2012-11-16 20:00:00,30582.0
2012-11-16 21:00:00,29894.0
2012-11-16 22:00:00,29002.0
2012-11-16 23:00:00,27497.0
2012-11-17 00:00:00,23556.0
2012-11-17 01:00:00,20036.0
2012-11-17 02:00:00,19724.0
2012-11-17 03:00:00,19246.0
2012-11-17 04:00:00,19506.0
2012-11-17 05:00:00,19170.0
2012-11-17 06:00:00,21842.0
2012-11-17 07:00:00,22935.0
2012-11-17 08:00:00,23758.0
2012-11-17 09:00:00,26825.0
2012-11-17 10:00:00,28346.0
2012-11-17 11:00:00,28716.0
2012-11-17 12:00:00,29162.0
2012-11-17 13:00:00,29171.0
2012-11-17 14:00:00,28675.0
2012-11-17 15:00:00,28043.0
2012-11-17 16:00:00,29137.0
2012-11-17 17:00:00,29859.0
2012-11-17 18:00:00,31321.0
2012-11-17 19:00:00,31018.0
2012-11-17 20:00:00,30313.0
2012-11-17 21:00:00,29338.0
2012-11-17 22:00:00,28321.0
2012-11-17 23:00:00,26565.0
2012-11-18 00:00:00,20556.0
2012-11-18 01:00:00,17095.0
2012-11-18 02:00:00,16893.0
2012-11-18 03:00:00,15599.0
2012-11-18 04:00:00,16229.0
2012-11-18 05:00:00,16179.0
2012-11-18 06:00:00,18624.0
2012-11-18 07:00:00,18902.0
2012-11-18 08:00:00,21346.0
2012-11-18 09:00:00,25624.0
2012-11-18 10:00:00,26162.0
2012-11-18 11:00:00,26817.0
2012-11-18 12:00:00,27657.0
2012-11-18 13:00:00,27825.0
2012-11-18 14:00:00,27615.0
2012-11-18 15:00:00,26625.0
2012-11-18 16:00:00,28296.0
2012-11-18 17:00:00,28514.0
2012-11-18 18:00:00,29489.0
2012-11-18 19:00:00,29380.0
2012-11-18 20:00:00,29548.0
2012-11-18 21:00:00,27809.0
2012-11-18 22:00:00,26304.0
2012-11-18 23:00:00,19850.0
2012-11-19 00:00:00,15414.0
2012-11-19 01:00:00,14876.0
2012-11-19 02:00:00,14632.0
2012-11-19 03:00:00,14052.0
2012-11-19 04:00:00,14380.0
2012-11-19 05:00:00,15019.0
2012-11-19 06:00:00,18078.0
2012-11-19 07:00:00,19590.0
2012-11-19 08:00:00,19844.0
2012-11-19 09:00:00,25683.0
2012-11-19 10:00:00,26607.0
2012-11-19 11:00:00,26725.0
2012-11-19 12:00:00,27750.0
2012-11-19 13:00:00,28363.0
2012-11-19 14:00:00,28943.0
2012-11-19 15:00:00,28145.0
2012-11-19 16:00:00,28952.0
2012-11-19 17:00:00,29590.0
2012-11-19 18:00:00,30465.0
2012-11-19 19:00:00,29372.0
2012-11-19 20:00:00,29010.0
2012-11-19 21:00:00,29061.0
2012-11-19 22:00:00,27522.0
2012-11-19 23:00:00,21363.0
2012-11-20 00:00:00,16943.0
2012-11-20 01:00:00,16615.0
2012-11-20 02:00:00,16774.0
2012-11-20 03:00:00,15952.0
2012-11-20 04:00:00,15473.0
2012-11-20 05:00:00,16406.0
2012-11-20 06:00:00,19019.0
2012-11-20 07:00:00,19850.0
2012-11-20 08:00:00,20457.0
2012-11-20 09:00:00,26733.0
2012-11-20 10:00:00,27019.0
2012-11-20 11:00:00,27229.0
2012-11-20 12:00:00,27708.0
2012-11-20 13:00:00,28590.0
2012-11-20 14:00:00,28600.0
2012-11-20 15:00:00,28372.0
2012-11-20 16:00:00,29229.0
2012-11-20 17:00:00,30203.0
2012-11-20 18:00:00,30506.0
2012-11-20 19:00:00,29641.0
2012-11-20 20:00:00,28868.0
2012-11-20 21:00:00,28355.0
2012-11-20 22:00:00,26860.0
2012-11-20 23:00:00,20918.0
2012-11-21 00:00:00,17934.0
2012-11-21 01:00:00,17582.0
2012-11-21 02:00:00,15818.0
2012-11-21 03:00:00,15086.0
2012-11-21 04:00:00,14751.0
2012-11-21 05:00:00,15724.0
2012-11-21 06:00:00,17809.0
2012-11-21 07:00:00,18943.0
2012-11-21 08:00:00,19959.0
2012-11-21 09:00:00,25716.0
2012-11-21 10:00:00,26876.0
2012-11-21 11:00:00,27127.0
2012-11-21 12:00:00,28253.0
2012-11-21 13:00:00,28918.0
2012-11-21 14:00:00,28692.0
2012-11-21 15:00:00,28287.0
2012-11-21 16:00:00,29414.0
2012-11-21 17:00:00,29489.0
2012-11-21 18:00:00,30027.0
2012-11-21 19:00:00,28792.0
2012-11-21 20:00:00,28599.0
2012-11-21 21:00:00,28489.0
2012-11-21 22:00:00,26002.0
2012-11-21 23:00:00,19859.0
2012-11-22 00:00:00,15472.0
2012-11-22 01:00:00,15237.0
2012-11-22 02:00:00,15061.0
2012-11-22 03:00:00,14254.0
2012-11-22 04:00:00,14238.0
2012-11-22 05:00:00,14994.0
2012-11-22 06:00:00,17188.0
2012-11-22 07:00:00,18540.0
2012-11-22 08:00:00,19498.0
2012-11-22 09:00:00,25826.0
2012-11-22 10:00:00,25389.0
2012-11-22 11:00:00,25690.0
2012-11-22 12:00:00,27388.0
2012-11-22 13:00:00,27825.0
2012-11-22 14:00:00,27658.0
2012-11-22 15:00:00,27431.0
2012-11-22 16:00:00,28010.0
2012-11-22 17:00:00,28599.0
2012-11-22 18:00:00,30127.0
2012-11-22 19:00:00,28245.0
2012-11-22 20:00:00,28339.0
2012-11-22 21:00:00,27918.0
2012-11-22 22:00:00,25464.0
2012-11-22 23:00:00,19674.0
2012-11-23 00:00:00,15489.0
2012-11-23 01:00:00,14506.0
2012-11-23 02:00:00,14649.0
2012-11-23 03:00:00,14280.0
2012-11-23 04:00:00,13792.0
2012-11-23 05:00:00,14809.0
2012-11-23 06:00:00,17313.0
2012-11-23 07:00:00,18918.0
2012-11-23 08:00:00,20153.0
2012-11-23 09:00:00,25961.0
2012-11-23 10:00:00,26321.0
2012-11-23 11:00:00,27423.0
2012-11-23 12:00:00,28212.0
2012-11-23 13:00:00,28583.0
2012-11-23 14:00:00,28313.0
2012-11-23 15:00:00,28699.0
2012-11-23 16:00:00,29489.0
2012-11-23 17:00:00,29985.0
2012-11-23 18:00:00,30532.0
2012-11-23 19:00:00,29632.0
2012-11-23 20:00:00,30053.0
2012-11-23 21:00:00,29809.0
2012-11-23 22:00:00,28657.0
2012-11-23 23:00:00,26985.0
2012-11-24 00:00:00,21725.0
2012-11-24 01:00:00,17531.0
2012-11-24 02:00:00,16842.0
2012-11-24 03:00:00,16078.0
2012-11-24 04:00:00,15724.0
2012-11-24 05:00:00,16935.0
2012-11-24 06:00:00,19262.0
2012-11-24 07:00:00,21094.0
2012-11-24 08:00:00,21313.0
2012-11-24 09:00:00,26120.0
2012-11-24 10:00:00,27658.0
2012-11-24 11:00:00,28666.0
2012-11-24 12:00:00,28086.0
2012-11-24 13:00:00,28162.0
2012-11-24 14:00:00,27606.0
2012-11-24 15:00:00,27338.0
2012-11-24 16:00:00,28431.0
2012-11-24 17:00:00,29085.0
2012-11-24 18:00:00,30263.0
2012-11-24 19:00:00,30019.0
2012-11-24 20:00:00,29615.0
2012-11-24 21:00:00,29128.0
2012-11-24 22:00:00,28112.0
2012-11-24 23:00:00,25817.0
2012-11-25 00:00:00,19699.0
2012-11-25 01:00:00,15665.0
2012-11-25 02:00:00,15321.0
2012-11-25 03:00:00,14481.0
2012-11-25 04:00:00,14565.0
2012-11-25 05:00:00,15035.0
2012-11-25 06:00:00,17717.0
2012-11-25 07:00:00,18339.0
2012-11-25 08:00:00,19230.0
2012-11-25 09:00:00,25464.0
2012-11-25 10:00:00,26758.0
2012-11-25 11:00:00,27464.0
2012-11-25 12:00:00,27397.0
2012-11-25 13:00:00,27406.0
2012-11-25 14:00:00,27725.0
2012-11-25 15:00:00,27103.0
2012-11-25 16:00:00,27732.0
2012-11-25 17:00:00,28406.0
2012-11-25 18:00:00,28901.0
2012-11-25 19:00:00,28574.0
2012-11-25 20:00:00,28506.0
2012-11-25 21:00:00,27119.0
2012-11-25 22:00:00,25675.0
2012-11-25 23:00:00,19573.0
2012-11-26 00:00:00,15598.0
2012-11-26 01:00:00,15095.0
2012-11-26 02:00:00,15078.0
2012-11-26 03:00:00,14363.0
2012-11-26 04:00:00,14270.0
2012-11-26 05:00:00,15153.0
2012-11-26 06:00:00,17473.0
2012-11-26 07:00:00,19346.0
2012-11-26 08:00:00,20019.0
2012-11-26 09:00:00,25607.0
2012-11-26 10:00:00,26010.0
2012-11-26 11:00:00,26447.0
2012-11-26 12:00:00,27237.0
2012-11-26 13:00:00,27548.0
2012-11-26 14:00:00,27330.0
2012-11-26 15:00:00,27581.0
2012-11-26 16:00:00,28078.0
2012-11-26 17:00:00,28960.0
2012-11-26 18:00:00,29212.0
2012-11-26 19:00:00,28430.0
2012-11-26 20:00:00,27766.0
2012-11-26 21:00:00,27498.0
2012-11-26 22:00:00,25976.0
2012-11-26 23:00:00,19699.0
2012-11-27 00:00:00,15498.0
2012-11-27 01:00:00,14877.0
2012-11-27 02:00:00,14364.0
2012-11-27 03:00:00,14027.0
2012-11-27 04:00:00,14110.0
2012-11-27 05:00:00,14994.0
2012-11-27 06:00:00,17162.0
2012-11-27 07:00:00,18263.0
2012-11-27 08:00:00,18717.0
2012-11-27 09:00:00,24574.0
2012-11-27 10:00:00,25423.0
2012-11-27 11:00:00,26228.0
2012-11-27 12:00:00,26976.0
2012-11-27 13:00:00,27195.0
2012-11-27 14:00:00,27648.0
2012-11-27 15:00:00,27514.0
2012-11-27 16:00:00,27792.0
2012-11-27 17:00:00,28540.0
2012-11-27 18:00:00,29002.0
2012-11-27 19:00:00,27868.0
2012-11-27 20:00:00,27514.0
2012-11-27 21:00:00,26935.0
2012-11-27 22:00:00,24935.0
2012-11-27 23:00:00,18993.0
2012-11-28 00:00:00,15540.0
2012-11-28 01:00:00,15237.0
2012-11-28 02:00:00,14766.0
2012-11-28 03:00:00,14305.0
2012-11-28 04:00:00,14867.0
2012-11-28 05:00:00,15255.0
2012-11-28 06:00:00,19657.0
2012-11-28 07:00:00,21405.0
2012-11-28 08:00:00,20044.0
2012-11-28 09:00:00,24472.0
2012-11-28 10:00:00,24514.0
2012-11-28 11:00:00,24709.0
2012-11-28 12:00:00,26272.0
2012-11-28 13:00:00,27253.0
2012-11-28 14:00:00,27355.0
2012-11-28 15:00:00,27456.0
2012-11-28 16:00:00,28314.0
2012-11-28 17:00:00,28413.0
2012-11-28 18:00:00,28985.0
2012-11-28 19:00:00,27791.0
2012-11-28 20:00:00,27086.0
2012-11-28 21:00:00,27044.0
2012-11-28 22:00:00,25288.0
2012-11-28 23:00:00,19035.0
2012-11-29 00:00:00,15649.0
2012-11-29 01:00:00,14919.0
2012-11-29 02:00:00,14498.0
2012-11-29 03:00:00,14288.0
2012-11-29 04:00:00,14885.0
2012-11-29 05:00:00,16254.0
2012-11-29 06:00:00,18835.0
2012-11-29 07:00:00,19372.0
2012-11-29 08:00:00,19859.0
2012-11-29 09:00:00,25507.0
2012-11-29 10:00:00,25875.0
2012-11-29 11:00:00,26396.0
2012-11-29 12:00:00,27842.0
2012-11-29 13:00:00,27792.0
2012-11-29 14:00:00,27733.0
2012-11-29 15:00:00,27363.0
2012-11-29 16:00:00,27683.0
2012-11-29 17:00:00,28498.0
2012-11-29 18:00:00,29582.0
2012-11-29 19:00:00,28364.0
2012-11-29 20:00:00,27430.0
2012-11-29 21:00:00,26902.0
2012-11-29 22:00:00,25825.0
2012-11-29 23:00:00,19523.0
2012-11-30 00:00:00,16145.0
2012-11-30 01:00:00,14658.0
2012-11-30 02:00:00,14120.0
2012-11-30 03:00:00,13599.0
2012-11-30 04:00:00,14481.0
2012-11-30 05:00:00,15229.0
2012-11-30 06:00:00,17330.0
2012-11-30 07:00:00,18549.0
2012-11-30 08:00:00,18489.0
2012-11-30 09:00:00,25036.0
2012-11-30 10:00:00,25733.0
2012-11-30 11:00:00,25212.0
2012-11-30 12:00:00,26565.0
2012-11-30 13:00:00,26918.0
2012-11-30 14:00:00,26818.0
2012-11-30 15:00:00,26767.0
2012-11-30 16:00:00,27860.0
2012-11-30 17:00:00,28312.0
2012-11-30 18:00:00,29926.0
2012-11-30 19:00:00,28380.0
2012-11-30 20:00:00,27666.0
2012-11-30 21:00:00,27397.0
2012-11-30 22:00:00,26102.0
2012-11-30 23:00:00,25010.0
2012-12-01 00:00:00,19204.0
2012-12-01 01:00:00,13616.0
2012-12-01 02:00:00,13162.0
2012-12-01 03:00:00,12683.0
2012-12-01 04:00:00,13263.0
2012-12-01 05:00:00,14339.0
2012-12-01 06:00:00,16581.0
2012-12-01 07:00:00,17523.0
2012-12-01 08:00:00,17413.0
2012-12-01 09:00:00,23162.0
2012-12-01 10:00:00,24876.0
2012-12-01 11:00:00,25960.0
2012-12-01 12:00:00,25708.0
2012-12-01 13:00:00,26355.0
2012-12-01 14:00:00,26229.0
2012-12-01 15:00:00,26153.0
2012-12-01 16:00:00,26355.0
2012-12-01 17:00:00,27666.0
2012-12-01 18:00:00,28430.0
2012-12-01 19:00:00,28631.0
2012-12-01 20:00:00,28052.0
2012-12-01 21:00:00,27759.0
2012-12-01 22:00:00,26834.0
2012-12-01 23:00:00,23068.0
2012-12-02 00:00:00,17001.0
2012-12-02 01:00:00,15035.0
2012-12-02 02:00:00,14228.0
2012-12-02 03:00:00,13683.0
2012-12-02 04:00:00,13859.0
2012-12-02 05:00:00,14010.0
2012-12-02 06:00:00,16263.0
2012-12-02 07:00:00,16716.0
2012-12-02 08:00:00,17422.0
2012-12-02 09:00:00,23044.0
2012-12-02 10:00:00,24313.0
2012-12-02 11:00:00,25463.0
2012-12-02 12:00:00,25472.0
2012-12-02 13:00:00,25565.0
2012-12-02 14:00:00,25809.0
2012-12-02 15:00:00,25515.0
2012-12-02 16:00:00,26094.0
2012-12-02 17:00:00,27128.0
2012-12-02 18:00:00,28086.0
2012-12-02 19:00:00,27691.0
2012-12-02 20:00:00,27708.0
2012-12-02 21:00:00,26112.0
2012-12-02 22:00:00,24515.0
2012-12-02 23:00:00,18473.0
2012-12-03 00:00:00,15667.0
2012-12-03 01:00:00,14372.0
2012-12-03 02:00:00,13959.0
2012-12-03 03:00:00,13606.0
2012-12-03 04:00:00,14212.0
2012-12-03 05:00:00,14741.0
2012-12-03 06:00:00,16884.0
2012-12-03 07:00:00,18129.0
2012-12-03 08:00:00,18270.0
2012-12-03 09:00:00,24682.0
2012-12-03 10:00:00,25817.0
2012-12-03 11:00:00,27195.0
2012-12-03 12:00:00,27733.0
2012-12-03 13:00:00,28262.0
2012-12-03 14:00:00,28346.0
2012-12-03 15:00:00,28700.0
2012-12-03 16:00:00,28942.0
2012-12-03 17:00:00,29087.0
2012-12-03 18:00:00,30153.0
2012-12-03 19:00:00,29498.0
2012-12-03 20:00:00,28926.0
2012-12-03 21:00:00,28952.0
2012-12-03 22:00:00,27145.0
2012-12-03 23:00:00,20984.0
2012-12-04 00:00:00,17405.0
2012-12-04 01:00:00,16523.0
2012-12-04 02:00:00,16338.0
2012-12-04 03:00:00,15875.0
2012-12-04 04:00:00,15843.0
2012-12-04 05:00:00,15406.0
2012-12-04 06:00:00,18078.0
2012-12-04 07:00:00,19759.0
2012-12-04 08:00:00,20464.0
2012-12-04 09:00:00,26389.0
2012-12-04 10:00:00,27549.0
2012-12-04 11:00:00,27910.0
2012-12-04 12:00:00,28329.0
2012-12-04 13:00:00,27321.0
2012-12-04 14:00:00,28330.0
2012-12-04 15:00:00,28137.0
2012-12-04 16:00:00,29077.0
2012-12-04 17:00:00,28850.0
2012-12-04 18:00:00,30447.0
2012-12-04 19:00:00,29002.0
2012-12-04 20:00:00,29036.0
2012-12-04 21:00:00,28331.0
2012-12-04 22:00:00,26673.0
2012-12-04 23:00:00,20658.0
2012-12-05 00:00:00,16623.0
2012-12-05 01:00:00,15287.0
2012-12-05 02:00:00,15236.0
2012-12-05 03:00:00,14792.0
2012-12-05 04:00:00,15297.0
2012-12-05 05:00:00,15834.0
2012-12-05 06:00:00,17767.0
2012-12-05 07:00:00,18574.0
2012-12-05 08:00:00,19095.0
2012-12-05 09:00:00,25715.0
2012-12-05 10:00:00,26481.0
2012-12-05 11:00:00,26750.0
2012-12-05 12:00:00,27405.0
2012-12-05 13:00:00,27322.0
2012-12-05 14:00:00,27313.0
2012-12-05 15:00:00,27473.0
2012-12-05 16:00:00,28280.0
2012-12-05 17:00:00,29456.0
2012-12-05 18:00:00,30027.0
2012-12-05 19:00:00,29228.0
2012-12-05 20:00:00,29238.0
2012-12-05 21:00:00,28506.0
2012-12-05 22:00:00,26624.0
2012-12-05 23:00:00,20616.0
2012-12-06 00:00:00,16792.0
2012-12-06 01:00:00,15724.0
2012-12-06 02:00:00,15539.0
2012-12-06 03:00:00,15371.0
2012-12-06 04:00:00,15498.0
2012-12-06 05:00:00,16725.0
2012-12-06 06:00:00,18237.0
2012-12-06 07:00:00,20019.0
2012-12-06 08:00:00,21489.0
2012-12-06 09:00:00,26337.0
2012-12-06 10:00:00,28086.0
2012-12-06 11:00:00,28103.0
2012-12-06 12:00:00,29145.0
2012-12-06 13:00:00,27959.0
2012-12-06 14:00:00,28313.0
2012-12-06 15:00:00,28372.0
2012-12-06 16:00:00,29313.0
2012-12-06 17:00:00,29985.0
2012-12-06 18:00:00,29751.0
2012-12-06 19:00:00,28791.0
2012-12-06 20:00:00,29481.0
2012-12-06 21:00:00,28750.0
2012-12-06 22:00:00,26943.0
2012-12-06 23:00:00,21506.0
2012-12-07 00:00:00,17405.0
2012-12-07 01:00:00,16649.0
2012-12-07 02:00:00,16221.0
2012-12-07 03:00:00,15590.0
2012-12-07 04:00:00,16287.0
2012-12-07 05:00:00,16607.0
2012-12-07 06:00:00,18951.0
2012-12-07 07:00:00,20413.0
2012-12-07 08:00:00,21077.0
2012-12-07 09:00:00,26708.0
2012-12-07 10:00:00,27894.0
2012-12-07 11:00:00,28162.0
2012-12-07 12:00:00,28699.0
2012-12-07 13:00:00,28893.0
2012-12-07 14:00:00,28270.0
2012-12-07 15:00:00,28490.0
2012-12-07 16:00:00,29742.0
2012-12-07 17:00:00,30010.0
2012-12-07 18:00:00,30792.0
2012-12-07 19:00:00,29539.0
2012-12-07 20:00:00,29581.0
2012-12-07 21:00:00,28699.0
2012-12-07 22:00:00,28043.0
2012-12-07 23:00:00,26288.0
2012-12-08 00:00:00,21069.0
2012-12-08 01:00:00,17599.0
2012-12-08 02:00:00,17178.0
2012-12-08 03:00:00,16060.0
2012-12-08 04:00:00,16716.0
2012-12-08 05:00:00,16120.0
2012-12-08 06:00:00,18758.0
2012-12-08 07:00:00,19423.0
2012-12-08 08:00:00,19918.0
2012-12-08 09:00:00,24826.0
2012-12-08 10:00:00,26103.0
2012-12-08 11:00:00,27019.0
2012-12-08 12:00:00,27800.0
2012-12-08 13:00:00,27800.0
2012-12-08 14:00:00,27027.0
2012-12-08 15:00:00,27253.0
2012-12-08 16:00:00,28011.0
2012-12-08 17:00:00,28885.0
2012-12-08 18:00:00,29497.0
2012-12-08 19:00:00,29826.0
2012-12-08 20:00:00,28623.0
2012-12-08 21:00:00,27463.0
2012-12-08 22:00:00,26893.0
2012-12-08 23:00:00,25531.0
2012-12-09 00:00:00,20086.0
2012-12-09 01:00:00,16733.0
2012-12-09 02:00:00,16514.0
2012-12-09 03:00:00,15330.0
2012-12-09 04:00:00,15371.0
2012-12-09 05:00:00,15539.0
2012-12-09 06:00:00,18254.0
2012-12-09 07:00:00,19531.0
2012-12-09 08:00:00,19700.0
2012-12-09 09:00:00,24582.0
2012-12-09 10:00:00,25406.0
2012-12-09 11:00:00,26297.0
2012-12-09 12:00:00,26473.0
2012-12-09 13:00:00,26439.0
2012-12-09 14:00:00,26809.0
2012-12-09 15:00:00,26624.0
2012-12-09 16:00:00,26934.0
2012-12-09 17:00:00,27741.0
2012-12-09 18:00:00,28691.0
2012-12-09 19:00:00,28842.0
2012-12-09 20:00:00,27884.0
2012-12-09 21:00:00,26590.0
2012-12-09 22:00:00,25312.0
2012-12-09 23:00:00,19363.0
2012-12-10 00:00:00,16423.0
2012-12-10 01:00:00,16078.0
2012-12-10 02:00:00,15952.0
2012-12-10 03:00:00,14902.0
2012-12-10 04:00:00,15422.0
2012-12-10 05:00:00,15876.0
2012-12-10 06:00:00,18599.0
2012-12-10 07:00:00,19531.0
2012-12-10 08:00:00,19733.0
2012-12-10 09:00:00,25624.0
2012-12-10 10:00:00,26909.0
2012-12-10 11:00:00,27238.0
2012-12-10 12:00:00,27960.0
2012-12-10 13:00:00,28330.0
2012-12-10 14:00:00,28228.0
2012-12-10 15:00:00,27943.0
2012-12-10 16:00:00,28146.0
2012-12-10 17:00:00,30237.0
2012-12-10 18:00:00,29842.0
2012-12-10 19:00:00,29112.0
2012-12-10 20:00:00,28666.0
2012-12-10 21:00:00,27674.0
2012-12-10 22:00:00,25792.0
2012-12-10 23:00:00,20178.0
2012-12-11 00:00:00,16909.0
2012-12-11 01:00:00,15766.0
2012-12-11 02:00:00,15741.0
2012-12-11 03:00:00,14977.0
2012-12-11 04:00:00,15120.0
2012-12-11 05:00:00,15691.0
2012-12-11 06:00:00,18624.0
2012-12-11 07:00:00,19910.0
2012-12-11 08:00:00,19657.0
2012-12-11 09:00:00,25094.0
2012-12-11 10:00:00,26724.0
2012-12-11 11:00:00,27069.0
2012-12-11 12:00:00,26783.0
2012-12-11 13:00:00,26716.0
2012-12-11 14:00:00,27288.0
2012-12-11 15:00:00,26557.0
2012-12-11 16:00:00,27497.0
2012-12-11 17:00:00,28229.0
2012-12-11 18:00:00,28700.0
2012-12-11 19:00:00,27540.0
2012-12-11 20:00:00,27389.0
2012-12-11 21:00:00,27421.0
2012-12-11 22:00:00,25288.0
2012-12-11 23:00:00,19590.0
2012-12-12 00:00:00,15976.0
2012-12-12 01:00:00,15287.0
2012-12-12 02:00:00,15236.0
2012-12-12 03:00:00,12582.0
2012-12-12 04:00:00,15926.0
2012-12-12 05:00:00,15893.0
2012-12-12 06:00:00,18330.0
2012-12-12 07:00:00,19330.0
2012-12-12 08:00:00,19784.0
2012-12-12 09:00:00,24808.0
2012-12-12 10:00:00,27187.0
2012-12-12 11:00:00,26624.0
2012-12-12 12:00:00,27397.0
2012-12-12 13:00:00,27212.0
2012-12-12 14:00:00,27414.0
2012-12-12 15:00:00,27372.0
2012-12-12 16:00:00,27733.0
2012-12-12 17:00:00,29001.0
2012-12-12 18:00:00,29204.0
2012-12-12 19:00:00,27942.0
2012-12-12 20:00:00,28170.0
2012-12-12 21:00:00,27077.0
2012-12-12 22:00:00,26278.0
2012-12-12 23:00:00,20220.0
2012-12-13 00:00:00,16817.0
2012-12-13 01:00:00,15506.0
2012-12-13 02:00:00,15439.0
2012-12-13 03:00:00,14818.0
2012-12-13 04:00:00,15447.0
2012-12-13 05:00:00,15876.0
2012-12-13 06:00:00,18464.0
2012-12-13 07:00:00,19976.0
2012-12-13 08:00:00,20355.0
2012-12-13 09:00:00,26531.0
2012-12-13 10:00:00,27826.0
2012-12-13 11:00:00,28558.0
2012-12-13 12:00:00,29045.0
2012-12-13 13:00:00,28835.0
2012-12-13 14:00:00,28960.0
2012-12-13 15:00:00,29161.0
2012-12-13 16:00:00,29926.0
2012-12-13 17:00:00,30868.0
2012-12-13 18:00:00,31304.0
2012-12-13 19:00:00,29490.0
2012-12-13 20:00:00,29657.0
2012-12-13 21:00:00,29733.0
2012-12-13 22:00:00,27481.0
2012-12-13 23:00:00,22321.0
2012-12-14 00:00:00,17549.0
2012-12-14 01:00:00,16380.0
2012-12-14 02:00:00,16279.0
2012-12-14 03:00:00,14968.0
2012-12-14 04:00:00,16792.0
2012-12-14 05:00:00,16388.0
2012-12-14 06:00:00,19524.0
2012-12-14 07:00:00,21834.0
2012-12-14 08:00:00,22195.0
2012-12-14 09:00:00,27523.0
2012-12-14 10:00:00,29019.0
2012-12-14 11:00:00,29666.0
2012-12-14 12:00:00,28960.0
2012-12-14 13:00:00,28296.0
2012-12-14 14:00:00,27708.0
2012-12-14 15:00:00,26960.0
2012-12-14 16:00:00,28422.0
2012-12-14 17:00:00,29161.0
2012-12-14 18:00:00,29565.0
2012-12-14 19:00:00,28943.0
2012-12-14 20:00:00,28455.0
2012-12-14 21:00:00,28658.0
2012-12-14 22:00:00,27557.0
2012-12-14 23:00:00,26364.0
2012-12-15 00:00:00,21624.0
2012-12-15 01:00:00,17522.0
2012-12-15 02:00:00,17044.0
2012-12-15 03:00:00,16347.0
2012-12-15 04:00:00,16338.0
2012-12-15 05:00:00,16027.0
2012-12-15 06:00:00,18935.0
2012-12-15 07:00:00,20380.0
2012-12-15 08:00:00,20557.0
2012-12-15 09:00:00,26447.0
2012-12-15 10:00:00,27238.0
2012-12-15 11:00:00,27691.0
2012-12-15 12:00:00,28178.0
2012-12-15 13:00:00,28388.0
2012-12-15 14:00:00,27078.0
2012-12-15 15:00:00,27237.0
2012-12-15 16:00:00,28321.0
2012-12-15 17:00:00,29010.0
2012-12-15 18:00:00,29918.0
2012-12-15 19:00:00,29936.0
2012-12-15 20:00:00,29045.0
2012-12-15 21:00:00,28312.0
2012-12-15 22:00:00,28010.0
2012-12-15 23:00:00,26691.0
2012-12-16 00:00:00,21590.0
2012-12-16 01:00:00,17044.0
2012-12-16 02:00:00,15700.0
2012-12-16 03:00:00,15128.0
2012-12-16 04:00:00,15246.0
2012-12-16 05:00:00,15707.0
2012-12-16 06:00:00,17959.0
2012-12-16 07:00:00,19574.0
2012-12-16 08:00:00,19565.0
2012-12-16 09:00:00,25717.0
2012-12-16 10:00:00,27270.0
2012-12-16 11:00:00,27868.0
2012-12-16 12:00:00,27969.0
2012-12-16 13:00:00,28009.0
2012-12-16 14:00:00,28985.0
2012-12-16 15:00:00,28507.0
2012-12-16 16:00:00,28944.0
2012-12-16 17:00:00,29253.0
2012-12-16 18:00:00,29969.0
2012-12-16 19:00:00,29758.0
2012-12-16 20:00:00,29843.0
2012-12-16 21:00:00,28515.0
2012-12-16 22:00:00,27708.0
2012-12-16 23:00:00,26313.0
2012-12-17 00:00:00,20574.0
2012-12-17 01:00:00,15767.0
2012-12-17 02:00:00,15203.0
2012-12-17 03:00:00,14733.0
2012-12-17 04:00:00,15423.0
2012-12-17 05:00:00,15740.0
2012-12-17 06:00:00,18077.0
2012-12-17 07:00:00,19901.0
2012-12-17 08:00:00,20464.0
2012-12-17 09:00:00,26951.0
2012-12-17 10:00:00,28959.0
2012-12-17 11:00:00,29379.0
2012-12-17 12:00:00,29640.0
2012-12-17 13:00:00,29691.0
2012-12-17 14:00:00,29288.0
2012-12-17 15:00:00,29018.0
2012-12-17 16:00:00,30053.0
2012-12-17 17:00:00,30608.0
2012-12-17 18:00:00,30959.0
2012-12-17 19:00:00,30078.0
2012-12-17 20:00:00,30103.0
2012-12-17 21:00:00,29565.0
2012-12-17 22:00:00,27699.0
2012-12-17 23:00:00,26456.0
2012-12-18 00:00:00,21304.0
2012-12-18 01:00:00,17632.0
2012-12-18 02:00:00,16733.0
2012-12-18 03:00:00,16304.0
2012-12-18 04:00:00,16431.0
2012-12-18 05:00:00,17127.0
2012-12-18 06:00:00,19086.0
2012-12-18 07:00:00,20700.0
2012-12-18 08:00:00,21271.0
2012-12-18 09:00:00,27203.0
2012-12-18 10:00:00,28625.0
2012-12-18 11:00:00,28674.0
2012-12-18 12:00:00,29472.0
2012-12-18 13:00:00,29094.0
2012-12-18 14:00:00,28843.0
2012-12-18 15:00:00,29128.0
2012-12-18 16:00:00,30044.0
2012-12-18 17:00:00,30825.0
2012-12-18 18:00:00,30843.0
2012-12-18 19:00:00,30540.0
2012-12-18 20:00:00,30162.0
2012-12-18 21:00:00,30026.0
2012-12-18 22:00:00,28220.0
2012-12-18 23:00:00,27137.0
2012-12-19 00:00:00,21523.0
2012-12-19 01:00:00,17263.0
2012-12-19 02:00:00,17389.0
2012-12-19 03:00:00,16112.0
2012-12-19 04:00:00,16186.0
2012-12-19 05:00:00,16943.0
2012-12-19 06:00:00,18304.0
2012-12-19 07:00:00,20405.0
2012-12-19 08:00:00,20161.0
2012-12-19 09:00:00,26582.0
2012-12-19 10:00:00,28505.0
2012-12-19 11:00:00,28817.0
2012-12-19 12:00:00,30011.0
2012-12-19 13:00:00,28541.0
2012-12-19 14:00:00,29095.0
2012-12-19 15:00:00,28742.0
2012-12-19 16:00:00,29178.0
2012-12-19 17:00:00,30077.0
2012-12-19 18:00:00,30733.0
2012-12-19 19:00:00,29909.0
2012-12-19 20:00:00,29447.0
2012-12-19 21:00:00,28515.0
2012-12-19 22:00:00,27338.0
2012-12-19 23:00:00,25733.0
2012-12-20 00:00:00,20187.0
2012-12-20 01:00:00,16440.0
2012-12-20 02:00:00,15455.0
2012-12-20 03:00:00,15187.0
2012-12-20 04:00:00,15170.0
2012-12-20 05:00:00,15834.0
2012-12-20 06:00:00,17986.0
2012-12-20 07:00:00,18674.0
2012-12-20 08:00:00,19397.0
2012-12-20 09:00:00,25271.0
2012-12-20 10:00:00,27733.0
2012-12-20 11:00:00,27682.0
2012-12-20 12:00:00,28170.0
2012-12-20 13:00:00,27362.0
2012-12-20 14:00:00,28220.0
2012-12-20 15:00:00,28582.0
2012-12-20 16:00:00,29246.0
2012-12-20 17:00:00,30700.0
2012-12-20 18:00:00,30187.0
2012-12-20 19:00:00,30372.0
2012-12-20 20:00:00,29606.0
2012-12-20 21:00:00,28901.0
2012-12-20 22:00:00,27994.0
2012-12-20 23:00:00,27011.0
2012-12-21 00:00:00,21691.0
2012-12-21 01:00:00,17212.0
2012-12-21 02:00:00,16414.0
2012-12-21 03:00:00,15717.0
2012-12-21 04:00:00,16094.0
2012-12-21 05:00:00,15918.0
2012-12-21 06:00:00,18834.0
2012-12-21 07:00:00,20036.0
2012-12-21 08:00:00,20035.0
2012-12-21 09:00:00,26473.0
2012-12-21 10:00:00,27960.0
2012-12-21 11:00:00,28481.0
2012-12-21 12:00:00,29069.0
2012-12-21 13:00:00,28927.0
2012-12-21 14:00:00,28035.0
2012-12-21 15:00:00,28044.0
2012-12-21 16:00:00,28834.0
2012-12-21 17:00:00,29809.0
2012-12-21 18:00:00,30061.0
2012-12-21 19:00:00,30305.0
2012-12-21 20:00:00,30296.0
2012-12-21 21:00:00,28960.0
2012-12-21 22:00:00,28103.0
2012-12-21 23:00:00,26825.0
2012-12-22 00:00:00,21397.0
2012-12-22 01:00:00,16893.0
2012-12-22 02:00:00,16598.0
2012-12-22 03:00:00,16010.0
2012-12-22 04:00:00,16153.0
2012-12-22 05:00:00,16347.0
2012-12-22 06:00:00,18027.0
2012-12-22 07:00:00,19632.0
2012-12-22 08:00:00,21187.0
2012-12-22 09:00:00,27751.0
2012-12-22 10:00:00,28405.0
2012-12-22 11:00:00,28296.0
2012-12-22 12:00:00,28556.0
2012-12-22 13:00:00,29103.0
2012-12-22 14:00:00,27658.0
2012-12-22 15:00:00,27733.0
2012-12-22 16:00:00,27809.0
2012-12-22 17:00:00,29203.0
2012-12-22 18:00:00,30507.0
2012-12-22 19:00:00,30531.0
2012-12-22 20:00:00,30507.0
2012-12-22 21:00:00,29582.0
2012-12-22 22:00:00,28422.0
2012-12-22 23:00:00,27480.0
2012-12-23 00:00:00,22069.0
2012-12-23 01:00:00,17456.0
2012-12-23 02:00:00,16430.0
2012-12-23 03:00:00,15188.0
2012-12-23 04:00:00,15397.0
2012-12-23 05:00:00,15405.0
2012-12-23 06:00:00,17590.0
2012-12-23 07:00:00,19053.0
2012-12-23 08:00:00,19624.0
2012-12-23 09:00:00,25170.0
2012-12-23 10:00:00,27010.0
2012-12-23 11:00:00,27633.0
2012-12-23 12:00:00,27583.0
2012-12-23 13:00:00,28111.0
2012-12-23 14:00:00,28044.0
2012-12-23 15:00:00,27171.0
2012-12-23 16:00:00,27614.0
2012-12-23 17:00:00,28505.0
2012-12-23 18:00:00,29598.0
2012-12-23 19:00:00,29338.0
2012-12-23 20:00:00,29624.0
2012-12-23 21:00:00,28649.0
2012-12-23 22:00:00,27279.0
2012-12-23 23:00:00,26262.0
2012-12-24 00:00:00,20842.0
2012-12-24 01:00:00,16708.0
2012-12-24 02:00:00,16262.0
2012-12-24 03:00:00,15867.0
2012-12-24 04:00:00,16212.0
2012-12-24 05:00:00,16977.0
2012-12-24 06:00:00,19136.0
2012-12-24 07:00:00,20119.0
2012-12-24 08:00:00,24734.0
2012-12-24 09:00:00,27095.0
2012-12-24 10:00:00,27498.0
2012-12-24 11:00:00,27817.0
2012-12-24 12:00:00,27650.0
2012-12-24 13:00:00,27943.0
2012-12-24 14:00:00,27186.0
2012-12-24 15:00:00,27027.0
2012-12-24 16:00:00,26708.0
2012-12-24 17:00:00,27061.0
2012-12-24 18:00:00,22051.0
2012-12-24 19:00:00,17364.0
2012-12-24 20:00:00,16498.0
2012-12-24 21:00:00,15682.0
2012-12-24 22:00:00,14808.0
2012-12-24 23:00:00,14598.0
2012-12-25 00:00:00,14423.0
2012-12-25 01:00:00,14724.0
2012-12-25 02:00:00,14044.0
2012-12-25 03:00:00,13919.0
2012-12-25 04:00:00,13767.0
2012-12-25 05:00:00,13960.0
2012-12-25 06:00:00,14280.0
2012-12-25 07:00:00,14136.0
2012-12-25 08:00:00,12867.0
2012-12-25 09:00:00,13009.0
2012-12-25 10:00:00,13111.0
2012-12-25 11:00:00,12935.0
2012-12-25 12:00:00,13565.0
2012-12-25 13:00:00,13641.0
2012-12-25 14:00:00,13800.0
2012-12-25 15:00:00,13859.0
2012-12-25 16:00:00,13993.0
2012-12-25 17:00:00,14270.0
2012-12-25 18:00:00,14826.0
2012-12-25 19:00:00,15339.0
2012-12-25 20:00:00,15237.0
2012-12-25 21:00:00,14599.0
2012-12-25 22:00:00,14506.0
2012-12-25 23:00:00,14027.0
2012-12-26 00:00:00,14658.0
2012-12-26 01:00:00,13708.0
2012-12-26 02:00:00,13304.0
2012-12-26 03:00:00,13095.0
2012-12-26 04:00:00,13338.0
2012-12-26 05:00:00,14035.0
2012-12-26 06:00:00,16061.0
2012-12-26 07:00:00,17010.0
2012-12-26 08:00:00,16893.0
2012-12-26 09:00:00,23271.0
2012-12-26 10:00:00,25918.0
2012-12-26 11:00:00,26413.0
2012-12-26 12:00:00,26649.0
2012-12-26 13:00:00,26640.0
2012-12-26 14:00:00,27389.0
2012-12-26 15:00:00,25163.0
2012-12-26 16:00:00,26162.0
2012-12-26 17:00:00,26658.0
2012-12-26 18:00:00,27783.0
2012-12-26 19:00:00,26085.0
2012-12-26 20:00:00,26203.0
2012-12-26 21:00:00,25498.0
2012-12-26 22:00:00,23976.0
2012-12-26 23:00:00,18918.0
2012-12-27 00:00:00,15943.0
2012-12-27 01:00:00,14961.0
2012-12-27 02:00:00,14229.0
2012-12-27 03:00:00,14230.0
2012-12-27 04:00:00,14708.0
2012-12-27 05:00:00,14742.0
2012-12-27 06:00:00,17733.0
2012-12-27 07:00:00,18144.0
2012-12-27 08:00:00,18632.0
2012-12-27 09:00:00,25498.0
2012-12-27 10:00:00,26549.0
2012-12-27 11:00:00,27565.0
2012-12-27 12:00:00,27531.0
2012-12-27 13:00:00,27860.0
2012-12-27 14:00:00,27221.0
2012-12-27 15:00:00,27389.0
2012-12-27 16:00:00,28102.0
2012-12-27 17:00:00,29153.0
2012-12-27 18:00:00,30288.0
2012-12-27 19:00:00,29398.0
2012-12-27 20:00:00,29910.0
2012-12-27 21:00:00,29044.0
2012-12-27 22:00:00,27531.0
2012-12-27 23:00:00,21817.0
2012-12-28 00:00:00,17733.0
2012-12-28 01:00:00,16346.0
2012-12-28 02:00:00,16204.0
2012-12-28 03:00:00,15455.0
2012-12-28 04:00:00,16203.0
2012-12-28 05:00:00,15707.0
2012-12-28 06:00:00,18834.0
2012-12-28 07:00:00,19624.0
2012-12-28 08:00:00,19397.0
2012-12-28 09:00:00,25868.0
2012-12-28 10:00:00,26977.0
2012-12-28 11:00:00,27145.0
2012-12-28 12:00:00,28523.0
2012-12-28 13:00:00,27784.0
2012-12-28 14:00:00,27910.0
2012-12-28 15:00:00,27843.0
2012-12-28 16:00:00,28709.0
2012-12-28 17:00:00,28851.0
2012-12-28 18:00:00,30456.0
2012-12-28 19:00:00,29759.0
2012-12-28 20:00:00,28893.0
2012-12-28 21:00:00,27859.0
2012-12-28 22:00:00,27607.0
2012-12-28 23:00:00,26229.0
2012-12-29 00:00:00,21027.0
2012-12-29 01:00:00,17893.0
2012-12-29 02:00:00,16809.0
2012-12-29 03:00:00,16363.0
2012-12-29 04:00:00,16011.0
2012-12-29 05:00:00,16002.0
2012-12-29 06:00:00,18329.0
2012-12-29 07:00:00,19683.0
2012-12-29 08:00:00,21061.0
2012-12-29 09:00:00,26464.0
2012-12-29 10:00:00,26985.0
2012-12-29 11:00:00,27825.0
2012-12-29 12:00:00,27632.0
2012-12-29 13:00:00,27699.0
2012-12-29 14:00:00,27817.0
2012-12-29 15:00:00,27278.0
2012-12-29 16:00:00,27783.0
2012-12-29 17:00:00,28758.0
2012-12-29 18:00:00,29431.0
2012-12-29 19:00:00,29968.0
2012-12-29 20:00:00,29295.0
2012-12-29 21:00:00,28405.0
2012-12-29 22:00:00,27523.0
2012-12-29 23:00:00,26305.0
2012-12-30 00:00:00,21119.0
2012-12-30 01:00:00,16733.0
2012-12-30 02:00:00,16339.0
2012-12-30 03:00:00,15708.0
2012-12-30 04:00:00,15750.0
2012-12-30 05:00:00,16607.0
2012-12-30 06:00:00,18523.0
2012-12-30 07:00:00,19271.0
2012-12-30 08:00:00,19934.0
2012-12-30 09:00:00,25809.0
2012-12-30 10:00:00,26884.0
2012-12-30 11:00:00,27423.0
2012-12-30 12:00:00,27565.0
2012-12-30 13:00:00,27313.0
2012-12-30 14:00:00,28028.0
2012-12-30 15:00:00,27481.0
2012-12-30 16:00:00,27631.0
2012-12-30 17:00:00,28438.0
2012-12-30 18:00:00,28993.0
2012-12-30 19:00:00,29112.0
2012-12-30 20:00:00,29279.0
2012-12-30 21:00:00,27859.0
2012-12-30 22:00:00,26750.0
2012-12-30 23:00:00,20927.0
2012-12-31 00:00:00,16976.0
2012-12-31 01:00:00,16304.0
2012-12-31 02:00:00,15666.0
2012-12-31 03:00:00,15229.0
2012-12-31 04:00:00,15204.0
2012-12-31 05:00:00,16069.0
2012-12-31 06:00:00,18615.0
2012-12-31 07:00:00,19716.0
2012-12-31 08:00:00,23490.0
2012-12-31 09:00:00,26734.0
2012-12-31 10:00:00,27026.0
2012-12-31 11:00:00,27103.0
2012-12-31 12:00:00,27136.0
2012-12-31 13:00:00,26708.0
2012-12-31 14:00:00,27776.0
2012-12-31 15:00:00,27187.0
2012-12-31 16:00:00,27413.0
2012-12-31 17:00:00,28237.0
2012-12-31 18:00:00,28734.0
2012-12-31 19:00:00,22818.0
2012-12-31 20:00:00,16910.0
2012-12-31 21:00:00,16935.0
2012-12-31 22:00:00,16281.0
2012-12-31 23:00:00,15346.0
2013-01-01 00:00:00,15522.0
2013-01-01 01:00:00,14800.0
2013-01-01 02:00:00,14347.0
2013-01-01 03:00:00,14119.0
2013-01-01 04:00:00,14254.0
2013-01-01 05:00:00,13792.0
2013-01-01 06:00:00,13775.0
2013-01-01 07:00:00,13944.0
2013-01-01 08:00:00,12876.0
2013-01-01 09:00:00,13052.0
2013-01-01 10:00:00,13246.0
2013-01-01 11:00:00,13514.0
2013-01-01 12:00:00,13606.0
2013-01-01 13:00:00,13615.0
2013-01-01 14:00:00,14196.0
2013-01-01 15:00:00,13792.0
2013-01-01 16:00:00,14027.0
2013-01-01 17:00:00,14691.0
2013-01-01 18:00:00,15573.0
2013-01-01 19:00:00,15850.0
2013-01-01 20:00:00,15447.0
2013-01-01 21:00:00,15103.0
2013-01-01 22:00:00,15195.0
2013-01-01 23:00:00,15154.0
2013-01-02 00:00:00,15254.0
2013-01-02 01:00:00,13683.0
2013-01-02 02:00:00,13657.0
2013-01-02 03:00:00,13002.0
2013-01-02 04:00:00,13455.0
2013-01-02 05:00:00,13708.0
2013-01-02 06:00:00,16455.0
2013-01-02 07:00:00,17716.0
2013-01-02 08:00:00,18716.0
2013-01-02 09:00:00,24447.0
2013-01-02 10:00:00,26472.0
2013-01-02 11:00:00,26826.0
2013-01-02 12:00:00,27817.0
2013-01-02 13:00:00,27733.0
2013-01-02 14:00:00,28112.0
2013-01-02 15:00:00,27960.0
2013-01-02 16:00:00,28295.0
2013-01-02 17:00:00,28918.0
2013-01-02 18:00:00,28859.0
2013-01-02 19:00:00,28413.0
2013-01-02 20:00:00,28978.0
2013-01-02 21:00:00,27893.0
2013-01-02 22:00:00,27002.0
2013-01-02 23:00:00,19549.0
2013-01-03 00:00:00,15766.0
2013-01-03 01:00:00,15044.0
2013-01-03 02:00:00,14397.0
2013-01-03 03:00:00,13876.0
2013-01-03 04:00:00,14648.0
2013-01-03 05:00:00,14658.0
2013-01-03 06:00:00,17137.0
2013-01-03 07:00:00,18523.0
2013-01-03 08:00:00,19423.0
2013-01-03 09:00:00,26657.0
2013-01-03 10:00:00,27246.0
2013-01-03 11:00:00,27868.0
2013-01-03 12:00:00,28103.0
2013-01-03 13:00:00,27893.0
2013-01-03 14:00:00,27658.0
2013-01-03 15:00:00,27909.0
2013-01-03 16:00:00,28330.0
2013-01-03 17:00:00,29304.0
2013-01-03 18:00:00,26447.0
2013-01-03 19:00:00,29337.0
2013-01-03 20:00:00,28364.0
2013-01-03 21:00:00,27851.0
2013-01-03 22:00:00,26179.0
2013-01-03 23:00:00,19405.0
2013-01-04 00:00:00,15631.0
2013-01-04 01:00:00,14355.0
2013-01-04 02:00:00,14523.0
2013-01-04 03:00:00,13632.0
2013-01-04 04:00:00,14061.0
2013-01-04 05:00:00,14968.0
2013-01-04 06:00:00,17187.0
2013-01-04 07:00:00,18128.0
2013-01-04 08:00:00,19137.0
2013-01-04 09:00:00,25582.0
2013-01-04 10:00:00,27320.0
2013-01-04 11:00:00,28035.0
2013-01-04 12:00:00,26641.0
2013-01-04 13:00:00,28146.0
2013-01-04 14:00:00,27724.0
2013-01-04 15:00:00,28178.0
2013-01-04 16:00:00,28910.0
2013-01-04 17:00:00,28943.0
2013-01-04 18:00:00,29784.0
2013-01-04 19:00:00,29271.0
2013-01-04 20:00:00,28472.0
2013-01-04 21:00:00,28001.0
2013-01-04 22:00:00,26783.0
2013-01-04 23:00:00,25228.0
2013-01-05 00:00:00,19640.0
2013-01-05 01:00:00,14801.0
2013-01-05 02:00:00,14095.0
2013-01-05 03:00:00,13708.0
2013-01-05 04:00:00,14456.0
2013-01-05 05:00:00,15280.0
2013-01-05 06:00:00,16968.0
2013-01-05 07:00:00,17758.0
2013-01-05 08:00:00,18758.0
2013-01-05 09:00:00,24195.0
2013-01-05 10:00:00,25589.0
2013-01-05 11:00:00,25943.0
2013-01-05 12:00:00,26876.0
2013-01-05 13:00:00,26465.0
2013-01-05 14:00:00,26691.0
2013-01-05 15:00:00,26632.0
2013-01-05 16:00:00,27607.0
2013-01-05 17:00:00,28288.0
2013-01-05 18:00:00,29221.0
2013-01-05 19:00:00,29103.0
2013-01-05 20:00:00,28976.0
2013-01-05 21:00:00,27431.0
2013-01-05 22:00:00,26876.0
2013-01-05 23:00:00,25120.0
2013-01-06 00:00:00,19699.0
2013-01-06 01:00:00,15079.0
2013-01-06 02:00:00,14708.0
2013-01-06 03:00:00,14103.0
2013-01-06 04:00:00,14236.0
2013-01-06 05:00:00,14456.0
2013-01-06 06:00:00,16885.0
2013-01-06 07:00:00,17363.0
2013-01-06 08:00:00,17716.0
2013-01-06 09:00:00,23087.0
2013-01-06 10:00:00,24641.0
2013-01-06 11:00:00,25380.0
2013-01-06 12:00:00,25582.0
2013-01-06 13:00:00,25691.0
2013-01-06 14:00:00,25926.0
2013-01-06 15:00:00,26380.0
2013-01-06 16:00:00,26658.0
2013-01-06 17:00:00,27279.0
2013-01-06 18:00:00,27926.0
2013-01-06 19:00:00,27262.0
2013-01-06 20:00:00,27020.0
2013-01-06 21:00:00,25775.0
2013-01-06 22:00:00,24841.0
2013-01-06 23:00:00,19389.0
2013-01-07 00:00:00,15506.0
2013-01-07 01:00:00,14304.0
2013-01-07 02:00:00,14339.0
2013-01-07 03:00:00,13162.0
2013-01-07 04:00:00,13876.0
2013-01-07 05:00:00,14321.0
2013-01-07 06:00:00,16766.0
2013-01-07 07:00:00,17615.0
2013-01-07 08:00:00,17548.0
2013-01-07 09:00:00,25388.0
2013-01-07 10:00:00,26179.0
2013-01-07 11:00:00,26515.0
2013-01-07 12:00:00,28087.0
2013-01-07 13:00:00,27868.0
2013-01-07 14:00:00,27801.0
2013-01-07 15:00:00,28162.0
2013-01-07 16:00:00,28162.0
2013-01-07 17:00:00,28564.0
2013-01-07 18:00:00,29263.0
2013-01-07 19:00:00,28481.0
2013-01-07 20:00:00,27968.0
2013-01-07 21:00:00,28121.0
2013-01-07 22:00:00,26406.0
2013-01-07 23:00:00,20045.0
2013-01-08 00:00:00,17162.0
2013-01-08 01:00:00,15935.0
2013-01-08 02:00:00,15682.0
2013-01-08 03:00:00,15246.0
2013-01-08 04:00:00,15507.0
2013-01-08 05:00:00,15565.0
2013-01-08 06:00:00,17675.0
2013-01-08 07:00:00,19104.0
2013-01-08 08:00:00,19817.0
2013-01-08 09:00:00,25439.0
2013-01-08 10:00:00,27346.0
2013-01-08 11:00:00,27918.0
2013-01-08 12:00:00,28371.0
2013-01-08 13:00:00,29204.0
2013-01-08 14:00:00,28330.0
2013-01-08 15:00:00,27514.0
2013-01-08 16:00:00,27919.0
2013-01-08 17:00:00,29229.0
2013-01-08 18:00:00,29851.0
2013-01-08 19:00:00,29658.0
2013-01-08 20:00:00,28800.0
2013-01-08 21:00:00,28684.0
2013-01-08 22:00:00,26648.0
2013-01-08 23:00:00,21052.0
2013-01-09 00:00:00,16994.0
2013-01-09 01:00:00,16019.0
2013-01-09 02:00:00,15808.0
2013-01-09 03:00:00,15162.0
2013-01-09 04:00:00,16129.0
2013-01-09 05:00:00,16137.0
2013-01-09 06:00:00,18699.0
2013-01-09 07:00:00,20758.0
2013-01-09 08:00:00,20590.0
2013-01-09 09:00:00,26901.0
2013-01-09 10:00:00,28700.0
2013-01-09 11:00:00,28086.0
2013-01-09 12:00:00,28658.0
2013-01-09 13:00:00,28825.0
2013-01-09 14:00:00,28346.0
2013-01-09 15:00:00,29246.0
2013-01-09 16:00:00,29590.0
2013-01-09 17:00:00,29969.0
2013-01-09 18:00:00,30675.0
2013-01-09 19:00:00,30010.0
2013-01-09 20:00:00,29548.0
2013-01-09 21:00:00,29187.0
2013-01-09 22:00:00,27169.0
2013-01-09 23:00:00,21784.0
2013-01-10 00:00:00,17733.0
2013-01-10 01:00:00,17111.0
2013-01-10 02:00:00,16935.0
2013-01-10 03:00:00,16027.0
2013-01-10 04:00:00,16675.0
2013-01-10 05:00:00,17094.0
2013-01-10 06:00:00,19414.0
2013-01-10 07:00:00,20531.0
2013-01-10 08:00:00,20758.0
2013-01-10 09:00:00,26178.0
2013-01-10 10:00:00,28876.0
2013-01-10 11:00:00,28422.0
2013-01-10 12:00:00,28725.0
2013-01-10 13:00:00,28808.0
2013-01-10 14:00:00,27918.0
2013-01-10 15:00:00,28086.0
2013-01-10 16:00:00,28766.0
2013-01-10 17:00:00,28943.0
2013-01-10 18:00:00,29557.0
2013-01-10 19:00:00,28624.0
2013-01-10 20:00:00,28204.0
2013-01-10 21:00:00,27674.0
2013-01-10 22:00:00,25540.0
2013-01-10 23:00:00,20649.0
2013-01-11 00:00:00,17170.0
2013-01-11 01:00:00,15658.0
2013-01-11 02:00:00,15464.0
2013-01-11 03:00:00,15279.0
2013-01-11 04:00:00,15699.0
2013-01-11 05:00:00,16001.0
2013-01-11 06:00:00,18506.0
2013-01-11 07:00:00,19783.0
2013-01-11 08:00:00,20003.0
2013-01-11 09:00:00,25447.0
2013-01-11 10:00:00,27364.0
2013-01-11 11:00:00,27742.0
2013-01-11 12:00:00,27868.0
2013-01-11 13:00:00,27649.0
2013-01-11 14:00:00,27137.0
2013-01-11 15:00:00,27221.0
2013-01-11 16:00:00,27758.0
2013-01-11 17:00:00,28278.0
2013-01-11 18:00:00,29120.0
2013-01-11 19:00:00,28943.0
2013-01-11 20:00:00,28617.0
2013-01-11 21:00:00,27161.0
2013-01-11 22:00:00,26355.0
2013-01-11 23:00:00,25112.0
2013-01-12 00:00:00,19993.0
2013-01-12 01:00:00,16052.0
2013-01-12 02:00:00,15640.0
2013-01-12 03:00:00,14398.0
2013-01-12 04:00:00,15253.0
2013-01-12 05:00:00,15976.0
2013-01-12 06:00:00,17674.0
2013-01-12 07:00:00,18741.0
2013-01-12 08:00:00,18590.0
2013-01-12 09:00:00,23986.0
2013-01-12 10:00:00,25447.0
2013-01-12 11:00:00,26868.0
2013-01-12 12:00:00,27186.0
2013-01-12 13:00:00,25892.0
2013-01-12 14:00:00,26499.0
2013-01-12 15:00:00,25607.0
2013-01-12 16:00:00,25943.0
2013-01-12 17:00:00,27002.0
2013-01-12 18:00:00,28163.0
2013-01-12 19:00:00,28094.0
2013-01-12 20:00:00,28682.0
2013-01-12 21:00:00,26733.0
2013-01-12 22:00:00,25692.0
2013-01-12 23:00:00,24742.0
2013-01-13 00:00:00,19657.0
2013-01-13 01:00:00,15077.0
2013-01-13 02:00:00,14549.0
2013-01-13 03:00:00,13893.0
2013-01-13 04:00:00,14102.0
2013-01-13 05:00:00,14892.0
2013-01-13 06:00:00,17095.0
2013-01-13 07:00:00,17682.0
2013-01-13 08:00:00,17926.0
2013-01-13 09:00:00,23178.0
2013-01-13 10:00:00,24691.0
2013-01-13 11:00:00,25061.0
2013-01-13 12:00:00,25246.0
2013-01-13 13:00:00,24448.0
2013-01-13 14:00:00,25547.0
2013-01-13 15:00:00,25304.0
2013-01-13 16:00:00,26011.0
2013-01-13 17:00:00,26212.0
2013-01-13 18:00:00,27078.0
2013-01-13 19:00:00,26808.0
2013-01-13 20:00:00,26842.0
2013-01-13 21:00:00,25597.0
2013-01-13 22:00:00,24565.0
2013-01-13 23:00:00,18801.0
2013-01-14 00:00:00,15859.0
2013-01-14 01:00:00,14607.0
2013-01-14 02:00:00,14515.0
2013-01-14 03:00:00,13741.0
2013-01-14 04:00:00,14624.0
2013-01-14 05:00:00,14658.0
2013-01-14 06:00:00,16850.0
2013-01-14 07:00:00,17313.0
2013-01-14 08:00:00,17968.0
2013-01-14 09:00:00,24137.0
2013-01-14 10:00:00,26195.0
2013-01-14 11:00:00,27128.0
2013-01-14 12:00:00,27388.0
2013-01-14 13:00:00,27960.0
2013-01-14 14:00:00,27439.0
2013-01-14 15:00:00,27868.0
2013-01-14 16:00:00,28666.0
2013-01-14 17:00:00,28203.0
2013-01-14 18:00:00,29254.0
2013-01-14 19:00:00,28196.0
2013-01-14 20:00:00,27994.0
2013-01-14 21:00:00,26809.0
2013-01-14 22:00:00,25582.0
2013-01-14 23:00:00,19716.0
2013-01-15 00:00:00,16337.0
2013-01-15 01:00:00,15364.0
2013-01-15 02:00:00,15060.0
2013-01-15 03:00:00,14943.0
2013-01-15 04:00:00,15380.0
2013-01-15 05:00:00,15691.0
2013-01-15 06:00:00,17263.0
2013-01-15 07:00:00,18464.0
2013-01-15 08:00:00,18018.0
2013-01-15 09:00:00,25397.0
2013-01-15 10:00:00,28003.0
2013-01-15 11:00:00,27918.0
2013-01-15 12:00:00,28868.0
2013-01-15 13:00:00,28582.0
2013-01-15 14:00:00,27842.0
2013-01-15 15:00:00,28413.0
2013-01-15 16:00:00,28860.0
2013-01-15 17:00:00,29103.0
2013-01-15 18:00:00,29011.0
2013-01-15 19:00:00,28431.0
2013-01-15 20:00:00,28044.0
2013-01-15 21:00:00,28095.0
2013-01-15 22:00:00,25784.0
2013-01-15 23:00:00,20465.0
2013-01-16 00:00:00,16573.0
2013-01-16 01:00:00,15498.0
2013-01-16 02:00:00,15565.0
2013-01-16 03:00:00,15035.0
2013-01-16 04:00:00,15472.0
2013-01-16 05:00:00,16464.0
2013-01-16 06:00:00,17951.0
2013-01-16 07:00:00,19153.0
2013-01-16 08:00:00,20523.0
2013-01-16 09:00:00,27809.0
2013-01-16 10:00:00,28944.0
2013-01-16 11:00:00,29465.0
2013-01-16 12:00:00,30171.0
2013-01-16 13:00:00,29607.0
2013-01-16 14:00:00,29271.0
2013-01-16 15:00:00,29783.0
2013-01-16 16:00:00,29758.0
2013-01-16 17:00:00,29850.0
2013-01-16 18:00:00,29792.0
2013-01-16 19:00:00,28800.0
2013-01-16 20:00:00,28901.0
2013-01-16 21:00:00,27877.0
2013-01-16 22:00:00,26557.0
2013-01-16 23:00:00,20776.0
2013-01-17 00:00:00,17389.0
2013-01-17 01:00:00,16314.0
2013-01-17 02:00:00,15817.0
2013-01-17 03:00:00,15313.0
2013-01-17 04:00:00,15994.0
2013-01-17 05:00:00,16279.0
2013-01-17 06:00:00,18077.0
2013-01-17 07:00:00,19195.0
2013-01-17 08:00:00,19725.0
2013-01-17 09:00:00,26768.0
2013-01-17 10:00:00,28237.0
2013-01-17 11:00:00,27968.0
2013-01-17 12:00:00,28632.0
2013-01-17 13:00:00,28818.0
2013-01-17 14:00:00,28758.0
2013-01-17 15:00:00,28430.0
2013-01-17 16:00:00,29036.0
2013-01-17 17:00:00,30280.0
2013-01-17 18:00:00,30977.0
2013-01-17 19:00:00,30027.0
2013-01-17 20:00:00,30573.0
2013-01-17 21:00:00,29019.0
2013-01-17 22:00:00,28187.0
2013-01-17 23:00:00,21935.0
2013-01-18 00:00:00,17960.0
2013-01-18 01:00:00,17338.0
2013-01-18 02:00:00,16868.0
2013-01-18 03:00:00,16524.0
2013-01-18 04:00:00,17137.0
2013-01-18 05:00:00,17573.0
2013-01-18 06:00:00,20322.0
2013-01-18 07:00:00,21002.0
2013-01-18 08:00:00,21329.0
2013-01-18 09:00:00,27558.0
2013-01-18 10:00:00,29094.0
2013-01-18 11:00:00,29456.0
2013-01-18 12:00:00,29716.0
2013-01-18 13:00:00,29455.0
2013-01-18 14:00:00,28809.0
2013-01-18 15:00:00,29666.0
2013-01-18 16:00:00,29380.0
2013-01-18 17:00:00,30329.0
2013-01-18 18:00:00,30935.0
2013-01-18 19:00:00,29918.0
2013-01-18 20:00:00,30053.0
2013-01-18 21:00:00,29018.0
2013-01-18 22:00:00,27984.0
2013-01-18 23:00:00,27104.0
2013-01-19 00:00:00,20767.0
2013-01-19 01:00:00,16070.0
2013-01-19 02:00:00,15061.0
2013-01-19 03:00:00,14422.0
2013-01-19 04:00:00,14849.0
2013-01-19 05:00:00,14758.0
2013-01-19 06:00:00,17019.0
2013-01-19 07:00:00,17028.0
2013-01-19 08:00:00,17683.0
2013-01-19 09:00:00,23843.0
2013-01-19 10:00:00,24876.0
2013-01-19 11:00:00,24918.0
2013-01-19 12:00:00,26070.0
2013-01-19 13:00:00,26187.0
2013-01-19 14:00:00,25297.0
2013-01-19 15:00:00,25388.0
2013-01-19 16:00:00,26194.0
2013-01-19 17:00:00,27288.0
2013-01-19 18:00:00,28094.0
2013-01-19 19:00:00,28094.0
2013-01-19 20:00:00,28018.0
2013-01-19 21:00:00,26885.0
2013-01-19 22:00:00,25918.0
2013-01-19 23:00:00,25406.0
2013-01-20 00:00:00,19422.0
2013-01-20 01:00:00,15035.0
2013-01-20 02:00:00,14859.0
2013-01-20 03:00:00,14195.0
2013-01-20 04:00:00,14976.0
2013-01-20 05:00:00,15153.0
2013-01-20 06:00:00,16784.0
2013-01-20 07:00:00,17590.0
2013-01-20 08:00:00,18052.0
2013-01-20 09:00:00,24153.0
2013-01-20 10:00:00,26339.0
2013-01-20 11:00:00,25935.0
2013-01-20 12:00:00,25960.0
2013-01-20 13:00:00,25733.0
2013-01-20 14:00:00,26044.0
2013-01-20 15:00:00,26095.0
2013-01-20 16:00:00,27296.0
2013-01-20 17:00:00,27161.0
2013-01-20 18:00:00,28868.0
2013-01-20 19:00:00,28119.0
2013-01-20 20:00:00,27851.0
2013-01-20 21:00:00,27708.0
2013-01-20 22:00:00,25699.0
2013-01-20 23:00:00,19927.0
2013-01-21 00:00:00,16381.0
2013-01-21 01:00:00,14826.0
2013-01-21 02:00:00,14952.0
2013-01-21 03:00:00,14203.0
2013-01-21 04:00:00,14691.0
2013-01-21 05:00:00,15826.0
2013-01-21 06:00:00,17716.0
2013-01-21 07:00:00,18438.0
2013-01-21 08:00:00,18490.0
2013-01-21 09:00:00,24574.0
2013-01-21 10:00:00,26389.0
2013-01-21 11:00:00,27505.0
2013-01-21 12:00:00,27456.0
2013-01-21 13:00:00,27598.0
2013-01-21 14:00:00,27103.0
2013-01-21 15:00:00,27522.0
2013-01-21 16:00:00,27657.0
2013-01-21 17:00:00,28591.0
2013-01-21 18:00:00,28867.0
2013-01-21 19:00:00,28482.0
2013-01-21 20:00:00,28339.0
2013-01-21 21:00:00,26919.0
2013-01-21 22:00:00,25843.0
2013-01-21 23:00:00,20514.0
2013-01-22 00:00:00,16565.0
2013-01-22 01:00:00,15540.0
2013-01-22 02:00:00,15229.0
2013-01-22 03:00:00,14742.0
2013-01-22 04:00:00,15422.0
2013-01-22 05:00:00,15591.0
2013-01-22 06:00:00,17809.0
2013-01-22 07:00:00,18119.0
2013-01-22 08:00:00,18968.0
2013-01-22 09:00:00,25607.0
2013-01-22 10:00:00,27120.0
2013-01-22 11:00:00,27280.0
2013-01-22 12:00:00,27556.0
2013-01-22 13:00:00,26388.0
2013-01-22 14:00:00,26809.0
2013-01-22 15:00:00,26548.0
2013-01-22 16:00:00,27708.0
2013-01-22 17:00:00,28556.0
2013-01-22 18:00:00,27859.0
2013-01-22 19:00:00,28103.0
2013-01-22 20:00:00,27346.0
2013-01-22 21:00:00,26481.0
2013-01-22 22:00:00,25582.0
2013-01-22 23:00:00,20162.0
2013-01-23 00:00:00,16893.0
2013-01-23 01:00:00,15750.0
2013-01-23 02:00:00,14951.0
2013-01-23 03:00:00,14313.0
2013-01-23 04:00:00,14296.0
2013-01-23 05:00:00,14523.0
2013-01-23 06:00:00,16674.0
2013-01-23 07:00:00,18001.0
2013-01-23 08:00:00,17801.0
2013-01-23 09:00:00,24775.0
2013-01-23 10:00:00,26825.0
2013-01-23 11:00:00,27396.0
2013-01-23 12:00:00,27649.0
2013-01-23 13:00:00,27615.0
2013-01-23 14:00:00,27472.0
2013-01-23 15:00:00,27263.0
2013-01-23 16:00:00,27892.0
2013-01-23 17:00:00,29111.0
2013-01-23 18:00:00,29431.0
2013-01-23 19:00:00,28842.0
2013-01-23 20:00:00,28834.0
2013-01-23 21:00:00,28187.0
2013-01-23 22:00:00,26649.0
2013-01-23 23:00:00,21221.0
2013-01-24 00:00:00,17514.0
2013-01-24 01:00:00,16422.0
2013-01-24 02:00:00,15834.0
2013-01-24 03:00:00,14985.0
2013-01-24 04:00:00,15440.0
2013-01-24 05:00:00,15926.0
2013-01-24 06:00:00,18144.0
2013-01-24 07:00:00,19431.0
2013-01-24 08:00:00,19455.0
2013-01-24 09:00:00,25851.0
2013-01-24 10:00:00,27245.0
2013-01-24 11:00:00,27556.0
2013-01-24 12:00:00,27430.0
2013-01-24 13:00:00,27960.0
2013-01-24 14:00:00,27708.0
2013-01-24 15:00:00,26885.0
2013-01-24 16:00:00,27581.0
2013-01-24 17:00:00,28229.0
2013-01-24 18:00:00,28228.0
2013-01-24 19:00:00,27902.0
2013-01-24 20:00:00,28087.0
2013-01-24 21:00:00,26751.0
2013-01-24 22:00:00,25287.0
2013-01-24 23:00:00,19783.0
2013-01-25 00:00:00,15616.0
2013-01-25 01:00:00,14447.0
2013-01-25 02:00:00,14347.0
2013-01-25 03:00:00,13724.0
2013-01-25 04:00:00,14515.0
2013-01-25 05:00:00,14960.0
2013-01-25 06:00:00,17490.0
2013-01-25 07:00:00,18304.0
2013-01-25 08:00:00,18624.0
2013-01-25 09:00:00,25900.0
2013-01-25 10:00:00,27497.0
2013-01-25 11:00:00,27758.0
2013-01-25 12:00:00,28288.0
2013-01-25 13:00:00,29060.0
2013-01-25 14:00:00,27919.0
2013-01-25 15:00:00,27909.0
2013-01-25 16:00:00,28404.0
2013-01-25 17:00:00,28800.0
2013-01-25 18:00:00,29389.0
2013-01-25 19:00:00,29860.0
2013-01-25 20:00:00,29186.0
2013-01-25 21:00:00,28581.0
2013-01-25 22:00:00,27329.0
2013-01-25 23:00:00,27178.0
2013-01-26 00:00:00,21540.0
2013-01-26 01:00:00,16574.0
2013-01-26 02:00:00,16363.0
2013-01-26 03:00:00,14978.0
2013-01-26 04:00:00,16085.0
2013-01-26 05:00:00,15649.0
2013-01-26 06:00:00,17784.0
2013-01-26 07:00:00,19329.0
2013-01-26 08:00:00,19053.0
2013-01-26 09:00:00,25339.0
2013-01-26 10:00:00,27464.0
2013-01-26 11:00:00,27380.0
2013-01-26 12:00:00,28279.0
2013-01-26 13:00:00,27751.0
2013-01-26 14:00:00,27506.0
2013-01-26 15:00:00,27413.0
2013-01-26 16:00:00,27943.0
2013-01-26 17:00:00,28860.0
2013-01-26 18:00:00,29692.0
2013-01-26 19:00:00,29616.0
2013-01-26 20:00:00,29036.0
2013-01-26 21:00:00,28237.0
2013-01-26 22:00:00,26573.0
2013-01-26 23:00:00,25793.0
2013-01-27 00:00:00,20876.0
2013-01-27 01:00:00,15607.0
2013-01-27 02:00:00,15925.0
2013-01-27 03:00:00,14834.0
2013-01-27 04:00:00,15422.0
2013-01-27 05:00:00,16245.0
2013-01-27 06:00:00,17457.0
2013-01-27 07:00:00,18523.0
2013-01-27 08:00:00,19380.0
2013-01-27 09:00:00,25187.0
2013-01-27 10:00:00,27035.0
2013-01-27 11:00:00,27296.0
2013-01-27 12:00:00,27338.0
2013-01-27 13:00:00,27388.0
2013-01-27 14:00:00,27279.0
2013-01-27 15:00:00,26641.0
2013-01-27 16:00:00,27447.0
2013-01-27 17:00:00,27623.0
2013-01-27 18:00:00,28851.0
2013-01-27 19:00:00,28027.0
2013-01-27 20:00:00,27885.0
2013-01-27 21:00:00,27136.0
2013-01-27 22:00:00,26212.0
2013-01-27 23:00:00,20153.0
2013-01-28 00:00:00,16481.0
2013-01-28 01:00:00,15036.0
2013-01-28 02:00:00,15028.0
2013-01-28 03:00:00,14741.0
2013-01-28 04:00:00,15179.0
2013-01-28 05:00:00,16086.0
2013-01-28 06:00:00,18355.0
2013-01-28 07:00:00,18783.0
2013-01-28 08:00:00,18952.0
2013-01-28 09:00:00,25557.0
2013-01-28 10:00:00,27044.0
2013-01-28 11:00:00,28272.0
2013-01-28 12:00:00,28665.0
2013-01-28 13:00:00,27674.0
2013-01-28 14:00:00,28498.0
2013-01-28 15:00:00,28783.0
2013-01-28 16:00:00,29146.0
2013-01-28 17:00:00,29456.0
2013-01-28 18:00:00,29784.0
2013-01-28 19:00:00,29321.0
2013-01-28 20:00:00,29271.0
2013-01-28 21:00:00,28078.0
2013-01-28 22:00:00,27161.0
2013-01-28 23:00:00,21254.0
2013-01-29 00:00:00,17591.0
2013-01-29 01:00:00,16507.0
2013-01-29 02:00:00,16314.0
2013-01-29 03:00:00,15632.0
2013-01-29 04:00:00,16104.0
2013-01-29 05:00:00,16540.0
2013-01-29 06:00:00,18766.0
2013-01-29 07:00:00,19220.0
2013-01-29 08:00:00,20086.0
2013-01-29 09:00:00,26020.0
2013-01-29 10:00:00,28086.0
2013-01-29 11:00:00,28229.0
2013-01-29 12:00:00,28389.0
2013-01-29 13:00:00,28607.0
2013-01-29 14:00:00,28356.0
2013-01-29 15:00:00,28397.0
2013-01-29 16:00:00,28112.0
2013-01-29 17:00:00,28952.0
2013-01-29 18:00:00,28834.0
2013-01-29 19:00:00,28658.0
2013-01-29 20:00:00,28833.0
2013-01-29 21:00:00,27791.0
2013-01-29 22:00:00,26255.0
2013-01-29 23:00:00,22086.0
2013-01-30 00:00:00,17944.0
2013-01-30 01:00:00,17194.0
2013-01-30 02:00:00,17128.0
2013-01-30 03:00:00,16094.0
2013-01-30 04:00:00,17397.0
2013-01-30 05:00:00,17389.0
2013-01-30 06:00:00,19927.0
2013-01-30 07:00:00,21154.0
2013-01-30 08:00:00,20934.0
2013-01-30 09:00:00,26909.0
2013-01-30 10:00:00,28288.0
2013-01-30 11:00:00,28464.0
2013-01-30 12:00:00,28834.0
2013-01-30 13:00:00,28993.0
2013-01-30 14:00:00,29397.0
2013-01-30 15:00:00,28456.0
2013-01-30 16:00:00,28960.0
2013-01-30 17:00:00,29523.0
2013-01-30 18:00:00,29859.0
2013-01-30 19:00:00,29691.0
2013-01-30 20:00:00,29607.0
2013-01-30 21:00:00,28582.0
2013-01-30 22:00:00,27498.0
2013-01-30 23:00:00,21624.0
2013-01-31 00:00:00,18456.0
2013-01-31 01:00:00,17430.0
2013-01-31 02:00:00,16926.0
2013-01-31 03:00:00,16885.0
2013-01-31 04:00:00,16809.0
2013-01-31 05:00:00,17330.0
2013-01-31 06:00:00,19381.0
2013-01-31 07:00:00,19607.0
2013-01-31 08:00:00,20750.0
2013-01-31 09:00:00,26784.0
2013-01-31 10:00:00,28859.0
2013-01-31 11:00:00,28909.0
2013-01-31 12:00:00,29170.0
2013-01-31 13:00:00,28574.0
2013-01-31 14:00:00,28548.0
2013-01-31 15:00:00,28129.0
2013-01-31 16:00:00,28456.0
2013-01-31 17:00:00,29405.0
2013-01-31 18:00:00,29959.0
2013-01-31 19:00:00,29077.0
2013-01-31 20:00:00,29162.0
2013-01-31 21:00:00,28229.0
2013-01-31 22:00:00,27236.0
2013-01-31 23:00:00,20976.0
2013-02-01 00:00:00,18044.0
2013-02-01 01:00:00,16515.0
2013-02-01 02:00:00,16666.0
2013-02-01 03:00:00,16086.0
2013-02-01 04:00:00,16733.0
2013-02-01 05:00:00,17364.0
2013-02-01 06:00:00,18783.0
2013-02-01 07:00:00,18960.0
2013-02-01 08:00:00,20557.0
2013-02-01 09:00:00,26002.0
2013-02-01 10:00:00,28556.0
2013-02-01 11:00:00,28481.0
2013-02-01 12:00:00,28758.0
2013-02-01 13:00:00,28590.0
2013-02-01 14:00:00,28464.0
2013-02-01 15:00:00,29405.0
2013-02-01 16:00:00,29364.0
2013-02-01 17:00:00,30556.0
2013-02-01 18:00:00,30642.0
2013-02-01 19:00:00,30120.0
2013-02-01 20:00:00,30414.0
2013-02-01 21:00:00,29002.0
2013-02-01 22:00:00,27951.0
2013-02-01 23:00:00,26481.0
2013-02-02 00:00:00,21262.0
2013-02-02 01:00:00,16196.0
2013-02-02 02:00:00,15960.0
2013-02-02 03:00:00,15456.0
2013-02-02 04:00:00,15657.0
2013-02-02 05:00:00,15473.0
2013-02-02 06:00:00,17800.0
2013-02-02 07:00:00,18364.0
2013-02-02 08:00:00,18666.0
2013-02-02 09:00:00,24749.0
2013-02-02 10:00:00,26170.0
2013-02-02 11:00:00,27095.0
2013-02-02 12:00:00,27069.0
2013-02-02 13:00:00,27699.0
2013-02-02 14:00:00,27220.0
2013-02-02 15:00:00,26515.0
2013-02-02 16:00:00,27640.0
2013-02-02 17:00:00,27927.0
2013-02-02 18:00:00,28346.0
2013-02-02 19:00:00,29490.0
2013-02-02 20:00:00,28800.0
2013-02-02 21:00:00,27480.0
2013-02-02 22:00:00,27111.0
2013-02-02 23:00:00,25372.0
2013-02-03 00:00:00,20389.0
2013-02-03 01:00:00,16044.0
2013-02-03 02:00:00,15296.0
2013-02-03 03:00:00,14506.0
2013-02-03 04:00:00,14993.0
2013-02-03 05:00:00,15211.0
2013-02-03 06:00:00,17800.0
2013-02-03 07:00:00,18104.0
2013-02-03 08:00:00,18482.0
2013-02-03 09:00:00,24599.0
2013-02-03 10:00:00,25657.0
2013-02-03 11:00:00,26657.0
2013-02-03 12:00:00,27069.0
2013-02-03 13:00:00,26859.0
2013-02-03 14:00:00,26959.0
2013-02-03 15:00:00,26691.0
2013-02-03 16:00:00,27749.0
2013-02-03 17:00:00,27480.0
2013-02-03 18:00:00,28633.0
2013-02-03 19:00:00,29423.0
2013-02-03 20:00:00,29002.0
2013-02-03 21:00:00,27674.0
2013-02-03 22:00:00,26876.0
2013-02-03 23:00:00,20288.0
2013-02-04 00:00:00,16313.0
2013-02-04 01:00:00,15146.0
2013-02-04 02:00:00,14658.0
2013-02-04 03:00:00,14994.0
2013-02-04 04:00:00,15194.0
2013-02-04 05:00:00,15658.0
2013-02-04 06:00:00,17893.0
2013-02-04 07:00:00,18599.0
2013-02-04 08:00:00,18423.0
2013-02-04 09:00:00,25809.0
2013-02-04 10:00:00,26876.0
2013-02-04 11:00:00,28003.0
2013-02-04 12:00:00,27800.0
2013-02-04 13:00:00,28623.0
2013-02-04 14:00:00,28489.0
2013-02-04 15:00:00,27826.0
2013-02-04 16:00:00,28959.0
2013-02-04 17:00:00,28774.0
2013-02-04 18:00:00,28372.0
2013-02-04 19:00:00,28717.0
2013-02-04 20:00:00,28304.0
2013-02-04 21:00:00,27304.0
2013-02-04 22:00:00,26304.0
2013-02-04 23:00:00,20507.0
2013-02-05 00:00:00,16707.0
2013-02-05 01:00:00,15489.0
2013-02-05 02:00:00,15179.0
2013-02-05 03:00:00,14867.0
2013-02-05 04:00:00,15581.0
2013-02-05 05:00:00,15825.0
2013-02-05 06:00:00,17944.0
2013-02-05 07:00:00,19464.0
2013-02-05 08:00:00,18565.0
2013-02-05 09:00:00,25532.0
2013-02-05 10:00:00,27095.0
2013-02-05 11:00:00,27397.0
2013-02-05 12:00:00,28851.0
2013-02-05 13:00:00,28397.0
2013-02-05 14:00:00,27438.0
2013-02-05 15:00:00,28161.0
2013-02-05 16:00:00,27926.0
2013-02-05 17:00:00,28692.0
2013-02-05 18:00:00,28943.0
2013-02-05 19:00:00,29010.0
2013-02-05 20:00:00,28759.0
2013-02-05 21:00:00,27952.0
2013-02-05 22:00:00,27204.0
2013-02-05 23:00:00,21103.0
2013-02-06 00:00:00,16103.0
2013-02-06 01:00:00,14514.0
2013-02-06 02:00:00,15708.0
2013-02-06 03:00:00,15716.0
2013-02-06 04:00:00,15725.0
2013-02-06 05:00:00,16583.0
2013-02-06 06:00:00,18506.0
2013-02-06 07:00:00,19985.0
2013-02-06 08:00:00,19363.0
2013-02-06 09:00:00,27229.0
2013-02-06 10:00:00,28767.0
2013-02-06 11:00:00,29019.0
2013-02-06 12:00:00,28749.0
2013-02-06 13:00:00,28984.0
2013-02-06 14:00:00,28851.0
2013-02-06 15:00:00,29733.0
2013-02-06 16:00:00,30632.0
2013-02-06 17:00:00,29137.0
2013-02-06 18:00:00,29363.0
2013-02-06 19:00:00,28834.0
2013-02-06 20:00:00,28321.0
2013-02-06 21:00:00,27245.0
2013-02-06 22:00:00,25690.0
2013-02-06 23:00:00,18935.0
2013-02-07 00:00:00,16606.0
2013-02-07 01:00:00,14783.0
2013-02-07 02:00:00,14885.0
2013-02-07 03:00:00,14179.0
2013-02-07 04:00:00,14616.0
2013-02-07 05:00:00,15574.0
2013-02-07 06:00:00,17599.0
2013-02-07 07:00:00,18599.0
2013-02-07 08:00:00,18658.0
2013-02-07 09:00:00,24078.0
2013-02-07 10:00:00,25750.0
2013-02-07 11:00:00,24405.0
2013-02-07 12:00:00,24783.0
2013-02-07 13:00:00,26044.0
2013-02-07 14:00:00,25951.0
2013-02-07 15:00:00,26649.0
2013-02-07 16:00:00,27127.0
2013-02-07 17:00:00,27480.0
2013-02-07 18:00:00,27876.0
2013-02-07 19:00:00,27523.0
2013-02-07 20:00:00,27045.0
2013-02-07 21:00:00,26683.0
2013-02-07 22:00:00,25313.0
2013-02-07 23:00:00,19591.0
2013-02-08 00:00:00,16085.0
2013-02-08 01:00:00,14322.0
2013-02-08 02:00:00,14078.0
2013-02-08 03:00:00,13716.0
2013-02-08 04:00:00,14440.0
2013-02-08 05:00:00,14674.0
2013-02-08 06:00:00,17346.0
2013-02-08 07:00:00,17977.0
2013-02-08 08:00:00,17894.0
2013-02-08 09:00:00,24489.0
2013-02-08 10:00:00,26834.0
2013-02-08 11:00:00,26775.0
2013-02-08 12:00:00,26984.0
2013-02-08 13:00:00,26825.0
2013-02-08 14:00:00,27238.0
2013-02-08 15:00:00,27212.0
2013-02-08 16:00:00,27943.0
2013-02-08 17:00:00,27875.0
2013-02-08 18:00:00,28884.0
2013-02-08 19:00:00,28800.0
2013-02-08 20:00:00,28523.0
2013-02-08 21:00:00,27263.0
2013-02-08 22:00:00,25901.0
2013-02-08 23:00:00,24767.0
2013-02-09 00:00:00,19070.0
2013-02-09 01:00:00,14994.0
2013-02-09 02:00:00,14648.0
2013-02-09 03:00:00,13800.0
2013-02-09 04:00:00,14540.0
2013-02-09 05:00:00,15111.0
2013-02-09 06:00:00,16532.0
2013-02-09 07:00:00,17590.0
2013-02-09 08:00:00,17389.0
2013-02-09 09:00:00,23674.0
2013-02-09 10:00:00,25338.0
2013-02-09 11:00:00,25951.0
2013-02-09 12:00:00,26430.0
2013-02-09 13:00:00,26271.0
2013-02-09 14:00:00,26229.0
2013-02-09 15:00:00,25523.0
2013-02-09 16:00:00,27018.0
2013-02-09 17:00:00,27775.0
2013-02-09 18:00:00,27809.0
2013-02-09 19:00:00,28329.0
2013-02-09 20:00:00,28574.0
2013-02-09 21:00:00,27776.0
2013-02-09 22:00:00,26406.0
2013-02-09 23:00:00,25212.0
2013-02-10 00:00:00,20170.0
2013-02-10 01:00:00,14993.0
2013-02-10 02:00:00,14918.0
2013-02-10 03:00:00,14103.0
2013-02-10 04:00:00,14632.0
2013-02-10 05:00:00,14918.0
2013-02-10 06:00:00,17608.0
2013-02-10 07:00:00,17633.0
2013-02-10 08:00:00,17580.0
2013-02-10 09:00:00,24255.0
2013-02-10 10:00:00,25280.0
2013-02-10 11:00:00,25808.0
2013-02-10 12:00:00,26641.0
2013-02-10 13:00:00,25893.0
2013-02-10 14:00:00,25472.0
2013-02-10 15:00:00,25413.0
2013-02-10 16:00:00,25396.0
2013-02-10 17:00:00,26162.0
2013-02-10 18:00:00,26615.0
2013-02-10 19:00:00,26792.0
2013-02-10 20:00:00,26523.0
2013-02-10 21:00:00,26439.0
2013-02-10 22:00:00,24893.0
2013-02-10 23:00:00,19195.0
2013-02-11 00:00:00,15128.0
2013-02-11 01:00:00,14162.0
2013-02-11 02:00:00,14018.0
2013-02-11 03:00:00,13716.0
2013-02-11 04:00:00,14145.0
2013-02-11 05:00:00,14934.0
2013-02-11 06:00:00,17069.0
2013-02-11 07:00:00,18322.0
2013-02-11 08:00:00,17767.0
2013-02-11 09:00:00,24842.0
2013-02-11 10:00:00,25776.0
2013-02-11 11:00:00,25691.0
2013-02-11 12:00:00,26187.0
2013-02-11 13:00:00,25650.0
2013-02-11 14:00:00,25902.0
2013-02-11 15:00:00,26557.0
2013-02-11 16:00:00,27406.0
2013-02-11 17:00:00,27297.0
2013-02-11 18:00:00,29212.0
2013-02-11 19:00:00,29254.0
2013-02-11 20:00:00,28724.0
2013-02-11 21:00:00,28095.0
2013-02-11 22:00:00,26314.0
2013-02-11 23:00:00,23212.0
2013-02-12 00:00:00,19674.0
2013-02-12 01:00:00,15734.0
2013-02-12 02:00:00,15212.0
2013-02-12 03:00:00,15304.0
2013-02-12 04:00:00,15616.0
2013-02-12 05:00:00,16247.0
2013-02-12 06:00:00,17952.0
2013-02-12 07:00:00,19086.0
2013-02-12 08:00:00,19086.0
2013-02-12 09:00:00,24069.0
2013-02-12 10:00:00,24818.0
2013-02-12 11:00:00,25935.0
2013-02-12 12:00:00,26413.0
2013-02-12 13:00:00,26548.0
2013-02-12 14:00:00,26363.0
2013-02-12 15:00:00,26826.0
2013-02-12 16:00:00,27860.0
2013-02-12 17:00:00,28095.0
2013-02-12 18:00:00,28498.0
2013-02-12 19:00:00,28682.0
2013-02-12 20:00:00,28338.0
2013-02-12 21:00:00,28556.0
2013-02-12 22:00:00,26985.0
2013-02-12 23:00:00,21657.0
2013-02-13 00:00:00,18136.0
2013-02-13 01:00:00,16372.0
2013-02-13 02:00:00,16112.0
2013-02-13 03:00:00,16279.0
2013-02-13 04:00:00,15860.0
2013-02-13 05:00:00,16482.0
2013-02-13 06:00:00,19179.0
2013-02-13 07:00:00,20044.0
2013-02-13 08:00:00,20582.0
2013-02-13 09:00:00,26153.0
2013-02-13 10:00:00,28161.0
2013-02-13 11:00:00,28397.0
2013-02-13 12:00:00,28222.0
2013-02-13 13:00:00,27842.0
2013-02-13 14:00:00,28926.0
2013-02-13 15:00:00,28758.0
2013-02-13 16:00:00,28910.0
2013-02-13 17:00:00,29725.0
2013-02-13 18:00:00,29699.0
2013-02-13 19:00:00,29372.0
2013-02-13 20:00:00,29834.0
2013-02-13 21:00:00,28642.0
2013-02-13 22:00:00,27347.0
2013-02-13 23:00:00,21691.0
2013-02-14 00:00:00,18363.0
2013-02-14 01:00:00,16397.0
2013-02-14 02:00:00,16321.0
2013-02-14 03:00:00,15086.0
2013-02-14 04:00:00,15976.0
2013-02-14 05:00:00,16263.0
2013-02-14 06:00:00,17918.0
2013-02-14 07:00:00,19070.0
2013-02-14 08:00:00,19061.0
2013-02-14 09:00:00,24918.0
2013-02-14 10:00:00,26716.0
2013-02-14 11:00:00,27011.0
2013-02-14 12:00:00,27397.0
2013-02-14 13:00:00,28180.0
2013-02-14 14:00:00,27975.0
2013-02-14 15:00:00,27699.0
2013-02-14 16:00:00,28388.0
2013-02-14 17:00:00,28876.0
2013-02-14 18:00:00,29825.0
2013-02-14 19:00:00,29936.0
2013-02-14 20:00:00,29263.0
2013-02-14 21:00:00,27809.0
2013-02-14 22:00:00,27027.0
2013-02-14 23:00:00,22657.0
2013-02-15 00:00:00,18001.0
2013-02-15 01:00:00,17103.0
2013-02-15 02:00:00,16338.0
2013-02-15 03:00:00,15573.0
2013-02-15 04:00:00,16540.0
2013-02-15 05:00:00,16531.0
2013-02-15 06:00:00,18758.0
2013-02-15 07:00:00,19002.0
2013-02-15 08:00:00,19246.0
2013-02-15 09:00:00,25355.0
2013-02-15 10:00:00,26876.0
2013-02-15 11:00:00,27809.0
2013-02-15 12:00:00,27330.0
2013-02-15 13:00:00,28734.0
2013-02-15 14:00:00,28515.0
2013-02-15 15:00:00,27573.0
2013-02-15 16:00:00,28035.0
2013-02-15 17:00:00,28775.0
2013-02-15 18:00:00,29952.0
2013-02-15 19:00:00,30220.0
2013-02-15 20:00:00,29977.0
2013-02-15 21:00:00,27851.0
2013-02-15 22:00:00,26902.0
2013-02-15 23:00:00,25615.0
2013-02-16 00:00:00,20372.0
2013-02-16 01:00:00,16506.0
2013-02-16 02:00:00,15347.0
2013-02-16 03:00:00,15045.0
2013-02-16 04:00:00,16323.0
2013-02-16 05:00:00,16304.0
2013-02-16 06:00:00,18035.0
2013-02-16 07:00:00,18885.0
2013-02-16 08:00:00,19011.0
2013-02-16 09:00:00,25162.0
2013-02-16 10:00:00,26808.0
2013-02-16 11:00:00,27564.0
2013-02-16 12:00:00,27405.0
2013-02-16 13:00:00,27506.0
2013-02-16 14:00:00,26422.0
2013-02-16 15:00:00,26574.0
2013-02-16 16:00:00,27271.0
2013-02-16 17:00:00,28220.0
2013-02-16 18:00:00,29708.0
2013-02-16 19:00:00,29707.0
2013-02-16 20:00:00,29556.0
2013-02-16 21:00:00,28968.0
2013-02-16 22:00:00,28027.0
2013-02-16 23:00:00,26658.0
2013-02-17 00:00:00,21321.0
2013-02-17 01:00:00,16103.0
2013-02-17 02:00:00,15809.0
2013-02-17 03:00:00,14952.0
2013-02-17 04:00:00,15868.0
2013-02-17 05:00:00,16245.0
2013-02-17 06:00:00,17918.0
2013-02-17 07:00:00,18540.0
2013-02-17 08:00:00,19127.0
2013-02-17 09:00:00,24700.0
2013-02-17 10:00:00,25724.0
2013-02-17 11:00:00,27179.0
2013-02-17 12:00:00,27523.0
2013-02-17 13:00:00,27590.0
2013-02-17 14:00:00,27498.0
2013-02-17 15:00:00,26893.0
2013-02-17 16:00:00,27699.0
2013-02-17 17:00:00,27574.0
2013-02-17 18:00:00,28439.0
2013-02-17 19:00:00,28943.0
2013-02-17 20:00:00,28817.0
2013-02-17 21:00:00,27767.0
2013-02-17 22:00:00,27750.0
2013-02-17 23:00:00,21657.0
2013-02-18 00:00:00,17187.0
2013-02-18 01:00:00,16750.0
2013-02-18 02:00:00,16145.0
2013-02-18 03:00:00,15506.0
2013-02-18 04:00:00,16472.0
2013-02-18 05:00:00,16136.0
2013-02-18 06:00:00,18246.0
2013-02-18 07:00:00,19709.0
2013-02-18 08:00:00,19481.0
2013-02-18 09:00:00,25918.0
2013-02-18 10:00:00,28036.0
2013-02-18 11:00:00,27816.0
2013-02-18 12:00:00,28245.0
2013-02-18 13:00:00,28523.0
2013-02-18 14:00:00,28339.0
2013-02-18 15:00:00,28733.0
2013-02-18 16:00:00,28734.0
2013-02-18 17:00:00,28565.0
2013-02-18 18:00:00,28977.0
2013-02-18 19:00:00,28775.0
2013-02-18 20:00:00,28583.0
2013-02-18 21:00:00,28505.0
2013-02-18 22:00:00,26456.0
2013-02-18 23:00:00,20574.0
2013-02-19 00:00:00,17322.0
2013-02-19 01:00:00,15809.0
2013-02-19 02:00:00,15523.0
2013-02-19 03:00:00,15162.0
2013-02-19 04:00:00,15574.0
2013-02-19 05:00:00,15742.0
2013-02-19 06:00:00,18641.0
2013-02-19 07:00:00,19203.0
2013-02-19 08:00:00,20288.0
2013-02-19 09:00:00,26187.0
2013-02-19 10:00:00,27959.0
2013-02-19 11:00:00,28213.0
2013-02-19 12:00:00,27952.0
2013-02-19 13:00:00,27986.0
2013-02-19 14:00:00,27699.0
2013-02-19 15:00:00,27238.0
2013-02-19 16:00:00,28288.0
2013-02-19 17:00:00,28229.0
2013-02-19 18:00:00,28363.0
2013-02-19 19:00:00,29052.0
2013-02-19 20:00:00,28179.0
2013-02-19 21:00:00,28346.0
2013-02-19 22:00:00,26447.0
2013-02-19 23:00:00,20675.0
2013-02-20 00:00:00,17590.0
2013-02-20 01:00:00,15639.0
2013-02-20 02:00:00,15355.0
2013-02-20 03:00:00,14782.0
2013-02-20 04:00:00,15724.0
2013-02-20 05:00:00,15767.0
2013-02-20 06:00:00,18136.0
2013-02-20 07:00:00,18859.0
2013-02-20 08:00:00,19607.0
2013-02-20 09:00:00,26548.0
2013-02-20 10:00:00,28456.0
2013-02-20 11:00:00,28305.0
2013-02-20 12:00:00,28674.0
2013-02-20 13:00:00,28523.0
2013-02-20 14:00:00,28506.0
2013-02-20 15:00:00,28270.0
2013-02-20 16:00:00,28716.0
2013-02-20 17:00:00,28825.0
2013-02-20 18:00:00,28683.0
2013-02-20 19:00:00,29128.0
2013-02-20 20:00:00,28465.0
2013-02-20 21:00:00,28758.0
2013-02-20 22:00:00,26397.0
2013-02-20 23:00:00,20767.0
2013-02-21 00:00:00,17203.0
2013-02-21 01:00:00,16086.0
2013-02-21 02:00:00,15985.0
2013-02-21 03:00:00,14801.0
2013-02-21 04:00:00,15809.0
2013-02-21 05:00:00,15750.0
2013-02-21 06:00:00,18322.0
2013-02-21 07:00:00,20800.0
2013-02-21 08:00:00,20371.0
2013-02-21 09:00:00,27244.0
2013-02-21 10:00:00,27875.0
2013-02-21 11:00:00,28875.0
2013-02-21 12:00:00,28245.0
2013-02-21 13:00:00,28809.0
2013-02-21 14:00:00,28976.0
2013-02-21 15:00:00,28598.0
2013-02-21 16:00:00,28766.0
2013-02-21 17:00:00,30145.0
2013-02-21 18:00:00,29792.0
2013-02-21 19:00:00,29262.0
2013-02-21 20:00:00,28767.0
2013-02-21 21:00:00,28179.0
2013-02-21 22:00:00,26565.0
2013-02-21 23:00:00,20565.0
2013-02-22 00:00:00,16724.0
2013-02-22 01:00:00,15707.0
2013-02-22 02:00:00,15145.0
2013-02-22 03:00:00,14926.0
2013-02-22 04:00:00,15296.0
2013-02-22 05:00:00,15698.0
2013-02-22 06:00:00,18582.0
2013-02-22 07:00:00,19153.0
2013-02-22 08:00:00,20262.0
2013-02-22 09:00:00,27566.0
2013-02-22 10:00:00,27851.0
2013-02-22 11:00:00,28103.0
2013-02-22 12:00:00,28430.0
2013-02-22 13:00:00,28867.0
2013-02-22 14:00:00,28136.0
2013-02-22 15:00:00,27674.0
2013-02-22 16:00:00,28531.0
2013-02-22 17:00:00,27725.0
2013-02-22 18:00:00,29355.0
2013-02-22 19:00:00,29532.0
2013-02-22 20:00:00,29019.0
2013-02-22 21:00:00,28884.0
2013-02-22 22:00:00,28204.0
2013-02-22 23:00:00,27018.0
2013-02-23 00:00:00,20027.0
2013-02-23 01:00:00,16019.0
2013-02-23 02:00:00,15136.0
2013-02-23 03:00:00,14624.0
2013-02-23 04:00:00,15086.0
2013-02-23 05:00:00,15010.0
2013-02-23 06:00:00,17641.0
2013-02-23 07:00:00,18196.0
2013-02-23 08:00:00,18497.0
2013-02-23 09:00:00,23985.0
2013-02-23 10:00:00,26011.0
2013-02-23 11:00:00,26154.0
2013-02-23 12:00:00,26539.0
2013-02-23 13:00:00,27673.0
2013-02-23 14:00:00,27413.0
2013-02-23 15:00:00,26438.0
2013-02-23 16:00:00,26683.0
2013-02-23 17:00:00,27061.0
2013-02-23 18:00:00,28406.0
2013-02-23 19:00:00,29119.0
2013-02-23 20:00:00,29010.0
2013-02-23 21:00:00,28077.0
2013-02-23 22:00:00,26826.0
2013-02-23 23:00:00,25045.0
2013-02-24 00:00:00,19236.0
2013-02-24 01:00:00,14640.0
2013-02-24 02:00:00,14120.0
2013-02-24 03:00:00,14120.0
2013-02-24 04:00:00,14556.0
2013-02-24 05:00:00,15095.0
2013-02-24 06:00:00,17431.0
2013-02-24 07:00:00,17573.0
2013-02-24 08:00:00,17842.0
2013-02-24 09:00:00,24060.0
2013-02-24 10:00:00,25389.0
2013-02-24 11:00:00,25985.0
2013-02-24 12:00:00,25927.0
2013-02-24 13:00:00,26868.0
2013-02-24 14:00:00,26884.0
2013-02-24 15:00:00,26599.0
2013-02-24 16:00:00,27379.0
2013-02-24 17:00:00,26859.0
2013-02-24 18:00:00,27422.0
2013-02-24 19:00:00,28768.0
2013-02-24 20:00:00,28204.0
2013-02-24 21:00:00,26624.0
2013-02-24 22:00:00,25473.0
2013-02-24 23:00:00,19909.0
2013-02-25 00:00:00,17228.0
2013-02-25 01:00:00,16043.0
2013-02-25 02:00:00,15430.0
2013-02-25 03:00:00,14649.0
2013-02-25 04:00:00,15044.0
2013-02-25 05:00:00,15245.0
2013-02-25 06:00:00,17809.0
2013-02-25 07:00:00,18482.0
2013-02-25 08:00:00,18532.0
2013-02-25 09:00:00,26018.0
2013-02-25 10:00:00,27119.0
2013-02-25 11:00:00,27507.0
2013-02-25 12:00:00,27296.0
2013-02-25 13:00:00,27657.0
2013-02-25 14:00:00,27447.0
2013-02-25 15:00:00,27044.0
2013-02-25 16:00:00,27758.0
2013-02-25 17:00:00,27615.0
2013-02-25 18:00:00,29707.0
2013-02-25 19:00:00,28927.0
2013-02-25 20:00:00,28137.0
2013-02-25 21:00:00,27640.0
2013-02-25 22:00:00,26112.0
2013-02-25 23:00:00,19986.0
2013-02-26 00:00:00,16649.0
2013-02-26 01:00:00,15472.0
2013-02-26 02:00:00,14875.0
2013-02-26 03:00:00,14708.0
2013-02-26 04:00:00,14968.0
2013-02-26 05:00:00,15422.0
2013-02-26 06:00:00,18312.0
2013-02-26 07:00:00,18700.0
2013-02-26 08:00:00,18767.0
2013-02-26 09:00:00,25095.0
2013-02-26 10:00:00,27446.0
2013-02-26 11:00:00,28573.0
2013-02-26 12:00:00,28229.0
2013-02-26 13:00:00,28792.0
2013-02-26 14:00:00,28279.0
2013-02-26 15:00:00,28112.0
2013-02-26 16:00:00,27884.0
2013-02-26 17:00:00,28003.0
2013-02-26 18:00:00,29095.0
2013-02-26 19:00:00,28179.0
2013-02-26 20:00:00,28339.0
2013-02-26 21:00:00,27724.0
2013-02-26 22:00:00,26438.0
2013-02-26 23:00:00,20758.0
2013-02-27 00:00:00,17078.0
2013-02-27 01:00:00,15456.0
2013-02-27 02:00:00,15270.0
2013-02-27 03:00:00,14657.0
2013-02-27 04:00:00,15295.0
2013-02-27 05:00:00,15237.0
2013-02-27 06:00:00,16405.0
2013-02-27 07:00:00,17019.0
2013-02-27 08:00:00,17253.0
2013-02-27 09:00:00,24665.0
2013-02-27 10:00:00,26599.0
2013-02-27 11:00:00,26665.0
2013-02-27 12:00:00,26497.0
2013-02-27 13:00:00,27700.0
2013-02-27 14:00:00,27086.0
2013-02-27 15:00:00,26566.0
2013-02-27 16:00:00,26498.0
2013-02-27 17:00:00,27355.0
2013-02-27 18:00:00,27658.0
2013-02-27 19:00:00,29833.0
2013-02-27 20:00:00,28212.0
2013-02-27 21:00:00,27497.0
2013-02-27 22:00:00,26211.0
2013-02-27 23:00:00,20305.0
2013-02-28 00:00:00,16700.0
2013-02-28 01:00:00,15867.0
2013-02-28 02:00:00,14558.0
2013-02-28 03:00:00,14373.0
2013-02-28 04:00:00,15279.0
2013-02-28 05:00:00,15095.0
2013-02-28 06:00:00,16809.0
2013-02-28 07:00:00,16432.0
2013-02-28 08:00:00,19775.0
2013-02-28 09:00:00,25876.0
2013-02-28 10:00:00,26691.0
2013-02-28 11:00:00,27363.0
2013-02-28 12:00:00,26927.0
2013-02-28 13:00:00,27615.0
2013-02-28 14:00:00,27523.0
2013-02-28 15:00:00,27253.0
2013-02-28 16:00:00,27313.0
2013-02-28 17:00:00,27019.0
2013-02-28 18:00:00,28094.0
2013-02-28 19:00:00,28775.0
2013-02-28 20:00:00,28178.0
2013-02-28 21:00:00,27245.0
2013-02-28 22:00:00,26220.0
2013-02-28 23:00:00,20607.0
2013-03-01 00:00:00,17229.0
2013-03-01 01:00:00,15422.0
2013-03-01 02:00:00,14902.0
2013-03-01 03:00:00,14665.0
2013-03-01 04:00:00,15179.0
2013-03-01 05:00:00,14935.0
2013-03-01 06:00:00,17372.0
2013-03-01 07:00:00,17741.0
2013-03-01 08:00:00,18699.0
2013-03-01 09:00:00,24767.0
2013-03-01 10:00:00,26296.0
2013-03-01 11:00:00,26481.0
2013-03-01 12:00:00,26497.0
2013-03-01 13:00:00,27582.0
2013-03-01 14:00:00,28767.0
2013-03-01 15:00:00,28103.0
2013-03-01 16:00:00,28280.0
2013-03-01 17:00:00,28750.0
2013-03-01 18:00:00,28624.0
2013-03-01 19:00:00,29438.0
2013-03-01 20:00:00,29364.0
2013-03-01 21:00:00,27498.0
2013-03-01 22:00:00,26556.0
2013-03-01 23:00:00,25750.0
2013-03-02 00:00:00,19792.0
2013-03-02 01:00:00,15549.0
2013-03-02 02:00:00,14758.0
2013-03-02 03:00:00,14279.0
2013-03-02 04:00:00,14801.0
2013-03-02 05:00:00,15564.0
2013-03-02 06:00:00,17312.0
2013-03-02 07:00:00,17885.0
2013-03-02 08:00:00,17759.0
2013-03-02 09:00:00,23977.0
2013-03-02 10:00:00,26346.0
2013-03-02 11:00:00,27070.0
2013-03-02 12:00:00,27304.0
2013-03-02 13:00:00,27666.0
2013-03-02 14:00:00,27112.0
2013-03-02 15:00:00,26566.0
2013-03-02 16:00:00,26977.0
2013-03-02 17:00:00,28195.0
2013-03-02 18:00:00,28389.0
2013-03-02 19:00:00,30103.0
2013-03-02 20:00:00,29918.0
2013-03-02 21:00:00,28397.0
2013-03-02 22:00:00,27372.0
2013-03-02 23:00:00,26942.0
2013-03-03 00:00:00,20875.0
2013-03-03 01:00:00,16279.0
2013-03-03 02:00:00,15321.0
2013-03-03 03:00:00,14993.0
2013-03-03 04:00:00,15573.0
2013-03-03 05:00:00,15548.0
2013-03-03 06:00:00,17892.0
2013-03-03 07:00:00,18783.0
2013-03-03 08:00:00,18918.0
2013-03-03 09:00:00,25599.0
2013-03-03 10:00:00,26354.0
2013-03-03 11:00:00,26742.0
2013-03-03 12:00:00,26550.0
2013-03-03 13:00:00,27288.0
2013-03-03 14:00:00,26775.0
2013-03-03 15:00:00,26943.0
2013-03-03 16:00:00,27204.0
2013-03-03 17:00:00,27515.0
2013-03-03 18:00:00,27926.0
2013-03-03 19:00:00,28447.0
2013-03-03 20:00:00,28859.0
2013-03-03 21:00:00,28118.0
2013-03-03 22:00:00,27515.0
2013-03-03 23:00:00,21372.0
2013-03-04 00:00:00,18001.0
2013-03-04 01:00:00,16195.0
2013-03-04 02:00:00,15843.0
2013-03-04 03:00:00,15405.0
2013-03-04 04:00:00,16389.0
2013-03-04 05:00:00,16220.0
2013-03-04 06:00:00,18640.0
2013-03-04 07:00:00,19379.0
2013-03-04 08:00:00,20120.0
2013-03-04 09:00:00,26994.0
2013-03-04 10:00:00,27708.0
2013-03-04 11:00:00,28951.0
2013-03-04 12:00:00,28381.0
2013-03-04 13:00:00,29069.0
2013-03-04 14:00:00,28724.0
2013-03-04 15:00:00,28531.0
2013-03-04 16:00:00,28237.0
2013-03-04 17:00:00,29162.0
2013-03-04 18:00:00,30582.0
2013-03-04 19:00:00,29658.0
2013-03-04 20:00:00,29700.0
2013-03-04 21:00:00,28699.0
2013-03-04 22:00:00,27431.0
2013-03-04 23:00:00,22296.0
2013-03-05 00:00:00,18565.0
2013-03-05 01:00:00,15381.0
2013-03-05 02:00:00,15649.0
2013-03-05 03:00:00,14481.0
2013-03-05 04:00:00,15925.0
2013-03-05 05:00:00,16372.0
2013-03-05 06:00:00,19279.0
2013-03-05 07:00:00,20179.0
2013-03-05 08:00:00,20699.0
2013-03-05 09:00:00,27481.0
2013-03-05 10:00:00,28305.0
2013-03-05 11:00:00,28566.0
2013-03-05 12:00:00,28625.0
2013-03-05 13:00:00,27768.0
2013-03-05 14:00:00,27364.0
2013-03-05 15:00:00,27355.0
2013-03-05 16:00:00,27649.0
2013-03-05 17:00:00,27909.0
2013-03-05 18:00:00,28112.0
2013-03-05 19:00:00,29775.0
2013-03-05 20:00:00,29220.0
2013-03-05 21:00:00,28683.0
2013-03-05 22:00:00,28876.0
2013-03-05 23:00:00,22364.0
2013-03-06 00:00:00,18262.0
2013-03-06 01:00:00,17625.0
2013-03-06 02:00:00,15691.0
2013-03-06 03:00:00,15497.0
2013-03-06 04:00:00,15497.0
2013-03-06 05:00:00,16170.0
2013-03-06 06:00:00,18220.0
2013-03-06 07:00:00,19086.0
2013-03-06 08:00:00,19961.0
2013-03-06 09:00:00,27372.0
2013-03-06 10:00:00,28364.0
2013-03-06 11:00:00,29120.0
2013-03-06 12:00:00,28330.0
2013-03-06 13:00:00,28003.0
2013-03-06 14:00:00,27514.0
2013-03-06 15:00:00,27715.0
2013-03-06 16:00:00,27859.0
2013-03-06 17:00:00,28413.0
2013-03-06 18:00:00,28524.0
2013-03-06 19:00:00,29204.0
2013-03-06 20:00:00,29002.0
2013-03-06 21:00:00,28642.0
2013-03-06 22:00:00,27641.0
2013-03-06 23:00:00,22498.0
2013-03-07 00:00:00,18565.0
2013-03-07 01:00:00,17263.0
2013-03-07 02:00:00,17028.0
2013-03-07 03:00:00,16329.0
2013-03-07 04:00:00,16927.0
2013-03-07 05:00:00,16691.0
2013-03-07 06:00:00,19053.0
2013-03-07 07:00:00,19623.0
2013-03-07 08:00:00,20472.0
2013-03-07 09:00:00,27062.0
2013-03-07 10:00:00,28539.0
2013-03-07 11:00:00,28750.0
2013-03-07 12:00:00,28498.0
2013-03-07 13:00:00,27035.0
2013-03-07 14:00:00,27531.0
2013-03-07 15:00:00,26935.0
2013-03-07 16:00:00,27195.0
2013-03-07 17:00:00,27859.0
2013-03-07 18:00:00,28220.0
2013-03-07 19:00:00,28540.0
2013-03-07 20:00:00,29262.0
2013-03-07 21:00:00,27951.0
2013-03-07 22:00:00,27086.0
2013-03-07 23:00:00,20978.0
2013-03-08 00:00:00,17700.0
2013-03-08 01:00:00,16170.0
2013-03-08 02:00:00,15918.0
2013-03-08 03:00:00,15188.0
2013-03-08 04:00:00,15287.0
2013-03-08 05:00:00,15851.0
2013-03-08 06:00:00,18178.0
2013-03-08 07:00:00,19238.0
2013-03-08 08:00:00,19766.0
2013-03-08 09:00:00,26220.0
2013-03-08 10:00:00,27700.0
2013-03-08 11:00:00,27002.0
2013-03-08 12:00:00,28070.0
2013-03-08 13:00:00,28271.0
2013-03-08 14:00:00,28037.0
2013-03-08 15:00:00,28279.0
2013-03-08 16:00:00,28044.0
2013-03-08 17:00:00,29086.0
2013-03-08 18:00:00,29153.0
2013-03-08 19:00:00,29111.0
2013-03-08 20:00:00,28480.0
2013-03-08 21:00:00,27641.0
2013-03-08 22:00:00,26667.0
2013-03-08 23:00:00,25473.0
2013-03-09 00:00:00,19893.0
2013-03-09 01:00:00,15582.0
2013-03-09 02:00:00,14615.0
2013-03-09 03:00:00,13918.0
2013-03-09 04:00:00,14556.0
2013-03-09 05:00:00,15003.0
2013-03-09 06:00:00,16514.0
2013-03-09 07:00:00,18549.0
2013-03-09 08:00:00,19070.0
2013-03-09 09:00:00,25548.0
2013-03-09 10:00:00,27280.0
2013-03-09 11:00:00,26675.0
2013-03-09 12:00:00,26952.0
2013-03-09 13:00:00,27018.0
2013-03-09 14:00:00,26792.0
2013-03-09 15:00:00,25900.0
2013-03-09 16:00:00,26826.0
2013-03-09 17:00:00,27793.0
2013-03-09 18:00:00,28548.0
2013-03-09 19:00:00,28791.0
2013-03-09 20:00:00,28430.0
2013-03-09 21:00:00,27447.0
2013-03-09 22:00:00,26943.0
2013-03-09 23:00:00,26002.0
2013-03-10 00:00:00,21145.0
2013-03-10 01:00:00,16818.0
2013-03-10 02:00:00,15750.0
2013-03-10 03:00:00,15220.0
2013-03-10 04:00:00,15673.0
2013-03-10 05:00:00,15541.0
2013-03-10 06:00:00,17220.0
2013-03-10 07:00:00,18111.0
2013-03-10 08:00:00,17910.0
2013-03-10 09:00:00,24556.0
2013-03-10 10:00:00,25910.0
2013-03-10 11:00:00,25977.0
2013-03-10 12:00:00,26893.0
2013-03-10 13:00:00,26978.0
2013-03-10 14:00:00,26749.0
2013-03-10 15:00:00,25556.0
2013-03-10 16:00:00,25623.0
2013-03-10 17:00:00,25885.0
2013-03-10 18:00:00,27372.0
2013-03-10 19:00:00,27808.0
2013-03-10 20:00:00,28052.0
2013-03-10 21:00:00,26691.0
2013-03-10 22:00:00,26086.0
2013-03-10 23:00:00,20885.0
2013-03-11 00:00:00,17314.0
2013-03-11 01:00:00,15775.0
2013-03-11 02:00:00,16061.0
2013-03-11 03:00:00,15077.0
2013-03-11 04:00:00,15675.0
2013-03-11 05:00:00,15506.0
2013-03-11 06:00:00,17564.0
2013-03-11 07:00:00,18607.0
2013-03-11 08:00:00,19044.0
2013-03-11 09:00:00,25800.0
2013-03-11 10:00:00,27087.0
2013-03-11 11:00:00,28052.0
2013-03-11 12:00:00,28212.0
2013-03-11 13:00:00,27867.0
2013-03-11 14:00:00,27616.0
2013-03-11 15:00:00,26330.0
2013-03-11 16:00:00,27295.0
2013-03-11 17:00:00,28010.0
2013-03-11 18:00:00,28540.0
2013-03-11 19:00:00,27675.0
2013-03-11 20:00:00,28003.0
2013-03-11 21:00:00,26430.0
2013-03-11 22:00:00,26212.0
2013-03-11 23:00:00,20389.0
2013-03-12 00:00:00,17539.0
2013-03-12 01:00:00,16171.0
2013-03-12 02:00:00,15211.0
2013-03-12 03:00:00,14430.0
2013-03-12 04:00:00,15137.0
2013-03-12 05:00:00,15152.0
2013-03-12 06:00:00,17438.0
2013-03-12 07:00:00,18095.0
2013-03-12 08:00:00,19103.0
2013-03-12 09:00:00,26783.0
2013-03-12 10:00:00,28455.0
2013-03-12 11:00:00,28834.0
2013-03-12 12:00:00,28094.0
2013-03-12 13:00:00,28263.0
2013-03-12 14:00:00,27649.0
2013-03-12 15:00:00,26759.0
2013-03-12 16:00:00,26893.0
2013-03-12 17:00:00,27565.0
2013-03-12 18:00:00,27549.0
2013-03-12 19:00:00,27069.0
2013-03-12 20:00:00,27287.0
2013-03-12 21:00:00,26541.0
2013-03-12 22:00:00,24775.0
2013-03-12 23:00:00,19237.0
2013-03-13 00:00:00,15893.0
2013-03-13 01:00:00,15079.0
2013-03-13 02:00:00,14557.0
2013-03-13 03:00:00,13783.0
2013-03-13 04:00:00,14229.0
2013-03-13 05:00:00,14229.0
2013-03-13 06:00:00,16397.0
2013-03-13 07:00:00,17330.0
2013-03-13 08:00:00,17196.0
2013-03-13 09:00:00,25800.0
2013-03-13 10:00:00,26120.0
2013-03-13 11:00:00,26439.0
2013-03-13 12:00:00,26498.0
2013-03-13 13:00:00,25934.0
2013-03-13 14:00:00,25986.0
2013-03-13 15:00:00,26591.0
2013-03-13 16:00:00,26379.0
2013-03-13 17:00:00,27069.0
2013-03-13 18:00:00,27078.0
2013-03-13 19:00:00,27683.0
2013-03-13 20:00:00,27230.0
2013-03-13 21:00:00,26591.0
2013-03-13 22:00:00,25296.0
2013-03-13 23:00:00,19430.0
2013-03-14 00:00:00,15994.0
2013-03-14 01:00:00,14464.0
2013-03-14 02:00:00,13978.0
2013-03-14 03:00:00,13615.0
2013-03-14 04:00:00,14095.0
2013-03-14 05:00:00,14119.0
2013-03-14 06:00:00,15952.0
2013-03-14 07:00:00,17052.0
2013-03-14 08:00:00,17145.0
2013-03-14 09:00:00,25675.0
2013-03-14 10:00:00,26247.0
2013-03-14 11:00:00,25968.0
2013-03-14 12:00:00,26338.0
2013-03-14 13:00:00,26809.0
2013-03-14 14:00:00,27212.0
2013-03-14 15:00:00,26557.0
2013-03-14 16:00:00,26607.0
2013-03-14 17:00:00,28767.0
2013-03-14 18:00:00,28203.0
2013-03-14 19:00:00,27860.0
2013-03-14 20:00:00,27833.0
2013-03-14 21:00:00,26742.0
2013-03-14 22:00:00,25515.0
2013-03-14 23:00:00,20625.0
2013-03-15 00:00:00,17103.0
2013-03-15 01:00:00,15573.0
2013-03-15 02:00:00,15230.0
2013-03-15 03:00:00,14103.0
2013-03-15 04:00:00,14623.0
2013-03-15 05:00:00,14817.0
2013-03-15 06:00:00,16860.0
2013-03-15 07:00:00,17271.0
2013-03-15 08:00:00,17540.0
2013-03-15 09:00:00,25691.0
2013-03-15 10:00:00,26565.0
2013-03-15 11:00:00,26867.0
2013-03-15 12:00:00,26708.0
2013-03-15 13:00:00,27969.0
2013-03-15 14:00:00,28346.0
2013-03-15 15:00:00,28388.0
2013-03-15 16:00:00,28045.0
2013-03-15 17:00:00,28675.0
2013-03-15 18:00:00,28213.0
2013-03-15 19:00:00,28170.0
2013-03-15 20:00:00,28456.0
2013-03-15 21:00:00,27128.0
2013-03-15 22:00:00,26027.0
2013-03-15 23:00:00,24818.0
2013-03-16 00:00:00,18784.0
2013-03-16 01:00:00,14842.0
2013-03-16 02:00:00,14085.0
2013-03-16 03:00:00,13960.0
2013-03-16 04:00:00,14380.0
2013-03-16 05:00:00,14716.0
2013-03-16 06:00:00,16279.0
2013-03-16 07:00:00,17338.0
2013-03-16 08:00:00,17876.0
2013-03-16 09:00:00,23607.0
2013-03-16 10:00:00,25506.0
2013-03-16 11:00:00,26364.0
2013-03-16 12:00:00,26581.0
2013-03-16 13:00:00,26036.0
2013-03-16 14:00:00,26086.0
2013-03-16 15:00:00,26406.0
2013-03-16 16:00:00,26725.0
2013-03-16 17:00:00,27145.0
2013-03-16 18:00:00,27658.0
2013-03-16 19:00:00,28271.0
2013-03-16 20:00:00,28582.0
2013-03-16 21:00:00,28213.0
2013-03-16 22:00:00,26859.0
2013-03-16 23:00:00,25607.0
2013-03-17 00:00:00,19902.0
2013-03-17 01:00:00,15473.0
2013-03-17 02:00:00,14372.0
2013-03-17 03:00:00,14121.0
2013-03-17 04:00:00,14700.0
2013-03-17 05:00:00,15120.0
2013-03-17 06:00:00,17666.0
2013-03-17 07:00:00,18355.0
2013-03-17 08:00:00,19389.0
2013-03-17 09:00:00,24514.0
2013-03-17 10:00:00,25792.0
2013-03-17 11:00:00,24917.0
2013-03-17 12:00:00,25128.0
2013-03-17 13:00:00,25380.0
2013-03-17 14:00:00,26103.0
2013-03-17 15:00:00,25851.0
2013-03-17 16:00:00,26019.0
2013-03-17 17:00:00,26170.0
2013-03-17 18:00:00,26624.0
2013-03-17 19:00:00,27875.0
2013-03-17 20:00:00,27464.0
2013-03-17 21:00:00,25682.0
2013-03-17 22:00:00,25835.0
2013-03-17 23:00:00,19507.0
2013-03-18 00:00:00,16104.0
2013-03-18 01:00:00,14725.0
2013-03-18 02:00:00,14280.0
2013-03-18 03:00:00,13497.0
2013-03-18 04:00:00,14548.0
2013-03-18 05:00:00,14700.0
2013-03-18 06:00:00,17053.0
2013-03-18 07:00:00,17876.0
2013-03-18 08:00:00,19094.0
2013-03-18 09:00:00,26667.0
2013-03-18 10:00:00,27482.0
2013-03-18 11:00:00,27749.0
2013-03-18 12:00:00,26859.0
2013-03-18 13:00:00,26944.0
2013-03-18 14:00:00,27086.0
2013-03-18 15:00:00,26717.0
2013-03-18 16:00:00,26683.0
2013-03-18 17:00:00,27784.0
2013-03-18 18:00:00,28119.0
2013-03-18 19:00:00,28405.0
2013-03-18 20:00:00,28094.0
2013-03-18 21:00:00,27784.0
2013-03-18 22:00:00,26531.0
2013-03-18 23:00:00,20010.0
2013-03-19 00:00:00,16111.0
2013-03-19 01:00:00,14558.0
2013-03-19 02:00:00,14036.0
2013-03-19 03:00:00,13742.0
2013-03-19 04:00:00,14069.0
2013-03-19 05:00:00,14489.0
2013-03-19 06:00:00,16791.0
2013-03-19 07:00:00,17548.0
2013-03-19 08:00:00,18120.0
2013-03-19 09:00:00,24582.0
2013-03-19 10:00:00,26414.0
2013-03-19 11:00:00,27833.0
2013-03-19 12:00:00,27270.0
2013-03-19 13:00:00,27010.0
2013-03-19 14:00:00,27531.0
2013-03-19 15:00:00,27532.0
2013-03-19 16:00:00,28414.0
2013-03-19 17:00:00,28347.0
2013-03-19 18:00:00,28523.0
2013-03-19 19:00:00,28464.0
2013-03-19 20:00:00,28070.0
2013-03-19 21:00:00,27136.0
2013-03-19 22:00:00,26077.0
2013-03-19 23:00:00,19397.0
2013-03-20 00:00:00,15986.0
2013-03-20 01:00:00,14371.0
2013-03-20 02:00:00,14179.0
2013-03-20 03:00:00,13935.0
2013-03-20 04:00:00,14515.0
2013-03-20 05:00:00,14633.0
2013-03-20 06:00:00,16389.0
2013-03-20 07:00:00,16876.0
2013-03-20 08:00:00,17607.0
2013-03-20 09:00:00,25960.0
2013-03-20 10:00:00,26204.0
2013-03-20 11:00:00,27321.0
2013-03-20 12:00:00,25522.0
2013-03-20 13:00:00,26019.0
2013-03-20 14:00:00,26598.0
2013-03-20 15:00:00,25246.0
2013-03-20 16:00:00,27792.0
2013-03-20 17:00:00,28406.0
2013-03-20 18:00:00,28473.0
2013-03-20 19:00:00,29524.0
2013-03-20 20:00:00,29271.0
2013-03-20 21:00:00,28557.0
2013-03-20 22:00:00,27448.0
2013-03-20 23:00:00,21212.0
2013-03-21 00:00:00,17146.0
2013-03-21 01:00:00,15212.0
2013-03-21 02:00:00,14893.0
2013-03-21 03:00:00,14649.0
2013-03-21 04:00:00,14993.0
2013-03-21 05:00:00,15439.0
2013-03-21 06:00:00,17397.0
2013-03-21 07:00:00,18187.0
2013-03-21 08:00:00,19052.0
2013-03-21 09:00:00,26725.0
2013-03-21 10:00:00,28137.0
2013-03-21 11:00:00,27380.0
2013-03-21 12:00:00,27221.0
2013-03-21 13:00:00,28178.0
2013-03-21 14:00:00,28986.0
2013-03-21 15:00:00,28162.0
2013-03-21 16:00:00,28607.0
2013-03-21 17:00:00,28910.0
2013-03-21 18:00:00,28195.0
2013-03-21 19:00:00,29220.0
2013-03-21 20:00:00,29027.0
2013-03-21 21:00:00,28497.0
2013-03-21 22:00:00,26724.0
2013-03-21 23:00:00,20750.0
2013-03-22 00:00:00,17077.0
2013-03-22 01:00:00,15338.0
2013-03-22 02:00:00,14969.0
2013-03-22 03:00:00,14296.0
2013-03-22 04:00:00,15145.0
2013-03-22 05:00:00,15212.0
2013-03-22 06:00:00,17633.0
2013-03-22 07:00:00,19296.0
2013-03-22 08:00:00,19926.0
2013-03-22 09:00:00,27103.0
2013-03-22 10:00:00,27044.0
2013-03-22 11:00:00,26951.0
2013-03-22 12:00:00,26531.0
2013-03-22 13:00:00,27834.0
2013-03-22 14:00:00,27606.0
2013-03-22 15:00:00,27061.0
2013-03-22 16:00:00,26818.0
2013-03-22 17:00:00,28035.0
2013-03-22 18:00:00,28337.0
2013-03-22 19:00:00,28926.0
2013-03-22 20:00:00,29279.0
2013-03-22 21:00:00,28221.0
2013-03-22 22:00:00,27229.0
2013-03-22 23:00:00,26128.0
2013-03-23 00:00:00,20329.0
2013-03-23 01:00:00,15438.0
2013-03-23 02:00:00,14044.0
2013-03-23 03:00:00,13841.0
2013-03-23 04:00:00,14531.0
2013-03-23 05:00:00,14658.0
2013-03-23 06:00:00,16364.0
2013-03-23 07:00:00,16692.0
2013-03-23 08:00:00,17573.0
2013-03-23 09:00:00,24665.0
2013-03-23 10:00:00,25658.0
2013-03-23 11:00:00,26558.0
2013-03-23 12:00:00,26516.0
2013-03-23 13:00:00,27709.0
2013-03-23 14:00:00,27304.0
2013-03-23 15:00:00,26877.0
2013-03-23 16:00:00,27305.0
2013-03-23 17:00:00,27448.0
2013-03-23 18:00:00,28129.0
2013-03-23 19:00:00,29152.0
2013-03-23 20:00:00,29002.0
2013-03-23 21:00:00,27574.0
2013-03-23 22:00:00,27178.0
2013-03-23 23:00:00,25211.0
2013-03-24 00:00:00,20330.0
2013-03-24 01:00:00,15069.0
2013-03-24 02:00:00,14178.0
2013-03-24 03:00:00,14077.0
2013-03-24 04:00:00,15304.0
2013-03-24 05:00:00,14733.0
2013-03-24 06:00:00,17280.0
2013-03-24 07:00:00,17447.0
2013-03-24 08:00:00,18431.0
2013-03-24 09:00:00,24524.0
2013-03-24 10:00:00,25262.0
2013-03-24 11:00:00,25867.0
2013-03-24 12:00:00,26112.0
2013-03-24 13:00:00,26237.0
2013-03-24 14:00:00,25868.0
2013-03-24 15:00:00,25455.0
2013-03-24 16:00:00,26397.0
2013-03-24 17:00:00,26699.0
2013-03-24 18:00:00,27616.0
2013-03-24 19:00:00,28162.0
2013-03-24 20:00:00,28818.0
2013-03-24 21:00:00,27556.0
2013-03-24 22:00:00,26364.0
2013-03-24 23:00:00,20456.0
2013-03-25 00:00:00,16850.0
2013-03-25 01:00:00,15229.0
2013-03-25 02:00:00,15229.0
2013-03-25 03:00:00,14464.0
2013-03-25 04:00:00,15262.0
2013-03-25 05:00:00,15422.0
2013-03-25 06:00:00,17152.0
2013-03-25 07:00:00,18607.0
2013-03-25 08:00:00,19363.0
2013-03-25 09:00:00,26615.0
2013-03-25 10:00:00,28238.0
2013-03-25 11:00:00,27851.0
2013-03-25 12:00:00,28036.0
2013-03-25 13:00:00,29111.0
2013-03-25 14:00:00,28649.0
2013-03-25 15:00:00,27843.0
2013-03-25 16:00:00,28835.0
2013-03-25 17:00:00,29759.0
2013-03-25 18:00:00,28842.0
2013-03-25 19:00:00,29245.0
2013-03-25 20:00:00,28725.0
2013-03-25 21:00:00,27708.0
2013-03-25 22:00:00,26320.0
2013-03-25 23:00:00,20136.0
2013-03-26 00:00:00,16624.0
2013-03-26 01:00:00,14885.0
2013-03-26 02:00:00,14934.0
2013-03-26 03:00:00,14523.0
2013-03-26 04:00:00,15481.0
2013-03-26 05:00:00,15498.0
2013-03-26 06:00:00,17675.0
2013-03-26 07:00:00,18531.0
2013-03-26 08:00:00,20036.0
2013-03-26 09:00:00,27642.0
2013-03-26 10:00:00,29061.0
2013-03-26 11:00:00,28909.0
2013-03-26 12:00:00,28389.0
2013-03-26 13:00:00,28397.0
2013-03-26 14:00:00,27658.0
2013-03-26 15:00:00,27640.0
2013-03-26 16:00:00,27834.0
2013-03-26 17:00:00,28682.0
2013-03-26 18:00:00,29077.0
2013-03-26 19:00:00,29423.0
2013-03-26 20:00:00,29396.0
2013-03-26 21:00:00,28330.0
2013-03-26 22:00:00,27406.0
2013-03-26 23:00:00,20455.0
2013-03-27 00:00:00,16616.0
2013-03-27 01:00:00,14893.0
2013-03-27 02:00:00,14767.0
2013-03-27 03:00:00,14380.0
2013-03-27 04:00:00,15162.0
2013-03-27 05:00:00,15498.0
2013-03-27 06:00:00,17716.0
2013-03-27 07:00:00,19019.0
2013-03-27 08:00:00,19498.0
2013-03-27 09:00:00,27086.0
2013-03-27 10:00:00,28658.0
2013-03-27 11:00:00,28482.0
2013-03-27 12:00:00,28111.0
2013-03-27 13:00:00,27800.0
2013-03-27 14:00:00,27791.0
2013-03-27 15:00:00,27893.0
2013-03-27 16:00:00,27976.0
2013-03-27 17:00:00,28715.0
2013-03-27 18:00:00,28667.0
2013-03-27 19:00:00,29313.0
2013-03-27 20:00:00,28868.0
2013-03-27 21:00:00,27935.0
2013-03-27 22:00:00,27077.0
2013-03-27 23:00:00,20775.0
2013-03-28 00:00:00,17194.0
2013-03-28 01:00:00,15927.0
2013-03-28 02:00:00,15683.0
2013-03-28 03:00:00,14692.0
2013-03-28 04:00:00,15346.0
2013-03-28 05:00:00,15717.0
2013-03-28 06:00:00,17868.0
2013-03-28 07:00:00,18305.0
2013-03-28 08:00:00,19196.0
2013-03-28 09:00:00,26489.0
2013-03-28 10:00:00,27573.0
2013-03-28 11:00:00,27405.0
2013-03-28 12:00:00,27431.0
2013-03-28 13:00:00,27481.0
2013-03-28 14:00:00,27472.0
2013-03-28 15:00:00,27204.0
2013-03-28 16:00:00,27463.0
2013-03-28 17:00:00,28103.0
2013-03-28 18:00:00,28625.0
2013-03-28 19:00:00,29818.0
2013-03-28 20:00:00,29423.0
2013-03-28 21:00:00,28263.0
2013-03-28 22:00:00,27471.0
2013-03-28 23:00:00,26464.0
2013-03-29 00:00:00,21178.0
2013-03-29 01:00:00,15977.0
2013-03-29 02:00:00,15371.0
2013-03-29 03:00:00,14909.0
2013-03-29 04:00:00,15321.0
2013-03-29 05:00:00,16068.0
2013-03-29 06:00:00,18994.0
2013-03-29 07:00:00,20010.0
2013-03-29 08:00:00,22061.0
2013-03-29 09:00:00,27977.0
2013-03-29 10:00:00,28305.0
2013-03-29 11:00:00,27321.0
2013-03-29 12:00:00,27196.0
2013-03-29 13:00:00,27799.0
2013-03-29 14:00:00,27724.0
2013-03-29 15:00:00,26564.0
2013-03-29 16:00:00,27137.0
2013-03-29 17:00:00,28077.0
2013-03-29 18:00:00,27733.0
2013-03-29 19:00:00,28288.0
2013-03-29 20:00:00,29204.0
2013-03-29 21:00:00,28355.0
2013-03-29 22:00:00,27279.0
2013-03-29 23:00:00,26346.0
2013-03-30 00:00:00,21078.0
2013-03-30 01:00:00,16994.0
2013-03-30 02:00:00,16682.0
2013-03-30 03:00:00,15381.0
2013-03-30 04:00:00,15927.0
2013-03-30 05:00:00,16279.0
2013-03-30 06:00:00,19262.0
2013-03-30 07:00:00,20918.0
2013-03-30 08:00:00,22885.0
2013-03-30 09:00:00,27405.0
2013-03-30 10:00:00,27003.0
2013-03-30 11:00:00,27052.0
2013-03-30 12:00:00,27237.0
2013-03-30 13:00:00,27851.0
2013-03-30 14:00:00,27162.0
2013-03-30 15:00:00,26902.0
2013-03-30 16:00:00,26380.0
2013-03-30 17:00:00,27590.0
2013-03-30 18:00:00,28262.0
2013-03-30 19:00:00,29102.0
2013-03-30 20:00:00,28943.0
2013-03-30 21:00:00,28792.0
2013-03-30 22:00:00,28035.0
2013-03-30 23:00:00,26313.0
2013-03-31 00:00:00,20927.0
2013-03-31 01:00:00,0.0
2013-03-31 02:00:00,16851.0
2013-03-31 03:00:00,16137.0
2013-03-31 04:00:00,16600.0
2013-03-31 05:00:00,16212.0
2013-03-31 06:00:00,18515.0
2013-03-31 07:00:00,19195.0
2013-03-31 08:00:00,19027.0
2013-03-31 09:00:00,24313.0
2013-03-31 10:00:00,25488.0
2013-03-31 11:00:00,26094.0
2013-03-31 12:00:00,25961.0
2013-03-31 13:00:00,26296.0
2013-03-31 14:00:00,26540.0
2013-03-31 15:00:00,25733.0
2013-03-31 16:00:00,26111.0
2013-03-31 17:00:00,26364.0
2013-03-31 18:00:00,26641.0
2013-03-31 19:00:00,21381.0
2013-03-31 20:00:00,18144.0
2013-03-31 21:00:00,18330.0
2013-03-31 22:00:00,17884.0
2013-03-31 23:00:00,16649.0
2013-04-01 00:00:00,16112.0
2013-04-01 01:00:00,14608.0
2013-04-01 02:00:00,14901.0
2013-04-01 03:00:00,14153.0
2013-04-01 04:00:00,14952.0
2013-04-01 05:00:00,15305.0
2013-04-01 06:00:00,17607.0
2013-04-01 07:00:00,19648.0
2013-04-01 08:00:00,19573.0
2013-04-01 09:00:00,26027.0
2013-04-01 10:00:00,27270.0
2013-04-01 11:00:00,27170.0
2013-04-01 12:00:00,27271.0
2013-04-01 13:00:00,26960.0
2013-04-01 14:00:00,27305.0
2013-04-01 15:00:00,27296.0
2013-04-01 16:00:00,28196.0
2013-04-01 17:00:00,28565.0
2013-04-01 18:00:00,28103.0
2013-04-01 19:00:00,28203.0
2013-04-01 20:00:00,29523.0
2013-04-01 21:00:00,28397.0
2013-04-01 22:00:00,27465.0
2013-04-01 23:00:00,21062.0
2013-04-02 00:00:00,16195.0
2013-04-02 01:00:00,14943.0
2013-04-02 02:00:00,15179.0
2013-04-02 03:00:00,14246.0
2013-04-02 04:00:00,15304.0
2013-04-02 05:00:00,15195.0
2013-04-02 06:00:00,18245.0
2013-04-02 07:00:00,19876.0
2013-04-02 08:00:00,20304.0
2013-04-02 09:00:00,27137.0
2013-04-02 10:00:00,28262.0
2013-04-02 11:00:00,27153.0
2013-04-02 12:00:00,27951.0
2013-04-02 13:00:00,27616.0
2013-04-02 14:00:00,27885.0
2013-04-02 15:00:00,27321.0
2013-04-02 16:00:00,27456.0
2013-04-02 17:00:00,27732.0
2013-04-02 18:00:00,27927.0
2013-04-02 19:00:00,27716.0
2013-04-02 20:00:00,28120.0
2013-04-02 21:00:00,28346.0
2013-04-02 22:00:00,27817.0
2013-04-02 23:00:00,22144.0
2013-04-03 00:00:00,17523.0
2013-04-03 01:00:00,15422.0
2013-04-03 02:00:00,15111.0
2013-04-03 03:00:00,14691.0
2013-04-03 04:00:00,15186.0
2013-04-03 05:00:00,15271.0
2013-04-03 06:00:00,18077.0
2013-04-03 07:00:00,18204.0
2013-04-03 08:00:00,19162.0
2013-04-03 09:00:00,26623.0
2013-04-03 10:00:00,27952.0
2013-04-03 11:00:00,27574.0
2013-04-03 12:00:00,27254.0
2013-04-03 13:00:00,27237.0
2013-04-03 14:00:00,26918.0
2013-04-03 15:00:00,26649.0
2013-04-03 16:00:00,27247.0
2013-04-03 17:00:00,28145.0
2013-04-03 18:00:00,27682.0
2013-04-03 19:00:00,27338.0
2013-04-03 20:00:00,28817.0
2013-04-03 21:00:00,28961.0
2013-04-03 22:00:00,28195.0
2013-04-03 23:00:00,21995.0
2013-04-04 00:00:00,17305.0
2013-04-04 01:00:00,15556.0
2013-04-04 02:00:00,15052.0
2013-04-04 03:00:00,14438.0
2013-04-04 04:00:00,15490.0
2013-04-04 05:00:00,15186.0
2013-04-04 06:00:00,17162.0
2013-04-04 07:00:00,18799.0
2013-04-04 08:00:00,19471.0
2013-04-04 09:00:00,26875.0
2013-04-04 10:00:00,28212.0
2013-04-04 11:00:00,27523.0
2013-04-04 12:00:00,27381.0
2013-04-04 13:00:00,27598.0
2013-04-04 14:00:00,27876.0
2013-04-04 15:00:00,26692.0
2013-04-04 16:00:00,27312.0
2013-04-04 17:00:00,28236.0
2013-04-04 18:00:00,28085.0
2013-04-04 19:00:00,27389.0
2013-04-04 20:00:00,27338.0
2013-04-04 21:00:00,28362.0
2013-04-04 22:00:00,27616.0
2013-04-04 23:00:00,20851.0
2013-04-05 00:00:00,16809.0
2013-04-05 01:00:00,14507.0
2013-04-05 02:00:00,13952.0
2013-04-05 03:00:00,13405.0
2013-04-05 04:00:00,14331.0
2013-04-05 05:00:00,14574.0
2013-04-05 06:00:00,16792.0
2013-04-05 07:00:00,18414.0
2013-04-05 08:00:00,18204.0
2013-04-05 09:00:00,25110.0
2013-04-05 10:00:00,25952.0
2013-04-05 11:00:00,26614.0
2013-04-05 12:00:00,25666.0
2013-04-05 13:00:00,26465.0
2013-04-05 14:00:00,26573.0
2013-04-05 15:00:00,26381.0
2013-04-05 16:00:00,27270.0
2013-04-05 17:00:00,27448.0
2013-04-05 18:00:00,27322.0
2013-04-05 19:00:00,26515.0
2013-04-05 20:00:00,27229.0
2013-04-05 21:00:00,27455.0
2013-04-05 22:00:00,25919.0
2013-04-05 23:00:00,24902.0
2013-04-06 00:00:00,19825.0
2013-04-06 01:00:00,15456.0
2013-04-06 02:00:00,14447.0
2013-04-06 03:00:00,14187.0
2013-04-06 04:00:00,14657.0
2013-04-06 05:00:00,14691.0
2013-04-06 06:00:00,16547.0
2013-04-06 07:00:00,19674.0
2013-04-06 08:00:00,19884.0
2013-04-06 09:00:00,24296.0
2013-04-06 10:00:00,24230.0
2013-04-06 11:00:00,23330.0
2013-04-06 12:00:00,24414.0
2013-04-06 13:00:00,25548.0
2013-04-06 14:00:00,25834.0
2013-04-06 15:00:00,25423.0
2013-04-06 16:00:00,26078.0
2013-04-06 17:00:00,26825.0
2013-04-06 18:00:00,27060.0
2013-04-06 19:00:00,27296.0
2013-04-06 20:00:00,28036.0
2013-04-06 21:00:00,28102.0
2013-04-06 22:00:00,26977.0
2013-04-06 23:00:00,26136.0
2013-04-07 00:00:00,20398.0
2013-04-07 01:00:00,15826.0
2013-04-07 02:00:00,15002.0
2013-04-07 03:00:00,14674.0
2013-04-07 04:00:00,15220.0
2013-04-07 05:00:00,15640.0
2013-04-07 06:00:00,17337.0
2013-04-07 07:00:00,17860.0
2013-04-07 08:00:00,17447.0
2013-04-07 09:00:00,24288.0
2013-04-07 10:00:00,25304.0
2013-04-07 11:00:00,26052.0
2013-04-07 12:00:00,26851.0
2013-04-07 13:00:00,26994.0
2013-04-07 14:00:00,26547.0
2013-04-07 15:00:00,25624.0
2013-04-07 16:00:00,26364.0
2013-04-07 17:00:00,27069.0
2013-04-07 18:00:00,27381.0
2013-04-07 19:00:00,27355.0
2013-04-07 20:00:00,27271.0
2013-04-07 21:00:00,27002.0
2013-04-07 22:00:00,26295.0
2013-04-07 23:00:00,20204.0
2013-04-08 00:00:00,16347.0
2013-04-08 01:00:00,14960.0
2013-04-08 02:00:00,14414.0
2013-04-08 03:00:00,13767.0
2013-04-08 04:00:00,14557.0
2013-04-08 05:00:00,14783.0
2013-04-08 06:00:00,17758.0
2013-04-08 07:00:00,19725.0
2013-04-08 08:00:00,22927.0
2013-04-08 09:00:00,27245.0
2013-04-08 10:00:00,28448.0
2013-04-08 11:00:00,28850.0
2013-04-08 12:00:00,28069.0
2013-04-08 13:00:00,28103.0
2013-04-08 14:00:00,27497.0
2013-04-08 15:00:00,28473.0
2013-04-08 16:00:00,28347.0
2013-04-08 17:00:00,28985.0
2013-04-08 18:00:00,28986.0
2013-04-08 19:00:00,28522.0
2013-04-08 20:00:00,29296.0
2013-04-08 21:00:00,29077.0
2013-04-08 22:00:00,27254.0
2013-04-08 23:00:00,21295.0
2013-04-09 00:00:00,16893.0
2013-04-09 01:00:00,15263.0
2013-04-09 02:00:00,15052.0
2013-04-09 03:00:00,14591.0
2013-04-09 04:00:00,15573.0
2013-04-09 05:00:00,15858.0
2013-04-09 06:00:00,18112.0
2013-04-09 07:00:00,19296.0
2013-04-09 08:00:00,20379.0
2013-04-09 09:00:00,27792.0
2013-04-09 10:00:00,29052.0
2013-04-09 11:00:00,28245.0
2013-04-09 12:00:00,27927.0
2013-04-09 13:00:00,27960.0
2013-04-09 14:00:00,27826.0
2013-04-09 15:00:00,27086.0
2013-04-09 16:00:00,28229.0
2013-04-09 17:00:00,28388.0
2013-04-09 18:00:00,28456.0
2013-04-09 19:00:00,27674.0
2013-04-09 20:00:00,27726.0
2013-04-09 21:00:00,28027.0
2013-04-09 22:00:00,27229.0
2013-04-09 23:00:00,21297.0
2013-04-10 00:00:00,17589.0
2013-04-10 01:00:00,15918.0
2013-04-10 02:00:00,15615.0
2013-04-10 03:00:00,14809.0
2013-04-10 04:00:00,15708.0
2013-04-10 05:00:00,16128.0
2013-04-10 06:00:00,18539.0
2013-04-10 07:00:00,20381.0
2013-04-10 08:00:00,20901.0
2013-04-10 09:00:00,27859.0
2013-04-10 10:00:00,29288.0
2013-04-10 11:00:00,29623.0
2013-04-10 12:00:00,28666.0
2013-04-10 13:00:00,28053.0
2013-04-10 14:00:00,28541.0
2013-04-10 15:00:00,27263.0
2013-04-10 16:00:00,27902.0
2013-04-10 17:00:00,28599.0
2013-04-10 18:00:00,28784.0
2013-04-10 19:00:00,28103.0
2013-04-10 20:00:00,28993.0
2013-04-10 21:00:00,28910.0
2013-04-10 22:00:00,27834.0
2013-04-10 23:00:00,22381.0
2013-04-11 00:00:00,18355.0
2013-04-11 01:00:00,17053.0
2013-04-11 02:00:00,16253.0
2013-04-11 03:00:00,15195.0
2013-04-11 04:00:00,15708.0
2013-04-11 05:00:00,16112.0
2013-04-11 06:00:00,18053.0
2013-04-11 07:00:00,19725.0
2013-04-11 08:00:00,19590.0
2013-04-11 09:00:00,26759.0
2013-04-11 10:00:00,27641.0
2013-04-11 11:00:00,27237.0
2013-04-11 12:00:00,26994.0
2013-04-11 13:00:00,27944.0
2013-04-11 14:00:00,27944.0
2013-04-11 15:00:00,28120.0
2013-04-11 16:00:00,28540.0
2013-04-11 17:00:00,27783.0
2013-04-11 18:00:00,27136.0
2013-04-11 19:00:00,27120.0
2013-04-11 20:00:00,27977.0
2013-04-11 21:00:00,27548.0
2013-04-11 22:00:00,26910.0
2013-04-11 23:00:00,21103.0
2013-04-12 00:00:00,16633.0
2013-04-12 01:00:00,15052.0
2013-04-12 02:00:00,15170.0
2013-04-12 03:00:00,14674.0
2013-04-12 04:00:00,15631.0
2013-04-12 05:00:00,15456.0
2013-04-12 06:00:00,17976.0
2013-04-12 07:00:00,19094.0
2013-04-12 08:00:00,20011.0
2013-04-12 09:00:00,27196.0
2013-04-12 10:00:00,28355.0
2013-04-12 11:00:00,28288.0
2013-04-12 12:00:00,28700.0
2013-04-12 13:00:00,28052.0
2013-04-12 14:00:00,27363.0
2013-04-12 15:00:00,27649.0
2013-04-12 16:00:00,27431.0
2013-04-12 17:00:00,27523.0
2013-04-12 18:00:00,27666.0
2013-04-12 19:00:00,28288.0
2013-04-12 20:00:00,28970.0
2013-04-12 21:00:00,28666.0
2013-04-12 22:00:00,27414.0
2013-04-12 23:00:00,26095.0
2013-04-13 00:00:00,20482.0
2013-04-13 01:00:00,16053.0
2013-04-13 02:00:00,15590.0
2013-04-13 03:00:00,14985.0
2013-04-13 04:00:00,15548.0
2013-04-13 05:00:00,15683.0
2013-04-13 06:00:00,17540.0
2013-04-13 07:00:00,18498.0
2013-04-13 08:00:00,19389.0
2013-04-13 09:00:00,25952.0
2013-04-13 10:00:00,27061.0
2013-04-13 11:00:00,26464.0
2013-04-13 12:00:00,26876.0
2013-04-13 13:00:00,27582.0
2013-04-13 14:00:00,26876.0
2013-04-13 15:00:00,26280.0
2013-04-13 16:00:00,26397.0
2013-04-13 17:00:00,26817.0
2013-04-13 18:00:00,27413.0
2013-04-13 19:00:00,27758.0
2013-04-13 20:00:00,28102.0
2013-04-13 21:00:00,29087.0
2013-04-13 22:00:00,27271.0
2013-04-13 23:00:00,26724.0
2013-04-14 00:00:00,20867.0
2013-04-14 01:00:00,15926.0
2013-04-14 02:00:00,15297.0
2013-04-14 03:00:00,14751.0
2013-04-14 04:00:00,15237.0
2013-04-14 05:00:00,15103.0
2013-04-14 06:00:00,17077.0
2013-04-14 07:00:00,17775.0
2013-04-14 08:00:00,18456.0
2013-04-14 09:00:00,24734.0
2013-04-14 10:00:00,25717.0
2013-04-14 11:00:00,24934.0
2013-04-14 12:00:00,27027.0
2013-04-14 13:00:00,26834.0
2013-04-14 14:00:00,26153.0
2013-04-14 15:00:00,26085.0
2013-04-14 16:00:00,26103.0
2013-04-14 17:00:00,26146.0
2013-04-14 18:00:00,26010.0
2013-04-14 19:00:00,26556.0
2013-04-14 20:00:00,26927.0
2013-04-14 21:00:00,27379.0
2013-04-14 22:00:00,26691.0
2013-04-14 23:00:00,20766.0
2013-04-15 00:00:00,16960.0
2013-04-15 01:00:00,15404.0
2013-04-15 02:00:00,15111.0
2013-04-15 03:00:00,14607.0
2013-04-15 04:00:00,15255.0
2013-04-15 05:00:00,16104.0
2013-04-15 06:00:00,18540.0
2013-04-15 07:00:00,19162.0
2013-04-15 08:00:00,19918.0
2013-04-15 09:00:00,27591.0
2013-04-15 10:00:00,27590.0
2013-04-15 11:00:00,26876.0
2013-04-15 12:00:00,27783.0
2013-04-15 13:00:00,28339.0
2013-04-15 14:00:00,28162.0
2013-04-15 15:00:00,27792.0
2013-04-15 16:00:00,30010.0
2013-04-15 17:00:00,28851.0
2013-04-15 18:00:00,29136.0
2013-04-15 19:00:00,28557.0
2013-04-15 20:00:00,28875.0
2013-04-15 21:00:00,27976.0
2013-04-15 22:00:00,27280.0
2013-04-15 23:00:00,21339.0
2013-04-16 00:00:00,18019.0
2013-04-16 01:00:00,17280.0
2013-04-16 02:00:00,16732.0
2013-04-16 03:00:00,16128.0
2013-04-16 04:00:00,15816.0
2013-04-16 05:00:00,16028.0
2013-04-16 06:00:00,18599.0
2013-04-16 07:00:00,19859.0
2013-04-16 08:00:00,19346.0
2013-04-16 09:00:00,25926.0
2013-04-16 10:00:00,26488.0
2013-04-16 11:00:00,25892.0
2013-04-16 12:00:00,27405.0
2013-04-16 13:00:00,27186.0
2013-04-16 14:00:00,25918.0
2013-04-16 15:00:00,25801.0
2013-04-16 16:00:00,25925.0
2013-04-16 17:00:00,26413.0
2013-04-16 18:00:00,26649.0
2013-04-16 19:00:00,26793.0
2013-04-16 20:00:00,27943.0
2013-04-16 21:00:00,27791.0
2013-04-16 22:00:00,27061.0
2013-04-16 23:00:00,21313.0
2013-04-17 00:00:00,17926.0
2013-04-17 01:00:00,16321.0
2013-04-17 02:00:00,16060.0
2013-04-17 03:00:00,14532.0
2013-04-17 04:00:00,15287.0
2013-04-17 05:00:00,16018.0
2013-04-17 06:00:00,18094.0
2013-04-17 07:00:00,19186.0
2013-04-17 08:00:00,19103.0
2013-04-17 09:00:00,27640.0
2013-04-17 10:00:00,27272.0
2013-04-17 11:00:00,25768.0
2013-04-17 12:00:00,27380.0
2013-04-17 13:00:00,28675.0
2013-04-17 14:00:00,28389.0
2013-04-17 15:00:00,27826.0
2013-04-17 16:00:00,28036.0
2013-04-17 17:00:00,28280.0
2013-04-17 18:00:00,28766.0
2013-04-17 19:00:00,28320.0
2013-04-17 20:00:00,28708.0
2013-04-17 21:00:00,28070.0
2013-04-17 22:00:00,27506.0
2013-04-17 23:00:00,21792.0
2013-04-18 00:00:00,17666.0
2013-04-18 01:00:00,16129.0
2013-04-18 02:00:00,15414.0
2013-04-18 03:00:00,14783.0
2013-04-18 04:00:00,15640.0
2013-04-18 05:00:00,15901.0
2013-04-18 06:00:00,17834.0
2013-04-18 07:00:00,18968.0
2013-04-18 08:00:00,19145.0
2013-04-18 09:00:00,25885.0
2013-04-18 10:00:00,26053.0
2013-04-18 11:00:00,26355.0
2013-04-18 12:00:00,26724.0
2013-04-18 13:00:00,26238.0
2013-04-18 14:00:00,26388.0
2013-04-18 15:00:00,25875.0
2013-04-18 16:00:00,26893.0
2013-04-18 17:00:00,27724.0
2013-04-18 18:00:00,27742.0
2013-04-18 19:00:00,27800.0
2013-04-18 20:00:00,29187.0
2013-04-18 21:00:00,27506.0
2013-04-18 22:00:00,26263.0
2013-04-18 23:00:00,20237.0
2013-04-19 00:00:00,17548.0
2013-04-19 01:00:00,15212.0
2013-04-19 02:00:00,14598.0
2013-04-19 03:00:00,13910.0
2013-04-19 04:00:00,14800.0
2013-04-19 05:00:00,14741.0
2013-04-19 06:00:00,16657.0
2013-04-19 07:00:00,17329.0
2013-04-19 08:00:00,17657.0
2013-04-19 09:00:00,26145.0
2013-04-19 10:00:00,27338.0
2013-04-19 11:00:00,26590.0
2013-04-19 12:00:00,28077.0
2013-04-19 13:00:00,28347.0
2013-04-19 14:00:00,27934.0
2013-04-19 15:00:00,28044.0
2013-04-19 16:00:00,28590.0
2013-04-19 17:00:00,29102.0
2013-04-19 18:00:00,29186.0
2013-04-19 19:00:00,29346.0
2013-04-19 20:00:00,30791.0
2013-04-19 21:00:00,29850.0
2013-04-19 22:00:00,28262.0
2013-04-19 23:00:00,27573.0
2013-04-20 00:00:00,21792.0
2013-04-20 01:00:00,17666.0
2013-04-20 02:00:00,16102.0
2013-04-20 03:00:00,15010.0
2013-04-20 04:00:00,15078.0
2013-04-20 05:00:00,15027.0
2013-04-20 06:00:00,16380.0
2013-04-20 07:00:00,17186.0
2013-04-20 08:00:00,17018.0
2013-04-20 09:00:00,23985.0
2013-04-20 10:00:00,24952.0
2013-04-20 11:00:00,24422.0
2013-04-20 12:00:00,27145.0
2013-04-20 13:00:00,27514.0
2013-04-20 14:00:00,28153.0
2013-04-20 15:00:00,27287.0
2013-04-20 16:00:00,27380.0
2013-04-20 17:00:00,28186.0
2013-04-20 18:00:00,27960.0
2013-04-20 19:00:00,27430.0
2013-04-20 20:00:00,28413.0
2013-04-20 21:00:00,27631.0
2013-04-20 22:00:00,26867.0
2013-04-20 23:00:00,25943.0
2013-04-21 00:00:00,20978.0
2013-04-21 01:00:00,15901.0
2013-04-21 02:00:00,15296.0
2013-04-21 03:00:00,14774.0
2013-04-21 04:00:00,15296.0
2013-04-21 05:00:00,15355.0
2013-04-21 06:00:00,17145.0
2013-04-21 07:00:00,17549.0
2013-04-21 08:00:00,17708.0
2013-04-21 09:00:00,24514.0
2013-04-21 10:00:00,24867.0
2013-04-21 11:00:00,24523.0
2013-04-21 12:00:00,26565.0
2013-04-21 13:00:00,27690.0
2013-04-21 14:00:00,26708.0
2013-04-21 15:00:00,26355.0
2013-04-21 16:00:00,26985.0
2013-04-21 17:00:00,26809.0
2013-04-21 18:00:00,26674.0
2013-04-21 19:00:00,26396.0
2013-04-21 20:00:00,27800.0
2013-04-21 21:00:00,27396.0
2013-04-21 22:00:00,26028.0
2013-04-21 23:00:00,20010.0
2013-04-22 00:00:00,16061.0
2013-04-22 01:00:00,14943.0
2013-04-22 02:00:00,14809.0
2013-04-22 03:00:00,14061.0
2013-04-22 04:00:00,14750.0
2013-04-22 05:00:00,15666.0
2013-04-22 06:00:00,17220.0
2013-04-22 07:00:00,17875.0
2013-04-22 08:00:00,17766.0
2013-04-22 09:00:00,25985.0
2013-04-22 10:00:00,25851.0
2013-04-22 11:00:00,24985.0
2013-04-22 12:00:00,27776.0
2013-04-22 13:00:00,28363.0
2013-04-22 14:00:00,27724.0
2013-04-22 15:00:00,27818.0
2013-04-22 16:00:00,27725.0
2013-04-22 17:00:00,27539.0
2013-04-22 18:00:00,27363.0
2013-04-22 19:00:00,27565.0
2013-04-22 20:00:00,28943.0
2013-04-22 21:00:00,28548.0
2013-04-22 22:00:00,27305.0
2013-04-22 23:00:00,21069.0
2013-04-23 00:00:00,16749.0
2013-04-23 01:00:00,15683.0
2013-04-23 02:00:00,15447.0
2013-04-23 03:00:00,14632.0
2013-04-23 04:00:00,15481.0
2013-04-23 05:00:00,16044.0
2013-04-23 06:00:00,17161.0
2013-04-23 07:00:00,18733.0
2013-04-23 08:00:00,19018.0
2013-04-23 09:00:00,26237.0
2013-04-23 10:00:00,27086.0
2013-04-23 11:00:00,26011.0
2013-04-23 12:00:00,28608.0
2013-04-23 13:00:00,28758.0
2013-04-23 14:00:00,28843.0
2013-04-23 15:00:00,28523.0
2013-04-23 16:00:00,29288.0
2013-04-23 17:00:00,28531.0
2013-04-23 18:00:00,28052.0
2013-04-23 19:00:00,27741.0
2013-04-23 20:00:00,28371.0
2013-04-23 21:00:00,27934.0
2013-04-23 22:00:00,26809.0
2013-04-23 23:00:00,21296.0
2013-04-24 00:00:00,17320.0
2013-04-24 01:00:00,16036.0
2013-04-24 02:00:00,15405.0
2013-04-24 03:00:00,15540.0
2013-04-24 04:00:00,15691.0
2013-04-24 05:00:00,16028.0
2013-04-24 06:00:00,17465.0
2013-04-24 07:00:00,18860.0
2013-04-24 08:00:00,18725.0
2013-04-24 09:00:00,27456.0
2013-04-24 10:00:00,26532.0
2013-04-24 11:00:00,25876.0
2013-04-24 12:00:00,26993.0
2013-04-24 13:00:00,27177.0
2013-04-24 14:00:00,26480.0
2013-04-24 15:00:00,26355.0
2013-04-24 16:00:00,27204.0
2013-04-24 17:00:00,27734.0
2013-04-24 18:00:00,27506.0
2013-04-24 19:00:00,27716.0
2013-04-24 20:00:00,28069.0
2013-04-24 21:00:00,27968.0
2013-04-24 22:00:00,27456.0
2013-04-24 23:00:00,26002.0
2013-04-25 00:00:00,20901.0
2013-04-25 01:00:00,16515.0
2013-04-25 02:00:00,15791.0
2013-04-25 03:00:00,14967.0
2013-04-25 04:00:00,15759.0
2013-04-25 05:00:00,15666.0
2013-04-25 06:00:00,17053.0
2013-04-25 07:00:00,18800.0
2013-04-25 08:00:00,19422.0
2013-04-25 09:00:00,24683.0
2013-04-25 10:00:00,24430.0
2013-04-25 11:00:00,25691.0
2013-04-25 12:00:00,26355.0
2013-04-25 13:00:00,27010.0
2013-04-25 14:00:00,26758.0
2013-04-25 15:00:00,26305.0
2013-04-25 16:00:00,27095.0
2013-04-25 17:00:00,26422.0
2013-04-25 18:00:00,26860.0
2013-04-25 19:00:00,27263.0
2013-04-25 20:00:00,27127.0
2013-04-25 21:00:00,27893.0
2013-04-25 22:00:00,25969.0
2013-04-25 23:00:00,20532.0
2013-04-26 00:00:00,16692.0
2013-04-26 01:00:00,15926.0
2013-04-26 02:00:00,15372.0
2013-04-26 03:00:00,14490.0
2013-04-26 04:00:00,15591.0
2013-04-26 05:00:00,15843.0
2013-04-26 06:00:00,17455.0
2013-04-26 07:00:00,18506.0
2013-04-26 08:00:00,18859.0
2013-04-26 09:00:00,25262.0
2013-04-26 10:00:00,25826.0
2013-04-26 11:00:00,26146.0
2013-04-26 12:00:00,27204.0
2013-04-26 13:00:00,26985.0
2013-04-26 14:00:00,26330.0
2013-04-26 15:00:00,26447.0
2013-04-26 16:00:00,27346.0
2013-04-26 17:00:00,27581.0
2013-04-26 18:00:00,27799.0
2013-04-26 19:00:00,27918.0
2013-04-26 20:00:00,28472.0
2013-04-26 21:00:00,27598.0
2013-04-26 22:00:00,26422.0
2013-04-26 23:00:00,24952.0
2013-04-27 00:00:00,19405.0
2013-04-27 01:00:00,14918.0
2013-04-27 02:00:00,14119.0
2013-04-27 03:00:00,14019.0
2013-04-27 04:00:00,14204.0
2013-04-27 05:00:00,14010.0
2013-04-27 06:00:00,15186.0
2013-04-27 07:00:00,16741.0
2013-04-27 08:00:00,17372.0
2013-04-27 09:00:00,22927.0
2013-04-27 10:00:00,22263.0
2013-04-27 11:00:00,22632.0
2013-04-27 12:00:00,24524.0
2013-04-27 13:00:00,24675.0
2013-04-27 14:00:00,24641.0
2013-04-27 15:00:00,24035.0
2013-04-27 16:00:00,23969.0
2013-04-27 17:00:00,23959.0
2013-04-27 18:00:00,24692.0
2013-04-27 19:00:00,25631.0
2013-04-27 20:00:00,25078.0
2013-04-27 21:00:00,26034.0
2013-04-27 22:00:00,25102.0
2013-04-27 23:00:00,23868.0
2013-04-28 00:00:00,18564.0
2013-04-28 01:00:00,13994.0
2013-04-28 02:00:00,13573.0
2013-04-28 03:00:00,13742.0
2013-04-28 04:00:00,14044.0
2013-04-28 05:00:00,13935.0
2013-04-28 06:00:00,14960.0
2013-04-28 07:00:00,16255.0
2013-04-28 08:00:00,16708.0
2013-04-28 09:00:00,21548.0
2013-04-28 10:00:00,21833.0
2013-04-28 11:00:00,21784.0
2013-04-28 12:00:00,23523.0
2013-04-28 13:00:00,24144.0
2013-04-28 14:00:00,24010.0
2013-04-28 15:00:00,23346.0
2013-04-28 16:00:00,23464.0
2013-04-28 17:00:00,23380.0
2013-04-28 18:00:00,23489.0
2013-04-28 19:00:00,23994.0
2013-04-28 20:00:00,24658.0
2013-04-28 21:00:00,25245.0
2013-04-28 22:00:00,24153.0
2013-04-28 23:00:00,18800.0
2013-04-29 00:00:00,15540.0
2013-04-29 01:00:00,14111.0
2013-04-29 02:00:00,13876.0
2013-04-29 03:00:00,13599.0
2013-04-29 04:00:00,14263.0
2013-04-29 05:00:00,14421.0
2013-04-29 06:00:00,15834.0
2013-04-29 07:00:00,17086.0
2013-04-29 08:00:00,17792.0
2013-04-29 09:00:00,23431.0
2013-04-29 10:00:00,23330.0
2013-04-29 11:00:00,23792.0
2013-04-29 12:00:00,24658.0
2013-04-29 13:00:00,24574.0
2013-04-29 14:00:00,25161.0
2013-04-29 15:00:00,25179.0
2013-04-29 16:00:00,24616.0
2013-04-29 17:00:00,24734.0
2013-04-29 18:00:00,25111.0
2013-04-29 19:00:00,25178.0
2013-04-29 20:00:00,25254.0
2013-04-29 21:00:00,25884.0
2013-04-29 22:00:00,24935.0
2013-04-29 23:00:00,19648.0
2013-04-30 00:00:00,15800.0
2013-04-30 01:00:00,14657.0
2013-04-30 02:00:00,14019.0
2013-04-30 03:00:00,13960.0
2013-04-30 04:00:00,14262.0
2013-04-30 05:00:00,14456.0
2013-04-30 06:00:00,15708.0
2013-04-30 07:00:00,17044.0
2013-04-30 08:00:00,16800.0
2013-04-30 09:00:00,23178.0
2013-04-30 10:00:00,24456.0
2013-04-30 11:00:00,24893.0
2013-04-30 12:00:00,25348.0
2013-04-30 13:00:00,25522.0
2013-04-30 14:00:00,24926.0
2013-04-30 15:00:00,25213.0
2013-04-30 16:00:00,25624.0
2013-04-30 17:00:00,25262.0
2013-04-30 18:00:00,25892.0
2013-04-30 19:00:00,26052.0
2013-04-30 20:00:00,26582.0
2013-04-30 21:00:00,26564.0
2013-04-30 22:00:00,25187.0
2013-04-30 23:00:00,23960.0
2013-05-01 00:00:00,18917.0
2013-05-01 01:00:00,14641.0
2013-05-01 02:00:00,14253.0
2013-05-01 03:00:00,13960.0
2013-05-01 04:00:00,14481.0
2013-05-01 05:00:00,14750.0
2013-05-01 06:00:00,15859.0
2013-05-01 07:00:00,16725.0
2013-05-01 08:00:00,17086.0
2013-05-01 09:00:00,22170.0
2013-05-01 10:00:00,22044.0
2013-05-01 11:00:00,23153.0
2013-05-01 12:00:00,23524.0
2013-05-01 13:00:00,24447.0
2013-05-01 14:00:00,25069.0
2013-05-01 15:00:00,24809.0
2013-05-01 16:00:00,25220.0
2013-05-01 17:00:00,25211.0
2013-05-01 18:00:00,25128.0
2013-05-01 19:00:00,24876.0
2013-05-01 20:00:00,26229.0
2013-05-01 21:00:00,27003.0
2013-05-01 22:00:00,26069.0
2013-05-01 23:00:00,20801.0
2013-05-02 00:00:00,16766.0
2013-05-02 01:00:00,15556.0
2013-05-02 02:00:00,15010.0
2013-05-02 03:00:00,14119.0
2013-05-02 04:00:00,14582.0
2013-05-02 05:00:00,15001.0
2013-05-02 06:00:00,15944.0
2013-05-02 07:00:00,17757.0
2013-05-02 08:00:00,18917.0
2013-05-02 09:00:00,23868.0
2013-05-02 10:00:00,24557.0
2013-05-02 11:00:00,24818.0
2013-05-02 12:00:00,25329.0
2013-05-02 13:00:00,25833.0
2013-05-02 14:00:00,25615.0
2013-05-02 15:00:00,25616.0
2013-05-02 16:00:00,25875.0
2013-05-02 17:00:00,25951.0
2013-05-02 18:00:00,26262.0
2013-05-02 19:00:00,26170.0
2013-05-02 20:00:00,26884.0
2013-05-02 21:00:00,26843.0
2013-05-02 22:00:00,25631.0
2013-05-02 23:00:00,20186.0
2013-05-03 00:00:00,16238.0
2013-05-03 01:00:00,15356.0
2013-05-03 02:00:00,15246.0
2013-05-03 03:00:00,14918.0
2013-05-03 04:00:00,15523.0
2013-05-03 05:00:00,15801.0
2013-05-03 06:00:00,16892.0
2013-05-03 07:00:00,18942.0
2013-05-03 08:00:00,19346.0
2013-05-03 09:00:00,24355.0
2013-05-03 10:00:00,24944.0
2013-05-03 11:00:00,24968.0
2013-05-03 12:00:00,26540.0
2013-05-03 13:00:00,26121.0
2013-05-03 14:00:00,26566.0
2013-05-03 15:00:00,25514.0
2013-05-03 16:00:00,26280.0
2013-05-03 17:00:00,26725.0
2013-05-03 18:00:00,26944.0
2013-05-03 19:00:00,27657.0
2013-05-03 20:00:00,27960.0
2013-05-03 21:00:00,28052.0
2013-05-03 22:00:00,26993.0
2013-05-03 23:00:00,26221.0
2013-05-04 00:00:00,21346.0
2013-05-04 01:00:00,16061.0
2013-05-04 02:00:00,16002.0
2013-05-04 03:00:00,15204.0
2013-05-04 04:00:00,15179.0
2013-05-04 05:00:00,15692.0
2013-05-04 06:00:00,16918.0
2013-05-04 07:00:00,18203.0
2013-05-04 08:00:00,18566.0
2013-05-04 09:00:00,23052.0
2013-05-04 10:00:00,23565.0
2013-05-04 11:00:00,24591.0
2013-05-04 12:00:00,25347.0
2013-05-04 13:00:00,25430.0
2013-05-04 14:00:00,25321.0
2013-05-04 15:00:00,24800.0
2013-05-04 16:00:00,25027.0
2013-05-04 17:00:00,25069.0
2013-05-04 18:00:00,26549.0
2013-05-04 19:00:00,27221.0
2013-05-04 20:00:00,27591.0
2013-05-04 21:00:00,28247.0
2013-05-04 22:00:00,26910.0
2013-05-04 23:00:00,25985.0
2013-05-05 00:00:00,21060.0
2013-05-05 01:00:00,16120.0
2013-05-05 02:00:00,16069.0
2013-05-05 03:00:00,14716.0
2013-05-05 04:00:00,15086.0
2013-05-05 05:00:00,14867.0
2013-05-05 06:00:00,17145.0
2013-05-05 07:00:00,17935.0
2013-05-05 08:00:00,18380.0
2013-05-05 09:00:00,22489.0
2013-05-05 10:00:00,23767.0
2013-05-05 11:00:00,24608.0
2013-05-05 12:00:00,25598.0
2013-05-05 13:00:00,25253.0
2013-05-05 14:00:00,25564.0
2013-05-05 15:00:00,24733.0
2013-05-05 16:00:00,25044.0
2013-05-05 17:00:00,24691.0
2013-05-05 18:00:00,24826.0
2013-05-05 19:00:00,25733.0
2013-05-05 20:00:00,25968.0
2013-05-05 21:00:00,26490.0
2013-05-05 22:00:00,25741.0
2013-05-05 23:00:00,20481.0
2013-05-06 00:00:00,16725.0
2013-05-06 01:00:00,16019.0
2013-05-06 02:00:00,15758.0
2013-05-06 03:00:00,14985.0
2013-05-06 04:00:00,15690.0
2013-05-06 05:00:00,15691.0
2013-05-06 06:00:00,17741.0
2013-05-06 07:00:00,19086.0
2013-05-06 08:00:00,19809.0
2013-05-06 09:00:00,24767.0
2013-05-06 10:00:00,26515.0
2013-05-06 11:00:00,26440.0
2013-05-06 12:00:00,25809.0
2013-05-06 13:00:00,26069.0
2013-05-06 14:00:00,25582.0
2013-05-06 15:00:00,25388.0
2013-05-06 16:00:00,25791.0
2013-05-06 17:00:00,25986.0
2013-05-06 18:00:00,26347.0
2013-05-06 19:00:00,25893.0
2013-05-06 20:00:00,26481.0
2013-05-06 21:00:00,26599.0
2013-05-06 22:00:00,26279.0
2013-05-06 23:00:00,21430.0
2013-05-07 00:00:00,17901.0
2013-05-07 01:00:00,16112.0
2013-05-07 02:00:00,15792.0
2013-05-07 03:00:00,14776.0
2013-05-07 04:00:00,15127.0
2013-05-07 05:00:00,15455.0
2013-05-07 06:00:00,17095.0
2013-05-07 07:00:00,18288.0
2013-05-07 08:00:00,18859.0
2013-05-07 09:00:00,24044.0
2013-05-07 10:00:00,27061.0
2013-05-07 11:00:00,27263.0
2013-05-07 12:00:00,27354.0
2013-05-07 13:00:00,27472.0
2013-05-07 14:00:00,27700.0
2013-05-07 15:00:00,27515.0
2013-05-07 16:00:00,27943.0
2013-05-07 17:00:00,28296.0
2013-05-07 18:00:00,28061.0
2013-05-07 19:00:00,26858.0
2013-05-07 20:00:00,27372.0
2013-05-07 21:00:00,27943.0
2013-05-07 22:00:00,26927.0
2013-05-07 23:00:00,21053.0
2013-05-08 00:00:00,17002.0
2013-05-08 01:00:00,16514.0
2013-05-08 02:00:00,15910.0
2013-05-08 03:00:00,15582.0
2013-05-08 04:00:00,15204.0
2013-05-08 05:00:00,15716.0
2013-05-08 06:00:00,17599.0
2013-05-08 07:00:00,18734.0
2013-05-08 08:00:00,19481.0
2013-05-08 09:00:00,25808.0
2013-05-08 10:00:00,26725.0
2013-05-08 11:00:00,27161.0
2013-05-08 12:00:00,26161.0
2013-05-08 13:00:00,26178.0
2013-05-08 14:00:00,26288.0
2013-05-08 15:00:00,26187.0
2013-05-08 16:00:00,27204.0
2013-05-08 17:00:00,27489.0
2013-05-08 18:00:00,27422.0
2013-05-08 19:00:00,27364.0
2013-05-08 20:00:00,28591.0
2013-05-08 21:00:00,29590.0
2013-05-08 22:00:00,28196.0
2013-05-08 23:00:00,22918.0
2013-05-09 00:00:00,18641.0
2013-05-09 01:00:00,16951.0
2013-05-09 02:00:00,16069.0
2013-05-09 03:00:00,15170.0
2013-05-09 04:00:00,15691.0
2013-05-09 05:00:00,15666.0
2013-05-09 06:00:00,17826.0
2013-05-09 07:00:00,18389.0
2013-05-09 08:00:00,19792.0
2013-05-09 09:00:00,25969.0
2013-05-09 10:00:00,27330.0
2013-05-09 11:00:00,27431.0
2013-05-09 12:00:00,26876.0
2013-05-09 13:00:00,26801.0
2013-05-09 14:00:00,27574.0
2013-05-09 15:00:00,26968.0
2013-05-09 16:00:00,27582.0
2013-05-09 17:00:00,27069.0
2013-05-09 18:00:00,26398.0
2013-05-09 19:00:00,26936.0
2013-05-09 20:00:00,27439.0
2013-05-09 21:00:00,27876.0
2013-05-09 22:00:00,26909.0
2013-05-09 23:00:00,21574.0
2013-05-10 00:00:00,18154.0
2013-05-10 01:00:00,16869.0
2013-05-10 02:00:00,16397.0
2013-05-10 03:00:00,15196.0
2013-05-10 04:00:00,15884.0
2013-05-10 05:00:00,15876.0
2013-05-10 06:00:00,17329.0
2013-05-10 07:00:00,18397.0
2013-05-10 08:00:00,20237.0
2013-05-10 09:00:00,26338.0
2013-05-10 10:00:00,26228.0
2013-05-10 11:00:00,26943.0
2013-05-10 12:00:00,27447.0
2013-05-10 13:00:00,27984.0
2013-05-10 14:00:00,27607.0
2013-05-10 15:00:00,26581.0
2013-05-10 16:00:00,26363.0
2013-05-10 17:00:00,26927.0
2013-05-10 18:00:00,27188.0
2013-05-10 19:00:00,27541.0
2013-05-10 20:00:00,27607.0
2013-05-10 21:00:00,27716.0
2013-05-10 22:00:00,27036.0
2013-05-10 23:00:00,26456.0
2013-05-11 00:00:00,20901.0
2013-05-11 01:00:00,16926.0
2013-05-11 02:00:00,15095.0
2013-05-11 03:00:00,14793.0
2013-05-11 04:00:00,15010.0
2013-05-11 05:00:00,15053.0
2013-05-11 06:00:00,16127.0
2013-05-11 07:00:00,17338.0
2013-05-11 08:00:00,17801.0
2013-05-11 09:00:00,23398.0
2013-05-11 10:00:00,23708.0
2013-05-11 11:00:00,25262.0
2013-05-11 12:00:00,26766.0
2013-05-11 13:00:00,27178.0
2013-05-11 14:00:00,26136.0
2013-05-11 15:00:00,26026.0
2013-05-11 16:00:00,26254.0
2013-05-11 17:00:00,26431.0
2013-05-11 18:00:00,27111.0
2013-05-11 19:00:00,28263.0
2013-05-11 20:00:00,28069.0
2013-05-11 21:00:00,27909.0
2013-05-11 22:00:00,26994.0
2013-05-11 23:00:00,26590.0
2013-05-12 00:00:00,20759.0
2013-05-12 01:00:00,16666.0
2013-05-12 02:00:00,15673.0
2013-05-12 03:00:00,14835.0
2013-05-12 04:00:00,15162.0
2013-05-12 05:00:00,15489.0
2013-05-12 06:00:00,16683.0
2013-05-12 07:00:00,18675.0
2013-05-12 08:00:00,18742.0
2013-05-12 09:00:00,24473.0
2013-05-12 10:00:00,25044.0
2013-05-12 11:00:00,25439.0
2013-05-12 12:00:00,26397.0
2013-05-12 13:00:00,26095.0
2013-05-12 14:00:00,25834.0
2013-05-12 15:00:00,25952.0
2013-05-12 16:00:00,25598.0
2013-05-12 17:00:00,26405.0
2013-05-12 18:00:00,26069.0
2013-05-12 19:00:00,27363.0
2013-05-12 20:00:00,28674.0
2013-05-12 21:00:00,28969.0
2013-05-12 22:00:00,27431.0
2013-05-12 23:00:00,22354.0
2013-05-13 00:00:00,18296.0
2013-05-13 01:00:00,17212.0
2013-05-13 02:00:00,16305.0
2013-05-13 03:00:00,15271.0
2013-05-13 04:00:00,16389.0
2013-05-13 05:00:00,16733.0
2013-05-13 06:00:00,17934.0
2013-05-13 07:00:00,19869.0
2013-05-13 08:00:00,20111.0
2013-05-13 09:00:00,25632.0
2013-05-13 10:00:00,25909.0
2013-05-13 11:00:00,27338.0
2013-05-13 12:00:00,27666.0
2013-05-13 13:00:00,27271.0
2013-05-13 14:00:00,27026.0
2013-05-13 15:00:00,27061.0
2013-05-13 16:00:00,27733.0
2013-05-13 17:00:00,27641.0
2013-05-13 18:00:00,27145.0
2013-05-13 19:00:00,27749.0
2013-05-13 20:00:00,29162.0
2013-05-13 21:00:00,28826.0
2013-05-13 22:00:00,27078.0
2013-05-13 23:00:00,22751.0
2013-05-14 00:00:00,19053.0
2013-05-14 01:00:00,18549.0
2013-05-14 02:00:00,17758.0
2013-05-14 03:00:00,17657.0
2013-05-14 04:00:00,17791.0
2013-05-14 05:00:00,17413.0
2013-05-14 06:00:00,18825.0
2013-05-14 07:00:00,19968.0
2013-05-14 08:00:00,21691.0
2013-05-14 09:00:00,24892.0
2013-05-14 10:00:00,24918.0
2013-05-14 11:00:00,24682.0
2013-05-14 12:00:00,25624.0
2013-05-14 13:00:00,25153.0
2013-05-14 14:00:00,25203.0
2013-05-14 15:00:00,26119.0
2013-05-14 16:00:00,26220.0
2013-05-14 17:00:00,25993.0
2013-05-14 18:00:00,26137.0
2013-05-14 19:00:00,26843.0
2013-05-14 20:00:00,27195.0
2013-05-14 21:00:00,27909.0
2013-05-14 22:00:00,26236.0
2013-05-14 23:00:00,21061.0
2013-05-15 00:00:00,17547.0
2013-05-15 01:00:00,17128.0
2013-05-15 02:00:00,15935.0
2013-05-15 03:00:00,15574.0
2013-05-15 04:00:00,16028.0
2013-05-15 05:00:00,16287.0
2013-05-15 06:00:00,17254.0
2013-05-15 07:00:00,18699.0
2013-05-15 08:00:00,19246.0
2013-05-15 09:00:00,24388.0
2013-05-15 10:00:00,24531.0
2013-05-15 11:00:00,25809.0
2013-05-15 12:00:00,26792.0
2013-05-15 13:00:00,25455.0
2013-05-15 14:00:00,26305.0
2013-05-15 15:00:00,26153.0
2013-05-15 16:00:00,25986.0
2013-05-15 17:00:00,25103.0
2013-05-15 18:00:00,24834.0
2013-05-15 19:00:00,26103.0
2013-05-15 20:00:00,27010.0
2013-05-15 21:00:00,27615.0
2013-05-15 22:00:00,26196.0
2013-05-15 23:00:00,20145.0
2013-05-16 00:00:00,16624.0
2013-05-16 01:00:00,16263.0
2013-05-16 02:00:00,15809.0
2013-05-16 03:00:00,15246.0
2013-05-16 04:00:00,16017.0
2013-05-16 05:00:00,15766.0
2013-05-16 06:00:00,17254.0
2013-05-16 07:00:00,18599.0
2013-05-16 08:00:00,18674.0
2013-05-16 09:00:00,24507.0
2013-05-16 10:00:00,24423.0
2013-05-16 11:00:00,24868.0
2013-05-16 12:00:00,25438.0
2013-05-16 13:00:00,25574.0
2013-05-16 14:00:00,24371.0
2013-05-16 15:00:00,25296.0
2013-05-16 16:00:00,25649.0
2013-05-16 17:00:00,26977.0
2013-05-16 18:00:00,27439.0
2013-05-16 19:00:00,27145.0
2013-05-16 20:00:00,27548.0
2013-05-16 21:00:00,26976.0
2013-05-16 22:00:00,25959.0
2013-05-16 23:00:00,20263.0
2013-05-17 00:00:00,15699.0
2013-05-17 01:00:00,15094.0
2013-05-17 02:00:00,14271.0
2013-05-17 03:00:00,13624.0
2013-05-17 04:00:00,13993.0
2013-05-17 05:00:00,14632.0
2013-05-17 06:00:00,15615.0
2013-05-17 07:00:00,17649.0
2013-05-17 08:00:00,17885.0
2013-05-17 09:00:00,24179.0
2013-05-17 10:00:00,25187.0
2013-05-17 11:00:00,24792.0
2013-05-17 12:00:00,25766.0
2013-05-17 13:00:00,25590.0
2013-05-17 14:00:00,25624.0
2013-05-17 15:00:00,24893.0
2013-05-17 16:00:00,26195.0
2013-05-17 17:00:00,27145.0
2013-05-17 18:00:00,26675.0
2013-05-17 19:00:00,27305.0
2013-05-17 20:00:00,27507.0
2013-05-17 21:00:00,27086.0
2013-05-17 22:00:00,27018.0
2013-05-17 23:00:00,25498.0
2013-05-18 00:00:00,20253.0
2013-05-18 01:00:00,15590.0
2013-05-18 02:00:00,13910.0
2013-05-18 03:00:00,13547.0
2013-05-18 04:00:00,14204.0
2013-05-18 05:00:00,14472.0
2013-05-18 06:00:00,15346.0
2013-05-18 07:00:00,16750.0
2013-05-18 08:00:00,17800.0
2013-05-18 09:00:00,22892.0
2013-05-18 10:00:00,24288.0
2013-05-18 11:00:00,24322.0
2013-05-18 12:00:00,24826.0
2013-05-18 13:00:00,24758.0
2013-05-18 14:00:00,24952.0
2013-05-18 15:00:00,24017.0
2013-05-18 16:00:00,24363.0
2013-05-18 17:00:00,25405.0
2013-05-18 18:00:00,26649.0
2013-05-18 19:00:00,26825.0
2013-05-18 20:00:00,27305.0
2013-05-18 21:00:00,27213.0
2013-05-18 22:00:00,25994.0
2013-05-18 23:00:00,25482.0
2013-05-19 00:00:00,19464.0
2013-05-19 01:00:00,15423.0
2013-05-19 02:00:00,14018.0
2013-05-19 03:00:00,13842.0
2013-05-19 04:00:00,13994.0
2013-05-19 05:00:00,14607.0
2013-05-19 06:00:00,15893.0
2013-05-19 07:00:00,16716.0
2013-05-19 08:00:00,17346.0
2013-05-19 09:00:00,22843.0
2013-05-19 10:00:00,23490.0
2013-05-19 11:00:00,24422.0
2013-05-19 12:00:00,24230.0
2013-05-19 13:00:00,24187.0
2013-05-19 14:00:00,24305.0
2013-05-19 15:00:00,23607.0
2013-05-19 16:00:00,24002.0
2013-05-19 17:00:00,24700.0
2013-05-19 18:00:00,24675.0
2013-05-19 19:00:00,24985.0
2013-05-19 20:00:00,25733.0
2013-05-19 21:00:00,26506.0
2013-05-19 22:00:00,25708.0
2013-05-19 23:00:00,19548.0
2013-05-20 00:00:00,15540.0
2013-05-20 01:00:00,14490.0
2013-05-20 02:00:00,13784.0
2013-05-20 03:00:00,13363.0
2013-05-20 04:00:00,13859.0
2013-05-20 05:00:00,14271.0
2013-05-20 06:00:00,15825.0
2013-05-20 07:00:00,17767.0
2013-05-20 08:00:00,17641.0
2013-05-20 09:00:00,23464.0
2013-05-20 10:00:00,24657.0
2013-05-20 11:00:00,25413.0
2013-05-20 12:00:00,25481.0
2013-05-20 13:00:00,26599.0
2013-05-20 14:00:00,26759.0
2013-05-20 15:00:00,26085.0
2013-05-20 16:00:00,26750.0
2013-05-20 17:00:00,27136.0
2013-05-20 18:00:00,27506.0
2013-05-20 19:00:00,26422.0
2013-05-20 20:00:00,26305.0
2013-05-20 21:00:00,27262.0
2013-05-20 22:00:00,26431.0
2013-05-20 23:00:00,20825.0
2013-05-21 00:00:00,17204.0
2013-05-21 01:00:00,15826.0
2013-05-21 02:00:00,15347.0
2013-05-21 03:00:00,14868.0
2013-05-21 04:00:00,14842.0
2013-05-21 05:00:00,15204.0
2013-05-21 06:00:00,16826.0
2013-05-21 07:00:00,17926.0
2013-05-21 08:00:00,18364.0
2013-05-21 09:00:00,24540.0
2013-05-21 10:00:00,24910.0
2013-05-21 11:00:00,26237.0
2013-05-21 12:00:00,26137.0
2013-05-21 13:00:00,26868.0
2013-05-21 14:00:00,27288.0
2013-05-21 15:00:00,25641.0
2013-05-21 16:00:00,26002.0
2013-05-21 17:00:00,26716.0
2013-05-21 18:00:00,26699.0
2013-05-21 19:00:00,27170.0
2013-05-21 20:00:00,28051.0
2013-05-21 21:00:00,28053.0
2013-05-21 22:00:00,27498.0
2013-05-21 23:00:00,21010.0
2013-05-22 00:00:00,17851.0
2013-05-22 01:00:00,16162.0
2013-05-22 02:00:00,14918.0
2013-05-22 03:00:00,13859.0
2013-05-22 04:00:00,14204.0
2013-05-22 05:00:00,14733.0
2013-05-22 06:00:00,16346.0
2013-05-22 07:00:00,18221.0
2013-05-22 08:00:00,18187.0
2013-05-22 09:00:00,23607.0
2013-05-22 10:00:00,25018.0
2013-05-22 11:00:00,25514.0
2013-05-22 12:00:00,27809.0
2013-05-22 13:00:00,27624.0
2013-05-22 14:00:00,27406.0
2013-05-22 15:00:00,27692.0
2013-05-22 16:00:00,27707.0
2013-05-22 17:00:00,27978.0
2013-05-22 18:00:00,28784.0
2013-05-22 19:00:00,28809.0
2013-05-22 20:00:00,28161.0
2013-05-22 21:00:00,28028.0
2013-05-22 22:00:00,26918.0
2013-05-22 23:00:00,20783.0
2013-05-23 00:00:00,17086.0
2013-05-23 01:00:00,16043.0
2013-05-23 02:00:00,15136.0
2013-05-23 03:00:00,14035.0
2013-05-23 04:00:00,14700.0
2013-05-23 05:00:00,14876.0
2013-05-23 06:00:00,16498.0
2013-05-23 07:00:00,18725.0
2013-05-23 08:00:00,19480.0
2013-05-23 09:00:00,25641.0
2013-05-23 10:00:00,26532.0
2013-05-23 11:00:00,27396.0
2013-05-23 12:00:00,27901.0
2013-05-23 13:00:00,27532.0
2013-05-23 14:00:00,27329.0
2013-05-23 15:00:00,27019.0
2013-05-23 16:00:00,26978.0
2013-05-23 17:00:00,28035.0
2013-05-23 18:00:00,28322.0
2013-05-23 19:00:00,28137.0
2013-05-23 20:00:00,28010.0
2013-05-23 21:00:00,28213.0
2013-05-23 22:00:00,27431.0
2013-05-23 23:00:00,21590.0
2013-05-24 00:00:00,15515.0
2013-05-24 01:00:00,13573.0
2013-05-24 02:00:00,18850.0
2013-05-24 03:00:00,16984.0
2013-05-24 04:00:00,16649.0
2013-05-24 05:00:00,16136.0
2013-05-24 06:00:00,17237.0
2013-05-24 07:00:00,18910.0
2013-05-24 08:00:00,20969.0
2013-05-24 09:00:00,26329.0
2013-05-24 10:00:00,26212.0
2013-05-24 11:00:00,27002.0
2013-05-24 12:00:00,27506.0
2013-05-24 13:00:00,26858.0
2013-05-24 14:00:00,26733.0
2013-05-24 15:00:00,27539.0
2013-05-24 16:00:00,28783.0
2013-05-24 17:00:00,29556.0
2013-05-24 18:00:00,29028.0
2013-05-24 19:00:00,28489.0
2013-05-24 20:00:00,28422.0
2013-05-24 21:00:00,28220.0
2013-05-24 22:00:00,27977.0
2013-05-24 23:00:00,26632.0
2013-05-25 00:00:00,20943.0
2013-05-25 01:00:00,17052.0
2013-05-25 02:00:00,16069.0
2013-05-25 03:00:00,15724.0
2013-05-25 04:00:00,15893.0
2013-05-25 05:00:00,15405.0
2013-05-25 06:00:00,16741.0
2013-05-25 07:00:00,18137.0
2013-05-25 08:00:00,19094.0
2013-05-25 09:00:00,22951.0
2013-05-25 10:00:00,23766.0
2013-05-25 11:00:00,26515.0
2013-05-25 12:00:00,27019.0
2013-05-25 13:00:00,27010.0
2013-05-25 14:00:00,26372.0
2013-05-25 15:00:00,25398.0
2013-05-25 16:00:00,25658.0
2013-05-25 17:00:00,26893.0
2013-05-25 18:00:00,27297.0
2013-05-25 19:00:00,27413.0
2013-05-25 20:00:00,27514.0
2013-05-25 21:00:00,27842.0
2013-05-25 22:00:00,27734.0
2013-05-25 23:00:00,26119.0
2013-05-26 00:00:00,20548.0
2013-05-26 01:00:00,17162.0
2013-05-26 02:00:00,15716.0
2013-05-26 03:00:00,15313.0
2013-05-26 04:00:00,15370.0
2013-05-26 05:00:00,15582.0
2013-05-26 06:00:00,16036.0
2013-05-26 07:00:00,17666.0
2013-05-26 08:00:00,18700.0
2013-05-26 09:00:00,23590.0
2013-05-26 10:00:00,23909.0
2013-05-26 11:00:00,24464.0
2013-05-26 12:00:00,24792.0
2013-05-26 13:00:00,24875.0
2013-05-26 14:00:00,24581.0
2013-05-26 15:00:00,23649.0
2013-05-26 16:00:00,24001.0
2013-05-26 17:00:00,24573.0
2013-05-26 18:00:00,24708.0
2013-05-26 19:00:00,25733.0
2013-05-26 20:00:00,26549.0
2013-05-26 21:00:00,27027.0
2013-05-26 22:00:00,26237.0
2013-05-26 23:00:00,19842.0
2013-05-27 00:00:00,16078.0
2013-05-27 01:00:00,15499.0
2013-05-27 02:00:00,15060.0
2013-05-27 03:00:00,14456.0
2013-05-27 04:00:00,15128.0
2013-05-27 05:00:00,15254.0
2013-05-27 06:00:00,15985.0
2013-05-27 07:00:00,17951.0
2013-05-27 08:00:00,18287.0
2013-05-27 09:00:00,22834.0
2013-05-27 10:00:00,24120.0
2013-05-27 11:00:00,24825.0
2013-05-27 12:00:00,24254.0
2013-05-27 13:00:00,25069.0
2013-05-27 14:00:00,24615.0
2013-05-27 15:00:00,24666.0
2013-05-27 16:00:00,25321.0
2013-05-27 17:00:00,25548.0
2013-05-27 18:00:00,26270.0
2013-05-27 19:00:00,26423.0
2013-05-27 20:00:00,26648.0
2013-05-27 21:00:00,26566.0
2013-05-27 22:00:00,25892.0
2013-05-27 23:00:00,19608.0
2013-05-28 00:00:00,16228.0
2013-05-28 01:00:00,15271.0
2013-05-28 02:00:00,14750.0
2013-05-28 03:00:00,14289.0
2013-05-28 04:00:00,14800.0
2013-05-28 05:00:00,15338.0
2013-05-28 06:00:00,16379.0
2013-05-28 07:00:00,18103.0
2013-05-28 08:00:00,19094.0
2013-05-28 09:00:00,24606.0
2013-05-28 10:00:00,24851.0
2013-05-28 11:00:00,26195.0
2013-05-28 12:00:00,26044.0
2013-05-28 13:00:00,25532.0
2013-05-28 14:00:00,25321.0
2013-05-28 15:00:00,24700.0
2013-05-28 16:00:00,25220.0
2013-05-28 17:00:00,25792.0
2013-05-28 18:00:00,26212.0
2013-05-28 19:00:00,26085.0
2013-05-28 20:00:00,26481.0
2013-05-28 21:00:00,27245.0
2013-05-28 22:00:00,26742.0
2013-05-28 23:00:00,20373.0
2013-05-29 00:00:00,17028.0
2013-05-29 01:00:00,15170.0
2013-05-29 02:00:00,14902.0
2013-05-29 03:00:00,14077.0
2013-05-29 04:00:00,15145.0
2013-05-29 05:00:00,15204.0
2013-05-29 06:00:00,16078.0
2013-05-29 07:00:00,17959.0
2013-05-29 08:00:00,18935.0
2013-05-29 09:00:00,23825.0
2013-05-29 10:00:00,25255.0
2013-05-29 11:00:00,26657.0
2013-05-29 12:00:00,26734.0
2013-05-29 13:00:00,26145.0
2013-05-29 14:00:00,25935.0
2013-05-29 15:00:00,25700.0
2013-05-29 16:00:00,26691.0
2013-05-29 17:00:00,26599.0
2013-05-29 18:00:00,27238.0
2013-05-29 19:00:00,26347.0
2013-05-29 20:00:00,26069.0
2013-05-29 21:00:00,26632.0
2013-05-29 22:00:00,25523.0
2013-05-29 23:00:00,19968.0
2013-05-30 00:00:00,16187.0
2013-05-30 01:00:00,15129.0
2013-05-30 02:00:00,14582.0
2013-05-30 03:00:00,13892.0
2013-05-30 04:00:00,14380.0
2013-05-30 05:00:00,14935.0
2013-05-30 06:00:00,16019.0
2013-05-30 07:00:00,17573.0
2013-05-30 08:00:00,18869.0
2013-05-30 09:00:00,24104.0
2013-05-30 10:00:00,25144.0
2013-05-30 11:00:00,26439.0
2013-05-30 12:00:00,25936.0
2013-05-30 13:00:00,25834.0
2013-05-30 14:00:00,26330.0
2013-05-30 15:00:00,26456.0
2013-05-30 16:00:00,26935.0
2013-05-30 17:00:00,27531.0
2013-05-30 18:00:00,27481.0
2013-05-30 19:00:00,26910.0
2013-05-30 20:00:00,26885.0
2013-05-30 21:00:00,27070.0
2013-05-30 22:00:00,26767.0
2013-05-30 23:00:00,20758.0
2013-05-31 00:00:00,17531.0
2013-05-31 01:00:00,16170.0
2013-05-31 02:00:00,15163.0
2013-05-31 03:00:00,14422.0
2013-05-31 04:00:00,14800.0
2013-05-31 05:00:00,15464.0
2013-05-31 06:00:00,15952.0
2013-05-31 07:00:00,18439.0
2013-05-31 08:00:00,18675.0
2013-05-31 09:00:00,24750.0
2013-05-31 10:00:00,25028.0
2013-05-31 11:00:00,26003.0
2013-05-31 12:00:00,26867.0
2013-05-31 13:00:00,26759.0
2013-05-31 14:00:00,26338.0
2013-05-31 15:00:00,25841.0
2013-05-31 16:00:00,26751.0
2013-05-31 17:00:00,27438.0
2013-05-31 18:00:00,27977.0
2013-05-31 19:00:00,27875.0
2013-05-31 20:00:00,28666.0
2013-05-31 21:00:00,28514.0
2013-05-31 22:00:00,28414.0
2013-05-31 23:00:00,27615.0
2013-06-01 00:00:00,22220.0
2013-06-01 01:00:00,16707.0
2013-06-01 02:00:00,15565.0
2013-06-01 03:00:00,14993.0
2013-06-01 04:00:00,15565.0
2013-06-01 05:00:00,15304.0
2013-06-01 06:00:00,16447.0
2013-06-01 07:00:00,18128.0
2013-06-01 08:00:00,19556.0
2013-06-01 09:00:00,24364.0
2013-06-01 10:00:00,26237.0
2013-06-01 11:00:00,30834.0
2013-06-01 12:00:00,32094.0
2013-06-01 13:00:00,31876.0
2013-06-01 14:00:00,31279.0
2013-06-01 15:00:00,30742.0
2013-06-01 16:00:00,32103.0
2013-06-01 17:00:00,32884.0
2013-06-01 18:00:00,33102.0
2013-06-01 19:00:00,34011.0
2013-06-01 20:00:00,34725.0
2013-06-01 21:00:00,35523.0
2013-06-01 22:00:00,31767.0
2013-06-01 23:00:00,29153.0
2013-06-02 00:00:00,22951.0
2013-06-02 01:00:00,17884.0
2013-06-02 02:00:00,16356.0
2013-06-02 03:00:00,16614.0
2013-06-02 04:00:00,17053.0
2013-06-02 05:00:00,16751.0
2013-06-02 06:00:00,18927.0
2013-06-02 07:00:00,19960.0
2013-06-02 08:00:00,20767.0
2013-06-02 09:00:00,24573.0
2013-06-02 10:00:00,25397.0
2013-06-02 11:00:00,26195.0
2013-06-02 12:00:00,27111.0
2013-06-02 13:00:00,27565.0
2013-06-02 14:00:00,27833.0
2013-06-02 15:00:00,28330.0
2013-06-02 16:00:00,28951.0
2013-06-02 17:00:00,29128.0
2013-06-02 18:00:00,29348.0
2013-06-02 19:00:00,29556.0
2013-06-02 20:00:00,30280.0
2013-06-02 21:00:00,30389.0
2013-06-02 22:00:00,28943.0
2013-06-02 23:00:00,22321.0
2013-06-03 00:00:00,20036.0
2013-06-03 01:00:00,17892.0
2013-06-03 02:00:00,17212.0
2013-06-03 03:00:00,16414.0
2013-06-03 04:00:00,16684.0
2013-06-03 05:00:00,17531.0
2013-06-03 06:00:00,21398.0
2013-06-03 07:00:00,25540.0
2013-06-03 08:00:00,25254.0
2013-06-03 09:00:00,27666.0
2013-06-03 10:00:00,27808.0
2013-06-03 11:00:00,30709.0
2013-06-03 12:00:00,34103.0
2013-06-03 13:00:00,34254.0
2013-06-03 14:00:00,33994.0
2013-06-03 15:00:00,33708.0
2013-06-03 16:00:00,33631.0
2013-06-03 17:00:00,34800.0
2013-06-03 18:00:00,33263.0
2013-06-03 19:00:00,29809.0
2013-06-03 20:00:00,30245.0
2013-06-03 21:00:00,34960.0
2013-06-03 22:00:00,31380.0
2013-06-03 23:00:00,24076.0
2013-06-04 00:00:00,19439.0
2013-06-04 01:00:00,17473.0
2013-06-04 02:00:00,16439.0
2013-06-04 03:00:00,16716.0
2013-06-04 04:00:00,16329.0
2013-06-04 05:00:00,17389.0
2013-06-04 06:00:00,21371.0
2013-06-04 07:00:00,25624.0
2013-06-04 08:00:00,26464.0
2013-06-04 09:00:00,29128.0
2013-06-04 10:00:00,29111.0
2013-06-04 11:00:00,31212.0
2013-06-04 12:00:00,34270.0
2013-06-04 13:00:00,33775.0
2013-06-04 14:00:00,33766.0
2013-06-04 15:00:00,33288.0
2013-06-04 16:00:00,33557.0
2013-06-04 17:00:00,35171.0
2013-06-04 18:00:00,33926.0
2013-06-04 19:00:00,28917.0
2013-06-04 20:00:00,30187.0
2013-06-04 21:00:00,34220.0
2013-06-04 22:00:00,29833.0
2013-06-04 23:00:00,22633.0
2013-06-05 00:00:00,18968.0
2013-06-05 01:00:00,16304.0
2013-06-05 02:00:00,15961.0
2013-06-05 03:00:00,14868.0
2013-06-05 04:00:00,15431.0
2013-06-05 05:00:00,15415.0
2013-06-05 06:00:00,20128.0
2013-06-05 07:00:00,23935.0
2013-06-05 08:00:00,25321.0
2013-06-05 09:00:00,27574.0
2013-06-05 10:00:00,27456.0
2013-06-05 11:00:00,29245.0
2013-06-05 12:00:00,31884.0
2013-06-05 13:00:00,31573.0
2013-06-05 14:00:00,31212.0
2013-06-05 15:00:00,30960.0
2013-06-05 16:00:00,31885.0
2013-06-05 17:00:00,32800.0
2013-06-05 18:00:00,32624.0
2013-06-05 19:00:00,28456.0
2013-06-05 20:00:00,28430.0
2013-06-05 21:00:00,32120.0
2013-06-05 22:00:00,28549.0
2013-06-05 23:00:00,21338.0
2013-06-06 00:00:00,18044.0
2013-06-06 01:00:00,16716.0
2013-06-06 02:00:00,16002.0
2013-06-06 03:00:00,15044.0
2013-06-06 04:00:00,15523.0
2013-06-06 05:00:00,16027.0
2013-06-06 06:00:00,19632.0
2013-06-06 07:00:00,23548.0
2013-06-06 08:00:00,23758.0
2013-06-06 09:00:00,28431.0
2013-06-06 10:00:00,28254.0
2013-06-06 11:00:00,29430.0
2013-06-06 12:00:00,32338.0
2013-06-06 13:00:00,31573.0
2013-06-06 14:00:00,31615.0
2013-06-06 15:00:00,30699.0
2013-06-06 16:00:00,31539.0
2013-06-06 17:00:00,31833.0
2013-06-06 18:00:00,31254.0
2013-06-06 19:00:00,27725.0
2013-06-06 20:00:00,27942.0
2013-06-06 21:00:00,32641.0
2013-06-06 22:00:00,29246.0
2013-06-06 23:00:00,21799.0
2013-06-07 00:00:00,18590.0
2013-06-07 01:00:00,16624.0
2013-06-07 02:00:00,16573.0
2013-06-07 03:00:00,15800.0
2013-06-07 04:00:00,16692.0
2013-06-07 05:00:00,16077.0
2013-06-07 06:00:00,19103.0
2013-06-07 07:00:00,23111.0
2013-06-07 08:00:00,23557.0
2013-06-07 09:00:00,27952.0
2013-06-07 10:00:00,27910.0
2013-06-07 11:00:00,29867.0
2013-06-07 12:00:00,31792.0
2013-06-07 13:00:00,31640.0
2013-06-07 14:00:00,31700.0
2013-06-07 15:00:00,31086.0
2013-06-07 16:00:00,31505.0
2013-06-07 17:00:00,32329.0
2013-06-07 18:00:00,31355.0
2013-06-07 19:00:00,28002.0
2013-06-07 20:00:00,28455.0
2013-06-07 21:00:00,31262.0
2013-06-07 22:00:00,30615.0
2013-06-07 23:00:00,27515.0
2013-06-08 00:00:00,21422.0
2013-06-08 01:00:00,17296.0
2013-06-08 02:00:00,15734.0
2013-06-08 03:00:00,15666.0
2013-06-08 04:00:00,15943.0
2013-06-08 05:00:00,15767.0
2013-06-08 06:00:00,18734.0
2013-06-08 07:00:00,22531.0
2013-06-08 08:00:00,22775.0
2013-06-08 09:00:00,26305.0
2013-06-08 10:00:00,29044.0
2013-06-08 11:00:00,31262.0
2013-06-08 12:00:00,31472.0
2013-06-08 13:00:00,31657.0
2013-06-08 14:00:00,31364.0
2013-06-08 15:00:00,30573.0
2013-06-08 16:00:00,30548.0
2013-06-08 17:00:00,31623.0
2013-06-08 18:00:00,32623.0
2013-06-08 19:00:00,32910.0
2013-06-08 20:00:00,32565.0
2013-06-08 21:00:00,32969.0
2013-06-08 22:00:00,30464.0
2013-06-08 23:00:00,26918.0
2013-06-09 00:00:00,21641.0
2013-06-09 01:00:00,17321.0
2013-06-09 02:00:00,16011.0
2013-06-09 03:00:00,15346.0
2013-06-09 04:00:00,15573.0
2013-06-09 05:00:00,15615.0
2013-06-09 06:00:00,17708.0
2013-06-09 07:00:00,19187.0
2013-06-09 08:00:00,20556.0
2013-06-09 09:00:00,25221.0
2013-06-09 10:00:00,27582.0
2013-06-09 11:00:00,27842.0
2013-06-09 12:00:00,27607.0
2013-06-09 13:00:00,26809.0
2013-06-09 14:00:00,26305.0
2013-06-09 15:00:00,25944.0
2013-06-09 16:00:00,26237.0
2013-06-09 17:00:00,27212.0
2013-06-09 18:00:00,27480.0
2013-06-09 19:00:00,28406.0
2013-06-09 20:00:00,29011.0
2013-06-09 21:00:00,29817.0
2013-06-09 22:00:00,27548.0
2013-06-09 23:00:00,21911.0
2013-06-10 00:00:00,18675.0
2013-06-10 01:00:00,16482.0
2013-06-10 02:00:00,15692.0
2013-06-10 03:00:00,14968.0
2013-06-10 04:00:00,16010.0
2013-06-10 05:00:00,16657.0
2013-06-10 06:00:00,19648.0
2013-06-10 07:00:00,23968.0
2013-06-10 08:00:00,23607.0
2013-06-10 09:00:00,27364.0
2013-06-10 10:00:00,27003.0
2013-06-10 11:00:00,28842.0
2013-06-10 12:00:00,31589.0
2013-06-10 13:00:00,30835.0
2013-06-10 14:00:00,31035.0
2013-06-10 15:00:00,30909.0
2013-06-10 16:00:00,31179.0
2013-06-10 17:00:00,32070.0
2013-06-10 18:00:00,32330.0
2013-06-10 19:00:00,28884.0
2013-06-10 20:00:00,29186.0
2013-06-10 21:00:00,32346.0
2013-06-10 22:00:00,29976.0
2013-06-10 23:00:00,21674.0
2013-06-11 00:00:00,18262.0
2013-06-11 01:00:00,16658.0
2013-06-11 02:00:00,15834.0
2013-06-11 03:00:00,15337.0
2013-06-11 04:00:00,15800.0
2013-06-11 05:00:00,16581.0
2013-06-11 06:00:00,19086.0
2013-06-11 07:00:00,22859.0
2013-06-11 08:00:00,23825.0
2013-06-11 09:00:00,29734.0
2013-06-11 10:00:00,29027.0
2013-06-11 11:00:00,30498.0
2013-06-11 12:00:00,32925.0
2013-06-11 13:00:00,32725.0
2013-06-11 14:00:00,31826.0
2013-06-11 15:00:00,31632.0
2013-06-11 16:00:00,31531.0
2013-06-11 17:00:00,32808.0
2013-06-11 18:00:00,31952.0
2013-06-11 19:00:00,28002.0
2013-06-11 20:00:00,28354.0
2013-06-11 21:00:00,32589.0
2013-06-11 22:00:00,29161.0
2013-06-11 23:00:00,22170.0
2013-06-12 00:00:00,18515.0
2013-06-12 01:00:00,17296.0
2013-06-12 02:00:00,16498.0
2013-06-12 03:00:00,16170.0
2013-06-12 04:00:00,16649.0
2013-06-12 05:00:00,16867.0
2013-06-12 06:00:00,20094.0
2013-06-12 07:00:00,23665.0
2013-06-12 08:00:00,24599.0
2013-06-12 09:00:00,28480.0
2013-06-12 10:00:00,28708.0
2013-06-12 11:00:00,30195.0
2013-06-12 12:00:00,32221.0
2013-06-12 13:00:00,31388.0
2013-06-12 14:00:00,31179.0
2013-06-12 15:00:00,30650.0
2013-06-12 16:00:00,31826.0
2013-06-12 17:00:00,32338.0
2013-06-12 18:00:00,31103.0
2013-06-12 19:00:00,27994.0
2013-06-12 20:00:00,28439.0
2013-06-12 21:00:00,31473.0
2013-06-12 22:00:00,28540.0
2013-06-12 23:00:00,22456.0
2013-06-13 00:00:00,18994.0
2013-06-13 01:00:00,17952.0
2013-06-13 02:00:00,16699.0
2013-06-13 03:00:00,15842.0
2013-06-13 04:00:00,16120.0
2013-06-13 05:00:00,16574.0
2013-06-13 06:00:00,19859.0
2013-06-13 07:00:00,23733.0
2013-06-13 08:00:00,24935.0
2013-06-13 09:00:00,28128.0
2013-06-13 10:00:00,27927.0
2013-06-13 11:00:00,29389.0
2013-06-13 12:00:00,32171.0
2013-06-13 13:00:00,32473.0
2013-06-13 14:00:00,33876.0
2013-06-13 15:00:00,32616.0
2013-06-13 16:00:00,33254.0
2013-06-13 17:00:00,34128.0
2013-06-13 18:00:00,32145.0
2013-06-13 19:00:00,28010.0
2013-06-13 20:00:00,28657.0
2013-06-13 21:00:00,32153.0
2013-06-13 22:00:00,28482.0
2013-06-13 23:00:00,21456.0
2013-06-14 00:00:00,17951.0
2013-06-14 01:00:00,16499.0
2013-06-14 02:00:00,16103.0
2013-06-14 03:00:00,15439.0
2013-06-14 04:00:00,15800.0
2013-06-14 05:00:00,15851.0
2013-06-14 06:00:00,19348.0
2013-06-14 07:00:00,22961.0
2013-06-14 08:00:00,23985.0
2013-06-14 09:00:00,27800.0
2013-06-14 10:00:00,28591.0
2013-06-14 11:00:00,29674.0
2013-06-14 12:00:00,31574.0
2013-06-14 13:00:00,32203.0
2013-06-14 14:00:00,31749.0
2013-06-14 15:00:00,31178.0
2013-06-14 16:00:00,31280.0
2013-06-14 17:00:00,31448.0
2013-06-14 18:00:00,30767.0
2013-06-14 19:00:00,27682.0
2013-06-14 20:00:00,28322.0
2013-06-14 21:00:00,29574.0
2013-06-14 22:00:00,29859.0
2013-06-14 23:00:00,27111.0
2013-06-15 00:00:00,21909.0
2013-06-15 01:00:00,17640.0
2013-06-15 02:00:00,16077.0
2013-06-15 03:00:00,15775.0
2013-06-15 04:00:00,16045.0
2013-06-15 05:00:00,16212.0
2013-06-15 06:00:00,18843.0
2013-06-15 07:00:00,22414.0
2013-06-15 08:00:00,22893.0
2013-06-15 09:00:00,26430.0
2013-06-15 10:00:00,29381.0
2013-06-15 11:00:00,30858.0
2013-06-15 12:00:00,30944.0
2013-06-15 13:00:00,31801.0
2013-06-15 14:00:00,31328.0
2013-06-15 15:00:00,30204.0
2013-06-15 16:00:00,30288.0
2013-06-15 17:00:00,30851.0
2013-06-15 18:00:00,31119.0
2013-06-15 19:00:00,31229.0
2013-06-15 20:00:00,31489.0
2013-06-15 21:00:00,31767.0
2013-06-15 22:00:00,30422.0
2013-06-15 23:00:00,27934.0
2013-06-16 00:00:00,21607.0
2013-06-16 01:00:00,17128.0
2013-06-16 02:00:00,16137.0
2013-06-16 03:00:00,15531.0
2013-06-16 04:00:00,15599.0
2013-06-16 05:00:00,15254.0
2013-06-16 06:00:00,16615.0
2013-06-16 07:00:00,18684.0
2013-06-16 08:00:00,19532.0
2013-06-16 09:00:00,23726.0
2013-06-16 10:00:00,25304.0
2013-06-16 11:00:00,26414.0
2013-06-16 12:00:00,26271.0
2013-06-16 13:00:00,26363.0
2013-06-16 14:00:00,26407.0
2013-06-16 15:00:00,25909.0
2013-06-16 16:00:00,26683.0
2013-06-16 17:00:00,27749.0
2013-06-16 18:00:00,31784.0
2013-06-16 19:00:00,31280.0
2013-06-16 20:00:00,29717.0
2013-06-16 21:00:00,28809.0
2013-06-16 22:00:00,27666.0
2013-06-16 23:00:00,21791.0
2013-06-17 00:00:00,18490.0
2013-06-17 01:00:00,16775.0
2013-06-17 02:00:00,15910.0
2013-06-17 03:00:00,14986.0
2013-06-17 04:00:00,15658.0
2013-06-17 05:00:00,15842.0
2013-06-17 06:00:00,18986.0
2013-06-17 07:00:00,23103.0
2013-06-17 08:00:00,24027.0
2013-06-17 09:00:00,27691.0
2013-06-17 10:00:00,27674.0
2013-06-17 11:00:00,29607.0
2013-06-17 12:00:00,31892.0
2013-06-17 13:00:00,31304.0
2013-06-17 14:00:00,30431.0
2013-06-17 15:00:00,30195.0
2013-06-17 16:00:00,31060.0
2013-06-17 17:00:00,32028.0
2013-06-17 18:00:00,30934.0
2013-06-17 19:00:00,27514.0
2013-06-17 20:00:00,28137.0
2013-06-17 21:00:00,30766.0
2013-06-17 22:00:00,28069.0
2013-06-17 23:00:00,21708.0
2013-06-18 00:00:00,18178.0
2013-06-18 01:00:00,17767.0
2013-06-18 02:00:00,16809.0
2013-06-18 03:00:00,16003.0
2013-06-18 04:00:00,15808.0
2013-06-18 05:00:00,15967.0
2013-06-18 06:00:00,18549.0
2013-06-18 07:00:00,22464.0
2013-06-18 08:00:00,23691.0
2013-06-18 09:00:00,27423.0
2013-06-18 10:00:00,26978.0
2013-06-18 11:00:00,29212.0
2013-06-18 12:00:00,32145.0
2013-06-18 13:00:00,32388.0
2013-06-18 14:00:00,32641.0
2013-06-18 15:00:00,32052.0
2013-06-18 16:00:00,31859.0
2013-06-18 17:00:00,32170.0
2013-06-18 18:00:00,31565.0
2013-06-18 19:00:00,27867.0
2013-06-18 20:00:00,28355.0
2013-06-18 21:00:00,31152.0
2013-06-18 22:00:00,28523.0
2013-06-18 23:00:00,21456.0
2013-06-19 00:00:00,18783.0
2013-06-19 01:00:00,16994.0
2013-06-19 02:00:00,16279.0
2013-06-19 03:00:00,15691.0
2013-06-19 04:00:00,16355.0
2013-06-19 05:00:00,16103.0
2013-06-19 06:00:00,19699.0
2013-06-19 07:00:00,22044.0
2013-06-19 08:00:00,23036.0
2013-06-19 09:00:00,26019.0
2013-06-19 10:00:00,27371.0
2013-06-19 11:00:00,28741.0
2013-06-19 12:00:00,30439.0
2013-06-19 13:00:00,30892.0
2013-06-19 14:00:00,30447.0
2013-06-19 15:00:00,30178.0
2013-06-19 16:00:00,30784.0
2013-06-19 17:00:00,31464.0
2013-06-19 18:00:00,30020.0
2013-06-19 19:00:00,27440.0
2013-06-19 20:00:00,27809.0
2013-06-19 21:00:00,29900.0
2013-06-19 22:00:00,28354.0
2013-06-19 23:00:00,21717.0
2013-06-20 00:00:00,18700.0
2013-06-20 01:00:00,16582.0
2013-06-20 02:00:00,15792.0
2013-06-20 03:00:00,15094.0
2013-06-20 04:00:00,15457.0
2013-06-20 05:00:00,15574.0
2013-06-20 06:00:00,16557.0
2013-06-20 07:00:00,18146.0
2013-06-20 08:00:00,19355.0
2013-06-20 09:00:00,26724.0
2013-06-20 10:00:00,27355.0
2013-06-20 11:00:00,28388.0
2013-06-20 12:00:00,30204.0
2013-06-20 13:00:00,30171.0
2013-06-20 14:00:00,29641.0
2013-06-20 15:00:00,29347.0
2013-06-20 16:00:00,30430.0
2013-06-20 17:00:00,30439.0
2013-06-20 18:00:00,29808.0
2013-06-20 19:00:00,27481.0
2013-06-20 20:00:00,27969.0
2013-06-20 21:00:00,29985.0
2013-06-20 22:00:00,27927.0
2013-06-20 23:00:00,21910.0
2013-06-21 00:00:00,18632.0
2013-06-21 01:00:00,16758.0
2013-06-21 02:00:00,16423.0
2013-06-21 03:00:00,15430.0
2013-06-21 04:00:00,16464.0
2013-06-21 05:00:00,16060.0
2013-06-21 06:00:00,19843.0
2013-06-21 07:00:00,22472.0
2013-06-21 08:00:00,24456.0
2013-06-21 09:00:00,27959.0
2013-06-21 10:00:00,27313.0
2013-06-21 11:00:00,28649.0
2013-06-21 12:00:00,31271.0
2013-06-21 13:00:00,31633.0
2013-06-21 14:00:00,31430.0
2013-06-21 15:00:00,31153.0
2013-06-21 16:00:00,31262.0
2013-06-21 17:00:00,31800.0
2013-06-21 18:00:00,30867.0
2013-06-21 19:00:00,29136.0
2013-06-21 20:00:00,29666.0
2013-06-21 21:00:00,30313.0
2013-06-21 22:00:00,29086.0
2013-06-21 23:00:00,28026.0
2013-06-22 00:00:00,22329.0
2013-06-22 01:00:00,17422.0
2013-06-22 02:00:00,16128.0
2013-06-22 03:00:00,15726.0
2013-06-22 04:00:00,15900.0
2013-06-22 05:00:00,16507.0
2013-06-22 06:00:00,19305.0
2013-06-22 07:00:00,21287.0
2013-06-22 08:00:00,25018.0
2013-06-22 09:00:00,26464.0
2013-06-22 10:00:00,27145.0
2013-06-22 11:00:00,29506.0
2013-06-22 12:00:00,30271.0
2013-06-22 13:00:00,30464.0
2013-06-22 14:00:00,29758.0
2013-06-22 15:00:00,29002.0
2013-06-22 16:00:00,30095.0
2013-06-22 17:00:00,30884.0
2013-06-22 18:00:00,31364.0
2013-06-22 19:00:00,31875.0
2013-06-22 20:00:00,31523.0
2013-06-22 21:00:00,32002.0
2013-06-22 22:00:00,29859.0
2013-06-22 23:00:00,27279.0
2013-06-23 00:00:00,22313.0
2013-06-23 01:00:00,17826.0
2013-06-23 02:00:00,16885.0
2013-06-23 03:00:00,16111.0
2013-06-23 04:00:00,16784.0
2013-06-23 05:00:00,16565.0
2013-06-23 06:00:00,18893.0
2013-06-23 07:00:00,19943.0
2013-06-23 08:00:00,22027.0
2013-06-23 09:00:00,25606.0
2013-06-23 10:00:00,26245.0
2013-06-23 11:00:00,27548.0
2013-06-23 12:00:00,28305.0
2013-06-23 13:00:00,28817.0
2013-06-23 14:00:00,28414.0
2013-06-23 15:00:00,27574.0
2013-06-23 16:00:00,27674.0
2013-06-23 17:00:00,28473.0
2013-06-23 18:00:00,29582.0
2013-06-23 19:00:00,30027.0
2013-06-23 20:00:00,30556.0
2013-06-23 21:00:00,30666.0
2013-06-23 22:00:00,29422.0
2013-06-23 23:00:00,22910.0
2013-06-24 00:00:00,19969.0
2013-06-24 01:00:00,18539.0
2013-06-24 02:00:00,17783.0
2013-06-24 03:00:00,17312.0
2013-06-24 04:00:00,18027.0
2013-06-24 05:00:00,18027.0
2013-06-24 06:00:00,20692.0
2013-06-24 07:00:00,23867.0
2013-06-24 08:00:00,22699.0
2013-06-24 09:00:00,26582.0
2013-06-24 10:00:00,26161.0
2013-06-24 11:00:00,27742.0
2013-06-24 12:00:00,31086.0
2013-06-24 13:00:00,32052.0
2013-06-24 14:00:00,32632.0
2013-06-24 15:00:00,32052.0
2013-06-24 16:00:00,34204.0
2013-06-24 17:00:00,34608.0
2013-06-24 18:00:00,34767.0
2013-06-24 19:00:00,32575.0
2013-06-24 20:00:00,33036.0
2013-06-24 21:00:00,36095.0
2013-06-24 22:00:00,32557.0
2013-06-24 23:00:00,25801.0
2013-06-25 00:00:00,21598.0
2013-06-25 01:00:00,19498.0
2013-06-25 02:00:00,18708.0
2013-06-25 03:00:00,17766.0
2013-06-25 04:00:00,17581.0
2013-06-25 05:00:00,18540.0
2013-06-25 06:00:00,21649.0
2013-06-25 07:00:00,25263.0
2013-06-25 08:00:00,25119.0
2013-06-25 09:00:00,29591.0
2013-06-25 10:00:00,29002.0
2013-06-25 11:00:00,31758.0
2013-06-25 12:00:00,36396.0
2013-06-25 13:00:00,35951.0
2013-06-25 14:00:00,37397.0
2013-06-25 15:00:00,37817.0
2013-06-25 16:00:00,39019.0
2013-06-25 17:00:00,39616.0
2013-06-25 18:00:00,37749.0
2013-06-25 19:00:00,32793.0
2013-06-25 20:00:00,33119.0
2013-06-25 21:00:00,36691.0
2013-06-25 22:00:00,32850.0
2013-06-25 23:00:00,24858.0
2013-06-26 00:00:00,21128.0
2013-06-26 01:00:00,19463.0
2013-06-26 02:00:00,18960.0
2013-06-26 03:00:00,18238.0
2013-06-26 04:00:00,19019.0
2013-06-26 05:00:00,18675.0
2013-06-26 06:00:00,22749.0
2013-06-26 07:00:00,25649.0
2013-06-26 08:00:00,26682.0
2013-06-26 09:00:00,30018.0
2013-06-26 10:00:00,28868.0
2013-06-26 11:00:00,31909.0
2013-06-26 12:00:00,36388.0
2013-06-26 13:00:00,36758.0
2013-06-26 14:00:00,36665.0
2013-06-26 15:00:00,37347.0
2013-06-26 16:00:00,38649.0
2013-06-26 17:00:00,38490.0
2013-06-26 18:00:00,38893.0
2013-06-26 19:00:00,35313.0
2013-06-26 20:00:00,33405.0
2013-06-26 21:00:00,35902.0
2013-06-26 22:00:00,31868.0
2013-06-26 23:00:00,26295.0
2013-06-27 00:00:00,21834.0
2013-06-27 01:00:00,20220.0
2013-06-27 02:00:00,19304.0
2013-06-27 03:00:00,18447.0
2013-06-27 04:00:00,18733.0
2013-06-27 05:00:00,19010.0
2013-06-27 06:00:00,22003.0
2013-06-27 07:00:00,24531.0
2013-06-27 08:00:00,24581.0
2013-06-27 09:00:00,29202.0
2013-06-27 10:00:00,31515.0
2013-06-27 11:00:00,30867.0
2013-06-27 12:00:00,39406.0
2013-06-27 13:00:00,37347.0
2013-06-27 14:00:00,38314.0
2013-06-27 15:00:00,37448.0
2013-06-27 16:00:00,41582.0
2013-06-27 17:00:00,43514.0
2013-06-27 18:00:00,40246.0
2013-06-27 19:00:00,34069.0
2013-06-27 20:00:00,34523.0
2013-06-27 21:00:00,40942.0
2013-06-27 22:00:00,35312.0
2013-06-27 23:00:00,27052.0
2013-06-28 00:00:00,22135.0
2013-06-28 01:00:00,20278.0
2013-06-28 02:00:00,19952.0
2013-06-28 03:00:00,19153.0
2013-06-28 04:00:00,19599.0
2013-06-28 05:00:00,19766.0
2013-06-28 06:00:00,23749.0
2013-06-28 07:00:00,27346.0
2013-06-28 08:00:00,26523.0
2013-06-28 09:00:00,30120.0
2013-06-28 10:00:00,29825.0
2013-06-28 11:00:00,34077.0
2013-06-28 12:00:00,38044.0
2013-06-28 13:00:00,36447.0
2013-06-28 14:00:00,38195.0
2013-06-28 15:00:00,38313.0
2013-06-28 16:00:00,38977.0
2013-06-28 17:00:00,40078.0
2013-06-28 18:00:00,39666.0
2013-06-28 19:00:00,35271.0
2013-06-28 20:00:00,36423.0
2013-06-28 21:00:00,37792.0
2013-06-28 22:00:00,35632.0
2013-06-28 23:00:00,32514.0
2013-06-29 00:00:00,26716.0
2013-06-29 01:00:00,21430.0
2013-06-29 02:00:00,20195.0
2013-06-29 03:00:00,19750.0
2013-06-29 04:00:00,20271.0
2013-06-29 05:00:00,20481.0
2013-06-29 06:00:00,25028.0
2013-06-29 07:00:00,29633.0
2013-06-29 08:00:00,28177.0
2013-06-29 09:00:00,33456.0
2013-06-29 10:00:00,34708.0
2013-06-29 11:00:00,37583.0
2013-06-29 12:00:00,38800.0
2013-06-29 13:00:00,38977.0
2013-06-29 14:00:00,39506.0
2013-06-29 15:00:00,39036.0
2013-06-29 16:00:00,41909.0
2013-06-29 17:00:00,43094.0
2013-06-29 18:00:00,41641.0
2013-06-29 19:00:00,41867.0
2013-06-29 20:00:00,41642.0
2013-06-29 21:00:00,39960.0
2013-06-29 22:00:00,36406.0
2013-06-29 23:00:00,33465.0
2013-06-30 00:00:00,28599.0
2013-06-30 01:00:00,22985.0
2013-06-30 02:00:00,20867.0
2013-06-30 03:00:00,20574.0
2013-06-30 04:00:00,20464.0
2013-06-30 05:00:00,20423.0
2013-06-30 06:00:00,25178.0
2013-06-30 07:00:00,24397.0
2013-06-30 08:00:00,24751.0
2013-06-30 09:00:00,29221.0
2013-06-30 10:00:00,31230.0
2013-06-30 11:00:00,32590.0
2013-06-30 12:00:00,34254.0
2013-06-30 13:00:00,34885.0
2013-06-30 14:00:00,34186.0
2013-06-30 15:00:00,39161.0
2013-06-30 16:00:00,42749.0
2013-06-30 17:00:00,38539.0
2013-06-30 18:00:00,34919.0
2013-06-30 19:00:00,34675.0
2013-06-30 20:00:00,35127.0
2013-06-30 21:00:00,35514.0
2013-06-30 22:00:00,33893.0
2013-06-30 23:00:00,25784.0
2013-07-01 00:00:00,21011.0
2013-07-01 01:00:00,19329.0
2013-07-01 02:00:00,18414.0
2013-07-01 03:00:00,18296.0
2013-07-01 04:00:00,18851.0
2013-07-01 05:00:00,18960.0
2013-07-01 06:00:00,19557.0
2013-07-01 07:00:00,23355.0
2013-07-01 08:00:00,25270.0
2013-07-01 09:00:00,33766.0
2013-07-01 10:00:00,24388.0
2013-07-01 11:00:00,16112.0
2013-07-01 12:00:00,27161.0
2013-07-01 13:00:00,31943.0
2013-07-01 14:00:00,32599.0
2013-07-01 15:00:00,35111.0
2013-07-01 16:00:00,35851.0
2013-07-01 17:00:00,36045.0
2013-07-01 18:00:00,35430.0
2013-07-01 19:00:00,33288.0
2013-07-01 20:00:00,31179.0
2013-07-01 21:00:00,33507.0
2013-07-01 22:00:00,30640.0
2013-07-01 23:00:00,24262.0
2013-07-02 00:00:00,20582.0
2013-07-02 01:00:00,19624.0
2013-07-02 02:00:00,19010.0
2013-07-02 03:00:00,18959.0
2013-07-02 04:00:00,19354.0
2013-07-02 05:00:00,18943.0
2013-07-02 06:00:00,20078.0
2013-07-02 07:00:00,23002.0
2013-07-02 08:00:00,31557.0
2013-07-02 09:00:00,31556.0
2013-07-02 10:00:00,30758.0
2013-07-02 11:00:00,35751.0
2013-07-02 12:00:00,33867.0
2013-07-02 13:00:00,34842.0
2013-07-02 14:00:00,35102.0
2013-07-02 15:00:00,34725.0
2013-07-02 16:00:00,35465.0
2013-07-02 17:00:00,35171.0
2013-07-02 18:00:00,35111.0
2013-07-02 19:00:00,31843.0
2013-07-02 20:00:00,30438.0
2013-07-02 21:00:00,34069.0
2013-07-02 22:00:00,31759.0
2013-07-02 23:00:00,24834.0
2013-07-03 00:00:00,21909.0
2013-07-03 01:00:00,21102.0
2013-07-03 02:00:00,20338.0
2013-07-03 03:00:00,19884.0
2013-07-03 04:00:00,20296.0
2013-07-03 05:00:00,20438.0
2013-07-03 06:00:00,23607.0
2013-07-03 07:00:00,26826.0
2013-07-03 08:00:00,28783.0
2013-07-03 09:00:00,34186.0
2013-07-03 10:00:00,34961.0
2013-07-03 11:00:00,36330.0
2013-07-03 12:00:00,37994.0
2013-07-03 13:00:00,38934.0
2013-07-03 14:00:00,39380.0
2013-07-03 15:00:00,40043.0
2013-07-03 16:00:00,40700.0
2013-07-03 17:00:00,42204.0
2013-07-03 18:00:00,41607.0
2013-07-03 19:00:00,36758.0
2013-07-03 20:00:00,34254.0
2013-07-03 21:00:00,37085.0
2013-07-03 22:00:00,33472.0
2013-07-03 23:00:00,27565.0
2013-07-04 00:00:00,23783.0
2013-07-04 01:00:00,22287.0
2013-07-04 02:00:00,21993.0
2013-07-04 03:00:00,21145.0
2013-07-04 04:00:00,21892.0
2013-07-04 05:00:00,21530.0
2013-07-04 06:00:00,24229.0
2013-07-04 07:00:00,27321.0
2013-07-04 08:00:00,29565.0
2013-07-04 09:00:00,34010.0
2013-07-04 10:00:00,44473.0
2013-07-04 11:00:00,43750.0
2013-07-04 12:00:00,44817.0
2013-07-04 13:00:00,45170.0
2013-07-04 14:00:00,45540.0
2013-07-04 15:00:00,43817.0
2013-07-04 16:00:00,45237.0
2013-07-04 17:00:00,46498.0
2013-07-04 18:00:00,45623.0
2013-07-04 19:00:00,43397.0
2013-07-04 20:00:00,37608.0
2013-07-04 21:00:00,41179.0
2013-07-04 22:00:00,38666.0
2013-07-04 23:00:00,29876.0
2013-07-05 00:00:00,25968.0
2013-07-05 01:00:00,25027.0
2013-07-05 02:00:00,23615.0
2013-07-05 03:00:00,22590.0
2013-07-05 04:00:00,23002.0
2013-07-05 05:00:00,23204.0
2013-07-05 06:00:00,26381.0
2013-07-05 07:00:00,30943.0
2013-07-05 08:00:00,33019.0
2013-07-05 09:00:00,37515.0
2013-07-05 10:00:00,38179.0
2013-07-05 11:00:00,39288.0
2013-07-05 12:00:00,41616.0
2013-07-05 13:00:00,39885.0
2013-07-05 14:00:00,39574.0
2013-07-05 15:00:00,39288.0
2013-07-05 16:00:00,44196.0
2013-07-05 17:00:00,44060.0
2013-07-05 18:00:00,46212.0
2013-07-05 19:00:00,43733.0
2013-07-05 20:00:00,40078.0
2013-07-05 21:00:00,40154.0
2013-07-05 22:00:00,42136.0
2013-07-05 23:00:00,34943.0
2013-07-06 00:00:00,29608.0
2013-07-06 01:00:00,24196.0
2013-07-06 02:00:00,22884.0
2013-07-06 03:00:00,22522.0
2013-07-06 04:00:00,23464.0
2013-07-06 05:00:00,23178.0
2013-07-06 06:00:00,25221.0
2013-07-06 07:00:00,32917.0
2013-07-06 08:00:00,38573.0
2013-07-06 09:00:00,41371.0
2013-07-06 10:00:00,42396.0
2013-07-06 11:00:00,41540.0
2013-07-06 12:00:00,42078.0
2013-07-06 13:00:00,43489.0
2013-07-06 14:00:00,43876.0
2013-07-06 15:00:00,42044.0
2013-07-06 16:00:00,42397.0
2013-07-06 17:00:00,43354.0
2013-07-06 18:00:00,43523.0
2013-07-06 19:00:00,44565.0
2013-07-06 20:00:00,46337.0
2013-07-06 21:00:00,44153.0
2013-07-06 22:00:00,43272.0
2013-07-06 23:00:00,38238.0
2013-07-07 00:00:00,29338.0
2013-07-07 01:00:00,25011.0
2013-07-07 02:00:00,25010.0
2013-07-07 03:00:00,23875.0
2013-07-07 04:00:00,24716.0
2013-07-07 05:00:00,24851.0
2013-07-07 06:00:00,27321.0
2013-07-07 07:00:00,33237.0
2013-07-07 08:00:00,38707.0
2013-07-07 09:00:00,41422.0
2013-07-07 10:00:00,43354.0
2013-07-07 11:00:00,44515.0
2013-07-07 12:00:00,43203.0
2013-07-07 13:00:00,39691.0
2013-07-07 14:00:00,40179.0
2013-07-07 15:00:00,38625.0
2013-07-07 16:00:00,39287.0
2013-07-07 17:00:00,41178.0
2013-07-07 18:00:00,47506.0
2013-07-07 19:00:00,46968.0
2013-07-07 20:00:00,45682.0
2013-07-07 21:00:00,44237.0
2013-07-07 22:00:00,33691.0
2013-07-07 23:00:00,28111.0
2013-07-08 00:00:00,23842.0
2013-07-08 01:00:00,23052.0
2013-07-08 02:00:00,21926.0
2013-07-08 03:00:00,21480.0
2013-07-08 04:00:00,21842.0
2013-07-08 05:00:00,23438.0
2013-07-08 06:00:00,26321.0
2013-07-08 07:00:00,31112.0
2013-07-08 08:00:00,40314.0
2013-07-08 09:00:00,42515.0
2013-07-08 10:00:00,43078.0
2013-07-08 11:00:00,44566.0
2013-07-08 12:00:00,44414.0
2013-07-08 13:00:00,45599.0
2013-07-08 14:00:00,47943.0
2013-07-08 15:00:00,43540.0
2013-07-08 16:00:00,42725.0
2013-07-08 17:00:00,41943.0
2013-07-08 18:00:00,42170.0
2013-07-08 19:00:00,38943.0
2013-07-08 20:00:00,35196.0
2013-07-08 21:00:00,38582.0
2013-07-08 22:00:00,36430.0
2013-07-08 23:00:00,27506.0
2013-07-09 00:00:00,23447.0
2013-07-09 01:00:00,22354.0
2013-07-09 02:00:00,21791.0
2013-07-09 03:00:00,20683.0
2013-07-09 04:00:00,20977.0
2013-07-09 05:00:00,21683.0
2013-07-09 06:00:00,23144.0
2013-07-09 07:00:00,27465.0
2013-07-09 08:00:00,30422.0
2013-07-09 09:00:00,34523.0
2013-07-09 10:00:00,35304.0
2013-07-09 11:00:00,43826.0
2013-07-09 12:00:00,43203.0
2013-07-09 13:00:00,41809.0
2013-07-09 14:00:00,42136.0
2013-07-09 15:00:00,41742.0
2013-07-09 16:00:00,42119.0
2013-07-09 17:00:00,41380.0
2013-07-09 18:00:00,39867.0
2013-07-09 19:00:00,34615.0
2013-07-09 20:00:00,33036.0
2013-07-09 21:00:00,37237.0
2013-07-09 22:00:00,33633.0
2013-07-09 23:00:00,25842.0
2013-07-10 00:00:00,22953.0
2013-07-10 01:00:00,21690.0
2013-07-10 02:00:00,20985.0
2013-07-10 03:00:00,20456.0
2013-07-10 04:00:00,21002.0
2013-07-10 05:00:00,21707.0
2013-07-10 06:00:00,23196.0
2013-07-10 07:00:00,28070.0
2013-07-10 08:00:00,34952.0
2013-07-10 09:00:00,37305.0
2013-07-10 10:00:00,38228.0
2013-07-10 11:00:00,37969.0
2013-07-10 12:00:00,38347.0
2013-07-10 13:00:00,38186.0
2013-07-10 14:00:00,37993.0
2013-07-10 15:00:00,36935.0
2013-07-10 16:00:00,37153.0
2013-07-10 17:00:00,38187.0
2013-07-10 18:00:00,37228.0
2013-07-10 19:00:00,32524.0
2013-07-10 20:00:00,31456.0
2013-07-10 21:00:00,34356.0
2013-07-10 22:00:00,31238.0
2013-07-10 23:00:00,25876.0
2013-07-11 00:00:00,22683.0
2013-07-11 01:00:00,21280.0
2013-07-11 02:00:00,20649.0
2013-07-11 03:00:00,19925.0
2013-07-11 04:00:00,20431.0
2013-07-11 05:00:00,20759.0
2013-07-11 06:00:00,22590.0
2013-07-11 07:00:00,28581.0
2013-07-11 08:00:00,32288.0
2013-07-11 09:00:00,35742.0
2013-07-11 10:00:00,35783.0
2013-07-11 11:00:00,36724.0
2013-07-11 12:00:00,36766.0
2013-07-11 13:00:00,36918.0
2013-07-11 14:00:00,37237.0
2013-07-11 15:00:00,37137.0
2013-07-11 16:00:00,37875.0
2013-07-11 17:00:00,38027.0
2013-07-11 18:00:00,37497.0
2013-07-11 19:00:00,33507.0
2013-07-11 20:00:00,31027.0
2013-07-11 21:00:00,32103.0
2013-07-11 22:00:00,31422.0
2013-07-11 23:00:00,26288.0
2013-07-12 00:00:00,22809.0
2013-07-12 01:00:00,21557.0
2013-07-12 02:00:00,20465.0
2013-07-12 03:00:00,20304.0
2013-07-12 04:00:00,20515.0
2013-07-12 05:00:00,21153.0
2013-07-12 06:00:00,23347.0
2013-07-12 07:00:00,28909.0
2013-07-12 08:00:00,30657.0
2013-07-12 09:00:00,34439.0
2013-07-12 10:00:00,34959.0
2013-07-12 11:00:00,34373.0
2013-07-12 12:00:00,34448.0
2013-07-12 13:00:00,34481.0
2013-07-12 14:00:00,34246.0
2013-07-12 15:00:00,34044.0
2013-07-12 16:00:00,34640.0
2013-07-12 17:00:00,33372.0
2013-07-12 18:00:00,32127.0
2013-07-12 19:00:00,31087.0
2013-07-12 20:00:00,30498.0
2013-07-12 21:00:00,30691.0
2013-07-12 22:00:00,31431.0
2013-07-12 23:00:00,30246.0
2013-07-13 00:00:00,24978.0
2013-07-13 01:00:00,21843.0
2013-07-13 02:00:00,20699.0
2013-07-13 03:00:00,20011.0
2013-07-13 04:00:00,20422.0
2013-07-13 05:00:00,20331.0
2013-07-13 06:00:00,20976.0
2013-07-13 07:00:00,23086.0
2013-07-13 08:00:00,23960.0
2013-07-13 09:00:00,28591.0
2013-07-13 10:00:00,30103.0
2013-07-13 11:00:00,29969.0
2013-07-13 12:00:00,29977.0
2013-07-13 13:00:00,29942.0
2013-07-13 14:00:00,31246.0
2013-07-13 15:00:00,32960.0
2013-07-13 16:00:00,32413.0
2013-07-13 17:00:00,33002.0
2013-07-13 18:00:00,34406.0
2013-07-13 19:00:00,33691.0
2013-07-13 20:00:00,31053.0
2013-07-13 21:00:00,31169.0
2013-07-13 22:00:00,30766.0
2013-07-13 23:00:00,29254.0
2013-07-14 00:00:00,24978.0
2013-07-14 01:00:00,20296.0
2013-07-14 02:00:00,19573.0
2013-07-14 03:00:00,19112.0
2013-07-14 04:00:00,20010.0
2013-07-14 05:00:00,19767.0
2013-07-14 06:00:00,19926.0
2013-07-14 07:00:00,21783.0
2013-07-14 08:00:00,23448.0
2013-07-14 09:00:00,27329.0
2013-07-14 10:00:00,28364.0
2013-07-14 11:00:00,28262.0
2013-07-14 12:00:00,28834.0
2013-07-14 13:00:00,29758.0
2013-07-14 14:00:00,28104.0
2013-07-14 15:00:00,28044.0
2013-07-14 16:00:00,28918.0
2013-07-14 17:00:00,29909.0
2013-07-14 18:00:00,30641.0
2013-07-14 19:00:00,30498.0
2013-07-14 20:00:00,30859.0
2013-07-14 21:00:00,31271.0
2013-07-14 22:00:00,30489.0
2013-07-14 23:00:00,24953.0
2013-07-15 00:00:00,21321.0
2013-07-15 01:00:00,19548.0
2013-07-15 02:00:00,18724.0
2013-07-15 03:00:00,18767.0
2013-07-15 04:00:00,19212.0
2013-07-15 05:00:00,19699.0
2013-07-15 06:00:00,21684.0
2013-07-15 07:00:00,23137.0
2013-07-15 08:00:00,25658.0
2013-07-15 09:00:00,29817.0
2013-07-15 10:00:00,35540.0
2013-07-15 11:00:00,35985.0
2013-07-15 12:00:00,36515.0
2013-07-15 13:00:00,35943.0
2013-07-15 14:00:00,35759.0
2013-07-15 15:00:00,34725.0
2013-07-15 16:00:00,35498.0
2013-07-15 17:00:00,37018.0
2013-07-15 18:00:00,36817.0
2013-07-15 19:00:00,35876.0
2013-07-15 20:00:00,36582.0
2013-07-15 21:00:00,32204.0
2013-07-15 22:00:00,29220.0
2013-07-15 23:00:00,24859.0
2013-07-16 00:00:00,21322.0
2013-07-16 01:00:00,20044.0
2013-07-16 02:00:00,19237.0
2013-07-16 03:00:00,18909.0
2013-07-16 04:00:00,19800.0
2013-07-16 05:00:00,19951.0
2013-07-16 06:00:00,21246.0
2013-07-16 07:00:00,22884.0
2013-07-16 08:00:00,26959.0
2013-07-16 09:00:00,31943.0
2013-07-16 10:00:00,33801.0
2013-07-16 11:00:00,32952.0
2013-07-16 12:00:00,34069.0
2013-07-16 13:00:00,33598.0
2013-07-16 14:00:00,34901.0
2013-07-16 15:00:00,32825.0
2013-07-16 16:00:00,33195.0
2013-07-16 17:00:00,34288.0
2013-07-16 18:00:00,34515.0
2013-07-16 19:00:00,33917.0
2013-07-16 20:00:00,31833.0
2013-07-16 21:00:00,31186.0
2013-07-16 22:00:00,29943.0
2013-07-16 23:00:00,24791.0
2013-07-17 00:00:00,21641.0
2013-07-17 01:00:00,19926.0
2013-07-17 02:00:00,19027.0
2013-07-17 03:00:00,18615.0
2013-07-17 04:00:00,19296.0
2013-07-17 05:00:00,19523.0
2013-07-17 06:00:00,21481.0
2013-07-17 07:00:00,24028.0
2013-07-17 08:00:00,25246.0
2013-07-17 09:00:00,29238.0
2013-07-17 10:00:00,29826.0
2013-07-17 11:00:00,30111.0
2013-07-17 12:00:00,30035.0
2013-07-17 13:00:00,30422.0
2013-07-17 14:00:00,29860.0
2013-07-17 15:00:00,33632.0
2013-07-17 16:00:00,34725.0
2013-07-17 17:00:00,34699.0
2013-07-17 18:00:00,35396.0
2013-07-17 19:00:00,35145.0
2013-07-17 20:00:00,32044.0
2013-07-17 21:00:00,30195.0
2013-07-17 22:00:00,29523.0
2013-07-17 23:00:00,24691.0
2013-07-18 00:00:00,22313.0
2013-07-18 01:00:00,20011.0
2013-07-18 02:00:00,19086.0
2013-07-18 03:00:00,18414.0
2013-07-18 04:00:00,19052.0
2013-07-18 05:00:00,19927.0
2013-07-18 06:00:00,21043.0
2013-07-18 07:00:00,24902.0
2013-07-18 08:00:00,26858.0
2013-07-18 09:00:00,32330.0
2013-07-18 10:00:00,32422.0
2013-07-18 11:00:00,32951.0
2013-07-18 12:00:00,33741.0
2013-07-18 13:00:00,33724.0
2013-07-18 14:00:00,34423.0
2013-07-18 15:00:00,34053.0
2013-07-18 16:00:00,34246.0
2013-07-18 17:00:00,35708.0
2013-07-18 18:00:00,35422.0
2013-07-18 19:00:00,34994.0
2013-07-18 20:00:00,34859.0
2013-07-18 21:00:00,33447.0
2013-07-18 22:00:00,29245.0
2013-07-18 23:00:00,24287.0
2013-07-19 00:00:00,20876.0
2013-07-19 01:00:00,19431.0
2013-07-19 02:00:00,18624.0
2013-07-19 03:00:00,18641.0
2013-07-19 04:00:00,19322.0
2013-07-19 05:00:00,19717.0
2013-07-19 06:00:00,20808.0
2013-07-19 07:00:00,25809.0
2013-07-19 08:00:00,27338.0
2013-07-19 09:00:00,32699.0
2013-07-19 10:00:00,33935.0
2013-07-19 11:00:00,33817.0
2013-07-19 12:00:00,33683.0
2013-07-19 13:00:00,33364.0
2013-07-19 14:00:00,32339.0
2013-07-19 15:00:00,32136.0
2013-07-19 16:00:00,33195.0
2013-07-19 17:00:00,33641.0
2013-07-19 18:00:00,34120.0
2013-07-19 19:00:00,33557.0
2013-07-19 20:00:00,31196.0
2013-07-19 21:00:00,30818.0
2013-07-19 22:00:00,30187.0
2013-07-19 23:00:00,28859.0
2013-07-20 00:00:00,23255.0
2013-07-20 01:00:00,19489.0
2013-07-20 02:00:00,18339.0
2013-07-20 03:00:00,18119.0
2013-07-20 04:00:00,18826.0
2013-07-20 05:00:00,18910.0
2013-07-20 06:00:00,20246.0
2013-07-20 07:00:00,22397.0
2013-07-20 08:00:00,26968.0
2013-07-20 09:00:00,31195.0
2013-07-20 10:00:00,31078.0
2013-07-20 11:00:00,32026.0
2013-07-20 12:00:00,32431.0
2013-07-20 13:00:00,32859.0
2013-07-20 14:00:00,32146.0
2013-07-20 15:00:00,31246.0
2013-07-20 16:00:00,32372.0
2013-07-20 17:00:00,32725.0
2013-07-20 18:00:00,32641.0
2013-07-20 19:00:00,33817.0
2013-07-20 20:00:00,34800.0
2013-07-20 21:00:00,31683.0
2013-07-20 22:00:00,30481.0
2013-07-20 23:00:00,28389.0
2013-07-21 00:00:00,23262.0
2013-07-21 01:00:00,19304.0
2013-07-21 02:00:00,18363.0
2013-07-21 03:00:00,18959.0
2013-07-21 04:00:00,19229.0
2013-07-21 05:00:00,19304.0
2013-07-21 06:00:00,21136.0
2013-07-21 07:00:00,21405.0
2013-07-21 08:00:00,27153.0
2013-07-21 09:00:00,31398.0
2013-07-21 10:00:00,31112.0
2013-07-21 11:00:00,31053.0
2013-07-21 12:00:00,32086.0
2013-07-21 13:00:00,32633.0
2013-07-21 14:00:00,32203.0
2013-07-21 15:00:00,32221.0
2013-07-21 16:00:00,33279.0
2013-07-21 17:00:00,32708.0
2013-07-21 18:00:00,33498.0
2013-07-21 19:00:00,33465.0
2013-07-21 20:00:00,33867.0
2013-07-21 21:00:00,30230.0
2013-07-21 22:00:00,28767.0
2013-07-21 23:00:00,24263.0
2013-07-22 00:00:00,21438.0
2013-07-22 01:00:00,19304.0
2013-07-22 02:00:00,18700.0
2013-07-22 03:00:00,18867.0
2013-07-22 04:00:00,19472.0
2013-07-22 05:00:00,19187.0
2013-07-22 06:00:00,25422.0
2013-07-22 07:00:00,25507.0
2013-07-22 08:00:00,27641.0
2013-07-22 09:00:00,33010.0
2013-07-22 10:00:00,32834.0
2013-07-22 11:00:00,33086.0
2013-07-22 12:00:00,33505.0
2013-07-22 13:00:00,32254.0
2013-07-22 14:00:00,33456.0
2013-07-22 15:00:00,31968.0
2013-07-22 16:00:00,32447.0
2013-07-22 17:00:00,33338.0
2013-07-22 18:00:00,33707.0
2013-07-22 19:00:00,33305.0
2013-07-22 20:00:00,34699.0
2013-07-22 21:00:00,30565.0
2013-07-22 22:00:00,29994.0
2013-07-22 23:00:00,24002.0
2013-07-23 00:00:00,20801.0
2013-07-23 01:00:00,19379.0
2013-07-23 02:00:00,18951.0
2013-07-23 03:00:00,18448.0
2013-07-23 04:00:00,18867.0
2013-07-23 05:00:00,18272.0
2013-07-23 06:00:00,18707.0
2013-07-23 07:00:00,21506.0
2013-07-23 08:00:00,23977.0
2013-07-23 09:00:00,29884.0
2013-07-23 10:00:00,33490.0
2013-07-23 11:00:00,33087.0
2013-07-23 12:00:00,33977.0
2013-07-23 13:00:00,33187.0
2013-07-23 14:00:00,32801.0
2013-07-23 15:00:00,32808.0
2013-07-23 16:00:00,34372.0
2013-07-23 17:00:00,34372.0
2013-07-23 18:00:00,33986.0
2013-07-23 19:00:00,33884.0
2013-07-23 20:00:00,34254.0
2013-07-23 21:00:00,32271.0
2013-07-23 22:00:00,29716.0
2013-07-23 23:00:00,24868.0
2013-07-24 00:00:00,21330.0
2013-07-24 01:00:00,19657.0
2013-07-24 02:00:00,18674.0
2013-07-24 03:00:00,18145.0
2013-07-24 04:00:00,18699.0
2013-07-24 05:00:00,18549.0
2013-07-24 06:00:00,19902.0
2013-07-24 07:00:00,21867.0
2013-07-24 08:00:00,23775.0
2013-07-24 09:00:00,31396.0
2013-07-24 10:00:00,32397.0
2013-07-24 11:00:00,32564.0
2013-07-24 12:00:00,33809.0
2013-07-24 13:00:00,33406.0
2013-07-24 14:00:00,34918.0
2013-07-24 15:00:00,34262.0
2013-07-24 16:00:00,34624.0
2013-07-24 17:00:00,34993.0
2013-07-24 18:00:00,34927.0
2013-07-24 19:00:00,34634.0
2013-07-24 20:00:00,35733.0
2013-07-24 21:00:00,33624.0
2013-07-24 22:00:00,29389.0
2013-07-24 23:00:00,24692.0
2013-07-25 00:00:00,22171.0
2013-07-25 01:00:00,20725.0
2013-07-25 02:00:00,20069.0
2013-07-25 03:00:00,19784.0
2013-07-25 04:00:00,19850.0
2013-07-25 05:00:00,19867.0
2013-07-25 06:00:00,25489.0
2013-07-25 07:00:00,27380.0
2013-07-25 08:00:00,30287.0
2013-07-25 09:00:00,33759.0
2013-07-25 10:00:00,34624.0
2013-07-25 11:00:00,34304.0
2013-07-25 12:00:00,34557.0
2013-07-25 13:00:00,33792.0
2013-07-25 14:00:00,34682.0
2013-07-25 15:00:00,33733.0
2013-07-25 16:00:00,34288.0
2013-07-25 17:00:00,34002.0
2013-07-25 18:00:00,34011.0
2013-07-25 19:00:00,34775.0
2013-07-25 20:00:00,35053.0
2013-07-25 21:00:00,32876.0
2013-07-25 22:00:00,30069.0
2013-07-25 23:00:00,25095.0
2013-07-26 00:00:00,21466.0
2013-07-26 01:00:00,19253.0
2013-07-26 02:00:00,18792.0
2013-07-26 03:00:00,18129.0
2013-07-26 04:00:00,18558.0
2013-07-26 05:00:00,18826.0
2013-07-26 06:00:00,19986.0
2013-07-26 07:00:00,23658.0
2013-07-26 08:00:00,25741.0
2013-07-26 09:00:00,29835.0
2013-07-26 10:00:00,30321.0
2013-07-26 11:00:00,30438.0
2013-07-26 12:00:00,30842.0
2013-07-26 13:00:00,31018.0
2013-07-26 14:00:00,30759.0
2013-07-26 15:00:00,29893.0
2013-07-26 16:00:00,30583.0
2013-07-26 17:00:00,31556.0
2013-07-26 18:00:00,30473.0
2013-07-26 19:00:00,31440.0
2013-07-26 20:00:00,32010.0
2013-07-26 21:00:00,32338.0
2013-07-26 22:00:00,30523.0
2013-07-26 23:00:00,28480.0
2013-07-27 00:00:00,23170.0
2013-07-27 01:00:00,19297.0
2013-07-27 02:00:00,18860.0
2013-07-27 03:00:00,18153.0
2013-07-27 04:00:00,18868.0
2013-07-27 05:00:00,18658.0
2013-07-27 06:00:00,19868.0
2013-07-27 07:00:00,20859.0
2013-07-27 08:00:00,22809.0
2013-07-27 09:00:00,26943.0
2013-07-27 10:00:00,27254.0
2013-07-27 11:00:00,27717.0
2013-07-27 12:00:00,27893.0
2013-07-27 13:00:00,29002.0
2013-07-27 14:00:00,36053.0
2013-07-27 15:00:00,33834.0
2013-07-27 16:00:00,34599.0
2013-07-27 17:00:00,35758.0
2013-07-27 18:00:00,35824.0
2013-07-27 19:00:00,36179.0
2013-07-27 20:00:00,37061.0
2013-07-27 21:00:00,35876.0
2013-07-27 22:00:00,30591.0
2013-07-27 23:00:00,29296.0
2013-07-28 00:00:00,23825.0
2013-07-28 01:00:00,20019.0
2013-07-28 02:00:00,18667.0
2013-07-28 03:00:00,18674.0
2013-07-28 04:00:00,18901.0
2013-07-28 05:00:00,18465.0
2013-07-28 06:00:00,19901.0
2013-07-28 07:00:00,21338.0
2013-07-28 08:00:00,23077.0
2013-07-28 09:00:00,26935.0
2013-07-28 10:00:00,26868.0
2013-07-28 11:00:00,30564.0
2013-07-28 12:00:00,32195.0
2013-07-28 13:00:00,32019.0
2013-07-28 14:00:00,31128.0
2013-07-28 15:00:00,32027.0
2013-07-28 16:00:00,31522.0
2013-07-28 17:00:00,32061.0
2013-07-28 18:00:00,32456.0
2013-07-28 19:00:00,32396.0
2013-07-28 20:00:00,34413.0
2013-07-28 21:00:00,32708.0
2013-07-28 22:00:00,29279.0
2013-07-28 23:00:00,24145.0
2013-07-29 00:00:00,20935.0
2013-07-29 01:00:00,19758.0
2013-07-29 02:00:00,18447.0
2013-07-29 03:00:00,17590.0
2013-07-29 04:00:00,18305.0
2013-07-29 05:00:00,18826.0
2013-07-29 06:00:00,20405.0
2013-07-29 07:00:00,21438.0
2013-07-29 08:00:00,26489.0
2013-07-29 09:00:00,32734.0
2013-07-29 10:00:00,32271.0
2013-07-29 11:00:00,33472.0
2013-07-29 12:00:00,34843.0
2013-07-29 13:00:00,35289.0
2013-07-29 14:00:00,36431.0
2013-07-29 15:00:00,35900.0
2013-07-29 16:00:00,35800.0
2013-07-29 17:00:00,36296.0
2013-07-29 18:00:00,35431.0
2013-07-29 19:00:00,35338.0
2013-07-29 20:00:00,35900.0
2013-07-29 21:00:00,35734.0
2013-07-29 22:00:00,32481.0
2013-07-29 23:00:00,24212.0
2013-07-30 00:00:00,21086.0
2013-07-30 01:00:00,18994.0
2013-07-30 02:00:00,18448.0
2013-07-30 03:00:00,17985.0
2013-07-30 04:00:00,18767.0
2013-07-30 05:00:00,18641.0
2013-07-30 06:00:00,25835.0
2013-07-30 07:00:00,26296.0
2013-07-30 08:00:00,28381.0
2013-07-30 09:00:00,32128.0
2013-07-30 10:00:00,32960.0
2013-07-30 11:00:00,33666.0
2013-07-30 12:00:00,35254.0
2013-07-30 13:00:00,35590.0
2013-07-30 14:00:00,35489.0
2013-07-30 15:00:00,36161.0
2013-07-30 16:00:00,37632.0
2013-07-30 17:00:00,38657.0
2013-07-30 18:00:00,37288.0
2013-07-30 19:00:00,36900.0
2013-07-30 20:00:00,37541.0
2013-07-30 21:00:00,36909.0
2013-07-30 22:00:00,30238.0
2013-07-30 23:00:00,24675.0
2013-07-31 00:00:00,21412.0
2013-07-31 01:00:00,19640.0
2013-07-31 02:00:00,19295.0
2013-07-31 03:00:00,18556.0
2013-07-31 04:00:00,19027.0
2013-07-31 05:00:00,19447.0
2013-07-31 06:00:00,27917.0
2013-07-31 07:00:00,27237.0
2013-07-31 08:00:00,29246.0
2013-07-31 09:00:00,33389.0
2013-07-31 10:00:00,34129.0
2013-07-31 11:00:00,34658.0
2013-07-31 12:00:00,35448.0
2013-07-31 13:00:00,35725.0
2013-07-31 14:00:00,36069.0
2013-07-31 15:00:00,36120.0
2013-07-31 16:00:00,36985.0
2013-07-31 17:00:00,36674.0
2013-07-31 18:00:00,36456.0
2013-07-31 19:00:00,36666.0
2013-07-31 20:00:00,37322.0
2013-07-31 21:00:00,36086.0
2013-07-31 22:00:00,33261.0
2013-07-31 23:00:00,26893.0
2013-08-01 00:00:00,23514.0
2013-08-01 01:00:00,21918.0
2013-08-01 02:00:00,20927.0
2013-08-01 03:00:00,20439.0
2013-08-01 04:00:00,20590.0
2013-08-01 05:00:00,21127.0
2013-08-01 06:00:00,24867.0
2013-08-01 07:00:00,26993.0
2013-08-01 08:00:00,28506.0
2013-08-01 09:00:00,31675.0
2013-08-01 10:00:00,32943.0
2013-08-01 11:00:00,34473.0
2013-08-01 12:00:00,34649.0
2013-08-01 13:00:00,35204.0
2013-08-01 14:00:00,36262.0
2013-08-01 15:00:00,35381.0
2013-08-01 16:00:00,35599.0
2013-08-01 17:00:00,36330.0
2013-08-01 18:00:00,36582.0
2013-08-01 19:00:00,36715.0
2013-08-01 20:00:00,37145.0
2013-08-01 21:00:00,35851.0
2013-08-01 22:00:00,30137.0
2013-08-01 23:00:00,25236.0
2013-08-02 00:00:00,21666.0
2013-08-02 01:00:00,20574.0
2013-08-02 02:00:00,20196.0
2013-08-02 03:00:00,19976.0
2013-08-02 04:00:00,20767.0
2013-08-02 05:00:00,20515.0
2013-08-02 06:00:00,22758.0
2013-08-02 07:00:00,26111.0
2013-08-02 08:00:00,31498.0
2013-08-02 09:00:00,34061.0
2013-08-02 10:00:00,33969.0
2013-08-02 11:00:00,35145.0
2013-08-02 12:00:00,36564.0
2013-08-02 13:00:00,37120.0
2013-08-02 14:00:00,36591.0
2013-08-02 15:00:00,35926.0
2013-08-02 16:00:00,37019.0
2013-08-02 17:00:00,37061.0
2013-08-02 18:00:00,36716.0
2013-08-02 19:00:00,38078.0
2013-08-02 20:00:00,37439.0
2013-08-02 21:00:00,36179.0
2013-08-02 22:00:00,31405.0
2013-08-02 23:00:00,30162.0
2013-08-03 00:00:00,25069.0
2013-08-03 01:00:00,20406.0
2013-08-03 02:00:00,19406.0
2013-08-03 03:00:00,19339.0
2013-08-03 04:00:00,20078.0
2013-08-03 05:00:00,20212.0
2013-08-03 06:00:00,28893.0
2013-08-03 07:00:00,26985.0
2013-08-03 08:00:00,29691.0
2013-08-03 09:00:00,33044.0
2013-08-03 10:00:00,32834.0
2013-08-03 11:00:00,33724.0
2013-08-03 12:00:00,34540.0
2013-08-03 13:00:00,35237.0
2013-08-03 14:00:00,34439.0
2013-08-03 15:00:00,33792.0
2013-08-03 16:00:00,33842.0
2013-08-03 17:00:00,36170.0
2013-08-03 18:00:00,35758.0
2013-08-03 19:00:00,36119.0
2013-08-03 20:00:00,36447.0
2013-08-03 21:00:00,31330.0
2013-08-03 22:00:00,31078.0
2013-08-03 23:00:00,29599.0
2013-08-04 00:00:00,24086.0
2013-08-04 01:00:00,19531.0
2013-08-04 02:00:00,18431.0
2013-08-04 03:00:00,18339.0
2013-08-04 04:00:00,18993.0
2013-08-04 05:00:00,18809.0
2013-08-04 06:00:00,24339.0
2013-08-04 07:00:00,25985.0
2013-08-04 08:00:00,27128.0
2013-08-04 09:00:00,31565.0
2013-08-04 10:00:00,31691.0
2013-08-04 11:00:00,33363.0
2013-08-04 12:00:00,33868.0
2013-08-04 13:00:00,35254.0
2013-08-04 14:00:00,35346.0
2013-08-04 15:00:00,33372.0
2013-08-04 16:00:00,34372.0
2013-08-04 17:00:00,29145.0
2013-08-04 18:00:00,29524.0
2013-08-04 19:00:00,30699.0
2013-08-04 20:00:00,30985.0
2013-08-04 21:00:00,30708.0
2013-08-04 22:00:00,29750.0
2013-08-04 23:00:00,24818.0
2013-08-05 00:00:00,21464.0
2013-08-05 01:00:00,19641.0
2013-08-05 02:00:00,18969.0
2013-08-05 03:00:00,19212.0
2013-08-05 04:00:00,19346.0
2013-08-05 05:00:00,19666.0
2013-08-05 06:00:00,21632.0
2013-08-05 07:00:00,22699.0
2013-08-05 08:00:00,26355.0
2013-08-05 09:00:00,29716.0
2013-08-05 10:00:00,29573.0
2013-08-05 11:00:00,33548.0
2013-08-05 12:00:00,36169.0
2013-08-05 13:00:00,36935.0
2013-08-05 14:00:00,36364.0
2013-08-05 15:00:00,35616.0
2013-08-05 16:00:00,36439.0
2013-08-05 17:00:00,38120.0
2013-08-05 18:00:00,37178.0
2013-08-05 19:00:00,36892.0
2013-08-05 20:00:00,35935.0
2013-08-05 21:00:00,35103.0
2013-08-05 22:00:00,30759.0
2013-08-05 23:00:00,23943.0
2013-08-06 00:00:00,20035.0
2013-08-06 01:00:00,17985.0
2013-08-06 02:00:00,16993.0
2013-08-06 03:00:00,16615.0
2013-08-06 04:00:00,16894.0
2013-08-06 05:00:00,17640.0
2013-08-06 06:00:00,22464.0
2013-08-06 07:00:00,27330.0
2013-08-06 08:00:00,29077.0
2013-08-06 09:00:00,30641.0
2013-08-06 10:00:00,30003.0
2013-08-06 11:00:00,30406.0
2013-08-06 12:00:00,35363.0
2013-08-06 13:00:00,37439.0
2013-08-06 14:00:00,36086.0
2013-08-06 15:00:00,35398.0
2013-08-06 16:00:00,36633.0
2013-08-06 17:00:00,37339.0
2013-08-06 18:00:00,36448.0
2013-08-06 19:00:00,37162.0
2013-08-06 20:00:00,36186.0
2013-08-06 21:00:00,34548.0
2013-08-06 22:00:00,29321.0
2013-08-06 23:00:00,23297.0
2013-08-07 00:00:00,20044.0
2013-08-07 01:00:00,18540.0
2013-08-07 02:00:00,17255.0
2013-08-07 03:00:00,16977.0
2013-08-07 04:00:00,16506.0
2013-08-07 05:00:00,17481.0
2013-08-07 06:00:00,20237.0
2013-08-07 07:00:00,22355.0
2013-08-07 08:00:00,30279.0
2013-08-07 09:00:00,32817.0
2013-08-07 10:00:00,30279.0
2013-08-07 11:00:00,30658.0
2013-08-07 12:00:00,36077.0
2013-08-07 13:00:00,36766.0
2013-08-07 14:00:00,37179.0
2013-08-07 15:00:00,36574.0
2013-08-07 16:00:00,37825.0
2013-08-07 17:00:00,38464.0
2013-08-07 18:00:00,37976.0
2013-08-07 19:00:00,36648.0
2013-08-07 20:00:00,37456.0
2013-08-07 21:00:00,35683.0
2013-08-07 22:00:00,29439.0
2013-08-07 23:00:00,22842.0
2013-08-08 00:00:00,18683.0
2013-08-08 01:00:00,17296.0
2013-08-08 02:00:00,16322.0
2013-08-08 03:00:00,15867.0
2013-08-08 04:00:00,16381.0
2013-08-08 05:00:00,16615.0
2013-08-08 06:00:00,20144.0
2013-08-08 07:00:00,22011.0
2013-08-08 08:00:00,28624.0
2013-08-08 09:00:00,32600.0
2013-08-08 10:00:00,29514.0
2013-08-08 11:00:00,30128.0
2013-08-08 12:00:00,37573.0
2013-08-08 13:00:00,37389.0
2013-08-08 14:00:00,37346.0
2013-08-08 15:00:00,36439.0
2013-08-08 16:00:00,37859.0
2013-08-08 17:00:00,38346.0
2013-08-08 18:00:00,38397.0
2013-08-08 19:00:00,37952.0
2013-08-08 20:00:00,37463.0
2013-08-08 21:00:00,35455.0
2013-08-08 22:00:00,29632.0
2013-08-08 23:00:00,23808.0
2013-08-09 00:00:00,20540.0
2013-08-09 01:00:00,19103.0
2013-08-09 02:00:00,17893.0
2013-08-09 03:00:00,17439.0
2013-08-09 04:00:00,18070.0
2013-08-09 05:00:00,18666.0
2013-08-09 06:00:00,21204.0
2013-08-09 07:00:00,23380.0
2013-08-09 08:00:00,30196.0
2013-08-09 09:00:00,35019.0
2013-08-09 10:00:00,32440.0
2013-08-09 11:00:00,34044.0
2013-08-09 12:00:00,42061.0
2013-08-09 13:00:00,42557.0
2013-08-09 14:00:00,41590.0
2013-08-09 15:00:00,42505.0
2013-08-09 16:00:00,42700.0
2013-08-09 17:00:00,43624.0
2013-08-09 18:00:00,42507.0
2013-08-09 19:00:00,41665.0
2013-08-09 20:00:00,40338.0
2013-08-09 21:00:00,39312.0
2013-08-09 22:00:00,36641.0
2013-08-09 23:00:00,30977.0
2013-08-10 00:00:00,24943.0
2013-08-10 01:00:00,19423.0
2013-08-10 02:00:00,18028.0
2013-08-10 03:00:00,17691.0
2013-08-10 04:00:00,17851.0
2013-08-10 05:00:00,17271.0
2013-08-10 06:00:00,20565.0
2013-08-10 07:00:00,23994.0
2013-08-10 08:00:00,31581.0
2013-08-10 09:00:00,37539.0
2013-08-10 10:00:00,33741.0
2013-08-10 11:00:00,35422.0
2013-08-10 12:00:00,42087.0
2013-08-10 13:00:00,44447.0
2013-08-10 14:00:00,44296.0
2013-08-10 15:00:00,43523.0
2013-08-10 16:00:00,44314.0
2013-08-10 17:00:00,44086.0
2013-08-10 18:00:00,44648.0
2013-08-10 19:00:00,45589.0
2013-08-10 20:00:00,43776.0
2013-08-10 21:00:00,42631.0
2013-08-10 22:00:00,38952.0
2013-08-10 23:00:00,30002.0
2013-08-11 00:00:00,24153.0
2013-08-11 01:00:00,19893.0
2013-08-11 02:00:00,18381.0
2013-08-11 03:00:00,17380.0
2013-08-11 04:00:00,17860.0
2013-08-11 05:00:00,17993.0
2013-08-11 06:00:00,21002.0
2013-08-11 07:00:00,22589.0
2013-08-11 08:00:00,30742.0
2013-08-11 09:00:00,35910.0
2013-08-11 10:00:00,31027.0
2013-08-11 11:00:00,30724.0
2013-08-11 12:00:00,37658.0
2013-08-11 13:00:00,40414.0
2013-08-11 14:00:00,40128.0
2013-08-11 15:00:00,39498.0
2013-08-11 16:00:00,39423.0
2013-08-11 17:00:00,40439.0
2013-08-11 18:00:00,41565.0
2013-08-11 19:00:00,40985.0
2013-08-11 20:00:00,39473.0
2013-08-11 21:00:00,38498.0
2013-08-11 22:00:00,31296.0
2013-08-11 23:00:00,23439.0
2013-08-12 00:00:00,19733.0
2013-08-12 01:00:00,18036.0
2013-08-12 02:00:00,17103.0
2013-08-12 03:00:00,16943.0
2013-08-12 04:00:00,17615.0
2013-08-12 05:00:00,18556.0
2013-08-12 06:00:00,21145.0
2013-08-12 07:00:00,23194.0
2013-08-12 08:00:00,31583.0
2013-08-12 09:00:00,36220.0
2013-08-12 10:00:00,32565.0
2013-08-12 11:00:00,32254.0
2013-08-12 12:00:00,37876.0
2013-08-12 13:00:00,38725.0
2013-08-12 14:00:00,38556.0
2013-08-12 15:00:00,38219.0
2013-08-12 16:00:00,38901.0
2013-08-12 17:00:00,39893.0
2013-08-12 18:00:00,40044.0
2013-08-12 19:00:00,38288.0
2013-08-12 20:00:00,37540.0
2013-08-12 21:00:00,37473.0
2013-08-12 22:00:00,30725.0
2013-08-12 23:00:00,23011.0
2013-08-13 00:00:00,19379.0
2013-08-13 01:00:00,17967.0
2013-08-13 02:00:00,17288.0
2013-08-13 03:00:00,16801.0
2013-08-13 04:00:00,17397.0
2013-08-13 05:00:00,17993.0
2013-08-13 06:00:00,21657.0
2013-08-13 07:00:00,22952.0
2013-08-13 08:00:00,31968.0
2013-08-13 09:00:00,36749.0
2013-08-13 10:00:00,32246.0
2013-08-13 11:00:00,33179.0
2013-08-13 12:00:00,42161.0
2013-08-13 13:00:00,44658.0
2013-08-13 14:00:00,44431.0
2013-08-13 15:00:00,44532.0
2013-08-13 16:00:00,45305.0
2013-08-13 17:00:00,45027.0
2013-08-13 18:00:00,44943.0
2013-08-13 19:00:00,42514.0
2013-08-13 20:00:00,41153.0
2013-08-13 21:00:00,39121.0
2013-08-13 22:00:00,32439.0
2013-08-13 23:00:00,23800.0
2013-08-14 00:00:00,20180.0
2013-08-14 01:00:00,18221.0
2013-08-14 02:00:00,17465.0
2013-08-14 03:00:00,17280.0
2013-08-14 04:00:00,17666.0
2013-08-14 05:00:00,18153.0
2013-08-14 06:00:00,21095.0
2013-08-14 07:00:00,23120.0
2013-08-14 08:00:00,31448.0
2013-08-14 09:00:00,35767.0
2013-08-14 10:00:00,31801.0
2013-08-14 11:00:00,32019.0
2013-08-14 12:00:00,40012.0
2013-08-14 13:00:00,42204.0
2013-08-14 14:00:00,43104.0
2013-08-14 15:00:00,42649.0
2013-08-14 16:00:00,43295.0
2013-08-14 17:00:00,44246.0
2013-08-14 18:00:00,42263.0
2013-08-14 19:00:00,42708.0
2013-08-14 20:00:00,40254.0
2013-08-14 21:00:00,38439.0
2013-08-14 22:00:00,31817.0
2013-08-14 23:00:00,24548.0
2013-08-15 00:00:00,21053.0
2013-08-15 01:00:00,18850.0
2013-08-15 02:00:00,17514.0
2013-08-15 03:00:00,17002.0
2013-08-15 04:00:00,18313.0
2013-08-15 05:00:00,18145.0
2013-08-15 06:00:00,20968.0
2013-08-15 07:00:00,22557.0
2013-08-15 08:00:00,30305.0
2013-08-15 09:00:00,34818.0
2013-08-15 10:00:00,29935.0
2013-08-15 11:00:00,30296.0
2013-08-15 12:00:00,33170.0
2013-08-15 13:00:00,38061.0
2013-08-15 14:00:00,39161.0
2013-08-15 15:00:00,38532.0
2013-08-15 16:00:00,37044.0
2013-08-15 17:00:00,38069.0
2013-08-15 18:00:00,38758.0
2013-08-15 19:00:00,38716.0
2013-08-15 20:00:00,37732.0
2013-08-15 21:00:00,37750.0
2013-08-15 22:00:00,31213.0
2013-08-15 23:00:00,23061.0
2013-08-16 00:00:00,19700.0
2013-08-16 01:00:00,17859.0
2013-08-16 02:00:00,17330.0
2013-08-16 03:00:00,16709.0
2013-08-16 04:00:00,17472.0
2013-08-16 05:00:00,18120.0
2013-08-16 06:00:00,21044.0
2013-08-16 07:00:00,22767.0
2013-08-16 08:00:00,31263.0
2013-08-16 09:00:00,35254.0
2013-08-16 10:00:00,30557.0
2013-08-16 11:00:00,30726.0
2013-08-16 12:00:00,31070.0
2013-08-16 13:00:00,36002.0
2013-08-16 14:00:00,36783.0
2013-08-16 15:00:00,35312.0
2013-08-16 16:00:00,35556.0
2013-08-16 17:00:00,37044.0
2013-08-16 18:00:00,37583.0
2013-08-16 19:00:00,38733.0
2013-08-16 20:00:00,37776.0
2013-08-16 21:00:00,36557.0
2013-08-16 22:00:00,34901.0
2013-08-16 23:00:00,28271.0
2013-08-17 00:00:00,22347.0
2013-08-17 01:00:00,17834.0
2013-08-17 02:00:00,17053.0
2013-08-17 03:00:00,16523.0
2013-08-17 04:00:00,17161.0
2013-08-17 05:00:00,17271.0
2013-08-17 06:00:00,19749.0
2013-08-17 07:00:00,21968.0
2013-08-17 08:00:00,29758.0
2013-08-17 09:00:00,34229.0
2013-08-17 10:00:00,29994.0
2013-08-17 11:00:00,30649.0
2013-08-17 12:00:00,32212.0
2013-08-17 13:00:00,38649.0
2013-08-17 14:00:00,39455.0
2013-08-17 15:00:00,37355.0
2013-08-17 16:00:00,37112.0
2013-08-17 17:00:00,37154.0
2013-08-17 18:00:00,37179.0
2013-08-17 19:00:00,38296.0
2013-08-17 20:00:00,37515.0
2013-08-17 21:00:00,37717.0
2013-08-17 22:00:00,35683.0
2013-08-17 23:00:00,29053.0
2013-08-18 00:00:00,23801.0
2013-08-18 01:00:00,19036.0
2013-08-18 02:00:00,17196.0
2013-08-18 03:00:00,16742.0
2013-08-18 04:00:00,17423.0
2013-08-18 05:00:00,17599.0
2013-08-18 06:00:00,20708.0
2013-08-18 07:00:00,21775.0
2013-08-18 08:00:00,28431.0
2013-08-18 09:00:00,33280.0
2013-08-18 10:00:00,28944.0
2013-08-18 11:00:00,30034.0
2013-08-18 12:00:00,30825.0
2013-08-18 13:00:00,37052.0
2013-08-18 14:00:00,38338.0
2013-08-18 15:00:00,37388.0
2013-08-18 16:00:00,38515.0
2013-08-18 17:00:00,38599.0
2013-08-18 18:00:00,38902.0
2013-08-18 19:00:00,39615.0
2013-08-18 20:00:00,38741.0
2013-08-18 21:00:00,38237.0
2013-08-18 22:00:00,31322.0
2013-08-18 23:00:00,23742.0
2013-08-19 00:00:00,20136.0
2013-08-19 01:00:00,17733.0
2013-08-19 02:00:00,17170.0
2013-08-19 03:00:00,15952.0
2013-08-19 04:00:00,17254.0
2013-08-19 05:00:00,17439.0
2013-08-19 06:00:00,20430.0
2013-08-19 07:00:00,22951.0
2013-08-19 08:00:00,29767.0
2013-08-19 09:00:00,34128.0
2013-08-19 10:00:00,30683.0
2013-08-19 11:00:00,30255.0
2013-08-19 12:00:00,32011.0
2013-08-19 13:00:00,38238.0
2013-08-19 14:00:00,40079.0
2013-08-19 15:00:00,39734.0
2013-08-19 16:00:00,39574.0
2013-08-19 17:00:00,40202.0
2013-08-19 18:00:00,40238.0
2013-08-19 19:00:00,39524.0
2013-08-19 20:00:00,38288.0
2013-08-19 21:00:00,36094.0
2013-08-19 22:00:00,31010.0
2013-08-19 23:00:00,24144.0
2013-08-20 00:00:00,20456.0
2013-08-20 01:00:00,18834.0
2013-08-20 02:00:00,17817.0
2013-08-20 03:00:00,16691.0
2013-08-20 04:00:00,17397.0
2013-08-20 05:00:00,18162.0
2013-08-20 06:00:00,19901.0
2013-08-20 07:00:00,22010.0
2013-08-20 08:00:00,30414.0
2013-08-20 09:00:00,35095.0
2013-08-20 10:00:00,32078.0
2013-08-20 11:00:00,30885.0
2013-08-20 12:00:00,32867.0
2013-08-20 13:00:00,39473.0
2013-08-20 14:00:00,39968.0
2013-08-20 15:00:00,38716.0
2013-08-20 16:00:00,39313.0
2013-08-20 17:00:00,39994.0
2013-08-20 18:00:00,38457.0
2013-08-20 19:00:00,38321.0
2013-08-20 20:00:00,36726.0
2013-08-20 21:00:00,36481.0
2013-08-20 22:00:00,31455.0
2013-08-20 23:00:00,24010.0
2013-08-21 00:00:00,20783.0
2013-08-21 01:00:00,18036.0
2013-08-21 02:00:00,17162.0
2013-08-21 03:00:00,16649.0
2013-08-21 04:00:00,17430.0
2013-08-21 05:00:00,17742.0
2013-08-21 06:00:00,19969.0
2013-08-21 07:00:00,22295.0
2013-08-21 08:00:00,29246.0
2013-08-21 09:00:00,32885.0
2013-08-21 10:00:00,30347.0
2013-08-21 11:00:00,29985.0
2013-08-21 12:00:00,29305.0
2013-08-21 13:00:00,34178.0
2013-08-21 14:00:00,34330.0
2013-08-21 15:00:00,33960.0
2013-08-21 16:00:00,34860.0
2013-08-21 17:00:00,35960.0
2013-08-21 18:00:00,35329.0
2013-08-21 19:00:00,35649.0
2013-08-21 20:00:00,35885.0
2013-08-21 21:00:00,35020.0
2013-08-21 22:00:00,29927.0
2013-08-21 23:00:00,23253.0
2013-08-22 00:00:00,19590.0
2013-08-22 01:00:00,17741.0
2013-08-22 02:00:00,17498.0
2013-08-22 03:00:00,17194.0
2013-08-22 04:00:00,17481.0
2013-08-22 05:00:00,17944.0
2013-08-22 06:00:00,20952.0
2013-08-22 07:00:00,22473.0
2013-08-22 08:00:00,29364.0
2013-08-22 09:00:00,32414.0
2013-08-22 10:00:00,29372.0
2013-08-22 11:00:00,29044.0
2013-08-22 12:00:00,29775.0
2013-08-22 13:00:00,34926.0
2013-08-22 14:00:00,35405.0
2013-08-22 15:00:00,33893.0
2013-08-22 16:00:00,35044.0
2013-08-22 17:00:00,34868.0
2013-08-22 18:00:00,34885.0
2013-08-22 19:00:00,35431.0
2013-08-22 20:00:00,34969.0
2013-08-22 21:00:00,35136.0
2013-08-22 22:00:00,31043.0
2013-08-22 23:00:00,23700.0
2013-08-23 00:00:00,19716.0
2013-08-23 01:00:00,18060.0
2013-08-23 02:00:00,16969.0
2013-08-23 03:00:00,16616.0
2013-08-23 04:00:00,17104.0
2013-08-23 05:00:00,17406.0
2013-08-23 06:00:00,19918.0
2013-08-23 07:00:00,22229.0
2013-08-23 08:00:00,29170.0
2013-08-23 09:00:00,32801.0
2013-08-23 10:00:00,29708.0
2013-08-23 11:00:00,29389.0
2013-08-23 12:00:00,29279.0
2013-08-23 13:00:00,34591.0
2013-08-23 14:00:00,35523.0
2013-08-23 15:00:00,34498.0
2013-08-23 16:00:00,35111.0
2013-08-23 17:00:00,36162.0
2013-08-23 18:00:00,36541.0
2013-08-23 19:00:00,36850.0
2013-08-23 20:00:00,36994.0
2013-08-23 21:00:00,36977.0
2013-08-23 22:00:00,34162.0
2013-08-23 23:00:00,29842.0
2013-08-24 00:00:00,23858.0
2013-08-24 01:00:00,18178.0
2013-08-24 02:00:00,17364.0
2013-08-24 03:00:00,17228.0
2013-08-24 04:00:00,17725.0
2013-08-24 05:00:00,17766.0
2013-08-24 06:00:00,20254.0
2013-08-24 07:00:00,21304.0
2013-08-24 08:00:00,27514.0
2013-08-24 09:00:00,31121.0
2013-08-24 10:00:00,27944.0
2013-08-24 11:00:00,28591.0
2013-08-24 12:00:00,30354.0
2013-08-24 13:00:00,35943.0
2013-08-24 14:00:00,35758.0
2013-08-24 15:00:00,36255.0
2013-08-24 16:00:00,39195.0
2013-08-24 17:00:00,39909.0
2013-08-24 18:00:00,40767.0
2013-08-24 19:00:00,41170.0
2013-08-24 20:00:00,40338.0
2013-08-24 21:00:00,39791.0
2013-08-24 22:00:00,36103.0
2013-08-24 23:00:00,28843.0
2013-08-25 00:00:00,23027.0
2013-08-25 01:00:00,18481.0
2013-08-25 02:00:00,16919.0
2013-08-25 03:00:00,17145.0
2013-08-25 04:00:00,17910.0
2013-08-25 05:00:00,18708.0
2013-08-25 06:00:00,21422.0
2013-08-25 07:00:00,23145.0
2013-08-25 08:00:00,30758.0
2013-08-25 09:00:00,33296.0
2013-08-25 10:00:00,29272.0
2013-08-25 11:00:00,29926.0
2013-08-25 12:00:00,30187.0
2013-08-25 13:00:00,38304.0
2013-08-25 14:00:00,39119.0
2013-08-25 15:00:00,37783.0
2013-08-25 16:00:00,39228.0
2013-08-25 17:00:00,38599.0
2013-08-25 18:00:00,38859.0
2013-08-25 19:00:00,38506.0
2013-08-25 20:00:00,36523.0
2013-08-25 21:00:00,36229.0
2013-08-25 22:00:00,29842.0
2013-08-25 23:00:00,24238.0
2013-08-26 00:00:00,20170.0
2013-08-26 01:00:00,18254.0
2013-08-26 02:00:00,17632.0
2013-08-26 03:00:00,16902.0
2013-08-26 04:00:00,17263.0
2013-08-26 05:00:00,17178.0
2013-08-26 06:00:00,20675.0
2013-08-26 07:00:00,23297.0
2013-08-26 08:00:00,31070.0
2013-08-26 09:00:00,34682.0
2013-08-26 10:00:00,31724.0
2013-08-26 11:00:00,30254.0
2013-08-26 12:00:00,31229.0
2013-08-26 13:00:00,34649.0
2013-08-26 14:00:00,40321.0
2013-08-26 15:00:00,38994.0
2013-08-26 16:00:00,39364.0
2013-08-26 17:00:00,39800.0
2013-08-26 18:00:00,40943.0
2013-08-26 19:00:00,39952.0
2013-08-26 20:00:00,39943.0
2013-08-26 21:00:00,37607.0
2013-08-26 22:00:00,30767.0
2013-08-26 23:00:00,24583.0
2013-08-27 00:00:00,20801.0
2013-08-27 01:00:00,19481.0
2013-08-27 02:00:00,18321.0
2013-08-27 03:00:00,18321.0
2013-08-27 04:00:00,18153.0
2013-08-27 05:00:00,19574.0
2013-08-27 06:00:00,22221.0
2013-08-27 07:00:00,24061.0
2013-08-27 08:00:00,31119.0
2013-08-27 09:00:00,34120.0
2013-08-27 10:00:00,30406.0
2013-08-27 11:00:00,29926.0
2013-08-27 12:00:00,30482.0
2013-08-27 13:00:00,34044.0
2013-08-27 14:00:00,39086.0
2013-08-27 15:00:00,37640.0
2013-08-27 16:00:00,37825.0
2013-08-27 17:00:00,38834.0
2013-08-27 18:00:00,39313.0
2013-08-27 19:00:00,39338.0
2013-08-27 20:00:00,38540.0
2013-08-27 21:00:00,37288.0
2013-08-27 22:00:00,30598.0
2013-08-27 23:00:00,24363.0
2013-08-28 00:00:00,21011.0
2013-08-28 01:00:00,18330.0
2013-08-28 02:00:00,17783.0
2013-08-28 03:00:00,16414.0
2013-08-28 04:00:00,17758.0
2013-08-28 05:00:00,18960.0
2013-08-28 06:00:00,21119.0
2013-08-28 07:00:00,23893.0
2013-08-28 08:00:00,31598.0
2013-08-28 09:00:00,34926.0
2013-08-28 10:00:00,30556.0
2013-08-28 11:00:00,30565.0
2013-08-28 12:00:00,31279.0
2013-08-28 13:00:00,33329.0
2013-08-28 14:00:00,39061.0
2013-08-28 15:00:00,38238.0
2013-08-28 16:00:00,38456.0
2013-08-28 17:00:00,39574.0
2013-08-28 18:00:00,39018.0
2013-08-28 19:00:00,39364.0
2013-08-28 20:00:00,39598.0
2013-08-28 21:00:00,37783.0
2013-08-28 22:00:00,31439.0
2013-08-28 23:00:00,25162.0
2013-08-29 00:00:00,21111.0
2013-08-29 01:00:00,19405.0
2013-08-29 02:00:00,18212.0
2013-08-29 03:00:00,18363.0
2013-08-29 04:00:00,18263.0
2013-08-29 05:00:00,18691.0
2013-08-29 06:00:00,21380.0
2013-08-29 07:00:00,22439.0
2013-08-29 08:00:00,30741.0
2013-08-29 09:00:00,33673.0
2013-08-29 10:00:00,30094.0
2013-08-29 11:00:00,29608.0
2013-08-29 12:00:00,30423.0
2013-08-29 13:00:00,33532.0
2013-08-29 14:00:00,37926.0
2013-08-29 15:00:00,36447.0
2013-08-29 16:00:00,37354.0
2013-08-29 17:00:00,37683.0
2013-08-29 18:00:00,37540.0
2013-08-29 19:00:00,37221.0
2013-08-29 20:00:00,37809.0
2013-08-29 21:00:00,35657.0
2013-08-29 22:00:00,29482.0
2013-08-29 23:00:00,23615.0
2013-08-30 00:00:00,20943.0
2013-08-30 01:00:00,19700.0
2013-08-30 02:00:00,18776.0
2013-08-30 03:00:00,17507.0
2013-08-30 04:00:00,18422.0
2013-08-30 05:00:00,18893.0
2013-08-30 06:00:00,20591.0
2013-08-30 07:00:00,22901.0
2013-08-30 08:00:00,29978.0
2013-08-30 09:00:00,32775.0
2013-08-30 10:00:00,30506.0
2013-08-30 11:00:00,31187.0
2013-08-30 12:00:00,32161.0
2013-08-30 13:00:00,34078.0
2013-08-30 14:00:00,38246.0
2013-08-30 15:00:00,37757.0
2013-08-30 16:00:00,39111.0
2013-08-30 17:00:00,38539.0
2013-08-30 18:00:00,38480.0
2013-08-30 19:00:00,38296.0
2013-08-30 20:00:00,36801.0
2013-08-30 21:00:00,36775.0
2013-08-30 22:00:00,32355.0
2013-08-30 23:00:00,28010.0
2013-08-31 00:00:00,22868.0
2013-08-31 01:00:00,18010.0
2013-08-31 02:00:00,16540.0
2013-08-31 03:00:00,15901.0
2013-08-31 04:00:00,17145.0
2013-08-31 05:00:00,17138.0
2013-08-31 06:00:00,20246.0
2013-08-31 07:00:00,21204.0
2013-08-31 08:00:00,27892.0
2013-08-31 09:00:00,31430.0
2013-08-31 10:00:00,29464.0
2013-08-31 11:00:00,30540.0
2013-08-31 12:00:00,30279.0
2013-08-31 13:00:00,36415.0
2013-08-31 14:00:00,37355.0
2013-08-31 15:00:00,36657.0
2013-08-31 16:00:00,38784.0
2013-08-31 17:00:00,39708.0
2013-08-31 18:00:00,38195.0
2013-08-31 19:00:00,39868.0
2013-08-31 20:00:00,38195.0
2013-08-31 21:00:00,36666.0
2013-08-31 22:00:00,35817.0
2013-08-31 23:00:00,30212.0
2013-09-01 00:00:00,24044.0
2013-09-01 01:00:00,19818.0
2013-09-01 02:00:00,18422.0
2013-09-01 03:00:00,17985.0
2013-09-01 04:00:00,18439.0
2013-09-01 05:00:00,18430.0
2013-09-01 06:00:00,21062.0
2013-09-01 07:00:00,21338.0
2013-09-01 08:00:00,27750.0
2013-09-01 09:00:00,30985.0
2013-09-01 10:00:00,28203.0
2013-09-01 11:00:00,28674.0
2013-09-01 12:00:00,28934.0
2013-09-01 13:00:00,32817.0
2013-09-01 14:00:00,33549.0
2013-09-01 15:00:00,33557.0
2013-09-01 16:00:00,33036.0
2013-09-01 17:00:00,32598.0
2013-09-01 18:00:00,33548.0
2013-09-01 19:00:00,35329.0
2013-09-01 20:00:00,34666.0
2013-09-01 21:00:00,35497.0
2013-09-01 22:00:00,30364.0
2013-09-01 23:00:00,25725.0
2013-09-02 00:00:00,22623.0
2013-09-02 01:00:00,20724.0
2013-09-02 02:00:00,19539.0
2013-09-02 03:00:00,18901.0
2013-09-02 04:00:00,19489.0
2013-09-02 05:00:00,19397.0
2013-09-02 06:00:00,22346.0
2013-09-02 07:00:00,23944.0
2013-09-02 08:00:00,33061.0
2013-09-02 09:00:00,36381.0
2013-09-02 10:00:00,31969.0
2013-09-02 11:00:00,32944.0
2013-09-02 12:00:00,36801.0
2013-09-02 13:00:00,38515.0
2013-09-02 14:00:00,38280.0
2013-09-02 15:00:00,37767.0
2013-09-02 16:00:00,39867.0
2013-09-02 17:00:00,40447.0
2013-09-02 18:00:00,41488.0
2013-09-02 19:00:00,41674.0
2013-09-02 20:00:00,40641.0
2013-09-02 21:00:00,39027.0
2013-09-02 22:00:00,31422.0
2013-09-02 23:00:00,24842.0
2013-09-03 00:00:00,21204.0
2013-09-03 01:00:00,19128.0
2013-09-03 02:00:00,17775.0
2013-09-03 03:00:00,16792.0
2013-09-03 04:00:00,17682.0
2013-09-03 05:00:00,17893.0
2013-09-03 06:00:00,20843.0
2013-09-03 07:00:00,22817.0
2013-09-03 08:00:00,29557.0
2013-09-03 09:00:00,33507.0
2013-09-03 10:00:00,30666.0
2013-09-03 11:00:00,31372.0
2013-09-03 12:00:00,37818.0
2013-09-03 13:00:00,39187.0
2013-09-03 14:00:00,38514.0
2013-09-03 15:00:00,39708.0
2013-09-03 16:00:00,41304.0
2013-09-03 17:00:00,41120.0
2013-09-03 18:00:00,41406.0
2013-09-03 19:00:00,38959.0
2013-09-03 20:00:00,40103.0
2013-09-03 21:00:00,39456.0
2013-09-03 22:00:00,30767.0
2013-09-03 23:00:00,23288.0
2013-09-04 00:00:00,20673.0
2013-09-04 01:00:00,19161.0
2013-09-04 02:00:00,18094.0
2013-09-04 03:00:00,16892.0
2013-09-04 04:00:00,17758.0
2013-09-04 05:00:00,18061.0
2013-09-04 06:00:00,20455.0
2013-09-04 07:00:00,22120.0
2013-09-04 08:00:00,31422.0
2013-09-04 09:00:00,34901.0
2013-09-04 10:00:00,31179.0
2013-09-04 11:00:00,31539.0
2013-09-04 12:00:00,37245.0
2013-09-04 13:00:00,39474.0
2013-09-04 14:00:00,39194.0
2013-09-04 15:00:00,39196.0
2013-09-04 16:00:00,39263.0
2013-09-04 17:00:00,38817.0
2013-09-04 18:00:00,38111.0
2013-09-04 19:00:00,37178.0
2013-09-04 20:00:00,37867.0
2013-09-04 21:00:00,37624.0
2013-09-04 22:00:00,30077.0
2013-09-04 23:00:00,23598.0
2013-09-05 00:00:00,20507.0
2013-09-05 01:00:00,18809.0
2013-09-05 02:00:00,18187.0
2013-09-05 03:00:00,17473.0
2013-09-05 04:00:00,18044.0
2013-09-05 05:00:00,18296.0
2013-09-05 06:00:00,21657.0
2013-09-05 07:00:00,22548.0
2013-09-05 08:00:00,31238.0
2013-09-05 09:00:00,34103.0
2013-09-05 10:00:00,31741.0
2013-09-05 11:00:00,31456.0
2013-09-05 12:00:00,36271.0
2013-09-05 13:00:00,38438.0
2013-09-05 14:00:00,37539.0
2013-09-05 15:00:00,38245.0
2013-09-05 16:00:00,38926.0
2013-09-05 17:00:00,38885.0
2013-09-05 18:00:00,37497.0
2013-09-05 19:00:00,37885.0
2013-09-05 20:00:00,39414.0
2013-09-05 21:00:00,39312.0
2013-09-05 22:00:00,30523.0
2013-09-05 23:00:00,23607.0
2013-09-06 00:00:00,20237.0
2013-09-06 01:00:00,17927.0
2013-09-06 02:00:00,17237.0
2013-09-06 03:00:00,16287.0
2013-09-06 04:00:00,17271.0
2013-09-06 05:00:00,17455.0
2013-09-06 06:00:00,19800.0
2013-09-06 07:00:00,22036.0
2013-09-06 08:00:00,29784.0
2013-09-06 09:00:00,32356.0
2013-09-06 10:00:00,31186.0
2013-09-06 11:00:00,30565.0
2013-09-06 12:00:00,30330.0
2013-09-06 13:00:00,37565.0
2013-09-06 14:00:00,38472.0
2013-09-06 15:00:00,37852.0
2013-09-06 16:00:00,38750.0
2013-09-06 17:00:00,38859.0
2013-09-06 18:00:00,38430.0
2013-09-06 19:00:00,37506.0
2013-09-06 20:00:00,39278.0
2013-09-06 21:00:00,38254.0
2013-09-06 22:00:00,35396.0
2013-09-06 23:00:00,29381.0
2013-09-07 00:00:00,23069.0
2013-09-07 01:00:00,18623.0
2013-09-07 02:00:00,16994.0
2013-09-07 03:00:00,16514.0
2013-09-07 04:00:00,16809.0
2013-09-07 05:00:00,16834.0
2013-09-07 06:00:00,19103.0
2013-09-07 07:00:00,21019.0
2013-09-07 08:00:00,28380.0
2013-09-07 09:00:00,31314.0
2013-09-07 10:00:00,28371.0
2013-09-07 11:00:00,29018.0
2013-09-07 12:00:00,29330.0
2013-09-07 13:00:00,36136.0
2013-09-07 14:00:00,35733.0
2013-09-07 15:00:00,35532.0
2013-09-07 16:00:00,35901.0
2013-09-07 17:00:00,37253.0
2013-09-07 18:00:00,37070.0
2013-09-07 19:00:00,36826.0
2013-09-07 20:00:00,37624.0
2013-09-07 21:00:00,37531.0
2013-09-07 22:00:00,34724.0
2013-09-07 23:00:00,27926.0
2013-09-08 00:00:00,22027.0
2013-09-08 01:00:00,17590.0
2013-09-08 02:00:00,16448.0
2013-09-08 03:00:00,15574.0
2013-09-08 04:00:00,16237.0
2013-09-08 05:00:00,16195.0
2013-09-08 06:00:00,17372.0
2013-09-08 07:00:00,19918.0
2013-09-08 08:00:00,25338.0
2013-09-08 09:00:00,29238.0
2013-09-08 10:00:00,27523.0
2013-09-08 11:00:00,28346.0
2013-09-08 12:00:00,28447.0
2013-09-08 13:00:00,34557.0
2013-09-08 14:00:00,33658.0
2013-09-08 15:00:00,33724.0
2013-09-08 16:00:00,33581.0
2013-09-08 17:00:00,32473.0
2013-09-08 18:00:00,34271.0
2013-09-08 19:00:00,33590.0
2013-09-08 20:00:00,35329.0
2013-09-08 21:00:00,34775.0
2013-09-08 22:00:00,28649.0
2013-09-08 23:00:00,22095.0
2013-09-09 00:00:00,19095.0
2013-09-09 01:00:00,15935.0
2013-09-09 02:00:00,15632.0
2013-09-09 03:00:00,14817.0
2013-09-09 04:00:00,15758.0
2013-09-09 05:00:00,15616.0
2013-09-09 06:00:00,17515.0
2013-09-09 07:00:00,19397.0
2013-09-09 08:00:00,25490.0
2013-09-09 09:00:00,30120.0
2013-09-09 10:00:00,28591.0
2013-09-09 11:00:00,28128.0
2013-09-09 12:00:00,32540.0
2013-09-09 13:00:00,33263.0
2013-09-09 14:00:00,34262.0
2013-09-09 15:00:00,34212.0
2013-09-09 16:00:00,36556.0
2013-09-09 17:00:00,35716.0
2013-09-09 18:00:00,36247.0
2013-09-09 19:00:00,36060.0
2013-09-09 20:00:00,36691.0
2013-09-09 21:00:00,32851.0
2013-09-09 22:00:00,29523.0
2013-09-09 23:00:00,23203.0
2013-09-10 00:00:00,19514.0
2013-09-10 01:00:00,18061.0
2013-09-10 02:00:00,16632.0
2013-09-10 03:00:00,16346.0
2013-09-10 04:00:00,16413.0
2013-09-10 05:00:00,16438.0
2013-09-10 06:00:00,18095.0
2013-09-10 07:00:00,19809.0
2013-09-10 08:00:00,26313.0
2013-09-10 09:00:00,31145.0
2013-09-10 10:00:00,29287.0
2013-09-10 11:00:00,29263.0
2013-09-10 12:00:00,29902.0
2013-09-10 13:00:00,35203.0
2013-09-10 14:00:00,36254.0
2013-09-10 15:00:00,35767.0
2013-09-10 16:00:00,38137.0
2013-09-10 17:00:00,37851.0
2013-09-10 18:00:00,38330.0
2013-09-10 19:00:00,37582.0
2013-09-10 20:00:00,38851.0
2013-09-10 21:00:00,33472.0
2013-09-10 22:00:00,29875.0
2013-09-10 23:00:00,23884.0
2013-09-11 00:00:00,20120.0
2013-09-11 01:00:00,18220.0
2013-09-11 02:00:00,17036.0
2013-09-11 03:00:00,16893.0
2013-09-11 04:00:00,17446.0
2013-09-11 05:00:00,18388.0
2013-09-11 06:00:00,20432.0
2013-09-11 07:00:00,22297.0
2013-09-11 08:00:00,29212.0
2013-09-11 09:00:00,33044.0
2013-09-11 10:00:00,30616.0
2013-09-11 11:00:00,31001.0
2013-09-11 12:00:00,31027.0
2013-09-11 13:00:00,36204.0
2013-09-11 14:00:00,39085.0
2013-09-11 15:00:00,39606.0
2013-09-11 16:00:00,40405.0
2013-09-11 17:00:00,39960.0
2013-09-11 18:00:00,39558.0
2013-09-11 19:00:00,38801.0
2013-09-11 20:00:00,39304.0
2013-09-11 21:00:00,34682.0
2013-09-11 22:00:00,32464.0
2013-09-11 23:00:00,25683.0
2013-09-12 00:00:00,21615.0
2013-09-12 01:00:00,20263.0
2013-09-12 02:00:00,19346.0
2013-09-12 03:00:00,18128.0
2013-09-12 04:00:00,18430.0
2013-09-12 05:00:00,18565.0
2013-09-12 06:00:00,19826.0
2013-09-12 07:00:00,22648.0
2013-09-12 08:00:00,29885.0
2013-09-12 09:00:00,32926.0
2013-09-12 10:00:00,30456.0
2013-09-12 11:00:00,30582.0
2013-09-12 12:00:00,31229.0
2013-09-12 13:00:00,36985.0
2013-09-12 14:00:00,38909.0
2013-09-12 15:00:00,38548.0
2013-09-12 16:00:00,38944.0
2013-09-12 17:00:00,38994.0
2013-09-12 18:00:00,38464.0
2013-09-12 19:00:00,38380.0
2013-09-12 20:00:00,38649.0
2013-09-12 21:00:00,34229.0
2013-09-12 22:00:00,29843.0
2013-09-12 23:00:00,24397.0
2013-09-13 00:00:00,20431.0
2013-09-13 01:00:00,18833.0
2013-09-13 02:00:00,17834.0
2013-09-13 03:00:00,17665.0
2013-09-13 04:00:00,18565.0
2013-09-13 05:00:00,18876.0
2013-09-13 06:00:00,20581.0
2013-09-13 07:00:00,23539.0
2013-09-13 08:00:00,30952.0
2013-09-13 09:00:00,33758.0
2013-09-13 10:00:00,31825.0
2013-09-13 11:00:00,32355.0
2013-09-13 12:00:00,31934.0
2013-09-13 13:00:00,36331.0
2013-09-13 14:00:00,37498.0
2013-09-13 15:00:00,37749.0
2013-09-13 16:00:00,39632.0
2013-09-13 17:00:00,40296.0
2013-09-13 18:00:00,38851.0
2013-09-13 19:00:00,39396.0
2013-09-13 20:00:00,39909.0
2013-09-13 21:00:00,36935.0
2013-09-13 22:00:00,34666.0
2013-09-13 23:00:00,27910.0
2013-09-14 00:00:00,23506.0
2013-09-14 01:00:00,19135.0
2013-09-14 02:00:00,17447.0
2013-09-14 03:00:00,16337.0
2013-09-14 04:00:00,17120.0
2013-09-14 05:00:00,18095.0
2013-09-14 06:00:00,19447.0
2013-09-14 07:00:00,22221.0
2013-09-14 08:00:00,28389.0
2013-09-14 09:00:00,30801.0
2013-09-14 10:00:00,28070.0
2013-09-14 11:00:00,29161.0
2013-09-14 12:00:00,29800.0
2013-09-14 13:00:00,36540.0
2013-09-14 14:00:00,38767.0
2013-09-14 15:00:00,37708.0
2013-09-14 16:00:00,37935.0
2013-09-14 17:00:00,37640.0
2013-09-14 18:00:00,38733.0
2013-09-14 19:00:00,39238.0
2013-09-14 20:00:00,39506.0
2013-09-14 21:00:00,38355.0
2013-09-14 22:00:00,36498.0
2013-09-14 23:00:00,29505.0
2013-09-15 00:00:00,24414.0
2013-09-15 01:00:00,19136.0
2013-09-15 02:00:00,18161.0
2013-09-15 03:00:00,17498.0
2013-09-15 04:00:00,17926.0
2013-09-15 05:00:00,17709.0
2013-09-15 06:00:00,19128.0
2013-09-15 07:00:00,21700.0
2013-09-15 08:00:00,27884.0
2013-09-15 09:00:00,32203.0
2013-09-15 10:00:00,29061.0
2013-09-15 11:00:00,29263.0
2013-09-15 12:00:00,30111.0
2013-09-15 13:00:00,35985.0
2013-09-15 14:00:00,38465.0
2013-09-15 15:00:00,37296.0
2013-09-15 16:00:00,38280.0
2013-09-15 17:00:00,39204.0
2013-09-15 18:00:00,40095.0
2013-09-15 19:00:00,38793.0
2013-09-15 20:00:00,39758.0
2013-09-15 21:00:00,38557.0
2013-09-15 22:00:00,29801.0
2013-09-15 23:00:00,23448.0
2013-09-16 00:00:00,20069.0
2013-09-16 01:00:00,18540.0
2013-09-16 02:00:00,16792.0
2013-09-16 03:00:00,16187.0
2013-09-16 04:00:00,16590.0
2013-09-16 05:00:00,16674.0
2013-09-16 06:00:00,19354.0
2013-09-16 07:00:00,20927.0
2013-09-16 08:00:00,28036.0
2013-09-16 09:00:00,32263.0
2013-09-16 10:00:00,28926.0
2013-09-16 11:00:00,28809.0
2013-09-16 12:00:00,29347.0
2013-09-16 13:00:00,33481.0
2013-09-16 14:00:00,36439.0
2013-09-16 15:00:00,36355.0
2013-09-16 16:00:00,37641.0
2013-09-16 17:00:00,37069.0
2013-09-16 18:00:00,37405.0
2013-09-16 19:00:00,37447.0
2013-09-16 20:00:00,37135.0
2013-09-16 21:00:00,35985.0
2013-09-16 22:00:00,29111.0
2013-09-16 23:00:00,25305.0
2013-09-17 00:00:00,22162.0
2013-09-17 01:00:00,18615.0
2013-09-17 02:00:00,17230.0
2013-09-17 03:00:00,16440.0
2013-09-17 04:00:00,16993.0
2013-09-17 05:00:00,17136.0
2013-09-17 06:00:00,17759.0
2013-09-17 07:00:00,20901.0
2013-09-17 08:00:00,27649.0
2013-09-17 09:00:00,33338.0
2013-09-17 10:00:00,30372.0
2013-09-17 11:00:00,29430.0
2013-09-17 12:00:00,30734.0
2013-09-17 13:00:00,35599.0
2013-09-17 14:00:00,36615.0
2013-09-17 15:00:00,36843.0
2013-09-17 16:00:00,37893.0
2013-09-17 17:00:00,37263.0
2013-09-17 18:00:00,38389.0
2013-09-17 19:00:00,37381.0
2013-09-17 20:00:00,37934.0
2013-09-17 21:00:00,36397.0
2013-09-17 22:00:00,29599.0
2013-09-17 23:00:00,25246.0
2013-09-18 00:00:00,22221.0
2013-09-18 01:00:00,18825.0
2013-09-18 02:00:00,16968.0
2013-09-18 03:00:00,16321.0
2013-09-18 04:00:00,16641.0
2013-09-18 05:00:00,17052.0
2013-09-18 06:00:00,18732.0
2013-09-18 07:00:00,20909.0
2013-09-18 08:00:00,27868.0
2013-09-18 09:00:00,32826.0
2013-09-18 10:00:00,29221.0
2013-09-18 11:00:00,29859.0
2013-09-18 12:00:00,30246.0
2013-09-18 13:00:00,35599.0
2013-09-18 14:00:00,36976.0
2013-09-18 15:00:00,37430.0
2013-09-18 16:00:00,38220.0
2013-09-18 17:00:00,37649.0
2013-09-18 18:00:00,38658.0
2013-09-18 19:00:00,38254.0
2013-09-18 20:00:00,39254.0
2013-09-18 21:00:00,37497.0
2013-09-18 22:00:00,30683.0
2013-09-18 23:00:00,24170.0
2013-09-19 00:00:00,20490.0
2013-09-19 01:00:00,18808.0
2013-09-19 02:00:00,17708.0
2013-09-19 03:00:00,16985.0
2013-09-19 04:00:00,17465.0
2013-09-19 05:00:00,17759.0
2013-09-19 06:00:00,19396.0
2013-09-19 07:00:00,22289.0
2013-09-19 08:00:00,28969.0
2013-09-19 09:00:00,33489.0
2013-09-19 10:00:00,31103.0
2013-09-19 11:00:00,30985.0
2013-09-19 12:00:00,32011.0
2013-09-19 13:00:00,36782.0
2013-09-19 14:00:00,38439.0
2013-09-19 15:00:00,37321.0
2013-09-19 16:00:00,39052.0
2013-09-19 17:00:00,38666.0
2013-09-19 18:00:00,39465.0
2013-09-19 19:00:00,39279.0
2013-09-19 20:00:00,39691.0
2013-09-19 21:00:00,37969.0
2013-09-19 22:00:00,31187.0
2013-09-19 23:00:00,25414.0
2013-09-20 00:00:00,20994.0
2013-09-20 01:00:00,18927.0
2013-09-20 02:00:00,18128.0
2013-09-20 03:00:00,18103.0
2013-09-20 04:00:00,18237.0
2013-09-20 05:00:00,18934.0
2013-09-20 06:00:00,20220.0
2013-09-20 07:00:00,22867.0
2013-09-20 08:00:00,30523.0
2013-09-20 09:00:00,35019.0
2013-09-20 10:00:00,32767.0
2013-09-20 11:00:00,32565.0
2013-09-20 12:00:00,34043.0
2013-09-20 13:00:00,39153.0
2013-09-20 14:00:00,40363.0
2013-09-20 15:00:00,39405.0
2013-09-20 16:00:00,40002.0
2013-09-20 17:00:00,40868.0
2013-09-20 18:00:00,40791.0
2013-09-20 19:00:00,39288.0
2013-09-20 20:00:00,40850.0
2013-09-20 21:00:00,40070.0
2013-09-20 22:00:00,37574.0
2013-09-20 23:00:00,31338.0
2013-09-21 00:00:00,25952.0
2013-09-21 01:00:00,21103.0
2013-09-21 02:00:00,19725.0
2013-09-21 03:00:00,19011.0
2013-09-21 04:00:00,19943.0
2013-09-21 05:00:00,19060.0
2013-09-21 06:00:00,20574.0
2013-09-21 07:00:00,23791.0
2013-09-21 08:00:00,32212.0
2013-09-21 09:00:00,34221.0
2013-09-21 10:00:00,31910.0
2013-09-21 11:00:00,32759.0
2013-09-21 12:00:00,33414.0
2013-09-21 13:00:00,39522.0
2013-09-21 14:00:00,39935.0
2013-09-21 15:00:00,39347.0
2013-09-21 16:00:00,39346.0
2013-09-21 17:00:00,40002.0
2013-09-21 18:00:00,40431.0
2013-09-21 19:00:00,40338.0
2013-09-21 20:00:00,42624.0
2013-09-21 21:00:00,41179.0
2013-09-21 22:00:00,37910.0
2013-09-21 23:00:00,32354.0
2013-09-22 00:00:00,25152.0
2013-09-22 01:00:00,20413.0
2013-09-22 02:00:00,18993.0
2013-09-22 03:00:00,18750.0
2013-09-22 04:00:00,19052.0
2013-09-22 05:00:00,19918.0
2013-09-22 06:00:00,20885.0
2013-09-22 07:00:00,22312.0
2013-09-22 08:00:00,28582.0
2013-09-22 09:00:00,33775.0
2013-09-22 10:00:00,30675.0
2013-09-22 11:00:00,32354.0
2013-09-22 12:00:00,31641.0
2013-09-22 13:00:00,35708.0
2013-09-22 14:00:00,37952.0
2013-09-22 15:00:00,37338.0
2013-09-22 16:00:00,37145.0
2013-09-22 17:00:00,36750.0
2013-09-22 18:00:00,36523.0
2013-09-22 19:00:00,37111.0
2013-09-22 20:00:00,38406.0
2013-09-22 21:00:00,35515.0
2013-09-22 22:00:00,29968.0
2013-09-22 23:00:00,24330.0
2013-09-23 00:00:00,20959.0
2013-09-23 01:00:00,18313.0
2013-09-23 02:00:00,18381.0
2013-09-23 03:00:00,17893.0
2013-09-23 04:00:00,19270.0
2013-09-23 05:00:00,18884.0
2013-09-23 06:00:00,21011.0
2013-09-23 07:00:00,22413.0
2013-09-23 08:00:00,28296.0
2013-09-23 09:00:00,32557.0
2013-09-23 10:00:00,31162.0
2013-09-23 11:00:00,31103.0
2013-09-23 12:00:00,32053.0
2013-09-23 13:00:00,35120.0
2013-09-23 14:00:00,36733.0
2013-09-23 15:00:00,36522.0
2013-09-23 16:00:00,37968.0
2013-09-23 17:00:00,37708.0
2013-09-23 18:00:00,36725.0
2013-09-23 19:00:00,36768.0
2013-09-23 20:00:00,37792.0
2013-09-23 21:00:00,36019.0
2013-09-23 22:00:00,30363.0
2013-09-23 23:00:00,24043.0
2013-09-24 00:00:00,20884.0
2013-09-24 01:00:00,19010.0
2013-09-24 02:00:00,18145.0
2013-09-24 03:00:00,17440.0
2013-09-24 04:00:00,18221.0
2013-09-24 05:00:00,18196.0
2013-09-24 06:00:00,20557.0
2013-09-24 07:00:00,22640.0
2013-09-24 08:00:00,30129.0
2013-09-24 09:00:00,33279.0
2013-09-24 10:00:00,30968.0
2013-09-24 11:00:00,32044.0
2013-09-24 12:00:00,31800.0
2013-09-24 13:00:00,36599.0
2013-09-24 14:00:00,36700.0
2013-09-24 15:00:00,36573.0
2013-09-24 16:00:00,36859.0
2013-09-24 17:00:00,37195.0
2013-09-24 18:00:00,37480.0
2013-09-24 19:00:00,37313.0
2013-09-24 20:00:00,38700.0
2013-09-24 21:00:00,36346.0
2013-09-24 22:00:00,30607.0
2013-09-24 23:00:00,24793.0
2013-09-25 00:00:00,21522.0
2013-09-25 01:00:00,19649.0
2013-09-25 02:00:00,18741.0
2013-09-25 03:00:00,17758.0
2013-09-25 04:00:00,18961.0
2013-09-25 05:00:00,19522.0
2013-09-25 06:00:00,21464.0
2013-09-25 07:00:00,23246.0
2013-09-25 08:00:00,30019.0
2013-09-25 09:00:00,35296.0
2013-09-25 10:00:00,32867.0
2013-09-25 11:00:00,32153.0
2013-09-25 12:00:00,32170.0
2013-09-25 13:00:00,35657.0
2013-09-25 14:00:00,36732.0
2013-09-25 15:00:00,35245.0
2013-09-25 16:00:00,35691.0
2013-09-25 17:00:00,36817.0
2013-09-25 18:00:00,36439.0
2013-09-25 19:00:00,36246.0
2013-09-25 20:00:00,37675.0
2013-09-25 21:00:00,34802.0
2013-09-25 22:00:00,30203.0
2013-09-25 23:00:00,24329.0
2013-09-26 00:00:00,20675.0
2013-09-26 01:00:00,18977.0
2013-09-26 02:00:00,17775.0
2013-09-26 03:00:00,17422.0
2013-09-26 04:00:00,18104.0
2013-09-26 05:00:00,18313.0
2013-09-26 06:00:00,20741.0
2013-09-26 07:00:00,23565.0
2013-09-26 08:00:00,29238.0
2013-09-26 09:00:00,33850.0
2013-09-26 10:00:00,30632.0
2013-09-26 11:00:00,31103.0
2013-09-26 12:00:00,32295.0
2013-09-26 13:00:00,35531.0
2013-09-26 14:00:00,37977.0
2013-09-26 15:00:00,37641.0
2013-09-26 16:00:00,38473.0
2013-09-26 17:00:00,38229.0
2013-09-26 18:00:00,37936.0
2013-09-26 19:00:00,37363.0
2013-09-26 20:00:00,38448.0
2013-09-26 21:00:00,36455.0
2013-09-26 22:00:00,30843.0
2013-09-26 23:00:00,24875.0
2013-09-27 00:00:00,21465.0
2013-09-27 01:00:00,19439.0
2013-09-27 02:00:00,18691.0
2013-09-27 03:00:00,18700.0
2013-09-27 04:00:00,19371.0
2013-09-27 05:00:00,18162.0
2013-09-27 06:00:00,21346.0
2013-09-27 07:00:00,23566.0
2013-09-27 08:00:00,28851.0
2013-09-27 09:00:00,34128.0
2013-09-27 10:00:00,30432.0
2013-09-27 11:00:00,32364.0
2013-09-27 12:00:00,32145.0
2013-09-27 13:00:00,34918.0
2013-09-27 14:00:00,36489.0
2013-09-27 15:00:00,35976.0
2013-09-27 16:00:00,35346.0
2013-09-27 17:00:00,31573.0
2013-09-27 18:00:00,37011.0
2013-09-27 19:00:00,36574.0
2013-09-27 20:00:00,38691.0
2013-09-27 21:00:00,37951.0
2013-09-27 22:00:00,36465.0
2013-09-27 23:00:00,31229.0
2013-09-28 00:00:00,25111.0
2013-09-28 01:00:00,18978.0
2013-09-28 02:00:00,17994.0
2013-09-28 03:00:00,16917.0
2013-09-28 04:00:00,18061.0
2013-09-28 05:00:00,18262.0
2013-09-28 06:00:00,19952.0
2013-09-28 07:00:00,22489.0
2013-09-28 08:00:00,31094.0
2013-09-28 09:00:00,32456.0
2013-09-28 10:00:00,30212.0
2013-09-28 11:00:00,31170.0
2013-09-28 12:00:00,32018.0
2013-09-28 13:00:00,35296.0
2013-09-28 14:00:00,35085.0
2013-09-28 15:00:00,34313.0
2013-09-28 16:00:00,34598.0
2013-09-28 17:00:00,35026.0
2013-09-28 18:00:00,36054.0
2013-09-28 19:00:00,37027.0
2013-09-28 20:00:00,38001.0
2013-09-28 21:00:00,37666.0
2013-09-28 22:00:00,35768.0
2013-09-28 23:00:00,30087.0
2013-09-29 00:00:00,24456.0
2013-09-29 01:00:00,19766.0
2013-09-29 02:00:00,17667.0
2013-09-29 03:00:00,17355.0
2013-09-29 04:00:00,17850.0
2013-09-29 05:00:00,18456.0
2013-09-29 06:00:00,19783.0
2013-09-29 07:00:00,23001.0
2013-09-29 08:00:00,29380.0
2013-09-29 09:00:00,32700.0
2013-09-29 10:00:00,30146.0
2013-09-29 11:00:00,31590.0
2013-09-29 12:00:00,31010.0
2013-09-29 13:00:00,36431.0
2013-09-29 14:00:00,36095.0
2013-09-29 15:00:00,35674.0
2013-09-29 16:00:00,35767.0
2013-09-29 17:00:00,35044.0
2013-09-29 18:00:00,35767.0
2013-09-29 19:00:00,37296.0
2013-09-29 20:00:00,38581.0
2013-09-29 21:00:00,36388.0
2013-09-29 22:00:00,30355.0
2013-09-29 23:00:00,23616.0
2013-09-30 00:00:00,20212.0
2013-09-30 01:00:00,18068.0
2013-09-30 02:00:00,18187.0
2013-09-30 03:00:00,17514.0
2013-09-30 04:00:00,18314.0
2013-09-30 05:00:00,19187.0
2013-09-30 06:00:00,21447.0
2013-09-30 07:00:00,23926.0
2013-09-30 08:00:00,30060.0
2013-09-30 09:00:00,33917.0
2013-09-30 10:00:00,31346.0
2013-09-30 11:00:00,30842.0
2013-09-30 12:00:00,32145.0
2013-09-30 13:00:00,36196.0
2013-09-30 14:00:00,37196.0
2013-09-30 15:00:00,35171.0
2013-09-30 16:00:00,35355.0
2013-09-30 17:00:00,35775.0
2013-09-30 18:00:00,35732.0
2013-09-30 19:00:00,37170.0
2013-09-30 20:00:00,38918.0
2013-09-30 21:00:00,36927.0
2013-09-30 22:00:00,32001.0
2013-09-30 23:00:00,26028.0
2013-10-01 00:00:00,21944.0
2013-10-01 01:00:00,20178.0
2013-10-01 02:00:00,19094.0
2013-10-01 03:00:00,18212.0
2013-10-01 04:00:00,18858.0
2013-10-01 05:00:00,19650.0
2013-10-01 06:00:00,21069.0
2013-10-01 07:00:00,24817.0
2013-10-01 08:00:00,30036.0
2013-10-01 09:00:00,34103.0
2013-10-01 10:00:00,32136.0
2013-10-01 11:00:00,33069.0
2013-10-01 12:00:00,32473.0
2013-10-01 13:00:00,34650.0
2013-10-01 14:00:00,34657.0
2013-10-01 15:00:00,34137.0
2013-10-01 16:00:00,35481.0
2013-10-01 17:00:00,35203.0
2013-10-01 18:00:00,34229.0
2013-10-01 19:00:00,33808.0
2013-10-01 20:00:00,33178.0
2013-10-01 21:00:00,31884.0
2013-10-01 22:00:00,29574.0
2013-10-01 23:00:00,24624.0
2013-10-02 00:00:00,21448.0
2013-10-02 01:00:00,19154.0
2013-10-02 02:00:00,18380.0
2013-10-02 03:00:00,16850.0
2013-10-02 04:00:00,17489.0
2013-10-02 05:00:00,17624.0
2013-10-02 06:00:00,20212.0
2013-10-02 07:00:00,22406.0
2013-10-02 08:00:00,27943.0
2013-10-02 09:00:00,32011.0
2013-10-02 10:00:00,30650.0
2013-10-02 11:00:00,31119.0
2013-10-02 12:00:00,35045.0
2013-10-02 13:00:00,34111.0
2013-10-02 14:00:00,34548.0
2013-10-02 15:00:00,35002.0
2013-10-02 16:00:00,35531.0
2013-10-02 17:00:00,36456.0
2013-10-02 18:00:00,35733.0
2013-10-02 19:00:00,35137.0
2013-10-02 20:00:00,32195.0
2013-10-02 21:00:00,31985.0
2013-10-02 22:00:00,30405.0
2013-10-02 23:00:00,24471.0
2013-10-03 00:00:00,20591.0
2013-10-03 01:00:00,18103.0
2013-10-03 02:00:00,17330.0
2013-10-03 03:00:00,16607.0
2013-10-03 04:00:00,17372.0
2013-10-03 05:00:00,17851.0
2013-10-03 06:00:00,19313.0
2013-10-03 07:00:00,24128.0
2013-10-03 08:00:00,29842.0
2013-10-03 09:00:00,32926.0
2013-10-03 10:00:00,31421.0
2013-10-03 11:00:00,31481.0
2013-10-03 12:00:00,34961.0
2013-10-03 13:00:00,36607.0
2013-10-03 14:00:00,36203.0
2013-10-03 15:00:00,35296.0
2013-10-03 16:00:00,35010.0
2013-10-03 17:00:00,36103.0
2013-10-03 18:00:00,34699.0
2013-10-03 19:00:00,35170.0
2013-10-03 20:00:00,33086.0
2013-10-03 21:00:00,32094.0
2013-10-03 22:00:00,29456.0
2013-10-03 23:00:00,23867.0
2013-10-04 00:00:00,20001.0
2013-10-04 01:00:00,18027.0
2013-10-04 02:00:00,17313.0
2013-10-04 03:00:00,16951.0
2013-10-04 04:00:00,16926.0
2013-10-04 05:00:00,17884.0
2013-10-04 06:00:00,19658.0
2013-10-04 07:00:00,25221.0
2013-10-04 08:00:00,28876.0
2013-10-04 09:00:00,32741.0
2013-10-04 10:00:00,30278.0
2013-10-04 11:00:00,28708.0
2013-10-04 12:00:00,31556.0
2013-10-04 13:00:00,32699.0
2013-10-04 14:00:00,32758.0
2013-10-04 15:00:00,33220.0
2013-10-04 16:00:00,33036.0
2013-10-04 17:00:00,33481.0
2013-10-04 18:00:00,32834.0
2013-10-04 19:00:00,33834.0
2013-10-04 20:00:00,33070.0
2013-10-04 21:00:00,31850.0
2013-10-04 22:00:00,31078.0
2013-10-04 23:00:00,29675.0
2013-10-05 00:00:00,24136.0
2013-10-05 01:00:00,19077.0
2013-10-05 02:00:00,17632.0
2013-10-05 03:00:00,16405.0
2013-10-05 04:00:00,17019.0
2013-10-05 05:00:00,16985.0
2013-10-05 06:00:00,18355.0
2013-10-05 07:00:00,21069.0
2013-10-05 08:00:00,25968.0
2013-10-05 09:00:00,30657.0
2013-10-05 10:00:00,28674.0
2013-10-05 11:00:00,28969.0
2013-10-05 12:00:00,31691.0
2013-10-05 13:00:00,34001.0
2013-10-05 14:00:00,33918.0
2013-10-05 15:00:00,33095.0
2013-10-05 16:00:00,33742.0
2013-10-05 17:00:00,34237.0
2013-10-05 18:00:00,34127.0
2013-10-05 19:00:00,34196.0
2013-10-05 20:00:00,32901.0
2013-10-05 21:00:00,32010.0
2013-10-05 22:00:00,31027.0
2013-10-05 23:00:00,29515.0
2013-10-06 00:00:00,22918.0
2013-10-06 01:00:00,18322.0
2013-10-06 02:00:00,16784.0
2013-10-06 03:00:00,16355.0
2013-10-06 04:00:00,17078.0
2013-10-06 05:00:00,17389.0
2013-10-06 06:00:00,18439.0
2013-10-06 07:00:00,21767.0
2013-10-06 08:00:00,24649.0
2013-10-06 09:00:00,27841.0
2013-10-06 10:00:00,28137.0
2013-10-06 11:00:00,28396.0
2013-10-06 12:00:00,31523.0
2013-10-06 13:00:00,33288.0
2013-10-06 14:00:00,34061.0
2013-10-06 15:00:00,33532.0
2013-10-06 16:00:00,34135.0
2013-10-06 17:00:00,34875.0
2013-10-06 18:00:00,32591.0
2013-10-06 19:00:00,34019.0
2013-10-06 20:00:00,31842.0
2013-10-06 21:00:00,32120.0
2013-10-06 22:00:00,30044.0
2013-10-06 23:00:00,24372.0
2013-10-07 00:00:00,20127.0
2013-10-07 01:00:00,18171.0
2013-10-07 02:00:00,17674.0
2013-10-07 03:00:00,17631.0
2013-10-07 04:00:00,18321.0
2013-10-07 05:00:00,18136.0
2013-10-07 06:00:00,20061.0
2013-10-07 07:00:00,23826.0
2013-10-07 08:00:00,27641.0
2013-10-07 09:00:00,31682.0
2013-10-07 10:00:00,29733.0
2013-10-07 11:00:00,28624.0
2013-10-07 12:00:00,31657.0
2013-10-07 13:00:00,32498.0
2013-10-07 14:00:00,33699.0
2013-10-07 15:00:00,32203.0
2013-10-07 16:00:00,33833.0
2013-10-07 17:00:00,34632.0
2013-10-07 18:00:00,33146.0
2013-10-07 19:00:00,33288.0
2013-10-07 20:00:00,31203.0
2013-10-07 21:00:00,31187.0
2013-10-07 22:00:00,29926.0
2013-10-07 23:00:00,24263.0
2013-10-08 00:00:00,20490.0
2013-10-08 01:00:00,18364.0
2013-10-08 02:00:00,17547.0
2013-10-08 03:00:00,17270.0
2013-10-08 04:00:00,17985.0
2013-10-08 05:00:00,18363.0
2013-10-08 06:00:00,20421.0
2013-10-08 07:00:00,23237.0
2013-10-08 08:00:00,27751.0
2013-10-08 09:00:00,30994.0
2013-10-08 10:00:00,28843.0
2013-10-08 11:00:00,29103.0
2013-10-08 12:00:00,33531.0
2013-10-08 13:00:00,34910.0
2013-10-08 14:00:00,35522.0
2013-10-08 15:00:00,34237.0
2013-10-08 16:00:00,34279.0
2013-10-08 17:00:00,34590.0
2013-10-08 18:00:00,33851.0
2013-10-08 19:00:00,33657.0
2013-10-08 20:00:00,32112.0
2013-10-08 21:00:00,31045.0
2013-10-08 22:00:00,28842.0
2013-10-08 23:00:00,24379.0
2013-10-09 00:00:00,20616.0
2013-10-09 01:00:00,18657.0
2013-10-09 02:00:00,18389.0
2013-10-09 03:00:00,18211.0
2013-10-09 04:00:00,17993.0
2013-10-09 05:00:00,18481.0
2013-10-09 06:00:00,19640.0
2013-10-09 07:00:00,17968.0
2013-10-09 08:00:00,27750.0
2013-10-09 09:00:00,30590.0
2013-10-09 10:00:00,29019.0
2013-10-09 11:00:00,29103.0
2013-10-09 12:00:00,33001.0
2013-10-09 13:00:00,34456.0
2013-10-09 14:00:00,35455.0
2013-10-09 15:00:00,34867.0
2013-10-09 16:00:00,35850.0
2013-10-09 17:00:00,36238.0
2013-10-09 18:00:00,35161.0
2013-10-09 19:00:00,35397.0
2013-10-09 20:00:00,32682.0
2013-10-09 21:00:00,31540.0
2013-10-09 22:00:00,29868.0
2013-10-09 23:00:00,24111.0
2013-10-10 00:00:00,20464.0
2013-10-10 01:00:00,18649.0
2013-10-10 02:00:00,17724.0
2013-10-10 03:00:00,16985.0
2013-10-10 04:00:00,17859.0
2013-10-10 05:00:00,18313.0
2013-10-10 06:00:00,20145.0
2013-10-10 07:00:00,23556.0
2013-10-10 08:00:00,28354.0
2013-10-10 09:00:00,31851.0
2013-10-10 10:00:00,29825.0
2013-10-10 11:00:00,29254.0
2013-10-10 12:00:00,31951.0
2013-10-10 13:00:00,33464.0
2013-10-10 14:00:00,33363.0
2013-10-10 15:00:00,33236.0
2013-10-10 16:00:00,34187.0
2013-10-10 17:00:00,33624.0
2013-10-10 18:00:00,33935.0
2013-10-10 19:00:00,34254.0
2013-10-10 20:00:00,31363.0
2013-10-10 21:00:00,30297.0
2013-10-10 22:00:00,27750.0
2013-10-10 23:00:00,22725.0
2013-10-11 00:00:00,18951.0
2013-10-11 01:00:00,16884.0
2013-10-11 02:00:00,16497.0
2013-10-11 03:00:00,14817.0
2013-10-11 04:00:00,15674.0
2013-10-11 05:00:00,16414.0
2013-10-11 06:00:00,19212.0
2013-10-11 07:00:00,21673.0
2013-10-11 08:00:00,25103.0
2013-10-11 09:00:00,29860.0
2013-10-11 10:00:00,27767.0
2013-10-11 11:00:00,27381.0
2013-10-11 12:00:00,30952.0
2013-10-11 13:00:00,31371.0
2013-10-11 14:00:00,31170.0
2013-10-11 15:00:00,30616.0
2013-10-11 16:00:00,31153.0
2013-10-11 17:00:00,31818.0
2013-10-11 18:00:00,32045.0
2013-10-11 19:00:00,33018.0
2013-10-11 20:00:00,31414.0
2013-10-11 21:00:00,30548.0
2013-10-11 22:00:00,29195.0
2013-10-11 23:00:00,27472.0
2013-10-12 00:00:00,21372.0
2013-10-12 01:00:00,17120.0
2013-10-12 02:00:00,15977.0
2013-10-12 03:00:00,16018.0
2013-10-12 04:00:00,16026.0
2013-10-12 05:00:00,16482.0
2013-10-12 06:00:00,17590.0
2013-10-12 07:00:00,20018.0
2013-10-12 08:00:00,24649.0
2013-10-12 09:00:00,27674.0
2013-10-12 10:00:00,26884.0
2013-10-12 11:00:00,26859.0
2013-10-12 12:00:00,30808.0
2013-10-12 13:00:00,31313.0
2013-10-12 14:00:00,31263.0
2013-10-12 15:00:00,29842.0
2013-10-12 16:00:00,30339.0
2013-10-12 17:00:00,31069.0
2013-10-12 18:00:00,30759.0
2013-10-12 19:00:00,32733.0
2013-10-12 20:00:00,31977.0
2013-10-12 21:00:00,31237.0
2013-10-12 22:00:00,30253.0
2013-10-12 23:00:00,28725.0
2013-10-13 00:00:00,23582.0
2013-10-13 01:00:00,18606.0
2013-10-13 02:00:00,17095.0
2013-10-13 03:00:00,15246.0
2013-10-13 04:00:00,15860.0
2013-10-13 05:00:00,16591.0
2013-10-13 06:00:00,18674.0
2013-10-13 07:00:00,21262.0
2013-10-13 08:00:00,24985.0
2013-10-13 09:00:00,28364.0
2013-10-13 10:00:00,26910.0
2013-10-13 11:00:00,27540.0
2013-10-13 12:00:00,30347.0
2013-10-13 13:00:00,31104.0
2013-10-13 14:00:00,30153.0
2013-10-13 15:00:00,31196.0
2013-10-13 16:00:00,31481.0
2013-10-13 17:00:00,32465.0
2013-10-13 18:00:00,32608.0
2013-10-13 19:00:00,34406.0
2013-10-13 20:00:00,32085.0
2013-10-13 21:00:00,31741.0
2013-10-13 22:00:00,28876.0
2013-10-13 23:00:00,23018.0
2013-10-14 00:00:00,19120.0
2013-10-14 01:00:00,16952.0
2013-10-14 02:00:00,16379.0
2013-10-14 03:00:00,16095.0
2013-10-14 04:00:00,16043.0
2013-10-14 05:00:00,17322.0
2013-10-14 06:00:00,19699.0
2013-10-14 07:00:00,22818.0
2013-10-14 08:00:00,27364.0
2013-10-14 09:00:00,30658.0
2013-10-14 10:00:00,28514.0
2013-10-14 11:00:00,29304.0
2013-10-14 12:00:00,31582.0
2013-10-14 13:00:00,32179.0
2013-10-14 14:00:00,32942.0
2013-10-14 15:00:00,33371.0
2013-10-14 16:00:00,33834.0
2013-10-14 17:00:00,33742.0
2013-10-14 18:00:00,33322.0
2013-10-14 19:00:00,35264.0
2013-10-14 20:00:00,31741.0
2013-10-14 21:00:00,30910.0
2013-10-14 22:00:00,28909.0
2013-10-14 23:00:00,23725.0
2013-10-15 00:00:00,19986.0
2013-10-15 01:00:00,18817.0
2013-10-15 02:00:00,18909.0
2013-10-15 03:00:00,18548.0
2013-10-15 04:00:00,19120.0
2013-10-15 05:00:00,19733.0
2013-10-15 06:00:00,20330.0
2013-10-15 07:00:00,22834.0
2013-10-15 08:00:00,27868.0
2013-10-15 09:00:00,31120.0
2013-10-15 10:00:00,29364.0
2013-10-15 11:00:00,29801.0
2013-10-15 12:00:00,33095.0
2013-10-15 13:00:00,33170.0
2013-10-15 14:00:00,33774.0
2013-10-15 15:00:00,33574.0
2013-10-15 16:00:00,34120.0
2013-10-15 17:00:00,34531.0
2013-10-15 18:00:00,33220.0
2013-10-15 19:00:00,35322.0
2013-10-15 20:00:00,32532.0
2013-10-15 21:00:00,31632.0
2013-10-15 22:00:00,29221.0
2013-10-15 23:00:00,23993.0
2013-10-16 00:00:00,20716.0
2013-10-16 01:00:00,20153.0
2013-10-16 02:00:00,20380.0
2013-10-16 03:00:00,20245.0
2013-10-16 04:00:00,20531.0
2013-10-16 05:00:00,20330.0
2013-10-16 06:00:00,20852.0
2013-10-16 07:00:00,23246.0
2013-10-16 08:00:00,27263.0
2013-10-16 09:00:00,30531.0
2013-10-16 10:00:00,29228.0
2013-10-16 11:00:00,29582.0
2013-10-16 12:00:00,32624.0
2013-10-16 13:00:00,33187.0
2013-10-16 14:00:00,32388.0
2013-10-16 15:00:00,32481.0
2013-10-16 16:00:00,32566.0
2013-10-16 17:00:00,32515.0
2013-10-16 18:00:00,32254.0
2013-10-16 19:00:00,33690.0
2013-10-16 20:00:00,32355.0
2013-10-16 21:00:00,30892.0
2013-10-16 22:00:00,29724.0
2013-10-16 23:00:00,23833.0
2013-10-17 00:00:00,20153.0
2013-10-17 01:00:00,18724.0
2013-10-17 02:00:00,18952.0
2013-10-17 03:00:00,18430.0
2013-10-17 04:00:00,18918.0
2013-10-17 05:00:00,18800.0
2013-10-17 06:00:00,20305.0
2013-10-17 07:00:00,23162.0
2013-10-17 08:00:00,26296.0
2013-10-17 09:00:00,29842.0
2013-10-17 10:00:00,29078.0
2013-10-17 11:00:00,29692.0
2013-10-17 12:00:00,32532.0
2013-10-17 13:00:00,32758.0
2013-10-17 14:00:00,33926.0
2013-10-17 15:00:00,33355.0
2013-10-17 16:00:00,34229.0
2013-10-17 17:00:00,35346.0
2013-10-17 18:00:00,34144.0
2013-10-17 19:00:00,35371.0
2013-10-17 20:00:00,32422.0
2013-10-17 21:00:00,30456.0
2013-10-17 22:00:00,29271.0
2013-10-17 23:00:00,24162.0
2013-10-18 00:00:00,20027.0
2013-10-18 01:00:00,18474.0
2013-10-18 02:00:00,17624.0
2013-10-18 03:00:00,16959.0
2013-10-18 04:00:00,17607.0
2013-10-18 05:00:00,18145.0
2013-10-18 06:00:00,20751.0
2013-10-18 07:00:00,24372.0
2013-10-18 08:00:00,28641.0
2013-10-18 09:00:00,32733.0
2013-10-18 10:00:00,29246.0
2013-10-18 11:00:00,28909.0
2013-10-18 12:00:00,32951.0
2013-10-18 13:00:00,34011.0
2013-10-18 14:00:00,33674.0
2013-10-18 15:00:00,33347.0
2013-10-18 16:00:00,33783.0
2013-10-18 17:00:00,33615.0
2013-10-18 18:00:00,33733.0
2013-10-18 19:00:00,34640.0
2013-10-18 20:00:00,31968.0
2013-10-18 21:00:00,30851.0
2013-10-18 22:00:00,29599.0
2013-10-18 23:00:00,27867.0
2013-10-19 00:00:00,23464.0
2013-10-19 01:00:00,19346.0
2013-10-19 02:00:00,18321.0
2013-10-19 03:00:00,18036.0
2013-10-19 04:00:00,18524.0
2013-10-19 05:00:00,19254.0
2013-10-19 06:00:00,20699.0
2013-10-19 07:00:00,23590.0
2013-10-19 08:00:00,26001.0
2013-10-19 09:00:00,30060.0
2013-10-19 10:00:00,28775.0
2013-10-19 11:00:00,28985.0
2013-10-19 12:00:00,31129.0
2013-10-19 13:00:00,31708.0
2013-10-19 14:00:00,30229.0
2013-10-19 15:00:00,29759.0
2013-10-19 16:00:00,29766.0
2013-10-19 17:00:00,31212.0
2013-10-19 18:00:00,31740.0
2013-10-19 19:00:00,33052.0
2013-10-19 20:00:00,31179.0
2013-10-19 21:00:00,31018.0
2013-10-19 22:00:00,29834.0
2013-10-19 23:00:00,28649.0
2013-10-20 00:00:00,23415.0
2013-10-20 01:00:00,18885.0
2013-10-20 02:00:00,18027.0
2013-10-20 03:00:00,17069.0
2013-10-20 04:00:00,17346.0
2013-10-20 05:00:00,17709.0
2013-10-20 06:00:00,18951.0
2013-10-20 07:00:00,22078.0
2013-10-20 08:00:00,25372.0
2013-10-20 09:00:00,28406.0
2013-10-20 10:00:00,27380.0
2013-10-20 11:00:00,27666.0
2013-10-20 12:00:00,30783.0
2013-10-20 13:00:00,31263.0
2013-10-20 14:00:00,30649.0
2013-10-20 15:00:00,30338.0
2013-10-20 16:00:00,30708.0
2013-10-20 17:00:00,31513.0
2013-10-20 18:00:00,31482.0
2013-10-20 19:00:00,33683.0
2013-10-20 20:00:00,31809.0
2013-10-20 21:00:00,30800.0
2013-10-20 22:00:00,28884.0
2013-10-20 23:00:00,24077.0
2013-10-21 00:00:00,20439.0
2013-10-21 01:00:00,18557.0
2013-10-21 02:00:00,18020.0
2013-10-21 03:00:00,17338.0
2013-10-21 04:00:00,18077.0
2013-10-21 05:00:00,19044.0
2013-10-21 06:00:00,20539.0
2013-10-21 07:00:00,23725.0
2013-10-21 08:00:00,28448.0
2013-10-21 09:00:00,31431.0
2013-10-21 10:00:00,29564.0
2013-10-21 11:00:00,29733.0
2013-10-21 12:00:00,29767.0
2013-10-21 13:00:00,29010.0
2013-10-21 14:00:00,28960.0
2013-10-21 15:00:00,29112.0
2013-10-21 16:00:00,29548.0
2013-10-21 17:00:00,29968.0
2013-10-21 18:00:00,29640.0
2013-10-21 19:00:00,31860.0
2013-10-21 20:00:00,31582.0
2013-10-21 21:00:00,30338.0
2013-10-21 22:00:00,29053.0
2013-10-21 23:00:00,24129.0
2013-10-22 00:00:00,21364.0
2013-10-22 01:00:00,19740.0
2013-10-22 02:00:00,19573.0
2013-10-22 03:00:00,19263.0
2013-10-22 04:00:00,19507.0
2013-10-22 05:00:00,19994.0
2013-10-22 06:00:00,21128.0
2013-10-22 07:00:00,22321.0
2013-10-22 08:00:00,23674.0
2013-10-22 09:00:00,28211.0
2013-10-22 10:00:00,29179.0
2013-10-22 11:00:00,29094.0
2013-10-22 12:00:00,29263.0
2013-10-22 13:00:00,29095.0
2013-10-22 14:00:00,29322.0
2013-10-22 15:00:00,28448.0
2013-10-22 16:00:00,28658.0
2013-10-22 17:00:00,28928.0
2013-10-22 18:00:00,29389.0
2013-10-22 19:00:00,30809.0
2013-10-22 20:00:00,32641.0
2013-10-22 21:00:00,31658.0
2013-10-22 22:00:00,29968.0
2013-10-22 23:00:00,24834.0
2013-10-23 00:00:00,21801.0
2013-10-23 01:00:00,20540.0
2013-10-23 02:00:00,19699.0
2013-10-23 03:00:00,18901.0
2013-10-23 04:00:00,19623.0
2013-10-23 05:00:00,20044.0
2013-10-23 06:00:00,20657.0
2013-10-23 07:00:00,22481.0
2013-10-23 08:00:00,24002.0
2013-10-23 09:00:00,27783.0
2013-10-23 10:00:00,28699.0
2013-10-23 11:00:00,28927.0
2013-10-23 12:00:00,28894.0
2013-10-23 13:00:00,29069.0
2013-10-23 14:00:00,28767.0
2013-10-23 15:00:00,28767.0
2013-10-23 16:00:00,29472.0
2013-10-23 17:00:00,29254.0
2013-10-23 18:00:00,29422.0
2013-10-23 19:00:00,31304.0
2013-10-23 20:00:00,32691.0
2013-10-23 21:00:00,31599.0
2013-10-23 22:00:00,30036.0
2013-10-23 23:00:00,24405.0
2013-10-24 00:00:00,20388.0
2013-10-24 01:00:00,18742.0
2013-10-24 02:00:00,18448.0
2013-10-24 03:00:00,18094.0
2013-10-24 04:00:00,19086.0
2013-10-24 05:00:00,19541.0
2013-10-24 06:00:00,21430.0
2013-10-24 07:00:00,22573.0
2013-10-24 08:00:00,23892.0
2013-10-24 09:00:00,28389.0
2013-10-24 10:00:00,29884.0
2013-10-24 11:00:00,29464.0
2013-10-24 12:00:00,30323.0
2013-10-24 13:00:00,29524.0
2013-10-24 14:00:00,28709.0
2013-10-24 15:00:00,28346.0
2013-10-24 16:00:00,28927.0
2013-10-24 17:00:00,29120.0
2013-10-24 18:00:00,28892.0
2013-10-24 19:00:00,30120.0
2013-10-24 20:00:00,30574.0
2013-10-24 21:00:00,29985.0
2013-10-24 22:00:00,28489.0
2013-10-24 23:00:00,23481.0
2013-10-25 00:00:00,19741.0
2013-10-25 01:00:00,18153.0
2013-10-25 02:00:00,17389.0
2013-10-25 03:00:00,17186.0
2013-10-25 04:00:00,17650.0
2013-10-25 05:00:00,17817.0
2013-10-25 06:00:00,19473.0
2013-10-25 07:00:00,22221.0
2013-10-25 08:00:00,22817.0
2013-10-25 09:00:00,27784.0
2013-10-25 10:00:00,28701.0
2013-10-25 11:00:00,28968.0
2013-10-25 12:00:00,28498.0
2013-10-25 13:00:00,27952.0
2013-10-25 14:00:00,28179.0
2013-10-25 15:00:00,27624.0
2013-10-25 16:00:00,27884.0
2013-10-25 17:00:00,28767.0
2013-10-25 18:00:00,28498.0
2013-10-25 19:00:00,30305.0
2013-10-25 20:00:00,31137.0
2013-10-25 21:00:00,30742.0
2013-10-25 22:00:00,29498.0
2013-10-25 23:00:00,28582.0
2013-10-26 00:00:00,22321.0
2013-10-26 01:00:00,17809.0
2013-10-26 02:00:00,16682.0
2013-10-26 03:00:00,16699.0
2013-10-26 04:00:00,16859.0
2013-10-26 05:00:00,17220.0
2013-10-26 06:00:00,18573.0
2013-10-26 07:00:00,21060.0
2013-10-26 08:00:00,21356.0
2013-10-26 09:00:00,25692.0
2013-10-26 10:00:00,26152.0
2013-10-26 11:00:00,26086.0
2013-10-26 12:00:00,26876.0
2013-10-26 13:00:00,26305.0
2013-10-26 14:00:00,26194.0
2013-10-26 15:00:00,26161.0
2013-10-26 16:00:00,26255.0
2013-10-26 17:00:00,28153.0
2013-10-26 18:00:00,28851.0
2013-10-26 19:00:00,31027.0
2013-10-26 20:00:00,30859.0
2013-10-26 21:00:00,29994.0
2013-10-26 22:00:00,28985.0
2013-10-26 23:00:00,28448.0
2013-10-27 00:00:00,23137.0
2013-10-27 01:00:00,34246.0
2013-10-27 02:00:00,15707.0
2013-10-27 03:00:00,15472.0
2013-10-27 04:00:00,16288.0
2013-10-27 05:00:00,16514.0
2013-10-27 06:00:00,19196.0
2013-10-27 07:00:00,19834.0
2013-10-27 08:00:00,21204.0
2013-10-27 09:00:00,24834.0
2013-10-27 10:00:00,26263.0
2013-10-27 11:00:00,27019.0
2013-10-27 12:00:00,26522.0
2013-10-27 13:00:00,26295.0
2013-10-27 14:00:00,26465.0
2013-10-27 15:00:00,25935.0
2013-10-27 16:00:00,26599.0
2013-10-27 17:00:00,27809.0
2013-10-27 18:00:00,29372.0
2013-10-27 19:00:00,29986.0
2013-10-27 20:00:00,30498.0
2013-10-27 21:00:00,29373.0
2013-10-27 22:00:00,27657.0
2013-10-27 23:00:00,22169.0
2013-10-28 00:00:00,19489.0
2013-10-28 01:00:00,17086.0
2013-10-28 02:00:00,16784.0
2013-10-28 03:00:00,16044.0
2013-10-28 04:00:00,16717.0
2013-10-28 05:00:00,18145.0
2013-10-28 06:00:00,19590.0
2013-10-28 07:00:00,20027.0
2013-10-28 08:00:00,21640.0
2013-10-28 09:00:00,26539.0
2013-10-28 10:00:00,27480.0
2013-10-28 11:00:00,27910.0
2013-10-28 12:00:00,27901.0
2013-10-28 13:00:00,27230.0
2013-10-28 14:00:00,27573.0
2013-10-28 15:00:00,26884.0
2013-10-28 16:00:00,27868.0
2013-10-28 17:00:00,28850.0
2013-10-28 18:00:00,30381.0
2013-10-28 19:00:00,30019.0
2013-10-28 20:00:00,29759.0
2013-10-28 21:00:00,28203.0
2013-10-28 22:00:00,27413.0
2013-10-28 23:00:00,21036.0
2013-10-29 00:00:00,17733.0
2013-10-29 01:00:00,16464.0
2013-10-29 02:00:00,15909.0
2013-10-29 03:00:00,15489.0
2013-10-29 04:00:00,16144.0
2013-10-29 05:00:00,16456.0
2013-10-29 06:00:00,17692.0
2013-10-29 07:00:00,18389.0
2013-10-29 08:00:00,20439.0
2013-10-29 09:00:00,24918.0
2013-10-29 10:00:00,26086.0
2013-10-29 11:00:00,26371.0
2013-10-29 12:00:00,25775.0
2013-10-29 13:00:00,25288.0
2013-10-29 14:00:00,25219.0
2013-10-29 15:00:00,24927.0
2013-10-29 16:00:00,25968.0
2013-10-29 17:00:00,27179.0
2013-10-29 18:00:00,28077.0
2013-10-29 19:00:00,28456.0
2013-10-29 20:00:00,29036.0
2013-10-29 21:00:00,27977.0
2013-10-29 22:00:00,26690.0
2013-10-29 23:00:00,21178.0
2013-10-30 00:00:00,17255.0
2013-10-30 01:00:00,15633.0
2013-10-30 02:00:00,15179.0
2013-10-30 03:00:00,14951.0
2013-10-30 04:00:00,15430.0
2013-10-30 05:00:00,16069.0
2013-10-30 06:00:00,17053.0
2013-10-30 07:00:00,17204.0
2013-10-30 08:00:00,18826.0
2013-10-30 09:00:00,24371.0
2013-10-30 10:00:00,25253.0
2013-10-30 11:00:00,24767.0
2013-10-30 12:00:00,25725.0
2013-10-30 13:00:00,25531.0
2013-10-30 14:00:00,25506.0
2013-10-30 15:00:00,24918.0
2013-10-30 16:00:00,26690.0
2013-10-30 17:00:00,26875.0
2013-10-30 18:00:00,27801.0
2013-10-30 19:00:00,29162.0
2013-10-30 20:00:00,29296.0
2013-10-30 21:00:00,27993.0
2013-10-30 22:00:00,26808.0
2013-10-30 23:00:00,20826.0
2013-10-31 00:00:00,17389.0
2013-10-31 01:00:00,15548.0
2013-10-31 02:00:00,15035.0
2013-10-31 03:00:00,14590.0
2013-10-31 04:00:00,15834.0
2013-10-31 05:00:00,16186.0
2013-10-31 06:00:00,17053.0
2013-10-31 07:00:00,17582.0
2013-10-31 08:00:00,19262.0
2013-10-31 09:00:00,24994.0
2013-10-31 10:00:00,25556.0
2013-10-31 11:00:00,25935.0
2013-10-31 12:00:00,25321.0
2013-10-31 13:00:00,25446.0
2013-10-31 14:00:00,25556.0
2013-10-31 15:00:00,25631.0
2013-10-31 16:00:00,26254.0
2013-10-31 17:00:00,27674.0
2013-10-31 18:00:00,28532.0
2013-10-31 19:00:00,28674.0
2013-10-31 20:00:00,29179.0
2013-10-31 21:00:00,28170.0
2013-10-31 22:00:00,27238.0
2013-10-31 23:00:00,21607.0
2013-11-01 00:00:00,19162.0
2013-11-01 01:00:00,17490.0
2013-11-01 02:00:00,16497.0
2013-11-01 03:00:00,15456.0
2013-11-01 04:00:00,15472.0
2013-11-01 05:00:00,15758.0
2013-11-01 06:00:00,18035.0
2013-11-01 07:00:00,19472.0
2013-11-01 08:00:00,21346.0
2013-11-01 09:00:00,26480.0
2013-11-01 10:00:00,27944.0
2013-11-01 11:00:00,27246.0
2013-11-01 12:00:00,27649.0
2013-11-01 13:00:00,27708.0
2013-11-01 14:00:00,27086.0
2013-11-01 15:00:00,27430.0
2013-11-01 16:00:00,28196.0
2013-11-01 17:00:00,29691.0
2013-11-01 18:00:00,31086.0
2013-11-01 19:00:00,30876.0
2013-11-01 20:00:00,31120.0
2013-11-01 21:00:00,29574.0
2013-11-01 22:00:00,28665.0
2013-11-01 23:00:00,27657.0
2013-11-02 00:00:00,23145.0
2013-11-02 01:00:00,18615.0
2013-11-02 02:00:00,17322.0
2013-11-02 03:00:00,16867.0
2013-11-02 04:00:00,17523.0
2013-11-02 05:00:00,17775.0
2013-11-02 06:00:00,18716.0
2013-11-02 07:00:00,19952.0
2013-11-02 08:00:00,21354.0
2013-11-02 09:00:00,26532.0
2013-11-02 10:00:00,28178.0
2013-11-02 11:00:00,29036.0
2013-11-02 12:00:00,29027.0
2013-11-02 13:00:00,28691.0
2013-11-02 14:00:00,28683.0
2013-11-02 15:00:00,27876.0
2013-11-02 16:00:00,28648.0
2013-11-02 17:00:00,29379.0
2013-11-02 18:00:00,30716.0
2013-11-02 19:00:00,30598.0
2013-11-02 20:00:00,30212.0
2013-11-02 21:00:00,29540.0
2013-11-02 22:00:00,28910.0
2013-11-02 23:00:00,27843.0
2013-11-03 00:00:00,22867.0
2013-11-03 01:00:00,18287.0
2013-11-03 02:00:00,16826.0
2013-11-03 03:00:00,16045.0
2013-11-03 04:00:00,16498.0
2013-11-03 05:00:00,16346.0
2013-11-03 06:00:00,17716.0
2013-11-03 07:00:00,18397.0
2013-11-03 08:00:00,18944.0
2013-11-03 09:00:00,25263.0
2013-11-03 10:00:00,26221.0
2013-11-03 11:00:00,25783.0
2013-11-03 12:00:00,25262.0
2013-11-03 13:00:00,25455.0
2013-11-03 14:00:00,26145.0
2013-11-03 15:00:00,25809.0
2013-11-03 16:00:00,27406.0
2013-11-03 17:00:00,28515.0
2013-11-03 18:00:00,28709.0
2013-11-03 19:00:00,28993.0
2013-11-03 20:00:00,28439.0
2013-11-03 21:00:00,27724.0
2013-11-03 22:00:00,27473.0
2013-11-03 23:00:00,22338.0
2013-11-04 00:00:00,19497.0
2013-11-04 01:00:00,17951.0
2013-11-04 02:00:00,17405.0
2013-11-04 03:00:00,16842.0
2013-11-04 04:00:00,17717.0
2013-11-04 05:00:00,17522.0
2013-11-04 06:00:00,19339.0
2013-11-04 07:00:00,19480.0
2013-11-04 08:00:00,21255.0
2013-11-04 09:00:00,27859.0
2013-11-04 10:00:00,29196.0
2013-11-04 11:00:00,28834.0
2013-11-04 12:00:00,27665.0
2013-11-04 13:00:00,28035.0
2013-11-04 14:00:00,28717.0
2013-11-04 15:00:00,28431.0
2013-11-04 16:00:00,29951.0
2013-11-04 17:00:00,30683.0
2013-11-04 18:00:00,31523.0
2013-11-04 19:00:00,30607.0
2013-11-04 20:00:00,30692.0
2013-11-04 21:00:00,29716.0
2013-11-04 22:00:00,28767.0
2013-11-04 23:00:00,23775.0
2013-11-05 00:00:00,20691.0
2013-11-05 01:00:00,19228.0
2013-11-05 02:00:00,18422.0
2013-11-05 03:00:00,18146.0
2013-11-05 04:00:00,18573.0
2013-11-05 05:00:00,18918.0
2013-11-05 06:00:00,20574.0
2013-11-05 07:00:00,20455.0
2013-11-05 08:00:00,21665.0
2013-11-05 09:00:00,28827.0
2013-11-05 10:00:00,29011.0
2013-11-05 11:00:00,27573.0
2013-11-05 12:00:00,28087.0
2013-11-05 13:00:00,27389.0
2013-11-05 14:00:00,27389.0
2013-11-05 15:00:00,27160.0
2013-11-05 16:00:00,27187.0
2013-11-05 17:00:00,30431.0
2013-11-05 18:00:00,31053.0
2013-11-05 19:00:00,30279.0
2013-11-05 20:00:00,30161.0
2013-11-05 21:00:00,29649.0
2013-11-05 22:00:00,28086.0
2013-11-05 23:00:00,22346.0
2013-11-06 00:00:00,6505.0
2013-11-06 01:00:00,0.0
2013-11-06 02:00:00,16573.0
2013-11-06 03:00:00,17188.0
2013-11-06 04:00:00,17119.0
2013-11-06 05:00:00,17060.0
2013-11-06 06:00:00,18851.0
2013-11-06 07:00:00,19388.0
2013-11-06 08:00:00,20565.0
2013-11-06 09:00:00,26750.0
2013-11-06 10:00:00,27724.0
2013-11-06 11:00:00,27161.0
2013-11-06 12:00:00,27708.0
2013-11-06 13:00:00,27363.0
2013-11-06 14:00:00,27145.0
2013-11-06 15:00:00,27086.0
2013-11-06 16:00:00,27808.0
2013-11-06 17:00:00,29288.0
2013-11-06 18:00:00,31161.0
2013-11-06 19:00:00,30121.0
2013-11-06 20:00:00,29515.0
2013-11-06 21:00:00,29331.0
2013-11-06 22:00:00,28153.0
2013-11-06 23:00:00,22297.0
2013-11-07 00:00:00,18868.0
2013-11-07 01:00:00,17355.0
2013-11-07 02:00:00,17372.0
2013-11-07 03:00:00,16590.0
2013-11-07 04:00:00,17489.0
2013-11-07 05:00:00,18069.0
2013-11-07 06:00:00,18750.0
2013-11-07 07:00:00,19169.0
2013-11-07 08:00:00,20783.0
2013-11-07 09:00:00,26666.0
2013-11-07 10:00:00,27708.0
2013-11-07 11:00:00,26994.0
2013-11-07 12:00:00,27540.0
2013-11-07 13:00:00,27666.0
2013-11-07 14:00:00,27238.0
2013-11-07 15:00:00,26868.0
2013-11-07 16:00:00,27422.0
2013-11-07 17:00:00,29262.0
2013-11-07 18:00:00,30253.0
2013-11-07 19:00:00,30128.0
2013-11-07 20:00:00,30086.0
2013-11-07 21:00:00,29086.0
2013-11-07 22:00:00,27859.0
2013-11-07 23:00:00,22667.0
2013-11-08 00:00:00,19162.0
2013-11-08 01:00:00,16851.0
2013-11-08 02:00:00,16473.0
2013-11-08 03:00:00,15919.0
2013-11-08 04:00:00,16599.0
2013-11-08 05:00:00,16531.0
2013-11-08 06:00:00,18036.0
2013-11-08 07:00:00,19061.0
2013-11-08 08:00:00,20657.0
2013-11-08 09:00:00,26892.0
2013-11-08 10:00:00,27927.0
2013-11-08 11:00:00,27557.0
2013-11-08 12:00:00,28128.0
2013-11-08 13:00:00,27169.0
2013-11-08 14:00:00,27439.0
2013-11-08 15:00:00,27195.0
2013-11-08 16:00:00,27565.0
2013-11-08 17:00:00,28791.0
2013-11-08 18:00:00,29640.0
2013-11-08 19:00:00,29144.0
2013-11-08 20:00:00,29187.0
2013-11-08 21:00:00,28448.0
2013-11-08 22:00:00,27977.0
2013-11-08 23:00:00,26220.0
2013-11-09 00:00:00,21169.0
2013-11-09 01:00:00,16666.0
2013-11-09 02:00:00,15120.0
2013-11-09 03:00:00,15027.0
2013-11-09 04:00:00,15270.0
2013-11-09 05:00:00,15717.0
2013-11-09 06:00:00,17170.0
2013-11-09 07:00:00,20297.0
2013-11-09 08:00:00,22935.0
2013-11-09 09:00:00,25666.0
2013-11-09 10:00:00,25700.0
2013-11-09 11:00:00,26355.0
2013-11-09 12:00:00,27338.0
2013-11-09 13:00:00,26918.0
2013-11-09 14:00:00,26641.0
2013-11-09 15:00:00,26279.0
2013-11-09 16:00:00,26993.0
2013-11-09 17:00:00,28221.0
2013-11-09 18:00:00,29381.0
2013-11-09 19:00:00,29515.0
2013-11-09 20:00:00,28759.0
2013-11-09 21:00:00,27850.0
2013-11-09 22:00:00,27296.0
2013-11-09 23:00:00,26717.0
2013-11-10 00:00:00,21801.0
2013-11-10 01:00:00,17077.0
2013-11-10 02:00:00,16330.0
2013-11-10 03:00:00,17111.0
2013-11-10 04:00:00,17732.0
2013-11-10 05:00:00,16598.0
2013-11-10 06:00:00,18800.0
2013-11-10 07:00:00,18414.0
2013-11-10 08:00:00,23430.0
2013-11-10 09:00:00,26078.0
2013-11-10 10:00:00,26111.0
2013-11-10 11:00:00,26900.0
2013-11-10 12:00:00,27145.0
2013-11-10 13:00:00,27061.0
2013-11-10 14:00:00,26548.0
2013-11-10 15:00:00,26749.0
2013-11-10 16:00:00,27364.0
2013-11-10 17:00:00,27792.0
2013-11-10 18:00:00,29129.0
2013-11-10 19:00:00,28984.0
2013-11-10 20:00:00,28817.0
2013-11-10 21:00:00,28766.0
2013-11-10 22:00:00,27683.0
2013-11-10 23:00:00,21448.0
2013-11-11 00:00:00,18087.0
2013-11-11 01:00:00,15548.0
2013-11-11 02:00:00,15019.0
2013-11-11 03:00:00,13784.0
2013-11-11 04:00:00,14574.0
2013-11-11 05:00:00,14061.0
2013-11-11 06:00:00,16136.0
2013-11-11 07:00:00,16253.0
2013-11-11 08:00:00,18707.0
2013-11-11 09:00:00,26103.0
2013-11-11 10:00:00,26867.0
2013-11-11 11:00:00,25288.0
2013-11-11 12:00:00,25195.0
2013-11-11 13:00:00,25842.0
2013-11-11 14:00:00,26507.0
2013-11-11 15:00:00,25976.0
2013-11-11 16:00:00,27346.0
2013-11-11 17:00:00,29708.0
2013-11-11 18:00:00,31329.0
2013-11-11 19:00:00,30775.0
2013-11-11 20:00:00,30171.0
2013-11-11 21:00:00,29271.0
2013-11-11 22:00:00,28414.0
2013-11-11 23:00:00,22422.0
2013-11-12 00:00:00,18523.0
2013-11-12 01:00:00,16128.0
2013-11-12 02:00:00,15599.0
2013-11-12 03:00:00,15288.0
2013-11-12 04:00:00,15833.0
2013-11-12 05:00:00,16431.0
2013-11-12 06:00:00,17363.0
2013-11-12 07:00:00,17951.0
2013-11-12 08:00:00,20011.0
2013-11-12 09:00:00,26808.0
2013-11-12 10:00:00,27405.0
2013-11-12 11:00:00,25750.0
2013-11-12 12:00:00,25952.0
2013-11-12 13:00:00,25129.0
2013-11-12 14:00:00,26322.0
2013-11-12 15:00:00,26128.0
2013-11-12 16:00:00,27136.0
2013-11-12 17:00:00,29430.0
2013-11-12 18:00:00,30313.0
2013-11-12 19:00:00,29809.0
2013-11-12 20:00:00,29565.0
2013-11-12 21:00:00,28809.0
2013-11-12 22:00:00,27935.0
2013-11-12 23:00:00,21599.0
2013-11-13 00:00:00,17901.0
2013-11-13 01:00:00,16455.0
2013-11-13 02:00:00,16237.0
2013-11-13 03:00:00,15027.0
2013-11-13 04:00:00,16043.0
2013-11-13 05:00:00,16297.0
2013-11-13 06:00:00,17094.0
2013-11-13 07:00:00,17943.0
2013-11-13 08:00:00,20473.0
2013-11-13 09:00:00,26582.0
2013-11-13 10:00:00,27667.0
2013-11-13 11:00:00,26624.0
2013-11-13 12:00:00,26581.0
2013-11-13 13:00:00,26237.0
2013-11-13 14:00:00,27381.0
2013-11-13 15:00:00,26498.0
2013-11-13 16:00:00,28498.0
2013-11-13 17:00:00,30220.0
2013-11-13 18:00:00,31329.0
2013-11-13 19:00:00,30591.0
2013-11-13 20:00:00,30708.0
2013-11-13 21:00:00,29515.0
2013-11-13 22:00:00,28103.0
2013-11-13 23:00:00,22060.0
2013-11-14 00:00:00,18935.0
2013-11-14 01:00:00,17472.0
2013-11-14 02:00:00,16278.0
2013-11-14 03:00:00,15565.0
2013-11-14 04:00:00,15985.0
2013-11-14 05:00:00,15766.0
2013-11-14 06:00:00,17128.0
2013-11-14 07:00:00,17514.0
2013-11-14 08:00:00,20044.0
2013-11-14 09:00:00,26843.0
2013-11-14 10:00:00,27951.0
2013-11-14 11:00:00,27305.0
2013-11-14 12:00:00,26103.0
2013-11-14 13:00:00,26749.0
2013-11-14 14:00:00,26422.0
2013-11-14 15:00:00,27044.0
2013-11-14 16:00:00,27430.0
2013-11-14 17:00:00,29213.0
2013-11-14 18:00:00,30674.0
2013-11-14 19:00:00,29489.0
2013-11-14 20:00:00,29127.0
2013-11-14 21:00:00,28632.0
2013-11-14 22:00:00,26875.0
2013-11-14 23:00:00,20843.0
2013-11-15 00:00:00,17505.0
2013-11-15 01:00:00,15717.0
2013-11-15 02:00:00,14447.0
2013-11-15 03:00:00,14052.0
2013-11-15 04:00:00,14415.0
2013-11-15 05:00:00,15279.0
2013-11-15 06:00:00,15902.0
2013-11-15 07:00:00,16986.0
2013-11-15 08:00:00,18733.0
2013-11-15 09:00:00,26036.0
2013-11-15 10:00:00,27263.0
2013-11-15 11:00:00,25514.0
2013-11-15 12:00:00,27010.0
2013-11-15 13:00:00,27187.0
2013-11-15 14:00:00,27263.0
2013-11-15 15:00:00,26523.0
2013-11-15 16:00:00,27018.0
2013-11-15 17:00:00,28936.0
2013-11-15 18:00:00,29801.0
2013-11-15 19:00:00,29623.0
2013-11-15 20:00:00,29077.0
2013-11-15 21:00:00,28296.0
2013-11-15 22:00:00,27640.0
2013-11-15 23:00:00,26707.0
2013-11-16 00:00:00,20817.0
2013-11-16 01:00:00,16674.0
2013-11-16 02:00:00,14775.0
2013-11-16 03:00:00,14506.0
2013-11-16 04:00:00,15305.0
2013-11-16 05:00:00,14683.0
2013-11-16 06:00:00,15867.0
2013-11-16 07:00:00,16254.0
2013-11-16 08:00:00,19120.0
2013-11-16 09:00:00,24347.0
2013-11-16 10:00:00,25733.0
2013-11-16 11:00:00,25162.0
2013-11-16 12:00:00,25556.0
2013-11-16 13:00:00,25447.0
2013-11-16 14:00:00,24993.0
2013-11-16 15:00:00,25179.0
2013-11-16 16:00:00,25472.0
2013-11-16 17:00:00,27825.0
2013-11-16 18:00:00,29338.0
2013-11-16 19:00:00,29447.0
2013-11-16 20:00:00,28010.0
2013-11-16 21:00:00,28027.0
2013-11-16 22:00:00,27128.0
2013-11-16 23:00:00,25624.0
2013-11-17 00:00:00,20532.0
2013-11-17 01:00:00,15238.0
2013-11-17 02:00:00,13422.0
2013-11-17 03:00:00,13152.0
2013-11-17 04:00:00,13741.0
2013-11-17 05:00:00,14019.0
2013-11-17 06:00:00,15363.0
2013-11-17 07:00:00,15674.0
2013-11-17 08:00:00,17589.0
2013-11-17 09:00:00,23993.0
2013-11-17 10:00:00,24968.0
2013-11-17 11:00:00,23868.0
2013-11-17 12:00:00,24245.0
2013-11-17 13:00:00,24069.0
2013-11-17 14:00:00,23834.0
2013-11-17 15:00:00,24271.0
2013-11-17 16:00:00,24288.0
2013-11-17 17:00:00,27162.0
2013-11-17 18:00:00,28599.0
2013-11-17 19:00:00,28363.0
2013-11-17 20:00:00,27708.0
2013-11-17 21:00:00,26716.0
2013-11-17 22:00:00,25598.0
2013-11-17 23:00:00,19691.0
2013-11-18 00:00:00,17599.0
2013-11-18 01:00:00,15548.0
2013-11-18 02:00:00,15019.0
2013-11-18 03:00:00,13784.0
2013-11-18 04:00:00,14574.0
2013-11-18 05:00:00,14061.0
2013-11-18 06:00:00,16136.0
2013-11-18 07:00:00,16253.0
2013-11-18 08:00:00,18707.0
2013-11-18 09:00:00,26103.0
2013-11-18 10:00:00,26683.0
2013-11-18 11:00:00,24960.0
2013-11-18 12:00:00,25531.0
2013-11-18 13:00:00,25279.0
2013-11-18 14:00:00,25683.0
2013-11-18 15:00:00,25237.0
2013-11-18 16:00:00,26371.0
2013-11-18 17:00:00,28961.0
2013-11-18 18:00:00,29481.0
2013-11-18 19:00:00,29222.0
2013-11-18 20:00:00,28464.0
2013-11-18 21:00:00,27297.0
2013-11-18 22:00:00,25446.0
2013-11-18 23:00:00,20725.0
2013-11-19 00:00:00,18078.0
2013-11-19 01:00:00,16279.0
2013-11-19 02:00:00,16144.0
2013-11-19 03:00:00,15683.0
2013-11-19 04:00:00,16086.0
2013-11-19 05:00:00,16498.0
2013-11-19 06:00:00,17783.0
2013-11-19 07:00:00,17448.0
2013-11-19 08:00:00,19397.0
2013-11-19 09:00:00,26977.0
2013-11-19 10:00:00,28573.0
2013-11-19 11:00:00,27548.0
2013-11-19 12:00:00,27304.0
2013-11-19 13:00:00,27775.0
2013-11-19 14:00:00,27279.0
2013-11-19 15:00:00,27320.0
2013-11-19 16:00:00,28187.0
2013-11-19 17:00:00,29631.0
2013-11-19 18:00:00,31162.0
2013-11-19 19:00:00,30170.0
2013-11-19 20:00:00,29884.0
2013-11-19 21:00:00,28238.0
2013-11-19 22:00:00,25397.0
2013-11-19 23:00:00,20927.0
2013-11-20 00:00:00,17380.0
2013-11-20 01:00:00,15615.0
2013-11-20 02:00:00,15633.0
2013-11-20 03:00:00,15632.0
2013-11-20 04:00:00,16347.0
2013-11-20 05:00:00,16507.0
2013-11-20 06:00:00,17464.0
2013-11-20 07:00:00,17028.0
2013-11-20 08:00:00,19447.0
2013-11-20 09:00:00,26481.0
2013-11-20 10:00:00,26733.0
2013-11-20 11:00:00,26599.0
2013-11-20 12:00:00,25834.0
2013-11-20 13:00:00,26322.0
2013-11-20 14:00:00,26733.0
2013-11-20 15:00:00,28027.0
2013-11-20 16:00:00,28776.0
2013-11-20 17:00:00,29498.0
2013-11-20 18:00:00,30801.0
2013-11-20 19:00:00,30027.0
2013-11-20 20:00:00,29422.0
2013-11-20 21:00:00,27868.0
2013-11-20 22:00:00,25187.0
2013-11-20 23:00:00,19112.0
2013-11-21 00:00:00,15573.0
2013-11-21 01:00:00,14271.0
2013-11-21 02:00:00,13960.0
2013-11-21 03:00:00,13816.0
2013-11-21 04:00:00,14456.0
2013-11-21 05:00:00,15061.0
2013-11-21 06:00:00,16304.0
2013-11-21 07:00:00,16448.0
2013-11-21 08:00:00,19246.0
2013-11-21 09:00:00,26473.0
2013-11-21 10:00:00,27440.0
2013-11-21 11:00:00,27272.0
2013-11-21 12:00:00,26405.0
2013-11-21 13:00:00,26590.0
2013-11-21 14:00:00,27287.0
2013-11-21 15:00:00,27825.0
2013-11-21 16:00:00,27716.0
2013-11-21 17:00:00,30692.0
2013-11-21 18:00:00,31246.0
2013-11-21 19:00:00,30161.0
2013-11-21 20:00:00,29985.0
2013-11-21 21:00:00,29304.0
2013-11-21 22:00:00,26338.0
2013-11-21 23:00:00,20750.0
2013-11-22 00:00:00,17044.0
2013-11-22 01:00:00,14245.0
2013-11-22 02:00:00,14035.0
2013-11-22 03:00:00,13741.0
2013-11-22 04:00:00,14557.0
2013-11-22 05:00:00,15557.0
2013-11-22 06:00:00,16724.0
2013-11-22 07:00:00,18783.0
2013-11-22 08:00:00,21346.0
2013-11-22 09:00:00,27498.0
2013-11-22 10:00:00,29322.0
2013-11-22 11:00:00,29843.0
2013-11-22 12:00:00,30169.0
2013-11-22 13:00:00,30632.0
2013-11-22 14:00:00,30287.0
2013-11-22 15:00:00,29944.0
2013-11-22 16:00:00,30751.0
2013-11-22 17:00:00,30775.0
2013-11-22 18:00:00,31674.0
2013-11-22 19:00:00,31144.0
2013-11-22 20:00:00,31162.0
2013-11-22 21:00:00,29213.0
2013-11-22 22:00:00,26700.0
2013-11-22 23:00:00,24960.0
2013-11-23 00:00:00,19489.0
2013-11-23 01:00:00,14742.0
2013-11-23 02:00:00,14119.0
2013-11-23 03:00:00,13724.0
2013-11-23 04:00:00,14263.0
2013-11-23 05:00:00,13699.0
2013-11-23 06:00:00,15297.0
2013-11-23 07:00:00,16976.0
2013-11-23 08:00:00,19296.0
2013-11-23 09:00:00,25859.0
2013-11-23 10:00:00,27120.0
2013-11-23 11:00:00,25699.0
2013-11-23 12:00:00,25623.0
2013-11-23 13:00:00,26036.0
2013-11-23 14:00:00,26591.0
2013-11-23 15:00:00,26011.0
2013-11-23 16:00:00,26296.0
2013-11-23 17:00:00,28910.0
2013-11-23 18:00:00,30061.0
2013-11-23 19:00:00,30304.0
2013-11-23 20:00:00,29926.0
2013-11-23 21:00:00,28598.0
2013-11-23 22:00:00,25372.0
2013-11-23 23:00:00,24363.0
2013-11-24 00:00:00,18363.0
2013-11-24 01:00:00,13893.0
2013-11-24 02:00:00,13389.0
2013-11-24 03:00:00,13077.0
2013-11-24 04:00:00,13398.0
2013-11-24 05:00:00,13556.0
2013-11-24 06:00:00,14371.0
2013-11-24 07:00:00,15901.0
2013-11-24 08:00:00,18783.0
2013-11-24 09:00:00,24548.0
2013-11-24 10:00:00,25901.0
2013-11-24 11:00:00,25548.0
2013-11-24 12:00:00,25153.0
2013-11-24 13:00:00,25986.0
2013-11-24 14:00:00,25759.0
2013-11-24 15:00:00,25691.0
2013-11-24 16:00:00,26582.0
2013-11-24 17:00:00,28120.0
2013-11-24 18:00:00,29817.0
2013-11-24 19:00:00,29901.0
2013-11-24 20:00:00,29833.0
2013-11-24 21:00:00,28514.0
2013-11-24 22:00:00,25901.0
2013-11-24 23:00:00,19759.0
2013-11-25 00:00:00,15724.0
2013-11-25 01:00:00,13212.0
2013-11-25 02:00:00,12026.0
2013-11-25 03:00:00,12565.0
2013-11-25 04:00:00,14707.0
2013-11-25 05:00:00,14136.0
2013-11-25 06:00:00,15667.0
2013-11-25 07:00:00,16540.0
2013-11-25 08:00:00,19851.0
2013-11-25 09:00:00,27465.0
2013-11-25 10:00:00,27876.0
2013-11-25 11:00:00,26682.0
2013-11-25 12:00:00,26566.0
2013-11-25 13:00:00,26717.0
2013-11-25 14:00:00,27111.0
2013-11-25 15:00:00,26582.0
2013-11-25 16:00:00,27414.0
2013-11-25 17:00:00,29867.0
2013-11-25 18:00:00,30473.0
2013-11-25 19:00:00,30581.0
2013-11-25 20:00:00,30069.0
2013-11-25 21:00:00,28943.0
2013-11-25 22:00:00,26019.0
2013-11-25 23:00:00,20280.0
2013-11-26 00:00:00,16431.0
2013-11-26 01:00:00,13976.0
2013-11-26 02:00:00,13303.0
2013-11-26 03:00:00,13362.0
2013-11-26 04:00:00,13649.0
2013-11-26 05:00:00,13918.0
2013-11-26 06:00:00,14296.0
2013-11-26 07:00:00,15716.0
2013-11-26 08:00:00,21649.0
2013-11-26 09:00:00,27574.0
2013-11-26 10:00:00,27691.0
2013-11-26 11:00:00,27011.0
2013-11-26 12:00:00,27447.0
2013-11-26 13:00:00,26935.0
2013-11-26 14:00:00,26733.0
2013-11-26 15:00:00,27397.0
2013-11-26 16:00:00,27657.0
2013-11-26 17:00:00,30220.0
2013-11-26 18:00:00,31119.0
2013-11-26 19:00:00,29952.0
2013-11-26 20:00:00,28960.0
2013-11-26 21:00:00,27868.0
2013-11-26 22:00:00,25179.0
2013-11-26 23:00:00,19573.0
2013-11-27 00:00:00,16372.0
2013-11-27 01:00:00,14313.0
2013-11-27 02:00:00,13784.0
2013-11-27 03:00:00,13406.0
2013-11-27 04:00:00,14196.0
2013-11-27 05:00:00,14119.0
2013-11-27 06:00:00,15935.0
2013-11-27 07:00:00,18212.0
2013-11-27 08:00:00,19650.0
2013-11-27 09:00:00,26036.0
2013-11-27 10:00:00,26826.0
2013-11-27 11:00:00,25775.0
2013-11-27 12:00:00,28877.0
2013-11-27 13:00:00,29044.0
2013-11-27 14:00:00,30272.0
2013-11-27 15:00:00,29868.0
2013-11-27 16:00:00,29548.0
2013-11-27 17:00:00,30926.0
2013-11-27 18:00:00,31565.0
2013-11-27 19:00:00,29683.0
2013-11-27 20:00:00,29834.0
2013-11-27 21:00:00,28406.0
2013-11-27 22:00:00,24960.0
2013-11-27 23:00:00,19187.0
2013-11-28 00:00:00,15657.0
2013-11-28 01:00:00,13591.0
2013-11-28 02:00:00,12531.0
2013-11-28 03:00:00,11725.0
2013-11-28 04:00:00,14507.0
2013-11-28 05:00:00,13968.0
2013-11-28 06:00:00,15364.0
2013-11-28 07:00:00,17305.0
2013-11-28 08:00:00,20070.0
2013-11-28 09:00:00,26784.0
2013-11-28 10:00:00,27354.0
2013-11-28 11:00:00,27758.0
2013-11-28 12:00:00,27624.0
2013-11-28 13:00:00,27447.0
2013-11-28 14:00:00,28271.0
2013-11-28 15:00:00,27396.0
2013-11-28 16:00:00,27783.0
2013-11-28 17:00:00,28372.0
2013-11-28 18:00:00,29009.0
2013-11-28 19:00:00,28456.0
2013-11-28 20:00:00,28212.0
2013-11-28 21:00:00,27792.0
2013-11-28 22:00:00,25170.0
2013-11-28 23:00:00,19288.0
2013-11-29 00:00:00,15523.0
2013-11-29 01:00:00,13414.0
2013-11-29 02:00:00,12758.0
2013-11-29 03:00:00,11447.0
2013-11-29 04:00:00,14111.0
2013-11-29 05:00:00,13665.0
2013-11-29 06:00:00,15935.0
2013-11-29 07:00:00,18179.0
2013-11-29 08:00:00,20422.0
2013-11-29 09:00:00,27162.0
2013-11-29 10:00:00,28338.0
2013-11-29 11:00:00,27674.0
2013-11-29 12:00:00,27111.0
2013-11-29 13:00:00,26809.0
2013-11-29 14:00:00,27482.0
2013-11-29 15:00:00,27069.0
2013-11-29 16:00:00,27985.0
2013-11-29 17:00:00,29398.0
2013-11-29 18:00:00,30515.0
2013-11-29 19:00:00,30506.0
2013-11-29 20:00:00,30052.0
2013-11-29 21:00:00,28431.0
2013-11-29 22:00:00,25674.0
2013-11-29 23:00:00,24153.0
2013-11-30 00:00:00,18977.0
2013-11-30 01:00:00,13742.0
2013-11-30 02:00:00,13045.0
2013-11-30 03:00:00,12624.0
2013-11-30 04:00:00,13246.0
2013-11-30 05:00:00,13498.0
2013-11-30 06:00:00,15498.0
2013-11-30 07:00:00,17978.0
2013-11-30 08:00:00,19321.0
2013-11-30 09:00:00,25263.0
2013-11-30 10:00:00,26918.0
2013-11-30 11:00:00,26893.0
2013-11-30 12:00:00,27599.0
2013-11-30 13:00:00,27539.0
2013-11-30 14:00:00,27406.0
2013-11-30 15:00:00,26969.0
2013-11-30 16:00:00,27397.0
2013-11-30 17:00:00,29128.0
2013-11-30 18:00:00,30859.0
2013-11-30 19:00:00,31086.0
2013-11-30 20:00:00,30187.0
2013-11-30 21:00:00,29036.0
2013-11-30 22:00:00,26422.0
2013-11-30 23:00:00,25178.0
2013-12-01 00:00:00,19851.0
2013-12-01 01:00:00,14852.0
2013-12-01 02:00:00,13809.0
2013-12-01 03:00:00,13859.0
2013-12-01 04:00:00,14499.0
2013-12-01 05:00:00,14566.0
2013-12-01 06:00:00,15505.0
2013-12-01 07:00:00,17741.0
2013-12-01 08:00:00,20213.0
2013-12-01 09:00:00,25918.0
2013-12-01 10:00:00,26372.0
2013-12-01 11:00:00,25842.0
2013-12-01 12:00:00,25523.0
2013-12-01 13:00:00,25859.0
2013-12-01 14:00:00,25960.0
2013-12-01 15:00:00,26002.0
2013-12-01 16:00:00,26918.0
2013-12-01 17:00:00,29229.0
2013-12-01 18:00:00,29775.0
2013-12-01 19:00:00,29481.0
2013-12-01 20:00:00,29724.0
2013-12-01 21:00:00,28674.0
2013-12-01 22:00:00,25851.0
2013-12-01 23:00:00,19540.0
2013-12-02 00:00:00,16010.0
2013-12-02 01:00:00,13658.0
2013-12-02 02:00:00,14137.0
2013-12-02 03:00:00,16322.0
2013-12-02 04:00:00,16162.0
2013-12-02 05:00:00,16439.0
2013-12-02 06:00:00,17834.0
2013-12-02 07:00:00,19869.0
2013-12-02 08:00:00,23321.0
2013-12-02 09:00:00,29255.0
2013-12-02 10:00:00,29430.0
2013-12-02 11:00:00,29447.0
2013-12-02 12:00:00,30103.0
2013-12-02 13:00:00,30464.0
2013-12-02 14:00:00,30245.0
2013-12-02 15:00:00,30060.0
2013-12-02 16:00:00,30632.0
2013-12-02 17:00:00,30473.0
2013-12-02 18:00:00,31002.0
2013-12-02 19:00:00,29901.0
2013-12-02 20:00:00,30482.0
2013-12-02 21:00:00,28161.0
2013-12-02 22:00:00,25565.0
2013-12-02 23:00:00,19633.0
2013-12-03 00:00:00,15876.0
2013-12-03 01:00:00,14137.0
2013-12-03 02:00:00,13859.0
2013-12-03 03:00:00,13195.0
2013-12-03 04:00:00,13943.0
2013-12-03 05:00:00,14320.0
2013-12-03 06:00:00,16607.0
2013-12-03 07:00:00,19422.0
2013-12-03 08:00:00,20565.0
2013-12-03 09:00:00,26380.0
2013-12-03 10:00:00,27137.0
2013-12-03 11:00:00,26775.0
2013-12-03 12:00:00,27507.0
2013-12-03 13:00:00,27809.0
2013-12-03 14:00:00,27901.0
2013-12-03 15:00:00,27708.0
2013-12-03 16:00:00,27985.0
2013-12-03 17:00:00,29616.0
2013-12-03 18:00:00,30943.0
2013-12-03 19:00:00,30069.0
2013-12-03 20:00:00,29716.0
2013-12-03 21:00:00,28237.0
2013-12-03 22:00:00,25120.0
2013-12-03 23:00:00,19061.0
2013-12-04 00:00:00,15497.0
2013-12-04 01:00:00,13446.0
2013-12-04 02:00:00,13111.0
2013-12-04 03:00:00,12835.0
2013-12-04 04:00:00,13296.0
2013-12-04 05:00:00,13842.0
2013-12-04 06:00:00,16313.0
2013-12-04 07:00:00,19195.0
2013-12-04 08:00:00,21061.0
2013-12-04 09:00:00,26556.0
2013-12-04 10:00:00,27565.0
2013-12-04 11:00:00,26161.0
2013-12-04 12:00:00,27103.0
2013-12-04 13:00:00,27431.0
2013-12-04 14:00:00,27825.0
2013-12-04 15:00:00,27524.0
2013-12-04 16:00:00,28447.0
2013-12-04 17:00:00,30154.0
2013-12-04 18:00:00,31002.0
2013-12-04 19:00:00,30859.0
2013-12-04 20:00:00,30977.0
2013-12-04 21:00:00,29355.0
2013-12-04 22:00:00,25716.0
2013-12-04 23:00:00,19557.0
2013-12-05 00:00:00,15817.0
2013-12-05 01:00:00,13691.0
2013-12-05 02:00:00,13003.0
2013-12-05 03:00:00,12809.0
2013-12-05 04:00:00,13204.0
2013-12-05 05:00:00,13749.0
2013-12-05 06:00:00,15817.0
2013-12-05 07:00:00,18574.0
2013-12-05 08:00:00,20531.0
2013-12-05 09:00:00,26380.0
2013-12-05 10:00:00,27102.0
2013-12-05 11:00:00,26691.0
2013-12-05 12:00:00,27557.0
2013-12-05 13:00:00,28102.0
2013-12-05 14:00:00,27775.0
2013-12-05 15:00:00,27800.0
2013-12-05 16:00:00,29565.0
2013-12-05 17:00:00,31598.0
2013-12-05 18:00:00,31237.0
2013-12-05 19:00:00,30691.0
2013-12-05 20:00:00,29666.0
2013-12-05 21:00:00,29086.0
2013-12-05 22:00:00,25582.0
2013-12-05 23:00:00,19573.0
2013-12-06 00:00:00,15784.0
2013-12-06 01:00:00,13733.0
2013-12-06 02:00:00,12741.0
2013-12-06 03:00:00,12776.0
2013-12-06 04:00:00,12868.0
2013-12-06 05:00:00,13523.0
2013-12-06 06:00:00,14969.0
2013-12-06 07:00:00,18153.0
2013-12-06 08:00:00,20094.0
2013-12-06 09:00:00,26371.0
2013-12-06 10:00:00,27380.0
2013-12-06 11:00:00,27305.0
2013-12-06 12:00:00,27531.0
2013-12-06 13:00:00,27632.0
2013-12-06 14:00:00,28195.0
2013-12-06 15:00:00,27195.0
2013-12-06 16:00:00,27346.0
2013-12-06 17:00:00,29161.0
2013-12-06 18:00:00,31086.0
2013-12-06 19:00:00,30927.0
2013-12-06 20:00:00,30229.0
2013-12-06 21:00:00,28875.0
2013-12-06 22:00:00,26288.0
2013-12-06 23:00:00,24641.0
2013-12-07 00:00:00,19540.0
2013-12-07 01:00:00,14624.0
2013-12-07 02:00:00,13792.0
2013-12-07 03:00:00,13540.0
2013-12-07 04:00:00,14078.0
2013-12-07 05:00:00,14590.0
2013-12-07 06:00:00,16338.0
2013-12-07 07:00:00,18456.0
2013-12-07 08:00:00,20211.0
2013-12-07 09:00:00,25490.0
2013-12-07 10:00:00,26893.0
2013-12-07 11:00:00,26834.0
2013-12-07 12:00:00,26910.0
2013-12-07 13:00:00,27339.0
2013-12-07 14:00:00,27994.0
2013-12-07 15:00:00,27179.0
2013-12-07 16:00:00,29473.0
2013-12-07 17:00:00,30397.0
2013-12-07 18:00:00,30884.0
2013-12-07 19:00:00,30255.0
2013-12-07 20:00:00,29717.0
2013-12-07 21:00:00,28388.0
2013-12-07 22:00:00,26221.0
2013-12-07 23:00:00,24497.0
2013-12-08 00:00:00,19186.0
2013-12-08 01:00:00,14003.0
2013-12-08 02:00:00,13019.0
2013-12-08 03:00:00,12540.0
2013-12-08 04:00:00,12775.0
2013-12-08 05:00:00,13078.0
2013-12-08 06:00:00,14910.0
2013-12-08 07:00:00,16557.0
2013-12-08 08:00:00,18875.0
2013-12-08 09:00:00,23935.0
2013-12-08 10:00:00,24968.0
2013-12-08 11:00:00,25322.0
2013-12-08 12:00:00,25708.0
2013-12-08 13:00:00,25986.0
2013-12-08 14:00:00,26010.0
2013-12-08 15:00:00,25137.0
2013-12-08 16:00:00,26119.0
2013-12-08 17:00:00,27759.0
2013-12-08 18:00:00,28313.0
2013-12-08 19:00:00,28094.0
2013-12-08 20:00:00,27918.0
2013-12-08 21:00:00,27859.0
2013-12-08 22:00:00,25582.0
2013-12-08 23:00:00,19086.0
2013-12-09 00:00:00,15052.0
2013-12-09 01:00:00,13052.0
2013-12-09 02:00:00,12540.0
2013-12-09 03:00:00,12153.0
2013-12-09 04:00:00,12859.0
2013-12-09 05:00:00,13438.0
2013-12-09 06:00:00,15431.0
2013-12-09 07:00:00,20648.0
2013-12-09 08:00:00,22633.0
2013-12-09 09:00:00,26514.0
2013-12-09 10:00:00,26497.0
2013-12-09 11:00:00,25784.0
2013-12-09 12:00:00,26229.0
2013-12-09 13:00:00,26548.0
2013-12-09 14:00:00,26842.0
2013-12-09 15:00:00,26304.0
2013-12-09 16:00:00,27212.0
2013-12-09 17:00:00,28204.0
2013-12-09 18:00:00,30632.0
2013-12-09 19:00:00,29497.0
2013-12-09 20:00:00,29204.0
2013-12-09 21:00:00,27961.0
2013-12-09 22:00:00,25128.0
2013-12-09 23:00:00,19633.0
2013-12-10 00:00:00,16086.0
2013-12-10 01:00:00,13565.0
2013-12-10 02:00:00,13304.0
2013-12-10 03:00:00,13136.0
2013-12-10 04:00:00,13742.0
2013-12-10 05:00:00,14305.0
2013-12-10 06:00:00,15615.0
2013-12-10 07:00:00,18481.0
2013-12-10 08:00:00,19682.0
2013-12-10 09:00:00,26692.0
2013-12-10 10:00:00,27363.0
2013-12-10 11:00:00,26607.0
2013-12-10 12:00:00,26968.0
2013-12-10 13:00:00,26482.0
2013-12-10 14:00:00,26254.0
2013-12-10 15:00:00,26759.0
2013-12-10 16:00:00,26557.0
2013-12-10 17:00:00,29135.0
2013-12-10 18:00:00,30322.0
2013-12-10 19:00:00,29717.0
2013-12-10 20:00:00,29220.0
2013-12-10 21:00:00,28195.0
2013-12-10 22:00:00,24606.0
2013-12-10 23:00:00,19414.0
2013-12-11 00:00:00,16952.0
2013-12-11 01:00:00,14439.0
2013-12-11 02:00:00,14061.0
2013-12-11 03:00:00,13674.0
2013-12-11 04:00:00,14137.0
2013-12-11 05:00:00,15019.0
2013-12-11 06:00:00,16330.0
2013-12-11 07:00:00,18985.0
2013-12-11 08:00:00,21389.0
2013-12-11 09:00:00,26909.0
2013-12-11 10:00:00,27935.0
2013-12-11 11:00:00,26943.0
2013-12-11 12:00:00,27271.0
2013-12-11 13:00:00,27783.0
2013-12-11 14:00:00,27514.0
2013-12-11 15:00:00,26859.0
2013-12-11 16:00:00,27565.0
2013-12-11 17:00:00,29675.0
2013-12-11 18:00:00,30288.0
2013-12-11 19:00:00,29968.0
2013-12-11 20:00:00,29186.0
2013-12-11 21:00:00,27968.0
2013-12-11 22:00:00,25077.0
2013-12-11 23:00:00,20389.0
2013-12-12 00:00:00,17136.0
2013-12-12 01:00:00,15070.0
2013-12-12 02:00:00,14515.0
2013-12-12 03:00:00,14279.0
2013-12-12 04:00:00,14539.0
2013-12-12 05:00:00,15145.0
2013-12-12 06:00:00,17153.0
2013-12-12 07:00:00,18581.0
2013-12-12 08:00:00,19590.0
2013-12-12 09:00:00,27095.0
2013-12-12 10:00:00,27691.0
2013-12-12 11:00:00,26969.0
2013-12-12 12:00:00,26902.0
2013-12-12 13:00:00,27581.0
2013-12-12 14:00:00,27431.0
2013-12-12 15:00:00,27574.0
2013-12-12 16:00:00,29237.0
2013-12-12 17:00:00,30296.0
2013-12-12 18:00:00,30875.0
2013-12-12 19:00:00,30187.0
2013-12-12 20:00:00,29944.0
2013-12-12 21:00:00,29035.0
2013-12-12 22:00:00,26918.0
2013-12-12 23:00:00,21599.0
2013-12-13 00:00:00,18019.0
2013-12-13 01:00:00,15784.0
2013-12-13 02:00:00,14884.0
2013-12-13 03:00:00,14995.0
2013-12-13 04:00:00,14801.0
2013-12-13 05:00:00,16120.0
2013-12-13 06:00:00,18212.0
2013-12-13 07:00:00,19566.0
2013-12-13 08:00:00,21228.0
2013-12-13 09:00:00,29186.0
2013-12-13 10:00:00,29146.0
2013-12-13 11:00:00,29279.0
2013-12-13 12:00:00,30205.0
2013-12-13 13:00:00,29405.0
2013-12-13 14:00:00,28926.0
2013-12-13 15:00:00,28371.0
2013-12-13 16:00:00,28255.0
2013-12-13 17:00:00,29363.0
2013-12-13 18:00:00,30633.0
2013-12-13 19:00:00,29959.0
2013-12-13 20:00:00,29598.0
2013-12-13 21:00:00,29658.0
2013-12-13 22:00:00,26935.0
2013-12-13 23:00:00,25574.0
2013-12-14 00:00:00,20717.0
2013-12-14 01:00:00,15355.0
2013-12-14 02:00:00,14439.0
2013-12-14 03:00:00,13843.0
2013-12-14 04:00:00,14296.0
2013-12-14 05:00:00,15069.0
2013-12-14 06:00:00,17221.0
2013-12-14 07:00:00,19633.0
2013-12-14 08:00:00,21775.0
2013-12-14 09:00:00,27128.0
2013-12-14 10:00:00,27809.0
2013-12-14 11:00:00,29019.0
2013-12-14 12:00:00,29414.0
2013-12-14 13:00:00,29053.0
2013-12-14 14:00:00,28371.0
2013-12-14 15:00:00,28195.0
2013-12-14 16:00:00,28380.0
2013-12-14 17:00:00,28699.0
2013-12-14 18:00:00,30785.0
2013-12-14 19:00:00,30052.0
2013-12-14 20:00:00,30221.0
2013-12-14 21:00:00,29085.0
2013-12-14 22:00:00,26942.0
2013-12-14 23:00:00,24868.0
2013-12-15 00:00:00,20464.0
2013-12-15 01:00:00,15456.0
2013-12-15 02:00:00,15347.0
2013-12-15 03:00:00,14347.0
2013-12-15 04:00:00,14927.0
2013-12-15 05:00:00,14860.0
2013-12-15 06:00:00,16640.0
2013-12-15 07:00:00,18556.0
2013-12-15 08:00:00,21230.0
2013-12-15 09:00:00,25800.0
2013-12-15 10:00:00,27221.0
2013-12-15 11:00:00,27330.0
2013-12-15 12:00:00,28053.0
2013-12-15 13:00:00,28262.0
2013-12-15 14:00:00,29497.0
2013-12-15 15:00:00,28733.0
2013-12-15 16:00:00,29111.0
2013-12-15 17:00:00,30036.0
2013-12-15 18:00:00,31070.0
2013-12-15 19:00:00,30406.0
2013-12-15 20:00:00,29708.0
2013-12-15 21:00:00,28675.0
2013-12-15 22:00:00,26220.0
2013-12-15 23:00:00,23800.0
2013-12-16 00:00:00,18641.0
2013-12-16 01:00:00,14902.0
2013-12-16 02:00:00,14406.0
2013-12-16 03:00:00,14179.0
2013-12-16 04:00:00,14616.0
2013-12-16 05:00:00,14792.0
2013-12-16 06:00:00,16422.0
2013-12-16 07:00:00,18876.0
2013-12-16 08:00:00,21170.0
2013-12-16 09:00:00,28053.0
2013-12-16 10:00:00,28766.0
2013-12-16 11:00:00,28472.0
2013-12-16 12:00:00,29430.0
2013-12-16 13:00:00,29885.0
2013-12-16 14:00:00,30145.0
2013-12-16 15:00:00,29531.0
2013-12-16 16:00:00,29204.0
2013-12-16 17:00:00,30036.0
2013-12-16 18:00:00,30935.0
2013-12-16 19:00:00,30658.0
2013-12-16 20:00:00,29986.0
2013-12-16 21:00:00,28590.0
2013-12-16 22:00:00,25843.0
2013-12-16 23:00:00,23666.0
2013-12-17 00:00:00,18859.0
2013-12-17 01:00:00,15103.0
2013-12-17 02:00:00,15052.0
2013-12-17 03:00:00,14590.0
2013-12-17 04:00:00,15465.0
2013-12-17 05:00:00,15531.0
2013-12-17 06:00:00,16834.0
2013-12-17 07:00:00,18885.0
2013-12-17 08:00:00,21783.0
2013-12-17 09:00:00,28558.0
2013-12-17 10:00:00,29648.0
2013-12-17 11:00:00,28422.0
2013-12-17 12:00:00,29607.0
2013-12-17 13:00:00,29977.0
2013-12-17 14:00:00,30095.0
2013-12-17 15:00:00,29490.0
2013-12-17 16:00:00,30423.0
2013-12-17 17:00:00,30557.0
2013-12-17 18:00:00,31447.0
2013-12-17 19:00:00,30557.0
2013-12-17 20:00:00,30556.0
2013-12-17 21:00:00,28842.0
2013-12-17 22:00:00,26457.0
2013-12-17 23:00:00,24338.0
2013-12-18 00:00:00,19598.0
2013-12-18 01:00:00,15338.0
2013-12-18 02:00:00,14927.0
2013-12-18 03:00:00,14506.0
2013-12-18 04:00:00,14918.0
2013-12-18 05:00:00,14960.0
2013-12-18 06:00:00,16834.0
2013-12-18 07:00:00,19128.0
2013-12-18 08:00:00,21935.0
2013-12-18 09:00:00,28532.0
2013-12-18 10:00:00,29809.0
2013-12-18 11:00:00,28624.0
2013-12-18 12:00:00,30540.0
2013-12-18 13:00:00,30481.0
2013-12-18 14:00:00,29985.0
2013-12-18 15:00:00,28573.0
2013-12-18 16:00:00,29212.0
2013-12-18 17:00:00,30162.0
2013-12-18 18:00:00,30523.0
2013-12-18 19:00:00,30691.0
2013-12-18 20:00:00,30296.0
2013-12-18 21:00:00,29112.0
2013-12-18 22:00:00,26893.0
2013-12-18 23:00:00,25354.0
2013-12-19 00:00:00,17843.0
2013-12-19 01:00:00,17036.0
2013-12-19 02:00:00,16456.0
2013-12-19 03:00:00,15438.0
2013-12-19 04:00:00,15826.0
2013-12-19 05:00:00,16204.0
2013-12-19 06:00:00,18170.0
2013-12-19 07:00:00,20137.0
2013-12-19 08:00:00,22791.0
2013-12-19 09:00:00,29196.0
2013-12-19 10:00:00,30018.0
2013-12-19 11:00:00,28808.0
2013-12-19 12:00:00,29599.0
2013-12-19 13:00:00,28901.0
2013-12-19 14:00:00,28373.0
2013-12-19 15:00:00,28220.0
2013-12-19 16:00:00,28978.0
2013-12-19 17:00:00,29935.0
2013-12-19 18:00:00,30128.0
2013-12-19 19:00:00,29774.0
2013-12-19 20:00:00,29523.0
2013-12-19 21:00:00,28598.0
2013-12-19 22:00:00,25875.0
2013-12-19 23:00:00,23994.0
2013-12-20 00:00:00,19564.0
2013-12-20 01:00:00,15355.0
2013-12-20 02:00:00,15146.0
2013-12-20 03:00:00,14717.0
2013-12-20 04:00:00,14892.0
2013-12-20 05:00:00,14590.0
2013-12-20 06:00:00,16069.0
2013-12-20 07:00:00,18204.0
2013-12-20 08:00:00,20692.0
2013-12-20 09:00:00,27826.0
2013-12-20 10:00:00,28775.0
2013-12-20 11:00:00,28944.0
2013-12-20 12:00:00,30297.0
2013-12-20 13:00:00,30146.0
2013-12-20 14:00:00,29707.0
2013-12-20 15:00:00,29891.0
2013-12-20 16:00:00,29497.0
2013-12-20 17:00:00,30179.0
2013-12-20 18:00:00,30481.0
2013-12-20 19:00:00,30439.0
2013-12-20 20:00:00,30489.0
2013-12-20 21:00:00,29145.0
2013-12-20 22:00:00,26204.0
2013-12-20 23:00:00,24405.0
2013-12-21 00:00:00,19582.0
2013-12-21 01:00:00,15153.0
2013-12-21 02:00:00,14348.0
2013-12-21 03:00:00,14077.0
2013-12-21 04:00:00,14162.0
2013-12-21 05:00:00,14397.0
2013-12-21 06:00:00,15581.0
2013-12-21 07:00:00,18582.0
2013-12-21 08:00:00,20978.0
2013-12-21 09:00:00,26943.0
2013-12-21 10:00:00,27716.0
2013-12-21 11:00:00,27868.0
2013-12-21 12:00:00,29280.0
2013-12-21 13:00:00,29699.0
2013-12-21 14:00:00,28876.0
2013-12-21 15:00:00,28414.0
2013-12-21 16:00:00,28607.0
2013-12-21 17:00:00,29036.0
2013-12-21 18:00:00,30330.0
2013-12-21 19:00:00,30422.0
2013-12-21 20:00:00,30253.0
2013-12-21 21:00:00,29488.0
2013-12-21 22:00:00,26683.0
2013-12-21 23:00:00,25473.0
2013-12-22 00:00:00,20388.0
2013-12-22 01:00:00,15254.0
2013-12-22 02:00:00,14397.0
2013-12-22 03:00:00,13960.0
2013-12-22 04:00:00,14145.0
2013-12-22 05:00:00,14364.0
2013-12-22 06:00:00,16178.0
2013-12-22 07:00:00,18766.0
2013-12-22 08:00:00,21070.0
2013-12-22 09:00:00,26372.0
2013-12-22 10:00:00,26725.0
2013-12-22 11:00:00,27489.0
2013-12-22 12:00:00,28262.0
2013-12-22 13:00:00,28657.0
2013-12-22 14:00:00,28674.0
2013-12-22 15:00:00,27464.0
2013-12-22 16:00:00,28255.0
2013-12-22 17:00:00,29263.0
2013-12-22 18:00:00,30708.0
2013-12-22 19:00:00,30683.0
2013-12-22 20:00:00,30968.0
2013-12-22 21:00:00,29774.0
2013-12-22 22:00:00,27010.0
2013-12-22 23:00:00,24615.0
2013-12-23 00:00:00,19692.0
2013-12-23 01:00:00,14960.0
2013-12-23 02:00:00,14851.0
2013-12-23 03:00:00,14094.0
2013-12-23 04:00:00,14565.0
2013-12-23 05:00:00,14573.0
2013-12-23 06:00:00,16883.0
2013-12-23 07:00:00,19313.0
2013-12-23 08:00:00,21229.0
2013-12-23 09:00:00,27505.0
2013-12-23 10:00:00,27624.0
2013-12-23 11:00:00,29296.0
2013-12-23 12:00:00,31103.0
2013-12-23 13:00:00,30918.0
2013-12-23 14:00:00,30338.0
2013-12-23 15:00:00,29070.0
2013-12-23 16:00:00,29187.0
2013-12-23 17:00:00,28867.0
2013-12-23 18:00:00,29851.0
2013-12-23 19:00:00,30027.0
2013-12-23 20:00:00,29767.0
2013-12-23 21:00:00,28531.0
2013-12-23 22:00:00,27389.0
2013-12-23 23:00:00,25489.0
2013-12-24 00:00:00,21405.0
2013-12-24 01:00:00,16809.0
2013-12-24 02:00:00,15699.0
2013-12-24 03:00:00,15094.0
2013-12-24 04:00:00,15624.0
2013-12-24 05:00:00,16557.0
2013-12-24 06:00:00,18397.0
2013-12-24 07:00:00,20633.0
2013-12-24 08:00:00,25952.0
2013-12-24 09:00:00,28438.0
2013-12-24 10:00:00,28724.0
2013-12-24 11:00:00,28808.0
2013-12-24 12:00:00,29742.0
2013-12-24 13:00:00,29271.0
2013-12-24 14:00:00,29136.0
2013-12-24 15:00:00,29355.0
2013-12-24 16:00:00,28994.0
2013-12-24 17:00:00,28362.0
2013-12-24 18:00:00,23985.0
2013-12-24 19:00:00,19221.0
2013-12-24 20:00:00,17195.0
2013-12-24 21:00:00,16086.0
2013-12-24 22:00:00,14002.0
2013-12-24 23:00:00,13741.0
2013-12-25 00:00:00,13683.0
2013-12-25 01:00:00,13247.0
2013-12-25 02:00:00,13010.0
2013-12-25 03:00:00,12607.0
2013-12-25 04:00:00,12901.0
2013-12-25 05:00:00,12826.0
2013-12-25 06:00:00,12826.0
2013-12-25 07:00:00,13548.0
2013-12-25 08:00:00,12926.0
2013-12-25 09:00:00,13405.0
2013-12-25 10:00:00,13708.0
2013-12-25 11:00:00,13607.0
2013-12-25 12:00:00,14112.0
2013-12-25 13:00:00,14582.0
2013-12-25 14:00:00,14473.0
2013-12-25 15:00:00,14355.0
2013-12-25 16:00:00,14270.0
2013-12-25 17:00:00,14767.0
2013-12-25 18:00:00,15800.0
2013-12-25 19:00:00,16085.0
2013-12-25 20:00:00,15834.0
2013-12-25 21:00:00,15489.0
2013-12-25 22:00:00,14725.0
2013-12-25 23:00:00,14531.0
2013-12-26 00:00:00,15044.0
2013-12-26 01:00:00,13186.0
2013-12-26 02:00:00,12640.0
2013-12-26 03:00:00,12102.0
2013-12-26 04:00:00,12683.0
2013-12-26 05:00:00,13876.0
2013-12-26 06:00:00,15355.0
2013-12-26 07:00:00,18230.0
2013-12-26 08:00:00,20993.0
2013-12-26 09:00:00,25464.0
2013-12-26 10:00:00,25683.0
2013-12-26 11:00:00,26943.0
2013-12-26 12:00:00,27481.0
2013-12-26 13:00:00,27279.0
2013-12-26 14:00:00,27069.0
2013-12-26 15:00:00,26061.0
2013-12-26 16:00:00,24136.0
2013-12-26 17:00:00,27994.0
2013-12-26 18:00:00,28851.0
2013-12-26 19:00:00,28944.0
2013-12-26 20:00:00,28346.0
2013-12-26 21:00:00,27657.0
2013-12-26 22:00:00,25742.0
2013-12-26 23:00:00,20691.0
2013-12-27 00:00:00,18153.0
2013-12-27 01:00:00,15514.0
2013-12-27 02:00:00,14692.0
2013-12-27 03:00:00,13531.0
2013-12-27 04:00:00,13843.0
2013-12-27 05:00:00,14910.0
2013-12-27 06:00:00,16817.0
2013-12-27 07:00:00,18439.0
2013-12-27 08:00:00,20531.0
2013-12-27 09:00:00,27364.0
2013-12-27 10:00:00,27665.0
2013-12-27 11:00:00,28288.0
2013-12-27 12:00:00,28061.0
2013-12-27 13:00:00,27850.0
2013-12-27 14:00:00,27683.0
2013-12-27 15:00:00,27498.0
2013-12-27 16:00:00,28044.0
2013-12-27 17:00:00,29102.0
2013-12-27 18:00:00,29473.0
2013-12-27 19:00:00,29137.0
2013-12-27 20:00:00,28994.0
2013-12-27 21:00:00,27858.0
2013-12-27 22:00:00,26095.0
2013-12-27 23:00:00,24330.0
2013-12-28 00:00:00,19523.0
2013-12-28 01:00:00,14228.0
2013-12-28 02:00:00,13372.0
2013-12-28 03:00:00,12977.0
2013-12-28 04:00:00,12868.0
2013-12-28 05:00:00,14069.0
2013-12-28 06:00:00,15455.0
2013-12-28 07:00:00,17112.0
2013-12-28 08:00:00,18506.0
2013-12-28 09:00:00,24641.0
2013-12-28 10:00:00,26245.0
2013-12-28 11:00:00,27204.0
2013-12-28 12:00:00,28002.0
2013-12-28 13:00:00,27490.0
2013-12-28 14:00:00,27102.0
2013-12-28 15:00:00,26464.0
2013-12-28 16:00:00,27337.0
2013-12-28 17:00:00,28085.0
2013-12-28 18:00:00,29438.0
2013-12-28 19:00:00,29498.0
2013-12-28 20:00:00,29161.0
2013-12-28 21:00:00,27926.0
2013-12-28 22:00:00,26170.0
2013-12-28 23:00:00,24952.0
2013-12-29 00:00:00,20330.0
2013-12-29 01:00:00,15145.0
2013-12-29 02:00:00,14331.0
2013-12-29 03:00:00,13540.0
2013-12-29 04:00:00,13825.0
2013-12-29 05:00:00,14346.0
2013-12-29 06:00:00,15532.0
2013-12-29 07:00:00,17573.0
2013-12-29 08:00:00,18917.0
2013-12-29 09:00:00,25212.0
2013-12-29 10:00:00,25909.0
2013-12-29 11:00:00,27212.0
2013-12-29 12:00:00,28027.0
2013-12-29 13:00:00,28356.0
2013-12-29 14:00:00,28607.0
2013-12-29 15:00:00,26976.0
2013-12-29 16:00:00,27288.0
2013-12-29 17:00:00,27750.0
2013-12-29 18:00:00,28732.0
2013-12-29 19:00:00,28800.0
2013-12-29 20:00:00,29060.0
2013-12-29 21:00:00,27354.0
2013-12-29 22:00:00,25885.0
2013-12-29 23:00:00,20608.0
2013-12-30 00:00:00,17514.0
2013-12-30 01:00:00,14372.0
2013-12-30 02:00:00,13994.0
2013-12-30 03:00:00,13884.0
2013-12-30 04:00:00,13994.0
2013-12-30 05:00:00,14833.0
2013-12-30 06:00:00,16683.0
2013-12-30 07:00:00,18271.0
2013-12-30 08:00:00,19984.0
2013-12-30 09:00:00,26129.0
2013-12-30 10:00:00,26884.0
2013-12-30 11:00:00,27027.0
2013-12-30 12:00:00,26985.0
2013-12-30 13:00:00,27682.0
2013-12-30 14:00:00,27977.0
2013-12-30 15:00:00,27733.0
2013-12-30 16:00:00,27868.0
2013-12-30 17:00:00,28573.0
2013-12-30 18:00:00,29338.0
2013-12-30 19:00:00,29162.0
2013-12-30 20:00:00,28968.0
2013-12-30 21:00:00,28295.0
2013-12-30 22:00:00,26473.0
2013-12-30 23:00:00,21633.0
2013-12-31 00:00:00,17701.0
2013-12-31 01:00:00,16069.0
2013-12-31 02:00:00,16152.0
2013-12-31 03:00:00,16178.0
2013-12-31 04:00:00,16599.0
2013-12-31 05:00:00,17783.0
2013-12-31 06:00:00,19490.0
2013-12-31 07:00:00,19397.0
2013-12-31 08:00:00,24606.0
2013-12-31 09:00:00,26254.0
2013-12-31 10:00:00,28018.0
2013-12-31 11:00:00,28658.0
2013-12-31 12:00:00,29060.0
2013-12-31 13:00:00,28800.0
2013-12-31 14:00:00,29490.0
2013-12-31 15:00:00,27867.0
2013-12-31 16:00:00,27918.0
2013-12-31 17:00:00,28666.0
2013-12-31 18:00:00,27515.0
2013-12-31 19:00:00,20683.0
2013-12-31 20:00:00,15826.0
2013-12-31 21:00:00,14154.0
2013-12-31 22:00:00,14028.0
2013-12-31 23:00:00,13599.0
2014-01-01 00:00:00,13330.0
2014-01-01 01:00:00,13086.0
2014-01-01 02:00:00,12759.0
2014-01-01 03:00:00,12724.0
2014-01-01 04:00:00,12885.0
2014-01-01 05:00:00,12784.0
2014-01-01 06:00:00,13035.0
2014-01-01 07:00:00,13413.0
2014-01-01 08:00:00,12599.0
2014-01-01 09:00:00,12993.0
2014-01-01 10:00:00,13019.0
2014-01-01 11:00:00,12960.0
2014-01-01 12:00:00,13186.0
2014-01-01 13:00:00,13321.0
2014-01-01 14:00:00,13288.0
2014-01-01 15:00:00,13321.0
2014-01-01 16:00:00,12910.0
2014-01-01 17:00:00,13944.0
2014-01-01 18:00:00,14574.0
2014-01-01 19:00:00,14994.0
2014-01-01 20:00:00,14699.0
2014-01-01 21:00:00,14708.0
2014-01-01 22:00:00,14607.0
2014-01-01 23:00:00,14136.0
2014-01-02 00:00:00,15119.0
2014-01-02 01:00:00,13615.0
2014-01-02 02:00:00,13002.0
2014-01-02 03:00:00,12624.0
2014-01-02 04:00:00,13246.0
2014-01-02 05:00:00,14834.0
2014-01-02 06:00:00,16003.0
2014-01-02 07:00:00,17069.0
2014-01-02 08:00:00,18389.0
2014-01-02 09:00:00,26162.0
2014-01-02 10:00:00,26994.0
2014-01-02 11:00:00,27757.0
2014-01-02 12:00:00,27782.0
2014-01-02 13:00:00,28649.0
2014-01-02 14:00:00,28799.0
2014-01-02 15:00:00,28086.0
2014-01-02 16:00:00,28338.0
2014-01-02 17:00:00,30196.0
2014-01-02 18:00:00,30111.0
2014-01-02 19:00:00,29758.0
2014-01-02 20:00:00,29078.0
2014-01-02 21:00:00,27793.0
2014-01-02 22:00:00,26993.0
2014-01-02 23:00:00,20548.0
2014-01-03 00:00:00,16708.0
2014-01-03 01:00:00,13801.0
2014-01-03 02:00:00,13565.0
2014-01-03 03:00:00,13195.0
2014-01-03 04:00:00,13658.0
2014-01-03 05:00:00,14371.0
2014-01-03 06:00:00,15549.0
2014-01-03 07:00:00,17489.0
2014-01-03 08:00:00,19835.0
2014-01-03 09:00:00,28044.0
2014-01-03 10:00:00,28632.0
2014-01-03 11:00:00,28851.0
2014-01-03 12:00:00,28481.0
2014-01-03 13:00:00,28640.0
2014-01-03 14:00:00,28187.0
2014-01-03 15:00:00,28077.0
2014-01-03 16:00:00,27926.0
2014-01-03 17:00:00,28843.0
2014-01-03 18:00:00,29909.0
2014-01-03 19:00:00,29086.0
2014-01-03 20:00:00,28733.0
2014-01-03 21:00:00,27657.0
2014-01-03 22:00:00,26388.0
2014-01-03 23:00:00,24716.0
2014-01-04 00:00:00,19582.0
2014-01-04 01:00:00,13808.0
2014-01-04 02:00:00,13136.0
2014-01-04 03:00:00,13119.0
2014-01-04 04:00:00,13691.0
2014-01-04 05:00:00,14178.0
2014-01-04 06:00:00,15423.0
2014-01-04 07:00:00,16868.0
2014-01-04 08:00:00,18649.0
2014-01-04 09:00:00,25254.0
2014-01-04 10:00:00,25649.0
2014-01-04 11:00:00,26599.0
2014-01-04 12:00:00,26339.0
2014-01-04 13:00:00,27347.0
2014-01-04 14:00:00,26103.0
2014-01-04 15:00:00,26178.0
2014-01-04 16:00:00,26524.0
2014-01-04 17:00:00,27337.0
2014-01-04 18:00:00,28716.0
2014-01-04 19:00:00,28809.0
2014-01-04 20:00:00,28834.0
2014-01-04 21:00:00,27439.0
2014-01-04 22:00:00,25708.0
2014-01-04 23:00:00,23909.0
2014-01-05 00:00:00,18548.0
2014-01-05 01:00:00,13161.0
2014-01-05 02:00:00,12169.0
2014-01-05 03:00:00,12313.0
2014-01-05 04:00:00,12893.0
2014-01-05 05:00:00,13464.0
2014-01-05 06:00:00,15019.0
2014-01-05 07:00:00,16843.0
2014-01-05 08:00:00,19120.0
2014-01-05 09:00:00,26699.0
2014-01-05 10:00:00,27085.0
2014-01-05 11:00:00,27413.0
2014-01-05 12:00:00,27549.0
2014-01-05 13:00:00,28069.0
2014-01-05 14:00:00,27793.0
2014-01-05 15:00:00,26943.0
2014-01-05 16:00:00,27624.0
2014-01-05 17:00:00,28422.0
2014-01-05 18:00:00,29430.0
2014-01-05 19:00:00,29229.0
2014-01-05 20:00:00,29439.0
2014-01-05 21:00:00,27809.0
2014-01-05 22:00:00,26498.0
2014-01-05 23:00:00,20321.0
2014-01-06 00:00:00,17237.0
2014-01-06 01:00:00,13851.0
2014-01-06 02:00:00,13456.0
2014-01-06 03:00:00,12986.0
2014-01-06 04:00:00,13851.0
2014-01-06 05:00:00,13993.0
2014-01-06 06:00:00,15212.0
2014-01-06 07:00:00,17271.0
2014-01-06 08:00:00,19708.0
2014-01-06 09:00:00,27994.0
2014-01-06 10:00:00,28481.0
2014-01-06 11:00:00,28119.0
2014-01-06 12:00:00,28086.0
2014-01-06 13:00:00,28709.0
2014-01-06 14:00:00,28792.0
2014-01-06 15:00:00,28213.0
2014-01-06 16:00:00,28691.0
2014-01-06 17:00:00,29960.0
2014-01-06 18:00:00,30262.0
2014-01-06 19:00:00,29985.0
2014-01-06 20:00:00,29943.0
2014-01-06 21:00:00,28674.0
2014-01-06 22:00:00,26112.0
2014-01-06 23:00:00,20019.0
2014-01-07 00:00:00,16624.0
2014-01-07 01:00:00,14027.0
2014-01-07 02:00:00,13657.0
2014-01-07 03:00:00,13271.0
2014-01-07 04:00:00,13816.0
2014-01-07 05:00:00,14835.0
2014-01-07 06:00:00,16590.0
2014-01-07 07:00:00,18792.0
2014-01-07 08:00:00,20683.0
2014-01-07 09:00:00,28288.0
2014-01-07 10:00:00,27439.0
2014-01-07 11:00:00,28053.0
2014-01-07 12:00:00,28212.0
2014-01-07 13:00:00,28473.0
2014-01-07 14:00:00,28482.0
2014-01-07 15:00:00,28330.0
2014-01-07 16:00:00,28993.0
2014-01-07 17:00:00,29766.0
2014-01-07 18:00:00,29775.0
2014-01-07 19:00:00,29430.0
2014-01-07 20:00:00,29380.0
2014-01-07 21:00:00,28212.0
2014-01-07 22:00:00,26833.0
2014-01-07 23:00:00,20641.0
2014-01-08 00:00:00,17069.0
2014-01-08 01:00:00,13927.0
2014-01-08 02:00:00,13522.0
2014-01-08 03:00:00,13313.0
2014-01-08 04:00:00,13767.0
2014-01-08 05:00:00,14221.0
2014-01-08 06:00:00,16035.0
2014-01-08 07:00:00,19498.0
2014-01-08 08:00:00,21195.0
2014-01-08 09:00:00,27657.0
2014-01-08 10:00:00,27667.0
2014-01-08 11:00:00,28146.0
2014-01-08 12:00:00,28026.0
2014-01-08 13:00:00,28709.0
2014-01-08 14:00:00,27968.0
2014-01-08 15:00:00,27615.0
2014-01-08 16:00:00,28414.0
2014-01-08 17:00:00,28985.0
2014-01-08 18:00:00,29456.0
2014-01-08 19:00:00,29473.0
2014-01-08 20:00:00,29364.0
2014-01-08 21:00:00,27876.0
2014-01-08 22:00:00,26362.0
2014-01-08 23:00:00,20044.0
2014-01-09 00:00:00,15859.0
2014-01-09 01:00:00,14044.0
2014-01-09 02:00:00,13145.0
2014-01-09 03:00:00,13011.0
2014-01-09 04:00:00,13599.0
2014-01-09 05:00:00,14633.0
2014-01-09 06:00:00,16129.0
2014-01-09 07:00:00,18078.0
2014-01-09 08:00:00,19910.0
2014-01-09 09:00:00,27733.0
2014-01-09 10:00:00,28380.0
2014-01-09 11:00:00,28768.0
2014-01-09 12:00:00,28431.0
2014-01-09 13:00:00,28506.0
2014-01-09 14:00:00,28826.0
2014-01-09 15:00:00,28548.0
2014-01-09 16:00:00,29145.0
2014-01-09 17:00:00,28742.0
2014-01-09 18:00:00,29565.0
2014-01-09 19:00:00,29068.0
2014-01-09 20:00:00,28809.0
2014-01-09 21:00:00,28027.0
2014-01-09 22:00:00,25960.0
2014-01-09 23:00:00,20456.0
2014-01-10 00:00:00,16238.0
2014-01-10 01:00:00,13548.0
2014-01-10 02:00:00,12917.0
2014-01-10 03:00:00,12456.0
2014-01-10 04:00:00,13245.0
2014-01-10 05:00:00,14473.0
2014-01-10 06:00:00,16338.0
2014-01-10 07:00:00,18313.0
2014-01-10 08:00:00,19968.0
2014-01-10 09:00:00,27095.0
2014-01-10 10:00:00,27733.0
2014-01-10 11:00:00,29011.0
2014-01-10 12:00:00,28456.0
2014-01-10 13:00:00,28364.0
2014-01-10 14:00:00,29464.0
2014-01-10 15:00:00,29068.0
2014-01-10 16:00:00,29473.0
2014-01-10 17:00:00,29187.0
2014-01-10 18:00:00,30398.0
2014-01-10 19:00:00,29918.0
2014-01-10 20:00:00,29867.0
2014-01-10 21:00:00,28732.0
2014-01-10 22:00:00,25960.0
2014-01-10 23:00:00,24531.0
2014-01-11 00:00:00,19464.0
2014-01-11 01:00:00,14102.0
2014-01-11 02:00:00,13204.0
2014-01-11 03:00:00,12523.0
2014-01-11 04:00:00,13228.0
2014-01-11 05:00:00,14086.0
2014-01-11 06:00:00,15531.0
2014-01-11 07:00:00,18422.0
2014-01-11 08:00:00,19725.0
2014-01-11 09:00:00,25843.0
2014-01-11 10:00:00,27095.0
2014-01-11 11:00:00,27523.0
2014-01-11 12:00:00,28775.0
2014-01-11 13:00:00,28792.0
2014-01-11 14:00:00,27793.0
2014-01-11 15:00:00,27808.0
2014-01-11 16:00:00,27851.0
2014-01-11 17:00:00,28397.0
2014-01-11 18:00:00,30255.0
2014-01-11 19:00:00,30094.0
2014-01-11 20:00:00,29431.0
2014-01-11 21:00:00,28590.0
2014-01-11 22:00:00,26481.0
2014-01-11 23:00:00,24709.0
2014-01-12 00:00:00,19430.0
2014-01-12 01:00:00,14154.0
2014-01-12 02:00:00,13674.0
2014-01-12 03:00:00,13195.0
2014-01-12 04:00:00,14019.0
2014-01-12 05:00:00,14935.0
2014-01-12 06:00:00,16036.0
2014-01-12 07:00:00,17842.0
2014-01-12 08:00:00,19724.0
2014-01-12 09:00:00,26019.0
2014-01-12 10:00:00,26633.0
2014-01-12 11:00:00,26816.0
2014-01-12 12:00:00,27489.0
2014-01-12 13:00:00,27171.0
2014-01-12 14:00:00,27153.0
2014-01-12 15:00:00,26675.0
2014-01-12 16:00:00,27027.0
2014-01-12 17:00:00,28078.0
2014-01-12 18:00:00,29582.0
2014-01-12 19:00:00,29473.0
2014-01-12 20:00:00,29186.0
2014-01-12 21:00:00,28179.0
2014-01-12 22:00:00,25808.0
2014-01-12 23:00:00,19850.0
2014-01-13 00:00:00,16262.0
2014-01-13 01:00:00,13926.0
2014-01-13 02:00:00,12825.0
2014-01-13 03:00:00,12724.0
2014-01-13 04:00:00,12926.0
2014-01-13 05:00:00,14212.0
2014-01-13 06:00:00,16094.0
2014-01-13 07:00:00,17994.0
2014-01-13 08:00:00,20616.0
2014-01-13 09:00:00,27775.0
2014-01-13 10:00:00,27977.0
2014-01-13 11:00:00,28070.0
2014-01-13 12:00:00,28110.0
2014-01-13 13:00:00,27741.0
2014-01-13 14:00:00,28330.0
2014-01-13 15:00:00,27203.0
2014-01-13 16:00:00,27565.0
2014-01-13 17:00:00,28380.0
2014-01-13 18:00:00,29666.0
2014-01-13 19:00:00,29061.0
2014-01-13 20:00:00,28582.0
2014-01-13 21:00:00,27498.0
2014-01-13 22:00:00,26145.0
2014-01-13 23:00:00,21137.0
2014-01-14 00:00:00,16766.0
2014-01-14 01:00:00,14514.0
2014-01-14 02:00:00,14036.0
2014-01-14 03:00:00,13656.0
2014-01-14 04:00:00,13707.0
2014-01-14 05:00:00,15111.0
2014-01-14 06:00:00,17061.0
2014-01-14 07:00:00,19230.0
2014-01-14 08:00:00,20893.0
2014-01-14 09:00:00,28724.0
2014-01-14 10:00:00,28918.0
2014-01-14 11:00:00,28615.0
2014-01-14 12:00:00,28851.0
2014-01-14 13:00:00,29262.0
2014-01-14 14:00:00,29237.0
2014-01-14 15:00:00,28590.0
2014-01-14 16:00:00,28841.0
2014-01-14 17:00:00,29792.0
2014-01-14 18:00:00,31246.0
2014-01-14 19:00:00,30632.0
2014-01-14 20:00:00,30228.0
2014-01-14 21:00:00,28389.0
2014-01-14 22:00:00,26557.0
2014-01-14 23:00:00,20851.0
2014-01-15 00:00:00,17053.0
2014-01-15 01:00:00,14279.0
2014-01-15 02:00:00,13758.0
2014-01-15 03:00:00,13447.0
2014-01-15 04:00:00,13994.0
2014-01-15 05:00:00,15003.0
2014-01-15 06:00:00,17060.0
2014-01-15 07:00:00,19867.0
2014-01-15 08:00:00,21582.0
2014-01-15 09:00:00,28843.0
2014-01-15 10:00:00,29716.0
2014-01-15 11:00:00,29833.0
2014-01-15 12:00:00,29255.0
2014-01-15 13:00:00,29002.0
2014-01-15 14:00:00,29246.0
2014-01-15 15:00:00,28758.0
2014-01-15 16:00:00,29397.0
2014-01-15 17:00:00,30414.0
2014-01-15 18:00:00,31020.0
2014-01-15 19:00:00,29926.0
2014-01-15 20:00:00,29061.0
2014-01-15 21:00:00,27482.0
2014-01-15 22:00:00,25801.0
2014-01-15 23:00:00,19590.0
2014-01-16 00:00:00,16027.0
2014-01-16 01:00:00,13230.0
2014-01-16 02:00:00,12801.0
2014-01-16 03:00:00,12422.0
2014-01-16 04:00:00,13194.0
2014-01-16 05:00:00,13758.0
2014-01-16 06:00:00,16489.0
2014-01-16 07:00:00,18405.0
2014-01-16 08:00:00,20472.0
2014-01-16 09:00:00,28170.0
2014-01-16 10:00:00,28791.0
2014-01-16 11:00:00,28423.0
2014-01-16 12:00:00,28481.0
2014-01-16 13:00:00,28885.0
2014-01-16 14:00:00,28339.0
2014-01-16 15:00:00,28506.0
2014-01-16 16:00:00,28262.0
2014-01-16 17:00:00,28389.0
2014-01-16 18:00:00,29312.0
2014-01-16 19:00:00,29179.0
2014-01-16 20:00:00,29019.0
2014-01-16 21:00:00,27902.0
2014-01-16 22:00:00,25574.0
2014-01-16 23:00:00,19598.0
2014-01-17 00:00:00,15624.0
2014-01-17 01:00:00,12657.0
2014-01-17 02:00:00,12481.0
2014-01-17 03:00:00,11598.0
2014-01-17 04:00:00,12523.0
2014-01-17 05:00:00,13683.0
2014-01-17 06:00:00,15993.0
2014-01-17 07:00:00,18322.0
2014-01-17 08:00:00,20842.0
2014-01-17 09:00:00,27624.0
2014-01-17 10:00:00,27582.0
2014-01-17 11:00:00,27069.0
2014-01-17 12:00:00,27792.0
2014-01-17 13:00:00,27868.0
2014-01-17 14:00:00,28472.0
2014-01-17 15:00:00,27304.0
2014-01-17 16:00:00,27498.0
2014-01-17 17:00:00,28785.0
2014-01-17 18:00:00,29691.0
2014-01-17 19:00:00,29288.0
2014-01-17 20:00:00,29187.0
2014-01-17 21:00:00,27944.0
2014-01-17 22:00:00,25615.0
2014-01-17 23:00:00,24390.0
2014-01-18 00:00:00,18985.0
2014-01-18 01:00:00,13866.0
2014-01-18 02:00:00,13220.0
2014-01-18 03:00:00,12767.0
2014-01-18 04:00:00,13220.0
2014-01-18 05:00:00,14288.0
2014-01-18 06:00:00,16362.0
2014-01-18 07:00:00,18078.0
2014-01-18 08:00:00,19833.0
2014-01-18 09:00:00,25607.0
2014-01-18 10:00:00,26665.0
2014-01-18 11:00:00,27624.0
2014-01-18 12:00:00,28389.0
2014-01-18 13:00:00,27405.0
2014-01-18 14:00:00,27800.0
2014-01-18 15:00:00,26447.0
2014-01-18 16:00:00,26035.0
2014-01-18 17:00:00,27196.0
2014-01-18 18:00:00,29128.0
2014-01-18 19:00:00,28280.0
2014-01-18 20:00:00,27977.0
2014-01-18 21:00:00,27321.0
2014-01-18 22:00:00,25455.0
2014-01-18 23:00:00,24423.0
2014-01-19 00:00:00,19347.0
2014-01-19 01:00:00,14103.0
2014-01-19 02:00:00,13413.0
2014-01-19 03:00:00,12565.0
2014-01-19 04:00:00,13129.0
2014-01-19 05:00:00,14119.0
2014-01-19 06:00:00,15245.0
2014-01-19 07:00:00,17346.0
2014-01-19 08:00:00,20859.0
2014-01-19 09:00:00,25069.0
2014-01-19 10:00:00,25859.0
2014-01-19 11:00:00,25977.0
2014-01-19 12:00:00,27120.0
2014-01-19 13:00:00,26531.0
2014-01-19 14:00:00,26709.0
2014-01-19 15:00:00,26497.0
2014-01-19 16:00:00,26161.0
2014-01-19 17:00:00,26608.0
2014-01-19 18:00:00,27699.0
2014-01-19 19:00:00,27700.0
2014-01-19 20:00:00,27851.0
2014-01-19 21:00:00,27111.0
2014-01-19 22:00:00,25506.0
2014-01-19 23:00:00,19884.0
2014-01-20 00:00:00,15842.0
2014-01-20 01:00:00,12968.0
2014-01-20 02:00:00,13112.0
2014-01-20 03:00:00,12346.0
2014-01-20 04:00:00,12951.0
2014-01-20 05:00:00,14834.0
2014-01-20 06:00:00,16657.0
2014-01-20 07:00:00,17809.0
2014-01-20 08:00:00,19633.0
2014-01-20 09:00:00,27236.0
2014-01-20 10:00:00,27927.0
2014-01-20 11:00:00,28146.0
2014-01-20 12:00:00,28254.0
2014-01-20 13:00:00,28246.0
2014-01-20 14:00:00,27800.0
2014-01-20 15:00:00,28135.0
2014-01-20 16:00:00,28363.0
2014-01-20 17:00:00,28623.0
2014-01-20 18:00:00,29489.0
2014-01-20 19:00:00,29111.0
2014-01-20 20:00:00,29002.0
2014-01-20 21:00:00,28061.0
2014-01-20 22:00:00,25356.0
2014-01-20 23:00:00,19532.0
2014-01-21 00:00:00,15852.0
2014-01-21 01:00:00,13279.0
2014-01-21 02:00:00,13203.0
2014-01-21 03:00:00,12523.0
2014-01-21 04:00:00,13037.0
2014-01-21 05:00:00,14709.0
2014-01-21 06:00:00,16834.0
2014-01-21 07:00:00,18379.0
2014-01-21 08:00:00,19892.0
2014-01-21 09:00:00,27296.0
2014-01-21 10:00:00,27951.0
2014-01-21 11:00:00,28775.0
2014-01-21 12:00:00,28329.0
2014-01-21 13:00:00,28456.0
2014-01-21 14:00:00,28102.0
2014-01-21 15:00:00,28078.0
2014-01-21 16:00:00,28691.0
2014-01-21 17:00:00,29591.0
2014-01-21 18:00:00,30430.0
2014-01-21 19:00:00,30279.0
2014-01-21 20:00:00,29801.0
2014-01-21 21:00:00,28833.0
2014-01-21 22:00:00,26388.0
2014-01-21 23:00:00,19893.0
2014-01-22 00:00:00,15860.0
2014-01-22 01:00:00,13590.0
2014-01-22 02:00:00,13263.0
2014-01-22 03:00:00,12993.0
2014-01-22 04:00:00,13766.0
2014-01-22 05:00:00,14951.0
2014-01-22 06:00:00,17313.0
2014-01-22 07:00:00,19170.0
2014-01-22 08:00:00,20539.0
2014-01-22 09:00:00,27952.0
2014-01-22 10:00:00,29616.0
2014-01-22 11:00:00,29145.0
2014-01-22 12:00:00,28942.0
2014-01-22 13:00:00,29019.0
2014-01-22 14:00:00,28111.0
2014-01-22 15:00:00,27313.0
2014-01-22 16:00:00,28043.0
2014-01-22 17:00:00,28506.0
2014-01-22 18:00:00,29716.0
2014-01-22 19:00:00,29245.0
2014-01-22 20:00:00,28683.0
2014-01-22 21:00:00,27338.0
2014-01-22 22:00:00,24993.0
2014-01-22 23:00:00,19498.0
2014-01-23 00:00:00,15700.0
2014-01-23 01:00:00,13380.0
2014-01-23 02:00:00,12632.0
2014-01-23 03:00:00,12422.0
2014-01-23 04:00:00,12902.0
2014-01-23 05:00:00,14480.0
2014-01-23 06:00:00,16666.0
2014-01-23 07:00:00,18431.0
2014-01-23 08:00:00,20213.0
2014-01-23 09:00:00,27691.0
2014-01-23 10:00:00,28800.0
2014-01-23 11:00:00,29934.0
2014-01-23 12:00:00,29507.0
2014-01-23 13:00:00,29481.0
2014-01-23 14:00:00,29314.0
2014-01-23 15:00:00,28128.0
2014-01-23 16:00:00,28868.0
2014-01-23 17:00:00,29355.0
2014-01-23 18:00:00,30028.0
2014-01-23 19:00:00,30035.0
2014-01-23 20:00:00,29758.0
2014-01-23 21:00:00,28893.0
2014-01-23 22:00:00,25464.0
2014-01-23 23:00:00,19734.0
2014-01-24 00:00:00,15860.0
2014-01-24 01:00:00,13279.0
2014-01-24 02:00:00,12683.0
2014-01-24 03:00:00,12389.0
2014-01-24 04:00:00,13003.0
2014-01-24 05:00:00,14490.0
2014-01-24 06:00:00,16364.0
2014-01-24 07:00:00,18415.0
2014-01-24 08:00:00,21170.0
2014-01-24 09:00:00,28497.0
2014-01-24 10:00:00,28733.0
2014-01-24 11:00:00,28606.0
2014-01-24 12:00:00,28725.0
2014-01-24 13:00:00,28111.0
2014-01-24 14:00:00,28321.0
2014-01-24 15:00:00,28270.0
2014-01-24 16:00:00,28809.0
2014-01-24 17:00:00,28917.0
2014-01-24 18:00:00,30381.0
2014-01-24 19:00:00,29388.0
2014-01-24 20:00:00,29969.0
2014-01-24 21:00:00,28791.0
2014-01-24 22:00:00,26599.0
2014-01-24 23:00:00,25532.0
2014-01-25 00:00:00,19617.0
2014-01-25 01:00:00,13919.0
2014-01-25 02:00:00,13514.0
2014-01-25 03:00:00,13237.0
2014-01-25 04:00:00,13674.0
2014-01-25 05:00:00,14893.0
2014-01-25 06:00:00,16951.0
2014-01-25 07:00:00,19178.0
2014-01-25 08:00:00,21254.0
2014-01-25 09:00:00,27641.0
2014-01-25 10:00:00,28515.0
2014-01-25 11:00:00,28809.0
2014-01-25 12:00:00,29069.0
2014-01-25 13:00:00,28321.0
2014-01-25 14:00:00,28279.0
2014-01-25 15:00:00,27717.0
2014-01-25 16:00:00,28035.0
2014-01-25 17:00:00,28590.0
2014-01-25 18:00:00,30051.0
2014-01-25 19:00:00,30069.0
2014-01-25 20:00:00,29977.0
2014-01-25 21:00:00,29288.0
2014-01-25 22:00:00,27002.0
2014-01-25 23:00:00,25136.0
2014-01-26 00:00:00,20993.0
2014-01-26 01:00:00,15338.0
2014-01-26 02:00:00,14396.0
2014-01-26 03:00:00,13623.0
2014-01-26 04:00:00,14095.0
2014-01-26 05:00:00,15304.0
2014-01-26 06:00:00,17791.0
2014-01-26 07:00:00,19279.0
2014-01-26 08:00:00,20758.0
2014-01-26 09:00:00,27581.0
2014-01-26 10:00:00,28565.0
2014-01-26 11:00:00,28935.0
2014-01-26 12:00:00,28691.0
2014-01-26 13:00:00,28456.0
2014-01-26 14:00:00,28700.0
2014-01-26 15:00:00,27489.0
2014-01-26 16:00:00,27910.0
2014-01-26 17:00:00,28456.0
2014-01-26 18:00:00,29598.0
2014-01-26 19:00:00,29322.0
2014-01-26 20:00:00,29690.0
2014-01-26 21:00:00,28960.0
2014-01-26 22:00:00,26280.0
2014-01-26 23:00:00,20532.0
2014-01-27 00:00:00,16952.0
2014-01-27 01:00:00,13750.0
2014-01-27 02:00:00,13515.0
2014-01-27 03:00:00,12784.0
2014-01-27 04:00:00,13355.0
2014-01-27 05:00:00,14742.0
2014-01-27 06:00:00,16893.0
2014-01-27 07:00:00,18650.0
2014-01-27 08:00:00,20607.0
2014-01-27 09:00:00,28204.0
2014-01-27 10:00:00,28708.0
2014-01-27 11:00:00,27909.0
2014-01-27 12:00:00,27825.0
2014-01-27 13:00:00,27969.0
2014-01-27 14:00:00,28229.0
2014-01-27 15:00:00,27321.0
2014-01-27 16:00:00,27818.0
2014-01-27 17:00:00,28893.0
2014-01-27 18:00:00,29623.0
2014-01-27 19:00:00,29574.0
2014-01-27 20:00:00,29313.0
2014-01-27 21:00:00,27540.0
2014-01-27 22:00:00,25885.0
2014-01-27 23:00:00,20944.0
2014-01-28 00:00:00,17212.0
2014-01-28 01:00:00,14716.0
2014-01-28 02:00:00,13397.0
2014-01-28 03:00:00,12583.0
2014-01-28 04:00:00,13019.0
2014-01-28 05:00:00,14599.0
2014-01-28 06:00:00,16472.0
2014-01-28 07:00:00,18247.0
2014-01-28 08:00:00,19959.0
2014-01-28 09:00:00,27103.0
2014-01-28 10:00:00,28523.0
2014-01-28 11:00:00,28463.0
2014-01-28 12:00:00,28825.0
2014-01-28 13:00:00,28943.0
2014-01-28 14:00:00,27927.0
2014-01-28 15:00:00,27934.0
2014-01-28 16:00:00,27724.0
2014-01-28 17:00:00,28548.0
2014-01-28 18:00:00,29380.0
2014-01-28 19:00:00,29111.0
2014-01-28 20:00:00,29380.0
2014-01-28 21:00:00,27875.0
2014-01-28 22:00:00,26254.0
2014-01-28 23:00:00,20262.0
2014-01-29 00:00:00,15742.0
2014-01-29 01:00:00,13094.0
2014-01-29 02:00:00,12355.0
2014-01-29 03:00:00,12346.0
2014-01-29 04:00:00,12398.0
2014-01-29 05:00:00,13910.0
2014-01-29 06:00:00,15330.0
2014-01-29 07:00:00,17027.0
2014-01-29 08:00:00,18935.0
2014-01-29 09:00:00,27304.0
2014-01-29 10:00:00,27935.0
2014-01-29 11:00:00,28548.0
2014-01-29 12:00:00,29001.0
2014-01-29 13:00:00,29094.0
2014-01-29 14:00:00,29019.0
2014-01-29 15:00:00,28372.0
2014-01-29 16:00:00,28085.0
2014-01-29 17:00:00,28145.0
2014-01-29 18:00:00,28909.0
2014-01-29 19:00:00,28540.0
2014-01-29 20:00:00,28775.0
2014-01-29 21:00:00,27077.0
2014-01-29 22:00:00,25607.0
2014-01-29 23:00:00,20002.0
2014-01-30 00:00:00,15053.0
2014-01-30 01:00:00,12524.0
2014-01-30 02:00:00,12262.0
2014-01-30 03:00:00,11951.0
2014-01-30 04:00:00,12506.0
2014-01-30 05:00:00,14053.0
2014-01-30 06:00:00,15994.0
2014-01-30 07:00:00,17784.0
2014-01-30 08:00:00,19405.0
2014-01-30 09:00:00,27094.0
2014-01-30 10:00:00,27952.0
2014-01-30 11:00:00,28867.0
2014-01-30 12:00:00,28658.0
2014-01-30 13:00:00,29087.0
2014-01-30 14:00:00,28532.0
2014-01-30 15:00:00,28556.0
2014-01-30 16:00:00,28775.0
2014-01-30 17:00:00,29195.0
2014-01-30 18:00:00,30338.0
2014-01-30 19:00:00,29918.0
2014-01-30 20:00:00,29607.0
2014-01-30 21:00:00,28228.0
2014-01-30 22:00:00,26464.0
2014-01-30 23:00:00,20271.0
2014-01-31 00:00:00,16783.0
2014-01-31 01:00:00,13759.0
2014-01-31 02:00:00,13355.0
2014-01-31 03:00:00,12766.0
2014-01-31 04:00:00,13304.0
2014-01-31 05:00:00,14808.0
2014-01-31 06:00:00,16868.0
2014-01-31 07:00:00,17093.0
2014-01-31 08:00:00,21674.0
2014-01-31 09:00:00,28600.0
2014-01-31 10:00:00,29465.0
2014-01-31 11:00:00,29372.0
2014-01-31 12:00:00,29784.0
2014-01-31 13:00:00,30766.0
2014-01-31 14:00:00,30590.0
2014-01-31 15:00:00,29658.0
2014-01-31 16:00:00,30237.0
2014-01-31 17:00:00,30641.0
2014-01-31 18:00:00,30582.0
2014-01-31 19:00:00,30674.0
2014-01-31 20:00:00,29850.0
2014-01-31 21:00:00,28481.0
2014-01-31 22:00:00,26431.0
2014-01-31 23:00:00,24969.0
2014-02-01 00:00:00,20053.0
2014-02-01 01:00:00,14347.0
2014-02-01 02:00:00,13480.0
2014-02-01 03:00:00,12977.0
2014-02-01 04:00:00,13464.0
2014-02-01 05:00:00,14640.0
2014-02-01 06:00:00,16389.0
2014-02-01 07:00:00,17943.0
2014-02-01 08:00:00,19842.0
2014-02-01 09:00:00,26893.0
2014-02-01 10:00:00,27582.0
2014-02-01 11:00:00,27959.0
2014-02-01 12:00:00,28255.0
2014-02-01 13:00:00,28086.0
2014-02-01 14:00:00,27304.0
2014-02-01 15:00:00,27212.0
2014-02-01 16:00:00,26808.0
2014-02-01 17:00:00,27253.0
2014-02-01 18:00:00,28708.0
2014-02-01 19:00:00,28532.0
2014-02-01 20:00:00,28347.0
2014-02-01 21:00:00,27380.0
2014-02-01 22:00:00,25061.0
2014-02-01 23:00:00,23532.0
2014-02-02 00:00:00,18179.0
2014-02-02 01:00:00,13624.0
2014-02-02 02:00:00,13077.0
2014-02-02 03:00:00,12843.0
2014-02-02 04:00:00,12926.0
2014-02-02 05:00:00,14187.0
2014-02-02 06:00:00,15733.0
2014-02-02 07:00:00,17431.0
2014-02-02 08:00:00,19934.0
2014-02-02 09:00:00,26641.0
2014-02-02 10:00:00,26968.0
2014-02-02 11:00:00,27464.0
2014-02-02 12:00:00,27758.0
2014-02-02 13:00:00,26582.0
2014-02-02 14:00:00,26532.0
2014-02-02 15:00:00,26557.0
2014-02-02 16:00:00,26482.0
2014-02-02 17:00:00,27321.0
2014-02-02 18:00:00,28590.0
2014-02-02 19:00:00,28145.0
2014-02-02 20:00:00,28212.0
2014-02-02 21:00:00,27741.0
2014-02-02 22:00:00,26556.0
2014-02-02 23:00:00,19304.0
2014-02-03 00:00:00,15380.0
2014-02-03 01:00:00,12943.0
2014-02-03 02:00:00,11951.0
2014-02-03 03:00:00,11783.0
2014-02-03 04:00:00,12371.0
2014-02-03 05:00:00,13354.0
2014-02-03 06:00:00,16304.0
2014-02-03 07:00:00,17935.0
2014-02-03 08:00:00,20094.0
2014-02-03 09:00:00,27843.0
2014-02-03 10:00:00,28112.0
2014-02-03 11:00:00,27951.0
2014-02-03 12:00:00,28818.0
2014-02-03 13:00:00,28422.0
2014-02-03 14:00:00,28002.0
2014-02-03 15:00:00,27976.0
2014-02-03 16:00:00,28910.0
2014-02-03 17:00:00,29002.0
2014-02-03 18:00:00,29675.0
2014-02-03 19:00:00,29389.0
2014-02-03 20:00:00,28951.0
2014-02-03 21:00:00,27421.0
2014-02-03 22:00:00,26346.0
2014-02-03 23:00:00,18750.0
2014-02-04 00:00:00,15110.0
2014-02-04 01:00:00,12893.0
2014-02-04 02:00:00,12649.0
2014-02-04 03:00:00,12531.0
2014-02-04 04:00:00,12994.0
2014-02-04 05:00:00,14035.0
2014-02-04 06:00:00,17304.0
2014-02-04 07:00:00,19472.0
2014-02-04 08:00:00,21036.0
2014-02-04 09:00:00,27775.0
2014-02-04 10:00:00,28708.0
2014-02-04 11:00:00,29246.0
2014-02-04 12:00:00,29447.0
2014-02-04 13:00:00,28632.0
2014-02-04 14:00:00,28558.0
2014-02-04 15:00:00,29112.0
2014-02-04 16:00:00,29774.0
2014-02-04 17:00:00,30002.0
2014-02-04 18:00:00,30380.0
2014-02-04 19:00:00,29557.0
2014-02-04 20:00:00,29591.0
2014-02-04 21:00:00,28287.0
2014-02-04 22:00:00,26565.0
2014-02-04 23:00:00,20203.0
2014-02-05 00:00:00,16346.0
2014-02-05 01:00:00,13531.0
2014-02-05 02:00:00,12835.0
2014-02-05 03:00:00,12238.0
2014-02-05 04:00:00,12557.0
2014-02-05 05:00:00,13926.0
2014-02-05 06:00:00,16985.0
2014-02-05 07:00:00,18482.0
2014-02-05 08:00:00,20968.0
2014-02-05 09:00:00,28254.0
2014-02-05 10:00:00,28876.0
2014-02-05 11:00:00,29228.0
2014-02-05 12:00:00,29539.0
2014-02-05 13:00:00,29952.0
2014-02-05 14:00:00,29222.0
2014-02-05 15:00:00,28835.0
2014-02-05 16:00:00,29432.0
2014-02-05 17:00:00,29590.0
2014-02-05 18:00:00,30515.0
2014-02-05 19:00:00,29876.0
2014-02-05 20:00:00,30137.0
2014-02-05 21:00:00,28288.0
2014-02-05 22:00:00,26153.0
2014-02-05 23:00:00,20355.0
2014-02-06 00:00:00,16716.0
2014-02-06 01:00:00,14069.0
2014-02-06 02:00:00,13992.0
2014-02-06 03:00:00,13304.0
2014-02-06 04:00:00,13867.0
2014-02-06 05:00:00,15069.0
2014-02-06 06:00:00,17985.0
2014-02-06 07:00:00,19565.0
2014-02-06 08:00:00,21204.0
2014-02-06 09:00:00,28683.0
2014-02-06 10:00:00,29548.0
2014-02-06 11:00:00,29379.0
2014-02-06 12:00:00,29649.0
2014-02-06 13:00:00,29817.0
2014-02-06 14:00:00,30129.0
2014-02-06 15:00:00,29270.0
2014-02-06 16:00:00,29238.0
2014-02-06 17:00:00,30221.0
2014-02-06 18:00:00,29641.0
2014-02-06 19:00:00,29053.0
2014-02-06 20:00:00,29254.0
2014-02-06 21:00:00,27547.0
2014-02-06 22:00:00,25969.0
2014-02-06 23:00:00,19077.0
2014-02-07 00:00:00,14128.0
2014-02-07 01:00:00,12733.0
2014-02-07 02:00:00,14060.0
2014-02-07 03:00:00,12969.0
2014-02-07 04:00:00,13540.0
2014-02-07 05:00:00,14892.0
2014-02-07 06:00:00,18549.0
2014-02-07 07:00:00,20430.0
2014-02-07 08:00:00,22103.0
2014-02-07 09:00:00,28800.0
2014-02-07 10:00:00,29675.0
2014-02-07 11:00:00,29984.0
2014-02-07 12:00:00,29649.0
2014-02-07 13:00:00,29170.0
2014-02-07 14:00:00,29548.0
2014-02-07 15:00:00,28178.0
2014-02-07 16:00:00,28792.0
2014-02-07 17:00:00,29095.0
2014-02-07 18:00:00,30775.0
2014-02-07 19:00:00,30389.0
2014-02-07 20:00:00,30161.0
2014-02-07 21:00:00,28245.0
2014-02-07 22:00:00,27161.0
2014-02-07 23:00:00,25363.0
2014-02-08 00:00:00,19422.0
2014-02-08 01:00:00,14943.0
2014-02-08 02:00:00,14347.0
2014-02-08 03:00:00,13876.0
2014-02-08 04:00:00,14549.0
2014-02-08 05:00:00,15776.0
2014-02-08 06:00:00,18003.0
2014-02-08 07:00:00,20287.0
2014-02-08 08:00:00,21776.0
2014-02-08 09:00:00,27725.0
2014-02-08 10:00:00,27942.0
2014-02-08 11:00:00,28052.0
2014-02-08 12:00:00,28321.0
2014-02-08 13:00:00,28682.0
2014-02-08 14:00:00,27951.0
2014-02-08 15:00:00,26892.0
2014-02-08 16:00:00,27221.0
2014-02-08 17:00:00,27708.0
2014-02-08 18:00:00,28901.0
2014-02-08 19:00:00,28927.0
2014-02-08 20:00:00,29070.0
2014-02-08 21:00:00,28304.0
2014-02-08 22:00:00,26615.0
2014-02-08 23:00:00,24901.0
2014-02-09 00:00:00,19355.0
2014-02-09 01:00:00,14591.0
2014-02-09 02:00:00,13549.0
2014-02-09 03:00:00,12994.0
2014-02-09 04:00:00,13800.0
2014-02-09 05:00:00,14968.0
2014-02-09 06:00:00,16868.0
2014-02-09 07:00:00,18120.0
2014-02-09 08:00:00,20364.0
2014-02-09 09:00:00,26254.0
2014-02-09 10:00:00,27229.0
2014-02-09 11:00:00,27254.0
2014-02-09 12:00:00,27337.0
2014-02-09 13:00:00,27346.0
2014-02-09 14:00:00,27456.0
2014-02-09 15:00:00,27170.0
2014-02-09 16:00:00,28169.0
2014-02-09 17:00:00,28111.0
2014-02-09 18:00:00,28960.0
2014-02-09 19:00:00,28876.0
2014-02-09 20:00:00,28557.0
2014-02-09 21:00:00,27069.0
2014-02-09 22:00:00,25759.0
2014-02-09 23:00:00,19246.0
2014-02-10 00:00:00,15489.0
2014-02-10 01:00:00,13431.0
2014-02-10 02:00:00,12556.0
2014-02-10 03:00:00,12388.0
2014-02-10 04:00:00,12791.0
2014-02-10 05:00:00,14204.0
2014-02-10 06:00:00,16994.0
2014-02-10 07:00:00,18145.0
2014-02-10 08:00:00,19986.0
2014-02-10 09:00:00,27842.0
2014-02-10 10:00:00,27809.0
2014-02-10 11:00:00,28691.0
2014-02-10 12:00:00,28616.0
2014-02-10 13:00:00,28691.0
2014-02-10 14:00:00,28279.0
2014-02-10 15:00:00,27700.0
2014-02-10 16:00:00,28716.0
2014-02-10 17:00:00,28280.0
2014-02-10 18:00:00,29488.0
2014-02-10 19:00:00,29598.0
2014-02-10 20:00:00,29086.0
2014-02-10 21:00:00,28565.0
2014-02-10 22:00:00,27372.0
2014-02-10 23:00:00,21195.0
2014-02-11 00:00:00,17161.0
2014-02-11 01:00:00,14961.0
2014-02-11 02:00:00,13565.0
2014-02-11 03:00:00,12363.0
2014-02-11 04:00:00,12582.0
2014-02-11 05:00:00,13919.0
2014-02-11 06:00:00,16732.0
2014-02-11 07:00:00,18540.0
2014-02-11 08:00:00,20061.0
2014-02-11 09:00:00,27994.0
2014-02-11 10:00:00,28716.0
2014-02-11 11:00:00,28960.0
2014-02-11 12:00:00,29380.0
2014-02-11 13:00:00,29607.0
2014-02-11 14:00:00,29095.0
2014-02-11 15:00:00,27129.0
2014-02-11 16:00:00,29356.0
2014-02-11 17:00:00,28841.0
2014-02-11 18:00:00,29750.0
2014-02-11 19:00:00,29708.0
2014-02-11 20:00:00,29413.0
2014-02-11 21:00:00,28355.0
2014-02-11 22:00:00,26741.0
2014-02-11 23:00:00,18716.0
2014-02-12 00:00:00,13455.0
2014-02-12 01:00:00,11279.0
2014-02-12 02:00:00,10817.0
2014-02-12 03:00:00,13170.0
2014-02-12 04:00:00,14221.0
2014-02-12 05:00:00,14431.0
2014-02-12 06:00:00,15976.0
2014-02-12 07:00:00,19271.0
2014-02-12 08:00:00,21044.0
2014-02-12 09:00:00,28632.0
2014-02-12 10:00:00,29405.0
2014-02-12 11:00:00,28985.0
2014-02-12 12:00:00,28675.0
2014-02-12 13:00:00,29623.0
2014-02-12 14:00:00,29818.0
2014-02-12 15:00:00,29415.0
2014-02-12 16:00:00,29809.0
2014-02-12 17:00:00,30035.0
2014-02-12 18:00:00,30271.0
2014-02-12 19:00:00,30052.0
2014-02-12 20:00:00,29364.0
2014-02-12 21:00:00,28389.0
2014-02-12 22:00:00,26346.0
2014-02-12 23:00:00,20137.0
2014-02-13 00:00:00,16716.0
2014-02-13 01:00:00,14775.0
2014-02-13 02:00:00,14455.0
2014-02-13 03:00:00,14010.0
2014-02-13 04:00:00,14657.0
2014-02-13 05:00:00,15413.0
2014-02-13 06:00:00,17817.0
2014-02-13 07:00:00,19666.0
2014-02-13 08:00:00,20993.0
2014-02-13 09:00:00,28440.0
2014-02-13 10:00:00,29490.0
2014-02-13 11:00:00,29137.0
2014-02-13 12:00:00,29245.0
2014-02-13 13:00:00,29321.0
2014-02-13 14:00:00,29944.0
2014-02-13 15:00:00,29431.0
2014-02-13 16:00:00,29641.0
2014-02-13 17:00:00,29414.0
2014-02-13 18:00:00,31170.0
2014-02-13 19:00:00,30842.0
2014-02-13 20:00:00,30497.0
2014-02-13 21:00:00,29421.0
2014-02-13 22:00:00,27271.0
2014-02-13 23:00:00,21263.0
2014-02-14 00:00:00,17153.0
2014-02-14 01:00:00,14002.0
2014-02-14 02:00:00,13438.0
2014-02-14 03:00:00,13003.0
2014-02-14 04:00:00,13783.0
2014-02-14 05:00:00,14498.0
2014-02-14 06:00:00,17313.0
2014-02-14 07:00:00,19674.0
2014-02-14 08:00:00,22019.0
2014-02-14 09:00:00,28960.0
2014-02-14 10:00:00,30280.0
2014-02-14 11:00:00,29623.0
2014-02-14 12:00:00,29959.0
2014-02-14 13:00:00,29944.0
2014-02-14 14:00:00,29514.0
2014-02-14 15:00:00,28052.0
2014-02-14 16:00:00,28456.0
2014-02-14 17:00:00,29027.0
2014-02-14 18:00:00,29774.0
2014-02-14 19:00:00,29834.0
2014-02-14 20:00:00,30061.0
2014-02-14 21:00:00,28464.0
2014-02-14 22:00:00,27296.0
2014-02-14 23:00:00,25060.0
2014-02-15 00:00:00,19354.0
2014-02-15 01:00:00,14211.0
2014-02-15 02:00:00,13497.0
2014-02-15 03:00:00,13145.0
2014-02-15 04:00:00,13623.0
2014-02-15 05:00:00,14053.0
2014-02-15 06:00:00,16170.0
2014-02-15 07:00:00,17927.0
2014-02-15 08:00:00,20162.0
2014-02-15 09:00:00,26994.0
2014-02-15 10:00:00,27548.0
2014-02-15 11:00:00,27918.0
2014-02-15 12:00:00,28079.0
2014-02-15 13:00:00,27732.0
2014-02-15 14:00:00,26758.0
2014-02-15 15:00:00,26775.0
2014-02-15 16:00:00,26506.0
2014-02-15 17:00:00,26892.0
2014-02-15 18:00:00,27910.0
2014-02-15 19:00:00,28691.0
2014-02-15 20:00:00,29304.0
2014-02-15 21:00:00,28607.0
2014-02-15 22:00:00,26901.0
2014-02-15 23:00:00,24817.0
2014-02-16 00:00:00,19095.0
2014-02-16 01:00:00,13599.0
2014-02-16 02:00:00,12750.0
2014-02-16 03:00:00,12381.0
2014-02-16 04:00:00,12867.0
2014-02-16 05:00:00,13363.0
2014-02-16 06:00:00,15246.0
2014-02-16 07:00:00,17380.0
2014-02-16 08:00:00,19531.0
2014-02-16 09:00:00,25539.0
2014-02-16 10:00:00,25901.0
2014-02-16 11:00:00,26338.0
2014-02-16 12:00:00,27094.0
2014-02-16 13:00:00,27750.0
2014-02-16 14:00:00,27472.0
2014-02-16 15:00:00,26490.0
2014-02-16 16:00:00,27178.0
2014-02-16 17:00:00,27246.0
2014-02-16 18:00:00,27919.0
2014-02-16 19:00:00,28507.0
2014-02-16 20:00:00,28405.0
2014-02-16 21:00:00,27187.0
2014-02-16 22:00:00,25515.0
2014-02-16 23:00:00,18775.0
2014-02-17 00:00:00,15590.0
2014-02-17 01:00:00,13211.0
2014-02-17 02:00:00,12784.0
2014-02-17 03:00:00,12196.0
2014-02-17 04:00:00,12775.0
2014-02-17 05:00:00,13195.0
2014-02-17 06:00:00,15716.0
2014-02-17 07:00:00,17935.0
2014-02-17 08:00:00,19775.0
2014-02-17 09:00:00,27825.0
2014-02-17 10:00:00,28128.0
2014-02-17 11:00:00,28876.0
2014-02-17 12:00:00,28952.0
2014-02-17 13:00:00,28439.0
2014-02-17 14:00:00,28481.0
2014-02-17 15:00:00,27834.0
2014-02-17 16:00:00,28136.0
2014-02-17 17:00:00,28162.0
2014-02-17 18:00:00,29347.0
2014-02-17 19:00:00,29455.0
2014-02-17 20:00:00,29061.0
2014-02-17 21:00:00,27968.0
2014-02-17 22:00:00,26347.0
2014-02-17 23:00:00,20725.0
2014-02-18 00:00:00,16883.0
2014-02-18 01:00:00,13817.0
2014-02-18 02:00:00,12733.0
2014-02-18 03:00:00,12574.0
2014-02-18 04:00:00,13078.0
2014-02-18 05:00:00,13590.0
2014-02-18 06:00:00,15800.0
2014-02-18 07:00:00,18238.0
2014-02-18 08:00:00,20440.0
2014-02-18 09:00:00,28371.0
2014-02-18 10:00:00,28952.0
2014-02-18 11:00:00,28775.0
2014-02-18 12:00:00,29086.0
2014-02-18 13:00:00,28850.0
2014-02-18 14:00:00,28238.0
2014-02-18 15:00:00,28237.0
2014-02-18 16:00:00,28683.0
2014-02-18 17:00:00,27919.0
2014-02-18 18:00:00,28860.0
2014-02-18 19:00:00,29489.0
2014-02-18 20:00:00,29547.0
2014-02-18 21:00:00,28304.0
2014-02-18 22:00:00,26380.0
2014-02-18 23:00:00,20027.0
2014-02-19 00:00:00,16086.0
2014-02-19 01:00:00,14086.0
2014-02-19 02:00:00,13439.0
2014-02-19 03:00:00,12648.0
2014-02-19 04:00:00,12892.0
2014-02-19 05:00:00,13506.0
2014-02-19 06:00:00,15422.0
2014-02-19 07:00:00,18516.0
2014-02-19 08:00:00,20221.0
2014-02-19 09:00:00,28371.0
2014-02-19 10:00:00,29414.0
2014-02-19 11:00:00,28885.0
2014-02-19 12:00:00,29456.0
2014-02-19 13:00:00,29715.0
2014-02-19 14:00:00,28633.0
2014-02-19 15:00:00,28599.0
2014-02-19 16:00:00,28775.0
2014-02-19 17:00:00,28977.0
2014-02-19 18:00:00,29371.0
2014-02-19 19:00:00,29842.0
2014-02-19 20:00:00,29758.0
2014-02-19 21:00:00,28388.0
2014-02-19 22:00:00,27053.0
2014-02-19 23:00:00,21178.0
2014-02-20 00:00:00,16498.0
2014-02-20 01:00:00,13876.0
2014-02-20 02:00:00,13305.0
2014-02-20 03:00:00,13053.0
2014-02-20 04:00:00,13675.0
2014-02-20 05:00:00,14247.0
2014-02-20 06:00:00,16448.0
2014-02-20 07:00:00,19313.0
2014-02-20 08:00:00,21228.0
2014-02-20 09:00:00,28716.0
2014-02-20 10:00:00,29598.0
2014-02-20 11:00:00,29128.0
2014-02-20 12:00:00,29178.0
2014-02-20 13:00:00,29456.0
2014-02-20 14:00:00,28994.0
2014-02-20 15:00:00,28465.0
2014-02-20 16:00:00,28270.0
2014-02-20 17:00:00,28900.0
2014-02-20 18:00:00,29439.0
2014-02-20 19:00:00,30498.0
2014-02-20 20:00:00,30372.0
2014-02-20 21:00:00,29002.0
2014-02-20 22:00:00,26019.0
2014-02-20 23:00:00,19792.0
2014-02-21 00:00:00,16179.0
2014-02-21 01:00:00,13910.0
2014-02-21 02:00:00,13633.0
2014-02-21 03:00:00,13095.0
2014-02-21 04:00:00,13683.0
2014-02-21 05:00:00,14229.0
2014-02-21 06:00:00,15766.0
2014-02-21 07:00:00,18464.0
2014-02-21 08:00:00,20498.0
2014-02-21 09:00:00,27724.0
2014-02-21 10:00:00,28590.0
2014-02-21 11:00:00,28700.0
2014-02-21 12:00:00,28557.0
2014-02-21 13:00:00,29271.0
2014-02-21 14:00:00,29179.0
2014-02-21 15:00:00,28539.0
2014-02-21 16:00:00,28043.0
2014-02-21 17:00:00,28717.0
2014-02-21 18:00:00,29228.0
2014-02-21 19:00:00,29791.0
2014-02-21 20:00:00,29859.0
2014-02-21 21:00:00,28388.0
2014-02-21 22:00:00,26590.0
2014-02-21 23:00:00,24329.0
2014-02-22 00:00:00,18867.0
2014-02-22 01:00:00,13825.0
2014-02-22 02:00:00,13363.0
2014-02-22 03:00:00,12666.0
2014-02-22 04:00:00,13590.0
2014-02-22 05:00:00,14212.0
2014-02-22 06:00:00,15766.0
2014-02-22 07:00:00,18506.0
2014-02-22 08:00:00,21388.0
2014-02-22 09:00:00,27784.0
2014-02-22 10:00:00,28675.0
2014-02-22 11:00:00,29414.0
2014-02-22 12:00:00,29229.0
2014-02-22 13:00:00,28943.0
2014-02-22 14:00:00,28801.0
2014-02-22 15:00:00,27885.0
2014-02-22 16:00:00,28238.0
2014-02-22 17:00:00,28304.0
2014-02-22 18:00:00,29371.0
2014-02-22 19:00:00,30380.0
2014-02-22 20:00:00,30028.0
2014-02-22 21:00:00,29398.0
2014-02-22 22:00:00,28162.0
2014-02-22 23:00:00,25565.0
2014-02-23 00:00:00,20229.0
2014-02-23 01:00:00,14523.0
2014-02-23 02:00:00,14188.0
2014-02-23 03:00:00,13397.0
2014-02-23 04:00:00,14128.0
2014-02-23 05:00:00,14313.0
2014-02-23 06:00:00,16843.0
2014-02-23 07:00:00,18885.0
2014-02-23 08:00:00,21767.0
2014-02-23 09:00:00,27683.0
2014-02-23 10:00:00,28329.0
2014-02-23 11:00:00,28851.0
2014-02-23 12:00:00,28724.0
2014-02-23 13:00:00,28851.0
2014-02-23 14:00:00,28675.0
2014-02-23 15:00:00,28018.0
2014-02-23 16:00:00,28506.0
2014-02-23 17:00:00,28296.0
2014-02-23 18:00:00,28675.0
2014-02-23 19:00:00,29481.0
2014-02-23 20:00:00,29211.0
2014-02-23 21:00:00,28228.0
2014-02-23 22:00:00,26296.0
2014-02-23 23:00:00,19481.0
2014-02-24 00:00:00,16667.0
2014-02-24 01:00:00,14607.0
2014-02-24 02:00:00,13834.0
2014-02-24 03:00:00,13338.0
2014-02-24 04:00:00,14363.0
2014-02-24 05:00:00,14943.0
2014-02-24 06:00:00,16901.0
2014-02-24 07:00:00,18641.0
2014-02-24 08:00:00,20994.0
2014-02-24 09:00:00,28749.0
2014-02-24 10:00:00,29456.0
2014-02-24 11:00:00,30179.0
2014-02-24 12:00:00,29472.0
2014-02-24 13:00:00,29473.0
2014-02-24 14:00:00,28582.0
2014-02-24 15:00:00,28238.0
2014-02-24 16:00:00,28691.0
2014-02-24 17:00:00,28598.0
2014-02-24 18:00:00,29514.0
2014-02-24 19:00:00,29380.0
2014-02-24 20:00:00,29002.0
2014-02-24 21:00:00,27801.0
2014-02-24 22:00:00,25666.0
2014-02-24 23:00:00,19573.0
2014-02-25 00:00:00,17918.0
2014-02-25 01:00:00,14506.0
2014-02-25 02:00:00,13675.0
2014-02-25 03:00:00,13363.0
2014-02-25 04:00:00,14288.0
2014-02-25 05:00:00,15237.0
2014-02-25 06:00:00,17389.0
2014-02-25 07:00:00,19011.0
2014-02-25 08:00:00,21413.0
2014-02-25 09:00:00,28934.0
2014-02-25 10:00:00,29237.0
2014-02-25 11:00:00,28825.0
2014-02-25 12:00:00,29716.0
2014-02-25 13:00:00,29598.0
2014-02-25 14:00:00,29212.0
2014-02-25 15:00:00,28312.0
2014-02-25 16:00:00,29262.0
2014-02-25 17:00:00,29195.0
2014-02-25 18:00:00,29548.0
2014-02-25 19:00:00,30145.0
2014-02-25 20:00:00,29675.0
2014-02-25 21:00:00,28801.0
2014-02-25 22:00:00,25817.0
2014-02-25 23:00:00,21095.0
2014-02-26 00:00:00,17733.0
2014-02-26 01:00:00,14918.0
2014-02-26 02:00:00,14381.0
2014-02-26 03:00:00,13355.0
2014-02-26 04:00:00,13591.0
2014-02-26 05:00:00,14960.0
2014-02-26 06:00:00,16943.0
2014-02-26 07:00:00,18977.0
2014-02-26 08:00:00,21902.0
2014-02-26 09:00:00,29254.0
2014-02-26 10:00:00,30230.0
2014-02-26 11:00:00,30682.0
2014-02-26 12:00:00,29851.0
2014-02-26 13:00:00,28986.0
2014-02-26 14:00:00,30044.0
2014-02-26 15:00:00,30061.0
2014-02-26 16:00:00,29750.0
2014-02-26 17:00:00,30489.0
2014-02-26 18:00:00,30381.0
2014-02-26 19:00:00,30910.0
2014-02-26 20:00:00,30632.0
2014-02-26 21:00:00,29757.0
2014-02-26 22:00:00,26909.0
2014-02-26 23:00:00,21128.0
2014-02-27 00:00:00,17591.0
2014-02-27 01:00:00,14766.0
2014-02-27 02:00:00,14203.0
2014-02-27 03:00:00,13961.0
2014-02-27 04:00:00,14414.0
2014-02-27 05:00:00,15539.0
2014-02-27 06:00:00,17607.0
2014-02-27 07:00:00,19608.0
2014-02-27 08:00:00,21818.0
2014-02-27 09:00:00,27733.0
2014-02-27 10:00:00,29708.0
2014-02-27 11:00:00,28406.0
2014-02-27 12:00:00,29893.0
2014-02-27 13:00:00,30767.0
2014-02-27 14:00:00,30204.0
2014-02-27 15:00:00,29682.0
2014-02-27 16:00:00,30314.0
2014-02-27 17:00:00,29624.0
2014-02-27 18:00:00,29698.0
2014-02-27 19:00:00,30212.0
2014-02-27 20:00:00,30229.0
2014-02-27 21:00:00,29347.0
2014-02-27 22:00:00,26137.0
2014-02-27 23:00:00,21415.0
2014-02-28 00:00:00,17069.0
2014-02-28 01:00:00,14943.0
2014-02-28 02:00:00,14111.0
2014-02-28 03:00:00,13649.0
2014-02-28 04:00:00,14011.0
2014-02-28 05:00:00,15288.0
2014-02-28 06:00:00,17229.0
2014-02-28 07:00:00,19649.0
2014-02-28 08:00:00,22993.0
2014-02-28 09:00:00,27750.0
2014-02-28 10:00:00,28489.0
2014-02-28 11:00:00,28447.0
2014-02-28 12:00:00,28666.0
2014-02-28 13:00:00,29145.0
2014-02-28 14:00:00,28481.0
2014-02-28 15:00:00,27355.0
2014-02-28 16:00:00,28127.0
2014-02-28 17:00:00,28464.0
2014-02-28 18:00:00,29573.0
2014-02-28 19:00:00,30581.0
2014-02-28 20:00:00,29885.0
2014-02-28 21:00:00,28649.0
2014-02-28 22:00:00,27472.0
2014-02-28 23:00:00,25564.0
2014-03-01 00:00:00,20338.0
2014-03-01 01:00:00,15330.0
2014-03-01 02:00:00,14389.0
2014-03-01 03:00:00,13843.0
2014-03-01 04:00:00,14305.0
2014-03-01 05:00:00,15002.0
2014-03-01 06:00:00,17153.0
2014-03-01 07:00:00,19003.0
2014-03-01 08:00:00,20926.0
2014-03-01 09:00:00,26044.0
2014-03-01 10:00:00,26743.0
2014-03-01 11:00:00,27313.0
2014-03-01 12:00:00,27800.0
2014-03-01 13:00:00,27792.0
2014-03-01 14:00:00,28641.0
2014-03-01 15:00:00,28170.0
2014-03-01 16:00:00,28153.0
2014-03-01 17:00:00,28187.0
2014-03-01 18:00:00,28826.0
2014-03-01 19:00:00,29514.0
2014-03-01 20:00:00,29531.0
2014-03-01 21:00:00,28439.0
2014-03-01 22:00:00,27472.0
2014-03-01 23:00:00,25196.0
2014-03-02 00:00:00,20690.0
2014-03-02 01:00:00,15061.0
2014-03-02 02:00:00,14448.0
2014-03-02 03:00:00,13682.0
2014-03-02 04:00:00,14339.0
2014-03-02 05:00:00,15238.0
2014-03-02 06:00:00,17036.0
2014-03-02 07:00:00,18095.0
2014-03-02 08:00:00,20422.0
2014-03-02 09:00:00,26783.0
2014-03-02 10:00:00,27414.0
2014-03-02 11:00:00,27607.0
2014-03-02 12:00:00,27380.0
2014-03-02 13:00:00,27581.0
2014-03-02 14:00:00,28001.0
2014-03-02 15:00:00,27447.0
2014-03-02 16:00:00,27969.0
2014-03-02 17:00:00,27977.0
2014-03-02 18:00:00,28094.0
2014-03-02 19:00:00,29397.0
2014-03-02 20:00:00,29364.0
2014-03-02 21:00:00,28238.0
2014-03-02 22:00:00,26061.0
2014-03-02 23:00:00,20607.0
2014-03-03 00:00:00,16431.0
2014-03-03 01:00:00,14220.0
2014-03-03 02:00:00,13313.0
2014-03-03 03:00:00,13094.0
2014-03-03 04:00:00,13388.0
2014-03-03 05:00:00,14347.0
2014-03-03 06:00:00,16590.0
2014-03-03 07:00:00,18885.0
2014-03-03 08:00:00,22581.0
2014-03-03 09:00:00,27481.0
2014-03-03 10:00:00,27414.0
2014-03-03 11:00:00,27943.0
2014-03-03 12:00:00,28666.0
2014-03-03 13:00:00,29414.0
2014-03-03 14:00:00,28590.0
2014-03-03 15:00:00,28304.0
2014-03-03 16:00:00,28682.0
2014-03-03 17:00:00,28456.0
2014-03-03 18:00:00,28522.0
2014-03-03 19:00:00,29070.0
2014-03-03 20:00:00,29338.0
2014-03-03 21:00:00,28220.0
2014-03-03 22:00:00,25119.0
2014-03-03 23:00:00,22153.0
2014-03-04 00:00:00,17675.0
2014-03-04 01:00:00,13908.0
2014-03-04 02:00:00,13389.0
2014-03-04 03:00:00,13221.0
2014-03-04 04:00:00,13767.0
2014-03-04 05:00:00,14733.0
2014-03-04 06:00:00,16287.0
2014-03-04 07:00:00,18035.0
2014-03-04 08:00:00,20749.0
2014-03-04 09:00:00,26446.0
2014-03-04 10:00:00,26691.0
2014-03-04 11:00:00,26666.0
2014-03-04 12:00:00,27506.0
2014-03-04 13:00:00,26885.0
2014-03-04 14:00:00,26968.0
2014-03-04 15:00:00,26599.0
2014-03-04 16:00:00,26800.0
2014-03-04 17:00:00,27590.0
2014-03-04 18:00:00,27850.0
2014-03-04 19:00:00,29524.0
2014-03-04 20:00:00,29271.0
2014-03-04 21:00:00,28036.0
2014-03-04 22:00:00,25775.0
2014-03-04 23:00:00,19985.0
2014-03-05 00:00:00,16019.0
2014-03-05 01:00:00,13616.0
2014-03-05 02:00:00,13859.0
2014-03-05 03:00:00,13195.0
2014-03-05 04:00:00,13978.0
2014-03-05 05:00:00,14053.0
2014-03-05 06:00:00,16271.0
2014-03-05 07:00:00,17994.0
2014-03-05 08:00:00,20363.0
2014-03-05 09:00:00,27894.0
2014-03-05 10:00:00,27968.0
2014-03-05 11:00:00,27860.0
2014-03-05 12:00:00,27506.0
2014-03-05 13:00:00,28213.0
2014-03-05 14:00:00,27968.0
2014-03-05 15:00:00,27816.0
2014-03-05 16:00:00,27270.0
2014-03-05 17:00:00,27624.0
2014-03-05 18:00:00,28019.0
2014-03-05 19:00:00,28700.0
2014-03-05 20:00:00,28868.0
2014-03-05 21:00:00,28053.0
2014-03-05 22:00:00,26162.0
2014-03-05 23:00:00,20128.0
2014-03-06 00:00:00,15977.0
2014-03-06 01:00:00,13766.0
2014-03-06 02:00:00,13230.0
2014-03-06 03:00:00,12389.0
2014-03-06 04:00:00,13338.0
2014-03-06 05:00:00,13321.0
2014-03-06 06:00:00,15793.0
2014-03-06 07:00:00,17632.0
2014-03-06 08:00:00,20145.0
2014-03-06 09:00:00,28330.0
2014-03-06 10:00:00,28515.0
2014-03-06 11:00:00,29213.0
2014-03-06 12:00:00,28699.0
2014-03-06 13:00:00,28632.0
2014-03-06 14:00:00,28775.0
2014-03-06 15:00:00,28717.0
2014-03-06 16:00:00,28532.0
2014-03-06 17:00:00,28566.0
2014-03-06 18:00:00,29010.0
2014-03-06 19:00:00,29767.0
2014-03-06 20:00:00,29582.0
2014-03-06 21:00:00,28263.0
2014-03-06 22:00:00,25766.0
2014-03-06 23:00:00,19993.0
2014-03-07 00:00:00,15666.0
2014-03-07 01:00:00,13322.0
2014-03-07 02:00:00,13112.0
2014-03-07 03:00:00,12389.0
2014-03-07 04:00:00,13263.0
2014-03-07 05:00:00,13271.0
2014-03-07 06:00:00,15120.0
2014-03-07 07:00:00,17582.0
2014-03-07 08:00:00,19751.0
2014-03-07 09:00:00,27263.0
2014-03-07 10:00:00,28682.0
2014-03-07 11:00:00,29230.0
2014-03-07 12:00:00,29279.0
2014-03-07 13:00:00,29153.0
2014-03-07 14:00:00,29732.0
2014-03-07 15:00:00,29355.0
2014-03-07 16:00:00,29977.0
2014-03-07 17:00:00,29818.0
2014-03-07 18:00:00,29498.0
2014-03-07 19:00:00,30179.0
2014-03-07 20:00:00,30474.0
2014-03-07 21:00:00,29119.0
2014-03-07 22:00:00,27657.0
2014-03-07 23:00:00,26455.0
2014-03-08 00:00:00,20633.0
2014-03-08 01:00:00,15742.0
2014-03-08 02:00:00,14801.0
2014-03-08 03:00:00,13607.0
2014-03-08 04:00:00,14347.0
2014-03-08 05:00:00,14464.0
2014-03-08 06:00:00,16993.0
2014-03-08 07:00:00,19245.0
2014-03-08 08:00:00,21044.0
2014-03-08 09:00:00,27095.0
2014-03-08 10:00:00,28809.0
2014-03-08 11:00:00,29565.0
2014-03-08 12:00:00,30430.0
2014-03-08 13:00:00,30070.0
2014-03-08 14:00:00,29825.0
2014-03-08 15:00:00,29111.0
2014-03-08 16:00:00,28977.0
2014-03-08 17:00:00,29178.0
2014-03-08 18:00:00,29413.0
2014-03-08 19:00:00,30355.0
2014-03-08 20:00:00,30523.0
2014-03-08 21:00:00,29532.0
2014-03-08 22:00:00,27623.0
2014-03-08 23:00:00,25447.0
2014-03-09 00:00:00,20792.0
2014-03-09 01:00:00,15061.0
2014-03-09 02:00:00,14523.0
2014-03-09 03:00:00,13750.0
2014-03-09 04:00:00,14127.0
2014-03-09 05:00:00,14414.0
2014-03-09 06:00:00,16413.0
2014-03-09 07:00:00,18045.0
2014-03-09 08:00:00,20127.0
2014-03-09 09:00:00,26641.0
2014-03-09 10:00:00,27691.0
2014-03-09 11:00:00,28196.0
2014-03-09 12:00:00,28305.0
2014-03-09 13:00:00,29725.0
2014-03-09 14:00:00,29725.0
2014-03-09 15:00:00,29270.0
2014-03-09 16:00:00,29548.0
2014-03-09 17:00:00,29741.0
2014-03-09 18:00:00,29137.0
2014-03-09 19:00:00,30372.0
2014-03-09 20:00:00,30430.0
2014-03-09 21:00:00,28893.0
2014-03-09 22:00:00,27027.0
2014-03-09 23:00:00,20666.0
2014-03-10 00:00:00,16716.0
2014-03-10 01:00:00,14003.0
2014-03-10 02:00:00,13808.0
2014-03-10 03:00:00,13187.0
2014-03-10 04:00:00,13791.0
2014-03-10 05:00:00,13766.0
2014-03-10 06:00:00,16246.0
2014-03-10 07:00:00,18220.0
2014-03-10 08:00:00,20456.0
2014-03-10 09:00:00,28455.0
2014-03-10 10:00:00,28228.0
2014-03-10 11:00:00,28860.0
2014-03-10 12:00:00,28816.0
2014-03-10 13:00:00,29894.0
2014-03-10 14:00:00,30617.0
2014-03-10 15:00:00,29993.0
2014-03-10 16:00:00,30330.0
2014-03-10 17:00:00,30313.0
2014-03-10 18:00:00,30372.0
2014-03-10 19:00:00,30456.0
2014-03-10 20:00:00,30331.0
2014-03-10 21:00:00,28759.0
2014-03-10 22:00:00,27035.0
2014-03-10 23:00:00,21028.0
2014-03-11 00:00:00,16716.0
2014-03-11 01:00:00,13666.0
2014-03-11 02:00:00,13321.0
2014-03-11 03:00:00,13221.0
2014-03-11 04:00:00,13557.0
2014-03-11 05:00:00,13901.0
2014-03-11 06:00:00,16027.0
2014-03-11 07:00:00,17934.0
2014-03-11 08:00:00,19977.0
2014-03-11 09:00:00,26783.0
2014-03-11 10:00:00,27549.0
2014-03-11 11:00:00,28346.0
2014-03-11 12:00:00,28498.0
2014-03-11 13:00:00,28867.0
2014-03-11 14:00:00,29699.0
2014-03-11 15:00:00,28808.0
2014-03-11 16:00:00,29430.0
2014-03-11 17:00:00,29455.0
2014-03-11 18:00:00,29077.0
2014-03-11 19:00:00,29775.0
2014-03-11 20:00:00,29758.0
2014-03-11 21:00:00,28834.0
2014-03-11 22:00:00,27044.0
2014-03-11 23:00:00,21169.0
2014-03-12 00:00:00,16918.0
2014-03-12 01:00:00,14254.0
2014-03-12 02:00:00,14186.0
2014-03-12 03:00:00,13413.0
2014-03-12 04:00:00,13935.0
2014-03-12 05:00:00,14170.0
2014-03-12 06:00:00,16027.0
2014-03-12 07:00:00,17674.0
2014-03-12 08:00:00,20044.0
2014-03-12 09:00:00,27398.0
2014-03-12 10:00:00,27540.0
2014-03-12 11:00:00,28396.0
2014-03-12 12:00:00,28877.0
2014-03-12 13:00:00,29220.0
2014-03-12 14:00:00,28876.0
2014-03-12 15:00:00,28976.0
2014-03-12 16:00:00,29154.0
2014-03-12 17:00:00,29363.0
2014-03-12 18:00:00,29330.0
2014-03-12 19:00:00,29959.0
2014-03-12 20:00:00,30137.0
2014-03-12 21:00:00,28809.0
2014-03-12 22:00:00,26465.0
2014-03-12 23:00:00,20381.0
2014-03-13 00:00:00,15683.0
2014-03-13 01:00:00,13766.0
2014-03-13 02:00:00,13833.0
2014-03-13 03:00:00,13137.0
2014-03-13 04:00:00,13396.0
2014-03-13 05:00:00,13918.0
2014-03-13 06:00:00,16102.0
2014-03-13 07:00:00,17532.0
2014-03-13 08:00:00,19885.0
2014-03-13 09:00:00,26649.0
2014-03-13 10:00:00,27799.0
2014-03-13 11:00:00,28238.0
2014-03-13 12:00:00,28221.0
2014-03-13 13:00:00,28405.0
2014-03-13 14:00:00,28843.0
2014-03-13 15:00:00,27716.0
2014-03-13 16:00:00,29095.0
2014-03-13 17:00:00,29539.0
2014-03-13 18:00:00,28178.0
2014-03-13 19:00:00,29322.0
2014-03-13 20:00:00,29809.0
2014-03-13 21:00:00,28800.0
2014-03-13 22:00:00,26144.0
2014-03-13 23:00:00,20901.0
2014-03-14 00:00:00,16145.0
2014-03-14 01:00:00,13993.0
2014-03-14 02:00:00,13766.0
2014-03-14 03:00:00,13573.0
2014-03-14 04:00:00,13841.0
2014-03-14 05:00:00,14421.0
2014-03-14 06:00:00,16170.0
2014-03-14 07:00:00,18716.0
2014-03-14 08:00:00,20733.0
2014-03-14 09:00:00,27859.0
2014-03-14 10:00:00,28363.0
2014-03-14 11:00:00,28625.0
2014-03-14 12:00:00,28935.0
2014-03-14 13:00:00,28793.0
2014-03-14 14:00:00,28028.0
2014-03-14 15:00:00,27633.0
2014-03-14 16:00:00,28094.0
2014-03-14 17:00:00,27876.0
2014-03-14 18:00:00,28398.0
2014-03-14 19:00:00,28742.0
2014-03-14 20:00:00,29028.0
2014-03-14 21:00:00,28178.0
2014-03-14 22:00:00,27674.0
2014-03-14 23:00:00,25759.0
2014-03-15 00:00:00,20052.0
2014-03-15 01:00:00,15364.0
2014-03-15 02:00:00,14565.0
2014-03-15 03:00:00,13699.0
2014-03-15 04:00:00,13935.0
2014-03-15 05:00:00,13884.0
2014-03-15 06:00:00,15715.0
2014-03-15 07:00:00,17523.0
2014-03-15 08:00:00,19456.0
2014-03-15 09:00:00,26238.0
2014-03-15 10:00:00,27675.0
2014-03-15 11:00:00,27346.0
2014-03-15 12:00:00,27296.0
2014-03-15 13:00:00,27868.0
2014-03-15 14:00:00,28001.0
2014-03-15 15:00:00,27498.0
2014-03-15 16:00:00,27867.0
2014-03-15 17:00:00,28280.0
2014-03-15 18:00:00,28364.0
2014-03-15 19:00:00,29204.0
2014-03-15 20:00:00,29774.0
2014-03-15 21:00:00,28398.0
2014-03-15 22:00:00,27035.0
2014-03-15 23:00:00,25489.0
2014-03-16 00:00:00,19902.0
2014-03-16 01:00:00,14944.0
2014-03-16 02:00:00,13976.0
2014-03-16 03:00:00,13489.0
2014-03-16 04:00:00,13893.0
2014-03-16 05:00:00,14136.0
2014-03-16 06:00:00,15818.0
2014-03-16 07:00:00,16582.0
2014-03-16 08:00:00,18817.0
2014-03-16 09:00:00,26279.0
2014-03-16 10:00:00,26128.0
2014-03-16 11:00:00,26505.0
2014-03-16 12:00:00,27188.0
2014-03-16 13:00:00,28095.0
2014-03-16 14:00:00,28137.0
2014-03-16 15:00:00,26977.0
2014-03-16 16:00:00,27288.0
2014-03-16 17:00:00,26976.0
2014-03-16 18:00:00,27103.0
2014-03-16 19:00:00,27692.0
2014-03-16 20:00:00,28364.0
2014-03-16 21:00:00,28641.0
2014-03-16 22:00:00,26598.0
2014-03-16 23:00:00,20700.0
2014-03-17 00:00:00,16154.0
2014-03-17 01:00:00,14002.0
2014-03-17 02:00:00,13876.0
2014-03-17 03:00:00,13314.0
2014-03-17 04:00:00,13968.0
2014-03-17 05:00:00,13775.0
2014-03-17 06:00:00,16078.0
2014-03-17 07:00:00,16867.0
2014-03-17 08:00:00,19591.0
2014-03-17 09:00:00,27379.0
2014-03-17 10:00:00,27364.0
2014-03-17 11:00:00,27321.0
2014-03-17 12:00:00,26960.0
2014-03-17 13:00:00,28001.0
2014-03-17 14:00:00,28372.0
2014-03-17 15:00:00,27623.0
2014-03-17 16:00:00,27667.0
2014-03-17 17:00:00,28599.0
2014-03-17 18:00:00,28986.0
2014-03-17 19:00:00,29179.0
2014-03-17 20:00:00,28917.0
2014-03-17 21:00:00,27826.0
2014-03-17 22:00:00,26129.0
2014-03-17 23:00:00,20153.0
2014-03-18 00:00:00,15851.0
2014-03-18 01:00:00,13868.0
2014-03-18 02:00:00,13044.0
2014-03-18 03:00:00,12725.0
2014-03-18 04:00:00,13112.0
2014-03-18 05:00:00,13615.0
2014-03-18 06:00:00,15514.0
2014-03-18 07:00:00,15826.0
2014-03-18 08:00:00,18405.0
2014-03-18 09:00:00,26430.0
2014-03-18 10:00:00,26153.0
2014-03-18 11:00:00,26649.0
2014-03-18 12:00:00,27011.0
2014-03-18 13:00:00,27792.0
2014-03-18 14:00:00,27993.0
2014-03-18 15:00:00,28053.0
2014-03-18 16:00:00,28809.0
2014-03-18 17:00:00,28985.0
2014-03-18 18:00:00,28556.0
2014-03-18 19:00:00,29103.0
2014-03-18 20:00:00,30389.0
2014-03-18 21:00:00,29539.0
2014-03-18 22:00:00,27061.0
2014-03-18 23:00:00,21581.0
2014-03-19 00:00:00,16490.0
2014-03-19 01:00:00,14599.0
2014-03-19 02:00:00,14354.0
2014-03-19 03:00:00,13784.0
2014-03-19 04:00:00,13993.0
2014-03-19 05:00:00,14481.0
2014-03-19 06:00:00,16741.0
2014-03-19 07:00:00,18170.0
2014-03-19 08:00:00,20263.0
2014-03-19 09:00:00,27506.0
2014-03-19 10:00:00,27270.0
2014-03-19 11:00:00,27692.0
2014-03-19 12:00:00,27405.0
2014-03-19 13:00:00,28272.0
2014-03-19 14:00:00,28666.0
2014-03-19 15:00:00,28833.0
2014-03-19 16:00:00,29246.0
2014-03-19 17:00:00,29700.0
2014-03-19 18:00:00,29650.0
2014-03-19 19:00:00,29472.0
2014-03-19 20:00:00,29951.0
2014-03-19 21:00:00,28951.0
2014-03-19 22:00:00,25884.0
2014-03-19 23:00:00,21380.0
2014-03-20 00:00:00,16414.0
2014-03-20 01:00:00,15027.0
2014-03-20 02:00:00,14238.0
2014-03-20 03:00:00,13582.0
2014-03-20 04:00:00,13658.0
2014-03-20 05:00:00,14346.0
2014-03-20 06:00:00,15976.0
2014-03-20 07:00:00,16758.0
2014-03-20 08:00:00,19707.0
2014-03-20 09:00:00,27372.0
2014-03-20 10:00:00,27086.0
2014-03-20 11:00:00,27481.0
2014-03-20 12:00:00,27867.0
2014-03-20 13:00:00,28550.0
2014-03-20 14:00:00,28406.0
2014-03-20 15:00:00,28044.0
2014-03-20 16:00:00,28539.0
2014-03-20 17:00:00,28423.0
2014-03-20 18:00:00,28431.0
2014-03-20 19:00:00,29196.0
2014-03-20 20:00:00,29347.0
2014-03-20 21:00:00,28271.0
2014-03-20 22:00:00,25717.0
2014-03-20 23:00:00,21489.0
2014-03-21 00:00:00,16766.0
2014-03-21 01:00:00,14641.0
2014-03-21 02:00:00,13909.0
2014-03-21 03:00:00,13213.0
2014-03-21 04:00:00,13809.0
2014-03-21 05:00:00,14338.0
2014-03-21 06:00:00,15893.0
2014-03-21 07:00:00,16665.0
2014-03-21 08:00:00,19254.0
2014-03-21 09:00:00,27867.0
2014-03-21 10:00:00,27447.0
2014-03-21 11:00:00,28061.0
2014-03-21 12:00:00,28448.0
2014-03-21 13:00:00,28548.0
2014-03-21 14:00:00,28086.0
2014-03-21 15:00:00,27397.0
2014-03-21 16:00:00,27615.0
2014-03-21 17:00:00,28051.0
2014-03-21 18:00:00,28590.0
2014-03-21 19:00:00,29271.0
2014-03-21 20:00:00,29238.0
2014-03-21 21:00:00,28346.0
2014-03-21 22:00:00,26305.0
2014-03-21 23:00:00,24540.0
2014-03-22 00:00:00,19060.0
2014-03-22 01:00:00,14801.0
2014-03-22 02:00:00,13733.0
2014-03-22 03:00:00,13228.0
2014-03-22 04:00:00,13800.0
2014-03-22 05:00:00,13969.0
2014-03-22 06:00:00,15707.0
2014-03-22 07:00:00,16608.0
2014-03-22 08:00:00,19204.0
2014-03-22 09:00:00,25759.0
2014-03-22 10:00:00,25313.0
2014-03-22 11:00:00,25068.0
2014-03-22 12:00:00,24842.0
2014-03-22 13:00:00,25523.0
2014-03-22 14:00:00,25632.0
2014-03-22 15:00:00,24960.0
2014-03-22 16:00:00,25741.0
2014-03-22 17:00:00,26305.0
2014-03-22 18:00:00,26674.0
2014-03-22 19:00:00,28548.0
2014-03-22 20:00:00,28169.0
2014-03-22 21:00:00,27489.0
2014-03-22 22:00:00,25607.0
2014-03-22 23:00:00,24027.0
2014-03-23 00:00:00,18295.0
2014-03-23 01:00:00,13481.0
2014-03-23 02:00:00,13094.0
2014-03-23 03:00:00,12515.0
2014-03-23 04:00:00,13077.0
2014-03-23 05:00:00,13171.0
2014-03-23 06:00:00,14859.0
2014-03-23 07:00:00,15153.0
2014-03-23 08:00:00,18608.0
2014-03-23 09:00:00,25473.0
2014-03-23 10:00:00,25455.0
2014-03-23 11:00:00,26261.0
2014-03-23 12:00:00,25876.0
2014-03-23 13:00:00,25482.0
2014-03-23 14:00:00,25715.0
2014-03-23 15:00:00,25457.0
2014-03-23 16:00:00,25187.0
2014-03-23 17:00:00,26162.0
2014-03-23 18:00:00,26279.0
2014-03-23 19:00:00,28028.0
2014-03-23 20:00:00,28221.0
2014-03-23 21:00:00,27405.0
2014-03-23 22:00:00,24480.0
2014-03-23 23:00:00,19531.0
2014-03-24 00:00:00,14918.0
2014-03-24 01:00:00,13574.0
2014-03-24 02:00:00,13573.0
2014-03-24 03:00:00,13354.0
2014-03-24 04:00:00,14103.0
2014-03-24 05:00:00,14078.0
2014-03-24 06:00:00,15598.0
2014-03-24 07:00:00,16581.0
2014-03-24 08:00:00,18287.0
2014-03-24 09:00:00,26196.0
2014-03-24 10:00:00,26640.0
2014-03-24 11:00:00,27002.0
2014-03-24 12:00:00,26481.0
2014-03-24 13:00:00,26019.0
2014-03-24 14:00:00,26314.0
2014-03-24 15:00:00,26128.0
2014-03-24 16:00:00,26834.0
2014-03-24 17:00:00,27666.0
2014-03-24 18:00:00,27346.0
2014-03-24 19:00:00,28238.0
2014-03-24 20:00:00,29028.0
2014-03-24 21:00:00,28095.0
2014-03-24 22:00:00,24750.0
2014-03-24 23:00:00,19523.0
2014-03-25 00:00:00,15574.0
2014-03-25 01:00:00,13414.0
2014-03-25 02:00:00,13514.0
2014-03-25 03:00:00,12682.0
2014-03-25 04:00:00,13296.0
2014-03-25 05:00:00,13968.0
2014-03-25 06:00:00,15304.0
2014-03-25 07:00:00,15095.0
2014-03-25 08:00:00,18910.0
2014-03-25 09:00:00,26919.0
2014-03-25 10:00:00,26356.0
2014-03-25 11:00:00,26246.0
2014-03-25 12:00:00,27069.0
2014-03-25 13:00:00,27179.0
2014-03-25 14:00:00,26885.0
2014-03-25 15:00:00,27439.0
2014-03-25 16:00:00,27456.0
2014-03-25 17:00:00,26994.0
2014-03-25 18:00:00,27179.0
2014-03-25 19:00:00,27943.0
2014-03-25 20:00:00,27776.0
2014-03-25 21:00:00,26818.0
2014-03-25 22:00:00,23792.0
2014-03-25 23:00:00,19321.0
2014-03-26 00:00:00,15658.0
2014-03-26 01:00:00,13448.0
2014-03-26 02:00:00,13481.0
2014-03-26 03:00:00,13724.0
2014-03-26 04:00:00,13741.0
2014-03-26 05:00:00,13985.0
2014-03-26 06:00:00,15734.0
2014-03-26 07:00:00,15792.0
2014-03-26 08:00:00,18011.0
2014-03-26 09:00:00,25741.0
2014-03-26 10:00:00,24741.0
2014-03-26 11:00:00,26725.0
2014-03-26 12:00:00,28051.0
2014-03-26 13:00:00,27808.0
2014-03-26 14:00:00,27423.0
2014-03-26 15:00:00,27253.0
2014-03-26 16:00:00,27875.0
2014-03-26 17:00:00,28313.0
2014-03-26 18:00:00,27926.0
2014-03-26 19:00:00,28901.0
2014-03-26 20:00:00,28859.0
2014-03-26 21:00:00,27548.0
2014-03-26 22:00:00,24515.0
2014-03-26 23:00:00,19548.0
2014-03-27 00:00:00,15473.0
2014-03-27 01:00:00,14515.0
2014-03-27 02:00:00,14027.0
2014-03-27 03:00:00,13885.0
2014-03-27 04:00:00,14280.0
2014-03-27 05:00:00,14716.0
2014-03-27 06:00:00,16078.0
2014-03-27 07:00:00,16699.0
2014-03-27 08:00:00,20171.0
2014-03-27 09:00:00,27506.0
2014-03-27 10:00:00,26817.0
2014-03-27 11:00:00,26179.0
2014-03-27 12:00:00,26255.0
2014-03-27 13:00:00,26641.0
2014-03-27 14:00:00,26859.0
2014-03-27 15:00:00,27909.0
2014-03-27 16:00:00,27868.0
2014-03-27 17:00:00,28280.0
2014-03-27 18:00:00,27876.0
2014-03-27 19:00:00,28977.0
2014-03-27 20:00:00,28523.0
2014-03-27 21:00:00,28144.0
2014-03-27 22:00:00,25338.0
2014-03-27 23:00:00,20506.0
2014-03-28 00:00:00,15574.0
2014-03-28 01:00:00,13808.0
2014-03-28 02:00:00,13498.0
2014-03-28 03:00:00,13363.0
2014-03-28 04:00:00,13867.0
2014-03-28 05:00:00,14439.0
2014-03-28 06:00:00,16506.0
2014-03-28 07:00:00,17590.0
2014-03-28 08:00:00,20171.0
2014-03-28 09:00:00,28699.0
2014-03-28 10:00:00,27733.0
2014-03-28 11:00:00,27271.0
2014-03-28 12:00:00,28213.0
2014-03-28 13:00:00,28397.0
2014-03-28 14:00:00,28834.0
2014-03-28 15:00:00,27875.0
2014-03-28 16:00:00,28347.0
2014-03-28 17:00:00,29481.0
2014-03-28 18:00:00,28859.0
2014-03-28 19:00:00,29455.0
2014-03-28 20:00:00,28279.0
2014-03-28 21:00:00,27918.0
2014-03-28 22:00:00,26203.0
2014-03-28 23:00:00,24272.0
2014-03-29 00:00:00,18826.0
2014-03-29 01:00:00,14800.0
2014-03-29 02:00:00,14237.0
2014-03-29 03:00:00,13288.0
2014-03-29 04:00:00,13783.0
2014-03-29 05:00:00,14169.0
2014-03-29 06:00:00,15624.0
2014-03-29 07:00:00,16741.0
2014-03-29 08:00:00,19901.0
2014-03-29 09:00:00,26211.0
2014-03-29 10:00:00,26018.0
2014-03-29 11:00:00,26153.0
2014-03-29 12:00:00,26791.0
2014-03-29 13:00:00,27506.0
2014-03-29 14:00:00,27380.0
2014-03-29 15:00:00,27346.0
2014-03-29 16:00:00,27581.0
2014-03-29 17:00:00,27918.0
2014-03-29 18:00:00,29044.0
2014-03-29 19:00:00,30297.0
2014-03-29 20:00:00,30313.0
2014-03-29 21:00:00,28910.0
2014-03-29 22:00:00,26506.0
2014-03-29 23:00:00,24102.0
2014-03-30 00:00:00,18893.0
2014-03-30 01:00:00,0.0
2014-03-30 02:00:00,14312.0
2014-03-30 03:00:00,13927.0
2014-03-30 04:00:00,14355.0
2014-03-30 05:00:00,14289.0
2014-03-30 06:00:00,15481.0
2014-03-30 07:00:00,16523.0
2014-03-30 08:00:00,19052.0
2014-03-30 09:00:00,25842.0
2014-03-30 10:00:00,25985.0
2014-03-30 11:00:00,26061.0
2014-03-30 12:00:00,26700.0
2014-03-30 13:00:00,27070.0
2014-03-30 14:00:00,27321.0
2014-03-30 15:00:00,27036.0
2014-03-30 16:00:00,26792.0
2014-03-30 17:00:00,27582.0
2014-03-30 18:00:00,28372.0
2014-03-30 19:00:00,28128.0
2014-03-30 20:00:00,28490.0
2014-03-30 21:00:00,27700.0
2014-03-30 22:00:00,24952.0
2014-03-30 23:00:00,19893.0
2014-03-31 00:00:00,15138.0
2014-03-31 01:00:00,13490.0
2014-03-31 02:00:00,13312.0
2014-03-31 03:00:00,12884.0
2014-03-31 04:00:00,13801.0
2014-03-31 05:00:00,14414.0
2014-03-31 06:00:00,16070.0
2014-03-31 07:00:00,17296.0
2014-03-31 08:00:00,20481.0
2014-03-31 09:00:00,28893.0
2014-03-31 10:00:00,29086.0
2014-03-31 11:00:00,28423.0
2014-03-31 12:00:00,28581.0
2014-03-31 13:00:00,28851.0
2014-03-31 14:00:00,28876.0
2014-03-31 15:00:00,28102.0
2014-03-31 16:00:00,28506.0
2014-03-31 17:00:00,28926.0
2014-03-31 18:00:00,28667.0
2014-03-31 19:00:00,29355.0
2014-03-31 20:00:00,29145.0
2014-03-31 21:00:00,28733.0
2014-03-31 22:00:00,25254.0
2014-03-31 23:00:00,20818.0
2014-04-01 00:00:00,16279.0
2014-04-01 01:00:00,13960.0
2014-04-01 02:00:00,13490.0
2014-04-01 03:00:00,13330.0
2014-04-01 04:00:00,13784.0
2014-04-01 05:00:00,14582.0
2014-04-01 06:00:00,16272.0
2014-04-01 07:00:00,17557.0
2014-04-01 08:00:00,20163.0
2014-04-01 09:00:00,27908.0
2014-04-01 10:00:00,27825.0
2014-04-01 11:00:00,27749.0
2014-04-01 12:00:00,28304.0
2014-04-01 13:00:00,29640.0
2014-04-01 14:00:00,29179.0
2014-04-01 15:00:00,28599.0
2014-04-01 16:00:00,29103.0
2014-04-01 17:00:00,28767.0
2014-04-01 18:00:00,28364.0
2014-04-01 19:00:00,28666.0
2014-04-01 20:00:00,28843.0
2014-04-01 21:00:00,28356.0
2014-04-01 22:00:00,25490.0
2014-04-01 23:00:00,20388.0
2014-04-02 00:00:00,15574.0
2014-04-02 01:00:00,14036.0
2014-04-02 02:00:00,13707.0
2014-04-02 03:00:00,13381.0
2014-04-02 04:00:00,13809.0
2014-04-02 05:00:00,14464.0
2014-04-02 06:00:00,16077.0
2014-04-02 07:00:00,17279.0
2014-04-02 08:00:00,20238.0
2014-04-02 09:00:00,27876.0
2014-04-02 10:00:00,27136.0
2014-04-02 11:00:00,26447.0
2014-04-02 12:00:00,27834.0
2014-04-02 13:00:00,28414.0
2014-04-02 14:00:00,28237.0
2014-04-02 15:00:00,28144.0
2014-04-02 16:00:00,28389.0
2014-04-02 17:00:00,29094.0
2014-04-02 18:00:00,28447.0
2014-04-02 19:00:00,28582.0
2014-04-02 20:00:00,28749.0
2014-04-02 21:00:00,28925.0
2014-04-02 22:00:00,25976.0
2014-04-02 23:00:00,21196.0
2014-04-03 00:00:00,16716.0
2014-04-03 01:00:00,14784.0
2014-04-03 02:00:00,14128.0
2014-04-03 03:00:00,13431.0
2014-04-03 04:00:00,14087.0
2014-04-03 05:00:00,14355.0
2014-04-03 06:00:00,16228.0
2014-04-03 07:00:00,17405.0
2014-04-03 08:00:00,20161.0
2014-04-03 09:00:00,27691.0
2014-04-03 10:00:00,27364.0
2014-04-03 11:00:00,26606.0
2014-04-03 12:00:00,26868.0
2014-04-03 13:00:00,27707.0
2014-04-03 14:00:00,28195.0
2014-04-03 15:00:00,28372.0
2014-04-03 16:00:00,28918.0
2014-04-03 17:00:00,27985.0
2014-04-03 18:00:00,28178.0
2014-04-03 19:00:00,28153.0
2014-04-03 20:00:00,28439.0
2014-04-03 21:00:00,27918.0
2014-04-03 22:00:00,25589.0
2014-04-03 23:00:00,20994.0
2014-04-04 00:00:00,15817.0
2014-04-04 01:00:00,13438.0
2014-04-04 02:00:00,13052.0
2014-04-04 03:00:00,12868.0
2014-04-04 04:00:00,13204.0
2014-04-04 05:00:00,13926.0
2014-04-04 06:00:00,15993.0
2014-04-04 07:00:00,16993.0
2014-04-04 08:00:00,19195.0
2014-04-04 09:00:00,26683.0
2014-04-04 10:00:00,27304.0
2014-04-04 11:00:00,27237.0
2014-04-04 12:00:00,27430.0
2014-04-04 13:00:00,27648.0
2014-04-04 14:00:00,27137.0
2014-04-04 15:00:00,27052.0
2014-04-04 16:00:00,27523.0
2014-04-04 17:00:00,27448.0
2014-04-04 18:00:00,27892.0
2014-04-04 19:00:00,27581.0
2014-04-04 20:00:00,28850.0
2014-04-04 21:00:00,28457.0
2014-04-04 22:00:00,27120.0
2014-04-04 23:00:00,25238.0
2014-04-05 00:00:00,20136.0
2014-04-05 01:00:00,14742.0
2014-04-05 02:00:00,13934.0
2014-04-05 03:00:00,13667.0
2014-04-05 04:00:00,14052.0
2014-04-05 05:00:00,14885.0
2014-04-05 06:00:00,16724.0
2014-04-05 07:00:00,17255.0
2014-04-05 08:00:00,20413.0
2014-04-05 09:00:00,26490.0
2014-04-05 10:00:00,27607.0
2014-04-05 11:00:00,28052.0
2014-04-05 12:00:00,29078.0
2014-04-05 13:00:00,28624.0
2014-04-05 14:00:00,28826.0
2014-04-05 15:00:00,28238.0
2014-04-05 16:00:00,28313.0
2014-04-05 17:00:00,28650.0
2014-04-05 18:00:00,27926.0
2014-04-05 19:00:00,27741.0
2014-04-05 20:00:00,29136.0
2014-04-05 21:00:00,29346.0
2014-04-05 22:00:00,26557.0
2014-04-05 23:00:00,25127.0
2014-04-06 00:00:00,19682.0
2014-04-06 01:00:00,15254.0
2014-04-06 02:00:00,14708.0
2014-04-06 03:00:00,14406.0
2014-04-06 04:00:00,14867.0
2014-04-06 05:00:00,15178.0
2014-04-06 06:00:00,16817.0
2014-04-06 07:00:00,17162.0
2014-04-06 08:00:00,20120.0
2014-04-06 09:00:00,27465.0
2014-04-06 10:00:00,28044.0
2014-04-06 11:00:00,27919.0
2014-04-06 12:00:00,27868.0
2014-04-06 13:00:00,27631.0
2014-04-06 14:00:00,28027.0
2014-04-06 15:00:00,27338.0
2014-04-06 16:00:00,28278.0
2014-04-06 17:00:00,27472.0
2014-04-06 18:00:00,27271.0
2014-04-06 19:00:00,27590.0
2014-04-06 20:00:00,29145.0
2014-04-06 21:00:00,28524.0
2014-04-06 22:00:00,26565.0
2014-04-06 23:00:00,21498.0
2014-04-07 00:00:00,16054.0
2014-04-07 01:00:00,14195.0
2014-04-07 02:00:00,13977.0
2014-04-07 03:00:00,13766.0
2014-04-07 04:00:00,14078.0
2014-04-07 05:00:00,14548.0
2014-04-07 06:00:00,17077.0
2014-04-07 07:00:00,17532.0
2014-04-07 08:00:00,19876.0
2014-04-07 09:00:00,27884.0
2014-04-07 10:00:00,28304.0
2014-04-07 11:00:00,27582.0
2014-04-07 12:00:00,27919.0
2014-04-07 13:00:00,28549.0
2014-04-07 14:00:00,27876.0
2014-04-07 15:00:00,27976.0
2014-04-07 16:00:00,28456.0
2014-04-07 17:00:00,28532.0
2014-04-07 18:00:00,28145.0
2014-04-07 19:00:00,28624.0
2014-04-07 20:00:00,29389.0
2014-04-07 21:00:00,29271.0
2014-04-07 22:00:00,26187.0
2014-04-07 23:00:00,22069.0
2014-04-08 00:00:00,17078.0
2014-04-08 01:00:00,15355.0
2014-04-08 02:00:00,15019.0
2014-04-08 03:00:00,13993.0
2014-04-08 04:00:00,14296.0
2014-04-08 05:00:00,14455.0
2014-04-08 06:00:00,16011.0
2014-04-08 07:00:00,16750.0
2014-04-08 08:00:00,20044.0
2014-04-08 09:00:00,27170.0
2014-04-08 10:00:00,27077.0
2014-04-08 11:00:00,26876.0
2014-04-08 12:00:00,27767.0
2014-04-08 13:00:00,28523.0
2014-04-08 14:00:00,29296.0
2014-04-08 15:00:00,29364.0
2014-04-08 16:00:00,30632.0
2014-04-08 17:00:00,30984.0
2014-04-08 18:00:00,30515.0
2014-04-08 19:00:00,30205.0
2014-04-08 20:00:00,30439.0
2014-04-08 21:00:00,29850.0
2014-04-08 22:00:00,26918.0
2014-04-08 23:00:00,22044.0
2014-04-09 00:00:00,16255.0
2014-04-09 01:00:00,14280.0
2014-04-09 02:00:00,13901.0
2014-04-09 03:00:00,14069.0
2014-04-09 04:00:00,14464.0
2014-04-09 05:00:00,15423.0
2014-04-09 06:00:00,17431.0
2014-04-09 07:00:00,17690.0
2014-04-09 08:00:00,20237.0
2014-04-09 09:00:00,27455.0
2014-04-09 10:00:00,27346.0
2014-04-09 11:00:00,29028.0
2014-04-09 12:00:00,28834.0
2014-04-09 13:00:00,29817.0
2014-04-09 14:00:00,30161.0
2014-04-09 15:00:00,29665.0
2014-04-09 16:00:00,30767.0
2014-04-09 17:00:00,35675.0
2014-04-09 18:00:00,37346.0
2014-04-09 19:00:00,33951.0
2014-04-09 20:00:00,32406.0
2014-04-09 21:00:00,32759.0
2014-04-09 22:00:00,29783.0
2014-04-09 23:00:00,24818.0
2014-04-10 00:00:00,19556.0
2014-04-10 01:00:00,17035.0
2014-04-10 02:00:00,16153.0
2014-04-10 03:00:00,15766.0
2014-04-10 04:00:00,15968.0
2014-04-10 05:00:00,16826.0
2014-04-10 06:00:00,18607.0
2014-04-10 07:00:00,19406.0
2014-04-10 08:00:00,21699.0
2014-04-10 09:00:00,28683.0
2014-04-10 10:00:00,28809.0
2014-04-10 11:00:00,28892.0
2014-04-10 12:00:00,29675.0
2014-04-10 13:00:00,30019.0
2014-04-10 14:00:00,29161.0
2014-04-10 15:00:00,29464.0
2014-04-10 16:00:00,30305.0
2014-04-10 17:00:00,29884.0
2014-04-10 18:00:00,30270.0
2014-04-10 19:00:00,30733.0
2014-04-10 20:00:00,31498.0
2014-04-10 21:00:00,31247.0
2014-04-10 22:00:00,29044.0
2014-04-10 23:00:00,23800.0
2014-04-11 00:00:00,17968.0
2014-04-11 01:00:00,16195.0
2014-04-11 02:00:00,15624.0
2014-04-11 03:00:00,14968.0
2014-04-11 04:00:00,15506.0
2014-04-11 05:00:00,15717.0
2014-04-11 06:00:00,18338.0
2014-04-11 07:00:00,19220.0
2014-04-11 08:00:00,22120.0
2014-04-11 09:00:00,28835.0
2014-04-11 10:00:00,29406.0
2014-04-11 11:00:00,28547.0
2014-04-11 12:00:00,28851.0
2014-04-11 13:00:00,28900.0
2014-04-11 14:00:00,29060.0
2014-04-11 15:00:00,28817.0
2014-04-11 16:00:00,29304.0
2014-04-11 17:00:00,29574.0
2014-04-11 18:00:00,29876.0
2014-04-11 19:00:00,30154.0
2014-04-11 20:00:00,31186.0
2014-04-11 21:00:00,30691.0
2014-04-11 22:00:00,29489.0
2014-04-11 23:00:00,27457.0
2014-04-12 00:00:00,22522.0
2014-04-12 01:00:00,16137.0
2014-04-12 02:00:00,15213.0
2014-04-12 03:00:00,14414.0
2014-04-12 04:00:00,14801.0
2014-04-12 05:00:00,15791.0
2014-04-12 06:00:00,18515.0
2014-04-12 07:00:00,18892.0
2014-04-12 08:00:00,21547.0
2014-04-12 09:00:00,28540.0
2014-04-12 10:00:00,28246.0
2014-04-12 11:00:00,28775.0
2014-04-12 12:00:00,29052.0
2014-04-12 13:00:00,28994.0
2014-04-12 14:00:00,28993.0
2014-04-12 15:00:00,28246.0
2014-04-12 16:00:00,31204.0
2014-04-12 17:00:00,34531.0
2014-04-12 18:00:00,33194.0
2014-04-12 19:00:00,32421.0
2014-04-12 20:00:00,30809.0
2014-04-12 21:00:00,31011.0
2014-04-12 22:00:00,29355.0
2014-04-12 23:00:00,27548.0
2014-04-13 00:00:00,23010.0
2014-04-13 01:00:00,16128.0
2014-04-13 02:00:00,15321.0
2014-04-13 03:00:00,14842.0
2014-04-13 04:00:00,15296.0
2014-04-13 05:00:00,15423.0
2014-04-13 06:00:00,18027.0
2014-04-13 07:00:00,18355.0
2014-04-13 08:00:00,21590.0
2014-04-13 09:00:00,28061.0
2014-04-13 10:00:00,28178.0
2014-04-13 11:00:00,28045.0
2014-04-13 12:00:00,28766.0
2014-04-13 13:00:00,29112.0
2014-04-13 14:00:00,28078.0
2014-04-13 15:00:00,27925.0
2014-04-13 16:00:00,29229.0
2014-04-13 17:00:00,29884.0
2014-04-13 18:00:00,30162.0
2014-04-13 19:00:00,29623.0
2014-04-13 20:00:00,30187.0
2014-04-13 21:00:00,30414.0
2014-04-13 22:00:00,27489.0
2014-04-13 23:00:00,23263.0
2014-04-14 00:00:00,18103.0
2014-04-14 01:00:00,15641.0
2014-04-14 02:00:00,15489.0
2014-04-14 03:00:00,15145.0
2014-04-14 04:00:00,15801.0
2014-04-14 05:00:00,16566.0
2014-04-14 06:00:00,18959.0
2014-04-14 07:00:00,19843.0
2014-04-14 08:00:00,21986.0
2014-04-14 09:00:00,28985.0
2014-04-14 10:00:00,29700.0
2014-04-14 11:00:00,29632.0
2014-04-14 12:00:00,30011.0
2014-04-14 13:00:00,31077.0
2014-04-14 14:00:00,31195.0
2014-04-14 15:00:00,31263.0
2014-04-14 16:00:00,38372.0
2014-04-14 17:00:00,35179.0
2014-04-14 18:00:00,34448.0
2014-04-14 19:00:00,34145.0
2014-04-14 20:00:00,31842.0
2014-04-14 21:00:00,32136.0
2014-04-14 22:00:00,28574.0
2014-04-14 23:00:00,24406.0
2014-04-15 00:00:00,19212.0
2014-04-15 01:00:00,16850.0
2014-04-15 02:00:00,16221.0
2014-04-15 03:00:00,16219.0
2014-04-15 04:00:00,16178.0
2014-04-15 05:00:00,17398.0
2014-04-15 06:00:00,19875.0
2014-04-15 07:00:00,22203.0
2014-04-15 08:00:00,27742.0
2014-04-15 09:00:00,32329.0
2014-04-15 10:00:00,30741.0
2014-04-15 11:00:00,30439.0
2014-04-15 12:00:00,33304.0
2014-04-15 13:00:00,33531.0
2014-04-15 14:00:00,33498.0
2014-04-15 15:00:00,33944.0
2014-04-15 16:00:00,33859.0
2014-04-15 17:00:00,34539.0
2014-04-15 18:00:00,35095.0
2014-04-15 19:00:00,33245.0
2014-04-15 20:00:00,31993.0
2014-04-15 21:00:00,31960.0
2014-04-15 22:00:00,29396.0
2014-04-15 23:00:00,24389.0
2014-04-16 00:00:00,18700.0
2014-04-16 01:00:00,16835.0
2014-04-16 02:00:00,16456.0
2014-04-16 03:00:00,15901.0
2014-04-16 04:00:00,16598.0
2014-04-16 05:00:00,17314.0
2014-04-16 06:00:00,19355.0
2014-04-16 07:00:00,20699.0
2014-04-16 08:00:00,25079.0
2014-04-16 09:00:00,31129.0
2014-04-16 10:00:00,31220.0
2014-04-16 11:00:00,30901.0
2014-04-16 12:00:00,35936.0
2014-04-16 13:00:00,33548.0
2014-04-16 14:00:00,33615.0
2014-04-16 15:00:00,34539.0
2014-04-16 16:00:00,33885.0
2014-04-16 17:00:00,35136.0
2014-04-16 18:00:00,34557.0
2014-04-16 19:00:00,34448.0
2014-04-16 20:00:00,33439.0
2014-04-16 21:00:00,32481.0
2014-04-16 22:00:00,29851.0
2014-04-16 23:00:00,24742.0
2014-04-17 00:00:00,19263.0
2014-04-17 01:00:00,17229.0
2014-04-17 02:00:00,16825.0
2014-04-17 03:00:00,16541.0
2014-04-17 04:00:00,16606.0
2014-04-17 05:00:00,17717.0
2014-04-17 06:00:00,19961.0
2014-04-17 07:00:00,20640.0
2014-04-17 08:00:00,24019.0
2014-04-17 09:00:00,30926.0
2014-04-17 10:00:00,30598.0
2014-04-17 11:00:00,31387.0
2014-04-17 12:00:00,36623.0
2014-04-17 13:00:00,34271.0
2014-04-17 14:00:00,34910.0
2014-04-17 15:00:00,34960.0
2014-04-17 16:00:00,34758.0
2014-04-17 17:00:00,35700.0
2014-04-17 18:00:00,35171.0
2014-04-17 19:00:00,33859.0
2014-04-17 20:00:00,32330.0
2014-04-17 21:00:00,32254.0
2014-04-17 22:00:00,29927.0
2014-04-17 23:00:00,29187.0
2014-04-18 00:00:00,23362.0
2014-04-18 01:00:00,18473.0
2014-04-18 02:00:00,17372.0
2014-04-18 03:00:00,15960.0
2014-04-18 04:00:00,16860.0
2014-04-18 05:00:00,17379.0
2014-04-18 06:00:00,19826.0
2014-04-18 07:00:00,20289.0
2014-04-18 08:00:00,22978.0
2014-04-18 09:00:00,30801.0
2014-04-18 10:00:00,34010.0
2014-04-18 11:00:00,33136.0
2014-04-18 12:00:00,32271.0
2014-04-18 13:00:00,32792.0
2014-04-18 14:00:00,33288.0
2014-04-18 15:00:00,31405.0
2014-04-18 16:00:00,33003.0
2014-04-18 17:00:00,32497.0
2014-04-18 18:00:00,33229.0
2014-04-18 19:00:00,32111.0
2014-04-18 20:00:00,31330.0
2014-04-18 21:00:00,30734.0
2014-04-18 22:00:00,28666.0
2014-04-18 23:00:00,26178.0
2014-04-19 00:00:00,21910.0
2014-04-19 01:00:00,16211.0
2014-04-19 02:00:00,15414.0
2014-04-19 03:00:00,14960.0
2014-04-19 04:00:00,15321.0
2014-04-19 05:00:00,15985.0
2014-04-19 06:00:00,17170.0
2014-04-19 07:00:00,18027.0
2014-04-19 08:00:00,20489.0
2014-04-19 09:00:00,27354.0
2014-04-19 10:00:00,28649.0
2014-04-19 11:00:00,28691.0
2014-04-19 12:00:00,28565.0
2014-04-19 13:00:00,28347.0
2014-04-19 14:00:00,28641.0
2014-04-19 15:00:00,28657.0
2014-04-19 16:00:00,30120.0
2014-04-19 17:00:00,30186.0
2014-04-19 18:00:00,29809.0
2014-04-19 19:00:00,30490.0
2014-04-19 20:00:00,31263.0
2014-04-19 21:00:00,30859.0
2014-04-19 22:00:00,29422.0
2014-04-19 23:00:00,27540.0
2014-04-20 00:00:00,22119.0
2014-04-20 01:00:00,16304.0
2014-04-20 02:00:00,15515.0
2014-04-20 03:00:00,15414.0
2014-04-20 04:00:00,15649.0
2014-04-20 05:00:00,16330.0
2014-04-20 06:00:00,17775.0
2014-04-20 07:00:00,18237.0
2014-04-20 08:00:00,20927.0
2014-04-20 09:00:00,27347.0
2014-04-20 10:00:00,27347.0
2014-04-20 11:00:00,27726.0
2014-04-20 12:00:00,27498.0
2014-04-20 13:00:00,27783.0
2014-04-20 14:00:00,27902.0
2014-04-20 15:00:00,26835.0
2014-04-20 16:00:00,26883.0
2014-04-20 17:00:00,26490.0
2014-04-20 18:00:00,27751.0
2014-04-20 19:00:00,23825.0
2014-04-20 20:00:00,22750.0
2014-04-20 21:00:00,22650.0
2014-04-20 22:00:00,22641.0
2014-04-20 23:00:00,22372.0
2014-04-21 00:00:00,20363.0
2014-04-21 01:00:00,16893.0
2014-04-21 02:00:00,16111.0
2014-04-21 03:00:00,16649.0
2014-04-21 04:00:00,16346.0
2014-04-21 05:00:00,17044.0
2014-04-21 06:00:00,19817.0
2014-04-21 07:00:00,24548.0
2014-04-21 08:00:00,31691.0
2014-04-21 09:00:00,32952.0
2014-04-21 10:00:00,29725.0
2014-04-21 11:00:00,27480.0
2014-04-21 12:00:00,27591.0
2014-04-21 13:00:00,29355.0
2014-04-21 14:00:00,28994.0
2014-04-21 15:00:00,28186.0
2014-04-21 16:00:00,28582.0
2014-04-21 17:00:00,28540.0
2014-04-21 18:00:00,28994.0
2014-04-21 19:00:00,28875.0
2014-04-21 20:00:00,29312.0
2014-04-21 21:00:00,29666.0
2014-04-21 22:00:00,26716.0
2014-04-21 23:00:00,22675.0
2014-04-22 00:00:00,17858.0
2014-04-22 01:00:00,15792.0
2014-04-22 02:00:00,14800.0
2014-04-22 03:00:00,14313.0
2014-04-22 04:00:00,14792.0
2014-04-22 05:00:00,15675.0
2014-04-22 06:00:00,18086.0
2014-04-22 07:00:00,18993.0
2014-04-22 08:00:00,22111.0
2014-04-22 09:00:00,28808.0
2014-04-22 10:00:00,29329.0
2014-04-22 11:00:00,28809.0
2014-04-22 12:00:00,29052.0
2014-04-22 13:00:00,29422.0
2014-04-22 14:00:00,29414.0
2014-04-22 15:00:00,29364.0
2014-04-22 16:00:00,29876.0
2014-04-22 17:00:00,29532.0
2014-04-22 18:00:00,30019.0
2014-04-22 19:00:00,30136.0
2014-04-22 20:00:00,30574.0
2014-04-22 21:00:00,30137.0
2014-04-22 22:00:00,27725.0
2014-04-22 23:00:00,22732.0
2014-04-23 00:00:00,17691.0
2014-04-23 01:00:00,15994.0
2014-04-23 02:00:00,15044.0
2014-04-23 03:00:00,14406.0
2014-04-23 04:00:00,14607.0
2014-04-23 05:00:00,16270.0
2014-04-23 06:00:00,18170.0
2014-04-23 07:00:00,18927.0
2014-04-23 08:00:00,21229.0
2014-04-23 09:00:00,28691.0
2014-04-23 10:00:00,27791.0
2014-04-23 11:00:00,28397.0
2014-04-23 12:00:00,29087.0
2014-04-23 13:00:00,29531.0
2014-04-23 14:00:00,29835.0
2014-04-23 15:00:00,30044.0
2014-04-23 16:00:00,29136.0
2014-04-23 17:00:00,29506.0
2014-04-23 18:00:00,29380.0
2014-04-23 19:00:00,29438.0
2014-04-23 20:00:00,29246.0
2014-04-23 21:00:00,29481.0
2014-04-23 22:00:00,27288.0
2014-04-23 23:00:00,22397.0
2014-04-24 00:00:00,17010.0
2014-04-24 01:00:00,15305.0
2014-04-24 02:00:00,14724.0
2014-04-24 03:00:00,14473.0
2014-04-24 04:00:00,14439.0
2014-04-24 05:00:00,15195.0
2014-04-24 06:00:00,17262.0
2014-04-24 07:00:00,17431.0
2014-04-24 08:00:00,20641.0
2014-04-24 09:00:00,26993.0
2014-04-24 10:00:00,28473.0
2014-04-24 11:00:00,28061.0
2014-04-24 12:00:00,28791.0
2014-04-24 13:00:00,28978.0
2014-04-24 14:00:00,28633.0
2014-04-24 15:00:00,28119.0
2014-04-24 16:00:00,28984.0
2014-04-24 17:00:00,28675.0
2014-04-24 18:00:00,28943.0
2014-04-24 19:00:00,29111.0
2014-04-24 20:00:00,29095.0
2014-04-24 21:00:00,28389.0
2014-04-24 22:00:00,26767.0
2014-04-24 23:00:00,25675.0
2014-04-25 00:00:00,20196.0
2014-04-25 01:00:00,15783.0
2014-04-25 02:00:00,14842.0
2014-04-25 03:00:00,13658.0
2014-04-25 04:00:00,14161.0
2014-04-25 05:00:00,14438.0
2014-04-25 06:00:00,16944.0
2014-04-25 07:00:00,17043.0
2014-04-25 08:00:00,20474.0
2014-04-25 09:00:00,27439.0
2014-04-25 10:00:00,27464.0
2014-04-25 11:00:00,28011.0
2014-04-25 12:00:00,28085.0
2014-04-25 13:00:00,28061.0
2014-04-25 14:00:00,27490.0
2014-04-25 15:00:00,26825.0
2014-04-25 16:00:00,27808.0
2014-04-25 17:00:00,28128.0
2014-04-25 18:00:00,28422.0
2014-04-25 19:00:00,28808.0
2014-04-25 20:00:00,29885.0
2014-04-25 21:00:00,28909.0
2014-04-25 22:00:00,27271.0
2014-04-25 23:00:00,26204.0
2014-04-26 00:00:00,20515.0
2014-04-26 01:00:00,15876.0
2014-04-26 02:00:00,15103.0
2014-04-26 03:00:00,14388.0
2014-04-26 04:00:00,15028.0
2014-04-26 05:00:00,15784.0
2014-04-26 06:00:00,17020.0
2014-04-26 07:00:00,18229.0
2014-04-26 08:00:00,22440.0
2014-04-26 09:00:00,28574.0
2014-04-26 10:00:00,29414.0
2014-04-26 11:00:00,29582.0
2014-04-26 12:00:00,29784.0
2014-04-26 13:00:00,29893.0
2014-04-26 14:00:00,28430.0
2014-04-26 15:00:00,28010.0
2014-04-26 16:00:00,28683.0
2014-04-26 17:00:00,28599.0
2014-04-26 18:00:00,29304.0
2014-04-26 19:00:00,29028.0
2014-04-26 20:00:00,29338.0
2014-04-26 21:00:00,29356.0
2014-04-26 22:00:00,27834.0
2014-04-26 23:00:00,26279.0
2014-04-27 00:00:00,20674.0
2014-04-27 01:00:00,16598.0
2014-04-27 02:00:00,15497.0
2014-04-27 03:00:00,15094.0
2014-04-27 04:00:00,15657.0
2014-04-27 05:00:00,15254.0
2014-04-27 06:00:00,16893.0
2014-04-27 07:00:00,17624.0
2014-04-27 08:00:00,20507.0
2014-04-27 09:00:00,27683.0
2014-04-27 10:00:00,27497.0
2014-04-27 11:00:00,26531.0
2014-04-27 12:00:00,27380.0
2014-04-27 13:00:00,27111.0
2014-04-27 14:00:00,27666.0
2014-04-27 15:00:00,27162.0
2014-04-27 16:00:00,27800.0
2014-04-27 17:00:00,28363.0
2014-04-27 18:00:00,28540.0
2014-04-27 19:00:00,28934.0
2014-04-27 20:00:00,29715.0
2014-04-27 21:00:00,29338.0
2014-04-27 22:00:00,26724.0
2014-04-27 23:00:00,21968.0
2014-04-28 00:00:00,16624.0
2014-04-28 01:00:00,14716.0
2014-04-28 02:00:00,14001.0
2014-04-28 03:00:00,14010.0
2014-04-28 04:00:00,14733.0
2014-04-28 05:00:00,15573.0
2014-04-28 06:00:00,17111.0
2014-04-28 07:00:00,18035.0
2014-04-28 08:00:00,20616.0
2014-04-28 09:00:00,28801.0
2014-04-28 10:00:00,29943.0
2014-04-28 11:00:00,30229.0
2014-04-28 12:00:00,30044.0
2014-04-28 13:00:00,30397.0
2014-04-28 14:00:00,30253.0
2014-04-28 15:00:00,29985.0
2014-04-28 16:00:00,31202.0
2014-04-28 17:00:00,30692.0
2014-04-28 18:00:00,30413.0
2014-04-28 19:00:00,29522.0
2014-04-28 20:00:00,30144.0
2014-04-28 21:00:00,29255.0
2014-04-28 22:00:00,27010.0
2014-04-28 23:00:00,21320.0
2014-04-29 00:00:00,16741.0
2014-04-29 01:00:00,14825.0
2014-04-29 02:00:00,14465.0
2014-04-29 03:00:00,14245.0
2014-04-29 04:00:00,14927.0
2014-04-29 05:00:00,15935.0
2014-04-29 06:00:00,17296.0
2014-04-29 07:00:00,18288.0
2014-04-29 08:00:00,21102.0
2014-04-29 09:00:00,28254.0
2014-04-29 10:00:00,28842.0
2014-04-29 11:00:00,28271.0
2014-04-29 12:00:00,29011.0
2014-04-29 13:00:00,29329.0
2014-04-29 14:00:00,28910.0
2014-04-29 15:00:00,28775.0
2014-04-29 16:00:00,29338.0
2014-04-29 17:00:00,30069.0
2014-04-29 18:00:00,30153.0
2014-04-29 19:00:00,29649.0
2014-04-29 20:00:00,30356.0
2014-04-29 21:00:00,30313.0
2014-04-29 22:00:00,27522.0
2014-04-29 23:00:00,22876.0
2014-04-30 00:00:00,17607.0
2014-04-30 01:00:00,15961.0
2014-04-30 02:00:00,15263.0
2014-04-30 03:00:00,14918.0
2014-04-30 04:00:00,15691.0
2014-04-30 05:00:00,16506.0
2014-04-30 06:00:00,18018.0
2014-04-30 07:00:00,18960.0
2014-04-30 08:00:00,22195.0
2014-04-30 09:00:00,29472.0
2014-04-30 10:00:00,30489.0
2014-04-30 11:00:00,29834.0
2014-04-30 12:00:00,30599.0
2014-04-30 13:00:00,29573.0
2014-04-30 14:00:00,29632.0
2014-04-30 15:00:00,30194.0
2014-04-30 16:00:00,29766.0
2014-04-30 17:00:00,30103.0
2014-04-30 18:00:00,30766.0
2014-04-30 19:00:00,30892.0
2014-04-30 20:00:00,30784.0
2014-04-30 21:00:00,30724.0
2014-04-30 22:00:00,28212.0
2014-04-30 23:00:00,27070.0
2014-05-01 00:00:00,21346.0
2014-05-01 01:00:00,16506.0
2014-05-01 02:00:00,15330.0
2014-05-01 03:00:00,15204.0
2014-05-01 04:00:00,15371.0
2014-05-01 05:00:00,15808.0
2014-05-01 06:00:00,17112.0
2014-05-01 07:00:00,17380.0
2014-05-01 08:00:00,20431.0
2014-05-01 09:00:00,26253.0
2014-05-01 10:00:00,25490.0
2014-05-01 11:00:00,26195.0
2014-05-01 12:00:00,27363.0
2014-05-01 13:00:00,27514.0
2014-05-01 14:00:00,28120.0
2014-05-01 15:00:00,28288.0
2014-05-01 16:00:00,28640.0
2014-05-01 17:00:00,28658.0
2014-05-01 18:00:00,29229.0
2014-05-01 19:00:00,28725.0
2014-05-01 20:00:00,28463.0
2014-05-01 21:00:00,28532.0
2014-05-01 22:00:00,27144.0
2014-05-01 23:00:00,22768.0
2014-05-02 00:00:00,17876.0
2014-05-02 01:00:00,16287.0
2014-05-02 02:00:00,15347.0
2014-05-02 03:00:00,14809.0
2014-05-02 04:00:00,15069.0
2014-05-02 05:00:00,15750.0
2014-05-02 06:00:00,17002.0
2014-05-02 07:00:00,17859.0
2014-05-02 08:00:00,21775.0
2014-05-02 09:00:00,29321.0
2014-05-02 10:00:00,29154.0
2014-05-02 11:00:00,29019.0
2014-05-02 12:00:00,30229.0
2014-05-02 13:00:00,30272.0
2014-05-02 14:00:00,30514.0
2014-05-02 15:00:00,28918.0
2014-05-02 16:00:00,30666.0
2014-05-02 17:00:00,30523.0
2014-05-02 18:00:00,30330.0
2014-05-02 19:00:00,30229.0
2014-05-02 20:00:00,30305.0
2014-05-02 21:00:00,29850.0
2014-05-02 22:00:00,27750.0
2014-05-02 23:00:00,26918.0
2014-05-03 00:00:00,21993.0
2014-05-03 01:00:00,17078.0
2014-05-03 02:00:00,15884.0
2014-05-03 03:00:00,15926.0
2014-05-03 04:00:00,16355.0
2014-05-03 05:00:00,16153.0
2014-05-03 06:00:00,17380.0
2014-05-03 07:00:00,18506.0
2014-05-03 08:00:00,21161.0
2014-05-03 09:00:00,27044.0
2014-05-03 10:00:00,26011.0
2014-05-03 11:00:00,26658.0
2014-05-03 12:00:00,27792.0
2014-05-03 13:00:00,28481.0
2014-05-03 14:00:00,28356.0
2014-05-03 15:00:00,28304.0
2014-05-03 16:00:00,28901.0
2014-05-03 17:00:00,28759.0
2014-05-03 18:00:00,29179.0
2014-05-03 19:00:00,30783.0
2014-05-03 20:00:00,30716.0
2014-05-03 21:00:00,31196.0
2014-05-03 22:00:00,29052.0
2014-05-03 23:00:00,28263.0
2014-05-04 00:00:00,22254.0
2014-05-04 01:00:00,17002.0
2014-05-04 02:00:00,16246.0
2014-05-04 03:00:00,15734.0
2014-05-04 04:00:00,16146.0
2014-05-04 05:00:00,16506.0
2014-05-04 06:00:00,17766.0
2014-05-04 07:00:00,18590.0
2014-05-04 08:00:00,21875.0
2014-05-04 09:00:00,26960.0
2014-05-04 10:00:00,26439.0
2014-05-04 11:00:00,27380.0
2014-05-04 12:00:00,28178.0
2014-05-04 13:00:00,28850.0
2014-05-04 14:00:00,28489.0
2014-05-04 15:00:00,27969.0
2014-05-04 16:00:00,28447.0
2014-05-04 17:00:00,28960.0
2014-05-04 18:00:00,28952.0
2014-05-04 19:00:00,30456.0
2014-05-04 20:00:00,31145.0
2014-05-04 21:00:00,30733.0
2014-05-04 22:00:00,28254.0
2014-05-04 23:00:00,22784.0
2014-05-05 00:00:00,17834.0
2014-05-05 01:00:00,16010.0
2014-05-05 02:00:00,15186.0
2014-05-05 03:00:00,15019.0
2014-05-05 04:00:00,15263.0
2014-05-05 05:00:00,16020.0
2014-05-05 06:00:00,17447.0
2014-05-05 07:00:00,18347.0
2014-05-05 08:00:00,21405.0
2014-05-05 09:00:00,28724.0
2014-05-05 10:00:00,29615.0
2014-05-05 11:00:00,29817.0
2014-05-05 12:00:00,29935.0
2014-05-05 13:00:00,30406.0
2014-05-05 14:00:00,29186.0
2014-05-05 15:00:00,28573.0
2014-05-05 16:00:00,30372.0
2014-05-05 17:00:00,29380.0
2014-05-05 18:00:00,30388.0
2014-05-05 19:00:00,30430.0
2014-05-05 20:00:00,30632.0
2014-05-05 21:00:00,30162.0
2014-05-05 22:00:00,27725.0
2014-05-05 23:00:00,24220.0
2014-05-06 00:00:00,18506.0
2014-05-06 01:00:00,15767.0
2014-05-06 02:00:00,15145.0
2014-05-06 03:00:00,14641.0
2014-05-06 04:00:00,15044.0
2014-05-06 05:00:00,16044.0
2014-05-06 06:00:00,17615.0
2014-05-06 07:00:00,18355.0
2014-05-06 08:00:00,21152.0
2014-05-06 09:00:00,28498.0
2014-05-06 10:00:00,28523.0
2014-05-06 11:00:00,28371.0
2014-05-06 12:00:00,28413.0
2014-05-06 13:00:00,28254.0
2014-05-06 14:00:00,28364.0
2014-05-06 15:00:00,27515.0
2014-05-06 16:00:00,28775.0
2014-05-06 17:00:00,29279.0
2014-05-06 18:00:00,30582.0
2014-05-06 19:00:00,30691.0
2014-05-06 20:00:00,31221.0
2014-05-06 21:00:00,30784.0
2014-05-06 22:00:00,28725.0
2014-05-06 23:00:00,24649.0
2014-05-07 00:00:00,18598.0
2014-05-07 01:00:00,16851.0
2014-05-07 02:00:00,16195.0
2014-05-07 03:00:00,15825.0
2014-05-07 04:00:00,15825.0
2014-05-07 05:00:00,16338.0
2014-05-07 06:00:00,17564.0
2014-05-07 07:00:00,18145.0
2014-05-07 08:00:00,20935.0
2014-05-07 09:00:00,27489.0
2014-05-07 10:00:00,27490.0
2014-05-07 11:00:00,28061.0
2014-05-07 12:00:00,27918.0
2014-05-07 13:00:00,28203.0
2014-05-07 14:00:00,27767.0
2014-05-07 15:00:00,28497.0
2014-05-07 16:00:00,28422.0
2014-05-07 17:00:00,28994.0
2014-05-07 18:00:00,29699.0
2014-05-07 19:00:00,29976.0
2014-05-07 20:00:00,29901.0
2014-05-07 21:00:00,30430.0
2014-05-07 22:00:00,27784.0
2014-05-07 23:00:00,22842.0
2014-05-08 00:00:00,18001.0
2014-05-08 01:00:00,15456.0
2014-05-08 02:00:00,14725.0
2014-05-08 03:00:00,14524.0
2014-05-08 04:00:00,14766.0
2014-05-08 05:00:00,16102.0
2014-05-08 06:00:00,18491.0
2014-05-08 07:00:00,19431.0
2014-05-08 08:00:00,21675.0
2014-05-08 09:00:00,28826.0
2014-05-08 10:00:00,29035.0
2014-05-08 11:00:00,28406.0
2014-05-08 12:00:00,29002.0
2014-05-08 13:00:00,29431.0
2014-05-08 14:00:00,29330.0
2014-05-08 15:00:00,29002.0
2014-05-08 16:00:00,29523.0
2014-05-08 17:00:00,28666.0
2014-05-08 18:00:00,28969.0
2014-05-08 19:00:00,29909.0
2014-05-08 20:00:00,30270.0
2014-05-08 21:00:00,30363.0
2014-05-08 22:00:00,27733.0
2014-05-08 23:00:00,23682.0
2014-05-09 00:00:00,19194.0
2014-05-09 01:00:00,17211.0
2014-05-09 02:00:00,16834.0
2014-05-09 03:00:00,15994.0
2014-05-09 04:00:00,16194.0
2014-05-09 05:00:00,16886.0
2014-05-09 06:00:00,19389.0
2014-05-09 07:00:00,19968.0
2014-05-09 08:00:00,22489.0
2014-05-09 09:00:00,28414.0
2014-05-09 10:00:00,28909.0
2014-05-09 11:00:00,29102.0
2014-05-09 12:00:00,29733.0
2014-05-09 13:00:00,30499.0
2014-05-09 14:00:00,29993.0
2014-05-09 15:00:00,28960.0
2014-05-09 16:00:00,29767.0
2014-05-09 17:00:00,29750.0
2014-05-09 18:00:00,29850.0
2014-05-09 19:00:00,30314.0
2014-05-09 20:00:00,30338.0
2014-05-09 21:00:00,30926.0
2014-05-09 22:00:00,28204.0
2014-05-09 23:00:00,27027.0
2014-05-10 00:00:00,21589.0
2014-05-10 01:00:00,16532.0
2014-05-10 02:00:00,15674.0
2014-05-10 03:00:00,15902.0
2014-05-10 04:00:00,15834.0
2014-05-10 05:00:00,16481.0
2014-05-10 06:00:00,18875.0
2014-05-10 07:00:00,19264.0
2014-05-10 08:00:00,22338.0
2014-05-10 09:00:00,28666.0
2014-05-10 10:00:00,28951.0
2014-05-10 11:00:00,28540.0
2014-05-10 12:00:00,28035.0
2014-05-10 13:00:00,28867.0
2014-05-10 14:00:00,28422.0
2014-05-10 15:00:00,27842.0
2014-05-10 16:00:00,28490.0
2014-05-10 17:00:00,28271.0
2014-05-10 18:00:00,29001.0
2014-05-10 19:00:00,29623.0
2014-05-10 20:00:00,30020.0
2014-05-10 21:00:00,30548.0
2014-05-10 22:00:00,28615.0
2014-05-10 23:00:00,27633.0
2014-05-11 00:00:00,22523.0
2014-05-11 01:00:00,17431.0
2014-05-11 02:00:00,16438.0
2014-05-11 03:00:00,15977.0
2014-05-11 04:00:00,15825.0
2014-05-11 05:00:00,16473.0
2014-05-11 06:00:00,17792.0
2014-05-11 07:00:00,18128.0
2014-05-11 08:00:00,20102.0
2014-05-11 09:00:00,25280.0
2014-05-11 10:00:00,25969.0
2014-05-11 11:00:00,25699.0
2014-05-11 12:00:00,25439.0
2014-05-11 13:00:00,26422.0
2014-05-11 14:00:00,26506.0
2014-05-11 15:00:00,26229.0
2014-05-11 16:00:00,26993.0
2014-05-11 17:00:00,26238.0
2014-05-11 18:00:00,27002.0
2014-05-11 19:00:00,29430.0
2014-05-11 20:00:00,29969.0
2014-05-11 21:00:00,30095.0
2014-05-11 22:00:00,27759.0
2014-05-11 23:00:00,22767.0
2014-05-12 00:00:00,17044.0
2014-05-12 01:00:00,15540.0
2014-05-12 02:00:00,15295.0
2014-05-12 03:00:00,14826.0
2014-05-12 04:00:00,15279.0
2014-05-12 05:00:00,15876.0
2014-05-12 06:00:00,16574.0
2014-05-12 07:00:00,17489.0
2014-05-12 08:00:00,20498.0
2014-05-12 09:00:00,27137.0
2014-05-12 10:00:00,27531.0
2014-05-12 11:00:00,27136.0
2014-05-12 12:00:00,27909.0
2014-05-12 13:00:00,27851.0
2014-05-12 14:00:00,27952.0
2014-05-12 15:00:00,28431.0
2014-05-12 16:00:00,28699.0
2014-05-12 17:00:00,28775.0
2014-05-12 18:00:00,29196.0
2014-05-12 19:00:00,30078.0
2014-05-12 20:00:00,29808.0
2014-05-12 21:00:00,30280.0
2014-05-12 22:00:00,27565.0
2014-05-12 23:00:00,23095.0
2014-05-13 00:00:00,18128.0
2014-05-13 01:00:00,16304.0
2014-05-13 02:00:00,14792.0
2014-05-13 03:00:00,14522.0
2014-05-13 04:00:00,14649.0
2014-05-13 05:00:00,15237.0
2014-05-13 06:00:00,16616.0
2014-05-13 07:00:00,17649.0
2014-05-13 08:00:00,21094.0
2014-05-13 09:00:00,26818.0
2014-05-13 10:00:00,27305.0
2014-05-13 11:00:00,27565.0
2014-05-13 12:00:00,28212.0
2014-05-13 13:00:00,28859.0
2014-05-13 14:00:00,28489.0
2014-05-13 15:00:00,28447.0
2014-05-13 16:00:00,29742.0
2014-05-13 17:00:00,28776.0
2014-05-13 18:00:00,28489.0
2014-05-13 19:00:00,29691.0
2014-05-13 20:00:00,29918.0
2014-05-13 21:00:00,30936.0
2014-05-13 22:00:00,28238.0
2014-05-13 23:00:00,24060.0
2014-05-14 00:00:00,19330.0
2014-05-14 01:00:00,18925.0
2014-05-14 02:00:00,19708.0
2014-05-14 03:00:00,19019.0
2014-05-14 04:00:00,16808.0
2014-05-14 05:00:00,15447.0
2014-05-14 06:00:00,16254.0
2014-05-14 07:00:00,17229.0
2014-05-14 08:00:00,19808.0
2014-05-14 09:00:00,25582.0
2014-05-14 10:00:00,26632.0
2014-05-14 11:00:00,27069.0
2014-05-14 12:00:00,28740.0
2014-05-14 13:00:00,28271.0
2014-05-14 14:00:00,29372.0
2014-05-14 15:00:00,29691.0
2014-05-14 16:00:00,31111.0
2014-05-14 17:00:00,31128.0
2014-05-14 18:00:00,30280.0
2014-05-14 19:00:00,30389.0
2014-05-14 20:00:00,30455.0
2014-05-14 21:00:00,30313.0
2014-05-14 22:00:00,28649.0
2014-05-14 23:00:00,24355.0
2014-05-15 00:00:00,19052.0
2014-05-15 01:00:00,17616.0
2014-05-15 02:00:00,17144.0
2014-05-15 03:00:00,16816.0
2014-05-15 04:00:00,16607.0
2014-05-15 05:00:00,16884.0
2014-05-15 06:00:00,17993.0
2014-05-15 07:00:00,18532.0
2014-05-15 08:00:00,21061.0
2014-05-15 09:00:00,27161.0
2014-05-15 10:00:00,27355.0
2014-05-15 11:00:00,28649.0
2014-05-15 12:00:00,29272.0
2014-05-15 13:00:00,29397.0
2014-05-15 14:00:00,29842.0
2014-05-15 15:00:00,30573.0
2014-05-15 16:00:00,31027.0
2014-05-15 17:00:00,31212.0
2014-05-15 18:00:00,30531.0
2014-05-15 19:00:00,31304.0
2014-05-15 20:00:00,31052.0
2014-05-15 21:00:00,30296.0
2014-05-15 22:00:00,28490.0
2014-05-15 23:00:00,23976.0
2014-05-16 00:00:00,18766.0
2014-05-16 01:00:00,16851.0
2014-05-16 02:00:00,16204.0
2014-05-16 03:00:00,15791.0
2014-05-16 04:00:00,16060.0
2014-05-16 05:00:00,16901.0
2014-05-16 06:00:00,18363.0
2014-05-16 07:00:00,19690.0
2014-05-16 08:00:00,21497.0
2014-05-16 09:00:00,28590.0
2014-05-16 10:00:00,28700.0
2014-05-16 11:00:00,29631.0
2014-05-16 12:00:00,30733.0
2014-05-16 13:00:00,29850.0
2014-05-16 14:00:00,30187.0
2014-05-16 15:00:00,29749.0
2014-05-16 16:00:00,30749.0
2014-05-16 17:00:00,30497.0
2014-05-16 18:00:00,30717.0
2014-05-16 19:00:00,31708.0
2014-05-16 20:00:00,31027.0
2014-05-16 21:00:00,31127.0
2014-05-16 22:00:00,28691.0
2014-05-16 23:00:00,28354.0
2014-05-17 00:00:00,23304.0
2014-05-17 01:00:00,18212.0
2014-05-17 02:00:00,16909.0
2014-05-17 03:00:00,16036.0
2014-05-17 04:00:00,16212.0
2014-05-17 05:00:00,16565.0
2014-05-17 06:00:00,17667.0
2014-05-17 07:00:00,18776.0
2014-05-17 08:00:00,21455.0
2014-05-17 09:00:00,27094.0
2014-05-17 10:00:00,27388.0
2014-05-17 11:00:00,28254.0
2014-05-17 12:00:00,31893.0
2014-05-17 13:00:00,33262.0
2014-05-17 14:00:00,32666.0
2014-05-17 15:00:00,33053.0
2014-05-17 16:00:00,33128.0
2014-05-17 17:00:00,32397.0
2014-05-17 18:00:00,33195.0
2014-05-17 19:00:00,32934.0
2014-05-17 20:00:00,31018.0
2014-05-17 21:00:00,30952.0
2014-05-17 22:00:00,29339.0
2014-05-17 23:00:00,28306.0
2014-05-18 00:00:00,22144.0
2014-05-18 01:00:00,17129.0
2014-05-18 02:00:00,16204.0
2014-05-18 03:00:00,15909.0
2014-05-18 04:00:00,16490.0
2014-05-18 05:00:00,17018.0
2014-05-18 06:00:00,18825.0
2014-05-18 07:00:00,19934.0
2014-05-18 08:00:00,21809.0
2014-05-18 09:00:00,26498.0
2014-05-18 10:00:00,26566.0
2014-05-18 11:00:00,27036.0
2014-05-18 12:00:00,27733.0
2014-05-18 13:00:00,28019.0
2014-05-18 14:00:00,28288.0
2014-05-18 15:00:00,27665.0
2014-05-18 16:00:00,28220.0
2014-05-18 17:00:00,28304.0
2014-05-18 18:00:00,28834.0
2014-05-18 19:00:00,30019.0
2014-05-18 20:00:00,30035.0
2014-05-18 21:00:00,29951.0
2014-05-18 22:00:00,27699.0
2014-05-18 23:00:00,23944.0
2014-05-19 00:00:00,18086.0
2014-05-19 01:00:00,15775.0
2014-05-19 02:00:00,15304.0
2014-05-19 03:00:00,15061.0
2014-05-19 04:00:00,15095.0
2014-05-19 05:00:00,15834.0
2014-05-19 06:00:00,17598.0
2014-05-19 07:00:00,18599.0
2014-05-19 08:00:00,21397.0
2014-05-19 09:00:00,27481.0
2014-05-19 10:00:00,28666.0
2014-05-19 11:00:00,28121.0
2014-05-19 12:00:00,26876.0
2014-05-19 13:00:00,27506.0
2014-05-19 14:00:00,25801.0
2014-05-19 15:00:00,25414.0
2014-05-19 16:00:00,26549.0
2014-05-19 17:00:00,27741.0
2014-05-19 18:00:00,27456.0
2014-05-19 19:00:00,28322.0
2014-05-19 20:00:00,28800.0
2014-05-19 21:00:00,29127.0
2014-05-19 22:00:00,26640.0
2014-05-19 23:00:00,22254.0
2014-05-20 00:00:00,17103.0
2014-05-20 01:00:00,14598.0
2014-05-20 02:00:00,13733.0
2014-05-20 03:00:00,13901.0
2014-05-20 04:00:00,14077.0
2014-05-20 05:00:00,15254.0
2014-05-20 06:00:00,16346.0
2014-05-20 07:00:00,17936.0
2014-05-20 08:00:00,20506.0
2014-05-20 09:00:00,26465.0
2014-05-20 10:00:00,26968.0
2014-05-20 11:00:00,26742.0
2014-05-20 12:00:00,27154.0
2014-05-20 13:00:00,27145.0
2014-05-20 14:00:00,26649.0
2014-05-20 15:00:00,27615.0
2014-05-20 16:00:00,28624.0
2014-05-20 17:00:00,28750.0
2014-05-20 18:00:00,28825.0
2014-05-20 19:00:00,28648.0
2014-05-20 20:00:00,28297.0
2014-05-20 21:00:00,27860.0
2014-05-20 22:00:00,25816.0
2014-05-20 23:00:00,21472.0
2014-05-21 00:00:00,17019.0
2014-05-21 01:00:00,15069.0
2014-05-21 02:00:00,14354.0
2014-05-21 03:00:00,13523.0
2014-05-21 04:00:00,13876.0
2014-05-21 05:00:00,14699.0
2014-05-21 06:00:00,16111.0
2014-05-21 07:00:00,16447.0
2014-05-21 08:00:00,19011.0
2014-05-21 09:00:00,26053.0
2014-05-21 10:00:00,26834.0
2014-05-21 11:00:00,26212.0
2014-05-21 12:00:00,27052.0
2014-05-21 13:00:00,26356.0
2014-05-21 14:00:00,26263.0
2014-05-21 15:00:00,25919.0
2014-05-21 16:00:00,26397.0
2014-05-21 17:00:00,27254.0
2014-05-21 18:00:00,27388.0
2014-05-21 19:00:00,27851.0
2014-05-21 20:00:00,27951.0
2014-05-21 21:00:00,28078.0
2014-05-21 22:00:00,26002.0
2014-05-21 23:00:00,21363.0
2014-05-22 00:00:00,16397.0
2014-05-22 01:00:00,14742.0
2014-05-22 02:00:00,14430.0
2014-05-22 03:00:00,14103.0
2014-05-22 04:00:00,14716.0
2014-05-22 05:00:00,15171.0
2014-05-22 06:00:00,16742.0
2014-05-22 07:00:00,17952.0
2014-05-22 08:00:00,20355.0
2014-05-22 09:00:00,26523.0
2014-05-22 10:00:00,17346.0
2014-05-22 11:00:00,25557.0
2014-05-22 12:00:00,27087.0
2014-05-22 13:00:00,27053.0
2014-05-22 14:00:00,26918.0
2014-05-22 15:00:00,26877.0
2014-05-22 16:00:00,27422.0
2014-05-22 17:00:00,28119.0
2014-05-22 18:00:00,28708.0
2014-05-22 19:00:00,29211.0
2014-05-22 20:00:00,29236.0
2014-05-22 21:00:00,29228.0
2014-05-22 22:00:00,26716.0
2014-05-22 23:00:00,21976.0
2014-05-23 00:00:00,16985.0
2014-05-23 01:00:00,15128.0
2014-05-23 02:00:00,14985.0
2014-05-23 03:00:00,14120.0
2014-05-23 04:00:00,15338.0
2014-05-23 05:00:00,15658.0
2014-05-23 06:00:00,16742.0
2014-05-23 07:00:00,17598.0
2014-05-23 08:00:00,20254.0
2014-05-23 09:00:00,26212.0
2014-05-23 10:00:00,26507.0
2014-05-23 11:00:00,26439.0
2014-05-23 12:00:00,26902.0
2014-05-23 13:00:00,26767.0
2014-05-23 14:00:00,27043.0
2014-05-23 15:00:00,26464.0
2014-05-23 16:00:00,26977.0
2014-05-23 17:00:00,27606.0
2014-05-23 18:00:00,27095.0
2014-05-23 19:00:00,27658.0
2014-05-23 20:00:00,27607.0
2014-05-23 21:00:00,28304.0
2014-05-23 22:00:00,26732.0
2014-05-23 23:00:00,25288.0
2014-05-24 00:00:00,19800.0
2014-05-24 01:00:00,14860.0
2014-05-24 02:00:00,13624.0
2014-05-24 03:00:00,13431.0
2014-05-24 04:00:00,13774.0
2014-05-24 05:00:00,14566.0
2014-05-24 06:00:00,15371.0
2014-05-24 07:00:00,16346.0
2014-05-24 08:00:00,19330.0
2014-05-24 09:00:00,25313.0
2014-05-24 10:00:00,25489.0
2014-05-24 11:00:00,26313.0
2014-05-24 12:00:00,27280.0
2014-05-24 13:00:00,26524.0
2014-05-24 14:00:00,26767.0
2014-05-24 15:00:00,26313.0
2014-05-24 16:00:00,25767.0
2014-05-24 17:00:00,26019.0
2014-05-24 18:00:00,26607.0
2014-05-24 19:00:00,27136.0
2014-05-24 20:00:00,27876.0
2014-05-24 21:00:00,27531.0
2014-05-24 22:00:00,26623.0
2014-05-24 23:00:00,25195.0
2014-05-25 00:00:00,19910.0
2014-05-25 01:00:00,14086.0
2014-05-25 02:00:00,13447.0
2014-05-25 03:00:00,12961.0
2014-05-25 04:00:00,13372.0
2014-05-25 05:00:00,14161.0
2014-05-25 06:00:00,15590.0
2014-05-25 07:00:00,17195.0
2014-05-25 08:00:00,19406.0
2014-05-25 09:00:00,24380.0
2014-05-25 10:00:00,23742.0
2014-05-25 11:00:00,25178.0
2014-05-25 12:00:00,23691.0
2014-05-25 13:00:00,24305.0
2014-05-25 14:00:00,24086.0
2014-05-25 15:00:00,23548.0
2014-05-25 16:00:00,25044.0
2014-05-25 17:00:00,25119.0
2014-05-25 18:00:00,25574.0
2014-05-25 19:00:00,27758.0
2014-05-25 20:00:00,27179.0
2014-05-25 21:00:00,28002.0
2014-05-25 22:00:00,25313.0
2014-05-25 23:00:00,20834.0
2014-05-26 00:00:00,15598.0
2014-05-26 01:00:00,13776.0
2014-05-26 02:00:00,12826.0
2014-05-26 03:00:00,12767.0
2014-05-26 04:00:00,13355.0
2014-05-26 05:00:00,14246.0
2014-05-26 06:00:00,15430.0
2014-05-26 07:00:00,16524.0
2014-05-26 08:00:00,19524.0
2014-05-26 09:00:00,26295.0
2014-05-26 10:00:00,25262.0
2014-05-26 11:00:00,25094.0
2014-05-26 12:00:00,25288.0
2014-05-26 13:00:00,26035.0
2014-05-26 14:00:00,26936.0
2014-05-26 15:00:00,26430.0
2014-05-26 16:00:00,27187.0
2014-05-26 17:00:00,27927.0
2014-05-26 18:00:00,27666.0
2014-05-26 19:00:00,27506.0
2014-05-26 20:00:00,26951.0
2014-05-26 21:00:00,27414.0
2014-05-26 22:00:00,25716.0
2014-05-26 23:00:00,21162.0
2014-05-27 00:00:00,16162.0
2014-05-27 01:00:00,14414.0
2014-05-27 02:00:00,13491.0
2014-05-27 03:00:00,13263.0
2014-05-27 04:00:00,13314.0
2014-05-27 05:00:00,14607.0
2014-05-27 06:00:00,16010.0
2014-05-27 07:00:00,16894.0
2014-05-27 08:00:00,19556.0
2014-05-27 09:00:00,25951.0
2014-05-27 10:00:00,25162.0
2014-05-27 11:00:00,25926.0
2014-05-27 12:00:00,26649.0
2014-05-27 13:00:00,26591.0
2014-05-27 14:00:00,27253.0
2014-05-27 15:00:00,26734.0
2014-05-27 16:00:00,27716.0
2014-05-27 17:00:00,28598.0
2014-05-27 18:00:00,28851.0
2014-05-27 19:00:00,28422.0
2014-05-27 20:00:00,28204.0
2014-05-27 21:00:00,28473.0
2014-05-27 22:00:00,26455.0
2014-05-27 23:00:00,21162.0
2014-05-28 00:00:00,16976.0
2014-05-28 01:00:00,14919.0
2014-05-28 02:00:00,14606.0
2014-05-28 03:00:00,13893.0
2014-05-28 04:00:00,14507.0
2014-05-28 05:00:00,15305.0
2014-05-28 06:00:00,16606.0
2014-05-28 07:00:00,17658.0
2014-05-28 08:00:00,20044.0
2014-05-28 09:00:00,27060.0
2014-05-28 10:00:00,26221.0
2014-05-28 11:00:00,26666.0
2014-05-28 12:00:00,26876.0
2014-05-28 13:00:00,27002.0
2014-05-28 14:00:00,26918.0
2014-05-28 15:00:00,26372.0
2014-05-28 16:00:00,27413.0
2014-05-28 17:00:00,27851.0
2014-05-28 18:00:00,27935.0
2014-05-28 19:00:00,29060.0
2014-05-28 20:00:00,29539.0
2014-05-28 21:00:00,29801.0
2014-05-28 22:00:00,27540.0
2014-05-28 23:00:00,22658.0
2014-05-29 00:00:00,17396.0
2014-05-29 01:00:00,15245.0
2014-05-29 02:00:00,14624.0
2014-05-29 03:00:00,14086.0
2014-05-29 04:00:00,14414.0
2014-05-29 05:00:00,15162.0
2014-05-29 06:00:00,16800.0
2014-05-29 07:00:00,17565.0
2014-05-29 08:00:00,19918.0
2014-05-29 09:00:00,27640.0
2014-05-29 10:00:00,28675.0
2014-05-29 11:00:00,28650.0
2014-05-29 12:00:00,29648.0
2014-05-29 13:00:00,29615.0
2014-05-29 14:00:00,29221.0
2014-05-29 15:00:00,28002.0
2014-05-29 16:00:00,29153.0
2014-05-29 17:00:00,28497.0
2014-05-29 18:00:00,29229.0
2014-05-29 19:00:00,28725.0
2014-05-29 20:00:00,28346.0
2014-05-29 21:00:00,28455.0
2014-05-29 22:00:00,26700.0
2014-05-29 23:00:00,22876.0
2014-05-30 00:00:00,17524.0
2014-05-30 01:00:00,14919.0
2014-05-30 02:00:00,14784.0
2014-05-30 03:00:00,14556.0
2014-05-30 04:00:00,15137.0
2014-05-30 05:00:00,15977.0
2014-05-30 06:00:00,17153.0
2014-05-30 07:00:00,18062.0
2014-05-30 08:00:00,21179.0
2014-05-30 09:00:00,26775.0
2014-05-30 10:00:00,27153.0
2014-05-30 11:00:00,28010.0
2014-05-30 12:00:00,28288.0
2014-05-30 13:00:00,27859.0
2014-05-30 14:00:00,27371.0
2014-05-30 15:00:00,27556.0
2014-05-30 16:00:00,28020.0
2014-05-30 17:00:00,28161.0
2014-05-30 18:00:00,27892.0
2014-05-30 19:00:00,28608.0
2014-05-30 20:00:00,29129.0
2014-05-30 21:00:00,29270.0
2014-05-30 22:00:00,28263.0
2014-05-30 23:00:00,26758.0
2014-05-31 00:00:00,21507.0
2014-05-31 01:00:00,16187.0
2014-05-31 02:00:00,15506.0
2014-05-31 03:00:00,15254.0
2014-05-31 04:00:00,15573.0
2014-05-31 05:00:00,15497.0
2014-05-31 06:00:00,15977.0
2014-05-31 07:00:00,17104.0
2014-05-31 08:00:00,20162.0
2014-05-31 09:00:00,25548.0
2014-05-31 10:00:00,26784.0
2014-05-31 11:00:00,27952.0
2014-05-31 12:00:00,28120.0
2014-05-31 13:00:00,28145.0
2014-05-31 14:00:00,27564.0
2014-05-31 15:00:00,34556.0
2014-05-31 16:00:00,33212.0
2014-05-31 17:00:00,33456.0
2014-05-31 18:00:00,32288.0
2014-05-31 19:00:00,31313.0
2014-05-31 20:00:00,30767.0
2014-05-31 21:00:00,31069.0
2014-05-31 22:00:00,28841.0
2014-05-31 23:00:00,27733.0
2014-06-01 00:00:00,21751.0
2014-06-01 01:00:00,16422.0
2014-06-01 02:00:00,15741.0
2014-06-01 03:00:00,14960.0
2014-06-01 04:00:00,15682.0
2014-06-01 05:00:00,16237.0
2014-06-01 06:00:00,17733.0
2014-06-01 07:00:00,17800.0
2014-06-01 08:00:00,20280.0
2014-06-01 09:00:00,25355.0
2014-06-01 10:00:00,26119.0
2014-06-01 11:00:00,27506.0
2014-06-01 12:00:00,26919.0
2014-06-01 13:00:00,26859.0
2014-06-01 14:00:00,26388.0
2014-06-01 15:00:00,26129.0
2014-06-01 16:00:00,26909.0
2014-06-01 17:00:00,26388.0
2014-06-01 18:00:00,27901.0
2014-06-01 19:00:00,29591.0
2014-06-01 20:00:00,29019.0
2014-06-01 21:00:00,30078.0
2014-06-01 22:00:00,27900.0
2014-06-01 23:00:00,23607.0
2014-06-02 00:00:00,17860.0
2014-06-02 01:00:00,16111.0
2014-06-02 02:00:00,15405.0
2014-06-02 03:00:00,15347.0
2014-06-02 04:00:00,15784.0
2014-06-02 05:00:00,16616.0
2014-06-02 06:00:00,18036.0
2014-06-02 07:00:00,19481.0
2014-06-02 08:00:00,23380.0
2014-06-02 09:00:00,27405.0
2014-06-02 10:00:00,27489.0
2014-06-02 11:00:00,27506.0
2014-06-02 12:00:00,27666.0
2014-06-02 13:00:00,27910.0
2014-06-02 14:00:00,27413.0
2014-06-02 15:00:00,27355.0
2014-06-02 16:00:00,27834.0
2014-06-02 17:00:00,28111.0
2014-06-02 18:00:00,27826.0
2014-06-02 19:00:00,29128.0
2014-06-02 20:00:00,29456.0
2014-06-02 21:00:00,29288.0
2014-06-02 22:00:00,27910.0
2014-06-02 23:00:00,24145.0
2014-06-03 00:00:00,19153.0
2014-06-03 01:00:00,16943.0
2014-06-03 02:00:00,16212.0
2014-06-03 03:00:00,15044.0
2014-06-03 04:00:00,15985.0
2014-06-03 05:00:00,16699.0
2014-06-03 06:00:00,17917.0
2014-06-03 07:00:00,19153.0
2014-06-03 08:00:00,21716.0
2014-06-03 09:00:00,28364.0
2014-06-03 10:00:00,28868.0
2014-06-03 11:00:00,33103.0
2014-06-03 12:00:00,29505.0
2014-06-03 13:00:00,29558.0
2014-06-03 14:00:00,28220.0
2014-06-03 15:00:00,30187.0
2014-06-03 16:00:00,29724.0
2014-06-03 17:00:00,29808.0
2014-06-03 18:00:00,28666.0
2014-06-03 19:00:00,29674.0
2014-06-03 20:00:00,29203.0
2014-06-03 21:00:00,29204.0
2014-06-03 22:00:00,27313.0
2014-06-03 23:00:00,22540.0
2014-06-04 00:00:00,17498.0
2014-06-04 01:00:00,15447.0
2014-06-04 02:00:00,15153.0
2014-06-04 03:00:00,14356.0
2014-06-04 04:00:00,14868.0
2014-06-04 05:00:00,15641.0
2014-06-04 06:00:00,17270.0
2014-06-04 07:00:00,18229.0
2014-06-04 08:00:00,20733.0
2014-06-04 09:00:00,26859.0
2014-06-04 10:00:00,27532.0
2014-06-04 11:00:00,29128.0
2014-06-04 12:00:00,28599.0
2014-06-04 13:00:00,28775.0
2014-06-04 14:00:00,27867.0
2014-06-04 15:00:00,28077.0
2014-06-04 16:00:00,28347.0
2014-06-04 17:00:00,28313.0
2014-06-04 18:00:00,28053.0
2014-06-04 19:00:00,28640.0
2014-06-04 20:00:00,28027.0
2014-06-04 21:00:00,28927.0
2014-06-04 22:00:00,27170.0
2014-06-04 23:00:00,22045.0
2014-06-05 00:00:00,16573.0
2014-06-05 01:00:00,14658.0
2014-06-05 02:00:00,13784.0
2014-06-05 03:00:00,14129.0
2014-06-05 04:00:00,14078.0
2014-06-05 05:00:00,14674.0
2014-06-05 06:00:00,15590.0
2014-06-05 07:00:00,16364.0
2014-06-05 08:00:00,20692.0
2014-06-05 09:00:00,26994.0
2014-06-05 10:00:00,26851.0
2014-06-05 11:00:00,27783.0
2014-06-05 12:00:00,28322.0
2014-06-05 13:00:00,28892.0
2014-06-05 14:00:00,29145.0
2014-06-05 15:00:00,28734.0
2014-06-05 16:00:00,28809.0
2014-06-05 17:00:00,29490.0
2014-06-05 18:00:00,29414.0
2014-06-05 19:00:00,29422.0
2014-06-05 20:00:00,29052.0
2014-06-05 21:00:00,29868.0
2014-06-05 22:00:00,26885.0
2014-06-05 23:00:00,23674.0
2014-06-06 00:00:00,18699.0
2014-06-06 01:00:00,16464.0
2014-06-06 02:00:00,16246.0
2014-06-06 03:00:00,14784.0
2014-06-06 04:00:00,15707.0
2014-06-06 05:00:00,16288.0
2014-06-06 06:00:00,18044.0
2014-06-06 07:00:00,18894.0
2014-06-06 08:00:00,22035.0
2014-06-06 09:00:00,28649.0
2014-06-06 10:00:00,29473.0
2014-06-06 11:00:00,29935.0
2014-06-06 12:00:00,29775.0
2014-06-06 13:00:00,29018.0
2014-06-06 14:00:00,28876.0
2014-06-06 15:00:00,28186.0
2014-06-06 16:00:00,29162.0
2014-06-06 17:00:00,29540.0
2014-06-06 18:00:00,29363.0
2014-06-06 19:00:00,29221.0
2014-06-06 20:00:00,29011.0
2014-06-06 21:00:00,30044.0
2014-06-06 22:00:00,27632.0
2014-06-06 23:00:00,26456.0
2014-06-07 00:00:00,21751.0
2014-06-07 01:00:00,16446.0
2014-06-07 02:00:00,15380.0
2014-06-07 03:00:00,14642.0
2014-06-07 04:00:00,14641.0
2014-06-07 05:00:00,15229.0
2014-06-07 06:00:00,16447.0
2014-06-07 07:00:00,17556.0
2014-06-07 08:00:00,20481.0
2014-06-07 09:00:00,26246.0
2014-06-07 10:00:00,27103.0
2014-06-07 11:00:00,27835.0
2014-06-07 12:00:00,28137.0
2014-06-07 13:00:00,28263.0
2014-06-07 14:00:00,28472.0
2014-06-07 15:00:00,27842.0
2014-06-07 16:00:00,27548.0
2014-06-07 17:00:00,27849.0
2014-06-07 18:00:00,28565.0
2014-06-07 19:00:00,29523.0
2014-06-07 20:00:00,29128.0
2014-06-07 21:00:00,29716.0
2014-06-07 22:00:00,27590.0
2014-06-07 23:00:00,26624.0
2014-06-08 00:00:00,21656.0
2014-06-08 01:00:00,15414.0
2014-06-08 02:00:00,14608.0
2014-06-08 03:00:00,14364.0
2014-06-08 04:00:00,14750.0
2014-06-08 05:00:00,15616.0
2014-06-08 06:00:00,17573.0
2014-06-08 07:00:00,18405.0
2014-06-08 08:00:00,20792.0
2014-06-08 09:00:00,25900.0
2014-06-08 10:00:00,25515.0
2014-06-08 11:00:00,26850.0
2014-06-08 12:00:00,27002.0
2014-06-08 13:00:00,25944.0
2014-06-08 14:00:00,26069.0
2014-06-08 15:00:00,25892.0
2014-06-08 16:00:00,26582.0
2014-06-08 17:00:00,27036.0
2014-06-08 18:00:00,27910.0
2014-06-08 19:00:00,29355.0
2014-06-08 20:00:00,28909.0
2014-06-08 21:00:00,29338.0
2014-06-08 22:00:00,27431.0
2014-06-08 23:00:00,22893.0
2014-06-09 00:00:00,17405.0
2014-06-09 01:00:00,15052.0
2014-06-09 02:00:00,14472.0
2014-06-09 03:00:00,14203.0
2014-06-09 04:00:00,14818.0
2014-06-09 05:00:00,15800.0
2014-06-09 06:00:00,16885.0
2014-06-09 07:00:00,18422.0
2014-06-09 08:00:00,21153.0
2014-06-09 09:00:00,28548.0
2014-06-09 10:00:00,27758.0
2014-06-09 11:00:00,28591.0
2014-06-09 12:00:00,28094.0
2014-06-09 13:00:00,28851.0
2014-06-09 14:00:00,28766.0
2014-06-09 15:00:00,28422.0
2014-06-09 16:00:00,28977.0
2014-06-09 17:00:00,29658.0
2014-06-09 18:00:00,29171.0
2014-06-09 19:00:00,29876.0
2014-06-09 20:00:00,29523.0
2014-06-09 21:00:00,29026.0
2014-06-09 22:00:00,26951.0
2014-06-09 23:00:00,26279.0
2014-06-10 00:00:00,19933.0
2014-06-10 01:00:00,15044.0
2014-06-10 02:00:00,14717.0
2014-06-10 03:00:00,14506.0
2014-06-10 04:00:00,15364.0
2014-06-10 05:00:00,15817.0
2014-06-10 06:00:00,17060.0
2014-06-10 07:00:00,17650.0
2014-06-10 08:00:00,20549.0
2014-06-10 09:00:00,26070.0
2014-06-10 10:00:00,26423.0
2014-06-10 11:00:00,27742.0
2014-06-10 12:00:00,27976.0
2014-06-10 13:00:00,27473.0
2014-06-10 14:00:00,27287.0
2014-06-10 15:00:00,27304.0
2014-06-10 16:00:00,27405.0
2014-06-10 17:00:00,28220.0
2014-06-10 18:00:00,28280.0
2014-06-10 19:00:00,29472.0
2014-06-10 20:00:00,28977.0
2014-06-10 21:00:00,29077.0
2014-06-10 22:00:00,27548.0
2014-06-10 23:00:00,22498.0
2014-06-11 00:00:00,17119.0
2014-06-11 01:00:00,15053.0
2014-06-11 02:00:00,14396.0
2014-06-11 03:00:00,13884.0
2014-06-11 04:00:00,14489.0
2014-06-11 05:00:00,15204.0
2014-06-11 06:00:00,16263.0
2014-06-11 07:00:00,17414.0
2014-06-11 08:00:00,20280.0
2014-06-11 09:00:00,27136.0
2014-06-11 10:00:00,27835.0
2014-06-11 11:00:00,28801.0
2014-06-11 12:00:00,29287.0
2014-06-11 13:00:00,30297.0
2014-06-11 14:00:00,30532.0
2014-06-11 15:00:00,29893.0
2014-06-11 16:00:00,31255.0
2014-06-11 17:00:00,31490.0
2014-06-11 18:00:00,30959.0
2014-06-11 19:00:00,30943.0
2014-06-11 20:00:00,31717.0
2014-06-11 21:00:00,31549.0
2014-06-11 22:00:00,29195.0
2014-06-11 23:00:00,25094.0
2014-06-12 00:00:00,18851.0
2014-06-12 01:00:00,16633.0
2014-06-12 02:00:00,15943.0
2014-06-12 03:00:00,15657.0
2014-06-12 04:00:00,15522.0
2014-06-12 05:00:00,16548.0
2014-06-12 06:00:00,18371.0
2014-06-12 07:00:00,19329.0
2014-06-12 08:00:00,22707.0
2014-06-12 09:00:00,29220.0
2014-06-12 10:00:00,31136.0
2014-06-12 11:00:00,33700.0
2014-06-12 12:00:00,39716.0
2014-06-12 13:00:00,33910.0
2014-06-12 14:00:00,36078.0
2014-06-12 15:00:00,34885.0
2014-06-12 16:00:00,34851.0
2014-06-12 17:00:00,36616.0
2014-06-12 18:00:00,35102.0
2014-06-12 19:00:00,34724.0
2014-06-12 20:00:00,33439.0
2014-06-12 21:00:00,32540.0
2014-06-12 22:00:00,29389.0
2014-06-12 23:00:00,25800.0
2014-06-13 00:00:00,20094.0
2014-06-13 01:00:00,17733.0
2014-06-13 02:00:00,17070.0
2014-06-13 03:00:00,16464.0
2014-06-13 04:00:00,16774.0
2014-06-13 05:00:00,17422.0
2014-06-13 06:00:00,19700.0
2014-06-13 07:00:00,22312.0
2014-06-13 08:00:00,28868.0
2014-06-13 09:00:00,33624.0
2014-06-13 10:00:00,32373.0
2014-06-13 11:00:00,34968.0
2014-06-13 12:00:00,34818.0
2014-06-13 13:00:00,34329.0
2014-06-13 14:00:00,34128.0
2014-06-13 15:00:00,37792.0
2014-06-13 16:00:00,36247.0
2014-06-13 17:00:00,35968.0
2014-06-13 18:00:00,35816.0
2014-06-13 19:00:00,34212.0
2014-06-13 20:00:00,32633.0
2014-06-13 21:00:00,32246.0
2014-06-13 22:00:00,31111.0
2014-06-13 23:00:00,29263.0
2014-06-14 00:00:00,23843.0
2014-06-14 01:00:00,19204.0
2014-06-14 02:00:00,17750.0
2014-06-14 03:00:00,16791.0
2014-06-14 04:00:00,17405.0
2014-06-14 05:00:00,18153.0
2014-06-14 06:00:00,23935.0
2014-06-14 07:00:00,25061.0
2014-06-14 08:00:00,28110.0
2014-06-14 09:00:00,33893.0
2014-06-14 10:00:00,34657.0
2014-06-14 11:00:00,36078.0
2014-06-14 12:00:00,38691.0
2014-06-14 13:00:00,39288.0
2014-06-14 14:00:00,39733.0
2014-06-14 15:00:00,39658.0
2014-06-14 16:00:00,40421.0
2014-06-14 17:00:00,41085.0
2014-06-14 18:00:00,41548.0
2014-06-14 19:00:00,38952.0
2014-06-14 20:00:00,34985.0
2014-06-14 21:00:00,33875.0
2014-06-14 22:00:00,31868.0
2014-06-14 23:00:00,30338.0
2014-06-15 00:00:00,25153.0
2014-06-15 01:00:00,19792.0
2014-06-15 02:00:00,18532.0
2014-06-15 03:00:00,17304.0
2014-06-15 04:00:00,17801.0
2014-06-15 05:00:00,17886.0
2014-06-15 06:00:00,20002.0
2014-06-15 07:00:00,22583.0
2014-06-15 08:00:00,23497.0
2014-06-15 09:00:00,27943.0
2014-06-15 10:00:00,32338.0
2014-06-15 11:00:00,35665.0
2014-06-15 12:00:00,35363.0
2014-06-15 13:00:00,37027.0
2014-06-15 14:00:00,38178.0
2014-06-15 15:00:00,37641.0
2014-06-15 16:00:00,38472.0
2014-06-15 17:00:00,39137.0
2014-06-15 18:00:00,38608.0
2014-06-15 19:00:00,35305.0
2014-06-15 20:00:00,34204.0
2014-06-15 21:00:00,33321.0
2014-06-15 22:00:00,30271.0
2014-06-15 23:00:00,25741.0
2014-06-16 00:00:00,20061.0
2014-06-16 01:00:00,18052.0
2014-06-16 02:00:00,17741.0
2014-06-16 03:00:00,16876.0
2014-06-16 04:00:00,17480.0
2014-06-16 05:00:00,17944.0
2014-06-16 06:00:00,19146.0
2014-06-16 07:00:00,21691.0
2014-06-16 08:00:00,30591.0
2014-06-16 09:00:00,34119.0
2014-06-16 10:00:00,35246.0
2014-06-16 11:00:00,37893.0
2014-06-16 12:00:00,40162.0
2014-06-16 13:00:00,41178.0
2014-06-16 14:00:00,42170.0
2014-06-16 15:00:00,42514.0
2014-06-16 16:00:00,43346.0
2014-06-16 17:00:00,41817.0
2014-06-16 18:00:00,40902.0
2014-06-16 19:00:00,36348.0
2014-06-16 20:00:00,32926.0
2014-06-16 21:00:00,31885.0
2014-06-16 22:00:00,30287.0
2014-06-16 23:00:00,26658.0
2014-06-17 00:00:00,20237.0
2014-06-17 01:00:00,18254.0
2014-06-17 02:00:00,17120.0
2014-06-17 03:00:00,16792.0
2014-06-17 04:00:00,16582.0
2014-06-17 05:00:00,17414.0
2014-06-17 06:00:00,18682.0
2014-06-17 07:00:00,25060.0
2014-06-17 08:00:00,25180.0
2014-06-17 09:00:00,31204.0
2014-06-17 10:00:00,30373.0
2014-06-17 11:00:00,37565.0
2014-06-17 12:00:00,37859.0
2014-06-17 13:00:00,37969.0
2014-06-17 14:00:00,38161.0
2014-06-17 15:00:00,38877.0
2014-06-17 16:00:00,38944.0
2014-06-17 17:00:00,35103.0
2014-06-17 18:00:00,34406.0
2014-06-17 19:00:00,38448.0
2014-06-17 20:00:00,33893.0
2014-06-17 21:00:00,31355.0
2014-06-17 22:00:00,29977.0
2014-06-17 23:00:00,25506.0
2014-06-18 00:00:00,19826.0
2014-06-18 01:00:00,18085.0
2014-06-18 02:00:00,17582.0
2014-06-18 03:00:00,16489.0
2014-06-18 04:00:00,16800.0
2014-06-18 05:00:00,17683.0
2014-06-18 06:00:00,18893.0
2014-06-18 07:00:00,19775.0
2014-06-18 08:00:00,24103.0
2014-06-18 09:00:00,29372.0
2014-06-18 10:00:00,32036.0
2014-06-18 11:00:00,38565.0
2014-06-18 12:00:00,36716.0
2014-06-18 13:00:00,37162.0
2014-06-18 14:00:00,37304.0
2014-06-18 15:00:00,37137.0
2014-06-18 16:00:00,36767.0
2014-06-18 17:00:00,34204.0
2014-06-18 18:00:00,34230.0
2014-06-18 19:00:00,35422.0
2014-06-18 20:00:00,33137.0
2014-06-18 21:00:00,31086.0
2014-06-18 22:00:00,30044.0
2014-06-18 23:00:00,24615.0
2014-06-19 00:00:00,19188.0
2014-06-19 01:00:00,17280.0
2014-06-19 02:00:00,17371.0
2014-06-19 03:00:00,17103.0
2014-06-19 04:00:00,17170.0
2014-06-19 05:00:00,18036.0
2014-06-19 06:00:00,19279.0
2014-06-19 07:00:00,20674.0
2014-06-19 08:00:00,27548.0
2014-06-19 09:00:00,33607.0
2014-06-19 10:00:00,33582.0
2014-06-19 11:00:00,34187.0
2014-06-19 12:00:00,33531.0
2014-06-19 13:00:00,33774.0
2014-06-19 14:00:00,33590.0
2014-06-19 15:00:00,34154.0
2014-06-19 16:00:00,34515.0
2014-06-19 17:00:00,31994.0
2014-06-19 18:00:00,31933.0
2014-06-19 19:00:00,34087.0
2014-06-19 20:00:00,32027.0
2014-06-19 21:00:00,30808.0
2014-06-19 22:00:00,29800.0
2014-06-19 23:00:00,24834.0
2014-06-20 00:00:00,18649.0
2014-06-20 01:00:00,17388.0
2014-06-20 02:00:00,16918.0
2014-06-20 03:00:00,16842.0
2014-06-20 04:00:00,17070.0
2014-06-20 05:00:00,17607.0
2014-06-20 06:00:00,18507.0
2014-06-20 07:00:00,20430.0
2014-06-20 08:00:00,27406.0
2014-06-20 09:00:00,31069.0
2014-06-20 10:00:00,31523.0
2014-06-20 11:00:00,33481.0
2014-06-20 12:00:00,34087.0
2014-06-20 13:00:00,33808.0
2014-06-20 14:00:00,33910.0
2014-06-20 15:00:00,33430.0
2014-06-20 16:00:00,33515.0
2014-06-20 17:00:00,30255.0
2014-06-20 18:00:00,30195.0
2014-06-20 19:00:00,33817.0
2014-06-20 20:00:00,31868.0
2014-06-20 21:00:00,30725.0
2014-06-20 22:00:00,29304.0
2014-06-20 23:00:00,28026.0
2014-06-21 00:00:00,22608.0
2014-06-21 01:00:00,16867.0
2014-06-21 02:00:00,16246.0
2014-06-21 03:00:00,15691.0
2014-06-21 04:00:00,16237.0
2014-06-21 05:00:00,17053.0
2014-06-21 06:00:00,17086.0
2014-06-21 07:00:00,18346.0
2014-06-21 08:00:00,24211.0
2014-06-21 09:00:00,28733.0
2014-06-21 10:00:00,30793.0
2014-06-21 11:00:00,33565.0
2014-06-21 12:00:00,32960.0
2014-06-21 13:00:00,33288.0
2014-06-21 14:00:00,32548.0
2014-06-21 15:00:00,33329.0
2014-06-21 16:00:00,32808.0
2014-06-21 17:00:00,31304.0
2014-06-21 18:00:00,31532.0
2014-06-21 19:00:00,34070.0
2014-06-21 20:00:00,32339.0
2014-06-21 21:00:00,30506.0
2014-06-21 22:00:00,29221.0
2014-06-21 23:00:00,27414.0
2014-06-22 00:00:00,21523.0
2014-06-22 01:00:00,16598.0
2014-06-22 02:00:00,16254.0
2014-06-22 03:00:00,15750.0
2014-06-22 04:00:00,16196.0
2014-06-22 05:00:00,16658.0
2014-06-22 06:00:00,17682.0
2014-06-22 07:00:00,18598.0
2014-06-22 08:00:00,22363.0
2014-06-22 09:00:00,27624.0
2014-06-22 10:00:00,29565.0
2014-06-22 11:00:00,33221.0
2014-06-22 12:00:00,32767.0
2014-06-22 13:00:00,32507.0
2014-06-22 14:00:00,32581.0
2014-06-22 15:00:00,31809.0
2014-06-22 16:00:00,31741.0
2014-06-22 17:00:00,30808.0
2014-06-22 18:00:00,30641.0
2014-06-22 19:00:00,33707.0
2014-06-22 20:00:00,31447.0
2014-06-22 21:00:00,30136.0
2014-06-22 22:00:00,28666.0
2014-06-22 23:00:00,23229.0
2014-06-23 00:00:00,17977.0
2014-06-23 01:00:00,16121.0
2014-06-23 02:00:00,15758.0
2014-06-23 03:00:00,16171.0
2014-06-23 04:00:00,15859.0
2014-06-23 05:00:00,16993.0
2014-06-23 06:00:00,18447.0
2014-06-23 07:00:00,19162.0
2014-06-23 08:00:00,27254.0
2014-06-23 09:00:00,29724.0
2014-06-23 10:00:00,30658.0
2014-06-23 11:00:00,34742.0
2014-06-23 12:00:00,34373.0
2014-06-23 13:00:00,34691.0
2014-06-23 14:00:00,34556.0
2014-06-23 15:00:00,33717.0
2014-06-23 16:00:00,35187.0
2014-06-23 17:00:00,32431.0
2014-06-23 18:00:00,30943.0
2014-06-23 19:00:00,34018.0
2014-06-23 20:00:00,31506.0
2014-06-23 21:00:00,29556.0
2014-06-23 22:00:00,27809.0
2014-06-23 23:00:00,22902.0
2014-06-24 00:00:00,18146.0
2014-06-24 01:00:00,16372.0
2014-06-24 02:00:00,16263.0
2014-06-24 03:00:00,15993.0
2014-06-24 04:00:00,16482.0
2014-06-24 05:00:00,17146.0
2014-06-24 06:00:00,18211.0
2014-06-24 07:00:00,19279.0
2014-06-24 08:00:00,22733.0
2014-06-24 09:00:00,27558.0
2014-06-24 10:00:00,28926.0
2014-06-24 11:00:00,33238.0
2014-06-24 12:00:00,33750.0
2014-06-24 13:00:00,33549.0
2014-06-24 14:00:00,33868.0
2014-06-24 15:00:00,32288.0
2014-06-24 16:00:00,32716.0
2014-06-24 17:00:00,30178.0
2014-06-24 18:00:00,30245.0
2014-06-24 19:00:00,33153.0
2014-06-24 20:00:00,30549.0
2014-06-24 21:00:00,28893.0
2014-06-24 22:00:00,27724.0
2014-06-24 23:00:00,23515.0
2014-06-25 00:00:00,18658.0
2014-06-25 01:00:00,16977.0
2014-06-25 02:00:00,17103.0
2014-06-25 03:00:00,16742.0
2014-06-25 04:00:00,17330.0
2014-06-25 05:00:00,18439.0
2014-06-25 06:00:00,18606.0
2014-06-25 07:00:00,19700.0
2014-06-25 08:00:00,24624.0
2014-06-25 09:00:00,31632.0
2014-06-25 10:00:00,33985.0
2014-06-25 11:00:00,34842.0
2014-06-25 12:00:00,33674.0
2014-06-25 13:00:00,33196.0
2014-06-25 14:00:00,33414.0
2014-06-25 15:00:00,33279.0
2014-06-25 16:00:00,33699.0
2014-06-25 17:00:00,31767.0
2014-06-25 18:00:00,31607.0
2014-06-25 19:00:00,34128.0
2014-06-25 20:00:00,31287.0
2014-06-25 21:00:00,29136.0
2014-06-25 22:00:00,27540.0
2014-06-25 23:00:00,22918.0
2014-06-26 00:00:00,18902.0
2014-06-26 01:00:00,17187.0
2014-06-26 02:00:00,16447.0
2014-06-26 03:00:00,16263.0
2014-06-26 04:00:00,16389.0
2014-06-26 05:00:00,17313.0
2014-06-26 06:00:00,18733.0
2014-06-26 07:00:00,20447.0
2014-06-26 08:00:00,24296.0
2014-06-26 09:00:00,29540.0
2014-06-26 10:00:00,30170.0
2014-06-26 11:00:00,33791.0
2014-06-26 12:00:00,33934.0
2014-06-26 13:00:00,34280.0
2014-06-26 14:00:00,34489.0
2014-06-26 15:00:00,34104.0
2014-06-26 16:00:00,33665.0
2014-06-26 17:00:00,30246.0
2014-06-26 18:00:00,30146.0
2014-06-26 19:00:00,30825.0
2014-06-26 20:00:00,31010.0
2014-06-26 21:00:00,30103.0
2014-06-26 22:00:00,28001.0
2014-06-26 23:00:00,23465.0
2014-06-27 00:00:00,18708.0
2014-06-27 01:00:00,16910.0
2014-06-27 02:00:00,16548.0
2014-06-27 03:00:00,15994.0
2014-06-27 04:00:00,16523.0
2014-06-27 05:00:00,17741.0
2014-06-27 06:00:00,19102.0
2014-06-27 07:00:00,20766.0
2014-06-27 08:00:00,24599.0
2014-06-27 09:00:00,29666.0
2014-06-27 10:00:00,30270.0
2014-06-27 11:00:00,33690.0
2014-06-27 12:00:00,33632.0
2014-06-27 13:00:00,33522.0
2014-06-27 14:00:00,34077.0
2014-06-27 15:00:00,33085.0
2014-06-27 16:00:00,33380.0
2014-06-27 17:00:00,31338.0
2014-06-27 18:00:00,30271.0
2014-06-27 19:00:00,33809.0
2014-06-27 20:00:00,31758.0
2014-06-27 21:00:00,30246.0
2014-06-27 22:00:00,29221.0
2014-06-27 23:00:00,27884.0
2014-06-28 00:00:00,22035.0
2014-06-28 01:00:00,17279.0
2014-06-28 02:00:00,16852.0
2014-06-28 03:00:00,16498.0
2014-06-28 04:00:00,16749.0
2014-06-28 05:00:00,17162.0
2014-06-28 06:00:00,18775.0
2014-06-28 07:00:00,19800.0
2014-06-28 08:00:00,23305.0
2014-06-28 09:00:00,29186.0
2014-06-28 10:00:00,30169.0
2014-06-28 11:00:00,30632.0
2014-06-28 12:00:00,30582.0
2014-06-28 13:00:00,30910.0
2014-06-28 14:00:00,30557.0
2014-06-28 15:00:00,29657.0
2014-06-28 16:00:00,29591.0
2014-06-28 17:00:00,29531.0
2014-06-28 18:00:00,29843.0
2014-06-28 19:00:00,31178.0
2014-06-28 20:00:00,30607.0
2014-06-28 21:00:00,30053.0
2014-06-28 22:00:00,29035.0
2014-06-28 23:00:00,27405.0
2014-06-29 00:00:00,21783.0
2014-06-29 01:00:00,16682.0
2014-06-29 02:00:00,16246.0
2014-06-29 03:00:00,15648.0
2014-06-29 04:00:00,16221.0
2014-06-29 05:00:00,17271.0
2014-06-29 06:00:00,18784.0
2014-06-29 07:00:00,19027.0
2014-06-29 08:00:00,22305.0
2014-06-29 09:00:00,28043.0
2014-06-29 10:00:00,29179.0
2014-06-29 11:00:00,30153.0
2014-06-29 12:00:00,29742.0
2014-06-29 13:00:00,29170.0
2014-06-29 14:00:00,28969.0
2014-06-29 15:00:00,29043.0
2014-06-29 16:00:00,28850.0
2014-06-29 17:00:00,28917.0
2014-06-29 18:00:00,28775.0
2014-06-29 19:00:00,29338.0
2014-06-29 20:00:00,29473.0
2014-06-29 21:00:00,29414.0
2014-06-29 22:00:00,27448.0
2014-06-29 23:00:00,23204.0
2014-06-30 00:00:00,17792.0
2014-06-30 01:00:00,15691.0
2014-06-30 02:00:00,15346.0
2014-06-30 03:00:00,14875.0
2014-06-30 04:00:00,15666.0
2014-06-30 05:00:00,16010.0
2014-06-30 06:00:00,17371.0
2014-06-30 07:00:00,17918.0
2014-06-30 08:00:00,22213.0
2014-06-30 09:00:00,27607.0
2014-06-30 10:00:00,30843.0
2014-06-30 11:00:00,33573.0
2014-06-30 12:00:00,32388.0
2014-06-30 13:00:00,32279.0
2014-06-30 14:00:00,31380.0
2014-06-30 15:00:00,31935.0
2014-06-30 16:00:00,31347.0
2014-06-30 17:00:00,31288.0
2014-06-30 18:00:00,30691.0
2014-06-30 19:00:00,33086.0
2014-06-30 20:00:00,31203.0
2014-06-30 21:00:00,29859.0
2014-06-30 22:00:00,28086.0
2014-06-30 23:00:00,24489.0
2014-07-01 00:00:00,18951.0
2014-07-01 01:00:00,16733.0
2014-07-01 02:00:00,16314.0
2014-07-01 03:00:00,16018.0
2014-07-01 04:00:00,16708.0
2014-07-01 05:00:00,17338.0
2014-07-01 06:00:00,18625.0
2014-07-01 07:00:00,19104.0
2014-07-01 08:00:00,22398.0
2014-07-01 09:00:00,26767.0
2014-07-01 10:00:00,27230.0
2014-07-01 11:00:00,28430.0
2014-07-01 12:00:00,28825.0
2014-07-01 13:00:00,28271.0
2014-07-01 14:00:00,28994.0
2014-07-01 15:00:00,28431.0
2014-07-01 16:00:00,28892.0
2014-07-01 17:00:00,28960.0
2014-07-01 18:00:00,29347.0
2014-07-01 19:00:00,30279.0
2014-07-01 20:00:00,30657.0
2014-07-01 21:00:00,28741.0
2014-07-01 22:00:00,27245.0
2014-07-01 23:00:00,23078.0
2014-07-02 00:00:00,17742.0
2014-07-02 01:00:00,16489.0
2014-07-02 02:00:00,16035.0
2014-07-02 03:00:00,15707.0
2014-07-02 04:00:00,15986.0
2014-07-02 05:00:00,17011.0
2014-07-02 06:00:00,18137.0
2014-07-02 07:00:00,19085.0
2014-07-02 08:00:00,22255.0
2014-07-02 09:00:00,26893.0
2014-07-02 10:00:00,27120.0
2014-07-02 11:00:00,28750.0
2014-07-02 12:00:00,28985.0
2014-07-02 13:00:00,29061.0
2014-07-02 14:00:00,28826.0
2014-07-02 15:00:00,29313.0
2014-07-02 16:00:00,29263.0
2014-07-02 17:00:00,30339.0
2014-07-02 18:00:00,29221.0
2014-07-02 19:00:00,31119.0
2014-07-02 20:00:00,31573.0
2014-07-02 21:00:00,31002.0
2014-07-02 22:00:00,29581.0
2014-07-02 23:00:00,24978.0
2014-07-03 00:00:00,19078.0
2014-07-03 01:00:00,16809.0
2014-07-03 02:00:00,16556.0
2014-07-03 03:00:00,16204.0
2014-07-03 04:00:00,16782.0
2014-07-03 05:00:00,17414.0
2014-07-03 06:00:00,19213.0
2014-07-03 07:00:00,20027.0
2014-07-03 08:00:00,23003.0
2014-07-03 09:00:00,28103.0
2014-07-03 10:00:00,29237.0
2014-07-03 11:00:00,29809.0
2014-07-03 12:00:00,29472.0
2014-07-03 13:00:00,29766.0
2014-07-03 14:00:00,29027.0
2014-07-03 15:00:00,28909.0
2014-07-03 16:00:00,29329.0
2014-07-03 17:00:00,29682.0
2014-07-03 18:00:00,28851.0
2014-07-03 19:00:00,30161.0
2014-07-03 20:00:00,30859.0
2014-07-03 21:00:00,29876.0
2014-07-03 22:00:00,28346.0
2014-07-03 23:00:00,24616.0
2014-07-04 00:00:00,19582.0
2014-07-04 01:00:00,17507.0
2014-07-04 02:00:00,17564.0
2014-07-04 03:00:00,16919.0
2014-07-04 04:00:00,17850.0
2014-07-04 05:00:00,17909.0
2014-07-04 06:00:00,19850.0
2014-07-04 07:00:00,20304.0
2014-07-04 08:00:00,23699.0
2014-07-04 09:00:00,27388.0
2014-07-04 10:00:00,28347.0
2014-07-04 11:00:00,28565.0
2014-07-04 12:00:00,28271.0
2014-07-04 13:00:00,29027.0
2014-07-04 14:00:00,31598.0
2014-07-04 15:00:00,30666.0
2014-07-04 16:00:00,30111.0
2014-07-04 17:00:00,29154.0
2014-07-04 18:00:00,28758.0
2014-07-04 19:00:00,29826.0
2014-07-04 20:00:00,30397.0
2014-07-04 21:00:00,29625.0
2014-07-04 22:00:00,29187.0
2014-07-04 23:00:00,27456.0
2014-07-05 00:00:00,22405.0
2014-07-05 01:00:00,17817.0
2014-07-05 02:00:00,17322.0
2014-07-05 03:00:00,16993.0
2014-07-05 04:00:00,16959.0
2014-07-05 05:00:00,17346.0
2014-07-05 06:00:00,18843.0
2014-07-05 07:00:00,19960.0
2014-07-05 08:00:00,23170.0
2014-07-05 09:00:00,27379.0
2014-07-05 10:00:00,27935.0
2014-07-05 11:00:00,28111.0
2014-07-05 12:00:00,28061.0
2014-07-05 13:00:00,27884.0
2014-07-05 14:00:00,27690.0
2014-07-05 15:00:00,27329.0
2014-07-05 16:00:00,31112.0
2014-07-05 17:00:00,31431.0
2014-07-05 18:00:00,29212.0
2014-07-05 19:00:00,30573.0
2014-07-05 20:00:00,30801.0
2014-07-05 21:00:00,30238.0
2014-07-05 22:00:00,29918.0
2014-07-05 23:00:00,28212.0
2014-07-06 00:00:00,23514.0
2014-07-06 01:00:00,17808.0
2014-07-06 02:00:00,17062.0
2014-07-06 03:00:00,16986.0
2014-07-06 04:00:00,17657.0
2014-07-06 05:00:00,18002.0
2014-07-06 06:00:00,19254.0
2014-07-06 07:00:00,20044.0
2014-07-06 08:00:00,23522.0
2014-07-06 09:00:00,28087.0
2014-07-06 10:00:00,29297.0
2014-07-06 11:00:00,29692.0
2014-07-06 12:00:00,28783.0
2014-07-06 13:00:00,28859.0
2014-07-06 14:00:00,28304.0
2014-07-06 15:00:00,27465.0
2014-07-06 16:00:00,28085.0
2014-07-06 17:00:00,27742.0
2014-07-06 18:00:00,27624.0
2014-07-06 19:00:00,29792.0
2014-07-06 20:00:00,29447.0
2014-07-06 21:00:00,28842.0
2014-07-06 22:00:00,27750.0
2014-07-06 23:00:00,23691.0
2014-07-07 00:00:00,19120.0
2014-07-07 01:00:00,17346.0
2014-07-07 02:00:00,16927.0
2014-07-07 03:00:00,16035.0
2014-07-07 04:00:00,16632.0
2014-07-07 05:00:00,17515.0
2014-07-07 06:00:00,18414.0
2014-07-07 07:00:00,19473.0
2014-07-07 08:00:00,22515.0
2014-07-07 09:00:00,26977.0
2014-07-07 10:00:00,27666.0
2014-07-07 11:00:00,27750.0
2014-07-07 12:00:00,29364.0
2014-07-07 13:00:00,29010.0
2014-07-07 14:00:00,28581.0
2014-07-07 15:00:00,28742.0
2014-07-07 16:00:00,31826.0
2014-07-07 17:00:00,29792.0
2014-07-07 18:00:00,28892.0
2014-07-07 19:00:00,30447.0
2014-07-07 20:00:00,31002.0
2014-07-07 21:00:00,30011.0
2014-07-07 22:00:00,28288.0
2014-07-07 23:00:00,24784.0
2014-07-08 00:00:00,19666.0
2014-07-08 01:00:00,17648.0
2014-07-08 02:00:00,17522.0
2014-07-08 03:00:00,17599.0
2014-07-08 04:00:00,18045.0
2014-07-08 05:00:00,18465.0
2014-07-08 06:00:00,19329.0
2014-07-08 07:00:00,20691.0
2014-07-08 08:00:00,24186.0
2014-07-08 09:00:00,28784.0
2014-07-08 10:00:00,29304.0
2014-07-08 11:00:00,29826.0
2014-07-08 12:00:00,30136.0
2014-07-08 13:00:00,30237.0
2014-07-08 14:00:00,29431.0
2014-07-08 15:00:00,29767.0
2014-07-08 16:00:00,30834.0
2014-07-08 17:00:00,34733.0
2014-07-08 18:00:00,31959.0
2014-07-08 19:00:00,33035.0
2014-07-08 20:00:00,31994.0
2014-07-08 21:00:00,30314.0
2014-07-08 22:00:00,28204.0
2014-07-08 23:00:00,24195.0
2014-07-09 00:00:00,18827.0
2014-07-09 01:00:00,17187.0
2014-07-09 02:00:00,16783.0
2014-07-09 03:00:00,16456.0
2014-07-09 04:00:00,17112.0
2014-07-09 05:00:00,17691.0
2014-07-09 06:00:00,18708.0
2014-07-09 07:00:00,19346.0
2014-07-09 08:00:00,23464.0
2014-07-09 09:00:00,27792.0
2014-07-09 10:00:00,28296.0
2014-07-09 11:00:00,30179.0
2014-07-09 12:00:00,30221.0
2014-07-09 13:00:00,31339.0
2014-07-09 14:00:00,31699.0
2014-07-09 15:00:00,32623.0
2014-07-09 16:00:00,32296.0
2014-07-09 17:00:00,35574.0
2014-07-09 18:00:00,37253.0
2014-07-09 19:00:00,38783.0
2014-07-09 20:00:00,34658.0
2014-07-09 21:00:00,32497.0
2014-07-09 22:00:00,30523.0
2014-07-09 23:00:00,25842.0
2014-07-10 00:00:00,20599.0
2014-07-10 01:00:00,18793.0
2014-07-10 02:00:00,18296.0
2014-07-10 03:00:00,18010.0
2014-07-10 04:00:00,18103.0
2014-07-10 05:00:00,18271.0
2014-07-10 06:00:00,17894.0
2014-07-10 07:00:00,18875.0
2014-07-10 08:00:00,26565.0
2014-07-10 09:00:00,26758.0
2014-07-10 10:00:00,29439.0
2014-07-10 11:00:00,30446.0
2014-07-10 12:00:00,31320.0
2014-07-10 13:00:00,32330.0
2014-07-10 14:00:00,37851.0
2014-07-10 15:00:00,36649.0
2014-07-10 16:00:00,41674.0
2014-07-10 17:00:00,42287.0
2014-07-10 18:00:00,41288.0
2014-07-10 19:00:00,43195.0
2014-07-10 20:00:00,38624.0
2014-07-10 21:00:00,34656.0
2014-07-10 22:00:00,32162.0
2014-07-10 23:00:00,26473.0
2014-07-11 00:00:00,20658.0
2014-07-11 01:00:00,18959.0
2014-07-11 02:00:00,18675.0
2014-07-11 03:00:00,18288.0
2014-07-11 04:00:00,18372.0
2014-07-11 05:00:00,19598.0
2014-07-11 06:00:00,20439.0
2014-07-11 07:00:00,22103.0
2014-07-11 08:00:00,31036.0
2014-07-11 09:00:00,31380.0
2014-07-11 10:00:00,33069.0
2014-07-11 11:00:00,38481.0
2014-07-11 12:00:00,41682.0
2014-07-11 13:00:00,42279.0
2014-07-11 14:00:00,42213.0
2014-07-11 15:00:00,42313.0
2014-07-11 16:00:00,43506.0
2014-07-11 17:00:00,43825.0
2014-07-11 18:00:00,42682.0
2014-07-11 19:00:00,40960.0
2014-07-11 20:00:00,37204.0
2014-07-11 21:00:00,33069.0
2014-07-11 22:00:00,31110.0
2014-07-11 23:00:00,30137.0
2014-07-12 00:00:00,25650.0
2014-07-12 01:00:00,21120.0
2014-07-12 02:00:00,20405.0
2014-07-12 03:00:00,19866.0
2014-07-12 04:00:00,20405.0
2014-07-12 05:00:00,20068.0
2014-07-12 06:00:00,20497.0
2014-07-12 07:00:00,21389.0
2014-07-12 08:00:00,25532.0
2014-07-12 09:00:00,28456.0
2014-07-12 10:00:00,40683.0
2014-07-12 11:00:00,38523.0
2014-07-12 12:00:00,38726.0
2014-07-12 13:00:00,40137.0
2014-07-12 14:00:00,40717.0
2014-07-12 15:00:00,39171.0
2014-07-12 16:00:00,40127.0
2014-07-12 17:00:00,40422.0
2014-07-12 18:00:00,40557.0
2014-07-12 19:00:00,39726.0
2014-07-12 20:00:00,37144.0
2014-07-12 21:00:00,32237.0
2014-07-12 22:00:00,30473.0
2014-07-12 23:00:00,29271.0
2014-07-13 00:00:00,24045.0
2014-07-13 01:00:00,19640.0
2014-07-13 02:00:00,18707.0
2014-07-13 03:00:00,18457.0
2014-07-13 04:00:00,18641.0
2014-07-13 05:00:00,19220.0
2014-07-13 06:00:00,20590.0
2014-07-13 07:00:00,21657.0
2014-07-13 08:00:00,25372.0
2014-07-13 09:00:00,29077.0
2014-07-13 10:00:00,40094.0
2014-07-13 11:00:00,36926.0
2014-07-13 12:00:00,38254.0
2014-07-13 13:00:00,38640.0
2014-07-13 14:00:00,39532.0
2014-07-13 15:00:00,37935.0
2014-07-13 16:00:00,38540.0
2014-07-13 17:00:00,39278.0
2014-07-13 18:00:00,39322.0
2014-07-13 19:00:00,39078.0
2014-07-13 20:00:00,36238.0
2014-07-13 21:00:00,32523.0
2014-07-13 22:00:00,30296.0
2014-07-13 23:00:00,26598.0
2014-07-14 00:00:00,21624.0
2014-07-14 01:00:00,20750.0
2014-07-14 02:00:00,20246.0
2014-07-14 03:00:00,19859.0
2014-07-14 04:00:00,20002.0
2014-07-14 05:00:00,20019.0
2014-07-14 06:00:00,21498.0
2014-07-14 07:00:00,22901.0
2014-07-14 08:00:00,25925.0
2014-07-14 09:00:00,30633.0
2014-07-14 10:00:00,38850.0
2014-07-14 11:00:00,41129.0
2014-07-14 12:00:00,39607.0
2014-07-14 13:00:00,41833.0
2014-07-14 14:00:00,41086.0
2014-07-14 15:00:00,41927.0
2014-07-14 16:00:00,42405.0
2014-07-14 17:00:00,44002.0
2014-07-14 18:00:00,42532.0
2014-07-14 19:00:00,40691.0
2014-07-14 20:00:00,36086.0
2014-07-14 21:00:00,32565.0
2014-07-14 22:00:00,30556.0
2014-07-14 23:00:00,27121.0
2014-07-15 00:00:00,22145.0
2014-07-15 01:00:00,19792.0
2014-07-15 02:00:00,18497.0
2014-07-15 03:00:00,18254.0
2014-07-15 04:00:00,18751.0
2014-07-15 05:00:00,19581.0
2014-07-15 06:00:00,20641.0
2014-07-15 07:00:00,21557.0
2014-07-15 08:00:00,25540.0
2014-07-15 09:00:00,30724.0
2014-07-15 10:00:00,33447.0
2014-07-15 11:00:00,41532.0
2014-07-15 12:00:00,38632.0
2014-07-15 13:00:00,38413.0
2014-07-15 14:00:00,37608.0
2014-07-15 15:00:00,39280.0
2014-07-15 16:00:00,39305.0
2014-07-15 17:00:00,42119.0
2014-07-15 18:00:00,39548.0
2014-07-15 19:00:00,39498.0
2014-07-15 20:00:00,38447.0
2014-07-15 21:00:00,34902.0
2014-07-15 22:00:00,33556.0
2014-07-15 23:00:00,28548.0
2014-07-16 00:00:00,23338.0
2014-07-16 01:00:00,21145.0
2014-07-16 02:00:00,20506.0
2014-07-16 03:00:00,20245.0
2014-07-16 04:00:00,20145.0
2014-07-16 05:00:00,20875.0
2014-07-16 06:00:00,22035.0
2014-07-16 07:00:00,23213.0
2014-07-16 08:00:00,27262.0
2014-07-16 09:00:00,32078.0
2014-07-16 10:00:00,34959.0
2014-07-16 11:00:00,37800.0
2014-07-16 12:00:00,37649.0
2014-07-16 13:00:00,38439.0
2014-07-16 14:00:00,38464.0
2014-07-16 15:00:00,38800.0
2014-07-16 16:00:00,39767.0
2014-07-16 17:00:00,39867.0
2014-07-16 18:00:00,38783.0
2014-07-16 19:00:00,39035.0
2014-07-16 20:00:00,37927.0
2014-07-16 21:00:00,34506.0
2014-07-16 22:00:00,32355.0
2014-07-16 23:00:00,27776.0
2014-07-17 00:00:00,22120.0
2014-07-17 01:00:00,20936.0
2014-07-17 02:00:00,21195.0
2014-07-17 03:00:00,20371.0
2014-07-17 04:00:00,20884.0
2014-07-17 05:00:00,21867.0
2014-07-17 06:00:00,22691.0
2014-07-17 07:00:00,23355.0
2014-07-17 08:00:00,27153.0
2014-07-17 09:00:00,31557.0
2014-07-17 10:00:00,32329.0
2014-07-17 11:00:00,33968.0
2014-07-17 12:00:00,37187.0
2014-07-17 13:00:00,41238.0
2014-07-17 14:00:00,39119.0
2014-07-17 15:00:00,38691.0
2014-07-17 16:00:00,39649.0
2014-07-17 17:00:00,39262.0
2014-07-17 18:00:00,39313.0
2014-07-17 19:00:00,38985.0
2014-07-17 20:00:00,34901.0
2014-07-17 21:00:00,32127.0
2014-07-17 22:00:00,30330.0
2014-07-17 23:00:00,26405.0
2014-07-18 00:00:00,21514.0
2014-07-18 01:00:00,20278.0
2014-07-18 02:00:00,19237.0
2014-07-18 03:00:00,19128.0
2014-07-18 04:00:00,19531.0
2014-07-18 05:00:00,20473.0
2014-07-18 06:00:00,21582.0
2014-07-18 07:00:00,22935.0
2014-07-18 08:00:00,26305.0
2014-07-18 09:00:00,31112.0
2014-07-18 10:00:00,34447.0
2014-07-18 11:00:00,40186.0
2014-07-18 12:00:00,35733.0
2014-07-18 13:00:00,36153.0
2014-07-18 14:00:00,36137.0
2014-07-18 15:00:00,35691.0
2014-07-18 16:00:00,36145.0
2014-07-18 17:00:00,36666.0
2014-07-18 18:00:00,36531.0
2014-07-18 19:00:00,36631.0
2014-07-18 20:00:00,34951.0
2014-07-18 21:00:00,34060.0
2014-07-18 22:00:00,31884.0
2014-07-18 23:00:00,30363.0
2014-07-19 00:00:00,25666.0
2014-07-19 01:00:00,20027.0
2014-07-19 02:00:00,19128.0
2014-07-19 03:00:00,19170.0
2014-07-19 04:00:00,19850.0
2014-07-19 05:00:00,20052.0
2014-07-19 06:00:00,22245.0
2014-07-19 07:00:00,22900.0
2014-07-19 08:00:00,26228.0
2014-07-19 09:00:00,30523.0
2014-07-19 10:00:00,33556.0
2014-07-19 11:00:00,36406.0
2014-07-19 12:00:00,36069.0
2014-07-19 13:00:00,35270.0
2014-07-19 14:00:00,34581.0
2014-07-19 15:00:00,34582.0
2014-07-19 16:00:00,35087.0
2014-07-19 17:00:00,35666.0
2014-07-19 18:00:00,35456.0
2014-07-19 19:00:00,36094.0
2014-07-19 20:00:00,35077.0
2014-07-19 21:00:00,32885.0
2014-07-19 22:00:00,31405.0
2014-07-19 23:00:00,29867.0
2014-07-20 00:00:00,25120.0
2014-07-20 01:00:00,19683.0
2014-07-20 02:00:00,18969.0
2014-07-20 03:00:00,18783.0
2014-07-20 04:00:00,19078.0
2014-07-20 05:00:00,19531.0
2014-07-20 06:00:00,20531.0
2014-07-20 07:00:00,22204.0
2014-07-20 08:00:00,26087.0
2014-07-20 09:00:00,29741.0
2014-07-20 10:00:00,32136.0
2014-07-20 11:00:00,35329.0
2014-07-20 12:00:00,35792.0
2014-07-20 13:00:00,35674.0
2014-07-20 14:00:00,35465.0
2014-07-20 15:00:00,34859.0
2014-07-20 16:00:00,34842.0
2014-07-20 17:00:00,35371.0
2014-07-20 18:00:00,35220.0
2014-07-20 19:00:00,35591.0
2014-07-20 20:00:00,33749.0
2014-07-20 21:00:00,31313.0
2014-07-20 22:00:00,30136.0
2014-07-20 23:00:00,26993.0
2014-07-21 00:00:00,21732.0
2014-07-21 01:00:00,20490.0
2014-07-21 02:00:00,20212.0
2014-07-21 03:00:00,19900.0
2014-07-21 04:00:00,20271.0
2014-07-21 05:00:00,20624.0
2014-07-21 06:00:00,21279.0
2014-07-21 07:00:00,22985.0
2014-07-21 08:00:00,26011.0
2014-07-21 09:00:00,30809.0
2014-07-21 10:00:00,32272.0
2014-07-21 11:00:00,37355.0
2014-07-21 12:00:00,36935.0
2014-07-21 13:00:00,37238.0
2014-07-21 14:00:00,37019.0
2014-07-21 15:00:00,36481.0
2014-07-21 16:00:00,36523.0
2014-07-21 17:00:00,38354.0
2014-07-21 18:00:00,39253.0
2014-07-21 19:00:00,42170.0
2014-07-21 20:00:00,35960.0
2014-07-21 21:00:00,32136.0
2014-07-21 22:00:00,30456.0
2014-07-21 23:00:00,27776.0
2014-07-22 00:00:00,22280.0
2014-07-22 01:00:00,20456.0
2014-07-22 02:00:00,19606.0
2014-07-22 03:00:00,19624.0
2014-07-22 04:00:00,19850.0
2014-07-22 05:00:00,20842.0
2014-07-22 06:00:00,21834.0
2014-07-22 07:00:00,22977.0
2014-07-22 08:00:00,32657.0
2014-07-22 09:00:00,33690.0
2014-07-22 10:00:00,36985.0
2014-07-22 11:00:00,40649.0
2014-07-22 12:00:00,40641.0
2014-07-22 13:00:00,41169.0
2014-07-22 14:00:00,41221.0
2014-07-22 15:00:00,41481.0
2014-07-22 16:00:00,42238.0
2014-07-22 17:00:00,42927.0
2014-07-22 18:00:00,41397.0
2014-07-22 19:00:00,41086.0
2014-07-22 20:00:00,36515.0
2014-07-22 21:00:00,33758.0
2014-07-22 22:00:00,31574.0
2014-07-22 23:00:00,27439.0
2014-07-23 00:00:00,22591.0
2014-07-23 01:00:00,20978.0
2014-07-23 02:00:00,19766.0
2014-07-23 03:00:00,19246.0
2014-07-23 04:00:00,19682.0
2014-07-23 05:00:00,20640.0
2014-07-23 06:00:00,21405.0
2014-07-23 07:00:00,22716.0
2014-07-23 08:00:00,26254.0
2014-07-23 09:00:00,32262.0
2014-07-23 10:00:00,35094.0
2014-07-23 11:00:00,42498.0
2014-07-23 12:00:00,39246.0
2014-07-23 13:00:00,39498.0
2014-07-23 14:00:00,38506.0
2014-07-23 15:00:00,39020.0
2014-07-23 16:00:00,38893.0
2014-07-23 17:00:00,40119.0
2014-07-23 18:00:00,38960.0
2014-07-23 19:00:00,39506.0
2014-07-23 20:00:00,35329.0
2014-07-23 21:00:00,32868.0
2014-07-23 22:00:00,30901.0
2014-07-23 23:00:00,26783.0
2014-07-24 00:00:00,21389.0
2014-07-24 01:00:00,19750.0
2014-07-24 02:00:00,19624.0
2014-07-24 03:00:00,19514.0
2014-07-24 04:00:00,19749.0
2014-07-24 05:00:00,21018.0
2014-07-24 06:00:00,21464.0
2014-07-24 07:00:00,22280.0
2014-07-24 08:00:00,24557.0
2014-07-24 09:00:00,30414.0
2014-07-24 10:00:00,35011.0
2014-07-24 11:00:00,42171.0
2014-07-24 12:00:00,37145.0
2014-07-24 13:00:00,34002.0
2014-07-24 14:00:00,33749.0
2014-07-24 15:00:00,34228.0
2014-07-24 16:00:00,33599.0
2014-07-24 17:00:00,34573.0
2014-07-24 18:00:00,34094.0
2014-07-24 19:00:00,33095.0
2014-07-24 20:00:00,32901.0
2014-07-24 21:00:00,32472.0
2014-07-24 22:00:00,29019.0
2014-07-24 23:00:00,25153.0
2014-07-25 00:00:00,19961.0
2014-07-25 01:00:00,18103.0
2014-07-25 02:00:00,17976.0
2014-07-25 03:00:00,17800.0
2014-07-25 04:00:00,18481.0
2014-07-25 05:00:00,18952.0
2014-07-25 06:00:00,20388.0
2014-07-25 07:00:00,21674.0
2014-07-25 08:00:00,24632.0
2014-07-25 09:00:00,30003.0
2014-07-25 10:00:00,31388.0
2014-07-25 11:00:00,31591.0
2014-07-25 12:00:00,31867.0
2014-07-25 13:00:00,32405.0
2014-07-25 14:00:00,38129.0
2014-07-25 15:00:00,38188.0
2014-07-25 16:00:00,39195.0
2014-07-25 17:00:00,38750.0
2014-07-25 18:00:00,38162.0
2014-07-25 19:00:00,37767.0
2014-07-25 20:00:00,34700.0
2014-07-25 21:00:00,31632.0
2014-07-25 22:00:00,30203.0
2014-07-25 23:00:00,28917.0
2014-07-26 00:00:00,23716.0
2014-07-26 01:00:00,19304.0
2014-07-26 02:00:00,18338.0
2014-07-26 03:00:00,17750.0
2014-07-26 04:00:00,18279.0
2014-07-26 05:00:00,18145.0
2014-07-26 06:00:00,20784.0
2014-07-26 07:00:00,21800.0
2014-07-26 08:00:00,27086.0
2014-07-26 09:00:00,35204.0
2014-07-26 10:00:00,35767.0
2014-07-26 11:00:00,38018.0
2014-07-26 12:00:00,37624.0
2014-07-26 13:00:00,37448.0
2014-07-26 14:00:00,37498.0
2014-07-26 15:00:00,36607.0
2014-07-26 16:00:00,37203.0
2014-07-26 17:00:00,37204.0
2014-07-26 18:00:00,37877.0
2014-07-26 19:00:00,38430.0
2014-07-26 20:00:00,34515.0
2014-07-26 21:00:00,32052.0
2014-07-26 22:00:00,30137.0
2014-07-26 23:00:00,28960.0
2014-07-27 00:00:00,23883.0
2014-07-27 01:00:00,18791.0
2014-07-27 02:00:00,18489.0
2014-07-27 03:00:00,17867.0
2014-07-27 04:00:00,18834.0
2014-07-27 05:00:00,18767.0
2014-07-27 06:00:00,19867.0
2014-07-27 07:00:00,21381.0
2014-07-27 08:00:00,24969.0
2014-07-27 09:00:00,29237.0
2014-07-27 10:00:00,33447.0
2014-07-27 11:00:00,40028.0
2014-07-27 12:00:00,37154.0
2014-07-27 13:00:00,37977.0
2014-07-27 14:00:00,37381.0
2014-07-27 15:00:00,36439.0
2014-07-27 16:00:00,37565.0
2014-07-27 17:00:00,37035.0
2014-07-27 18:00:00,37153.0
2014-07-27 19:00:00,37464.0
2014-07-27 20:00:00,34120.0
2014-07-27 21:00:00,31809.0
2014-07-27 22:00:00,30187.0
2014-07-27 23:00:00,25145.0
2014-07-28 00:00:00,19943.0
2014-07-28 01:00:00,18036.0
2014-07-28 02:00:00,17960.0
2014-07-28 03:00:00,18196.0
2014-07-28 04:00:00,18648.0
2014-07-28 05:00:00,18548.0
2014-07-28 06:00:00,20456.0
2014-07-28 07:00:00,21691.0
2014-07-28 08:00:00,25070.0
2014-07-28 09:00:00,31388.0
2014-07-28 10:00:00,33590.0
2014-07-28 11:00:00,40002.0
2014-07-28 12:00:00,38086.0
2014-07-28 13:00:00,37086.0
2014-07-28 14:00:00,37650.0
2014-07-28 15:00:00,38709.0
2014-07-28 16:00:00,39902.0
2014-07-28 17:00:00,41547.0
2014-07-28 18:00:00,40918.0
2014-07-28 19:00:00,41213.0
2014-07-28 20:00:00,35447.0
2014-07-28 21:00:00,31675.0
2014-07-28 22:00:00,29741.0
2014-07-28 23:00:00,26187.0
2014-07-29 00:00:00,20102.0
2014-07-29 01:00:00,18213.0
2014-07-29 02:00:00,17725.0
2014-07-29 03:00:00,17439.0
2014-07-29 04:00:00,18120.0
2014-07-29 05:00:00,18523.0
2014-07-29 06:00:00,19499.0
2014-07-29 07:00:00,19943.0
2014-07-29 08:00:00,24741.0
2014-07-29 09:00:00,31010.0
2014-07-29 10:00:00,36465.0
2014-07-29 11:00:00,43649.0
2014-07-29 12:00:00,42313.0
2014-07-29 13:00:00,41413.0
2014-07-29 14:00:00,42263.0
2014-07-29 15:00:00,44161.0
2014-07-29 16:00:00,43616.0
2014-07-29 17:00:00,41725.0
2014-07-29 18:00:00,40976.0
2014-07-29 19:00:00,40850.0
2014-07-29 20:00:00,36473.0
2014-07-29 21:00:00,32633.0
2014-07-29 22:00:00,30935.0
2014-07-29 23:00:00,26355.0
2014-07-30 00:00:00,20186.0
2014-07-30 01:00:00,18901.0
2014-07-30 02:00:00,18095.0
2014-07-30 03:00:00,18170.0
2014-07-30 04:00:00,17952.0
2014-07-30 05:00:00,18767.0
2014-07-30 06:00:00,19405.0
2014-07-30 07:00:00,20338.0
2014-07-30 08:00:00,24338.0
2014-07-30 09:00:00,29692.0
2014-07-30 10:00:00,37152.0
2014-07-30 11:00:00,41188.0
2014-07-30 12:00:00,39884.0
2014-07-30 13:00:00,41162.0
2014-07-30 14:00:00,41809.0
2014-07-30 15:00:00,41331.0
2014-07-30 16:00:00,43548.0
2014-07-30 17:00:00,43422.0
2014-07-30 18:00:00,42313.0
2014-07-30 19:00:00,41060.0
2014-07-30 20:00:00,36700.0
2014-07-30 21:00:00,33355.0
2014-07-30 22:00:00,31171.0
2014-07-30 23:00:00,26279.0
2014-07-31 00:00:00,20465.0
2014-07-31 01:00:00,18280.0
2014-07-31 02:00:00,17817.0
2014-07-31 03:00:00,17961.0
2014-07-31 04:00:00,18254.0
2014-07-31 05:00:00,18591.0
2014-07-31 06:00:00,19826.0
2014-07-31 07:00:00,20783.0
2014-07-31 08:00:00,30749.0
2014-07-31 09:00:00,33600.0
2014-07-31 10:00:00,33859.0
2014-07-31 11:00:00,36943.0
2014-07-31 12:00:00,37228.0
2014-07-31 13:00:00,37708.0
2014-07-31 14:00:00,38396.0
2014-07-31 15:00:00,38573.0
2014-07-31 16:00:00,37607.0
2014-07-31 17:00:00,38262.0
2014-07-31 18:00:00,37069.0
2014-07-31 19:00:00,36917.0
2014-07-31 20:00:00,33305.0
2014-07-31 21:00:00,31549.0
2014-07-31 22:00:00,29977.0
2014-07-31 23:00:00,25599.0
2014-08-01 00:00:00,19969.0
2014-08-01 01:00:00,18329.0
2014-08-01 02:00:00,17271.0
2014-08-01 03:00:00,17238.0
2014-08-01 04:00:00,17892.0
2014-08-01 05:00:00,18331.0
2014-08-01 06:00:00,20136.0
2014-08-01 07:00:00,20615.0
2014-08-01 08:00:00,29976.0
2014-08-01 09:00:00,33204.0
2014-08-01 10:00:00,34212.0
2014-08-01 11:00:00,36069.0
2014-08-01 12:00:00,36599.0
2014-08-01 13:00:00,36338.0
2014-08-01 14:00:00,37102.0
2014-08-01 15:00:00,36296.0
2014-08-01 16:00:00,36515.0
2014-08-01 17:00:00,36910.0
2014-08-01 18:00:00,36758.0
2014-08-01 19:00:00,36153.0
2014-08-01 20:00:00,33884.0
2014-08-01 21:00:00,31548.0
2014-08-01 22:00:00,29759.0
2014-08-01 23:00:00,28431.0
2014-08-02 00:00:00,23003.0
2014-08-02 01:00:00,18069.0
2014-08-02 02:00:00,18531.0
2014-08-02 03:00:00,18128.0
2014-08-02 04:00:00,18220.0
2014-08-02 05:00:00,18498.0
2014-08-02 06:00:00,20305.0
2014-08-02 07:00:00,20506.0
2014-08-02 08:00:00,30380.0
2014-08-02 09:00:00,32624.0
2014-08-02 10:00:00,32859.0
2014-08-02 11:00:00,31430.0
2014-08-02 12:00:00,32002.0
2014-08-02 13:00:00,31775.0
2014-08-02 14:00:00,31741.0
2014-08-02 15:00:00,31128.0
2014-08-02 16:00:00,30893.0
2014-08-02 17:00:00,31018.0
2014-08-02 18:00:00,30918.0
2014-08-02 19:00:00,31146.0
2014-08-02 20:00:00,31497.0
2014-08-02 21:00:00,31574.0
2014-08-02 22:00:00,29456.0
2014-08-02 23:00:00,28280.0
2014-08-03 00:00:00,22591.0
2014-08-03 01:00:00,17507.0
2014-08-03 02:00:00,16716.0
2014-08-03 03:00:00,16254.0
2014-08-03 04:00:00,16682.0
2014-08-03 05:00:00,17203.0
2014-08-03 06:00:00,18540.0
2014-08-03 07:00:00,20229.0
2014-08-03 08:00:00,22935.0
2014-08-03 09:00:00,28254.0
2014-08-03 10:00:00,28927.0
2014-08-03 11:00:00,29060.0
2014-08-03 12:00:00,29574.0
2014-08-03 13:00:00,29464.0
2014-08-03 14:00:00,29170.0
2014-08-03 15:00:00,28926.0
2014-08-03 16:00:00,29187.0
2014-08-03 17:00:00,29422.0
2014-08-03 18:00:00,28028.0
2014-08-03 19:00:00,29061.0
2014-08-03 20:00:00,29884.0
2014-08-03 21:00:00,29296.0
2014-08-03 22:00:00,27473.0
2014-08-03 23:00:00,24178.0
2014-08-04 00:00:00,19245.0
2014-08-04 01:00:00,17961.0
2014-08-04 02:00:00,17775.0
2014-08-04 03:00:00,17162.0
2014-08-04 04:00:00,17371.0
2014-08-04 05:00:00,17658.0
2014-08-04 06:00:00,18195.0
2014-08-04 07:00:00,19708.0
2014-08-04 08:00:00,22969.0
2014-08-04 09:00:00,27707.0
2014-08-04 10:00:00,28809.0
2014-08-04 11:00:00,29539.0
2014-08-04 12:00:00,29010.0
2014-08-04 13:00:00,29985.0
2014-08-04 14:00:00,29439.0
2014-08-04 15:00:00,36279.0
2014-08-04 16:00:00,36027.0
2014-08-04 17:00:00,35952.0
2014-08-04 18:00:00,35918.0
2014-08-04 19:00:00,31490.0
2014-08-04 20:00:00,30413.0
2014-08-04 21:00:00,30204.0
2014-08-04 22:00:00,28952.0
2014-08-04 23:00:00,24557.0
2014-08-05 00:00:00,19599.0
2014-08-05 01:00:00,17673.0
2014-08-05 02:00:00,16876.0
2014-08-05 03:00:00,16489.0
2014-08-05 04:00:00,17498.0
2014-08-05 05:00:00,17775.0
2014-08-05 06:00:00,19296.0
2014-08-05 07:00:00,20246.0
2014-08-05 08:00:00,29153.0
2014-08-05 09:00:00,31599.0
2014-08-05 10:00:00,32977.0
2014-08-05 11:00:00,34759.0
2014-08-05 12:00:00,35237.0
2014-08-05 13:00:00,35574.0
2014-08-05 14:00:00,36154.0
2014-08-05 15:00:00,35162.0
2014-08-05 16:00:00,36430.0
2014-08-05 17:00:00,37523.0
2014-08-05 18:00:00,35447.0
2014-08-05 19:00:00,36239.0
2014-08-05 20:00:00,33456.0
2014-08-05 21:00:00,31893.0
2014-08-05 22:00:00,29388.0
2014-08-05 23:00:00,25674.0
2014-08-06 00:00:00,19573.0
2014-08-06 01:00:00,17758.0
2014-08-06 02:00:00,17472.0
2014-08-06 03:00:00,17363.0
2014-08-06 04:00:00,17540.0
2014-08-06 05:00:00,18170.0
2014-08-06 06:00:00,19640.0
2014-08-06 07:00:00,20690.0
2014-08-06 08:00:00,28581.0
2014-08-06 09:00:00,31262.0
2014-08-06 10:00:00,33859.0
2014-08-06 11:00:00,36918.0
2014-08-06 12:00:00,37675.0
2014-08-06 13:00:00,37927.0
2014-08-06 14:00:00,37506.0
2014-08-06 15:00:00,37530.0
2014-08-06 16:00:00,37514.0
2014-08-06 17:00:00,38665.0
2014-08-06 18:00:00,37985.0
2014-08-06 19:00:00,37808.0
2014-08-06 20:00:00,34035.0
2014-08-06 21:00:00,31472.0
2014-08-06 22:00:00,29691.0
2014-08-06 23:00:00,26137.0
2014-08-07 00:00:00,20725.0
2014-08-07 01:00:00,18799.0
2014-08-07 02:00:00,17868.0
2014-08-07 03:00:00,17330.0
2014-08-07 04:00:00,18296.0
2014-08-07 05:00:00,18927.0
2014-08-07 06:00:00,20741.0
2014-08-07 07:00:00,21111.0
2014-08-07 08:00:00,24909.0
2014-08-07 09:00:00,29700.0
2014-08-07 10:00:00,30077.0
2014-08-07 11:00:00,31591.0
2014-08-07 12:00:00,32649.0
2014-08-07 13:00:00,32742.0
2014-08-07 14:00:00,32431.0
2014-08-07 15:00:00,32129.0
2014-08-07 16:00:00,32320.0
2014-08-07 17:00:00,31717.0
2014-08-07 18:00:00,31524.0
2014-08-07 19:00:00,31464.0
2014-08-07 20:00:00,32356.0
2014-08-07 21:00:00,31481.0
2014-08-07 22:00:00,29431.0
2014-08-07 23:00:00,24776.0
2014-08-08 00:00:00,19616.0
2014-08-08 01:00:00,18591.0
2014-08-08 02:00:00,18238.0
2014-08-08 03:00:00,18220.0
2014-08-08 04:00:00,18355.0
2014-08-08 05:00:00,18843.0
2014-08-08 06:00:00,21204.0
2014-08-08 07:00:00,21892.0
2014-08-08 08:00:00,25489.0
2014-08-08 09:00:00,30305.0
2014-08-08 10:00:00,30633.0
2014-08-08 11:00:00,30943.0
2014-08-08 12:00:00,31675.0
2014-08-08 13:00:00,31363.0
2014-08-08 14:00:00,37489.0
2014-08-08 15:00:00,38002.0
2014-08-08 16:00:00,36750.0
2014-08-08 17:00:00,36724.0
2014-08-08 18:00:00,37506.0
2014-08-08 19:00:00,36095.0
2014-08-08 20:00:00,32556.0
2014-08-08 21:00:00,32221.0
2014-08-08 22:00:00,30312.0
2014-08-08 23:00:00,29868.0
2014-08-09 00:00:00,24683.0
2014-08-09 01:00:00,19489.0
2014-08-09 02:00:00,19295.0
2014-08-09 03:00:00,18465.0
2014-08-09 04:00:00,19245.0
2014-08-09 05:00:00,19338.0
2014-08-09 06:00:00,21220.0
2014-08-09 07:00:00,21657.0
2014-08-09 08:00:00,31741.0
2014-08-09 09:00:00,33541.0
2014-08-09 10:00:00,35413.0
2014-08-09 11:00:00,39061.0
2014-08-09 12:00:00,38372.0
2014-08-09 13:00:00,38280.0
2014-08-09 14:00:00,38792.0
2014-08-09 15:00:00,37892.0
2014-08-09 16:00:00,38373.0
2014-08-09 17:00:00,39321.0
2014-08-09 18:00:00,38397.0
2014-08-09 19:00:00,38893.0
2014-08-09 20:00:00,35389.0
2014-08-09 21:00:00,33170.0
2014-08-09 22:00:00,31238.0
2014-08-09 23:00:00,30633.0
2014-08-10 00:00:00,25271.0
2014-08-10 01:00:00,20018.0
2014-08-10 02:00:00,19002.0
2014-08-10 03:00:00,18625.0
2014-08-10 04:00:00,18859.0
2014-08-10 05:00:00,19631.0
2014-08-10 06:00:00,22019.0
2014-08-10 07:00:00,22111.0
2014-08-10 08:00:00,25708.0
2014-08-10 09:00:00,29649.0
2014-08-10 10:00:00,36976.0
2014-08-10 11:00:00,38683.0
2014-08-10 12:00:00,38389.0
2014-08-10 13:00:00,38457.0
2014-08-10 14:00:00,37212.0
2014-08-10 15:00:00,37043.0
2014-08-10 16:00:00,37246.0
2014-08-10 17:00:00,38414.0
2014-08-10 18:00:00,39052.0
2014-08-10 19:00:00,39145.0
2014-08-10 20:00:00,35598.0
2014-08-10 21:00:00,32279.0
2014-08-10 22:00:00,29766.0
2014-08-10 23:00:00,24641.0
2014-08-11 00:00:00,19860.0
2014-08-11 01:00:00,18355.0
2014-08-11 02:00:00,17994.0
2014-08-11 03:00:00,17733.0
2014-08-11 04:00:00,18212.0
2014-08-11 05:00:00,19481.0
2014-08-11 06:00:00,20868.0
2014-08-11 07:00:00,22137.0
2014-08-11 08:00:00,30556.0
2014-08-11 09:00:00,32221.0
2014-08-11 10:00:00,34069.0
2014-08-11 11:00:00,36944.0
2014-08-11 12:00:00,37844.0
2014-08-11 13:00:00,38120.0
2014-08-11 14:00:00,38263.0
2014-08-11 15:00:00,37162.0
2014-08-11 16:00:00,38110.0
2014-08-11 17:00:00,36960.0
2014-08-11 18:00:00,36566.0
2014-08-11 19:00:00,36489.0
2014-08-11 20:00:00,32615.0
2014-08-11 21:00:00,30692.0
2014-08-11 22:00:00,28952.0
2014-08-11 23:00:00,25372.0
2014-08-12 00:00:00,19943.0
2014-08-12 01:00:00,18482.0
2014-08-12 02:00:00,17354.0
2014-08-12 03:00:00,16388.0
2014-08-12 04:00:00,17564.0
2014-08-12 05:00:00,18203.0
2014-08-12 06:00:00,20649.0
2014-08-12 07:00:00,21615.0
2014-08-12 08:00:00,30649.0
2014-08-12 09:00:00,31892.0
2014-08-12 10:00:00,34935.0
2014-08-12 11:00:00,37716.0
2014-08-12 12:00:00,37901.0
2014-08-12 13:00:00,37616.0
2014-08-12 14:00:00,37658.0
2014-08-12 15:00:00,36918.0
2014-08-12 16:00:00,37548.0
2014-08-12 17:00:00,38304.0
2014-08-12 18:00:00,38036.0
2014-08-12 19:00:00,38296.0
2014-08-12 20:00:00,34565.0
2014-08-12 21:00:00,31842.0
2014-08-12 22:00:00,30608.0
2014-08-12 23:00:00,26002.0
2014-08-13 00:00:00,20305.0
2014-08-13 01:00:00,17884.0
2014-08-13 02:00:00,17481.0
2014-08-13 03:00:00,16658.0
2014-08-13 04:00:00,17564.0
2014-08-13 05:00:00,18305.0
2014-08-13 06:00:00,20717.0
2014-08-13 07:00:00,20749.0
2014-08-13 08:00:00,29658.0
2014-08-13 09:00:00,30464.0
2014-08-13 10:00:00,32927.0
2014-08-13 11:00:00,34717.0
2014-08-13 12:00:00,35203.0
2014-08-13 13:00:00,35783.0
2014-08-13 14:00:00,35396.0
2014-08-13 15:00:00,35296.0
2014-08-13 16:00:00,36607.0
2014-08-13 17:00:00,37372.0
2014-08-13 18:00:00,35699.0
2014-08-13 19:00:00,36195.0
2014-08-13 20:00:00,33556.0
2014-08-13 21:00:00,31606.0
2014-08-13 22:00:00,29632.0
2014-08-13 23:00:00,25271.0
2014-08-14 00:00:00,19498.0
2014-08-14 01:00:00,17658.0
2014-08-14 02:00:00,17119.0
2014-08-14 03:00:00,16388.0
2014-08-14 04:00:00,17490.0
2014-08-14 05:00:00,18087.0
2014-08-14 06:00:00,20389.0
2014-08-14 07:00:00,20439.0
2014-08-14 08:00:00,28934.0
2014-08-14 09:00:00,29993.0
2014-08-14 10:00:00,32943.0
2014-08-14 11:00:00,34817.0
2014-08-14 12:00:00,36119.0
2014-08-14 13:00:00,35825.0
2014-08-14 14:00:00,36817.0
2014-08-14 15:00:00,36406.0
2014-08-14 16:00:00,36793.0
2014-08-14 17:00:00,37380.0
2014-08-14 18:00:00,36465.0
2014-08-14 19:00:00,36355.0
2014-08-14 20:00:00,33691.0
2014-08-14 21:00:00,31514.0
2014-08-14 22:00:00,29431.0
2014-08-14 23:00:00,25741.0
2014-08-15 00:00:00,20708.0
2014-08-15 01:00:00,18053.0
2014-08-15 02:00:00,17381.0
2014-08-15 03:00:00,17321.0
2014-08-15 04:00:00,17809.0
2014-08-15 05:00:00,18734.0
2014-08-15 06:00:00,20204.0
2014-08-15 07:00:00,20305.0
2014-08-15 08:00:00,28498.0
2014-08-15 09:00:00,30473.0
2014-08-15 10:00:00,32717.0
2014-08-15 11:00:00,35389.0
2014-08-15 12:00:00,35355.0
2014-08-15 13:00:00,36406.0
2014-08-15 14:00:00,36321.0
2014-08-15 15:00:00,36985.0
2014-08-15 16:00:00,37254.0
2014-08-15 17:00:00,38044.0
2014-08-15 18:00:00,37783.0
2014-08-15 19:00:00,38188.0
2014-08-15 20:00:00,34641.0
2014-08-15 21:00:00,32263.0
2014-08-15 22:00:00,30430.0
2014-08-15 23:00:00,29700.0
2014-08-16 00:00:00,23497.0
2014-08-16 01:00:00,18700.0
2014-08-16 02:00:00,18657.0
2014-08-16 03:00:00,17817.0
2014-08-16 04:00:00,18254.0
2014-08-16 05:00:00,18238.0
2014-08-16 06:00:00,20002.0
2014-08-16 07:00:00,20246.0
2014-08-16 08:00:00,30716.0
2014-08-16 09:00:00,30910.0
2014-08-16 10:00:00,33759.0
2014-08-16 11:00:00,37103.0
2014-08-16 12:00:00,38448.0
2014-08-16 13:00:00,38565.0
2014-08-16 14:00:00,39708.0
2014-08-16 15:00:00,40170.0
2014-08-16 16:00:00,39985.0
2014-08-16 17:00:00,40263.0
2014-08-16 18:00:00,39448.0
2014-08-16 19:00:00,40531.0
2014-08-16 20:00:00,40566.0
2014-08-16 21:00:00,39111.0
2014-08-16 22:00:00,32481.0
2014-08-16 23:00:00,30548.0
2014-08-17 00:00:00,24741.0
2014-08-17 01:00:00,19280.0
2014-08-17 02:00:00,18338.0
2014-08-17 03:00:00,18179.0
2014-08-17 04:00:00,18271.0
2014-08-17 05:00:00,18356.0
2014-08-17 06:00:00,20001.0
2014-08-17 07:00:00,19960.0
2014-08-17 08:00:00,24035.0
2014-08-17 09:00:00,28413.0
2014-08-17 10:00:00,38010.0
2014-08-17 11:00:00,40120.0
2014-08-17 12:00:00,39136.0
2014-08-17 13:00:00,38968.0
2014-08-17 14:00:00,38984.0
2014-08-17 15:00:00,39288.0
2014-08-17 16:00:00,41649.0
2014-08-17 17:00:00,40633.0
2014-08-17 18:00:00,39690.0
2014-08-17 19:00:00,40656.0
2014-08-17 20:00:00,39052.0
2014-08-17 21:00:00,34431.0
2014-08-17 22:00:00,29818.0
2014-08-17 23:00:00,25792.0
2014-08-18 00:00:00,20591.0
2014-08-18 01:00:00,18843.0
2014-08-18 02:00:00,18867.0
2014-08-18 03:00:00,19078.0
2014-08-18 04:00:00,19464.0
2014-08-18 05:00:00,19741.0
2014-08-18 06:00:00,21833.0
2014-08-18 07:00:00,22178.0
2014-08-18 08:00:00,31742.0
2014-08-18 09:00:00,33405.0
2014-08-18 10:00:00,34280.0
2014-08-18 11:00:00,37094.0
2014-08-18 12:00:00,37069.0
2014-08-18 13:00:00,37682.0
2014-08-18 14:00:00,37648.0
2014-08-18 15:00:00,36985.0
2014-08-18 16:00:00,38246.0
2014-08-18 17:00:00,39019.0
2014-08-18 18:00:00,37969.0
2014-08-18 19:00:00,36986.0
2014-08-18 20:00:00,33590.0
2014-08-18 21:00:00,32347.0
2014-08-18 22:00:00,29994.0
2014-08-18 23:00:00,26036.0
2014-08-19 00:00:00,20229.0
2014-08-19 01:00:00,17876.0
2014-08-19 02:00:00,18128.0
2014-08-19 03:00:00,17330.0
2014-08-19 04:00:00,17994.0
2014-08-19 05:00:00,18708.0
2014-08-19 06:00:00,21213.0
2014-08-19 07:00:00,21422.0
2014-08-19 08:00:00,30153.0
2014-08-19 09:00:00,32523.0
2014-08-19 10:00:00,33448.0
2014-08-19 11:00:00,35321.0
2014-08-19 12:00:00,35421.0
2014-08-19 13:00:00,35666.0
2014-08-19 14:00:00,35573.0
2014-08-19 15:00:00,35540.0
2014-08-19 16:00:00,36044.0
2014-08-19 17:00:00,36330.0
2014-08-19 18:00:00,35750.0
2014-08-19 19:00:00,35220.0
2014-08-19 20:00:00,33087.0
2014-08-19 21:00:00,31221.0
2014-08-19 22:00:00,29372.0
2014-08-19 23:00:00,24935.0
2014-08-20 00:00:00,20229.0
2014-08-20 01:00:00,18331.0
2014-08-20 02:00:00,17178.0
2014-08-20 03:00:00,16926.0
2014-08-20 04:00:00,17397.0
2014-08-20 05:00:00,17859.0
2014-08-20 06:00:00,20060.0
2014-08-20 07:00:00,21161.0
2014-08-20 08:00:00,29304.0
2014-08-20 09:00:00,31968.0
2014-08-20 10:00:00,33178.0
2014-08-20 11:00:00,35917.0
2014-08-20 12:00:00,35279.0
2014-08-20 13:00:00,35338.0
2014-08-20 14:00:00,36245.0
2014-08-20 15:00:00,36077.0
2014-08-20 16:00:00,37354.0
2014-08-20 17:00:00,37851.0
2014-08-20 18:00:00,35994.0
2014-08-20 19:00:00,36599.0
2014-08-20 20:00:00,32515.0
2014-08-20 21:00:00,30674.0
2014-08-20 22:00:00,28330.0
2014-08-20 23:00:00,24077.0
2014-08-21 00:00:00,18179.0
2014-08-21 01:00:00,16927.0
2014-08-21 02:00:00,16876.0
2014-08-21 03:00:00,17002.0
2014-08-21 04:00:00,17019.0
2014-08-21 05:00:00,17976.0
2014-08-21 06:00:00,19019.0
2014-08-21 07:00:00,19800.0
2014-08-21 08:00:00,28498.0
2014-08-21 09:00:00,30288.0
2014-08-21 10:00:00,32329.0
2014-08-21 11:00:00,33977.0
2014-08-21 12:00:00,33860.0
2014-08-21 13:00:00,35061.0
2014-08-21 14:00:00,33405.0
2014-08-21 15:00:00,33826.0
2014-08-21 16:00:00,37817.0
2014-08-21 17:00:00,37590.0
2014-08-21 18:00:00,35842.0
2014-08-21 19:00:00,35077.0
2014-08-21 20:00:00,34028.0
2014-08-21 21:00:00,31280.0
2014-08-21 22:00:00,29270.0
2014-08-21 23:00:00,24944.0
2014-08-22 00:00:00,19876.0
2014-08-22 01:00:00,18305.0
2014-08-22 02:00:00,16808.0
2014-08-22 03:00:00,16758.0
2014-08-22 04:00:00,17195.0
2014-08-22 05:00:00,18557.0
2014-08-22 06:00:00,20691.0
2014-08-22 07:00:00,21053.0
2014-08-22 08:00:00,30061.0
2014-08-22 09:00:00,31371.0
2014-08-22 10:00:00,32885.0
2014-08-22 11:00:00,35876.0
2014-08-22 12:00:00,35959.0
2014-08-22 13:00:00,33650.0
2014-08-22 14:00:00,32153.0
2014-08-22 15:00:00,31363.0
2014-08-22 16:00:00,31968.0
2014-08-22 17:00:00,34725.0
2014-08-22 18:00:00,38582.0
2014-08-22 19:00:00,38598.0
2014-08-22 20:00:00,33901.0
2014-08-22 21:00:00,32204.0
2014-08-22 22:00:00,29818.0
2014-08-22 23:00:00,28733.0
2014-08-23 00:00:00,22406.0
2014-08-23 01:00:00,17565.0
2014-08-23 02:00:00,16649.0
2014-08-23 03:00:00,16289.0
2014-08-23 04:00:00,16498.0
2014-08-23 05:00:00,17608.0
2014-08-23 06:00:00,19154.0
2014-08-23 07:00:00,19825.0
2014-08-23 08:00:00,28077.0
2014-08-23 09:00:00,29170.0
2014-08-23 10:00:00,31952.0
2014-08-23 11:00:00,33716.0
2014-08-23 12:00:00,33607.0
2014-08-23 13:00:00,32776.0
2014-08-23 14:00:00,33196.0
2014-08-23 15:00:00,33137.0
2014-08-23 16:00:00,33943.0
2014-08-23 17:00:00,34246.0
2014-08-23 18:00:00,33809.0
2014-08-23 19:00:00,35254.0
2014-08-23 20:00:00,35136.0
2014-08-23 21:00:00,35749.0
2014-08-23 22:00:00,29624.0
2014-08-23 23:00:00,27918.0
2014-08-24 00:00:00,21474.0
2014-08-24 01:00:00,17053.0
2014-08-24 02:00:00,16153.0
2014-08-24 03:00:00,15859.0
2014-08-24 04:00:00,16296.0
2014-08-24 05:00:00,17186.0
2014-08-24 06:00:00,18768.0
2014-08-24 07:00:00,19682.0
2014-08-24 08:00:00,22884.0
2014-08-24 09:00:00,27060.0
2014-08-24 10:00:00,33834.0
2014-08-24 11:00:00,33993.0
2014-08-24 12:00:00,32388.0
2014-08-24 13:00:00,33010.0
2014-08-24 14:00:00,33221.0
2014-08-24 15:00:00,33363.0
2014-08-24 16:00:00,34102.0
2014-08-24 17:00:00,34027.0
2014-08-24 18:00:00,33793.0
2014-08-24 19:00:00,33724.0
2014-08-24 20:00:00,33884.0
2014-08-24 21:00:00,32539.0
2014-08-24 22:00:00,28271.0
2014-08-24 23:00:00,24287.0
2014-08-25 00:00:00,19169.0
2014-08-25 01:00:00,17070.0
2014-08-25 02:00:00,16522.0
2014-08-25 03:00:00,16195.0
2014-08-25 04:00:00,16683.0
2014-08-25 05:00:00,18120.0
2014-08-25 06:00:00,19843.0
2014-08-25 07:00:00,20230.0
2014-08-25 08:00:00,23120.0
2014-08-25 09:00:00,27633.0
2014-08-25 10:00:00,28473.0
2014-08-25 11:00:00,35010.0
2014-08-25 12:00:00,35767.0
2014-08-25 13:00:00,34750.0
2014-08-25 14:00:00,34692.0
2014-08-25 15:00:00,33741.0
2014-08-25 16:00:00,34843.0
2014-08-25 17:00:00,35959.0
2014-08-25 18:00:00,36035.0
2014-08-25 19:00:00,37321.0
2014-08-25 20:00:00,34137.0
2014-08-25 21:00:00,31935.0
2014-08-25 22:00:00,29716.0
2014-08-25 23:00:00,25590.0
2014-08-26 00:00:00,19843.0
2014-08-26 01:00:00,17809.0
2014-08-26 02:00:00,17212.0
2014-08-26 03:00:00,16633.0
2014-08-26 04:00:00,17759.0
2014-08-26 05:00:00,18775.0
2014-08-26 06:00:00,20430.0
2014-08-26 07:00:00,20801.0
2014-08-26 08:00:00,24615.0
2014-08-26 09:00:00,29531.0
2014-08-26 10:00:00,30539.0
2014-08-26 11:00:00,37574.0
2014-08-26 12:00:00,38481.0
2014-08-26 13:00:00,38338.0
2014-08-26 14:00:00,37757.0
2014-08-26 15:00:00,37574.0
2014-08-26 16:00:00,38448.0
2014-08-26 17:00:00,39456.0
2014-08-26 18:00:00,39011.0
2014-08-26 19:00:00,39515.0
2014-08-26 20:00:00,35263.0
2014-08-26 21:00:00,32077.0
2014-08-26 22:00:00,30373.0
2014-08-26 23:00:00,25473.0
2014-08-27 00:00:00,20094.0
2014-08-27 01:00:00,18531.0
2014-08-27 02:00:00,17893.0
2014-08-27 03:00:00,17674.0
2014-08-27 04:00:00,18673.0
2014-08-27 05:00:00,19321.0
2014-08-27 06:00:00,20985.0
2014-08-27 07:00:00,21792.0
2014-08-27 08:00:00,25347.0
2014-08-27 09:00:00,29397.0
2014-08-27 10:00:00,30800.0
2014-08-27 11:00:00,38363.0
2014-08-27 12:00:00,39499.0
2014-08-27 13:00:00,39397.0
2014-08-27 14:00:00,39178.0
2014-08-27 15:00:00,39077.0
2014-08-27 16:00:00,39229.0
2014-08-27 17:00:00,39027.0
2014-08-27 18:00:00,38087.0
2014-08-27 19:00:00,38010.0
2014-08-27 20:00:00,34574.0
2014-08-27 21:00:00,31539.0
2014-08-27 22:00:00,29976.0
2014-08-27 23:00:00,25934.0
2014-08-28 00:00:00,21027.0
2014-08-28 01:00:00,19145.0
2014-08-28 02:00:00,18010.0
2014-08-28 03:00:00,17901.0
2014-08-28 04:00:00,18522.0
2014-08-28 05:00:00,19582.0
2014-08-28 06:00:00,21767.0
2014-08-28 07:00:00,22507.0
2014-08-28 08:00:00,25877.0
2014-08-28 09:00:00,31010.0
2014-08-28 10:00:00,30826.0
2014-08-28 11:00:00,37044.0
2014-08-28 12:00:00,37145.0
2014-08-28 13:00:00,34902.0
2014-08-28 14:00:00,34725.0
2014-08-28 15:00:00,34145.0
2014-08-28 16:00:00,35699.0
2014-08-28 17:00:00,36127.0
2014-08-28 18:00:00,36548.0
2014-08-28 19:00:00,36640.0
2014-08-28 20:00:00,33346.0
2014-08-28 21:00:00,31589.0
2014-08-28 22:00:00,29675.0
2014-08-28 23:00:00,25221.0
2014-08-29 00:00:00,20195.0
2014-08-29 01:00:00,18548.0
2014-08-29 02:00:00,17944.0
2014-08-29 03:00:00,17556.0
2014-08-29 04:00:00,18162.0
2014-08-29 05:00:00,19027.0
2014-08-29 06:00:00,21187.0
2014-08-29 07:00:00,21095.0
2014-08-29 08:00:00,23994.0
2014-08-29 09:00:00,28800.0
2014-08-29 10:00:00,29531.0
2014-08-29 11:00:00,36774.0
2014-08-29 12:00:00,36027.0
2014-08-29 13:00:00,35632.0
2014-08-29 14:00:00,35724.0
2014-08-29 15:00:00,35119.0
2014-08-29 16:00:00,35817.0
2014-08-29 17:00:00,36792.0
2014-08-29 18:00:00,36255.0
2014-08-29 19:00:00,36507.0
2014-08-29 20:00:00,36473.0
2014-08-29 21:00:00,32792.0
2014-08-29 22:00:00,29591.0
2014-08-29 23:00:00,28270.0
2014-08-30 00:00:00,22456.0
2014-08-30 01:00:00,17640.0
2014-08-30 02:00:00,17263.0
2014-08-30 03:00:00,16666.0
2014-08-30 04:00:00,17473.0
2014-08-30 05:00:00,17792.0
2014-08-30 06:00:00,20002.0
2014-08-30 07:00:00,20977.0
2014-08-30 08:00:00,23826.0
2014-08-30 09:00:00,28204.0
2014-08-30 10:00:00,29346.0
2014-08-30 11:00:00,36296.0
2014-08-30 12:00:00,35523.0
2014-08-30 13:00:00,34247.0
2014-08-30 14:00:00,34649.0
2014-08-30 15:00:00,34607.0
2014-08-30 16:00:00,35010.0
2014-08-30 17:00:00,35767.0
2014-08-30 18:00:00,34951.0
2014-08-30 19:00:00,36347.0
2014-08-30 20:00:00,35733.0
2014-08-30 21:00:00,33111.0
2014-08-30 22:00:00,30742.0
2014-08-30 23:00:00,29473.0
2014-08-31 00:00:00,23783.0
2014-08-31 01:00:00,18556.0
2014-08-31 02:00:00,17380.0
2014-08-31 03:00:00,16960.0
2014-08-31 04:00:00,17246.0
2014-08-31 05:00:00,18119.0
2014-08-31 06:00:00,20162.0
2014-08-31 07:00:00,20666.0
2014-08-31 08:00:00,23918.0
2014-08-31 09:00:00,26885.0
2014-08-31 10:00:00,28808.0
2014-08-31 11:00:00,36447.0
2014-08-31 12:00:00,35439.0
2014-08-31 13:00:00,34633.0
2014-08-31 14:00:00,34322.0
2014-08-31 15:00:00,33363.0
2014-08-31 16:00:00,33480.0
2014-08-31 17:00:00,34069.0
2014-08-31 18:00:00,34994.0
2014-08-31 19:00:00,36388.0
2014-08-31 20:00:00,34464.0
2014-08-31 21:00:00,32800.0
2014-08-31 22:00:00,29960.0
2014-08-31 23:00:00,26011.0
2014-09-01 00:00:00,20262.0
2014-09-01 01:00:00,18128.0
2014-09-01 02:00:00,17867.0
2014-09-01 03:00:00,17515.0
2014-09-01 04:00:00,17952.0
2014-09-01 05:00:00,19196.0
2014-09-01 06:00:00,20717.0
2014-09-01 07:00:00,21321.0
2014-09-01 08:00:00,24522.0
2014-09-01 09:00:00,29119.0
2014-09-01 10:00:00,39381.0
2014-09-01 11:00:00,36456.0
2014-09-01 12:00:00,36397.0
2014-09-01 13:00:00,36573.0
2014-09-01 14:00:00,37120.0
2014-09-01 15:00:00,36825.0
2014-09-01 16:00:00,37355.0
2014-09-01 17:00:00,39070.0
2014-09-01 18:00:00,37690.0
2014-09-01 19:00:00,39002.0
2014-09-01 20:00:00,35238.0
2014-09-01 21:00:00,33178.0
2014-09-01 22:00:00,29774.0
2014-09-01 23:00:00,26481.0
2014-09-02 00:00:00,20329.0
2014-09-02 01:00:00,18850.0
2014-09-02 02:00:00,18111.0
2014-09-02 03:00:00,18095.0
2014-09-02 04:00:00,18422.0
2014-09-02 05:00:00,19280.0
2014-09-02 06:00:00,20388.0
2014-09-02 07:00:00,20944.0
2014-09-02 08:00:00,24691.0
2014-09-02 09:00:00,28683.0
2014-09-02 10:00:00,30018.0
2014-09-02 11:00:00,37783.0
2014-09-02 12:00:00,37053.0
2014-09-02 13:00:00,35447.0
2014-09-02 14:00:00,35371.0
2014-09-02 15:00:00,34632.0
2014-09-02 16:00:00,34280.0
2014-09-02 17:00:00,36329.0
2014-09-02 18:00:00,35968.0
2014-09-02 19:00:00,37657.0
2014-09-02 20:00:00,34909.0
2014-09-02 21:00:00,32565.0
2014-09-02 22:00:00,30582.0
2014-09-02 23:00:00,26615.0
2014-09-03 00:00:00,20163.0
2014-09-03 01:00:00,18673.0
2014-09-03 02:00:00,18087.0
2014-09-03 03:00:00,18002.0
2014-09-03 04:00:00,18423.0
2014-09-03 05:00:00,19396.0
2014-09-03 06:00:00,20548.0
2014-09-03 07:00:00,21397.0
2014-09-03 08:00:00,24497.0
2014-09-03 09:00:00,28717.0
2014-09-03 10:00:00,29691.0
2014-09-03 11:00:00,37918.0
2014-09-03 12:00:00,37750.0
2014-09-03 13:00:00,34456.0
2014-09-03 14:00:00,34968.0
2014-09-03 15:00:00,35935.0
2014-09-03 16:00:00,36161.0
2014-09-03 17:00:00,36800.0
2014-09-03 18:00:00,36960.0
2014-09-03 19:00:00,37514.0
2014-09-03 20:00:00,34522.0
2014-09-03 21:00:00,32346.0
2014-09-03 22:00:00,31010.0
2014-09-03 23:00:00,26825.0
2014-09-04 00:00:00,20791.0
2014-09-04 01:00:00,18716.0
2014-09-04 02:00:00,18810.0
2014-09-04 03:00:00,18656.0
2014-09-04 04:00:00,18724.0
2014-09-04 05:00:00,20162.0
2014-09-04 06:00:00,22053.0
2014-09-04 07:00:00,22254.0
2014-09-04 08:00:00,25842.0
2014-09-04 09:00:00,30044.0
2014-09-04 10:00:00,30825.0
2014-09-04 11:00:00,37573.0
2014-09-04 12:00:00,36539.0
2014-09-04 13:00:00,35043.0
2014-09-04 14:00:00,36380.0
2014-09-04 15:00:00,36716.0
2014-09-04 16:00:00,35884.0
2014-09-04 17:00:00,36060.0
2014-09-04 18:00:00,36010.0
2014-09-04 19:00:00,36742.0
2014-09-04 20:00:00,34295.0
2014-09-04 21:00:00,32900.0
2014-09-04 22:00:00,29927.0
2014-09-04 23:00:00,25868.0
2014-09-05 00:00:00,20321.0
2014-09-05 01:00:00,18296.0
2014-09-05 02:00:00,17489.0
2014-09-05 03:00:00,17573.0
2014-09-05 04:00:00,17690.0
2014-09-05 05:00:00,18960.0
2014-09-05 06:00:00,19935.0
2014-09-05 07:00:00,20171.0
2014-09-05 08:00:00,24010.0
2014-09-05 09:00:00,28044.0
2014-09-05 10:00:00,29178.0
2014-09-05 11:00:00,36044.0
2014-09-05 12:00:00,35582.0
2014-09-05 13:00:00,34842.0
2014-09-05 14:00:00,35775.0
2014-09-05 15:00:00,35212.0
2014-09-05 16:00:00,36548.0
2014-09-05 17:00:00,36682.0
2014-09-05 18:00:00,33498.0
2014-09-05 19:00:00,34549.0
2014-09-05 20:00:00,35229.0
2014-09-05 21:00:00,33121.0
2014-09-05 22:00:00,30195.0
2014-09-05 23:00:00,29632.0
2014-09-06 00:00:00,23144.0
2014-09-06 01:00:00,18481.0
2014-09-06 02:00:00,17961.0
2014-09-06 03:00:00,17564.0
2014-09-06 04:00:00,18531.0
2014-09-06 05:00:00,18456.0
2014-09-06 06:00:00,20775.0
2014-09-06 07:00:00,21287.0
2014-09-06 08:00:00,24833.0
2014-09-06 09:00:00,30263.0
2014-09-06 10:00:00,29851.0
2014-09-06 11:00:00,36221.0
2014-09-06 12:00:00,35019.0
2014-09-06 13:00:00,33783.0
2014-09-06 14:00:00,32859.0
2014-09-06 15:00:00,33102.0
2014-09-06 16:00:00,33632.0
2014-09-06 17:00:00,34322.0
2014-09-06 18:00:00,34708.0
2014-09-06 19:00:00,35700.0
2014-09-06 20:00:00,36254.0
2014-09-06 21:00:00,34430.0
2014-09-06 22:00:00,31287.0
2014-09-06 23:00:00,30026.0
2014-09-07 00:00:00,23666.0
2014-09-07 01:00:00,18086.0
2014-09-07 02:00:00,17229.0
2014-09-07 03:00:00,17104.0
2014-09-07 04:00:00,17809.0
2014-09-07 05:00:00,17968.0
2014-09-07 06:00:00,19826.0
2014-09-07 07:00:00,21144.0
2014-09-07 08:00:00,23565.0
2014-09-07 09:00:00,28229.0
2014-09-07 10:00:00,28776.0
2014-09-07 11:00:00,34472.0
2014-09-07 12:00:00,31952.0
2014-09-07 13:00:00,30497.0
2014-09-07 14:00:00,30431.0
2014-09-07 15:00:00,29716.0
2014-09-07 16:00:00,29952.0
2014-09-07 17:00:00,32792.0
2014-09-07 18:00:00,38884.0
2014-09-07 19:00:00,38843.0
2014-09-07 20:00:00,36565.0
2014-09-07 21:00:00,33894.0
2014-09-07 22:00:00,31599.0
2014-09-07 23:00:00,27020.0
2014-09-08 00:00:00,21641.0
2014-09-08 01:00:00,19154.0
2014-09-08 02:00:00,18867.0
2014-09-08 03:00:00,18733.0
2014-09-08 04:00:00,19305.0
2014-09-08 05:00:00,20456.0
2014-09-08 06:00:00,22195.0
2014-09-08 07:00:00,22364.0
2014-09-08 08:00:00,26186.0
2014-09-08 09:00:00,30481.0
2014-09-08 10:00:00,31204.0
2014-09-08 11:00:00,39330.0
2014-09-08 12:00:00,39348.0
2014-09-08 13:00:00,38136.0
2014-09-08 14:00:00,37866.0
2014-09-08 15:00:00,37397.0
2014-09-08 16:00:00,38237.0
2014-09-08 17:00:00,38800.0
2014-09-08 18:00:00,38523.0
2014-09-08 19:00:00,38582.0
2014-09-08 20:00:00,35724.0
2014-09-08 21:00:00,33994.0
2014-09-08 22:00:00,31170.0
2014-09-08 23:00:00,27447.0
2014-09-09 00:00:00,21952.0
2014-09-09 01:00:00,20195.0
2014-09-09 02:00:00,19305.0
2014-09-09 03:00:00,19406.0
2014-09-09 04:00:00,19523.0
2014-09-09 05:00:00,20783.0
2014-09-09 06:00:00,21876.0
2014-09-09 07:00:00,22154.0
2014-09-09 08:00:00,25969.0
2014-09-09 09:00:00,30313.0
2014-09-09 10:00:00,29699.0
2014-09-09 11:00:00,36347.0
2014-09-09 12:00:00,37581.0
2014-09-09 13:00:00,35674.0
2014-09-09 14:00:00,36624.0
2014-09-09 15:00:00,37515.0
2014-09-09 16:00:00,38212.0
2014-09-09 17:00:00,38094.0
2014-09-09 18:00:00,38381.0
2014-09-09 19:00:00,38120.0
2014-09-09 20:00:00,35532.0
2014-09-09 21:00:00,33640.0
2014-09-09 22:00:00,31111.0
2014-09-09 23:00:00,26237.0
2014-09-10 00:00:00,20717.0
2014-09-10 01:00:00,19119.0
2014-09-10 02:00:00,18665.0
2014-09-10 03:00:00,19069.0
2014-09-10 04:00:00,18742.0
2014-09-10 05:00:00,19801.0
2014-09-10 06:00:00,20960.0
2014-09-10 07:00:00,21304.0
2014-09-10 08:00:00,24800.0
2014-09-10 09:00:00,30733.0
2014-09-10 10:00:00,30548.0
2014-09-10 11:00:00,38245.0
2014-09-10 12:00:00,39540.0
2014-09-10 13:00:00,38279.0
2014-09-10 14:00:00,38917.0
2014-09-10 15:00:00,39363.0
2014-09-10 16:00:00,39808.0
2014-09-10 17:00:00,39154.0
2014-09-10 18:00:00,39211.0
2014-09-10 19:00:00,40187.0
2014-09-10 20:00:00,36246.0
2014-09-10 21:00:00,34069.0
2014-09-10 22:00:00,30750.0
2014-09-10 23:00:00,26263.0
2014-09-11 00:00:00,19573.0
2014-09-11 01:00:00,16733.0
2014-09-11 02:00:00,16043.0
2014-09-11 03:00:00,16052.0
2014-09-11 04:00:00,16943.0
2014-09-11 05:00:00,17229.0
2014-09-11 06:00:00,18977.0
2014-09-11 07:00:00,19725.0
2014-09-11 08:00:00,23565.0
2014-09-11 09:00:00,28775.0
2014-09-11 10:00:00,29624.0
2014-09-11 11:00:00,33608.0
2014-09-11 12:00:00,33582.0
2014-09-11 13:00:00,33379.0
2014-09-11 14:00:00,36850.0
2014-09-11 15:00:00,40968.0
2014-09-11 16:00:00,38927.0
2014-09-11 17:00:00,39834.0
2014-09-11 18:00:00,40070.0
2014-09-11 19:00:00,40421.0
2014-09-11 20:00:00,37431.0
2014-09-11 21:00:00,34985.0
2014-09-11 22:00:00,32490.0
2014-09-11 23:00:00,27271.0
2014-09-12 00:00:00,22137.0
2014-09-12 01:00:00,20699.0
2014-09-12 02:00:00,20657.0
2014-09-12 03:00:00,19725.0
2014-09-12 04:00:00,19951.0
2014-09-12 05:00:00,20724.0
2014-09-12 06:00:00,22776.0
2014-09-12 07:00:00,24472.0
2014-09-12 08:00:00,29179.0
2014-09-12 09:00:00,33313.0
2014-09-12 10:00:00,36951.0
2014-09-12 11:00:00,42607.0
2014-09-12 12:00:00,39699.0
2014-09-12 13:00:00,40112.0
2014-09-12 14:00:00,39892.0
2014-09-12 15:00:00,39237.0
2014-09-12 16:00:00,39288.0
2014-09-12 17:00:00,39599.0
2014-09-12 18:00:00,40153.0
2014-09-12 19:00:00,40640.0
2014-09-12 20:00:00,40750.0
2014-09-12 21:00:00,36959.0
2014-09-12 22:00:00,32851.0
2014-09-12 23:00:00,30825.0
2014-09-13 00:00:00,24825.0
2014-09-13 01:00:00,19212.0
2014-09-13 02:00:00,19019.0
2014-09-13 03:00:00,18347.0
2014-09-13 04:00:00,18707.0
2014-09-13 05:00:00,18792.0
2014-09-13 06:00:00,21633.0
2014-09-13 07:00:00,22868.0
2014-09-13 08:00:00,27463.0
2014-09-13 09:00:00,31648.0
2014-09-13 10:00:00,32440.0
2014-09-13 11:00:00,39606.0
2014-09-13 12:00:00,40565.0
2014-09-13 13:00:00,39229.0
2014-09-13 14:00:00,39120.0
2014-09-13 15:00:00,37674.0
2014-09-13 16:00:00,37902.0
2014-09-13 17:00:00,37808.0
2014-09-13 18:00:00,38684.0
2014-09-13 19:00:00,38858.0
2014-09-13 20:00:00,39422.0
2014-09-13 21:00:00,35968.0
2014-09-13 22:00:00,32010.0
2014-09-13 23:00:00,29976.0
2014-09-14 00:00:00,23581.0
2014-09-14 01:00:00,19480.0
2014-09-14 02:00:00,18363.0
2014-09-14 03:00:00,17724.0
2014-09-14 04:00:00,18254.0
2014-09-14 05:00:00,19002.0
2014-09-14 06:00:00,20431.0
2014-09-14 07:00:00,22018.0
2014-09-14 08:00:00,26674.0
2014-09-14 09:00:00,32011.0
2014-09-14 10:00:00,31666.0
2014-09-14 11:00:00,38859.0
2014-09-14 12:00:00,39985.0
2014-09-14 13:00:00,38793.0
2014-09-14 14:00:00,37766.0
2014-09-14 15:00:00,38078.0
2014-09-14 16:00:00,38263.0
2014-09-14 17:00:00,38161.0
2014-09-14 18:00:00,38893.0
2014-09-14 19:00:00,38850.0
2014-09-14 20:00:00,36423.0
2014-09-14 21:00:00,34624.0
2014-09-14 22:00:00,32095.0
2014-09-14 23:00:00,26673.0
2014-09-15 00:00:00,20573.0
2014-09-15 01:00:00,18868.0
2014-09-15 02:00:00,18615.0
2014-09-15 03:00:00,18692.0
2014-09-15 04:00:00,19086.0
2014-09-15 05:00:00,19413.0
2014-09-15 06:00:00,21094.0
2014-09-15 07:00:00,22876.0
2014-09-15 08:00:00,24959.0
2014-09-15 09:00:00,30507.0
2014-09-15 10:00:00,31649.0
2014-09-15 11:00:00,39245.0
2014-09-15 12:00:00,39010.0
2014-09-15 13:00:00,36179.0
2014-09-15 14:00:00,36506.0
2014-09-15 15:00:00,36061.0
2014-09-15 16:00:00,40774.0
2014-09-15 17:00:00,38866.0
2014-09-15 18:00:00,40876.0
2014-09-15 19:00:00,40649.0
2014-09-15 20:00:00,37892.0
2014-09-15 21:00:00,35455.0
2014-09-15 22:00:00,32658.0
2014-09-15 23:00:00,28104.0
2014-09-16 00:00:00,21875.0
2014-09-16 01:00:00,20035.0
2014-09-16 02:00:00,18918.0
2014-09-16 03:00:00,18867.0
2014-09-16 04:00:00,19247.0
2014-09-16 05:00:00,20061.0
2014-09-16 06:00:00,22052.0
2014-09-16 07:00:00,23355.0
2014-09-16 08:00:00,27564.0
2014-09-16 09:00:00,31372.0
2014-09-16 10:00:00,31826.0
2014-09-16 11:00:00,38969.0
2014-09-16 12:00:00,40455.0
2014-09-16 13:00:00,38917.0
2014-09-16 14:00:00,37598.0
2014-09-16 15:00:00,38767.0
2014-09-16 16:00:00,39355.0
2014-09-16 17:00:00,38952.0
2014-09-16 18:00:00,38868.0
2014-09-16 19:00:00,38339.0
2014-09-16 20:00:00,35641.0
2014-09-16 21:00:00,33842.0
2014-09-16 22:00:00,30985.0
2014-09-16 23:00:00,26288.0
2014-09-17 00:00:00,21875.0
2014-09-17 01:00:00,19766.0
2014-09-17 02:00:00,18497.0
2014-09-17 03:00:00,18323.0
2014-09-17 04:00:00,19220.0
2014-09-17 05:00:00,19422.0
2014-09-17 06:00:00,21127.0
2014-09-17 07:00:00,23036.0
2014-09-17 08:00:00,27144.0
2014-09-17 09:00:00,33052.0
2014-09-17 10:00:00,32061.0
2014-09-17 11:00:00,40162.0
2014-09-17 12:00:00,41078.0
2014-09-17 13:00:00,38758.0
2014-09-17 14:00:00,35910.0
2014-09-17 15:00:00,36901.0
2014-09-17 16:00:00,36968.0
2014-09-17 17:00:00,37489.0
2014-09-17 18:00:00,33985.0
2014-09-17 19:00:00,32876.0
2014-09-17 20:00:00,33608.0
2014-09-17 21:00:00,32732.0
2014-09-17 22:00:00,30069.0
2014-09-17 23:00:00,25153.0
2014-09-18 00:00:00,20086.0
2014-09-18 01:00:00,18524.0
2014-09-18 02:00:00,17960.0
2014-09-18 03:00:00,17405.0
2014-09-18 04:00:00,18002.0
2014-09-18 05:00:00,18675.0
2014-09-18 06:00:00,20296.0
2014-09-18 07:00:00,21783.0
2014-09-18 08:00:00,25734.0
2014-09-18 09:00:00,30936.0
2014-09-18 10:00:00,31683.0
2014-09-18 11:00:00,37859.0
2014-09-18 12:00:00,35498.0
2014-09-18 13:00:00,35372.0
2014-09-18 14:00:00,31750.0
2014-09-18 15:00:00,31539.0
2014-09-18 16:00:00,32339.0
2014-09-18 17:00:00,31658.0
2014-09-18 18:00:00,31690.0
2014-09-18 19:00:00,32069.0
2014-09-18 20:00:00,33540.0
2014-09-18 21:00:00,33026.0
2014-09-18 22:00:00,30195.0
2014-09-18 23:00:00,25044.0
2014-09-19 00:00:00,19388.0
2014-09-19 01:00:00,17926.0
2014-09-19 02:00:00,17766.0
2014-09-19 03:00:00,17465.0
2014-09-19 04:00:00,17725.0
2014-09-19 05:00:00,17892.0
2014-09-19 06:00:00,20020.0
2014-09-19 07:00:00,21532.0
2014-09-19 08:00:00,24767.0
2014-09-19 09:00:00,29985.0
2014-09-19 10:00:00,30674.0
2014-09-19 11:00:00,31497.0
2014-09-19 12:00:00,31700.0
2014-09-19 13:00:00,31943.0
2014-09-19 14:00:00,32254.0
2014-09-19 15:00:00,32876.0
2014-09-19 16:00:00,32876.0
2014-09-19 17:00:00,33414.0
2014-09-19 18:00:00,33707.0
2014-09-19 19:00:00,33237.0
2014-09-19 20:00:00,34532.0
2014-09-19 21:00:00,32623.0
2014-09-19 22:00:00,30322.0
2014-09-19 23:00:00,28632.0
2014-09-20 00:00:00,23169.0
2014-09-20 01:00:00,18557.0
2014-09-20 02:00:00,17766.0
2014-09-20 03:00:00,17623.0
2014-09-20 04:00:00,17691.0
2014-09-20 05:00:00,17968.0
2014-09-20 06:00:00,19707.0
2014-09-20 07:00:00,20120.0
2014-09-20 08:00:00,24052.0
2014-09-20 09:00:00,29169.0
2014-09-20 10:00:00,30699.0
2014-09-20 11:00:00,32455.0
2014-09-20 12:00:00,33253.0
2014-09-20 13:00:00,34271.0
2014-09-20 14:00:00,36910.0
2014-09-20 15:00:00,36010.0
2014-09-20 16:00:00,35564.0
2014-09-20 17:00:00,36885.0
2014-09-20 18:00:00,35095.0
2014-09-20 19:00:00,34288.0
2014-09-20 20:00:00,35910.0
2014-09-20 21:00:00,35111.0
2014-09-20 22:00:00,31834.0
2014-09-20 23:00:00,28910.0
2014-09-21 00:00:00,23649.0
2014-09-21 01:00:00,18934.0
2014-09-21 02:00:00,18060.0
2014-09-21 03:00:00,17599.0
2014-09-21 04:00:00,18262.0
2014-09-21 05:00:00,18674.0
2014-09-21 06:00:00,21036.0
2014-09-21 07:00:00,21086.0
2014-09-21 08:00:00,24473.0
2014-09-21 09:00:00,28220.0
2014-09-21 10:00:00,30708.0
2014-09-21 11:00:00,36212.0
2014-09-21 12:00:00,38448.0
2014-09-21 13:00:00,38322.0
2014-09-21 14:00:00,36732.0
2014-09-21 15:00:00,35858.0
2014-09-21 16:00:00,36792.0
2014-09-21 17:00:00,36699.0
2014-09-21 18:00:00,32557.0
2014-09-21 19:00:00,30261.0
2014-09-21 20:00:00,31271.0
2014-09-21 21:00:00,30707.0
2014-09-21 22:00:00,28699.0
2014-09-21 23:00:00,24599.0
2014-09-22 00:00:00,20557.0
2014-09-22 01:00:00,18388.0
2014-09-22 02:00:00,17910.0
2014-09-22 03:00:00,17439.0
2014-09-22 04:00:00,17901.0
2014-09-22 05:00:00,18086.0
2014-09-22 06:00:00,19918.0
2014-09-22 07:00:00,21371.0
2014-09-22 08:00:00,22582.0
2014-09-22 09:00:00,29027.0
2014-09-22 10:00:00,28868.0
2014-09-22 11:00:00,31497.0
2014-09-22 12:00:00,31128.0
2014-09-22 13:00:00,30926.0
2014-09-22 14:00:00,31044.0
2014-09-22 15:00:00,31799.0
2014-09-22 16:00:00,35985.0
2014-09-22 17:00:00,35951.0
2014-09-22 18:00:00,32809.0
2014-09-22 19:00:00,32195.0
2014-09-22 20:00:00,32136.0
2014-09-22 21:00:00,31204.0
2014-09-22 22:00:00,28506.0
2014-09-22 23:00:00,25153.0
2014-09-23 00:00:00,19162.0
2014-09-23 01:00:00,17321.0
2014-09-23 02:00:00,17162.0
2014-09-23 03:00:00,17078.0
2014-09-23 04:00:00,17246.0
2014-09-23 05:00:00,18347.0
2014-09-23 06:00:00,20381.0
2014-09-23 07:00:00,20918.0
2014-09-23 08:00:00,23220.0
2014-09-23 09:00:00,29011.0
2014-09-23 10:00:00,30556.0
2014-09-23 11:00:00,39280.0
2014-09-23 12:00:00,36565.0
2014-09-23 13:00:00,36296.0
2014-09-23 14:00:00,35691.0
2014-09-23 15:00:00,35951.0
2014-09-23 16:00:00,36674.0
2014-09-23 17:00:00,34675.0
2014-09-23 18:00:00,32253.0
2014-09-23 19:00:00,33784.0
2014-09-23 20:00:00,34674.0
2014-09-23 21:00:00,32615.0
2014-09-23 22:00:00,29581.0
2014-09-23 23:00:00,25631.0
2014-09-24 00:00:00,20253.0
2014-09-24 01:00:00,18801.0
2014-09-24 02:00:00,17783.0
2014-09-24 03:00:00,17179.0
2014-09-24 04:00:00,17624.0
2014-09-24 05:00:00,17968.0
2014-09-24 06:00:00,19363.0
2014-09-24 07:00:00,20053.0
2014-09-24 08:00:00,23237.0
2014-09-24 09:00:00,28254.0
2014-09-24 10:00:00,29649.0
2014-09-24 11:00:00,31481.0
2014-09-24 12:00:00,31968.0
2014-09-24 13:00:00,31817.0
2014-09-24 14:00:00,31826.0
2014-09-24 15:00:00,32557.0
2014-09-24 16:00:00,39136.0
2014-09-24 17:00:00,39288.0
2014-09-24 18:00:00,37347.0
2014-09-24 19:00:00,35263.0
2014-09-24 20:00:00,34649.0
2014-09-24 21:00:00,32758.0
2014-09-24 22:00:00,29741.0
2014-09-24 23:00:00,26136.0
2014-09-25 00:00:00,20463.0
2014-09-25 01:00:00,18842.0
2014-09-25 02:00:00,18087.0
2014-09-25 03:00:00,17649.0
2014-09-25 04:00:00,18246.0
2014-09-25 05:00:00,18943.0
2014-09-25 06:00:00,20532.0
2014-09-25 07:00:00,21044.0
2014-09-25 08:00:00,23338.0
2014-09-25 09:00:00,28271.0
2014-09-25 10:00:00,29413.0
2014-09-25 11:00:00,34884.0
2014-09-25 12:00:00,36875.0
2014-09-25 13:00:00,36481.0
2014-09-25 14:00:00,36985.0
2014-09-25 15:00:00,37186.0
2014-09-25 16:00:00,38119.0
2014-09-25 17:00:00,35322.0
2014-09-25 18:00:00,33574.0
2014-09-25 19:00:00,34010.0
2014-09-25 20:00:00,33674.0
2014-09-25 21:00:00,31505.0
2014-09-25 22:00:00,29271.0
2014-09-25 23:00:00,24589.0
2014-09-26 00:00:00,19271.0
2014-09-26 01:00:00,17775.0
2014-09-26 02:00:00,16843.0
2014-09-26 03:00:00,16684.0
2014-09-26 04:00:00,17204.0
2014-09-26 05:00:00,18145.0
2014-09-26 06:00:00,19892.0
2014-09-26 07:00:00,20766.0
2014-09-26 08:00:00,23229.0
2014-09-26 09:00:00,28792.0
2014-09-26 10:00:00,34767.0
2014-09-26 11:00:00,37935.0
2014-09-26 12:00:00,36120.0
2014-09-26 13:00:00,35901.0
2014-09-26 14:00:00,36296.0
2014-09-26 15:00:00,36994.0
2014-09-26 16:00:00,37498.0
2014-09-26 17:00:00,37910.0
2014-09-26 18:00:00,32414.0
2014-09-26 19:00:00,33263.0
2014-09-26 20:00:00,34094.0
2014-09-26 21:00:00,31658.0
2014-09-26 22:00:00,29657.0
2014-09-26 23:00:00,29522.0
2014-09-27 00:00:00,22296.0
2014-09-27 01:00:00,17548.0
2014-09-27 02:00:00,16640.0
2014-09-27 03:00:00,16028.0
2014-09-27 04:00:00,16675.0
2014-09-27 05:00:00,17515.0
2014-09-27 06:00:00,19178.0
2014-09-27 07:00:00,20540.0
2014-09-27 08:00:00,23557.0
2014-09-27 09:00:00,27632.0
2014-09-27 10:00:00,30456.0
2014-09-27 11:00:00,36212.0
2014-09-27 12:00:00,37389.0
2014-09-27 13:00:00,35851.0
2014-09-27 14:00:00,35422.0
2014-09-27 15:00:00,34456.0
2014-09-27 16:00:00,35087.0
2014-09-27 17:00:00,35447.0
2014-09-27 18:00:00,32885.0
2014-09-27 19:00:00,32070.0
2014-09-27 20:00:00,33649.0
2014-09-27 21:00:00,33229.0
2014-09-27 22:00:00,30329.0
2014-09-27 23:00:00,28817.0
2014-09-28 00:00:00,22758.0
2014-09-28 01:00:00,17691.0
2014-09-28 02:00:00,16994.0
2014-09-28 03:00:00,16179.0
2014-09-28 04:00:00,17036.0
2014-09-28 05:00:00,17447.0
2014-09-28 06:00:00,20027.0
2014-09-28 07:00:00,20784.0
2014-09-28 08:00:00,23624.0
2014-09-28 09:00:00,28480.0
2014-09-28 10:00:00,33044.0
2014-09-28 11:00:00,35152.0
2014-09-28 12:00:00,33228.0
2014-09-28 13:00:00,32927.0
2014-09-28 14:00:00,33085.0
2014-09-28 15:00:00,32397.0
2014-09-28 16:00:00,32724.0
2014-09-28 17:00:00,33270.0
2014-09-28 18:00:00,31608.0
2014-09-28 19:00:00,32238.0
2014-09-28 20:00:00,33070.0
2014-09-28 21:00:00,32649.0
2014-09-28 22:00:00,29188.0
2014-09-28 23:00:00,25120.0
2014-09-29 00:00:00,19732.0
2014-09-29 01:00:00,17490.0
2014-09-29 02:00:00,16766.0
2014-09-29 03:00:00,16414.0
2014-09-29 04:00:00,16817.0
2014-09-29 05:00:00,17203.0
2014-09-29 06:00:00,19439.0
2014-09-29 07:00:00,21371.0
2014-09-29 08:00:00,23154.0
2014-09-29 09:00:00,28069.0
2014-09-29 10:00:00,33548.0
2014-09-29 11:00:00,36901.0
2014-09-29 12:00:00,34910.0
2014-09-29 13:00:00,35716.0
2014-09-29 14:00:00,35245.0
2014-09-29 15:00:00,34641.0
2014-09-29 16:00:00,36077.0
2014-09-29 17:00:00,35826.0
2014-09-29 18:00:00,33262.0
2014-09-29 19:00:00,32339.0
2014-09-29 20:00:00,33009.0
2014-09-29 21:00:00,30523.0
2014-09-29 22:00:00,29086.0
2014-09-29 23:00:00,24775.0
2014-09-30 00:00:00,19263.0
2014-09-30 01:00:00,17195.0
2014-09-30 02:00:00,15993.0
2014-09-30 03:00:00,15799.0
2014-09-30 04:00:00,15901.0
2014-09-30 05:00:00,17154.0
2014-09-30 06:00:00,19439.0
2014-09-30 07:00:00,20540.0
2014-09-30 08:00:00,23548.0
2014-09-30 09:00:00,28053.0
2014-09-30 10:00:00,30053.0
2014-09-30 11:00:00,35523.0
2014-09-30 12:00:00,38001.0
2014-09-30 13:00:00,37237.0
2014-09-30 14:00:00,33373.0
2014-09-30 15:00:00,31843.0
2014-09-30 16:00:00,31271.0
2014-09-30 17:00:00,32675.0
2014-09-30 18:00:00,32842.0
2014-09-30 19:00:00,33238.0
2014-09-30 20:00:00,33665.0
2014-09-30 21:00:00,31388.0
2014-09-30 22:00:00,28633.0
2014-09-30 23:00:00,23985.0
2014-10-01 00:00:00,18750.0
2014-10-01 01:00:00,16732.0
2014-10-01 02:00:00,16549.0
2014-10-01 03:00:00,16019.0
2014-10-01 04:00:00,16313.0
2014-10-01 05:00:00,17364.0
2014-10-01 06:00:00,19522.0
2014-10-01 07:00:00,21111.0
2014-10-01 08:00:00,24136.0
2014-10-01 09:00:00,29153.0
2014-10-01 10:00:00,30355.0
2014-10-01 11:00:00,36624.0
2014-10-01 12:00:00,39229.0
2014-10-01 13:00:00,38028.0
2014-10-01 14:00:00,37616.0
2014-10-01 15:00:00,38733.0
2014-10-01 16:00:00,36800.0
2014-10-01 17:00:00,36935.0
2014-10-01 18:00:00,35641.0
2014-10-01 19:00:00,35456.0
2014-10-01 20:00:00,35675.0
2014-10-01 21:00:00,33658.0
2014-10-01 22:00:00,30776.0
2014-10-01 23:00:00,25649.0
2014-10-02 00:00:00,20161.0
2014-10-02 01:00:00,17817.0
2014-10-02 02:00:00,17103.0
2014-10-02 03:00:00,16489.0
2014-10-02 04:00:00,16725.0
2014-10-02 05:00:00,17599.0
2014-10-02 06:00:00,20220.0
2014-10-02 07:00:00,21371.0
2014-10-02 08:00:00,24144.0
2014-10-02 09:00:00,29700.0
2014-10-02 10:00:00,31683.0
2014-10-02 11:00:00,37447.0
2014-10-02 12:00:00,40162.0
2014-10-02 13:00:00,39910.0
2014-10-02 14:00:00,39439.0
2014-10-02 15:00:00,37775.0
2014-10-02 16:00:00,37372.0
2014-10-02 17:00:00,37548.0
2014-10-02 18:00:00,35035.0
2014-10-02 19:00:00,33935.0
2014-10-02 20:00:00,34289.0
2014-10-02 21:00:00,32641.0
2014-10-02 22:00:00,29657.0
2014-10-02 23:00:00,25170.0
2014-10-03 00:00:00,19868.0
2014-10-03 01:00:00,18355.0
2014-10-03 02:00:00,17834.0
2014-10-03 03:00:00,17574.0
2014-10-03 04:00:00,17732.0
2014-10-03 05:00:00,19028.0
2014-10-03 06:00:00,21171.0
2014-10-03 07:00:00,21952.0
2014-10-03 08:00:00,25439.0
2014-10-03 09:00:00,29842.0
2014-10-03 10:00:00,36321.0
2014-10-03 11:00:00,38876.0
2014-10-03 12:00:00,37623.0
2014-10-03 13:00:00,38061.0
2014-10-03 14:00:00,36842.0
2014-10-03 15:00:00,36372.0
2014-10-03 16:00:00,36733.0
2014-10-03 17:00:00,36085.0
2014-10-03 18:00:00,34011.0
2014-10-03 19:00:00,33564.0
2014-10-03 20:00:00,35380.0
2014-10-03 21:00:00,32245.0
2014-10-03 22:00:00,29649.0
2014-10-03 23:00:00,28573.0
2014-10-04 00:00:00,23238.0
2014-10-04 01:00:00,18254.0
2014-10-04 02:00:00,17430.0
2014-10-04 03:00:00,17044.0
2014-10-04 04:00:00,17229.0
2014-10-04 05:00:00,18817.0
2014-10-04 06:00:00,20464.0
2014-10-04 07:00:00,21733.0
2014-10-04 08:00:00,24573.0
2014-10-04 09:00:00,29144.0
2014-10-04 10:00:00,34179.0
2014-10-04 11:00:00,37910.0
2014-10-04 12:00:00,36036.0
2014-10-04 13:00:00,36254.0
2014-10-04 14:00:00,35574.0
2014-10-04 15:00:00,34724.0
2014-10-04 16:00:00,35044.0
2014-10-04 17:00:00,36028.0
2014-10-04 18:00:00,33338.0
2014-10-04 19:00:00,33683.0
2014-10-04 20:00:00,34885.0
2014-10-04 21:00:00,33161.0
2014-10-04 22:00:00,29876.0
2014-10-04 23:00:00,28599.0
2014-10-05 00:00:00,22674.0
2014-10-05 01:00:00,18245.0
2014-10-05 02:00:00,17758.0
2014-10-05 03:00:00,17472.0
2014-10-05 04:00:00,17179.0
2014-10-05 05:00:00,17774.0
2014-10-05 06:00:00,19993.0
2014-10-05 07:00:00,20969.0
2014-10-05 08:00:00,24035.0
2014-10-05 09:00:00,27750.0
2014-10-05 10:00:00,29658.0
2014-10-05 11:00:00,33725.0
2014-10-05 12:00:00,36095.0
2014-10-05 13:00:00,34321.0
2014-10-05 14:00:00,33490.0
2014-10-05 15:00:00,32776.0
2014-10-05 16:00:00,33337.0
2014-10-05 17:00:00,33658.0
2014-10-05 18:00:00,31624.0
2014-10-05 19:00:00,31279.0
2014-10-05 20:00:00,34020.0
2014-10-05 21:00:00,32649.0
2014-10-05 22:00:00,29070.0
2014-10-05 23:00:00,24691.0
2014-10-06 00:00:00,20397.0
2014-10-06 01:00:00,18692.0
2014-10-06 02:00:00,17549.0
2014-10-06 03:00:00,17230.0
2014-10-06 04:00:00,17632.0
2014-10-06 05:00:00,18808.0
2014-10-06 06:00:00,20682.0
2014-10-06 07:00:00,21380.0
2014-10-06 08:00:00,24523.0
2014-10-06 09:00:00,29280.0
2014-10-06 10:00:00,30675.0
2014-10-06 11:00:00,35515.0
2014-10-06 12:00:00,36448.0
2014-10-06 13:00:00,34372.0
2014-10-06 14:00:00,34254.0
2014-10-06 15:00:00,34162.0
2014-10-06 16:00:00,35137.0
2014-10-06 17:00:00,36112.0
2014-10-06 18:00:00,34178.0
2014-10-06 19:00:00,34405.0
2014-10-06 20:00:00,34422.0
2014-10-06 21:00:00,31657.0
2014-10-06 22:00:00,28346.0
2014-10-06 23:00:00,24136.0
2014-10-07 00:00:00,18607.0
2014-10-07 01:00:00,16649.0
2014-10-07 02:00:00,16070.0
2014-10-07 03:00:00,15691.0
2014-10-07 04:00:00,15825.0
2014-10-07 05:00:00,17170.0
2014-10-07 06:00:00,19456.0
2014-10-07 07:00:00,21129.0
2014-10-07 08:00:00,23178.0
2014-10-07 09:00:00,28121.0
2014-10-07 10:00:00,29649.0
2014-10-07 11:00:00,30892.0
2014-10-07 12:00:00,30128.0
2014-10-07 13:00:00,30624.0
2014-10-07 14:00:00,30430.0
2014-10-07 15:00:00,31246.0
2014-10-07 16:00:00,30968.0
2014-10-07 17:00:00,31986.0
2014-10-07 18:00:00,32304.0
2014-10-07 19:00:00,32573.0
2014-10-07 20:00:00,34439.0
2014-10-07 21:00:00,32397.0
2014-10-07 22:00:00,29648.0
2014-10-07 23:00:00,25078.0
2014-10-08 00:00:00,19859.0
2014-10-08 01:00:00,17943.0
2014-10-08 02:00:00,17145.0
2014-10-08 03:00:00,17128.0
2014-10-08 04:00:00,18986.0
2014-10-08 05:00:00,21910.0
2014-10-08 06:00:00,24548.0
2014-10-08 07:00:00,26271.0
2014-10-08 08:00:00,28776.0
2014-10-08 09:00:00,31010.0
2014-10-08 10:00:00,36053.0
2014-10-08 11:00:00,40287.0
2014-10-08 12:00:00,38774.0
2014-10-08 13:00:00,38170.0
2014-10-08 14:00:00,36616.0
2014-10-08 15:00:00,37287.0
2014-10-08 16:00:00,37749.0
2014-10-08 17:00:00,38759.0
2014-10-08 18:00:00,38153.0
2014-10-08 19:00:00,39305.0
2014-10-08 20:00:00,38406.0
2014-10-08 21:00:00,33397.0
2014-10-08 22:00:00,30934.0
2014-10-08 23:00:00,25136.0
2014-10-09 00:00:00,19960.0
2014-10-09 01:00:00,18128.0
2014-10-09 02:00:00,17271.0
2014-10-09 03:00:00,16825.0
2014-10-09 04:00:00,19960.0
2014-10-09 05:00:00,19858.0
2014-10-09 06:00:00,24800.0
2014-10-09 07:00:00,24632.0
2014-10-09 08:00:00,26809.0
2014-10-09 09:00:00,30918.0
2014-10-09 10:00:00,35430.0
2014-10-09 11:00:00,35581.0
2014-10-09 12:00:00,36313.0
2014-10-09 13:00:00,36623.0
2014-10-09 14:00:00,38649.0
2014-10-09 15:00:00,37751.0
2014-10-09 16:00:00,37918.0
2014-10-09 17:00:00,38262.0
2014-10-09 18:00:00,35035.0
2014-10-09 19:00:00,34078.0
2014-10-09 20:00:00,34834.0
2014-10-09 21:00:00,32229.0
2014-10-09 22:00:00,29338.0
2014-10-09 23:00:00,24783.0
2014-10-10 00:00:00,19893.0
2014-10-10 01:00:00,17446.0
2014-10-10 02:00:00,16254.0
2014-10-10 03:00:00,15590.0
2014-10-10 04:00:00,15816.0
2014-10-10 05:00:00,16968.0
2014-10-10 06:00:00,19497.0
2014-10-10 07:00:00,20439.0
2014-10-10 08:00:00,22918.0
2014-10-10 09:00:00,30363.0
2014-10-10 10:00:00,35934.0
2014-10-10 11:00:00,35658.0
2014-10-10 12:00:00,36649.0
2014-10-10 13:00:00,36565.0
2014-10-10 14:00:00,36716.0
2014-10-10 15:00:00,36515.0
2014-10-10 16:00:00,37002.0
2014-10-10 17:00:00,36053.0
2014-10-10 18:00:00,32834.0
2014-10-10 19:00:00,32532.0
2014-10-10 20:00:00,33305.0
2014-10-10 21:00:00,32002.0
2014-10-10 22:00:00,29237.0
2014-10-10 23:00:00,27985.0
2014-10-11 00:00:00,22380.0
2014-10-11 01:00:00,17128.0
2014-10-11 02:00:00,16506.0
2014-10-11 03:00:00,16103.0
2014-10-11 04:00:00,16010.0
2014-10-11 05:00:00,16759.0
2014-10-11 06:00:00,18918.0
2014-10-11 07:00:00,19313.0
2014-10-11 08:00:00,22010.0
2014-10-11 09:00:00,27784.0
2014-10-11 10:00:00,29556.0
2014-10-11 11:00:00,33455.0
2014-10-11 12:00:00,36196.0
2014-10-11 13:00:00,33960.0
2014-10-11 14:00:00,33540.0
2014-10-11 15:00:00,33548.0
2014-10-11 16:00:00,33994.0
2014-10-11 17:00:00,34456.0
2014-10-11 18:00:00,33053.0
2014-10-11 19:00:00,32691.0
2014-10-11 20:00:00,33548.0
2014-10-11 21:00:00,32238.0
2014-10-11 22:00:00,29481.0
2014-10-11 23:00:00,28337.0
2014-10-12 00:00:00,23060.0
2014-10-12 01:00:00,18263.0
2014-10-12 02:00:00,16943.0
2014-10-12 03:00:00,16675.0
2014-10-12 04:00:00,16161.0
2014-10-12 05:00:00,16708.0
2014-10-12 06:00:00,18917.0
2014-10-12 07:00:00,20128.0
2014-10-12 08:00:00,22640.0
2014-10-12 09:00:00,28397.0
2014-10-12 10:00:00,29893.0
2014-10-12 11:00:00,34279.0
2014-10-12 12:00:00,35674.0
2014-10-12 13:00:00,34077.0
2014-10-12 14:00:00,33993.0
2014-10-12 15:00:00,33288.0
2014-10-12 16:00:00,33750.0
2014-10-12 17:00:00,34306.0
2014-10-12 18:00:00,32036.0
2014-10-12 19:00:00,31707.0
2014-10-12 20:00:00,32658.0
2014-10-12 21:00:00,31843.0
2014-10-12 22:00:00,28960.0
2014-10-12 23:00:00,24195.0
2014-10-13 00:00:00,18976.0
2014-10-13 01:00:00,17103.0
2014-10-13 02:00:00,16682.0
2014-10-13 03:00:00,16590.0
2014-10-13 04:00:00,16607.0
2014-10-13 05:00:00,17346.0
2014-10-13 06:00:00,19263.0
2014-10-13 07:00:00,20432.0
2014-10-13 08:00:00,25489.0
2014-10-13 09:00:00,34540.0
2014-10-13 10:00:00,32607.0
2014-10-13 11:00:00,33884.0
2014-10-13 12:00:00,34187.0
2014-10-13 13:00:00,33875.0
2014-10-13 14:00:00,32952.0
2014-10-13 15:00:00,32440.0
2014-10-13 16:00:00,33287.0
2014-10-13 17:00:00,33515.0
2014-10-13 18:00:00,30557.0
2014-10-13 19:00:00,31204.0
2014-10-13 20:00:00,31641.0
2014-10-13 21:00:00,29960.0
2014-10-13 22:00:00,27238.0
2014-10-13 23:00:00,23683.0
2014-10-14 00:00:00,17994.0
2014-10-14 01:00:00,16230.0
2014-10-14 02:00:00,15960.0
2014-10-14 03:00:00,15867.0
2014-10-14 04:00:00,15717.0
2014-10-14 05:00:00,16641.0
2014-10-14 06:00:00,19179.0
2014-10-14 07:00:00,20321.0
2014-10-14 08:00:00,22599.0
2014-10-14 09:00:00,28027.0
2014-10-14 10:00:00,34346.0
2014-10-14 11:00:00,33969.0
2014-10-14 12:00:00,33280.0
2014-10-14 13:00:00,33439.0
2014-10-14 14:00:00,33078.0
2014-10-14 15:00:00,32371.0
2014-10-14 16:00:00,33463.0
2014-10-14 17:00:00,33607.0
2014-10-14 18:00:00,31641.0
2014-10-14 19:00:00,31843.0
2014-10-14 20:00:00,31952.0
2014-10-14 21:00:00,30700.0
2014-10-14 22:00:00,27860.0
2014-10-14 23:00:00,23623.0
2014-10-15 00:00:00,18136.0
2014-10-15 01:00:00,16598.0
2014-10-15 02:00:00,16186.0
2014-10-15 03:00:00,16245.0
2014-10-15 04:00:00,16564.0
2014-10-15 05:00:00,18195.0
2014-10-15 06:00:00,20482.0
2014-10-15 07:00:00,21313.0
2014-10-15 08:00:00,24868.0
2014-10-15 09:00:00,29801.0
2014-10-15 10:00:00,31371.0
2014-10-15 11:00:00,31969.0
2014-10-15 12:00:00,32028.0
2014-10-15 13:00:00,31699.0
2014-10-15 14:00:00,31397.0
2014-10-15 15:00:00,31446.0
2014-10-15 16:00:00,30783.0
2014-10-15 17:00:00,31035.0
2014-10-15 18:00:00,30875.0
2014-10-15 19:00:00,32212.0
2014-10-15 20:00:00,31145.0
2014-10-15 21:00:00,30389.0
2014-10-15 22:00:00,27841.0
2014-10-15 23:00:00,23633.0
2014-10-16 00:00:00,18775.0
2014-10-16 01:00:00,17524.0
2014-10-16 02:00:00,16675.0
2014-10-16 03:00:00,16599.0
2014-10-16 04:00:00,16583.0
2014-10-16 05:00:00,17800.0
2014-10-16 06:00:00,19892.0
2014-10-16 07:00:00,21422.0
2014-10-16 08:00:00,23649.0
2014-10-16 09:00:00,29775.0
2014-10-16 10:00:00,31043.0
2014-10-16 11:00:00,32221.0
2014-10-16 12:00:00,31212.0
2014-10-16 13:00:00,31615.0
2014-10-16 14:00:00,32236.0
2014-10-16 15:00:00,32313.0
2014-10-16 16:00:00,31489.0
2014-10-16 17:00:00,31220.0
2014-10-16 18:00:00,31026.0
2014-10-16 19:00:00,31893.0
2014-10-16 20:00:00,31876.0
2014-10-16 21:00:00,30984.0
2014-10-16 22:00:00,28439.0
2014-10-16 23:00:00,24548.0
2014-10-17 00:00:00,19666.0
2014-10-17 01:00:00,18137.0
2014-10-17 02:00:00,17489.0
2014-10-17 03:00:00,16969.0
2014-10-17 04:00:00,17363.0
2014-10-17 05:00:00,17782.0
2014-10-17 06:00:00,19540.0
2014-10-17 07:00:00,22373.0
2014-10-17 08:00:00,29120.0
2014-10-17 09:00:00,32162.0
2014-10-17 10:00:00,33295.0
2014-10-17 11:00:00,35136.0
2014-10-17 12:00:00,35507.0
2014-10-17 13:00:00,32464.0
2014-10-17 14:00:00,31505.0
2014-10-17 15:00:00,30750.0
2014-10-17 16:00:00,31397.0
2014-10-17 17:00:00,31935.0
2014-10-17 18:00:00,31741.0
2014-10-17 19:00:00,33196.0
2014-10-17 20:00:00,32675.0
2014-10-17 21:00:00,31910.0
2014-10-17 22:00:00,29917.0
2014-10-17 23:00:00,28675.0
2014-10-18 00:00:00,22607.0
2014-10-18 01:00:00,17170.0
2014-10-18 02:00:00,16220.0
2014-10-18 03:00:00,15658.0
2014-10-18 04:00:00,16053.0
2014-10-18 05:00:00,17036.0
2014-10-18 06:00:00,19103.0
2014-10-18 07:00:00,20498.0
2014-10-18 08:00:00,23557.0
2014-10-18 09:00:00,29733.0
2014-10-18 10:00:00,30784.0
2014-10-18 11:00:00,31573.0
2014-10-18 12:00:00,31943.0
2014-10-18 13:00:00,32144.0
2014-10-18 14:00:00,32581.0
2014-10-18 15:00:00,32019.0
2014-10-18 16:00:00,33565.0
2014-10-18 17:00:00,37548.0
2014-10-18 18:00:00,33942.0
2014-10-18 19:00:00,34027.0
2014-10-18 20:00:00,34246.0
2014-10-18 21:00:00,32624.0
2014-10-18 22:00:00,30044.0
2014-10-18 23:00:00,28573.0
2014-10-19 00:00:00,22977.0
2014-10-19 01:00:00,18304.0
2014-10-19 02:00:00,17531.0
2014-10-19 03:00:00,17153.0
2014-10-19 04:00:00,17590.0
2014-10-19 05:00:00,17918.0
2014-10-19 06:00:00,19734.0
2014-10-19 07:00:00,20893.0
2014-10-19 08:00:00,24136.0
2014-10-19 09:00:00,28875.0
2014-10-19 10:00:00,30608.0
2014-10-19 11:00:00,35187.0
2014-10-19 12:00:00,37288.0
2014-10-19 13:00:00,36171.0
2014-10-19 14:00:00,37094.0
2014-10-19 15:00:00,36086.0
2014-10-19 16:00:00,38456.0
2014-10-19 17:00:00,38120.0
2014-10-19 18:00:00,35289.0
2014-10-19 19:00:00,35574.0
2014-10-19 20:00:00,35162.0
2014-10-19 21:00:00,33648.0
2014-10-19 22:00:00,30809.0
2014-10-19 23:00:00,26439.0
2014-10-20 00:00:00,20742.0
2014-10-20 01:00:00,19716.0
2014-10-20 02:00:00,19036.0
2014-10-20 03:00:00,18825.0
2014-10-20 04:00:00,19094.0
2014-10-20 05:00:00,20422.0
2014-10-20 06:00:00,21347.0
2014-10-20 07:00:00,22035.0
2014-10-20 08:00:00,25381.0
2014-10-20 09:00:00,30220.0
2014-10-20 10:00:00,30380.0
2014-10-20 11:00:00,31515.0
2014-10-20 12:00:00,31901.0
2014-10-20 13:00:00,33229.0
2014-10-20 14:00:00,33514.0
2014-10-20 15:00:00,32707.0
2014-10-20 16:00:00,33439.0
2014-10-20 17:00:00,33615.0
2014-10-20 18:00:00,34230.0
2014-10-20 19:00:00,34086.0
2014-10-20 20:00:00,33632.0
2014-10-20 21:00:00,32885.0
2014-10-20 22:00:00,30541.0
2014-10-20 23:00:00,26666.0
2014-10-21 00:00:00,21212.0
2014-10-21 01:00:00,18909.0
2014-10-21 02:00:00,17515.0
2014-10-21 03:00:00,17220.0
2014-10-21 04:00:00,17481.0
2014-10-21 05:00:00,18363.0
2014-10-21 06:00:00,20540.0
2014-10-21 07:00:00,21254.0
2014-10-21 08:00:00,24087.0
2014-10-21 09:00:00,29842.0
2014-10-21 10:00:00,31094.0
2014-10-21 11:00:00,31557.0
2014-10-21 12:00:00,31993.0
2014-10-21 13:00:00,33010.0
2014-10-21 14:00:00,34254.0
2014-10-21 15:00:00,34515.0
2014-10-21 16:00:00,34381.0
2014-10-21 17:00:00,34977.0
2014-10-21 18:00:00,35649.0
2014-10-21 19:00:00,35834.0
2014-10-21 20:00:00,34532.0
2014-10-21 21:00:00,32918.0
2014-10-21 22:00:00,30027.0
2014-10-21 23:00:00,25960.0
2014-10-22 00:00:00,20734.0
2014-10-22 01:00:00,20422.0
2014-10-22 02:00:00,19808.0
2014-10-22 03:00:00,19406.0
2014-10-22 04:00:00,19380.0
2014-10-22 05:00:00,20859.0
2014-10-22 06:00:00,22994.0
2014-10-22 07:00:00,22960.0
2014-10-22 08:00:00,26759.0
2014-10-22 09:00:00,30086.0
2014-10-22 10:00:00,31086.0
2014-10-22 11:00:00,32229.0
2014-10-22 12:00:00,32548.0
2014-10-22 13:00:00,33297.0
2014-10-22 14:00:00,33750.0
2014-10-22 15:00:00,33287.0
2014-10-22 16:00:00,33616.0
2014-10-22 17:00:00,34775.0
2014-10-22 18:00:00,34691.0
2014-10-22 19:00:00,34549.0
2014-10-22 20:00:00,33633.0
2014-10-22 21:00:00,32717.0
2014-10-22 22:00:00,29944.0
2014-10-22 23:00:00,26120.0
2014-10-23 00:00:00,21137.0
2014-10-23 01:00:00,20296.0
2014-10-23 02:00:00,19960.0
2014-10-23 03:00:00,19573.0
2014-10-23 04:00:00,18800.0
2014-10-23 05:00:00,19136.0
2014-10-23 06:00:00,20606.0
2014-10-23 07:00:00,21960.0
2014-10-23 08:00:00,28524.0
2014-10-23 09:00:00,35044.0
2014-10-23 10:00:00,33936.0
2014-10-23 11:00:00,35548.0
2014-10-23 12:00:00,36026.0
2014-10-23 13:00:00,37582.0
2014-10-23 14:00:00,36960.0
2014-10-23 15:00:00,36448.0
2014-10-23 16:00:00,37809.0
2014-10-23 17:00:00,36699.0
2014-10-23 18:00:00,34263.0
2014-10-23 19:00:00,34187.0
2014-10-23 20:00:00,33944.0
2014-10-23 21:00:00,32186.0
2014-10-23 22:00:00,28893.0
2014-10-23 23:00:00,25683.0
2014-10-24 00:00:00,20246.0
2014-10-24 01:00:00,18405.0
2014-10-24 02:00:00,18229.0
2014-10-24 03:00:00,17447.0
2014-10-24 04:00:00,17312.0
2014-10-24 05:00:00,18271.0
2014-10-24 06:00:00,20884.0
2014-10-24 07:00:00,22111.0
2014-10-24 08:00:00,25732.0
2014-10-24 09:00:00,30548.0
2014-10-24 10:00:00,30162.0
2014-10-24 11:00:00,31582.0
2014-10-24 12:00:00,31657.0
2014-10-24 13:00:00,32598.0
2014-10-24 14:00:00,32700.0
2014-10-24 15:00:00,37976.0
2014-10-24 16:00:00,39598.0
2014-10-24 17:00:00,38800.0
2014-10-24 18:00:00,36077.0
2014-10-24 19:00:00,36188.0
2014-10-24 20:00:00,36515.0
2014-10-24 21:00:00,33817.0
2014-10-24 22:00:00,31775.0
2014-10-24 23:00:00,29473.0
2014-10-25 00:00:00,22884.0
2014-10-25 01:00:00,18170.0
2014-10-25 02:00:00,17472.0
2014-10-25 03:00:00,16750.0
2014-10-25 04:00:00,17305.0
2014-10-25 05:00:00,17834.0
2014-10-25 06:00:00,20020.0
2014-10-25 07:00:00,22187.0
2014-10-25 08:00:00,25355.0
2014-10-25 09:00:00,30312.0
2014-10-25 10:00:00,31313.0
2014-10-25 11:00:00,31564.0
2014-10-25 12:00:00,32431.0
2014-10-25 13:00:00,33111.0
2014-10-25 14:00:00,33456.0
2014-10-25 15:00:00,31817.0
2014-10-25 16:00:00,32700.0
2014-10-25 17:00:00,33212.0
2014-10-25 18:00:00,34146.0
2014-10-25 19:00:00,34346.0
2014-10-25 20:00:00,34893.0
2014-10-25 21:00:00,32733.0
2014-10-25 22:00:00,29506.0
2014-10-25 23:00:00,29380.0
2014-10-26 00:00:00,22843.0
2014-10-26 01:00:00,36398.0
2014-10-26 02:00:00,17120.0
2014-10-26 03:00:00,16692.0
2014-10-26 04:00:00,17733.0
2014-10-26 05:00:00,17179.0
2014-10-26 06:00:00,19624.0
2014-10-26 07:00:00,21027.0
2014-10-26 08:00:00,23699.0
2014-10-26 09:00:00,27582.0
2014-10-26 10:00:00,29691.0
2014-10-26 11:00:00,29557.0
2014-10-26 12:00:00,29144.0
2014-10-26 13:00:00,29338.0
2014-10-26 14:00:00,29716.0
2014-10-26 15:00:00,29036.0
2014-10-26 16:00:00,30187.0
2014-10-26 17:00:00,30591.0
2014-10-26 18:00:00,30961.0
2014-10-26 19:00:00,31213.0
2014-10-26 20:00:00,30842.0
2014-10-26 21:00:00,29421.0
2014-10-26 22:00:00,27935.0
2014-10-26 23:00:00,22313.0
2014-10-27 00:00:00,17640.0
2014-10-27 01:00:00,15354.0
2014-10-27 02:00:00,15211.0
2014-10-27 03:00:00,15170.0
2014-10-27 04:00:00,15801.0
2014-10-27 05:00:00,16784.0
2014-10-27 06:00:00,18473.0
2014-10-27 07:00:00,18859.0
2014-10-27 08:00:00,22683.0
2014-10-27 09:00:00,28742.0
2014-10-27 10:00:00,29868.0
2014-10-27 11:00:00,31179.0
2014-10-27 12:00:00,31270.0
2014-10-27 13:00:00,31346.0
2014-10-27 14:00:00,30162.0
2014-10-27 15:00:00,31161.0
2014-10-27 16:00:00,31985.0
2014-10-27 17:00:00,32271.0
2014-10-27 18:00:00,32590.0
2014-10-27 19:00:00,32632.0
2014-10-27 20:00:00,32078.0
2014-10-27 21:00:00,31456.0
2014-10-27 22:00:00,28170.0
2014-10-27 23:00:00,24271.0
2014-10-28 00:00:00,18902.0
2014-10-28 01:00:00,16767.0
2014-10-28 02:00:00,16043.0
2014-10-28 03:00:00,15733.0
2014-10-28 04:00:00,16095.0
2014-10-28 05:00:00,17363.0
2014-10-28 06:00:00,19683.0
2014-10-28 07:00:00,19901.0
2014-10-28 08:00:00,23422.0
2014-10-28 09:00:00,29010.0
2014-10-28 10:00:00,29742.0
2014-10-28 11:00:00,29935.0
2014-10-28 12:00:00,30414.0
2014-10-28 13:00:00,30255.0
2014-10-28 14:00:00,30826.0
2014-10-28 15:00:00,34590.0
2014-10-28 16:00:00,35969.0
2014-10-28 17:00:00,35473.0
2014-10-28 18:00:00,34010.0
2014-10-28 19:00:00,33347.0
2014-10-28 20:00:00,32716.0
2014-10-28 21:00:00,31448.0
2014-10-28 22:00:00,28381.0
2014-10-28 23:00:00,23917.0
2014-10-29 00:00:00,18902.0
2014-10-29 01:00:00,16616.0
2014-10-29 02:00:00,15925.0
2014-10-29 03:00:00,15464.0
2014-10-29 04:00:00,15666.0
2014-10-29 05:00:00,16851.0
2014-10-29 06:00:00,19237.0
2014-10-29 07:00:00,19901.0
2014-10-29 08:00:00,23296.0
2014-10-29 09:00:00,28498.0
2014-10-29 10:00:00,29776.0
2014-10-29 11:00:00,29700.0
2014-10-29 12:00:00,29759.0
2014-10-29 13:00:00,30288.0
2014-10-29 14:00:00,29910.0
2014-10-29 15:00:00,30833.0
2014-10-29 16:00:00,31818.0
2014-10-29 17:00:00,32649.0
2014-10-29 18:00:00,33834.0
2014-10-29 19:00:00,33968.0
2014-10-29 20:00:00,32330.0
2014-10-29 21:00:00,31052.0
2014-10-29 22:00:00,27767.0
2014-10-29 23:00:00,23179.0
2014-10-30 00:00:00,18279.0
2014-10-30 01:00:00,16406.0
2014-10-30 02:00:00,16464.0
2014-10-30 03:00:00,15900.0
2014-10-30 04:00:00,16045.0
2014-10-30 05:00:00,16800.0
2014-10-30 06:00:00,18338.0
2014-10-30 07:00:00,18330.0
2014-10-30 08:00:00,22440.0
2014-10-30 09:00:00,27473.0
2014-10-30 10:00:00,28649.0
2014-10-30 11:00:00,30128.0
2014-10-30 12:00:00,29750.0
2014-10-30 13:00:00,31321.0
2014-10-30 14:00:00,32313.0
2014-10-30 15:00:00,31801.0
2014-10-30 16:00:00,33515.0
2014-10-30 17:00:00,33842.0
2014-10-30 18:00:00,34145.0
2014-10-30 19:00:00,34741.0
2014-10-30 20:00:00,33884.0
2014-10-30 21:00:00,31875.0
2014-10-30 22:00:00,28725.0
2014-10-30 23:00:00,24203.0
2014-10-31 00:00:00,18901.0
2014-10-31 01:00:00,16927.0
2014-10-31 02:00:00,16152.0
2014-10-31 03:00:00,15792.0
2014-10-31 04:00:00,15632.0
2014-10-31 05:00:00,16818.0
2014-10-31 06:00:00,18648.0
2014-10-31 07:00:00,19750.0
2014-10-31 08:00:00,23120.0
2014-10-31 09:00:00,28490.0
2014-10-31 10:00:00,29086.0
2014-10-31 11:00:00,30397.0
2014-10-31 12:00:00,30254.0
2014-10-31 13:00:00,29641.0
2014-10-31 14:00:00,31431.0
2014-10-31 15:00:00,30967.0
2014-10-31 16:00:00,32077.0
2014-10-31 17:00:00,32388.0
2014-10-31 18:00:00,33439.0
2014-10-31 19:00:00,34413.0
2014-10-31 20:00:00,33809.0
2014-10-31 21:00:00,31640.0
2014-10-31 22:00:00,28842.0
2014-10-31 23:00:00,27975.0
2014-11-01 00:00:00,22674.0
2014-11-01 01:00:00,18355.0
2014-11-01 02:00:00,18213.0
2014-11-01 03:00:00,17649.0
2014-11-01 04:00:00,18103.0
2014-11-01 05:00:00,18330.0
2014-11-01 06:00:00,19776.0
2014-11-01 07:00:00,20556.0
2014-11-01 08:00:00,23791.0
2014-11-01 09:00:00,28111.0
2014-11-01 10:00:00,29767.0
2014-11-01 11:00:00,30027.0
2014-11-01 12:00:00,30119.0
2014-11-01 13:00:00,29490.0
2014-11-01 14:00:00,28943.0
2014-11-01 15:00:00,28312.0
2014-11-01 16:00:00,28902.0
2014-11-01 17:00:00,29582.0
2014-11-01 18:00:00,31473.0
2014-11-01 19:00:00,32784.0
2014-11-01 20:00:00,32052.0
2014-11-01 21:00:00,31305.0
2014-11-01 22:00:00,27733.0
2014-11-01 23:00:00,26414.0
2014-11-02 00:00:00,20287.0
2014-11-02 01:00:00,15632.0
2014-11-02 02:00:00,14566.0
2014-11-02 03:00:00,14221.0
2014-11-02 04:00:00,15002.0
2014-11-02 05:00:00,15556.0
2014-11-02 06:00:00,17801.0
2014-11-02 07:00:00,18699.0
2014-11-02 08:00:00,21624.0
2014-11-02 09:00:00,25623.0
2014-11-02 10:00:00,28035.0
2014-11-02 11:00:00,27665.0
2014-11-02 12:00:00,27708.0
2014-11-02 13:00:00,27506.0
2014-11-02 14:00:00,28127.0
2014-11-02 15:00:00,27894.0
2014-11-02 16:00:00,28011.0
2014-11-02 17:00:00,27859.0
2014-11-02 18:00:00,29581.0
2014-11-02 19:00:00,29801.0
2014-11-02 20:00:00,30044.0
2014-11-02 21:00:00,28473.0
2014-11-02 22:00:00,26549.0
2014-11-02 23:00:00,22514.0
2014-11-03 00:00:00,17749.0
2014-11-03 01:00:00,16003.0
2014-11-03 02:00:00,15313.0
2014-11-03 03:00:00,15213.0
2014-11-03 04:00:00,15816.0
2014-11-03 05:00:00,16254.0
2014-11-03 06:00:00,18069.0
2014-11-03 07:00:00,17993.0
2014-11-03 08:00:00,21590.0
2014-11-03 09:00:00,27330.0
2014-11-03 10:00:00,28993.0
2014-11-03 11:00:00,29800.0
2014-11-03 12:00:00,29616.0
2014-11-03 13:00:00,29893.0
2014-11-03 14:00:00,29514.0
2014-11-03 15:00:00,29977.0
2014-11-03 16:00:00,30330.0
2014-11-03 17:00:00,30305.0
2014-11-03 18:00:00,31843.0
2014-11-03 19:00:00,31919.0
2014-11-03 20:00:00,31606.0
2014-11-03 21:00:00,30128.0
2014-11-03 22:00:00,27103.0
2014-11-03 23:00:00,22254.0
2014-11-04 00:00:00,17094.0
2014-11-04 01:00:00,15641.0
2014-11-04 02:00:00,15314.0
2014-11-04 03:00:00,14859.0
2014-11-04 04:00:00,14103.0
2014-11-04 05:00:00,15152.0
2014-11-04 06:00:00,16272.0
2014-11-04 07:00:00,16557.0
2014-11-04 08:00:00,19834.0
2014-11-04 09:00:00,25976.0
2014-11-04 10:00:00,26414.0
2014-11-04 11:00:00,27396.0
2014-11-04 12:00:00,27919.0
2014-11-04 13:00:00,28019.0
2014-11-04 14:00:00,28355.0
2014-11-04 15:00:00,27002.0
2014-11-04 16:00:00,28599.0
2014-11-04 17:00:00,28968.0
2014-11-04 18:00:00,29977.0
2014-11-04 19:00:00,30482.0
2014-11-04 20:00:00,29372.0
2014-11-04 21:00:00,27700.0
2014-11-04 22:00:00,25918.0
2014-11-04 23:00:00,21498.0
2014-11-05 00:00:00,16515.0
2014-11-05 01:00:00,14481.0
2014-11-05 02:00:00,13414.0
2014-11-05 03:00:00,13262.0
2014-11-05 04:00:00,13708.0
2014-11-05 05:00:00,14296.0
2014-11-05 06:00:00,15313.0
2014-11-05 07:00:00,15825.0
2014-11-05 08:00:00,18935.0
2014-11-05 09:00:00,25623.0
2014-11-05 10:00:00,26624.0
2014-11-05 11:00:00,26590.0
2014-11-05 12:00:00,26489.0
2014-11-05 13:00:00,26330.0
2014-11-05 14:00:00,25833.0
2014-11-05 15:00:00,26455.0
2014-11-05 16:00:00,27943.0
2014-11-05 17:00:00,28632.0
2014-11-05 18:00:00,30026.0
2014-11-05 19:00:00,29683.0
2014-11-05 20:00:00,30304.0
2014-11-05 21:00:00,28439.0
2014-11-05 22:00:00,25018.0
2014-11-05 23:00:00,20792.0
2014-11-06 00:00:00,15942.0
2014-11-06 01:00:00,14793.0
2014-11-06 02:00:00,13742.0
2014-11-06 03:00:00,13910.0
2014-11-06 04:00:00,15960.0
2014-11-06 05:00:00,17338.0
2014-11-06 06:00:00,19288.0
2014-11-06 07:00:00,19818.0
2014-11-06 08:00:00,25565.0
2014-11-06 09:00:00,30136.0
2014-11-06 10:00:00,29044.0
2014-11-06 11:00:00,28759.0
2014-11-06 12:00:00,29153.0
2014-11-06 13:00:00,29145.0
2014-11-06 14:00:00,29128.0
2014-11-06 15:00:00,27834.0
2014-11-06 16:00:00,28220.0
2014-11-06 17:00:00,29144.0
2014-11-06 18:00:00,30473.0
2014-11-06 19:00:00,30103.0
2014-11-06 20:00:00,29825.0
2014-11-06 21:00:00,28169.0
2014-11-06 22:00:00,26120.0
2014-11-06 23:00:00,21279.0
2014-11-07 00:00:00,13195.0
2014-11-07 01:00:00,0.0
2014-11-07 02:00:00,11464.0
2014-11-07 03:00:00,12969.0
2014-11-07 04:00:00,14296.0
2014-11-07 05:00:00,15935.0
2014-11-07 06:00:00,17229.0
2014-11-07 07:00:00,17986.0
2014-11-07 08:00:00,20002.0
2014-11-07 09:00:00,26540.0
2014-11-07 10:00:00,28246.0
2014-11-07 11:00:00,28793.0
2014-11-07 12:00:00,29035.0
2014-11-07 13:00:00,28666.0
2014-11-07 14:00:00,28339.0
2014-11-07 15:00:00,28573.0
2014-11-07 16:00:00,29137.0
2014-11-07 17:00:00,29876.0
2014-11-07 18:00:00,31759.0
2014-11-07 19:00:00,32271.0
2014-11-07 20:00:00,32506.0
2014-11-07 21:00:00,30614.0
2014-11-07 22:00:00,27514.0
2014-11-07 23:00:00,25985.0
2014-11-08 00:00:00,20732.0
2014-11-08 01:00:00,14953.0
2014-11-08 02:00:00,13834.0
2014-11-08 03:00:00,13968.0
2014-11-08 04:00:00,14313.0
2014-11-08 05:00:00,15910.0
2014-11-08 06:00:00,17599.0
2014-11-08 07:00:00,23976.0
2014-11-08 08:00:00,25960.0
2014-11-08 09:00:00,25960.0
2014-11-08 10:00:00,27993.0
2014-11-08 11:00:00,29716.0
2014-11-08 12:00:00,29338.0
2014-11-08 13:00:00,28801.0
2014-11-08 14:00:00,28607.0
2014-11-08 15:00:00,27691.0
2014-11-08 16:00:00,28473.0
2014-11-08 17:00:00,29196.0
2014-11-08 18:00:00,30371.0
2014-11-08 19:00:00,30927.0
2014-11-08 20:00:00,30364.0
2014-11-08 21:00:00,28741.0
2014-11-08 22:00:00,25783.0
2014-11-08 23:00:00,24800.0
2014-11-09 00:00:00,21154.0
2014-11-09 01:00:00,17909.0
2014-11-09 02:00:00,17371.0
2014-11-09 03:00:00,17044.0
2014-11-09 04:00:00,17531.0
2014-11-09 05:00:00,16977.0
2014-11-09 06:00:00,18079.0
2014-11-09 07:00:00,18036.0
2014-11-09 08:00:00,21885.0
2014-11-09 09:00:00,25909.0
2014-11-09 10:00:00,26616.0
2014-11-09 11:00:00,27598.0
2014-11-09 12:00:00,27439.0
2014-11-09 13:00:00,27111.0
2014-11-09 14:00:00,27087.0
2014-11-09 15:00:00,27321.0
2014-11-09 16:00:00,27977.0
2014-11-09 17:00:00,28448.0
2014-11-09 18:00:00,29464.0
2014-11-09 19:00:00,29725.0
2014-11-09 20:00:00,29380.0
2014-11-09 21:00:00,28624.0
2014-11-09 22:00:00,26322.0
2014-11-09 23:00:00,20498.0
2014-11-10 00:00:00,15439.0
2014-11-10 01:00:00,13757.0
2014-11-10 02:00:00,13817.0
2014-11-10 03:00:00,13850.0
2014-11-10 04:00:00,13976.0
2014-11-10 05:00:00,14322.0
2014-11-10 06:00:00,16162.0
2014-11-10 07:00:00,16833.0
2014-11-10 08:00:00,18692.0
2014-11-10 09:00:00,26616.0
2014-11-10 10:00:00,27599.0
2014-11-10 11:00:00,27481.0
2014-11-10 12:00:00,27892.0
2014-11-10 13:00:00,28288.0
2014-11-10 14:00:00,27280.0
2014-11-10 15:00:00,27262.0
2014-11-10 16:00:00,27295.0
2014-11-10 17:00:00,29086.0
2014-11-10 18:00:00,29539.0
2014-11-10 19:00:00,30069.0
2014-11-10 20:00:00,29514.0
2014-11-10 21:00:00,28027.0
2014-11-10 22:00:00,25119.0
2014-11-10 23:00:00,20835.0
2014-11-11 00:00:00,16077.0
2014-11-11 01:00:00,13801.0
2014-11-11 02:00:00,12893.0
2014-11-11 03:00:00,12951.0
2014-11-11 04:00:00,13574.0
2014-11-11 05:00:00,15405.0
2014-11-11 06:00:00,17656.0
2014-11-11 07:00:00,18044.0
2014-11-11 08:00:00,20245.0
2014-11-11 09:00:00,27052.0
2014-11-11 10:00:00,27692.0
2014-11-11 11:00:00,27406.0
2014-11-11 12:00:00,27229.0
2014-11-11 13:00:00,27430.0
2014-11-11 14:00:00,26480.0
2014-11-11 15:00:00,26053.0
2014-11-11 16:00:00,27532.0
2014-11-11 17:00:00,28036.0
2014-11-11 18:00:00,29549.0
2014-11-11 19:00:00,30044.0
2014-11-11 20:00:00,29540.0
2014-11-11 21:00:00,28985.0
2014-11-11 22:00:00,25900.0
2014-11-11 23:00:00,20355.0
2014-11-12 00:00:00,16196.0
2014-11-12 01:00:00,13465.0
2014-11-12 02:00:00,12893.0
2014-11-12 03:00:00,12355.0
2014-11-12 04:00:00,13154.0
2014-11-12 05:00:00,15052.0
2014-11-12 06:00:00,16901.0
2014-11-12 07:00:00,17850.0
2014-11-12 08:00:00,19616.0
2014-11-12 09:00:00,26221.0
2014-11-12 10:00:00,26995.0
2014-11-12 11:00:00,26203.0
2014-11-12 12:00:00,26951.0
2014-11-12 13:00:00,26774.0
2014-11-12 14:00:00,27498.0
2014-11-12 15:00:00,27162.0
2014-11-12 16:00:00,28018.0
2014-11-12 17:00:00,29169.0
2014-11-12 18:00:00,29943.0
2014-11-12 19:00:00,30364.0
2014-11-12 20:00:00,30414.0
2014-11-12 21:00:00,28901.0
2014-11-12 22:00:00,25775.0
2014-11-12 23:00:00,21087.0
2014-11-13 00:00:00,16262.0
2014-11-13 01:00:00,13632.0
2014-11-13 02:00:00,12994.0
2014-11-13 03:00:00,12598.0
2014-11-13 04:00:00,13522.0
2014-11-13 05:00:00,15456.0
2014-11-13 06:00:00,18162.0
2014-11-13 07:00:00,18616.0
2014-11-13 08:00:00,20927.0
2014-11-13 09:00:00,27236.0
2014-11-13 10:00:00,28271.0
2014-11-13 11:00:00,28246.0
2014-11-13 12:00:00,27917.0
2014-11-13 13:00:00,27263.0
2014-11-13 14:00:00,27859.0
2014-11-13 15:00:00,28271.0
2014-11-13 16:00:00,28110.0
2014-11-13 17:00:00,29271.0
2014-11-13 18:00:00,30178.0
2014-11-13 19:00:00,30616.0
2014-11-13 20:00:00,29188.0
2014-11-13 21:00:00,28087.0
2014-11-13 22:00:00,26431.0
2014-11-13 23:00:00,21573.0
2014-11-14 00:00:00,16498.0
2014-11-14 01:00:00,13776.0
2014-11-14 02:00:00,13213.0
2014-11-14 03:00:00,12884.0
2014-11-14 04:00:00,13649.0
2014-11-14 05:00:00,15112.0
2014-11-14 06:00:00,17136.0
2014-11-14 07:00:00,17985.0
2014-11-14 08:00:00,20213.0
2014-11-14 09:00:00,26204.0
2014-11-14 10:00:00,27254.0
2014-11-14 11:00:00,27935.0
2014-11-14 12:00:00,26574.0
2014-11-14 13:00:00,26456.0
2014-11-14 14:00:00,26624.0
2014-11-14 15:00:00,26313.0
2014-11-14 16:00:00,27775.0
2014-11-14 17:00:00,28448.0
2014-11-14 18:00:00,29162.0
2014-11-14 19:00:00,29397.0
2014-11-14 20:00:00,28936.0
2014-11-14 21:00:00,26707.0
2014-11-14 22:00:00,24372.0
2014-11-14 23:00:00,23195.0
2014-11-15 00:00:00,18968.0
2014-11-15 01:00:00,14161.0
2014-11-15 02:00:00,13287.0
2014-11-15 03:00:00,12817.0
2014-11-15 04:00:00,13859.0
2014-11-15 05:00:00,15003.0
2014-11-15 06:00:00,17211.0
2014-11-15 07:00:00,18062.0
2014-11-15 08:00:00,19825.0
2014-11-15 09:00:00,25431.0
2014-11-15 10:00:00,26531.0
2014-11-15 11:00:00,27287.0
2014-11-15 12:00:00,27069.0
2014-11-15 13:00:00,27212.0
2014-11-15 14:00:00,26623.0
2014-11-15 15:00:00,26322.0
2014-11-15 16:00:00,26943.0
2014-11-15 17:00:00,27598.0
2014-11-15 18:00:00,29238.0
2014-11-15 19:00:00,30186.0
2014-11-15 20:00:00,30229.0
2014-11-15 21:00:00,28708.0
2014-11-15 22:00:00,26506.0
2014-11-15 23:00:00,25044.0
2014-11-16 00:00:00,20162.0
2014-11-16 01:00:00,14372.0
2014-11-16 02:00:00,13893.0
2014-11-16 03:00:00,13288.0
2014-11-16 04:00:00,14422.0
2014-11-16 05:00:00,15548.0
2014-11-16 06:00:00,16910.0
2014-11-16 07:00:00,18077.0
2014-11-16 08:00:00,20061.0
2014-11-16 09:00:00,24993.0
2014-11-16 10:00:00,25279.0
2014-11-16 11:00:00,25935.0
2014-11-16 12:00:00,25615.0
2014-11-16 13:00:00,26161.0
2014-11-16 14:00:00,25616.0
2014-11-16 15:00:00,25750.0
2014-11-16 16:00:00,25766.0
2014-11-16 17:00:00,26707.0
2014-11-16 18:00:00,27581.0
2014-11-16 19:00:00,28036.0
2014-11-16 20:00:00,27876.0
2014-11-16 21:00:00,27683.0
2014-11-16 22:00:00,25456.0
2014-11-16 23:00:00,21204.0
2014-11-17 00:00:00,16784.0
2014-11-17 01:00:00,13910.0
2014-11-17 02:00:00,13178.0
2014-11-17 03:00:00,12885.0
2014-11-17 04:00:00,13616.0
2014-11-17 05:00:00,15052.0
2014-11-17 06:00:00,16766.0
2014-11-17 07:00:00,18036.0
2014-11-17 08:00:00,20456.0
2014-11-17 09:00:00,26918.0
2014-11-17 10:00:00,27809.0
2014-11-17 11:00:00,26910.0
2014-11-17 12:00:00,26161.0
2014-11-17 13:00:00,27111.0
2014-11-17 14:00:00,26658.0
2014-11-17 15:00:00,26397.0
2014-11-17 16:00:00,27119.0
2014-11-17 17:00:00,28103.0
2014-11-17 18:00:00,28632.0
2014-11-17 19:00:00,29078.0
2014-11-17 20:00:00,28851.0
2014-11-17 21:00:00,27565.0
2014-11-17 22:00:00,24758.0
2014-11-17 23:00:00,20474.0
2014-11-18 00:00:00,15540.0
2014-11-18 01:00:00,13279.0
2014-11-18 02:00:00,12481.0
2014-11-18 03:00:00,11976.0
2014-11-18 04:00:00,12758.0
2014-11-18 05:00:00,14775.0
2014-11-18 06:00:00,16841.0
2014-11-18 07:00:00,17809.0
2014-11-18 08:00:00,19943.0
2014-11-18 09:00:00,26758.0
2014-11-18 10:00:00,26809.0
2014-11-18 11:00:00,26784.0
2014-11-18 12:00:00,27077.0
2014-11-18 13:00:00,27960.0
2014-11-18 14:00:00,26725.0
2014-11-18 15:00:00,26448.0
2014-11-18 16:00:00,27119.0
2014-11-18 17:00:00,28313.0
2014-11-18 18:00:00,28775.0
2014-11-18 19:00:00,29153.0
2014-11-18 20:00:00,29120.0
2014-11-18 21:00:00,28305.0
2014-11-18 22:00:00,25640.0
2014-11-18 23:00:00,21615.0
2014-11-19 00:00:00,17346.0
2014-11-19 01:00:00,14161.0
2014-11-19 02:00:00,13145.0
2014-11-19 03:00:00,12490.0
2014-11-19 04:00:00,13918.0
2014-11-19 05:00:00,15582.0
2014-11-19 06:00:00,17161.0
2014-11-19 07:00:00,17725.0
2014-11-19 08:00:00,19918.0
2014-11-19 09:00:00,26238.0
2014-11-19 10:00:00,27624.0
2014-11-19 11:00:00,27498.0
2014-11-19 12:00:00,27506.0
2014-11-19 13:00:00,28287.0
2014-11-19 14:00:00,27741.0
2014-11-19 15:00:00,27154.0
2014-11-19 16:00:00,28472.0
2014-11-19 17:00:00,28473.0
2014-11-19 18:00:00,29968.0
2014-11-19 19:00:00,29574.0
2014-11-19 20:00:00,29565.0
2014-11-19 21:00:00,28843.0
2014-11-19 22:00:00,26994.0
2014-11-19 23:00:00,21791.0
2014-11-20 00:00:00,16573.0
2014-11-20 01:00:00,14910.0
2014-11-20 02:00:00,14104.0
2014-11-20 03:00:00,13918.0
2014-11-20 04:00:00,14456.0
2014-11-20 05:00:00,16523.0
2014-11-20 06:00:00,17817.0
2014-11-20 07:00:00,18700.0
2014-11-20 08:00:00,20834.0
2014-11-20 09:00:00,28052.0
2014-11-20 10:00:00,27942.0
2014-11-20 11:00:00,28548.0
2014-11-20 12:00:00,28035.0
2014-11-20 13:00:00,28212.0
2014-11-20 14:00:00,27968.0
2014-11-20 15:00:00,28489.0
2014-11-20 16:00:00,28599.0
2014-11-20 17:00:00,29532.0
2014-11-20 18:00:00,29808.0
2014-11-20 19:00:00,30624.0
2014-11-20 20:00:00,30237.0
2014-11-20 21:00:00,28658.0
2014-11-20 22:00:00,26212.0
2014-11-20 23:00:00,22472.0
2014-11-21 00:00:00,18355.0
2014-11-21 01:00:00,16751.0
2014-11-21 02:00:00,16733.0
2014-11-21 03:00:00,16531.0
2014-11-21 04:00:00,17069.0
2014-11-21 05:00:00,18086.0
2014-11-21 06:00:00,18809.0
2014-11-21 07:00:00,19808.0
2014-11-21 08:00:00,24842.0
2014-11-21 09:00:00,27674.0
2014-11-21 10:00:00,27733.0
2014-11-21 11:00:00,28196.0
2014-11-21 12:00:00,28423.0
2014-11-21 13:00:00,29177.0
2014-11-21 14:00:00,29036.0
2014-11-21 15:00:00,28893.0
2014-11-21 16:00:00,29860.0
2014-11-21 17:00:00,30733.0
2014-11-21 18:00:00,31415.0
2014-11-21 19:00:00,31522.0
2014-11-21 20:00:00,31531.0
2014-11-21 21:00:00,30137.0
2014-11-21 22:00:00,27985.0
2014-11-21 23:00:00,27018.0
2014-11-22 00:00:00,20901.0
2014-11-22 01:00:00,15178.0
2014-11-22 02:00:00,13565.0
2014-11-22 03:00:00,12935.0
2014-11-22 04:00:00,14254.0
2014-11-22 05:00:00,16237.0
2014-11-22 06:00:00,18044.0
2014-11-22 07:00:00,18523.0
2014-11-22 08:00:00,20766.0
2014-11-22 09:00:00,27052.0
2014-11-22 10:00:00,27616.0
2014-11-22 11:00:00,28237.0
2014-11-22 12:00:00,28834.0
2014-11-22 13:00:00,28624.0
2014-11-22 14:00:00,28371.0
2014-11-22 15:00:00,27666.0
2014-11-22 16:00:00,27446.0
2014-11-22 17:00:00,29313.0
2014-11-22 18:00:00,29615.0
2014-11-22 19:00:00,30061.0
2014-11-22 20:00:00,29464.0
2014-11-22 21:00:00,28884.0
2014-11-22 22:00:00,26733.0
2014-11-22 23:00:00,25061.0
2014-11-23 00:00:00,19473.0
2014-11-23 01:00:00,14230.0
2014-11-23 02:00:00,12884.0
2014-11-23 03:00:00,12516.0
2014-11-23 04:00:00,13556.0
2014-11-23 05:00:00,15423.0
2014-11-23 06:00:00,17034.0
2014-11-23 07:00:00,17389.0
2014-11-23 08:00:00,19633.0
2014-11-23 09:00:00,25195.0
2014-11-23 10:00:00,25203.0
2014-11-23 11:00:00,25733.0
2014-11-23 12:00:00,26009.0
2014-11-23 13:00:00,26683.0
2014-11-23 14:00:00,26397.0
2014-11-23 15:00:00,26505.0
2014-11-23 16:00:00,27111.0
2014-11-23 17:00:00,28204.0
2014-11-23 18:00:00,29002.0
2014-11-23 19:00:00,28918.0
2014-11-23 20:00:00,29002.0
2014-11-23 21:00:00,28170.0
2014-11-23 22:00:00,26573.0
2014-11-23 23:00:00,21456.0
2014-11-24 00:00:00,15968.0
2014-11-24 01:00:00,13220.0
2014-11-24 02:00:00,13262.0
2014-11-24 03:00:00,12909.0
2014-11-24 04:00:00,13800.0
2014-11-24 05:00:00,15271.0
2014-11-24 06:00:00,17163.0
2014-11-24 07:00:00,17817.0
2014-11-24 08:00:00,19658.0
2014-11-24 09:00:00,26296.0
2014-11-24 10:00:00,26607.0
2014-11-24 11:00:00,26531.0
2014-11-24 12:00:00,26977.0
2014-11-24 13:00:00,27455.0
2014-11-24 14:00:00,27447.0
2014-11-24 15:00:00,27860.0
2014-11-24 16:00:00,28523.0
2014-11-24 17:00:00,29052.0
2014-11-24 18:00:00,29952.0
2014-11-24 19:00:00,29918.0
2014-11-24 20:00:00,29783.0
2014-11-24 21:00:00,28195.0
2014-11-24 22:00:00,25447.0
2014-11-24 23:00:00,20935.0
2014-11-25 00:00:00,16178.0
2014-11-25 01:00:00,13917.0
2014-11-25 02:00:00,12927.0
2014-11-25 03:00:00,12498.0
2014-11-25 04:00:00,13851.0
2014-11-25 05:00:00,15615.0
2014-11-25 06:00:00,17187.0
2014-11-25 07:00:00,17247.0
2014-11-25 08:00:00,19490.0
2014-11-25 09:00:00,26607.0
2014-11-25 10:00:00,26801.0
2014-11-25 11:00:00,26556.0
2014-11-25 12:00:00,26607.0
2014-11-25 13:00:00,26700.0
2014-11-25 14:00:00,26733.0
2014-11-25 15:00:00,26708.0
2014-11-25 16:00:00,27296.0
2014-11-25 17:00:00,28414.0
2014-11-25 18:00:00,29330.0
2014-11-25 19:00:00,29590.0
2014-11-25 20:00:00,29356.0
2014-11-25 21:00:00,28355.0
2014-11-25 22:00:00,25977.0
2014-11-25 23:00:00,20531.0
2014-11-26 00:00:00,15867.0
2014-11-26 01:00:00,14406.0
2014-11-26 02:00:00,14355.0
2014-11-26 03:00:00,14003.0
2014-11-26 04:00:00,14691.0
2014-11-26 05:00:00,15085.0
2014-11-26 06:00:00,16690.0
2014-11-26 07:00:00,17187.0
2014-11-26 08:00:00,18523.0
2014-11-26 09:00:00,24347.0
2014-11-26 10:00:00,25464.0
2014-11-26 11:00:00,24498.0
2014-11-26 12:00:00,25002.0
2014-11-26 13:00:00,26204.0
2014-11-26 14:00:00,25725.0
2014-11-26 15:00:00,26069.0
2014-11-26 16:00:00,27061.0
2014-11-26 17:00:00,28086.0
2014-11-26 18:00:00,28431.0
2014-11-26 19:00:00,28541.0
2014-11-26 20:00:00,28279.0
2014-11-26 21:00:00,27381.0
2014-11-26 22:00:00,25086.0
2014-11-26 23:00:00,20136.0
2014-11-27 00:00:00,15195.0
2014-11-27 01:00:00,13431.0
2014-11-27 02:00:00,13061.0
2014-11-27 03:00:00,12355.0
2014-11-27 04:00:00,13573.0
2014-11-27 05:00:00,14633.0
2014-11-27 06:00:00,16665.0
2014-11-27 07:00:00,17825.0
2014-11-27 08:00:00,19480.0
2014-11-27 09:00:00,25935.0
2014-11-27 10:00:00,25338.0
2014-11-27 11:00:00,25279.0
2014-11-27 12:00:00,25682.0
2014-11-27 13:00:00,25657.0
2014-11-27 14:00:00,25784.0
2014-11-27 15:00:00,25959.0
2014-11-27 16:00:00,26615.0
2014-11-27 17:00:00,27161.0
2014-11-27 18:00:00,27732.0
2014-11-27 19:00:00,28280.0
2014-11-27 20:00:00,28901.0
2014-11-27 21:00:00,28053.0
2014-11-27 22:00:00,25179.0
2014-11-27 23:00:00,19994.0
2014-11-28 00:00:00,16900.0
2014-11-28 01:00:00,14455.0
2014-11-28 02:00:00,12590.0
2014-11-28 03:00:00,12001.0
2014-11-28 04:00:00,13314.0
2014-11-28 05:00:00,14784.0
2014-11-28 06:00:00,16095.0
2014-11-28 07:00:00,17456.0
2014-11-28 08:00:00,19304.0
2014-11-28 09:00:00,24766.0
2014-11-28 10:00:00,27304.0
2014-11-28 11:00:00,27665.0
2014-11-28 12:00:00,27020.0
2014-11-28 13:00:00,26724.0
2014-11-28 14:00:00,26541.0
2014-11-28 15:00:00,27539.0
2014-11-28 16:00:00,28329.0
2014-11-28 17:00:00,29095.0
2014-11-28 18:00:00,29800.0
2014-11-28 19:00:00,30271.0
2014-11-28 20:00:00,29683.0
2014-11-28 21:00:00,29111.0
2014-11-28 22:00:00,25505.0
2014-11-28 23:00:00,24213.0
2014-11-29 00:00:00,18784.0
2014-11-29 01:00:00,13531.0
2014-11-29 02:00:00,12599.0
2014-11-29 03:00:00,12137.0
2014-11-29 04:00:00,13086.0
2014-11-29 05:00:00,14691.0
2014-11-29 06:00:00,16396.0
2014-11-29 07:00:00,16834.0
2014-11-29 08:00:00,18087.0
2014-11-29 09:00:00,24507.0
2014-11-29 10:00:00,25027.0
2014-11-29 11:00:00,25498.0
2014-11-29 12:00:00,25641.0
2014-11-29 13:00:00,25759.0
2014-11-29 14:00:00,26154.0
2014-11-29 15:00:00,26060.0
2014-11-29 16:00:00,26473.0
2014-11-29 17:00:00,28347.0
2014-11-29 18:00:00,29102.0
2014-11-29 19:00:00,29498.0
2014-11-29 20:00:00,29010.0
2014-11-29 21:00:00,28717.0
2014-11-29 22:00:00,25969.0
2014-11-29 23:00:00,24675.0
2014-11-30 00:00:00,19640.0
2014-11-30 01:00:00,14035.0
2014-11-30 02:00:00,12867.0
2014-11-30 03:00:00,12674.0
2014-11-30 04:00:00,13716.0
2014-11-30 05:00:00,15019.0
2014-11-30 06:00:00,16313.0
2014-11-30 07:00:00,17439.0
2014-11-30 08:00:00,18531.0
2014-11-30 09:00:00,24431.0
2014-11-30 10:00:00,25018.0
2014-11-30 11:00:00,24683.0
2014-11-30 12:00:00,25280.0
2014-11-30 13:00:00,26111.0
2014-11-30 14:00:00,26094.0
2014-11-30 15:00:00,25632.0
2014-11-30 16:00:00,26826.0
2014-11-30 17:00:00,27531.0
2014-11-30 18:00:00,28143.0
2014-11-30 19:00:00,28725.0
2014-11-30 20:00:00,28220.0
2014-11-30 21:00:00,27549.0
2014-11-30 22:00:00,25766.0
2014-11-30 23:00:00,21145.0
2014-12-01 00:00:00,16405.0
2014-12-01 01:00:00,14632.0
2014-12-01 02:00:00,14490.0
2014-12-01 03:00:00,14439.0
2014-12-01 04:00:00,14901.0
2014-12-01 05:00:00,16262.0
2014-12-01 06:00:00,17792.0
2014-12-01 07:00:00,18238.0
2014-12-01 08:00:00,19245.0
2014-12-01 09:00:00,26540.0
2014-12-01 10:00:00,26372.0
2014-12-01 11:00:00,26666.0
2014-12-01 12:00:00,26204.0
2014-12-01 13:00:00,26179.0
2014-12-01 14:00:00,26691.0
2014-12-01 15:00:00,26649.0
2014-12-01 16:00:00,27506.0
2014-12-01 17:00:00,28018.0
2014-12-01 18:00:00,29061.0
2014-12-01 19:00:00,29499.0
2014-12-01 20:00:00,29296.0
2014-12-01 21:00:00,28128.0
2014-12-01 22:00:00,25423.0
2014-12-01 23:00:00,20833.0
2014-12-02 00:00:00,15742.0
2014-12-02 01:00:00,13195.0
2014-12-02 02:00:00,12305.0
2014-12-02 03:00:00,11841.0
2014-12-02 04:00:00,13162.0
2014-12-02 05:00:00,14389.0
2014-12-02 06:00:00,15927.0
2014-12-02 07:00:00,16490.0
2014-12-02 08:00:00,18833.0
2014-12-02 09:00:00,26447.0
2014-12-02 10:00:00,26943.0
2014-12-02 11:00:00,26237.0
2014-12-02 12:00:00,26448.0
2014-12-02 13:00:00,26556.0
2014-12-02 14:00:00,26843.0
2014-12-02 15:00:00,26699.0
2014-12-02 16:00:00,27271.0
2014-12-02 17:00:00,28540.0
2014-12-02 18:00:00,29355.0
2014-12-02 19:00:00,29388.0
2014-12-02 20:00:00,29062.0
2014-12-02 21:00:00,28044.0
2014-12-02 22:00:00,26161.0
2014-12-02 23:00:00,21969.0
2014-12-03 00:00:00,17068.0
2014-12-03 01:00:00,14599.0
2014-12-03 02:00:00,13935.0
2014-12-03 03:00:00,13272.0
2014-12-03 04:00:00,14254.0
2014-12-03 05:00:00,15682.0
2014-12-03 06:00:00,17582.0
2014-12-03 07:00:00,18607.0
2014-12-03 08:00:00,20666.0
2014-12-03 09:00:00,25994.0
2014-12-03 10:00:00,26001.0
2014-12-03 11:00:00,25741.0
2014-12-03 12:00:00,25776.0
2014-12-03 13:00:00,25977.0
2014-12-03 14:00:00,25388.0
2014-12-03 15:00:00,26111.0
2014-12-03 16:00:00,26892.0
2014-12-03 17:00:00,28145.0
2014-12-03 18:00:00,28305.0
2014-12-03 19:00:00,28280.0
2014-12-03 20:00:00,28027.0
2014-12-03 21:00:00,28052.0
2014-12-03 22:00:00,25077.0
2014-12-03 23:00:00,20540.0
2014-12-04 00:00:00,15859.0
2014-12-04 01:00:00,13052.0
2014-12-04 02:00:00,11859.0
2014-12-04 03:00:00,11708.0
2014-12-04 04:00:00,12725.0
2014-12-04 05:00:00,14061.0
2014-12-04 06:00:00,15985.0
2014-12-04 07:00:00,16296.0
2014-12-04 08:00:00,18212.0
2014-12-04 09:00:00,24884.0
2014-12-04 10:00:00,25498.0
2014-12-04 11:00:00,25674.0
2014-12-04 12:00:00,25598.0
2014-12-04 13:00:00,25557.0
2014-12-04 14:00:00,25489.0
2014-12-04 15:00:00,26053.0
2014-12-04 16:00:00,27430.0
2014-12-04 17:00:00,28413.0
2014-12-04 18:00:00,29204.0
2014-12-04 19:00:00,28817.0
2014-12-04 20:00:00,28179.0
2014-12-04 21:00:00,27665.0
2014-12-04 22:00:00,24396.0
2014-12-04 23:00:00,19783.0
2014-12-05 00:00:00,14792.0
2014-12-05 01:00:00,12245.0
2014-12-05 02:00:00,11808.0
2014-12-05 03:00:00,11011.0
2014-12-05 04:00:00,12195.0
2014-12-05 05:00:00,14036.0
2014-12-05 06:00:00,16179.0
2014-12-05 07:00:00,16910.0
2014-12-05 08:00:00,18600.0
2014-12-05 09:00:00,25330.0
2014-12-05 10:00:00,25867.0
2014-12-05 11:00:00,25472.0
2014-12-05 12:00:00,25800.0
2014-12-05 13:00:00,26178.0
2014-12-05 14:00:00,26086.0
2014-12-05 15:00:00,25927.0
2014-12-05 16:00:00,26565.0
2014-12-05 17:00:00,28211.0
2014-12-05 18:00:00,28414.0
2014-12-05 19:00:00,28565.0
2014-12-05 20:00:00,28372.0
2014-12-05 21:00:00,27009.0
2014-12-05 22:00:00,24876.0
2014-12-05 23:00:00,23161.0
2014-12-06 00:00:00,18060.0
2014-12-06 01:00:00,13413.0
2014-12-06 02:00:00,13035.0
2014-12-06 03:00:00,13027.0
2014-12-06 04:00:00,13287.0
2014-12-06 05:00:00,13649.0
2014-12-06 06:00:00,15069.0
2014-12-06 07:00:00,16599.0
2014-12-06 08:00:00,18220.0
2014-12-06 09:00:00,24053.0
2014-12-06 10:00:00,25506.0
2014-12-06 11:00:00,25454.0
2014-12-06 12:00:00,25338.0
2014-12-06 13:00:00,25070.0
2014-12-06 14:00:00,24809.0
2014-12-06 15:00:00,25305.0
2014-12-06 16:00:00,25741.0
2014-12-06 17:00:00,27010.0
2014-12-06 18:00:00,27640.0
2014-12-06 19:00:00,27766.0
2014-12-06 20:00:00,27994.0
2014-12-06 21:00:00,26885.0
2014-12-06 22:00:00,24170.0
2014-12-06 23:00:00,23581.0
2014-12-07 00:00:00,18061.0
2014-12-07 01:00:00,14246.0
2014-12-07 02:00:00,14061.0
2014-12-07 03:00:00,13582.0
2014-12-07 04:00:00,14657.0
2014-12-07 05:00:00,15414.0
2014-12-07 06:00:00,16414.0
2014-12-07 07:00:00,17060.0
2014-12-07 08:00:00,18901.0
2014-12-07 09:00:00,22917.0
2014-12-07 10:00:00,23060.0
2014-12-07 11:00:00,23683.0
2014-12-07 12:00:00,23666.0
2014-12-07 13:00:00,23809.0
2014-12-07 14:00:00,24270.0
2014-12-07 15:00:00,23389.0
2014-12-07 16:00:00,24767.0
2014-12-07 17:00:00,25952.0
2014-12-07 18:00:00,26448.0
2014-12-07 19:00:00,26868.0
2014-12-07 20:00:00,26506.0
2014-12-07 21:00:00,25414.0
2014-12-07 22:00:00,23582.0
2014-12-07 23:00:00,18573.0
2014-12-08 00:00:00,14414.0
2014-12-08 01:00:00,11968.0
2014-12-08 02:00:00,11549.0
2014-12-08 03:00:00,11044.0
2014-12-08 04:00:00,12515.0
2014-12-08 05:00:00,13625.0
2014-12-08 06:00:00,14531.0
2014-12-08 07:00:00,15129.0
2014-12-08 08:00:00,16657.0
2014-12-08 09:00:00,21759.0
2014-12-08 10:00:00,22246.0
2014-12-08 11:00:00,23237.0
2014-12-08 12:00:00,23985.0
2014-12-08 13:00:00,24665.0
2014-12-08 14:00:00,24069.0
2014-12-08 15:00:00,24314.0
2014-12-08 16:00:00,24750.0
2014-12-08 17:00:00,26237.0
2014-12-08 18:00:00,27606.0
2014-12-08 19:00:00,28305.0
2014-12-08 20:00:00,28187.0
2014-12-08 21:00:00,27119.0
2014-12-08 22:00:00,24279.0
2014-12-08 23:00:00,19287.0
2014-12-09 00:00:00,15128.0
2014-12-09 01:00:00,12145.0
2014-12-09 02:00:00,11640.0
2014-12-09 03:00:00,11422.0
2014-12-09 04:00:00,12414.0
2014-12-09 05:00:00,13926.0
2014-12-09 06:00:00,15565.0
2014-12-09 07:00:00,16490.0
2014-12-09 08:00:00,18028.0
2014-12-09 09:00:00,25188.0
2014-12-09 10:00:00,24725.0
2014-12-09 11:00:00,24498.0
2014-12-09 12:00:00,25271.0
2014-12-09 13:00:00,25423.0
2014-12-09 14:00:00,25708.0
2014-12-09 15:00:00,26144.0
2014-12-09 16:00:00,26414.0
2014-12-09 17:00:00,27439.0
2014-12-09 18:00:00,27507.0
2014-12-09 19:00:00,27220.0
2014-12-09 20:00:00,27683.0
2014-12-09 21:00:00,26766.0
2014-12-09 22:00:00,24128.0
2014-12-09 23:00:00,19288.0
2014-12-10 00:00:00,15087.0
2014-12-10 01:00:00,11439.0
2014-12-10 02:00:00,10801.0
2014-12-10 03:00:00,10649.0
2014-12-10 04:00:00,11960.0
2014-12-10 05:00:00,13380.0
2014-12-10 06:00:00,15078.0
2014-12-10 07:00:00,15649.0
2014-12-10 08:00:00,17279.0
2014-12-10 09:00:00,23834.0
2014-12-10 10:00:00,24632.0
2014-12-10 11:00:00,25161.0
2014-12-10 12:00:00,25960.0
2014-12-10 13:00:00,25926.0
2014-12-10 14:00:00,26313.0
2014-12-10 15:00:00,26616.0
2014-12-10 16:00:00,27439.0
2014-12-10 17:00:00,28641.0
2014-12-10 18:00:00,27919.0
2014-12-10 19:00:00,27111.0
2014-12-10 20:00:00,27910.0
2014-12-10 21:00:00,26666.0
2014-12-10 22:00:00,24406.0
2014-12-10 23:00:00,19237.0
2014-12-11 00:00:00,15179.0
2014-12-11 01:00:00,13270.0
2014-12-11 02:00:00,12540.0
2014-12-11 03:00:00,12263.0
2014-12-11 04:00:00,12834.0
2014-12-11 05:00:00,13884.0
2014-12-11 06:00:00,15868.0
2014-12-11 07:00:00,16355.0
2014-12-11 08:00:00,17817.0
2014-12-11 09:00:00,24649.0
2014-12-11 10:00:00,24708.0
2014-12-11 11:00:00,25439.0
2014-12-11 12:00:00,26221.0
2014-12-11 13:00:00,25632.0
2014-12-11 14:00:00,26582.0
2014-12-11 15:00:00,27161.0
2014-12-11 16:00:00,28404.0
2014-12-11 17:00:00,29002.0
2014-12-11 18:00:00,28927.0
2014-12-11 19:00:00,28330.0
2014-12-11 20:00:00,28253.0
2014-12-11 21:00:00,27448.0
2014-12-11 22:00:00,24564.0
2014-12-11 23:00:00,19816.0
2014-12-12 00:00:00,15011.0
2014-12-12 01:00:00,12564.0
2014-12-12 02:00:00,11884.0
2014-12-12 03:00:00,11724.0
2014-12-12 04:00:00,12944.0
2014-12-12 05:00:00,14498.0
2014-12-12 06:00:00,16253.0
2014-12-12 07:00:00,17238.0
2014-12-12 08:00:00,18842.0
2014-12-12 09:00:00,25809.0
2014-12-12 10:00:00,27137.0
2014-12-12 11:00:00,26581.0
2014-12-12 12:00:00,26364.0
2014-12-12 13:00:00,26625.0
2014-12-12 14:00:00,26590.0
2014-12-12 15:00:00,26355.0
2014-12-12 16:00:00,26212.0
2014-12-12 17:00:00,27305.0
2014-12-12 18:00:00,28187.0
2014-12-12 19:00:00,28993.0
2014-12-12 20:00:00,28750.0
2014-12-12 21:00:00,27531.0
2014-12-12 22:00:00,24852.0
2014-12-12 23:00:00,23313.0
2014-12-13 00:00:00,18867.0
2014-12-13 01:00:00,15169.0
2014-12-13 02:00:00,14591.0
2014-12-13 03:00:00,14457.0
2014-12-13 04:00:00,14550.0
2014-12-13 05:00:00,15288.0
2014-12-13 06:00:00,17179.0
2014-12-13 07:00:00,16925.0
2014-12-13 08:00:00,18195.0
2014-12-13 09:00:00,25087.0
2014-12-13 10:00:00,25564.0
2014-12-13 11:00:00,24901.0
2014-12-13 12:00:00,24859.0
2014-12-13 13:00:00,25220.0
2014-12-13 14:00:00,24675.0
2014-12-13 15:00:00,24464.0
2014-12-13 16:00:00,24993.0
2014-12-13 17:00:00,26414.0
2014-12-13 18:00:00,27195.0
2014-12-13 19:00:00,27875.0
2014-12-13 20:00:00,28406.0
2014-12-13 21:00:00,27716.0
2014-12-13 22:00:00,25161.0
2014-12-13 23:00:00,23446.0
2014-12-14 00:00:00,18574.0
2014-12-14 01:00:00,13801.0
2014-12-14 02:00:00,13691.0
2014-12-14 03:00:00,13010.0
2014-12-14 04:00:00,13656.0
2014-12-14 05:00:00,14010.0
2014-12-14 06:00:00,15977.0
2014-12-14 07:00:00,16170.0
2014-12-14 08:00:00,17716.0
2014-12-14 09:00:00,23439.0
2014-12-14 10:00:00,24204.0
2014-12-14 11:00:00,24413.0
2014-12-14 12:00:00,24767.0
2014-12-14 13:00:00,24414.0
2014-12-14 14:00:00,24137.0
2014-12-14 15:00:00,23489.0
2014-12-14 16:00:00,24633.0
2014-12-14 17:00:00,25733.0
2014-12-14 18:00:00,26128.0
2014-12-14 19:00:00,26162.0
2014-12-14 20:00:00,26002.0
2014-12-14 21:00:00,25230.0
2014-12-14 22:00:00,23817.0
2014-12-14 23:00:00,19397.0
2014-12-15 00:00:00,14809.0
2014-12-15 01:00:00,13329.0
2014-12-15 02:00:00,12868.0
2014-12-15 03:00:00,12741.0
2014-12-15 04:00:00,13489.0
2014-12-15 05:00:00,13783.0
2014-12-15 06:00:00,15558.0
2014-12-15 07:00:00,15826.0
2014-12-15 08:00:00,18211.0
2014-12-15 09:00:00,25103.0
2014-12-15 10:00:00,25750.0
2014-12-15 11:00:00,26254.0
2014-12-15 12:00:00,25633.0
2014-12-15 13:00:00,26414.0
2014-12-15 14:00:00,26287.0
2014-12-15 15:00:00,26128.0
2014-12-15 16:00:00,26775.0
2014-12-15 17:00:00,27892.0
2014-12-15 18:00:00,28102.0
2014-12-15 19:00:00,28111.0
2014-12-15 20:00:00,28793.0
2014-12-15 21:00:00,27338.0
2014-12-15 22:00:00,25279.0
2014-12-15 23:00:00,20774.0
2014-12-16 00:00:00,15784.0
2014-12-16 01:00:00,14447.0
2014-12-16 02:00:00,13388.0
2014-12-16 03:00:00,13178.0
2014-12-16 04:00:00,14019.0
2014-12-16 05:00:00,15018.0
2014-12-16 06:00:00,16337.0
2014-12-16 07:00:00,17700.0
2014-12-16 08:00:00,19380.0
2014-12-16 09:00:00,26381.0
2014-12-16 10:00:00,26456.0
2014-12-16 11:00:00,26708.0
2014-12-16 12:00:00,26901.0
2014-12-16 13:00:00,27026.0
2014-12-16 14:00:00,26960.0
2014-12-16 15:00:00,26959.0
2014-12-16 16:00:00,26834.0
2014-12-16 17:00:00,28363.0
2014-12-16 18:00:00,28725.0
2014-12-16 19:00:00,29061.0
2014-12-16 20:00:00,28943.0
2014-12-16 21:00:00,27472.0
2014-12-16 22:00:00,25044.0
2014-12-16 23:00:00,20463.0
2014-12-17 00:00:00,16271.0
2014-12-17 01:00:00,14901.0
2014-12-17 02:00:00,14086.0
2014-12-17 03:00:00,14195.0
2014-12-17 04:00:00,14404.0
2014-12-17 05:00:00,15179.0
2014-12-17 06:00:00,16775.0
2014-12-17 07:00:00,16918.0
2014-12-17 08:00:00,18910.0
2014-12-17 09:00:00,25456.0
2014-12-17 10:00:00,26876.0
2014-12-17 11:00:00,26625.0
2014-12-17 12:00:00,26465.0
2014-12-17 13:00:00,26935.0
2014-12-17 14:00:00,26279.0
2014-12-17 15:00:00,25548.0
2014-12-17 16:00:00,26489.0
2014-12-17 17:00:00,27389.0
2014-12-17 18:00:00,28119.0
2014-12-17 19:00:00,28171.0
2014-12-17 20:00:00,28549.0
2014-12-17 21:00:00,27388.0
2014-12-17 22:00:00,24516.0
2014-12-17 23:00:00,19707.0
2014-12-18 00:00:00,14984.0
2014-12-18 01:00:00,13742.0
2014-12-18 02:00:00,13221.0
2014-12-18 03:00:00,12792.0
2014-12-18 04:00:00,13607.0
2014-12-18 05:00:00,14195.0
2014-12-18 06:00:00,16019.0
2014-12-18 07:00:00,16027.0
2014-12-18 08:00:00,17473.0
2014-12-18 09:00:00,23514.0
2014-12-18 10:00:00,24196.0
2014-12-18 11:00:00,24768.0
2014-12-18 12:00:00,24901.0
2014-12-18 13:00:00,24489.0
2014-12-18 14:00:00,24414.0
2014-12-18 15:00:00,24994.0
2014-12-18 16:00:00,25582.0
2014-12-18 17:00:00,26977.0
2014-12-18 18:00:00,27675.0
2014-12-18 19:00:00,28355.0
2014-12-18 20:00:00,28598.0
2014-12-18 21:00:00,27145.0
2014-12-18 22:00:00,24356.0
2014-12-18 23:00:00,19884.0
2014-12-19 00:00:00,15078.0
2014-12-19 01:00:00,12850.0
2014-12-19 02:00:00,12877.0
2014-12-19 03:00:00,12598.0
2014-12-19 04:00:00,12834.0
2014-12-19 05:00:00,13943.0
2014-12-19 06:00:00,16127.0
2014-12-19 07:00:00,16481.0
2014-12-19 08:00:00,18019.0
2014-12-19 09:00:00,24574.0
2014-12-19 10:00:00,25894.0
2014-12-19 11:00:00,25707.0
2014-12-19 12:00:00,25330.0
2014-12-19 13:00:00,25724.0
2014-12-19 14:00:00,25733.0
2014-12-19 15:00:00,25179.0
2014-12-19 16:00:00,25607.0
2014-12-19 17:00:00,27188.0
2014-12-19 18:00:00,27674.0
2014-12-19 19:00:00,27724.0
2014-12-19 20:00:00,28465.0
2014-12-19 21:00:00,27170.0
2014-12-19 22:00:00,24128.0
2014-12-19 23:00:00,22658.0
2014-12-20 00:00:00,17673.0
2014-12-20 01:00:00,13624.0
2014-12-20 02:00:00,13111.0
2014-12-20 03:00:00,13127.0
2014-12-20 04:00:00,13397.0
2014-12-20 05:00:00,14044.0
2014-12-20 06:00:00,16028.0
2014-12-20 07:00:00,16069.0
2014-12-20 08:00:00,17977.0
2014-12-20 09:00:00,24439.0
2014-12-20 10:00:00,25053.0
2014-12-20 11:00:00,25423.0
2014-12-20 12:00:00,25161.0
2014-12-20 13:00:00,25027.0
2014-12-20 14:00:00,25548.0
2014-12-20 15:00:00,25314.0
2014-12-20 16:00:00,25522.0
2014-12-20 17:00:00,27170.0
2014-12-20 18:00:00,28129.0
2014-12-20 19:00:00,28086.0
2014-12-20 20:00:00,28354.0
2014-12-20 21:00:00,27119.0
2014-12-20 22:00:00,23793.0
2014-12-20 23:00:00,23951.0
2014-12-21 00:00:00,19591.0
2014-12-21 01:00:00,14575.0
2014-12-21 02:00:00,14254.0
2014-12-21 03:00:00,13683.0
2014-12-21 04:00:00,14027.0
2014-12-21 05:00:00,15136.0
2014-12-21 06:00:00,16791.0
2014-12-21 07:00:00,16800.0
2014-12-21 08:00:00,17801.0
2014-12-21 09:00:00,23935.0
2014-12-21 10:00:00,24371.0
2014-12-21 11:00:00,25195.0
2014-12-21 12:00:00,24994.0
2014-12-21 13:00:00,25725.0
2014-12-21 14:00:00,25995.0
2014-12-21 15:00:00,25102.0
2014-12-21 16:00:00,25607.0
2014-12-21 17:00:00,26599.0
2014-12-21 18:00:00,27095.0
2014-12-21 19:00:00,26792.0
2014-12-21 20:00:00,27255.0
2014-12-21 21:00:00,26440.0
2014-12-21 22:00:00,24161.0
2014-12-21 23:00:00,22918.0
2014-12-22 00:00:00,17598.0
2014-12-22 01:00:00,14018.0
2014-12-22 02:00:00,14036.0
2014-12-22 03:00:00,13757.0
2014-12-22 04:00:00,13875.0
2014-12-22 05:00:00,14507.0
2014-12-22 06:00:00,16270.0
2014-12-22 07:00:00,16498.0
2014-12-22 08:00:00,19615.0
2014-12-22 09:00:00,25910.0
2014-12-22 10:00:00,26465.0
2014-12-22 11:00:00,26523.0
2014-12-22 12:00:00,27120.0
2014-12-22 13:00:00,27346.0
2014-12-22 14:00:00,26641.0
2014-12-22 15:00:00,26648.0
2014-12-22 16:00:00,26683.0
2014-12-22 17:00:00,27776.0
2014-12-22 18:00:00,28153.0
2014-12-22 19:00:00,27993.0
2014-12-22 20:00:00,27834.0
2014-12-22 21:00:00,26943.0
2014-12-22 22:00:00,25490.0
2014-12-22 23:00:00,24859.0
2014-12-23 00:00:00,18312.0
2014-12-23 01:00:00,14641.0
2014-12-23 02:00:00,14103.0
2014-12-23 03:00:00,14086.0
2014-12-23 04:00:00,14178.0
2014-12-23 05:00:00,15111.0
2014-12-23 06:00:00,16993.0
2014-12-23 07:00:00,16742.0
2014-12-23 08:00:00,18792.0
2014-12-23 09:00:00,26279.0
2014-12-23 10:00:00,27809.0
2014-12-23 11:00:00,27768.0
2014-12-23 12:00:00,27397.0
2014-12-23 13:00:00,28137.0
2014-12-23 14:00:00,27615.0
2014-12-23 15:00:00,27238.0
2014-12-23 16:00:00,27170.0
2014-12-23 17:00:00,28783.0
2014-12-23 18:00:00,28741.0
2014-12-23 19:00:00,28313.0
2014-12-23 20:00:00,28254.0
2014-12-23 21:00:00,28019.0
2014-12-23 22:00:00,25708.0
2014-12-23 23:00:00,24842.0
2014-12-24 00:00:00,20102.0
2014-12-24 01:00:00,16984.0
2014-12-24 02:00:00,16246.0
2014-12-24 03:00:00,15607.0
2014-12-24 04:00:00,15859.0
2014-12-24 05:00:00,17162.0
2014-12-24 06:00:00,18078.0
2014-12-24 07:00:00,18087.0
2014-12-24 08:00:00,18910.0
2014-12-24 09:00:00,25456.0
2014-12-24 10:00:00,26876.0
2014-12-24 11:00:00,26625.0
2014-12-24 12:00:00,26465.0
2014-12-24 13:00:00,26935.0
2014-12-24 14:00:00,26279.0
2014-12-24 15:00:00,25548.0
2014-12-24 16:00:00,26489.0
2014-12-24 17:00:00,27389.0
2014-12-24 18:00:00,28119.0
2014-12-24 19:00:00,28171.0
2014-12-24 20:00:00,28549.0
2014-12-24 21:00:00,27388.0
2014-12-24 22:00:00,24516.0
2014-12-24 23:00:00,19707.0
2014-12-25 00:00:00,14019.0
2014-12-25 01:00:00,12758.0
2014-12-25 02:00:00,13044.0
2014-12-25 03:00:00,12566.0
2014-12-25 04:00:00,12792.0
2014-12-25 05:00:00,12556.0
2014-12-25 06:00:00,12691.0
2014-12-25 07:00:00,12212.0
2014-12-25 08:00:00,12095.0
2014-12-25 09:00:00,11766.0
2014-12-25 10:00:00,11666.0
2014-12-25 11:00:00,11843.0
2014-12-25 12:00:00,12717.0
2014-12-25 13:00:00,13196.0
2014-12-25 14:00:00,13784.0
2014-12-25 15:00:00,13674.0
2014-12-25 16:00:00,13499.0
2014-12-25 17:00:00,14515.0
2014-12-25 18:00:00,14751.0
2014-12-25 19:00:00,15279.0
2014-12-25 20:00:00,15229.0
2014-12-25 21:00:00,14741.0
2014-12-25 22:00:00,14758.0
2014-12-25 23:00:00,14397.0
2014-12-26 00:00:00,14221.0
2014-12-26 01:00:00,12850.0
2014-12-26 02:00:00,12877.0
2014-12-26 03:00:00,12598.0
2014-12-26 04:00:00,12834.0
2014-12-26 05:00:00,13943.0
2014-12-26 06:00:00,16127.0
2014-12-26 07:00:00,16481.0
2014-12-26 08:00:00,18019.0
2014-12-26 09:00:00,24574.0
2014-12-26 10:00:00,25894.0
2014-12-26 11:00:00,25707.0
2014-12-26 12:00:00,25330.0
2014-12-26 13:00:00,25724.0
2014-12-26 14:00:00,25733.0
2014-12-26 15:00:00,25179.0
2014-12-26 16:00:00,25607.0
2014-12-26 17:00:00,27188.0
2014-12-26 18:00:00,27674.0
2014-12-26 19:00:00,27724.0
2014-12-26 20:00:00,28465.0
2014-12-26 21:00:00,27170.0
2014-12-26 22:00:00,24128.0
2014-12-26 23:00:00,22658.0
2014-12-27 00:00:00,18118.0
2014-12-27 01:00:00,14901.0
2014-12-27 02:00:00,14497.0
2014-12-27 03:00:00,14212.0
2014-12-27 04:00:00,14768.0
2014-12-27 05:00:00,14809.0
2014-12-27 06:00:00,16161.0
2014-12-27 07:00:00,16355.0
2014-12-27 08:00:00,18607.0
2014-12-27 09:00:00,24204.0
2014-12-27 10:00:00,24758.0
2014-12-27 11:00:00,25506.0
2014-12-27 12:00:00,26086.0
2014-12-27 13:00:00,26867.0
2014-12-27 14:00:00,26658.0
2014-12-27 15:00:00,26035.0
2014-12-27 16:00:00,26204.0
2014-12-27 17:00:00,28146.0
2014-12-27 18:00:00,28036.0
2014-12-27 19:00:00,27691.0
2014-12-27 20:00:00,27750.0
2014-12-27 21:00:00,27313.0
2014-12-27 22:00:00,25145.0
2014-12-27 23:00:00,24943.0
2014-12-28 00:00:00,20153.0
2014-12-28 01:00:00,16136.0
2014-12-28 02:00:00,15800.0
2014-12-28 03:00:00,15413.0
2014-12-28 04:00:00,15750.0
2014-12-28 05:00:00,15801.0
2014-12-28 06:00:00,17413.0
2014-12-28 07:00:00,18212.0
2014-12-28 08:00:00,20044.0
2014-12-28 09:00:00,26010.0
2014-12-28 10:00:00,26574.0
2014-12-28 11:00:00,26884.0
2014-12-28 12:00:00,27060.0
2014-12-28 13:00:00,26708.0
2014-12-28 14:00:00,25750.0
2014-12-28 15:00:00,24851.0
2014-12-28 16:00:00,25246.0
2014-12-28 17:00:00,26255.0
2014-12-28 18:00:00,26951.0
2014-12-28 19:00:00,27548.0
2014-12-28 20:00:00,27675.0
2014-12-28 21:00:00,27178.0
2014-12-28 22:00:00,24935.0
2014-12-28 23:00:00,19725.0
2014-12-29 00:00:00,16061.0
2014-12-29 01:00:00,14279.0
2014-12-29 02:00:00,13716.0
2014-12-29 03:00:00,13539.0
2014-12-29 04:00:00,13658.0
2014-12-29 05:00:00,13985.0
2014-12-29 06:00:00,16001.0
2014-12-29 07:00:00,16792.0
2014-12-29 08:00:00,17220.0
2014-12-29 09:00:00,25001.0
2014-12-29 10:00:00,26161.0
2014-12-29 11:00:00,26574.0
2014-12-29 12:00:00,26474.0
2014-12-29 13:00:00,26867.0
2014-12-29 14:00:00,27019.0
2014-12-29 15:00:00,26405.0
2014-12-29 16:00:00,27481.0
2014-12-29 17:00:00,27759.0
2014-12-29 18:00:00,28187.0
2014-12-29 19:00:00,27254.0
2014-12-29 20:00:00,27414.0
2014-12-29 21:00:00,26254.0
2014-12-29 22:00:00,24413.0
2014-12-29 23:00:00,21910.0
2014-12-30 00:00:00,16187.0
2014-12-30 01:00:00,13901.0
2014-12-30 02:00:00,13766.0
2014-12-30 03:00:00,13515.0
2014-12-30 04:00:00,13715.0
2014-12-30 05:00:00,13968.0
2014-12-30 06:00:00,15944.0
2014-12-30 07:00:00,16364.0
2014-12-30 08:00:00,21086.0
2014-12-30 09:00:00,25296.0
2014-12-30 10:00:00,26835.0
2014-12-30 11:00:00,28371.0
2014-12-30 12:00:00,28465.0
2014-12-30 13:00:00,24893.0
2014-12-30 14:00:00,28708.0
2014-12-30 15:00:00,27867.0
2014-12-30 16:00:00,27818.0
2014-12-30 17:00:00,28741.0
2014-12-30 18:00:00,28658.0
2014-12-30 19:00:00,28170.0
2014-12-30 20:00:00,27431.0
2014-12-30 21:00:00,27094.0
2014-12-30 22:00:00,24994.0
2014-12-30 23:00:00,22296.0
2014-12-31 00:00:00,17700.0
2014-12-31 01:00:00,15497.0
2014-12-31 02:00:00,14860.0
2014-12-31 03:00:00,14448.0
2014-12-31 04:00:00,13565.0
2014-12-31 05:00:00,14709.0
2014-12-31 06:00:00,17364.0
2014-12-31 07:00:00,18270.0
2014-12-31 08:00:00,22381.0
2014-12-31 09:00:00,24834.0
2014-12-31 10:00:00,26061.0
2014-12-31 11:00:00,26876.0
2014-12-31 12:00:00,27280.0
2014-12-31 13:00:00,28061.0
2014-12-31 14:00:00,27793.0
2014-12-31 15:00:00,27675.0
2014-12-31 16:00:00,27154.0
2014-12-31 17:00:00,26724.0
2014-12-31 18:00:00,26867.0
2014-12-31 19:00:00,20650.0
2014-12-31 20:00:00,13598.0
2014-12-31 21:00:00,12380.0
2014-12-31 22:00:00,12020.0
2014-12-31 23:00:00,11556.0
