datetime,target
2012-01-01 00:00:00,5040.0
2012-01-01 01:00:00,5091.0
2012-01-01 02:00:00,4913.0
2012-01-01 03:00:00,4571.0
2012-01-01 04:00:00,4812.0
2012-01-01 05:00:00,4698.0
2012-01-01 06:00:00,4850.0
2012-01-01 07:00:00,5141.0
2012-01-01 08:00:00,5116.0
2012-01-01 09:00:00,6002.0
2012-01-01 10:00:00,5825.0
2012-01-01 11:00:00,5699.0
2012-01-01 12:00:00,5711.0
2012-01-01 13:00:00,6077.0
2012-01-01 14:00:00,5951.0
2012-01-01 15:00:00,5737.0
2012-01-01 16:00:00,5875.0
2012-01-01 17:00:00,5711.0
2012-01-01 18:00:00,6116.0
2012-01-01 19:00:00,6292.0
2012-01-01 20:00:00,6040.0
2012-01-01 21:00:00,5901.0
2012-01-01 22:00:00,5281.0
2012-01-01 23:00:00,4787.0
2012-01-02 00:00:00,4938.0
2012-01-02 01:00:00,5129.0
2012-01-02 02:00:00,4698.0
2012-01-02 03:00:00,4585.0
2012-01-02 04:00:00,4723.0
2012-01-02 05:00:00,5104.0
2012-01-02 06:00:00,10028.0
2012-01-02 07:00:00,10280.0
2012-01-02 08:00:00,11496.0
2012-01-02 09:00:00,16394.0
2012-01-02 10:00:00,16685.0
2012-01-02 11:00:00,16254.0
2012-01-02 12:00:00,16255.0
2012-01-02 13:00:00,16255.0
2012-01-02 14:00:00,16319.0
2012-01-02 15:00:00,15535.0
2012-01-02 16:00:00,16040.0
2012-01-02 17:00:00,16660.0
2012-01-02 18:00:00,17192.0
2012-01-02 19:00:00,16799.0
2012-01-02 20:00:00,15153.0
2012-01-02 21:00:00,13256.0
2012-01-02 22:00:00,10357.0
2012-01-02 23:00:00,5268.0
2012-01-03 00:00:00,5040.0
2012-01-03 01:00:00,5078.0
2012-01-03 02:00:00,4774.0
2012-01-03 03:00:00,4558.0
2012-01-03 04:00:00,4558.0
2012-01-03 05:00:00,5141.0
2012-01-03 06:00:00,9193.0
2012-01-03 07:00:00,9977.0
2012-01-03 08:00:00,10774.0
2012-01-03 09:00:00,14331.0
2012-01-03 10:00:00,15242.0
2012-01-03 11:00:00,15002.0
2012-01-03 12:00:00,14825.0
2012-01-03 13:00:00,14078.0
2012-01-03 14:00:00,14293.0
2012-01-03 15:00:00,13243.0
2012-01-03 16:00:00,13786.0
2012-01-03 17:00:00,15192.0
2012-01-03 18:00:00,15343.0
2012-01-03 19:00:00,15774.0
2012-01-03 20:00:00,14520.0
2012-01-03 21:00:00,13634.0
2012-01-03 22:00:00,9940.0
2012-01-03 23:00:00,4799.0
2012-01-04 00:00:00,4799.0
2012-01-04 01:00:00,4723.0
2012-01-04 02:00:00,4458.0
2012-01-04 03:00:00,4268.0
2012-01-04 04:00:00,4331.0
2012-01-04 05:00:00,4711.0
2012-01-04 06:00:00,9559.0
2012-01-04 07:00:00,9698.0
2012-01-04 08:00:00,9940.0
2012-01-04 09:00:00,13787.0
2012-01-04 10:00:00,14205.0
2012-01-04 11:00:00,14090.0
2012-01-04 12:00:00,14710.0
2012-01-04 13:00:00,13799.0
2012-01-04 14:00:00,13028.0
2012-01-04 15:00:00,13597.0
2012-01-04 16:00:00,14735.0
2012-01-04 17:00:00,14395.0
2012-01-04 18:00:00,16622.0
2012-01-04 19:00:00,16204.0
2012-01-04 20:00:00,15293.0
2012-01-04 21:00:00,13648.0
2012-01-04 22:00:00,11015.0
2012-01-04 23:00:00,5192.0
2012-01-05 00:00:00,4812.0
2012-01-05 01:00:00,4913.0
2012-01-05 02:00:00,4622.0
2012-01-05 03:00:00,4355.0
2012-01-05 04:00:00,4521.0
2012-01-05 05:00:00,4862.0
2012-01-05 06:00:00,9889.0
2012-01-05 07:00:00,9306.0
2012-01-05 08:00:00,10154.0
2012-01-05 09:00:00,14242.0
2012-01-05 10:00:00,14685.0
2012-01-05 11:00:00,14748.0
2012-01-05 12:00:00,13888.0
2012-01-05 13:00:00,15926.0
2012-01-05 14:00:00,14319.0
2012-01-05 15:00:00,13978.0
2012-01-05 16:00:00,14736.0
2012-01-05 17:00:00,15040.0
2012-01-05 18:00:00,15775.0
2012-01-05 19:00:00,17066.0
2012-01-05 20:00:00,15572.0
2012-01-05 21:00:00,13166.0
2012-01-05 22:00:00,9255.0
2012-01-05 23:00:00,5103.0
2012-01-06 00:00:00,5002.0
2012-01-06 01:00:00,4938.0
2012-01-06 02:00:00,4661.0
2012-01-06 03:00:00,4369.0
2012-01-06 04:00:00,4572.0
2012-01-06 05:00:00,4989.0
2012-01-06 06:00:00,9407.0
2012-01-06 07:00:00,9914.0
2012-01-06 08:00:00,10331.0
2012-01-06 09:00:00,13938.0
2012-01-06 10:00:00,14558.0
2012-01-06 11:00:00,15129.0
2012-01-06 12:00:00,14976.0
2012-01-06 13:00:00,14522.0
2012-01-06 14:00:00,14395.0
2012-01-06 15:00:00,13014.0
2012-01-06 16:00:00,13559.0
2012-01-06 17:00:00,14445.0
2012-01-06 18:00:00,17039.0
2012-01-06 19:00:00,16762.0
2012-01-06 20:00:00,14710.0
2012-01-06 21:00:00,12622.0
2012-01-06 22:00:00,9533.0
2012-01-06 23:00:00,5230.0
2012-01-07 00:00:00,4787.0
2012-01-07 01:00:00,4799.0
2012-01-07 02:00:00,4609.0
2012-01-07 03:00:00,4217.0
2012-01-07 04:00:00,4381.0
2012-01-07 05:00:00,4736.0
2012-01-07 06:00:00,9306.0
2012-01-07 07:00:00,9623.0
2012-01-07 08:00:00,10357.0
2012-01-07 09:00:00,13736.0
2012-01-07 10:00:00,13989.0
2012-01-07 11:00:00,15052.0
2012-01-07 12:00:00,14596.0
2012-01-07 13:00:00,14432.0
2012-01-07 14:00:00,14863.0
2012-01-07 15:00:00,14267.0
2012-01-07 16:00:00,16179.0
2012-01-07 17:00:00,16002.0
2012-01-07 18:00:00,16381.0
2012-01-07 19:00:00,16370.0
2012-01-07 20:00:00,14901.0
2012-01-07 21:00:00,13939.0
2012-01-07 22:00:00,10141.0
2012-01-07 23:00:00,5420.0
2012-01-08 00:00:00,4990.0
2012-01-08 01:00:00,5015.0
2012-01-08 02:00:00,4546.0
2012-01-08 03:00:00,4408.0
2012-01-08 04:00:00,4419.0
2012-01-08 05:00:00,4850.0
2012-01-08 06:00:00,9218.0
2012-01-08 07:00:00,9775.0
2012-01-08 08:00:00,11383.0
2012-01-08 09:00:00,12332.0
2012-01-08 10:00:00,12888.0
2012-01-08 11:00:00,13381.0
2012-01-08 12:00:00,13572.0
2012-01-08 13:00:00,14686.0
2012-01-08 14:00:00,13762.0
2012-01-08 15:00:00,13546.0
2012-01-08 16:00:00,13204.0
2012-01-08 17:00:00,14609.0
2012-01-08 18:00:00,14077.0
2012-01-08 19:00:00,14749.0
2012-01-08 20:00:00,13140.0
2012-01-08 21:00:00,12699.0
2012-01-08 22:00:00,10103.0
2012-01-08 23:00:00,4901.0
2012-01-09 00:00:00,4685.0
2012-01-09 01:00:00,4850.0
2012-01-09 02:00:00,4495.0
2012-01-09 03:00:00,4318.0
2012-01-09 04:00:00,4268.0
2012-01-09 05:00:00,4799.0
2012-01-09 06:00:00,8522.0
2012-01-09 07:00:00,9104.0
2012-01-09 08:00:00,9712.0
2012-01-09 09:00:00,13585.0
2012-01-09 10:00:00,12988.0
2012-01-09 11:00:00,14027.0
2012-01-09 12:00:00,14381.0
2012-01-09 13:00:00,14963.0
2012-01-09 14:00:00,14432.0
2012-01-09 15:00:00,13053.0
2012-01-09 16:00:00,13406.0
2012-01-09 17:00:00,14370.0
2012-01-09 18:00:00,15977.0
2012-01-09 19:00:00,15571.0
2012-01-09 20:00:00,14838.0
2012-01-09 21:00:00,13446.0
2012-01-09 22:00:00,9496.0
2012-01-09 23:00:00,4939.0
2012-01-10 00:00:00,4748.0
2012-01-10 01:00:00,4863.0
2012-01-10 02:00:00,4507.0
2012-01-10 03:00:00,4406.0
2012-01-10 04:00:00,4509.0
2012-01-10 05:00:00,4990.0
2012-01-10 06:00:00,9888.0
2012-01-10 07:00:00,9672.0
2012-01-10 08:00:00,10395.0
2012-01-10 09:00:00,13761.0
2012-01-10 10:00:00,13243.0
2012-01-10 11:00:00,14041.0
2012-01-10 12:00:00,14838.0
2012-01-10 13:00:00,13951.0
2012-01-10 14:00:00,13686.0
2012-01-10 15:00:00,13065.0
2012-01-10 16:00:00,13078.0
2012-01-10 17:00:00,15154.0
2012-01-10 18:00:00,16356.0
2012-01-10 19:00:00,15951.0
2012-01-10 20:00:00,14849.0
2012-01-10 21:00:00,13179.0
2012-01-10 22:00:00,9812.0
2012-01-10 23:00:00,5028.0
2012-01-11 00:00:00,4786.0
2012-01-11 01:00:00,4812.0
2012-01-11 02:00:00,4520.0
2012-01-11 03:00:00,4432.0
2012-01-11 04:00:00,4521.0
2012-01-11 05:00:00,5002.0
2012-01-11 06:00:00,9103.0
2012-01-11 07:00:00,9988.0
2012-01-11 08:00:00,10926.0
2012-01-11 09:00:00,13913.0
2012-01-11 10:00:00,13926.0
2012-01-11 11:00:00,14445.0
2012-01-11 12:00:00,14710.0
2012-01-11 13:00:00,13990.0
2012-01-11 14:00:00,13534.0
2012-01-11 15:00:00,13623.0
2012-01-11 16:00:00,13483.0
2012-01-11 17:00:00,14496.0
2012-01-11 18:00:00,15572.0
2012-01-11 19:00:00,15597.0
2012-01-11 20:00:00,14951.0
2012-01-11 21:00:00,13192.0
2012-01-11 22:00:00,9571.0
2012-01-11 23:00:00,5014.0
2012-01-12 00:00:00,4736.0
2012-01-12 01:00:00,4913.0
2012-01-12 02:00:00,4533.0
2012-01-12 03:00:00,4407.0
2012-01-12 04:00:00,4496.0
2012-01-12 05:00:00,4965.0
2012-01-12 06:00:00,9875.0
2012-01-12 07:00:00,8850.0
2012-01-12 08:00:00,11749.0
2012-01-12 09:00:00,13180.0
2012-01-12 10:00:00,13672.0
2012-01-12 11:00:00,13510.0
2012-01-12 12:00:00,14395.0
2012-01-12 13:00:00,14773.0
2012-01-12 14:00:00,14216.0
2012-01-12 15:00:00,13053.0
2012-01-12 16:00:00,13281.0
2012-01-12 17:00:00,15103.0
2012-01-12 18:00:00,15850.0
2012-01-12 19:00:00,16787.0
2012-01-12 20:00:00,15053.0
2012-01-12 21:00:00,13559.0
2012-01-12 22:00:00,9584.0
2012-01-12 23:00:00,5343.0
2012-01-13 00:00:00,4964.0
2012-01-13 01:00:00,4863.0
2012-01-13 02:00:00,4800.0
2012-01-13 03:00:00,4457.0
2012-01-13 04:00:00,4571.0
2012-01-13 05:00:00,4951.0
2012-01-13 06:00:00,9546.0
2012-01-13 07:00:00,9736.0
2012-01-13 08:00:00,9750.0
2012-01-13 09:00:00,14167.0
2012-01-13 10:00:00,14053.0
2012-01-13 11:00:00,14040.0
2012-01-13 12:00:00,14001.0
2012-01-13 13:00:00,16255.0
2012-01-13 14:00:00,12901.0
2012-01-13 15:00:00,13115.0
2012-01-13 16:00:00,14293.0
2012-01-13 17:00:00,15963.0
2012-01-13 18:00:00,16495.0
2012-01-13 19:00:00,16407.0
2012-01-13 20:00:00,14672.0
2012-01-13 21:00:00,13229.0
2012-01-13 22:00:00,10977.0
2012-01-13 23:00:00,7597.0
2012-01-14 00:00:00,5027.0
2012-01-14 01:00:00,5103.0
2012-01-14 02:00:00,4584.0
2012-01-14 03:00:00,4483.0
2012-01-14 04:00:00,4483.0
2012-01-14 05:00:00,4875.0
2012-01-14 06:00:00,9407.0
2012-01-14 07:00:00,9205.0
2012-01-14 08:00:00,11192.0
2012-01-14 09:00:00,13838.0
2012-01-14 10:00:00,13787.0
2012-01-14 11:00:00,14711.0
2012-01-14 12:00:00,14685.0
2012-01-14 13:00:00,14293.0
2012-01-14 14:00:00,15509.0
2012-01-14 15:00:00,13914.0
2012-01-14 16:00:00,14205.0
2012-01-14 17:00:00,13977.0
2012-01-14 18:00:00,14369.0
2012-01-14 19:00:00,15419.0
2012-01-14 20:00:00,13077.0
2012-01-14 21:00:00,12571.0
2012-01-14 22:00:00,8812.0
2012-01-14 23:00:00,5331.0
2012-01-15 00:00:00,4736.0
2012-01-15 01:00:00,4888.0
2012-01-15 02:00:00,4508.0
2012-01-15 03:00:00,4432.0
2012-01-15 04:00:00,4407.0
2012-01-15 05:00:00,4838.0
2012-01-15 06:00:00,9395.0
2012-01-15 07:00:00,10153.0
2012-01-15 08:00:00,11712.0
2012-01-15 09:00:00,16040.0
2012-01-15 10:00:00,16699.0
2012-01-15 11:00:00,15622.0
2012-01-15 12:00:00,15647.0
2012-01-15 13:00:00,17179.0
2012-01-15 14:00:00,16154.0
2012-01-15 15:00:00,16015.0
2012-01-15 16:00:00,16382.0
2012-01-15 17:00:00,15535.0
2012-01-15 18:00:00,15116.0
2012-01-15 19:00:00,15470.0
2012-01-15 20:00:00,14382.0
2012-01-15 21:00:00,13939.0
2012-01-15 22:00:00,10179.0
2012-01-15 23:00:00,5066.0
2012-01-16 00:00:00,4724.0
2012-01-16 01:00:00,4799.0
2012-01-16 02:00:00,4407.0
2012-01-16 03:00:00,4293.0
2012-01-16 04:00:00,4494.0
2012-01-16 05:00:00,4343.0
2012-01-16 06:00:00,9471.0
2012-01-16 07:00:00,9597.0
2012-01-16 08:00:00,9990.0
2012-01-16 09:00:00,14293.0
2012-01-16 10:00:00,14230.0
2012-01-16 11:00:00,14331.0
2012-01-16 12:00:00,14432.0
2012-01-16 13:00:00,13471.0
2012-01-16 14:00:00,12939.0
2012-01-16 15:00:00,13078.0
2012-01-16 16:00:00,14167.0
2012-01-16 17:00:00,14736.0
2012-01-16 18:00:00,15357.0
2012-01-16 19:00:00,15307.0
2012-01-16 20:00:00,13673.0
2012-01-16 21:00:00,12243.0
2012-01-16 22:00:00,9723.0
2012-01-16 23:00:00,7002.0
2012-01-17 00:00:00,6572.0
2012-01-17 01:00:00,6015.0
2012-01-17 02:00:00,4495.0
2012-01-17 03:00:00,4267.0
2012-01-17 04:00:00,4166.0
2012-01-17 05:00:00,4609.0
2012-01-17 06:00:00,9559.0
2012-01-17 07:00:00,9572.0
2012-01-17 08:00:00,9875.0
2012-01-17 09:00:00,13344.0
2012-01-17 10:00:00,13775.0
2012-01-17 11:00:00,13445.0
2012-01-17 12:00:00,14294.0
2012-01-17 13:00:00,14255.0
2012-01-17 14:00:00,13471.0
2012-01-17 15:00:00,14622.0
2012-01-17 16:00:00,13116.0
2012-01-17 17:00:00,13749.0
2012-01-17 18:00:00,14912.0
2012-01-17 19:00:00,15153.0
2012-01-17 20:00:00,14078.0
2012-01-17 21:00:00,12660.0
2012-01-17 22:00:00,10433.0
2012-01-17 23:00:00,5369.0
2012-01-18 00:00:00,4951.0
2012-01-18 01:00:00,5015.0
2012-01-18 02:00:00,4812.0
2012-01-18 03:00:00,4647.0
2012-01-18 04:00:00,4736.0
2012-01-18 05:00:00,4990.0
2012-01-18 06:00:00,9635.0
2012-01-18 07:00:00,9786.0
2012-01-18 08:00:00,11116.0
2012-01-18 09:00:00,13470.0
2012-01-18 10:00:00,12774.0
2012-01-18 11:00:00,14054.0
2012-01-18 12:00:00,14875.0
2012-01-18 13:00:00,14154.0
2012-01-18 14:00:00,13395.0
2012-01-18 15:00:00,12647.0
2012-01-18 16:00:00,12926.0
2012-01-18 17:00:00,13837.0
2012-01-18 18:00:00,15635.0
2012-01-18 19:00:00,15636.0
2012-01-18 20:00:00,13711.0
2012-01-18 21:00:00,12521.0
2012-01-18 22:00:00,8976.0
2012-01-18 23:00:00,4988.0
2012-01-19 00:00:00,4825.0
2012-01-19 01:00:00,4888.0
2012-01-19 02:00:00,4482.0
2012-01-19 03:00:00,4407.0
2012-01-19 04:00:00,4380.0
2012-01-19 05:00:00,4951.0
2012-01-19 06:00:00,9521.0
2012-01-19 07:00:00,9824.0
2012-01-19 08:00:00,8116.0
2012-01-19 09:00:00,13090.0
2012-01-19 10:00:00,13672.0
2012-01-19 11:00:00,14041.0
2012-01-19 12:00:00,14015.0
2012-01-19 13:00:00,15090.0
2012-01-19 14:00:00,13990.0
2012-01-19 15:00:00,12977.0
2012-01-19 16:00:00,12736.0
2012-01-19 17:00:00,14609.0
2012-01-19 18:00:00,15408.0
2012-01-19 19:00:00,16116.0
2012-01-19 20:00:00,15014.0
2012-01-19 21:00:00,13508.0
2012-01-19 22:00:00,9876.0
2012-01-19 23:00:00,5243.0
2012-01-20 00:00:00,5117.0
2012-01-20 01:00:00,5217.0
2012-01-20 02:00:00,4939.0
2012-01-20 03:00:00,4876.0
2012-01-20 04:00:00,4787.0
2012-01-20 05:00:00,4875.0
2012-01-20 06:00:00,9799.0
2012-01-20 07:00:00,9610.0
2012-01-20 08:00:00,9672.0
2012-01-20 09:00:00,12875.0
2012-01-20 10:00:00,13710.0
2012-01-20 11:00:00,14168.0
2012-01-20 12:00:00,15267.0
2012-01-20 13:00:00,13648.0
2012-01-20 14:00:00,13723.0
2012-01-20 15:00:00,13407.0
2012-01-20 16:00:00,13230.0
2012-01-20 17:00:00,14914.0
2012-01-20 18:00:00,15244.0
2012-01-20 19:00:00,15280.0
2012-01-20 20:00:00,13763.0
2012-01-20 21:00:00,11787.0
2012-01-20 22:00:00,9534.0
2012-01-20 23:00:00,5433.0
2012-01-21 00:00:00,5027.0
2012-01-21 01:00:00,4888.0
2012-01-21 02:00:00,4559.0
2012-01-21 03:00:00,4382.0
2012-01-21 04:00:00,4521.0
2012-01-21 05:00:00,4850.0
2012-01-21 06:00:00,8926.0
2012-01-21 07:00:00,10141.0
2012-01-21 08:00:00,10140.0
2012-01-21 09:00:00,13711.0
2012-01-21 10:00:00,14141.0
2012-01-21 11:00:00,14318.0
2012-01-21 12:00:00,14698.0
2012-01-21 13:00:00,14748.0
2012-01-21 14:00:00,13774.0
2012-01-21 15:00:00,12927.0
2012-01-21 16:00:00,13939.0
2012-01-21 17:00:00,12889.0
2012-01-21 18:00:00,14053.0
2012-01-21 19:00:00,14230.0
2012-01-21 20:00:00,12634.0
2012-01-21 21:00:00,11471.0
2012-01-21 22:00:00,9394.0
2012-01-21 23:00:00,5483.0
2012-01-22 00:00:00,5066.0
2012-01-22 01:00:00,4862.0
2012-01-22 02:00:00,4698.0
2012-01-22 03:00:00,4533.0
2012-01-22 04:00:00,4571.0
2012-01-22 05:00:00,5141.0
2012-01-22 06:00:00,9686.0
2012-01-22 07:00:00,9306.0
2012-01-22 08:00:00,9635.0
2012-01-22 09:00:00,14394.0
2012-01-22 10:00:00,13066.0
2012-01-22 11:00:00,14141.0
2012-01-22 12:00:00,13482.0
2012-01-22 13:00:00,13319.0
2012-01-22 14:00:00,12876.0
2012-01-22 15:00:00,12824.0
2012-01-22 16:00:00,13584.0
2012-01-22 17:00:00,13141.0
2012-01-22 18:00:00,13483.0
2012-01-22 19:00:00,13483.0
2012-01-22 20:00:00,12192.0
2012-01-22 21:00:00,11648.0
2012-01-22 22:00:00,9901.0
2012-01-22 23:00:00,5420.0
2012-01-23 00:00:00,4977.0
2012-01-23 01:00:00,5103.0
2012-01-23 02:00:00,4724.0
2012-01-23 03:00:00,4482.0
2012-01-23 04:00:00,4534.0
2012-01-23 05:00:00,4837.0
2012-01-23 06:00:00,9686.0
2012-01-23 07:00:00,9343.0
2012-01-23 08:00:00,10028.0
2012-01-23 09:00:00,14230.0
2012-01-23 10:00:00,14559.0
2012-01-23 11:00:00,13509.0
2012-01-23 12:00:00,14217.0
2012-01-23 13:00:00,13799.0
2012-01-23 14:00:00,13851.0
2012-01-23 15:00:00,13572.0
2012-01-23 16:00:00,13345.0
2012-01-23 17:00:00,14319.0
2012-01-23 18:00:00,16521.0
2012-01-23 19:00:00,16609.0
2012-01-23 20:00:00,15559.0
2012-01-23 21:00:00,12622.0
2012-01-23 22:00:00,10446.0
2012-01-23 23:00:00,5584.0
2012-01-24 00:00:00,4888.0
2012-01-24 01:00:00,4951.0
2012-01-24 02:00:00,4736.0
2012-01-24 03:00:00,4444.0
2012-01-24 04:00:00,4508.0
2012-01-24 05:00:00,4951.0
2012-01-24 06:00:00,9938.0
2012-01-24 07:00:00,10267.0
2012-01-24 08:00:00,10115.0
2012-01-24 09:00:00,13964.0
2012-01-24 10:00:00,14306.0
2012-01-24 11:00:00,14597.0
2012-01-24 12:00:00,13508.0
2012-01-24 13:00:00,15091.0
2012-01-24 14:00:00,13699.0
2012-01-24 15:00:00,13268.0
2012-01-24 16:00:00,13395.0
2012-01-24 17:00:00,14229.0
2012-01-24 18:00:00,14484.0
2012-01-24 19:00:00,15242.0
2012-01-24 20:00:00,12508.0
2012-01-24 21:00:00,11774.0
2012-01-24 22:00:00,8445.0
2012-01-24 23:00:00,4989.0
2012-01-25 00:00:00,4724.0
2012-01-25 01:00:00,4862.0
2012-01-25 02:00:00,4572.0
2012-01-25 03:00:00,4369.0
2012-01-25 04:00:00,4547.0
2012-01-25 05:00:00,4938.0
2012-01-25 06:00:00,9091.0
2012-01-25 07:00:00,10509.0
2012-01-25 08:00:00,10825.0
2012-01-25 09:00:00,13509.0
2012-01-25 10:00:00,13369.0
2012-01-25 11:00:00,14343.0
2012-01-25 12:00:00,14370.0
2012-01-25 13:00:00,14407.0
2012-01-25 14:00:00,13408.0
2012-01-25 15:00:00,12849.0
2012-01-25 16:00:00,13077.0
2012-01-25 17:00:00,14572.0
2012-01-25 18:00:00,16547.0
2012-01-25 19:00:00,16178.0
2012-01-25 20:00:00,14142.0
2012-01-25 21:00:00,13837.0
2012-01-25 22:00:00,11268.0
2012-01-25 23:00:00,5306.0
2012-01-26 00:00:00,5167.0
2012-01-26 01:00:00,5040.0
2012-01-26 02:00:00,4989.0
2012-01-26 03:00:00,4723.0
2012-01-26 04:00:00,4837.0
2012-01-26 05:00:00,5116.0
2012-01-26 06:00:00,9547.0
2012-01-26 07:00:00,10192.0
2012-01-26 08:00:00,10154.0
2012-01-26 09:00:00,12926.0
2012-01-26 10:00:00,12774.0
2012-01-26 11:00:00,13850.0
2012-01-26 12:00:00,15788.0
2012-01-26 13:00:00,14598.0
2012-01-26 14:00:00,12951.0
2012-01-26 15:00:00,13180.0
2012-01-26 16:00:00,12926.0
2012-01-26 17:00:00,13711.0
2012-01-26 18:00:00,16318.0
2012-01-26 19:00:00,16103.0
2012-01-26 20:00:00,14862.0
2012-01-26 21:00:00,12989.0
2012-01-26 22:00:00,9293.0
2012-01-26 23:00:00,5015.0
2012-01-27 00:00:00,4812.0
2012-01-27 01:00:00,4812.0
2012-01-27 02:00:00,4572.0
2012-01-27 03:00:00,4406.0
2012-01-27 04:00:00,4495.0
2012-01-27 05:00:00,4622.0
2012-01-27 06:00:00,9419.0
2012-01-27 07:00:00,9445.0
2012-01-27 08:00:00,9648.0
2012-01-27 09:00:00,14269.0
2012-01-27 10:00:00,13697.0
2012-01-27 11:00:00,13826.0
2012-01-27 12:00:00,14761.0
2012-01-27 13:00:00,13623.0
2012-01-27 14:00:00,13319.0
2012-01-27 15:00:00,13167.0
2012-01-27 16:00:00,14217.0
2012-01-27 17:00:00,14851.0
2012-01-27 18:00:00,15674.0
2012-01-27 19:00:00,16179.0
2012-01-27 20:00:00,14900.0
2012-01-27 21:00:00,13370.0
2012-01-27 22:00:00,9470.0
2012-01-27 23:00:00,5484.0
2012-01-28 00:00:00,4876.0
2012-01-28 01:00:00,4850.0
2012-01-28 02:00:00,4610.0
2012-01-28 03:00:00,4419.0
2012-01-28 04:00:00,4419.0
2012-01-28 05:00:00,4800.0
2012-01-28 06:00:00,9534.0
2012-01-28 07:00:00,9673.0
2012-01-28 08:00:00,9964.0
2012-01-28 09:00:00,13978.0
2012-01-28 10:00:00,13914.0
2012-01-28 11:00:00,14344.0
2012-01-28 12:00:00,14685.0
2012-01-28 13:00:00,14711.0
2012-01-28 14:00:00,14078.0
2012-01-28 15:00:00,13154.0
2012-01-28 16:00:00,13370.0
2012-01-28 17:00:00,14660.0
2012-01-28 18:00:00,14560.0
2012-01-28 19:00:00,14610.0
2012-01-28 20:00:00,13622.0
2012-01-28 21:00:00,12597.0
2012-01-28 22:00:00,9913.0
2012-01-28 23:00:00,5698.0
2012-01-29 00:00:00,5281.0
2012-01-29 01:00:00,5116.0
2012-01-29 02:00:00,4951.0
2012-01-29 03:00:00,4672.0
2012-01-29 04:00:00,4774.0
2012-01-29 05:00:00,5306.0
2012-01-29 06:00:00,9825.0
2012-01-29 07:00:00,9875.0
2012-01-29 08:00:00,10280.0
2012-01-29 09:00:00,13559.0
2012-01-29 10:00:00,13902.0
2012-01-29 11:00:00,13546.0
2012-01-29 12:00:00,13571.0
2012-01-29 13:00:00,13989.0
2012-01-29 14:00:00,14736.0
2012-01-29 15:00:00,12762.0
2012-01-29 16:00:00,13293.0
2012-01-29 17:00:00,12749.0
2012-01-29 18:00:00,13344.0
2012-01-29 19:00:00,14496.0
2012-01-29 20:00:00,12723.0
2012-01-29 21:00:00,11762.0
2012-01-29 22:00:00,8888.0
2012-01-29 23:00:00,4698.0
2012-01-30 00:00:00,4482.0
2012-01-30 01:00:00,4495.0
2012-01-30 02:00:00,4508.0
2012-01-30 03:00:00,4192.0
2012-01-30 04:00:00,4293.0
2012-01-30 05:00:00,4761.0
2012-01-30 06:00:00,9293.0
2012-01-30 07:00:00,9166.0
2012-01-30 08:00:00,10522.0
2012-01-30 09:00:00,12723.0
2012-01-30 10:00:00,13217.0
2012-01-30 11:00:00,13812.0
2012-01-30 12:00:00,14205.0
2012-01-30 13:00:00,13255.0
2012-01-30 14:00:00,13154.0
2012-01-30 15:00:00,13243.0
2012-01-30 16:00:00,13053.0
2012-01-30 17:00:00,14875.0
2012-01-30 18:00:00,15636.0
2012-01-30 19:00:00,16014.0
2012-01-30 20:00:00,14635.0
2012-01-30 21:00:00,12584.0
2012-01-30 22:00:00,9761.0
2012-01-30 23:00:00,4685.0
2012-01-31 00:00:00,4609.0
2012-01-31 01:00:00,4533.0
2012-01-31 02:00:00,4357.0
2012-01-31 03:00:00,4305.0
2012-01-31 04:00:00,4254.0
2012-01-31 05:00:00,4863.0
2012-01-31 06:00:00,9420.0
2012-01-31 07:00:00,9383.0
2012-01-31 08:00:00,10888.0
2012-01-31 09:00:00,13155.0
2012-01-31 10:00:00,13483.0
2012-01-31 11:00:00,14862.0
2012-01-31 12:00:00,13850.0
2012-01-31 13:00:00,13495.0
2012-01-31 14:00:00,14154.0
2012-01-31 15:00:00,13104.0
2012-01-31 16:00:00,13710.0
2012-01-31 17:00:00,14661.0
2012-01-31 18:00:00,15712.0
2012-01-31 19:00:00,16116.0
2012-01-31 20:00:00,14343.0
2012-01-31 21:00:00,12660.0
2012-01-31 22:00:00,10116.0
2012-01-31 23:00:00,5116.0
2012-02-01 00:00:00,4876.0
2012-02-01 01:00:00,4940.0
2012-02-01 02:00:00,4774.0
2012-02-01 03:00:00,4469.0
2012-02-01 04:00:00,4521.0
2012-02-01 05:00:00,5028.0
2012-02-01 06:00:00,9837.0
2012-02-01 07:00:00,10053.0
2012-02-01 08:00:00,9912.0
2012-02-01 09:00:00,13635.0
2012-02-01 10:00:00,14015.0
2012-02-01 11:00:00,14674.0
2012-02-01 12:00:00,14356.0
2012-02-01 13:00:00,14078.0
2012-02-01 14:00:00,13698.0
2012-02-01 15:00:00,13167.0
2012-02-01 16:00:00,13318.0
2012-02-01 17:00:00,14243.0
2012-02-01 18:00:00,14774.0
2012-02-01 19:00:00,14483.0
2012-02-01 20:00:00,13673.0
2012-02-01 21:00:00,12344.0
2012-02-01 22:00:00,9407.0
2012-02-01 23:00:00,4850.0
2012-02-02 00:00:00,4736.0
2012-02-02 01:00:00,4951.0
2012-02-02 02:00:00,4546.0
2012-02-02 03:00:00,4305.0
2012-02-02 04:00:00,4229.0
2012-02-02 05:00:00,4748.0
2012-02-02 06:00:00,8660.0
2012-02-02 07:00:00,9685.0
2012-02-02 08:00:00,10432.0
2012-02-02 09:00:00,13761.0
2012-02-02 10:00:00,13648.0
2012-02-02 11:00:00,15343.0
2012-02-02 12:00:00,14660.0
2012-02-02 13:00:00,13103.0
2012-02-02 14:00:00,13129.0
2012-02-02 15:00:00,13141.0
2012-02-02 16:00:00,14407.0
2012-02-02 17:00:00,14534.0
2012-02-02 18:00:00,15711.0
2012-02-02 19:00:00,15927.0
2012-02-02 20:00:00,14572.0
2012-02-02 21:00:00,12824.0
2012-02-02 22:00:00,10179.0
2012-02-02 23:00:00,4900.0
2012-02-03 00:00:00,4811.0
2012-02-03 01:00:00,4964.0
2012-02-03 02:00:00,4458.0
2012-02-03 03:00:00,4167.0
2012-02-03 04:00:00,4205.0
2012-02-03 05:00:00,4825.0
2012-02-03 06:00:00,9281.0
2012-02-03 07:00:00,8939.0
2012-02-03 08:00:00,9585.0
2012-02-03 09:00:00,13876.0
2012-02-03 10:00:00,14546.0
2012-02-03 11:00:00,14268.0
2012-02-03 12:00:00,13724.0
2012-02-03 13:00:00,14141.0
2012-02-03 14:00:00,13052.0
2012-02-03 15:00:00,13078.0
2012-02-03 16:00:00,13888.0
2012-02-03 17:00:00,14457.0
2012-02-03 18:00:00,15736.0
2012-02-03 19:00:00,16053.0
2012-02-03 20:00:00,14281.0
2012-02-03 21:00:00,12824.0
2012-02-03 22:00:00,8761.0
2012-02-03 23:00:00,5040.0
2012-02-04 00:00:00,4469.0
2012-02-04 01:00:00,4533.0
2012-02-04 02:00:00,4053.0
2012-02-04 03:00:00,3901.0
2012-02-04 04:00:00,3926.0
2012-02-04 05:00:00,4636.0
2012-02-04 06:00:00,9027.0
2012-02-04 07:00:00,9471.0
2012-02-04 08:00:00,10255.0
2012-02-04 09:00:00,15129.0
2012-02-04 10:00:00,15027.0
2012-02-04 11:00:00,15763.0
2012-02-04 12:00:00,14889.0
2012-02-04 13:00:00,15661.0
2012-02-04 14:00:00,13850.0
2012-02-04 15:00:00,14496.0
2012-02-04 16:00:00,14659.0
2012-02-04 17:00:00,14635.0
2012-02-04 18:00:00,15623.0
2012-02-04 19:00:00,15407.0
2012-02-04 20:00:00,14306.0
2012-02-04 21:00:00,13205.0
2012-02-04 22:00:00,9420.0
2012-02-04 23:00:00,4926.0
2012-02-05 00:00:00,4508.0
2012-02-05 01:00:00,4508.0
2012-02-05 02:00:00,4229.0
2012-02-05 03:00:00,4040.0
2012-02-05 04:00:00,4065.0
2012-02-05 05:00:00,4446.0
2012-02-05 06:00:00,9141.0
2012-02-05 07:00:00,9407.0
2012-02-05 08:00:00,9900.0
2012-02-05 09:00:00,12661.0
2012-02-05 10:00:00,15319.0
2012-02-05 11:00:00,13926.0
2012-02-05 12:00:00,13610.0
2012-02-05 13:00:00,14432.0
2012-02-05 14:00:00,13951.0
2012-02-05 15:00:00,12623.0
2012-02-05 16:00:00,14268.0
2012-02-05 17:00:00,13331.0
2012-02-05 18:00:00,15800.0
2012-02-05 19:00:00,16166.0
2012-02-05 20:00:00,14154.0
2012-02-05 21:00:00,12900.0
2012-02-05 22:00:00,9268.0
2012-02-05 23:00:00,4723.0
2012-02-06 00:00:00,4268.0
2012-02-06 01:00:00,4432.0
2012-02-06 02:00:00,4243.0
2012-02-06 03:00:00,4053.0
2012-02-06 04:00:00,4115.0
2012-02-06 05:00:00,4610.0
2012-02-06 06:00:00,9268.0
2012-02-06 07:00:00,9648.0
2012-02-06 08:00:00,11065.0
2012-02-06 09:00:00,14103.0
2012-02-06 10:00:00,13394.0
2012-02-06 11:00:00,15129.0
2012-02-06 12:00:00,13851.0
2012-02-06 13:00:00,14736.0
2012-02-06 14:00:00,14596.0
2012-02-06 15:00:00,13509.0
2012-02-06 16:00:00,14471.0
2012-02-06 17:00:00,13445.0
2012-02-06 18:00:00,15027.0
2012-02-06 19:00:00,14900.0
2012-02-06 20:00:00,14204.0
2012-02-06 21:00:00,12711.0
2012-02-06 22:00:00,9483.0
2012-02-06 23:00:00,5787.0
2012-02-07 00:00:00,5433.0
2012-02-07 01:00:00,5028.0
2012-02-07 02:00:00,4559.0
2012-02-07 03:00:00,4292.0
2012-02-07 04:00:00,4293.0
2012-02-07 05:00:00,4938.0
2012-02-07 06:00:00,9432.0
2012-02-07 07:00:00,9952.0
2012-02-07 08:00:00,11572.0
2012-02-07 09:00:00,14520.0
2012-02-07 10:00:00,15091.0
2012-02-07 11:00:00,15431.0
2012-02-07 12:00:00,15673.0
2012-02-07 13:00:00,15104.0
2012-02-07 14:00:00,15026.0
2012-02-07 15:00:00,14597.0
2012-02-07 16:00:00,14647.0
2012-02-07 17:00:00,16179.0
2012-02-07 18:00:00,16444.0
2012-02-07 19:00:00,16242.0
2012-02-07 20:00:00,14685.0
2012-02-07 21:00:00,13483.0
2012-02-07 22:00:00,10014.0
2012-02-07 23:00:00,4876.0
2012-02-08 00:00:00,4674.0
2012-02-08 01:00:00,4876.0
2012-02-08 02:00:00,4622.0
2012-02-08 03:00:00,4241.0
2012-02-08 04:00:00,4331.0
2012-02-08 05:00:00,4470.0
2012-02-08 06:00:00,8495.0
2012-02-08 07:00:00,9825.0
2012-02-08 08:00:00,10572.0
2012-02-08 09:00:00,13939.0
2012-02-08 10:00:00,14508.0
2012-02-08 11:00:00,14243.0
2012-02-08 12:00:00,13534.0
2012-02-08 13:00:00,13496.0
2012-02-08 14:00:00,13699.0
2012-02-08 15:00:00,13395.0
2012-02-08 16:00:00,13421.0
2012-02-08 17:00:00,14040.0
2012-02-08 18:00:00,14382.0
2012-02-08 19:00:00,15483.0
2012-02-08 20:00:00,14217.0
2012-02-08 21:00:00,12293.0
2012-02-08 22:00:00,8636.0
2012-02-08 23:00:00,4736.0
2012-02-09 00:00:00,4395.0
2012-02-09 01:00:00,4749.0
2012-02-09 02:00:00,4229.0
2012-02-09 03:00:00,4077.0
2012-02-09 04:00:00,4206.0
2012-02-09 05:00:00,4496.0
2012-02-09 06:00:00,9103.0
2012-02-09 07:00:00,9230.0
2012-02-09 08:00:00,9874.0
2012-02-09 09:00:00,12787.0
2012-02-09 10:00:00,14066.0
2012-02-09 11:00:00,14799.0
2012-02-09 12:00:00,14078.0
2012-02-09 13:00:00,13610.0
2012-02-09 14:00:00,13382.0
2012-02-09 15:00:00,13116.0
2012-02-09 16:00:00,13433.0
2012-02-09 17:00:00,14483.0
2012-02-09 18:00:00,14889.0
2012-02-09 19:00:00,15698.0
2012-02-09 20:00:00,14192.0
2012-02-09 21:00:00,13256.0
2012-02-09 22:00:00,10128.0
2012-02-09 23:00:00,4623.0
2012-02-10 00:00:00,4495.0
2012-02-10 01:00:00,4635.0
2012-02-10 02:00:00,4140.0
2012-02-10 03:00:00,4116.0
2012-02-10 04:00:00,4154.0
2012-02-10 05:00:00,4622.0
2012-02-10 06:00:00,9103.0
2012-02-10 07:00:00,9775.0
2012-02-10 08:00:00,9749.0
2012-02-10 09:00:00,14116.0
2012-02-10 10:00:00,15824.0
2012-02-10 11:00:00,13812.0
2012-02-10 12:00:00,13597.0
2012-02-10 13:00:00,14269.0
2012-02-10 14:00:00,13610.0
2012-02-10 15:00:00,13432.0
2012-02-10 16:00:00,14192.0
2012-02-10 17:00:00,13699.0
2012-02-10 18:00:00,15888.0
2012-02-10 19:00:00,15571.0
2012-02-10 20:00:00,14634.0
2012-02-10 21:00:00,12800.0
2012-02-10 22:00:00,9597.0
2012-02-10 23:00:00,4850.0
2012-02-11 00:00:00,4382.0
2012-02-11 01:00:00,4420.0
2012-02-11 02:00:00,4205.0
2012-02-11 03:00:00,4078.0
2012-02-11 04:00:00,4166.0
2012-02-11 05:00:00,4584.0
2012-02-11 06:00:00,9103.0
2012-02-11 07:00:00,9786.0
2012-02-11 08:00:00,10623.0
2012-02-11 09:00:00,14533.0
2012-02-11 10:00:00,16064.0
2012-02-11 11:00:00,17039.0
2012-02-11 12:00:00,16837.0
2012-02-11 13:00:00,16078.0
2012-02-11 14:00:00,15129.0
2012-02-11 15:00:00,15217.0
2012-02-11 16:00:00,15952.0
2012-02-11 17:00:00,16040.0
2012-02-11 18:00:00,15926.0
2012-02-11 19:00:00,15647.0
2012-02-11 20:00:00,14040.0
2012-02-11 21:00:00,11990.0
2012-02-11 22:00:00,9648.0
2012-02-11 23:00:00,5243.0
2012-02-12 00:00:00,4673.0
2012-02-12 01:00:00,4622.0
2012-02-12 02:00:00,4369.0
2012-02-12 03:00:00,4153.0
2012-02-12 04:00:00,4140.0
2012-02-12 05:00:00,4444.0
2012-02-12 06:00:00,9269.0
2012-02-12 07:00:00,9520.0
2012-02-12 08:00:00,10635.0
2012-02-12 09:00:00,14369.0
2012-02-12 10:00:00,15774.0
2012-02-12 11:00:00,15623.0
2012-02-12 12:00:00,15293.0
2012-02-12 13:00:00,14849.0
2012-02-12 14:00:00,14647.0
2012-02-12 15:00:00,15723.0
2012-02-12 16:00:00,14711.0
2012-02-12 17:00:00,15242.0
2012-02-12 18:00:00,15394.0
2012-02-12 19:00:00,15369.0
2012-02-12 20:00:00,13990.0
2012-02-12 21:00:00,12837.0
2012-02-12 22:00:00,9078.0
2012-02-12 23:00:00,4533.0
2012-02-13 00:00:00,4457.0
2012-02-13 01:00:00,4724.0
2012-02-13 02:00:00,4167.0
2012-02-13 03:00:00,4179.0
2012-02-13 04:00:00,4167.0
2012-02-13 05:00:00,4445.0
2012-02-13 06:00:00,8964.0
2012-02-13 07:00:00,9065.0
2012-02-13 08:00:00,9837.0
2012-02-13 09:00:00,13583.0
2012-02-13 10:00:00,14648.0
2012-02-13 11:00:00,14204.0
2012-02-13 12:00:00,14419.0
2012-02-13 13:00:00,14281.0
2012-02-13 14:00:00,13483.0
2012-02-13 15:00:00,12977.0
2012-02-13 16:00:00,13799.0
2012-02-13 17:00:00,15395.0
2012-02-13 18:00:00,16559.0
2012-02-13 19:00:00,16053.0
2012-02-13 20:00:00,14672.0
2012-02-13 21:00:00,12825.0
2012-02-13 22:00:00,9926.0
2012-02-13 23:00:00,7647.0
2012-02-14 00:00:00,6875.0
2012-02-14 01:00:00,6395.0
2012-02-14 02:00:00,4812.0
2012-02-14 03:00:00,4204.0
2012-02-14 04:00:00,4127.0
2012-02-14 05:00:00,4533.0
2012-02-14 06:00:00,8331.0
2012-02-14 07:00:00,9596.0
2012-02-14 08:00:00,10320.0
2012-02-14 09:00:00,12635.0
2012-02-14 10:00:00,13356.0
2012-02-14 11:00:00,14015.0
2012-02-14 12:00:00,14672.0
2012-02-14 13:00:00,13762.0
2012-02-14 14:00:00,12952.0
2012-02-14 15:00:00,13370.0
2012-02-14 16:00:00,14293.0
2012-02-14 17:00:00,14585.0
2012-02-14 18:00:00,15154.0
2012-02-14 19:00:00,15901.0
2012-02-14 20:00:00,14356.0
2012-02-14 21:00:00,12331.0
2012-02-14 22:00:00,8825.0
2012-02-14 23:00:00,4889.0
2012-02-15 00:00:00,4749.0
2012-02-15 01:00:00,4685.0
2012-02-15 02:00:00,4457.0
2012-02-15 03:00:00,4141.0
2012-02-15 04:00:00,4217.0
2012-02-15 05:00:00,4749.0
2012-02-15 06:00:00,6395.0
2012-02-15 07:00:00,10040.0
2012-02-15 08:00:00,12241.0
2012-02-15 09:00:00,13635.0
2012-02-15 10:00:00,14103.0
2012-02-15 11:00:00,14558.0
2012-02-15 12:00:00,13508.0
2012-02-15 13:00:00,14381.0
2012-02-15 14:00:00,13824.0
2012-02-15 15:00:00,13560.0
2012-02-15 16:00:00,13242.0
2012-02-15 17:00:00,13913.0
2012-02-15 18:00:00,15015.0
2012-02-15 19:00:00,15686.0
2012-02-15 20:00:00,14546.0
2012-02-15 21:00:00,12762.0
2012-02-15 22:00:00,9888.0
2012-02-15 23:00:00,4863.0
2012-02-16 00:00:00,4495.0
2012-02-16 01:00:00,4659.0
2012-02-16 02:00:00,4128.0
2012-02-16 03:00:00,4078.0
2012-02-16 04:00:00,4180.0
2012-02-16 05:00:00,4546.0
2012-02-16 06:00:00,8901.0
2012-02-16 07:00:00,9522.0
2012-02-16 08:00:00,11077.0
2012-02-16 09:00:00,13837.0
2012-02-16 10:00:00,13116.0
2012-02-16 11:00:00,14294.0
2012-02-16 12:00:00,14635.0
2012-02-16 13:00:00,14280.0
2012-02-16 14:00:00,13699.0
2012-02-16 15:00:00,13420.0
2012-02-16 16:00:00,13129.0
2012-02-16 17:00:00,13572.0
2012-02-16 18:00:00,15900.0
2012-02-16 19:00:00,15914.0
2012-02-16 20:00:00,15053.0
2012-02-16 21:00:00,13559.0
2012-02-16 22:00:00,10901.0
2012-02-16 23:00:00,5116.0
2012-02-17 00:00:00,4570.0
2012-02-17 01:00:00,4609.0
2012-02-17 02:00:00,4344.0
2012-02-17 03:00:00,4140.0
2012-02-17 04:00:00,4166.0
2012-02-17 05:00:00,4824.0
2012-02-17 06:00:00,9280.0
2012-02-17 07:00:00,8799.0
2012-02-17 08:00:00,10610.0
2012-02-17 09:00:00,13027.0
2012-02-17 10:00:00,13826.0
2012-02-17 11:00:00,14634.0
2012-02-17 12:00:00,14762.0
2012-02-17 13:00:00,14179.0
2012-02-17 14:00:00,13534.0
2012-02-17 15:00:00,13281.0
2012-02-17 16:00:00,14014.0
2012-02-17 17:00:00,14230.0
2012-02-17 18:00:00,15407.0
2012-02-17 19:00:00,16458.0
2012-02-17 20:00:00,14635.0
2012-02-17 21:00:00,13318.0
2012-02-17 22:00:00,10243.0
2012-02-17 23:00:00,5535.0
2012-02-18 00:00:00,5064.0
2012-02-18 01:00:00,4964.0
2012-02-18 02:00:00,4660.0
2012-02-18 03:00:00,4660.0
2012-02-18 04:00:00,4571.0
2012-02-18 05:00:00,5028.0
2012-02-18 06:00:00,10015.0
2012-02-18 07:00:00,9141.0
2012-02-18 08:00:00,11027.0
2012-02-18 09:00:00,13913.0
2012-02-18 10:00:00,13825.0
2012-02-18 11:00:00,14445.0
2012-02-18 12:00:00,14533.0
2012-02-18 13:00:00,13926.0
2012-02-18 14:00:00,14001.0
2012-02-18 15:00:00,13141.0
2012-02-18 16:00:00,13926.0
2012-02-18 17:00:00,13813.0
2012-02-18 18:00:00,13420.0
2012-02-18 19:00:00,13471.0
2012-02-18 20:00:00,12419.0
2012-02-18 21:00:00,11381.0
2012-02-18 22:00:00,8573.0
2012-02-18 23:00:00,5053.0
2012-02-19 00:00:00,4837.0
2012-02-19 01:00:00,4900.0
2012-02-19 02:00:00,4723.0
2012-02-19 03:00:00,4381.0
2012-02-19 04:00:00,4495.0
2012-02-19 05:00:00,4863.0
2012-02-19 06:00:00,9217.0
2012-02-19 07:00:00,8686.0
2012-02-19 08:00:00,11305.0
2012-02-19 09:00:00,12876.0
2012-02-19 10:00:00,13407.0
2012-02-19 11:00:00,14255.0
2012-02-19 12:00:00,13269.0
2012-02-19 13:00:00,13155.0
2012-02-19 14:00:00,13458.0
2012-02-19 15:00:00,13280.0
2012-02-19 16:00:00,13305.0
2012-02-19 17:00:00,13383.0
2012-02-19 18:00:00,14178.0
2012-02-19 19:00:00,13470.0
2012-02-19 20:00:00,12167.0
2012-02-19 21:00:00,12027.0
2012-02-19 22:00:00,10495.0
2012-02-19 23:00:00,4824.0
2012-02-20 00:00:00,4812.0
2012-02-20 01:00:00,4952.0
2012-02-20 02:00:00,4774.0
2012-02-20 03:00:00,4356.0
2012-02-20 04:00:00,4318.0
2012-02-20 05:00:00,4748.0
2012-02-20 06:00:00,6294.0
2012-02-20 07:00:00,10419.0
2012-02-20 08:00:00,9964.0
2012-02-20 09:00:00,14496.0
2012-02-20 10:00:00,14216.0
2012-02-20 11:00:00,14457.0
2012-02-20 12:00:00,13812.0
2012-02-20 13:00:00,14965.0
2012-02-20 14:00:00,14205.0
2012-02-20 15:00:00,12926.0
2012-02-20 16:00:00,13812.0
2012-02-20 17:00:00,14103.0
2012-02-20 18:00:00,15786.0
2012-02-20 19:00:00,16179.0
2012-02-20 20:00:00,14508.0
2012-02-20 21:00:00,13002.0
2012-02-20 22:00:00,10723.0
2012-02-20 23:00:00,5243.0
2012-02-21 00:00:00,4850.0
2012-02-21 01:00:00,4989.0
2012-02-21 02:00:00,4584.0
2012-02-21 03:00:00,4280.0
2012-02-21 04:00:00,4546.0
2012-02-21 05:00:00,4951.0
2012-02-21 06:00:00,9508.0
2012-02-21 07:00:00,9002.0
2012-02-21 08:00:00,10646.0
2012-02-21 09:00:00,13534.0
2012-02-21 10:00:00,14381.0
2012-02-21 11:00:00,15014.0
2012-02-21 12:00:00,14040.0
2012-02-21 13:00:00,14306.0
2012-02-21 14:00:00,13737.0
2012-02-21 15:00:00,13242.0
2012-02-21 16:00:00,14294.0
2012-02-21 17:00:00,14166.0
2012-02-21 18:00:00,14508.0
2012-02-21 19:00:00,14800.0
2012-02-21 20:00:00,13090.0
2012-02-21 21:00:00,12103.0
2012-02-21 22:00:00,9192.0
2012-02-21 23:00:00,5470.0
2012-02-22 00:00:00,5484.0
2012-02-22 01:00:00,5686.0
2012-02-22 02:00:00,5153.0
2012-02-22 03:00:00,5141.0
2012-02-22 04:00:00,5256.0
2012-02-22 05:00:00,5508.0
2012-02-22 06:00:00,9888.0
2012-02-22 07:00:00,10192.0
2012-02-22 08:00:00,11204.0
2012-02-22 09:00:00,15243.0
2012-02-22 10:00:00,14913.0
2012-02-22 11:00:00,15052.0
2012-02-22 12:00:00,14900.0
2012-02-22 13:00:00,14446.0
2012-02-22 14:00:00,14116.0
2012-02-22 15:00:00,14761.0
2012-02-22 16:00:00,14635.0
2012-02-22 17:00:00,14736.0
2012-02-22 18:00:00,16065.0
2012-02-22 19:00:00,16775.0
2012-02-22 20:00:00,14826.0
2012-02-22 21:00:00,13002.0
2012-02-22 22:00:00,9407.0
2012-02-22 23:00:00,4761.0
2012-02-23 00:00:00,4584.0
2012-02-23 01:00:00,4773.0
2012-02-23 02:00:00,4470.0
2012-02-23 03:00:00,4306.0
2012-02-23 04:00:00,4204.0
2012-02-23 05:00:00,4660.0
2012-02-23 06:00:00,9115.0
2012-02-23 07:00:00,8419.0
2012-02-23 08:00:00,10356.0
2012-02-23 09:00:00,13559.0
2012-02-23 10:00:00,13811.0
2012-02-23 11:00:00,13837.0
2012-02-23 12:00:00,13850.0
2012-02-23 13:00:00,13546.0
2012-02-23 14:00:00,13242.0
2012-02-23 15:00:00,13584.0
2012-02-23 16:00:00,12976.0
2012-02-23 17:00:00,13509.0
2012-02-23 18:00:00,13508.0
2012-02-23 19:00:00,15635.0
2012-02-23 20:00:00,14940.0
2012-02-23 21:00:00,13800.0
2012-02-23 22:00:00,11104.0
2012-02-23 23:00:00,6332.0
2012-02-24 00:00:00,5142.0
2012-02-24 01:00:00,5230.0
2012-02-24 02:00:00,4571.0
2012-02-24 03:00:00,4420.0
2012-02-24 04:00:00,4471.0
2012-02-24 05:00:00,4722.0
2012-02-24 06:00:00,9179.0
2012-02-24 07:00:00,8900.0
2012-02-24 08:00:00,10571.0
2012-02-24 09:00:00,13698.0
2012-02-24 10:00:00,14381.0
2012-02-24 11:00:00,13824.0
2012-02-24 12:00:00,13813.0
2012-02-24 13:00:00,13610.0
2012-02-24 14:00:00,13787.0
2012-02-24 15:00:00,13331.0
2012-02-24 16:00:00,13647.0
2012-02-24 17:00:00,13698.0
2012-02-24 18:00:00,14723.0
2012-02-24 19:00:00,16444.0
2012-02-24 20:00:00,15749.0
2012-02-24 21:00:00,13786.0
2012-02-24 22:00:00,11686.0
2012-02-24 23:00:00,5496.0
2012-02-25 00:00:00,5027.0
2012-02-25 01:00:00,4952.0
2012-02-25 02:00:00,4774.0
2012-02-25 03:00:00,4546.0
2012-02-25 04:00:00,4597.0
2012-02-25 05:00:00,4876.0
2012-02-25 06:00:00,9495.0
2012-02-25 07:00:00,9065.0
2012-02-25 08:00:00,11217.0
2012-02-25 09:00:00,14140.0
2012-02-25 10:00:00,15495.0
2012-02-25 11:00:00,14913.0
2012-02-25 12:00:00,14660.0
2012-02-25 13:00:00,14990.0
2012-02-25 14:00:00,15875.0
2012-02-25 15:00:00,14610.0
2012-02-25 16:00:00,14812.0
2012-02-25 17:00:00,15862.0
2012-02-25 18:00:00,15470.0
2012-02-25 19:00:00,14875.0
2012-02-25 20:00:00,13775.0
2012-02-25 21:00:00,12863.0
2012-02-25 22:00:00,10888.0
2012-02-25 23:00:00,5559.0
2012-02-26 00:00:00,5331.0
2012-02-26 01:00:00,5243.0
2012-02-26 02:00:00,4952.0
2012-02-26 03:00:00,4735.0
2012-02-26 04:00:00,4914.0
2012-02-26 05:00:00,5052.0
2012-02-26 06:00:00,9255.0
2012-02-26 07:00:00,9483.0
2012-02-26 08:00:00,11281.0
2012-02-26 09:00:00,14811.0
2012-02-26 10:00:00,15217.0
2012-02-26 11:00:00,14078.0
2012-02-26 12:00:00,14964.0
2012-02-26 13:00:00,14634.0
2012-02-26 14:00:00,13698.0
2012-02-26 15:00:00,14255.0
2012-02-26 16:00:00,14888.0
2012-02-26 17:00:00,14381.0
2012-02-26 18:00:00,13990.0
2012-02-26 19:00:00,13939.0
2012-02-26 20:00:00,12862.0
2012-02-26 21:00:00,12065.0
2012-02-26 22:00:00,9787.0
2012-02-26 23:00:00,4824.0
2012-02-27 00:00:00,4837.0
2012-02-27 01:00:00,4914.0
2012-02-27 02:00:00,4634.0
2012-02-27 03:00:00,4382.0
2012-02-27 04:00:00,4471.0
2012-02-27 05:00:00,4989.0
2012-02-27 06:00:00,9560.0
2012-02-27 07:00:00,9192.0
2012-02-27 08:00:00,10522.0
2012-02-27 09:00:00,13749.0
2012-02-27 10:00:00,13446.0
2012-02-27 11:00:00,15142.0
2012-02-27 12:00:00,14470.0
2012-02-27 13:00:00,15052.0
2012-02-27 14:00:00,13762.0
2012-02-27 15:00:00,13673.0
2012-02-27 16:00:00,14090.0
2012-02-27 17:00:00,13686.0
2012-02-27 18:00:00,13863.0
2012-02-27 19:00:00,15243.0
2012-02-27 20:00:00,14343.0
2012-02-27 21:00:00,12799.0
2012-02-27 22:00:00,11154.0
2012-02-27 23:00:00,5407.0
2012-02-28 00:00:00,4876.0
2012-02-28 01:00:00,5091.0
2012-02-28 02:00:00,4760.0
2012-02-28 03:00:00,4558.0
2012-02-28 04:00:00,4571.0
2012-02-28 05:00:00,5066.0
2012-02-28 06:00:00,9673.0
2012-02-28 07:00:00,8572.0
2012-02-28 08:00:00,10267.0
2012-02-28 09:00:00,14433.0
2012-02-28 10:00:00,14813.0
2012-02-28 11:00:00,14091.0
2012-02-28 12:00:00,13699.0
2012-02-28 13:00:00,14192.0
2012-02-28 14:00:00,13231.0
2012-02-28 15:00:00,14217.0
2012-02-28 16:00:00,13788.0
2012-02-28 17:00:00,13597.0
2012-02-28 18:00:00,14647.0
2012-02-28 19:00:00,15459.0
2012-02-28 20:00:00,14268.0
2012-02-28 21:00:00,12508.0
2012-02-28 22:00:00,8838.0
2012-02-28 23:00:00,4900.0
2012-02-29 00:00:00,4838.0
2012-02-29 01:00:00,4799.0
2012-02-29 02:00:00,4559.0
2012-02-29 03:00:00,4457.0
2012-02-29 04:00:00,4457.0
2012-02-29 05:00:00,4913.0
2012-02-29 06:00:00,9509.0
2012-02-29 07:00:00,9559.0
2012-02-29 08:00:00,10229.0
2012-02-29 09:00:00,13470.0
2012-02-29 10:00:00,14571.0
2012-02-29 11:00:00,13952.0
2012-02-29 12:00:00,14268.0
2012-02-29 13:00:00,14927.0
2012-02-29 14:00:00,13344.0
2012-02-29 15:00:00,14787.0
2012-02-29 16:00:00,13850.0
2012-02-29 17:00:00,12875.0
2012-02-29 18:00:00,15003.0
2012-02-29 19:00:00,15078.0
2012-02-29 20:00:00,14128.0
2012-02-29 21:00:00,12963.0
2012-02-29 22:00:00,9672.0
2012-02-29 23:00:00,5128.0
2012-03-01 00:00:00,5001.0
2012-03-01 01:00:00,4964.0
2012-03-01 02:00:00,4724.0
2012-03-01 03:00:00,4495.0
2012-03-01 04:00:00,4584.0
2012-03-01 05:00:00,4850.0
2012-03-01 06:00:00,9521.0
2012-03-01 07:00:00,9989.0
2012-03-01 08:00:00,9901.0
2012-03-01 09:00:00,12864.0
2012-03-01 10:00:00,13192.0
2012-03-01 11:00:00,14609.0
2012-03-01 12:00:00,14950.0
2012-03-01 13:00:00,14332.0
2012-03-01 14:00:00,14356.0
2012-03-01 15:00:00,14230.0
2012-03-01 16:00:00,14927.0
2012-03-01 17:00:00,15065.0
2012-03-01 18:00:00,15445.0
2012-03-01 19:00:00,15470.0
2012-03-01 20:00:00,14167.0
2012-03-01 21:00:00,12723.0
2012-03-01 22:00:00,9915.0
2012-03-01 23:00:00,4977.0
2012-03-02 00:00:00,4699.0
2012-03-02 01:00:00,4786.0
2012-03-02 02:00:00,4660.0
2012-03-02 03:00:00,4508.0
2012-03-02 04:00:00,4471.0
2012-03-02 05:00:00,5066.0
2012-03-02 06:00:00,9142.0
2012-03-02 07:00:00,9584.0
2012-03-02 08:00:00,10357.0
2012-03-02 09:00:00,13192.0
2012-03-02 10:00:00,14597.0
2012-03-02 11:00:00,14547.0
2012-03-02 12:00:00,13978.0
2012-03-02 13:00:00,13876.0
2012-03-02 14:00:00,14545.0
2012-03-02 15:00:00,14179.0
2012-03-02 16:00:00,14799.0
2012-03-02 17:00:00,14812.0
2012-03-02 18:00:00,14496.0
2012-03-02 19:00:00,14850.0
2012-03-02 20:00:00,13938.0
2012-03-02 21:00:00,13407.0
2012-03-02 22:00:00,9508.0
2012-03-02 23:00:00,5242.0
2012-03-03 00:00:00,4951.0
2012-03-03 01:00:00,4989.0
2012-03-03 02:00:00,4711.0
2012-03-03 03:00:00,4483.0
2012-03-03 04:00:00,4585.0
2012-03-03 05:00:00,5065.0
2012-03-03 06:00:00,9091.0
2012-03-03 07:00:00,9951.0
2012-03-03 08:00:00,10888.0
2012-03-03 09:00:00,13445.0
2012-03-03 10:00:00,14458.0
2012-03-03 11:00:00,14154.0
2012-03-03 12:00:00,15128.0
2012-03-03 13:00:00,14458.0
2012-03-03 14:00:00,13850.0
2012-03-03 15:00:00,14230.0
2012-03-03 16:00:00,13686.0
2012-03-03 17:00:00,14837.0
2012-03-03 18:00:00,14077.0
2012-03-03 19:00:00,14635.0
2012-03-03 20:00:00,12635.0
2012-03-03 21:00:00,11521.0
2012-03-03 22:00:00,8990.0
2012-03-03 23:00:00,5394.0
2012-03-04 00:00:00,4964.0
2012-03-04 01:00:00,5040.0
2012-03-04 02:00:00,4660.0
2012-03-04 03:00:00,4635.0
2012-03-04 04:00:00,4686.0
2012-03-04 05:00:00,5167.0
2012-03-04 06:00:00,9192.0
2012-03-04 07:00:00,9926.0
2012-03-04 08:00:00,10369.0
2012-03-04 09:00:00,13154.0
2012-03-04 10:00:00,15849.0
2012-03-04 11:00:00,14407.0
2012-03-04 12:00:00,14534.0
2012-03-04 13:00:00,15204.0
2012-03-04 14:00:00,14635.0
2012-03-04 15:00:00,13141.0
2012-03-04 16:00:00,14356.0
2012-03-04 17:00:00,14028.0
2012-03-04 18:00:00,13951.0
2012-03-04 19:00:00,15305.0
2012-03-04 20:00:00,13559.0
2012-03-04 21:00:00,12482.0
2012-03-04 22:00:00,8610.0
2012-03-04 23:00:00,4964.0
2012-03-05 00:00:00,4952.0
2012-03-05 01:00:00,5040.0
2012-03-05 02:00:00,4850.0
2012-03-05 03:00:00,4534.0
2012-03-05 04:00:00,4634.0
2012-03-05 05:00:00,5104.0
2012-03-05 06:00:00,9432.0
2012-03-05 07:00:00,9028.0
2012-03-05 08:00:00,10811.0
2012-03-05 09:00:00,13963.0
2012-03-05 10:00:00,14913.0
2012-03-05 11:00:00,14395.0
2012-03-05 12:00:00,14496.0
2012-03-05 13:00:00,14407.0
2012-03-05 14:00:00,14281.0
2012-03-05 15:00:00,14508.0
2012-03-05 16:00:00,15204.0
2012-03-05 17:00:00,14724.0
2012-03-05 18:00:00,14369.0
2012-03-05 19:00:00,15432.0
2012-03-05 20:00:00,13864.0
2012-03-05 21:00:00,12521.0
2012-03-05 22:00:00,9711.0
2012-03-05 23:00:00,4964.0
2012-03-06 00:00:00,4837.0
2012-03-06 01:00:00,4736.0
2012-03-06 02:00:00,4407.0
2012-03-06 03:00:00,4255.0
2012-03-06 04:00:00,4381.0
2012-03-06 05:00:00,4737.0
2012-03-06 06:00:00,8965.0
2012-03-06 07:00:00,9343.0
2012-03-06 08:00:00,9686.0
2012-03-06 09:00:00,12585.0
2012-03-06 10:00:00,13977.0
2012-03-06 11:00:00,15534.0
2012-03-06 12:00:00,14116.0
2012-03-06 13:00:00,13990.0
2012-03-06 14:00:00,14331.0
2012-03-06 15:00:00,14445.0
2012-03-06 16:00:00,13900.0
2012-03-06 17:00:00,13648.0
2012-03-06 18:00:00,14623.0
2012-03-06 19:00:00,15698.0
2012-03-06 20:00:00,14040.0
2012-03-06 21:00:00,12560.0
2012-03-06 22:00:00,11204.0
2012-03-06 23:00:00,6090.0
2012-03-07 00:00:00,4927.0
2012-03-07 01:00:00,5117.0
2012-03-07 02:00:00,4710.0
2012-03-07 03:00:00,4431.0
2012-03-07 04:00:00,4660.0
2012-03-07 05:00:00,5015.0
2012-03-07 06:00:00,9381.0
2012-03-07 07:00:00,10307.0
2012-03-07 08:00:00,10737.0
2012-03-07 09:00:00,14255.0
2012-03-07 10:00:00,15812.0
2012-03-07 11:00:00,15306.0
2012-03-07 12:00:00,15052.0
2012-03-07 13:00:00,14584.0
2012-03-07 14:00:00,14141.0
2012-03-07 15:00:00,14281.0
2012-03-07 16:00:00,14837.0
2012-03-07 17:00:00,14787.0
2012-03-07 18:00:00,14660.0
2012-03-07 19:00:00,14559.0
2012-03-07 20:00:00,13976.0
2012-03-07 21:00:00,12610.0
2012-03-07 22:00:00,10698.0
2012-03-07 23:00:00,4913.0
2012-03-08 00:00:00,4621.0
2012-03-08 01:00:00,4964.0
2012-03-08 02:00:00,4521.0
2012-03-08 03:00:00,4331.0
2012-03-08 04:00:00,4558.0
2012-03-08 05:00:00,4837.0
2012-03-08 06:00:00,9090.0
2012-03-08 07:00:00,9799.0
2012-03-08 08:00:00,9509.0
2012-03-08 09:00:00,13014.0
2012-03-08 10:00:00,14281.0
2012-03-08 11:00:00,14762.0
2012-03-08 12:00:00,13951.0
2012-03-08 13:00:00,15015.0
2012-03-08 14:00:00,14028.0
2012-03-08 15:00:00,13610.0
2012-03-08 16:00:00,13926.0
2012-03-08 17:00:00,13825.0
2012-03-08 18:00:00,14280.0
2012-03-08 19:00:00,14761.0
2012-03-08 20:00:00,13850.0
2012-03-08 21:00:00,12850.0
2012-03-08 22:00:00,9952.0
2012-03-08 23:00:00,4912.0
2012-03-09 00:00:00,4951.0
2012-03-09 01:00:00,5141.0
2012-03-09 02:00:00,4710.0
2012-03-09 03:00:00,4609.0
2012-03-09 04:00:00,4673.0
2012-03-09 05:00:00,5015.0
2012-03-09 06:00:00,9294.0
2012-03-09 07:00:00,9724.0
2012-03-09 08:00:00,10140.0
2012-03-09 09:00:00,13699.0
2012-03-09 10:00:00,14217.0
2012-03-09 11:00:00,14977.0
2012-03-09 12:00:00,13824.0
2012-03-09 13:00:00,13838.0
2012-03-09 14:00:00,13851.0
2012-03-09 15:00:00,13711.0
2012-03-09 16:00:00,14027.0
2012-03-09 17:00:00,14420.0
2012-03-09 18:00:00,13673.0
2012-03-09 19:00:00,13800.0
2012-03-09 20:00:00,13686.0
2012-03-09 21:00:00,11609.0
2012-03-09 22:00:00,9950.0
2012-03-09 23:00:00,5623.0
2012-03-10 00:00:00,5002.0
2012-03-10 01:00:00,5053.0
2012-03-10 02:00:00,4622.0
2012-03-10 03:00:00,4609.0
2012-03-10 04:00:00,4610.0
2012-03-10 05:00:00,4850.0
2012-03-10 06:00:00,9788.0
2012-03-10 07:00:00,9622.0
2012-03-10 08:00:00,10647.0
2012-03-10 09:00:00,14103.0
2012-03-10 10:00:00,14420.0
2012-03-10 11:00:00,14749.0
2012-03-10 12:00:00,14508.0
2012-03-10 13:00:00,14926.0
2012-03-10 14:00:00,15332.0
2012-03-10 15:00:00,13951.0
2012-03-10 16:00:00,14470.0
2012-03-10 17:00:00,13572.0
2012-03-10 18:00:00,13509.0
2012-03-10 19:00:00,13470.0
2012-03-10 20:00:00,12204.0
2012-03-10 21:00:00,11584.0
2012-03-10 22:00:00,9584.0
2012-03-10 23:00:00,5535.0
2012-03-11 00:00:00,5229.0
2012-03-11 01:00:00,5153.0
2012-03-11 02:00:00,4825.0
2012-03-11 03:00:00,4495.0
2012-03-11 04:00:00,4787.0
2012-03-11 05:00:00,4976.0
2012-03-11 06:00:00,8888.0
2012-03-11 07:00:00,9559.0
2012-03-11 08:00:00,10469.0
2012-03-11 09:00:00,15343.0
2012-03-11 10:00:00,15571.0
2012-03-11 11:00:00,15419.0
2012-03-11 12:00:00,15483.0
2012-03-11 13:00:00,14825.0
2012-03-11 14:00:00,14179.0
2012-03-11 15:00:00,15609.0
2012-03-11 16:00:00,15256.0
2012-03-11 17:00:00,15040.0
2012-03-11 18:00:00,14939.0
2012-03-11 19:00:00,14305.0
2012-03-11 20:00:00,13572.0
2012-03-11 21:00:00,13243.0
2012-03-11 22:00:00,9736.0
2012-03-11 23:00:00,5293.0
2012-03-12 00:00:00,5179.0
2012-03-12 01:00:00,5344.0
2012-03-12 02:00:00,4938.0
2012-03-12 03:00:00,4812.0
2012-03-12 04:00:00,4862.0
2012-03-12 05:00:00,5153.0
2012-03-12 06:00:00,9280.0
2012-03-12 07:00:00,9737.0
2012-03-12 08:00:00,10103.0
2012-03-12 09:00:00,13091.0
2012-03-12 10:00:00,14470.0
2012-03-12 11:00:00,14749.0
2012-03-12 12:00:00,14623.0
2012-03-12 13:00:00,13977.0
2012-03-12 14:00:00,13774.0
2012-03-12 15:00:00,13888.0
2012-03-12 16:00:00,13395.0
2012-03-12 17:00:00,13484.0
2012-03-12 18:00:00,14153.0
2012-03-12 19:00:00,15496.0
2012-03-12 20:00:00,14457.0
2012-03-12 21:00:00,13167.0
2012-03-12 22:00:00,11318.0
2012-03-12 23:00:00,5369.0
2012-03-13 00:00:00,5117.0
2012-03-13 01:00:00,5192.0
2012-03-13 02:00:00,4761.0
2012-03-13 03:00:00,4635.0
2012-03-13 04:00:00,4623.0
2012-03-13 05:00:00,4989.0
2012-03-13 06:00:00,9394.0
2012-03-13 07:00:00,9407.0
2012-03-13 08:00:00,10458.0
2012-03-13 09:00:00,13395.0
2012-03-13 10:00:00,13673.0
2012-03-13 11:00:00,15294.0
2012-03-13 12:00:00,13926.0
2012-03-13 13:00:00,14065.0
2012-03-13 14:00:00,14331.0
2012-03-13 15:00:00,13863.0
2012-03-13 16:00:00,14509.0
2012-03-13 17:00:00,14407.0
2012-03-13 18:00:00,14166.0
2012-03-13 19:00:00,15597.0
2012-03-13 20:00:00,13267.0
2012-03-13 21:00:00,12875.0
2012-03-13 22:00:00,10116.0
2012-03-13 23:00:00,5165.0
2012-03-14 00:00:00,5129.0
2012-03-14 01:00:00,5255.0
2012-03-14 02:00:00,4952.0
2012-03-14 03:00:00,4609.0
2012-03-14 04:00:00,4812.0
2012-03-14 05:00:00,5116.0
2012-03-14 06:00:00,9167.0
2012-03-14 07:00:00,9216.0
2012-03-14 08:00:00,9850.0
2012-03-14 09:00:00,13610.0
2012-03-14 10:00:00,13319.0
2012-03-14 11:00:00,14268.0
2012-03-14 12:00:00,14433.0
2012-03-14 13:00:00,14294.0
2012-03-14 14:00:00,14711.0
2012-03-14 15:00:00,13876.0
2012-03-14 16:00:00,13863.0
2012-03-14 17:00:00,14179.0
2012-03-14 18:00:00,14648.0
2012-03-14 19:00:00,14508.0
2012-03-14 20:00:00,13635.0
2012-03-14 21:00:00,12736.0
2012-03-14 22:00:00,10179.0
2012-03-14 23:00:00,5191.0
2012-03-15 00:00:00,5268.0
2012-03-15 01:00:00,5268.0
2012-03-15 02:00:00,5052.0
2012-03-15 03:00:00,4824.0
2012-03-15 04:00:00,4812.0
2012-03-15 05:00:00,5306.0
2012-03-15 06:00:00,9319.0
2012-03-15 07:00:00,10279.0
2012-03-15 08:00:00,9521.0
2012-03-15 09:00:00,14230.0
2012-03-15 10:00:00,14382.0
2012-03-15 11:00:00,15204.0
2012-03-15 12:00:00,13509.0
2012-03-15 13:00:00,14901.0
2012-03-15 14:00:00,14357.0
2012-03-15 15:00:00,13079.0
2012-03-15 16:00:00,13761.0
2012-03-15 17:00:00,14305.0
2012-03-15 18:00:00,14090.0
2012-03-15 19:00:00,13750.0
2012-03-15 20:00:00,13116.0
2012-03-15 21:00:00,12153.0
2012-03-15 22:00:00,9205.0
2012-03-15 23:00:00,5685.0
2012-03-16 00:00:00,5837.0
2012-03-16 01:00:00,5927.0
2012-03-16 02:00:00,5572.0
2012-03-16 03:00:00,5318.0
2012-03-16 04:00:00,5484.0
2012-03-16 05:00:00,5433.0
2012-03-16 06:00:00,8926.0
2012-03-16 07:00:00,10040.0
2012-03-16 08:00:00,11344.0
2012-03-16 09:00:00,14546.0
2012-03-16 10:00:00,13952.0
2012-03-16 11:00:00,14812.0
2012-03-16 12:00:00,14482.0
2012-03-16 13:00:00,15230.0
2012-03-16 14:00:00,13812.0
2012-03-16 15:00:00,13382.0
2012-03-16 16:00:00,14584.0
2012-03-16 17:00:00,13901.0
2012-03-16 18:00:00,15319.0
2012-03-16 19:00:00,15849.0
2012-03-16 20:00:00,14167.0
2012-03-16 21:00:00,13255.0
2012-03-16 22:00:00,9900.0
2012-03-16 23:00:00,5623.0
2012-03-17 00:00:00,5458.0
2012-03-17 01:00:00,5521.0
2012-03-17 02:00:00,4888.0
2012-03-17 03:00:00,4735.0
2012-03-17 04:00:00,4749.0
2012-03-17 05:00:00,5268.0
2012-03-17 06:00:00,8914.0
2012-03-17 07:00:00,9838.0
2012-03-17 08:00:00,11142.0
2012-03-17 09:00:00,15787.0
2012-03-17 10:00:00,15281.0
2012-03-17 11:00:00,15293.0
2012-03-17 12:00:00,15458.0
2012-03-17 13:00:00,15559.0
2012-03-17 14:00:00,15116.0
2012-03-17 15:00:00,14571.0
2012-03-17 16:00:00,15115.0
2012-03-17 17:00:00,15216.0
2012-03-17 18:00:00,15420.0
2012-03-17 19:00:00,15357.0
2012-03-17 20:00:00,14319.0
2012-03-17 21:00:00,12711.0
2012-03-17 22:00:00,10433.0
2012-03-17 23:00:00,5710.0
2012-03-18 00:00:00,5419.0
2012-03-18 01:00:00,5433.0
2012-03-18 02:00:00,4749.0
2012-03-18 03:00:00,4508.0
2012-03-18 04:00:00,4711.0
2012-03-18 05:00:00,5065.0
2012-03-18 06:00:00,9395.0
2012-03-18 07:00:00,9901.0
2012-03-18 08:00:00,10938.0
2012-03-18 09:00:00,14230.0
2012-03-18 10:00:00,14419.0
2012-03-18 11:00:00,15002.0
2012-03-18 12:00:00,13647.0
2012-03-18 13:00:00,14053.0
2012-03-18 14:00:00,14039.0
2012-03-18 15:00:00,13230.0
2012-03-18 16:00:00,13534.0
2012-03-18 17:00:00,14141.0
2012-03-18 18:00:00,13774.0
2012-03-18 19:00:00,14989.0
2012-03-18 20:00:00,14104.0
2012-03-18 21:00:00,12458.0
2012-03-18 22:00:00,9546.0
2012-03-18 23:00:00,5129.0
2012-03-19 00:00:00,4990.0
2012-03-19 01:00:00,5090.0
2012-03-19 02:00:00,4787.0
2012-03-19 03:00:00,4445.0
2012-03-19 04:00:00,4533.0
2012-03-19 05:00:00,4926.0
2012-03-19 06:00:00,8989.0
2012-03-19 07:00:00,9571.0
2012-03-19 08:00:00,10344.0
2012-03-19 09:00:00,13912.0
2012-03-19 10:00:00,14938.0
2012-03-19 11:00:00,14736.0
2012-03-19 12:00:00,13748.0
2012-03-19 13:00:00,13585.0
2012-03-19 14:00:00,13052.0
2012-03-19 15:00:00,12786.0
2012-03-19 16:00:00,13623.0
2012-03-19 17:00:00,13243.0
2012-03-19 18:00:00,13838.0
2012-03-19 19:00:00,14217.0
2012-03-19 20:00:00,13256.0
2012-03-19 21:00:00,12065.0
2012-03-19 22:00:00,11104.0
2012-03-19 23:00:00,8698.0
2012-03-20 00:00:00,5028.0
2012-03-20 01:00:00,5307.0
2012-03-20 02:00:00,4748.0
2012-03-20 03:00:00,4446.0
2012-03-20 04:00:00,4699.0
2012-03-20 05:00:00,4902.0
2012-03-20 06:00:00,8560.0
2012-03-20 07:00:00,9685.0
2012-03-20 08:00:00,10432.0
2012-03-20 09:00:00,13470.0
2012-03-20 10:00:00,14230.0
2012-03-20 11:00:00,13735.0
2012-03-20 12:00:00,13749.0
2012-03-20 13:00:00,13293.0
2012-03-20 14:00:00,12648.0
2012-03-20 15:00:00,14192.0
2012-03-20 16:00:00,12875.0
2012-03-20 17:00:00,12825.0
2012-03-20 18:00:00,14584.0
2012-03-20 19:00:00,14395.0
2012-03-20 20:00:00,13191.0
2012-03-20 21:00:00,12357.0
2012-03-20 22:00:00,9255.0
2012-03-20 23:00:00,4875.0
2012-03-21 00:00:00,4989.0
2012-03-21 01:00:00,4938.0
2012-03-21 02:00:00,4483.0
2012-03-21 03:00:00,4420.0
2012-03-21 04:00:00,4393.0
2012-03-21 05:00:00,4964.0
2012-03-21 06:00:00,8395.0
2012-03-21 07:00:00,9381.0
2012-03-21 08:00:00,10230.0
2012-03-21 09:00:00,13763.0
2012-03-21 10:00:00,14078.0
2012-03-21 11:00:00,13622.0
2012-03-21 12:00:00,14305.0
2012-03-21 13:00:00,13521.0
2012-03-21 14:00:00,13344.0
2012-03-21 15:00:00,13951.0
2012-03-21 16:00:00,14104.0
2012-03-21 17:00:00,12989.0
2012-03-21 18:00:00,13470.0
2012-03-21 19:00:00,14432.0
2012-03-21 20:00:00,13849.0
2012-03-21 21:00:00,12103.0
2012-03-21 22:00:00,10155.0
2012-03-21 23:00:00,4761.0
2012-03-22 00:00:00,4723.0
2012-03-22 01:00:00,4951.0
2012-03-22 02:00:00,4571.0
2012-03-22 03:00:00,4470.0
2012-03-22 04:00:00,4571.0
2012-03-22 05:00:00,4520.0
2012-03-22 06:00:00,8800.0
2012-03-22 07:00:00,8482.0
2012-03-22 08:00:00,9546.0
2012-03-22 09:00:00,12951.0
2012-03-22 10:00:00,13812.0
2012-03-22 11:00:00,14585.0
2012-03-22 12:00:00,14344.0
2012-03-22 13:00:00,13636.0
2012-03-22 14:00:00,14420.0
2012-03-22 15:00:00,13433.0
2012-03-22 16:00:00,13559.0
2012-03-22 17:00:00,14179.0
2012-03-22 18:00:00,14901.0
2012-03-22 19:00:00,15332.0
2012-03-22 20:00:00,13686.0
2012-03-22 21:00:00,12318.0
2012-03-22 22:00:00,10193.0
2012-03-22 23:00:00,5154.0
2012-03-23 00:00:00,4977.0
2012-03-23 01:00:00,4976.0
2012-03-23 02:00:00,4584.0
2012-03-23 03:00:00,4368.0
2012-03-23 04:00:00,4546.0
2012-03-23 05:00:00,4939.0
2012-03-23 06:00:00,9052.0
2012-03-23 07:00:00,9079.0
2012-03-23 08:00:00,10128.0
2012-03-23 09:00:00,13205.0
2012-03-23 10:00:00,13077.0
2012-03-23 11:00:00,14471.0
2012-03-23 12:00:00,14534.0
2012-03-23 13:00:00,14269.0
2012-03-23 14:00:00,13951.0
2012-03-23 15:00:00,13825.0
2012-03-23 16:00:00,14077.0
2012-03-23 17:00:00,14533.0
2012-03-23 18:00:00,14850.0
2012-03-23 19:00:00,14736.0
2012-03-23 20:00:00,12964.0
2012-03-23 21:00:00,12318.0
2012-03-23 22:00:00,10268.0
2012-03-23 23:00:00,5775.0
2012-03-24 00:00:00,5559.0
2012-03-24 01:00:00,5281.0
2012-03-24 02:00:00,5091.0
2012-03-24 03:00:00,5001.0
2012-03-24 04:00:00,4990.0
2012-03-24 05:00:00,5521.0
2012-03-24 06:00:00,9293.0
2012-03-24 07:00:00,10205.0
2012-03-24 08:00:00,11496.0
2012-03-24 09:00:00,16622.0
2012-03-24 10:00:00,16319.0
2012-03-24 11:00:00,16167.0
2012-03-24 12:00:00,16304.0
2012-03-24 13:00:00,16242.0
2012-03-24 14:00:00,16483.0
2012-03-24 15:00:00,15610.0
2012-03-24 16:00:00,16154.0
2012-03-24 17:00:00,16205.0
2012-03-24 18:00:00,15724.0
2012-03-24 19:00:00,16432.0
2012-03-24 20:00:00,14837.0
2012-03-24 21:00:00,13673.0
2012-03-24 22:00:00,11331.0
2012-03-24 23:00:00,5913.0
2012-03-25 00:00:00,5748.0
2012-03-25 01:00:00,0.0
2012-03-25 02:00:00,5711.0
2012-03-25 03:00:00,5382.0
2012-03-25 04:00:00,5230.0
2012-03-25 05:00:00,5661.0
2012-03-25 06:00:00,10723.0
2012-03-25 07:00:00,9724.0
2012-03-25 08:00:00,11091.0
2012-03-25 09:00:00,15090.0
2012-03-25 10:00:00,14483.0
2012-03-25 11:00:00,16800.0
2012-03-25 12:00:00,16142.0
2012-03-25 13:00:00,15672.0
2012-03-25 14:00:00,15331.0
2012-03-25 15:00:00,15179.0
2012-03-25 16:00:00,15952.0
2012-03-25 17:00:00,15926.0
2012-03-25 18:00:00,15938.0
2012-03-25 19:00:00,15471.0
2012-03-25 20:00:00,14305.0
2012-03-25 21:00:00,13928.0
2012-03-25 22:00:00,10661.0
2012-03-25 23:00:00,5622.0
2012-03-26 00:00:00,5458.0
2012-03-26 01:00:00,5598.0
2012-03-26 02:00:00,5305.0
2012-03-26 03:00:00,5142.0
2012-03-26 04:00:00,5116.0
2012-03-26 05:00:00,5622.0
2012-03-26 06:00:00,9787.0
2012-03-26 07:00:00,10534.0
2012-03-26 08:00:00,10838.0
2012-03-26 09:00:00,13901.0
2012-03-26 10:00:00,14014.0
2012-03-26 11:00:00,14457.0
2012-03-26 12:00:00,13951.0
2012-03-26 13:00:00,14711.0
2012-03-26 14:00:00,14496.0
2012-03-26 15:00:00,13331.0
2012-03-26 16:00:00,13875.0
2012-03-26 17:00:00,13571.0
2012-03-26 18:00:00,14938.0
2012-03-26 19:00:00,14268.0
2012-03-26 20:00:00,13293.0
2012-03-26 21:00:00,13154.0
2012-03-26 22:00:00,10712.0
2012-03-26 23:00:00,5534.0
2012-03-27 00:00:00,5458.0
2012-03-27 01:00:00,5635.0
2012-03-27 02:00:00,5192.0
2012-03-27 03:00:00,5066.0
2012-03-27 04:00:00,5192.0
2012-03-27 05:00:00,5508.0
2012-03-27 06:00:00,9229.0
2012-03-27 07:00:00,10471.0
2012-03-27 08:00:00,11129.0
2012-03-27 09:00:00,14318.0
2012-03-27 10:00:00,14040.0
2012-03-27 11:00:00,13672.0
2012-03-27 12:00:00,14255.0
2012-03-27 13:00:00,14888.0
2012-03-27 14:00:00,15040.0
2012-03-27 15:00:00,13825.0
2012-03-27 16:00:00,13723.0
2012-03-27 17:00:00,13470.0
2012-03-27 18:00:00,13888.0
2012-03-27 19:00:00,13724.0
2012-03-27 20:00:00,12914.0
2012-03-27 21:00:00,12179.0
2012-03-27 22:00:00,10281.0
2012-03-27 23:00:00,6167.0
2012-03-28 00:00:00,5445.0
2012-03-28 01:00:00,5382.0
2012-03-28 02:00:00,5269.0
2012-03-28 03:00:00,5040.0
2012-03-28 04:00:00,5230.0
2012-03-28 05:00:00,5229.0
2012-03-28 06:00:00,8977.0
2012-03-28 07:00:00,10129.0
2012-03-28 08:00:00,10254.0
2012-03-28 09:00:00,13305.0
2012-03-28 10:00:00,14381.0
2012-03-28 11:00:00,14381.0
2012-03-28 12:00:00,13925.0
2012-03-28 13:00:00,14332.0
2012-03-28 14:00:00,13509.0
2012-03-28 15:00:00,12888.0
2012-03-28 16:00:00,13800.0
2012-03-28 17:00:00,13750.0
2012-03-28 18:00:00,13851.0
2012-03-28 19:00:00,14761.0
2012-03-28 20:00:00,13825.0
2012-03-28 21:00:00,12406.0
2012-03-28 22:00:00,10053.0
2012-03-28 23:00:00,5673.0
2012-03-29 00:00:00,5344.0
2012-03-29 01:00:00,5319.0
2012-03-29 02:00:00,5104.0
2012-03-29 03:00:00,4837.0
2012-03-29 04:00:00,4952.0
2012-03-29 05:00:00,5306.0
2012-03-29 06:00:00,9559.0
2012-03-29 07:00:00,10142.0
2012-03-29 08:00:00,10698.0
2012-03-29 09:00:00,13710.0
2012-03-29 10:00:00,13585.0
2012-03-29 11:00:00,14748.0
2012-03-29 12:00:00,14583.0
2012-03-29 13:00:00,14053.0
2012-03-29 14:00:00,13963.0
2012-03-29 15:00:00,13293.0
2012-03-29 16:00:00,14370.0
2012-03-29 17:00:00,14484.0
2012-03-29 18:00:00,13976.0
2012-03-29 19:00:00,15294.0
2012-03-29 20:00:00,14242.0
2012-03-29 21:00:00,13243.0
2012-03-29 22:00:00,10445.0
2012-03-29 23:00:00,5546.0
2012-03-30 00:00:00,5344.0
2012-03-30 01:00:00,5648.0
2012-03-30 02:00:00,5281.0
2012-03-30 03:00:00,5053.0
2012-03-30 04:00:00,5205.0
2012-03-30 05:00:00,5635.0
2012-03-30 06:00:00,9407.0
2012-03-30 07:00:00,10699.0
2012-03-30 08:00:00,10850.0
2012-03-30 09:00:00,14482.0
2012-03-30 10:00:00,14584.0
2012-03-30 11:00:00,15267.0
2012-03-30 12:00:00,14724.0
2012-03-30 13:00:00,15255.0
2012-03-30 14:00:00,14825.0
2012-03-30 15:00:00,14179.0
2012-03-30 16:00:00,15256.0
2012-03-30 17:00:00,15243.0
2012-03-30 18:00:00,14204.0
2012-03-30 19:00:00,16180.0
2012-03-30 20:00:00,14621.0
2012-03-30 21:00:00,13445.0
2012-03-30 22:00:00,11838.0
2012-03-30 23:00:00,6028.0
2012-03-31 00:00:00,5598.0
2012-03-31 01:00:00,5559.0
2012-03-31 02:00:00,5394.0
2012-03-31 03:00:00,5205.0
2012-03-31 04:00:00,5230.0
2012-03-31 05:00:00,5774.0
2012-03-31 06:00:00,9990.0
2012-03-31 07:00:00,10027.0
2012-03-31 08:00:00,11154.0
2012-03-31 09:00:00,14749.0
2012-03-31 10:00:00,15167.0
2012-03-31 11:00:00,15292.0
2012-03-31 12:00:00,16888.0
2012-03-31 13:00:00,14964.0
2012-03-31 14:00:00,13737.0
2012-03-31 15:00:00,14205.0
2012-03-31 16:00:00,14292.0
2012-03-31 17:00:00,14649.0
2012-03-31 18:00:00,14863.0
2012-03-31 19:00:00,16407.0
2012-03-31 20:00:00,14268.0
2012-03-31 21:00:00,13572.0
2012-03-31 22:00:00,11319.0
2012-03-31 23:00:00,6243.0
2012-04-01 00:00:00,6001.0
2012-04-01 01:00:00,5863.0
2012-04-01 02:00:00,5774.0
2012-04-01 03:00:00,5483.0
2012-04-01 04:00:00,5610.0
2012-04-01 05:00:00,5635.0
2012-04-01 06:00:00,9078.0
2012-04-01 07:00:00,10243.0
2012-04-01 08:00:00,12559.0
2012-04-01 09:00:00,15369.0
2012-04-01 10:00:00,15128.0
2012-04-01 11:00:00,17104.0
2012-04-01 12:00:00,16027.0
2012-04-01 13:00:00,14736.0
2012-04-01 14:00:00,15053.0
2012-04-01 15:00:00,15344.0
2012-04-01 16:00:00,15167.0
2012-04-01 17:00:00,15838.0
2012-04-01 18:00:00,14281.0
2012-04-01 19:00:00,14356.0
2012-04-01 20:00:00,13737.0
2012-04-01 21:00:00,12697.0
2012-04-01 22:00:00,10432.0
2012-04-01 23:00:00,5546.0
2012-04-02 00:00:00,5382.0
2012-04-02 01:00:00,5433.0
2012-04-02 02:00:00,5217.0
2012-04-02 03:00:00,5066.0
2012-04-02 04:00:00,5104.0
2012-04-02 05:00:00,5572.0
2012-04-02 06:00:00,9596.0
2012-04-02 07:00:00,10242.0
2012-04-02 08:00:00,11128.0
2012-04-02 09:00:00,14230.0
2012-04-02 10:00:00,14977.0
2012-04-02 11:00:00,15470.0
2012-04-02 12:00:00,13888.0
2012-04-02 13:00:00,15052.0
2012-04-02 14:00:00,14495.0
2012-04-02 15:00:00,14369.0
2012-04-02 16:00:00,15509.0
2012-04-02 17:00:00,15470.0
2012-04-02 18:00:00,16306.0
2012-04-02 19:00:00,15090.0
2012-04-02 20:00:00,13547.0
2012-04-02 21:00:00,12914.0
2012-04-02 22:00:00,10166.0
2012-04-02 23:00:00,5445.0
2012-04-03 00:00:00,5497.0
2012-04-03 01:00:00,5432.0
2012-04-03 02:00:00,5369.0
2012-04-03 03:00:00,5002.0
2012-04-03 04:00:00,5192.0
2012-04-03 05:00:00,5572.0
2012-04-03 06:00:00,9597.0
2012-04-03 07:00:00,10370.0
2012-04-03 08:00:00,12774.0
2012-04-03 09:00:00,15269.0
2012-04-03 10:00:00,15383.0
2012-04-03 11:00:00,16002.0
2012-04-03 12:00:00,15559.0
2012-04-03 13:00:00,16129.0
2012-04-03 14:00:00,15369.0
2012-04-03 15:00:00,14482.0
2012-04-03 16:00:00,15560.0
2012-04-03 17:00:00,14838.0
2012-04-03 18:00:00,14913.0
2012-04-03 19:00:00,14889.0
2012-04-03 20:00:00,13483.0
2012-04-03 21:00:00,12862.0
2012-04-03 22:00:00,9825.0
2012-04-03 23:00:00,5407.0
2012-04-04 00:00:00,5343.0
2012-04-04 01:00:00,5268.0
2012-04-04 02:00:00,5002.0
2012-04-04 03:00:00,4826.0
2012-04-04 04:00:00,4901.0
2012-04-04 05:00:00,5395.0
2012-04-04 06:00:00,8710.0
2012-04-04 07:00:00,9559.0
2012-04-04 08:00:00,11686.0
2012-04-04 09:00:00,14622.0
2012-04-04 10:00:00,15458.0
2012-04-04 11:00:00,15217.0
2012-04-04 12:00:00,14509.0
2012-04-04 13:00:00,15547.0
2012-04-04 14:00:00,14837.0
2012-04-04 15:00:00,13939.0
2012-04-04 16:00:00,14547.0
2012-04-04 17:00:00,14826.0
2012-04-04 18:00:00,14964.0
2012-04-04 19:00:00,15622.0
2012-04-04 20:00:00,13838.0
2012-04-04 21:00:00,12800.0
2012-04-04 22:00:00,9989.0
2012-04-04 23:00:00,5343.0
2012-04-05 00:00:00,5269.0
2012-04-05 01:00:00,5319.0
2012-04-05 02:00:00,5167.0
2012-04-05 03:00:00,4736.0
2012-04-05 04:00:00,4837.0
2012-04-05 05:00:00,5192.0
2012-04-05 06:00:00,9952.0
2012-04-05 07:00:00,9989.0
2012-04-05 08:00:00,10977.0
2012-04-05 09:00:00,14419.0
2012-04-05 10:00:00,16446.0
2012-04-05 11:00:00,15660.0
2012-04-05 12:00:00,15749.0
2012-04-05 13:00:00,15179.0
2012-04-05 14:00:00,15521.0
2012-04-05 15:00:00,14546.0
2012-04-05 16:00:00,13888.0
2012-04-05 17:00:00,15217.0
2012-04-05 18:00:00,16508.0
2012-04-05 19:00:00,15521.0
2012-04-05 20:00:00,14014.0
2012-04-05 21:00:00,12685.0
2012-04-05 22:00:00,10357.0
2012-04-05 23:00:00,5041.0
2012-04-06 00:00:00,4598.0
2012-04-06 01:00:00,5027.0
2012-04-06 02:00:00,4559.0
2012-04-06 03:00:00,4395.0
2012-04-06 04:00:00,4394.0
2012-04-06 05:00:00,4774.0
2012-04-06 06:00:00,9584.0
2012-04-06 07:00:00,9736.0
2012-04-06 08:00:00,10902.0
2012-04-06 09:00:00,14762.0
2012-04-06 10:00:00,15470.0
2012-04-06 11:00:00,16191.0
2012-04-06 12:00:00,15444.0
2012-04-06 13:00:00,15863.0
2012-04-06 14:00:00,15976.0
2012-04-06 15:00:00,14888.0
2012-04-06 16:00:00,15698.0
2012-04-06 17:00:00,16572.0
2012-04-06 18:00:00,15508.0
2012-04-06 19:00:00,15192.0
2012-04-06 20:00:00,13167.0
2012-04-06 21:00:00,12241.0
2012-04-06 22:00:00,9331.0
2012-04-06 23:00:00,5559.0
2012-04-07 00:00:00,4964.0
2012-04-07 01:00:00,5053.0
2012-04-07 02:00:00,5028.0
2012-04-07 03:00:00,4457.0
2012-04-07 04:00:00,4686.0
2012-04-07 05:00:00,5205.0
2012-04-07 06:00:00,9343.0
2012-04-07 07:00:00,9850.0
2012-04-07 08:00:00,10129.0
2012-04-07 09:00:00,15255.0
2012-04-07 10:00:00,15584.0
2012-04-07 11:00:00,16306.0
2012-04-07 12:00:00,14786.0
2012-04-07 13:00:00,14977.0
2012-04-07 14:00:00,15015.0
2012-04-07 15:00:00,14699.0
2012-04-07 16:00:00,14863.0
2012-04-07 17:00:00,14887.0
2012-04-07 18:00:00,14951.0
2012-04-07 19:00:00,15116.0
2012-04-07 20:00:00,13774.0
2012-04-07 21:00:00,12811.0
2012-04-07 22:00:00,10469.0
2012-04-07 23:00:00,5509.0
2012-04-08 00:00:00,5205.0
2012-04-08 01:00:00,5206.0
2012-04-08 02:00:00,4862.0
2012-04-08 03:00:00,4723.0
2012-04-08 04:00:00,4698.0
2012-04-08 05:00:00,5255.0
2012-04-08 06:00:00,9863.0
2012-04-08 07:00:00,9560.0
2012-04-08 08:00:00,10837.0
2012-04-08 09:00:00,15205.0
2012-04-08 10:00:00,15850.0
2012-04-08 11:00:00,15129.0
2012-04-08 12:00:00,13837.0
2012-04-08 13:00:00,14256.0
2012-04-08 14:00:00,14078.0
2012-04-08 15:00:00,14115.0
2012-04-08 16:00:00,14102.0
2012-04-08 17:00:00,13837.0
2012-04-08 18:00:00,13990.0
2012-04-08 19:00:00,12268.0
2012-04-08 20:00:00,6432.0
2012-04-08 21:00:00,6216.0
2012-04-08 22:00:00,5521.0
2012-04-08 23:00:00,4977.0
2012-04-09 00:00:00,5166.0
2012-04-09 01:00:00,5420.0
2012-04-09 02:00:00,5065.0
2012-04-09 03:00:00,5090.0
2012-04-09 04:00:00,5103.0
2012-04-09 05:00:00,5407.0
2012-04-09 06:00:00,8952.0
2012-04-09 07:00:00,9849.0
2012-04-09 08:00:00,10306.0
2012-04-09 09:00:00,13862.0
2012-04-09 10:00:00,14508.0
2012-04-09 11:00:00,13927.0
2012-04-09 12:00:00,14597.0
2012-04-09 13:00:00,13685.0
2012-04-09 14:00:00,14419.0
2012-04-09 15:00:00,14293.0
2012-04-09 16:00:00,14230.0
2012-04-09 17:00:00,13229.0
2012-04-09 18:00:00,15192.0
2012-04-09 19:00:00,15129.0
2012-04-09 20:00:00,13799.0
2012-04-09 21:00:00,12520.0
2012-04-09 22:00:00,10255.0
2012-04-09 23:00:00,5217.0
2012-04-10 00:00:00,5192.0
2012-04-10 01:00:00,5470.0
2012-04-10 02:00:00,5129.0
2012-04-10 03:00:00,4762.0
2012-04-10 04:00:00,5102.0
2012-04-10 05:00:00,5470.0
2012-04-10 06:00:00,9027.0
2012-04-10 07:00:00,9229.0
2012-04-10 08:00:00,10356.0
2012-04-10 09:00:00,14267.0
2012-04-10 10:00:00,15039.0
2012-04-10 11:00:00,14723.0
2012-04-10 12:00:00,14356.0
2012-04-10 13:00:00,14039.0
2012-04-10 14:00:00,14382.0
2012-04-10 15:00:00,14206.0
2012-04-10 16:00:00,14318.0
2012-04-10 17:00:00,13775.0
2012-04-10 18:00:00,15269.0
2012-04-10 19:00:00,15610.0
2012-04-10 20:00:00,14470.0
2012-04-10 21:00:00,13255.0
2012-04-10 22:00:00,10458.0
2012-04-10 23:00:00,5331.0
2012-04-11 00:00:00,5167.0
2012-04-11 01:00:00,5357.0
2012-04-11 02:00:00,4989.0
2012-04-11 03:00:00,4887.0
2012-04-11 04:00:00,4938.0
2012-04-11 05:00:00,5471.0
2012-04-11 06:00:00,8812.0
2012-04-11 07:00:00,9090.0
2012-04-11 08:00:00,11710.0
2012-04-11 09:00:00,14407.0
2012-04-11 10:00:00,13407.0
2012-04-11 11:00:00,14496.0
2012-04-11 12:00:00,13914.0
2012-04-11 13:00:00,13647.0
2012-04-11 14:00:00,13116.0
2012-04-11 15:00:00,13129.0
2012-04-11 16:00:00,13610.0
2012-04-11 17:00:00,14204.0
2012-04-11 18:00:00,14318.0
2012-04-11 19:00:00,14496.0
2012-04-11 20:00:00,13534.0
2012-04-11 21:00:00,12585.0
2012-04-11 22:00:00,11318.0
2012-04-11 23:00:00,5989.0
2012-04-12 00:00:00,5255.0
2012-04-12 01:00:00,5457.0
2012-04-12 02:00:00,5293.0
2012-04-12 03:00:00,4990.0
2012-04-12 04:00:00,5027.0
2012-04-12 05:00:00,5547.0
2012-04-12 06:00:00,9141.0
2012-04-12 07:00:00,8901.0
2012-04-12 08:00:00,11065.0
2012-04-12 09:00:00,13332.0
2012-04-12 10:00:00,13824.0
2012-04-12 11:00:00,13762.0
2012-04-12 12:00:00,13623.0
2012-04-12 13:00:00,13547.0
2012-04-12 14:00:00,14166.0
2012-04-12 15:00:00,12876.0
2012-04-12 16:00:00,13419.0
2012-04-12 17:00:00,13116.0
2012-04-12 18:00:00,13446.0
2012-04-12 19:00:00,14243.0
2012-04-12 20:00:00,12888.0
2012-04-12 21:00:00,11710.0
2012-04-12 22:00:00,8939.0
2012-04-12 23:00:00,4887.0
2012-04-13 00:00:00,4596.0
2012-04-13 01:00:00,4989.0
2012-04-13 02:00:00,4571.0
2012-04-13 03:00:00,4268.0
2012-04-13 04:00:00,4444.0
2012-04-13 05:00:00,4862.0
2012-04-13 06:00:00,8559.0
2012-04-13 07:00:00,8610.0
2012-04-13 08:00:00,11736.0
2012-04-13 09:00:00,14584.0
2012-04-13 10:00:00,14634.0
2012-04-13 11:00:00,15482.0
2012-04-13 12:00:00,15799.0
2012-04-13 13:00:00,15002.0
2012-04-13 14:00:00,14344.0
2012-04-13 15:00:00,14648.0
2012-04-13 16:00:00,14685.0
2012-04-13 17:00:00,15142.0
2012-04-13 18:00:00,14976.0
2012-04-13 19:00:00,16065.0
2012-04-13 20:00:00,13977.0
2012-04-13 21:00:00,12939.0
2012-04-13 22:00:00,10609.0
2012-04-13 23:00:00,5445.0
2012-04-14 00:00:00,5218.0
2012-04-14 01:00:00,5256.0
2012-04-14 02:00:00,4774.0
2012-04-14 03:00:00,4534.0
2012-04-14 04:00:00,4444.0
2012-04-14 05:00:00,4926.0
2012-04-14 06:00:00,8470.0
2012-04-14 07:00:00,9229.0
2012-04-14 08:00:00,11711.0
2012-04-14 09:00:00,13926.0
2012-04-14 10:00:00,15078.0
2012-04-14 11:00:00,14926.0
2012-04-14 12:00:00,14495.0
2012-04-14 13:00:00,14913.0
2012-04-14 14:00:00,14331.0
2012-04-14 15:00:00,13926.0
2012-04-14 16:00:00,14445.0
2012-04-14 17:00:00,14825.0
2012-04-14 18:00:00,13774.0
2012-04-14 19:00:00,13685.0
2012-04-14 20:00:00,12546.0
2012-04-14 21:00:00,11712.0
2012-04-14 22:00:00,8913.0
2012-04-14 23:00:00,5191.0
2012-04-15 00:00:00,4888.0
2012-04-15 01:00:00,4990.0
2012-04-15 02:00:00,4584.0
2012-04-15 03:00:00,4293.0
2012-04-15 04:00:00,4242.0
2012-04-15 05:00:00,4875.0
2012-04-15 06:00:00,8027.0
2012-04-15 07:00:00,8787.0
2012-04-15 08:00:00,11357.0
2012-04-15 09:00:00,15078.0
2012-04-15 10:00:00,14318.0
2012-04-15 11:00:00,14458.0
2012-04-15 12:00:00,13495.0
2012-04-15 13:00:00,13749.0
2012-04-15 14:00:00,14218.0
2012-04-15 15:00:00,13686.0
2012-04-15 16:00:00,14154.0
2012-04-15 17:00:00,13305.0
2012-04-15 18:00:00,13964.0
2012-04-15 19:00:00,14369.0
2012-04-15 20:00:00,13281.0
2012-04-15 21:00:00,12217.0
2012-04-15 22:00:00,9243.0
2012-04-15 23:00:00,4673.0
2012-04-16 00:00:00,4622.0
2012-04-16 01:00:00,4964.0
2012-04-16 02:00:00,4685.0
2012-04-16 03:00:00,4382.0
2012-04-16 04:00:00,4407.0
2012-04-16 05:00:00,4926.0
2012-04-16 06:00:00,8685.0
2012-04-16 07:00:00,8243.0
2012-04-16 08:00:00,9446.0
2012-04-16 09:00:00,12963.0
2012-04-16 10:00:00,13775.0
2012-04-16 11:00:00,13128.0
2012-04-16 12:00:00,13674.0
2012-04-16 13:00:00,13761.0
2012-04-16 14:00:00,13028.0
2012-04-16 15:00:00,12913.0
2012-04-16 16:00:00,12901.0
2012-04-16 17:00:00,13205.0
2012-04-16 18:00:00,14407.0
2012-04-16 19:00:00,14255.0
2012-04-16 20:00:00,13686.0
2012-04-16 21:00:00,12711.0
2012-04-16 22:00:00,10685.0
2012-04-16 23:00:00,7737.0
2012-04-17 00:00:00,7166.0
2012-04-17 01:00:00,6951.0
2012-04-17 02:00:00,5775.0
2012-04-17 03:00:00,4482.0
2012-04-17 04:00:00,4533.0
2012-04-17 05:00:00,4977.0
2012-04-17 06:00:00,8293.0
2012-04-17 07:00:00,8509.0
2012-04-17 08:00:00,11584.0
2012-04-17 09:00:00,14394.0
2012-04-17 10:00:00,13471.0
2012-04-17 11:00:00,14938.0
2012-04-17 12:00:00,14217.0
2012-04-17 13:00:00,14964.0
2012-04-17 14:00:00,14179.0
2012-04-17 15:00:00,13508.0
2012-04-17 16:00:00,13470.0
2012-04-17 17:00:00,12862.0
2012-04-17 18:00:00,13876.0
2012-04-17 19:00:00,15129.0
2012-04-17 20:00:00,13535.0
2012-04-17 21:00:00,12750.0
2012-04-17 22:00:00,9495.0
2012-04-17 23:00:00,5255.0
2012-04-18 00:00:00,5256.0
2012-04-18 01:00:00,5407.0
2012-04-18 02:00:00,5154.0
2012-04-18 03:00:00,4951.0
2012-04-18 04:00:00,5129.0
2012-04-18 05:00:00,5356.0
2012-04-18 06:00:00,9065.0
2012-04-18 07:00:00,9559.0
2012-04-18 08:00:00,11255.0
2012-04-18 09:00:00,13242.0
2012-04-18 10:00:00,13571.0
2012-04-18 11:00:00,14141.0
2012-04-18 12:00:00,14344.0
2012-04-18 13:00:00,14103.0
2012-04-18 14:00:00,14317.0
2012-04-18 15:00:00,13634.0
2012-04-18 16:00:00,13775.0
2012-04-18 17:00:00,13698.0
2012-04-18 18:00:00,14192.0
2012-04-18 19:00:00,14901.0
2012-04-18 20:00:00,13547.0
2012-04-18 21:00:00,12521.0
2012-04-18 22:00:00,9192.0
2012-04-18 23:00:00,4952.0
2012-04-19 00:00:00,5091.0
2012-04-19 01:00:00,5306.0
2012-04-19 02:00:00,4977.0
2012-04-19 03:00:00,4761.0
2012-04-19 04:00:00,4926.0
2012-04-19 05:00:00,5255.0
2012-04-19 06:00:00,8686.0
2012-04-19 07:00:00,8964.0
2012-04-19 08:00:00,11673.0
2012-04-19 09:00:00,13686.0
2012-04-19 10:00:00,14761.0
2012-04-19 11:00:00,15407.0
2012-04-19 12:00:00,13255.0
2012-04-19 13:00:00,13306.0
2012-04-19 14:00:00,13914.0
2012-04-19 15:00:00,15104.0
2012-04-19 16:00:00,14559.0
2012-04-19 17:00:00,14293.0
2012-04-19 18:00:00,13801.0
2012-04-19 19:00:00,14520.0
2012-04-19 20:00:00,13913.0
2012-04-19 21:00:00,13002.0
2012-04-19 22:00:00,9622.0
2012-04-19 23:00:00,5521.0
2012-04-20 00:00:00,5558.0
2012-04-20 01:00:00,5535.0
2012-04-20 02:00:00,5357.0
2012-04-20 03:00:00,5167.0
2012-04-20 04:00:00,5242.0
2012-04-20 05:00:00,5648.0
2012-04-20 06:00:00,9748.0
2012-04-20 07:00:00,8850.0
2012-04-20 08:00:00,11256.0
2012-04-20 09:00:00,13483.0
2012-04-20 10:00:00,15243.0
2012-04-20 11:00:00,13799.0
2012-04-20 12:00:00,13938.0
2012-04-20 13:00:00,14001.0
2012-04-20 14:00:00,13712.0
2012-04-20 15:00:00,14154.0
2012-04-20 16:00:00,14470.0
2012-04-20 17:00:00,14243.0
2012-04-20 18:00:00,14837.0
2012-04-20 19:00:00,16002.0
2012-04-20 20:00:00,14394.0
2012-04-20 21:00:00,13001.0
2012-04-20 22:00:00,10825.0
2012-04-20 23:00:00,5636.0
2012-04-21 00:00:00,5433.0
2012-04-21 01:00:00,5483.0
2012-04-21 02:00:00,5167.0
2012-04-21 03:00:00,4951.0
2012-04-21 04:00:00,5065.0
2012-04-21 05:00:00,5533.0
2012-04-21 06:00:00,9305.0
2012-04-21 07:00:00,9078.0
2012-04-21 08:00:00,10674.0
2012-04-21 09:00:00,14559.0
2012-04-21 10:00:00,15724.0
2012-04-21 11:00:00,16065.0
2012-04-21 12:00:00,15813.0
2012-04-21 13:00:00,15571.0
2012-04-21 14:00:00,16559.0
2012-04-21 15:00:00,15787.0
2012-04-21 16:00:00,15496.0
2012-04-21 17:00:00,15762.0
2012-04-21 18:00:00,15723.0
2012-04-21 19:00:00,15179.0
2012-04-21 20:00:00,14369.0
2012-04-21 21:00:00,13255.0
2012-04-21 22:00:00,10154.0
2012-04-21 23:00:00,5976.0
2012-04-22 00:00:00,5572.0
2012-04-22 01:00:00,5636.0
2012-04-22 02:00:00,5293.0
2012-04-22 03:00:00,5129.0
2012-04-22 04:00:00,5153.0
2012-04-22 05:00:00,5686.0
2012-04-22 06:00:00,9332.0
2012-04-22 07:00:00,9129.0
2012-04-22 08:00:00,12065.0
2012-04-22 09:00:00,15078.0
2012-04-22 10:00:00,15888.0
2012-04-22 11:00:00,15963.0
2012-04-22 12:00:00,15887.0
2012-04-22 13:00:00,15723.0
2012-04-22 14:00:00,15116.0
2012-04-22 15:00:00,15457.0
2012-04-22 16:00:00,15218.0
2012-04-22 17:00:00,15812.0
2012-04-22 18:00:00,15876.0
2012-04-22 19:00:00,15064.0
2012-04-22 20:00:00,13926.0
2012-04-22 21:00:00,13130.0
2012-04-22 22:00:00,10053.0
2012-04-22 23:00:00,5331.0
2012-04-23 00:00:00,5345.0
2012-04-23 01:00:00,5394.0
2012-04-23 02:00:00,5041.0
2012-04-23 03:00:00,4875.0
2012-04-23 04:00:00,4876.0
2012-04-23 05:00:00,5116.0
2012-04-23 06:00:00,8774.0
2012-04-23 07:00:00,8964.0
2012-04-23 08:00:00,11673.0
2012-04-23 09:00:00,13927.0
2012-04-23 10:00:00,13825.0
2012-04-23 11:00:00,14762.0
2012-04-23 12:00:00,14255.0
2012-04-23 13:00:00,13572.0
2012-04-23 14:00:00,14356.0
2012-04-23 15:00:00,13395.0
2012-04-23 16:00:00,13799.0
2012-04-23 17:00:00,13863.0
2012-04-23 18:00:00,15686.0
2012-04-23 19:00:00,15913.0
2012-04-23 20:00:00,14964.0
2012-04-23 21:00:00,13229.0
2012-04-23 22:00:00,12066.0
2012-04-23 23:00:00,6104.0
2012-04-24 00:00:00,5484.0
2012-04-24 01:00:00,5597.0
2012-04-24 02:00:00,5256.0
2012-04-24 03:00:00,5065.0
2012-04-24 04:00:00,5179.0
2012-04-24 05:00:00,5598.0
2012-04-24 06:00:00,9368.0
2012-04-24 07:00:00,9369.0
2012-04-24 08:00:00,11547.0
2012-04-24 09:00:00,13357.0
2012-04-24 10:00:00,13761.0
2012-04-24 11:00:00,14547.0
2012-04-24 12:00:00,15104.0
2012-04-24 13:00:00,14053.0
2012-04-24 14:00:00,13306.0
2012-04-24 15:00:00,13142.0
2012-04-24 16:00:00,14610.0
2012-04-24 17:00:00,14660.0
2012-04-24 18:00:00,14572.0
2012-04-24 19:00:00,15014.0
2012-04-24 20:00:00,13496.0
2012-04-24 21:00:00,12065.0
2012-04-24 22:00:00,9470.0
2012-04-24 23:00:00,5154.0
2012-04-25 00:00:00,5129.0
2012-04-25 01:00:00,5218.0
2012-04-25 02:00:00,4939.0
2012-04-25 03:00:00,4724.0
2012-04-25 04:00:00,4887.0
2012-04-25 05:00:00,5090.0
2012-04-25 06:00:00,9065.0
2012-04-25 07:00:00,9483.0
2012-04-25 08:00:00,11876.0
2012-04-25 09:00:00,13534.0
2012-04-25 10:00:00,15027.0
2012-04-25 11:00:00,13950.0
2012-04-25 12:00:00,14926.0
2012-04-25 13:00:00,14382.0
2012-04-25 14:00:00,14180.0
2012-04-25 15:00:00,14028.0
2012-04-25 16:00:00,14090.0
2012-04-25 17:00:00,13913.0
2012-04-25 18:00:00,14306.0
2012-04-25 19:00:00,15471.0
2012-04-25 20:00:00,13914.0
2012-04-25 21:00:00,12938.0
2012-04-25 22:00:00,9876.0
2012-04-25 23:00:00,5433.0
2012-04-26 00:00:00,5622.0
2012-04-26 01:00:00,5509.0
2012-04-26 02:00:00,5357.0
2012-04-26 03:00:00,5091.0
2012-04-26 04:00:00,5243.0
2012-04-26 05:00:00,5762.0
2012-04-26 06:00:00,9331.0
2012-04-26 07:00:00,9129.0
2012-04-26 08:00:00,11611.0
2012-04-26 09:00:00,14191.0
2012-04-26 10:00:00,14457.0
2012-04-26 11:00:00,14293.0
2012-04-26 12:00:00,14748.0
2012-04-26 13:00:00,14711.0
2012-04-26 14:00:00,14319.0
2012-04-26 15:00:00,13978.0
2012-04-26 16:00:00,13976.0
2012-04-26 17:00:00,15129.0
2012-04-26 18:00:00,15104.0
2012-04-26 19:00:00,16229.0
2012-04-26 20:00:00,14419.0
2012-04-26 21:00:00,13217.0
2012-04-26 22:00:00,10369.0
2012-04-26 23:00:00,5331.0
2012-04-27 00:00:00,5217.0
2012-04-27 01:00:00,5256.0
2012-04-27 02:00:00,5090.0
2012-04-27 03:00:00,4862.0
2012-04-27 04:00:00,4926.0
2012-04-27 05:00:00,5458.0
2012-04-27 06:00:00,8939.0
2012-04-27 07:00:00,8888.0
2012-04-27 08:00:00,12077.0
2012-04-27 09:00:00,14686.0
2012-04-27 10:00:00,15040.0
2012-04-27 11:00:00,14952.0
2012-04-27 12:00:00,14483.0
2012-04-27 13:00:00,13800.0
2012-04-27 14:00:00,15395.0
2012-04-27 15:00:00,15090.0
2012-04-27 16:00:00,16420.0
2012-04-27 17:00:00,15698.0
2012-04-27 18:00:00,16140.0
2012-04-27 19:00:00,17394.0
2012-04-27 20:00:00,15457.0
2012-04-27 21:00:00,13394.0
2012-04-27 22:00:00,10521.0
2012-04-27 23:00:00,5875.0
2012-04-28 00:00:00,5673.0
2012-04-28 01:00:00,5559.0
2012-04-28 02:00:00,5305.0
2012-04-28 03:00:00,5104.0
2012-04-28 04:00:00,5179.0
2012-04-28 05:00:00,5407.0
2012-04-28 06:00:00,9243.0
2012-04-28 07:00:00,8381.0
2012-04-28 08:00:00,11470.0
2012-04-28 09:00:00,16027.0
2012-04-28 10:00:00,16128.0
2012-04-28 11:00:00,16470.0
2012-04-28 12:00:00,14888.0
2012-04-28 13:00:00,15445.0
2012-04-28 14:00:00,15813.0
2012-04-28 15:00:00,14078.0
2012-04-28 16:00:00,15331.0
2012-04-28 17:00:00,15242.0
2012-04-28 18:00:00,15217.0
2012-04-28 19:00:00,15838.0
2012-04-28 20:00:00,15217.0
2012-04-28 21:00:00,13013.0
2012-04-28 22:00:00,10951.0
2012-04-28 23:00:00,5572.0
2012-04-29 00:00:00,5167.0
2012-04-29 01:00:00,5040.0
2012-04-29 02:00:00,4623.0
2012-04-29 03:00:00,4394.0
2012-04-29 04:00:00,4672.0
2012-04-29 05:00:00,4926.0
2012-04-29 06:00:00,8407.0
2012-04-29 07:00:00,8977.0
2012-04-29 08:00:00,10812.0
2012-04-29 09:00:00,13711.0
2012-04-29 10:00:00,14572.0
2012-04-29 11:00:00,14230.0
2012-04-29 12:00:00,13914.0
2012-04-29 13:00:00,14787.0
2012-04-29 14:00:00,13496.0
2012-04-29 15:00:00,13102.0
2012-04-29 16:00:00,14217.0
2012-04-29 17:00:00,14546.0
2012-04-29 18:00:00,15104.0
2012-04-29 19:00:00,15218.0
2012-04-29 20:00:00,13166.0
2012-04-29 21:00:00,12483.0
2012-04-29 22:00:00,10976.0
2012-04-29 23:00:00,5421.0
2012-04-30 00:00:00,4976.0
2012-04-30 01:00:00,5231.0
2012-04-30 02:00:00,4900.0
2012-04-30 03:00:00,4546.0
2012-04-30 04:00:00,4749.0
2012-04-30 05:00:00,5154.0
2012-04-30 06:00:00,8507.0
2012-04-30 07:00:00,8572.0
2012-04-30 08:00:00,10458.0
2012-04-30 09:00:00,13559.0
2012-04-30 10:00:00,15471.0
2012-04-30 11:00:00,13774.0
2012-04-30 12:00:00,14420.0
2012-04-30 13:00:00,13357.0
2012-04-30 14:00:00,13736.0
2012-04-30 15:00:00,13533.0
2012-04-30 16:00:00,14344.0
2012-04-30 17:00:00,14002.0
2012-04-30 18:00:00,13774.0
2012-04-30 19:00:00,15762.0
2012-04-30 20:00:00,13736.0
2012-04-30 21:00:00,12571.0
2012-04-30 22:00:00,10256.0
2012-04-30 23:00:00,5647.0
2012-05-01 00:00:00,5305.0
2012-05-01 01:00:00,5116.0
2012-05-01 02:00:00,4685.0
2012-05-01 03:00:00,4470.0
2012-05-01 04:00:00,4534.0
2012-05-01 05:00:00,4952.0
2012-05-01 06:00:00,8407.0
2012-05-01 07:00:00,8863.0
2012-05-01 08:00:00,11192.0
2012-05-01 09:00:00,14433.0
2012-05-01 10:00:00,14989.0
2012-05-01 11:00:00,15611.0
2012-05-01 12:00:00,15547.0
2012-05-01 13:00:00,14900.0
2012-05-01 14:00:00,14533.0
2012-05-01 15:00:00,14446.0
2012-05-01 16:00:00,14571.0
2012-05-01 17:00:00,15053.0
2012-05-01 18:00:00,15622.0
2012-05-01 19:00:00,16179.0
2012-05-01 20:00:00,14066.0
2012-05-01 21:00:00,12774.0
2012-05-01 22:00:00,10736.0
2012-05-01 23:00:00,6002.0
2012-05-02 00:00:00,5888.0
2012-05-02 01:00:00,5939.0
2012-05-02 02:00:00,5889.0
2012-05-02 03:00:00,5786.0
2012-05-02 04:00:00,5851.0
2012-05-02 05:00:00,5673.0
2012-05-02 06:00:00,9192.0
2012-05-02 07:00:00,8760.0
2012-05-02 08:00:00,11724.0
2012-05-02 09:00:00,13560.0
2012-05-02 10:00:00,15167.0
2012-05-02 11:00:00,14787.0
2012-05-02 12:00:00,15078.0
2012-05-02 13:00:00,14558.0
2012-05-02 14:00:00,14370.0
2012-05-02 15:00:00,15243.0
2012-05-02 16:00:00,15015.0
2012-05-02 17:00:00,14788.0
2012-05-02 18:00:00,15724.0
2012-05-02 19:00:00,14977.0
2012-05-02 20:00:00,13800.0
2012-05-02 21:00:00,12419.0
2012-05-02 22:00:00,10394.0
2012-05-02 23:00:00,5888.0
2012-05-03 00:00:00,5774.0
2012-05-03 01:00:00,6065.0
2012-05-03 02:00:00,5876.0
2012-05-03 03:00:00,5686.0
2012-05-03 04:00:00,5850.0
2012-05-03 05:00:00,5685.0
2012-05-03 06:00:00,9230.0
2012-05-03 07:00:00,9054.0
2012-05-03 08:00:00,11710.0
2012-05-03 09:00:00,14230.0
2012-05-03 10:00:00,14204.0
2012-05-03 11:00:00,15243.0
2012-05-03 12:00:00,14331.0
2012-05-03 13:00:00,14192.0
2012-05-03 14:00:00,14482.0
2012-05-03 15:00:00,14229.0
2012-05-03 16:00:00,13901.0
2012-05-03 17:00:00,13647.0
2012-05-03 18:00:00,14355.0
2012-05-03 19:00:00,15737.0
2012-05-03 20:00:00,14597.0
2012-05-03 21:00:00,13104.0
2012-05-03 22:00:00,10078.0
2012-05-03 23:00:00,5977.0
2012-05-04 00:00:00,6027.0
2012-05-04 01:00:00,6040.0
2012-05-04 02:00:00,5736.0
2012-05-04 03:00:00,5763.0
2012-05-04 04:00:00,5838.0
2012-05-04 05:00:00,5623.0
2012-05-04 06:00:00,9522.0
2012-05-04 07:00:00,9280.0
2012-05-04 08:00:00,12104.0
2012-05-04 09:00:00,15128.0
2012-05-04 10:00:00,14380.0
2012-05-04 11:00:00,15609.0
2012-05-04 12:00:00,14800.0
2012-05-04 13:00:00,15546.0
2012-05-04 14:00:00,15014.0
2012-05-04 15:00:00,14231.0
2012-05-04 16:00:00,14521.0
2012-05-04 17:00:00,15597.0
2012-05-04 18:00:00,15153.0
2012-05-04 19:00:00,15546.0
2012-05-04 20:00:00,14204.0
2012-05-04 21:00:00,12951.0
2012-05-04 22:00:00,10572.0
2012-05-04 23:00:00,6040.0
2012-05-05 00:00:00,6015.0
2012-05-05 01:00:00,5888.0
2012-05-05 02:00:00,5648.0
2012-05-05 03:00:00,5558.0
2012-05-05 04:00:00,5926.0
2012-05-05 05:00:00,5800.0
2012-05-05 06:00:00,10419.0
2012-05-05 07:00:00,9964.0
2012-05-05 08:00:00,11471.0
2012-05-05 09:00:00,16002.0
2012-05-05 10:00:00,16179.0
2012-05-05 11:00:00,16635.0
2012-05-05 12:00:00,16254.0
2012-05-05 13:00:00,16370.0
2012-05-05 14:00:00,15850.0
2012-05-05 15:00:00,16408.0
2012-05-05 16:00:00,15660.0
2012-05-05 17:00:00,15116.0
2012-05-05 18:00:00,14977.0
2012-05-05 19:00:00,15128.0
2012-05-05 20:00:00,13990.0
2012-05-05 21:00:00,13052.0
2012-05-05 22:00:00,10850.0
2012-05-05 23:00:00,5710.0
2012-05-06 00:00:00,5319.0
2012-05-06 01:00:00,5294.0
2012-05-06 02:00:00,5039.0
2012-05-06 03:00:00,4774.0
2012-05-06 04:00:00,4888.0
2012-05-06 05:00:00,5306.0
2012-05-06 06:00:00,9787.0
2012-05-06 07:00:00,9963.0
2012-05-06 08:00:00,10521.0
2012-05-06 09:00:00,13142.0
2012-05-06 10:00:00,14318.0
2012-05-06 11:00:00,13546.0
2012-05-06 12:00:00,13546.0
2012-05-06 13:00:00,14141.0
2012-05-06 14:00:00,13432.0
2012-05-06 15:00:00,12813.0
2012-05-06 16:00:00,13698.0
2012-05-06 17:00:00,13039.0
2012-05-06 18:00:00,14028.0
2012-05-06 19:00:00,14065.0
2012-05-06 20:00:00,14559.0
2012-05-06 21:00:00,12496.0
2012-05-06 22:00:00,9141.0
2012-05-06 23:00:00,5153.0
2012-05-07 00:00:00,5268.0
2012-05-07 01:00:00,5293.0
2012-05-07 02:00:00,5040.0
2012-05-07 03:00:00,4862.0
2012-05-07 04:00:00,4951.0
2012-05-07 05:00:00,5319.0
2012-05-07 06:00:00,10837.0
2012-05-07 07:00:00,9117.0
2012-05-07 08:00:00,10369.0
2012-05-07 09:00:00,13534.0
2012-05-07 10:00:00,13837.0
2012-05-07 11:00:00,15383.0
2012-05-07 12:00:00,14597.0
2012-05-07 13:00:00,14180.0
2012-05-07 14:00:00,14065.0
2012-05-07 15:00:00,14318.0
2012-05-07 16:00:00,15279.0
2012-05-07 17:00:00,14255.0
2012-05-07 18:00:00,15028.0
2012-05-07 19:00:00,15306.0
2012-05-07 20:00:00,14622.0
2012-05-07 21:00:00,13711.0
2012-05-07 22:00:00,11509.0
2012-05-07 23:00:00,9268.0
2012-05-08 00:00:00,9535.0
2012-05-08 01:00:00,9395.0
2012-05-08 02:00:00,7267.0
2012-05-08 03:00:00,5686.0
2012-05-08 04:00:00,5724.0
2012-05-08 05:00:00,5482.0
2012-05-08 06:00:00,11091.0
2012-05-08 07:00:00,10875.0
2012-05-08 08:00:00,11204.0
2012-05-08 09:00:00,15394.0
2012-05-08 10:00:00,15420.0
2012-05-08 11:00:00,15584.0
2012-05-08 12:00:00,14369.0
2012-05-08 13:00:00,14939.0
2012-05-08 14:00:00,15256.0
2012-05-08 15:00:00,14597.0
2012-05-08 16:00:00,14281.0
2012-05-08 17:00:00,14850.0
2012-05-08 18:00:00,15065.0
2012-05-08 19:00:00,14889.0
2012-05-08 20:00:00,13344.0
2012-05-08 21:00:00,12419.0
2012-05-08 22:00:00,9598.0
2012-05-08 23:00:00,5748.0
2012-05-09 00:00:00,5723.0
2012-05-09 01:00:00,5838.0
2012-05-09 02:00:00,5660.0
2012-05-09 03:00:00,5610.0
2012-05-09 04:00:00,5484.0
2012-05-09 05:00:00,5812.0
2012-05-09 06:00:00,10495.0
2012-05-09 07:00:00,10458.0
2012-05-09 08:00:00,11331.0
2012-05-09 09:00:00,14128.0
2012-05-09 10:00:00,14192.0
2012-05-09 11:00:00,15622.0
2012-05-09 12:00:00,15192.0
2012-05-09 13:00:00,14749.0
2012-05-09 14:00:00,14812.0
2012-05-09 15:00:00,14332.0
2012-05-09 16:00:00,15458.0
2012-05-09 17:00:00,14939.0
2012-05-09 18:00:00,15356.0
2012-05-09 19:00:00,15749.0
2012-05-09 20:00:00,15382.0
2012-05-09 21:00:00,14445.0
2012-05-09 22:00:00,11357.0
2012-05-09 23:00:00,6495.0
2012-05-10 00:00:00,6432.0
2012-05-10 01:00:00,6368.0
2012-05-10 02:00:00,6015.0
2012-05-10 03:00:00,6015.0
2012-05-10 04:00:00,5812.0
2012-05-10 05:00:00,6054.0
2012-05-10 06:00:00,10724.0
2012-05-10 07:00:00,10483.0
2012-05-10 08:00:00,10875.0
2012-05-10 09:00:00,13978.0
2012-05-10 10:00:00,14837.0
2012-05-10 11:00:00,15609.0
2012-05-10 12:00:00,15458.0
2012-05-10 13:00:00,15294.0
2012-05-10 14:00:00,15472.0
2012-05-10 15:00:00,14458.0
2012-05-10 16:00:00,15471.0
2012-05-10 17:00:00,14824.0
2012-05-10 18:00:00,15117.0
2012-05-10 19:00:00,15723.0
2012-05-10 20:00:00,14204.0
2012-05-10 21:00:00,12863.0
2012-05-10 22:00:00,10458.0
2012-05-10 23:00:00,6167.0
2012-05-11 00:00:00,6039.0
2012-05-11 01:00:00,6053.0
2012-05-11 02:00:00,5761.0
2012-05-11 03:00:00,5673.0
2012-05-11 04:00:00,5457.0
2012-05-11 05:00:00,5938.0
2012-05-11 06:00:00,10432.0
2012-05-11 07:00:00,10091.0
2012-05-11 08:00:00,11521.0
2012-05-11 09:00:00,14686.0
2012-05-11 10:00:00,14609.0
2012-05-11 11:00:00,16686.0
2012-05-11 12:00:00,16660.0
2012-05-11 13:00:00,15445.0
2012-05-11 14:00:00,15217.0
2012-05-11 15:00:00,15876.0
2012-05-11 16:00:00,16571.0
2012-05-11 17:00:00,15432.0
2012-05-11 18:00:00,16191.0
2012-05-11 19:00:00,16749.0
2012-05-11 20:00:00,16116.0
2012-05-11 21:00:00,14407.0
2012-05-11 22:00:00,12559.0
2012-05-11 23:00:00,6774.0
2012-05-12 00:00:00,6445.0
2012-05-12 01:00:00,6293.0
2012-05-12 02:00:00,6027.0
2012-05-12 03:00:00,6027.0
2012-05-12 04:00:00,5799.0
2012-05-12 05:00:00,6216.0
2012-05-12 06:00:00,11242.0
2012-05-12 07:00:00,10609.0
2012-05-12 08:00:00,12242.0
2012-05-12 09:00:00,15989.0
2012-05-12 10:00:00,16039.0
2012-05-12 11:00:00,16825.0
2012-05-12 12:00:00,16192.0
2012-05-12 13:00:00,16888.0
2012-05-12 14:00:00,16003.0
2012-05-12 15:00:00,15938.0
2012-05-12 16:00:00,16546.0
2012-05-12 17:00:00,15787.0
2012-05-12 18:00:00,16508.0
2012-05-12 19:00:00,16598.0
2012-05-12 20:00:00,15091.0
2012-05-12 21:00:00,14191.0
2012-05-12 22:00:00,12281.0
2012-05-12 23:00:00,7154.0
2012-05-13 00:00:00,6648.0
2012-05-13 01:00:00,6647.0
2012-05-13 02:00:00,6331.0
2012-05-13 03:00:00,6217.0
2012-05-13 04:00:00,6154.0
2012-05-13 05:00:00,6483.0
2012-05-13 06:00:00,11432.0
2012-05-13 07:00:00,11014.0
2012-05-13 08:00:00,12901.0
2012-05-13 09:00:00,14394.0
2012-05-13 10:00:00,16849.0
2012-05-13 11:00:00,16723.0
2012-05-13 12:00:00,15559.0
2012-05-13 13:00:00,15952.0
2012-05-13 14:00:00,16926.0
2012-05-13 15:00:00,15014.0
2012-05-13 16:00:00,15281.0
2012-05-13 17:00:00,14951.0
2012-05-13 18:00:00,15369.0
2012-05-13 19:00:00,15267.0
2012-05-13 20:00:00,13876.0
2012-05-13 21:00:00,13458.0
2012-05-13 22:00:00,11597.0
2012-05-13 23:00:00,6901.0
2012-05-14 00:00:00,6382.0
2012-05-14 01:00:00,6445.0
2012-05-14 02:00:00,6128.0
2012-05-14 03:00:00,6040.0
2012-05-14 04:00:00,6052.0
2012-05-14 05:00:00,6585.0
2012-05-14 06:00:00,11445.0
2012-05-14 07:00:00,11078.0
2012-05-14 08:00:00,12647.0
2012-05-14 09:00:00,15267.0
2012-05-14 10:00:00,16041.0
2012-05-14 11:00:00,16204.0
2012-05-14 12:00:00,16723.0
2012-05-14 13:00:00,21408.0
2012-05-14 14:00:00,21776.0
2012-05-14 15:00:00,21749.0
2012-05-14 16:00:00,21774.0
2012-05-14 17:00:00,19444.0
2012-05-14 18:00:00,19837.0
2012-05-14 19:00:00,19659.0
2012-05-14 20:00:00,15369.0
2012-05-14 21:00:00,13851.0
2012-05-14 22:00:00,11699.0
2012-05-14 23:00:00,7305.0
2012-05-15 00:00:00,6369.0
2012-05-15 01:00:00,6381.0
2012-05-15 02:00:00,5990.0
2012-05-15 03:00:00,5889.0
2012-05-15 04:00:00,5686.0
2012-05-15 05:00:00,6204.0
2012-05-15 06:00:00,9053.0
2012-05-15 07:00:00,10939.0
2012-05-15 08:00:00,13964.0
2012-05-15 09:00:00,14660.0
2012-05-15 10:00:00,14597.0
2012-05-15 11:00:00,15800.0
2012-05-15 12:00:00,15560.0
2012-05-15 13:00:00,19079.0
2012-05-15 14:00:00,20559.0
2012-05-15 15:00:00,20622.0
2012-05-15 16:00:00,21495.0
2012-05-15 17:00:00,21242.0
2012-05-15 18:00:00,21052.0
2012-05-15 19:00:00,20420.0
2012-05-15 20:00:00,16205.0
2012-05-15 21:00:00,14583.0
2012-05-15 22:00:00,11799.0
2012-05-15 23:00:00,6635.0
2012-05-16 00:00:00,6180.0
2012-05-16 01:00:00,6305.0
2012-05-16 02:00:00,5977.0
2012-05-16 03:00:00,5926.0
2012-05-16 04:00:00,5864.0
2012-05-16 05:00:00,6090.0
2012-05-16 06:00:00,9559.0
2012-05-16 07:00:00,11103.0
2012-05-16 08:00:00,12419.0
2012-05-16 09:00:00,15041.0
2012-05-16 10:00:00,15838.0
2012-05-16 11:00:00,15622.0
2012-05-16 12:00:00,15521.0
2012-05-16 13:00:00,15306.0
2012-05-16 14:00:00,17180.0
2012-05-16 15:00:00,15432.0
2012-05-16 16:00:00,16774.0
2012-05-16 17:00:00,16281.0
2012-05-16 18:00:00,16774.0
2012-05-16 19:00:00,16546.0
2012-05-16 20:00:00,15079.0
2012-05-16 21:00:00,13748.0
2012-05-16 22:00:00,11256.0
2012-05-16 23:00:00,6800.0
2012-05-17 00:00:00,6596.0
2012-05-17 01:00:00,6609.0
2012-05-17 02:00:00,6369.0
2012-05-17 03:00:00,6230.0
2012-05-17 04:00:00,6178.0
2012-05-17 05:00:00,6596.0
2012-05-17 06:00:00,11408.0
2012-05-17 07:00:00,11154.0
2012-05-17 08:00:00,12292.0
2012-05-17 09:00:00,15989.0
2012-05-17 10:00:00,16432.0
2012-05-17 11:00:00,16079.0
2012-05-17 12:00:00,15305.0
2012-05-17 13:00:00,14913.0
2012-05-17 14:00:00,15825.0
2012-05-17 15:00:00,15559.0
2012-05-17 16:00:00,15230.0
2012-05-17 17:00:00,15799.0
2012-05-17 18:00:00,15888.0
2012-05-17 19:00:00,16635.0
2012-05-17 20:00:00,15204.0
2012-05-17 21:00:00,13786.0
2012-05-17 22:00:00,11649.0
2012-05-17 23:00:00,6559.0
2012-05-18 00:00:00,6343.0
2012-05-18 01:00:00,6319.0
2012-05-18 02:00:00,6014.0
2012-05-18 03:00:00,5964.0
2012-05-18 04:00:00,5978.0
2012-05-18 05:00:00,6204.0
2012-05-18 06:00:00,10547.0
2012-05-18 07:00:00,10597.0
2012-05-18 08:00:00,11559.0
2012-05-18 09:00:00,13774.0
2012-05-18 10:00:00,14685.0
2012-05-18 11:00:00,15559.0
2012-05-18 12:00:00,15167.0
2012-05-18 13:00:00,14533.0
2012-05-18 14:00:00,15091.0
2012-05-18 15:00:00,13914.0
2012-05-18 16:00:00,14876.0
2012-05-18 17:00:00,14661.0
2012-05-18 18:00:00,15306.0
2012-05-18 19:00:00,15484.0
2012-05-18 20:00:00,14280.0
2012-05-18 21:00:00,12876.0
2012-05-18 22:00:00,10723.0
2012-05-18 23:00:00,6496.0
2012-05-19 00:00:00,5913.0
2012-05-19 01:00:00,5851.0
2012-05-19 02:00:00,5635.0
2012-05-19 03:00:00,5508.0
2012-05-19 04:00:00,5573.0
2012-05-19 05:00:00,5926.0
2012-05-19 06:00:00,10052.0
2012-05-19 07:00:00,10483.0
2012-05-19 08:00:00,11965.0
2012-05-19 09:00:00,16293.0
2012-05-19 10:00:00,16014.0
2012-05-19 11:00:00,15471.0
2012-05-19 12:00:00,15432.0
2012-05-19 13:00:00,15482.0
2012-05-19 14:00:00,14634.0
2012-05-19 15:00:00,14951.0
2012-05-19 16:00:00,14913.0
2012-05-19 17:00:00,14862.0
2012-05-19 18:00:00,14901.0
2012-05-19 19:00:00,15153.0
2012-05-19 20:00:00,14470.0
2012-05-19 21:00:00,12876.0
2012-05-19 22:00:00,10647.0
2012-05-19 23:00:00,5927.0
2012-05-20 00:00:00,5547.0
2012-05-20 01:00:00,5546.0
2012-05-20 02:00:00,5268.0
2012-05-20 03:00:00,5103.0
2012-05-20 04:00:00,5116.0
2012-05-20 05:00:00,5331.0
2012-05-20 06:00:00,7800.0
2012-05-20 07:00:00,10419.0
2012-05-20 08:00:00,12736.0
2012-05-20 09:00:00,14761.0
2012-05-20 10:00:00,15597.0
2012-05-20 11:00:00,15433.0
2012-05-20 12:00:00,15002.0
2012-05-20 13:00:00,14939.0
2012-05-20 14:00:00,14799.0
2012-05-20 15:00:00,15053.0
2012-05-20 16:00:00,15672.0
2012-05-20 17:00:00,14280.0
2012-05-20 18:00:00,14355.0
2012-05-20 19:00:00,14395.0
2012-05-20 20:00:00,13585.0
2012-05-20 21:00:00,12483.0
2012-05-20 22:00:00,10926.0
2012-05-20 23:00:00,5319.0
2012-05-21 00:00:00,5155.0
2012-05-21 01:00:00,5256.0
2012-05-21 02:00:00,4888.0
2012-05-21 03:00:00,4876.0
2012-05-21 04:00:00,4799.0
2012-05-21 05:00:00,5255.0
2012-05-21 06:00:00,9750.0
2012-05-21 07:00:00,9647.0
2012-05-21 08:00:00,10862.0
2012-05-21 09:00:00,13863.0
2012-05-21 10:00:00,13635.0
2012-05-21 11:00:00,14635.0
2012-05-21 12:00:00,13673.0
2012-05-21 13:00:00,13787.0
2012-05-21 14:00:00,13509.0
2012-05-21 15:00:00,13913.0
2012-05-21 16:00:00,13344.0
2012-05-21 17:00:00,14167.0
2012-05-21 18:00:00,14597.0
2012-05-21 19:00:00,15572.0
2012-05-21 20:00:00,14698.0
2012-05-21 21:00:00,13218.0
2012-05-21 22:00:00,12559.0
2012-05-21 23:00:00,10230.0
2012-05-22 00:00:00,9230.0
2012-05-22 01:00:00,8648.0
2012-05-22 02:00:00,8204.0
2012-05-22 03:00:00,6369.0
2012-05-22 04:00:00,5420.0
2012-05-22 05:00:00,5230.0
2012-05-22 06:00:00,10559.0
2012-05-22 07:00:00,10140.0
2012-05-22 08:00:00,10787.0
2012-05-22 09:00:00,15053.0
2012-05-22 10:00:00,15039.0
2012-05-22 11:00:00,15495.0
2012-05-22 12:00:00,15445.0
2012-05-22 13:00:00,15090.0
2012-05-22 14:00:00,15167.0
2012-05-22 15:00:00,14559.0
2012-05-22 16:00:00,15140.0
2012-05-22 17:00:00,14672.0
2012-05-22 18:00:00,14825.0
2012-05-22 19:00:00,15648.0
2012-05-22 20:00:00,14204.0
2012-05-22 21:00:00,13597.0
2012-05-22 22:00:00,10419.0
2012-05-22 23:00:00,6116.0
2012-05-23 00:00:00,5990.0
2012-05-23 01:00:00,5736.0
2012-05-23 02:00:00,5597.0
2012-05-23 03:00:00,5508.0
2012-05-23 04:00:00,5472.0
2012-05-23 05:00:00,5661.0
2012-05-23 06:00:00,10319.0
2012-05-23 07:00:00,9951.0
2012-05-23 08:00:00,11179.0
2012-05-23 09:00:00,14457.0
2012-05-23 10:00:00,15470.0
2012-05-23 11:00:00,15192.0
2012-05-23 12:00:00,15622.0
2012-05-23 13:00:00,14786.0
2012-05-23 14:00:00,14635.0
2012-05-23 15:00:00,14255.0
2012-05-23 16:00:00,14407.0
2012-05-23 17:00:00,14520.0
2012-05-23 18:00:00,14356.0
2012-05-23 19:00:00,15079.0
2012-05-23 20:00:00,13762.0
2012-05-23 21:00:00,12799.0
2012-05-23 22:00:00,10812.0
2012-05-23 23:00:00,6141.0
2012-05-24 00:00:00,6066.0
2012-05-24 01:00:00,6041.0
2012-05-24 02:00:00,5888.0
2012-05-24 03:00:00,5787.0
2012-05-24 04:00:00,5889.0
2012-05-24 05:00:00,5863.0
2012-05-24 06:00:00,9673.0
2012-05-24 07:00:00,10977.0
2012-05-24 08:00:00,11242.0
2012-05-24 09:00:00,14926.0
2012-05-24 10:00:00,14686.0
2012-05-24 11:00:00,15761.0
2012-05-24 12:00:00,16242.0
2012-05-24 13:00:00,15471.0
2012-05-24 14:00:00,15356.0
2012-05-24 15:00:00,14597.0
2012-05-24 16:00:00,14787.0
2012-05-24 17:00:00,14660.0
2012-05-24 18:00:00,14788.0
2012-05-24 19:00:00,15002.0
2012-05-24 20:00:00,14926.0
2012-05-24 21:00:00,13914.0
2012-05-24 22:00:00,10837.0
2012-05-24 23:00:00,6395.0
2012-05-25 00:00:00,5964.0
2012-05-25 01:00:00,5939.0
2012-05-25 02:00:00,5851.0
2012-05-25 03:00:00,5698.0
2012-05-25 04:00:00,5623.0
2012-05-25 05:00:00,6053.0
2012-05-25 06:00:00,10509.0
2012-05-25 07:00:00,10243.0
2012-05-25 08:00:00,10952.0
2012-05-25 09:00:00,13837.0
2012-05-25 10:00:00,15027.0
2012-05-25 11:00:00,15331.0
2012-05-25 12:00:00,15039.0
2012-05-25 13:00:00,15355.0
2012-05-25 14:00:00,14913.0
2012-05-25 15:00:00,15850.0
2012-05-25 16:00:00,14712.0
2012-05-25 17:00:00,13786.0
2012-05-25 18:00:00,14609.0
2012-05-25 19:00:00,14571.0
2012-05-25 20:00:00,13129.0
2012-05-25 21:00:00,12610.0
2012-05-25 22:00:00,10634.0
2012-05-25 23:00:00,8736.0
2012-05-26 00:00:00,8319.0
2012-05-26 01:00:00,7180.0
2012-05-26 02:00:00,5800.0
2012-05-26 03:00:00,5609.0
2012-05-26 04:00:00,5471.0
2012-05-26 05:00:00,5901.0
2012-05-26 06:00:00,10267.0
2012-05-26 07:00:00,10255.0
2012-05-26 08:00:00,11444.0
2012-05-26 09:00:00,14343.0
2012-05-26 10:00:00,15115.0
2012-05-26 11:00:00,14597.0
2012-05-26 12:00:00,14432.0
2012-05-26 13:00:00,14116.0
2012-05-26 14:00:00,15217.0
2012-05-26 15:00:00,13914.0
2012-05-26 16:00:00,14432.0
2012-05-26 17:00:00,14217.0
2012-05-26 18:00:00,14053.0
2012-05-26 19:00:00,14166.0
2012-05-26 20:00:00,14054.0
2012-05-26 21:00:00,13395.0
2012-05-26 22:00:00,11787.0
2012-05-26 23:00:00,6786.0
2012-05-27 00:00:00,5913.0
2012-05-27 01:00:00,5800.0
2012-05-27 02:00:00,5686.0
2012-05-27 03:00:00,5483.0
2012-05-27 04:00:00,5509.0
2012-05-27 05:00:00,5939.0
2012-05-27 06:00:00,10331.0
2012-05-27 07:00:00,9685.0
2012-05-27 08:00:00,11331.0
2012-05-27 09:00:00,15445.0
2012-05-27 10:00:00,16496.0
2012-05-27 11:00:00,15812.0
2012-05-27 12:00:00,15622.0
2012-05-27 13:00:00,15268.0
2012-05-27 14:00:00,15419.0
2012-05-27 15:00:00,15306.0
2012-05-27 16:00:00,15584.0
2012-05-27 17:00:00,14635.0
2012-05-27 18:00:00,15763.0
2012-05-27 19:00:00,15521.0
2012-05-27 20:00:00,14394.0
2012-05-27 21:00:00,13142.0
2012-05-27 22:00:00,11762.0
2012-05-27 23:00:00,6192.0
2012-05-28 00:00:00,5773.0
2012-05-28 01:00:00,5939.0
2012-05-28 02:00:00,5572.0
2012-05-28 03:00:00,5471.0
2012-05-28 04:00:00,5319.0
2012-05-28 05:00:00,5724.0
2012-05-28 06:00:00,8279.0
2012-05-28 07:00:00,11054.0
2012-05-28 08:00:00,12078.0
2012-05-28 09:00:00,13673.0
2012-05-28 10:00:00,14813.0
2012-05-28 11:00:00,15192.0
2012-05-28 12:00:00,13914.0
2012-05-28 13:00:00,13356.0
2012-05-28 14:00:00,15103.0
2012-05-28 15:00:00,15180.0
2012-05-28 16:00:00,14254.0
2012-05-28 17:00:00,13926.0
2012-05-28 18:00:00,13812.0
2012-05-28 19:00:00,14724.0
2012-05-28 20:00:00,13660.0
2012-05-28 21:00:00,13331.0
2012-05-28 22:00:00,11774.0
2012-05-28 23:00:00,6318.0
2012-05-29 00:00:00,5749.0
2012-05-29 01:00:00,5762.0
2012-05-29 02:00:00,5534.0
2012-05-29 03:00:00,5394.0
2012-05-29 04:00:00,5420.0
2012-05-29 05:00:00,5686.0
2012-05-29 06:00:00,8053.0
2012-05-29 07:00:00,9584.0
2012-05-29 08:00:00,12369.0
2012-05-29 09:00:00,14027.0
2012-05-29 10:00:00,15116.0
2012-05-29 11:00:00,15357.0
2012-05-29 12:00:00,14117.0
2012-05-29 13:00:00,14243.0
2012-05-29 14:00:00,13939.0
2012-05-29 15:00:00,14192.0
2012-05-29 16:00:00,14381.0
2012-05-29 17:00:00,14166.0
2012-05-29 18:00:00,14167.0
2012-05-29 19:00:00,15115.0
2012-05-29 20:00:00,13952.0
2012-05-29 21:00:00,12406.0
2012-05-29 22:00:00,9838.0
2012-05-29 23:00:00,6015.0
2012-05-30 00:00:00,5749.0
2012-05-30 01:00:00,6002.0
2012-05-30 02:00:00,5597.0
2012-05-30 03:00:00,5598.0
2012-05-30 04:00:00,5521.0
2012-05-30 05:00:00,5863.0
2012-05-30 06:00:00,9483.0
2012-05-30 07:00:00,10307.0
2012-05-30 08:00:00,12990.0
2012-05-30 09:00:00,14660.0
2012-05-30 10:00:00,15205.0
2012-05-30 11:00:00,16230.0
2012-05-30 12:00:00,14813.0
2012-05-30 13:00:00,14230.0
2012-05-30 14:00:00,15546.0
2012-05-30 15:00:00,14749.0
2012-05-30 16:00:00,14775.0
2012-05-30 17:00:00,14521.0
2012-05-30 18:00:00,15534.0
2012-05-30 19:00:00,15926.0
2012-05-30 20:00:00,13850.0
2012-05-30 21:00:00,12685.0
2012-05-30 22:00:00,11394.0
2012-05-30 23:00:00,6976.0
2012-05-31 00:00:00,6065.0
2012-05-31 01:00:00,6229.0
2012-05-31 02:00:00,6040.0
2012-05-31 03:00:00,5850.0
2012-05-31 04:00:00,5850.0
2012-05-31 05:00:00,6255.0
2012-05-31 06:00:00,9786.0
2012-05-31 07:00:00,9786.0
2012-05-31 08:00:00,12470.0
2012-05-31 09:00:00,16356.0
2012-05-31 10:00:00,16243.0
2012-05-31 11:00:00,16229.0
2012-05-31 12:00:00,15926.0
2012-05-31 13:00:00,15496.0
2012-05-31 14:00:00,16383.0
2012-05-31 15:00:00,21787.0
2012-05-31 16:00:00,22103.0
2012-05-31 17:00:00,21217.0
2012-05-31 18:00:00,21318.0
2012-05-31 19:00:00,21027.0
2012-05-31 20:00:00,17002.0
2012-05-31 21:00:00,15395.0
2012-05-31 22:00:00,13065.0
2012-05-31 23:00:00,7166.0
2012-06-01 00:00:00,6116.0
2012-06-01 01:00:00,6027.0
2012-06-01 02:00:00,6040.0
2012-06-01 03:00:00,5838.0
2012-06-01 04:00:00,5926.0
2012-06-01 05:00:00,6305.0
2012-06-01 06:00:00,9687.0
2012-06-01 07:00:00,10521.0
2012-06-01 08:00:00,12496.0
2012-06-01 09:00:00,15634.0
2012-06-01 10:00:00,15041.0
2012-06-01 11:00:00,16204.0
2012-06-01 12:00:00,15028.0
2012-06-01 13:00:00,15280.0
2012-06-01 14:00:00,15053.0
2012-06-01 15:00:00,20382.0
2012-06-01 16:00:00,20875.0
2012-06-01 17:00:00,21268.0
2012-06-01 18:00:00,20925.0
2012-06-01 19:00:00,20876.0
2012-06-01 20:00:00,17268.0
2012-06-01 21:00:00,15572.0
2012-06-01 22:00:00,13547.0
2012-06-01 23:00:00,11774.0
2012-06-02 00:00:00,6661.0
2012-06-02 01:00:00,6621.0
2012-06-02 02:00:00,6470.0
2012-06-02 03:00:00,6256.0
2012-06-02 04:00:00,6241.0
2012-06-02 05:00:00,6660.0
2012-06-02 06:00:00,11028.0
2012-06-02 07:00:00,10192.0
2012-06-02 08:00:00,13901.0
2012-06-02 09:00:00,16786.0
2012-06-02 10:00:00,17268.0
2012-06-02 11:00:00,16836.0
2012-06-02 12:00:00,17407.0
2012-06-02 13:00:00,17407.0
2012-06-02 14:00:00,16330.0
2012-06-02 15:00:00,16482.0
2012-06-02 16:00:00,17167.0
2012-06-02 17:00:00,17204.0
2012-06-02 18:00:00,16661.0
2012-06-02 19:00:00,17218.0
2012-06-02 20:00:00,16293.0
2012-06-02 21:00:00,15103.0
2012-06-02 22:00:00,13572.0
2012-06-02 23:00:00,10521.0
2012-06-03 00:00:00,6484.0
2012-06-03 01:00:00,6230.0
2012-06-03 02:00:00,6116.0
2012-06-03 03:00:00,5925.0
2012-06-03 04:00:00,5926.0
2012-06-03 05:00:00,6445.0
2012-06-03 06:00:00,10483.0
2012-06-03 07:00:00,11090.0
2012-06-03 08:00:00,11737.0
2012-06-03 09:00:00,15432.0
2012-06-03 10:00:00,15344.0
2012-06-03 11:00:00,15660.0
2012-06-03 12:00:00,14407.0
2012-06-03 13:00:00,15332.0
2012-06-03 14:00:00,15432.0
2012-06-03 15:00:00,14926.0
2012-06-03 16:00:00,15496.0
2012-06-03 17:00:00,15331.0
2012-06-03 18:00:00,14280.0
2012-06-03 19:00:00,14482.0
2012-06-03 20:00:00,14559.0
2012-06-03 21:00:00,13685.0
2012-06-03 22:00:00,10420.0
2012-06-03 23:00:00,6457.0
2012-06-04 00:00:00,5901.0
2012-06-04 01:00:00,6065.0
2012-06-04 02:00:00,6027.0
2012-06-04 03:00:00,5762.0
2012-06-04 04:00:00,5586.0
2012-06-04 05:00:00,6255.0
2012-06-04 06:00:00,11115.0
2012-06-04 07:00:00,9560.0
2012-06-04 08:00:00,11255.0
2012-06-04 09:00:00,14736.0
2012-06-04 10:00:00,14850.0
2012-06-04 11:00:00,15355.0
2012-06-04 12:00:00,14711.0
2012-06-04 13:00:00,17559.0
2012-06-04 14:00:00,19090.0
2012-06-04 15:00:00,20180.0
2012-06-04 16:00:00,20028.0
2012-06-04 17:00:00,20090.0
2012-06-04 18:00:00,19559.0
2012-06-04 19:00:00,19104.0
2012-06-04 20:00:00,16294.0
2012-06-04 21:00:00,15091.0
2012-06-04 22:00:00,13129.0
2012-06-04 23:00:00,10774.0
2012-06-05 00:00:00,6989.0
2012-06-05 01:00:00,6750.0
2012-06-05 02:00:00,6762.0
2012-06-05 03:00:00,6685.0
2012-06-05 04:00:00,6483.0
2012-06-05 05:00:00,7167.0
2012-06-05 06:00:00,11509.0
2012-06-05 07:00:00,11837.0
2012-06-05 08:00:00,12457.0
2012-06-05 09:00:00,15027.0
2012-06-05 10:00:00,15229.0
2012-06-05 11:00:00,15306.0
2012-06-05 12:00:00,14888.0
2012-06-05 13:00:00,18370.0
2012-06-05 14:00:00,19965.0
2012-06-05 15:00:00,19926.0
2012-06-05 16:00:00,19686.0
2012-06-05 17:00:00,20217.0
2012-06-05 18:00:00,19281.0
2012-06-05 19:00:00,18825.0
2012-06-05 20:00:00,15609.0
2012-06-05 21:00:00,14964.0
2012-06-05 22:00:00,13698.0
2012-06-05 23:00:00,11116.0
2012-06-06 00:00:00,7039.0
2012-06-06 01:00:00,7015.0
2012-06-06 02:00:00,6901.0
2012-06-06 03:00:00,6724.0
2012-06-06 04:00:00,6659.0
2012-06-06 05:00:00,7002.0
2012-06-06 06:00:00,10647.0
2012-06-06 07:00:00,11635.0
2012-06-06 08:00:00,12255.0
2012-06-06 09:00:00,15242.0
2012-06-06 10:00:00,15747.0
2012-06-06 11:00:00,15901.0
2012-06-06 12:00:00,16597.0
2012-06-06 13:00:00,21129.0
2012-06-06 14:00:00,20027.0
2012-06-06 15:00:00,21002.0
2012-06-06 16:00:00,20002.0
2012-06-06 17:00:00,20306.0
2012-06-06 18:00:00,19963.0
2012-06-06 19:00:00,19622.0
2012-06-06 20:00:00,16344.0
2012-06-06 21:00:00,14977.0
2012-06-06 22:00:00,13167.0
2012-06-06 23:00:00,9875.0
2012-06-07 00:00:00,6470.0
2012-06-07 01:00:00,6356.0
2012-06-07 02:00:00,5938.0
2012-06-07 03:00:00,6255.0
2012-06-07 04:00:00,5964.0
2012-06-07 05:00:00,6483.0
2012-06-07 06:00:00,10849.0
2012-06-07 07:00:00,10166.0
2012-06-07 08:00:00,12104.0
2012-06-07 09:00:00,16952.0
2012-06-07 10:00:00,16217.0
2012-06-07 11:00:00,16774.0
2012-06-07 12:00:00,15876.0
2012-06-07 13:00:00,17838.0
2012-06-07 14:00:00,16166.0
2012-06-07 15:00:00,17091.0
2012-06-07 16:00:00,15737.0
2012-06-07 17:00:00,15901.0
2012-06-07 18:00:00,15622.0
2012-06-07 19:00:00,15711.0
2012-06-07 20:00:00,15129.0
2012-06-07 21:00:00,14331.0
2012-06-07 22:00:00,10470.0
2012-06-07 23:00:00,6305.0
2012-06-08 00:00:00,5775.0
2012-06-08 01:00:00,5825.0
2012-06-08 02:00:00,6028.0
2012-06-08 03:00:00,5673.0
2012-06-08 04:00:00,5812.0
2012-06-08 05:00:00,6192.0
2012-06-08 06:00:00,11002.0
2012-06-08 07:00:00,9976.0
2012-06-08 08:00:00,10584.0
2012-06-08 09:00:00,13597.0
2012-06-08 10:00:00,15078.0
2012-06-08 11:00:00,16103.0
2012-06-08 12:00:00,15001.0
2012-06-08 13:00:00,15723.0
2012-06-08 14:00:00,15002.0
2012-06-08 15:00:00,14699.0
2012-06-08 16:00:00,14787.0
2012-06-08 17:00:00,16318.0
2012-06-08 18:00:00,15015.0
2012-06-08 19:00:00,14420.0
2012-06-08 20:00:00,14077.0
2012-06-08 21:00:00,13217.0
2012-06-08 22:00:00,12521.0
2012-06-08 23:00:00,8926.0
2012-06-09 00:00:00,6558.0
2012-06-09 01:00:00,5939.0
2012-06-09 02:00:00,5660.0
2012-06-09 03:00:00,5395.0
2012-06-09 04:00:00,5547.0
2012-06-09 05:00:00,5800.0
2012-06-09 06:00:00,10078.0
2012-06-09 07:00:00,10028.0
2012-06-09 08:00:00,11724.0
2012-06-09 09:00:00,13938.0
2012-06-09 10:00:00,15863.0
2012-06-09 11:00:00,14926.0
2012-06-09 12:00:00,15078.0
2012-06-09 13:00:00,15292.0
2012-06-09 14:00:00,14660.0
2012-06-09 15:00:00,14065.0
2012-06-09 16:00:00,14913.0
2012-06-09 17:00:00,14166.0
2012-06-09 18:00:00,14205.0
2012-06-09 19:00:00,14508.0
2012-06-09 20:00:00,14837.0
2012-06-09 21:00:00,13483.0
2012-06-09 22:00:00,12939.0
2012-06-09 23:00:00,9381.0
2012-06-10 00:00:00,6736.0
2012-06-10 01:00:00,6584.0
2012-06-10 02:00:00,6964.0
2012-06-10 03:00:00,6419.0
2012-06-10 04:00:00,6216.0
2012-06-10 05:00:00,6293.0
2012-06-10 06:00:00,10584.0
2012-06-10 07:00:00,9521.0
2012-06-10 08:00:00,12432.0
2012-06-10 09:00:00,16166.0
2012-06-10 10:00:00,16243.0
2012-06-10 11:00:00,16141.0
2012-06-10 12:00:00,17305.0
2012-06-10 13:00:00,16558.0
2012-06-10 14:00:00,16926.0
2012-06-10 15:00:00,16255.0
2012-06-10 16:00:00,15394.0
2012-06-10 17:00:00,15787.0
2012-06-10 18:00:00,15648.0
2012-06-10 19:00:00,16103.0
2012-06-10 20:00:00,15230.0
2012-06-10 21:00:00,14635.0
2012-06-10 22:00:00,10711.0
2012-06-10 23:00:00,6977.0
2012-06-11 00:00:00,6800.0
2012-06-11 01:00:00,6838.0
2012-06-11 02:00:00,6495.0
2012-06-11 03:00:00,6255.0
2012-06-11 04:00:00,6014.0
2012-06-11 05:00:00,6584.0
2012-06-11 06:00:00,10774.0
2012-06-11 07:00:00,10204.0
2012-06-11 08:00:00,11028.0
2012-06-11 09:00:00,15002.0
2012-06-11 10:00:00,15698.0
2012-06-11 11:00:00,15180.0
2012-06-11 12:00:00,15534.0
2012-06-11 13:00:00,14433.0
2012-06-11 14:00:00,14116.0
2012-06-11 15:00:00,14813.0
2012-06-11 16:00:00,14660.0
2012-06-11 17:00:00,14648.0
2012-06-11 18:00:00,14155.0
2012-06-11 19:00:00,14218.0
2012-06-11 20:00:00,13229.0
2012-06-11 21:00:00,13116.0
2012-06-11 22:00:00,12509.0
2012-06-11 23:00:00,9381.0
2012-06-12 00:00:00,6331.0
2012-06-12 01:00:00,6179.0
2012-06-12 02:00:00,5926.0
2012-06-12 03:00:00,5964.0
2012-06-12 04:00:00,5774.0
2012-06-12 05:00:00,5938.0
2012-06-12 06:00:00,9863.0
2012-06-12 07:00:00,10002.0
2012-06-12 08:00:00,10736.0
2012-06-12 09:00:00,13837.0
2012-06-12 10:00:00,13826.0
2012-06-12 11:00:00,15167.0
2012-06-12 12:00:00,14963.0
2012-06-12 13:00:00,14989.0
2012-06-12 14:00:00,14331.0
2012-06-12 15:00:00,14002.0
2012-06-12 16:00:00,14142.0
2012-06-12 17:00:00,14356.0
2012-06-12 18:00:00,14762.0
2012-06-12 19:00:00,13901.0
2012-06-12 20:00:00,13711.0
2012-06-12 21:00:00,13508.0
2012-06-12 22:00:00,12217.0
2012-06-12 23:00:00,8939.0
2012-06-13 00:00:00,6761.0
2012-06-13 01:00:00,5977.0
2012-06-13 02:00:00,5509.0
2012-06-13 03:00:00,5319.0
2012-06-13 04:00:00,5622.0
2012-06-13 05:00:00,5826.0
2012-06-13 06:00:00,10255.0
2012-06-13 07:00:00,10584.0
2012-06-13 08:00:00,10407.0
2012-06-13 09:00:00,13698.0
2012-06-13 10:00:00,14293.0
2012-06-13 11:00:00,15899.0
2012-06-13 12:00:00,15015.0
2012-06-13 13:00:00,15255.0
2012-06-13 14:00:00,14862.0
2012-06-13 15:00:00,14812.0
2012-06-13 16:00:00,14231.0
2012-06-13 17:00:00,14230.0
2012-06-13 18:00:00,14496.0
2012-06-13 19:00:00,14091.0
2012-06-13 20:00:00,13470.0
2012-06-13 21:00:00,13723.0
2012-06-13 22:00:00,12154.0
2012-06-13 23:00:00,9711.0
2012-06-14 00:00:00,6280.0
2012-06-14 01:00:00,6191.0
2012-06-14 02:00:00,6140.0
2012-06-14 03:00:00,6091.0
2012-06-14 04:00:00,5952.0
2012-06-14 05:00:00,6218.0
2012-06-14 06:00:00,10407.0
2012-06-14 07:00:00,9825.0
2012-06-14 08:00:00,10483.0
2012-06-14 09:00:00,13306.0
2012-06-14 10:00:00,15204.0
2012-06-14 11:00:00,14812.0
2012-06-14 12:00:00,15685.0
2012-06-14 13:00:00,14787.0
2012-06-14 14:00:00,14850.0
2012-06-14 15:00:00,15509.0
2012-06-14 16:00:00,14622.0
2012-06-14 17:00:00,15357.0
2012-06-14 18:00:00,14914.0
2012-06-14 19:00:00,14673.0
2012-06-14 20:00:00,14153.0
2012-06-14 21:00:00,13420.0
2012-06-14 22:00:00,12597.0
2012-06-14 23:00:00,9521.0
2012-06-15 00:00:00,6457.0
2012-06-15 01:00:00,6319.0
2012-06-15 02:00:00,5926.0
2012-06-15 03:00:00,5673.0
2012-06-15 04:00:00,5812.0
2012-06-15 05:00:00,4586.0
2012-06-15 06:00:00,10128.0
2012-06-15 07:00:00,9180.0
2012-06-15 08:00:00,12368.0
2012-06-15 09:00:00,14572.0
2012-06-15 10:00:00,14636.0
2012-06-15 11:00:00,16382.0
2012-06-15 12:00:00,15838.0
2012-06-15 13:00:00,15053.0
2012-06-15 14:00:00,14635.0
2012-06-15 15:00:00,15205.0
2012-06-15 16:00:00,15471.0
2012-06-15 17:00:00,16749.0
2012-06-15 18:00:00,15560.0
2012-06-15 19:00:00,14749.0
2012-06-15 20:00:00,14458.0
2012-06-15 21:00:00,13685.0
2012-06-15 22:00:00,12674.0
2012-06-15 23:00:00,10166.0
2012-06-16 00:00:00,7306.0
2012-06-16 01:00:00,7039.0
2012-06-16 02:00:00,6824.0
2012-06-16 03:00:00,6458.0
2012-06-16 04:00:00,6534.0
2012-06-16 05:00:00,6672.0
2012-06-16 06:00:00,10610.0
2012-06-16 07:00:00,9976.0
2012-06-16 08:00:00,13560.0
2012-06-16 09:00:00,14939.0
2012-06-16 10:00:00,16647.0
2012-06-16 11:00:00,15965.0
2012-06-16 12:00:00,16496.0
2012-06-16 13:00:00,14951.0
2012-06-16 14:00:00,15204.0
2012-06-16 15:00:00,15128.0
2012-06-16 16:00:00,16535.0
2012-06-16 17:00:00,16065.0
2012-06-16 18:00:00,15432.0
2012-06-16 19:00:00,15548.0
2012-06-16 20:00:00,14685.0
2012-06-16 21:00:00,13812.0
2012-06-16 22:00:00,12952.0
2012-06-16 23:00:00,10520.0
2012-06-17 00:00:00,6964.0
2012-06-17 01:00:00,6685.0
2012-06-17 02:00:00,6711.0
2012-06-17 03:00:00,6812.0
2012-06-17 04:00:00,6546.0
2012-06-17 05:00:00,6559.0
2012-06-17 06:00:00,10369.0
2012-06-17 07:00:00,10635.0
2012-06-17 08:00:00,11711.0
2012-06-17 09:00:00,15256.0
2012-06-17 10:00:00,16026.0
2012-06-17 11:00:00,17673.0
2012-06-17 12:00:00,16115.0
2012-06-17 13:00:00,15989.0
2012-06-17 14:00:00,16571.0
2012-06-17 15:00:00,15660.0
2012-06-17 16:00:00,16484.0
2012-06-17 17:00:00,16356.0
2012-06-17 18:00:00,16090.0
2012-06-17 19:00:00,16090.0
2012-06-17 20:00:00,15280.0
2012-06-17 21:00:00,14926.0
2012-06-17 22:00:00,11888.0
2012-06-17 23:00:00,7584.0
2012-06-18 00:00:00,7407.0
2012-06-18 01:00:00,6431.0
2012-06-18 02:00:00,6318.0
2012-06-18 03:00:00,6102.0
2012-06-18 04:00:00,6343.0
2012-06-18 05:00:00,6901.0
2012-06-18 06:00:00,11066.0
2012-06-18 07:00:00,10724.0
2012-06-18 08:00:00,11661.0
2012-06-18 09:00:00,14711.0
2012-06-18 10:00:00,15419.0
2012-06-18 11:00:00,16560.0
2012-06-18 12:00:00,15052.0
2012-06-18 13:00:00,14850.0
2012-06-18 14:00:00,15357.0
2012-06-18 15:00:00,14571.0
2012-06-18 16:00:00,15394.0
2012-06-18 17:00:00,14800.0
2012-06-18 18:00:00,14812.0
2012-06-18 19:00:00,15382.0
2012-06-18 20:00:00,14482.0
2012-06-18 21:00:00,13901.0
2012-06-18 22:00:00,13090.0
2012-06-18 23:00:00,12534.0
2012-06-19 00:00:00,10724.0
2012-06-19 01:00:00,10116.0
2012-06-19 02:00:00,8686.0
2012-06-19 03:00:00,6673.0
2012-06-19 04:00:00,6381.0
2012-06-19 05:00:00,6155.0
2012-06-19 06:00:00,10204.0
2012-06-19 07:00:00,10243.0
2012-06-19 08:00:00,10963.0
2012-06-19 09:00:00,14179.0
2012-06-19 10:00:00,13939.0
2012-06-19 11:00:00,15774.0
2012-06-19 12:00:00,15179.0
2012-06-19 13:00:00,14028.0
2012-06-19 14:00:00,14622.0
2012-06-19 15:00:00,14255.0
2012-06-19 16:00:00,14773.0
2012-06-19 17:00:00,14369.0
2012-06-19 18:00:00,14825.0
2012-06-19 19:00:00,14977.0
2012-06-19 20:00:00,14306.0
2012-06-19 21:00:00,14294.0
2012-06-19 22:00:00,12154.0
2012-06-19 23:00:00,9711.0
2012-06-20 00:00:00,5913.0
2012-06-20 01:00:00,5964.0
2012-06-20 02:00:00,5837.0
2012-06-20 03:00:00,5548.0
2012-06-20 04:00:00,5611.0
2012-06-20 05:00:00,5888.0
2012-06-20 06:00:00,10217.0
2012-06-20 07:00:00,9940.0
2012-06-20 08:00:00,11863.0
2012-06-20 09:00:00,14939.0
2012-06-20 10:00:00,15028.0
2012-06-20 11:00:00,15724.0
2012-06-20 12:00:00,15191.0
2012-06-20 13:00:00,14280.0
2012-06-20 14:00:00,15344.0
2012-06-20 15:00:00,19927.0
2012-06-20 16:00:00,19280.0
2012-06-20 17:00:00,18103.0
2012-06-20 18:00:00,18217.0
2012-06-20 19:00:00,20319.0
2012-06-20 20:00:00,16634.0
2012-06-20 21:00:00,16357.0
2012-06-20 22:00:00,14369.0
2012-06-20 23:00:00,9382.0
2012-06-21 00:00:00,6192.0
2012-06-21 01:00:00,6155.0
2012-06-21 02:00:00,5964.0
2012-06-21 03:00:00,5762.0
2012-06-21 04:00:00,5989.0
2012-06-21 05:00:00,6343.0
2012-06-21 06:00:00,10394.0
2012-06-21 07:00:00,10774.0
2012-06-21 08:00:00,12090.0
2012-06-21 09:00:00,15698.0
2012-06-21 10:00:00,15560.0
2012-06-21 11:00:00,16647.0
2012-06-21 12:00:00,15508.0
2012-06-21 13:00:00,15077.0
2012-06-21 14:00:00,15357.0
2012-06-21 15:00:00,14825.0
2012-06-21 16:00:00,15204.0
2012-06-21 17:00:00,14420.0
2012-06-21 18:00:00,15686.0
2012-06-21 19:00:00,16243.0
2012-06-21 20:00:00,14509.0
2012-06-21 21:00:00,13610.0
2012-06-21 22:00:00,12698.0
2012-06-21 23:00:00,9635.0
2012-06-22 00:00:00,6027.0
2012-06-22 01:00:00,6053.0
2012-06-22 02:00:00,5799.0
2012-06-22 03:00:00,5470.0
2012-06-22 04:00:00,5686.0
2012-06-22 05:00:00,5876.0
2012-06-22 06:00:00,9951.0
2012-06-22 07:00:00,10217.0
2012-06-22 08:00:00,11305.0
2012-06-22 09:00:00,15521.0
2012-06-22 10:00:00,13964.0
2012-06-22 11:00:00,16090.0
2012-06-22 12:00:00,16837.0
2012-06-22 13:00:00,20319.0
2012-06-22 14:00:00,19166.0
2012-06-22 15:00:00,19623.0
2012-06-22 16:00:00,19621.0
2012-06-22 17:00:00,19965.0
2012-06-22 18:00:00,20256.0
2012-06-22 19:00:00,20811.0
2012-06-22 20:00:00,18634.0
2012-06-22 21:00:00,15775.0
2012-06-22 22:00:00,13305.0
2012-06-22 23:00:00,10711.0
2012-06-23 00:00:00,6357.0
2012-06-23 01:00:00,5964.0
2012-06-23 02:00:00,5699.0
2012-06-23 03:00:00,5470.0
2012-06-23 04:00:00,5509.0
2012-06-23 05:00:00,5837.0
2012-06-23 06:00:00,10242.0
2012-06-23 07:00:00,10711.0
2012-06-23 08:00:00,10811.0
2012-06-23 09:00:00,15357.0
2012-06-23 10:00:00,15926.0
2012-06-23 11:00:00,16458.0
2012-06-23 12:00:00,15976.0
2012-06-23 13:00:00,19826.0
2012-06-23 14:00:00,20774.0
2012-06-23 15:00:00,20786.0
2012-06-23 16:00:00,20002.0
2012-06-23 17:00:00,19850.0
2012-06-23 18:00:00,20762.0
2012-06-23 19:00:00,20482.0
2012-06-23 20:00:00,19546.0
2012-06-23 21:00:00,15356.0
2012-06-23 22:00:00,12597.0
2012-06-23 23:00:00,10116.0
2012-06-24 00:00:00,6104.0
2012-06-24 01:00:00,6217.0
2012-06-24 02:00:00,5837.0
2012-06-24 03:00:00,5520.0
2012-06-24 04:00:00,5622.0
2012-06-24 05:00:00,5939.0
2012-06-24 06:00:00,10116.0
2012-06-24 07:00:00,10053.0
2012-06-24 08:00:00,12129.0
2012-06-24 09:00:00,14913.0
2012-06-24 10:00:00,15647.0
2012-06-24 11:00:00,18357.0
2012-06-24 12:00:00,20686.0
2012-06-24 13:00:00,21141.0
2012-06-24 14:00:00,22787.0
2012-06-24 15:00:00,21774.0
2012-06-24 16:00:00,22799.0
2012-06-24 17:00:00,22356.0
2012-06-24 18:00:00,22711.0
2012-06-24 19:00:00,23446.0
2012-06-24 20:00:00,21825.0
2012-06-24 21:00:00,16191.0
2012-06-24 22:00:00,11027.0
2012-06-24 23:00:00,7027.0
2012-06-25 00:00:00,6432.0
2012-06-25 01:00:00,6622.0
2012-06-25 02:00:00,6343.0
2012-06-25 03:00:00,6192.0
2012-06-25 04:00:00,6268.0
2012-06-25 05:00:00,6457.0
2012-06-25 06:00:00,9129.0
2012-06-25 07:00:00,11028.0
2012-06-25 08:00:00,12053.0
2012-06-25 09:00:00,16381.0
2012-06-25 10:00:00,16204.0
2012-06-25 11:00:00,16901.0
2012-06-25 12:00:00,21951.0
2012-06-25 13:00:00,23015.0
2012-06-25 14:00:00,23976.0
2012-06-25 15:00:00,22850.0
2012-06-25 16:00:00,23850.0
2012-06-25 17:00:00,23774.0
2012-06-25 18:00:00,23306.0
2012-06-25 19:00:00,23774.0
2012-06-25 20:00:00,22737.0
2012-06-25 21:00:00,18028.0
2012-06-25 22:00:00,14065.0
2012-06-25 23:00:00,10230.0
2012-06-26 00:00:00,6825.0
2012-06-26 01:00:00,6571.0
2012-06-26 02:00:00,6406.0
2012-06-26 03:00:00,6280.0
2012-06-26 04:00:00,6470.0
2012-06-26 05:00:00,6659.0
2012-06-26 06:00:00,10951.0
2012-06-26 07:00:00,11534.0
2012-06-26 08:00:00,12268.0
2012-06-26 09:00:00,20660.0
2012-06-26 10:00:00,23014.0
2012-06-26 11:00:00,25167.0
2012-06-26 12:00:00,23330.0
2012-06-26 13:00:00,23585.0
2012-06-26 14:00:00,24369.0
2012-06-26 15:00:00,24534.0
2012-06-26 16:00:00,25192.0
2012-06-26 17:00:00,24622.0
2012-06-26 18:00:00,24293.0
2012-06-26 19:00:00,25179.0
2012-06-26 20:00:00,23116.0
2012-06-26 21:00:00,21597.0
2012-06-26 22:00:00,15053.0
2012-06-26 23:00:00,11027.0
2012-06-27 00:00:00,7217.0
2012-06-27 01:00:00,6976.0
2012-06-27 02:00:00,6901.0
2012-06-27 03:00:00,6635.0
2012-06-27 04:00:00,6863.0
2012-06-27 05:00:00,6927.0
2012-06-27 06:00:00,11117.0
2012-06-27 07:00:00,11280.0
2012-06-27 08:00:00,12293.0
2012-06-27 09:00:00,16977.0
2012-06-27 10:00:00,21332.0
2012-06-27 11:00:00,23256.0
2012-06-27 12:00:00,23268.0
2012-06-27 13:00:00,22698.0
2012-06-27 14:00:00,24318.0
2012-06-27 15:00:00,23040.0
2012-06-27 16:00:00,24862.0
2012-06-27 17:00:00,23344.0
2012-06-27 18:00:00,22685.0
2012-06-27 19:00:00,23003.0
2012-06-27 20:00:00,21052.0
2012-06-27 21:00:00,20052.0
2012-06-27 22:00:00,15332.0
2012-06-27 23:00:00,10192.0
2012-06-28 00:00:00,7205.0
2012-06-28 01:00:00,7268.0
2012-06-28 02:00:00,7053.0
2012-06-28 03:00:00,6545.0
2012-06-28 04:00:00,6913.0
2012-06-28 05:00:00,6711.0
2012-06-28 06:00:00,11433.0
2012-06-28 07:00:00,10394.0
2012-06-28 08:00:00,14142.0
2012-06-28 09:00:00,15192.0
2012-06-28 10:00:00,14951.0
2012-06-28 11:00:00,17939.0
2012-06-28 12:00:00,21343.0
2012-06-28 13:00:00,20356.0
2012-06-28 14:00:00,21597.0
2012-06-28 15:00:00,20584.0
2012-06-28 16:00:00,21648.0
2012-06-28 17:00:00,20723.0
2012-06-28 18:00:00,20874.0
2012-06-28 19:00:00,20698.0
2012-06-28 20:00:00,19736.0
2012-06-28 21:00:00,18445.0
2012-06-28 22:00:00,14431.0
2012-06-28 23:00:00,11635.0
2012-06-29 00:00:00,6812.0
2012-06-29 01:00:00,6370.0
2012-06-29 02:00:00,6003.0
2012-06-29 03:00:00,5748.0
2012-06-29 04:00:00,5951.0
2012-06-29 05:00:00,6203.0
2012-06-29 06:00:00,10622.0
2012-06-29 07:00:00,10951.0
2012-06-29 08:00:00,12040.0
2012-06-29 09:00:00,15699.0
2012-06-29 10:00:00,15015.0
2012-06-29 11:00:00,16267.0
2012-06-29 12:00:00,15762.0
2012-06-29 13:00:00,19762.0
2012-06-29 14:00:00,19964.0
2012-06-29 15:00:00,19407.0
2012-06-29 16:00:00,19711.0
2012-06-29 17:00:00,19913.0
2012-06-29 18:00:00,20002.0
2012-06-29 19:00:00,19547.0
2012-06-29 20:00:00,18230.0
2012-06-29 21:00:00,18445.0
2012-06-29 22:00:00,13558.0
2012-06-29 23:00:00,11104.0
2012-06-30 00:00:00,6724.0
2012-06-30 01:00:00,5914.0
2012-06-30 02:00:00,5926.0
2012-06-30 03:00:00,5800.0
2012-06-30 04:00:00,5787.0
2012-06-30 05:00:00,5851.0
2012-06-30 06:00:00,10407.0
2012-06-30 07:00:00,10318.0
2012-06-30 08:00:00,11280.0
2012-06-30 09:00:00,15332.0
2012-06-30 10:00:00,16635.0
2012-06-30 11:00:00,16142.0
2012-06-30 12:00:00,15445.0
2012-06-30 13:00:00,15166.0
2012-06-30 14:00:00,15066.0
2012-06-30 15:00:00,14698.0
2012-06-30 16:00:00,14913.0
2012-06-30 17:00:00,14495.0
2012-06-30 18:00:00,15507.0
2012-06-30 19:00:00,15446.0
2012-06-30 20:00:00,14129.0
2012-06-30 21:00:00,14077.0
2012-06-30 22:00:00,13306.0
2012-06-30 23:00:00,10128.0
2012-07-01 00:00:00,6027.0
2012-07-01 01:00:00,5976.0
2012-07-01 02:00:00,5875.0
2012-07-01 03:00:00,5585.0
2012-07-01 04:00:00,5571.0
2012-07-01 05:00:00,5913.0
2012-07-01 06:00:00,9559.0
2012-07-01 07:00:00,10825.0
2012-07-01 08:00:00,11395.0
2012-07-01 09:00:00,14851.0
2012-07-01 10:00:00,14863.0
2012-07-01 11:00:00,15851.0
2012-07-01 12:00:00,16622.0
2012-07-01 13:00:00,20520.0
2012-07-01 14:00:00,19293.0
2012-07-01 15:00:00,19280.0
2012-07-01 16:00:00,19193.0
2012-07-01 17:00:00,18787.0
2012-07-01 18:00:00,19242.0
2012-07-01 19:00:00,19129.0
2012-07-01 20:00:00,17255.0
2012-07-01 21:00:00,14343.0
2012-07-01 22:00:00,11293.0
2012-07-01 23:00:00,7141.0
2012-07-02 00:00:00,5660.0
2012-07-02 01:00:00,5825.0
2012-07-02 02:00:00,5622.0
2012-07-02 03:00:00,5421.0
2012-07-02 04:00:00,5509.0
2012-07-02 05:00:00,5648.0
2012-07-02 06:00:00,7811.0
2012-07-02 07:00:00,10078.0
2012-07-02 08:00:00,10736.0
2012-07-02 09:00:00,15368.0
2012-07-02 10:00:00,14926.0
2012-07-02 11:00:00,14799.0
2012-07-02 12:00:00,15773.0
2012-07-02 13:00:00,20445.0
2012-07-02 14:00:00,19989.0
2012-07-02 15:00:00,19686.0
2012-07-02 16:00:00,20331.0
2012-07-02 17:00:00,20698.0
2012-07-02 18:00:00,19989.0
2012-07-02 19:00:00,20077.0
2012-07-02 20:00:00,18647.0
2012-07-02 21:00:00,18445.0
2012-07-02 22:00:00,13990.0
2012-07-02 23:00:00,9597.0
2012-07-03 00:00:00,6141.0
2012-07-03 01:00:00,6180.0
2012-07-03 02:00:00,5736.0
2012-07-03 03:00:00,5661.0
2012-07-03 04:00:00,5786.0
2012-07-03 05:00:00,5812.0
2012-07-03 06:00:00,8115.0
2012-07-03 07:00:00,10419.0
2012-07-03 08:00:00,11546.0
2012-07-03 09:00:00,16015.0
2012-07-03 10:00:00,14596.0
2012-07-03 11:00:00,15446.0
2012-07-03 12:00:00,15748.0
2012-07-03 13:00:00,20369.0
2012-07-03 14:00:00,20672.0
2012-07-03 15:00:00,20495.0
2012-07-03 16:00:00,20533.0
2012-07-03 17:00:00,21280.0
2012-07-03 18:00:00,21040.0
2012-07-03 19:00:00,20901.0
2012-07-03 20:00:00,19648.0
2012-07-03 21:00:00,19027.0
2012-07-03 22:00:00,14318.0
2012-07-03 23:00:00,10052.0
2012-07-04 00:00:00,6267.0
2012-07-04 01:00:00,6204.0
2012-07-04 02:00:00,5901.0
2012-07-04 03:00:00,5761.0
2012-07-04 04:00:00,5837.0
2012-07-04 05:00:00,6015.0
2012-07-04 06:00:00,8484.0
2012-07-04 07:00:00,10496.0
2012-07-04 08:00:00,12292.0
2012-07-04 09:00:00,14825.0
2012-07-04 10:00:00,15407.0
2012-07-04 11:00:00,15280.0
2012-07-04 12:00:00,14546.0
2012-07-04 13:00:00,18242.0
2012-07-04 14:00:00,20255.0
2012-07-04 15:00:00,19089.0
2012-07-04 16:00:00,20205.0
2012-07-04 17:00:00,20231.0
2012-07-04 18:00:00,20281.0
2012-07-04 19:00:00,21179.0
2012-07-04 20:00:00,20356.0
2012-07-04 21:00:00,18357.0
2012-07-04 22:00:00,13914.0
2012-07-04 23:00:00,10128.0
2012-07-05 00:00:00,6495.0
2012-07-05 01:00:00,6458.0
2012-07-05 02:00:00,6254.0
2012-07-05 03:00:00,5952.0
2012-07-05 04:00:00,5901.0
2012-07-05 05:00:00,6179.0
2012-07-05 06:00:00,8357.0
2012-07-05 07:00:00,9826.0
2012-07-05 08:00:00,13077.0
2012-07-05 09:00:00,15014.0
2012-07-05 10:00:00,14736.0
2012-07-05 11:00:00,15382.0
2012-07-05 12:00:00,13888.0
2012-07-05 13:00:00,13825.0
2012-07-05 14:00:00,14395.0
2012-07-05 15:00:00,13813.0
2012-07-05 16:00:00,14216.0
2012-07-05 17:00:00,13596.0
2012-07-05 18:00:00,14306.0
2012-07-05 19:00:00,14609.0
2012-07-05 20:00:00,13559.0
2012-07-05 21:00:00,13002.0
2012-07-05 22:00:00,12179.0
2012-07-05 23:00:00,9192.0
2012-07-06 00:00:00,5913.0
2012-07-06 01:00:00,5939.0
2012-07-06 02:00:00,5623.0
2012-07-06 03:00:00,5510.0
2012-07-06 04:00:00,5497.0
2012-07-06 05:00:00,5851.0
2012-07-06 06:00:00,10243.0
2012-07-06 07:00:00,10445.0
2012-07-06 08:00:00,11306.0
2012-07-06 09:00:00,14647.0
2012-07-06 10:00:00,14698.0
2012-07-06 11:00:00,15179.0
2012-07-06 12:00:00,14925.0
2012-07-06 13:00:00,14293.0
2012-07-06 14:00:00,14711.0
2012-07-06 15:00:00,14267.0
2012-07-06 16:00:00,15433.0
2012-07-06 17:00:00,14825.0
2012-07-06 18:00:00,15609.0
2012-07-06 19:00:00,15457.0
2012-07-06 20:00:00,14432.0
2012-07-06 21:00:00,13699.0
2012-07-06 22:00:00,12863.0
2012-07-06 23:00:00,9913.0
2012-07-07 00:00:00,6014.0
2012-07-07 01:00:00,6140.0
2012-07-07 02:00:00,5977.0
2012-07-07 03:00:00,5673.0
2012-07-07 04:00:00,5913.0
2012-07-07 05:00:00,5952.0
2012-07-07 06:00:00,8104.0
2012-07-07 07:00:00,10824.0
2012-07-07 08:00:00,13470.0
2012-07-07 09:00:00,15229.0
2012-07-07 10:00:00,15091.0
2012-07-07 11:00:00,16065.0
2012-07-07 12:00:00,15685.0
2012-07-07 13:00:00,15369.0
2012-07-07 14:00:00,15761.0
2012-07-07 15:00:00,17065.0
2012-07-07 16:00:00,17115.0
2012-07-07 17:00:00,16760.0
2012-07-07 18:00:00,16154.0
2012-07-07 19:00:00,16950.0
2012-07-07 20:00:00,15635.0
2012-07-07 21:00:00,14457.0
2012-07-07 22:00:00,12837.0
2012-07-07 23:00:00,10192.0
2012-07-08 00:00:00,6685.0
2012-07-08 01:00:00,6483.0
2012-07-08 02:00:00,6166.0
2012-07-08 03:00:00,6065.0
2012-07-08 04:00:00,6216.0
2012-07-08 05:00:00,5977.0
2012-07-08 06:00:00,9925.0
2012-07-08 07:00:00,10483.0
2012-07-08 08:00:00,11623.0
2012-07-08 09:00:00,16078.0
2012-07-08 10:00:00,15863.0
2012-07-08 11:00:00,18697.0
2012-07-08 12:00:00,18964.0
2012-07-08 13:00:00,18787.0
2012-07-08 14:00:00,19572.0
2012-07-08 15:00:00,18939.0
2012-07-08 16:00:00,18876.0
2012-07-08 17:00:00,18989.0
2012-07-08 18:00:00,18965.0
2012-07-08 19:00:00,18635.0
2012-07-08 20:00:00,17458.0
2012-07-08 21:00:00,15116.0
2012-07-08 22:00:00,11660.0
2012-07-08 23:00:00,6230.0
2012-07-09 00:00:00,5838.0
2012-07-09 01:00:00,5888.0
2012-07-09 02:00:00,5736.0
2012-07-09 03:00:00,5458.0
2012-07-09 04:00:00,5635.0
2012-07-09 05:00:00,5761.0
2012-07-09 06:00:00,8267.0
2012-07-09 07:00:00,9167.0
2012-07-09 08:00:00,12559.0
2012-07-09 09:00:00,15394.0
2012-07-09 10:00:00,16039.0
2012-07-09 11:00:00,15623.0
2012-07-09 12:00:00,14395.0
2012-07-09 13:00:00,17203.0
2012-07-09 14:00:00,19621.0
2012-07-09 15:00:00,18774.0
2012-07-09 16:00:00,18927.0
2012-07-09 17:00:00,18900.0
2012-07-09 18:00:00,19293.0
2012-07-09 19:00:00,19559.0
2012-07-09 20:00:00,18458.0
2012-07-09 21:00:00,17470.0
2012-07-09 22:00:00,12964.0
2012-07-09 23:00:00,10053.0
2012-07-10 00:00:00,5939.0
2012-07-10 01:00:00,5748.0
2012-07-10 02:00:00,5495.0
2012-07-10 03:00:00,5345.0
2012-07-10 04:00:00,5369.0
2012-07-10 05:00:00,5698.0
2012-07-10 06:00:00,8167.0
2012-07-10 07:00:00,10369.0
2012-07-10 08:00:00,12217.0
2012-07-10 09:00:00,14546.0
2012-07-10 10:00:00,15433.0
2012-07-10 11:00:00,14914.0
2012-07-10 12:00:00,14672.0
2012-07-10 13:00:00,15496.0
2012-07-10 14:00:00,15534.0
2012-07-10 15:00:00,18003.0
2012-07-10 16:00:00,19775.0
2012-07-10 17:00:00,18534.0
2012-07-10 18:00:00,20117.0
2012-07-10 19:00:00,19193.0
2012-07-10 20:00:00,17699.0
2012-07-10 21:00:00,16621.0
2012-07-10 22:00:00,13419.0
2012-07-10 23:00:00,10534.0
2012-07-11 00:00:00,5838.0
2012-07-11 01:00:00,5863.0
2012-07-11 02:00:00,5661.0
2012-07-11 03:00:00,5446.0
2012-07-11 04:00:00,5572.0
2012-07-11 05:00:00,5864.0
2012-07-11 06:00:00,8267.0
2012-07-11 07:00:00,9433.0
2012-07-11 08:00:00,11926.0
2012-07-11 09:00:00,14090.0
2012-07-11 10:00:00,14066.0
2012-07-11 11:00:00,15205.0
2012-07-11 12:00:00,15305.0
2012-07-11 13:00:00,15065.0
2012-07-11 14:00:00,14559.0
2012-07-11 15:00:00,14293.0
2012-07-11 16:00:00,14749.0
2012-07-11 17:00:00,14166.0
2012-07-11 18:00:00,14254.0
2012-07-11 19:00:00,15268.0
2012-07-11 20:00:00,14610.0
2012-07-11 21:00:00,13179.0
2012-07-11 22:00:00,12293.0
2012-07-11 23:00:00,10559.0
2012-07-12 00:00:00,7014.0
2012-07-12 01:00:00,6976.0
2012-07-12 02:00:00,6369.0
2012-07-12 03:00:00,6052.0
2012-07-12 04:00:00,6192.0
2012-07-12 05:00:00,5774.0
2012-07-12 06:00:00,7837.0
2012-07-12 07:00:00,9458.0
2012-07-12 08:00:00,12129.0
2012-07-12 09:00:00,14218.0
2012-07-12 10:00:00,15332.0
2012-07-12 11:00:00,15002.0
2012-07-12 12:00:00,14863.0
2012-07-12 13:00:00,19711.0
2012-07-12 14:00:00,19774.0
2012-07-12 15:00:00,19167.0
2012-07-12 16:00:00,20609.0
2012-07-12 17:00:00,20153.0
2012-07-12 18:00:00,19572.0
2012-07-12 19:00:00,20039.0
2012-07-12 20:00:00,18483.0
2012-07-12 21:00:00,18229.0
2012-07-12 22:00:00,14648.0
2012-07-12 23:00:00,10179.0
2012-07-13 00:00:00,5964.0
2012-07-13 01:00:00,5990.0
2012-07-13 02:00:00,5685.0
2012-07-13 03:00:00,5470.0
2012-07-13 04:00:00,5749.0
2012-07-13 05:00:00,5952.0
2012-07-13 06:00:00,8230.0
2012-07-13 07:00:00,10369.0
2012-07-13 08:00:00,12293.0
2012-07-13 09:00:00,14356.0
2012-07-13 10:00:00,14242.0
2012-07-13 11:00:00,15155.0
2012-07-13 12:00:00,14813.0
2012-07-13 13:00:00,15559.0
2012-07-13 14:00:00,20547.0
2012-07-13 15:00:00,19686.0
2012-07-13 16:00:00,20470.0
2012-07-13 17:00:00,20799.0
2012-07-13 18:00:00,20091.0
2012-07-13 19:00:00,21128.0
2012-07-13 20:00:00,19129.0
2012-07-13 21:00:00,18647.0
2012-07-13 22:00:00,14546.0
2012-07-13 23:00:00,11381.0
2012-07-14 00:00:00,6255.0
2012-07-14 01:00:00,6216.0
2012-07-14 02:00:00,6103.0
2012-07-14 03:00:00,6002.0
2012-07-14 04:00:00,6052.0
2012-07-14 05:00:00,6140.0
2012-07-14 06:00:00,8572.0
2012-07-14 07:00:00,10736.0
2012-07-14 08:00:00,13167.0
2012-07-14 09:00:00,17318.0
2012-07-14 10:00:00,16521.0
2012-07-14 11:00:00,16230.0
2012-07-14 12:00:00,18621.0
2012-07-14 13:00:00,20698.0
2012-07-14 14:00:00,20583.0
2012-07-14 15:00:00,20167.0
2012-07-14 16:00:00,21482.0
2012-07-14 17:00:00,20875.0
2012-07-14 18:00:00,19850.0
2012-07-14 19:00:00,21168.0
2012-07-14 20:00:00,19545.0
2012-07-14 21:00:00,16344.0
2012-07-14 22:00:00,13736.0
2012-07-14 23:00:00,11280.0
2012-07-15 00:00:00,6028.0
2012-07-15 01:00:00,5989.0
2012-07-15 02:00:00,5876.0
2012-07-15 03:00:00,5636.0
2012-07-15 04:00:00,5736.0
2012-07-15 05:00:00,5926.0
2012-07-15 06:00:00,8065.0
2012-07-15 07:00:00,10243.0
2012-07-15 08:00:00,12748.0
2012-07-15 09:00:00,15748.0
2012-07-15 10:00:00,14850.0
2012-07-15 11:00:00,15572.0
2012-07-15 12:00:00,15458.0
2012-07-15 13:00:00,15090.0
2012-07-15 14:00:00,15305.0
2012-07-15 15:00:00,15737.0
2012-07-15 16:00:00,21293.0
2012-07-15 17:00:00,20230.0
2012-07-15 18:00:00,19990.0
2012-07-15 19:00:00,19724.0
2012-07-15 20:00:00,18622.0
2012-07-15 21:00:00,15623.0
2012-07-15 22:00:00,11990.0
2012-07-15 23:00:00,6457.0
2012-07-16 00:00:00,6028.0
2012-07-16 01:00:00,6129.0
2012-07-16 02:00:00,5851.0
2012-07-16 03:00:00,5812.0
2012-07-16 04:00:00,5939.0
2012-07-16 05:00:00,6103.0
2012-07-16 06:00:00,8433.0
2012-07-16 07:00:00,10736.0
2012-07-16 08:00:00,13015.0
2012-07-16 09:00:00,17256.0
2012-07-16 10:00:00,19902.0
2012-07-16 11:00:00,20888.0
2012-07-16 12:00:00,21407.0
2012-07-16 13:00:00,22268.0
2012-07-16 14:00:00,23307.0
2012-07-16 15:00:00,21875.0
2012-07-16 16:00:00,22192.0
2012-07-16 17:00:00,22508.0
2012-07-16 18:00:00,23230.0
2012-07-16 19:00:00,23305.0
2012-07-16 20:00:00,22280.0
2012-07-16 21:00:00,20686.0
2012-07-16 22:00:00,14648.0
2012-07-16 23:00:00,12154.0
2012-07-17 00:00:00,9267.0
2012-07-17 01:00:00,8319.0
2012-07-17 02:00:00,7356.0
2012-07-17 03:00:00,6646.0
2012-07-17 04:00:00,6736.0
2012-07-17 05:00:00,6786.0
2012-07-17 06:00:00,9381.0
2012-07-17 07:00:00,11635.0
2012-07-17 08:00:00,13381.0
2012-07-17 09:00:00,17862.0
2012-07-17 10:00:00,17003.0
2012-07-17 11:00:00,23635.0
2012-07-17 12:00:00,22698.0
2012-07-17 13:00:00,23977.0
2012-07-17 14:00:00,24598.0
2012-07-17 15:00:00,23116.0
2012-07-17 16:00:00,24040.0
2012-07-17 17:00:00,23887.0
2012-07-17 18:00:00,24927.0
2012-07-17 19:00:00,25091.0
2012-07-17 20:00:00,24368.0
2012-07-17 21:00:00,19673.0
2012-07-17 22:00:00,13964.0
2012-07-17 23:00:00,10394.0
2012-07-18 00:00:00,6609.0
2012-07-18 01:00:00,6634.0
2012-07-18 02:00:00,6559.0
2012-07-18 03:00:00,6154.0
2012-07-18 04:00:00,6394.0
2012-07-18 05:00:00,6648.0
2012-07-18 06:00:00,9799.0
2012-07-18 07:00:00,11154.0
2012-07-18 08:00:00,12230.0
2012-07-18 09:00:00,16381.0
2012-07-18 10:00:00,19306.0
2012-07-18 11:00:00,22609.0
2012-07-18 12:00:00,22457.0
2012-07-18 13:00:00,22331.0
2012-07-18 14:00:00,23761.0
2012-07-18 15:00:00,23154.0
2012-07-18 16:00:00,24116.0
2012-07-18 17:00:00,24318.0
2012-07-18 18:00:00,23394.0
2012-07-18 19:00:00,23925.0
2012-07-18 20:00:00,22825.0
2012-07-18 21:00:00,21572.0
2012-07-18 22:00:00,14762.0
2012-07-18 23:00:00,10837.0
2012-07-19 00:00:00,7040.0
2012-07-19 01:00:00,6976.0
2012-07-19 02:00:00,6596.0
2012-07-19 03:00:00,6470.0
2012-07-19 04:00:00,6381.0
2012-07-19 05:00:00,6446.0
2012-07-19 06:00:00,9914.0
2012-07-19 07:00:00,10002.0
2012-07-19 08:00:00,12445.0
2012-07-19 09:00:00,19952.0
2012-07-19 10:00:00,20711.0
2012-07-19 11:00:00,21267.0
2012-07-19 12:00:00,21926.0
2012-07-19 13:00:00,22408.0
2012-07-19 14:00:00,23408.0
2012-07-19 15:00:00,23268.0
2012-07-19 16:00:00,23395.0
2012-07-19 17:00:00,23394.0
2012-07-19 18:00:00,22597.0
2012-07-19 19:00:00,23432.0
2012-07-19 20:00:00,20900.0
2012-07-19 21:00:00,19711.0
2012-07-19 22:00:00,15015.0
2012-07-19 23:00:00,11509.0
2012-07-20 00:00:00,7293.0
2012-07-20 01:00:00,6647.0
2012-07-20 02:00:00,6470.0
2012-07-20 03:00:00,6153.0
2012-07-20 04:00:00,6344.0
2012-07-20 05:00:00,6216.0
2012-07-20 06:00:00,8596.0
2012-07-20 07:00:00,10698.0
2012-07-20 08:00:00,12230.0
2012-07-20 09:00:00,16204.0
2012-07-20 10:00:00,15812.0
2012-07-20 11:00:00,17888.0
2012-07-20 12:00:00,20939.0
2012-07-20 13:00:00,21495.0
2012-07-20 14:00:00,21788.0
2012-07-20 15:00:00,21495.0
2012-07-20 16:00:00,23332.0
2012-07-20 17:00:00,22661.0
2012-07-20 18:00:00,22508.0
2012-07-20 19:00:00,23016.0
2012-07-20 20:00:00,21711.0
2012-07-20 21:00:00,20445.0
2012-07-20 22:00:00,15851.0
2012-07-20 23:00:00,10761.0
2012-07-21 00:00:00,6407.0
2012-07-21 01:00:00,6292.0
2012-07-21 02:00:00,6065.0
2012-07-21 03:00:00,5901.0
2012-07-21 04:00:00,5964.0
2012-07-21 05:00:00,6141.0
2012-07-21 06:00:00,8458.0
2012-07-21 07:00:00,10622.0
2012-07-21 08:00:00,12964.0
2012-07-21 09:00:00,16141.0
2012-07-21 10:00:00,16369.0
2012-07-21 11:00:00,20457.0
2012-07-21 12:00:00,22066.0
2012-07-21 13:00:00,22128.0
2012-07-21 14:00:00,22166.0
2012-07-21 15:00:00,22154.0
2012-07-21 16:00:00,22065.0
2012-07-21 17:00:00,21343.0
2012-07-21 18:00:00,22040.0
2012-07-21 19:00:00,22255.0
2012-07-21 20:00:00,20597.0
2012-07-21 21:00:00,17660.0
2012-07-21 22:00:00,14255.0
2012-07-21 23:00:00,11609.0
2012-07-22 00:00:00,7596.0
2012-07-22 01:00:00,6761.0
2012-07-22 02:00:00,6648.0
2012-07-22 03:00:00,6520.0
2012-07-22 04:00:00,6735.0
2012-07-22 05:00:00,6571.0
2012-07-22 06:00:00,9938.0
2012-07-22 07:00:00,11015.0
2012-07-22 08:00:00,12876.0
2012-07-22 09:00:00,18254.0
2012-07-22 10:00:00,19141.0
2012-07-22 11:00:00,18900.0
2012-07-22 12:00:00,18660.0
2012-07-22 13:00:00,16686.0
2012-07-22 14:00:00,20357.0
2012-07-22 15:00:00,22318.0
2012-07-22 16:00:00,22901.0
2012-07-22 17:00:00,22255.0
2012-07-22 18:00:00,22432.0
2012-07-22 19:00:00,22685.0
2012-07-22 20:00:00,21293.0
2012-07-22 21:00:00,16762.0
2012-07-22 22:00:00,12636.0
2012-07-22 23:00:00,7672.0
2012-07-23 00:00:00,6925.0
2012-07-23 01:00:00,7054.0
2012-07-23 02:00:00,6660.0
2012-07-23 03:00:00,6483.0
2012-07-23 04:00:00,6813.0
2012-07-23 05:00:00,6609.0
2012-07-23 06:00:00,10040.0
2012-07-23 07:00:00,11154.0
2012-07-23 08:00:00,12496.0
2012-07-23 09:00:00,15204.0
2012-07-23 10:00:00,15585.0
2012-07-23 11:00:00,16546.0
2012-07-23 12:00:00,21129.0
2012-07-23 13:00:00,21914.0
2012-07-23 14:00:00,22419.0
2012-07-23 15:00:00,22015.0
2012-07-23 16:00:00,22622.0
2012-07-23 17:00:00,23268.0
2012-07-23 18:00:00,22572.0
2012-07-23 19:00:00,22420.0
2012-07-23 20:00:00,20280.0
2012-07-23 21:00:00,18205.0
2012-07-23 22:00:00,14609.0
2012-07-23 23:00:00,12218.0
2012-07-24 00:00:00,7369.0
2012-07-24 01:00:00,6571.0
2012-07-24 02:00:00,6508.0
2012-07-24 03:00:00,6205.0
2012-07-24 04:00:00,6268.0
2012-07-24 05:00:00,6445.0
2012-07-24 06:00:00,8965.0
2012-07-24 07:00:00,10875.0
2012-07-24 08:00:00,12811.0
2012-07-24 09:00:00,16394.0
2012-07-24 10:00:00,19395.0
2012-07-24 11:00:00,21648.0
2012-07-24 12:00:00,21382.0
2012-07-24 13:00:00,21204.0
2012-07-24 14:00:00,21787.0
2012-07-24 15:00:00,20469.0
2012-07-24 16:00:00,21028.0
2012-07-24 17:00:00,20192.0
2012-07-24 18:00:00,20496.0
2012-07-24 19:00:00,20508.0
2012-07-24 20:00:00,19431.0
2012-07-24 21:00:00,19001.0
2012-07-24 22:00:00,14798.0
2012-07-24 23:00:00,12559.0
2012-07-25 00:00:00,7319.0
2012-07-25 01:00:00,6786.0
2012-07-25 02:00:00,6761.0
2012-07-25 03:00:00,6483.0
2012-07-25 04:00:00,6774.0
2012-07-25 05:00:00,6863.0
2012-07-25 06:00:00,9394.0
2012-07-25 07:00:00,11990.0
2012-07-25 08:00:00,13078.0
2012-07-25 09:00:00,19343.0
2012-07-25 10:00:00,20431.0
2012-07-25 11:00:00,20748.0
2012-07-25 12:00:00,20635.0
2012-07-25 13:00:00,20748.0
2012-07-25 14:00:00,21179.0
2012-07-25 15:00:00,20559.0
2012-07-25 16:00:00,21623.0
2012-07-25 17:00:00,20331.0
2012-07-25 18:00:00,20382.0
2012-07-25 19:00:00,20775.0
2012-07-25 20:00:00,19622.0
2012-07-25 21:00:00,19520.0
2012-07-25 22:00:00,14597.0
2012-07-25 23:00:00,9976.0
2012-07-26 00:00:00,6433.0
2012-07-26 01:00:00,6521.0
2012-07-26 02:00:00,6166.0
2012-07-26 03:00:00,5926.0
2012-07-26 04:00:00,6216.0
2012-07-26 05:00:00,6266.0
2012-07-26 06:00:00,9357.0
2012-07-26 07:00:00,10951.0
2012-07-26 08:00:00,12280.0
2012-07-26 09:00:00,16559.0
2012-07-26 10:00:00,16597.0
2012-07-26 11:00:00,16482.0
2012-07-26 12:00:00,15838.0
2012-07-26 13:00:00,17293.0
2012-07-26 14:00:00,20533.0
2012-07-26 15:00:00,19027.0
2012-07-26 16:00:00,20369.0
2012-07-26 17:00:00,20115.0
2012-07-26 18:00:00,20077.0
2012-07-26 19:00:00,21560.0
2012-07-26 20:00:00,19774.0
2012-07-26 21:00:00,19457.0
2012-07-26 22:00:00,15825.0
2012-07-26 23:00:00,10609.0
2012-07-27 00:00:00,6407.0
2012-07-27 01:00:00,6407.0
2012-07-27 02:00:00,6166.0
2012-07-27 03:00:00,6128.0
2012-07-27 04:00:00,6255.0
2012-07-27 05:00:00,6382.0
2012-07-27 06:00:00,8863.0
2012-07-27 07:00:00,10927.0
2012-07-27 08:00:00,12799.0
2012-07-27 09:00:00,16711.0
2012-07-27 10:00:00,15888.0
2012-07-27 11:00:00,16457.0
2012-07-27 12:00:00,17786.0
2012-07-27 13:00:00,16496.0
2012-07-27 14:00:00,16699.0
2012-07-27 15:00:00,17027.0
2012-07-27 16:00:00,18864.0
2012-07-27 17:00:00,22319.0
2012-07-27 18:00:00,21053.0
2012-07-27 19:00:00,21179.0
2012-07-27 20:00:00,19988.0
2012-07-27 21:00:00,19192.0
2012-07-27 22:00:00,15470.0
2012-07-27 23:00:00,10800.0
2012-07-28 00:00:00,6394.0
2012-07-28 01:00:00,6356.0
2012-07-28 02:00:00,6041.0
2012-07-28 03:00:00,5964.0
2012-07-28 04:00:00,6243.0
2012-07-28 05:00:00,6293.0
2012-07-28 06:00:00,8558.0
2012-07-28 07:00:00,10901.0
2012-07-28 08:00:00,13293.0
2012-07-28 09:00:00,16761.0
2012-07-28 10:00:00,16596.0
2012-07-28 11:00:00,17243.0
2012-07-28 12:00:00,17609.0
2012-07-28 13:00:00,18698.0
2012-07-28 14:00:00,21471.0
2012-07-28 15:00:00,20697.0
2012-07-28 16:00:00,20990.0
2012-07-28 17:00:00,20850.0
2012-07-28 18:00:00,20369.0
2012-07-28 19:00:00,20876.0
2012-07-28 20:00:00,20254.0
2012-07-28 21:00:00,17876.0
2012-07-28 22:00:00,15141.0
2012-07-28 23:00:00,11331.0
2012-07-29 00:00:00,6306.0
2012-07-29 01:00:00,6458.0
2012-07-29 02:00:00,6217.0
2012-07-29 03:00:00,5826.0
2012-07-29 04:00:00,6268.0
2012-07-29 05:00:00,6267.0
2012-07-29 06:00:00,9193.0
2012-07-29 07:00:00,10407.0
2012-07-29 08:00:00,12218.0
2012-07-29 09:00:00,16179.0
2012-07-29 10:00:00,15699.0
2012-07-29 11:00:00,16077.0
2012-07-29 12:00:00,16052.0
2012-07-29 13:00:00,16395.0
2012-07-29 14:00:00,15660.0
2012-07-29 15:00:00,16217.0
2012-07-29 16:00:00,20090.0
2012-07-29 17:00:00,19369.0
2012-07-29 18:00:00,19673.0
2012-07-29 19:00:00,20040.0
2012-07-29 20:00:00,19294.0
2012-07-29 21:00:00,16800.0
2012-07-29 22:00:00,13293.0
2012-07-29 23:00:00,7863.0
2012-07-30 00:00:00,6166.0
2012-07-30 01:00:00,6331.0
2012-07-30 02:00:00,6178.0
2012-07-30 03:00:00,5686.0
2012-07-30 04:00:00,6065.0
2012-07-30 05:00:00,6090.0
2012-07-30 06:00:00,9458.0
2012-07-30 07:00:00,10775.0
2012-07-30 08:00:00,12445.0
2012-07-30 09:00:00,15647.0
2012-07-30 10:00:00,15926.0
2012-07-30 11:00:00,16154.0
2012-07-30 12:00:00,22623.0
2012-07-30 13:00:00,20520.0
2012-07-30 14:00:00,22395.0
2012-07-30 15:00:00,22242.0
2012-07-30 16:00:00,21545.0
2012-07-30 17:00:00,21889.0
2012-07-30 18:00:00,21419.0
2012-07-30 19:00:00,22129.0
2012-07-30 20:00:00,21128.0
2012-07-30 21:00:00,19736.0
2012-07-30 22:00:00,15407.0
2012-07-30 23:00:00,10863.0
2012-07-31 00:00:00,6572.0
2012-07-31 01:00:00,6356.0
2012-07-31 02:00:00,6191.0
2012-07-31 03:00:00,5989.0
2012-07-31 04:00:00,6066.0
2012-07-31 05:00:00,6255.0
2012-07-31 06:00:00,10863.0
2012-07-31 07:00:00,9609.0
2012-07-31 08:00:00,11963.0
2012-07-31 09:00:00,15799.0
2012-07-31 10:00:00,15977.0
2012-07-31 11:00:00,15673.0
2012-07-31 12:00:00,16698.0
2012-07-31 13:00:00,20622.0
2012-07-31 14:00:00,22217.0
2012-07-31 15:00:00,21154.0
2012-07-31 16:00:00,22091.0
2012-07-31 17:00:00,21761.0
2012-07-31 18:00:00,21685.0
2012-07-31 19:00:00,21458.0
2012-07-31 20:00:00,20534.0
2012-07-31 21:00:00,18141.0
2012-07-31 22:00:00,13395.0
2012-07-31 23:00:00,10281.0
2012-08-01 00:00:00,6192.0
2012-08-01 01:00:00,6241.0
2012-08-01 02:00:00,6116.0
2012-08-01 03:00:00,5698.0
2012-08-01 04:00:00,6014.0
2012-08-01 05:00:00,6165.0
2012-08-01 06:00:00,8509.0
2012-08-01 07:00:00,10445.0
2012-08-01 08:00:00,13318.0
2012-08-01 09:00:00,14471.0
2012-08-01 10:00:00,15812.0
2012-08-01 11:00:00,15901.0
2012-08-01 12:00:00,17369.0
2012-08-01 13:00:00,20255.0
2012-08-01 14:00:00,20939.0
2012-08-01 15:00:00,21091.0
2012-08-01 16:00:00,20977.0
2012-08-01 17:00:00,20952.0
2012-08-01 18:00:00,20495.0
2012-08-01 19:00:00,20698.0
2012-08-01 20:00:00,19457.0
2012-08-01 21:00:00,18634.0
2012-08-01 22:00:00,13926.0
2012-08-01 23:00:00,11471.0
2012-08-02 00:00:00,7508.0
2012-08-02 01:00:00,6723.0
2012-08-02 02:00:00,6456.0
2012-08-02 03:00:00,6115.0
2012-08-02 04:00:00,6306.0
2012-08-02 05:00:00,6495.0
2012-08-02 06:00:00,8952.0
2012-08-02 07:00:00,11293.0
2012-08-02 08:00:00,12686.0
2012-08-02 09:00:00,16407.0
2012-08-02 10:00:00,16166.0
2012-08-02 11:00:00,16622.0
2012-08-02 12:00:00,19534.0
2012-08-02 13:00:00,21357.0
2012-08-02 14:00:00,21204.0
2012-08-02 15:00:00,20546.0
2012-08-02 16:00:00,21509.0
2012-08-02 17:00:00,21331.0
2012-08-02 18:00:00,21522.0
2012-08-02 19:00:00,21306.0
2012-08-02 20:00:00,19901.0
2012-08-02 21:00:00,16901.0
2012-08-02 22:00:00,14166.0
2012-08-02 23:00:00,11027.0
2012-08-03 00:00:00,6433.0
2012-08-03 01:00:00,6356.0
2012-08-03 02:00:00,6166.0
2012-08-03 03:00:00,5977.0
2012-08-03 04:00:00,6128.0
2012-08-03 05:00:00,6356.0
2012-08-03 06:00:00,9344.0
2012-08-03 07:00:00,10091.0
2012-08-03 08:00:00,9001.0
2012-08-03 09:00:00,15800.0
2012-08-03 10:00:00,15356.0
2012-08-03 11:00:00,15559.0
2012-08-03 12:00:00,18698.0
2012-08-03 13:00:00,19952.0
2012-08-03 14:00:00,21686.0
2012-08-03 15:00:00,20407.0
2012-08-03 16:00:00,21382.0
2012-08-03 17:00:00,20926.0
2012-08-03 18:00:00,15761.0
2012-08-03 19:00:00,21280.0
2012-08-03 20:00:00,19521.0
2012-08-03 21:00:00,15977.0
2012-08-03 22:00:00,13331.0
2012-08-03 23:00:00,9888.0
2012-08-04 00:00:00,6395.0
2012-08-04 01:00:00,6546.0
2012-08-04 02:00:00,5940.0
2012-08-04 03:00:00,5813.0
2012-08-04 04:00:00,6014.0
2012-08-04 05:00:00,6154.0
2012-08-04 06:00:00,8484.0
2012-08-04 07:00:00,10875.0
2012-08-04 08:00:00,13686.0
2012-08-04 09:00:00,17218.0
2012-08-04 10:00:00,15913.0
2012-08-04 11:00:00,16673.0
2012-08-04 12:00:00,16610.0
2012-08-04 13:00:00,15571.0
2012-08-04 14:00:00,15331.0
2012-08-04 15:00:00,15130.0
2012-08-04 16:00:00,17192.0
2012-08-04 17:00:00,15508.0
2012-08-04 18:00:00,15711.0
2012-08-04 19:00:00,16153.0
2012-08-04 20:00:00,14926.0
2012-08-04 21:00:00,14369.0
2012-08-04 22:00:00,12698.0
2012-08-04 23:00:00,9723.0
2012-08-05 00:00:00,6243.0
2012-08-05 01:00:00,6267.0
2012-08-05 02:00:00,5838.0
2012-08-05 03:00:00,5927.0
2012-08-05 04:00:00,5939.0
2012-08-05 05:00:00,6141.0
2012-08-05 06:00:00,8496.0
2012-08-05 07:00:00,10407.0
2012-08-05 08:00:00,12420.0
2012-08-05 09:00:00,16306.0
2012-08-05 10:00:00,16180.0
2012-08-05 11:00:00,19293.0
2012-08-05 12:00:00,19874.0
2012-08-05 13:00:00,18307.0
2012-08-05 14:00:00,16698.0
2012-08-05 15:00:00,15635.0
2012-08-05 16:00:00,16217.0
2012-08-05 17:00:00,16445.0
2012-08-05 18:00:00,15344.0
2012-08-05 19:00:00,15520.0
2012-08-05 20:00:00,13927.0
2012-08-05 21:00:00,13647.0
2012-08-05 22:00:00,11116.0
2012-08-05 23:00:00,6369.0
2012-08-06 00:00:00,6040.0
2012-08-06 01:00:00,6127.0
2012-08-06 02:00:00,5712.0
2012-08-06 03:00:00,5672.0
2012-08-06 04:00:00,5749.0
2012-08-06 05:00:00,6229.0
2012-08-06 06:00:00,9444.0
2012-08-06 07:00:00,11218.0
2012-08-06 08:00:00,12053.0
2012-08-06 09:00:00,15205.0
2012-08-06 10:00:00,15584.0
2012-08-06 11:00:00,15382.0
2012-08-06 12:00:00,15268.0
2012-08-06 13:00:00,15749.0
2012-08-06 14:00:00,16192.0
2012-08-06 15:00:00,18153.0
2012-08-06 16:00:00,19773.0
2012-08-06 17:00:00,19356.0
2012-08-06 18:00:00,18889.0
2012-08-06 19:00:00,20077.0
2012-08-06 20:00:00,18141.0
2012-08-06 21:00:00,16736.0
2012-08-06 22:00:00,14294.0
2012-08-06 23:00:00,10508.0
2012-08-07 00:00:00,6280.0
2012-08-07 01:00:00,6154.0
2012-08-07 02:00:00,5813.0
2012-08-07 03:00:00,5723.0
2012-08-07 04:00:00,5888.0
2012-08-07 05:00:00,6345.0
2012-08-07 06:00:00,11243.0
2012-08-07 07:00:00,10432.0
2012-08-07 08:00:00,12736.0
2012-08-07 09:00:00,14977.0
2012-08-07 10:00:00,14875.0
2012-08-07 11:00:00,15547.0
2012-08-07 12:00:00,18862.0
2012-08-07 13:00:00,20028.0
2012-08-07 14:00:00,21610.0
2012-08-07 15:00:00,21331.0
2012-08-07 16:00:00,20685.0
2012-08-07 17:00:00,21040.0
2012-08-07 18:00:00,20458.0
2012-08-07 19:00:00,21862.0
2012-08-07 20:00:00,20407.0
2012-08-07 21:00:00,16191.0
2012-08-07 22:00:00,14382.0
2012-08-07 23:00:00,10559.0
2012-08-08 00:00:00,6355.0
2012-08-08 01:00:00,6356.0
2012-08-08 02:00:00,5863.0
2012-08-08 03:00:00,5774.0
2012-08-08 04:00:00,6103.0
2012-08-08 05:00:00,6091.0
2012-08-08 06:00:00,10749.0
2012-08-08 07:00:00,10255.0
2012-08-08 08:00:00,11330.0
2012-08-08 09:00:00,15331.0
2012-08-08 10:00:00,15091.0
2012-08-08 11:00:00,20598.0
2012-08-08 12:00:00,22382.0
2012-08-08 13:00:00,23534.0
2012-08-08 14:00:00,23547.0
2012-08-08 15:00:00,22571.0
2012-08-08 16:00:00,22660.0
2012-08-08 17:00:00,22622.0
2012-08-08 18:00:00,22065.0
2012-08-08 19:00:00,23204.0
2012-08-08 20:00:00,21331.0
2012-08-08 21:00:00,17140.0
2012-08-08 22:00:00,15166.0
2012-08-08 23:00:00,11027.0
2012-08-09 00:00:00,6990.0
2012-08-09 01:00:00,7117.0
2012-08-09 02:00:00,6522.0
2012-08-09 03:00:00,6344.0
2012-08-09 04:00:00,6635.0
2012-08-09 05:00:00,6635.0
2012-08-09 06:00:00,11191.0
2012-08-09 07:00:00,11520.0
2012-08-09 08:00:00,11533.0
2012-08-09 09:00:00,15812.0
2012-08-09 10:00:00,16001.0
2012-08-09 11:00:00,19153.0
2012-08-09 12:00:00,22522.0
2012-08-09 13:00:00,23293.0
2012-08-09 14:00:00,23470.0
2012-08-09 15:00:00,23040.0
2012-08-09 16:00:00,24369.0
2012-08-09 17:00:00,23673.0
2012-08-09 18:00:00,24965.0
2012-08-09 19:00:00,24622.0
2012-08-09 20:00:00,20268.0
2012-08-09 21:00:00,17180.0
2012-08-09 22:00:00,14242.0
2012-08-09 23:00:00,10509.0
2012-08-10 00:00:00,7014.0
2012-08-10 01:00:00,7091.0
2012-08-10 02:00:00,6711.0
2012-08-10 03:00:00,6560.0
2012-08-10 04:00:00,6774.0
2012-08-10 05:00:00,7028.0
2012-08-10 06:00:00,11786.0
2012-08-10 07:00:00,10698.0
2012-08-10 08:00:00,12508.0
2012-08-10 09:00:00,16394.0
2012-08-10 10:00:00,16698.0
2012-08-10 11:00:00,24813.0
2012-08-10 12:00:00,21799.0
2012-08-10 13:00:00,23521.0
2012-08-10 14:00:00,24078.0
2012-08-10 15:00:00,23507.0
2012-08-10 16:00:00,24648.0
2012-08-10 17:00:00,24874.0
2012-08-10 18:00:00,24584.0
2012-08-10 19:00:00,25420.0
2012-08-10 20:00:00,22635.0
2012-08-10 21:00:00,16800.0
2012-08-10 22:00:00,13508.0
2012-08-10 23:00:00,11647.0
2012-08-11 00:00:00,7053.0
2012-08-11 01:00:00,7002.0
2012-08-11 02:00:00,6799.0
2012-08-11 03:00:00,6622.0
2012-08-11 04:00:00,6813.0
2012-08-11 05:00:00,6863.0
2012-08-11 06:00:00,11571.0
2012-08-11 07:00:00,10610.0
2012-08-11 08:00:00,12420.0
2012-08-11 09:00:00,16230.0
2012-08-11 10:00:00,16546.0
2012-08-11 11:00:00,17319.0
2012-08-11 12:00:00,17015.0
2012-08-11 13:00:00,22495.0
2012-08-11 14:00:00,23774.0
2012-08-11 15:00:00,23267.0
2012-08-11 16:00:00,24888.0
2012-08-11 17:00:00,23445.0
2012-08-11 18:00:00,23078.0
2012-08-11 19:00:00,22722.0
2012-08-11 20:00:00,21787.0
2012-08-11 21:00:00,17446.0
2012-08-11 22:00:00,14192.0
2012-08-11 23:00:00,10635.0
2012-08-12 00:00:00,6507.0
2012-08-12 01:00:00,6584.0
2012-08-12 02:00:00,6381.0
2012-08-12 03:00:00,6104.0
2012-08-12 04:00:00,6343.0
2012-08-12 05:00:00,6508.0
2012-08-12 06:00:00,11065.0
2012-08-12 07:00:00,11154.0
2012-08-12 08:00:00,12065.0
2012-08-12 09:00:00,16609.0
2012-08-12 10:00:00,18217.0
2012-08-12 11:00:00,16697.0
2012-08-12 12:00:00,19749.0
2012-08-12 13:00:00,21495.0
2012-08-12 14:00:00,20787.0
2012-08-12 15:00:00,20622.0
2012-08-12 16:00:00,21698.0
2012-08-12 17:00:00,20115.0
2012-08-12 18:00:00,20496.0
2012-08-12 19:00:00,20559.0
2012-08-12 20:00:00,18749.0
2012-08-12 21:00:00,15128.0
2012-08-12 22:00:00,12838.0
2012-08-12 23:00:00,7610.0
2012-08-13 00:00:00,6229.0
2012-08-13 01:00:00,6382.0
2012-08-13 02:00:00,5978.0
2012-08-13 03:00:00,6091.0
2012-08-13 04:00:00,6229.0
2012-08-13 05:00:00,6280.0
2012-08-13 06:00:00,10344.0
2012-08-13 07:00:00,10900.0
2012-08-13 08:00:00,12065.0
2012-08-13 09:00:00,15710.0
2012-08-13 10:00:00,15014.0
2012-08-13 11:00:00,17572.0
2012-08-13 12:00:00,17609.0
2012-08-13 13:00:00,19951.0
2012-08-13 14:00:00,21432.0
2012-08-13 15:00:00,20407.0
2012-08-13 16:00:00,20622.0
2012-08-13 17:00:00,20484.0
2012-08-13 18:00:00,20166.0
2012-08-13 19:00:00,20230.0
2012-08-13 20:00:00,18558.0
2012-08-13 21:00:00,15078.0
2012-08-13 22:00:00,13672.0
2012-08-13 23:00:00,9913.0
2012-08-14 00:00:00,6572.0
2012-08-14 01:00:00,6495.0
2012-08-14 02:00:00,6267.0
2012-08-14 03:00:00,6053.0
2012-08-14 04:00:00,6356.0
2012-08-14 05:00:00,6521.0
2012-08-14 06:00:00,11091.0
2012-08-14 07:00:00,10926.0
2012-08-14 08:00:00,12813.0
2012-08-14 09:00:00,15040.0
2012-08-14 10:00:00,14382.0
2012-08-14 11:00:00,15294.0
2012-08-14 12:00:00,15001.0
2012-08-14 13:00:00,20660.0
2012-08-14 14:00:00,20558.0
2012-08-14 15:00:00,19811.0
2012-08-14 16:00:00,21293.0
2012-08-14 17:00:00,20268.0
2012-08-14 18:00:00,20028.0
2012-08-14 19:00:00,21255.0
2012-08-14 20:00:00,19483.0
2012-08-14 21:00:00,17546.0
2012-08-14 22:00:00,14014.0
2012-08-14 23:00:00,10800.0
2012-08-15 00:00:00,7041.0
2012-08-15 01:00:00,7179.0
2012-08-15 02:00:00,7039.0
2012-08-15 03:00:00,6609.0
2012-08-15 04:00:00,7230.0
2012-08-15 05:00:00,7078.0
2012-08-15 06:00:00,12015.0
2012-08-15 07:00:00,10914.0
2012-08-15 08:00:00,12457.0
2012-08-15 09:00:00,15801.0
2012-08-15 10:00:00,16318.0
2012-08-15 11:00:00,18242.0
2012-08-15 12:00:00,16875.0
2012-08-15 13:00:00,16243.0
2012-08-15 14:00:00,15811.0
2012-08-15 15:00:00,16497.0
2012-08-15 16:00:00,16964.0
2012-08-15 17:00:00,16191.0
2012-08-15 18:00:00,16331.0
2012-08-15 19:00:00,16522.0
2012-08-15 20:00:00,15306.0
2012-08-15 21:00:00,14737.0
2012-08-15 22:00:00,11711.0
2012-08-15 23:00:00,7053.0
2012-08-16 00:00:00,6394.0
2012-08-16 01:00:00,6610.0
2012-08-16 02:00:00,6216.0
2012-08-16 03:00:00,5989.0
2012-08-16 04:00:00,6280.0
2012-08-16 05:00:00,6343.0
2012-08-16 06:00:00,10395.0
2012-08-16 07:00:00,11255.0
2012-08-16 08:00:00,11559.0
2012-08-16 09:00:00,15129.0
2012-08-16 10:00:00,15433.0
2012-08-16 11:00:00,16445.0
2012-08-16 12:00:00,19824.0
2012-08-16 13:00:00,20357.0
2012-08-16 14:00:00,21015.0
2012-08-16 15:00:00,20622.0
2012-08-16 16:00:00,21090.0
2012-08-16 17:00:00,20799.0
2012-08-16 18:00:00,20382.0
2012-08-16 19:00:00,20824.0
2012-08-16 20:00:00,19091.0
2012-08-16 21:00:00,15381.0
2012-08-16 22:00:00,13217.0
2012-08-16 23:00:00,10166.0
2012-08-17 00:00:00,6545.0
2012-08-17 01:00:00,6508.0
2012-08-17 02:00:00,6103.0
2012-08-17 03:00:00,5938.0
2012-08-17 04:00:00,6317.0
2012-08-17 05:00:00,6217.0
2012-08-17 06:00:00,10305.0
2012-08-17 07:00:00,10598.0
2012-08-17 08:00:00,11800.0
2012-08-17 09:00:00,14724.0
2012-08-17 10:00:00,15495.0
2012-08-17 11:00:00,19875.0
2012-08-17 12:00:00,21673.0
2012-08-17 13:00:00,21749.0
2012-08-17 14:00:00,23116.0
2012-08-17 15:00:00,21799.0
2012-08-17 16:00:00,22495.0
2012-08-17 17:00:00,22027.0
2012-08-17 18:00:00,21913.0
2012-08-17 19:00:00,22216.0
2012-08-17 20:00:00,19522.0
2012-08-17 21:00:00,15952.0
2012-08-17 22:00:00,13736.0
2012-08-17 23:00:00,10242.0
2012-08-18 00:00:00,6559.0
2012-08-18 01:00:00,6736.0
2012-08-18 02:00:00,6647.0
2012-08-18 03:00:00,6444.0
2012-08-18 04:00:00,6597.0
2012-08-18 05:00:00,6748.0
2012-08-18 06:00:00,11065.0
2012-08-18 07:00:00,12040.0
2012-08-18 08:00:00,13419.0
2012-08-18 09:00:00,17002.0
2012-08-18 10:00:00,17166.0
2012-08-18 11:00:00,22357.0
2012-08-18 12:00:00,21799.0
2012-08-18 13:00:00,22382.0
2012-08-18 14:00:00,23382.0
2012-08-18 15:00:00,21876.0
2012-08-18 16:00:00,22141.0
2012-08-18 17:00:00,21749.0
2012-08-18 18:00:00,21458.0
2012-08-18 19:00:00,21888.0
2012-08-18 20:00:00,20192.0
2012-08-18 21:00:00,17003.0
2012-08-18 22:00:00,14255.0
2012-08-18 23:00:00,11394.0
2012-08-19 00:00:00,6863.0
2012-08-19 01:00:00,6952.0
2012-08-19 02:00:00,6686.0
2012-08-19 03:00:00,6433.0
2012-08-19 04:00:00,6711.0
2012-08-19 05:00:00,7090.0
2012-08-19 06:00:00,11571.0
2012-08-19 07:00:00,11028.0
2012-08-19 08:00:00,12382.0
2012-08-19 09:00:00,16457.0
2012-08-19 10:00:00,16888.0
2012-08-19 11:00:00,16571.0
2012-08-19 12:00:00,16838.0
2012-08-19 13:00:00,21281.0
2012-08-19 14:00:00,22065.0
2012-08-19 15:00:00,21952.0
2012-08-19 16:00:00,21382.0
2012-08-19 17:00:00,20699.0
2012-08-19 18:00:00,21015.0
2012-08-19 19:00:00,21496.0
2012-08-19 20:00:00,19521.0
2012-08-19 21:00:00,16191.0
2012-08-19 22:00:00,13179.0
2012-08-19 23:00:00,8875.0
2012-08-20 00:00:00,6432.0
2012-08-20 01:00:00,6648.0
2012-08-20 02:00:00,6433.0
2012-08-20 03:00:00,6204.0
2012-08-20 04:00:00,6432.0
2012-08-20 05:00:00,6585.0
2012-08-20 06:00:00,10698.0
2012-08-20 07:00:00,11762.0
2012-08-20 08:00:00,11989.0
2012-08-20 09:00:00,15799.0
2012-08-20 10:00:00,16938.0
2012-08-20 11:00:00,20596.0
2012-08-20 12:00:00,22989.0
2012-08-20 13:00:00,23837.0
2012-08-20 14:00:00,23711.0
2012-08-20 15:00:00,23989.0
2012-08-20 16:00:00,24559.0
2012-08-20 17:00:00,24395.0
2012-08-20 18:00:00,24496.0
2012-08-20 19:00:00,24470.0
2012-08-20 20:00:00,22673.0
2012-08-20 21:00:00,18508.0
2012-08-20 22:00:00,16319.0
2012-08-20 23:00:00,13736.0
2012-08-21 00:00:00,12812.0
2012-08-21 01:00:00,12306.0
2012-08-21 02:00:00,10508.0
2012-08-21 03:00:00,7065.0
2012-08-21 04:00:00,6964.0
2012-08-21 05:00:00,7002.0
2012-08-21 06:00:00,10255.0
2012-08-21 07:00:00,11724.0
2012-08-21 08:00:00,14357.0
2012-08-21 09:00:00,16330.0
2012-08-21 10:00:00,18635.0
2012-08-21 11:00:00,23736.0
2012-08-21 12:00:00,24002.0
2012-08-21 13:00:00,23673.0
2012-08-21 14:00:00,24914.0
2012-08-21 15:00:00,23546.0
2012-08-21 16:00:00,25205.0
2012-08-21 17:00:00,23394.0
2012-08-21 18:00:00,23914.0
2012-08-21 19:00:00,25053.0
2012-08-21 20:00:00,23255.0
2012-08-21 21:00:00,18179.0
2012-08-21 22:00:00,14584.0
2012-08-21 23:00:00,11281.0
2012-08-22 00:00:00,7154.0
2012-08-22 01:00:00,7420.0
2012-08-22 02:00:00,6836.0
2012-08-22 03:00:00,6596.0
2012-08-22 04:00:00,6736.0
2012-08-22 05:00:00,6812.0
2012-08-22 06:00:00,11128.0
2012-08-22 07:00:00,11787.0
2012-08-22 08:00:00,10926.0
2012-08-22 09:00:00,15331.0
2012-08-22 10:00:00,15192.0
2012-08-22 11:00:00,18964.0
2012-08-22 12:00:00,21420.0
2012-08-22 13:00:00,21407.0
2012-08-22 14:00:00,21495.0
2012-08-22 15:00:00,21648.0
2012-08-22 16:00:00,22509.0
2012-08-22 17:00:00,22117.0
2012-08-22 18:00:00,20395.0
2012-08-22 19:00:00,20293.0
2012-08-22 20:00:00,19305.0
2012-08-22 21:00:00,16268.0
2012-08-22 22:00:00,13685.0
2012-08-22 23:00:00,10597.0
2012-08-23 00:00:00,6901.0
2012-08-23 01:00:00,6888.0
2012-08-23 02:00:00,6710.0
2012-08-23 03:00:00,6331.0
2012-08-23 04:00:00,6661.0
2012-08-23 05:00:00,6723.0
2012-08-23 06:00:00,10787.0
2012-08-23 07:00:00,11774.0
2012-08-23 08:00:00,12255.0
2012-08-23 09:00:00,16559.0
2012-08-23 10:00:00,16116.0
2012-08-23 11:00:00,16407.0
2012-08-23 12:00:00,15558.0
2012-08-23 13:00:00,21129.0
2012-08-23 14:00:00,20876.0
2012-08-23 15:00:00,19775.0
2012-08-23 16:00:00,20483.0
2012-08-23 17:00:00,19825.0
2012-08-23 18:00:00,21002.0
2012-08-23 19:00:00,20685.0
2012-08-23 20:00:00,17115.0
2012-08-23 21:00:00,16914.0
2012-08-23 22:00:00,14573.0
2012-08-23 23:00:00,10990.0
2012-08-24 00:00:00,6698.0
2012-08-24 01:00:00,6736.0
2012-08-24 02:00:00,6432.0
2012-08-24 03:00:00,6117.0
2012-08-24 04:00:00,6305.0
2012-08-24 05:00:00,6583.0
2012-08-24 06:00:00,10698.0
2012-08-24 07:00:00,11332.0
2012-08-24 08:00:00,12396.0
2012-08-24 09:00:00,14419.0
2012-08-24 10:00:00,15446.0
2012-08-24 11:00:00,15849.0
2012-08-24 12:00:00,16597.0
2012-08-24 13:00:00,21268.0
2012-08-24 14:00:00,22154.0
2012-08-24 15:00:00,19862.0
2012-08-24 16:00:00,20888.0
2012-08-24 17:00:00,20698.0
2012-08-24 18:00:00,20952.0
2012-08-24 19:00:00,20583.0
2012-08-24 20:00:00,17090.0
2012-08-24 21:00:00,16179.0
2012-08-24 22:00:00,13963.0
2012-08-24 23:00:00,10394.0
2012-08-25 00:00:00,6698.0
2012-08-25 01:00:00,6951.0
2012-08-25 02:00:00,6546.0
2012-08-25 03:00:00,6242.0
2012-08-25 04:00:00,6635.0
2012-08-25 05:00:00,6952.0
2012-08-25 06:00:00,11191.0
2012-08-25 07:00:00,11230.0
2012-08-25 08:00:00,13876.0
2012-08-25 09:00:00,17419.0
2012-08-25 10:00:00,17535.0
2012-08-25 11:00:00,18850.0
2012-08-25 12:00:00,18281.0
2012-08-25 13:00:00,18457.0
2012-08-25 14:00:00,18635.0
2012-08-25 15:00:00,17584.0
2012-08-25 16:00:00,17849.0
2012-08-25 17:00:00,17230.0
2012-08-25 18:00:00,16191.0
2012-08-25 19:00:00,17319.0
2012-08-25 20:00:00,16192.0
2012-08-25 21:00:00,15584.0
2012-08-25 22:00:00,14066.0
2012-08-25 23:00:00,10167.0
2012-08-26 00:00:00,6534.0
2012-08-26 01:00:00,6661.0
2012-08-26 02:00:00,6243.0
2012-08-26 03:00:00,6014.0
2012-08-26 04:00:00,6230.0
2012-08-26 05:00:00,6419.0
2012-08-26 06:00:00,9749.0
2012-08-26 07:00:00,10142.0
2012-08-26 08:00:00,12584.0
2012-08-26 09:00:00,17560.0
2012-08-26 10:00:00,17065.0
2012-08-26 11:00:00,17268.0
2012-08-26 12:00:00,16824.0
2012-08-26 13:00:00,16850.0
2012-08-26 14:00:00,16850.0
2012-08-26 15:00:00,15837.0
2012-08-26 16:00:00,16609.0
2012-08-26 17:00:00,15458.0
2012-08-26 18:00:00,15635.0
2012-08-26 19:00:00,16167.0
2012-08-26 20:00:00,14661.0
2012-08-26 21:00:00,14761.0
2012-08-26 22:00:00,11243.0
2012-08-26 23:00:00,6711.0
2012-08-27 00:00:00,6432.0
2012-08-27 01:00:00,6559.0
2012-08-27 02:00:00,6242.0
2012-08-27 03:00:00,5977.0
2012-08-27 04:00:00,6179.0
2012-08-27 05:00:00,6357.0
2012-08-27 06:00:00,10648.0
2012-08-27 07:00:00,10482.0
2012-08-27 08:00:00,11597.0
2012-08-27 09:00:00,15370.0
2012-08-27 10:00:00,15053.0
2012-08-27 11:00:00,15052.0
2012-08-27 12:00:00,15167.0
2012-08-27 13:00:00,20166.0
2012-08-27 14:00:00,19863.0
2012-08-27 15:00:00,19419.0
2012-08-27 16:00:00,19825.0
2012-08-27 17:00:00,19939.0
2012-08-27 18:00:00,19647.0
2012-08-27 19:00:00,19192.0
2012-08-27 20:00:00,16205.0
2012-08-27 21:00:00,16052.0
2012-08-27 22:00:00,15027.0
2012-08-27 23:00:00,11066.0
2012-08-28 00:00:00,6534.0
2012-08-28 01:00:00,6749.0
2012-08-28 02:00:00,6508.0
2012-08-28 03:00:00,6180.0
2012-08-28 04:00:00,6407.0
2012-08-28 05:00:00,6458.0
2012-08-28 06:00:00,10673.0
2012-08-28 07:00:00,11571.0
2012-08-28 08:00:00,12344.0
2012-08-28 09:00:00,15167.0
2012-08-28 10:00:00,15750.0
2012-08-28 11:00:00,15610.0
2012-08-28 12:00:00,15534.0
2012-08-28 13:00:00,20394.0
2012-08-28 14:00:00,21356.0
2012-08-28 15:00:00,20927.0
2012-08-28 16:00:00,21231.0
2012-08-28 17:00:00,21002.0
2012-08-28 18:00:00,21457.0
2012-08-28 19:00:00,21255.0
2012-08-28 20:00:00,18965.0
2012-08-28 21:00:00,15522.0
2012-08-28 22:00:00,13964.0
2012-08-28 23:00:00,11445.0
2012-08-29 00:00:00,7686.0
2012-08-29 01:00:00,7052.0
2012-08-29 02:00:00,6659.0
2012-08-29 03:00:00,6267.0
2012-08-29 04:00:00,6509.0
2012-08-29 05:00:00,6583.0
2012-08-29 06:00:00,10723.0
2012-08-29 07:00:00,10875.0
2012-08-29 08:00:00,11824.0
2012-08-29 09:00:00,15166.0
2012-08-29 10:00:00,15116.0
2012-08-29 11:00:00,15205.0
2012-08-29 12:00:00,17293.0
2012-08-29 13:00:00,19394.0
2012-08-29 14:00:00,17369.0
2012-08-29 15:00:00,18786.0
2012-08-29 16:00:00,20141.0
2012-08-29 17:00:00,19205.0
2012-08-29 18:00:00,18952.0
2012-08-29 19:00:00,20382.0
2012-08-29 20:00:00,18281.0
2012-08-29 21:00:00,14889.0
2012-08-29 22:00:00,13369.0
2012-08-29 23:00:00,10294.0
2012-08-30 00:00:00,6433.0
2012-08-30 01:00:00,6369.0
2012-08-30 02:00:00,6191.0
2012-08-30 03:00:00,5762.0
2012-08-30 04:00:00,6153.0
2012-08-30 05:00:00,6115.0
2012-08-30 06:00:00,10318.0
2012-08-30 07:00:00,11204.0
2012-08-30 08:00:00,10787.0
2012-08-30 09:00:00,14990.0
2012-08-30 10:00:00,15787.0
2012-08-30 11:00:00,15458.0
2012-08-30 12:00:00,16660.0
2012-08-30 13:00:00,19065.0
2012-08-30 14:00:00,20445.0
2012-08-30 15:00:00,19496.0
2012-08-30 16:00:00,20509.0
2012-08-30 17:00:00,19330.0
2012-08-30 18:00:00,19597.0
2012-08-30 19:00:00,19813.0
2012-08-30 20:00:00,17838.0
2012-08-30 21:00:00,15483.0
2012-08-30 22:00:00,14230.0
2012-08-30 23:00:00,11546.0
2012-08-31 00:00:00,7357.0
2012-08-31 01:00:00,6407.0
2012-08-31 02:00:00,6039.0
2012-08-31 03:00:00,5889.0
2012-08-31 04:00:00,6141.0
2012-08-31 05:00:00,6243.0
2012-08-31 06:00:00,10458.0
2012-08-31 07:00:00,10407.0
2012-08-31 08:00:00,13015.0
2012-08-31 09:00:00,14977.0
2012-08-31 10:00:00,14952.0
2012-08-31 11:00:00,15015.0
2012-08-31 12:00:00,19065.0
2012-08-31 13:00:00,20825.0
2012-08-31 14:00:00,21483.0
2012-08-31 15:00:00,20002.0
2012-08-31 16:00:00,21229.0
2012-08-31 17:00:00,20926.0
2012-08-31 18:00:00,20153.0
2012-08-31 19:00:00,21685.0
2012-08-31 20:00:00,19913.0
2012-08-31 21:00:00,16509.0
2012-08-31 22:00:00,14180.0
2012-08-31 23:00:00,11786.0
2012-09-01 00:00:00,7458.0
2012-09-01 01:00:00,6496.0
2012-09-01 02:00:00,6179.0
2012-09-01 03:00:00,5914.0
2012-09-01 04:00:00,6092.0
2012-09-01 05:00:00,6306.0
2012-09-01 06:00:00,10672.0
2012-09-01 07:00:00,11231.0
2012-09-01 08:00:00,11545.0
2012-09-01 09:00:00,15596.0
2012-09-01 10:00:00,16319.0
2012-09-01 11:00:00,17496.0
2012-09-01 12:00:00,17673.0
2012-09-01 13:00:00,23267.0
2012-09-01 14:00:00,21775.0
2012-09-01 15:00:00,20749.0
2012-09-01 16:00:00,22142.0
2012-09-01 17:00:00,21407.0
2012-09-01 18:00:00,21129.0
2012-09-01 19:00:00,20711.0
2012-09-01 20:00:00,19230.0
2012-09-01 21:00:00,15484.0
2012-09-01 22:00:00,14863.0
2012-09-01 23:00:00,12383.0
2012-09-02 00:00:00,7293.0
2012-09-02 01:00:00,6559.0
2012-09-02 02:00:00,6230.0
2012-09-02 03:00:00,5938.0
2012-09-02 04:00:00,6140.0
2012-09-02 05:00:00,6281.0
2012-09-02 06:00:00,10533.0
2012-09-02 07:00:00,10078.0
2012-09-02 08:00:00,11432.0
2012-09-02 09:00:00,15305.0
2012-09-02 10:00:00,15572.0
2012-09-02 11:00:00,15546.0
2012-09-02 12:00:00,15001.0
2012-09-02 13:00:00,14976.0
2012-09-02 14:00:00,15649.0
2012-09-02 15:00:00,14900.0
2012-09-02 16:00:00,15432.0
2012-09-02 17:00:00,20066.0
2012-09-02 18:00:00,20065.0
2012-09-02 19:00:00,19788.0
2012-09-02 20:00:00,18280.0
2012-09-02 21:00:00,14192.0
2012-09-02 22:00:00,10584.0
2012-09-02 23:00:00,6621.0
2012-09-03 00:00:00,6142.0
2012-09-03 01:00:00,6268.0
2012-09-03 02:00:00,5851.0
2012-09-03 03:00:00,5750.0
2012-09-03 04:00:00,5800.0
2012-09-03 05:00:00,6266.0
2012-09-03 06:00:00,8850.0
2012-09-03 07:00:00,10634.0
2012-09-03 08:00:00,12028.0
2012-09-03 09:00:00,15255.0
2012-09-03 10:00:00,15078.0
2012-09-03 11:00:00,16041.0
2012-09-03 12:00:00,17357.0
2012-09-03 13:00:00,19939.0
2012-09-03 14:00:00,19584.0
2012-09-03 15:00:00,18419.0
2012-09-03 16:00:00,19140.0
2012-09-03 17:00:00,18812.0
2012-09-03 18:00:00,19205.0
2012-09-03 19:00:00,19459.0
2012-09-03 20:00:00,17117.0
2012-09-03 21:00:00,13914.0
2012-09-03 22:00:00,11155.0
2012-09-03 23:00:00,6825.0
2012-09-04 00:00:00,6216.0
2012-09-04 01:00:00,6294.0
2012-09-04 02:00:00,6192.0
2012-09-04 03:00:00,5914.0
2012-09-04 04:00:00,6078.0
2012-09-04 05:00:00,6545.0
2012-09-04 06:00:00,9065.0
2012-09-04 07:00:00,10610.0
2012-09-04 08:00:00,12913.0
2012-09-04 09:00:00,15611.0
2012-09-04 10:00:00,16117.0
2012-09-04 11:00:00,18368.0
2012-09-04 12:00:00,19457.0
2012-09-04 13:00:00,19496.0
2012-09-04 14:00:00,19673.0
2012-09-04 15:00:00,18762.0
2012-09-04 16:00:00,19483.0
2012-09-04 17:00:00,19407.0
2012-09-04 18:00:00,20052.0
2012-09-04 19:00:00,19775.0
2012-09-04 20:00:00,17179.0
2012-09-04 21:00:00,14306.0
2012-09-04 22:00:00,11648.0
2012-09-04 23:00:00,6634.0
2012-09-05 00:00:00,6192.0
2012-09-05 01:00:00,6141.0
2012-09-05 02:00:00,5964.0
2012-09-05 03:00:00,5775.0
2012-09-05 04:00:00,5964.0
2012-09-05 05:00:00,6090.0
2012-09-05 06:00:00,8826.0
2012-09-05 07:00:00,10332.0
2012-09-05 08:00:00,12495.0
2012-09-05 09:00:00,15787.0
2012-09-05 10:00:00,17382.0
2012-09-05 11:00:00,19230.0
2012-09-05 12:00:00,19774.0
2012-09-05 13:00:00,20079.0
2012-09-05 14:00:00,20192.0
2012-09-05 15:00:00,20267.0
2012-09-05 16:00:00,20229.0
2012-09-05 17:00:00,20218.0
2012-09-05 18:00:00,19863.0
2012-09-05 19:00:00,20103.0
2012-09-05 20:00:00,17319.0
2012-09-05 21:00:00,14863.0
2012-09-05 22:00:00,11622.0
2012-09-05 23:00:00,6761.0
2012-09-06 00:00:00,6243.0
2012-09-06 01:00:00,6331.0
2012-09-06 02:00:00,6230.0
2012-09-06 03:00:00,5749.0
2012-09-06 04:00:00,6192.0
2012-09-06 05:00:00,6558.0
2012-09-06 06:00:00,8863.0
2012-09-06 07:00:00,11154.0
2012-09-06 08:00:00,11939.0
2012-09-06 09:00:00,16027.0
2012-09-06 10:00:00,15191.0
2012-09-06 11:00:00,16141.0
2012-09-06 12:00:00,15787.0
2012-09-06 13:00:00,15066.0
2012-09-06 14:00:00,15597.0
2012-09-06 15:00:00,15357.0
2012-09-06 16:00:00,16052.0
2012-09-06 17:00:00,15875.0
2012-09-06 18:00:00,15090.0
2012-09-06 19:00:00,15914.0
2012-09-06 20:00:00,15065.0
2012-09-06 21:00:00,14432.0
2012-09-06 22:00:00,11787.0
2012-09-06 23:00:00,7027.0
2012-09-07 00:00:00,6749.0
2012-09-07 01:00:00,6813.0
2012-09-07 02:00:00,6507.0
2012-09-07 03:00:00,6280.0
2012-09-07 04:00:00,6508.0
2012-09-07 05:00:00,6710.0
2012-09-07 06:00:00,10039.0
2012-09-07 07:00:00,11331.0
2012-09-07 08:00:00,12710.0
2012-09-07 09:00:00,16711.0
2012-09-07 10:00:00,16090.0
2012-09-07 11:00:00,19102.0
2012-09-07 12:00:00,20623.0
2012-09-07 13:00:00,20647.0
2012-09-07 14:00:00,20889.0
2012-09-07 15:00:00,19216.0
2012-09-07 16:00:00,20914.0
2012-09-07 17:00:00,19913.0
2012-09-07 18:00:00,20040.0
2012-09-07 19:00:00,20838.0
2012-09-07 20:00:00,17951.0
2012-09-07 21:00:00,14977.0
2012-09-07 22:00:00,11457.0
2012-09-07 23:00:00,7521.0
2012-09-08 00:00:00,6660.0
2012-09-08 01:00:00,6888.0
2012-09-08 02:00:00,6469.0
2012-09-08 03:00:00,6229.0
2012-09-08 04:00:00,6269.0
2012-09-08 05:00:00,6635.0
2012-09-08 06:00:00,9142.0
2012-09-08 07:00:00,11179.0
2012-09-08 08:00:00,14001.0
2012-09-08 09:00:00,17672.0
2012-09-08 10:00:00,17674.0
2012-09-08 11:00:00,18659.0
2012-09-08 12:00:00,21344.0
2012-09-08 13:00:00,20952.0
2012-09-08 14:00:00,21154.0
2012-09-08 15:00:00,20914.0
2012-09-08 16:00:00,21243.0
2012-09-08 17:00:00,20648.0
2012-09-08 18:00:00,20888.0
2012-09-08 19:00:00,20648.0
2012-09-08 20:00:00,19242.0
2012-09-08 21:00:00,15799.0
2012-09-08 22:00:00,12293.0
2012-09-08 23:00:00,7293.0
2012-09-09 00:00:00,6610.0
2012-09-09 01:00:00,6697.0
2012-09-09 02:00:00,6307.0
2012-09-09 03:00:00,6205.0
2012-09-09 04:00:00,6496.0
2012-09-09 05:00:00,6648.0
2012-09-09 06:00:00,9939.0
2012-09-09 07:00:00,10774.0
2012-09-09 08:00:00,13394.0
2012-09-09 09:00:00,14964.0
2012-09-09 10:00:00,15305.0
2012-09-09 11:00:00,15598.0
2012-09-09 12:00:00,15115.0
2012-09-09 13:00:00,15039.0
2012-09-09 14:00:00,15496.0
2012-09-09 15:00:00,14457.0
2012-09-09 16:00:00,15014.0
2012-09-09 17:00:00,16825.0
2012-09-09 18:00:00,18800.0
2012-09-09 19:00:00,19976.0
2012-09-09 20:00:00,19079.0
2012-09-09 21:00:00,16204.0
2012-09-09 22:00:00,13382.0
2012-09-09 23:00:00,7331.0
2012-09-10 00:00:00,6471.0
2012-09-10 01:00:00,6584.0
2012-09-10 02:00:00,6305.0
2012-09-10 03:00:00,6117.0
2012-09-10 04:00:00,6420.0
2012-09-10 05:00:00,6623.0
2012-09-10 06:00:00,9925.0
2012-09-10 07:00:00,10977.0
2012-09-10 08:00:00,12293.0
2012-09-10 09:00:00,15116.0
2012-09-10 10:00:00,15483.0
2012-09-10 11:00:00,15331.0
2012-09-10 12:00:00,15129.0
2012-09-10 13:00:00,15546.0
2012-09-10 14:00:00,19546.0
2012-09-10 15:00:00,19647.0
2012-09-10 16:00:00,20026.0
2012-09-10 17:00:00,20686.0
2012-09-10 18:00:00,20280.0
2012-09-10 19:00:00,20850.0
2012-09-10 20:00:00,17749.0
2012-09-10 21:00:00,15394.0
2012-09-10 22:00:00,11837.0
2012-09-10 23:00:00,6737.0
2012-09-11 00:00:00,6407.0
2012-09-11 01:00:00,6610.0
2012-09-11 02:00:00,6166.0
2012-09-11 03:00:00,6002.0
2012-09-11 04:00:00,6382.0
2012-09-11 05:00:00,6584.0
2012-09-11 06:00:00,9154.0
2012-09-11 07:00:00,11269.0
2012-09-11 08:00:00,12774.0
2012-09-11 09:00:00,15621.0
2012-09-11 10:00:00,15686.0
2012-09-11 11:00:00,15458.0
2012-09-11 12:00:00,15672.0
2012-09-11 13:00:00,19723.0
2012-09-11 14:00:00,20091.0
2012-09-11 15:00:00,18799.0
2012-09-11 16:00:00,19787.0
2012-09-11 17:00:00,18799.0
2012-09-11 18:00:00,19635.0
2012-09-11 19:00:00,20774.0
2012-09-11 20:00:00,18597.0
2012-09-11 21:00:00,15243.0
2012-09-11 22:00:00,12761.0
2012-09-11 23:00:00,7015.0
2012-09-12 00:00:00,6660.0
2012-09-12 01:00:00,6812.0
2012-09-12 02:00:00,6331.0
2012-09-12 03:00:00,6142.0
2012-09-12 04:00:00,6521.0
2012-09-12 05:00:00,6482.0
2012-09-12 06:00:00,7293.0
2012-09-12 07:00:00,12571.0
2012-09-12 08:00:00,13040.0
2012-09-12 09:00:00,16254.0
2012-09-12 10:00:00,15863.0
2012-09-12 11:00:00,17382.0
2012-09-12 12:00:00,20445.0
2012-09-12 13:00:00,19862.0
2012-09-12 14:00:00,20874.0
2012-09-12 15:00:00,19799.0
2012-09-12 16:00:00,20914.0
2012-09-12 17:00:00,19242.0
2012-09-12 18:00:00,19939.0
2012-09-12 19:00:00,20762.0
2012-09-12 20:00:00,19344.0
2012-09-12 21:00:00,15369.0
2012-09-12 22:00:00,13330.0
2012-09-12 23:00:00,7470.0
2012-09-13 00:00:00,6800.0
2012-09-13 01:00:00,6799.0
2012-09-13 02:00:00,6431.0
2012-09-13 03:00:00,5989.0
2012-09-13 04:00:00,6243.0
2012-09-13 05:00:00,6635.0
2012-09-13 06:00:00,7014.0
2012-09-13 07:00:00,12242.0
2012-09-13 08:00:00,11408.0
2012-09-13 09:00:00,15306.0
2012-09-13 10:00:00,14724.0
2012-09-13 11:00:00,18168.0
2012-09-13 12:00:00,19737.0
2012-09-13 13:00:00,19748.0
2012-09-13 14:00:00,20205.0
2012-09-13 15:00:00,17054.0
2012-09-13 16:00:00,20508.0
2012-09-13 17:00:00,20547.0
2012-09-13 18:00:00,20356.0
2012-09-13 19:00:00,20875.0
2012-09-13 20:00:00,17457.0
2012-09-13 21:00:00,14787.0
2012-09-13 22:00:00,12926.0
2012-09-13 23:00:00,7660.0
2012-09-14 00:00:00,6444.0
2012-09-14 01:00:00,6597.0
2012-09-14 02:00:00,6191.0
2012-09-14 03:00:00,5989.0
2012-09-14 04:00:00,6242.0
2012-09-14 05:00:00,6571.0
2012-09-14 06:00:00,6990.0
2012-09-14 07:00:00,12318.0
2012-09-14 08:00:00,13900.0
2012-09-14 09:00:00,15622.0
2012-09-14 10:00:00,15040.0
2012-09-14 11:00:00,17053.0
2012-09-14 12:00:00,19432.0
2012-09-14 13:00:00,19901.0
2012-09-14 14:00:00,20242.0
2012-09-14 15:00:00,19547.0
2012-09-14 16:00:00,19976.0
2012-09-14 17:00:00,19925.0
2012-09-14 18:00:00,21192.0
2012-09-14 19:00:00,21534.0
2012-09-14 20:00:00,16432.0
2012-09-14 21:00:00,13774.0
2012-09-14 22:00:00,12090.0
2012-09-14 23:00:00,7040.0
2012-09-15 00:00:00,6558.0
2012-09-15 01:00:00,6673.0
2012-09-15 02:00:00,6495.0
2012-09-15 03:00:00,6103.0
2012-09-15 04:00:00,6394.0
2012-09-15 05:00:00,6445.0
2012-09-15 06:00:00,7053.0
2012-09-15 07:00:00,10875.0
2012-09-15 08:00:00,11875.0
2012-09-15 09:00:00,15939.0
2012-09-15 10:00:00,16345.0
2012-09-15 11:00:00,17623.0
2012-09-15 12:00:00,20496.0
2012-09-15 13:00:00,20686.0
2012-09-15 14:00:00,19673.0
2012-09-15 15:00:00,18457.0
2012-09-15 16:00:00,18875.0
2012-09-15 17:00:00,18609.0
2012-09-15 18:00:00,20546.0
2012-09-15 19:00:00,21382.0
2012-09-15 20:00:00,16508.0
2012-09-15 21:00:00,14230.0
2012-09-15 22:00:00,12066.0
2012-09-15 23:00:00,6812.0
2012-09-16 00:00:00,6610.0
2012-09-16 01:00:00,6471.0
2012-09-16 02:00:00,6166.0
2012-09-16 03:00:00,5990.0
2012-09-16 04:00:00,6267.0
2012-09-16 05:00:00,6293.0
2012-09-16 06:00:00,6761.0
2012-09-16 07:00:00,10964.0
2012-09-16 08:00:00,12331.0
2012-09-16 09:00:00,15812.0
2012-09-16 10:00:00,15421.0
2012-09-16 11:00:00,16433.0
2012-09-16 12:00:00,16103.0
2012-09-16 13:00:00,16180.0
2012-09-16 14:00:00,16863.0
2012-09-16 15:00:00,15660.0
2012-09-16 16:00:00,20609.0
2012-09-16 17:00:00,20306.0
2012-09-16 18:00:00,20180.0
2012-09-16 19:00:00,20368.0
2012-09-16 20:00:00,16293.0
2012-09-16 21:00:00,13811.0
2012-09-16 22:00:00,12483.0
2012-09-16 23:00:00,7369.0
2012-09-17 00:00:00,6382.0
2012-09-17 01:00:00,6608.0
2012-09-17 02:00:00,6381.0
2012-09-17 03:00:00,6066.0
2012-09-17 04:00:00,6445.0
2012-09-17 05:00:00,6482.0
2012-09-17 06:00:00,6939.0
2012-09-17 07:00:00,11445.0
2012-09-17 08:00:00,12115.0
2012-09-17 09:00:00,16914.0
2012-09-17 10:00:00,17191.0
2012-09-17 11:00:00,16584.0
2012-09-17 12:00:00,16141.0
2012-09-17 13:00:00,16280.0
2012-09-17 14:00:00,17104.0
2012-09-17 15:00:00,15470.0
2012-09-17 16:00:00,16419.0
2012-09-17 17:00:00,16457.0
2012-09-17 18:00:00,16648.0
2012-09-17 19:00:00,17242.0
2012-09-17 20:00:00,15293.0
2012-09-17 21:00:00,14812.0
2012-09-17 22:00:00,13610.0
2012-09-17 23:00:00,12205.0
2012-09-18 00:00:00,11977.0
2012-09-18 01:00:00,11735.0
2012-09-18 02:00:00,7876.0
2012-09-18 03:00:00,6686.0
2012-09-18 04:00:00,6787.0
2012-09-18 05:00:00,6951.0
2012-09-18 06:00:00,7698.0
2012-09-18 07:00:00,11597.0
2012-09-18 08:00:00,13445.0
2012-09-18 09:00:00,17635.0
2012-09-18 10:00:00,16431.0
2012-09-18 11:00:00,16280.0
2012-09-18 12:00:00,17648.0
2012-09-18 13:00:00,18634.0
2012-09-18 14:00:00,20053.0
2012-09-18 15:00:00,19344.0
2012-09-18 16:00:00,20762.0
2012-09-18 17:00:00,19736.0
2012-09-18 18:00:00,19787.0
2012-09-18 19:00:00,20648.0
2012-09-18 20:00:00,16382.0
2012-09-18 21:00:00,14180.0
2012-09-18 22:00:00,12571.0
2012-09-18 23:00:00,9141.0
2012-09-19 00:00:00,9331.0
2012-09-19 01:00:00,9509.0
2012-09-19 02:00:00,9141.0
2012-09-19 03:00:00,9078.0
2012-09-19 04:00:00,9282.0
2012-09-19 05:00:00,8825.0
2012-09-19 06:00:00,9079.0
2012-09-19 07:00:00,13458.0
2012-09-19 08:00:00,14242.0
2012-09-19 09:00:00,15483.0
2012-09-19 10:00:00,15787.0
2012-09-19 11:00:00,16141.0
2012-09-19 12:00:00,14800.0
2012-09-19 13:00:00,19711.0
2012-09-19 14:00:00,19964.0
2012-09-19 15:00:00,18875.0
2012-09-19 16:00:00,20091.0
2012-09-19 17:00:00,19242.0
2012-09-19 18:00:00,20154.0
2012-09-19 19:00:00,21091.0
2012-09-19 20:00:00,16407.0
2012-09-19 21:00:00,14395.0
2012-09-19 22:00:00,12078.0
2012-09-19 23:00:00,7243.0
2012-09-20 00:00:00,7305.0
2012-09-20 01:00:00,7749.0
2012-09-20 02:00:00,7091.0
2012-09-20 03:00:00,6875.0
2012-09-20 04:00:00,7293.0
2012-09-20 05:00:00,6976.0
2012-09-20 06:00:00,7331.0
2012-09-20 07:00:00,11824.0
2012-09-20 08:00:00,12394.0
2012-09-20 09:00:00,15698.0
2012-09-20 10:00:00,14874.0
2012-09-20 11:00:00,15660.0
2012-09-20 12:00:00,16584.0
2012-09-20 13:00:00,18927.0
2012-09-20 14:00:00,20116.0
2012-09-20 15:00:00,18976.0
2012-09-20 16:00:00,20533.0
2012-09-20 17:00:00,19875.0
2012-09-20 18:00:00,19382.0
2012-09-20 19:00:00,17458.0
2012-09-20 20:00:00,14533.0
2012-09-20 21:00:00,13863.0
2012-09-20 22:00:00,11103.0
2012-09-20 23:00:00,7242.0
2012-09-21 00:00:00,6521.0
2012-09-21 01:00:00,6824.0
2012-09-21 02:00:00,6368.0
2012-09-21 03:00:00,5989.0
2012-09-21 04:00:00,6445.0
2012-09-21 05:00:00,6634.0
2012-09-21 06:00:00,7218.0
2012-09-21 07:00:00,11331.0
2012-09-21 08:00:00,11977.0
2012-09-21 09:00:00,16242.0
2012-09-21 10:00:00,15090.0
2012-09-21 11:00:00,16231.0
2012-09-21 12:00:00,16547.0
2012-09-21 13:00:00,19862.0
2012-09-21 14:00:00,20369.0
2012-09-21 15:00:00,20230.0
2012-09-21 16:00:00,20142.0
2012-09-21 17:00:00,19774.0
2012-09-21 18:00:00,21710.0
2012-09-21 19:00:00,20686.0
2012-09-21 20:00:00,16723.0
2012-09-21 21:00:00,14559.0
2012-09-21 22:00:00,11774.0
2012-09-21 23:00:00,7104.0
2012-09-22 00:00:00,6660.0
2012-09-22 01:00:00,6774.0
2012-09-22 02:00:00,6445.0
2012-09-22 03:00:00,6103.0
2012-09-22 04:00:00,6255.0
2012-09-22 05:00:00,6559.0
2012-09-22 06:00:00,7267.0
2012-09-22 07:00:00,12901.0
2012-09-22 08:00:00,12875.0
2012-09-22 09:00:00,15686.0
2012-09-22 10:00:00,16281.0
2012-09-22 11:00:00,15976.0
2012-09-22 12:00:00,15255.0
2012-09-22 13:00:00,15293.0
2012-09-22 14:00:00,16357.0
2012-09-22 15:00:00,15091.0
2012-09-22 16:00:00,18293.0
2012-09-22 17:00:00,19153.0
2012-09-22 18:00:00,19635.0
2012-09-22 19:00:00,18142.0
2012-09-22 20:00:00,16331.0
2012-09-22 21:00:00,15369.0
2012-09-22 22:00:00,12445.0
2012-09-22 23:00:00,6786.0
2012-09-23 00:00:00,6433.0
2012-09-23 01:00:00,6420.0
2012-09-23 02:00:00,6217.0
2012-09-23 03:00:00,6027.0
2012-09-23 04:00:00,6305.0
2012-09-23 05:00:00,6520.0
2012-09-23 06:00:00,7318.0
2012-09-23 07:00:00,12128.0
2012-09-23 08:00:00,13875.0
2012-09-23 09:00:00,17470.0
2012-09-23 10:00:00,16914.0
2012-09-23 11:00:00,16964.0
2012-09-23 12:00:00,16837.0
2012-09-23 13:00:00,16229.0
2012-09-23 14:00:00,16546.0
2012-09-23 15:00:00,17394.0
2012-09-23 16:00:00,16736.0
2012-09-23 17:00:00,16204.0
2012-09-23 18:00:00,16458.0
2012-09-23 19:00:00,17116.0
2012-09-23 20:00:00,15774.0
2012-09-23 21:00:00,14204.0
2012-09-23 22:00:00,10888.0
2012-09-23 23:00:00,6180.0
2012-09-24 00:00:00,6255.0
2012-09-24 01:00:00,6433.0
2012-09-24 02:00:00,6115.0
2012-09-24 03:00:00,5875.0
2012-09-24 04:00:00,6040.0
2012-09-24 05:00:00,6332.0
2012-09-24 06:00:00,7406.0
2012-09-24 07:00:00,11989.0
2012-09-24 08:00:00,12344.0
2012-09-24 09:00:00,15090.0
2012-09-24 10:00:00,15218.0
2012-09-24 11:00:00,15141.0
2012-09-24 12:00:00,15545.0
2012-09-24 13:00:00,14964.0
2012-09-24 14:00:00,14546.0
2012-09-24 15:00:00,14634.0
2012-09-24 16:00:00,14103.0
2012-09-24 17:00:00,14863.0
2012-09-24 18:00:00,14534.0
2012-09-24 19:00:00,14710.0
2012-09-24 20:00:00,13749.0
2012-09-24 21:00:00,12622.0
2012-09-24 22:00:00,10927.0
2012-09-24 23:00:00,7002.0
2012-09-25 00:00:00,6268.0
2012-09-25 01:00:00,5963.0
2012-09-25 02:00:00,5559.0
2012-09-25 03:00:00,5484.0
2012-09-25 04:00:00,5572.0
2012-09-25 05:00:00,5989.0
2012-09-25 06:00:00,6836.0
2012-09-25 07:00:00,12255.0
2012-09-25 08:00:00,12471.0
2012-09-25 09:00:00,15749.0
2012-09-25 10:00:00,14838.0
2012-09-25 11:00:00,16090.0
2012-09-25 12:00:00,15863.0
2012-09-25 13:00:00,15155.0
2012-09-25 14:00:00,15318.0
2012-09-25 15:00:00,14507.0
2012-09-25 16:00:00,15192.0
2012-09-25 17:00:00,14142.0
2012-09-25 18:00:00,14989.0
2012-09-25 19:00:00,15179.0
2012-09-25 20:00:00,13419.0
2012-09-25 21:00:00,12824.0
2012-09-25 22:00:00,10811.0
2012-09-25 23:00:00,7078.0
2012-09-26 00:00:00,5838.0
2012-09-26 01:00:00,6028.0
2012-09-26 02:00:00,5698.0
2012-09-26 03:00:00,5471.0
2012-09-26 04:00:00,5598.0
2012-09-26 05:00:00,5964.0
2012-09-26 06:00:00,6509.0
2012-09-26 07:00:00,11824.0
2012-09-26 08:00:00,12293.0
2012-09-26 09:00:00,14723.0
2012-09-26 10:00:00,15521.0
2012-09-26 11:00:00,14521.0
2012-09-26 12:00:00,14787.0
2012-09-26 13:00:00,14572.0
2012-09-26 14:00:00,14597.0
2012-09-26 15:00:00,14306.0
2012-09-26 16:00:00,14242.0
2012-09-26 17:00:00,14482.0
2012-09-26 18:00:00,14520.0
2012-09-26 19:00:00,15711.0
2012-09-26 20:00:00,14395.0
2012-09-26 21:00:00,13117.0
2012-09-26 22:00:00,10369.0
2012-09-26 23:00:00,6066.0
2012-09-27 00:00:00,6204.0
2012-09-27 01:00:00,6331.0
2012-09-27 02:00:00,5964.0
2012-09-27 03:00:00,5799.0
2012-09-27 04:00:00,6065.0
2012-09-27 05:00:00,6382.0
2012-09-27 06:00:00,6977.0
2012-09-27 07:00:00,12445.0
2012-09-27 08:00:00,11964.0
2012-09-27 09:00:00,15217.0
2012-09-27 10:00:00,13913.0
2012-09-27 11:00:00,15407.0
2012-09-27 12:00:00,14572.0
2012-09-27 13:00:00,13749.0
2012-09-27 14:00:00,14432.0
2012-09-27 15:00:00,14104.0
2012-09-27 16:00:00,14483.0
2012-09-27 17:00:00,15053.0
2012-09-27 18:00:00,15192.0
2012-09-27 19:00:00,15382.0
2012-09-27 20:00:00,14420.0
2012-09-27 21:00:00,13318.0
2012-09-27 22:00:00,9876.0
2012-09-27 23:00:00,5750.0
2012-09-28 00:00:00,5812.0
2012-09-28 01:00:00,6028.0
2012-09-28 02:00:00,5597.0
2012-09-28 03:00:00,5685.0
2012-09-28 04:00:00,5660.0
2012-09-28 05:00:00,5914.0
2012-09-28 06:00:00,6736.0
2012-09-28 07:00:00,12091.0
2012-09-28 08:00:00,12166.0
2012-09-28 09:00:00,15306.0
2012-09-28 10:00:00,14280.0
2012-09-28 11:00:00,16179.0
2012-09-28 12:00:00,14711.0
2012-09-28 13:00:00,14433.0
2012-09-28 14:00:00,14192.0
2012-09-28 15:00:00,14205.0
2012-09-28 16:00:00,14648.0
2012-09-28 17:00:00,14547.0
2012-09-28 18:00:00,15356.0
2012-09-28 19:00:00,16243.0
2012-09-28 20:00:00,14787.0
2012-09-28 21:00:00,13572.0
2012-09-28 22:00:00,10976.0
2012-09-28 23:00:00,6141.0
2012-09-29 00:00:00,6053.0
2012-09-29 01:00:00,6039.0
2012-09-29 02:00:00,5749.0
2012-09-29 03:00:00,5534.0
2012-09-29 04:00:00,5800.0
2012-09-29 05:00:00,6027.0
2012-09-29 06:00:00,6939.0
2012-09-29 07:00:00,13014.0
2012-09-29 08:00:00,13192.0
2012-09-29 09:00:00,15153.0
2012-09-29 10:00:00,14761.0
2012-09-29 11:00:00,16419.0
2012-09-29 12:00:00,16179.0
2012-09-29 13:00:00,16319.0
2012-09-29 14:00:00,15128.0
2012-09-29 15:00:00,14217.0
2012-09-29 16:00:00,16381.0
2012-09-29 17:00:00,15610.0
2012-09-29 18:00:00,15395.0
2012-09-29 19:00:00,15419.0
2012-09-29 20:00:00,14433.0
2012-09-29 21:00:00,12811.0
2012-09-29 22:00:00,11497.0
2012-09-29 23:00:00,6723.0
2012-09-30 00:00:00,6129.0
2012-09-30 01:00:00,6167.0
2012-09-30 02:00:00,5774.0
2012-09-30 03:00:00,5838.0
2012-09-30 04:00:00,5851.0
2012-09-30 05:00:00,5990.0
2012-09-30 06:00:00,6673.0
2012-09-30 07:00:00,11242.0
2012-09-30 08:00:00,12344.0
2012-09-30 09:00:00,13737.0
2012-09-30 10:00:00,14786.0
2012-09-30 11:00:00,14826.0
2012-09-30 12:00:00,15723.0
2012-09-30 13:00:00,14736.0
2012-09-30 14:00:00,15204.0
2012-09-30 15:00:00,14584.0
2012-09-30 16:00:00,14762.0
2012-09-30 17:00:00,15015.0
2012-09-30 18:00:00,14862.0
2012-09-30 19:00:00,15192.0
2012-09-30 20:00:00,13420.0
2012-09-30 21:00:00,12482.0
2012-09-30 22:00:00,10623.0
2012-09-30 23:00:00,7357.0
2012-10-01 00:00:00,6015.0
2012-10-01 01:00:00,6204.0
2012-10-01 02:00:00,5786.0
2012-10-01 03:00:00,5610.0
2012-10-01 04:00:00,5787.0
2012-10-01 05:00:00,6027.0
2012-10-01 06:00:00,6749.0
2012-10-01 07:00:00,12458.0
2012-10-01 08:00:00,11154.0
2012-10-01 09:00:00,13990.0
2012-10-01 10:00:00,15242.0
2012-10-01 11:00:00,15749.0
2012-10-01 12:00:00,14812.0
2012-10-01 13:00:00,14635.0
2012-10-01 14:00:00,14508.0
2012-10-01 15:00:00,14040.0
2012-10-01 16:00:00,15306.0
2012-10-01 17:00:00,15027.0
2012-10-01 18:00:00,15292.0
2012-10-01 19:00:00,15559.0
2012-10-01 20:00:00,14319.0
2012-10-01 21:00:00,13243.0
2012-10-01 22:00:00,11192.0
2012-10-01 23:00:00,9370.0
2012-10-02 00:00:00,9812.0
2012-10-02 01:00:00,9103.0
2012-10-02 02:00:00,5901.0
2012-10-02 03:00:00,5813.0
2012-10-02 04:00:00,5901.0
2012-10-02 05:00:00,6318.0
2012-10-02 06:00:00,7142.0
2012-10-02 07:00:00,12268.0
2012-10-02 08:00:00,12091.0
2012-10-02 09:00:00,15230.0
2012-10-02 10:00:00,14876.0
2012-10-02 11:00:00,15698.0
2012-10-02 12:00:00,15408.0
2012-10-02 13:00:00,15281.0
2012-10-02 14:00:00,14761.0
2012-10-02 15:00:00,14179.0
2012-10-02 16:00:00,14482.0
2012-10-02 17:00:00,14432.0
2012-10-02 18:00:00,15267.0
2012-10-02 19:00:00,16673.0
2012-10-02 20:00:00,15205.0
2012-10-02 21:00:00,13812.0
2012-10-02 22:00:00,9864.0
2012-10-02 23:00:00,5850.0
2012-10-03 00:00:00,5913.0
2012-10-03 01:00:00,6142.0
2012-10-03 02:00:00,5585.0
2012-10-03 03:00:00,5533.0
2012-10-03 04:00:00,5699.0
2012-10-03 05:00:00,5913.0
2012-10-03 06:00:00,6863.0
2012-10-03 07:00:00,12205.0
2012-10-03 08:00:00,11547.0
2012-10-03 09:00:00,14812.0
2012-10-03 10:00:00,14444.0
2012-10-03 11:00:00,16293.0
2012-10-03 12:00:00,15446.0
2012-10-03 13:00:00,14520.0
2012-10-03 14:00:00,14584.0
2012-10-03 15:00:00,14558.0
2012-10-03 16:00:00,14471.0
2012-10-03 17:00:00,13977.0
2012-10-03 18:00:00,14482.0
2012-10-03 19:00:00,16141.0
2012-10-03 20:00:00,14762.0
2012-10-03 21:00:00,13686.0
2012-10-03 22:00:00,10065.0
2012-10-03 23:00:00,5876.0
2012-10-04 00:00:00,5850.0
2012-10-04 01:00:00,5939.0
2012-10-04 02:00:00,5648.0
2012-10-04 03:00:00,5457.0
2012-10-04 04:00:00,5534.0
2012-10-04 05:00:00,5723.0
2012-10-04 06:00:00,6496.0
2012-10-04 07:00:00,11496.0
2012-10-04 08:00:00,12547.0
2012-10-04 09:00:00,14938.0
2012-10-04 10:00:00,14609.0
2012-10-04 11:00:00,14167.0
2012-10-04 12:00:00,14243.0
2012-10-04 13:00:00,14521.0
2012-10-04 14:00:00,14888.0
2012-10-04 15:00:00,14355.0
2012-10-04 16:00:00,14787.0
2012-10-04 17:00:00,14559.0
2012-10-04 18:00:00,14381.0
2012-10-04 19:00:00,15306.0
2012-10-04 20:00:00,13889.0
2012-10-04 21:00:00,12710.0
2012-10-04 22:00:00,10445.0
2012-10-04 23:00:00,6344.0
2012-10-05 00:00:00,6052.0
2012-10-05 01:00:00,6406.0
2012-10-05 02:00:00,6002.0
2012-10-05 03:00:00,5838.0
2012-10-05 04:00:00,5989.0
2012-10-05 05:00:00,6141.0
2012-10-05 06:00:00,6736.0
2012-10-05 07:00:00,11851.0
2012-10-05 08:00:00,12735.0
2012-10-05 09:00:00,15255.0
2012-10-05 10:00:00,15343.0
2012-10-05 11:00:00,16115.0
2012-10-05 12:00:00,16102.0
2012-10-05 13:00:00,15811.0
2012-10-05 14:00:00,16330.0
2012-10-05 15:00:00,15774.0
2012-10-05 16:00:00,15458.0
2012-10-05 17:00:00,15141.0
2012-10-05 18:00:00,14926.0
2012-10-05 19:00:00,16558.0
2012-10-05 20:00:00,14204.0
2012-10-05 21:00:00,13066.0
2012-10-05 22:00:00,9584.0
2012-10-05 23:00:00,6420.0
2012-10-06 00:00:00,6104.0
2012-10-06 01:00:00,6091.0
2012-10-06 02:00:00,5737.0
2012-10-06 03:00:00,5647.0
2012-10-06 04:00:00,5825.0
2012-10-06 05:00:00,6054.0
2012-10-06 06:00:00,6875.0
2012-10-06 07:00:00,12698.0
2012-10-06 08:00:00,13065.0
2012-10-06 09:00:00,15571.0
2012-10-06 10:00:00,15243.0
2012-10-06 11:00:00,14850.0
2012-10-06 12:00:00,15066.0
2012-10-06 13:00:00,15243.0
2012-10-06 14:00:00,15648.0
2012-10-06 15:00:00,14584.0
2012-10-06 16:00:00,14597.0
2012-10-06 17:00:00,15293.0
2012-10-06 18:00:00,14471.0
2012-10-06 19:00:00,15142.0
2012-10-06 20:00:00,13851.0
2012-10-06 21:00:00,12749.0
2012-10-06 22:00:00,11179.0
2012-10-06 23:00:00,9040.0
2012-10-07 00:00:00,7609.0
2012-10-07 01:00:00,7534.0
2012-10-07 02:00:00,7091.0
2012-10-07 03:00:00,6837.0
2012-10-07 04:00:00,7140.0
2012-10-07 05:00:00,6077.0
2012-10-07 06:00:00,6837.0
2012-10-07 07:00:00,12508.0
2012-10-07 08:00:00,12862.0
2012-10-07 09:00:00,15686.0
2012-10-07 10:00:00,15205.0
2012-10-07 11:00:00,15217.0
2012-10-07 12:00:00,15155.0
2012-10-07 13:00:00,14470.0
2012-10-07 14:00:00,15964.0
2012-10-07 15:00:00,14394.0
2012-10-07 16:00:00,15331.0
2012-10-07 17:00:00,14989.0
2012-10-07 18:00:00,14787.0
2012-10-07 19:00:00,15217.0
2012-10-07 20:00:00,13863.0
2012-10-07 21:00:00,12863.0
2012-10-07 22:00:00,10862.0
2012-10-07 23:00:00,6711.0
2012-10-08 00:00:00,5978.0
2012-10-08 01:00:00,6230.0
2012-10-08 02:00:00,5851.0
2012-10-08 03:00:00,5534.0
2012-10-08 04:00:00,5914.0
2012-10-08 05:00:00,5850.0
2012-10-08 06:00:00,6774.0
2012-10-08 07:00:00,12837.0
2012-10-08 08:00:00,12142.0
2012-10-08 09:00:00,15547.0
2012-10-08 10:00:00,15420.0
2012-10-08 11:00:00,16053.0
2012-10-08 12:00:00,16167.0
2012-10-08 13:00:00,14951.0
2012-10-08 14:00:00,15660.0
2012-10-08 15:00:00,18306.0
2012-10-08 16:00:00,19268.0
2012-10-08 17:00:00,21154.0
2012-10-08 18:00:00,20648.0
2012-10-08 19:00:00,18483.0
2012-10-08 20:00:00,16521.0
2012-10-08 21:00:00,14394.0
2012-10-08 22:00:00,11774.0
2012-10-08 23:00:00,9180.0
2012-10-09 00:00:00,9458.0
2012-10-09 01:00:00,9445.0
2012-10-09 02:00:00,6090.0
2012-10-09 03:00:00,6078.0
2012-10-09 04:00:00,6217.0
2012-10-09 05:00:00,6243.0
2012-10-09 06:00:00,7052.0
2012-10-09 07:00:00,12394.0
2012-10-09 08:00:00,13318.0
2012-10-09 09:00:00,16129.0
2012-10-09 10:00:00,14963.0
2012-10-09 11:00:00,16433.0
2012-10-09 12:00:00,15229.0
2012-10-09 13:00:00,14812.0
2012-10-09 14:00:00,15902.0
2012-10-09 15:00:00,14812.0
2012-10-09 16:00:00,15824.0
2012-10-09 17:00:00,15724.0
2012-10-09 18:00:00,15534.0
2012-10-09 19:00:00,16913.0
2012-10-09 20:00:00,15193.0
2012-10-09 21:00:00,14532.0
2012-10-09 22:00:00,11155.0
2012-10-09 23:00:00,6762.0
2012-10-10 00:00:00,6610.0
2012-10-10 01:00:00,6698.0
2012-10-10 02:00:00,6509.0
2012-10-10 03:00:00,6357.0
2012-10-10 04:00:00,6507.0
2012-10-10 05:00:00,6621.0
2012-10-10 06:00:00,7205.0
2012-10-10 07:00:00,12407.0
2012-10-10 08:00:00,13521.0
2012-10-10 09:00:00,16128.0
2012-10-10 10:00:00,16484.0
2012-10-10 11:00:00,16281.0
2012-10-10 12:00:00,15560.0
2012-10-10 13:00:00,15180.0
2012-10-10 14:00:00,16014.0
2012-10-10 15:00:00,15433.0
2012-10-10 16:00:00,15838.0
2012-10-10 17:00:00,15445.0
2012-10-10 18:00:00,15015.0
2012-10-10 19:00:00,16091.0
2012-10-10 20:00:00,14749.0
2012-10-10 21:00:00,14445.0
2012-10-10 22:00:00,12394.0
2012-10-10 23:00:00,7825.0
2012-10-11 00:00:00,6495.0
2012-10-11 01:00:00,6787.0
2012-10-11 02:00:00,6470.0
2012-10-11 03:00:00,6267.0
2012-10-11 04:00:00,6622.0
2012-10-11 05:00:00,6521.0
2012-10-11 06:00:00,7344.0
2012-10-11 07:00:00,12698.0
2012-10-11 08:00:00,11395.0
2012-10-11 09:00:00,15534.0
2012-10-11 10:00:00,15547.0
2012-10-11 11:00:00,15318.0
2012-10-11 12:00:00,14977.0
2012-10-11 13:00:00,14685.0
2012-10-11 14:00:00,15217.0
2012-10-11 15:00:00,14179.0
2012-10-11 16:00:00,15318.0
2012-10-11 17:00:00,15281.0
2012-10-11 18:00:00,14926.0
2012-10-11 19:00:00,16204.0
2012-10-11 20:00:00,14319.0
2012-10-11 21:00:00,13281.0
2012-10-11 22:00:00,10242.0
2012-10-11 23:00:00,6800.0
2012-10-12 00:00:00,6850.0
2012-10-12 01:00:00,7130.0
2012-10-12 02:00:00,6735.0
2012-10-12 03:00:00,6507.0
2012-10-12 04:00:00,6723.0
2012-10-12 05:00:00,6292.0
2012-10-12 06:00:00,7002.0
2012-10-12 07:00:00,12243.0
2012-10-12 08:00:00,12585.0
2012-10-12 09:00:00,15483.0
2012-10-12 10:00:00,15217.0
2012-10-12 11:00:00,14470.0
2012-10-12 12:00:00,14826.0
2012-10-12 13:00:00,14698.0
2012-10-12 14:00:00,14433.0
2012-10-12 15:00:00,14761.0
2012-10-12 16:00:00,14395.0
2012-10-12 17:00:00,14205.0
2012-10-12 18:00:00,14939.0
2012-10-12 19:00:00,16585.0
2012-10-12 20:00:00,15406.0
2012-10-12 21:00:00,13825.0
2012-10-12 22:00:00,11736.0
2012-10-12 23:00:00,6395.0
2012-10-13 00:00:00,5787.0
2012-10-13 01:00:00,5812.0
2012-10-13 02:00:00,5484.0
2012-10-13 03:00:00,5294.0
2012-10-13 04:00:00,5457.0
2012-10-13 05:00:00,5573.0
2012-10-13 06:00:00,6267.0
2012-10-13 07:00:00,11571.0
2012-10-13 08:00:00,12255.0
2012-10-13 09:00:00,15826.0
2012-10-13 10:00:00,15837.0
2012-10-13 11:00:00,14838.0
2012-10-13 12:00:00,15204.0
2012-10-13 13:00:00,15951.0
2012-10-13 14:00:00,15002.0
2012-10-13 15:00:00,15180.0
2012-10-13 16:00:00,14381.0
2012-10-13 17:00:00,14990.0
2012-10-13 18:00:00,15002.0
2012-10-13 19:00:00,15053.0
2012-10-13 20:00:00,13459.0
2012-10-13 21:00:00,12432.0
2012-10-13 22:00:00,9672.0
2012-10-13 23:00:00,6027.0
2012-10-14 00:00:00,5724.0
2012-10-14 01:00:00,5862.0
2012-10-14 02:00:00,5533.0
2012-10-14 03:00:00,5509.0
2012-10-14 04:00:00,5369.0
2012-10-14 05:00:00,5635.0
2012-10-14 06:00:00,6230.0
2012-10-14 07:00:00,11724.0
2012-10-14 08:00:00,11736.0
2012-10-14 09:00:00,15648.0
2012-10-14 10:00:00,14660.0
2012-10-14 11:00:00,15090.0
2012-10-14 12:00:00,16179.0
2012-10-14 13:00:00,16002.0
2012-10-14 14:00:00,16141.0
2012-10-14 15:00:00,15432.0
2012-10-14 16:00:00,16433.0
2012-10-14 17:00:00,16254.0
2012-10-14 18:00:00,16370.0
2012-10-14 19:00:00,15685.0
2012-10-14 20:00:00,15015.0
2012-10-14 21:00:00,13357.0
2012-10-14 22:00:00,10736.0
2012-10-14 23:00:00,5799.0
2012-10-15 00:00:00,5622.0
2012-10-15 01:00:00,5825.0
2012-10-15 02:00:00,5458.0
2012-10-15 03:00:00,5482.0
2012-10-15 04:00:00,5394.0
2012-10-15 05:00:00,5698.0
2012-10-15 06:00:00,6610.0
2012-10-15 07:00:00,11773.0
2012-10-15 08:00:00,10850.0
2012-10-15 09:00:00,14774.0
2012-10-15 10:00:00,14584.0
2012-10-15 11:00:00,15065.0
2012-10-15 12:00:00,13787.0
2012-10-15 13:00:00,13673.0
2012-10-15 14:00:00,14306.0
2012-10-15 15:00:00,13687.0
2012-10-15 16:00:00,13824.0
2012-10-15 17:00:00,14521.0
2012-10-15 18:00:00,14166.0
2012-10-15 19:00:00,14369.0
2012-10-15 20:00:00,13117.0
2012-10-15 21:00:00,11647.0
2012-10-15 22:00:00,9014.0
2012-10-15 23:00:00,5407.0
2012-10-16 00:00:00,5381.0
2012-10-16 01:00:00,5597.0
2012-10-16 02:00:00,5306.0
2012-10-16 03:00:00,4952.0
2012-10-16 04:00:00,5243.0
2012-10-16 05:00:00,5470.0
2012-10-16 06:00:00,6128.0
2012-10-16 07:00:00,11977.0
2012-10-16 08:00:00,11331.0
2012-10-16 09:00:00,14508.0
2012-10-16 10:00:00,14560.0
2012-10-16 11:00:00,14293.0
2012-10-16 12:00:00,14015.0
2012-10-16 13:00:00,13735.0
2012-10-16 14:00:00,14078.0
2012-10-16 15:00:00,13623.0
2012-10-16 16:00:00,13649.0
2012-10-16 17:00:00,13634.0
2012-10-16 18:00:00,13192.0
2012-10-16 19:00:00,14534.0
2012-10-16 20:00:00,13699.0
2012-10-16 21:00:00,13142.0
2012-10-16 22:00:00,9799.0
2012-10-16 23:00:00,5394.0
2012-10-17 00:00:00,5368.0
2012-10-17 01:00:00,5585.0
2012-10-17 02:00:00,5179.0
2012-10-17 03:00:00,5052.0
2012-10-17 04:00:00,5116.0
2012-10-17 05:00:00,5357.0
2012-10-17 06:00:00,6395.0
2012-10-17 07:00:00,11394.0
2012-10-17 08:00:00,11887.0
2012-10-17 09:00:00,14192.0
2012-10-17 10:00:00,14457.0
2012-10-17 11:00:00,13964.0
2012-10-17 12:00:00,14166.0
2012-10-17 13:00:00,13837.0
2012-10-17 14:00:00,14026.0
2012-10-17 15:00:00,13951.0
2012-10-17 16:00:00,14445.0
2012-10-17 17:00:00,13977.0
2012-10-17 18:00:00,14292.0
2012-10-17 19:00:00,14812.0
2012-10-17 20:00:00,13432.0
2012-10-17 21:00:00,12622.0
2012-10-17 22:00:00,10914.0
2012-10-17 23:00:00,6419.0
2012-10-18 00:00:00,5850.0
2012-10-18 01:00:00,6230.0
2012-10-18 02:00:00,5647.0
2012-10-18 03:00:00,5508.0
2012-10-18 04:00:00,5837.0
2012-10-18 05:00:00,5900.0
2012-10-18 06:00:00,6648.0
2012-10-18 07:00:00,11533.0
2012-10-18 08:00:00,11419.0
2012-10-18 09:00:00,15103.0
2012-10-18 10:00:00,14508.0
2012-10-18 11:00:00,15382.0
2012-10-18 12:00:00,14103.0
2012-10-18 13:00:00,14331.0
2012-10-18 14:00:00,13838.0
2012-10-18 15:00:00,13951.0
2012-10-18 16:00:00,14205.0
2012-10-18 17:00:00,14154.0
2012-10-18 18:00:00,14040.0
2012-10-18 19:00:00,14635.0
2012-10-18 20:00:00,13623.0
2012-10-18 21:00:00,12596.0
2012-10-18 22:00:00,10901.0
2012-10-18 23:00:00,5559.0
2012-10-19 00:00:00,5445.0
2012-10-19 01:00:00,5749.0
2012-10-19 02:00:00,5306.0
2012-10-19 03:00:00,5078.0
2012-10-19 04:00:00,5217.0
2012-10-19 05:00:00,5634.0
2012-10-19 06:00:00,6534.0
2012-10-19 07:00:00,10977.0
2012-10-19 08:00:00,11636.0
2012-10-19 09:00:00,13913.0
2012-10-19 10:00:00,13863.0
2012-10-19 11:00:00,14976.0
2012-10-19 12:00:00,14243.0
2012-10-19 13:00:00,14179.0
2012-10-19 14:00:00,14420.0
2012-10-19 15:00:00,13977.0
2012-10-19 16:00:00,14090.0
2012-10-19 17:00:00,16079.0
2012-10-19 18:00:00,14686.0
2012-10-19 19:00:00,15661.0
2012-10-19 20:00:00,14256.0
2012-10-19 21:00:00,13104.0
2012-10-19 22:00:00,10331.0
2012-10-19 23:00:00,5774.0
2012-10-20 00:00:00,5634.0
2012-10-20 01:00:00,5560.0
2012-10-20 02:00:00,5192.0
2012-10-20 03:00:00,5016.0
2012-10-20 04:00:00,5192.0
2012-10-20 05:00:00,5293.0
2012-10-20 06:00:00,6128.0
2012-10-20 07:00:00,11558.0
2012-10-20 08:00:00,12242.0
2012-10-20 09:00:00,15166.0
2012-10-20 10:00:00,15053.0
2012-10-20 11:00:00,17027.0
2012-10-20 12:00:00,14850.0
2012-10-20 13:00:00,14305.0
2012-10-20 14:00:00,15521.0
2012-10-20 15:00:00,14140.0
2012-10-20 16:00:00,14001.0
2012-10-20 17:00:00,14180.0
2012-10-20 18:00:00,16065.0
2012-10-20 19:00:00,14914.0
2012-10-20 20:00:00,14345.0
2012-10-20 21:00:00,13243.0
2012-10-20 22:00:00,10180.0
2012-10-20 23:00:00,5659.0
2012-10-21 00:00:00,5369.0
2012-10-21 01:00:00,5306.0
2012-10-21 02:00:00,4939.0
2012-10-21 03:00:00,4749.0
2012-10-21 04:00:00,4913.0
2012-10-21 05:00:00,5292.0
2012-10-21 06:00:00,6066.0
2012-10-21 07:00:00,11001.0
2012-10-21 08:00:00,12065.0
2012-10-21 09:00:00,13875.0
2012-10-21 10:00:00,15559.0
2012-10-21 11:00:00,15103.0
2012-10-21 12:00:00,14546.0
2012-10-21 13:00:00,15559.0
2012-10-21 14:00:00,14394.0
2012-10-21 15:00:00,13800.0
2012-10-21 16:00:00,13900.0
2012-10-21 17:00:00,14647.0
2012-10-21 18:00:00,14813.0
2012-10-21 19:00:00,16331.0
2012-10-21 20:00:00,14293.0
2012-10-21 21:00:00,13459.0
2012-10-21 22:00:00,11686.0
2012-10-21 23:00:00,6104.0
2012-10-22 00:00:00,5965.0
2012-10-22 01:00:00,6141.0
2012-10-22 02:00:00,5712.0
2012-10-22 03:00:00,5622.0
2012-10-22 04:00:00,5812.0
2012-10-22 05:00:00,6041.0
2012-10-22 06:00:00,6836.0
2012-10-22 07:00:00,12052.0
2012-10-22 08:00:00,12749.0
2012-10-22 09:00:00,16267.0
2012-10-22 10:00:00,15154.0
2012-10-22 11:00:00,16407.0
2012-10-22 12:00:00,15028.0
2012-10-22 13:00:00,14547.0
2012-10-22 14:00:00,14925.0
2012-10-22 15:00:00,14559.0
2012-10-22 16:00:00,14482.0
2012-10-22 17:00:00,15482.0
2012-10-22 18:00:00,15040.0
2012-10-22 19:00:00,15242.0
2012-10-22 20:00:00,14761.0
2012-10-22 21:00:00,14027.0
2012-10-22 22:00:00,12166.0
2012-10-22 23:00:00,8762.0
2012-10-23 00:00:00,8231.0
2012-10-23 01:00:00,7774.0
2012-10-23 02:00:00,6901.0
2012-10-23 03:00:00,5723.0
2012-10-23 04:00:00,5787.0
2012-10-23 05:00:00,6141.0
2012-10-23 06:00:00,7040.0
2012-10-23 07:00:00,11900.0
2012-10-23 08:00:00,12382.0
2012-10-23 09:00:00,15394.0
2012-10-23 10:00:00,15091.0
2012-10-23 11:00:00,15698.0
2012-10-23 12:00:00,14597.0
2012-10-23 13:00:00,14344.0
2012-10-23 14:00:00,14521.0
2012-10-23 15:00:00,13940.0
2012-10-23 16:00:00,14952.0
2012-10-23 17:00:00,14724.0
2012-10-23 18:00:00,14736.0
2012-10-23 19:00:00,15231.0
2012-10-23 20:00:00,13673.0
2012-10-23 21:00:00,12774.0
2012-10-23 22:00:00,11001.0
2012-10-23 23:00:00,6331.0
2012-10-24 00:00:00,6039.0
2012-10-24 01:00:00,6228.0
2012-10-24 02:00:00,6027.0
2012-10-24 03:00:00,5724.0
2012-10-24 04:00:00,6002.0
2012-10-24 05:00:00,6305.0
2012-10-24 06:00:00,7154.0
2012-10-24 07:00:00,12382.0
2012-10-24 08:00:00,13142.0
2012-10-24 09:00:00,13800.0
2012-10-24 10:00:00,14115.0
2012-10-24 11:00:00,16066.0
2012-10-24 12:00:00,14989.0
2012-10-24 13:00:00,14406.0
2012-10-24 14:00:00,14356.0
2012-10-24 15:00:00,14546.0
2012-10-24 16:00:00,14053.0
2012-10-24 17:00:00,15078.0
2012-10-24 18:00:00,14546.0
2012-10-24 19:00:00,15584.0
2012-10-24 20:00:00,13307.0
2012-10-24 21:00:00,12508.0
2012-10-24 22:00:00,9584.0
2012-10-24 23:00:00,5547.0
2012-10-25 00:00:00,5635.0
2012-10-25 01:00:00,5876.0
2012-10-25 02:00:00,5635.0
2012-10-25 03:00:00,5382.0
2012-10-25 04:00:00,5598.0
2012-10-25 05:00:00,5914.0
2012-10-25 06:00:00,6458.0
2012-10-25 07:00:00,11736.0
2012-10-25 08:00:00,12382.0
2012-10-25 09:00:00,15711.0
2012-10-25 10:00:00,15584.0
2012-10-25 11:00:00,14723.0
2012-10-25 12:00:00,13635.0
2012-10-25 13:00:00,13774.0
2012-10-25 14:00:00,14356.0
2012-10-25 15:00:00,14521.0
2012-10-25 16:00:00,14875.0
2012-10-25 17:00:00,13926.0
2012-10-25 18:00:00,14773.0
2012-10-25 19:00:00,15356.0
2012-10-25 20:00:00,13900.0
2012-10-25 21:00:00,13002.0
2012-10-25 22:00:00,9635.0
2012-10-25 23:00:00,6002.0
2012-10-26 00:00:00,5484.0
2012-10-26 01:00:00,5762.0
2012-10-26 02:00:00,5407.0
2012-10-26 03:00:00,5180.0
2012-10-26 04:00:00,5407.0
2012-10-26 05:00:00,5774.0
2012-10-26 06:00:00,6406.0
2012-10-26 07:00:00,11736.0
2012-10-26 08:00:00,12698.0
2012-10-26 09:00:00,14307.0
2012-10-26 10:00:00,15002.0
2012-10-26 11:00:00,16294.0
2012-10-26 12:00:00,15167.0
2012-10-26 13:00:00,14927.0
2012-10-26 14:00:00,14648.0
2012-10-26 15:00:00,15547.0
2012-10-26 16:00:00,14471.0
2012-10-26 17:00:00,14204.0
2012-10-26 18:00:00,15762.0
2012-10-26 19:00:00,16749.0
2012-10-26 20:00:00,14534.0
2012-10-26 21:00:00,13572.0
2012-10-26 22:00:00,11762.0
2012-10-26 23:00:00,6218.0
2012-10-27 00:00:00,5813.0
2012-10-27 01:00:00,5863.0
2012-10-27 02:00:00,5484.0
2012-10-27 03:00:00,5332.0
2012-10-27 04:00:00,5559.0
2012-10-27 05:00:00,5635.0
2012-10-27 06:00:00,6381.0
2012-10-27 07:00:00,11508.0
2012-10-27 08:00:00,13116.0
2012-10-27 09:00:00,14736.0
2012-10-27 10:00:00,14635.0
2012-10-27 11:00:00,14610.0
2012-10-27 12:00:00,13800.0
2012-10-27 13:00:00,14179.0
2012-10-27 14:00:00,14103.0
2012-10-27 15:00:00,13660.0
2012-10-27 16:00:00,14659.0
2012-10-27 17:00:00,14053.0
2012-10-27 18:00:00,14900.0
2012-10-27 19:00:00,15356.0
2012-10-27 20:00:00,14255.0
2012-10-27 21:00:00,13850.0
2012-10-27 22:00:00,10824.0
2012-10-27 23:00:00,6698.0
2012-10-28 00:00:00,5546.0
2012-10-28 01:00:00,11711.0
2012-10-28 02:00:00,5609.0
2012-10-28 03:00:00,5572.0
2012-10-28 04:00:00,5179.0
2012-10-28 05:00:00,5989.0
2012-10-28 06:00:00,5876.0
2012-10-28 07:00:00,10763.0
2012-10-28 08:00:00,10799.0
2012-10-28 09:00:00,14002.0
2012-10-28 10:00:00,13799.0
2012-10-28 11:00:00,14685.0
2012-10-28 12:00:00,13774.0
2012-10-28 13:00:00,12938.0
2012-10-28 14:00:00,13660.0
2012-10-28 15:00:00,13888.0
2012-10-28 16:00:00,13547.0
2012-10-28 17:00:00,13990.0
2012-10-28 18:00:00,14368.0
2012-10-28 19:00:00,13850.0
2012-10-28 20:00:00,13117.0
2012-10-28 21:00:00,11382.0
2012-10-28 22:00:00,9230.0
2012-10-28 23:00:00,6509.0
2012-10-29 00:00:00,5585.0
2012-10-29 01:00:00,5749.0
2012-10-29 02:00:00,5483.0
2012-10-29 03:00:00,5267.0
2012-10-29 04:00:00,5762.0
2012-10-29 05:00:00,5407.0
2012-10-29 06:00:00,6205.0
2012-10-29 07:00:00,10952.0
2012-10-29 08:00:00,11521.0
2012-10-29 09:00:00,14053.0
2012-10-29 10:00:00,13318.0
2012-10-29 11:00:00,14395.0
2012-10-29 12:00:00,14368.0
2012-10-29 13:00:00,14382.0
2012-10-29 14:00:00,13889.0
2012-10-29 15:00:00,13813.0
2012-10-29 16:00:00,14508.0
2012-10-29 17:00:00,14078.0
2012-10-29 18:00:00,14090.0
2012-10-29 19:00:00,14166.0
2012-10-29 20:00:00,12406.0
2012-10-29 21:00:00,11546.0
2012-10-29 22:00:00,10343.0
2012-10-29 23:00:00,7052.0
2012-10-30 00:00:00,5534.0
2012-10-30 01:00:00,5800.0
2012-10-30 02:00:00,5585.0
2012-10-30 03:00:00,5306.0
2012-10-30 04:00:00,5370.0
2012-10-30 05:00:00,5674.0
2012-10-30 06:00:00,6319.0
2012-10-30 07:00:00,11836.0
2012-10-30 08:00:00,12749.0
2012-10-30 09:00:00,13672.0
2012-10-30 10:00:00,15002.0
2012-10-30 11:00:00,14661.0
2012-10-30 12:00:00,14800.0
2012-10-30 13:00:00,14028.0
2012-10-30 14:00:00,13597.0
2012-10-30 15:00:00,13369.0
2012-10-30 16:00:00,14091.0
2012-10-30 17:00:00,13624.0
2012-10-30 18:00:00,15344.0
2012-10-30 19:00:00,15344.0
2012-10-30 20:00:00,13737.0
2012-10-30 21:00:00,12495.0
2012-10-30 22:00:00,10964.0
2012-10-30 23:00:00,6104.0
2012-10-31 00:00:00,5014.0
2012-10-31 01:00:00,5255.0
2012-10-31 02:00:00,4913.0
2012-10-31 03:00:00,4622.0
2012-10-31 04:00:00,4811.0
2012-10-31 05:00:00,5092.0
2012-10-31 06:00:00,5901.0
2012-10-31 07:00:00,11015.0
2012-10-31 08:00:00,11407.0
2012-10-31 09:00:00,12951.0
2012-10-31 10:00:00,13458.0
2012-10-31 11:00:00,14014.0
2012-10-31 12:00:00,13749.0
2012-10-31 13:00:00,13800.0
2012-10-31 14:00:00,13394.0
2012-10-31 15:00:00,13533.0
2012-10-31 16:00:00,14066.0
2012-10-31 17:00:00,14041.0
2012-10-31 18:00:00,15293.0
2012-10-31 19:00:00,16305.0
2012-10-31 20:00:00,14674.0
2012-10-31 21:00:00,12913.0
2012-10-31 22:00:00,10281.0
2012-10-31 23:00:00,5280.0
2012-11-01 00:00:00,5129.0
2012-11-01 01:00:00,5344.0
2012-11-01 02:00:00,5041.0
2012-11-01 03:00:00,4862.0
2012-11-01 04:00:00,5027.0
2012-11-01 05:00:00,5142.0
2012-11-01 06:00:00,5888.0
2012-11-01 07:00:00,11306.0
2012-11-01 08:00:00,12280.0
2012-11-01 09:00:00,13319.0
2012-11-01 10:00:00,14673.0
2012-11-01 11:00:00,13686.0
2012-11-01 12:00:00,14268.0
2012-11-01 13:00:00,13078.0
2012-11-01 14:00:00,14104.0
2012-11-01 15:00:00,13977.0
2012-11-01 16:00:00,14078.0
2012-11-01 17:00:00,13863.0
2012-11-01 18:00:00,15711.0
2012-11-01 19:00:00,15850.0
2012-11-01 20:00:00,13559.0
2012-11-01 21:00:00,12799.0
2012-11-01 22:00:00,8609.0
2012-11-01 23:00:00,5166.0
2012-11-02 00:00:00,5268.0
2012-11-02 01:00:00,5395.0
2012-11-02 02:00:00,5052.0
2012-11-02 03:00:00,4901.0
2012-11-02 04:00:00,4926.0
2012-11-02 05:00:00,5344.0
2012-11-02 06:00:00,6167.0
2012-11-02 07:00:00,11420.0
2012-11-02 08:00:00,11786.0
2012-11-02 09:00:00,13673.0
2012-11-02 10:00:00,14964.0
2012-11-02 11:00:00,15546.0
2012-11-02 12:00:00,14382.0
2012-11-02 13:00:00,15154.0
2012-11-02 14:00:00,13977.0
2012-11-02 15:00:00,14052.0
2012-11-02 16:00:00,14394.0
2012-11-02 17:00:00,14812.0
2012-11-02 18:00:00,15179.0
2012-11-02 19:00:00,15597.0
2012-11-02 20:00:00,14078.0
2012-11-02 21:00:00,13028.0
2012-11-02 22:00:00,11306.0
2012-11-02 23:00:00,6028.0
2012-11-03 00:00:00,5673.0
2012-11-03 01:00:00,5901.0
2012-11-03 02:00:00,5649.0
2012-11-03 03:00:00,5483.0
2012-11-03 04:00:00,5749.0
2012-11-03 05:00:00,6179.0
2012-11-03 06:00:00,6988.0
2012-11-03 07:00:00,12165.0
2012-11-03 08:00:00,13369.0
2012-11-03 09:00:00,17319.0
2012-11-03 10:00:00,15774.0
2012-11-03 11:00:00,17167.0
2012-11-03 12:00:00,16597.0
2012-11-03 13:00:00,15976.0
2012-11-03 14:00:00,16456.0
2012-11-03 15:00:00,15787.0
2012-11-03 16:00:00,16497.0
2012-11-03 17:00:00,16116.0
2012-11-03 18:00:00,16660.0
2012-11-03 19:00:00,16673.0
2012-11-03 20:00:00,14471.0
2012-11-03 21:00:00,13773.0
2012-11-03 22:00:00,10888.0
2012-11-03 23:00:00,6305.0
2012-11-04 00:00:00,6141.0
2012-11-04 01:00:00,6180.0
2012-11-04 02:00:00,5799.0
2012-11-04 03:00:00,5496.0
2012-11-04 04:00:00,5711.0
2012-11-04 05:00:00,6179.0
2012-11-04 06:00:00,6585.0
2012-11-04 07:00:00,12141.0
2012-11-04 08:00:00,13216.0
2012-11-04 09:00:00,16433.0
2012-11-04 10:00:00,17141.0
2012-11-04 11:00:00,16774.0
2012-11-04 12:00:00,16166.0
2012-11-04 13:00:00,15065.0
2012-11-04 14:00:00,15660.0
2012-11-04 15:00:00,15141.0
2012-11-04 16:00:00,15634.0
2012-11-04 17:00:00,15027.0
2012-11-04 18:00:00,14889.0
2012-11-04 19:00:00,15319.0
2012-11-04 20:00:00,14128.0
2012-11-04 21:00:00,12571.0
2012-11-04 22:00:00,10178.0
2012-11-04 23:00:00,5471.0
2012-11-05 00:00:00,5445.0
2012-11-05 01:00:00,5558.0
2012-11-05 02:00:00,5217.0
2012-11-05 03:00:00,4888.0
2012-11-05 04:00:00,5103.0
2012-11-05 05:00:00,5394.0
2012-11-05 06:00:00,6281.0
2012-11-05 07:00:00,10851.0
2012-11-05 08:00:00,10976.0
2012-11-05 09:00:00,15153.0
2012-11-05 10:00:00,14546.0
2012-11-05 11:00:00,13610.0
2012-11-05 12:00:00,13674.0
2012-11-05 13:00:00,13888.0
2012-11-05 14:00:00,13813.0
2012-11-05 15:00:00,13280.0
2012-11-05 16:00:00,13837.0
2012-11-05 17:00:00,13129.0
2012-11-05 18:00:00,14293.0
2012-11-05 19:00:00,14799.0
2012-11-05 20:00:00,13396.0
2012-11-05 21:00:00,12559.0
2012-11-05 22:00:00,10698.0
2012-11-05 23:00:00,5419.0
2012-11-06 00:00:00,5166.0
2012-11-06 01:00:00,5255.0
2012-11-06 02:00:00,5090.0
2012-11-06 03:00:00,4661.0
2012-11-06 04:00:00,4888.0
2012-11-06 05:00:00,5306.0
2012-11-06 06:00:00,5913.0
2012-11-06 07:00:00,11155.0
2012-11-06 08:00:00,12104.0
2012-11-06 09:00:00,13989.0
2012-11-06 10:00:00,14421.0
2012-11-06 11:00:00,14686.0
2012-11-06 12:00:00,13078.0
2012-11-06 13:00:00,12786.0
2012-11-06 14:00:00,14204.0
2012-11-06 15:00:00,13546.0
2012-11-06 16:00:00,13357.0
2012-11-06 17:00:00,13281.0
2012-11-06 18:00:00,13636.0
2012-11-06 19:00:00,15065.0
2012-11-06 20:00:00,13292.0
2012-11-06 21:00:00,12382.0
2012-11-06 22:00:00,10939.0
2012-11-06 23:00:00,5710.0
2012-11-07 00:00:00,5179.0
2012-11-07 01:00:00,5382.0
2012-11-07 02:00:00,5003.0
2012-11-07 03:00:00,4951.0
2012-11-07 04:00:00,5192.0
2012-11-07 05:00:00,5319.0
2012-11-07 06:00:00,5800.0
2012-11-07 07:00:00,11318.0
2012-11-07 08:00:00,12168.0
2012-11-07 09:00:00,14775.0
2012-11-07 10:00:00,15117.0
2012-11-07 11:00:00,14457.0
2012-11-07 12:00:00,13533.0
2012-11-07 13:00:00,14002.0
2012-11-07 14:00:00,13192.0
2012-11-07 15:00:00,12698.0
2012-11-07 16:00:00,14483.0
2012-11-07 17:00:00,13635.0
2012-11-07 18:00:00,13850.0
2012-11-07 19:00:00,14142.0
2012-11-07 20:00:00,12559.0
2012-11-07 21:00:00,11976.0
2012-11-07 22:00:00,9571.0
2012-11-07 23:00:00,5875.0
2012-11-08 00:00:00,5647.0
2012-11-08 01:00:00,6141.0
2012-11-08 02:00:00,5547.0
2012-11-08 03:00:00,5255.0
2012-11-08 04:00:00,5584.0
2012-11-08 05:00:00,5660.0
2012-11-08 06:00:00,6293.0
2012-11-08 07:00:00,11268.0
2012-11-08 08:00:00,12977.0
2012-11-08 09:00:00,14990.0
2012-11-08 10:00:00,14205.0
2012-11-08 11:00:00,14952.0
2012-11-08 12:00:00,13128.0
2012-11-08 13:00:00,13762.0
2012-11-08 14:00:00,14331.0
2012-11-08 15:00:00,14141.0
2012-11-08 16:00:00,13711.0
2012-11-08 17:00:00,13851.0
2012-11-08 18:00:00,14104.0
2012-11-08 19:00:00,13876.0
2012-11-08 20:00:00,12749.0
2012-11-08 21:00:00,11901.0
2012-11-08 22:00:00,9483.0
2012-11-08 23:00:00,5711.0
2012-11-09 00:00:00,5458.0
2012-11-09 01:00:00,5888.0
2012-11-09 02:00:00,5255.0
2012-11-09 03:00:00,4952.0
2012-11-09 04:00:00,5268.0
2012-11-09 05:00:00,5598.0
2012-11-09 06:00:00,6204.0
2012-11-09 07:00:00,10862.0
2012-11-09 08:00:00,12712.0
2012-11-09 09:00:00,13951.0
2012-11-09 10:00:00,14508.0
2012-11-09 11:00:00,15166.0
2012-11-09 12:00:00,14319.0
2012-11-09 13:00:00,13939.0
2012-11-09 14:00:00,14799.0
2012-11-09 15:00:00,14699.0
2012-11-09 16:00:00,14660.0
2012-11-09 17:00:00,13913.0
2012-11-09 18:00:00,14381.0
2012-11-09 19:00:00,15015.0
2012-11-09 20:00:00,13091.0
2012-11-09 21:00:00,11597.0
2012-11-09 22:00:00,10217.0
2012-11-09 23:00:00,5572.0
2012-11-10 00:00:00,5002.0
2012-11-10 01:00:00,5343.0
2012-11-10 02:00:00,4761.0
2012-11-10 03:00:00,4710.0
2012-11-10 04:00:00,4749.0
2012-11-10 05:00:00,5179.0
2012-11-10 06:00:00,5838.0
2012-11-10 07:00:00,10990.0
2012-11-10 08:00:00,11382.0
2012-11-10 09:00:00,14002.0
2012-11-10 10:00:00,15370.0
2012-11-10 11:00:00,14672.0
2012-11-10 12:00:00,14748.0
2012-11-10 13:00:00,14711.0
2012-11-10 14:00:00,14673.0
2012-11-10 15:00:00,14546.0
2012-11-10 16:00:00,14115.0
2012-11-10 17:00:00,13774.0
2012-11-10 18:00:00,15116.0
2012-11-10 19:00:00,14951.0
2012-11-10 20:00:00,12825.0
2012-11-10 21:00:00,12078.0
2012-11-10 22:00:00,9318.0
2012-11-10 23:00:00,5432.0
2012-11-11 00:00:00,5066.0
2012-11-11 01:00:00,5294.0
2012-11-11 02:00:00,4989.0
2012-11-11 03:00:00,4674.0
2012-11-11 04:00:00,4698.0
2012-11-11 05:00:00,5128.0
2012-11-11 06:00:00,5724.0
2012-11-11 07:00:00,10369.0
2012-11-11 08:00:00,11368.0
2012-11-11 09:00:00,13154.0
2012-11-11 10:00:00,14368.0
2012-11-11 11:00:00,14091.0
2012-11-11 12:00:00,12546.0
2012-11-11 13:00:00,13078.0
2012-11-11 14:00:00,13078.0
2012-11-11 15:00:00,12331.0
2012-11-11 16:00:00,13331.0
2012-11-11 17:00:00,13027.0
2012-11-11 18:00:00,14370.0
2012-11-11 19:00:00,12483.0
2012-11-11 20:00:00,11204.0
2012-11-11 21:00:00,10470.0
2012-11-11 22:00:00,9167.0
2012-11-11 23:00:00,5052.0
2012-11-12 00:00:00,4483.0
2012-11-12 01:00:00,4723.0
2012-11-12 02:00:00,4470.0
2012-11-12 03:00:00,4140.0
2012-11-12 04:00:00,4217.0
2012-11-12 05:00:00,4508.0
2012-11-12 06:00:00,5343.0
2012-11-12 07:00:00,10446.0
2012-11-12 08:00:00,8938.0
2012-11-12 09:00:00,13825.0
2012-11-12 10:00:00,13926.0
2012-11-12 11:00:00,14445.0
2012-11-12 12:00:00,14103.0
2012-11-12 13:00:00,13066.0
2012-11-12 14:00:00,13129.0
2012-11-12 15:00:00,14344.0
2012-11-12 16:00:00,13547.0
2012-11-12 17:00:00,13786.0
2012-11-12 18:00:00,14115.0
2012-11-12 19:00:00,14849.0
2012-11-12 20:00:00,13813.0
2012-11-12 21:00:00,12292.0
2012-11-12 22:00:00,9533.0
2012-11-12 23:00:00,4775.0
2012-11-13 00:00:00,4925.0
2012-11-13 01:00:00,4964.0
2012-11-13 02:00:00,4660.0
2012-11-13 03:00:00,4660.0
2012-11-13 04:00:00,4686.0
2012-11-13 05:00:00,4939.0
2012-11-13 06:00:00,5710.0
2012-11-13 07:00:00,11179.0
2012-11-13 08:00:00,11281.0
2012-11-13 09:00:00,13597.0
2012-11-13 10:00:00,13977.0
2012-11-13 11:00:00,15318.0
2012-11-13 12:00:00,14065.0
2012-11-13 13:00:00,13610.0
2012-11-13 14:00:00,13876.0
2012-11-13 15:00:00,13002.0
2012-11-13 16:00:00,13027.0
2012-11-13 17:00:00,13343.0
2012-11-13 18:00:00,14534.0
2012-11-13 19:00:00,14014.0
2012-11-13 20:00:00,12990.0
2012-11-13 21:00:00,11230.0
2012-11-13 22:00:00,9166.0
2012-11-13 23:00:00,4926.0
2012-11-14 00:00:00,4977.0
2012-11-14 01:00:00,4938.0
2012-11-14 02:00:00,4647.0
2012-11-14 03:00:00,4572.0
2012-11-14 04:00:00,4634.0
2012-11-14 05:00:00,4950.0
2012-11-14 06:00:00,5774.0
2012-11-14 07:00:00,10281.0
2012-11-14 08:00:00,11421.0
2012-11-14 09:00:00,13851.0
2012-11-14 10:00:00,14167.0
2012-11-14 11:00:00,14191.0
2012-11-14 12:00:00,13724.0
2012-11-14 13:00:00,14762.0
2012-11-14 14:00:00,13585.0
2012-11-14 15:00:00,14761.0
2012-11-14 16:00:00,14812.0
2012-11-14 17:00:00,14305.0
2012-11-14 18:00:00,14355.0
2012-11-14 19:00:00,15269.0
2012-11-14 20:00:00,13736.0
2012-11-14 21:00:00,12748.0
2012-11-14 22:00:00,10089.0
2012-11-14 23:00:00,5141.0
2012-11-15 00:00:00,5077.0
2012-11-15 01:00:00,5268.0
2012-11-15 02:00:00,4951.0
2012-11-15 03:00:00,4850.0
2012-11-15 04:00:00,4900.0
2012-11-15 05:00:00,5192.0
2012-11-15 06:00:00,5901.0
2012-11-15 07:00:00,10558.0
2012-11-15 08:00:00,11750.0
2012-11-15 09:00:00,15938.0
2012-11-15 10:00:00,14724.0
2012-11-15 11:00:00,14786.0
2012-11-15 12:00:00,14521.0
2012-11-15 13:00:00,13812.0
2012-11-15 14:00:00,14572.0
2012-11-15 15:00:00,14963.0
2012-11-15 16:00:00,13812.0
2012-11-15 17:00:00,14066.0
2012-11-15 18:00:00,14596.0
2012-11-15 19:00:00,15343.0
2012-11-15 20:00:00,13408.0
2012-11-15 21:00:00,12862.0
2012-11-15 22:00:00,11129.0
2012-11-15 23:00:00,6243.0
2012-11-16 00:00:00,5445.0
2012-11-16 01:00:00,5446.0
2012-11-16 02:00:00,5141.0
2012-11-16 03:00:00,5204.0
2012-11-16 04:00:00,5255.0
2012-11-16 05:00:00,5610.0
2012-11-16 06:00:00,6268.0
2012-11-16 07:00:00,11673.0
2012-11-16 08:00:00,12610.0
2012-11-16 09:00:00,15066.0
2012-11-16 10:00:00,16014.0
2012-11-16 11:00:00,15888.0
2012-11-16 12:00:00,15686.0
2012-11-16 13:00:00,15090.0
2012-11-16 14:00:00,15406.0
2012-11-16 15:00:00,14952.0
2012-11-16 16:00:00,15788.0
2012-11-16 17:00:00,15597.0
2012-11-16 18:00:00,15647.0
2012-11-16 19:00:00,15547.0
2012-11-16 20:00:00,13977.0
2012-11-16 21:00:00,13407.0
2012-11-16 22:00:00,9863.0
2012-11-16 23:00:00,5951.0
2012-11-17 00:00:00,5660.0
2012-11-17 01:00:00,5521.0
2012-11-17 02:00:00,5408.0
2012-11-17 03:00:00,5269.0
2012-11-17 04:00:00,5356.0
2012-11-17 05:00:00,5674.0
2012-11-17 06:00:00,6420.0
2012-11-17 07:00:00,11495.0
2012-11-17 08:00:00,12205.0
2012-11-17 09:00:00,15103.0
2012-11-17 10:00:00,15647.0
2012-11-17 11:00:00,16268.0
2012-11-17 12:00:00,14838.0
2012-11-17 13:00:00,14811.0
2012-11-17 14:00:00,14800.0
2012-11-17 15:00:00,14431.0
2012-11-17 16:00:00,15002.0
2012-11-17 17:00:00,14850.0
2012-11-17 18:00:00,14319.0
2012-11-17 19:00:00,14154.0
2012-11-17 20:00:00,12761.0
2012-11-17 21:00:00,11749.0
2012-11-17 22:00:00,9267.0
2012-11-17 23:00:00,5622.0
2012-11-18 00:00:00,5432.0
2012-11-18 01:00:00,5319.0
2012-11-18 02:00:00,5166.0
2012-11-18 03:00:00,5116.0
2012-11-18 04:00:00,5166.0
2012-11-18 05:00:00,5472.0
2012-11-18 06:00:00,5712.0
2012-11-18 07:00:00,10952.0
2012-11-18 08:00:00,11687.0
2012-11-18 09:00:00,14850.0
2012-11-18 10:00:00,14786.0
2012-11-18 11:00:00,15180.0
2012-11-18 12:00:00,14699.0
2012-11-18 13:00:00,14635.0
2012-11-18 14:00:00,14407.0
2012-11-18 15:00:00,14319.0
2012-11-18 16:00:00,14495.0
2012-11-18 17:00:00,14901.0
2012-11-18 18:00:00,14268.0
2012-11-18 19:00:00,13824.0
2012-11-18 20:00:00,12673.0
2012-11-18 21:00:00,11749.0
2012-11-18 22:00:00,8939.0
2012-11-18 23:00:00,5179.0
2012-11-19 00:00:00,5382.0
2012-11-19 01:00:00,5256.0
2012-11-19 02:00:00,4888.0
2012-11-19 03:00:00,4761.0
2012-11-19 04:00:00,4775.0
2012-11-19 05:00:00,5040.0
2012-11-19 06:00:00,6065.0
2012-11-19 07:00:00,11116.0
2012-11-19 08:00:00,12205.0
2012-11-19 09:00:00,13824.0
2012-11-19 10:00:00,14533.0
2012-11-19 11:00:00,14432.0
2012-11-19 12:00:00,14950.0
2012-11-19 13:00:00,14179.0
2012-11-19 14:00:00,14128.0
2012-11-19 15:00:00,13446.0
2012-11-19 16:00:00,14256.0
2012-11-19 17:00:00,14571.0
2012-11-19 18:00:00,14508.0
2012-11-19 19:00:00,14065.0
2012-11-19 20:00:00,12445.0
2012-11-19 21:00:00,11737.0
2012-11-19 22:00:00,9281.0
2012-11-19 23:00:00,4775.0
2012-11-20 00:00:00,4406.0
2012-11-20 01:00:00,4343.0
2012-11-20 02:00:00,5926.0
2012-11-20 03:00:00,4940.0
2012-11-20 04:00:00,5167.0
2012-11-20 05:00:00,5458.0
2012-11-20 06:00:00,6230.0
2012-11-20 07:00:00,10989.0
2012-11-20 08:00:00,12066.0
2012-11-20 09:00:00,15053.0
2012-11-20 10:00:00,13876.0
2012-11-20 11:00:00,14167.0
2012-11-20 12:00:00,14800.0
2012-11-20 13:00:00,14521.0
2012-11-20 14:00:00,15027.0
2012-11-20 15:00:00,14748.0
2012-11-20 16:00:00,14445.0
2012-11-20 17:00:00,14393.0
2012-11-20 18:00:00,14610.0
2012-11-20 19:00:00,14319.0
2012-11-20 20:00:00,12837.0
2012-11-20 21:00:00,11913.0
2012-11-20 22:00:00,9141.0
2012-11-20 23:00:00,5623.0
2012-11-21 00:00:00,5546.0
2012-11-21 01:00:00,5698.0
2012-11-21 02:00:00,5560.0
2012-11-21 03:00:00,5319.0
2012-11-21 04:00:00,5421.0
2012-11-21 05:00:00,5749.0
2012-11-21 06:00:00,6103.0
2012-11-21 07:00:00,11077.0
2012-11-21 08:00:00,11420.0
2012-11-21 09:00:00,15369.0
2012-11-21 10:00:00,15267.0
2012-11-21 11:00:00,15230.0
2012-11-21 12:00:00,15167.0
2012-11-21 13:00:00,14458.0
2012-11-21 14:00:00,14179.0
2012-11-21 15:00:00,13635.0
2012-11-21 16:00:00,14521.0
2012-11-21 17:00:00,14078.0
2012-11-21 18:00:00,14306.0
2012-11-21 19:00:00,14723.0
2012-11-21 20:00:00,12281.0
2012-11-21 21:00:00,11635.0
2012-11-21 22:00:00,8863.0
2012-11-21 23:00:00,5166.0
2012-11-22 00:00:00,5116.0
2012-11-22 01:00:00,5218.0
2012-11-22 02:00:00,4989.0
2012-11-22 03:00:00,4989.0
2012-11-22 04:00:00,4887.0
2012-11-22 05:00:00,5383.0
2012-11-22 06:00:00,5927.0
2012-11-22 07:00:00,11116.0
2012-11-22 08:00:00,12141.0
2012-11-22 09:00:00,14432.0
2012-11-22 10:00:00,13812.0
2012-11-22 11:00:00,14711.0
2012-11-22 12:00:00,14370.0
2012-11-22 13:00:00,13028.0
2012-11-22 14:00:00,14168.0
2012-11-22 15:00:00,13268.0
2012-11-22 16:00:00,13824.0
2012-11-22 17:00:00,13368.0
2012-11-22 18:00:00,14344.0
2012-11-22 19:00:00,14331.0
2012-11-22 20:00:00,13053.0
2012-11-22 21:00:00,12572.0
2012-11-22 22:00:00,10977.0
2012-11-22 23:00:00,5761.0
2012-11-23 00:00:00,5141.0
2012-11-23 01:00:00,5180.0
2012-11-23 02:00:00,5140.0
2012-11-23 03:00:00,4989.0
2012-11-23 04:00:00,4939.0
2012-11-23 05:00:00,5383.0
2012-11-23 06:00:00,6002.0
2012-11-23 07:00:00,10951.0
2012-11-23 08:00:00,10495.0
2012-11-23 09:00:00,15648.0
2012-11-23 10:00:00,14369.0
2012-11-23 11:00:00,15939.0
2012-11-23 12:00:00,14661.0
2012-11-23 13:00:00,15040.0
2012-11-23 14:00:00,14850.0
2012-11-23 15:00:00,14369.0
2012-11-23 16:00:00,15863.0
2012-11-23 17:00:00,14813.0
2012-11-23 18:00:00,14015.0
2012-11-23 19:00:00,15318.0
2012-11-23 20:00:00,13673.0
2012-11-23 21:00:00,12103.0
2012-11-23 22:00:00,10292.0
2012-11-23 23:00:00,5584.0
2012-11-24 00:00:00,5406.0
2012-11-24 01:00:00,5180.0
2012-11-24 02:00:00,5179.0
2012-11-24 03:00:00,5167.0
2012-11-24 04:00:00,5243.0
2012-11-24 05:00:00,5508.0
2012-11-24 06:00:00,6407.0
2012-11-24 07:00:00,11673.0
2012-11-24 08:00:00,12015.0
2012-11-24 09:00:00,15699.0
2012-11-24 10:00:00,16028.0
2012-11-24 11:00:00,14875.0
2012-11-24 12:00:00,15116.0
2012-11-24 13:00:00,14585.0
2012-11-24 14:00:00,14723.0
2012-11-24 15:00:00,14053.0
2012-11-24 16:00:00,15482.0
2012-11-24 17:00:00,14812.0
2012-11-24 18:00:00,15117.0
2012-11-24 19:00:00,15280.0
2012-11-24 20:00:00,13507.0
2012-11-24 21:00:00,12344.0
2012-11-24 22:00:00,10230.0
2012-11-24 23:00:00,5913.0
2012-11-25 00:00:00,5851.0
2012-11-25 01:00:00,5775.0
2012-11-25 02:00:00,5647.0
2012-11-25 03:00:00,5406.0
2012-11-25 04:00:00,5660.0
2012-11-25 05:00:00,5965.0
2012-11-25 06:00:00,6433.0
2012-11-25 07:00:00,11850.0
2012-11-25 08:00:00,12559.0
2012-11-25 09:00:00,15546.0
2012-11-25 10:00:00,16053.0
2012-11-25 11:00:00,15610.0
2012-11-25 12:00:00,15457.0
2012-11-25 13:00:00,14533.0
2012-11-25 14:00:00,15445.0
2012-11-25 15:00:00,14622.0
2012-11-25 16:00:00,15686.0
2012-11-25 17:00:00,15279.0
2012-11-25 18:00:00,15167.0
2012-11-25 19:00:00,15445.0
2012-11-25 20:00:00,13926.0
2012-11-25 21:00:00,12419.0
2012-11-25 22:00:00,10686.0
2012-11-25 23:00:00,6382.0
2012-11-26 00:00:00,5913.0
2012-11-26 01:00:00,5800.0
2012-11-26 02:00:00,5685.0
2012-11-26 03:00:00,5558.0
2012-11-26 04:00:00,5636.0
2012-11-26 05:00:00,5964.0
2012-11-26 06:00:00,6812.0
2012-11-26 07:00:00,11711.0
2012-11-26 08:00:00,12787.0
2012-11-26 09:00:00,15381.0
2012-11-26 10:00:00,15065.0
2012-11-26 11:00:00,15167.0
2012-11-26 12:00:00,15407.0
2012-11-26 13:00:00,14408.0
2012-11-26 14:00:00,14610.0
2012-11-26 15:00:00,14394.0
2012-11-26 16:00:00,14217.0
2012-11-26 17:00:00,13609.0
2012-11-26 18:00:00,14039.0
2012-11-26 19:00:00,14369.0
2012-11-26 20:00:00,12711.0
2012-11-26 21:00:00,11572.0
2012-11-26 22:00:00,8648.0
2012-11-26 23:00:00,5268.0
2012-11-27 00:00:00,5167.0
2012-11-27 01:00:00,5192.0
2012-11-27 02:00:00,5015.0
2012-11-27 03:00:00,4786.0
2012-11-27 04:00:00,4875.0
2012-11-27 05:00:00,5102.0
2012-11-27 06:00:00,5799.0
2012-11-27 07:00:00,10331.0
2012-11-27 08:00:00,11826.0
2012-11-27 09:00:00,14420.0
2012-11-27 10:00:00,14775.0
2012-11-27 11:00:00,15154.0
2012-11-27 12:00:00,13711.0
2012-11-27 13:00:00,13775.0
2012-11-27 14:00:00,14319.0
2012-11-27 15:00:00,14711.0
2012-11-27 16:00:00,14813.0
2012-11-27 17:00:00,13636.0
2012-11-27 18:00:00,14318.0
2012-11-27 19:00:00,14091.0
2012-11-27 20:00:00,12572.0
2012-11-27 21:00:00,11938.0
2012-11-27 22:00:00,8990.0
2012-11-27 23:00:00,4774.0
2012-11-28 00:00:00,4787.0
2012-11-28 01:00:00,4939.0
2012-11-28 02:00:00,4635.0
2012-11-28 03:00:00,4483.0
2012-11-28 04:00:00,4343.0
2012-11-28 05:00:00,4989.0
2012-11-28 06:00:00,5635.0
2012-11-28 07:00:00,10242.0
2012-11-28 08:00:00,10472.0
2012-11-28 09:00:00,14433.0
2012-11-28 10:00:00,15179.0
2012-11-28 11:00:00,14369.0
2012-11-28 12:00:00,13673.0
2012-11-28 13:00:00,13723.0
2012-11-28 14:00:00,13269.0
2012-11-28 15:00:00,13091.0
2012-11-28 16:00:00,13673.0
2012-11-28 17:00:00,13483.0
2012-11-28 18:00:00,13989.0
2012-11-28 19:00:00,13648.0
2012-11-28 20:00:00,12369.0
2012-11-28 21:00:00,11268.0
2012-11-28 22:00:00,8875.0
2012-11-28 23:00:00,4812.0
2012-11-29 00:00:00,4874.0
2012-11-29 01:00:00,4976.0
2012-11-29 02:00:00,4761.0
2012-11-29 03:00:00,4559.0
2012-11-29 04:00:00,4711.0
2012-11-29 05:00:00,4989.0
2012-11-29 06:00:00,5496.0
2012-11-29 07:00:00,10180.0
2012-11-29 08:00:00,10913.0
2012-11-29 09:00:00,13724.0
2012-11-29 10:00:00,14824.0
2012-11-29 11:00:00,15028.0
2012-11-29 12:00:00,13964.0
2012-11-29 13:00:00,14040.0
2012-11-29 14:00:00,14015.0
2012-11-29 15:00:00,13863.0
2012-11-29 16:00:00,13420.0
2012-11-29 17:00:00,13559.0
2012-11-29 18:00:00,13938.0
2012-11-29 19:00:00,13686.0
2012-11-29 20:00:00,12129.0
2012-11-29 21:00:00,11217.0
2012-11-29 22:00:00,8609.0
2012-11-29 23:00:00,4584.0
2012-11-30 00:00:00,4444.0
2012-11-30 01:00:00,4597.0
2012-11-30 02:00:00,4534.0
2012-11-30 03:00:00,4229.0
2012-11-30 04:00:00,4369.0
2012-11-30 05:00:00,4761.0
2012-11-30 06:00:00,5521.0
2012-11-30 07:00:00,10647.0
2012-11-30 08:00:00,10598.0
2012-11-30 09:00:00,15229.0
2012-11-30 10:00:00,14900.0
2012-11-30 11:00:00,14292.0
2012-11-30 12:00:00,14294.0
2012-11-30 13:00:00,13370.0
2012-11-30 14:00:00,14635.0
2012-11-30 15:00:00,14509.0
2012-11-30 16:00:00,14900.0
2012-11-30 17:00:00,15331.0
2012-11-30 18:00:00,15647.0
2012-11-30 19:00:00,16141.0
2012-11-30 20:00:00,14230.0
2012-11-30 21:00:00,12546.0
2012-11-30 22:00:00,9444.0
2012-11-30 23:00:00,5167.0
2012-12-01 00:00:00,4901.0
2012-12-01 01:00:00,4799.0
2012-12-01 02:00:00,4585.0
2012-12-01 03:00:00,4483.0
2012-12-01 04:00:00,4609.0
2012-12-01 05:00:00,4977.0
2012-12-01 06:00:00,5812.0
2012-12-01 07:00:00,10699.0
2012-12-01 08:00:00,11382.0
2012-12-01 09:00:00,14356.0
2012-12-01 10:00:00,14508.0
2012-12-01 11:00:00,14383.0
2012-12-01 12:00:00,13965.0
2012-12-01 13:00:00,14104.0
2012-12-01 14:00:00,13837.0
2012-12-01 15:00:00,14888.0
2012-12-01 16:00:00,14319.0
2012-12-01 17:00:00,14432.0
2012-12-01 18:00:00,14900.0
2012-12-01 19:00:00,14382.0
2012-12-01 20:00:00,13382.0
2012-12-01 21:00:00,11218.0
2012-12-01 22:00:00,9129.0
2012-12-01 23:00:00,5104.0
2012-12-02 00:00:00,4748.0
2012-12-02 01:00:00,4724.0
2012-12-02 02:00:00,4470.0
2012-12-02 03:00:00,4432.0
2012-12-02 04:00:00,4596.0
2012-12-02 05:00:00,4774.0
2012-12-02 06:00:00,5648.0
2012-12-02 07:00:00,10522.0
2012-12-02 08:00:00,10698.0
2012-12-02 09:00:00,12952.0
2012-12-02 10:00:00,14116.0
2012-12-02 11:00:00,14242.0
2012-12-02 12:00:00,14117.0
2012-12-02 13:00:00,13762.0
2012-12-02 14:00:00,14027.0
2012-12-02 15:00:00,14079.0
2012-12-02 16:00:00,14736.0
2012-12-02 17:00:00,14521.0
2012-12-02 18:00:00,14344.0
2012-12-02 19:00:00,14432.0
2012-12-02 20:00:00,12647.0
2012-12-02 21:00:00,11154.0
2012-12-02 22:00:00,8661.0
2012-12-02 23:00:00,4812.0
2012-12-03 00:00:00,4647.0
2012-12-03 01:00:00,4787.0
2012-12-03 02:00:00,4635.0
2012-12-03 03:00:00,4317.0
2012-12-03 04:00:00,4407.0
2012-12-03 05:00:00,4661.0
2012-12-03 06:00:00,5457.0
2012-12-03 07:00:00,10597.0
2012-12-03 08:00:00,11052.0
2012-12-03 09:00:00,14091.0
2012-12-03 10:00:00,14698.0
2012-12-03 11:00:00,14192.0
2012-12-03 12:00:00,14623.0
2012-12-03 13:00:00,14394.0
2012-12-03 14:00:00,14419.0
2012-12-03 15:00:00,14230.0
2012-12-03 16:00:00,13990.0
2012-12-03 17:00:00,14887.0
2012-12-03 18:00:00,15204.0
2012-12-03 19:00:00,15269.0
2012-12-03 20:00:00,14471.0
2012-12-03 21:00:00,12597.0
2012-12-03 22:00:00,9178.0
2012-12-03 23:00:00,4888.0
2012-12-04 00:00:00,4838.0
2012-12-04 01:00:00,4977.0
2012-12-04 02:00:00,4774.0
2012-12-04 03:00:00,4647.0
2012-12-04 04:00:00,4710.0
2012-12-04 05:00:00,5065.0
2012-12-04 06:00:00,6154.0
2012-12-04 07:00:00,11077.0
2012-12-04 08:00:00,12977.0
2012-12-04 09:00:00,14394.0
2012-12-04 10:00:00,15420.0
2012-12-04 11:00:00,14483.0
2012-12-04 12:00:00,14432.0
2012-12-04 13:00:00,14192.0
2012-12-04 14:00:00,15230.0
2012-12-04 15:00:00,14798.0
2012-12-04 16:00:00,15888.0
2012-12-04 17:00:00,14382.0
2012-12-04 18:00:00,15597.0
2012-12-04 19:00:00,16509.0
2012-12-04 20:00:00,14242.0
2012-12-04 21:00:00,13356.0
2012-12-04 22:00:00,9686.0
2012-12-04 23:00:00,5445.0
2012-12-05 00:00:00,5382.0
2012-12-05 01:00:00,5483.0
2012-12-05 02:00:00,5458.0
2012-12-05 03:00:00,5281.0
2012-12-05 04:00:00,5357.0
2012-12-05 05:00:00,5611.0
2012-12-05 06:00:00,6269.0
2012-12-05 07:00:00,11041.0
2012-12-05 08:00:00,12331.0
2012-12-05 09:00:00,14647.0
2012-12-05 10:00:00,15673.0
2012-12-05 11:00:00,15027.0
2012-12-05 12:00:00,14787.0
2012-12-05 13:00:00,15052.0
2012-12-05 14:00:00,15471.0
2012-12-05 15:00:00,14369.0
2012-12-05 16:00:00,14825.0
2012-12-05 17:00:00,15723.0
2012-12-05 18:00:00,15306.0
2012-12-05 19:00:00,15204.0
2012-12-05 20:00:00,14648.0
2012-12-05 21:00:00,13091.0
2012-12-05 22:00:00,9331.0
2012-12-05 23:00:00,5812.0
2012-12-06 00:00:00,6077.0
2012-12-06 01:00:00,5571.0
2012-12-06 02:00:00,5003.0
2012-12-06 03:00:00,4749.0
2012-12-06 04:00:00,4863.0
2012-12-06 05:00:00,5458.0
2012-12-06 06:00:00,6079.0
2012-12-06 07:00:00,11002.0
2012-12-06 08:00:00,12103.0
2012-12-06 09:00:00,15344.0
2012-12-06 10:00:00,15180.0
2012-12-06 11:00:00,15939.0
2012-12-06 12:00:00,15280.0
2012-12-06 13:00:00,15267.0
2012-12-06 14:00:00,14876.0
2012-12-06 15:00:00,14040.0
2012-12-06 16:00:00,14356.0
2012-12-06 17:00:00,14736.0
2012-12-06 18:00:00,14230.0
2012-12-06 19:00:00,15318.0
2012-12-06 20:00:00,13129.0
2012-12-06 21:00:00,11521.0
2012-12-06 22:00:00,9622.0
2012-12-06 23:00:00,5292.0
2012-12-07 00:00:00,5445.0
2012-12-07 01:00:00,5508.0
2012-12-07 02:00:00,5597.0
2012-12-07 03:00:00,5420.0
2012-12-07 04:00:00,5698.0
2012-12-07 05:00:00,5533.0
2012-12-07 06:00:00,6079.0
2012-12-07 07:00:00,11065.0
2012-12-07 08:00:00,11154.0
2012-12-07 09:00:00,15762.0
2012-12-07 10:00:00,15470.0
2012-12-07 11:00:00,15268.0
2012-12-07 12:00:00,15470.0
2012-12-07 13:00:00,15331.0
2012-12-07 14:00:00,14154.0
2012-12-07 15:00:00,14686.0
2012-12-07 16:00:00,14749.0
2012-12-07 17:00:00,16597.0
2012-12-07 18:00:00,16305.0
2012-12-07 19:00:00,15192.0
2012-12-07 20:00:00,14065.0
2012-12-07 21:00:00,12482.0
2012-12-07 22:00:00,10356.0
2012-12-07 23:00:00,5825.0
2012-12-08 00:00:00,5419.0
2012-12-08 01:00:00,5357.0
2012-12-08 02:00:00,5040.0
2012-12-08 03:00:00,5002.0
2012-12-08 04:00:00,4990.0
2012-12-08 05:00:00,5319.0
2012-12-08 06:00:00,5837.0
2012-12-08 07:00:00,10559.0
2012-12-08 08:00:00,12040.0
2012-12-08 09:00:00,15167.0
2012-12-08 10:00:00,14584.0
2012-12-08 11:00:00,13457.0
2012-12-08 12:00:00,13926.0
2012-12-08 13:00:00,14762.0
2012-12-08 14:00:00,15218.0
2012-12-08 15:00:00,14711.0
2012-12-08 16:00:00,14332.0
2012-12-08 17:00:00,14458.0
2012-12-08 18:00:00,15078.0
2012-12-08 19:00:00,14989.0
2012-12-08 20:00:00,13192.0
2012-12-08 21:00:00,11508.0
2012-12-08 22:00:00,9736.0
2012-12-08 23:00:00,5470.0
2012-12-09 00:00:00,5230.0
2012-12-09 01:00:00,5091.0
2012-12-09 02:00:00,4737.0
2012-12-09 03:00:00,4458.0
2012-12-09 04:00:00,4787.0
2012-12-09 05:00:00,4926.0
2012-12-09 06:00:00,5483.0
2012-12-09 07:00:00,11167.0
2012-12-09 08:00:00,11103.0
2012-12-09 09:00:00,13635.0
2012-12-09 10:00:00,15039.0
2012-12-09 11:00:00,14166.0
2012-12-09 12:00:00,14293.0
2012-12-09 13:00:00,13989.0
2012-12-09 14:00:00,14659.0
2012-12-09 15:00:00,14749.0
2012-12-09 16:00:00,14407.0
2012-12-09 17:00:00,13496.0
2012-12-09 18:00:00,13952.0
2012-12-09 19:00:00,14394.0
2012-12-09 20:00:00,13585.0
2012-12-09 21:00:00,11508.0
2012-12-09 22:00:00,9863.0
2012-12-09 23:00:00,4926.0
2012-12-10 00:00:00,4773.0
2012-12-10 01:00:00,4939.0
2012-12-10 02:00:00,4596.0
2012-12-10 03:00:00,4343.0
2012-12-10 04:00:00,4648.0
2012-12-10 05:00:00,4950.0
2012-12-10 06:00:00,5826.0
2012-12-10 07:00:00,10483.0
2012-12-10 08:00:00,11002.0
2012-12-10 09:00:00,14495.0
2012-12-10 10:00:00,15914.0
2012-12-10 11:00:00,14193.0
2012-12-10 12:00:00,14420.0
2012-12-10 13:00:00,14964.0
2012-12-10 14:00:00,14496.0
2012-12-10 15:00:00,14609.0
2012-12-10 16:00:00,13167.0
2012-12-10 17:00:00,14774.0
2012-12-10 18:00:00,14534.0
2012-12-10 19:00:00,14597.0
2012-12-10 20:00:00,13116.0
2012-12-10 21:00:00,11584.0
2012-12-10 22:00:00,8584.0
2012-12-10 23:00:00,5065.0
2012-12-11 00:00:00,4964.0
2012-12-11 01:00:00,5129.0
2012-12-11 02:00:00,4686.0
2012-12-11 03:00:00,4495.0
2012-12-11 04:00:00,4533.0
2012-12-11 05:00:00,4863.0
2012-12-11 06:00:00,5623.0
2012-12-11 07:00:00,11444.0
2012-12-11 08:00:00,9673.0
2012-12-11 09:00:00,14179.0
2012-12-11 10:00:00,14901.0
2012-12-11 11:00:00,15116.0
2012-12-11 12:00:00,14192.0
2012-12-11 13:00:00,14559.0
2012-12-11 14:00:00,13786.0
2012-12-11 15:00:00,13281.0
2012-12-11 16:00:00,13649.0
2012-12-11 17:00:00,13939.0
2012-12-11 18:00:00,14799.0
2012-12-11 19:00:00,14609.0
2012-12-11 20:00:00,13103.0
2012-12-11 21:00:00,12419.0
2012-12-11 22:00:00,10053.0
2012-12-11 23:00:00,5268.0
2012-12-12 00:00:00,5332.0
2012-12-12 01:00:00,5243.0
2012-12-12 02:00:00,4621.0
2012-12-12 03:00:00,4369.0
2012-12-12 04:00:00,4483.0
2012-12-12 05:00:00,4736.0
2012-12-12 06:00:00,5636.0
2012-12-12 07:00:00,10836.0
2012-12-12 08:00:00,11078.0
2012-12-12 09:00:00,14900.0
2012-12-12 10:00:00,15913.0
2012-12-12 11:00:00,15356.0
2012-12-12 12:00:00,14052.0
2012-12-12 13:00:00,13761.0
2012-12-12 14:00:00,13737.0
2012-12-12 15:00:00,14773.0
2012-12-12 16:00:00,15381.0
2012-12-12 17:00:00,15179.0
2012-12-12 18:00:00,15647.0
2012-12-12 19:00:00,16052.0
2012-12-12 20:00:00,14179.0
2012-12-12 21:00:00,12634.0
2012-12-12 22:00:00,9748.0
2012-12-12 23:00:00,4927.0
2012-12-13 00:00:00,4812.0
2012-12-13 01:00:00,5116.0
2012-12-13 02:00:00,4558.0
2012-12-13 03:00:00,4356.0
2012-12-13 04:00:00,4723.0
2012-12-13 05:00:00,4723.0
2012-12-13 06:00:00,5672.0
2012-12-13 07:00:00,10952.0
2012-12-13 08:00:00,12141.0
2012-12-13 09:00:00,14433.0
2012-12-13 10:00:00,14901.0
2012-12-13 11:00:00,15496.0
2012-12-13 12:00:00,14597.0
2012-12-13 13:00:00,14673.0
2012-12-13 14:00:00,14748.0
2012-12-13 15:00:00,13648.0
2012-12-13 16:00:00,14496.0
2012-12-13 17:00:00,15761.0
2012-12-13 18:00:00,16445.0
2012-12-13 19:00:00,15889.0
2012-12-13 20:00:00,14534.0
2012-12-13 21:00:00,12837.0
2012-12-13 22:00:00,10900.0
2012-12-13 23:00:00,5179.0
2012-12-14 00:00:00,5166.0
2012-12-14 01:00:00,5470.0
2012-12-14 02:00:00,5053.0
2012-12-14 03:00:00,4597.0
2012-12-14 04:00:00,5244.0
2012-12-14 05:00:00,5306.0
2012-12-14 06:00:00,6040.0
2012-12-14 07:00:00,11027.0
2012-12-14 08:00:00,11116.0
2012-12-14 09:00:00,16244.0
2012-12-14 10:00:00,15015.0
2012-12-14 11:00:00,15697.0
2012-12-14 12:00:00,16458.0
2012-12-14 13:00:00,15799.0
2012-12-14 14:00:00,15750.0
2012-12-14 15:00:00,16914.0
2012-12-14 16:00:00,16900.0
2012-12-14 17:00:00,16369.0
2012-12-14 18:00:00,18078.0
2012-12-14 19:00:00,16495.0
2012-12-14 20:00:00,15483.0
2012-12-14 21:00:00,13015.0
2012-12-14 22:00:00,10610.0
2012-12-14 23:00:00,5926.0
2012-12-15 00:00:00,5610.0
2012-12-15 01:00:00,5812.0
2012-12-15 02:00:00,5230.0
2012-12-15 03:00:00,5179.0
2012-12-15 04:00:00,5243.0
2012-12-15 05:00:00,5495.0
2012-12-15 06:00:00,6458.0
2012-12-15 07:00:00,11432.0
2012-12-15 08:00:00,12394.0
2012-12-15 09:00:00,15977.0
2012-12-15 10:00:00,17065.0
2012-12-15 11:00:00,16875.0
2012-12-15 12:00:00,16673.0
2012-12-15 13:00:00,16861.0
2012-12-15 14:00:00,16938.0
2012-12-15 15:00:00,17255.0
2012-12-15 16:00:00,17116.0
2012-12-15 17:00:00,17597.0
2012-12-15 18:00:00,17053.0
2012-12-15 19:00:00,16787.0
2012-12-15 20:00:00,15420.0
2012-12-15 21:00:00,13229.0
2012-12-15 22:00:00,10357.0
2012-12-15 23:00:00,5837.0
2012-12-16 00:00:00,5433.0
2012-12-16 01:00:00,5761.0
2012-12-16 02:00:00,5117.0
2012-12-16 03:00:00,4989.0
2012-12-16 04:00:00,5268.0
2012-12-16 05:00:00,5369.0
2012-12-16 06:00:00,6331.0
2012-12-16 07:00:00,11243.0
2012-12-16 08:00:00,12027.0
2012-12-16 09:00:00,16343.0
2012-12-16 10:00:00,16433.0
2012-12-16 11:00:00,16445.0
2012-12-16 12:00:00,17255.0
2012-12-16 13:00:00,16762.0
2012-12-16 14:00:00,16724.0
2012-12-16 15:00:00,15243.0
2012-12-16 16:00:00,16572.0
2012-12-16 17:00:00,16724.0
2012-12-16 18:00:00,16812.0
2012-12-16 19:00:00,16128.0
2012-12-16 20:00:00,14787.0
2012-12-16 21:00:00,13382.0
2012-12-16 22:00:00,10243.0
2012-12-16 23:00:00,5584.0
2012-12-17 00:00:00,5395.0
2012-12-17 01:00:00,5597.0
2012-12-17 02:00:00,5293.0
2012-12-17 03:00:00,5255.0
2012-12-17 04:00:00,5268.0
2012-12-17 05:00:00,5825.0
2012-12-17 06:00:00,6495.0
2012-12-17 07:00:00,11534.0
2012-12-17 08:00:00,12104.0
2012-12-17 09:00:00,15697.0
2012-12-17 10:00:00,15522.0
2012-12-17 11:00:00,15964.0
2012-12-17 12:00:00,15407.0
2012-12-17 13:00:00,15585.0
2012-12-17 14:00:00,15142.0
2012-12-17 15:00:00,15521.0
2012-12-17 16:00:00,16229.0
2012-12-17 17:00:00,15735.0
2012-12-17 18:00:00,16330.0
2012-12-17 19:00:00,16799.0
2012-12-17 20:00:00,14761.0
2012-12-17 21:00:00,13091.0
2012-12-17 22:00:00,10294.0
2012-12-17 23:00:00,5711.0
2012-12-18 00:00:00,5672.0
2012-12-18 01:00:00,5724.0
2012-12-18 02:00:00,5470.0
2012-12-18 03:00:00,5292.0
2012-12-18 04:00:00,5408.0
2012-12-18 05:00:00,5825.0
2012-12-18 06:00:00,6522.0
2012-12-18 07:00:00,11597.0
2012-12-18 08:00:00,11914.0
2012-12-18 09:00:00,15344.0
2012-12-18 10:00:00,16268.0
2012-12-18 11:00:00,15800.0
2012-12-18 12:00:00,15369.0
2012-12-18 13:00:00,15458.0
2012-12-18 14:00:00,15457.0
2012-12-18 15:00:00,15052.0
2012-12-18 16:00:00,16319.0
2012-12-18 17:00:00,15915.0
2012-12-18 18:00:00,15394.0
2012-12-18 19:00:00,16192.0
2012-12-18 20:00:00,14154.0
2012-12-18 21:00:00,12749.0
2012-12-18 22:00:00,10724.0
2012-12-18 23:00:00,6344.0
2012-12-19 00:00:00,5610.0
2012-12-19 01:00:00,5800.0
2012-12-19 02:00:00,5521.0
2012-12-19 03:00:00,5267.0
2012-12-19 04:00:00,5432.0
2012-12-19 05:00:00,5749.0
2012-12-19 06:00:00,6382.0
2012-12-19 07:00:00,12179.0
2012-12-19 08:00:00,12368.0
2012-12-19 09:00:00,15281.0
2012-12-19 10:00:00,15116.0
2012-12-19 11:00:00,17483.0
2012-12-19 12:00:00,15774.0
2012-12-19 13:00:00,15849.0
2012-12-19 14:00:00,15875.0
2012-12-19 15:00:00,14356.0
2012-12-19 16:00:00,14585.0
2012-12-19 17:00:00,14900.0
2012-12-19 18:00:00,14964.0
2012-12-19 19:00:00,15800.0
2012-12-19 20:00:00,14774.0
2012-12-19 21:00:00,13103.0
2012-12-19 22:00:00,11837.0
2012-12-19 23:00:00,9053.0
2012-12-20 00:00:00,5989.0
2012-12-20 01:00:00,5875.0
2012-12-20 02:00:00,5547.0
2012-12-20 03:00:00,5344.0
2012-12-20 04:00:00,5470.0
2012-12-20 05:00:00,5801.0
2012-12-20 06:00:00,6306.0
2012-12-20 07:00:00,11964.0
2012-12-20 08:00:00,11876.0
2012-12-20 09:00:00,16369.0
2012-12-20 10:00:00,16445.0
2012-12-20 11:00:00,16736.0
2012-12-20 12:00:00,15812.0
2012-12-20 13:00:00,15496.0
2012-12-20 14:00:00,15458.0
2012-12-20 15:00:00,14774.0
2012-12-20 16:00:00,14786.0
2012-12-20 17:00:00,16091.0
2012-12-20 18:00:00,16964.0
2012-12-20 19:00:00,16799.0
2012-12-20 20:00:00,15673.0
2012-12-20 21:00:00,14989.0
2012-12-20 22:00:00,13230.0
2012-12-20 23:00:00,9927.0
2012-12-21 00:00:00,7558.0
2012-12-21 01:00:00,7585.0
2012-12-21 02:00:00,7104.0
2012-12-21 03:00:00,6521.0
2012-12-21 04:00:00,7040.0
2012-12-21 05:00:00,7497.0
2012-12-21 06:00:00,8091.0
2012-12-21 07:00:00,9408.0
2012-12-21 08:00:00,10963.0
2012-12-21 09:00:00,15065.0
2012-12-21 10:00:00,15761.0
2012-12-21 11:00:00,16521.0
2012-12-21 12:00:00,17091.0
2012-12-21 13:00:00,15736.0
2012-12-21 14:00:00,17294.0
2012-12-21 15:00:00,15724.0
2012-12-21 16:00:00,16039.0
2012-12-21 17:00:00,15522.0
2012-12-21 18:00:00,17141.0
2012-12-21 19:00:00,17660.0
2012-12-21 20:00:00,16129.0
2012-12-21 21:00:00,15014.0
2012-12-21 22:00:00,14026.0
2012-12-21 23:00:00,12141.0
2012-12-22 00:00:00,11407.0
2012-12-22 01:00:00,7635.0
2012-12-22 02:00:00,7217.0
2012-12-22 03:00:00,6432.0
2012-12-22 04:00:00,7331.0
2012-12-22 05:00:00,8052.0
2012-12-22 06:00:00,9268.0
2012-12-22 07:00:00,9280.0
2012-12-22 08:00:00,12052.0
2012-12-22 09:00:00,15989.0
2012-12-22 10:00:00,17053.0
2012-12-22 11:00:00,17838.0
2012-12-22 12:00:00,17990.0
2012-12-22 13:00:00,16534.0
2012-12-22 14:00:00,17052.0
2012-12-22 15:00:00,15838.0
2012-12-22 16:00:00,16153.0
2012-12-22 17:00:00,16166.0
2012-12-22 18:00:00,16356.0
2012-12-22 19:00:00,16711.0
2012-12-22 20:00:00,15267.0
2012-12-22 21:00:00,14673.0
2012-12-22 22:00:00,14002.0
2012-12-22 23:00:00,11623.0
2012-12-23 00:00:00,7395.0
2012-12-23 01:00:00,7381.0
2012-12-23 02:00:00,7318.0
2012-12-23 03:00:00,7167.0
2012-12-23 04:00:00,7204.0
2012-12-23 05:00:00,8090.0
2012-12-23 06:00:00,8483.0
2012-12-23 07:00:00,8800.0
2012-12-23 08:00:00,11267.0
2012-12-23 09:00:00,15813.0
2012-12-23 10:00:00,15749.0
2012-12-23 11:00:00,17660.0
2012-12-23 12:00:00,17002.0
2012-12-23 13:00:00,16863.0
2012-12-23 14:00:00,16875.0
2012-12-23 15:00:00,15458.0
2012-12-23 16:00:00,16280.0
2012-12-23 17:00:00,16761.0
2012-12-23 18:00:00,16534.0
2012-12-23 19:00:00,16585.0
2012-12-23 20:00:00,15078.0
2012-12-23 21:00:00,14749.0
2012-12-23 22:00:00,13457.0
2012-12-23 23:00:00,10154.0
2012-12-24 00:00:00,7951.0
2012-12-24 01:00:00,7686.0
2012-12-24 02:00:00,6912.0
2012-12-24 03:00:00,6521.0
2012-12-24 04:00:00,6913.0
2012-12-24 05:00:00,8293.0
2012-12-24 06:00:00,7952.0
2012-12-24 07:00:00,9420.0
2012-12-24 08:00:00,11887.0
2012-12-24 09:00:00,16483.0
2012-12-24 10:00:00,17002.0
2012-12-24 11:00:00,17116.0
2012-12-24 12:00:00,16888.0
2012-12-24 13:00:00,16154.0
2012-12-24 14:00:00,16697.0
2012-12-24 15:00:00,15787.0
2012-12-24 16:00:00,15103.0
2012-12-24 17:00:00,13736.0
2012-12-24 18:00:00,12103.0
2012-12-24 19:00:00,7267.0
2012-12-24 20:00:00,5926.0
2012-12-24 21:00:00,5838.0
2012-12-24 22:00:00,5495.0
2012-12-24 23:00:00,5344.0
2012-12-25 00:00:00,5256.0
2012-12-25 01:00:00,5421.0
2012-12-25 02:00:00,5091.0
2012-12-25 03:00:00,4863.0
2012-12-25 04:00:00,4837.0
2012-12-25 05:00:00,4470.0
2012-12-25 06:00:00,4850.0
2012-12-25 07:00:00,5166.0
2012-12-25 08:00:00,5243.0
2012-12-25 09:00:00,5774.0
2012-12-25 10:00:00,5749.0
2012-12-25 11:00:00,5470.0
2012-12-25 12:00:00,5497.0
2012-12-25 13:00:00,5914.0
2012-12-25 14:00:00,5711.0
2012-12-25 15:00:00,5661.0
2012-12-25 16:00:00,5838.0
2012-12-25 17:00:00,5457.0
2012-12-25 18:00:00,5610.0
2012-12-25 19:00:00,5976.0
2012-12-25 20:00:00,5510.0
2012-12-25 21:00:00,5471.0
2012-12-25 22:00:00,4939.0
2012-12-25 23:00:00,4723.0
2012-12-26 00:00:00,4799.0
2012-12-26 01:00:00,4926.0
2012-12-26 02:00:00,4773.0
2012-12-26 03:00:00,4356.0
2012-12-26 04:00:00,4546.0
2012-12-26 05:00:00,4902.0
2012-12-26 06:00:00,5331.0
2012-12-26 07:00:00,10509.0
2012-12-26 08:00:00,12394.0
2012-12-26 09:00:00,14382.0
2012-12-26 10:00:00,14546.0
2012-12-26 11:00:00,16002.0
2012-12-26 12:00:00,15724.0
2012-12-26 13:00:00,14267.0
2012-12-26 14:00:00,14825.0
2012-12-26 15:00:00,13724.0
2012-12-26 16:00:00,14230.0
2012-12-26 17:00:00,14470.0
2012-12-26 18:00:00,16116.0
2012-12-26 19:00:00,16102.0
2012-12-26 20:00:00,14673.0
2012-12-26 21:00:00,13090.0
2012-12-26 22:00:00,10318.0
2012-12-26 23:00:00,7255.0
2012-12-27 00:00:00,6926.0
2012-12-27 01:00:00,6318.0
2012-12-27 02:00:00,5547.0
2012-12-27 03:00:00,4913.0
2012-12-27 04:00:00,5104.0
2012-12-27 05:00:00,5281.0
2012-12-27 06:00:00,6028.0
2012-12-27 07:00:00,10863.0
2012-12-27 08:00:00,11532.0
2012-12-27 09:00:00,14458.0
2012-12-27 10:00:00,15065.0
2012-12-27 11:00:00,14484.0
2012-12-27 12:00:00,14559.0
2012-12-27 13:00:00,14332.0
2012-12-27 14:00:00,14533.0
2012-12-27 15:00:00,14204.0
2012-12-27 16:00:00,14636.0
2012-12-27 17:00:00,14546.0
2012-12-27 18:00:00,15723.0
2012-12-27 19:00:00,15306.0
2012-12-27 20:00:00,14192.0
2012-12-27 21:00:00,12357.0
2012-12-27 22:00:00,10292.0
2012-12-27 23:00:00,5395.0
2012-12-28 00:00:00,4914.0
2012-12-28 01:00:00,5103.0
2012-12-28 02:00:00,4862.0
2012-12-28 03:00:00,4521.0
2012-12-28 04:00:00,4799.0
2012-12-28 05:00:00,4952.0
2012-12-28 06:00:00,5369.0
2012-12-28 07:00:00,10192.0
2012-12-28 08:00:00,11685.0
2012-12-28 09:00:00,14596.0
2012-12-28 10:00:00,15521.0
2012-12-28 11:00:00,14888.0
2012-12-28 12:00:00,14534.0
2012-12-28 13:00:00,14736.0
2012-12-28 14:00:00,14774.0
2012-12-28 15:00:00,14445.0
2012-12-28 16:00:00,14838.0
2012-12-28 17:00:00,14648.0
2012-12-28 18:00:00,15648.0
2012-12-28 19:00:00,15661.0
2012-12-28 20:00:00,14762.0
2012-12-28 21:00:00,12255.0
2012-12-28 22:00:00,9306.0
2012-12-28 23:00:00,5382.0
2012-12-29 00:00:00,4989.0
2012-12-29 01:00:00,5319.0
2012-12-29 02:00:00,4597.0
2012-12-29 03:00:00,4571.0
2012-12-29 04:00:00,4812.0
2012-12-29 05:00:00,5180.0
2012-12-29 06:00:00,5978.0
2012-12-29 07:00:00,10939.0
2012-12-29 08:00:00,12281.0
2012-12-29 09:00:00,16395.0
2012-12-29 10:00:00,16356.0
2012-12-29 11:00:00,15027.0
2012-12-29 12:00:00,15356.0
2012-12-29 13:00:00,15103.0
2012-12-29 14:00:00,17927.0
2012-12-29 15:00:00,17078.0
2012-12-29 16:00:00,16370.0
2012-12-29 17:00:00,16661.0
2012-12-29 18:00:00,17293.0
2012-12-29 19:00:00,16408.0
2012-12-29 20:00:00,15407.0
2012-12-29 21:00:00,14015.0
2012-12-29 22:00:00,10596.0
2012-12-29 23:00:00,6850.0
2012-12-30 00:00:00,6875.0
2012-12-30 01:00:00,6863.0
2012-12-30 02:00:00,6610.0
2012-12-30 03:00:00,5876.0
2012-12-30 04:00:00,6648.0
2012-12-30 05:00:00,7293.0
2012-12-30 06:00:00,7622.0
2012-12-30 07:00:00,7356.0
2012-12-30 08:00:00,10381.0
2012-12-30 09:00:00,15952.0
2012-12-30 10:00:00,15888.0
2012-12-30 11:00:00,16509.0
2012-12-30 12:00:00,17014.0
2012-12-30 13:00:00,17673.0
2012-12-30 14:00:00,16938.0
2012-12-30 15:00:00,16217.0
2012-12-30 16:00:00,16989.0
2012-12-30 17:00:00,16874.0
2012-12-30 18:00:00,16242.0
2012-12-30 19:00:00,16255.0
2012-12-30 20:00:00,14596.0
2012-12-30 21:00:00,14432.0
2012-12-30 22:00:00,10090.0
2012-12-30 23:00:00,5964.0
2012-12-31 00:00:00,5736.0
2012-12-31 01:00:00,5900.0
2012-12-31 02:00:00,5547.0
2012-12-31 03:00:00,5243.0
2012-12-31 04:00:00,5408.0
2012-12-31 05:00:00,5862.0
2012-12-31 06:00:00,6241.0
2012-12-31 07:00:00,9558.0
2012-12-31 08:00:00,12052.0
2012-12-31 09:00:00,16142.0
2012-12-31 10:00:00,16002.0
2012-12-31 11:00:00,16167.0
2012-12-31 12:00:00,15938.0
2012-12-31 13:00:00,16381.0
2012-12-31 14:00:00,16217.0
2012-12-31 15:00:00,16724.0
2012-12-31 16:00:00,16014.0
2012-12-31 17:00:00,14850.0
2012-12-31 18:00:00,14419.0
2012-12-31 19:00:00,11003.0
2012-12-31 20:00:00,5749.0
2012-12-31 21:00:00,5370.0
2012-12-31 22:00:00,4888.0
2012-12-31 23:00:00,4508.0
2013-01-01 00:00:00,4621.0
2013-01-01 01:00:00,4977.0
2013-01-01 02:00:00,4673.0
2013-01-01 03:00:00,4559.0
2013-01-01 04:00:00,4748.0
2013-01-01 05:00:00,4420.0
2013-01-01 06:00:00,4686.0
2013-01-01 07:00:00,5129.0
2013-01-01 08:00:00,5205.0
2013-01-01 09:00:00,5560.0
2013-01-01 10:00:00,5458.0
2013-01-01 11:00:00,5217.0
2013-01-01 12:00:00,5205.0
2013-01-01 13:00:00,5674.0
2013-01-01 14:00:00,5395.0
2013-01-01 15:00:00,5445.0
2013-01-01 16:00:00,5433.0
2013-01-01 17:00:00,5154.0
2013-01-01 18:00:00,5306.0
2013-01-01 19:00:00,5863.0
2013-01-01 20:00:00,5446.0
2013-01-01 21:00:00,5305.0
2013-01-01 22:00:00,4648.0
2013-01-01 23:00:00,4419.0
2013-01-02 00:00:00,4382.0
2013-01-02 01:00:00,4723.0
2013-01-02 02:00:00,4331.0
2013-01-02 03:00:00,4268.0
2013-01-02 04:00:00,4457.0
2013-01-02 05:00:00,4750.0
2013-01-02 06:00:00,5205.0
2013-01-02 07:00:00,11951.0
2013-01-02 08:00:00,11534.0
2013-01-02 09:00:00,14647.0
2013-01-02 10:00:00,15369.0
2013-01-02 11:00:00,14989.0
2013-01-02 12:00:00,13559.0
2013-01-02 13:00:00,14699.0
2013-01-02 14:00:00,14116.0
2013-01-02 15:00:00,14812.0
2013-01-02 16:00:00,14369.0
2013-01-02 17:00:00,16066.0
2013-01-02 18:00:00,15369.0
2013-01-02 19:00:00,15509.0
2013-01-02 20:00:00,13850.0
2013-01-02 21:00:00,11648.0
2013-01-02 22:00:00,9914.0
2013-01-02 23:00:00,5368.0
2013-01-03 00:00:00,4698.0
2013-01-03 01:00:00,5014.0
2013-01-03 02:00:00,4622.0
2013-01-03 03:00:00,4508.0
2013-01-03 04:00:00,4483.0
2013-01-03 05:00:00,4862.0
2013-01-03 06:00:00,5509.0
2013-01-03 07:00:00,11078.0
2013-01-03 08:00:00,11774.0
2013-01-03 09:00:00,14292.0
2013-01-03 10:00:00,14191.0
2013-01-03 11:00:00,13775.0
2013-01-03 12:00:00,14382.0
2013-01-03 13:00:00,13938.0
2013-01-03 14:00:00,13939.0
2013-01-03 15:00:00,13459.0
2013-01-03 16:00:00,14128.0
2013-01-03 17:00:00,14141.0
2013-01-03 18:00:00,14217.0
2013-01-03 19:00:00,15205.0
2013-01-03 20:00:00,13711.0
2013-01-03 21:00:00,12331.0
2013-01-03 22:00:00,9977.0
2013-01-03 23:00:00,4888.0
2013-01-04 00:00:00,4584.0
2013-01-04 01:00:00,4838.0
2013-01-04 02:00:00,4444.0
2013-01-04 03:00:00,4128.0
2013-01-04 04:00:00,4382.0
2013-01-04 05:00:00,4773.0
2013-01-04 06:00:00,5344.0
2013-01-04 07:00:00,10813.0
2013-01-04 08:00:00,11356.0
2013-01-04 09:00:00,13509.0
2013-01-04 10:00:00,13357.0
2013-01-04 11:00:00,14243.0
2013-01-04 12:00:00,14306.0
2013-01-04 13:00:00,14306.0
2013-01-04 14:00:00,14547.0
2013-01-04 15:00:00,14155.0
2013-01-04 16:00:00,13761.0
2013-01-04 17:00:00,13913.0
2013-01-04 18:00:00,13837.0
2013-01-04 19:00:00,15293.0
2013-01-04 20:00:00,13496.0
2013-01-04 21:00:00,11635.0
2013-01-04 22:00:00,8710.0
2013-01-04 23:00:00,5129.0
2013-01-05 00:00:00,4673.0
2013-01-05 01:00:00,4939.0
2013-01-05 02:00:00,4647.0
2013-01-05 03:00:00,4306.0
2013-01-05 04:00:00,4419.0
2013-01-05 05:00:00,4787.0
2013-01-05 06:00:00,5559.0
2013-01-05 07:00:00,10723.0
2013-01-05 08:00:00,11407.0
2013-01-05 09:00:00,14116.0
2013-01-05 10:00:00,14901.0
2013-01-05 11:00:00,13356.0
2013-01-05 12:00:00,14066.0
2013-01-05 13:00:00,14179.0
2013-01-05 14:00:00,14369.0
2013-01-05 15:00:00,14255.0
2013-01-05 16:00:00,14142.0
2013-01-05 17:00:00,13952.0
2013-01-05 18:00:00,14799.0
2013-01-05 19:00:00,13939.0
2013-01-05 20:00:00,11748.0
2013-01-05 21:00:00,11192.0
2013-01-05 22:00:00,8243.0
2013-01-05 23:00:00,5116.0
2013-01-06 00:00:00,4888.0
2013-01-06 01:00:00,4964.0
2013-01-06 02:00:00,4584.0
2013-01-06 03:00:00,4546.0
2013-01-06 04:00:00,4597.0
2013-01-06 05:00:00,4825.0
2013-01-06 06:00:00,5508.0
2013-01-06 07:00:00,10484.0
2013-01-06 08:00:00,11192.0
2013-01-06 09:00:00,15115.0
2013-01-06 10:00:00,15863.0
2013-01-06 11:00:00,16648.0
2013-01-06 12:00:00,15154.0
2013-01-06 13:00:00,15585.0
2013-01-06 14:00:00,15964.0
2013-01-06 15:00:00,16483.0
2013-01-06 16:00:00,14976.0
2013-01-06 17:00:00,14596.0
2013-01-06 18:00:00,14737.0
2013-01-06 19:00:00,14686.0
2013-01-06 20:00:00,13053.0
2013-01-06 21:00:00,11901.0
2013-01-06 22:00:00,8610.0
2013-01-06 23:00:00,4876.0
2013-01-07 00:00:00,4926.0
2013-01-07 01:00:00,5104.0
2013-01-07 02:00:00,4635.0
2013-01-07 03:00:00,4622.0
2013-01-07 04:00:00,4685.0
2013-01-07 05:00:00,5078.0
2013-01-07 06:00:00,5825.0
2013-01-07 07:00:00,10963.0
2013-01-07 08:00:00,11330.0
2013-01-07 09:00:00,14090.0
2013-01-07 10:00:00,14813.0
2013-01-07 11:00:00,14546.0
2013-01-07 12:00:00,14065.0
2013-01-07 13:00:00,13256.0
2013-01-07 14:00:00,13344.0
2013-01-07 15:00:00,13660.0
2013-01-07 16:00:00,13293.0
2013-01-07 17:00:00,13812.0
2013-01-07 18:00:00,15319.0
2013-01-07 19:00:00,15445.0
2013-01-07 20:00:00,14064.0
2013-01-07 21:00:00,12090.0
2013-01-07 22:00:00,8091.0
2013-01-07 23:00:00,4926.0
2013-01-08 00:00:00,4837.0
2013-01-08 01:00:00,5242.0
2013-01-08 02:00:00,4685.0
2013-01-08 03:00:00,4507.0
2013-01-08 04:00:00,4774.0
2013-01-08 05:00:00,5103.0
2013-01-08 06:00:00,5838.0
2013-01-08 07:00:00,10749.0
2013-01-08 08:00:00,11230.0
2013-01-08 09:00:00,15406.0
2013-01-08 10:00:00,14964.0
2013-01-08 11:00:00,14382.0
2013-01-08 12:00:00,14458.0
2013-01-08 13:00:00,13723.0
2013-01-08 14:00:00,13572.0
2013-01-08 15:00:00,13863.0
2013-01-08 16:00:00,14294.0
2013-01-08 17:00:00,14192.0
2013-01-08 18:00:00,14356.0
2013-01-08 19:00:00,15116.0
2013-01-08 20:00:00,13648.0
2013-01-08 21:00:00,11457.0
2013-01-08 22:00:00,8622.0
2013-01-08 23:00:00,4736.0
2013-01-09 00:00:00,4939.0
2013-01-09 01:00:00,5066.0
2013-01-09 02:00:00,4661.0
2013-01-09 03:00:00,4559.0
2013-01-09 04:00:00,4597.0
2013-01-09 05:00:00,5091.0
2013-01-09 06:00:00,5723.0
2013-01-09 07:00:00,11116.0
2013-01-09 08:00:00,11204.0
2013-01-09 09:00:00,13179.0
2013-01-09 10:00:00,13559.0
2013-01-09 11:00:00,14913.0
2013-01-09 12:00:00,14382.0
2013-01-09 13:00:00,14052.0
2013-01-09 14:00:00,13901.0
2013-01-09 15:00:00,13977.0
2013-01-09 16:00:00,14900.0
2013-01-09 17:00:00,15141.0
2013-01-09 18:00:00,16104.0
2013-01-09 19:00:00,16319.0
2013-01-09 20:00:00,14964.0
2013-01-09 21:00:00,13660.0
2013-01-09 22:00:00,9661.0
2013-01-09 23:00:00,4976.0
2013-01-10 00:00:00,5091.0
2013-01-10 01:00:00,5306.0
2013-01-10 02:00:00,4800.0
2013-01-10 03:00:00,4685.0
2013-01-10 04:00:00,4888.0
2013-01-10 05:00:00,5053.0
2013-01-10 06:00:00,5685.0
2013-01-10 07:00:00,10812.0
2013-01-10 08:00:00,11471.0
2013-01-10 09:00:00,13356.0
2013-01-10 10:00:00,14381.0
2013-01-10 11:00:00,14622.0
2013-01-10 12:00:00,14255.0
2013-01-10 13:00:00,13622.0
2013-01-10 14:00:00,13547.0
2013-01-10 15:00:00,14002.0
2013-01-10 16:00:00,13914.0
2013-01-10 17:00:00,13649.0
2013-01-10 18:00:00,13698.0
2013-01-10 19:00:00,14268.0
2013-01-10 20:00:00,12635.0
2013-01-10 21:00:00,11483.0
2013-01-10 22:00:00,9040.0
2013-01-10 23:00:00,5002.0
2013-01-11 00:00:00,4938.0
2013-01-11 01:00:00,5091.0
2013-01-11 02:00:00,4774.0
2013-01-11 03:00:00,4750.0
2013-01-11 04:00:00,4736.0
2013-01-11 05:00:00,5002.0
2013-01-11 06:00:00,5863.0
2013-01-11 07:00:00,11204.0
2013-01-11 08:00:00,11636.0
2013-01-11 09:00:00,14407.0
2013-01-11 10:00:00,15027.0
2013-01-11 11:00:00,14356.0
2013-01-11 12:00:00,14736.0
2013-01-11 13:00:00,14357.0
2013-01-11 14:00:00,13141.0
2013-01-11 15:00:00,13724.0
2013-01-11 16:00:00,14521.0
2013-01-11 17:00:00,13788.0
2013-01-11 18:00:00,16167.0
2013-01-11 19:00:00,16205.0
2013-01-11 20:00:00,14661.0
2013-01-11 21:00:00,13395.0
2013-01-11 22:00:00,10648.0
2013-01-11 23:00:00,5281.0
2013-01-12 00:00:00,5090.0
2013-01-12 01:00:00,5130.0
2013-01-12 02:00:00,4927.0
2013-01-12 03:00:00,4660.0
2013-01-12 04:00:00,4913.0
2013-01-12 05:00:00,5079.0
2013-01-12 06:00:00,5863.0
2013-01-12 07:00:00,10913.0
2013-01-12 08:00:00,11318.0
2013-01-12 09:00:00,15003.0
2013-01-12 10:00:00,16483.0
2013-01-12 11:00:00,14749.0
2013-01-12 12:00:00,14952.0
2013-01-12 13:00:00,14508.0
2013-01-12 14:00:00,14205.0
2013-01-12 15:00:00,13484.0
2013-01-12 16:00:00,13534.0
2013-01-12 17:00:00,13900.0
2013-01-12 18:00:00,14559.0
2013-01-12 19:00:00,14066.0
2013-01-12 20:00:00,12318.0
2013-01-12 21:00:00,11647.0
2013-01-12 22:00:00,9786.0
2013-01-12 23:00:00,5736.0
2013-01-13 00:00:00,4952.0
2013-01-13 01:00:00,5091.0
2013-01-13 02:00:00,4800.0
2013-01-13 03:00:00,4609.0
2013-01-13 04:00:00,4660.0
2013-01-13 05:00:00,4762.0
2013-01-13 06:00:00,5484.0
2013-01-13 07:00:00,10154.0
2013-01-13 08:00:00,11762.0
2013-01-13 09:00:00,15382.0
2013-01-13 10:00:00,16268.0
2013-01-13 11:00:00,15736.0
2013-01-13 12:00:00,15610.0
2013-01-13 13:00:00,14888.0
2013-01-13 14:00:00,16166.0
2013-01-13 15:00:00,14369.0
2013-01-13 16:00:00,15027.0
2013-01-13 17:00:00,14888.0
2013-01-13 18:00:00,15470.0
2013-01-13 19:00:00,15141.0
2013-01-13 20:00:00,12749.0
2013-01-13 21:00:00,11647.0
2013-01-13 22:00:00,7837.0
2013-01-13 23:00:00,4610.0
2013-01-14 00:00:00,4546.0
2013-01-14 01:00:00,4723.0
2013-01-14 02:00:00,4369.0
2013-01-14 03:00:00,4230.0
2013-01-14 04:00:00,4292.0
2013-01-14 05:00:00,4559.0
2013-01-14 06:00:00,5267.0
2013-01-14 07:00:00,10470.0
2013-01-14 08:00:00,11129.0
2013-01-14 09:00:00,13875.0
2013-01-14 10:00:00,14761.0
2013-01-14 11:00:00,13282.0
2013-01-14 12:00:00,14141.0
2013-01-14 13:00:00,13052.0
2013-01-14 14:00:00,13635.0
2013-01-14 15:00:00,12863.0
2013-01-14 16:00:00,12990.0
2013-01-14 17:00:00,13888.0
2013-01-14 18:00:00,14622.0
2013-01-14 19:00:00,14825.0
2013-01-14 20:00:00,13205.0
2013-01-14 21:00:00,11508.0
2013-01-14 22:00:00,9660.0
2013-01-14 23:00:00,9041.0
2013-01-15 00:00:00,8750.0
2013-01-15 01:00:00,7774.0
2013-01-15 02:00:00,4356.0
2013-01-15 03:00:00,4116.0
2013-01-15 04:00:00,4205.0
2013-01-15 05:00:00,4406.0
2013-01-15 06:00:00,5204.0
2013-01-15 07:00:00,10395.0
2013-01-15 08:00:00,11268.0
2013-01-15 09:00:00,14078.0
2013-01-15 10:00:00,14167.0
2013-01-15 11:00:00,13850.0
2013-01-15 12:00:00,13875.0
2013-01-15 13:00:00,13370.0
2013-01-15 14:00:00,13028.0
2013-01-15 15:00:00,12774.0
2013-01-15 16:00:00,13179.0
2013-01-15 17:00:00,14002.0
2013-01-15 18:00:00,14394.0
2013-01-15 19:00:00,14622.0
2013-01-15 20:00:00,13799.0
2013-01-15 21:00:00,11407.0
2013-01-15 22:00:00,8521.0
2013-01-15 23:00:00,4710.0
2013-01-16 00:00:00,4736.0
2013-01-16 01:00:00,5001.0
2013-01-16 02:00:00,4508.0
2013-01-16 03:00:00,4229.0
2013-01-16 04:00:00,4418.0
2013-01-16 05:00:00,4723.0
2013-01-16 06:00:00,5432.0
2013-01-16 07:00:00,10255.0
2013-01-16 08:00:00,11572.0
2013-01-16 09:00:00,14457.0
2013-01-16 10:00:00,14913.0
2013-01-16 11:00:00,14015.0
2013-01-16 12:00:00,14256.0
2013-01-16 13:00:00,13698.0
2013-01-16 14:00:00,14015.0
2013-01-16 15:00:00,13648.0
2013-01-16 16:00:00,13471.0
2013-01-16 17:00:00,15280.0
2013-01-16 18:00:00,15180.0
2013-01-16 19:00:00,15015.0
2013-01-16 20:00:00,13710.0
2013-01-16 21:00:00,11646.0
2013-01-16 22:00:00,8710.0
2013-01-16 23:00:00,4964.0
2013-01-17 00:00:00,4876.0
2013-01-17 01:00:00,5267.0
2013-01-17 02:00:00,4800.0
2013-01-17 03:00:00,4597.0
2013-01-17 04:00:00,4749.0
2013-01-17 05:00:00,5078.0
2013-01-17 06:00:00,5635.0
2013-01-17 07:00:00,10863.0
2013-01-17 08:00:00,10002.0
2013-01-17 09:00:00,14230.0
2013-01-17 10:00:00,14825.0
2013-01-17 11:00:00,15002.0
2013-01-17 12:00:00,13914.0
2013-01-17 13:00:00,14332.0
2013-01-17 14:00:00,13977.0
2013-01-17 15:00:00,13332.0
2013-01-17 16:00:00,13825.0
2013-01-17 17:00:00,14408.0
2013-01-17 18:00:00,15735.0
2013-01-17 19:00:00,15799.0
2013-01-17 20:00:00,13901.0
2013-01-17 21:00:00,12825.0
2013-01-17 22:00:00,9204.0
2013-01-17 23:00:00,5128.0
2013-01-18 00:00:00,5015.0
2013-01-18 01:00:00,5332.0
2013-01-18 02:00:00,4964.0
2013-01-18 03:00:00,4761.0
2013-01-18 04:00:00,4812.0
2013-01-18 05:00:00,5154.0
2013-01-18 06:00:00,5838.0
2013-01-18 07:00:00,9839.0
2013-01-18 08:00:00,11216.0
2013-01-18 09:00:00,14292.0
2013-01-18 10:00:00,15976.0
2013-01-18 11:00:00,15749.0
2013-01-18 12:00:00,14559.0
2013-01-18 13:00:00,14660.0
2013-01-18 14:00:00,14825.0
2013-01-18 15:00:00,13407.0
2013-01-18 16:00:00,13610.0
2013-01-18 17:00:00,13572.0
2013-01-18 18:00:00,15470.0
2013-01-18 19:00:00,15762.0
2013-01-18 20:00:00,13888.0
2013-01-18 21:00:00,12788.0
2013-01-18 22:00:00,8724.0
2013-01-18 23:00:00,5192.0
2013-01-19 00:00:00,4849.0
2013-01-19 01:00:00,5166.0
2013-01-19 02:00:00,4698.0
2013-01-19 03:00:00,4420.0
2013-01-19 04:00:00,4546.0
2013-01-19 05:00:00,4774.0
2013-01-19 06:00:00,5356.0
2013-01-19 07:00:00,9876.0
2013-01-19 08:00:00,12331.0
2013-01-19 09:00:00,14660.0
2013-01-19 10:00:00,14989.0
2013-01-19 11:00:00,14293.0
2013-01-19 12:00:00,15218.0
2013-01-19 13:00:00,15623.0
2013-01-19 14:00:00,14178.0
2013-01-19 15:00:00,13661.0
2013-01-19 16:00:00,14015.0
2013-01-19 17:00:00,14521.0
2013-01-19 18:00:00,15634.0
2013-01-19 19:00:00,15103.0
2013-01-19 20:00:00,14065.0
2013-01-19 21:00:00,12255.0
2013-01-19 22:00:00,8153.0
2013-01-19 23:00:00,4685.0
2013-01-20 00:00:00,4356.0
2013-01-20 01:00:00,4558.0
2013-01-20 02:00:00,4230.0
2013-01-20 03:00:00,4166.0
2013-01-20 04:00:00,4242.0
2013-01-20 05:00:00,4584.0
2013-01-20 06:00:00,5356.0
2013-01-20 07:00:00,10812.0
2013-01-20 08:00:00,10103.0
2013-01-20 09:00:00,14306.0
2013-01-20 10:00:00,14736.0
2013-01-20 11:00:00,15027.0
2013-01-20 12:00:00,14863.0
2013-01-20 13:00:00,15457.0
2013-01-20 14:00:00,15041.0
2013-01-20 15:00:00,15293.0
2013-01-20 16:00:00,14850.0
2013-01-20 17:00:00,14117.0
2013-01-20 18:00:00,15470.0
2013-01-20 19:00:00,11180.0
2013-01-20 20:00:00,10888.0
2013-01-20 21:00:00,11610.0
2013-01-20 22:00:00,8357.0
2013-01-20 23:00:00,4458.0
2013-01-21 00:00:00,4610.0
2013-01-21 01:00:00,4711.0
2013-01-21 02:00:00,4559.0
2013-01-21 03:00:00,4357.0
2013-01-21 04:00:00,4331.0
2013-01-21 05:00:00,4660.0
2013-01-21 06:00:00,5483.0
2013-01-21 07:00:00,10432.0
2013-01-21 08:00:00,11040.0
2013-01-21 09:00:00,13939.0
2013-01-21 10:00:00,14533.0
2013-01-21 11:00:00,13990.0
2013-01-21 12:00:00,14003.0
2013-01-21 13:00:00,12762.0
2013-01-21 14:00:00,13115.0
2013-01-21 15:00:00,13319.0
2013-01-21 16:00:00,13230.0
2013-01-21 17:00:00,12889.0
2013-01-21 18:00:00,13522.0
2013-01-21 19:00:00,13723.0
2013-01-21 20:00:00,12029.0
2013-01-21 21:00:00,10597.0
2013-01-21 22:00:00,9343.0
2013-01-21 23:00:00,4863.0
2013-01-22 00:00:00,4395.0
2013-01-22 01:00:00,4407.0
2013-01-22 02:00:00,4154.0
2013-01-22 03:00:00,3965.0
2013-01-22 04:00:00,4117.0
2013-01-22 05:00:00,4470.0
2013-01-22 06:00:00,5115.0
2013-01-22 07:00:00,10331.0
2013-01-22 08:00:00,11002.0
2013-01-22 09:00:00,13686.0
2013-01-22 10:00:00,14597.0
2013-01-22 11:00:00,14622.0
2013-01-22 12:00:00,13041.0
2013-01-22 13:00:00,12648.0
2013-01-22 14:00:00,13547.0
2013-01-22 15:00:00,12952.0
2013-01-22 16:00:00,13216.0
2013-01-22 17:00:00,14711.0
2013-01-22 18:00:00,14395.0
2013-01-22 19:00:00,14596.0
2013-01-22 20:00:00,13243.0
2013-01-22 21:00:00,11597.0
2013-01-22 22:00:00,9040.0
2013-01-22 23:00:00,4571.0
2013-01-23 00:00:00,4344.0
2013-01-23 01:00:00,4559.0
2013-01-23 02:00:00,4192.0
2013-01-23 03:00:00,3913.0
2013-01-23 04:00:00,4116.0
2013-01-23 05:00:00,4545.0
2013-01-23 06:00:00,5065.0
2013-01-23 07:00:00,9205.0
2013-01-23 08:00:00,11762.0
2013-01-23 09:00:00,13179.0
2013-01-23 10:00:00,14230.0
2013-01-23 11:00:00,14433.0
2013-01-23 12:00:00,13546.0
2013-01-23 13:00:00,13040.0
2013-01-23 14:00:00,13039.0
2013-01-23 15:00:00,13166.0
2013-01-23 16:00:00,13496.0
2013-01-23 17:00:00,14141.0
2013-01-23 18:00:00,14331.0
2013-01-23 19:00:00,14318.0
2013-01-23 20:00:00,12850.0
2013-01-23 21:00:00,12003.0
2013-01-23 22:00:00,9281.0
2013-01-23 23:00:00,4697.0
2013-01-24 00:00:00,4647.0
2013-01-24 01:00:00,4838.0
2013-01-24 02:00:00,4508.0
2013-01-24 03:00:00,4241.0
2013-01-24 04:00:00,4508.0
2013-01-24 05:00:00,4863.0
2013-01-24 06:00:00,5535.0
2013-01-24 07:00:00,10940.0
2013-01-24 08:00:00,11002.0
2013-01-24 09:00:00,13989.0
2013-01-24 10:00:00,14889.0
2013-01-24 11:00:00,14851.0
2013-01-24 12:00:00,14458.0
2013-01-24 13:00:00,13787.0
2013-01-24 14:00:00,13496.0
2013-01-24 15:00:00,13370.0
2013-01-24 16:00:00,13724.0
2013-01-24 17:00:00,13496.0
2013-01-24 18:00:00,15331.0
2013-01-24 19:00:00,15787.0
2013-01-24 20:00:00,13433.0
2013-01-24 21:00:00,12230.0
2013-01-24 22:00:00,9306.0
2013-01-24 23:00:00,4609.0
2013-01-25 00:00:00,4660.0
2013-01-25 01:00:00,5065.0
2013-01-25 02:00:00,4622.0
2013-01-25 03:00:00,4394.0
2013-01-25 04:00:00,4660.0
2013-01-25 05:00:00,4951.0
2013-01-25 06:00:00,5623.0
2013-01-25 07:00:00,10762.0
2013-01-25 08:00:00,11571.0
2013-01-25 09:00:00,14635.0
2013-01-25 10:00:00,15103.0
2013-01-25 11:00:00,15267.0
2013-01-25 12:00:00,14217.0
2013-01-25 13:00:00,14331.0
2013-01-25 14:00:00,14584.0
2013-01-25 15:00:00,14723.0
2013-01-25 16:00:00,14545.0
2013-01-25 17:00:00,14432.0
2013-01-25 18:00:00,15142.0
2013-01-25 19:00:00,16723.0
2013-01-25 20:00:00,14635.0
2013-01-25 21:00:00,12863.0
2013-01-25 22:00:00,9141.0
2013-01-25 23:00:00,5546.0
2013-01-26 00:00:00,5028.0
2013-01-26 01:00:00,5357.0
2013-01-26 02:00:00,5041.0
2013-01-26 03:00:00,4786.0
2013-01-26 04:00:00,4889.0
2013-01-26 05:00:00,5154.0
2013-01-26 06:00:00,5864.0
2013-01-26 07:00:00,10813.0
2013-01-26 08:00:00,11534.0
2013-01-26 09:00:00,15116.0
2013-01-26 10:00:00,15939.0
2013-01-26 11:00:00,16155.0
2013-01-26 12:00:00,14634.0
2013-01-26 13:00:00,14964.0
2013-01-26 14:00:00,15078.0
2013-01-26 15:00:00,14368.0
2013-01-26 16:00:00,14672.0
2013-01-26 17:00:00,15053.0
2013-01-26 18:00:00,14609.0
2013-01-26 19:00:00,14825.0
2013-01-26 20:00:00,13305.0
2013-01-26 21:00:00,11913.0
2013-01-26 22:00:00,10243.0
2013-01-26 23:00:00,5331.0
2013-01-27 00:00:00,4888.0
2013-01-27 01:00:00,5066.0
2013-01-27 02:00:00,4672.0
2013-01-27 03:00:00,4610.0
2013-01-27 04:00:00,4584.0
2013-01-27 05:00:00,4939.0
2013-01-27 06:00:00,5470.0
2013-01-27 07:00:00,10596.0
2013-01-27 08:00:00,10521.0
2013-01-27 09:00:00,14306.0
2013-01-27 10:00:00,15154.0
2013-01-27 11:00:00,14166.0
2013-01-27 12:00:00,13964.0
2013-01-27 13:00:00,14382.0
2013-01-27 14:00:00,14078.0
2013-01-27 15:00:00,13622.0
2013-01-27 16:00:00,15002.0
2013-01-27 17:00:00,15293.0
2013-01-27 18:00:00,14356.0
2013-01-27 19:00:00,14242.0
2013-01-27 20:00:00,12355.0
2013-01-27 21:00:00,11001.0
2013-01-27 22:00:00,9458.0
2013-01-27 23:00:00,5355.0
2013-01-28 00:00:00,4609.0
2013-01-28 01:00:00,5052.0
2013-01-28 02:00:00,4509.0
2013-01-28 03:00:00,4509.0
2013-01-28 04:00:00,4546.0
2013-01-28 05:00:00,4711.0
2013-01-28 06:00:00,5394.0
2013-01-28 07:00:00,9900.0
2013-01-28 08:00:00,10989.0
2013-01-28 09:00:00,14014.0
2013-01-28 10:00:00,13926.0
2013-01-28 11:00:00,14078.0
2013-01-28 12:00:00,13584.0
2013-01-28 13:00:00,13306.0
2013-01-28 14:00:00,13344.0
2013-01-28 15:00:00,13407.0
2013-01-28 16:00:00,13230.0
2013-01-28 17:00:00,13015.0
2013-01-28 18:00:00,12775.0
2013-01-28 19:00:00,13723.0
2013-01-28 20:00:00,11964.0
2013-01-28 21:00:00,10913.0
2013-01-28 22:00:00,8319.0
2013-01-28 23:00:00,4432.0
2013-01-29 00:00:00,4470.0
2013-01-29 01:00:00,4760.0
2013-01-29 02:00:00,4343.0
2013-01-29 03:00:00,4331.0
2013-01-29 04:00:00,4393.0
2013-01-29 05:00:00,4685.0
2013-01-29 06:00:00,5306.0
2013-01-29 07:00:00,10053.0
2013-01-29 08:00:00,11331.0
2013-01-29 09:00:00,13547.0
2013-01-29 10:00:00,13736.0
2013-01-29 11:00:00,14622.0
2013-01-29 12:00:00,13711.0
2013-01-29 13:00:00,12951.0
2013-01-29 14:00:00,13205.0
2013-01-29 15:00:00,13103.0
2013-01-29 16:00:00,13647.0
2013-01-29 17:00:00,12977.0
2013-01-29 18:00:00,13395.0
2013-01-29 19:00:00,13698.0
2013-01-29 20:00:00,12673.0
2013-01-29 21:00:00,10736.0
2013-01-29 22:00:00,8091.0
2013-01-29 23:00:00,4596.0
2013-01-30 00:00:00,4609.0
2013-01-30 01:00:00,4660.0
2013-01-30 02:00:00,4546.0
2013-01-30 03:00:00,4293.0
2013-01-30 04:00:00,4432.0
2013-01-30 05:00:00,4723.0
2013-01-30 06:00:00,5268.0
2013-01-30 07:00:00,10471.0
2013-01-30 08:00:00,10179.0
2013-01-30 09:00:00,12496.0
2013-01-30 10:00:00,15330.0
2013-01-30 11:00:00,14497.0
2013-01-30 12:00:00,13356.0
2013-01-30 13:00:00,13495.0
2013-01-30 14:00:00,13457.0
2013-01-30 15:00:00,12507.0
2013-01-30 16:00:00,12977.0
2013-01-30 17:00:00,13116.0
2013-01-30 18:00:00,13180.0
2013-01-30 19:00:00,14015.0
2013-01-30 20:00:00,12395.0
2013-01-30 21:00:00,11445.0
2013-01-30 22:00:00,8496.0
2013-01-30 23:00:00,4685.0
2013-01-31 00:00:00,4736.0
2013-01-31 01:00:00,4888.0
2013-01-31 02:00:00,4546.0
2013-01-31 03:00:00,4406.0
2013-01-31 04:00:00,4547.0
2013-01-31 05:00:00,4735.0
2013-01-31 06:00:00,5305.0
2013-01-31 07:00:00,10787.0
2013-01-31 08:00:00,11103.0
2013-01-31 09:00:00,13256.0
2013-01-31 10:00:00,14256.0
2013-01-31 11:00:00,13926.0
2013-01-31 12:00:00,14458.0
2013-01-31 13:00:00,14103.0
2013-01-31 14:00:00,13660.0
2013-01-31 15:00:00,13825.0
2013-01-31 16:00:00,14243.0
2013-01-31 17:00:00,14053.0
2013-01-31 18:00:00,14369.0
2013-01-31 19:00:00,15243.0
2013-01-31 20:00:00,13066.0
2013-01-31 21:00:00,11559.0
2013-01-31 22:00:00,8775.0
2013-01-31 23:00:00,4824.0
2013-02-01 00:00:00,4913.0
2013-02-01 01:00:00,5230.0
2013-02-01 02:00:00,4787.0
2013-02-01 03:00:00,4495.0
2013-02-01 04:00:00,4672.0
2013-02-01 05:00:00,4951.0
2013-02-01 06:00:00,5446.0
2013-02-01 07:00:00,10774.0
2013-02-01 08:00:00,10521.0
2013-02-01 09:00:00,13648.0
2013-02-01 10:00:00,14242.0
2013-02-01 11:00:00,14585.0
2013-02-01 12:00:00,15166.0
2013-02-01 13:00:00,15268.0
2013-02-01 14:00:00,14698.0
2013-02-01 15:00:00,14267.0
2013-02-01 16:00:00,14458.0
2013-02-01 17:00:00,14369.0
2013-02-01 18:00:00,13686.0
2013-02-01 19:00:00,15256.0
2013-02-01 20:00:00,13522.0
2013-02-01 21:00:00,12432.0
2013-02-01 22:00:00,9635.0
2013-02-01 23:00:00,5433.0
2013-02-02 00:00:00,4977.0
2013-02-02 01:00:00,5153.0
2013-02-02 02:00:00,4900.0
2013-02-02 03:00:00,4659.0
2013-02-02 04:00:00,4786.0
2013-02-02 05:00:00,4825.0
2013-02-02 06:00:00,5736.0
2013-02-02 07:00:00,10900.0
2013-02-02 08:00:00,11357.0
2013-02-02 09:00:00,13749.0
2013-02-02 10:00:00,14762.0
2013-02-02 11:00:00,13850.0
2013-02-02 12:00:00,14040.0
2013-02-02 13:00:00,13458.0
2013-02-02 14:00:00,13293.0
2013-02-02 15:00:00,14268.0
2013-02-02 16:00:00,13685.0
2013-02-02 17:00:00,14103.0
2013-02-02 18:00:00,14457.0
2013-02-02 19:00:00,14787.0
2013-02-02 20:00:00,12977.0
2013-02-02 21:00:00,11686.0
2013-02-02 22:00:00,7989.0
2013-02-02 23:00:00,4775.0
2013-02-03 00:00:00,4623.0
2013-02-03 01:00:00,4749.0
2013-02-03 02:00:00,4546.0
2013-02-03 03:00:00,4305.0
2013-02-03 04:00:00,4230.0
2013-02-03 05:00:00,4444.0
2013-02-03 06:00:00,5533.0
2013-02-03 07:00:00,10559.0
2013-02-03 08:00:00,10165.0
2013-02-03 09:00:00,13977.0
2013-02-03 10:00:00,14141.0
2013-02-03 11:00:00,13408.0
2013-02-03 12:00:00,12711.0
2013-02-03 13:00:00,12471.0
2013-02-03 14:00:00,13115.0
2013-02-03 15:00:00,13648.0
2013-02-03 16:00:00,13269.0
2013-02-03 17:00:00,12648.0
2013-02-03 18:00:00,12750.0
2013-02-03 19:00:00,13723.0
2013-02-03 20:00:00,12381.0
2013-02-03 21:00:00,11192.0
2013-02-03 22:00:00,7977.0
2013-02-03 23:00:00,4432.0
2013-02-04 00:00:00,4470.0
2013-02-04 01:00:00,4686.0
2013-02-04 02:00:00,4419.0
2013-02-04 03:00:00,4129.0
2013-02-04 04:00:00,4344.0
2013-02-04 05:00:00,4584.0
2013-02-04 06:00:00,5382.0
2013-02-04 07:00:00,10268.0
2013-02-04 08:00:00,10660.0
2013-02-04 09:00:00,12660.0
2013-02-04 10:00:00,13547.0
2013-02-04 11:00:00,14723.0
2013-02-04 12:00:00,14242.0
2013-02-04 13:00:00,13129.0
2013-02-04 14:00:00,14242.0
2013-02-04 15:00:00,12826.0
2013-02-04 16:00:00,12875.0
2013-02-04 17:00:00,12559.0
2013-02-04 18:00:00,13242.0
2013-02-04 19:00:00,13875.0
2013-02-04 20:00:00,13001.0
2013-02-04 21:00:00,11242.0
2013-02-04 22:00:00,9484.0
2013-02-04 23:00:00,6205.0
2013-02-05 00:00:00,4697.0
2013-02-05 01:00:00,4597.0
2013-02-05 02:00:00,4420.0
2013-02-05 03:00:00,4230.0
2013-02-05 04:00:00,4420.0
2013-02-05 05:00:00,4698.0
2013-02-05 06:00:00,5369.0
2013-02-05 07:00:00,10724.0
2013-02-05 08:00:00,11268.0
2013-02-05 09:00:00,13445.0
2013-02-05 10:00:00,13244.0
2013-02-05 11:00:00,14305.0
2013-02-05 12:00:00,14230.0
2013-02-05 13:00:00,13357.0
2013-02-05 14:00:00,13382.0
2013-02-05 15:00:00,13433.0
2013-02-05 16:00:00,13318.0
2013-02-05 17:00:00,13736.0
2013-02-05 18:00:00,13711.0
2013-02-05 19:00:00,14369.0
2013-02-05 20:00:00,12787.0
2013-02-05 21:00:00,11028.0
2013-02-05 22:00:00,9446.0
2013-02-05 23:00:00,4469.0
2013-02-06 00:00:00,4444.0
2013-02-06 01:00:00,4572.0
2013-02-06 02:00:00,4305.0
2013-02-06 03:00:00,4001.0
2013-02-06 04:00:00,4141.0
2013-02-06 05:00:00,4406.0
2013-02-06 06:00:00,5205.0
2013-02-06 07:00:00,10407.0
2013-02-06 08:00:00,10027.0
2013-02-06 09:00:00,13318.0
2013-02-06 10:00:00,13698.0
2013-02-06 11:00:00,13964.0
2013-02-06 12:00:00,14432.0
2013-02-06 13:00:00,13774.0
2013-02-06 14:00:00,13874.0
2013-02-06 15:00:00,12976.0
2013-02-06 16:00:00,13217.0
2013-02-06 17:00:00,13027.0
2013-02-06 18:00:00,13458.0
2013-02-06 19:00:00,14204.0
2013-02-06 20:00:00,11951.0
2013-02-06 21:00:00,10799.0
2013-02-06 22:00:00,8685.0
2013-02-06 23:00:00,4824.0
2013-02-07 00:00:00,4585.0
2013-02-07 01:00:00,4697.0
2013-02-07 02:00:00,4254.0
2013-02-07 03:00:00,3951.0
2013-02-07 04:00:00,4052.0
2013-02-07 05:00:00,4331.0
2013-02-07 06:00:00,5128.0
2013-02-07 07:00:00,9800.0
2013-02-07 08:00:00,10268.0
2013-02-07 09:00:00,13459.0
2013-02-07 10:00:00,13572.0
2013-02-07 11:00:00,14052.0
2013-02-07 12:00:00,13408.0
2013-02-07 13:00:00,12838.0
2013-02-07 14:00:00,13115.0
2013-02-07 15:00:00,12558.0
2013-02-07 16:00:00,12470.0
2013-02-07 17:00:00,12710.0
2013-02-07 18:00:00,13053.0
2013-02-07 19:00:00,13900.0
2013-02-07 20:00:00,12674.0
2013-02-07 21:00:00,11066.0
2013-02-07 22:00:00,8267.0
2013-02-07 23:00:00,4306.0
2013-02-08 00:00:00,4406.0
2013-02-08 01:00:00,4508.0
2013-02-08 02:00:00,4178.0
2013-02-08 03:00:00,4040.0
2013-02-08 04:00:00,4091.0
2013-02-08 05:00:00,4292.0
2013-02-08 06:00:00,5293.0
2013-02-08 07:00:00,10052.0
2013-02-08 08:00:00,11230.0
2013-02-08 09:00:00,13420.0
2013-02-08 10:00:00,14268.0
2013-02-08 11:00:00,14180.0
2013-02-08 12:00:00,14432.0
2013-02-08 13:00:00,13280.0
2013-02-08 14:00:00,13142.0
2013-02-08 15:00:00,13356.0
2013-02-08 16:00:00,13572.0
2013-02-08 17:00:00,13002.0
2013-02-08 18:00:00,13534.0
2013-02-08 19:00:00,13710.0
2013-02-08 20:00:00,11799.0
2013-02-08 21:00:00,10787.0
2013-02-08 22:00:00,8495.0
2013-02-08 23:00:00,4851.0
2013-02-09 00:00:00,4610.0
2013-02-09 01:00:00,4837.0
2013-02-09 02:00:00,4420.0
2013-02-09 03:00:00,4179.0
2013-02-09 04:00:00,4318.0
2013-02-09 05:00:00,4558.0
2013-02-09 06:00:00,5268.0
2013-02-09 07:00:00,10231.0
2013-02-09 08:00:00,11129.0
2013-02-09 09:00:00,14229.0
2013-02-09 10:00:00,15166.0
2013-02-09 11:00:00,13938.0
2013-02-09 12:00:00,13736.0
2013-02-09 13:00:00,15242.0
2013-02-09 14:00:00,13306.0
2013-02-09 15:00:00,13319.0
2013-02-09 16:00:00,14381.0
2013-02-09 17:00:00,13167.0
2013-02-09 18:00:00,13002.0
2013-02-09 19:00:00,13749.0
2013-02-09 20:00:00,12216.0
2013-02-09 21:00:00,10762.0
2013-02-09 22:00:00,8293.0
2013-02-09 23:00:00,4925.0
2013-02-10 00:00:00,4723.0
2013-02-10 01:00:00,4800.0
2013-02-10 02:00:00,4406.0
2013-02-10 03:00:00,4279.0
2013-02-10 04:00:00,4153.0
2013-02-10 05:00:00,4407.0
2013-02-10 06:00:00,5027.0
2013-02-10 07:00:00,10154.0
2013-02-10 08:00:00,10445.0
2013-02-10 09:00:00,12571.0
2013-02-10 10:00:00,13738.0
2013-02-10 11:00:00,13357.0
2013-02-10 12:00:00,13597.0
2013-02-10 13:00:00,12508.0
2013-02-10 14:00:00,13154.0
2013-02-10 15:00:00,12547.0
2013-02-10 16:00:00,13103.0
2013-02-10 17:00:00,12635.0
2013-02-10 18:00:00,12990.0
2013-02-10 19:00:00,13293.0
2013-02-10 20:00:00,11408.0
2013-02-10 21:00:00,10395.0
2013-02-10 22:00:00,7293.0
2013-02-10 23:00:00,4471.0
2013-02-11 00:00:00,4610.0
2013-02-11 01:00:00,4749.0
2013-02-11 02:00:00,4470.0
2013-02-11 03:00:00,4090.0
2013-02-11 04:00:00,4280.0
2013-02-11 05:00:00,4622.0
2013-02-11 06:00:00,5419.0
2013-02-11 07:00:00,10269.0
2013-02-11 08:00:00,11028.0
2013-02-11 09:00:00,13495.0
2013-02-11 10:00:00,13850.0
2013-02-11 11:00:00,13242.0
2013-02-11 12:00:00,14116.0
2013-02-11 13:00:00,13951.0
2013-02-11 14:00:00,12963.0
2013-02-11 15:00:00,12698.0
2013-02-11 16:00:00,12952.0
2013-02-11 17:00:00,13685.0
2013-02-11 18:00:00,14065.0
2013-02-11 19:00:00,14216.0
2013-02-11 20:00:00,12369.0
2013-02-11 21:00:00,10710.0
2013-02-11 22:00:00,8002.0
2013-02-11 23:00:00,4456.0
2013-02-12 00:00:00,4533.0
2013-02-12 01:00:00,4583.0
2013-02-12 02:00:00,4267.0
2013-02-12 03:00:00,4115.0
2013-02-12 04:00:00,4305.0
2013-02-12 05:00:00,4661.0
2013-02-12 06:00:00,5204.0
2013-02-12 07:00:00,10483.0
2013-02-12 08:00:00,10597.0
2013-02-12 09:00:00,13065.0
2013-02-12 10:00:00,13179.0
2013-02-12 11:00:00,14483.0
2013-02-12 12:00:00,13218.0
2013-02-12 13:00:00,13256.0
2013-02-12 14:00:00,13306.0
2013-02-12 15:00:00,13066.0
2013-02-12 16:00:00,14205.0
2013-02-12 17:00:00,13357.0
2013-02-12 18:00:00,12824.0
2013-02-12 19:00:00,14268.0
2013-02-12 20:00:00,12065.0
2013-02-12 21:00:00,10900.0
2013-02-12 22:00:00,8710.0
2013-02-12 23:00:00,4533.0
2013-02-13 00:00:00,4609.0
2013-02-13 01:00:00,4862.0
2013-02-13 02:00:00,4596.0
2013-02-13 03:00:00,4395.0
2013-02-13 04:00:00,4432.0
2013-02-13 05:00:00,4735.0
2013-02-13 06:00:00,5446.0
2013-02-13 07:00:00,10242.0
2013-02-13 08:00:00,10115.0
2013-02-13 09:00:00,13153.0
2013-02-13 10:00:00,14888.0
2013-02-13 11:00:00,14028.0
2013-02-13 12:00:00,14306.0
2013-02-13 13:00:00,13913.0
2013-02-13 14:00:00,13775.0
2013-02-13 15:00:00,13040.0
2013-02-13 16:00:00,13129.0
2013-02-13 17:00:00,13939.0
2013-02-13 18:00:00,13876.0
2013-02-13 19:00:00,13951.0
2013-02-13 20:00:00,12420.0
2013-02-13 21:00:00,11748.0
2013-02-13 22:00:00,9851.0
2013-02-13 23:00:00,5382.0
2013-02-14 00:00:00,4900.0
2013-02-14 01:00:00,5218.0
2013-02-14 02:00:00,4976.0
2013-02-14 03:00:00,4648.0
2013-02-14 04:00:00,4749.0
2013-02-14 05:00:00,4914.0
2013-02-14 06:00:00,5522.0
2013-02-14 07:00:00,10774.0
2013-02-14 08:00:00,10825.0
2013-02-14 09:00:00,12850.0
2013-02-14 10:00:00,14483.0
2013-02-14 11:00:00,14710.0
2013-02-14 12:00:00,14040.0
2013-02-14 13:00:00,12939.0
2013-02-14 14:00:00,14027.0
2013-02-14 15:00:00,12989.0
2013-02-14 16:00:00,13471.0
2013-02-14 17:00:00,13027.0
2013-02-14 18:00:00,13825.0
2013-02-14 19:00:00,14356.0
2013-02-14 20:00:00,13129.0
2013-02-14 21:00:00,11813.0
2013-02-14 22:00:00,9673.0
2013-02-14 23:00:00,6926.0
2013-02-15 00:00:00,4964.0
2013-02-15 01:00:00,5155.0
2013-02-15 02:00:00,4787.0
2013-02-15 03:00:00,4622.0
2013-02-15 04:00:00,4837.0
2013-02-15 05:00:00,5040.0
2013-02-15 06:00:00,5572.0
2013-02-15 07:00:00,10851.0
2013-02-15 08:00:00,12001.0
2013-02-15 09:00:00,12989.0
2013-02-15 10:00:00,14863.0
2013-02-15 11:00:00,15078.0
2013-02-15 12:00:00,14521.0
2013-02-15 13:00:00,14648.0
2013-02-15 14:00:00,14382.0
2013-02-15 15:00:00,14053.0
2013-02-15 16:00:00,14850.0
2013-02-15 17:00:00,14748.0
2013-02-15 18:00:00,15028.0
2013-02-15 19:00:00,15673.0
2013-02-15 20:00:00,13432.0
2013-02-15 21:00:00,12534.0
2013-02-15 22:00:00,10609.0
2013-02-15 23:00:00,8812.0
2013-02-16 00:00:00,5370.0
2013-02-16 01:00:00,5256.0
2013-02-16 02:00:00,4951.0
2013-02-16 03:00:00,4849.0
2013-02-16 04:00:00,4787.0
2013-02-16 05:00:00,5003.0
2013-02-16 06:00:00,5622.0
2013-02-16 07:00:00,10243.0
2013-02-16 08:00:00,11180.0
2013-02-16 09:00:00,12825.0
2013-02-16 10:00:00,14812.0
2013-02-16 11:00:00,14192.0
2013-02-16 12:00:00,14520.0
2013-02-16 13:00:00,14002.0
2013-02-16 14:00:00,13799.0
2013-02-16 15:00:00,14344.0
2013-02-16 16:00:00,13825.0
2013-02-16 17:00:00,14255.0
2013-02-16 18:00:00,14028.0
2013-02-16 19:00:00,14509.0
2013-02-16 20:00:00,12914.0
2013-02-16 21:00:00,11381.0
2013-02-16 22:00:00,8900.0
2013-02-16 23:00:00,5230.0
2013-02-17 00:00:00,4952.0
2013-02-17 01:00:00,5154.0
2013-02-17 02:00:00,4851.0
2013-02-17 03:00:00,4635.0
2013-02-17 04:00:00,4646.0
2013-02-17 05:00:00,5027.0
2013-02-17 06:00:00,5762.0
2013-02-17 07:00:00,10799.0
2013-02-17 08:00:00,11761.0
2013-02-17 09:00:00,13875.0
2013-02-17 10:00:00,14572.0
2013-02-17 11:00:00,13939.0
2013-02-17 12:00:00,13597.0
2013-02-17 13:00:00,13977.0
2013-02-17 14:00:00,14166.0
2013-02-17 15:00:00,12964.0
2013-02-17 16:00:00,13976.0
2013-02-17 17:00:00,13457.0
2013-02-17 18:00:00,13914.0
2013-02-17 19:00:00,14065.0
2013-02-17 20:00:00,12800.0
2013-02-17 21:00:00,11748.0
2013-02-17 22:00:00,8394.0
2013-02-17 23:00:00,5001.0
2013-02-18 00:00:00,4889.0
2013-02-18 01:00:00,5104.0
2013-02-18 02:00:00,4863.0
2013-02-18 03:00:00,4622.0
2013-02-18 04:00:00,4748.0
2013-02-18 05:00:00,5066.0
2013-02-18 06:00:00,5735.0
2013-02-18 07:00:00,10838.0
2013-02-18 08:00:00,11571.0
2013-02-18 09:00:00,13686.0
2013-02-18 10:00:00,14229.0
2013-02-18 11:00:00,14319.0
2013-02-18 12:00:00,14534.0
2013-02-18 13:00:00,13824.0
2013-02-18 14:00:00,14698.0
2013-02-18 15:00:00,14256.0
2013-02-18 16:00:00,14242.0
2013-02-18 17:00:00,14040.0
2013-02-18 18:00:00,13913.0
2013-02-18 19:00:00,14129.0
2013-02-18 20:00:00,12812.0
2013-02-18 21:00:00,11421.0
2013-02-18 22:00:00,10356.0
2013-02-18 23:00:00,7533.0
2013-02-19 00:00:00,7015.0
2013-02-19 01:00:00,6824.0
2013-02-19 02:00:00,6293.0
2013-02-19 03:00:00,5951.0
2013-02-19 04:00:00,4710.0
2013-02-19 05:00:00,5103.0
2013-02-19 06:00:00,6268.0
2013-02-19 07:00:00,11054.0
2013-02-19 08:00:00,10660.0
2013-02-19 09:00:00,13483.0
2013-02-19 10:00:00,14027.0
2013-02-19 11:00:00,14092.0
2013-02-19 12:00:00,14622.0
2013-02-19 13:00:00,14445.0
2013-02-19 14:00:00,13814.0
2013-02-19 15:00:00,13610.0
2013-02-19 16:00:00,13534.0
2013-02-19 17:00:00,13838.0
2013-02-19 18:00:00,13572.0
2013-02-19 19:00:00,13596.0
2013-02-19 20:00:00,12420.0
2013-02-19 21:00:00,11306.0
2013-02-19 22:00:00,8053.0
2013-02-19 23:00:00,4711.0
2013-02-20 00:00:00,4698.0
2013-02-20 01:00:00,4825.0
2013-02-20 02:00:00,4584.0
2013-02-20 03:00:00,4293.0
2013-02-20 04:00:00,4342.0
2013-02-20 05:00:00,4964.0
2013-02-20 06:00:00,5813.0
2013-02-20 07:00:00,10622.0
2013-02-20 08:00:00,11509.0
2013-02-20 09:00:00,12697.0
2013-02-20 10:00:00,13737.0
2013-02-20 11:00:00,14496.0
2013-02-20 12:00:00,13888.0
2013-02-20 13:00:00,13407.0
2013-02-20 14:00:00,13444.0
2013-02-20 15:00:00,12837.0
2013-02-20 16:00:00,13128.0
2013-02-20 17:00:00,13192.0
2013-02-20 18:00:00,13698.0
2013-02-20 19:00:00,14319.0
2013-02-20 20:00:00,12698.0
2013-02-20 21:00:00,11660.0
2013-02-20 22:00:00,8432.0
2013-02-20 23:00:00,4913.0
2013-02-21 00:00:00,4850.0
2013-02-21 01:00:00,5091.0
2013-02-21 02:00:00,4824.0
2013-02-21 03:00:00,4508.0
2013-02-21 04:00:00,4774.0
2013-02-21 05:00:00,5052.0
2013-02-21 06:00:00,5698.0
2013-02-21 07:00:00,10508.0
2013-02-21 08:00:00,11141.0
2013-02-21 09:00:00,13155.0
2013-02-21 10:00:00,13901.0
2013-02-21 11:00:00,14153.0
2013-02-21 12:00:00,13964.0
2013-02-21 13:00:00,13977.0
2013-02-21 14:00:00,14571.0
2013-02-21 15:00:00,13939.0
2013-02-21 16:00:00,13698.0
2013-02-21 17:00:00,14066.0
2013-02-21 18:00:00,13990.0
2013-02-21 19:00:00,14648.0
2013-02-21 20:00:00,12914.0
2013-02-21 21:00:00,11420.0
2013-02-21 22:00:00,8217.0
2013-02-21 23:00:00,4887.0
2013-02-22 00:00:00,4939.0
2013-02-22 01:00:00,5332.0
2013-02-22 02:00:00,4787.0
2013-02-22 03:00:00,4673.0
2013-02-22 04:00:00,4787.0
2013-02-22 05:00:00,5040.0
2013-02-22 06:00:00,5837.0
2013-02-22 07:00:00,10685.0
2013-02-22 08:00:00,11433.0
2013-02-22 09:00:00,12153.0
2013-02-22 10:00:00,14761.0
2013-02-22 11:00:00,14432.0
2013-02-22 12:00:00,14179.0
2013-02-22 13:00:00,14445.0
2013-02-22 14:00:00,14395.0
2013-02-22 15:00:00,14534.0
2013-02-22 16:00:00,13408.0
2013-02-22 17:00:00,14356.0
2013-02-22 18:00:00,14192.0
2013-02-22 19:00:00,14420.0
2013-02-22 20:00:00,12521.0
2013-02-22 21:00:00,11052.0
2013-02-22 22:00:00,8647.0
2013-02-22 23:00:00,4939.0
2013-02-23 00:00:00,4394.0
2013-02-23 01:00:00,4635.0
2013-02-23 02:00:00,4508.0
2013-02-23 03:00:00,4280.0
2013-02-23 04:00:00,4318.0
2013-02-23 05:00:00,4698.0
2013-02-23 06:00:00,5407.0
2013-02-23 07:00:00,10028.0
2013-02-23 08:00:00,11622.0
2013-02-23 09:00:00,13939.0
2013-02-23 10:00:00,14761.0
2013-02-23 11:00:00,15420.0
2013-02-23 12:00:00,14813.0
2013-02-23 13:00:00,15129.0
2013-02-23 14:00:00,14926.0
2013-02-23 15:00:00,13927.0
2013-02-23 16:00:00,14534.0
2013-02-23 17:00:00,14103.0
2013-02-23 18:00:00,14103.0
2013-02-23 19:00:00,15054.0
2013-02-23 20:00:00,14077.0
2013-02-23 21:00:00,11685.0
2013-02-23 22:00:00,9242.0
2013-02-23 23:00:00,5090.0
2013-02-24 00:00:00,4647.0
2013-02-24 01:00:00,4850.0
2013-02-24 02:00:00,4381.0
2013-02-24 03:00:00,4230.0
2013-02-24 04:00:00,4369.0
2013-02-24 05:00:00,4597.0
2013-02-24 06:00:00,7028.0
2013-02-24 07:00:00,10090.0
2013-02-24 08:00:00,9267.0
2013-02-24 09:00:00,12558.0
2013-02-24 10:00:00,13344.0
2013-02-24 11:00:00,13787.0
2013-02-24 12:00:00,13306.0
2013-02-24 13:00:00,13141.0
2013-02-24 14:00:00,12761.0
2013-02-24 15:00:00,12888.0
2013-02-24 16:00:00,12913.0
2013-02-24 17:00:00,12723.0
2013-02-24 18:00:00,13167.0
2013-02-24 19:00:00,14242.0
2013-02-24 20:00:00,12824.0
2013-02-24 21:00:00,11572.0
2013-02-24 22:00:00,9585.0
2013-02-24 23:00:00,4319.0
2013-02-25 00:00:00,4343.0
2013-02-25 01:00:00,4558.0
2013-02-25 02:00:00,4141.0
2013-02-25 03:00:00,4015.0
2013-02-25 04:00:00,4178.0
2013-02-25 05:00:00,4545.0
2013-02-25 06:00:00,5205.0
2013-02-25 07:00:00,9824.0
2013-02-25 08:00:00,11140.0
2013-02-25 09:00:00,12368.0
2013-02-25 10:00:00,14065.0
2013-02-25 11:00:00,14002.0
2013-02-25 12:00:00,14204.0
2013-02-25 13:00:00,13040.0
2013-02-25 14:00:00,13128.0
2013-02-25 15:00:00,13268.0
2013-02-25 16:00:00,13824.0
2013-02-25 17:00:00,13154.0
2013-02-25 18:00:00,12887.0
2013-02-25 19:00:00,13078.0
2013-02-25 20:00:00,11800.0
2013-02-25 21:00:00,10370.0
2013-02-25 22:00:00,8103.0
2013-02-25 23:00:00,4584.0
2013-02-26 00:00:00,4445.0
2013-02-26 01:00:00,4749.0
2013-02-26 02:00:00,4433.0
2013-02-26 03:00:00,4268.0
2013-02-26 04:00:00,4368.0
2013-02-26 05:00:00,4623.0
2013-02-26 06:00:00,5254.0
2013-02-26 07:00:00,10433.0
2013-02-26 08:00:00,10432.0
2013-02-26 09:00:00,12976.0
2013-02-26 10:00:00,13508.0
2013-02-26 11:00:00,13925.0
2013-02-26 12:00:00,13723.0
2013-02-26 13:00:00,13761.0
2013-02-26 14:00:00,13306.0
2013-02-26 15:00:00,13610.0
2013-02-26 16:00:00,13040.0
2013-02-26 17:00:00,13167.0
2013-02-26 18:00:00,13180.0
2013-02-26 19:00:00,14242.0
2013-02-26 20:00:00,12432.0
2013-02-26 21:00:00,10686.0
2013-02-26 22:00:00,7458.0
2013-02-26 23:00:00,4267.0
2013-02-27 00:00:00,4406.0
2013-02-27 01:00:00,4660.0
2013-02-27 02:00:00,4471.0
2013-02-27 03:00:00,4155.0
2013-02-27 04:00:00,4292.0
2013-02-27 05:00:00,4711.0
2013-02-27 06:00:00,5369.0
2013-02-27 07:00:00,10457.0
2013-02-27 08:00:00,9571.0
2013-02-27 09:00:00,12052.0
2013-02-27 10:00:00,13673.0
2013-02-27 11:00:00,14736.0
2013-02-27 12:00:00,13699.0
2013-02-27 13:00:00,13761.0
2013-02-27 14:00:00,13356.0
2013-02-27 15:00:00,13788.0
2013-02-27 16:00:00,13622.0
2013-02-27 17:00:00,12925.0
2013-02-27 18:00:00,13065.0
2013-02-27 19:00:00,14559.0
2013-02-27 20:00:00,13331.0
2013-02-27 21:00:00,11964.0
2013-02-27 22:00:00,8710.0
2013-02-27 23:00:00,4356.0
2013-02-28 00:00:00,4546.0
2013-02-28 01:00:00,4622.0
2013-02-28 02:00:00,4204.0
2013-02-28 03:00:00,4052.0
2013-02-28 04:00:00,4153.0
2013-02-28 05:00:00,4343.0
2013-02-28 06:00:00,5103.0
2013-02-28 07:00:00,9965.0
2013-02-28 08:00:00,11204.0
2013-02-28 09:00:00,12217.0
2013-02-28 10:00:00,14016.0
2013-02-28 11:00:00,14243.0
2013-02-28 12:00:00,14420.0
2013-02-28 13:00:00,13381.0
2013-02-28 14:00:00,13761.0
2013-02-28 15:00:00,13483.0
2013-02-28 16:00:00,14547.0
2013-02-28 17:00:00,14445.0
2013-02-28 18:00:00,14317.0
2013-02-28 19:00:00,14737.0
2013-02-28 20:00:00,13927.0
2013-02-28 21:00:00,11977.0
2013-02-28 22:00:00,9066.0
2013-02-28 23:00:00,4457.0
2013-03-01 00:00:00,4318.0
2013-03-01 01:00:00,4558.0
2013-03-01 02:00:00,4154.0
2013-03-01 03:00:00,3976.0
2013-03-01 04:00:00,4102.0
2013-03-01 05:00:00,4457.0
2013-03-01 06:00:00,5267.0
2013-03-01 07:00:00,9901.0
2013-03-01 08:00:00,11256.0
2013-03-01 09:00:00,12306.0
2013-03-01 10:00:00,13990.0
2013-03-01 11:00:00,14698.0
2013-03-01 12:00:00,13800.0
2013-03-01 13:00:00,13369.0
2013-03-01 14:00:00,13027.0
2013-03-01 15:00:00,12913.0
2013-03-01 16:00:00,13116.0
2013-03-01 17:00:00,12647.0
2013-03-01 18:00:00,14218.0
2013-03-01 19:00:00,14597.0
2013-03-01 20:00:00,13673.0
2013-03-01 21:00:00,11875.0
2013-03-01 22:00:00,8685.0
2013-03-01 23:00:00,4951.0
2013-03-02 00:00:00,4534.0
2013-03-02 01:00:00,4698.0
2013-03-02 02:00:00,4382.0
2013-03-02 03:00:00,4154.0
2013-03-02 04:00:00,4343.0
2013-03-02 05:00:00,4685.0
2013-03-02 06:00:00,5370.0
2013-03-02 07:00:00,10027.0
2013-03-02 08:00:00,11735.0
2013-03-02 09:00:00,13913.0
2013-03-02 10:00:00,13863.0
2013-03-02 11:00:00,14546.0
2013-03-02 12:00:00,13344.0
2013-03-02 13:00:00,13128.0
2013-03-02 14:00:00,12862.0
2013-03-02 15:00:00,13319.0
2013-03-02 16:00:00,13546.0
2013-03-02 17:00:00,12901.0
2013-03-02 18:00:00,13243.0
2013-03-02 19:00:00,13280.0
2013-03-02 20:00:00,12458.0
2013-03-02 21:00:00,11078.0
2013-03-02 22:00:00,8483.0
2013-03-02 23:00:00,5142.0
2013-03-03 00:00:00,4685.0
2013-03-03 01:00:00,4800.0
2013-03-03 02:00:00,4483.0
2013-03-03 03:00:00,4255.0
2013-03-03 04:00:00,4458.0
2013-03-03 05:00:00,4622.0
2013-03-03 06:00:00,5509.0
2013-03-03 07:00:00,10166.0
2013-03-03 08:00:00,10990.0
2013-03-03 09:00:00,12774.0
2013-03-03 10:00:00,14939.0
2013-03-03 11:00:00,14698.0
2013-03-03 12:00:00,14825.0
2013-03-03 13:00:00,14141.0
2013-03-03 14:00:00,14647.0
2013-03-03 15:00:00,15306.0
2013-03-03 16:00:00,15268.0
2013-03-03 17:00:00,14369.0
2013-03-03 18:00:00,15028.0
2013-03-03 19:00:00,15281.0
2013-03-03 20:00:00,13167.0
2013-03-03 21:00:00,11559.0
2013-03-03 22:00:00,8319.0
2013-03-03 23:00:00,4786.0
2013-03-04 00:00:00,4761.0
2013-03-04 01:00:00,4990.0
2013-03-04 02:00:00,4584.0
2013-03-04 03:00:00,4369.0
2013-03-04 04:00:00,4432.0
2013-03-04 05:00:00,4964.0
2013-03-04 06:00:00,5787.0
2013-03-04 07:00:00,10634.0
2013-03-04 08:00:00,10180.0
2013-03-04 09:00:00,12572.0
2013-03-04 10:00:00,14888.0
2013-03-04 11:00:00,14179.0
2013-03-04 12:00:00,13104.0
2013-03-04 13:00:00,14546.0
2013-03-04 14:00:00,13394.0
2013-03-04 15:00:00,14077.0
2013-03-04 16:00:00,14115.0
2013-03-04 17:00:00,13458.0
2013-03-04 18:00:00,14635.0
2013-03-04 19:00:00,15370.0
2013-03-04 20:00:00,14015.0
2013-03-04 21:00:00,12660.0
2013-03-04 22:00:00,8128.0
2013-03-04 23:00:00,4824.0
2013-03-05 00:00:00,4761.0
2013-03-05 01:00:00,5014.0
2013-03-05 02:00:00,4711.0
2013-03-05 03:00:00,4583.0
2013-03-05 04:00:00,4724.0
2013-03-05 05:00:00,5054.0
2013-03-05 06:00:00,5762.0
2013-03-05 07:00:00,10420.0
2013-03-05 08:00:00,12167.0
2013-03-05 09:00:00,14103.0
2013-03-05 10:00:00,15052.0
2013-03-05 11:00:00,14660.0
2013-03-05 12:00:00,14230.0
2013-03-05 13:00:00,14204.0
2013-03-05 14:00:00,13331.0
2013-03-05 15:00:00,13408.0
2013-03-05 16:00:00,13382.0
2013-03-05 17:00:00,13889.0
2013-03-05 18:00:00,13863.0
2013-03-05 19:00:00,14280.0
2013-03-05 20:00:00,12635.0
2013-03-05 21:00:00,11623.0
2013-03-05 22:00:00,9167.0
2013-03-05 23:00:00,4837.0
2013-03-06 00:00:00,4914.0
2013-03-06 01:00:00,5153.0
2013-03-06 02:00:00,4710.0
2013-03-06 03:00:00,4559.0
2013-03-06 04:00:00,4837.0
2013-03-06 05:00:00,5052.0
2013-03-06 06:00:00,5698.0
2013-03-06 07:00:00,10496.0
2013-03-06 08:00:00,11280.0
2013-03-06 09:00:00,14571.0
2013-03-06 10:00:00,14407.0
2013-03-06 11:00:00,15053.0
2013-03-06 12:00:00,13939.0
2013-03-06 13:00:00,14193.0
2013-03-06 14:00:00,14191.0
2013-03-06 15:00:00,13610.0
2013-03-06 16:00:00,13775.0
2013-03-06 17:00:00,13269.0
2013-03-06 18:00:00,13863.0
2013-03-06 19:00:00,14508.0
2013-03-06 20:00:00,13736.0
2013-03-06 21:00:00,11863.0
2013-03-06 22:00:00,9345.0
2013-03-06 23:00:00,4901.0
2013-03-07 00:00:00,5078.0
2013-03-07 01:00:00,5343.0
2013-03-07 02:00:00,4914.0
2013-03-07 03:00:00,4825.0
2013-03-07 04:00:00,5041.0
2013-03-07 05:00:00,5408.0
2013-03-07 06:00:00,6178.0
2013-03-07 07:00:00,11268.0
2013-03-07 08:00:00,11660.0
2013-03-07 09:00:00,14306.0
2013-03-07 10:00:00,15003.0
2013-03-07 11:00:00,15649.0
2013-03-07 12:00:00,15344.0
2013-03-07 13:00:00,14623.0
2013-03-07 14:00:00,14382.0
2013-03-07 15:00:00,13648.0
2013-03-07 16:00:00,14204.0
2013-03-07 17:00:00,13913.0
2013-03-07 18:00:00,13635.0
2013-03-07 19:00:00,13825.0
2013-03-07 20:00:00,12484.0
2013-03-07 21:00:00,11913.0
2013-03-07 22:00:00,9103.0
2013-03-07 23:00:00,4812.0
2013-03-08 00:00:00,4964.0
2013-03-08 01:00:00,5357.0
2013-03-08 02:00:00,4698.0
2013-03-08 03:00:00,4686.0
2013-03-08 04:00:00,4824.0
2013-03-08 05:00:00,5053.0
2013-03-08 06:00:00,5826.0
2013-03-08 07:00:00,10572.0
2013-03-08 08:00:00,11306.0
2013-03-08 09:00:00,13686.0
2013-03-08 10:00:00,14685.0
2013-03-08 11:00:00,14850.0
2013-03-08 12:00:00,14546.0
2013-03-08 13:00:00,14141.0
2013-03-08 14:00:00,14116.0
2013-03-08 15:00:00,13761.0
2013-03-08 16:00:00,14925.0
2013-03-08 17:00:00,14040.0
2013-03-08 18:00:00,14495.0
2013-03-08 19:00:00,14774.0
2013-03-08 20:00:00,13167.0
2013-03-08 21:00:00,11597.0
2013-03-08 22:00:00,8977.0
2013-03-08 23:00:00,5154.0
2013-03-09 00:00:00,4939.0
2013-03-09 01:00:00,5167.0
2013-03-09 02:00:00,4684.0
2013-03-09 03:00:00,4659.0
2013-03-09 04:00:00,4888.0
2013-03-09 05:00:00,5001.0
2013-03-09 06:00:00,5913.0
2013-03-09 07:00:00,10711.0
2013-03-09 08:00:00,10813.0
2013-03-09 09:00:00,14306.0
2013-03-09 10:00:00,14724.0
2013-03-09 11:00:00,14825.0
2013-03-09 12:00:00,13964.0
2013-03-09 13:00:00,14306.0
2013-03-09 14:00:00,14293.0
2013-03-09 15:00:00,13154.0
2013-03-09 16:00:00,13534.0
2013-03-09 17:00:00,14040.0
2013-03-09 18:00:00,13609.0
2013-03-09 19:00:00,14458.0
2013-03-09 20:00:00,13179.0
2013-03-09 21:00:00,11535.0
2013-03-09 22:00:00,9280.0
2013-03-09 23:00:00,5381.0
2013-03-10 00:00:00,5180.0
2013-03-10 01:00:00,5242.0
2013-03-10 02:00:00,4710.0
2013-03-10 03:00:00,4520.0
2013-03-10 04:00:00,4572.0
2013-03-10 05:00:00,4901.0
2013-03-10 06:00:00,5901.0
2013-03-10 07:00:00,10736.0
2013-03-10 08:00:00,10750.0
2013-03-10 09:00:00,12508.0
2013-03-10 10:00:00,14977.0
2013-03-10 11:00:00,14469.0
2013-03-10 12:00:00,14052.0
2013-03-10 13:00:00,13546.0
2013-03-10 14:00:00,13800.0
2013-03-10 15:00:00,12457.0
2013-03-10 16:00:00,13330.0
2013-03-10 17:00:00,13406.0
2013-03-10 18:00:00,13268.0
2013-03-10 19:00:00,13800.0
2013-03-10 20:00:00,11990.0
2013-03-10 21:00:00,11002.0
2013-03-10 22:00:00,7926.0
2013-03-10 23:00:00,4546.0
2013-03-11 00:00:00,4799.0
2013-03-11 01:00:00,4977.0
2013-03-11 02:00:00,4723.0
2013-03-11 03:00:00,4393.0
2013-03-11 04:00:00,4534.0
2013-03-11 05:00:00,4812.0
2013-03-11 06:00:00,5598.0
2013-03-11 07:00:00,10521.0
2013-03-11 08:00:00,11395.0
2013-03-11 09:00:00,12495.0
2013-03-11 10:00:00,14596.0
2013-03-11 11:00:00,14938.0
2013-03-11 12:00:00,14597.0
2013-03-11 13:00:00,13775.0
2013-03-11 14:00:00,14358.0
2013-03-11 15:00:00,13242.0
2013-03-11 16:00:00,14078.0
2013-03-11 17:00:00,14420.0
2013-03-11 18:00:00,14445.0
2013-03-11 19:00:00,15002.0
2013-03-11 20:00:00,13445.0
2013-03-11 21:00:00,11787.0
2013-03-11 22:00:00,8572.0
2013-03-11 23:00:00,4609.0
2013-03-12 00:00:00,4710.0
2013-03-12 01:00:00,5003.0
2013-03-12 02:00:00,4798.0
2013-03-12 03:00:00,4546.0
2013-03-12 04:00:00,4749.0
2013-03-12 05:00:00,4888.0
2013-03-12 06:00:00,5775.0
2013-03-12 07:00:00,10509.0
2013-03-12 08:00:00,11280.0
2013-03-12 09:00:00,12812.0
2013-03-12 10:00:00,14382.0
2013-03-12 11:00:00,14647.0
2013-03-12 12:00:00,14407.0
2013-03-12 13:00:00,13698.0
2013-03-12 14:00:00,13724.0
2013-03-12 15:00:00,13913.0
2013-03-12 16:00:00,13964.0
2013-03-12 17:00:00,12457.0
2013-03-12 18:00:00,13520.0
2013-03-12 19:00:00,13584.0
2013-03-12 20:00:00,12255.0
2013-03-12 21:00:00,11344.0
2013-03-12 22:00:00,9711.0
2013-03-12 23:00:00,5673.0
2013-03-13 00:00:00,5584.0
2013-03-13 01:00:00,5686.0
2013-03-13 02:00:00,5484.0
2013-03-13 03:00:00,5319.0
2013-03-13 04:00:00,4875.0
2013-03-13 05:00:00,4914.0
2013-03-13 06:00:00,5571.0
2013-03-13 07:00:00,10066.0
2013-03-13 08:00:00,10584.0
2013-03-13 09:00:00,12522.0
2013-03-13 10:00:00,13205.0
2013-03-13 11:00:00,14154.0
2013-03-13 12:00:00,13356.0
2013-03-13 13:00:00,13306.0
2013-03-13 14:00:00,12952.0
2013-03-13 15:00:00,13079.0
2013-03-13 16:00:00,12711.0
2013-03-13 17:00:00,12267.0
2013-03-13 18:00:00,13635.0
2013-03-13 19:00:00,14775.0
2013-03-13 20:00:00,13242.0
2013-03-13 21:00:00,11647.0
2013-03-13 22:00:00,9141.0
2013-03-13 23:00:00,4558.0
2013-03-14 00:00:00,4343.0
2013-03-14 01:00:00,4661.0
2013-03-14 02:00:00,4242.0
2013-03-14 03:00:00,4053.0
2013-03-14 04:00:00,4065.0
2013-03-14 05:00:00,4280.0
2013-03-14 06:00:00,5066.0
2013-03-14 07:00:00,9939.0
2013-03-14 08:00:00,10774.0
2013-03-14 09:00:00,12597.0
2013-03-14 10:00:00,13660.0
2013-03-14 11:00:00,14205.0
2013-03-14 12:00:00,13850.0
2013-03-14 13:00:00,12888.0
2013-03-14 14:00:00,13711.0
2013-03-14 15:00:00,13471.0
2013-03-14 16:00:00,13244.0
2013-03-14 17:00:00,12724.0
2013-03-14 18:00:00,13622.0
2013-03-14 19:00:00,14559.0
2013-03-14 20:00:00,14217.0
2013-03-14 21:00:00,12800.0
2013-03-14 22:00:00,8066.0
2013-03-14 23:00:00,4445.0
2013-03-15 00:00:00,4559.0
2013-03-15 01:00:00,4520.0
2013-03-15 02:00:00,4330.0
2013-03-15 03:00:00,4103.0
2013-03-15 04:00:00,4243.0
2013-03-15 05:00:00,4483.0
2013-03-15 06:00:00,5142.0
2013-03-15 07:00:00,10078.0
2013-03-15 08:00:00,10521.0
2013-03-15 09:00:00,12217.0
2013-03-15 10:00:00,13559.0
2013-03-15 11:00:00,14775.0
2013-03-15 12:00:00,13585.0
2013-03-15 13:00:00,13470.0
2013-03-15 14:00:00,13698.0
2013-03-15 15:00:00,13091.0
2013-03-15 16:00:00,13660.0
2013-03-15 17:00:00,13344.0
2013-03-15 18:00:00,14572.0
2013-03-15 19:00:00,14901.0
2013-03-15 20:00:00,13849.0
2013-03-15 21:00:00,11976.0
2013-03-15 22:00:00,8610.0
2013-03-15 23:00:00,4875.0
2013-03-16 00:00:00,4673.0
2013-03-16 01:00:00,4723.0
2013-03-16 02:00:00,4382.0
2013-03-16 03:00:00,4229.0
2013-03-16 04:00:00,4356.0
2013-03-16 05:00:00,4723.0
2013-03-16 06:00:00,5256.0
2013-03-16 07:00:00,10533.0
2013-03-16 08:00:00,11078.0
2013-03-16 09:00:00,13394.0
2013-03-16 10:00:00,14015.0
2013-03-16 11:00:00,14597.0
2013-03-16 12:00:00,14230.0
2013-03-16 13:00:00,13901.0
2013-03-16 14:00:00,14294.0
2013-03-16 15:00:00,13319.0
2013-03-16 16:00:00,14622.0
2013-03-16 17:00:00,14053.0
2013-03-16 18:00:00,14040.0
2013-03-16 19:00:00,14014.0
2013-03-16 20:00:00,12559.0
2013-03-16 21:00:00,11408.0
2013-03-16 22:00:00,9344.0
2013-03-16 23:00:00,5192.0
2013-03-17 00:00:00,4938.0
2013-03-17 01:00:00,4926.0
2013-03-17 02:00:00,4672.0
2013-03-17 03:00:00,4571.0
2013-03-17 04:00:00,4648.0
2013-03-17 05:00:00,4913.0
2013-03-17 06:00:00,5610.0
2013-03-17 07:00:00,10775.0
2013-03-17 08:00:00,11471.0
2013-03-17 09:00:00,14141.0
2013-03-17 10:00:00,14964.0
2013-03-17 11:00:00,14242.0
2013-03-17 12:00:00,13889.0
2013-03-17 13:00:00,13192.0
2013-03-17 14:00:00,13762.0
2013-03-17 15:00:00,14016.0
2013-03-17 16:00:00,15533.0
2013-03-17 17:00:00,15217.0
2013-03-17 18:00:00,14850.0
2013-03-17 19:00:00,15597.0
2013-03-17 20:00:00,13305.0
2013-03-17 21:00:00,12104.0
2013-03-17 22:00:00,9204.0
2013-03-17 23:00:00,4509.0
2013-03-18 00:00:00,4318.0
2013-03-18 01:00:00,4622.0
2013-03-18 02:00:00,4355.0
2013-03-18 03:00:00,3963.0
2013-03-18 04:00:00,4065.0
2013-03-18 05:00:00,4281.0
2013-03-18 06:00:00,5180.0
2013-03-18 07:00:00,10952.0
2013-03-18 08:00:00,10281.0
2013-03-18 09:00:00,12913.0
2013-03-18 10:00:00,13761.0
2013-03-18 11:00:00,14154.0
2013-03-18 12:00:00,13470.0
2013-03-18 13:00:00,13609.0
2013-03-18 14:00:00,12850.0
2013-03-18 15:00:00,13014.0
2013-03-18 16:00:00,13850.0
2013-03-18 17:00:00,13356.0
2013-03-18 18:00:00,13293.0
2013-03-18 19:00:00,13635.0
2013-03-18 20:00:00,12686.0
2013-03-18 21:00:00,11293.0
2013-03-18 22:00:00,9483.0
2013-03-18 23:00:00,6787.0
2013-03-19 00:00:00,6408.0
2013-03-19 01:00:00,6407.0
2013-03-19 02:00:00,5623.0
2013-03-19 03:00:00,4256.0
2013-03-19 04:00:00,4495.0
2013-03-19 05:00:00,4686.0
2013-03-19 06:00:00,5343.0
2013-03-19 07:00:00,10407.0
2013-03-19 08:00:00,11533.0
2013-03-19 09:00:00,13166.0
2013-03-19 10:00:00,14066.0
2013-03-19 11:00:00,14533.0
2013-03-19 12:00:00,13838.0
2013-03-19 13:00:00,13977.0
2013-03-19 14:00:00,13761.0
2013-03-19 15:00:00,14292.0
2013-03-19 16:00:00,14028.0
2013-03-19 17:00:00,13774.0
2013-03-19 18:00:00,13711.0
2013-03-19 19:00:00,13685.0
2013-03-19 20:00:00,12381.0
2013-03-19 21:00:00,10825.0
2013-03-19 22:00:00,8369.0
2013-03-19 23:00:00,4318.0
2013-03-20 00:00:00,4255.0
2013-03-20 01:00:00,4647.0
2013-03-20 02:00:00,4179.0
2013-03-20 03:00:00,4116.0
2013-03-20 04:00:00,4165.0
2013-03-20 05:00:00,4419.0
2013-03-20 06:00:00,5142.0
2013-03-20 07:00:00,10876.0
2013-03-20 08:00:00,10773.0
2013-03-20 09:00:00,13064.0
2013-03-20 10:00:00,15103.0
2013-03-20 11:00:00,13977.0
2013-03-20 12:00:00,14167.0
2013-03-20 13:00:00,13787.0
2013-03-20 14:00:00,13546.0
2013-03-20 15:00:00,13066.0
2013-03-20 16:00:00,13445.0
2013-03-20 17:00:00,13230.0
2013-03-20 18:00:00,13446.0
2013-03-20 19:00:00,13887.0
2013-03-20 20:00:00,13407.0
2013-03-20 21:00:00,11395.0
2013-03-20 22:00:00,8115.0
2013-03-20 23:00:00,4546.0
2013-03-21 00:00:00,4520.0
2013-03-21 01:00:00,4736.0
2013-03-21 02:00:00,4520.0
2013-03-21 03:00:00,4406.0
2013-03-21 04:00:00,4356.0
2013-03-21 05:00:00,4697.0
2013-03-21 06:00:00,5268.0
2013-03-21 07:00:00,10381.0
2013-03-21 08:00:00,11458.0
2013-03-21 09:00:00,13496.0
2013-03-21 10:00:00,14357.0
2013-03-21 11:00:00,14736.0
2013-03-21 12:00:00,14002.0
2013-03-21 13:00:00,13888.0
2013-03-21 14:00:00,13990.0
2013-03-21 15:00:00,14090.0
2013-03-21 16:00:00,14230.0
2013-03-21 17:00:00,13509.0
2013-03-21 18:00:00,14293.0
2013-03-21 19:00:00,14167.0
2013-03-21 20:00:00,13142.0
2013-03-21 21:00:00,11433.0
2013-03-21 22:00:00,8800.0
2013-03-21 23:00:00,4471.0
2013-03-22 00:00:00,4559.0
2013-03-22 01:00:00,4737.0
2013-03-22 02:00:00,4445.0
2013-03-22 03:00:00,4178.0
2013-03-22 04:00:00,4356.0
2013-03-22 05:00:00,4623.0
2013-03-22 06:00:00,5306.0
2013-03-22 07:00:00,10458.0
2013-03-22 08:00:00,11432.0
2013-03-22 09:00:00,13825.0
2013-03-22 10:00:00,14280.0
2013-03-22 11:00:00,14154.0
2013-03-22 12:00:00,14546.0
2013-03-22 13:00:00,14204.0
2013-03-22 14:00:00,14079.0
2013-03-22 15:00:00,13812.0
2013-03-22 16:00:00,13813.0
2013-03-22 17:00:00,13014.0
2013-03-22 18:00:00,13951.0
2013-03-22 19:00:00,14192.0
2013-03-22 20:00:00,13001.0
2013-03-22 21:00:00,11356.0
2013-03-22 22:00:00,9382.0
2013-03-22 23:00:00,4913.0
2013-03-23 00:00:00,4851.0
2013-03-23 01:00:00,4786.0
2013-03-23 02:00:00,4508.0
2013-03-23 03:00:00,4217.0
2013-03-23 04:00:00,4331.0
2013-03-23 05:00:00,4622.0
2013-03-23 06:00:00,5470.0
2013-03-23 07:00:00,10319.0
2013-03-23 08:00:00,11193.0
2013-03-23 09:00:00,12800.0
2013-03-23 10:00:00,15180.0
2013-03-23 11:00:00,15230.0
2013-03-23 12:00:00,14433.0
2013-03-23 13:00:00,14001.0
2013-03-23 14:00:00,14432.0
2013-03-23 15:00:00,14192.0
2013-03-23 16:00:00,14609.0
2013-03-23 17:00:00,13522.0
2013-03-23 18:00:00,13863.0
2013-03-23 19:00:00,13989.0
2013-03-23 20:00:00,12280.0
2013-03-23 21:00:00,11381.0
2013-03-23 22:00:00,8331.0
2013-03-23 23:00:00,4774.0
2013-03-24 00:00:00,4559.0
2013-03-24 01:00:00,4584.0
2013-03-24 02:00:00,4204.0
2013-03-24 03:00:00,4217.0
2013-03-24 04:00:00,4280.0
2013-03-24 05:00:00,4419.0
2013-03-24 06:00:00,5483.0
2013-03-24 07:00:00,10344.0
2013-03-24 08:00:00,10964.0
2013-03-24 09:00:00,13369.0
2013-03-24 10:00:00,14116.0
2013-03-24 11:00:00,14331.0
2013-03-24 12:00:00,13546.0
2013-03-24 13:00:00,14053.0
2013-03-24 14:00:00,13825.0
2013-03-24 15:00:00,12672.0
2013-03-24 16:00:00,12673.0
2013-03-24 17:00:00,13711.0
2013-03-24 18:00:00,12876.0
2013-03-24 19:00:00,13901.0
2013-03-24 20:00:00,12243.0
2013-03-24 21:00:00,10990.0
2013-03-24 22:00:00,8748.0
2013-03-24 23:00:00,4458.0
2013-03-25 00:00:00,4420.0
2013-03-25 01:00:00,4761.0
2013-03-25 02:00:00,4470.0
2013-03-25 03:00:00,4217.0
2013-03-25 04:00:00,4445.0
2013-03-25 05:00:00,4774.0
2013-03-25 06:00:00,5622.0
2013-03-25 07:00:00,10761.0
2013-03-25 08:00:00,11432.0
2013-03-25 09:00:00,13964.0
2013-03-25 10:00:00,14939.0
2013-03-25 11:00:00,14508.0
2013-03-25 12:00:00,14382.0
2013-03-25 13:00:00,15027.0
2013-03-25 14:00:00,14369.0
2013-03-25 15:00:00,13268.0
2013-03-25 16:00:00,13623.0
2013-03-25 17:00:00,14001.0
2013-03-25 18:00:00,14521.0
2013-03-25 19:00:00,15040.0
2013-03-25 20:00:00,12875.0
2013-03-25 21:00:00,11534.0
2013-03-25 22:00:00,8534.0
2013-03-25 23:00:00,4647.0
2013-03-26 00:00:00,4622.0
2013-03-26 01:00:00,4964.0
2013-03-26 02:00:00,4686.0
2013-03-26 03:00:00,4545.0
2013-03-26 04:00:00,4673.0
2013-03-26 05:00:00,4951.0
2013-03-26 06:00:00,5850.0
2013-03-26 07:00:00,10407.0
2013-03-26 08:00:00,11229.0
2013-03-26 09:00:00,14609.0
2013-03-26 10:00:00,14218.0
2013-03-26 11:00:00,14482.0
2013-03-26 12:00:00,15192.0
2013-03-26 13:00:00,14660.0
2013-03-26 14:00:00,14179.0
2013-03-26 15:00:00,13888.0
2013-03-26 16:00:00,14761.0
2013-03-26 17:00:00,13762.0
2013-03-26 18:00:00,13875.0
2013-03-26 19:00:00,14545.0
2013-03-26 20:00:00,13065.0
2013-03-26 21:00:00,11774.0
2013-03-26 22:00:00,8762.0
2013-03-26 23:00:00,4597.0
2013-03-27 00:00:00,4622.0
2013-03-27 01:00:00,4888.0
2013-03-27 02:00:00,4749.0
2013-03-27 03:00:00,4533.0
2013-03-27 04:00:00,4660.0
2013-03-27 05:00:00,4863.0
2013-03-27 06:00:00,5686.0
2013-03-27 07:00:00,10484.0
2013-03-27 08:00:00,11774.0
2013-03-27 09:00:00,13647.0
2013-03-27 10:00:00,15254.0
2013-03-27 11:00:00,15028.0
2013-03-27 12:00:00,14888.0
2013-03-27 13:00:00,14914.0
2013-03-27 14:00:00,14091.0
2013-03-27 15:00:00,13812.0
2013-03-27 16:00:00,14483.0
2013-03-27 17:00:00,14116.0
2013-03-27 18:00:00,14230.0
2013-03-27 19:00:00,15065.0
2013-03-27 20:00:00,13433.0
2013-03-27 21:00:00,11698.0
2013-03-27 22:00:00,9584.0
2013-03-27 23:00:00,5483.0
2013-03-28 00:00:00,4774.0
2013-03-28 01:00:00,5141.0
2013-03-28 02:00:00,4685.0
2013-03-28 03:00:00,4470.0
2013-03-28 04:00:00,4774.0
2013-03-28 05:00:00,4901.0
2013-03-28 06:00:00,5458.0
2013-03-28 07:00:00,10585.0
2013-03-28 08:00:00,12141.0
2013-03-28 09:00:00,15521.0
2013-03-28 10:00:00,15230.0
2013-03-28 11:00:00,15634.0
2013-03-28 12:00:00,14660.0
2013-03-28 13:00:00,14255.0
2013-03-28 14:00:00,14356.0
2013-03-28 15:00:00,14318.0
2013-03-28 16:00:00,15052.0
2013-03-28 17:00:00,15686.0
2013-03-28 18:00:00,15306.0
2013-03-28 19:00:00,15471.0
2013-03-28 20:00:00,13800.0
2013-03-28 21:00:00,12458.0
2013-03-28 22:00:00,9800.0
2013-03-28 23:00:00,4888.0
2013-03-29 00:00:00,4888.0
2013-03-29 01:00:00,5204.0
2013-03-29 02:00:00,4736.0
2013-03-29 03:00:00,4584.0
2013-03-29 04:00:00,4799.0
2013-03-29 05:00:00,4964.0
2013-03-29 06:00:00,5850.0
2013-03-29 07:00:00,11090.0
2013-03-29 08:00:00,12078.0
2013-03-29 09:00:00,13938.0
2013-03-29 10:00:00,14699.0
2013-03-29 11:00:00,15534.0
2013-03-29 12:00:00,14660.0
2013-03-29 13:00:00,14698.0
2013-03-29 14:00:00,15091.0
2013-03-29 15:00:00,14192.0
2013-03-29 16:00:00,15572.0
2013-03-29 17:00:00,15103.0
2013-03-29 18:00:00,14495.0
2013-03-29 19:00:00,14926.0
2013-03-29 20:00:00,13598.0
2013-03-29 21:00:00,12343.0
2013-03-29 22:00:00,8926.0
2013-03-29 23:00:00,4926.0
2013-03-30 00:00:00,5040.0
2013-03-30 01:00:00,5508.0
2013-03-30 02:00:00,4875.0
2013-03-30 03:00:00,4736.0
2013-03-30 04:00:00,4887.0
2013-03-30 05:00:00,5027.0
2013-03-30 06:00:00,5977.0
2013-03-30 07:00:00,11559.0
2013-03-30 08:00:00,12128.0
2013-03-30 09:00:00,13750.0
2013-03-30 10:00:00,15230.0
2013-03-30 11:00:00,15408.0
2013-03-30 12:00:00,14634.0
2013-03-30 13:00:00,14787.0
2013-03-30 14:00:00,15673.0
2013-03-30 15:00:00,13838.0
2013-03-30 16:00:00,14015.0
2013-03-30 17:00:00,14229.0
2013-03-30 18:00:00,14015.0
2013-03-30 19:00:00,14712.0
2013-03-30 20:00:00,13509.0
2013-03-30 21:00:00,11496.0
2013-03-30 22:00:00,8521.0
2013-03-30 23:00:00,5331.0
2013-03-31 00:00:00,5230.0
2013-03-31 01:00:00,0.0
2013-03-31 02:00:00,5255.0
2013-03-31 03:00:00,4901.0
2013-03-31 04:00:00,4812.0
2013-03-31 05:00:00,5433.0
2013-03-31 06:00:00,8458.0
2013-03-31 07:00:00,9129.0
2013-03-31 08:00:00,11407.0
2013-03-31 09:00:00,13889.0
2013-03-31 10:00:00,14319.0
2013-03-31 11:00:00,14066.0
2013-03-31 12:00:00,14496.0
2013-03-31 13:00:00,14016.0
2013-03-31 14:00:00,13849.0
2013-03-31 15:00:00,13445.0
2013-03-31 16:00:00,13597.0
2013-03-31 17:00:00,12546.0
2013-03-31 18:00:00,12711.0
2013-03-31 19:00:00,11292.0
2013-03-31 20:00:00,5649.0
2013-03-31 21:00:00,5470.0
2013-03-31 22:00:00,4989.0
2013-03-31 23:00:00,4521.0
2013-04-01 00:00:00,4799.0
2013-04-01 01:00:00,5053.0
2013-04-01 02:00:00,4888.0
2013-04-01 03:00:00,4445.0
2013-04-01 04:00:00,4521.0
2013-04-01 05:00:00,5027.0
2013-04-01 06:00:00,7471.0
2013-04-01 07:00:00,9217.0
2013-04-01 08:00:00,11154.0
2013-04-01 09:00:00,14129.0
2013-04-01 10:00:00,15077.0
2013-04-01 11:00:00,14623.0
2013-04-01 12:00:00,13977.0
2013-04-01 13:00:00,13736.0
2013-04-01 14:00:00,13812.0
2013-04-01 15:00:00,13280.0
2013-04-01 16:00:00,13888.0
2013-04-01 17:00:00,12813.0
2013-04-01 18:00:00,14357.0
2013-04-01 19:00:00,14445.0
2013-04-01 20:00:00,12636.0
2013-04-01 21:00:00,11356.0
2013-04-01 22:00:00,8786.0
2013-04-01 23:00:00,4749.0
2013-04-02 00:00:00,4610.0
2013-04-02 01:00:00,4926.0
2013-04-02 02:00:00,4558.0
2013-04-02 03:00:00,4483.0
2013-04-02 04:00:00,4495.0
2013-04-02 05:00:00,4761.0
2013-04-02 06:00:00,5774.0
2013-04-02 07:00:00,11002.0
2013-04-02 08:00:00,11521.0
2013-04-02 09:00:00,14419.0
2013-04-02 10:00:00,14393.0
2013-04-02 11:00:00,14964.0
2013-04-02 12:00:00,14268.0
2013-04-02 13:00:00,13305.0
2013-04-02 14:00:00,13078.0
2013-04-02 15:00:00,13862.0
2013-04-02 16:00:00,13319.0
2013-04-02 17:00:00,13229.0
2013-04-02 18:00:00,13509.0
2013-04-02 19:00:00,14432.0
2013-04-02 20:00:00,13141.0
2013-04-02 21:00:00,11723.0
2013-04-02 22:00:00,8825.0
2013-04-02 23:00:00,4799.0
2013-04-03 00:00:00,4774.0
2013-04-03 01:00:00,4837.0
2013-04-03 02:00:00,4521.0
2013-04-03 03:00:00,4419.0
2013-04-03 04:00:00,4534.0
2013-04-03 05:00:00,4990.0
2013-04-03 06:00:00,5864.0
2013-04-03 07:00:00,11217.0
2013-04-03 08:00:00,11280.0
2013-04-03 09:00:00,13812.0
2013-04-03 10:00:00,14673.0
2013-04-03 11:00:00,15242.0
2013-04-03 12:00:00,13762.0
2013-04-03 13:00:00,14167.0
2013-04-03 14:00:00,13560.0
2013-04-03 15:00:00,12926.0
2013-04-03 16:00:00,13826.0
2013-04-03 17:00:00,13533.0
2013-04-03 18:00:00,13585.0
2013-04-03 19:00:00,13812.0
2013-04-03 20:00:00,12585.0
2013-04-03 21:00:00,11332.0
2013-04-03 22:00:00,8508.0
2013-04-03 23:00:00,5027.0
2013-04-04 00:00:00,5003.0
2013-04-04 01:00:00,5117.0
2013-04-04 02:00:00,4800.0
2013-04-04 03:00:00,4672.0
2013-04-04 04:00:00,4876.0
2013-04-04 05:00:00,4874.0
2013-04-04 06:00:00,5597.0
2013-04-04 07:00:00,10635.0
2013-04-04 08:00:00,11723.0
2013-04-04 09:00:00,13382.0
2013-04-04 10:00:00,14533.0
2013-04-04 11:00:00,14598.0
2013-04-04 12:00:00,14103.0
2013-04-04 13:00:00,13307.0
2013-04-04 14:00:00,13484.0
2013-04-04 15:00:00,13534.0
2013-04-04 16:00:00,13444.0
2013-04-04 17:00:00,13345.0
2013-04-04 18:00:00,13989.0
2013-04-04 19:00:00,14243.0
2013-04-04 20:00:00,12572.0
2013-04-04 21:00:00,11560.0
2013-04-04 22:00:00,9483.0
2013-04-04 23:00:00,5243.0
2013-04-05 00:00:00,5078.0
2013-04-05 01:00:00,5217.0
2013-04-05 02:00:00,4851.0
2013-04-05 03:00:00,4736.0
2013-04-05 04:00:00,5091.0
2013-04-05 05:00:00,4964.0
2013-04-05 06:00:00,5699.0
2013-04-05 07:00:00,10977.0
2013-04-05 08:00:00,11040.0
2013-04-05 09:00:00,13242.0
2013-04-05 10:00:00,13926.0
2013-04-05 11:00:00,14129.0
2013-04-05 12:00:00,14217.0
2013-04-05 13:00:00,13749.0
2013-04-05 14:00:00,13876.0
2013-04-05 15:00:00,13446.0
2013-04-05 16:00:00,13673.0
2013-04-05 17:00:00,12926.0
2013-04-05 18:00:00,14356.0
2013-04-05 19:00:00,15040.0
2013-04-05 20:00:00,13559.0
2013-04-05 21:00:00,11876.0
2013-04-05 22:00:00,9179.0
2013-04-05 23:00:00,4951.0
2013-04-06 00:00:00,4546.0
2013-04-06 01:00:00,4559.0
2013-04-06 02:00:00,4343.0
2013-04-06 03:00:00,4331.0
2013-04-06 04:00:00,4292.0
2013-04-06 05:00:00,4457.0
2013-04-06 06:00:00,5230.0
2013-04-06 07:00:00,10078.0
2013-04-06 08:00:00,10521.0
2013-04-06 09:00:00,12381.0
2013-04-06 10:00:00,13293.0
2013-04-06 11:00:00,14571.0
2013-04-06 12:00:00,12900.0
2013-04-06 13:00:00,13014.0
2013-04-06 14:00:00,13116.0
2013-04-06 15:00:00,13369.0
2013-04-06 16:00:00,13407.0
2013-04-06 17:00:00,12673.0
2013-04-06 18:00:00,13053.0
2013-04-06 19:00:00,13155.0
2013-04-06 20:00:00,11951.0
2013-04-06 21:00:00,10711.0
2013-04-06 22:00:00,7799.0
2013-04-06 23:00:00,4622.0
2013-04-07 00:00:00,4622.0
2013-04-07 01:00:00,4698.0
2013-04-07 02:00:00,4268.0
2013-04-07 03:00:00,4204.0
2013-04-07 04:00:00,4179.0
2013-04-07 05:00:00,4319.0
2013-04-07 06:00:00,5344.0
2013-04-07 07:00:00,9736.0
2013-04-07 08:00:00,10267.0
2013-04-07 09:00:00,13268.0
2013-04-07 10:00:00,13623.0
2013-04-07 11:00:00,13065.0
2013-04-07 12:00:00,13508.0
2013-04-07 13:00:00,13268.0
2013-04-07 14:00:00,12661.0
2013-04-07 15:00:00,14052.0
2013-04-07 16:00:00,13724.0
2013-04-07 17:00:00,12837.0
2013-04-07 18:00:00,13521.0
2013-04-07 19:00:00,13749.0
2013-04-07 20:00:00,12204.0
2013-04-07 21:00:00,11344.0
2013-04-07 22:00:00,7976.0
2013-04-07 23:00:00,4444.0
2013-04-08 00:00:00,4622.0
2013-04-08 01:00:00,4648.0
2013-04-08 02:00:00,4420.0
2013-04-08 03:00:00,4166.0
2013-04-08 04:00:00,4330.0
2013-04-08 05:00:00,4938.0
2013-04-08 06:00:00,5660.0
2013-04-08 07:00:00,10659.0
2013-04-08 08:00:00,11166.0
2013-04-08 09:00:00,13484.0
2013-04-08 10:00:00,14267.0
2013-04-08 11:00:00,14369.0
2013-04-08 12:00:00,13876.0
2013-04-08 13:00:00,13635.0
2013-04-08 14:00:00,14028.0
2013-04-08 15:00:00,13369.0
2013-04-08 16:00:00,13572.0
2013-04-08 17:00:00,13559.0
2013-04-08 18:00:00,13318.0
2013-04-08 19:00:00,13508.0
2013-04-08 20:00:00,12053.0
2013-04-08 21:00:00,11015.0
2013-04-08 22:00:00,8268.0
2013-04-08 23:00:00,5812.0
2013-04-09 00:00:00,5812.0
2013-04-09 01:00:00,5520.0
2013-04-09 02:00:00,4483.0
2013-04-09 03:00:00,4242.0
2013-04-09 04:00:00,4533.0
2013-04-09 05:00:00,4761.0
2013-04-09 06:00:00,5799.0
2013-04-09 07:00:00,11027.0
2013-04-09 08:00:00,10940.0
2013-04-09 09:00:00,14015.0
2013-04-09 10:00:00,14672.0
2013-04-09 11:00:00,15129.0
2013-04-09 12:00:00,14142.0
2013-04-09 13:00:00,13053.0
2013-04-09 14:00:00,13737.0
2013-04-09 15:00:00,13432.0
2013-04-09 16:00:00,13167.0
2013-04-09 17:00:00,13813.0
2013-04-09 18:00:00,13457.0
2013-04-09 19:00:00,13710.0
2013-04-09 20:00:00,12330.0
2013-04-09 21:00:00,11800.0
2013-04-09 22:00:00,9710.0
2013-04-09 23:00:00,4913.0
2013-04-10 00:00:00,4913.0
2013-04-10 01:00:00,5078.0
2013-04-10 02:00:00,4597.0
2013-04-10 03:00:00,4558.0
2013-04-10 04:00:00,4672.0
2013-04-10 05:00:00,5193.0
2013-04-10 06:00:00,5750.0
2013-04-10 07:00:00,11040.0
2013-04-10 08:00:00,11584.0
2013-04-10 09:00:00,13850.0
2013-04-10 10:00:00,14623.0
2013-04-10 11:00:00,15179.0
2013-04-10 12:00:00,14142.0
2013-04-10 13:00:00,13356.0
2013-04-10 14:00:00,14255.0
2013-04-10 15:00:00,13977.0
2013-04-10 16:00:00,14596.0
2013-04-10 17:00:00,13863.0
2013-04-10 18:00:00,13888.0
2013-04-10 19:00:00,14457.0
2013-04-10 20:00:00,13141.0
2013-04-10 21:00:00,11813.0
2013-04-10 22:00:00,9255.0
2013-04-10 23:00:00,5090.0
2013-04-11 00:00:00,4964.0
2013-04-11 01:00:00,5091.0
2013-04-11 02:00:00,4876.0
2013-04-11 03:00:00,4572.0
2013-04-11 04:00:00,4799.0
2013-04-11 05:00:00,4939.0
2013-04-11 06:00:00,5850.0
2013-04-11 07:00:00,11913.0
2013-04-11 08:00:00,10862.0
2013-04-11 09:00:00,14028.0
2013-04-11 10:00:00,15040.0
2013-04-11 11:00:00,14887.0
2013-04-11 12:00:00,14698.0
2013-04-11 13:00:00,13888.0
2013-04-11 14:00:00,13888.0
2013-04-11 15:00:00,13610.0
2013-04-11 16:00:00,13951.0
2013-04-11 17:00:00,14256.0
2013-04-11 18:00:00,13838.0
2013-04-11 19:00:00,15091.0
2013-04-11 20:00:00,13649.0
2013-04-11 21:00:00,11635.0
2013-04-11 22:00:00,8661.0
2013-04-11 23:00:00,4951.0
2013-04-12 00:00:00,4850.0
2013-04-12 01:00:00,5002.0
2013-04-12 02:00:00,4597.0
2013-04-12 03:00:00,4445.0
2013-04-12 04:00:00,4470.0
2013-04-12 05:00:00,4673.0
2013-04-12 06:00:00,5357.0
2013-04-12 07:00:00,11103.0
2013-04-12 08:00:00,10142.0
2013-04-12 09:00:00,13445.0
2013-04-12 10:00:00,14343.0
2013-04-12 11:00:00,15014.0
2013-04-12 12:00:00,13938.0
2013-04-12 13:00:00,13989.0
2013-04-12 14:00:00,13951.0
2013-04-12 15:00:00,14052.0
2013-04-12 16:00:00,13470.0
2013-04-12 17:00:00,13420.0
2013-04-12 18:00:00,13850.0
2013-04-12 19:00:00,14306.0
2013-04-12 20:00:00,12977.0
2013-04-12 21:00:00,11786.0
2013-04-12 22:00:00,8623.0
2013-04-12 23:00:00,5128.0
2013-04-13 00:00:00,4762.0
2013-04-13 01:00:00,4977.0
2013-04-13 02:00:00,4571.0
2013-04-13 03:00:00,4471.0
2013-04-13 04:00:00,4673.0
2013-04-13 05:00:00,5001.0
2013-04-13 06:00:00,5748.0
2013-04-13 07:00:00,10357.0
2013-04-13 08:00:00,11458.0
2013-04-13 09:00:00,13686.0
2013-04-13 10:00:00,14318.0
2013-04-13 11:00:00,14458.0
2013-04-13 12:00:00,14621.0
2013-04-13 13:00:00,13951.0
2013-04-13 14:00:00,14103.0
2013-04-13 15:00:00,14104.0
2013-04-13 16:00:00,14521.0
2013-04-13 17:00:00,14407.0
2013-04-13 18:00:00,14674.0
2013-04-13 19:00:00,14762.0
2013-04-13 20:00:00,13293.0
2013-04-13 21:00:00,12508.0
2013-04-13 22:00:00,10179.0
2013-04-13 23:00:00,5521.0
2013-04-14 00:00:00,5115.0
2013-04-14 01:00:00,5142.0
2013-04-14 02:00:00,4774.0
2013-04-14 03:00:00,4521.0
2013-04-14 04:00:00,4811.0
2013-04-14 05:00:00,5015.0
2013-04-14 06:00:00,5888.0
2013-04-14 07:00:00,10571.0
2013-04-14 08:00:00,11003.0
2013-04-14 09:00:00,14685.0
2013-04-14 10:00:00,13963.0
2013-04-14 11:00:00,14002.0
2013-04-14 12:00:00,14761.0
2013-04-14 13:00:00,14281.0
2013-04-14 14:00:00,14977.0
2013-04-14 15:00:00,14294.0
2013-04-14 16:00:00,15078.0
2013-04-14 17:00:00,14141.0
2013-04-14 18:00:00,14407.0
2013-04-14 19:00:00,14521.0
2013-04-14 20:00:00,13040.0
2013-04-14 21:00:00,12052.0
2013-04-14 22:00:00,9559.0
2013-04-14 23:00:00,5318.0
2013-04-15 00:00:00,5116.0
2013-04-15 01:00:00,5331.0
2013-04-15 02:00:00,4837.0
2013-04-15 03:00:00,4699.0
2013-04-15 04:00:00,4977.0
2013-04-15 05:00:00,5103.0
2013-04-15 06:00:00,5761.0
2013-04-15 07:00:00,10824.0
2013-04-15 08:00:00,11115.0
2013-04-15 09:00:00,14103.0
2013-04-15 10:00:00,15091.0
2013-04-15 11:00:00,14343.0
2013-04-15 12:00:00,13849.0
2013-04-15 13:00:00,14091.0
2013-04-15 14:00:00,15015.0
2013-04-15 15:00:00,13635.0
2013-04-15 16:00:00,14901.0
2013-04-15 17:00:00,13799.0
2013-04-15 18:00:00,14064.0
2013-04-15 19:00:00,14432.0
2013-04-15 20:00:00,13483.0
2013-04-15 21:00:00,12774.0
2013-04-15 22:00:00,10800.0
2013-04-15 23:00:00,7876.0
2013-04-16 00:00:00,7395.0
2013-04-16 01:00:00,6445.0
2013-04-16 02:00:00,5204.0
2013-04-16 03:00:00,5065.0
2013-04-16 04:00:00,5268.0
2013-04-16 05:00:00,5470.0
2013-04-16 06:00:00,6053.0
2013-04-16 07:00:00,10825.0
2013-04-16 08:00:00,11964.0
2013-04-16 09:00:00,14572.0
2013-04-16 10:00:00,14774.0
2013-04-16 11:00:00,14597.0
2013-04-16 12:00:00,15179.0
2013-04-16 13:00:00,14432.0
2013-04-16 14:00:00,15040.0
2013-04-16 15:00:00,13775.0
2013-04-16 16:00:00,14609.0
2013-04-16 17:00:00,14319.0
2013-04-16 18:00:00,14584.0
2013-04-16 19:00:00,15066.0
2013-04-16 20:00:00,13078.0
2013-04-16 21:00:00,12458.0
2013-04-16 22:00:00,9660.0
2013-04-16 23:00:00,5762.0
2013-04-17 00:00:00,5382.0
2013-04-17 01:00:00,5496.0
2013-04-17 02:00:00,5205.0
2013-04-17 03:00:00,4888.0
2013-04-17 04:00:00,5484.0
2013-04-17 05:00:00,5546.0
2013-04-17 06:00:00,6217.0
2013-04-17 07:00:00,11002.0
2013-04-17 08:00:00,12382.0
2013-04-17 09:00:00,13596.0
2013-04-17 10:00:00,14900.0
2013-04-17 11:00:00,15786.0
2013-04-17 12:00:00,14358.0
2013-04-17 13:00:00,14279.0
2013-04-17 14:00:00,14951.0
2013-04-17 15:00:00,14356.0
2013-04-17 16:00:00,14167.0
2013-04-17 17:00:00,14445.0
2013-04-17 18:00:00,15457.0
2013-04-17 19:00:00,16357.0
2013-04-17 20:00:00,13749.0
2013-04-17 21:00:00,12799.0
2013-04-17 22:00:00,10129.0
2013-04-17 23:00:00,5787.0
2013-04-18 00:00:00,5343.0
2013-04-18 01:00:00,5559.0
2013-04-18 02:00:00,5179.0
2013-04-18 03:00:00,4989.0
2013-04-18 04:00:00,5293.0
2013-04-18 05:00:00,5294.0
2013-04-18 06:00:00,6027.0
2013-04-18 07:00:00,10939.0
2013-04-18 08:00:00,11686.0
2013-04-18 09:00:00,14090.0
2013-04-18 10:00:00,14306.0
2013-04-18 11:00:00,14685.0
2013-04-18 12:00:00,14458.0
2013-04-18 13:00:00,14103.0
2013-04-18 14:00:00,14660.0
2013-04-18 15:00:00,14217.0
2013-04-18 16:00:00,15382.0
2013-04-18 17:00:00,14344.0
2013-04-18 18:00:00,14800.0
2013-04-18 19:00:00,15230.0
2013-04-18 20:00:00,13546.0
2013-04-18 21:00:00,12610.0
2013-04-18 22:00:00,9825.0
2013-04-18 23:00:00,5647.0
2013-04-19 00:00:00,5800.0
2013-04-19 01:00:00,5913.0
2013-04-19 02:00:00,5331.0
2013-04-19 03:00:00,5230.0
2013-04-19 04:00:00,5433.0
2013-04-19 05:00:00,5141.0
2013-04-19 06:00:00,5736.0
2013-04-19 07:00:00,10850.0
2013-04-19 08:00:00,11167.0
2013-04-19 09:00:00,13762.0
2013-04-19 10:00:00,13660.0
2013-04-19 11:00:00,14864.0
2013-04-19 12:00:00,14850.0
2013-04-19 13:00:00,14534.0
2013-04-19 14:00:00,13926.0
2013-04-19 15:00:00,13382.0
2013-04-19 16:00:00,14180.0
2013-04-19 17:00:00,13977.0
2013-04-19 18:00:00,13850.0
2013-04-19 19:00:00,15256.0
2013-04-19 20:00:00,13635.0
2013-04-19 21:00:00,12559.0
2013-04-19 22:00:00,9697.0
2013-04-19 23:00:00,5622.0
2013-04-20 00:00:00,5343.0
2013-04-20 01:00:00,5445.0
2013-04-20 02:00:00,4976.0
2013-04-20 03:00:00,4800.0
2013-04-20 04:00:00,5142.0
2013-04-20 05:00:00,5205.0
2013-04-20 06:00:00,5900.0
2013-04-20 07:00:00,10850.0
2013-04-20 08:00:00,11799.0
2013-04-20 09:00:00,14002.0
2013-04-20 10:00:00,16090.0
2013-04-20 11:00:00,15762.0
2013-04-20 12:00:00,15218.0
2013-04-20 13:00:00,15382.0
2013-04-20 14:00:00,14609.0
2013-04-20 15:00:00,15077.0
2013-04-20 16:00:00,14913.0
2013-04-20 17:00:00,14787.0
2013-04-20 18:00:00,14724.0
2013-04-20 19:00:00,15167.0
2013-04-20 20:00:00,13534.0
2013-04-20 21:00:00,12610.0
2013-04-20 22:00:00,10597.0
2013-04-20 23:00:00,5800.0
2013-04-21 00:00:00,5661.0
2013-04-21 01:00:00,5471.0
2013-04-21 02:00:00,5167.0
2013-04-21 03:00:00,5078.0
2013-04-21 04:00:00,5079.0
2013-04-21 05:00:00,5573.0
2013-04-21 06:00:00,6155.0
2013-04-21 07:00:00,10926.0
2013-04-21 08:00:00,11761.0
2013-04-21 09:00:00,14204.0
2013-04-21 10:00:00,14699.0
2013-04-21 11:00:00,14660.0
2013-04-21 12:00:00,14243.0
2013-04-21 13:00:00,14041.0
2013-04-21 14:00:00,14685.0
2013-04-21 15:00:00,14191.0
2013-04-21 16:00:00,14432.0
2013-04-21 17:00:00,13635.0
2013-04-21 18:00:00,14166.0
2013-04-21 19:00:00,14774.0
2013-04-21 20:00:00,12736.0
2013-04-21 21:00:00,11799.0
2013-04-21 22:00:00,10128.0
2013-04-21 23:00:00,5964.0
2013-04-22 00:00:00,5180.0
2013-04-22 01:00:00,5307.0
2013-04-22 02:00:00,4837.0
2013-04-22 03:00:00,4674.0
2013-04-22 04:00:00,4913.0
2013-04-22 05:00:00,5053.0
2013-04-22 06:00:00,5901.0
2013-04-22 07:00:00,11332.0
2013-04-22 08:00:00,10939.0
2013-04-22 09:00:00,14661.0
2013-04-22 10:00:00,15267.0
2013-04-22 11:00:00,14559.0
2013-04-22 12:00:00,14774.0
2013-04-22 13:00:00,15116.0
2013-04-22 14:00:00,14343.0
2013-04-22 15:00:00,14002.0
2013-04-22 16:00:00,15345.0
2013-04-22 17:00:00,14116.0
2013-04-22 18:00:00,14381.0
2013-04-22 19:00:00,15090.0
2013-04-22 20:00:00,13344.0
2013-04-22 21:00:00,12204.0
2013-04-22 22:00:00,9698.0
2013-04-22 23:00:00,5267.0
2013-04-23 00:00:00,5167.0
2013-04-23 01:00:00,5331.0
2013-04-23 02:00:00,4902.0
2013-04-23 03:00:00,4889.0
2013-04-23 04:00:00,4978.0
2013-04-23 05:00:00,5305.0
2013-04-23 06:00:00,6205.0
2013-04-23 07:00:00,11470.0
2013-04-23 08:00:00,11014.0
2013-04-23 09:00:00,14204.0
2013-04-23 10:00:00,14343.0
2013-04-23 11:00:00,15167.0
2013-04-23 12:00:00,14230.0
2013-04-23 13:00:00,15001.0
2013-04-23 14:00:00,14572.0
2013-04-23 15:00:00,14609.0
2013-04-23 16:00:00,14255.0
2013-04-23 17:00:00,14647.0
2013-04-23 18:00:00,14002.0
2013-04-23 19:00:00,15293.0
2013-04-23 20:00:00,14280.0
2013-04-23 21:00:00,12990.0
2013-04-23 22:00:00,10268.0
2013-04-23 23:00:00,6926.0
2013-04-24 00:00:00,6471.0
2013-04-24 01:00:00,6445.0
2013-04-24 02:00:00,5179.0
2013-04-24 03:00:00,5180.0
2013-04-24 04:00:00,5230.0
2013-04-24 05:00:00,5533.0
2013-04-24 06:00:00,7166.0
2013-04-24 07:00:00,12230.0
2013-04-24 08:00:00,11900.0
2013-04-24 09:00:00,15040.0
2013-04-24 10:00:00,16483.0
2013-04-24 11:00:00,14723.0
2013-04-24 12:00:00,14636.0
2013-04-24 13:00:00,14901.0
2013-04-24 14:00:00,14621.0
2013-04-24 15:00:00,14636.0
2013-04-24 16:00:00,14940.0
2013-04-24 17:00:00,14520.0
2013-04-24 18:00:00,14520.0
2013-04-24 19:00:00,15737.0
2013-04-24 20:00:00,14242.0
2013-04-24 21:00:00,12635.0
2013-04-24 22:00:00,9786.0
2013-04-24 23:00:00,5407.0
2013-04-25 00:00:00,5420.0
2013-04-25 01:00:00,5572.0
2013-04-25 02:00:00,5040.0
2013-04-25 03:00:00,5002.0
2013-04-25 04:00:00,5053.0
2013-04-25 05:00:00,5458.0
2013-04-25 06:00:00,6168.0
2013-04-25 07:00:00,11015.0
2013-04-25 08:00:00,12762.0
2013-04-25 09:00:00,15153.0
2013-04-25 10:00:00,16053.0
2013-04-25 11:00:00,16154.0
2013-04-25 12:00:00,14938.0
2013-04-25 13:00:00,14672.0
2013-04-25 14:00:00,14495.0
2013-04-25 15:00:00,13812.0
2013-04-25 16:00:00,14432.0
2013-04-25 17:00:00,13736.0
2013-04-25 18:00:00,14660.0
2013-04-25 19:00:00,15381.0
2013-04-25 20:00:00,13571.0
2013-04-25 21:00:00,12546.0
2013-04-25 22:00:00,9471.0
2013-04-25 23:00:00,5153.0
2013-04-26 00:00:00,5394.0
2013-04-26 01:00:00,5483.0
2013-04-26 02:00:00,4900.0
2013-04-26 03:00:00,5016.0
2013-04-26 04:00:00,4951.0
2013-04-26 05:00:00,5268.0
2013-04-26 06:00:00,6103.0
2013-04-26 07:00:00,11103.0
2013-04-26 08:00:00,11875.0
2013-04-26 09:00:00,14331.0
2013-04-26 10:00:00,15672.0
2013-04-26 11:00:00,15900.0
2013-04-26 12:00:00,15711.0
2013-04-26 13:00:00,15939.0
2013-04-26 14:00:00,15078.0
2013-04-26 15:00:00,14901.0
2013-04-26 16:00:00,15685.0
2013-04-26 17:00:00,14762.0
2013-04-26 18:00:00,15559.0
2013-04-26 19:00:00,15762.0
2013-04-26 20:00:00,14154.0
2013-04-26 21:00:00,12775.0
2013-04-26 22:00:00,10141.0
2013-04-26 23:00:00,5863.0
2013-04-27 00:00:00,5508.0
2013-04-27 01:00:00,5522.0
2013-04-27 02:00:00,5103.0
2013-04-27 03:00:00,4849.0
2013-04-27 04:00:00,4901.0
2013-04-27 05:00:00,5128.0
2013-04-27 06:00:00,5888.0
2013-04-27 07:00:00,10964.0
2013-04-27 08:00:00,12141.0
2013-04-27 09:00:00,14368.0
2013-04-27 10:00:00,14925.0
2013-04-27 11:00:00,15432.0
2013-04-27 12:00:00,15432.0
2013-04-27 13:00:00,14217.0
2013-04-27 14:00:00,14647.0
2013-04-27 15:00:00,14154.0
2013-04-27 16:00:00,14636.0
2013-04-27 17:00:00,14242.0
2013-04-27 18:00:00,15318.0
2013-04-27 19:00:00,14939.0
2013-04-27 20:00:00,13597.0
2013-04-27 21:00:00,11458.0
2013-04-27 22:00:00,9204.0
2013-04-27 23:00:00,4989.0
2013-04-28 00:00:00,4648.0
2013-04-28 01:00:00,4938.0
2013-04-28 02:00:00,4419.0
2013-04-28 03:00:00,4216.0
2013-04-28 04:00:00,4395.0
2013-04-28 05:00:00,4686.0
2013-04-28 06:00:00,5572.0
2013-04-28 07:00:00,10611.0
2013-04-28 08:00:00,10914.0
2013-04-28 09:00:00,13217.0
2013-04-28 10:00:00,14749.0
2013-04-28 11:00:00,14179.0
2013-04-28 12:00:00,13660.0
2013-04-28 13:00:00,12408.0
2013-04-28 14:00:00,12748.0
2013-04-28 15:00:00,13293.0
2013-04-28 16:00:00,13154.0
2013-04-28 17:00:00,12736.0
2013-04-28 18:00:00,12812.0
2013-04-28 19:00:00,13445.0
2013-04-28 20:00:00,12622.0
2013-04-28 21:00:00,11345.0
2013-04-28 22:00:00,9242.0
2013-04-28 23:00:00,4685.0
2013-04-29 00:00:00,4850.0
2013-04-29 01:00:00,5180.0
2013-04-29 02:00:00,4748.0
2013-04-29 03:00:00,4609.0
2013-04-29 04:00:00,4850.0
2013-04-29 05:00:00,5040.0
2013-04-29 06:00:00,5838.0
2013-04-29 07:00:00,10863.0
2013-04-29 08:00:00,11243.0
2013-04-29 09:00:00,12902.0
2013-04-29 10:00:00,14508.0
2013-04-29 11:00:00,14559.0
2013-04-29 12:00:00,13749.0
2013-04-29 13:00:00,14256.0
2013-04-29 14:00:00,13914.0
2013-04-29 15:00:00,13925.0
2013-04-29 16:00:00,13218.0
2013-04-29 17:00:00,13509.0
2013-04-29 18:00:00,14167.0
2013-04-29 19:00:00,14660.0
2013-04-29 20:00:00,12927.0
2013-04-29 21:00:00,11597.0
2013-04-29 22:00:00,9065.0
2013-04-29 23:00:00,4672.0
2013-04-30 00:00:00,4786.0
2013-04-30 01:00:00,5065.0
2013-04-30 02:00:00,4647.0
2013-04-30 03:00:00,4508.0
2013-04-30 04:00:00,4685.0
2013-04-30 05:00:00,5040.0
2013-04-30 06:00:00,5584.0
2013-04-30 07:00:00,10723.0
2013-04-30 08:00:00,11230.0
2013-04-30 09:00:00,13849.0
2013-04-30 10:00:00,14153.0
2013-04-30 11:00:00,15053.0
2013-04-30 12:00:00,14787.0
2013-04-30 13:00:00,13863.0
2013-04-30 14:00:00,13863.0
2013-04-30 15:00:00,14117.0
2013-04-30 16:00:00,13685.0
2013-04-30 17:00:00,13622.0
2013-04-30 18:00:00,13621.0
2013-04-30 19:00:00,14280.0
2013-04-30 20:00:00,12989.0
2013-04-30 21:00:00,11445.0
2013-04-30 22:00:00,9217.0
2013-04-30 23:00:00,4699.0
2013-05-01 00:00:00,4698.0
2013-05-01 01:00:00,4875.0
2013-05-01 02:00:00,4444.0
2013-05-01 03:00:00,4381.0
2013-05-01 04:00:00,4546.0
2013-05-01 05:00:00,4825.0
2013-05-01 06:00:00,5634.0
2013-05-01 07:00:00,10673.0
2013-05-01 08:00:00,10939.0
2013-05-01 09:00:00,13052.0
2013-05-01 10:00:00,14520.0
2013-05-01 11:00:00,15382.0
2013-05-01 12:00:00,15041.0
2013-05-01 13:00:00,14104.0
2013-05-01 14:00:00,14205.0
2013-05-01 15:00:00,13864.0
2013-05-01 16:00:00,14330.0
2013-05-01 17:00:00,14153.0
2013-05-01 18:00:00,14825.0
2013-05-01 19:00:00,14382.0
2013-05-01 20:00:00,12546.0
2013-05-01 21:00:00,11508.0
2013-05-01 22:00:00,8534.0
2013-05-01 23:00:00,4698.0
2013-05-02 00:00:00,4989.0
2013-05-02 01:00:00,5116.0
2013-05-02 02:00:00,4571.0
2013-05-02 03:00:00,4483.0
2013-05-02 04:00:00,4584.0
2013-05-02 05:00:00,4888.0
2013-05-02 06:00:00,5889.0
2013-05-02 07:00:00,10977.0
2013-05-02 08:00:00,11394.0
2013-05-02 09:00:00,13128.0
2013-05-02 10:00:00,13914.0
2013-05-02 11:00:00,15217.0
2013-05-02 12:00:00,14775.0
2013-05-02 13:00:00,14065.0
2013-05-02 14:00:00,13826.0
2013-05-02 15:00:00,13774.0
2013-05-02 16:00:00,14040.0
2013-05-02 17:00:00,13964.0
2013-05-02 18:00:00,14243.0
2013-05-02 19:00:00,14343.0
2013-05-02 20:00:00,12395.0
2013-05-02 21:00:00,11710.0
2013-05-02 22:00:00,9724.0
2013-05-02 23:00:00,5444.0
2013-05-03 00:00:00,4888.0
2013-05-03 01:00:00,5002.0
2013-05-03 02:00:00,4584.0
2013-05-03 03:00:00,4446.0
2013-05-03 04:00:00,4710.0
2013-05-03 05:00:00,4774.0
2013-05-03 06:00:00,5609.0
2013-05-03 07:00:00,10927.0
2013-05-03 08:00:00,11370.0
2013-05-03 09:00:00,14622.0
2013-05-03 10:00:00,14800.0
2013-05-03 11:00:00,15129.0
2013-05-03 12:00:00,14723.0
2013-05-03 13:00:00,14635.0
2013-05-03 14:00:00,15154.0
2013-05-03 15:00:00,14014.0
2013-05-03 16:00:00,14306.0
2013-05-03 17:00:00,13710.0
2013-05-03 18:00:00,14242.0
2013-05-03 19:00:00,14635.0
2013-05-03 20:00:00,13521.0
2013-05-03 21:00:00,12547.0
2013-05-03 22:00:00,10002.0
2013-05-03 23:00:00,5762.0
2013-05-04 00:00:00,5241.0
2013-05-04 01:00:00,5420.0
2013-05-04 02:00:00,5091.0
2013-05-04 03:00:00,4850.0
2013-05-04 04:00:00,4964.0
2013-05-04 05:00:00,5192.0
2013-05-04 06:00:00,5951.0
2013-05-04 07:00:00,11483.0
2013-05-04 08:00:00,11357.0
2013-05-04 09:00:00,14939.0
2013-05-04 10:00:00,15039.0
2013-05-04 11:00:00,14167.0
2013-05-04 12:00:00,15762.0
2013-05-04 13:00:00,15330.0
2013-05-04 14:00:00,14838.0
2013-05-04 15:00:00,13876.0
2013-05-04 16:00:00,14560.0
2013-05-04 17:00:00,14192.0
2013-05-04 18:00:00,15115.0
2013-05-04 19:00:00,14217.0
2013-05-04 20:00:00,12990.0
2013-05-04 21:00:00,12153.0
2013-05-04 22:00:00,10218.0
2013-05-04 23:00:00,5825.0
2013-05-05 00:00:00,5319.0
2013-05-05 01:00:00,5356.0
2013-05-05 02:00:00,4901.0
2013-05-05 03:00:00,4697.0
2013-05-05 04:00:00,4901.0
2013-05-05 05:00:00,5052.0
2013-05-05 06:00:00,5749.0
2013-05-05 07:00:00,11622.0
2013-05-05 08:00:00,12445.0
2013-05-05 09:00:00,14560.0
2013-05-05 10:00:00,15154.0
2013-05-05 11:00:00,15407.0
2013-05-05 12:00:00,15218.0
2013-05-05 13:00:00,14331.0
2013-05-05 14:00:00,14332.0
2013-05-05 15:00:00,14028.0
2013-05-05 16:00:00,14204.0
2013-05-05 17:00:00,15027.0
2013-05-05 18:00:00,14862.0
2013-05-05 19:00:00,14685.0
2013-05-05 20:00:00,13218.0
2013-05-05 21:00:00,12039.0
2013-05-05 22:00:00,9889.0
2013-05-05 23:00:00,5141.0
2013-05-06 00:00:00,5217.0
2013-05-06 01:00:00,5381.0
2013-05-06 02:00:00,5001.0
2013-05-06 03:00:00,4761.0
2013-05-06 04:00:00,4825.0
2013-05-06 05:00:00,5268.0
2013-05-06 06:00:00,6014.0
2013-05-06 07:00:00,11029.0
2013-05-06 08:00:00,11635.0
2013-05-06 09:00:00,13926.0
2013-05-06 10:00:00,14407.0
2013-05-06 11:00:00,14914.0
2013-05-06 12:00:00,14825.0
2013-05-06 13:00:00,14293.0
2013-05-06 14:00:00,14926.0
2013-05-06 15:00:00,13964.0
2013-05-06 16:00:00,13749.0
2013-05-06 17:00:00,14065.0
2013-05-06 18:00:00,14508.0
2013-05-06 19:00:00,14787.0
2013-05-06 20:00:00,12939.0
2013-05-06 21:00:00,12204.0
2013-05-06 22:00:00,9191.0
2013-05-06 23:00:00,5166.0
2013-05-07 00:00:00,5180.0
2013-05-07 01:00:00,5319.0
2013-05-07 02:00:00,4863.0
2013-05-07 03:00:00,4863.0
2013-05-07 04:00:00,4964.0
2013-05-07 05:00:00,5205.0
2013-05-07 06:00:00,8659.0
2013-05-07 07:00:00,10192.0
2013-05-07 08:00:00,10964.0
2013-05-07 09:00:00,14648.0
2013-05-07 10:00:00,14534.0
2013-05-07 11:00:00,14509.0
2013-05-07 12:00:00,15332.0
2013-05-07 13:00:00,14129.0
2013-05-07 14:00:00,14952.0
2013-05-07 15:00:00,14433.0
2013-05-07 16:00:00,13800.0
2013-05-07 17:00:00,13509.0
2013-05-07 18:00:00,14762.0
2013-05-07 19:00:00,15142.0
2013-05-07 20:00:00,13787.0
2013-05-07 21:00:00,12091.0
2013-05-07 22:00:00,9584.0
2013-05-07 23:00:00,5242.0
2013-05-08 00:00:00,5307.0
2013-05-08 01:00:00,5508.0
2013-05-08 02:00:00,5154.0
2013-05-08 03:00:00,4938.0
2013-05-08 04:00:00,5104.0
2013-05-08 05:00:00,5457.0
2013-05-08 06:00:00,6216.0
2013-05-08 07:00:00,11306.0
2013-05-08 08:00:00,11914.0
2013-05-08 09:00:00,14115.0
2013-05-08 10:00:00,14648.0
2013-05-08 11:00:00,15901.0
2013-05-08 12:00:00,14508.0
2013-05-08 13:00:00,14180.0
2013-05-08 14:00:00,14153.0
2013-05-08 15:00:00,14584.0
2013-05-08 16:00:00,14319.0
2013-05-08 17:00:00,13534.0
2013-05-08 18:00:00,14825.0
2013-05-08 19:00:00,14508.0
2013-05-08 20:00:00,12812.0
2013-05-08 21:00:00,12015.0
2013-05-08 22:00:00,10205.0
2013-05-08 23:00:00,5711.0
2013-05-09 00:00:00,5218.0
2013-05-09 01:00:00,5458.0
2013-05-09 02:00:00,5065.0
2013-05-09 03:00:00,4900.0
2013-05-09 04:00:00,4976.0
2013-05-09 05:00:00,5243.0
2013-05-09 06:00:00,6015.0
2013-05-09 07:00:00,11546.0
2013-05-09 08:00:00,12306.0
2013-05-09 09:00:00,14749.0
2013-05-09 10:00:00,14990.0
2013-05-09 11:00:00,14989.0
2013-05-09 12:00:00,14964.0
2013-05-09 13:00:00,14811.0
2013-05-09 14:00:00,14610.0
2013-05-09 15:00:00,14230.0
2013-05-09 16:00:00,14077.0
2013-05-09 17:00:00,13710.0
2013-05-09 18:00:00,14445.0
2013-05-09 19:00:00,14394.0
2013-05-09 20:00:00,13166.0
2013-05-09 21:00:00,11926.0
2013-05-09 22:00:00,10254.0
2013-05-09 23:00:00,5597.0
2013-05-10 00:00:00,5256.0
2013-05-10 01:00:00,5559.0
2013-05-10 02:00:00,5090.0
2013-05-10 03:00:00,5040.0
2013-05-10 04:00:00,5230.0
2013-05-10 05:00:00,5368.0
2013-05-10 06:00:00,6230.0
2013-05-10 07:00:00,11483.0
2013-05-10 08:00:00,11331.0
2013-05-10 09:00:00,14711.0
2013-05-10 10:00:00,15204.0
2013-05-10 11:00:00,14913.0
2013-05-10 12:00:00,15622.0
2013-05-10 13:00:00,15040.0
2013-05-10 14:00:00,14483.0
2013-05-10 15:00:00,14179.0
2013-05-10 16:00:00,14381.0
2013-05-10 17:00:00,15280.0
2013-05-10 18:00:00,14444.0
2013-05-10 19:00:00,15407.0
2013-05-10 20:00:00,14331.0
2013-05-10 21:00:00,12824.0
2013-05-10 22:00:00,10344.0
2013-05-10 23:00:00,6066.0
2013-05-11 00:00:00,5838.0
2013-05-11 01:00:00,5976.0
2013-05-11 02:00:00,5305.0
2013-05-11 03:00:00,5027.0
2013-05-11 04:00:00,4965.0
2013-05-11 05:00:00,5306.0
2013-05-11 06:00:00,6116.0
2013-05-11 07:00:00,11724.0
2013-05-11 08:00:00,11305.0
2013-05-11 09:00:00,14926.0
2013-05-11 10:00:00,15673.0
2013-05-11 11:00:00,15558.0
2013-05-11 12:00:00,14622.0
2013-05-11 13:00:00,14559.0
2013-05-11 14:00:00,14660.0
2013-05-11 15:00:00,13686.0
2013-05-11 16:00:00,14154.0
2013-05-11 17:00:00,13711.0
2013-05-11 18:00:00,14369.0
2013-05-11 19:00:00,14331.0
2013-05-11 20:00:00,12622.0
2013-05-11 21:00:00,12079.0
2013-05-11 22:00:00,9762.0
2013-05-11 23:00:00,5685.0
2013-05-12 00:00:00,5103.0
2013-05-12 01:00:00,5369.0
2013-05-12 02:00:00,4914.0
2013-05-12 03:00:00,4686.0
2013-05-12 04:00:00,4862.0
2013-05-12 05:00:00,5116.0
2013-05-12 06:00:00,5699.0
2013-05-12 07:00:00,10558.0
2013-05-12 08:00:00,11394.0
2013-05-12 09:00:00,13851.0
2013-05-12 10:00:00,14862.0
2013-05-12 11:00:00,14622.0
2013-05-12 12:00:00,14193.0
2013-05-12 13:00:00,15015.0
2013-05-12 14:00:00,14369.0
2013-05-12 15:00:00,13547.0
2013-05-12 16:00:00,14547.0
2013-05-12 17:00:00,14368.0
2013-05-12 18:00:00,14484.0
2013-05-12 19:00:00,14292.0
2013-05-12 20:00:00,13217.0
2013-05-12 21:00:00,12281.0
2013-05-12 22:00:00,10560.0
2013-05-12 23:00:00,6395.0
2013-05-13 00:00:00,5533.0
2013-05-13 01:00:00,5775.0
2013-05-13 02:00:00,5268.0
2013-05-13 03:00:00,5091.0
2013-05-13 04:00:00,5180.0
2013-05-13 05:00:00,5407.0
2013-05-13 06:00:00,6191.0
2013-05-13 07:00:00,11736.0
2013-05-13 08:00:00,12205.0
2013-05-13 09:00:00,14230.0
2013-05-13 10:00:00,14204.0
2013-05-13 11:00:00,15218.0
2013-05-13 12:00:00,15584.0
2013-05-13 13:00:00,14786.0
2013-05-13 14:00:00,15079.0
2013-05-13 15:00:00,14483.0
2013-05-13 16:00:00,14129.0
2013-05-13 17:00:00,14406.0
2013-05-13 18:00:00,14837.0
2013-05-13 19:00:00,15483.0
2013-05-13 20:00:00,14242.0
2013-05-13 21:00:00,13457.0
2013-05-13 22:00:00,10735.0
2013-05-13 23:00:00,7027.0
2013-05-14 00:00:00,6938.0
2013-05-14 01:00:00,7040.0
2013-05-14 02:00:00,5736.0
2013-05-14 03:00:00,5269.0
2013-05-14 04:00:00,5357.0
2013-05-14 05:00:00,5496.0
2013-05-14 06:00:00,6027.0
2013-05-14 07:00:00,11330.0
2013-05-14 08:00:00,12546.0
2013-05-14 09:00:00,14040.0
2013-05-14 10:00:00,14280.0
2013-05-14 11:00:00,15356.0
2013-05-14 12:00:00,15331.0
2013-05-14 13:00:00,14497.0
2013-05-14 14:00:00,14457.0
2013-05-14 15:00:00,14420.0
2013-05-14 16:00:00,13989.0
2013-05-14 17:00:00,14255.0
2013-05-14 18:00:00,14724.0
2013-05-14 19:00:00,14470.0
2013-05-14 20:00:00,13319.0
2013-05-14 21:00:00,12293.0
2013-05-14 22:00:00,9065.0
2013-05-14 23:00:00,5027.0
2013-05-15 00:00:00,5256.0
2013-05-15 01:00:00,5470.0
2013-05-15 02:00:00,5116.0
2013-05-15 03:00:00,4799.0
2013-05-15 04:00:00,5002.0
2013-05-15 05:00:00,5394.0
2013-05-15 06:00:00,6091.0
2013-05-15 07:00:00,11521.0
2013-05-15 08:00:00,11394.0
2013-05-15 09:00:00,13748.0
2013-05-15 10:00:00,14800.0
2013-05-15 11:00:00,14319.0
2013-05-15 12:00:00,14976.0
2013-05-15 13:00:00,13686.0
2013-05-15 14:00:00,13925.0
2013-05-15 15:00:00,12990.0
2013-05-15 16:00:00,13230.0
2013-05-15 17:00:00,13534.0
2013-05-15 18:00:00,13964.0
2013-05-15 19:00:00,13963.0
2013-05-15 20:00:00,12546.0
2013-05-15 21:00:00,11496.0
2013-05-15 22:00:00,8748.0
2013-05-15 23:00:00,4862.0
2013-05-16 00:00:00,4913.0
2013-05-16 01:00:00,5167.0
2013-05-16 02:00:00,4787.0
2013-05-16 03:00:00,4368.0
2013-05-16 04:00:00,4623.0
2013-05-16 05:00:00,4926.0
2013-05-16 06:00:00,5800.0
2013-05-16 07:00:00,11445.0
2013-05-16 08:00:00,10622.0
2013-05-16 09:00:00,13103.0
2013-05-16 10:00:00,14128.0
2013-05-16 11:00:00,14432.0
2013-05-16 12:00:00,14610.0
2013-05-16 13:00:00,13913.0
2013-05-16 14:00:00,13356.0
2013-05-16 15:00:00,12952.0
2013-05-16 16:00:00,13535.0
2013-05-16 17:00:00,13078.0
2013-05-16 18:00:00,13609.0
2013-05-16 19:00:00,14370.0
2013-05-16 20:00:00,12572.0
2013-05-16 21:00:00,11521.0
2013-05-16 22:00:00,9293.0
2013-05-16 23:00:00,4800.0
2013-05-17 00:00:00,4723.0
2013-05-17 01:00:00,5192.0
2013-05-17 02:00:00,4787.0
2013-05-17 03:00:00,4521.0
2013-05-17 04:00:00,4761.0
2013-05-17 05:00:00,4900.0
2013-05-17 06:00:00,5687.0
2013-05-17 07:00:00,10938.0
2013-05-17 08:00:00,11458.0
2013-05-17 09:00:00,14116.0
2013-05-17 10:00:00,14470.0
2013-05-17 11:00:00,15382.0
2013-05-17 12:00:00,14420.0
2013-05-17 13:00:00,14027.0
2013-05-17 14:00:00,14331.0
2013-05-17 15:00:00,13976.0
2013-05-17 16:00:00,13647.0
2013-05-17 17:00:00,14571.0
2013-05-17 18:00:00,14066.0
2013-05-17 19:00:00,14660.0
2013-05-17 20:00:00,12939.0
2013-05-17 21:00:00,11535.0
2013-05-17 22:00:00,8584.0
2013-05-17 23:00:00,5053.0
2013-05-18 00:00:00,4825.0
2013-05-18 01:00:00,5078.0
2013-05-18 02:00:00,4596.0
2013-05-18 03:00:00,4344.0
2013-05-18 04:00:00,4495.0
2013-05-18 05:00:00,4761.0
2013-05-18 06:00:00,5572.0
2013-05-18 07:00:00,10850.0
2013-05-18 08:00:00,10900.0
2013-05-18 09:00:00,14382.0
2013-05-18 10:00:00,14913.0
2013-05-18 11:00:00,14521.0
2013-05-18 12:00:00,14457.0
2013-05-18 13:00:00,14243.0
2013-05-18 14:00:00,14331.0
2013-05-18 15:00:00,14255.0
2013-05-18 16:00:00,14242.0
2013-05-18 17:00:00,13546.0
2013-05-18 18:00:00,13382.0
2013-05-18 19:00:00,13660.0
2013-05-18 20:00:00,13179.0
2013-05-18 21:00:00,11319.0
2013-05-18 22:00:00,9039.0
2013-05-18 23:00:00,4990.0
2013-05-19 00:00:00,4875.0
2013-05-19 01:00:00,5128.0
2013-05-19 02:00:00,4724.0
2013-05-19 03:00:00,4318.0
2013-05-19 04:00:00,4546.0
2013-05-19 05:00:00,4710.0
2013-05-19 06:00:00,5267.0
2013-05-19 07:00:00,10091.0
2013-05-19 08:00:00,11104.0
2013-05-19 09:00:00,13370.0
2013-05-19 10:00:00,13344.0
2013-05-19 11:00:00,14179.0
2013-05-19 12:00:00,13117.0
2013-05-19 13:00:00,13724.0
2013-05-19 14:00:00,13749.0
2013-05-19 15:00:00,13963.0
2013-05-19 16:00:00,14040.0
2013-05-19 17:00:00,12901.0
2013-05-19 18:00:00,13559.0
2013-05-19 19:00:00,13204.0
2013-05-19 20:00:00,11723.0
2013-05-19 21:00:00,11065.0
2013-05-19 22:00:00,8748.0
2013-05-19 23:00:00,4698.0
2013-05-20 00:00:00,4685.0
2013-05-20 01:00:00,5053.0
2013-05-20 02:00:00,4469.0
2013-05-20 03:00:00,4267.0
2013-05-20 04:00:00,4508.0
2013-05-20 05:00:00,4850.0
2013-05-20 06:00:00,5545.0
2013-05-20 07:00:00,10976.0
2013-05-20 08:00:00,10698.0
2013-05-20 09:00:00,14154.0
2013-05-20 10:00:00,14229.0
2013-05-20 11:00:00,14369.0
2013-05-20 12:00:00,14065.0
2013-05-20 13:00:00,13901.0
2013-05-20 14:00:00,13293.0
2013-05-20 15:00:00,14306.0
2013-05-20 16:00:00,13015.0
2013-05-20 17:00:00,13041.0
2013-05-20 18:00:00,13281.0
2013-05-20 19:00:00,14217.0
2013-05-20 20:00:00,13027.0
2013-05-20 21:00:00,11800.0
2013-05-20 22:00:00,10230.0
2013-05-20 23:00:00,7888.0
2013-05-21 00:00:00,8102.0
2013-05-21 01:00:00,7318.0
2013-05-21 02:00:00,5419.0
2013-05-21 03:00:00,4508.0
2013-05-21 04:00:00,4598.0
2013-05-21 05:00:00,4851.0
2013-05-21 06:00:00,5420.0
2013-05-21 07:00:00,11090.0
2013-05-21 08:00:00,11027.0
2013-05-21 09:00:00,14774.0
2013-05-21 10:00:00,15002.0
2013-05-21 11:00:00,14711.0
2013-05-21 12:00:00,13876.0
2013-05-21 13:00:00,13724.0
2013-05-21 14:00:00,13457.0
2013-05-21 15:00:00,13888.0
2013-05-21 16:00:00,13826.0
2013-05-21 17:00:00,13369.0
2013-05-21 18:00:00,13976.0
2013-05-21 19:00:00,13913.0
2013-05-21 20:00:00,12964.0
2013-05-21 21:00:00,11977.0
2013-05-21 22:00:00,10267.0
2013-05-21 23:00:00,5457.0
2013-05-22 00:00:00,5205.0
2013-05-22 01:00:00,5319.0
2013-05-22 02:00:00,4876.0
2013-05-22 03:00:00,4508.0
2013-05-22 04:00:00,4887.0
2013-05-22 05:00:00,5115.0
2013-05-22 06:00:00,7167.0
2013-05-22 07:00:00,9649.0
2013-05-22 08:00:00,11357.0
2013-05-22 09:00:00,13826.0
2013-05-22 10:00:00,14356.0
2013-05-22 11:00:00,15394.0
2013-05-22 12:00:00,13977.0
2013-05-22 13:00:00,13622.0
2013-05-22 14:00:00,14028.0
2013-05-22 15:00:00,13280.0
2013-05-22 16:00:00,14406.0
2013-05-22 17:00:00,13622.0
2013-05-22 18:00:00,14103.0
2013-05-22 19:00:00,14849.0
2013-05-22 20:00:00,12813.0
2013-05-22 21:00:00,11963.0
2013-05-22 22:00:00,9951.0
2013-05-22 23:00:00,5571.0
2013-05-23 00:00:00,5269.0
2013-05-23 01:00:00,5609.0
2013-05-23 02:00:00,5027.0
2013-05-23 03:00:00,4887.0
2013-05-23 04:00:00,5216.0
2013-05-23 05:00:00,5128.0
2013-05-23 06:00:00,7230.0
2013-05-23 07:00:00,10129.0
2013-05-23 08:00:00,11546.0
2013-05-23 09:00:00,13862.0
2013-05-23 10:00:00,15230.0
2013-05-23 11:00:00,14888.0
2013-05-23 12:00:00,13964.0
2013-05-23 13:00:00,14635.0
2013-05-23 14:00:00,14255.0
2013-05-23 15:00:00,14319.0
2013-05-23 16:00:00,14015.0
2013-05-23 17:00:00,13382.0
2013-05-23 18:00:00,14090.0
2013-05-23 19:00:00,14749.0
2013-05-23 20:00:00,14280.0
2013-05-23 21:00:00,12799.0
2013-05-23 22:00:00,10584.0
2013-05-23 23:00:00,6154.0
2013-05-24 00:00:00,5419.0
2013-05-24 01:00:00,5546.0
2013-05-24 02:00:00,5217.0
2013-05-24 03:00:00,4825.0
2013-05-24 04:00:00,5116.0
2013-05-24 05:00:00,5244.0
2013-05-24 06:00:00,7394.0
2013-05-24 07:00:00,10154.0
2013-05-24 08:00:00,11610.0
2013-05-24 09:00:00,14698.0
2013-05-24 10:00:00,16318.0
2013-05-24 11:00:00,15964.0
2013-05-24 12:00:00,15002.0
2013-05-24 13:00:00,15407.0
2013-05-24 14:00:00,14281.0
2013-05-24 15:00:00,13724.0
2013-05-24 16:00:00,15001.0
2013-05-24 17:00:00,14091.0
2013-05-24 18:00:00,15052.0
2013-05-24 19:00:00,15457.0
2013-05-24 20:00:00,13800.0
2013-05-24 21:00:00,12204.0
2013-05-24 22:00:00,10749.0
2013-05-24 23:00:00,6293.0
2013-05-25 00:00:00,5648.0
2013-05-25 01:00:00,5610.0
2013-05-25 02:00:00,5319.0
2013-05-25 03:00:00,4989.0
2013-05-25 04:00:00,5192.0
2013-05-25 05:00:00,5496.0
2013-05-25 06:00:00,7660.0
2013-05-25 07:00:00,10623.0
2013-05-25 08:00:00,11635.0
2013-05-25 09:00:00,14191.0
2013-05-25 10:00:00,15609.0
2013-05-25 11:00:00,16432.0
2013-05-25 12:00:00,16470.0
2013-05-25 13:00:00,15534.0
2013-05-25 14:00:00,15256.0
2013-05-25 15:00:00,14521.0
2013-05-25 16:00:00,14888.0
2013-05-25 17:00:00,14914.0
2013-05-25 18:00:00,15749.0
2013-05-25 19:00:00,15154.0
2013-05-25 20:00:00,14318.0
2013-05-25 21:00:00,12522.0
2013-05-25 22:00:00,10786.0
2013-05-25 23:00:00,5888.0
2013-05-26 00:00:00,5660.0
2013-05-26 01:00:00,5534.0
2013-05-26 02:00:00,5332.0
2013-05-26 03:00:00,4876.0
2013-05-26 04:00:00,5116.0
2013-05-26 05:00:00,5457.0
2013-05-26 06:00:00,7912.0
2013-05-26 07:00:00,9547.0
2013-05-26 08:00:00,11584.0
2013-05-26 09:00:00,14090.0
2013-05-26 10:00:00,14571.0
2013-05-26 11:00:00,15015.0
2013-05-26 12:00:00,14686.0
2013-05-26 13:00:00,14534.0
2013-05-26 14:00:00,15609.0
2013-05-26 15:00:00,13939.0
2013-05-26 16:00:00,14774.0
2013-05-26 17:00:00,13990.0
2013-05-26 18:00:00,14508.0
2013-05-26 19:00:00,14090.0
2013-05-26 20:00:00,13382.0
2013-05-26 21:00:00,12027.0
2013-05-26 22:00:00,10053.0
2013-05-26 23:00:00,5180.0
2013-05-27 00:00:00,5141.0
2013-05-27 01:00:00,5293.0
2013-05-27 02:00:00,5040.0
2013-05-27 03:00:00,4724.0
2013-05-27 04:00:00,4952.0
2013-05-27 05:00:00,5217.0
2013-05-27 06:00:00,7711.0
2013-05-27 07:00:00,10255.0
2013-05-27 08:00:00,10674.0
2013-05-27 09:00:00,13749.0
2013-05-27 10:00:00,14356.0
2013-05-27 11:00:00,15420.0
2013-05-27 12:00:00,14635.0
2013-05-27 13:00:00,14369.0
2013-05-27 14:00:00,13533.0
2013-05-27 15:00:00,13825.0
2013-05-27 16:00:00,13852.0
2013-05-27 17:00:00,13661.0
2013-05-27 18:00:00,14343.0
2013-05-27 19:00:00,14989.0
2013-05-27 20:00:00,12774.0
2013-05-27 21:00:00,11774.0
2013-05-27 22:00:00,9965.0
2013-05-27 23:00:00,5686.0
2013-05-28 00:00:00,5192.0
2013-05-28 01:00:00,5267.0
2013-05-28 02:00:00,5002.0
2013-05-28 03:00:00,4698.0
2013-05-28 04:00:00,4939.0
2013-05-28 05:00:00,5344.0
2013-05-28 06:00:00,7547.0
2013-05-28 07:00:00,9787.0
2013-05-28 08:00:00,11687.0
2013-05-28 09:00:00,14344.0
2013-05-28 10:00:00,14382.0
2013-05-28 11:00:00,15204.0
2013-05-28 12:00:00,14319.0
2013-05-28 13:00:00,14407.0
2013-05-28 14:00:00,13900.0
2013-05-28 15:00:00,13204.0
2013-05-28 16:00:00,14078.0
2013-05-28 17:00:00,13193.0
2013-05-28 18:00:00,14103.0
2013-05-28 19:00:00,14231.0
2013-05-28 20:00:00,13077.0
2013-05-28 21:00:00,11989.0
2013-05-28 22:00:00,9052.0
2013-05-28 23:00:00,5040.0
2013-05-29 00:00:00,4951.0
2013-05-29 01:00:00,5116.0
2013-05-29 02:00:00,4800.0
2013-05-29 03:00:00,4469.0
2013-05-29 04:00:00,4660.0
2013-05-29 05:00:00,4939.0
2013-05-29 06:00:00,7343.0
2013-05-29 07:00:00,9736.0
2013-05-29 08:00:00,11496.0
2013-05-29 09:00:00,13508.0
2013-05-29 10:00:00,14192.0
2013-05-29 11:00:00,14356.0
2013-05-29 12:00:00,13913.0
2013-05-29 13:00:00,14319.0
2013-05-29 14:00:00,13521.0
2013-05-29 15:00:00,13369.0
2013-05-29 16:00:00,13560.0
2013-05-29 17:00:00,13914.0
2013-05-29 18:00:00,14192.0
2013-05-29 19:00:00,14218.0
2013-05-29 20:00:00,12711.0
2013-05-29 21:00:00,11737.0
2013-05-29 22:00:00,8761.0
2013-05-29 23:00:00,5306.0
2013-05-30 00:00:00,5282.0
2013-05-30 01:00:00,5419.0
2013-05-30 02:00:00,5116.0
2013-05-30 03:00:00,4824.0
2013-05-30 04:00:00,5129.0
2013-05-30 05:00:00,5103.0
2013-05-30 06:00:00,7039.0
2013-05-30 07:00:00,9736.0
2013-05-30 08:00:00,11787.0
2013-05-30 09:00:00,13647.0
2013-05-30 10:00:00,13889.0
2013-05-30 11:00:00,15115.0
2013-05-30 12:00:00,14104.0
2013-05-30 13:00:00,13749.0
2013-05-30 14:00:00,13294.0
2013-05-30 15:00:00,13065.0
2013-05-30 16:00:00,13332.0
2013-05-30 17:00:00,14154.0
2013-05-30 18:00:00,14280.0
2013-05-30 19:00:00,14155.0
2013-05-30 20:00:00,13698.0
2013-05-30 21:00:00,12319.0
2013-05-30 22:00:00,9179.0
2013-05-30 23:00:00,5597.0
2013-05-31 00:00:00,5167.0
2013-05-31 01:00:00,5457.0
2013-05-31 02:00:00,4989.0
2013-05-31 03:00:00,4660.0
2013-05-31 04:00:00,5014.0
2013-05-31 05:00:00,5142.0
2013-05-31 06:00:00,7698.0
2013-05-31 07:00:00,9445.0
2013-05-31 08:00:00,11445.0
2013-05-31 09:00:00,13597.0
2013-05-31 10:00:00,14824.0
2013-05-31 11:00:00,14812.0
2013-05-31 12:00:00,15343.0
2013-05-31 13:00:00,14444.0
2013-05-31 14:00:00,14230.0
2013-05-31 15:00:00,15065.0
2013-05-31 16:00:00,19230.0
2013-05-31 17:00:00,19116.0
2013-05-31 18:00:00,19583.0
2013-05-31 19:00:00,17141.0
2013-05-31 20:00:00,15204.0
2013-05-31 21:00:00,12799.0
2013-05-31 22:00:00,11028.0
2013-05-31 23:00:00,6166.0
2013-06-01 00:00:00,5837.0
2013-06-01 01:00:00,5977.0
2013-06-01 02:00:00,5597.0
2013-06-01 03:00:00,5243.0
2013-06-01 04:00:00,5622.0
2013-06-01 05:00:00,5661.0
2013-06-01 06:00:00,7571.0
2013-06-01 07:00:00,9926.0
2013-06-01 08:00:00,11395.0
2013-06-01 09:00:00,14279.0
2013-06-01 10:00:00,15407.0
2013-06-01 11:00:00,15331.0
2013-06-01 12:00:00,14344.0
2013-06-01 13:00:00,15319.0
2013-06-01 14:00:00,14938.0
2013-06-01 15:00:00,14685.0
2013-06-01 16:00:00,14445.0
2013-06-01 17:00:00,14420.0
2013-06-01 18:00:00,14040.0
2013-06-01 19:00:00,15508.0
2013-06-01 20:00:00,13888.0
2013-06-01 21:00:00,12863.0
2013-06-01 22:00:00,11787.0
2013-06-01 23:00:00,8180.0
2013-06-02 00:00:00,5496.0
2013-06-02 01:00:00,5775.0
2013-06-02 02:00:00,5243.0
2013-06-02 03:00:00,5167.0
2013-06-02 04:00:00,5508.0
2013-06-02 05:00:00,5533.0
2013-06-02 06:00:00,7482.0
2013-06-02 07:00:00,10850.0
2013-06-02 08:00:00,11584.0
2013-06-02 09:00:00,14508.0
2013-06-02 10:00:00,15191.0
2013-06-02 11:00:00,15634.0
2013-06-02 12:00:00,14660.0
2013-06-02 13:00:00,14876.0
2013-06-02 14:00:00,15863.0
2013-06-02 15:00:00,14724.0
2013-06-02 16:00:00,14711.0
2013-06-02 17:00:00,14989.0
2013-06-02 18:00:00,14584.0
2013-06-02 19:00:00,15395.0
2013-06-02 20:00:00,14028.0
2013-06-02 21:00:00,13737.0
2013-06-02 22:00:00,11723.0
2013-06-02 23:00:00,6508.0
2013-06-03 00:00:00,5800.0
2013-06-03 01:00:00,5926.0
2013-06-03 02:00:00,5497.0
2013-06-03 03:00:00,5344.0
2013-06-03 04:00:00,5495.0
2013-06-03 05:00:00,5812.0
2013-06-03 06:00:00,8243.0
2013-06-03 07:00:00,10281.0
2013-06-03 08:00:00,12229.0
2013-06-03 09:00:00,14938.0
2013-06-03 10:00:00,15053.0
2013-06-03 11:00:00,17090.0
2013-06-03 12:00:00,18497.0
2013-06-03 13:00:00,17976.0
2013-06-03 14:00:00,19445.0
2013-06-03 15:00:00,19204.0
2013-06-03 16:00:00,17837.0
2013-06-03 17:00:00,17711.0
2013-06-03 18:00:00,18596.0
2013-06-03 19:00:00,17521.0
2013-06-03 20:00:00,15014.0
2013-06-03 21:00:00,14356.0
2013-06-03 22:00:00,13559.0
2013-06-03 23:00:00,9748.0
2013-06-04 00:00:00,5787.0
2013-06-04 01:00:00,5787.0
2013-06-04 02:00:00,5508.0
2013-06-04 03:00:00,5193.0
2013-06-04 04:00:00,5369.0
2013-06-04 05:00:00,5647.0
2013-06-04 06:00:00,7761.0
2013-06-04 07:00:00,10521.0
2013-06-04 08:00:00,12343.0
2013-06-04 09:00:00,14964.0
2013-06-04 10:00:00,15091.0
2013-06-04 11:00:00,15394.0
2013-06-04 12:00:00,18471.0
2013-06-04 13:00:00,18509.0
2013-06-04 14:00:00,19142.0
2013-06-04 15:00:00,18230.0
2013-06-04 16:00:00,18014.0
2013-06-04 17:00:00,17634.0
2013-06-04 18:00:00,18166.0
2013-06-04 19:00:00,17419.0
2013-06-04 20:00:00,15736.0
2013-06-04 21:00:00,14610.0
2013-06-04 22:00:00,13407.0
2013-06-04 23:00:00,8723.0
2013-06-05 00:00:00,5723.0
2013-06-05 01:00:00,5698.0
2013-06-05 02:00:00,5307.0
2013-06-05 03:00:00,5167.0
2013-06-05 04:00:00,5319.0
2013-06-05 05:00:00,5698.0
2013-06-05 06:00:00,7596.0
2013-06-05 07:00:00,10559.0
2013-06-05 08:00:00,11913.0
2013-06-05 09:00:00,13888.0
2013-06-05 10:00:00,14255.0
2013-06-05 11:00:00,15546.0
2013-06-05 12:00:00,14800.0
2013-06-05 13:00:00,14332.0
2013-06-05 14:00:00,15256.0
2013-06-05 15:00:00,18040.0
2013-06-05 16:00:00,18989.0
2013-06-05 17:00:00,18471.0
2013-06-05 18:00:00,18787.0
2013-06-05 19:00:00,16864.0
2013-06-05 20:00:00,15483.0
2013-06-05 21:00:00,14939.0
2013-06-05 22:00:00,12534.0
2013-06-05 23:00:00,8661.0
2013-06-06 00:00:00,5647.0
2013-06-06 01:00:00,5749.0
2013-06-06 02:00:00,5395.0
2013-06-06 03:00:00,5027.0
2013-06-06 04:00:00,5255.0
2013-06-06 05:00:00,5546.0
2013-06-06 06:00:00,9192.0
2013-06-06 07:00:00,10597.0
2013-06-06 08:00:00,11420.0
2013-06-06 09:00:00,14685.0
2013-06-06 10:00:00,15015.0
2013-06-06 11:00:00,14735.0
2013-06-06 12:00:00,14951.0
2013-06-06 13:00:00,15230.0
2013-06-06 14:00:00,14571.0
2013-06-06 15:00:00,13901.0
2013-06-06 16:00:00,14355.0
2013-06-06 17:00:00,13839.0
2013-06-06 18:00:00,14509.0
2013-06-06 19:00:00,15231.0
2013-06-06 20:00:00,13710.0
2013-06-06 21:00:00,12913.0
2013-06-06 22:00:00,11660.0
2013-06-06 23:00:00,10242.0
2013-06-07 00:00:00,6065.0
2013-06-07 01:00:00,5433.0
2013-06-07 02:00:00,5230.0
2013-06-07 03:00:00,4926.0
2013-06-07 04:00:00,5180.0
2013-06-07 05:00:00,5306.0
2013-06-07 06:00:00,7306.0
2013-06-07 07:00:00,10141.0
2013-06-07 08:00:00,11597.0
2013-06-07 09:00:00,13977.0
2013-06-07 10:00:00,15318.0
2013-06-07 11:00:00,14597.0
2013-06-07 12:00:00,14509.0
2013-06-07 13:00:00,14357.0
2013-06-07 14:00:00,14761.0
2013-06-07 15:00:00,13964.0
2013-06-07 16:00:00,14255.0
2013-06-07 17:00:00,14534.0
2013-06-07 18:00:00,14053.0
2013-06-07 19:00:00,15014.0
2013-06-07 20:00:00,14066.0
2013-06-07 21:00:00,12888.0
2013-06-07 22:00:00,11749.0
2013-06-07 23:00:00,9685.0
2013-06-08 00:00:00,5432.0
2013-06-08 01:00:00,5459.0
2013-06-08 02:00:00,5205.0
2013-06-08 03:00:00,4850.0
2013-06-08 04:00:00,5077.0
2013-06-08 05:00:00,5472.0
2013-06-08 06:00:00,7445.0
2013-06-08 07:00:00,10876.0
2013-06-08 08:00:00,11255.0
2013-06-08 09:00:00,15078.0
2013-06-08 10:00:00,15445.0
2013-06-08 11:00:00,15104.0
2013-06-08 12:00:00,14344.0
2013-06-08 13:00:00,14661.0
2013-06-08 14:00:00,15749.0
2013-06-08 15:00:00,14090.0
2013-06-08 16:00:00,14787.0
2013-06-08 17:00:00,14179.0
2013-06-08 18:00:00,14749.0
2013-06-08 19:00:00,14887.0
2013-06-08 20:00:00,13863.0
2013-06-08 21:00:00,13229.0
2013-06-08 22:00:00,12052.0
2013-06-08 23:00:00,9053.0
2013-06-09 00:00:00,5484.0
2013-06-09 01:00:00,5660.0
2013-06-09 02:00:00,5332.0
2013-06-09 03:00:00,5014.0
2013-06-09 04:00:00,5205.0
2013-06-09 05:00:00,5356.0
2013-06-09 06:00:00,8040.0
2013-06-09 07:00:00,10571.0
2013-06-09 08:00:00,11015.0
2013-06-09 09:00:00,14521.0
2013-06-09 10:00:00,14697.0
2013-06-09 11:00:00,14635.0
2013-06-09 12:00:00,14559.0
2013-06-09 13:00:00,14825.0
2013-06-09 14:00:00,15774.0
2013-06-09 15:00:00,13875.0
2013-06-09 16:00:00,13888.0
2013-06-09 17:00:00,14027.0
2013-06-09 18:00:00,14078.0
2013-06-09 19:00:00,14774.0
2013-06-09 20:00:00,13661.0
2013-06-09 21:00:00,12547.0
2013-06-09 22:00:00,9711.0
2013-06-09 23:00:00,5584.0
2013-06-10 00:00:00,5648.0
2013-06-10 01:00:00,5913.0
2013-06-10 02:00:00,5496.0
2013-06-10 03:00:00,5268.0
2013-06-10 04:00:00,5520.0
2013-06-10 05:00:00,5723.0
2013-06-10 06:00:00,8622.0
2013-06-10 07:00:00,10141.0
2013-06-10 08:00:00,12166.0
2013-06-10 09:00:00,14748.0
2013-06-10 10:00:00,15319.0
2013-06-10 11:00:00,15305.0
2013-06-10 12:00:00,14395.0
2013-06-10 13:00:00,14053.0
2013-06-10 14:00:00,15305.0
2013-06-10 15:00:00,13990.0
2013-06-10 16:00:00,14129.0
2013-06-10 17:00:00,13584.0
2013-06-10 18:00:00,13825.0
2013-06-10 19:00:00,14369.0
2013-06-10 20:00:00,13129.0
2013-06-10 21:00:00,12838.0
2013-06-10 22:00:00,10091.0
2013-06-10 23:00:00,5458.0
2013-06-11 00:00:00,5293.0
2013-06-11 01:00:00,5471.0
2013-06-11 02:00:00,5053.0
2013-06-11 03:00:00,4876.0
2013-06-11 04:00:00,5065.0
2013-06-11 05:00:00,5357.0
2013-06-11 06:00:00,7648.0
2013-06-11 07:00:00,10393.0
2013-06-11 08:00:00,12229.0
2013-06-11 09:00:00,15002.0
2013-06-11 10:00:00,14787.0
2013-06-11 11:00:00,15483.0
2013-06-11 12:00:00,14863.0
2013-06-11 13:00:00,14660.0
2013-06-11 14:00:00,15470.0
2013-06-11 15:00:00,14735.0
2013-06-11 16:00:00,14736.0
2013-06-11 17:00:00,14951.0
2013-06-11 18:00:00,15724.0
2013-06-11 19:00:00,15040.0
2013-06-11 20:00:00,14166.0
2013-06-11 21:00:00,13432.0
2013-06-11 22:00:00,12293.0
2013-06-11 23:00:00,8610.0
2013-06-12 00:00:00,5838.0
2013-06-12 01:00:00,5900.0
2013-06-12 02:00:00,5774.0
2013-06-12 03:00:00,5318.0
2013-06-12 04:00:00,5546.0
2013-06-12 05:00:00,5698.0
2013-06-12 06:00:00,7926.0
2013-06-12 07:00:00,11027.0
2013-06-12 08:00:00,13001.0
2013-06-12 09:00:00,14875.0
2013-06-12 10:00:00,16140.0
2013-06-12 11:00:00,15332.0
2013-06-12 12:00:00,15116.0
2013-06-12 13:00:00,14951.0
2013-06-12 14:00:00,15255.0
2013-06-12 15:00:00,14888.0
2013-06-12 16:00:00,15369.0
2013-06-12 17:00:00,14850.0
2013-06-12 18:00:00,15229.0
2013-06-12 19:00:00,15850.0
2013-06-12 20:00:00,13838.0
2013-06-12 21:00:00,13648.0
2013-06-12 22:00:00,12850.0
2013-06-12 23:00:00,9040.0
2013-06-13 00:00:00,6052.0
2013-06-13 01:00:00,6256.0
2013-06-13 02:00:00,5888.0
2013-06-13 03:00:00,5471.0
2013-06-13 04:00:00,5672.0
2013-06-13 05:00:00,5824.0
2013-06-13 06:00:00,7913.0
2013-06-13 07:00:00,10888.0
2013-06-13 08:00:00,12204.0
2013-06-13 09:00:00,14332.0
2013-06-13 10:00:00,15153.0
2013-06-13 11:00:00,15534.0
2013-06-13 12:00:00,15027.0
2013-06-13 13:00:00,16977.0
2013-06-13 14:00:00,18559.0
2013-06-13 15:00:00,17357.0
2013-06-13 16:00:00,17471.0
2013-06-13 17:00:00,17610.0
2013-06-13 18:00:00,18369.0
2013-06-13 19:00:00,17787.0
2013-06-13 20:00:00,15812.0
2013-06-13 21:00:00,15950.0
2013-06-13 22:00:00,12912.0
2013-06-13 23:00:00,9205.0
2013-06-14 00:00:00,6154.0
2013-06-14 01:00:00,6255.0
2013-06-14 02:00:00,5698.0
2013-06-14 03:00:00,5457.0
2013-06-14 04:00:00,5660.0
2013-06-14 05:00:00,5913.0
2013-06-14 06:00:00,7812.0
2013-06-14 07:00:00,11243.0
2013-06-14 08:00:00,11775.0
2013-06-14 09:00:00,14572.0
2013-06-14 10:00:00,16229.0
2013-06-14 11:00:00,15509.0
2013-06-14 12:00:00,17395.0
2013-06-14 13:00:00,19016.0
2013-06-14 14:00:00,18167.0
2013-06-14 15:00:00,17572.0
2013-06-14 16:00:00,18053.0
2013-06-14 17:00:00,18408.0
2013-06-14 18:00:00,18028.0
2013-06-14 19:00:00,17115.0
2013-06-14 20:00:00,15382.0
2013-06-14 21:00:00,14939.0
2013-06-14 22:00:00,13192.0
2013-06-14 23:00:00,9217.0
2013-06-15 00:00:00,5875.0
2013-06-15 01:00:00,5774.0
2013-06-15 02:00:00,5459.0
2013-06-15 03:00:00,5016.0
2013-06-15 04:00:00,5319.0
2013-06-15 05:00:00,5558.0
2013-06-15 06:00:00,7634.0
2013-06-15 07:00:00,10167.0
2013-06-15 08:00:00,12052.0
2013-06-15 09:00:00,15267.0
2013-06-15 10:00:00,15963.0
2013-06-15 11:00:00,15166.0
2013-06-15 12:00:00,15129.0
2013-06-15 13:00:00,15445.0
2013-06-15 14:00:00,16015.0
2013-06-15 15:00:00,15242.0
2013-06-15 16:00:00,16243.0
2013-06-15 17:00:00,15141.0
2013-06-15 18:00:00,14774.0
2013-06-15 19:00:00,15850.0
2013-06-15 20:00:00,14140.0
2013-06-15 21:00:00,13977.0
2013-06-15 22:00:00,12522.0
2013-06-15 23:00:00,9598.0
2013-06-16 00:00:00,5990.0
2013-06-16 01:00:00,5951.0
2013-06-16 02:00:00,5736.0
2013-06-16 03:00:00,5280.0
2013-06-16 04:00:00,5585.0
2013-06-16 05:00:00,5863.0
2013-06-16 06:00:00,7736.0
2013-06-16 07:00:00,10674.0
2013-06-16 08:00:00,12471.0
2013-06-16 09:00:00,15052.0
2013-06-16 10:00:00,14825.0
2013-06-16 11:00:00,18154.0
2013-06-16 12:00:00,19015.0
2013-06-16 13:00:00,18635.0
2013-06-16 14:00:00,19116.0
2013-06-16 15:00:00,19040.0
2013-06-16 16:00:00,18306.0
2013-06-16 17:00:00,17977.0
2013-06-16 18:00:00,18167.0
2013-06-16 19:00:00,16547.0
2013-06-16 20:00:00,15394.0
2013-06-16 21:00:00,13293.0
2013-06-16 22:00:00,11332.0
2013-06-16 23:00:00,5976.0
2013-06-17 00:00:00,5875.0
2013-06-17 01:00:00,6116.0
2013-06-17 02:00:00,5685.0
2013-06-17 03:00:00,5546.0
2013-06-17 04:00:00,5800.0
2013-06-17 05:00:00,6014.0
2013-06-17 06:00:00,8292.0
2013-06-17 07:00:00,11053.0
2013-06-17 08:00:00,12724.0
2013-06-17 09:00:00,14521.0
2013-06-17 10:00:00,14635.0
2013-06-17 11:00:00,14469.0
2013-06-17 12:00:00,14800.0
2013-06-17 13:00:00,14167.0
2013-06-17 14:00:00,14255.0
2013-06-17 15:00:00,13585.0
2013-06-17 16:00:00,14496.0
2013-06-17 17:00:00,14052.0
2013-06-17 18:00:00,14812.0
2013-06-17 19:00:00,14938.0
2013-06-17 20:00:00,13635.0
2013-06-17 21:00:00,13660.0
2013-06-17 22:00:00,12673.0
2013-06-17 23:00:00,10381.0
2013-06-18 00:00:00,8231.0
2013-06-18 01:00:00,7913.0
2013-06-18 02:00:00,6635.0
2013-06-18 03:00:00,6015.0
2013-06-18 04:00:00,6192.0
2013-06-18 05:00:00,6053.0
2013-06-18 06:00:00,8179.0
2013-06-18 07:00:00,10002.0
2013-06-18 08:00:00,12331.0
2013-06-18 09:00:00,14229.0
2013-06-18 10:00:00,14736.0
2013-06-18 11:00:00,14648.0
2013-06-18 12:00:00,14091.0
2013-06-18 13:00:00,13621.0
2013-06-18 14:00:00,14306.0
2013-06-18 15:00:00,13888.0
2013-06-18 16:00:00,15495.0
2013-06-18 17:00:00,14065.0
2013-06-18 18:00:00,14090.0
2013-06-18 19:00:00,14305.0
2013-06-18 20:00:00,13610.0
2013-06-18 21:00:00,13166.0
2013-06-18 22:00:00,12002.0
2013-06-18 23:00:00,8457.0
2013-06-19 00:00:00,5964.0
2013-06-19 01:00:00,5622.0
2013-06-19 02:00:00,5484.0
2013-06-19 03:00:00,5078.0
2013-06-19 04:00:00,5242.0
2013-06-19 05:00:00,5445.0
2013-06-19 06:00:00,7634.0
2013-06-19 07:00:00,10053.0
2013-06-19 08:00:00,11976.0
2013-06-19 09:00:00,14888.0
2013-06-19 10:00:00,14406.0
2013-06-19 11:00:00,14572.0
2013-06-19 12:00:00,13990.0
2013-06-19 13:00:00,15622.0
2013-06-19 14:00:00,14547.0
2013-06-19 15:00:00,14002.0
2013-06-19 16:00:00,14572.0
2013-06-19 17:00:00,14408.0
2013-06-19 18:00:00,14331.0
2013-06-19 19:00:00,14914.0
2013-06-19 20:00:00,13141.0
2013-06-19 21:00:00,13128.0
2013-06-19 22:00:00,12344.0
2013-06-19 23:00:00,9141.0
2013-06-20 00:00:00,5635.0
2013-06-20 01:00:00,5661.0
2013-06-20 02:00:00,5319.0
2013-06-20 03:00:00,5040.0
2013-06-20 04:00:00,5332.0
2013-06-20 05:00:00,5496.0
2013-06-20 06:00:00,7775.0
2013-06-20 07:00:00,11192.0
2013-06-20 08:00:00,11041.0
2013-06-20 09:00:00,14052.0
2013-06-20 10:00:00,15041.0
2013-06-20 11:00:00,14533.0
2013-06-20 12:00:00,14521.0
2013-06-20 13:00:00,14028.0
2013-06-20 14:00:00,14546.0
2013-06-20 15:00:00,14268.0
2013-06-20 16:00:00,14761.0
2013-06-20 17:00:00,14166.0
2013-06-20 18:00:00,14673.0
2013-06-20 19:00:00,14710.0
2013-06-20 20:00:00,14394.0
2013-06-20 21:00:00,13395.0
2013-06-20 22:00:00,12445.0
2013-06-20 23:00:00,10217.0
2013-06-21 00:00:00,5952.0
2013-06-21 01:00:00,5787.0
2013-06-21 02:00:00,5357.0
2013-06-21 03:00:00,5153.0
2013-06-21 04:00:00,5370.0
2013-06-21 05:00:00,5483.0
2013-06-21 06:00:00,7824.0
2013-06-21 07:00:00,10851.0
2013-06-21 08:00:00,11901.0
2013-06-21 09:00:00,14774.0
2013-06-21 10:00:00,15420.0
2013-06-21 11:00:00,15381.0
2013-06-21 12:00:00,15496.0
2013-06-21 13:00:00,15546.0
2013-06-21 14:00:00,15444.0
2013-06-21 15:00:00,15268.0
2013-06-21 16:00:00,15041.0
2013-06-21 17:00:00,14901.0
2013-06-21 18:00:00,14939.0
2013-06-21 19:00:00,15394.0
2013-06-21 20:00:00,14775.0
2013-06-21 21:00:00,13989.0
2013-06-21 22:00:00,13078.0
2013-06-21 23:00:00,9685.0
2013-06-22 00:00:00,6508.0
2013-06-22 01:00:00,6369.0
2013-06-22 02:00:00,5939.0
2013-06-22 03:00:00,5610.0
2013-06-22 04:00:00,5812.0
2013-06-22 05:00:00,6039.0
2013-06-22 06:00:00,8052.0
2013-06-22 07:00:00,11040.0
2013-06-22 08:00:00,12026.0
2013-06-22 09:00:00,15926.0
2013-06-22 10:00:00,15964.0
2013-06-22 11:00:00,16609.0
2013-06-22 12:00:00,19129.0
2013-06-22 13:00:00,19001.0
2013-06-22 14:00:00,20015.0
2013-06-22 15:00:00,18609.0
2013-06-22 16:00:00,19280.0
2013-06-22 17:00:00,18660.0
2013-06-22 18:00:00,18647.0
2013-06-22 19:00:00,18054.0
2013-06-22 20:00:00,15799.0
2013-06-22 21:00:00,15952.0
2013-06-22 22:00:00,14281.0
2013-06-22 23:00:00,11609.0
2013-06-23 00:00:00,6596.0
2013-06-23 01:00:00,6698.0
2013-06-23 02:00:00,6254.0
2013-06-23 03:00:00,5875.0
2013-06-23 04:00:00,6154.0
2013-06-23 05:00:00,6381.0
2013-06-23 06:00:00,8394.0
2013-06-23 07:00:00,11318.0
2013-06-23 08:00:00,12129.0
2013-06-23 09:00:00,15407.0
2013-06-23 10:00:00,16888.0
2013-06-23 11:00:00,17065.0
2013-06-23 12:00:00,18989.0
2013-06-23 13:00:00,19534.0
2013-06-23 14:00:00,20255.0
2013-06-23 15:00:00,20470.0
2013-06-23 16:00:00,20268.0
2013-06-23 17:00:00,19102.0
2013-06-23 18:00:00,19103.0
2013-06-23 19:00:00,18344.0
2013-06-23 20:00:00,16281.0
2013-06-23 21:00:00,15305.0
2013-06-23 22:00:00,13268.0
2013-06-23 23:00:00,6559.0
2013-06-24 00:00:00,6571.0
2013-06-24 01:00:00,6800.0
2013-06-24 02:00:00,6318.0
2013-06-24 03:00:00,6002.0
2013-06-24 04:00:00,6141.0
2013-06-24 05:00:00,6596.0
2013-06-24 06:00:00,8660.0
2013-06-24 07:00:00,11496.0
2013-06-24 08:00:00,12723.0
2013-06-24 09:00:00,15622.0
2013-06-24 10:00:00,18154.0
2013-06-24 11:00:00,19420.0
2013-06-24 12:00:00,19825.0
2013-06-24 13:00:00,20444.0
2013-06-24 14:00:00,21597.0
2013-06-24 15:00:00,19534.0
2013-06-24 16:00:00,20533.0
2013-06-24 17:00:00,20294.0
2013-06-24 18:00:00,19900.0
2013-06-24 19:00:00,20495.0
2013-06-24 20:00:00,18546.0
2013-06-24 21:00:00,16192.0
2013-06-24 22:00:00,13724.0
2013-06-24 23:00:00,10458.0
2013-06-25 00:00:00,6850.0
2013-06-25 01:00:00,6622.0
2013-06-25 02:00:00,6217.0
2013-06-25 03:00:00,6078.0
2013-06-25 04:00:00,6192.0
2013-06-25 05:00:00,6634.0
2013-06-25 06:00:00,8838.0
2013-06-25 07:00:00,12078.0
2013-06-25 08:00:00,13331.0
2013-06-25 09:00:00,16229.0
2013-06-25 10:00:00,18686.0
2013-06-25 11:00:00,20267.0
2013-06-25 12:00:00,20458.0
2013-06-25 13:00:00,20229.0
2013-06-25 14:00:00,21496.0
2013-06-25 15:00:00,19824.0
2013-06-25 16:00:00,20623.0
2013-06-25 17:00:00,19382.0
2013-06-25 18:00:00,19850.0
2013-06-25 19:00:00,20634.0
2013-06-25 20:00:00,18926.0
2013-06-25 21:00:00,16356.0
2013-06-25 22:00:00,14572.0
2013-06-25 23:00:00,10546.0
2013-06-26 00:00:00,7230.0
2013-06-26 01:00:00,7547.0
2013-06-26 02:00:00,6951.0
2013-06-26 03:00:00,6648.0
2013-06-26 04:00:00,6837.0
2013-06-26 05:00:00,6761.0
2013-06-26 06:00:00,9306.0
2013-06-26 07:00:00,11636.0
2013-06-26 08:00:00,13395.0
2013-06-26 09:00:00,18964.0
2013-06-26 10:00:00,20002.0
2013-06-26 11:00:00,20307.0
2013-06-26 12:00:00,19597.0
2013-06-26 13:00:00,19661.0
2013-06-26 14:00:00,21294.0
2013-06-26 15:00:00,20103.0
2013-06-26 16:00:00,19951.0
2013-06-26 17:00:00,19686.0
2013-06-26 18:00:00,19824.0
2013-06-26 19:00:00,19622.0
2013-06-26 20:00:00,18052.0
2013-06-26 21:00:00,15825.0
2013-06-26 22:00:00,14255.0
2013-06-26 23:00:00,10103.0
2013-06-27 00:00:00,6850.0
2013-06-27 01:00:00,7090.0
2013-06-27 02:00:00,6787.0
2013-06-27 03:00:00,6407.0
2013-06-27 04:00:00,6685.0
2013-06-27 05:00:00,6469.0
2013-06-27 06:00:00,8395.0
2013-06-27 07:00:00,11332.0
2013-06-27 08:00:00,12913.0
2013-06-27 09:00:00,15635.0
2013-06-27 10:00:00,18546.0
2013-06-27 11:00:00,19533.0
2013-06-27 12:00:00,18786.0
2013-06-27 13:00:00,18964.0
2013-06-27 14:00:00,20066.0
2013-06-27 15:00:00,19686.0
2013-06-27 16:00:00,20015.0
2013-06-27 17:00:00,19040.0
2013-06-27 18:00:00,18698.0
2013-06-27 19:00:00,19319.0
2013-06-27 20:00:00,18103.0
2013-06-27 21:00:00,16090.0
2013-06-27 22:00:00,14636.0
2013-06-27 23:00:00,10634.0
2013-06-28 00:00:00,6179.0
2013-06-28 01:00:00,6520.0
2013-06-28 02:00:00,6078.0
2013-06-28 03:00:00,5774.0
2013-06-28 04:00:00,6091.0
2013-06-28 05:00:00,6266.0
2013-06-28 06:00:00,8432.0
2013-06-28 07:00:00,11571.0
2013-06-28 08:00:00,13229.0
2013-06-28 09:00:00,15926.0
2013-06-28 10:00:00,16432.0
2013-06-28 11:00:00,16179.0
2013-06-28 12:00:00,17230.0
2013-06-28 13:00:00,20028.0
2013-06-28 14:00:00,21154.0
2013-06-28 15:00:00,19749.0
2013-06-28 16:00:00,19950.0
2013-06-28 17:00:00,19457.0
2013-06-28 18:00:00,19559.0
2013-06-28 19:00:00,20153.0
2013-06-28 20:00:00,18331.0
2013-06-28 21:00:00,15975.0
2013-06-28 22:00:00,13445.0
2013-06-28 23:00:00,10748.0
2013-06-29 00:00:00,6737.0
2013-06-29 01:00:00,6420.0
2013-06-29 02:00:00,5876.0
2013-06-29 03:00:00,5496.0
2013-06-29 04:00:00,6027.0
2013-06-29 05:00:00,6041.0
2013-06-29 06:00:00,8230.0
2013-06-29 07:00:00,10723.0
2013-06-29 08:00:00,12724.0
2013-06-29 09:00:00,15546.0
2013-06-29 10:00:00,15813.0
2013-06-29 11:00:00,18305.0
2013-06-29 12:00:00,20293.0
2013-06-29 13:00:00,20078.0
2013-06-29 14:00:00,20407.0
2013-06-29 15:00:00,19154.0
2013-06-29 16:00:00,20091.0
2013-06-29 17:00:00,19344.0
2013-06-29 18:00:00,20166.0
2013-06-29 19:00:00,20963.0
2013-06-29 20:00:00,19294.0
2013-06-29 21:00:00,17242.0
2013-06-29 22:00:00,13611.0
2013-06-29 23:00:00,11027.0
2013-06-30 00:00:00,6381.0
2013-06-30 01:00:00,6407.0
2013-06-30 02:00:00,6104.0
2013-06-30 03:00:00,5635.0
2013-06-30 04:00:00,6167.0
2013-06-30 05:00:00,6241.0
2013-06-30 06:00:00,8267.0
2013-06-30 07:00:00,10723.0
2013-06-30 08:00:00,13243.0
2013-06-30 09:00:00,14571.0
2013-06-30 10:00:00,15837.0
2013-06-30 11:00:00,19357.0
2013-06-30 12:00:00,19178.0
2013-06-30 13:00:00,20027.0
2013-06-30 14:00:00,20103.0
2013-06-30 15:00:00,19534.0
2013-06-30 16:00:00,20128.0
2013-06-30 17:00:00,19204.0
2013-06-30 18:00:00,20014.0
2013-06-30 19:00:00,20281.0
2013-06-30 20:00:00,18395.0
2013-06-30 21:00:00,15964.0
2013-06-30 22:00:00,11824.0
2013-06-30 23:00:00,6926.0
2013-07-01 00:00:00,6533.0
2013-07-01 01:00:00,6761.0
2013-07-01 02:00:00,6356.0
2013-07-01 03:00:00,5901.0
2013-07-01 04:00:00,6306.0
2013-07-01 05:00:00,6419.0
2013-07-01 06:00:00,9116.0
2013-07-01 07:00:00,11634.0
2013-07-01 08:00:00,12672.0
2013-07-01 09:00:00,15749.0
2013-07-01 10:00:00,17850.0
2013-07-01 11:00:00,19762.0
2013-07-01 12:00:00,20332.0
2013-07-01 13:00:00,19862.0
2013-07-01 14:00:00,19445.0
2013-07-01 15:00:00,18913.0
2013-07-01 16:00:00,19178.0
2013-07-01 17:00:00,17659.0
2013-07-01 18:00:00,18673.0
2013-07-01 19:00:00,19990.0
2013-07-01 20:00:00,18773.0
2013-07-01 21:00:00,16028.0
2013-07-01 22:00:00,14243.0
2013-07-01 23:00:00,11002.0
2013-07-02 00:00:00,6737.0
2013-07-02 01:00:00,6408.0
2013-07-02 02:00:00,5888.0
2013-07-02 03:00:00,5622.0
2013-07-02 04:00:00,5939.0
2013-07-02 05:00:00,6444.0
2013-07-02 06:00:00,8546.0
2013-07-02 07:00:00,12331.0
2013-07-02 08:00:00,12623.0
2013-07-02 09:00:00,14596.0
2013-07-02 10:00:00,15243.0
2013-07-02 11:00:00,16938.0
2013-07-02 12:00:00,19660.0
2013-07-02 13:00:00,20040.0
2013-07-02 14:00:00,19395.0
2013-07-02 15:00:00,18775.0
2013-07-02 16:00:00,19066.0
2013-07-02 17:00:00,18192.0
2013-07-02 18:00:00,18800.0
2013-07-02 19:00:00,19826.0
2013-07-02 20:00:00,17799.0
2013-07-02 21:00:00,15698.0
2013-07-02 22:00:00,13218.0
2013-07-02 23:00:00,9850.0
2013-07-03 00:00:00,6231.0
2013-07-03 01:00:00,6141.0
2013-07-03 02:00:00,5761.0
2013-07-03 03:00:00,5572.0
2013-07-03 04:00:00,5762.0
2013-07-03 05:00:00,6217.0
2013-07-03 06:00:00,8583.0
2013-07-03 07:00:00,11711.0
2013-07-03 08:00:00,12217.0
2013-07-03 09:00:00,14521.0
2013-07-03 10:00:00,15508.0
2013-07-03 11:00:00,17825.0
2013-07-03 12:00:00,18939.0
2013-07-03 13:00:00,18837.0
2013-07-03 14:00:00,19307.0
2013-07-03 15:00:00,18913.0
2013-07-03 16:00:00,19420.0
2013-07-03 17:00:00,18484.0
2013-07-03 18:00:00,18977.0
2013-07-03 19:00:00,20204.0
2013-07-03 20:00:00,18672.0
2013-07-03 21:00:00,16534.0
2013-07-03 22:00:00,14457.0
2013-07-03 23:00:00,10153.0
2013-07-04 00:00:00,6597.0
2013-07-04 01:00:00,6673.0
2013-07-04 02:00:00,6306.0
2013-07-04 03:00:00,6142.0
2013-07-04 04:00:00,6243.0
2013-07-04 05:00:00,6457.0
2013-07-04 06:00:00,8761.0
2013-07-04 07:00:00,12483.0
2013-07-04 08:00:00,12825.0
2013-07-04 09:00:00,18636.0
2013-07-04 10:00:00,19762.0
2013-07-04 11:00:00,20243.0
2013-07-04 12:00:00,21533.0
2013-07-04 13:00:00,20558.0
2013-07-04 14:00:00,20812.0
2013-07-04 15:00:00,20851.0
2013-07-04 16:00:00,20951.0
2013-07-04 17:00:00,20242.0
2013-07-04 18:00:00,20445.0
2013-07-04 19:00:00,20925.0
2013-07-04 20:00:00,18787.0
2013-07-04 21:00:00,16407.0
2013-07-04 22:00:00,14255.0
2013-07-04 23:00:00,11470.0
2013-07-05 00:00:00,6597.0
2013-07-05 01:00:00,6546.0
2013-07-05 02:00:00,6407.0
2013-07-05 03:00:00,6091.0
2013-07-05 04:00:00,6394.0
2013-07-05 05:00:00,6508.0
2013-07-05 06:00:00,8673.0
2013-07-05 07:00:00,12394.0
2013-07-05 08:00:00,12394.0
2013-07-05 09:00:00,18167.0
2013-07-05 10:00:00,19875.0
2013-07-05 11:00:00,21394.0
2013-07-05 12:00:00,21369.0
2013-07-05 13:00:00,20496.0
2013-07-05 14:00:00,21547.0
2013-07-05 15:00:00,20825.0
2013-07-05 16:00:00,21622.0
2013-07-05 17:00:00,20534.0
2013-07-05 18:00:00,21191.0
2013-07-05 19:00:00,22293.0
2013-07-05 20:00:00,19774.0
2013-07-05 21:00:00,16001.0
2013-07-05 22:00:00,13938.0
2013-07-05 23:00:00,10420.0
2013-07-06 00:00:00,6584.0
2013-07-06 01:00:00,6813.0
2013-07-06 02:00:00,6229.0
2013-07-06 03:00:00,6078.0
2013-07-06 04:00:00,6331.0
2013-07-06 05:00:00,6786.0
2013-07-06 06:00:00,8875.0
2013-07-06 07:00:00,12331.0
2013-07-06 08:00:00,12889.0
2013-07-06 09:00:00,18141.0
2013-07-06 10:00:00,20104.0
2013-07-06 11:00:00,20584.0
2013-07-06 12:00:00,20546.0
2013-07-06 13:00:00,21014.0
2013-07-06 14:00:00,21572.0
2013-07-06 15:00:00,20103.0
2013-07-06 16:00:00,20736.0
2013-07-06 17:00:00,20053.0
2013-07-06 18:00:00,20268.0
2013-07-06 19:00:00,21091.0
2013-07-06 20:00:00,20091.0
2013-07-06 21:00:00,17306.0
2013-07-06 22:00:00,14116.0
2013-07-06 23:00:00,11204.0
2013-07-07 00:00:00,6470.0
2013-07-07 01:00:00,6749.0
2013-07-07 02:00:00,6129.0
2013-07-07 03:00:00,5976.0
2013-07-07 04:00:00,6180.0
2013-07-07 05:00:00,6685.0
2013-07-07 06:00:00,8724.0
2013-07-07 07:00:00,11775.0
2013-07-07 08:00:00,12255.0
2013-07-07 09:00:00,18408.0
2013-07-07 10:00:00,19622.0
2013-07-07 11:00:00,20382.0
2013-07-07 12:00:00,20205.0
2013-07-07 13:00:00,19927.0
2013-07-07 14:00:00,21167.0
2013-07-07 15:00:00,20091.0
2013-07-07 16:00:00,20330.0
2013-07-07 17:00:00,18977.0
2013-07-07 18:00:00,19533.0
2013-07-07 19:00:00,21128.0
2013-07-07 20:00:00,19064.0
2013-07-07 21:00:00,15965.0
2013-07-07 22:00:00,12330.0
2013-07-07 23:00:00,7166.0
2013-07-08 00:00:00,6421.0
2013-07-08 01:00:00,6800.0
2013-07-08 02:00:00,6104.0
2013-07-08 03:00:00,6015.0
2013-07-08 04:00:00,6141.0
2013-07-08 05:00:00,6622.0
2013-07-08 06:00:00,8875.0
2013-07-08 07:00:00,12231.0
2013-07-08 08:00:00,12698.0
2013-07-08 09:00:00,18572.0
2013-07-08 10:00:00,19218.0
2013-07-08 11:00:00,21470.0
2013-07-08 12:00:00,20218.0
2013-07-08 13:00:00,20609.0
2013-07-08 14:00:00,20508.0
2013-07-08 15:00:00,20116.0
2013-07-08 16:00:00,20230.0
2013-07-08 17:00:00,19837.0
2013-07-08 18:00:00,20179.0
2013-07-08 19:00:00,20864.0
2013-07-08 20:00:00,19268.0
2013-07-08 21:00:00,16584.0
2013-07-08 22:00:00,13737.0
2013-07-08 23:00:00,11305.0
2013-07-09 00:00:00,7116.0
2013-07-09 01:00:00,6863.0
2013-07-09 02:00:00,6218.0
2013-07-09 03:00:00,6065.0
2013-07-09 04:00:00,6394.0
2013-07-09 05:00:00,6622.0
2013-07-09 06:00:00,8876.0
2013-07-09 07:00:00,12040.0
2013-07-09 08:00:00,12697.0
2013-07-09 09:00:00,15345.0
2013-07-09 10:00:00,15939.0
2013-07-09 11:00:00,16179.0
2013-07-09 12:00:00,20268.0
2013-07-09 13:00:00,20255.0
2013-07-09 14:00:00,20254.0
2013-07-09 15:00:00,19509.0
2013-07-09 16:00:00,20685.0
2013-07-09 17:00:00,19876.0
2013-07-09 18:00:00,19610.0
2013-07-09 19:00:00,20749.0
2013-07-09 20:00:00,19242.0
2013-07-09 21:00:00,15723.0
2013-07-09 22:00:00,13584.0
2013-07-09 23:00:00,10016.0
2013-07-10 00:00:00,6255.0
2013-07-10 01:00:00,6470.0
2013-07-10 02:00:00,6090.0
2013-07-10 03:00:00,5799.0
2013-07-10 04:00:00,6166.0
2013-07-10 05:00:00,6559.0
2013-07-10 06:00:00,8572.0
2013-07-10 07:00:00,12230.0
2013-07-10 08:00:00,12420.0
2013-07-10 09:00:00,18192.0
2013-07-10 10:00:00,19774.0
2013-07-10 11:00:00,19950.0
2013-07-10 12:00:00,19811.0
2013-07-10 13:00:00,20255.0
2013-07-10 14:00:00,20711.0
2013-07-10 15:00:00,20331.0
2013-07-10 16:00:00,19863.0
2013-07-10 17:00:00,19495.0
2013-07-10 18:00:00,19622.0
2013-07-10 19:00:00,20128.0
2013-07-10 20:00:00,18609.0
2013-07-10 21:00:00,15495.0
2013-07-10 22:00:00,13773.0
2013-07-10 23:00:00,9988.0
2013-07-11 00:00:00,6268.0
2013-07-11 01:00:00,6407.0
2013-07-11 02:00:00,5888.0
2013-07-11 03:00:00,5711.0
2013-07-11 04:00:00,6218.0
2013-07-11 05:00:00,6736.0
2013-07-11 06:00:00,9180.0
2013-07-11 07:00:00,11849.0
2013-07-11 08:00:00,12268.0
2013-07-11 09:00:00,18534.0
2013-07-11 10:00:00,19914.0
2013-07-11 11:00:00,20419.0
2013-07-11 12:00:00,20914.0
2013-07-11 13:00:00,20344.0
2013-07-11 14:00:00,20369.0
2013-07-11 15:00:00,18989.0
2013-07-11 16:00:00,19167.0
2013-07-11 17:00:00,18838.0
2013-07-11 18:00:00,19216.0
2013-07-11 19:00:00,19584.0
2013-07-11 20:00:00,18560.0
2013-07-11 21:00:00,16951.0
2013-07-11 22:00:00,13990.0
2013-07-11 23:00:00,9520.0
2013-07-12 00:00:00,6521.0
2013-07-12 01:00:00,6559.0
2013-07-12 02:00:00,6040.0
2013-07-12 03:00:00,6002.0
2013-07-12 04:00:00,6167.0
2013-07-12 05:00:00,6370.0
2013-07-12 06:00:00,8850.0
2013-07-12 07:00:00,11787.0
2013-07-12 08:00:00,13192.0
2013-07-12 09:00:00,15344.0
2013-07-12 10:00:00,16028.0
2013-07-12 11:00:00,16230.0
2013-07-12 12:00:00,15976.0
2013-07-12 13:00:00,15508.0
2013-07-12 14:00:00,16141.0
2013-07-12 15:00:00,14711.0
2013-07-12 16:00:00,15495.0
2013-07-12 17:00:00,16711.0
2013-07-12 18:00:00,16027.0
2013-07-12 19:00:00,15978.0
2013-07-12 20:00:00,15142.0
2013-07-12 21:00:00,14381.0
2013-07-12 22:00:00,13154.0
2013-07-12 23:00:00,9926.0
2013-07-13 00:00:00,6445.0
2013-07-13 01:00:00,6647.0
2013-07-13 02:00:00,6039.0
2013-07-13 03:00:00,5913.0
2013-07-13 04:00:00,6204.0
2013-07-13 05:00:00,6444.0
2013-07-13 06:00:00,8875.0
2013-07-13 07:00:00,11939.0
2013-07-13 08:00:00,12090.0
2013-07-13 09:00:00,15218.0
2013-07-13 10:00:00,15812.0
2013-07-13 11:00:00,15509.0
2013-07-13 12:00:00,15950.0
2013-07-13 13:00:00,16028.0
2013-07-13 14:00:00,15788.0
2013-07-13 15:00:00,14977.0
2013-07-13 16:00:00,15927.0
2013-07-13 17:00:00,15660.0
2013-07-13 18:00:00,15585.0
2013-07-13 19:00:00,15963.0
2013-07-13 20:00:00,14824.0
2013-07-13 21:00:00,14533.0
2013-07-13 22:00:00,13281.0
2013-07-13 23:00:00,10647.0
2013-07-14 00:00:00,6598.0
2013-07-14 01:00:00,6660.0
2013-07-14 02:00:00,6470.0
2013-07-14 03:00:00,6077.0
2013-07-14 04:00:00,6280.0
2013-07-14 05:00:00,6685.0
2013-07-14 06:00:00,8648.0
2013-07-14 07:00:00,11609.0
2013-07-14 08:00:00,11723.0
2013-07-14 09:00:00,15280.0
2013-07-14 10:00:00,15724.0
2013-07-14 11:00:00,15383.0
2013-07-14 12:00:00,16192.0
2013-07-14 13:00:00,15421.0
2013-07-14 14:00:00,16217.0
2013-07-14 15:00:00,14977.0
2013-07-14 16:00:00,16179.0
2013-07-14 17:00:00,15839.0
2013-07-14 18:00:00,15952.0
2013-07-14 19:00:00,15888.0
2013-07-14 20:00:00,14775.0
2013-07-14 21:00:00,14015.0
2013-07-14 22:00:00,11482.0
2013-07-14 23:00:00,6458.0
2013-07-15 00:00:00,6204.0
2013-07-15 01:00:00,6622.0
2013-07-15 02:00:00,5926.0
2013-07-15 03:00:00,5964.0
2013-07-15 04:00:00,6166.0
2013-07-15 05:00:00,6268.0
2013-07-15 06:00:00,8255.0
2013-07-15 07:00:00,11166.0
2013-07-15 08:00:00,12622.0
2013-07-15 09:00:00,15394.0
2013-07-15 10:00:00,15850.0
2013-07-15 11:00:00,15178.0
2013-07-15 12:00:00,14876.0
2013-07-15 13:00:00,15179.0
2013-07-15 14:00:00,15787.0
2013-07-15 15:00:00,15344.0
2013-07-15 16:00:00,15976.0
2013-07-15 17:00:00,15989.0
2013-07-15 18:00:00,16179.0
2013-07-15 19:00:00,16394.0
2013-07-15 20:00:00,14863.0
2013-07-15 21:00:00,14736.0
2013-07-15 22:00:00,13483.0
2013-07-15 23:00:00,11040.0
2013-07-16 00:00:00,8344.0
2013-07-16 01:00:00,7685.0
2013-07-16 02:00:00,7014.0
2013-07-16 03:00:00,5901.0
2013-07-16 04:00:00,5989.0
2013-07-16 05:00:00,6407.0
2013-07-16 06:00:00,8420.0
2013-07-16 07:00:00,11787.0
2013-07-16 08:00:00,12634.0
2013-07-16 09:00:00,18560.0
2013-07-16 10:00:00,20634.0
2013-07-16 11:00:00,19850.0
2013-07-16 12:00:00,19369.0
2013-07-16 13:00:00,19166.0
2013-07-16 14:00:00,20686.0
2013-07-16 15:00:00,19128.0
2013-07-16 16:00:00,19306.0
2013-07-16 17:00:00,18876.0
2013-07-16 18:00:00,18837.0
2013-07-16 19:00:00,18888.0
2013-07-16 20:00:00,17825.0
2013-07-16 21:00:00,15559.0
2013-07-16 22:00:00,13255.0
2013-07-16 23:00:00,10888.0
2013-07-17 00:00:00,6420.0
2013-07-17 01:00:00,6293.0
2013-07-17 02:00:00,5736.0
2013-07-17 03:00:00,5559.0
2013-07-17 04:00:00,5787.0
2013-07-17 05:00:00,6268.0
2013-07-17 06:00:00,8052.0
2013-07-17 07:00:00,10977.0
2013-07-17 08:00:00,12724.0
2013-07-17 09:00:00,18014.0
2013-07-17 10:00:00,20357.0
2013-07-17 11:00:00,19572.0
2013-07-17 12:00:00,19901.0
2013-07-17 13:00:00,18887.0
2013-07-17 14:00:00,19255.0
2013-07-17 15:00:00,18647.0
2013-07-17 16:00:00,19445.0
2013-07-17 17:00:00,18661.0
2013-07-17 18:00:00,19254.0
2013-07-17 19:00:00,19775.0
2013-07-17 20:00:00,18243.0
2013-07-17 21:00:00,15661.0
2013-07-17 22:00:00,14154.0
2013-07-17 23:00:00,11470.0
2013-07-18 00:00:00,6839.0
2013-07-18 01:00:00,6305.0
2013-07-18 02:00:00,5926.0
2013-07-18 03:00:00,5610.0
2013-07-18 04:00:00,5812.0
2013-07-18 05:00:00,6039.0
2013-07-18 06:00:00,8204.0
2013-07-18 07:00:00,11318.0
2013-07-18 08:00:00,12420.0
2013-07-18 09:00:00,15217.0
2013-07-18 10:00:00,16167.0
2013-07-18 11:00:00,15850.0
2013-07-18 12:00:00,15762.0
2013-07-18 13:00:00,15646.0
2013-07-18 14:00:00,18697.0
2013-07-18 15:00:00,19064.0
2013-07-18 16:00:00,19331.0
2013-07-18 17:00:00,19597.0
2013-07-18 18:00:00,18913.0
2013-07-18 19:00:00,19736.0
2013-07-18 20:00:00,18306.0
2013-07-18 21:00:00,16243.0
2013-07-18 22:00:00,13508.0
2013-07-18 23:00:00,10774.0
2013-07-19 00:00:00,6863.0
2013-07-19 01:00:00,6330.0
2013-07-19 02:00:00,5913.0
2013-07-19 03:00:00,5800.0
2013-07-19 04:00:00,6065.0
2013-07-19 05:00:00,6268.0
2013-07-19 06:00:00,8939.0
2013-07-19 07:00:00,11610.0
2013-07-19 08:00:00,12433.0
2013-07-19 09:00:00,15533.0
2013-07-19 10:00:00,15685.0
2013-07-19 11:00:00,15370.0
2013-07-19 12:00:00,19343.0
2013-07-19 13:00:00,19141.0
2013-07-19 14:00:00,19280.0
2013-07-19 15:00:00,19002.0
2013-07-19 16:00:00,19888.0
2013-07-19 17:00:00,19483.0
2013-07-19 18:00:00,19179.0
2013-07-19 19:00:00,19622.0
2013-07-19 20:00:00,18686.0
2013-07-19 21:00:00,16508.0
2013-07-19 22:00:00,13558.0
2013-07-19 23:00:00,10255.0
2013-07-20 00:00:00,6230.0
2013-07-20 01:00:00,6357.0
2013-07-20 02:00:00,5826.0
2013-07-20 03:00:00,5749.0
2013-07-20 04:00:00,5812.0
2013-07-20 05:00:00,5482.0
2013-07-20 06:00:00,8445.0
2013-07-20 07:00:00,11154.0
2013-07-20 08:00:00,12065.0
2013-07-20 09:00:00,17812.0
2013-07-20 10:00:00,19825.0
2013-07-20 11:00:00,20381.0
2013-07-20 12:00:00,20180.0
2013-07-20 13:00:00,19509.0
2013-07-20 14:00:00,20546.0
2013-07-20 15:00:00,18635.0
2013-07-20 16:00:00,18774.0
2013-07-20 17:00:00,18394.0
2013-07-20 18:00:00,18761.0
2013-07-20 19:00:00,19204.0
2013-07-20 20:00:00,18736.0
2013-07-20 21:00:00,15306.0
2013-07-20 22:00:00,12874.0
2013-07-20 23:00:00,9495.0
2013-07-21 00:00:00,6090.0
2013-07-21 01:00:00,6104.0
2013-07-21 02:00:00,5736.0
2013-07-21 03:00:00,5495.0
2013-07-21 04:00:00,5685.0
2013-07-21 05:00:00,6229.0
2013-07-21 06:00:00,7976.0
2013-07-21 07:00:00,11521.0
2013-07-21 08:00:00,11584.0
2013-07-21 09:00:00,17888.0
2013-07-21 10:00:00,19634.0
2013-07-21 11:00:00,19407.0
2013-07-21 12:00:00,19521.0
2013-07-21 13:00:00,19673.0
2013-07-21 14:00:00,19432.0
2013-07-21 15:00:00,17837.0
2013-07-21 16:00:00,18066.0
2013-07-21 17:00:00,17952.0
2013-07-21 18:00:00,18064.0
2013-07-21 19:00:00,18749.0
2013-07-21 20:00:00,17535.0
2013-07-21 21:00:00,14268.0
2013-07-21 22:00:00,10306.0
2013-07-21 23:00:00,5900.0
2013-07-22 00:00:00,5862.0
2013-07-22 01:00:00,6091.0
2013-07-22 02:00:00,5661.0
2013-07-22 03:00:00,5521.0
2013-07-22 04:00:00,5610.0
2013-07-22 05:00:00,6077.0
2013-07-22 06:00:00,8090.0
2013-07-22 07:00:00,11457.0
2013-07-22 08:00:00,12141.0
2013-07-22 09:00:00,15737.0
2013-07-22 10:00:00,15648.0
2013-07-22 11:00:00,15446.0
2013-07-22 12:00:00,16597.0
2013-07-22 13:00:00,19406.0
2013-07-22 14:00:00,20521.0
2013-07-22 15:00:00,18660.0
2013-07-22 16:00:00,18800.0
2013-07-22 17:00:00,18205.0
2013-07-22 18:00:00,19002.0
2013-07-22 19:00:00,19319.0
2013-07-22 20:00:00,18319.0
2013-07-22 21:00:00,15800.0
2013-07-22 22:00:00,13191.0
2013-07-22 23:00:00,9774.0
2013-07-23 00:00:00,6457.0
2013-07-23 01:00:00,6635.0
2013-07-23 02:00:00,6154.0
2013-07-23 03:00:00,5875.0
2013-07-23 04:00:00,5964.0
2013-07-23 05:00:00,6090.0
2013-07-23 06:00:00,8103.0
2013-07-23 07:00:00,11218.0
2013-07-23 08:00:00,12547.0
2013-07-23 09:00:00,14546.0
2013-07-23 10:00:00,15040.0
2013-07-23 11:00:00,16749.0
2013-07-23 12:00:00,18723.0
2013-07-23 13:00:00,18634.0
2013-07-23 14:00:00,18597.0
2013-07-23 15:00:00,18280.0
2013-07-23 16:00:00,19458.0
2013-07-23 17:00:00,18242.0
2013-07-23 18:00:00,18636.0
2013-07-23 19:00:00,18927.0
2013-07-23 20:00:00,18091.0
2013-07-23 21:00:00,15520.0
2013-07-23 22:00:00,12939.0
2013-07-23 23:00:00,9761.0
2013-07-24 00:00:00,6003.0
2013-07-24 01:00:00,6154.0
2013-07-24 02:00:00,5712.0
2013-07-24 03:00:00,5508.0
2013-07-24 04:00:00,5750.0
2013-07-24 05:00:00,6015.0
2013-07-24 06:00:00,8027.0
2013-07-24 07:00:00,10697.0
2013-07-24 08:00:00,12533.0
2013-07-24 09:00:00,14963.0
2013-07-24 10:00:00,14636.0
2013-07-24 11:00:00,16571.0
2013-07-24 12:00:00,17989.0
2013-07-24 13:00:00,18407.0
2013-07-24 14:00:00,18698.0
2013-07-24 15:00:00,18913.0
2013-07-24 16:00:00,19913.0
2013-07-24 17:00:00,18496.0
2013-07-24 18:00:00,18395.0
2013-07-24 19:00:00,19635.0
2013-07-24 20:00:00,18735.0
2013-07-24 21:00:00,16281.0
2013-07-24 22:00:00,13281.0
2013-07-24 23:00:00,9762.0
2013-07-25 00:00:00,6800.0
2013-07-25 01:00:00,6433.0
2013-07-25 02:00:00,5874.0
2013-07-25 03:00:00,5673.0
2013-07-25 04:00:00,5938.0
2013-07-25 05:00:00,6165.0
2013-07-25 06:00:00,8281.0
2013-07-25 07:00:00,12027.0
2013-07-25 08:00:00,12040.0
2013-07-25 09:00:00,15850.0
2013-07-25 10:00:00,15381.0
2013-07-25 11:00:00,15534.0
2013-07-25 12:00:00,15205.0
2013-07-25 13:00:00,16572.0
2013-07-25 14:00:00,19509.0
2013-07-25 15:00:00,19014.0
2013-07-25 16:00:00,19420.0
2013-07-25 17:00:00,18661.0
2013-07-25 18:00:00,18508.0
2013-07-25 19:00:00,19408.0
2013-07-25 20:00:00,18900.0
2013-07-25 21:00:00,16230.0
2013-07-25 22:00:00,13546.0
2013-07-25 23:00:00,9799.0
2013-07-26 00:00:00,6509.0
2013-07-26 01:00:00,6533.0
2013-07-26 02:00:00,5837.0
2013-07-26 03:00:00,5850.0
2013-07-26 04:00:00,5913.0
2013-07-26 05:00:00,6280.0
2013-07-26 06:00:00,8242.0
2013-07-26 07:00:00,11812.0
2013-07-26 08:00:00,12230.0
2013-07-26 09:00:00,15053.0
2013-07-26 10:00:00,15585.0
2013-07-26 11:00:00,15345.0
2013-07-26 12:00:00,15901.0
2013-07-26 13:00:00,15698.0
2013-07-26 14:00:00,16305.0
2013-07-26 15:00:00,14964.0
2013-07-26 16:00:00,15129.0
2013-07-26 17:00:00,14710.0
2013-07-26 18:00:00,14913.0
2013-07-26 19:00:00,16002.0
2013-07-26 20:00:00,14546.0
2013-07-26 21:00:00,13572.0
2013-07-26 22:00:00,12293.0
2013-07-26 23:00:00,9559.0
2013-07-27 00:00:00,6129.0
2013-07-27 01:00:00,6268.0
2013-07-27 02:00:00,5990.0
2013-07-27 03:00:00,5547.0
2013-07-27 04:00:00,5824.0
2013-07-27 05:00:00,5951.0
2013-07-27 06:00:00,8103.0
2013-07-27 07:00:00,10951.0
2013-07-27 08:00:00,13091.0
2013-07-27 09:00:00,15381.0
2013-07-27 10:00:00,16343.0
2013-07-27 11:00:00,16078.0
2013-07-27 12:00:00,15533.0
2013-07-27 13:00:00,16167.0
2013-07-27 14:00:00,15281.0
2013-07-27 15:00:00,14925.0
2013-07-27 16:00:00,14762.0
2013-07-27 17:00:00,14357.0
2013-07-27 18:00:00,14787.0
2013-07-27 19:00:00,15319.0
2013-07-27 20:00:00,13685.0
2013-07-27 21:00:00,13306.0
2013-07-27 22:00:00,12546.0
2013-07-27 23:00:00,8762.0
2013-07-28 00:00:00,6192.0
2013-07-28 01:00:00,6255.0
2013-07-28 02:00:00,5913.0
2013-07-28 03:00:00,5635.0
2013-07-28 04:00:00,5825.0
2013-07-28 05:00:00,5977.0
2013-07-28 06:00:00,7862.0
2013-07-28 07:00:00,10901.0
2013-07-28 08:00:00,12572.0
2013-07-28 09:00:00,14862.0
2013-07-28 10:00:00,16191.0
2013-07-28 11:00:00,14736.0
2013-07-28 12:00:00,14711.0
2013-07-28 13:00:00,15243.0
2013-07-28 14:00:00,15331.0
2013-07-28 15:00:00,14597.0
2013-07-28 16:00:00,14368.0
2013-07-28 17:00:00,14091.0
2013-07-28 18:00:00,14471.0
2013-07-28 19:00:00,14888.0
2013-07-28 20:00:00,13698.0
2013-07-28 21:00:00,13242.0
2013-07-28 22:00:00,10875.0
2013-07-28 23:00:00,5989.0
2013-07-29 00:00:00,5900.0
2013-07-29 01:00:00,6166.0
2013-07-29 02:00:00,5836.0
2013-07-29 03:00:00,5610.0
2013-07-29 04:00:00,5799.0
2013-07-29 05:00:00,6090.0
2013-07-29 06:00:00,8141.0
2013-07-29 07:00:00,11166.0
2013-07-29 08:00:00,12521.0
2013-07-29 09:00:00,14887.0
2013-07-29 10:00:00,14407.0
2013-07-29 11:00:00,16293.0
2013-07-29 12:00:00,17142.0
2013-07-29 13:00:00,18724.0
2013-07-29 14:00:00,18420.0
2013-07-29 15:00:00,17698.0
2013-07-29 16:00:00,17711.0
2013-07-29 17:00:00,17672.0
2013-07-29 18:00:00,18091.0
2013-07-29 19:00:00,19103.0
2013-07-29 20:00:00,17332.0
2013-07-29 21:00:00,15129.0
2013-07-29 22:00:00,12812.0
2013-07-29 23:00:00,10622.0
2013-07-30 00:00:00,7319.0
2013-07-30 01:00:00,7521.0
2013-07-30 02:00:00,7065.0
2013-07-30 03:00:00,6799.0
2013-07-30 04:00:00,6496.0
2013-07-30 05:00:00,6254.0
2013-07-30 06:00:00,8267.0
2013-07-30 07:00:00,11711.0
2013-07-30 08:00:00,12699.0
2013-07-30 09:00:00,14812.0
2013-07-30 10:00:00,16142.0
2013-07-30 11:00:00,17838.0
2013-07-30 12:00:00,19116.0
2013-07-30 13:00:00,17078.0
2013-07-30 14:00:00,16508.0
2013-07-30 15:00:00,15597.0
2013-07-30 16:00:00,16040.0
2013-07-30 17:00:00,15812.0
2013-07-30 18:00:00,16559.0
2013-07-30 19:00:00,16710.0
2013-07-30 20:00:00,15471.0
2013-07-30 21:00:00,14989.0
2013-07-30 22:00:00,13369.0
2013-07-30 23:00:00,10014.0
2013-07-31 00:00:00,7092.0
2013-07-31 01:00:00,7331.0
2013-07-31 02:00:00,6875.0
2013-07-31 03:00:00,6724.0
2013-07-31 04:00:00,6774.0
2013-07-31 05:00:00,6356.0
2013-07-31 06:00:00,8534.0
2013-07-31 07:00:00,12001.0
2013-07-31 08:00:00,12331.0
2013-07-31 09:00:00,14990.0
2013-07-31 10:00:00,17091.0
2013-07-31 11:00:00,16039.0
2013-07-31 12:00:00,16357.0
2013-07-31 13:00:00,16191.0
2013-07-31 14:00:00,16129.0
2013-07-31 15:00:00,15749.0
2013-07-31 16:00:00,16699.0
2013-07-31 17:00:00,15799.0
2013-07-31 18:00:00,16673.0
2013-07-31 19:00:00,16977.0
2013-07-31 20:00:00,15470.0
2013-07-31 21:00:00,14976.0
2013-07-31 22:00:00,13205.0
2013-07-31 23:00:00,9863.0
2013-08-01 00:00:00,7027.0
2013-08-01 01:00:00,7103.0
2013-08-01 02:00:00,6268.0
2013-08-01 03:00:00,5636.0
2013-08-01 04:00:00,5800.0
2013-08-01 05:00:00,6243.0
2013-08-01 06:00:00,8280.0
2013-08-01 07:00:00,11862.0
2013-08-01 08:00:00,10597.0
2013-08-01 09:00:00,15698.0
2013-08-01 10:00:00,16471.0
2013-08-01 11:00:00,15521.0
2013-08-01 12:00:00,15660.0
2013-08-01 13:00:00,15230.0
2013-08-01 14:00:00,16218.0
2013-08-01 15:00:00,15977.0
2013-08-01 16:00:00,17052.0
2013-08-01 17:00:00,16319.0
2013-08-01 18:00:00,16039.0
2013-08-01 19:00:00,17104.0
2013-08-01 20:00:00,14990.0
2013-08-01 21:00:00,14559.0
2013-08-01 22:00:00,13103.0
2013-08-01 23:00:00,9925.0
2013-08-02 00:00:00,6393.0
2013-08-02 01:00:00,6660.0
2013-08-02 02:00:00,6128.0
2013-08-02 03:00:00,5939.0
2013-08-02 04:00:00,6191.0
2013-08-02 05:00:00,6381.0
2013-08-02 06:00:00,8597.0
2013-08-02 07:00:00,12002.0
2013-08-02 08:00:00,12623.0
2013-08-02 09:00:00,15762.0
2013-08-02 10:00:00,16912.0
2013-08-02 11:00:00,16344.0
2013-08-02 12:00:00,16483.0
2013-08-02 13:00:00,15851.0
2013-08-02 14:00:00,16154.0
2013-08-02 15:00:00,15698.0
2013-08-02 16:00:00,15761.0
2013-08-02 17:00:00,15508.0
2013-08-02 18:00:00,15370.0
2013-08-02 19:00:00,16850.0
2013-08-02 20:00:00,14889.0
2013-08-02 21:00:00,14268.0
2013-08-02 22:00:00,13091.0
2013-08-02 23:00:00,10458.0
2013-08-03 00:00:00,6343.0
2013-08-03 01:00:00,6331.0
2013-08-03 02:00:00,5964.0
2013-08-03 03:00:00,5724.0
2013-08-03 04:00:00,5824.0
2013-08-03 05:00:00,6217.0
2013-08-03 06:00:00,8419.0
2013-08-03 07:00:00,11015.0
2013-08-03 08:00:00,12395.0
2013-08-03 09:00:00,16066.0
2013-08-03 10:00:00,16292.0
2013-08-03 11:00:00,15875.0
2013-08-03 12:00:00,15432.0
2013-08-03 13:00:00,16420.0
2013-08-03 14:00:00,15813.0
2013-08-03 15:00:00,15952.0
2013-08-03 16:00:00,15293.0
2013-08-03 17:00:00,14888.0
2013-08-03 18:00:00,14914.0
2013-08-03 19:00:00,16344.0
2013-08-03 20:00:00,14686.0
2013-08-03 21:00:00,14053.0
2013-08-03 22:00:00,12736.0
2013-08-03 23:00:00,10635.0
2013-08-04 00:00:00,7091.0
2013-08-04 01:00:00,6306.0
2013-08-04 02:00:00,5749.0
2013-08-04 03:00:00,5647.0
2013-08-04 04:00:00,5939.0
2013-08-04 05:00:00,6053.0
2013-08-04 06:00:00,8471.0
2013-08-04 07:00:00,11204.0
2013-08-04 08:00:00,12319.0
2013-08-04 09:00:00,15167.0
2013-08-04 10:00:00,15433.0
2013-08-04 11:00:00,15294.0
2013-08-04 12:00:00,14685.0
2013-08-04 13:00:00,15115.0
2013-08-04 14:00:00,15268.0
2013-08-04 15:00:00,15382.0
2013-08-04 16:00:00,15307.0
2013-08-04 17:00:00,15154.0
2013-08-04 18:00:00,15153.0
2013-08-04 19:00:00,15914.0
2013-08-04 20:00:00,14444.0
2013-08-04 21:00:00,13989.0
2013-08-04 22:00:00,11699.0
2013-08-04 23:00:00,6484.0
2013-08-05 00:00:00,6255.0
2013-08-05 01:00:00,6508.0
2013-08-05 02:00:00,5927.0
2013-08-05 03:00:00,5748.0
2013-08-05 04:00:00,5989.0
2013-08-05 05:00:00,6091.0
2013-08-05 06:00:00,8255.0
2013-08-05 07:00:00,11357.0
2013-08-05 08:00:00,12293.0
2013-08-05 09:00:00,14673.0
2013-08-05 10:00:00,15649.0
2013-08-05 11:00:00,15862.0
2013-08-05 12:00:00,14887.0
2013-08-05 13:00:00,14900.0
2013-08-05 14:00:00,16028.0
2013-08-05 15:00:00,14698.0
2013-08-05 16:00:00,15660.0
2013-08-05 17:00:00,15166.0
2013-08-05 18:00:00,15040.0
2013-08-05 19:00:00,16395.0
2013-08-05 20:00:00,15217.0
2013-08-05 21:00:00,14357.0
2013-08-05 22:00:00,13040.0
2013-08-05 23:00:00,10610.0
2013-08-06 00:00:00,7180.0
2013-08-06 01:00:00,7344.0
2013-08-06 02:00:00,6989.0
2013-08-06 03:00:00,6799.0
2013-08-06 04:00:00,6927.0
2013-08-06 05:00:00,6634.0
2013-08-06 06:00:00,8711.0
2013-08-06 07:00:00,12154.0
2013-08-06 08:00:00,12749.0
2013-08-06 09:00:00,15484.0
2013-08-06 10:00:00,17065.0
2013-08-06 11:00:00,15951.0
2013-08-06 12:00:00,16167.0
2013-08-06 13:00:00,15482.0
2013-08-06 14:00:00,16584.0
2013-08-06 15:00:00,15635.0
2013-08-06 16:00:00,16319.0
2013-08-06 17:00:00,14913.0
2013-08-06 18:00:00,15799.0
2013-08-06 19:00:00,15874.0
2013-08-06 20:00:00,15116.0
2013-08-06 21:00:00,14382.0
2013-08-06 22:00:00,12913.0
2013-08-06 23:00:00,9458.0
2013-08-07 00:00:00,6470.0
2013-08-07 01:00:00,6280.0
2013-08-07 02:00:00,6015.0
2013-08-07 03:00:00,5762.0
2013-08-07 04:00:00,5913.0
2013-08-07 05:00:00,6268.0
2013-08-07 06:00:00,8863.0
2013-08-07 07:00:00,10927.0
2013-08-07 08:00:00,12129.0
2013-08-07 09:00:00,16103.0
2013-08-07 10:00:00,16685.0
2013-08-07 11:00:00,15292.0
2013-08-07 12:00:00,14876.0
2013-08-07 13:00:00,14951.0
2013-08-07 14:00:00,15078.0
2013-08-07 15:00:00,15141.0
2013-08-07 16:00:00,15509.0
2013-08-07 17:00:00,14394.0
2013-08-07 18:00:00,15027.0
2013-08-07 19:00:00,15736.0
2013-08-07 20:00:00,14445.0
2013-08-07 21:00:00,14332.0
2013-08-07 22:00:00,13014.0
2013-08-07 23:00:00,10382.0
2013-08-08 00:00:00,6218.0
2013-08-08 01:00:00,6230.0
2013-08-08 02:00:00,5951.0
2013-08-08 03:00:00,5711.0
2013-08-08 04:00:00,5749.0
2013-08-08 05:00:00,6167.0
2013-08-08 06:00:00,8141.0
2013-08-08 07:00:00,10939.0
2013-08-08 08:00:00,12343.0
2013-08-08 09:00:00,14496.0
2013-08-08 10:00:00,15559.0
2013-08-08 11:00:00,15774.0
2013-08-08 12:00:00,15193.0
2013-08-08 13:00:00,15382.0
2013-08-08 14:00:00,15838.0
2013-08-08 15:00:00,18066.0
2013-08-08 16:00:00,20736.0
2013-08-08 17:00:00,18938.0
2013-08-08 18:00:00,18851.0
2013-08-08 19:00:00,19749.0
2013-08-08 20:00:00,18370.0
2013-08-08 21:00:00,15319.0
2013-08-08 22:00:00,13267.0
2013-08-08 23:00:00,10154.0
2013-08-09 00:00:00,6230.0
2013-08-09 01:00:00,6318.0
2013-08-09 02:00:00,6078.0
2013-08-09 03:00:00,5812.0
2013-08-09 04:00:00,6117.0
2013-08-09 05:00:00,6508.0
2013-08-09 06:00:00,8445.0
2013-08-09 07:00:00,11673.0
2013-08-09 08:00:00,12229.0
2013-08-09 09:00:00,15736.0
2013-08-09 10:00:00,17154.0
2013-08-09 11:00:00,18862.0
2013-08-09 12:00:00,20255.0
2013-08-09 13:00:00,21054.0
2013-08-09 14:00:00,19951.0
2013-08-09 15:00:00,18698.0
2013-08-09 16:00:00,19597.0
2013-08-09 17:00:00,19381.0
2013-08-09 18:00:00,19292.0
2013-08-09 19:00:00,20179.0
2013-08-09 20:00:00,18748.0
2013-08-09 21:00:00,15876.0
2013-08-09 22:00:00,13027.0
2013-08-09 23:00:00,10065.0
2013-08-10 00:00:00,6458.0
2013-08-10 01:00:00,6533.0
2013-08-10 02:00:00,6015.0
2013-08-10 03:00:00,5889.0
2013-08-10 04:00:00,6179.0
2013-08-10 05:00:00,6482.0
2013-08-10 06:00:00,8445.0
2013-08-10 07:00:00,11811.0
2013-08-10 08:00:00,12850.0
2013-08-10 09:00:00,18786.0
2013-08-10 10:00:00,20660.0
2013-08-10 11:00:00,21470.0
2013-08-10 12:00:00,20154.0
2013-08-10 13:00:00,20078.0
2013-08-10 14:00:00,21445.0
2013-08-10 15:00:00,19609.0
2013-08-10 16:00:00,19547.0
2013-08-10 17:00:00,19749.0
2013-08-10 18:00:00,19230.0
2013-08-10 19:00:00,20534.0
2013-08-10 20:00:00,19420.0
2013-08-10 21:00:00,16546.0
2013-08-10 22:00:00,14406.0
2013-08-10 23:00:00,10002.0
2013-08-11 00:00:00,6445.0
2013-08-11 01:00:00,6545.0
2013-08-11 02:00:00,6230.0
2013-08-11 03:00:00,5964.0
2013-08-11 04:00:00,6381.0
2013-08-11 05:00:00,6534.0
2013-08-11 06:00:00,8369.0
2013-08-11 07:00:00,11483.0
2013-08-11 08:00:00,13370.0
2013-08-11 09:00:00,16749.0
2013-08-11 10:00:00,20040.0
2013-08-11 11:00:00,19774.0
2013-08-11 12:00:00,19697.0
2013-08-11 13:00:00,19801.0
2013-08-11 14:00:00,20736.0
2013-08-11 15:00:00,19660.0
2013-08-11 16:00:00,19673.0
2013-08-11 17:00:00,18964.0
2013-08-11 18:00:00,19129.0
2013-08-11 19:00:00,19457.0
2013-08-11 20:00:00,18408.0
2013-08-11 21:00:00,14989.0
2013-08-11 22:00:00,11306.0
2013-08-11 23:00:00,6496.0
2013-08-12 00:00:00,6205.0
2013-08-12 01:00:00,6356.0
2013-08-12 02:00:00,6129.0
2013-08-12 03:00:00,5938.0
2013-08-12 04:00:00,6129.0
2013-08-12 05:00:00,6622.0
2013-08-12 06:00:00,8356.0
2013-08-12 07:00:00,11546.0
2013-08-12 08:00:00,12989.0
2013-08-12 09:00:00,15027.0
2013-08-12 10:00:00,16824.0
2013-08-12 11:00:00,19534.0
2013-08-12 12:00:00,20090.0
2013-08-12 13:00:00,20090.0
2013-08-12 14:00:00,22078.0
2013-08-12 15:00:00,19584.0
2013-08-12 16:00:00,20420.0
2013-08-12 17:00:00,19813.0
2013-08-12 18:00:00,20053.0
2013-08-12 19:00:00,21230.0
2013-08-12 20:00:00,19305.0
2013-08-12 21:00:00,16509.0
2013-08-12 22:00:00,14027.0
2013-08-12 23:00:00,9179.0
2013-08-13 00:00:00,6824.0
2013-08-13 01:00:00,6913.0
2013-08-13 02:00:00,6698.0
2013-08-13 03:00:00,6318.0
2013-08-13 04:00:00,6204.0
2013-08-13 05:00:00,6280.0
2013-08-13 06:00:00,8774.0
2013-08-13 07:00:00,10736.0
2013-08-13 08:00:00,13179.0
2013-08-13 09:00:00,16205.0
2013-08-13 10:00:00,16153.0
2013-08-13 11:00:00,15698.0
2013-08-13 12:00:00,16318.0
2013-08-13 13:00:00,17293.0
2013-08-13 14:00:00,19938.0
2013-08-13 15:00:00,19647.0
2013-08-13 16:00:00,19862.0
2013-08-13 17:00:00,19913.0
2013-08-13 18:00:00,19229.0
2013-08-13 19:00:00,20280.0
2013-08-13 20:00:00,18357.0
2013-08-13 21:00:00,15381.0
2013-08-13 22:00:00,12965.0
2013-08-13 23:00:00,9686.0
2013-08-14 00:00:00,6369.0
2013-08-14 01:00:00,6546.0
2013-08-14 02:00:00,6128.0
2013-08-14 03:00:00,5901.0
2013-08-14 04:00:00,6116.0
2013-08-14 05:00:00,6370.0
2013-08-14 06:00:00,8355.0
2013-08-14 07:00:00,11192.0
2013-08-14 08:00:00,13192.0
2013-08-14 09:00:00,15685.0
2013-08-14 10:00:00,17964.0
2013-08-14 11:00:00,19166.0
2013-08-14 12:00:00,20964.0
2013-08-14 13:00:00,20218.0
2013-08-14 14:00:00,21421.0
2013-08-14 15:00:00,20952.0
2013-08-14 16:00:00,20621.0
2013-08-14 17:00:00,19559.0
2013-08-14 18:00:00,19611.0
2013-08-14 19:00:00,21826.0
2013-08-14 20:00:00,19053.0
2013-08-14 21:00:00,15913.0
2013-08-14 22:00:00,13280.0
2013-08-14 23:00:00,9483.0
2013-08-15 00:00:00,6432.0
2013-08-15 01:00:00,6458.0
2013-08-15 02:00:00,6293.0
2013-08-15 03:00:00,5876.0
2013-08-15 04:00:00,6191.0
2013-08-15 05:00:00,6496.0
2013-08-15 06:00:00,8521.0
2013-08-15 07:00:00,11077.0
2013-08-15 08:00:00,13470.0
2013-08-15 09:00:00,17141.0
2013-08-15 10:00:00,20078.0
2013-08-15 11:00:00,19736.0
2013-08-15 12:00:00,20254.0
2013-08-15 13:00:00,20684.0
2013-08-15 14:00:00,22091.0
2013-08-15 15:00:00,19812.0
2013-08-15 16:00:00,20470.0
2013-08-15 17:00:00,19129.0
2013-08-15 18:00:00,19407.0
2013-08-15 19:00:00,20761.0
2013-08-15 20:00:00,19218.0
2013-08-15 21:00:00,16673.0
2013-08-15 22:00:00,12433.0
2013-08-15 23:00:00,7066.0
2013-08-16 00:00:00,6471.0
2013-08-16 01:00:00,6470.0
2013-08-16 02:00:00,6280.0
2013-08-16 03:00:00,5950.0
2013-08-16 04:00:00,6116.0
2013-08-16 05:00:00,6420.0
2013-08-16 06:00:00,8128.0
2013-08-16 07:00:00,11129.0
2013-08-16 08:00:00,13103.0
2013-08-16 09:00:00,16141.0
2013-08-16 10:00:00,16723.0
2013-08-16 11:00:00,17812.0
2013-08-16 12:00:00,20205.0
2013-08-16 13:00:00,21154.0
2013-08-16 14:00:00,21876.0
2013-08-16 15:00:00,19724.0
2013-08-16 16:00:00,20634.0
2013-08-16 17:00:00,20154.0
2013-08-16 18:00:00,20331.0
2013-08-16 19:00:00,19990.0
2013-08-16 20:00:00,19445.0
2013-08-16 21:00:00,16850.0
2013-08-16 22:00:00,14065.0
2013-08-16 23:00:00,11040.0
2013-08-17 00:00:00,7154.0
2013-08-17 01:00:00,6559.0
2013-08-17 02:00:00,6218.0
2013-08-17 03:00:00,5963.0
2013-08-17 04:00:00,6077.0
2013-08-17 05:00:00,6597.0
2013-08-17 06:00:00,8344.0
2013-08-17 07:00:00,11508.0
2013-08-17 08:00:00,13496.0
2013-08-17 09:00:00,17621.0
2013-08-17 10:00:00,19787.0
2013-08-17 11:00:00,19837.0
2013-08-17 12:00:00,20205.0
2013-08-17 13:00:00,19825.0
2013-08-17 14:00:00,21673.0
2013-08-17 15:00:00,20900.0
2013-08-17 16:00:00,21901.0
2013-08-17 17:00:00,20926.0
2013-08-17 18:00:00,20331.0
2013-08-17 19:00:00,21167.0
2013-08-17 20:00:00,20040.0
2013-08-17 21:00:00,16623.0
2013-08-17 22:00:00,14610.0
2013-08-17 23:00:00,10179.0
2013-08-18 00:00:00,6900.0
2013-08-18 01:00:00,6647.0
2013-08-18 02:00:00,6432.0
2013-08-18 03:00:00,6027.0
2013-08-18 04:00:00,6356.0
2013-08-18 05:00:00,6648.0
2013-08-18 06:00:00,8331.0
2013-08-18 07:00:00,11977.0
2013-08-18 08:00:00,13014.0
2013-08-18 09:00:00,16736.0
2013-08-18 10:00:00,19722.0
2013-08-18 11:00:00,20508.0
2013-08-18 12:00:00,21078.0
2013-08-18 13:00:00,20002.0
2013-08-18 14:00:00,21369.0
2013-08-18 15:00:00,19432.0
2013-08-18 16:00:00,19647.0
2013-08-18 17:00:00,19268.0
2013-08-18 18:00:00,19457.0
2013-08-18 19:00:00,20039.0
2013-08-18 20:00:00,18913.0
2013-08-18 21:00:00,16078.0
2013-08-18 22:00:00,11952.0
2013-08-18 23:00:00,7154.0
2013-08-19 00:00:00,6622.0
2013-08-19 01:00:00,6837.0
2013-08-19 02:00:00,6533.0
2013-08-19 03:00:00,6065.0
2013-08-19 04:00:00,6444.0
2013-08-19 05:00:00,6812.0
2013-08-19 06:00:00,8711.0
2013-08-19 07:00:00,11800.0
2013-08-19 08:00:00,13192.0
2013-08-19 09:00:00,18192.0
2013-08-19 10:00:00,20483.0
2013-08-19 11:00:00,20079.0
2013-08-19 12:00:00,20913.0
2013-08-19 13:00:00,19458.0
2013-08-19 14:00:00,20787.0
2013-08-19 15:00:00,19926.0
2013-08-19 16:00:00,20154.0
2013-08-19 17:00:00,19521.0
2013-08-19 18:00:00,20318.0
2013-08-19 19:00:00,20811.0
2013-08-19 20:00:00,19635.0
2013-08-19 21:00:00,17559.0
2013-08-19 22:00:00,13939.0
2013-08-19 23:00:00,12090.0
2013-08-20 00:00:00,10420.0
2013-08-20 01:00:00,9597.0
2013-08-20 02:00:00,8786.0
2013-08-20 03:00:00,6546.0
2013-08-20 04:00:00,6685.0
2013-08-20 05:00:00,7052.0
2013-08-20 06:00:00,9117.0
2013-08-20 07:00:00,12217.0
2013-08-20 08:00:00,12940.0
2013-08-20 09:00:00,15584.0
2013-08-20 10:00:00,20078.0
2013-08-20 11:00:00,21648.0
2013-08-20 12:00:00,19496.0
2013-08-20 13:00:00,20078.0
2013-08-20 14:00:00,20774.0
2013-08-20 15:00:00,20482.0
2013-08-20 16:00:00,20521.0
2013-08-20 17:00:00,19533.0
2013-08-20 18:00:00,20001.0
2013-08-20 19:00:00,19483.0
2013-08-20 20:00:00,19496.0
2013-08-20 21:00:00,16609.0
2013-08-20 22:00:00,14597.0
2013-08-20 23:00:00,11470.0
2013-08-21 00:00:00,7128.0
2013-08-21 01:00:00,6571.0
2013-08-21 02:00:00,6155.0
2013-08-21 03:00:00,6053.0
2013-08-21 04:00:00,6268.0
2013-08-21 05:00:00,6748.0
2013-08-21 06:00:00,8521.0
2013-08-21 07:00:00,11483.0
2013-08-21 08:00:00,13078.0
2013-08-21 09:00:00,16039.0
2013-08-21 10:00:00,19774.0
2013-08-21 11:00:00,20407.0
2013-08-21 12:00:00,20344.0
2013-08-21 13:00:00,19799.0
2013-08-21 14:00:00,19799.0
2013-08-21 15:00:00,20318.0
2013-08-21 16:00:00,20039.0
2013-08-21 17:00:00,19103.0
2013-08-21 18:00:00,19305.0
2013-08-21 19:00:00,19597.0
2013-08-21 20:00:00,19015.0
2013-08-21 21:00:00,15559.0
2013-08-21 22:00:00,13040.0
2013-08-21 23:00:00,10242.0
2013-08-22 00:00:00,6091.0
2013-08-22 01:00:00,6242.0
2013-08-22 02:00:00,5851.0
2013-08-22 03:00:00,5597.0
2013-08-22 04:00:00,5875.0
2013-08-22 05:00:00,6242.0
2013-08-22 06:00:00,8255.0
2013-08-22 07:00:00,11281.0
2013-08-22 08:00:00,13217.0
2013-08-22 09:00:00,15204.0
2013-08-22 10:00:00,18104.0
2013-08-22 11:00:00,19737.0
2013-08-22 12:00:00,19774.0
2013-08-22 13:00:00,19634.0
2013-08-22 14:00:00,20824.0
2013-08-22 15:00:00,20369.0
2013-08-22 16:00:00,20192.0
2013-08-22 17:00:00,18647.0
2013-08-22 18:00:00,19420.0
2013-08-22 19:00:00,20686.0
2013-08-22 20:00:00,19597.0
2013-08-22 21:00:00,15648.0
2013-08-22 22:00:00,13331.0
2013-08-22 23:00:00,9977.0
2013-08-23 00:00:00,6318.0
2013-08-23 01:00:00,6242.0
2013-08-23 02:00:00,6027.0
2013-08-23 03:00:00,5763.0
2013-08-23 04:00:00,6053.0
2013-08-23 05:00:00,6268.0
2013-08-23 06:00:00,8178.0
2013-08-23 07:00:00,10963.0
2013-08-23 08:00:00,13027.0
2013-08-23 09:00:00,15724.0
2013-08-23 10:00:00,16407.0
2013-08-23 11:00:00,19484.0
2013-08-23 12:00:00,19951.0
2013-08-23 13:00:00,20205.0
2013-08-23 14:00:00,21330.0
2013-08-23 15:00:00,21242.0
2013-08-23 16:00:00,20660.0
2013-08-23 17:00:00,19964.0
2013-08-23 18:00:00,19712.0
2013-08-23 19:00:00,19901.0
2013-08-23 20:00:00,18622.0
2013-08-23 21:00:00,15850.0
2013-08-23 22:00:00,13444.0
2013-08-23 23:00:00,9875.0
2013-08-24 00:00:00,6471.0
2013-08-24 01:00:00,6470.0
2013-08-24 02:00:00,6205.0
2013-08-24 03:00:00,6090.0
2013-08-24 04:00:00,6317.0
2013-08-24 05:00:00,6432.0
2013-08-24 06:00:00,8496.0
2013-08-24 07:00:00,11395.0
2013-08-24 08:00:00,14306.0
2013-08-24 09:00:00,17572.0
2013-08-24 10:00:00,19787.0
2013-08-24 11:00:00,18901.0
2013-08-24 12:00:00,19610.0
2013-08-24 13:00:00,20280.0
2013-08-24 14:00:00,20787.0
2013-08-24 15:00:00,19951.0
2013-08-24 16:00:00,21344.0
2013-08-24 17:00:00,20318.0
2013-08-24 18:00:00,20001.0
2013-08-24 19:00:00,20748.0
2013-08-24 20:00:00,18863.0
2013-08-24 21:00:00,15546.0
2013-08-24 22:00:00,13166.0
2013-08-24 23:00:00,11141.0
2013-08-25 00:00:00,6876.0
2013-08-25 01:00:00,6407.0
2013-08-25 02:00:00,6053.0
2013-08-25 03:00:00,5914.0
2013-08-25 04:00:00,6015.0
2013-08-25 05:00:00,6280.0
2013-08-25 06:00:00,8014.0
2013-08-25 07:00:00,11039.0
2013-08-25 08:00:00,13230.0
2013-08-25 09:00:00,15672.0
2013-08-25 10:00:00,17875.0
2013-08-25 11:00:00,20015.0
2013-08-25 12:00:00,19483.0
2013-08-25 13:00:00,19039.0
2013-08-25 14:00:00,20800.0
2013-08-25 15:00:00,19850.0
2013-08-25 16:00:00,20458.0
2013-08-25 17:00:00,19812.0
2013-08-25 18:00:00,19736.0
2013-08-25 19:00:00,19951.0
2013-08-25 20:00:00,18369.0
2013-08-25 21:00:00,13610.0
2013-08-25 22:00:00,10343.0
2013-08-25 23:00:00,6433.0
2013-08-26 00:00:00,6419.0
2013-08-26 01:00:00,6356.0
2013-08-26 02:00:00,6142.0
2013-08-26 03:00:00,5901.0
2013-08-26 04:00:00,6103.0
2013-08-26 05:00:00,6508.0
2013-08-26 06:00:00,8394.0
2013-08-26 07:00:00,11292.0
2013-08-26 08:00:00,13217.0
2013-08-26 09:00:00,15522.0
2013-08-26 10:00:00,15989.0
2013-08-26 11:00:00,18116.0
2013-08-26 12:00:00,20015.0
2013-08-26 13:00:00,19990.0
2013-08-26 14:00:00,21522.0
2013-08-26 15:00:00,19736.0
2013-08-26 16:00:00,20166.0
2013-08-26 17:00:00,19813.0
2013-08-26 18:00:00,20382.0
2013-08-26 19:00:00,20243.0
2013-08-26 20:00:00,19039.0
2013-08-26 21:00:00,16533.0
2013-08-26 22:00:00,13318.0
2013-08-26 23:00:00,10471.0
2013-08-27 00:00:00,6419.0
2013-08-27 01:00:00,6318.0
2013-08-27 02:00:00,6053.0
2013-08-27 03:00:00,5800.0
2013-08-27 04:00:00,5990.0
2013-08-27 05:00:00,6420.0
2013-08-27 06:00:00,8344.0
2013-08-27 07:00:00,11268.0
2013-08-27 08:00:00,13307.0
2013-08-27 09:00:00,14977.0
2013-08-27 10:00:00,15761.0
2013-08-27 11:00:00,20585.0
2013-08-27 12:00:00,20269.0
2013-08-27 13:00:00,19901.0
2013-08-27 14:00:00,20065.0
2013-08-27 15:00:00,20343.0
2013-08-27 16:00:00,20369.0
2013-08-27 17:00:00,19192.0
2013-08-27 18:00:00,19419.0
2013-08-27 19:00:00,20356.0
2013-08-27 20:00:00,19571.0
2013-08-27 21:00:00,17204.0
2013-08-27 22:00:00,14673.0
2013-08-27 23:00:00,10154.0
2013-08-28 00:00:00,6268.0
2013-08-28 01:00:00,6356.0
2013-08-28 02:00:00,5914.0
2013-08-28 03:00:00,5724.0
2013-08-28 04:00:00,6116.0
2013-08-28 05:00:00,6218.0
2013-08-28 06:00:00,8281.0
2013-08-28 07:00:00,11256.0
2013-08-28 08:00:00,12787.0
2013-08-28 09:00:00,14990.0
2013-08-28 10:00:00,15850.0
2013-08-28 11:00:00,16522.0
2013-08-28 12:00:00,16128.0
2013-08-28 13:00:00,18053.0
2013-08-28 14:00:00,20204.0
2013-08-28 15:00:00,18976.0
2013-08-28 16:00:00,20217.0
2013-08-28 17:00:00,19989.0
2013-08-28 18:00:00,19610.0
2013-08-28 19:00:00,20597.0
2013-08-28 20:00:00,19761.0
2013-08-28 21:00:00,16900.0
2013-08-28 22:00:00,14597.0
2013-08-28 23:00:00,10090.0
2013-08-29 00:00:00,6319.0
2013-08-29 01:00:00,6331.0
2013-08-29 02:00:00,5926.0
2013-08-29 03:00:00,5812.0
2013-08-29 04:00:00,5977.0
2013-08-29 05:00:00,6216.0
2013-08-29 06:00:00,8394.0
2013-08-29 07:00:00,11217.0
2013-08-29 08:00:00,12762.0
2013-08-29 09:00:00,15495.0
2013-08-29 10:00:00,16356.0
2013-08-29 11:00:00,16015.0
2013-08-29 12:00:00,15534.0
2013-08-29 13:00:00,17977.0
2013-08-29 14:00:00,21205.0
2013-08-29 15:00:00,20028.0
2013-08-29 16:00:00,19256.0
2013-08-29 17:00:00,18685.0
2013-08-29 18:00:00,15989.0
2013-08-29 19:00:00,15673.0
2013-08-29 20:00:00,14432.0
2013-08-29 21:00:00,13988.0
2013-08-29 22:00:00,13028.0
2013-08-29 23:00:00,9521.0
2013-08-30 00:00:00,6495.0
2013-08-30 01:00:00,6419.0
2013-08-30 02:00:00,6103.0
2013-08-30 03:00:00,6052.0
2013-08-30 04:00:00,6053.0
2013-08-30 05:00:00,6255.0
2013-08-30 06:00:00,8597.0
2013-08-30 07:00:00,11343.0
2013-08-30 08:00:00,13445.0
2013-08-30 09:00:00,15723.0
2013-08-30 10:00:00,16508.0
2013-08-30 11:00:00,16914.0
2013-08-30 12:00:00,16483.0
2013-08-30 13:00:00,18521.0
2013-08-30 14:00:00,21205.0
2013-08-30 15:00:00,19787.0
2013-08-30 16:00:00,20293.0
2013-08-30 17:00:00,19837.0
2013-08-30 18:00:00,19913.0
2013-08-30 19:00:00,19990.0
2013-08-30 20:00:00,18952.0
2013-08-30 21:00:00,16408.0
2013-08-30 22:00:00,14128.0
2013-08-30 23:00:00,11255.0
2013-08-31 00:00:00,7306.0
2013-08-31 01:00:00,6812.0
2013-08-31 02:00:00,6697.0
2013-08-31 03:00:00,6281.0
2013-08-31 04:00:00,6710.0
2013-08-31 05:00:00,6799.0
2013-08-31 06:00:00,8572.0
2013-08-31 07:00:00,11659.0
2013-08-31 08:00:00,12737.0
2013-08-31 09:00:00,18762.0
2013-08-31 10:00:00,20825.0
2013-08-31 11:00:00,20711.0
2013-08-31 12:00:00,20736.0
2013-08-31 13:00:00,20737.0
2013-08-31 14:00:00,20698.0
2013-08-31 15:00:00,19989.0
2013-08-31 16:00:00,19926.0
2013-08-31 17:00:00,20230.0
2013-08-31 18:00:00,19952.0
2013-08-31 19:00:00,19762.0
2013-08-31 20:00:00,18406.0
2013-08-31 21:00:00,15737.0
2013-08-31 22:00:00,12864.0
2013-08-31 23:00:00,10939.0
2013-09-01 00:00:00,6217.0
2013-09-01 01:00:00,6357.0
2013-09-01 02:00:00,5952.0
2013-09-01 03:00:00,5647.0
2013-09-01 04:00:00,5863.0
2013-09-01 05:00:00,6142.0
2013-09-01 06:00:00,7925.0
2013-09-01 07:00:00,11433.0
2013-09-01 08:00:00,12319.0
2013-09-01 09:00:00,16722.0
2013-09-01 10:00:00,19547.0
2013-09-01 11:00:00,19432.0
2013-09-01 12:00:00,19028.0
2013-09-01 13:00:00,19191.0
2013-09-01 14:00:00,19711.0
2013-09-01 15:00:00,20699.0
2013-09-01 16:00:00,20191.0
2013-09-01 17:00:00,19053.0
2013-09-01 18:00:00,19483.0
2013-09-01 19:00:00,19521.0
2013-09-01 20:00:00,18218.0
2013-09-01 21:00:00,14458.0
2013-09-01 22:00:00,10672.0
2013-09-01 23:00:00,5901.0
2013-09-02 00:00:00,5938.0
2013-09-02 01:00:00,6167.0
2013-09-02 02:00:00,5787.0
2013-09-02 03:00:00,5572.0
2013-09-02 04:00:00,5799.0
2013-09-02 05:00:00,5976.0
2013-09-02 06:00:00,8065.0
2013-09-02 07:00:00,11609.0
2013-09-02 08:00:00,12332.0
2013-09-02 09:00:00,15090.0
2013-09-02 10:00:00,16242.0
2013-09-02 11:00:00,16128.0
2013-09-02 12:00:00,18496.0
2013-09-02 13:00:00,19799.0
2013-09-02 14:00:00,20952.0
2013-09-02 15:00:00,19939.0
2013-09-02 16:00:00,20066.0
2013-09-02 17:00:00,19484.0
2013-09-02 18:00:00,20141.0
2013-09-02 19:00:00,20988.0
2013-09-02 20:00:00,19128.0
2013-09-02 21:00:00,14799.0
2013-09-02 22:00:00,11318.0
2013-09-02 23:00:00,7116.0
2013-09-03 00:00:00,6382.0
2013-09-03 01:00:00,6545.0
2013-09-03 02:00:00,6079.0
2013-09-03 03:00:00,5863.0
2013-09-03 04:00:00,6027.0
2013-09-03 05:00:00,6165.0
2013-09-03 06:00:00,8571.0
2013-09-03 07:00:00,11305.0
2013-09-03 08:00:00,12280.0
2013-09-03 09:00:00,15154.0
2013-09-03 10:00:00,16015.0
2013-09-03 11:00:00,15761.0
2013-09-03 12:00:00,17204.0
2013-09-03 13:00:00,18521.0
2013-09-03 14:00:00,20218.0
2013-09-03 15:00:00,19495.0
2013-09-03 16:00:00,20242.0
2013-09-03 17:00:00,19800.0
2013-09-03 18:00:00,20115.0
2013-09-03 19:00:00,21052.0
2013-09-03 20:00:00,18686.0
2013-09-03 21:00:00,14495.0
2013-09-03 22:00:00,10559.0
2013-09-03 23:00:00,7040.0
2013-09-04 00:00:00,7141.0
2013-09-04 01:00:00,7254.0
2013-09-04 02:00:00,6673.0
2013-09-04 03:00:00,6559.0
2013-09-04 04:00:00,6837.0
2013-09-04 05:00:00,6546.0
2013-09-04 06:00:00,8596.0
2013-09-04 07:00:00,11319.0
2013-09-04 08:00:00,11864.0
2013-09-04 09:00:00,14875.0
2013-09-04 10:00:00,15901.0
2013-09-04 11:00:00,16217.0
2013-09-04 12:00:00,16661.0
2013-09-04 13:00:00,18585.0
2013-09-04 14:00:00,20306.0
2013-09-04 15:00:00,19547.0
2013-09-04 16:00:00,19938.0
2013-09-04 17:00:00,20104.0
2013-09-04 18:00:00,19331.0
2013-09-04 19:00:00,19585.0
2013-09-04 20:00:00,17825.0
2013-09-04 21:00:00,14205.0
2013-09-04 22:00:00,10142.0
2013-09-04 23:00:00,6027.0
2013-09-05 00:00:00,6167.0
2013-09-05 01:00:00,6446.0
2013-09-05 02:00:00,6027.0
2013-09-05 03:00:00,5648.0
2013-09-05 04:00:00,5912.0
2013-09-05 05:00:00,6280.0
2013-09-05 06:00:00,8446.0
2013-09-05 07:00:00,11344.0
2013-09-05 08:00:00,12343.0
2013-09-05 09:00:00,15331.0
2013-09-05 10:00:00,15925.0
2013-09-05 11:00:00,15356.0
2013-09-05 12:00:00,16078.0
2013-09-05 13:00:00,15446.0
2013-09-05 14:00:00,15761.0
2013-09-05 15:00:00,15028.0
2013-09-05 16:00:00,15674.0
2013-09-05 17:00:00,15255.0
2013-09-05 18:00:00,15571.0
2013-09-05 19:00:00,16116.0
2013-09-05 20:00:00,14634.0
2013-09-05 21:00:00,13685.0
2013-09-05 22:00:00,10457.0
2013-09-05 23:00:00,5989.0
2013-09-06 00:00:00,5952.0
2013-09-06 01:00:00,6204.0
2013-09-06 02:00:00,5724.0
2013-09-06 03:00:00,5547.0
2013-09-06 04:00:00,5774.0
2013-09-06 05:00:00,6052.0
2013-09-06 06:00:00,8002.0
2013-09-06 07:00:00,11547.0
2013-09-06 08:00:00,12280.0
2013-09-06 09:00:00,14888.0
2013-09-06 10:00:00,15597.0
2013-09-06 11:00:00,16255.0
2013-09-06 12:00:00,15585.0
2013-09-06 13:00:00,15216.0
2013-09-06 14:00:00,18674.0
2013-09-06 15:00:00,18635.0
2013-09-06 16:00:00,19585.0
2013-09-06 17:00:00,19231.0
2013-09-06 18:00:00,19685.0
2013-09-06 19:00:00,19483.0
2013-09-06 20:00:00,18065.0
2013-09-06 21:00:00,15078.0
2013-09-06 22:00:00,10129.0
2013-09-06 23:00:00,6445.0
2013-09-07 00:00:00,6078.0
2013-09-07 01:00:00,6433.0
2013-09-07 02:00:00,5901.0
2013-09-07 03:00:00,5522.0
2013-09-07 04:00:00,5876.0
2013-09-07 05:00:00,5876.0
2013-09-07 06:00:00,8281.0
2013-09-07 07:00:00,11445.0
2013-09-07 08:00:00,12786.0
2013-09-07 09:00:00,15977.0
2013-09-07 10:00:00,14989.0
2013-09-07 11:00:00,16128.0
2013-09-07 12:00:00,15761.0
2013-09-07 13:00:00,17812.0
2013-09-07 14:00:00,18495.0
2013-09-07 15:00:00,18862.0
2013-09-07 16:00:00,19407.0
2013-09-07 17:00:00,18697.0
2013-09-07 18:00:00,19002.0
2013-09-07 19:00:00,19597.0
2013-09-07 20:00:00,17659.0
2013-09-07 21:00:00,13863.0
2013-09-07 22:00:00,10268.0
2013-09-07 23:00:00,6357.0
2013-09-08 00:00:00,5824.0
2013-09-08 01:00:00,6166.0
2013-09-08 02:00:00,5635.0
2013-09-08 03:00:00,5319.0
2013-09-08 04:00:00,5534.0
2013-09-08 05:00:00,5761.0
2013-09-08 06:00:00,7787.0
2013-09-08 07:00:00,10648.0
2013-09-08 08:00:00,12394.0
2013-09-08 09:00:00,17002.0
2013-09-08 10:00:00,18496.0
2013-09-08 11:00:00,18496.0
2013-09-08 12:00:00,17824.0
2013-09-08 13:00:00,18370.0
2013-09-08 14:00:00,18964.0
2013-09-08 15:00:00,18508.0
2013-09-08 16:00:00,18722.0
2013-09-08 17:00:00,18508.0
2013-09-08 18:00:00,18533.0
2013-09-08 19:00:00,18838.0
2013-09-08 20:00:00,17508.0
2013-09-08 21:00:00,14103.0
2013-09-08 22:00:00,10243.0
2013-09-08 23:00:00,5445.0
2013-09-09 00:00:00,5571.0
2013-09-09 01:00:00,5825.0
2013-09-09 02:00:00,5356.0
2013-09-09 03:00:00,5117.0
2013-09-09 04:00:00,5407.0
2013-09-09 05:00:00,5661.0
2013-09-09 06:00:00,7748.0
2013-09-09 07:00:00,10344.0
2013-09-09 08:00:00,11724.0
2013-09-09 09:00:00,14407.0
2013-09-09 10:00:00,14913.0
2013-09-09 11:00:00,15724.0
2013-09-09 12:00:00,14648.0
2013-09-09 13:00:00,15040.0
2013-09-09 14:00:00,14939.0
2013-09-09 15:00:00,14546.0
2013-09-09 16:00:00,16850.0
2013-09-09 17:00:00,18609.0
2013-09-09 18:00:00,18610.0
2013-09-09 19:00:00,19064.0
2013-09-09 20:00:00,17686.0
2013-09-09 21:00:00,13623.0
2013-09-09 22:00:00,10686.0
2013-09-09 23:00:00,6091.0
2013-09-10 00:00:00,5698.0
2013-09-10 01:00:00,5762.0
2013-09-10 02:00:00,5457.0
2013-09-10 03:00:00,5192.0
2013-09-10 04:00:00,5432.0
2013-09-10 05:00:00,5622.0
2013-09-10 06:00:00,7851.0
2013-09-10 07:00:00,10736.0
2013-09-10 08:00:00,12129.0
2013-09-10 09:00:00,14028.0
2013-09-10 10:00:00,14723.0
2013-09-10 11:00:00,16041.0
2013-09-10 12:00:00,18800.0
2013-09-10 13:00:00,18824.0
2013-09-10 14:00:00,19191.0
2013-09-10 15:00:00,19204.0
2013-09-10 16:00:00,18837.0
2013-09-10 17:00:00,18559.0
2013-09-10 18:00:00,19104.0
2013-09-10 19:00:00,19724.0
2013-09-10 20:00:00,17648.0
2013-09-10 21:00:00,13836.0
2013-09-10 22:00:00,10838.0
2013-09-10 23:00:00,5774.0
2013-09-11 00:00:00,5698.0
2013-09-11 01:00:00,6027.0
2013-09-11 02:00:00,5711.0
2013-09-11 03:00:00,5509.0
2013-09-11 04:00:00,5673.0
2013-09-11 05:00:00,5964.0
2013-09-11 06:00:00,7926.0
2013-09-11 07:00:00,11243.0
2013-09-11 08:00:00,11268.0
2013-09-11 09:00:00,14926.0
2013-09-11 10:00:00,15798.0
2013-09-11 11:00:00,15686.0
2013-09-11 12:00:00,16623.0
2013-09-11 13:00:00,19585.0
2013-09-11 14:00:00,19128.0
2013-09-11 15:00:00,19243.0
2013-09-11 16:00:00,19786.0
2013-09-11 17:00:00,18748.0
2013-09-11 18:00:00,18786.0
2013-09-11 19:00:00,19205.0
2013-09-11 20:00:00,17901.0
2013-09-11 21:00:00,14674.0
2013-09-11 22:00:00,10483.0
2013-09-11 23:00:00,5811.0
2013-09-12 00:00:00,5876.0
2013-09-12 01:00:00,6002.0
2013-09-12 02:00:00,5724.0
2013-09-12 03:00:00,5370.0
2013-09-12 04:00:00,5811.0
2013-09-12 05:00:00,5926.0
2013-09-12 06:00:00,8090.0
2013-09-12 07:00:00,11191.0
2013-09-12 08:00:00,11888.0
2013-09-12 09:00:00,14749.0
2013-09-12 10:00:00,15622.0
2013-09-12 11:00:00,15344.0
2013-09-12 12:00:00,17926.0
2013-09-12 13:00:00,19800.0
2013-09-12 14:00:00,20306.0
2013-09-12 15:00:00,19495.0
2013-09-12 16:00:00,19559.0
2013-09-12 17:00:00,19533.0
2013-09-12 18:00:00,19875.0
2013-09-12 19:00:00,20344.0
2013-09-12 20:00:00,18698.0
2013-09-12 21:00:00,15407.0
2013-09-12 22:00:00,12116.0
2013-09-12 23:00:00,11015.0
2013-09-13 00:00:00,9812.0
2013-09-13 01:00:00,6431.0
2013-09-13 02:00:00,5964.0
2013-09-13 03:00:00,5673.0
2013-09-13 04:00:00,5850.0
2013-09-13 05:00:00,6243.0
2013-09-13 06:00:00,8419.0
2013-09-13 07:00:00,11559.0
2013-09-13 08:00:00,12319.0
2013-09-13 09:00:00,14508.0
2013-09-13 10:00:00,15661.0
2013-09-13 11:00:00,15571.0
2013-09-13 12:00:00,17256.0
2013-09-13 13:00:00,19685.0
2013-09-13 14:00:00,20432.0
2013-09-13 15:00:00,19571.0
2013-09-13 16:00:00,20420.0
2013-09-13 17:00:00,20066.0
2013-09-13 18:00:00,20533.0
2013-09-13 19:00:00,21205.0
2013-09-13 20:00:00,19673.0
2013-09-13 21:00:00,14571.0
2013-09-13 22:00:00,11952.0
2013-09-13 23:00:00,7471.0
2013-09-14 00:00:00,6749.0
2013-09-14 01:00:00,6749.0
2013-09-14 02:00:00,6305.0
2013-09-14 03:00:00,6116.0
2013-09-14 04:00:00,6204.0
2013-09-14 05:00:00,6534.0
2013-09-14 06:00:00,8445.0
2013-09-14 07:00:00,11458.0
2013-09-14 08:00:00,12255.0
2013-09-14 09:00:00,17079.0
2013-09-14 10:00:00,16761.0
2013-09-14 11:00:00,17445.0
2013-09-14 12:00:00,16243.0
2013-09-14 13:00:00,15787.0
2013-09-14 14:00:00,16066.0
2013-09-14 15:00:00,15230.0
2013-09-14 16:00:00,16648.0
2013-09-14 17:00:00,16458.0
2013-09-14 18:00:00,15825.0
2013-09-14 19:00:00,16103.0
2013-09-14 20:00:00,15281.0
2013-09-14 21:00:00,13901.0
2013-09-14 22:00:00,11129.0
2013-09-14 23:00:00,6306.0
2013-09-15 00:00:00,6052.0
2013-09-15 01:00:00,6003.0
2013-09-15 02:00:00,5724.0
2013-09-15 03:00:00,5509.0
2013-09-15 04:00:00,5837.0
2013-09-15 05:00:00,6014.0
2013-09-15 06:00:00,7976.0
2013-09-15 07:00:00,11166.0
2013-09-15 08:00:00,11976.0
2013-09-15 09:00:00,15419.0
2013-09-15 10:00:00,17724.0
2013-09-15 11:00:00,16192.0
2013-09-15 12:00:00,16369.0
2013-09-15 13:00:00,16040.0
2013-09-15 14:00:00,15988.0
2013-09-15 15:00:00,15775.0
2013-09-15 16:00:00,15965.0
2013-09-15 17:00:00,16331.0
2013-09-15 18:00:00,16078.0
2013-09-15 19:00:00,16838.0
2013-09-15 20:00:00,15571.0
2013-09-15 21:00:00,13965.0
2013-09-15 22:00:00,10824.0
2013-09-15 23:00:00,6091.0
2013-09-16 00:00:00,6052.0
2013-09-16 01:00:00,5990.0
2013-09-16 02:00:00,5838.0
2013-09-16 03:00:00,5610.0
2013-09-16 04:00:00,5673.0
2013-09-16 05:00:00,6103.0
2013-09-16 06:00:00,8408.0
2013-09-16 07:00:00,11369.0
2013-09-16 08:00:00,11875.0
2013-09-16 09:00:00,14900.0
2013-09-16 10:00:00,14673.0
2013-09-16 11:00:00,15534.0
2013-09-16 12:00:00,18901.0
2013-09-16 13:00:00,19572.0
2013-09-16 14:00:00,20509.0
2013-09-16 15:00:00,19015.0
2013-09-16 16:00:00,19458.0
2013-09-16 17:00:00,18636.0
2013-09-16 18:00:00,20343.0
2013-09-16 19:00:00,20028.0
2013-09-16 20:00:00,19242.0
2013-09-16 21:00:00,16244.0
2013-09-16 22:00:00,12571.0
2013-09-16 23:00:00,9280.0
2013-09-17 00:00:00,8824.0
2013-09-17 01:00:00,8394.0
2013-09-17 02:00:00,6129.0
2013-09-17 03:00:00,5648.0
2013-09-17 04:00:00,6028.0
2013-09-17 05:00:00,6458.0
2013-09-17 06:00:00,7685.0
2013-09-17 07:00:00,11445.0
2013-09-17 08:00:00,12825.0
2013-09-17 09:00:00,14838.0
2013-09-17 10:00:00,16280.0
2013-09-17 11:00:00,15559.0
2013-09-17 12:00:00,18698.0
2013-09-17 13:00:00,18242.0
2013-09-17 14:00:00,18305.0
2013-09-17 15:00:00,18421.0
2013-09-17 16:00:00,19192.0
2013-09-17 17:00:00,18053.0
2013-09-17 18:00:00,19205.0
2013-09-17 19:00:00,19711.0
2013-09-17 20:00:00,18482.0
2013-09-17 21:00:00,15318.0
2013-09-17 22:00:00,11914.0
2013-09-17 23:00:00,5939.0
2013-09-18 00:00:00,5964.0
2013-09-18 01:00:00,6053.0
2013-09-18 02:00:00,5737.0
2013-09-18 03:00:00,5508.0
2013-09-18 04:00:00,5699.0
2013-09-18 05:00:00,5964.0
2013-09-18 06:00:00,7926.0
2013-09-18 07:00:00,10875.0
2013-09-18 08:00:00,11925.0
2013-09-18 09:00:00,15016.0
2013-09-18 10:00:00,15154.0
2013-09-18 11:00:00,15610.0
2013-09-18 12:00:00,14875.0
2013-09-18 13:00:00,15217.0
2013-09-18 14:00:00,14901.0
2013-09-18 15:00:00,14432.0
2013-09-18 16:00:00,14875.0
2013-09-18 17:00:00,14547.0
2013-09-18 18:00:00,14635.0
2013-09-18 19:00:00,15357.0
2013-09-18 20:00:00,14053.0
2013-09-18 21:00:00,13002.0
2013-09-18 22:00:00,10951.0
2013-09-18 23:00:00,6078.0
2013-09-19 00:00:00,5851.0
2013-09-19 01:00:00,5977.0
2013-09-19 02:00:00,5571.0
2013-09-19 03:00:00,5395.0
2013-09-19 04:00:00,5674.0
2013-09-19 05:00:00,5900.0
2013-09-19 06:00:00,8039.0
2013-09-19 07:00:00,10749.0
2013-09-19 08:00:00,11737.0
2013-09-19 09:00:00,14509.0
2013-09-19 10:00:00,15003.0
2013-09-19 11:00:00,15509.0
2013-09-19 12:00:00,14926.0
2013-09-19 13:00:00,18381.0
2013-09-19 14:00:00,19040.0
2013-09-19 15:00:00,18623.0
2013-09-19 16:00:00,18533.0
2013-09-19 17:00:00,19103.0
2013-09-19 18:00:00,19875.0
2013-09-19 19:00:00,20344.0
2013-09-19 20:00:00,18698.0
2013-09-19 21:00:00,15407.0
2013-09-19 22:00:00,12116.0
2013-09-19 23:00:00,11015.0
2013-09-20 00:00:00,9812.0
2013-09-20 01:00:00,6431.0
2013-09-20 02:00:00,5964.0
2013-09-20 03:00:00,5673.0
2013-09-20 04:00:00,5850.0
2013-09-20 05:00:00,6243.0
2013-09-20 06:00:00,8419.0
2013-09-20 07:00:00,11559.0
2013-09-20 08:00:00,12319.0
2013-09-20 09:00:00,14508.0
2013-09-20 10:00:00,15661.0
2013-09-20 11:00:00,15571.0
2013-09-20 12:00:00,17256.0
2013-09-20 13:00:00,19685.0
2013-09-20 14:00:00,20432.0
2013-09-20 15:00:00,19571.0
2013-09-20 16:00:00,20420.0
2013-09-20 17:00:00,20066.0
2013-09-20 18:00:00,20533.0
2013-09-20 19:00:00,21205.0
2013-09-20 20:00:00,19673.0
2013-09-20 21:00:00,14571.0
2013-09-20 22:00:00,11952.0
2013-09-20 23:00:00,7471.0
2013-09-21 00:00:00,6749.0
2013-09-21 01:00:00,6749.0
2013-09-21 02:00:00,6305.0
2013-09-21 03:00:00,6116.0
2013-09-21 04:00:00,6204.0
2013-09-21 05:00:00,6534.0
2013-09-21 06:00:00,8445.0
2013-09-21 07:00:00,11458.0
2013-09-21 08:00:00,12255.0
2013-09-21 09:00:00,17079.0
2013-09-21 10:00:00,16761.0
2013-09-21 11:00:00,17445.0
2013-09-21 12:00:00,16243.0
2013-09-21 13:00:00,15787.0
2013-09-21 14:00:00,16066.0
2013-09-21 15:00:00,15230.0
2013-09-21 16:00:00,16648.0
2013-09-21 17:00:00,16458.0
2013-09-21 18:00:00,15825.0
2013-09-21 19:00:00,16103.0
2013-09-21 20:00:00,15281.0
2013-09-21 21:00:00,13901.0
2013-09-21 22:00:00,11129.0
2013-09-21 23:00:00,6306.0
2013-09-22 00:00:00,6052.0
2013-09-22 01:00:00,6003.0
2013-09-22 02:00:00,5724.0
2013-09-22 03:00:00,5509.0
2013-09-22 04:00:00,5837.0
2013-09-22 05:00:00,6014.0
2013-09-22 06:00:00,7976.0
2013-09-22 07:00:00,11166.0
2013-09-22 08:00:00,11976.0
2013-09-22 09:00:00,15419.0
2013-09-22 10:00:00,17724.0
2013-09-22 11:00:00,16192.0
2013-09-22 12:00:00,16369.0
2013-09-22 13:00:00,16040.0
2013-09-22 14:00:00,15988.0
2013-09-22 15:00:00,15775.0
2013-09-22 16:00:00,15965.0
2013-09-22 17:00:00,16331.0
2013-09-22 18:00:00,16078.0
2013-09-22 19:00:00,16838.0
2013-09-22 20:00:00,15571.0
2013-09-22 21:00:00,13965.0
2013-09-22 22:00:00,10824.0
2013-09-22 23:00:00,6091.0
2013-09-23 00:00:00,6052.0
2013-09-23 01:00:00,5990.0
2013-09-23 02:00:00,5838.0
2013-09-23 03:00:00,5610.0
2013-09-23 04:00:00,5673.0
2013-09-23 05:00:00,6103.0
2013-09-23 06:00:00,8408.0
2013-09-23 07:00:00,11369.0
2013-09-23 08:00:00,11875.0
2013-09-23 09:00:00,14900.0
2013-09-23 10:00:00,14673.0
2013-09-23 11:00:00,15534.0
2013-09-23 12:00:00,18901.0
2013-09-23 13:00:00,19572.0
2013-09-23 14:00:00,20509.0
2013-09-23 15:00:00,19015.0
2013-09-23 16:00:00,19458.0
2013-09-23 17:00:00,18636.0
2013-09-23 18:00:00,20343.0
2013-09-23 19:00:00,20028.0
2013-09-23 20:00:00,19242.0
2013-09-23 21:00:00,16244.0
2013-09-23 22:00:00,12571.0
2013-09-23 23:00:00,9280.0
2013-09-24 00:00:00,8824.0
2013-09-24 01:00:00,8394.0
2013-09-24 02:00:00,6129.0
2013-09-24 03:00:00,5648.0
2013-09-24 04:00:00,6028.0
2013-09-24 05:00:00,6458.0
2013-09-24 06:00:00,7685.0
2013-09-24 07:00:00,11445.0
2013-09-24 08:00:00,12825.0
2013-09-24 09:00:00,14838.0
2013-09-24 10:00:00,16280.0
2013-09-24 11:00:00,15559.0
2013-09-24 12:00:00,18698.0
2013-09-24 13:00:00,18242.0
2013-09-24 14:00:00,18305.0
2013-09-24 15:00:00,18421.0
2013-09-24 16:00:00,19192.0
2013-09-24 17:00:00,18053.0
2013-09-24 18:00:00,19205.0
2013-09-24 19:00:00,19711.0
2013-09-24 20:00:00,18482.0
2013-09-24 21:00:00,15318.0
2013-09-24 22:00:00,11914.0
2013-09-24 23:00:00,5939.0
2013-09-25 00:00:00,5964.0
2013-09-25 01:00:00,6053.0
2013-09-25 02:00:00,5737.0
2013-09-25 03:00:00,5508.0
2013-09-25 04:00:00,5699.0
2013-09-25 05:00:00,5964.0
2013-09-25 06:00:00,7926.0
2013-09-25 07:00:00,10875.0
2013-09-25 08:00:00,11925.0
2013-09-25 09:00:00,15016.0
2013-09-25 10:00:00,15154.0
2013-09-25 11:00:00,15610.0
2013-09-25 12:00:00,14875.0
2013-09-25 13:00:00,15217.0
2013-09-25 14:00:00,14901.0
2013-09-25 15:00:00,14432.0
2013-09-25 16:00:00,14875.0
2013-09-25 17:00:00,14547.0
2013-09-25 18:00:00,14635.0
2013-09-25 19:00:00,15357.0
2013-09-25 20:00:00,14053.0
2013-09-25 21:00:00,13002.0
2013-09-25 22:00:00,10951.0
2013-09-25 23:00:00,6078.0
2013-09-26 00:00:00,5851.0
2013-09-26 01:00:00,5977.0
2013-09-26 02:00:00,5571.0
2013-09-26 03:00:00,5395.0
2013-09-26 04:00:00,5674.0
2013-09-26 05:00:00,5900.0
2013-09-26 06:00:00,8039.0
2013-09-26 07:00:00,10749.0
2013-09-26 08:00:00,11737.0
2013-09-26 09:00:00,14509.0
2013-09-26 10:00:00,15003.0
2013-09-26 11:00:00,15509.0
2013-09-26 12:00:00,14926.0
2013-09-26 13:00:00,18381.0
2013-09-26 14:00:00,19040.0
2013-09-26 15:00:00,18623.0
2013-09-26 16:00:00,18533.0
2013-09-26 17:00:00,19103.0
2013-09-26 18:00:00,19875.0
2013-09-26 19:00:00,20344.0
2013-09-26 20:00:00,18698.0
2013-09-26 21:00:00,15407.0
2013-09-26 22:00:00,12116.0
2013-09-26 23:00:00,11015.0
2013-09-27 00:00:00,9812.0
2013-09-27 01:00:00,6431.0
2013-09-27 02:00:00,5964.0
2013-09-27 03:00:00,5673.0
2013-09-27 04:00:00,5850.0
2013-09-27 05:00:00,6243.0
2013-09-27 06:00:00,8419.0
2013-09-27 07:00:00,11559.0
2013-09-27 08:00:00,12319.0
2013-09-27 09:00:00,14508.0
2013-09-27 10:00:00,15661.0
2013-09-27 11:00:00,15571.0
2013-09-27 12:00:00,17256.0
2013-09-27 13:00:00,19685.0
2013-09-27 14:00:00,20432.0
2013-09-27 15:00:00,19571.0
2013-09-27 16:00:00,20420.0
2013-09-27 17:00:00,20066.0
2013-09-27 18:00:00,20533.0
2013-09-27 19:00:00,21205.0
2013-09-27 20:00:00,19673.0
2013-09-27 21:00:00,14571.0
2013-09-27 22:00:00,11952.0
2013-09-27 23:00:00,7471.0
2013-09-28 00:00:00,6749.0
2013-09-28 01:00:00,6749.0
2013-09-28 02:00:00,6305.0
2013-09-28 03:00:00,6116.0
2013-09-28 04:00:00,6204.0
2013-09-28 05:00:00,6534.0
2013-09-28 06:00:00,8445.0
2013-09-28 07:00:00,11458.0
2013-09-28 08:00:00,12255.0
2013-09-28 09:00:00,17079.0
2013-09-28 10:00:00,16761.0
2013-09-28 11:00:00,17445.0
2013-09-28 12:00:00,16243.0
2013-09-28 13:00:00,15787.0
2013-09-28 14:00:00,16066.0
2013-09-28 15:00:00,15230.0
2013-09-28 16:00:00,16648.0
2013-09-28 17:00:00,16458.0
2013-09-28 18:00:00,15825.0
2013-09-28 19:00:00,16103.0
2013-09-28 20:00:00,15281.0
2013-09-28 21:00:00,13901.0
2013-09-28 22:00:00,11129.0
2013-09-28 23:00:00,6306.0
2013-09-29 00:00:00,6052.0
2013-09-29 01:00:00,6003.0
2013-09-29 02:00:00,5724.0
2013-09-29 03:00:00,5509.0
2013-09-29 04:00:00,5837.0
2013-09-29 05:00:00,6014.0
2013-09-29 06:00:00,7976.0
2013-09-29 07:00:00,11166.0
2013-09-29 08:00:00,11976.0
2013-09-29 09:00:00,15419.0
2013-09-29 10:00:00,17724.0
2013-09-29 11:00:00,16192.0
2013-09-29 12:00:00,16369.0
2013-09-29 13:00:00,16040.0
2013-09-29 14:00:00,15988.0
2013-09-29 15:00:00,15775.0
2013-09-29 16:00:00,15965.0
2013-09-29 17:00:00,16331.0
2013-09-29 18:00:00,16078.0
2013-09-29 19:00:00,16838.0
2013-09-29 20:00:00,15571.0
2013-09-29 21:00:00,13965.0
2013-09-29 22:00:00,10824.0
2013-09-29 23:00:00,6091.0
2013-09-30 00:00:00,6052.0
2013-09-30 01:00:00,5990.0
2013-09-30 02:00:00,5838.0
2013-09-30 03:00:00,5610.0
2013-09-30 04:00:00,5673.0
2013-09-30 05:00:00,6103.0
2013-09-30 06:00:00,8408.0
2013-09-30 07:00:00,11369.0
2013-09-30 08:00:00,11875.0
2013-09-30 09:00:00,14900.0
2013-09-30 10:00:00,14673.0
2013-09-30 11:00:00,15534.0
2013-09-30 12:00:00,18901.0
2013-09-30 13:00:00,19572.0
2013-09-30 14:00:00,20509.0
2013-09-30 15:00:00,19015.0
2013-09-30 16:00:00,19458.0
2013-09-30 17:00:00,18636.0
2013-09-30 18:00:00,20343.0
2013-09-30 19:00:00,20028.0
2013-09-30 20:00:00,19242.0
2013-09-30 21:00:00,16244.0
2013-09-30 22:00:00,12571.0
2013-09-30 23:00:00,9280.0
2013-10-01 00:00:00,8824.0
2013-10-01 01:00:00,8394.0
2013-10-01 02:00:00,6129.0
2013-10-01 03:00:00,5648.0
2013-10-01 04:00:00,6028.0
2013-10-01 05:00:00,6458.0
2013-10-01 06:00:00,7685.0
2013-10-01 07:00:00,11445.0
2013-10-01 08:00:00,12825.0
2013-10-01 09:00:00,14838.0
2013-10-01 10:00:00,16280.0
2013-10-01 11:00:00,15559.0
2013-10-01 12:00:00,18698.0
2013-10-01 13:00:00,18242.0
2013-10-01 14:00:00,18305.0
2013-10-01 15:00:00,18421.0
2013-10-01 16:00:00,19192.0
2013-10-01 17:00:00,18053.0
2013-10-01 18:00:00,19205.0
2013-10-01 19:00:00,19711.0
2013-10-01 20:00:00,18482.0
2013-10-01 21:00:00,15318.0
2013-10-01 22:00:00,11914.0
2013-10-01 23:00:00,5939.0
2013-10-02 00:00:00,5964.0
2013-10-02 01:00:00,6053.0
2013-10-02 02:00:00,5737.0
2013-10-02 03:00:00,5508.0
2013-10-02 04:00:00,5699.0
2013-10-02 05:00:00,5964.0
2013-10-02 06:00:00,7926.0
2013-10-02 07:00:00,10875.0
2013-10-02 08:00:00,11925.0
2013-10-02 09:00:00,15016.0
2013-10-02 10:00:00,15154.0
2013-10-02 11:00:00,15610.0
2013-10-02 12:00:00,14875.0
2013-10-02 13:00:00,15217.0
2013-10-02 14:00:00,14901.0
2013-10-02 15:00:00,14432.0
2013-10-02 16:00:00,14875.0
2013-10-02 17:00:00,14547.0
2013-10-02 18:00:00,14635.0
2013-10-02 19:00:00,15357.0
2013-10-02 20:00:00,14053.0
2013-10-02 21:00:00,13002.0
2013-10-02 22:00:00,10951.0
2013-10-02 23:00:00,6078.0
2013-10-03 00:00:00,5851.0
2013-10-03 01:00:00,5977.0
2013-10-03 02:00:00,5571.0
2013-10-03 03:00:00,5395.0
2013-10-03 04:00:00,5674.0
2013-10-03 05:00:00,5900.0
2013-10-03 06:00:00,8039.0
2013-10-03 07:00:00,10749.0
2013-10-03 08:00:00,11737.0
2013-10-03 09:00:00,14509.0
2013-10-03 10:00:00,15003.0
2013-10-03 11:00:00,15509.0
2013-10-03 12:00:00,14926.0
2013-10-03 13:00:00,18381.0
2013-10-03 14:00:00,19040.0
2013-10-03 15:00:00,18623.0
2013-10-03 16:00:00,18533.0
2013-10-03 17:00:00,19103.0
2013-10-03 18:00:00,19875.0
2013-10-03 19:00:00,20344.0
2013-10-03 20:00:00,18698.0
2013-10-03 21:00:00,15407.0
2013-10-03 22:00:00,12116.0
2013-10-03 23:00:00,11015.0
2013-10-04 00:00:00,9812.0
2013-10-04 01:00:00,6431.0
2013-10-04 02:00:00,5964.0
2013-10-04 03:00:00,5673.0
2013-10-04 04:00:00,5850.0
2013-10-04 05:00:00,6243.0
2013-10-04 06:00:00,8419.0
2013-10-04 07:00:00,11559.0
2013-10-04 08:00:00,12319.0
2013-10-04 09:00:00,14508.0
2013-10-04 10:00:00,15661.0
2013-10-04 11:00:00,15571.0
2013-10-04 12:00:00,17256.0
2013-10-04 13:00:00,19685.0
2013-10-04 14:00:00,20432.0
2013-10-04 15:00:00,19571.0
2013-10-04 16:00:00,20420.0
2013-10-04 17:00:00,20066.0
2013-10-04 18:00:00,20533.0
2013-10-04 19:00:00,21205.0
2013-10-04 20:00:00,19673.0
2013-10-04 21:00:00,14571.0
2013-10-04 22:00:00,11952.0
2013-10-04 23:00:00,7471.0
2013-10-05 00:00:00,6749.0
2013-10-05 01:00:00,6749.0
2013-10-05 02:00:00,6305.0
2013-10-05 03:00:00,6116.0
2013-10-05 04:00:00,6204.0
2013-10-05 05:00:00,6534.0
2013-10-05 06:00:00,8445.0
2013-10-05 07:00:00,11458.0
2013-10-05 08:00:00,12255.0
2013-10-05 09:00:00,17079.0
2013-10-05 10:00:00,16761.0
2013-10-05 11:00:00,17445.0
2013-10-05 12:00:00,16243.0
2013-10-05 13:00:00,15787.0
2013-10-05 14:00:00,16066.0
2013-10-05 15:00:00,15230.0
2013-10-05 16:00:00,16648.0
2013-10-05 17:00:00,16458.0
2013-10-05 18:00:00,15825.0
2013-10-05 19:00:00,16103.0
2013-10-05 20:00:00,15281.0
2013-10-05 21:00:00,13901.0
2013-10-05 22:00:00,11129.0
2013-10-05 23:00:00,6306.0
2013-10-06 00:00:00,6052.0
2013-10-06 01:00:00,6003.0
2013-10-06 02:00:00,5724.0
2013-10-06 03:00:00,5509.0
2013-10-06 04:00:00,5837.0
2013-10-06 05:00:00,6014.0
2013-10-06 06:00:00,7976.0
2013-10-06 07:00:00,11166.0
2013-10-06 08:00:00,11976.0
2013-10-06 09:00:00,15419.0
2013-10-06 10:00:00,17724.0
2013-10-06 11:00:00,16192.0
2013-10-06 12:00:00,16369.0
2013-10-06 13:00:00,16040.0
2013-10-06 14:00:00,15988.0
2013-10-06 15:00:00,15775.0
2013-10-06 16:00:00,15965.0
2013-10-06 17:00:00,16331.0
2013-10-06 18:00:00,16078.0
2013-10-06 19:00:00,16838.0
2013-10-06 20:00:00,15571.0
2013-10-06 21:00:00,13965.0
2013-10-06 22:00:00,10824.0
2013-10-06 23:00:00,6091.0
2013-10-07 00:00:00,6052.0
2013-10-07 01:00:00,5990.0
2013-10-07 02:00:00,5838.0
2013-10-07 03:00:00,5610.0
2013-10-07 04:00:00,5673.0
2013-10-07 05:00:00,6103.0
2013-10-07 06:00:00,8408.0
2013-10-07 07:00:00,11369.0
2013-10-07 08:00:00,11875.0
2013-10-07 09:00:00,14900.0
2013-10-07 10:00:00,14673.0
2013-10-07 11:00:00,15534.0
2013-10-07 12:00:00,18901.0
2013-10-07 13:00:00,19572.0
2013-10-07 14:00:00,20509.0
2013-10-07 15:00:00,19015.0
2013-10-07 16:00:00,19458.0
2013-10-07 17:00:00,18636.0
2013-10-07 18:00:00,20343.0
2013-10-07 19:00:00,20028.0
2013-10-07 20:00:00,19242.0
2013-10-07 21:00:00,16244.0
2013-10-07 22:00:00,12571.0
2013-10-07 23:00:00,9280.0
2013-10-08 00:00:00,8824.0
2013-10-08 01:00:00,8394.0
2013-10-08 02:00:00,6129.0
2013-10-08 03:00:00,5648.0
2013-10-08 04:00:00,6028.0
2013-10-08 05:00:00,6458.0
2013-10-08 06:00:00,7685.0
2013-10-08 07:00:00,11445.0
2013-10-08 08:00:00,12825.0
2013-10-08 09:00:00,14838.0
2013-10-08 10:00:00,16280.0
2013-10-08 11:00:00,15559.0
2013-10-08 12:00:00,18698.0
2013-10-08 13:00:00,18242.0
2013-10-08 14:00:00,18305.0
2013-10-08 15:00:00,18421.0
2013-10-08 16:00:00,19192.0
2013-10-08 17:00:00,18053.0
2013-10-08 18:00:00,19205.0
2013-10-08 19:00:00,19711.0
2013-10-08 20:00:00,18482.0
2013-10-08 21:00:00,15318.0
2013-10-08 22:00:00,11914.0
2013-10-08 23:00:00,5939.0
2013-10-09 00:00:00,5964.0
2013-10-09 01:00:00,6155.0
2013-10-09 02:00:00,5901.0
2013-10-09 03:00:00,5647.0
2013-10-09 04:00:00,5761.0
2013-10-09 05:00:00,6104.0
2013-10-09 06:00:00,8180.0
2013-10-09 07:00:00,11268.0
2013-10-09 08:00:00,11661.0
2013-10-09 09:00:00,15419.0
2013-10-09 10:00:00,14445.0
2013-10-09 11:00:00,15065.0
2013-10-09 12:00:00,14471.0
2013-10-09 13:00:00,15066.0
2013-10-09 14:00:00,17952.0
2013-10-09 15:00:00,19243.0
2013-10-09 16:00:00,18419.0
2013-10-09 17:00:00,18115.0
2013-10-09 18:00:00,18305.0
2013-10-09 19:00:00,17697.0
2013-10-09 20:00:00,14141.0
2013-10-09 21:00:00,12850.0
2013-10-09 22:00:00,10103.0
2013-10-09 23:00:00,5812.0
2013-10-10 00:00:00,5938.0
2013-10-10 01:00:00,6002.0
2013-10-10 02:00:00,5611.0
2013-10-10 03:00:00,5420.0
2013-10-10 04:00:00,5699.0
2013-10-10 05:00:00,6040.0
2013-10-10 06:00:00,8180.0
2013-10-10 07:00:00,10736.0
2013-10-10 08:00:00,11546.0
2013-10-10 09:00:00,13927.0
2013-10-10 10:00:00,15231.0
2013-10-10 11:00:00,14115.0
2013-10-10 12:00:00,13837.0
2013-10-10 13:00:00,16407.0
2013-10-10 14:00:00,19079.0
2013-10-10 15:00:00,17837.0
2013-10-10 16:00:00,18078.0
2013-10-10 17:00:00,17636.0
2013-10-10 18:00:00,18268.0
2013-10-10 19:00:00,18647.0
2013-10-10 20:00:00,17192.0
2013-10-10 21:00:00,14066.0
2013-10-10 22:00:00,10204.0
2013-10-10 23:00:00,5799.0
2013-10-11 00:00:00,5787.0
2013-10-11 01:00:00,5914.0
2013-10-11 02:00:00,5522.0
2013-10-11 03:00:00,5356.0
2013-10-11 04:00:00,5509.0
2013-10-11 05:00:00,5951.0
2013-10-11 06:00:00,7938.0
2013-10-11 07:00:00,11115.0
2013-10-11 08:00:00,11977.0
2013-10-11 09:00:00,14786.0
2013-10-11 10:00:00,16509.0
2013-10-11 11:00:00,14648.0
2013-10-11 12:00:00,15305.0
2013-10-11 13:00:00,14509.0
2013-10-11 14:00:00,16698.0
2013-10-11 15:00:00,18116.0
2013-10-11 16:00:00,18078.0
2013-10-11 17:00:00,17750.0
2013-10-11 18:00:00,18369.0
2013-10-11 19:00:00,18571.0
2013-10-11 20:00:00,17091.0
2013-10-11 21:00:00,14292.0
2013-10-11 22:00:00,10496.0
2013-10-11 23:00:00,6294.0
2013-10-12 00:00:00,5811.0
2013-10-12 01:00:00,5977.0
2013-10-12 02:00:00,5648.0
2013-10-12 03:00:00,5357.0
2013-10-12 04:00:00,5559.0
2013-10-12 05:00:00,5813.0
2013-10-12 06:00:00,7938.0
2013-10-12 07:00:00,11028.0
2013-10-12 08:00:00,11280.0
2013-10-12 09:00:00,15420.0
2013-10-12 10:00:00,14812.0
2013-10-12 11:00:00,15470.0
2013-10-12 12:00:00,14268.0
2013-10-12 13:00:00,14357.0
2013-10-12 14:00:00,13711.0
2013-10-12 15:00:00,14180.0
2013-10-12 16:00:00,14078.0
2013-10-12 17:00:00,13851.0
2013-10-12 18:00:00,14205.0
2013-10-12 19:00:00,14305.0
2013-10-12 20:00:00,13799.0
2013-10-12 21:00:00,12433.0
2013-10-12 22:00:00,9482.0
2013-10-12 23:00:00,5952.0
2013-10-13 00:00:00,5773.0
2013-10-13 01:00:00,5889.0
2013-10-13 02:00:00,5420.0
2013-10-13 03:00:00,5242.0
2013-10-13 04:00:00,5623.0
2013-10-13 05:00:00,5862.0
2013-10-13 06:00:00,7850.0
2013-10-13 07:00:00,11382.0
2013-10-13 08:00:00,11040.0
2013-10-13 09:00:00,15458.0
2013-10-13 10:00:00,15052.0
2013-10-13 11:00:00,14231.0
2013-10-13 12:00:00,14521.0
2013-10-13 13:00:00,14167.0
2013-10-13 14:00:00,13914.0
2013-10-13 15:00:00,13964.0
2013-10-13 16:00:00,14711.0
2013-10-13 17:00:00,13571.0
2013-10-13 18:00:00,13332.0
2013-10-13 19:00:00,14204.0
2013-10-13 20:00:00,13394.0
2013-10-13 21:00:00,12406.0
2013-10-13 22:00:00,9534.0
2013-10-13 23:00:00,5496.0
2013-10-14 00:00:00,5533.0
2013-10-14 01:00:00,5787.0
2013-10-14 02:00:00,5332.0
2013-10-14 03:00:00,5179.0
2013-10-14 04:00:00,5394.0
2013-10-14 05:00:00,5851.0
2013-10-14 06:00:00,7698.0
2013-10-14 07:00:00,10761.0
2013-10-14 08:00:00,11812.0
2013-10-14 09:00:00,14875.0
2013-10-14 10:00:00,15849.0
2013-10-14 11:00:00,15470.0
2013-10-14 12:00:00,14723.0
2013-10-14 13:00:00,14762.0
2013-10-14 14:00:00,14888.0
2013-10-14 15:00:00,15040.0
2013-10-14 16:00:00,14521.0
2013-10-14 17:00:00,17622.0
2013-10-14 18:00:00,18547.0
2013-10-14 19:00:00,18824.0
2013-10-14 20:00:00,17533.0
2013-10-14 21:00:00,13660.0
2013-10-14 22:00:00,10876.0
2013-10-14 23:00:00,9014.0
2013-10-15 00:00:00,9166.0
2013-10-15 01:00:00,7345.0
2013-10-15 02:00:00,5674.0
2013-10-15 03:00:00,5319.0
2013-10-15 04:00:00,5598.0
2013-10-15 05:00:00,5420.0
2013-10-15 06:00:00,7926.0
2013-10-15 07:00:00,10482.0
2013-10-15 08:00:00,12141.0
2013-10-15 09:00:00,14673.0
2013-10-15 10:00:00,15559.0
2013-10-15 11:00:00,15344.0
2013-10-15 12:00:00,15584.0
2013-10-15 13:00:00,14458.0
2013-10-15 14:00:00,14723.0
2013-10-15 15:00:00,14268.0
2013-10-15 16:00:00,14407.0
2013-10-15 17:00:00,14078.0
2013-10-15 18:00:00,14711.0
2013-10-15 19:00:00,15167.0
2013-10-15 20:00:00,13585.0
2013-10-15 21:00:00,12863.0
2013-10-15 22:00:00,9153.0
2013-10-15 23:00:00,6103.0
2013-10-16 00:00:00,5749.0
2013-10-16 01:00:00,5837.0
2013-10-16 02:00:00,5446.0
2013-10-16 03:00:00,5293.0
2013-10-16 04:00:00,5458.0
2013-10-16 05:00:00,5888.0
2013-10-16 06:00:00,7951.0
2013-10-16 07:00:00,10964.0
2013-10-16 08:00:00,11762.0
2013-10-16 09:00:00,13976.0
2013-10-16 10:00:00,15104.0
2013-10-16 11:00:00,14863.0
2013-10-16 12:00:00,14811.0
2013-10-16 13:00:00,14990.0
2013-10-16 14:00:00,14762.0
2013-10-16 15:00:00,14218.0
2013-10-16 16:00:00,14343.0
2013-10-16 17:00:00,14368.0
2013-10-16 18:00:00,14799.0
2013-10-16 19:00:00,15180.0
2013-10-16 20:00:00,14395.0
2013-10-16 21:00:00,12573.0
2013-10-16 22:00:00,10534.0
2013-10-16 23:00:00,6066.0
2013-10-17 00:00:00,5647.0
2013-10-17 01:00:00,5889.0
2013-10-17 02:00:00,5572.0
2013-10-17 03:00:00,5230.0
2013-10-17 04:00:00,5711.0
2013-10-17 05:00:00,5913.0
2013-10-17 06:00:00,8040.0
2013-10-17 07:00:00,10559.0
2013-10-17 08:00:00,11913.0
2013-10-17 09:00:00,14090.0
2013-10-17 10:00:00,15267.0
2013-10-17 11:00:00,14610.0
2013-10-17 12:00:00,14851.0
2013-10-17 13:00:00,14509.0
2013-10-17 14:00:00,15116.0
2013-10-17 15:00:00,13698.0
2013-10-17 16:00:00,14192.0
2013-10-17 17:00:00,13610.0
2013-10-17 18:00:00,14761.0
2013-10-17 19:00:00,14331.0
2013-10-17 20:00:00,13990.0
2013-10-17 21:00:00,12964.0
2013-10-17 22:00:00,9521.0
2013-10-17 23:00:00,5610.0
2013-10-18 00:00:00,5763.0
2013-10-18 01:00:00,5862.0
2013-10-18 02:00:00,5559.0
2013-10-18 03:00:00,5243.0
2013-10-18 04:00:00,5546.0
2013-10-18 05:00:00,5862.0
2013-10-18 06:00:00,7939.0
2013-10-18 07:00:00,10736.0
2013-10-18 08:00:00,11483.0
2013-10-18 09:00:00,15129.0
2013-10-18 10:00:00,15091.0
2013-10-18 11:00:00,15317.0
2013-10-18 12:00:00,14572.0
2013-10-18 13:00:00,14965.0
2013-10-18 14:00:00,14622.0
2013-10-18 15:00:00,13978.0
2013-10-18 16:00:00,15192.0
2013-10-18 17:00:00,14888.0
2013-10-18 18:00:00,15027.0
2013-10-18 19:00:00,15407.0
2013-10-18 20:00:00,13863.0
2013-10-18 21:00:00,12876.0
2013-10-18 22:00:00,10546.0
2013-10-18 23:00:00,6343.0
2013-10-19 00:00:00,6369.0
2013-10-19 01:00:00,5990.0
2013-10-19 02:00:00,5761.0
2013-10-19 03:00:00,5610.0
2013-10-19 04:00:00,5875.0
2013-10-19 05:00:00,6204.0
2013-10-19 06:00:00,8052.0
2013-10-19 07:00:00,10572.0
2013-10-19 08:00:00,12926.0
2013-10-19 09:00:00,15723.0
2013-10-19 10:00:00,17166.0
2013-10-19 11:00:00,16585.0
2013-10-19 12:00:00,16571.0
2013-10-19 13:00:00,15585.0
2013-10-19 14:00:00,15711.0
2013-10-19 15:00:00,15635.0
2013-10-19 16:00:00,16028.0
2013-10-19 17:00:00,15635.0
2013-10-19 18:00:00,15394.0
2013-10-19 19:00:00,15622.0
2013-10-19 20:00:00,14914.0
2013-10-19 21:00:00,13736.0
2013-10-19 22:00:00,11546.0
2013-10-19 23:00:00,7053.0
2013-10-20 00:00:00,6065.0
2013-10-20 01:00:00,5951.0
2013-10-20 02:00:00,5686.0
2013-10-20 03:00:00,5357.0
2013-10-20 04:00:00,5571.0
2013-10-20 05:00:00,5976.0
2013-10-20 06:00:00,7989.0
2013-10-20 07:00:00,10420.0
2013-10-20 08:00:00,12128.0
2013-10-20 09:00:00,13913.0
2013-10-20 10:00:00,15229.0
2013-10-20 11:00:00,14774.0
2013-10-20 12:00:00,14421.0
2013-10-20 13:00:00,14015.0
2013-10-20 14:00:00,14900.0
2013-10-20 15:00:00,14128.0
2013-10-20 16:00:00,14811.0
2013-10-20 17:00:00,13824.0
2013-10-20 18:00:00,14129.0
2013-10-20 19:00:00,14356.0
2013-10-20 20:00:00,13610.0
2013-10-20 21:00:00,12471.0
2013-10-20 22:00:00,9762.0
2013-10-20 23:00:00,5584.0
2013-10-21 00:00:00,5673.0
2013-10-21 01:00:00,5938.0
2013-10-21 02:00:00,5559.0
2013-10-21 03:00:00,5281.0
2013-10-21 04:00:00,5672.0
2013-10-21 05:00:00,5812.0
2013-10-21 06:00:00,7888.0
2013-10-21 07:00:00,10800.0
2013-10-21 08:00:00,12040.0
2013-10-21 09:00:00,14495.0
2013-10-21 10:00:00,15052.0
2013-10-21 11:00:00,14775.0
2013-10-21 12:00:00,15153.0
2013-10-21 13:00:00,14585.0
2013-10-21 14:00:00,15154.0
2013-10-21 15:00:00,14039.0
2013-10-21 16:00:00,13687.0
2013-10-21 17:00:00,14052.0
2013-10-21 18:00:00,14710.0
2013-10-21 19:00:00,15230.0
2013-10-21 20:00:00,13775.0
2013-10-21 21:00:00,12697.0
2013-10-21 22:00:00,10851.0
2013-10-21 23:00:00,8357.0
2013-10-22 00:00:00,8382.0
2013-10-22 01:00:00,7533.0
2013-10-22 02:00:00,7305.0
2013-10-22 03:00:00,5737.0
2013-10-22 04:00:00,5749.0
2013-10-22 05:00:00,6445.0
2013-10-22 06:00:00,8558.0
2013-10-22 07:00:00,11267.0
2013-10-22 08:00:00,12597.0
2013-10-22 09:00:00,14863.0
2013-10-22 10:00:00,15774.0
2013-10-22 11:00:00,14685.0
2013-10-22 12:00:00,14534.0
2013-10-22 13:00:00,14281.0
2013-10-22 14:00:00,13901.0
2013-10-22 15:00:00,13724.0
2013-10-22 16:00:00,14243.0
2013-10-22 17:00:00,14584.0
2013-10-22 18:00:00,14117.0
2013-10-22 19:00:00,14255.0
2013-10-22 20:00:00,13724.0
2013-10-22 21:00:00,12760.0
2013-10-22 22:00:00,9597.0
2013-10-22 23:00:00,6090.0
2013-10-23 00:00:00,5686.0
2013-10-23 01:00:00,5851.0
2013-10-23 02:00:00,5673.0
2013-10-23 03:00:00,5382.0
2013-10-23 04:00:00,5546.0
2013-10-23 05:00:00,5799.0
2013-10-23 06:00:00,7900.0
2013-10-23 07:00:00,10952.0
2013-10-23 08:00:00,11951.0
2013-10-23 09:00:00,14773.0
2013-10-23 10:00:00,15635.0
2013-10-23 11:00:00,15305.0
2013-10-23 12:00:00,14609.0
2013-10-23 13:00:00,14192.0
2013-10-23 14:00:00,14078.0
2013-10-23 15:00:00,13838.0
2013-10-23 16:00:00,14483.0
2013-10-23 17:00:00,14293.0
2013-10-23 18:00:00,14470.0
2013-10-23 19:00:00,14788.0
2013-10-23 20:00:00,13482.0
2013-10-23 21:00:00,12926.0
2013-10-23 22:00:00,10812.0
2013-10-23 23:00:00,6269.0
2013-10-24 00:00:00,5888.0
2013-10-24 01:00:00,6066.0
2013-10-24 02:00:00,5786.0
2013-10-24 03:00:00,5546.0
2013-10-24 04:00:00,5698.0
2013-10-24 05:00:00,6039.0
2013-10-24 06:00:00,7964.0
2013-10-24 07:00:00,10990.0
2013-10-24 08:00:00,12458.0
2013-10-24 09:00:00,15229.0
2013-10-24 10:00:00,15509.0
2013-10-24 11:00:00,15382.0
2013-10-24 12:00:00,14710.0
2013-10-24 13:00:00,15078.0
2013-10-24 14:00:00,14698.0
2013-10-24 15:00:00,14078.0
2013-10-24 16:00:00,15294.0
2013-10-24 17:00:00,14395.0
2013-10-24 18:00:00,14572.0
2013-10-24 19:00:00,15204.0
2013-10-24 20:00:00,13761.0
2013-10-24 21:00:00,12812.0
2013-10-24 22:00:00,9685.0
2013-10-24 23:00:00,6457.0
2013-10-25 00:00:00,6660.0
2013-10-25 01:00:00,6773.0
2013-10-25 02:00:00,6344.0
2013-10-25 03:00:00,6203.0
2013-10-25 04:00:00,6167.0
2013-10-25 05:00:00,5775.0
2013-10-25 06:00:00,7813.0
2013-10-25 07:00:00,10470.0
2013-10-25 08:00:00,12749.0
2013-10-25 09:00:00,15470.0
2013-10-25 10:00:00,16268.0
2013-10-25 11:00:00,16471.0
2013-10-25 12:00:00,15522.0
2013-10-25 13:00:00,15850.0
2013-10-25 14:00:00,15673.0
2013-10-25 15:00:00,14673.0
2013-10-25 16:00:00,15420.0
2013-10-25 17:00:00,15179.0
2013-10-25 18:00:00,15103.0
2013-10-25 19:00:00,15621.0
2013-10-25 20:00:00,14483.0
2013-10-25 21:00:00,13255.0
2013-10-25 22:00:00,11533.0
2013-10-25 23:00:00,9761.0
2013-10-26 00:00:00,6762.0
2013-10-26 01:00:00,5787.0
2013-10-26 02:00:00,5572.0
2013-10-26 03:00:00,5217.0
2013-10-26 04:00:00,5597.0
2013-10-26 05:00:00,5635.0
2013-10-26 06:00:00,7724.0
2013-10-26 07:00:00,10623.0
2013-10-26 08:00:00,11774.0
2013-10-26 09:00:00,15357.0
2013-10-26 10:00:00,15876.0
2013-10-26 11:00:00,15735.0
2013-10-26 12:00:00,15609.0
2013-10-26 13:00:00,15229.0
2013-10-26 14:00:00,15293.0
2013-10-26 15:00:00,14723.0
2013-10-26 16:00:00,16054.0
2013-10-26 17:00:00,15432.0
2013-10-26 18:00:00,14875.0
2013-10-26 19:00:00,14939.0
2013-10-26 20:00:00,13939.0
2013-10-26 21:00:00,12825.0
2013-10-26 22:00:00,10596.0
2013-10-26 23:00:00,6610.0
2013-10-27 00:00:00,5724.0
2013-10-27 01:00:00,11229.0
2013-10-27 02:00:00,5294.0
2013-10-27 03:00:00,5154.0
2013-10-27 04:00:00,5521.0
2013-10-27 05:00:00,5686.0
2013-10-27 06:00:00,7597.0
2013-10-27 07:00:00,9749.0
2013-10-27 08:00:00,12407.0
2013-10-27 09:00:00,15406.0
2013-10-27 10:00:00,15445.0
2013-10-27 11:00:00,14584.0
2013-10-27 12:00:00,14546.0
2013-10-27 13:00:00,14318.0
2013-10-27 14:00:00,14813.0
2013-10-27 15:00:00,14964.0
2013-10-27 16:00:00,14205.0
2013-10-27 17:00:00,13913.0
2013-10-27 18:00:00,13914.0
2013-10-27 19:00:00,14520.0
2013-10-27 20:00:00,12952.0
2013-10-27 21:00:00,11964.0
2013-10-27 22:00:00,9193.0
2013-10-27 23:00:00,5305.0
2013-10-28 00:00:00,5445.0
2013-10-28 01:00:00,5610.0
2013-10-28 02:00:00,5141.0
2013-10-28 03:00:00,4952.0
2013-10-28 04:00:00,5142.0
2013-10-28 05:00:00,5534.0
2013-10-28 06:00:00,7457.0
2013-10-28 07:00:00,10282.0
2013-10-28 08:00:00,11558.0
2013-10-28 09:00:00,14394.0
2013-10-28 10:00:00,15027.0
2013-10-28 11:00:00,14648.0
2013-10-28 12:00:00,14546.0
2013-10-28 13:00:00,13281.0
2013-10-28 14:00:00,13749.0
2013-10-28 15:00:00,13888.0
2013-10-28 16:00:00,13699.0
2013-10-28 17:00:00,14141.0
2013-10-28 18:00:00,14559.0
2013-10-28 19:00:00,14533.0
2013-10-28 20:00:00,13229.0
2013-10-28 21:00:00,11837.0
2013-10-28 22:00:00,10255.0
2013-10-28 23:00:00,8597.0
2013-10-29 00:00:00,8748.0
2013-10-29 01:00:00,9066.0
2013-10-29 02:00:00,6243.0
2013-10-29 03:00:00,4862.0
2013-10-29 04:00:00,5066.0
2013-10-29 05:00:00,4774.0
2013-10-29 06:00:00,7154.0
2013-10-29 07:00:00,9990.0
2013-10-29 08:00:00,11053.0
2013-10-29 09:00:00,14446.0
2013-10-29 10:00:00,14875.0
2013-10-29 11:00:00,14128.0
2013-10-29 12:00:00,14116.0
2013-10-29 13:00:00,13128.0
2013-10-29 14:00:00,12724.0
2013-10-29 15:00:00,13078.0
2013-10-29 16:00:00,13381.0
2013-10-29 17:00:00,13155.0
2013-10-29 18:00:00,13623.0
2013-10-29 19:00:00,13749.0
2013-10-29 20:00:00,12383.0
2013-10-29 21:00:00,11406.0
2013-10-29 22:00:00,8940.0
2013-10-29 23:00:00,5065.0
2013-10-30 00:00:00,5102.0
2013-10-30 01:00:00,5281.0
2013-10-30 02:00:00,4952.0
2013-10-30 03:00:00,4749.0
2013-10-30 04:00:00,4800.0
2013-10-30 05:00:00,5268.0
2013-10-30 06:00:00,7307.0
2013-10-30 07:00:00,10167.0
2013-10-30 08:00:00,10634.0
2013-10-30 09:00:00,14191.0
2013-10-30 10:00:00,15306.0
2013-10-30 11:00:00,14546.0
2013-10-30 12:00:00,13673.0
2013-10-30 13:00:00,13179.0
2013-10-30 14:00:00,12736.0
2013-10-30 15:00:00,12762.0
2013-10-30 16:00:00,12798.0
2013-10-30 17:00:00,12812.0
2013-10-30 18:00:00,12914.0
2013-10-30 19:00:00,13420.0
2013-10-30 20:00:00,12661.0
2013-10-30 21:00:00,11040.0
2013-10-30 22:00:00,8825.0
2013-10-30 23:00:00,4672.0
2013-10-31 00:00:00,4407.0
2013-10-31 01:00:00,4635.0
2013-10-31 02:00:00,4268.0
2013-10-31 03:00:00,4534.0
2013-10-31 04:00:00,4813.0
2013-10-31 05:00:00,4888.0
2013-10-31 06:00:00,6596.0
2013-10-31 07:00:00,9496.0
2013-10-31 08:00:00,10369.0
2013-10-31 09:00:00,11964.0
2013-10-31 10:00:00,13799.0
2013-10-31 11:00:00,14104.0
2013-10-31 12:00:00,12761.0
2013-10-31 13:00:00,13406.0
2013-10-31 14:00:00,12395.0
2013-10-31 15:00:00,13243.0
2013-10-31 16:00:00,13318.0
2013-10-31 17:00:00,13204.0
2013-10-31 18:00:00,13002.0
2013-10-31 19:00:00,13534.0
2013-10-31 20:00:00,12381.0
2013-10-31 21:00:00,11470.0
2013-10-31 22:00:00,9205.0
2013-10-31 23:00:00,4901.0
2013-11-01 00:00:00,4242.0
2013-11-01 01:00:00,4469.0
2013-11-01 02:00:00,4204.0
2013-11-01 03:00:00,4394.0
2013-11-01 04:00:00,4723.0
2013-11-01 05:00:00,4799.0
2013-11-01 06:00:00,6749.0
2013-11-01 07:00:00,9357.0
2013-11-01 08:00:00,10420.0
2013-11-01 09:00:00,12103.0
2013-11-01 10:00:00,14090.0
2013-11-01 11:00:00,14319.0
2013-11-01 12:00:00,13268.0
2013-11-01 13:00:00,13104.0
2013-11-01 14:00:00,12534.0
2013-11-01 15:00:00,12697.0
2013-11-01 16:00:00,13965.0
2013-11-01 17:00:00,13268.0
2013-11-01 18:00:00,13609.0
2013-11-01 19:00:00,13723.0
2013-11-01 20:00:00,13141.0
2013-11-01 21:00:00,11723.0
2013-11-01 22:00:00,10078.0
2013-11-01 23:00:00,5445.0
2013-11-02 00:00:00,4698.0
2013-11-02 01:00:00,4773.0
2013-11-02 02:00:00,4457.0
2013-11-02 03:00:00,4773.0
2013-11-02 04:00:00,5154.0
2013-11-02 05:00:00,5344.0
2013-11-02 06:00:00,7471.0
2013-11-02 07:00:00,9812.0
2013-11-02 08:00:00,11318.0
2013-11-02 09:00:00,14420.0
2013-11-02 10:00:00,14952.0
2013-11-02 11:00:00,15204.0
2013-11-02 12:00:00,14559.0
2013-11-02 13:00:00,14888.0
2013-11-02 14:00:00,14065.0
2013-11-02 15:00:00,14394.0
2013-11-02 16:00:00,14243.0
2013-11-02 17:00:00,14597.0
2013-11-02 18:00:00,14052.0
2013-11-02 19:00:00,13901.0
2013-11-02 20:00:00,13116.0
2013-11-02 21:00:00,11660.0
2013-11-02 22:00:00,10268.0
2013-11-02 23:00:00,5901.0
2013-11-03 00:00:00,4850.0
2013-11-03 01:00:00,4913.0
2013-11-03 02:00:00,4824.0
2013-11-03 03:00:00,4875.0
2013-11-03 04:00:00,5318.0
2013-11-03 05:00:00,5534.0
2013-11-03 06:00:00,7408.0
2013-11-03 07:00:00,9598.0
2013-11-03 08:00:00,11762.0
2013-11-03 09:00:00,13925.0
2013-11-03 10:00:00,14964.0
2013-11-03 11:00:00,14723.0
2013-11-03 12:00:00,15027.0
2013-11-03 13:00:00,14191.0
2013-11-03 14:00:00,14495.0
2013-11-03 15:00:00,14255.0
2013-11-03 16:00:00,14736.0
2013-11-03 17:00:00,14925.0
2013-11-03 18:00:00,14116.0
2013-11-03 19:00:00,14370.0
2013-11-03 20:00:00,12989.0
2013-11-03 21:00:00,11787.0
2013-11-03 22:00:00,9077.0
2013-11-03 23:00:00,5395.0
2013-11-04 00:00:00,5230.0
2013-11-04 01:00:00,5382.0
2013-11-04 02:00:00,5090.0
2013-11-04 03:00:00,5217.0
2013-11-04 04:00:00,5521.0
2013-11-04 05:00:00,5218.0
2013-11-04 06:00:00,7218.0
2013-11-04 07:00:00,9812.0
2013-11-04 08:00:00,10913.0
2013-11-04 09:00:00,13876.0
2013-11-04 10:00:00,15103.0
2013-11-04 11:00:00,14269.0
2013-11-04 12:00:00,13292.0
2013-11-04 13:00:00,13381.0
2013-11-04 14:00:00,13470.0
2013-11-04 15:00:00,12636.0
2013-11-04 16:00:00,13027.0
2013-11-04 17:00:00,13596.0
2013-11-04 18:00:00,13267.0
2013-11-04 19:00:00,14040.0
2013-11-04 20:00:00,12610.0
2013-11-04 21:00:00,11901.0
2013-11-04 22:00:00,9154.0
2013-11-04 23:00:00,5129.0
2013-11-05 00:00:00,4724.0
2013-11-05 01:00:00,4737.0
2013-11-05 02:00:00,4571.0
2013-11-05 03:00:00,4862.0
2013-11-05 04:00:00,5027.0
2013-11-05 05:00:00,5382.0
2013-11-05 06:00:00,7295.0
2013-11-05 07:00:00,10609.0
2013-11-05 08:00:00,10887.0
2013-11-05 09:00:00,14191.0
2013-11-05 10:00:00,14849.0
2013-11-05 11:00:00,14292.0
2013-11-05 12:00:00,14509.0
2013-11-05 13:00:00,14369.0
2013-11-05 14:00:00,13609.0
2013-11-05 15:00:00,13155.0
2013-11-05 16:00:00,14179.0
2013-11-05 17:00:00,14939.0
2013-11-05 18:00:00,14053.0
2013-11-05 19:00:00,13925.0
2013-11-05 20:00:00,12711.0
2013-11-05 21:00:00,11609.0
2013-11-05 22:00:00,9686.0
2013-11-05 23:00:00,5053.0
2013-11-06 00:00:00,4698.0
2013-11-06 01:00:00,4722.0
2013-11-06 02:00:00,4457.0
2013-11-06 03:00:00,4584.0
2013-11-06 04:00:00,5001.0
2013-11-06 05:00:00,5217.0
2013-11-06 06:00:00,7331.0
2013-11-06 07:00:00,9241.0
2013-11-06 08:00:00,11141.0
2013-11-06 09:00:00,12977.0
2013-11-06 10:00:00,15231.0
2013-11-06 11:00:00,14419.0
2013-11-06 12:00:00,13546.0
2013-11-06 13:00:00,13913.0
2013-11-06 14:00:00,13104.0
2013-11-06 15:00:00,13344.0
2013-11-06 16:00:00,13736.0
2013-11-06 17:00:00,13431.0
2013-11-06 18:00:00,13305.0
2013-11-06 19:00:00,13952.0
2013-11-06 20:00:00,13103.0
2013-11-06 21:00:00,11533.0
2013-11-06 22:00:00,9343.0
2013-11-06 23:00:00,4950.0
2013-11-07 00:00:00,4418.0
2013-11-07 01:00:00,4749.0
2013-11-07 02:00:00,4356.0
2013-11-07 03:00:00,4369.0
2013-11-07 04:00:00,5039.0
2013-11-07 05:00:00,5116.0
2013-11-07 06:00:00,6977.0
2013-11-07 07:00:00,9711.0
2013-11-07 08:00:00,10166.0
2013-11-07 09:00:00,12851.0
2013-11-07 10:00:00,14837.0
2013-11-07 11:00:00,13749.0
2013-11-07 12:00:00,13686.0
2013-11-07 13:00:00,13596.0
2013-11-07 14:00:00,13420.0
2013-11-07 15:00:00,13015.0
2013-11-07 16:00:00,14647.0
2013-11-07 17:00:00,13090.0
2013-11-07 18:00:00,12825.0
2013-11-07 19:00:00,13178.0
2013-11-07 20:00:00,12040.0
2013-11-07 21:00:00,11154.0
2013-11-07 22:00:00,9800.0
2013-11-07 23:00:00,4951.0
2013-11-08 00:00:00,4457.0
2013-11-08 01:00:00,4775.0
2013-11-08 02:00:00,4432.0
2013-11-08 03:00:00,4433.0
2013-11-08 04:00:00,4812.0
2013-11-08 05:00:00,5078.0
2013-11-08 06:00:00,6952.0
2013-11-08 07:00:00,9824.0
2013-11-08 08:00:00,10684.0
2013-11-08 09:00:00,13635.0
2013-11-08 10:00:00,15571.0
2013-11-08 11:00:00,15484.0
2013-11-08 12:00:00,14888.0
2013-11-08 13:00:00,13926.0
2013-11-08 14:00:00,13458.0
2013-11-08 15:00:00,13697.0
2013-11-08 16:00:00,14913.0
2013-11-08 17:00:00,15293.0
2013-11-08 18:00:00,14812.0
2013-11-08 19:00:00,14685.0
2013-11-08 20:00:00,13838.0
2013-11-08 21:00:00,12078.0
2013-11-08 22:00:00,10028.0
2013-11-08 23:00:00,5382.0
2013-11-09 00:00:00,4685.0
2013-11-09 01:00:00,4636.0
2013-11-09 02:00:00,4458.0
2013-11-09 03:00:00,4343.0
2013-11-09 04:00:00,4952.0
2013-11-09 05:00:00,5180.0
2013-11-09 06:00:00,7065.0
2013-11-09 07:00:00,9673.0
2013-11-09 08:00:00,11154.0
2013-11-09 09:00:00,13926.0
2013-11-09 10:00:00,15066.0
2013-11-09 11:00:00,15280.0
2013-11-09 12:00:00,15256.0
2013-11-09 13:00:00,14230.0
2013-11-09 14:00:00,14204.0
2013-11-09 15:00:00,14458.0
2013-11-09 16:00:00,15192.0
2013-11-09 17:00:00,13990.0
2013-11-09 18:00:00,13711.0
2013-11-09 19:00:00,13255.0
2013-11-09 20:00:00,12571.0
2013-11-09 21:00:00,11889.0
2013-11-09 22:00:00,10268.0
2013-11-09 23:00:00,5446.0
2013-11-10 00:00:00,4672.0
2013-11-10 01:00:00,4685.0
2013-11-10 02:00:00,4483.0
2013-11-10 03:00:00,4508.0
2013-11-10 04:00:00,4812.0
2013-11-10 05:00:00,5140.0
2013-11-10 06:00:00,6787.0
2013-11-10 07:00:00,9407.0
2013-11-10 08:00:00,10901.0
2013-11-10 09:00:00,12369.0
2013-11-10 10:00:00,14457.0
2013-11-10 11:00:00,14660.0
2013-11-10 12:00:00,14774.0
2013-11-10 13:00:00,13559.0
2013-11-10 14:00:00,13546.0
2013-11-10 15:00:00,14217.0
2013-11-10 16:00:00,14014.0
2013-11-10 17:00:00,14128.0
2013-11-10 18:00:00,13281.0
2013-11-10 19:00:00,13686.0
2013-11-10 20:00:00,12458.0
2013-11-10 21:00:00,10989.0
2013-11-10 22:00:00,9977.0
2013-11-10 23:00:00,5344.0
2013-11-11 00:00:00,4457.0
2013-11-11 01:00:00,4495.0
2013-11-11 02:00:00,4203.0
2013-11-11 03:00:00,4280.0
2013-11-11 04:00:00,4775.0
2013-11-11 05:00:00,4977.0
2013-11-11 06:00:00,6735.0
2013-11-11 07:00:00,9483.0
2013-11-11 08:00:00,10636.0
2013-11-11 09:00:00,13039.0
2013-11-11 10:00:00,14787.0
2013-11-11 11:00:00,14381.0
2013-11-11 12:00:00,13344.0
2013-11-11 13:00:00,13736.0
2013-11-11 14:00:00,12521.0
2013-11-11 15:00:00,13167.0
2013-11-11 16:00:00,13825.0
2013-11-11 17:00:00,13382.0
2013-11-11 18:00:00,13344.0
2013-11-11 19:00:00,13256.0
2013-11-11 20:00:00,12179.0
2013-11-11 21:00:00,11115.0
2013-11-11 22:00:00,9837.0
2013-11-11 23:00:00,5837.0
2013-11-12 00:00:00,4647.0
2013-11-12 01:00:00,4761.0
2013-11-12 02:00:00,4356.0
2013-11-12 03:00:00,4584.0
2013-11-12 04:00:00,4964.0
2013-11-12 05:00:00,5269.0
2013-11-12 06:00:00,7306.0
2013-11-12 07:00:00,10230.0
2013-11-12 08:00:00,10583.0
2013-11-12 09:00:00,14305.0
2013-11-12 10:00:00,13674.0
2013-11-12 11:00:00,14597.0
2013-11-12 12:00:00,13674.0
2013-11-12 13:00:00,13167.0
2013-11-12 14:00:00,12952.0
2013-11-12 15:00:00,13520.0
2013-11-12 16:00:00,14204.0
2013-11-12 17:00:00,13534.0
2013-11-12 18:00:00,13167.0
2013-11-12 19:00:00,13472.0
2013-11-12 20:00:00,12458.0
2013-11-12 21:00:00,11508.0
2013-11-12 22:00:00,9394.0
2013-11-12 23:00:00,4951.0
2013-11-13 00:00:00,4674.0
2013-11-13 01:00:00,4775.0
2013-11-13 02:00:00,4382.0
2013-11-13 03:00:00,4471.0
2013-11-13 04:00:00,4887.0
2013-11-13 05:00:00,5129.0
2013-11-13 06:00:00,7141.0
2013-11-13 07:00:00,9142.0
2013-11-13 08:00:00,11331.0
2013-11-13 09:00:00,12849.0
2013-11-13 10:00:00,14951.0
2013-11-13 11:00:00,14079.0
2013-11-13 12:00:00,13875.0
2013-11-13 13:00:00,14129.0
2013-11-13 14:00:00,13343.0
2013-11-13 15:00:00,13381.0
2013-11-13 16:00:00,14153.0
2013-11-13 17:00:00,14077.0
2013-11-13 18:00:00,13596.0
2013-11-13 19:00:00,14293.0
2013-11-13 20:00:00,12863.0
2013-11-13 21:00:00,11382.0
2013-11-13 22:00:00,10128.0
2013-11-13 23:00:00,5432.0
2013-11-14 00:00:00,4648.0
2013-11-14 01:00:00,4761.0
2013-11-14 02:00:00,4394.0
2013-11-14 03:00:00,4394.0
2013-11-14 04:00:00,4926.0
2013-11-14 05:00:00,5078.0
2013-11-14 06:00:00,7078.0
2013-11-14 07:00:00,9268.0
2013-11-14 08:00:00,10573.0
2013-11-14 09:00:00,12623.0
2013-11-14 10:00:00,14192.0
2013-11-14 11:00:00,14850.0
2013-11-14 12:00:00,13280.0
2013-11-14 13:00:00,13242.0
2013-11-14 14:00:00,12913.0
2013-11-14 15:00:00,13168.0
2013-11-14 16:00:00,13179.0
2013-11-14 17:00:00,13964.0
2013-11-14 18:00:00,13774.0
2013-11-14 19:00:00,14015.0
2013-11-14 20:00:00,12787.0
2013-11-14 21:00:00,10976.0
2013-11-14 22:00:00,9218.0
2013-11-14 23:00:00,4800.0
2013-11-15 00:00:00,4470.0
2013-11-15 01:00:00,4583.0
2013-11-15 02:00:00,4318.0
2013-11-15 03:00:00,4331.0
2013-11-15 04:00:00,4811.0
2013-11-15 05:00:00,4775.0
2013-11-15 06:00:00,7142.0
2013-11-15 07:00:00,8483.0
2013-11-15 08:00:00,9926.0
2013-11-15 09:00:00,12293.0
2013-11-15 10:00:00,13850.0
2013-11-15 11:00:00,14471.0
2013-11-15 12:00:00,14040.0
2013-11-15 13:00:00,13900.0
2013-11-15 14:00:00,12167.0
2013-11-15 15:00:00,11521.0
2013-11-15 16:00:00,12711.0
2013-11-15 17:00:00,14900.0
2013-11-15 18:00:00,13534.0
2013-11-15 19:00:00,13735.0
2013-11-15 20:00:00,12888.0
2013-11-15 21:00:00,11887.0
2013-11-15 22:00:00,9217.0
2013-11-15 23:00:00,5091.0
2013-11-16 00:00:00,4457.0
2013-11-16 01:00:00,4458.0
2013-11-16 02:00:00,4217.0
2013-11-16 03:00:00,4217.0
2013-11-16 04:00:00,4659.0
2013-11-16 05:00:00,4660.0
2013-11-16 06:00:00,6699.0
2013-11-16 07:00:00,8850.0
2013-11-16 08:00:00,10584.0
2013-11-16 09:00:00,13597.0
2013-11-16 10:00:00,15445.0
2013-11-16 11:00:00,14648.0
2013-11-16 12:00:00,13914.0
2013-11-16 13:00:00,14065.0
2013-11-16 14:00:00,13318.0
2013-11-16 15:00:00,13685.0
2013-11-16 16:00:00,14357.0
2013-11-16 17:00:00,13837.0
2013-11-16 18:00:00,13407.0
2013-11-16 19:00:00,13698.0
2013-11-16 20:00:00,12533.0
2013-11-16 21:00:00,11294.0
2013-11-16 22:00:00,8724.0
2013-11-16 23:00:00,4888.0
2013-11-17 00:00:00,4116.0
2013-11-17 01:00:00,4166.0
2013-11-17 02:00:00,3938.0
2013-11-17 03:00:00,3926.0
2013-11-17 04:00:00,4394.0
2013-11-17 05:00:00,4394.0
2013-11-17 06:00:00,6331.0
2013-11-17 07:00:00,9154.0
2013-11-17 08:00:00,10077.0
2013-11-17 09:00:00,12534.0
2013-11-17 10:00:00,13040.0
2013-11-17 11:00:00,13077.0
2013-11-17 12:00:00,13179.0
2013-11-17 13:00:00,12712.0
2013-11-17 14:00:00,12330.0
2013-11-17 15:00:00,12787.0
2013-11-17 16:00:00,12672.0
2013-11-17 17:00:00,13293.0
2013-11-17 18:00:00,12256.0
2013-11-17 19:00:00,12811.0
2013-11-17 20:00:00,11508.0
2013-11-17 21:00:00,10572.0
2013-11-17 22:00:00,8546.0
2013-11-17 23:00:00,4622.0
2013-11-18 00:00:00,4255.0
2013-11-18 01:00:00,4382.0
2013-11-18 02:00:00,4140.0
2013-11-18 03:00:00,4204.0
2013-11-18 04:00:00,4585.0
2013-11-18 05:00:00,4634.0
2013-11-18 06:00:00,6622.0
2013-11-18 07:00:00,8813.0
2013-11-18 08:00:00,10444.0
2013-11-18 09:00:00,12344.0
2013-11-18 10:00:00,14052.0
2013-11-18 11:00:00,13875.0
2013-11-18 12:00:00,13027.0
2013-11-18 13:00:00,12660.0
2013-11-18 14:00:00,11724.0
2013-11-18 15:00:00,11977.0
2013-11-18 16:00:00,12634.0
2013-11-18 17:00:00,12369.0
2013-11-18 18:00:00,12495.0
2013-11-18 19:00:00,12635.0
2013-11-18 20:00:00,11495.0
2013-11-18 21:00:00,10786.0
2013-11-18 22:00:00,10230.0
2013-11-18 23:00:00,9053.0
2013-11-19 00:00:00,8584.0
2013-11-19 01:00:00,8204.0
2013-11-19 02:00:00,5432.0
2013-11-19 03:00:00,4433.0
2013-11-19 04:00:00,4964.0
2013-11-19 05:00:00,5091.0
2013-11-19 06:00:00,6862.0
2013-11-19 07:00:00,9685.0
2013-11-19 08:00:00,10104.0
2013-11-19 09:00:00,12432.0
2013-11-19 10:00:00,14242.0
2013-11-19 11:00:00,14355.0
2013-11-19 12:00:00,14180.0
2013-11-19 13:00:00,13863.0
2013-11-19 14:00:00,12660.0
2013-11-19 15:00:00,12825.0
2013-11-19 16:00:00,13141.0
2013-11-19 17:00:00,12976.0
2013-11-19 18:00:00,12926.0
2013-11-19 19:00:00,13281.0
2013-11-19 20:00:00,12102.0
2013-11-19 21:00:00,10850.0
2013-11-19 22:00:00,8698.0
2013-11-19 23:00:00,4509.0
2013-11-20 00:00:00,4153.0
2013-11-20 01:00:00,4356.0
2013-11-20 02:00:00,4040.0
2013-11-20 03:00:00,4065.0
2013-11-20 04:00:00,4547.0
2013-11-20 05:00:00,4723.0
2013-11-20 06:00:00,6635.0
2013-11-20 07:00:00,8711.0
2013-11-20 08:00:00,10230.0
2013-11-20 09:00:00,12812.0
2013-11-20 10:00:00,13331.0
2013-11-20 11:00:00,14179.0
2013-11-20 12:00:00,13838.0
2013-11-20 13:00:00,12420.0
2013-11-20 14:00:00,11977.0
2013-11-20 15:00:00,12128.0
2013-11-20 16:00:00,12888.0
2013-11-20 17:00:00,13192.0
2013-11-20 18:00:00,13014.0
2013-11-20 19:00:00,12925.0
2013-11-20 20:00:00,11660.0
2013-11-20 21:00:00,10280.0
2013-11-20 22:00:00,7939.0
2013-11-20 23:00:00,4976.0
2013-11-21 00:00:00,4331.0
2013-11-21 01:00:00,4267.0
2013-11-21 02:00:00,4254.0
2013-11-21 03:00:00,4178.0
2013-11-21 04:00:00,4849.0
2013-11-21 05:00:00,4571.0
2013-11-21 06:00:00,6482.0
2013-11-21 07:00:00,9066.0
2013-11-21 08:00:00,9863.0
2013-11-21 09:00:00,11421.0
2013-11-21 10:00:00,13154.0
2013-11-21 11:00:00,12749.0
2013-11-21 12:00:00,12939.0
2013-11-21 13:00:00,12863.0
2013-11-21 14:00:00,12508.0
2013-11-21 15:00:00,12813.0
2013-11-21 16:00:00,13179.0
2013-11-21 17:00:00,14217.0
2013-11-21 18:00:00,14154.0
2013-11-21 19:00:00,14775.0
2013-11-21 20:00:00,13484.0
2013-11-21 21:00:00,12066.0
2013-11-21 22:00:00,9585.0
2013-11-21 23:00:00,5166.0
2013-11-22 00:00:00,4293.0
2013-11-22 01:00:00,4470.0
2013-11-22 02:00:00,4128.0
2013-11-22 03:00:00,4217.0
2013-11-22 04:00:00,4685.0
2013-11-22 05:00:00,4762.0
2013-11-22 06:00:00,6888.0
2013-11-22 07:00:00,9357.0
2013-11-22 08:00:00,10103.0
2013-11-22 09:00:00,12509.0
2013-11-22 10:00:00,14951.0
2013-11-22 11:00:00,14990.0
2013-11-22 12:00:00,14571.0
2013-11-22 13:00:00,14268.0
2013-11-22 14:00:00,13736.0
2013-11-22 15:00:00,14281.0
2013-11-22 16:00:00,15611.0
2013-11-22 17:00:00,15003.0
2013-11-22 18:00:00,14724.0
2013-11-22 19:00:00,15332.0
2013-11-22 20:00:00,14154.0
2013-11-22 21:00:00,12837.0
2013-11-22 22:00:00,10648.0
2013-11-22 23:00:00,8406.0
2013-11-23 00:00:00,5685.0
2013-11-23 01:00:00,4825.0
2013-11-23 02:00:00,4533.0
2013-11-23 03:00:00,4710.0
2013-11-23 04:00:00,5053.0
2013-11-23 05:00:00,5015.0
2013-11-23 06:00:00,7319.0
2013-11-23 07:00:00,9091.0
2013-11-23 08:00:00,9623.0
2013-11-23 09:00:00,14065.0
2013-11-23 10:00:00,13952.0
2013-11-23 11:00:00,14116.0
2013-11-23 12:00:00,15268.0
2013-11-23 13:00:00,14938.0
2013-11-23 14:00:00,14331.0
2013-11-23 15:00:00,14622.0
2013-11-23 16:00:00,14585.0
2013-11-23 17:00:00,14242.0
2013-11-23 18:00:00,15002.0
2013-11-23 19:00:00,14356.0
2013-11-23 20:00:00,13660.0
2013-11-23 21:00:00,12040.0
2013-11-23 22:00:00,9483.0
2013-11-23 23:00:00,4824.0
2013-11-24 00:00:00,4192.0
2013-11-24 01:00:00,4242.0
2013-11-24 02:00:00,3939.0
2013-11-24 03:00:00,4002.0
2013-11-24 04:00:00,4381.0
2013-11-24 05:00:00,4495.0
2013-11-24 06:00:00,5584.0
2013-11-24 07:00:00,9053.0
2013-11-24 08:00:00,9901.0
2013-11-24 09:00:00,13395.0
2013-11-24 10:00:00,13344.0
2013-11-24 11:00:00,14054.0
2013-11-24 12:00:00,12977.0
2013-11-24 13:00:00,12838.0
2013-11-24 14:00:00,13293.0
2013-11-24 15:00:00,12964.0
2013-11-24 16:00:00,13230.0
2013-11-24 17:00:00,12698.0
2013-11-24 18:00:00,13395.0
2013-11-24 19:00:00,12990.0
2013-11-24 20:00:00,11913.0
2013-11-24 21:00:00,10533.0
2013-11-24 22:00:00,8913.0
2013-11-24 23:00:00,4254.0
2013-11-25 00:00:00,4077.0
2013-11-25 01:00:00,4191.0
2013-11-25 02:00:00,3989.0
2013-11-25 03:00:00,3964.0
2013-11-25 04:00:00,4381.0
2013-11-25 05:00:00,4546.0
2013-11-25 06:00:00,6572.0
2013-11-25 07:00:00,8825.0
2013-11-25 08:00:00,10268.0
2013-11-25 09:00:00,11900.0
2013-11-25 10:00:00,14255.0
2013-11-25 11:00:00,14066.0
2013-11-25 12:00:00,13419.0
2013-11-25 13:00:00,14065.0
2013-11-25 14:00:00,12976.0
2013-11-25 15:00:00,12319.0
2013-11-25 16:00:00,12318.0
2013-11-25 17:00:00,13294.0
2013-11-25 18:00:00,14305.0
2013-11-25 19:00:00,13774.0
2013-11-25 20:00:00,13255.0
2013-11-25 21:00:00,11800.0
2013-11-25 22:00:00,8521.0
2013-11-25 23:00:00,4281.0
2013-11-26 00:00:00,3951.0
2013-11-26 01:00:00,3990.0
2013-11-26 02:00:00,3951.0
2013-11-26 03:00:00,3863.0
2013-11-26 04:00:00,4381.0
2013-11-26 05:00:00,4318.0
2013-11-26 06:00:00,6382.0
2013-11-26 07:00:00,8457.0
2013-11-26 08:00:00,10559.0
2013-11-26 09:00:00,11685.0
2013-11-26 10:00:00,14368.0
2013-11-26 11:00:00,13433.0
2013-11-26 12:00:00,13167.0
2013-11-26 13:00:00,12546.0
2013-11-26 14:00:00,12635.0
2013-11-26 15:00:00,12520.0
2013-11-26 16:00:00,12394.0
2013-11-26 17:00:00,12850.0
2013-11-26 18:00:00,13078.0
2013-11-26 19:00:00,14153.0
2013-11-26 20:00:00,13255.0
2013-11-26 21:00:00,11648.0
2013-11-26 22:00:00,8521.0
2013-11-26 23:00:00,4926.0
2013-11-27 00:00:00,4850.0
2013-11-27 01:00:00,4863.0
2013-11-27 02:00:00,4635.0
2013-11-27 03:00:00,4634.0
2013-11-27 04:00:00,5002.0
2013-11-27 05:00:00,4572.0
2013-11-27 06:00:00,6749.0
2013-11-27 07:00:00,9078.0
2013-11-27 08:00:00,9913.0
2013-11-27 09:00:00,10963.0
2013-11-27 10:00:00,13306.0
2013-11-27 11:00:00,13901.0
2013-11-27 12:00:00,13217.0
2013-11-27 13:00:00,12281.0
2013-11-27 14:00:00,11876.0
2013-11-27 15:00:00,11356.0
2013-11-27 16:00:00,12889.0
2013-11-27 17:00:00,13990.0
2013-11-27 18:00:00,14355.0
2013-11-27 19:00:00,13686.0
2013-11-27 20:00:00,13129.0
2013-11-27 21:00:00,11293.0
2013-11-27 22:00:00,9027.0
2013-11-27 23:00:00,4521.0
2013-11-28 00:00:00,4153.0
2013-11-28 01:00:00,4065.0
2013-11-28 02:00:00,4052.0
2013-11-28 03:00:00,3951.0
2013-11-28 04:00:00,4483.0
2013-11-28 05:00:00,4444.0
2013-11-28 06:00:00,6268.0
2013-11-28 07:00:00,9458.0
2013-11-28 08:00:00,9571.0
2013-11-28 09:00:00,12217.0
2013-11-28 10:00:00,14242.0
2013-11-28 11:00:00,13838.0
2013-11-28 12:00:00,12482.0
2013-11-28 13:00:00,12192.0
2013-11-28 14:00:00,12103.0
2013-11-28 15:00:00,13153.0
2013-11-28 16:00:00,14546.0
2013-11-28 17:00:00,14710.0
2013-11-28 18:00:00,14914.0
2013-11-28 19:00:00,14824.0
2013-11-28 20:00:00,14280.0
2013-11-28 21:00:00,12307.0
2013-11-28 22:00:00,8901.0
2013-11-28 23:00:00,4609.0
2013-11-29 00:00:00,4103.0
2013-11-29 01:00:00,4292.0
2013-11-29 02:00:00,4001.0
2013-11-29 03:00:00,4065.0
2013-11-29 04:00:00,4533.0
2013-11-29 05:00:00,4406.0
2013-11-29 06:00:00,6433.0
2013-11-29 07:00:00,9128.0
2013-11-29 08:00:00,9521.0
2013-11-29 09:00:00,13483.0
2013-11-29 10:00:00,13686.0
2013-11-29 11:00:00,13344.0
2013-11-29 12:00:00,12546.0
2013-11-29 13:00:00,12724.0
2013-11-29 14:00:00,13584.0
2013-11-29 15:00:00,13876.0
2013-11-29 16:00:00,13571.0
2013-11-29 17:00:00,13419.0
2013-11-29 18:00:00,14369.0
2013-11-29 19:00:00,14699.0
2013-11-29 20:00:00,13850.0
2013-11-29 21:00:00,12205.0
2013-11-29 22:00:00,8268.0
2013-11-29 23:00:00,4786.0
2013-11-30 00:00:00,4091.0
2013-11-30 01:00:00,4167.0
2013-11-30 02:00:00,4001.0
2013-11-30 03:00:00,3851.0
2013-11-30 04:00:00,4407.0
2013-11-30 05:00:00,4508.0
2013-11-30 06:00:00,6445.0
2013-11-30 07:00:00,8813.0
2013-11-30 08:00:00,10863.0
2013-11-30 09:00:00,13077.0
2013-11-30 10:00:00,14180.0
2013-11-30 11:00:00,14003.0
2013-11-30 12:00:00,13090.0
2013-11-30 13:00:00,12648.0
2013-11-30 14:00:00,12469.0
2013-11-30 15:00:00,13103.0
2013-11-30 16:00:00,12901.0
2013-11-30 17:00:00,14432.0
2013-11-30 18:00:00,14938.0
2013-11-30 19:00:00,14432.0
2013-11-30 20:00:00,13482.0
2013-11-30 21:00:00,12583.0
2013-11-30 22:00:00,9939.0
2013-11-30 23:00:00,4875.0
2013-12-01 00:00:00,4343.0
2013-12-01 01:00:00,4254.0
2013-12-01 02:00:00,4204.0
2013-12-01 03:00:00,4116.0
2013-12-01 04:00:00,4584.0
2013-12-01 05:00:00,4572.0
2013-12-01 06:00:00,6292.0
2013-12-01 07:00:00,8940.0
2013-12-01 08:00:00,9661.0
2013-12-01 09:00:00,14243.0
2013-12-01 10:00:00,15103.0
2013-12-01 11:00:00,15129.0
2013-12-01 12:00:00,13686.0
2013-12-01 13:00:00,14293.0
2013-12-01 14:00:00,13812.0
2013-12-01 15:00:00,13230.0
2013-12-01 16:00:00,13838.0
2013-12-01 17:00:00,14243.0
2013-12-01 18:00:00,13419.0
2013-12-01 19:00:00,13812.0
2013-12-01 20:00:00,12736.0
2013-12-01 21:00:00,11026.0
2013-12-01 22:00:00,8053.0
2013-12-01 23:00:00,4242.0
2013-12-02 00:00:00,4027.0
2013-12-02 01:00:00,3951.0
2013-12-02 02:00:00,3940.0
2013-12-02 03:00:00,3964.0
2013-12-02 04:00:00,4457.0
2013-12-02 05:00:00,4482.0
2013-12-02 06:00:00,6420.0
2013-12-02 07:00:00,8648.0
2013-12-02 08:00:00,10913.0
2013-12-02 09:00:00,12280.0
2013-12-02 10:00:00,14318.0
2013-12-02 11:00:00,13862.0
2013-12-02 12:00:00,13826.0
2013-12-02 13:00:00,12672.0
2013-12-02 14:00:00,12545.0
2013-12-02 15:00:00,12824.0
2013-12-02 16:00:00,13054.0
2013-12-02 17:00:00,13609.0
2013-12-02 18:00:00,14521.0
2013-12-02 19:00:00,15345.0
2013-12-02 20:00:00,14407.0
2013-12-02 21:00:00,12673.0
2013-12-02 22:00:00,9749.0
2013-12-02 23:00:00,4799.0
2013-12-03 00:00:00,4216.0
2013-12-03 01:00:00,4355.0
2013-12-03 02:00:00,4179.0
2013-12-03 03:00:00,4204.0
2013-12-03 04:00:00,4558.0
2013-12-03 05:00:00,4609.0
2013-12-03 06:00:00,6545.0
2013-12-03 07:00:00,8926.0
2013-12-03 08:00:00,10040.0
2013-12-03 09:00:00,11926.0
2013-12-03 10:00:00,13989.0
2013-12-03 11:00:00,13509.0
2013-12-03 12:00:00,12762.0
2013-12-03 13:00:00,13040.0
2013-12-03 14:00:00,12850.0
2013-12-03 15:00:00,13661.0
2013-12-03 16:00:00,13711.0
2013-12-03 17:00:00,14230.0
2013-12-03 18:00:00,14571.0
2013-12-03 19:00:00,15242.0
2013-12-03 20:00:00,14179.0
2013-12-03 21:00:00,12963.0
2013-12-03 22:00:00,9458.0
2013-12-03 23:00:00,5065.0
2013-12-04 00:00:00,4799.0
2013-12-04 01:00:00,4926.0
2013-12-04 02:00:00,4140.0
2013-12-04 03:00:00,4241.0
2013-12-04 04:00:00,4647.0
2013-12-04 05:00:00,4635.0
2013-12-04 06:00:00,6863.0
2013-12-04 07:00:00,8940.0
2013-12-04 08:00:00,9900.0
2013-12-04 09:00:00,12951.0
2013-12-04 10:00:00,14647.0
2013-12-04 11:00:00,14192.0
2013-12-04 12:00:00,13685.0
2013-12-04 13:00:00,13218.0
2013-12-04 14:00:00,12773.0
2013-12-04 15:00:00,12697.0
2013-12-04 16:00:00,13471.0
2013-12-04 17:00:00,15711.0
2013-12-04 18:00:00,15243.0
2013-12-04 19:00:00,15255.0
2013-12-04 20:00:00,14444.0
2013-12-04 21:00:00,13306.0
2013-12-04 22:00:00,9343.0
2013-12-04 23:00:00,5293.0
2013-12-05 00:00:00,4826.0
2013-12-05 01:00:00,4989.0
2013-12-05 02:00:00,4737.0
2013-12-05 03:00:00,4710.0
2013-12-05 04:00:00,5256.0
2013-12-05 05:00:00,4773.0
2013-12-05 06:00:00,6571.0
2013-12-05 07:00:00,9293.0
2013-12-05 08:00:00,10116.0
2013-12-05 09:00:00,13419.0
2013-12-05 10:00:00,15040.0
2013-12-05 11:00:00,13635.0
2013-12-05 12:00:00,12850.0
2013-12-05 13:00:00,13116.0
2013-12-05 14:00:00,13128.0
2013-12-05 15:00:00,12394.0
2013-12-05 16:00:00,13445.0
2013-12-05 17:00:00,15357.0
2013-12-05 18:00:00,15660.0
2013-12-05 19:00:00,15179.0
2013-12-05 20:00:00,14079.0
2013-12-05 21:00:00,13040.0
2013-12-05 22:00:00,10483.0
2013-12-05 23:00:00,4900.0
2013-12-06 00:00:00,4496.0
2013-12-06 01:00:00,4431.0
2013-12-06 02:00:00,4406.0
2013-12-06 03:00:00,4344.0
2013-12-06 04:00:00,4913.0
2013-12-06 05:00:00,4800.0
2013-12-06 06:00:00,6661.0
2013-12-06 07:00:00,9280.0
2013-12-06 08:00:00,10369.0
2013-12-06 09:00:00,13090.0
2013-12-06 10:00:00,15533.0
2013-12-06 11:00:00,14496.0
2013-12-06 12:00:00,14293.0
2013-12-06 13:00:00,14014.0
2013-12-06 14:00:00,12913.0
2013-12-06 15:00:00,13128.0
2013-12-06 16:00:00,13723.0
2013-12-06 17:00:00,14964.0
2013-12-06 18:00:00,14558.0
2013-12-06 19:00:00,15065.0
2013-12-06 20:00:00,14281.0
2013-12-06 21:00:00,12534.0
2013-12-06 22:00:00,10306.0
2013-12-06 23:00:00,5078.0
2013-12-07 00:00:00,4534.0
2013-12-07 01:00:00,4495.0
2013-12-07 02:00:00,4292.0
2013-12-07 03:00:00,4242.0
2013-12-07 04:00:00,4775.0
2013-12-07 05:00:00,4786.0
2013-12-07 06:00:00,6647.0
2013-12-07 07:00:00,9293.0
2013-12-07 08:00:00,10470.0
2013-12-07 09:00:00,13889.0
2013-12-07 10:00:00,14281.0
2013-12-07 11:00:00,15824.0
2013-12-07 12:00:00,16116.0
2013-12-07 13:00:00,16167.0
2013-12-07 14:00:00,15900.0
2013-12-07 15:00:00,15104.0
2013-12-07 16:00:00,16153.0
2013-12-07 17:00:00,15774.0
2013-12-07 18:00:00,16053.0
2013-12-07 19:00:00,16294.0
2013-12-07 20:00:00,14838.0
2013-12-07 21:00:00,13457.0
2013-12-07 22:00:00,10471.0
2013-12-07 23:00:00,5445.0
2013-12-08 00:00:00,4596.0
2013-12-08 01:00:00,4471.0
2013-12-08 02:00:00,4255.0
2013-12-08 03:00:00,4191.0
2013-12-08 04:00:00,4736.0
2013-12-08 05:00:00,4939.0
2013-12-08 06:00:00,7382.0
2013-12-08 07:00:00,8824.0
2013-12-08 08:00:00,10331.0
2013-12-08 09:00:00,13622.0
2013-12-08 10:00:00,16243.0
2013-12-08 11:00:00,15762.0
2013-12-08 12:00:00,15242.0
2013-12-08 13:00:00,15014.0
2013-12-08 14:00:00,14078.0
2013-12-08 15:00:00,14634.0
2013-12-08 16:00:00,14609.0
2013-12-08 17:00:00,14305.0
2013-12-08 18:00:00,14053.0
2013-12-08 19:00:00,14305.0
2013-12-08 20:00:00,12571.0
2013-12-08 21:00:00,11825.0
2013-12-08 22:00:00,9141.0
2013-12-08 23:00:00,4825.0
2013-12-09 00:00:00,4369.0
2013-12-09 01:00:00,4432.0
2013-12-09 02:00:00,4268.0
2013-12-09 03:00:00,4229.0
2013-12-09 04:00:00,4635.0
2013-12-09 05:00:00,4850.0
2013-12-09 06:00:00,6913.0
2013-12-09 07:00:00,9090.0
2013-12-09 08:00:00,10458.0
2013-12-09 09:00:00,13001.0
2013-12-09 10:00:00,14103.0
2013-12-09 11:00:00,14723.0
2013-12-09 12:00:00,13851.0
2013-12-09 13:00:00,13964.0
2013-12-09 14:00:00,13066.0
2013-12-09 15:00:00,13217.0
2013-12-09 16:00:00,13483.0
2013-12-09 17:00:00,13053.0
2013-12-09 18:00:00,14850.0
2013-12-09 19:00:00,15420.0
2013-12-09 20:00:00,14381.0
2013-12-09 21:00:00,13166.0
2013-12-09 22:00:00,9774.0
2013-12-09 23:00:00,5014.0
2013-12-10 00:00:00,4609.0
2013-12-10 01:00:00,4622.0
2013-12-10 02:00:00,4483.0
2013-12-10 03:00:00,4470.0
2013-12-10 04:00:00,4965.0
2013-12-10 05:00:00,4863.0
2013-12-10 06:00:00,6825.0
2013-12-10 07:00:00,9635.0
2013-12-10 08:00:00,10420.0
2013-12-10 09:00:00,12863.0
2013-12-10 10:00:00,14952.0
2013-12-10 11:00:00,14850.0
2013-12-10 12:00:00,13673.0
2013-12-10 13:00:00,14014.0
2013-12-10 14:00:00,13204.0
2013-12-10 15:00:00,13521.0
2013-12-10 16:00:00,14205.0
2013-12-10 17:00:00,15243.0
2013-12-10 18:00:00,13939.0
2013-12-10 19:00:00,14672.0
2013-12-10 20:00:00,13990.0
2013-12-10 21:00:00,12356.0
2013-12-10 22:00:00,9597.0
2013-12-10 23:00:00,5787.0
2013-12-11 00:00:00,5014.0
2013-12-11 01:00:00,5243.0
2013-12-11 02:00:00,5039.0
2013-12-11 03:00:00,4951.0
2013-12-11 04:00:00,5408.0
2013-12-11 05:00:00,5356.0
2013-12-11 06:00:00,7432.0
2013-12-11 07:00:00,10039.0
2013-12-11 08:00:00,10610.0
2013-12-11 09:00:00,13850.0
2013-12-11 10:00:00,15243.0
2013-12-11 11:00:00,14546.0
2013-12-11 12:00:00,14229.0
2013-12-11 13:00:00,13813.0
2013-12-11 14:00:00,13002.0
2013-12-11 15:00:00,13547.0
2013-12-11 16:00:00,14267.0
2013-12-11 17:00:00,14509.0
2013-12-11 18:00:00,15331.0
2013-12-11 19:00:00,15482.0
2013-12-11 20:00:00,14710.0
2013-12-11 21:00:00,13268.0
2013-12-11 22:00:00,10318.0
2013-12-11 23:00:00,4824.0
2013-12-12 00:00:00,4610.0
2013-12-12 01:00:00,4610.0
2013-12-12 02:00:00,4394.0
2013-12-12 03:00:00,4469.0
2013-12-12 04:00:00,4927.0
2013-12-12 05:00:00,5052.0
2013-12-12 06:00:00,6875.0
2013-12-12 07:00:00,9305.0
2013-12-12 08:00:00,10888.0
2013-12-12 09:00:00,13699.0
2013-12-12 10:00:00,14964.0
2013-12-12 11:00:00,14583.0
2013-12-12 12:00:00,15116.0
2013-12-12 13:00:00,14433.0
2013-12-12 14:00:00,14153.0
2013-12-12 15:00:00,14154.0
2013-12-12 16:00:00,14470.0
2013-12-12 17:00:00,15242.0
2013-12-12 18:00:00,15572.0
2013-12-12 19:00:00,15433.0
2013-12-12 20:00:00,14850.0
2013-12-12 21:00:00,13647.0
2013-12-12 22:00:00,11305.0
2013-12-12 23:00:00,5875.0
2013-12-13 00:00:00,4800.0
2013-12-13 01:00:00,4926.0
2013-12-13 02:00:00,4722.0
2013-12-13 03:00:00,4813.0
2013-12-13 04:00:00,5167.0
2013-12-13 05:00:00,5319.0
2013-12-13 06:00:00,7104.0
2013-12-13 07:00:00,9635.0
2013-12-13 08:00:00,10760.0
2013-12-13 09:00:00,18622.0
2013-12-13 10:00:00,18901.0
2013-12-13 11:00:00,16458.0
2013-12-13 12:00:00,15687.0
2013-12-13 13:00:00,14672.0
2013-12-13 14:00:00,15420.0
2013-12-13 15:00:00,15471.0
2013-12-13 16:00:00,15889.0
2013-12-13 17:00:00,15180.0
2013-12-13 18:00:00,14926.0
2013-12-13 19:00:00,14761.0
2013-12-13 20:00:00,14268.0
2013-12-13 21:00:00,12255.0
2013-12-13 22:00:00,10103.0
2013-12-13 23:00:00,5711.0
2013-12-14 00:00:00,5128.0
2013-12-14 01:00:00,5040.0
2013-12-14 02:00:00,4760.0
2013-12-14 03:00:00,4913.0
2013-12-14 04:00:00,5294.0
2013-12-14 05:00:00,5433.0
2013-12-14 06:00:00,7066.0
2013-12-14 07:00:00,9457.0
2013-12-14 08:00:00,11622.0
2013-12-14 09:00:00,14091.0
2013-12-14 10:00:00,15445.0
2013-12-14 11:00:00,15737.0
2013-12-14 12:00:00,15267.0
2013-12-14 13:00:00,15685.0
2013-12-14 14:00:00,16433.0
2013-12-14 15:00:00,14471.0
2013-12-14 16:00:00,15407.0
2013-12-14 17:00:00,15623.0
2013-12-14 18:00:00,15471.0
2013-12-14 19:00:00,15116.0
2013-12-14 20:00:00,13876.0
2013-12-14 21:00:00,12381.0
2013-12-14 22:00:00,10597.0
2013-12-14 23:00:00,5496.0
2013-12-15 00:00:00,4837.0
2013-12-15 01:00:00,4724.0
2013-12-15 02:00:00,4559.0
2013-12-15 03:00:00,4533.0
2013-12-15 04:00:00,5129.0
2013-12-15 05:00:00,5141.0
2013-12-15 06:00:00,7495.0
2013-12-15 07:00:00,8913.0
2013-12-15 08:00:00,10939.0
2013-12-15 09:00:00,13685.0
2013-12-15 10:00:00,15723.0
2013-12-15 11:00:00,15345.0
2013-12-15 12:00:00,15432.0
2013-12-15 13:00:00,15812.0
2013-12-15 14:00:00,14774.0
2013-12-15 15:00:00,14711.0
2013-12-15 16:00:00,15281.0
2013-12-15 17:00:00,14622.0
2013-12-15 18:00:00,15104.0
2013-12-15 19:00:00,15217.0
2013-12-15 20:00:00,13369.0
2013-12-15 21:00:00,12191.0
2013-12-15 22:00:00,9357.0
2013-12-15 23:00:00,4976.0
2013-12-16 00:00:00,4635.0
2013-12-16 01:00:00,4634.0
2013-12-16 02:00:00,4470.0
2013-12-16 03:00:00,4533.0
2013-12-16 04:00:00,5090.0
2013-12-16 05:00:00,5103.0
2013-12-16 06:00:00,6838.0
2013-12-16 07:00:00,9673.0
2013-12-16 08:00:00,10395.0
2013-12-16 09:00:00,13711.0
2013-12-16 10:00:00,14849.0
2013-12-16 11:00:00,15824.0
2013-12-16 12:00:00,14901.0
2013-12-16 13:00:00,14330.0
2013-12-16 14:00:00,14090.0
2013-12-16 15:00:00,14598.0
2013-12-16 16:00:00,14634.0
2013-12-16 17:00:00,14900.0
2013-12-16 18:00:00,14901.0
2013-12-16 19:00:00,14648.0
2013-12-16 20:00:00,13421.0
2013-12-16 21:00:00,12394.0
2013-12-16 22:00:00,9850.0
2013-12-16 23:00:00,6242.0
2013-12-17 00:00:00,5065.0
2013-12-17 01:00:00,4914.0
2013-12-17 02:00:00,4596.0
2013-12-17 03:00:00,4698.0
2013-12-17 04:00:00,5052.0
2013-12-17 05:00:00,5052.0
2013-12-17 06:00:00,7141.0
2013-12-17 07:00:00,10229.0
2013-12-17 08:00:00,10648.0
2013-12-17 09:00:00,15521.0
2013-12-17 10:00:00,15634.0
2013-12-17 11:00:00,15166.0
2013-12-17 12:00:00,14799.0
2013-12-17 13:00:00,14686.0
2013-12-17 14:00:00,14711.0
2013-12-17 15:00:00,15268.0
2013-12-17 16:00:00,14660.0
2013-12-17 17:00:00,14609.0
2013-12-17 18:00:00,14900.0
2013-12-17 19:00:00,14609.0
2013-12-17 20:00:00,13711.0
2013-12-17 21:00:00,12660.0
2013-12-17 22:00:00,9812.0
2013-12-17 23:00:00,5167.0
2013-12-18 00:00:00,4812.0
2013-12-18 01:00:00,4927.0
2013-12-18 02:00:00,4698.0
2013-12-18 03:00:00,4660.0
2013-12-18 04:00:00,5128.0
2013-12-18 05:00:00,5218.0
2013-12-18 06:00:00,6851.0
2013-12-18 07:00:00,9773.0
2013-12-18 08:00:00,10610.0
2013-12-18 09:00:00,15078.0
2013-12-18 10:00:00,16331.0
2013-12-18 11:00:00,15787.0
2013-12-18 12:00:00,14622.0
2013-12-18 13:00:00,14179.0
2013-12-18 14:00:00,13825.0
2013-12-18 15:00:00,14723.0
2013-12-18 16:00:00,14964.0
2013-12-18 17:00:00,14673.0
2013-12-18 18:00:00,14280.0
2013-12-18 19:00:00,14660.0
2013-12-18 20:00:00,14369.0
2013-12-18 21:00:00,12647.0
2013-12-18 22:00:00,10280.0
2013-12-18 23:00:00,5991.0
2013-12-19 00:00:00,5407.0
2013-12-19 01:00:00,5242.0
2013-12-19 02:00:00,5065.0
2013-12-19 03:00:00,4963.0
2013-12-19 04:00:00,5432.0
2013-12-19 05:00:00,5647.0
2013-12-19 06:00:00,7546.0
2013-12-19 07:00:00,10255.0
2013-12-19 08:00:00,10964.0
2013-12-19 09:00:00,15192.0
2013-12-19 10:00:00,16368.0
2013-12-19 11:00:00,15268.0
2013-12-19 12:00:00,14889.0
2013-12-19 13:00:00,15306.0
2013-12-19 14:00:00,15597.0
2013-12-19 15:00:00,14977.0
2013-12-19 16:00:00,15091.0
2013-12-19 17:00:00,14585.0
2013-12-19 18:00:00,14572.0
2013-12-19 19:00:00,14267.0
2013-12-19 20:00:00,13660.0
2013-12-19 21:00:00,11902.0
2013-12-19 22:00:00,9952.0
2013-12-19 23:00:00,5382.0
2013-12-20 00:00:00,4558.0
2013-12-20 01:00:00,4609.0
2013-12-20 02:00:00,4521.0
2013-12-20 03:00:00,4483.0
2013-12-20 04:00:00,5002.0
2013-12-20 05:00:00,5040.0
2013-12-20 06:00:00,7028.0
2013-12-20 07:00:00,9053.0
2013-12-20 08:00:00,11331.0
2013-12-20 09:00:00,13761.0
2013-12-20 10:00:00,15609.0
2013-12-20 11:00:00,15344.0
2013-12-20 12:00:00,15331.0
2013-12-20 13:00:00,14167.0
2013-12-20 14:00:00,14230.0
2013-12-20 15:00:00,14635.0
2013-12-20 16:00:00,15470.0
2013-12-20 17:00:00,15622.0
2013-12-20 18:00:00,15699.0
2013-12-20 19:00:00,15837.0
2013-12-20 20:00:00,15268.0
2013-12-20 21:00:00,14674.0
2013-12-20 22:00:00,13280.0
2013-12-20 23:00:00,12318.0
2013-12-21 00:00:00,6647.0
2013-12-21 01:00:00,6394.0
2013-12-21 02:00:00,6800.0
2013-12-21 03:00:00,6369.0
2013-12-21 04:00:00,7332.0
2013-12-21 05:00:00,7305.0
2013-12-21 06:00:00,6850.0
2013-12-21 07:00:00,7458.0
2013-12-21 08:00:00,10130.0
2013-12-21 09:00:00,13964.0
2013-12-21 10:00:00,15078.0
2013-12-21 11:00:00,15648.0
2013-12-21 12:00:00,15293.0
2013-12-21 13:00:00,14824.0
2013-12-21 14:00:00,14154.0
2013-12-21 15:00:00,15015.0
2013-12-21 16:00:00,15268.0
2013-12-21 17:00:00,14191.0
2013-12-21 18:00:00,13952.0
2013-12-21 19:00:00,14736.0
2013-12-21 20:00:00,14066.0
2013-12-21 21:00:00,12838.0
2013-12-21 22:00:00,12926.0
2013-12-21 23:00:00,10799.0
2013-12-22 00:00:00,7470.0
2013-12-22 01:00:00,6863.0
2013-12-22 02:00:00,6573.0
2013-12-22 03:00:00,6368.0
2013-12-22 04:00:00,7015.0
2013-12-22 05:00:00,6761.0
2013-12-22 06:00:00,6318.0
2013-12-22 07:00:00,7408.0
2013-12-22 08:00:00,9977.0
2013-12-22 09:00:00,14420.0
2013-12-22 10:00:00,14812.0
2013-12-22 11:00:00,14863.0
2013-12-22 12:00:00,14787.0
2013-12-22 13:00:00,14787.0
2013-12-22 14:00:00,13787.0
2013-12-22 15:00:00,14002.0
2013-12-22 16:00:00,14863.0
2013-12-22 17:00:00,14648.0
2013-12-22 18:00:00,14685.0
2013-12-22 19:00:00,14534.0
2013-12-22 20:00:00,14761.0
2013-12-22 21:00:00,14242.0
2013-12-22 22:00:00,13787.0
2013-12-22 23:00:00,9750.0
2013-12-23 00:00:00,6851.0
2013-12-23 01:00:00,7116.0
2013-12-23 02:00:00,7280.0
2013-12-23 03:00:00,6786.0
2013-12-23 04:00:00,7243.0
2013-12-23 05:00:00,7609.0
2013-12-23 06:00:00,6660.0
2013-12-23 07:00:00,7686.0
2013-12-23 08:00:00,10964.0
2013-12-23 09:00:00,14559.0
2013-12-23 10:00:00,15154.0
2013-12-23 11:00:00,16204.0
2013-12-23 12:00:00,16547.0
2013-12-23 13:00:00,15749.0
2013-12-23 14:00:00,15129.0
2013-12-23 15:00:00,15584.0
2013-12-23 16:00:00,16003.0
2013-12-23 17:00:00,15205.0
2013-12-23 18:00:00,14825.0
2013-12-23 19:00:00,15040.0
2013-12-23 20:00:00,15356.0
2013-12-23 21:00:00,13546.0
2013-12-23 22:00:00,13141.0
2013-12-23 23:00:00,10205.0
2013-12-24 00:00:00,6559.0
2013-12-24 01:00:00,6230.0
2013-12-24 02:00:00,6230.0
2013-12-24 03:00:00,7318.0
2013-12-24 04:00:00,7800.0
2013-12-24 05:00:00,6761.0
2013-12-24 06:00:00,7091.0
2013-12-24 07:00:00,9356.0
2013-12-24 08:00:00,10090.0
2013-12-24 09:00:00,14331.0
2013-12-24 10:00:00,16242.0
2013-12-24 11:00:00,16255.0
2013-12-24 12:00:00,14926.0
2013-12-24 13:00:00,14585.0
2013-12-24 14:00:00,13965.0
2013-12-24 15:00:00,14205.0
2013-12-24 16:00:00,13458.0
2013-12-24 17:00:00,12685.0
2013-12-24 18:00:00,10888.0
2013-12-24 19:00:00,5800.0
2013-12-24 20:00:00,5510.0
2013-12-24 21:00:00,5382.0
2013-12-24 22:00:00,5673.0
2013-12-24 23:00:00,4913.0
2013-12-25 00:00:00,4583.0
2013-12-25 01:00:00,4761.0
2013-12-25 02:00:00,4572.0
2013-12-25 03:00:00,4533.0
2013-12-25 04:00:00,5014.0
2013-12-25 05:00:00,4698.0
2013-12-25 06:00:00,4520.0
2013-12-25 07:00:00,4837.0
2013-12-25 08:00:00,4711.0
2013-12-25 09:00:00,5192.0
2013-12-25 10:00:00,5103.0
2013-12-25 11:00:00,4786.0
2013-12-25 12:00:00,4521.0
2013-12-25 13:00:00,4635.0
2013-12-25 14:00:00,4495.0
2013-12-25 15:00:00,4445.0
2013-12-25 16:00:00,4824.0
2013-12-25 17:00:00,4469.0
2013-12-25 18:00:00,4419.0
2013-12-25 19:00:00,4610.0
2013-12-25 20:00:00,4356.0
2013-12-25 21:00:00,4382.0
2013-12-25 22:00:00,4533.0
2013-12-25 23:00:00,4141.0
2013-12-26 00:00:00,4028.0
2013-12-26 01:00:00,4343.0
2013-12-26 02:00:00,4116.0
2013-12-26 03:00:00,4268.0
2013-12-26 04:00:00,4559.0
2013-12-26 05:00:00,4724.0
2013-12-26 06:00:00,4862.0
2013-12-26 07:00:00,11521.0
2013-12-26 08:00:00,11597.0
2013-12-26 09:00:00,14155.0
2013-12-26 10:00:00,15989.0
2013-12-26 11:00:00,14470.0
2013-12-26 12:00:00,14255.0
2013-12-26 13:00:00,13888.0
2013-12-26 14:00:00,13609.0
2013-12-26 15:00:00,14775.0
2013-12-26 16:00:00,14496.0
2013-12-26 17:00:00,14458.0
2013-12-26 18:00:00,14204.0
2013-12-26 19:00:00,14623.0
2013-12-26 20:00:00,13370.0
2013-12-26 21:00:00,12268.0
2013-12-26 22:00:00,9977.0
2013-12-26 23:00:00,5534.0
2013-12-27 00:00:00,4875.0
2013-12-27 01:00:00,4900.0
2013-12-27 02:00:00,4812.0
2013-12-27 03:00:00,4825.0
2013-12-27 04:00:00,5369.0
2013-12-27 05:00:00,5509.0
2013-12-27 06:00:00,7318.0
2013-12-27 07:00:00,9788.0
2013-12-27 08:00:00,12104.0
2013-12-27 09:00:00,14825.0
2013-12-27 10:00:00,16001.0
2013-12-27 11:00:00,15091.0
2013-12-27 12:00:00,15648.0
2013-12-27 13:00:00,15192.0
2013-12-27 14:00:00,14673.0
2013-12-27 15:00:00,14686.0
2013-12-27 16:00:00,16254.0
2013-12-27 17:00:00,15648.0
2013-12-27 18:00:00,14863.0
2013-12-27 19:00:00,15041.0
2013-12-27 20:00:00,14077.0
2013-12-27 21:00:00,12914.0
2013-12-27 22:00:00,12066.0
2013-12-27 23:00:00,11026.0
2013-12-28 00:00:00,10242.0
2013-12-28 01:00:00,9623.0
2013-12-28 02:00:00,5609.0
2013-12-28 03:00:00,4926.0
2013-12-28 04:00:00,5357.0
2013-12-28 05:00:00,5623.0
2013-12-28 06:00:00,7117.0
2013-12-28 07:00:00,9546.0
2013-12-28 08:00:00,11192.0
2013-12-28 09:00:00,14028.0
2013-12-28 10:00:00,15078.0
2013-12-28 11:00:00,14710.0
2013-12-28 12:00:00,14888.0
2013-12-28 13:00:00,14395.0
2013-12-28 14:00:00,13838.0
2013-12-28 15:00:00,14420.0
2013-12-28 16:00:00,14406.0
2013-12-28 17:00:00,14179.0
2013-12-28 18:00:00,13584.0
2013-12-28 19:00:00,13774.0
2013-12-28 20:00:00,12774.0
2013-12-28 21:00:00,11799.0
2013-12-28 22:00:00,10281.0
2013-12-28 23:00:00,5484.0
2013-12-29 00:00:00,4888.0
2013-12-29 01:00:00,4786.0
2013-12-29 02:00:00,4533.0
2013-12-29 03:00:00,4596.0
2013-12-29 04:00:00,4900.0
2013-12-29 05:00:00,4938.0
2013-12-29 06:00:00,6724.0
2013-12-29 07:00:00,9711.0
2013-12-29 08:00:00,10344.0
2013-12-29 09:00:00,14053.0
2013-12-29 10:00:00,15419.0
2013-12-29 11:00:00,14875.0
2013-12-29 12:00:00,14433.0
2013-12-29 13:00:00,14989.0
2013-12-29 14:00:00,14394.0
2013-12-29 15:00:00,14597.0
2013-12-29 16:00:00,14939.0
2013-12-29 17:00:00,14673.0
2013-12-29 18:00:00,14572.0
2013-12-29 19:00:00,13837.0
2013-12-29 20:00:00,12837.0
2013-12-29 21:00:00,11875.0
2013-12-29 22:00:00,9534.0
2013-12-29 23:00:00,4952.0
2013-12-30 00:00:00,4584.0
2013-12-30 01:00:00,4520.0
2013-12-30 02:00:00,4420.0
2013-12-30 03:00:00,4406.0
2013-12-30 04:00:00,5003.0
2013-12-30 05:00:00,5001.0
2013-12-30 06:00:00,7116.0
2013-12-30 07:00:00,8939.0
2013-12-30 08:00:00,10368.0
2013-12-30 09:00:00,13472.0
2013-12-30 10:00:00,14888.0
2013-12-30 11:00:00,15015.0
2013-12-30 12:00:00,15040.0
2013-12-30 13:00:00,14521.0
2013-12-30 14:00:00,13737.0
2013-12-30 15:00:00,14545.0
2013-12-30 16:00:00,14685.0
2013-12-30 17:00:00,14520.0
2013-12-30 18:00:00,15129.0
2013-12-30 19:00:00,15445.0
2013-12-30 20:00:00,14508.0
2013-12-30 21:00:00,14154.0
2013-12-30 22:00:00,13167.0
2013-12-30 23:00:00,7458.0
2013-12-31 00:00:00,6406.0
2013-12-31 01:00:00,6836.0
2013-12-31 02:00:00,6977.0
2013-12-31 03:00:00,7521.0
2013-12-31 04:00:00,7205.0
2013-12-31 05:00:00,6357.0
2013-12-31 06:00:00,6204.0
2013-12-31 07:00:00,7800.0
2013-12-31 08:00:00,10977.0
2013-12-31 09:00:00,14268.0
2013-12-31 10:00:00,15269.0
2013-12-31 11:00:00,15293.0
2013-12-31 12:00:00,16077.0
2013-12-31 13:00:00,16256.0
2013-12-31 14:00:00,16445.0
2013-12-31 15:00:00,16343.0
2013-12-31 16:00:00,16154.0
2013-12-31 17:00:00,14407.0
2013-12-31 18:00:00,12243.0
2013-12-31 19:00:00,10710.0
2013-12-31 20:00:00,5381.0
2013-12-31 21:00:00,5142.0
2013-12-31 22:00:00,5407.0
2013-12-31 23:00:00,4621.0
2014-01-01 00:00:00,4216.0
2014-01-01 01:00:00,4534.0
2014-01-01 02:00:00,4116.0
2014-01-01 03:00:00,4217.0
2014-01-01 04:00:00,4761.0
2014-01-01 05:00:00,4420.0
2014-01-01 06:00:00,4356.0
2014-01-01 07:00:00,4419.0
2014-01-01 08:00:00,4572.0
2014-01-01 09:00:00,5040.0
2014-01-01 10:00:00,5623.0
2014-01-01 11:00:00,5217.0
2014-01-01 12:00:00,5028.0
2014-01-01 13:00:00,5293.0
2014-01-01 14:00:00,5014.0
2014-01-01 15:00:00,5077.0
2014-01-01 16:00:00,5572.0
2014-01-01 17:00:00,5141.0
2014-01-01 18:00:00,4990.0
2014-01-01 19:00:00,5230.0
2014-01-01 20:00:00,4939.0
2014-01-01 21:00:00,5104.0
2014-01-01 22:00:00,5457.0
2014-01-01 23:00:00,4496.0
2014-01-02 00:00:00,4217.0
2014-01-02 01:00:00,4331.0
2014-01-02 02:00:00,4026.0
2014-01-02 03:00:00,4229.0
2014-01-02 04:00:00,4836.0
2014-01-02 05:00:00,4850.0
2014-01-02 06:00:00,4977.0
2014-01-02 07:00:00,10457.0
2014-01-02 08:00:00,11421.0
2014-01-02 09:00:00,13218.0
2014-01-02 10:00:00,15369.0
2014-01-02 11:00:00,13697.0
2014-01-02 12:00:00,13521.0
2014-01-02 13:00:00,13990.0
2014-01-02 14:00:00,13484.0
2014-01-02 15:00:00,13002.0
2014-01-02 16:00:00,14482.0
2014-01-02 17:00:00,13243.0
2014-01-02 18:00:00,13623.0
2014-01-02 19:00:00,13799.0
2014-01-02 20:00:00,12597.0
2014-01-02 21:00:00,11255.0
2014-01-02 22:00:00,9229.0
2014-01-02 23:00:00,5027.0
2014-01-03 00:00:00,4446.0
2014-01-03 01:00:00,4648.0
2014-01-03 02:00:00,4445.0
2014-01-03 03:00:00,4521.0
2014-01-03 04:00:00,4875.0
2014-01-03 05:00:00,5090.0
2014-01-03 06:00:00,6964.0
2014-01-03 07:00:00,9534.0
2014-01-03 08:00:00,10800.0
2014-01-03 09:00:00,13255.0
2014-01-03 10:00:00,14775.0
2014-01-03 11:00:00,14496.0
2014-01-03 12:00:00,14217.0
2014-01-03 13:00:00,13571.0
2014-01-03 14:00:00,13750.0
2014-01-03 15:00:00,13749.0
2014-01-03 16:00:00,13914.0
2014-01-03 17:00:00,13597.0
2014-01-03 18:00:00,13319.0
2014-01-03 19:00:00,13217.0
2014-01-03 20:00:00,12900.0
2014-01-03 21:00:00,11711.0
2014-01-03 22:00:00,8850.0
2014-01-03 23:00:00,5534.0
2014-01-04 00:00:00,4825.0
2014-01-04 01:00:00,4799.0
2014-01-04 02:00:00,4534.0
2014-01-04 03:00:00,4609.0
2014-01-04 04:00:00,5065.0
2014-01-04 05:00:00,5078.0
2014-01-04 06:00:00,6939.0
2014-01-04 07:00:00,9799.0
2014-01-04 08:00:00,11394.0
2014-01-04 09:00:00,13951.0
2014-01-04 10:00:00,15433.0
2014-01-04 11:00:00,14470.0
2014-01-04 12:00:00,13217.0
2014-01-04 13:00:00,13584.0
2014-01-04 14:00:00,13610.0
2014-01-04 15:00:00,14407.0
2014-01-04 16:00:00,14787.0
2014-01-04 17:00:00,13293.0
2014-01-04 18:00:00,13533.0
2014-01-04 19:00:00,13610.0
2014-01-04 20:00:00,12116.0
2014-01-04 21:00:00,11065.0
2014-01-04 22:00:00,8559.0
2014-01-04 23:00:00,5154.0
2014-01-05 00:00:00,4483.0
2014-01-05 01:00:00,4521.0
2014-01-05 02:00:00,4305.0
2014-01-05 03:00:00,4242.0
2014-01-05 04:00:00,4736.0
2014-01-05 05:00:00,4862.0
2014-01-05 06:00:00,6533.0
2014-01-05 07:00:00,9267.0
2014-01-05 08:00:00,10305.0
2014-01-05 09:00:00,13889.0
2014-01-05 10:00:00,14305.0
2014-01-05 11:00:00,14584.0
2014-01-05 12:00:00,14699.0
2014-01-05 13:00:00,13939.0
2014-01-05 14:00:00,13204.0
2014-01-05 15:00:00,13306.0
2014-01-05 16:00:00,14381.0
2014-01-05 17:00:00,14457.0
2014-01-05 18:00:00,14559.0
2014-01-05 19:00:00,14104.0
2014-01-05 20:00:00,12799.0
2014-01-05 21:00:00,11965.0
2014-01-05 22:00:00,9141.0
2014-01-05 23:00:00,4635.0
2014-01-06 00:00:00,4583.0
2014-01-06 01:00:00,4635.0
2014-01-06 02:00:00,4318.0
2014-01-06 03:00:00,4482.0
2014-01-06 04:00:00,4952.0
2014-01-06 05:00:00,4926.0
2014-01-06 06:00:00,6698.0
2014-01-06 07:00:00,9040.0
2014-01-06 08:00:00,9837.0
2014-01-06 09:00:00,13408.0
2014-01-06 10:00:00,14787.0
2014-01-06 11:00:00,13825.0
2014-01-06 12:00:00,13192.0
2014-01-06 13:00:00,13230.0
2014-01-06 14:00:00,14800.0
2014-01-06 15:00:00,13762.0
2014-01-06 16:00:00,13609.0
2014-01-06 17:00:00,13547.0
2014-01-06 18:00:00,13470.0
2014-01-06 19:00:00,13598.0
2014-01-06 20:00:00,12344.0
2014-01-06 21:00:00,11305.0
2014-01-06 22:00:00,8571.0
2014-01-06 23:00:00,5052.0
2014-01-07 00:00:00,4546.0
2014-01-07 01:00:00,4811.0
2014-01-07 02:00:00,4457.0
2014-01-07 03:00:00,4520.0
2014-01-07 04:00:00,4825.0
2014-01-07 05:00:00,4989.0
2014-01-07 06:00:00,6952.0
2014-01-07 07:00:00,9280.0
2014-01-07 08:00:00,10724.0
2014-01-07 09:00:00,12611.0
2014-01-07 10:00:00,14623.0
2014-01-07 11:00:00,13040.0
2014-01-07 12:00:00,16951.0
2014-01-07 13:00:00,14141.0
2014-01-07 14:00:00,14026.0
2014-01-07 15:00:00,14407.0
2014-01-07 16:00:00,13762.0
2014-01-07 17:00:00,14091.0
2014-01-07 18:00:00,13434.0
2014-01-07 19:00:00,13736.0
2014-01-07 20:00:00,12471.0
2014-01-07 21:00:00,11735.0
2014-01-07 22:00:00,8255.0
2014-01-07 23:00:00,4660.0
2014-01-08 00:00:00,4153.0
2014-01-08 01:00:00,4419.0
2014-01-08 02:00:00,4179.0
2014-01-08 03:00:00,4243.0
2014-01-08 04:00:00,4621.0
2014-01-08 05:00:00,4711.0
2014-01-08 06:00:00,6661.0
2014-01-08 07:00:00,9420.0
2014-01-08 08:00:00,10711.0
2014-01-08 09:00:00,12938.0
2014-01-08 10:00:00,13863.0
2014-01-08 11:00:00,14318.0
2014-01-08 12:00:00,14484.0
2014-01-08 13:00:00,13382.0
2014-01-08 14:00:00,11837.0
2014-01-08 15:00:00,12610.0
2014-01-08 16:00:00,13636.0
2014-01-08 17:00:00,12674.0
2014-01-08 18:00:00,12685.0
2014-01-08 19:00:00,13686.0
2014-01-08 20:00:00,11585.0
2014-01-08 21:00:00,10964.0
2014-01-08 22:00:00,9167.0
2014-01-08 23:00:00,4965.0
2014-01-09 00:00:00,4647.0
2014-01-09 01:00:00,4736.0
2014-01-09 02:00:00,4609.0
2014-01-09 03:00:00,4584.0
2014-01-09 04:00:00,4900.0
2014-01-09 05:00:00,4661.0
2014-01-09 06:00:00,5762.0
2014-01-09 07:00:00,9382.0
2014-01-09 08:00:00,10343.0
2014-01-09 09:00:00,11699.0
2014-01-09 10:00:00,13421.0
2014-01-09 11:00:00,13610.0
2014-01-09 12:00:00,14179.0
2014-01-09 13:00:00,12749.0
2014-01-09 14:00:00,13103.0
2014-01-09 15:00:00,12875.0
2014-01-09 16:00:00,13064.0
2014-01-09 17:00:00,12811.0
2014-01-09 18:00:00,12736.0
2014-01-09 19:00:00,13015.0
2014-01-09 20:00:00,12065.0
2014-01-09 21:00:00,11242.0
2014-01-09 22:00:00,8598.0
2014-01-09 23:00:00,4762.0
2014-01-10 00:00:00,4445.0
2014-01-10 01:00:00,4596.0
2014-01-10 02:00:00,4292.0
2014-01-10 03:00:00,4457.0
2014-01-10 04:00:00,4774.0
2014-01-10 05:00:00,4824.0
2014-01-10 06:00:00,6723.0
2014-01-10 07:00:00,9471.0
2014-01-10 08:00:00,10306.0
2014-01-10 09:00:00,12964.0
2014-01-10 10:00:00,14813.0
2014-01-10 11:00:00,13242.0
2014-01-10 12:00:00,12774.0
2014-01-10 13:00:00,13369.0
2014-01-10 14:00:00,13229.0
2014-01-10 15:00:00,12761.0
2014-01-10 16:00:00,13167.0
2014-01-10 17:00:00,14066.0
2014-01-10 18:00:00,13433.0
2014-01-10 19:00:00,12838.0
2014-01-10 20:00:00,12192.0
2014-01-10 21:00:00,10963.0
2014-01-10 22:00:00,8268.0
2014-01-10 23:00:00,5066.0
2014-01-11 00:00:00,4420.0
2014-01-11 01:00:00,4306.0
2014-01-11 02:00:00,4141.0
2014-01-11 03:00:00,4281.0
2014-01-11 04:00:00,4609.0
2014-01-11 05:00:00,4824.0
2014-01-11 06:00:00,6748.0
2014-01-11 07:00:00,9091.0
2014-01-11 08:00:00,10179.0
2014-01-11 09:00:00,12735.0
2014-01-11 10:00:00,14002.0
2014-01-11 11:00:00,14470.0
2014-01-11 12:00:00,12989.0
2014-01-11 13:00:00,13572.0
2014-01-11 14:00:00,12811.0
2014-01-11 15:00:00,12940.0
2014-01-11 16:00:00,14433.0
2014-01-11 17:00:00,13433.0
2014-01-11 18:00:00,12799.0
2014-01-11 19:00:00,13205.0
2014-01-11 20:00:00,12407.0
2014-01-11 21:00:00,11078.0
2014-01-11 22:00:00,9534.0
2014-01-11 23:00:00,5229.0
2014-01-12 00:00:00,4748.0
2014-01-12 01:00:00,4710.0
2014-01-12 02:00:00,4533.0
2014-01-12 03:00:00,4558.0
2014-01-12 04:00:00,5128.0
2014-01-12 05:00:00,5255.0
2014-01-12 06:00:00,7179.0
2014-01-12 07:00:00,9951.0
2014-01-12 08:00:00,10736.0
2014-01-12 09:00:00,14003.0
2014-01-12 10:00:00,13926.0
2014-01-12 11:00:00,13977.0
2014-01-12 12:00:00,13634.0
2014-01-12 13:00:00,12748.0
2014-01-12 14:00:00,13914.0
2014-01-12 15:00:00,13179.0
2014-01-12 16:00:00,12940.0
2014-01-12 17:00:00,12432.0
2014-01-12 18:00:00,12938.0
2014-01-12 19:00:00,13091.0
2014-01-12 20:00:00,12091.0
2014-01-12 21:00:00,11141.0
2014-01-12 22:00:00,9585.0
2014-01-12 23:00:00,4888.0
2014-01-13 00:00:00,4520.0
2014-01-13 01:00:00,4635.0
2014-01-13 02:00:00,4332.0
2014-01-13 03:00:00,4407.0
2014-01-13 04:00:00,4939.0
2014-01-13 05:00:00,5142.0
2014-01-13 06:00:00,7066.0
2014-01-13 07:00:00,9355.0
2014-01-13 08:00:00,11331.0
2014-01-13 09:00:00,12914.0
2014-01-13 10:00:00,15875.0
2014-01-13 11:00:00,14725.0
2014-01-13 12:00:00,12925.0
2014-01-13 13:00:00,12913.0
2014-01-13 14:00:00,13495.0
2014-01-13 15:00:00,12217.0
2014-01-13 16:00:00,12496.0
2014-01-13 17:00:00,14964.0
2014-01-13 18:00:00,13774.0
2014-01-13 19:00:00,14027.0
2014-01-13 20:00:00,12419.0
2014-01-13 21:00:00,10926.0
2014-01-13 22:00:00,8331.0
2014-01-13 23:00:00,5141.0
2014-01-14 00:00:00,4609.0
2014-01-14 01:00:00,4482.0
2014-01-14 02:00:00,4217.0
2014-01-14 03:00:00,4407.0
2014-01-14 04:00:00,4875.0
2014-01-14 05:00:00,4762.0
2014-01-14 06:00:00,7280.0
2014-01-14 07:00:00,9040.0
2014-01-14 08:00:00,10091.0
2014-01-14 09:00:00,12623.0
2014-01-14 10:00:00,15104.0
2014-01-14 11:00:00,13572.0
2014-01-14 12:00:00,13407.0
2014-01-14 13:00:00,13369.0
2014-01-14 14:00:00,13242.0
2014-01-14 15:00:00,12647.0
2014-01-14 16:00:00,12761.0
2014-01-14 17:00:00,12787.0
2014-01-14 18:00:00,12534.0
2014-01-14 19:00:00,12875.0
2014-01-14 20:00:00,11674.0
2014-01-14 21:00:00,10914.0
2014-01-14 22:00:00,8521.0
2014-01-14 23:00:00,4672.0
2014-01-15 00:00:00,4242.0
2014-01-15 01:00:00,4420.0
2014-01-15 02:00:00,4267.0
2014-01-15 03:00:00,4281.0
2014-01-15 04:00:00,4849.0
2014-01-15 05:00:00,4863.0
2014-01-15 06:00:00,6698.0
2014-01-15 07:00:00,10319.0
2014-01-15 08:00:00,8849.0
2014-01-15 09:00:00,13015.0
2014-01-15 10:00:00,15026.0
2014-01-15 11:00:00,13622.0
2014-01-15 12:00:00,13623.0
2014-01-15 13:00:00,14648.0
2014-01-15 14:00:00,13369.0
2014-01-15 15:00:00,13610.0
2014-01-15 16:00:00,14191.0
2014-01-15 17:00:00,14142.0
2014-01-15 18:00:00,14154.0
2014-01-15 19:00:00,14065.0
2014-01-15 20:00:00,12520.0
2014-01-15 21:00:00,12028.0
2014-01-15 22:00:00,10318.0
2014-01-15 23:00:00,5610.0
2014-01-16 00:00:00,4254.0
2014-01-16 01:00:00,4470.0
2014-01-16 02:00:00,4141.0
2014-01-16 03:00:00,4279.0
2014-01-16 04:00:00,4673.0
2014-01-16 05:00:00,4989.0
2014-01-16 06:00:00,6849.0
2014-01-16 07:00:00,9798.0
2014-01-16 08:00:00,9824.0
2014-01-16 09:00:00,12395.0
2014-01-16 10:00:00,14154.0
2014-01-16 11:00:00,13307.0
2014-01-16 12:00:00,12635.0
2014-01-16 13:00:00,12242.0
2014-01-16 14:00:00,12268.0
2014-01-16 15:00:00,12141.0
2014-01-16 16:00:00,12862.0
2014-01-16 17:00:00,12281.0
2014-01-16 18:00:00,12989.0
2014-01-16 19:00:00,12330.0
2014-01-16 20:00:00,11761.0
2014-01-16 21:00:00,10432.0
2014-01-16 22:00:00,9193.0
2014-01-16 23:00:00,4698.0
2014-01-17 00:00:00,4102.0
2014-01-17 01:00:00,4052.0
2014-01-17 02:00:00,3939.0
2014-01-17 03:00:00,4001.0
2014-01-17 04:00:00,4393.0
2014-01-17 05:00:00,4596.0
2014-01-17 06:00:00,6533.0
2014-01-17 07:00:00,9128.0
2014-01-17 08:00:00,10345.0
2014-01-17 09:00:00,12748.0
2014-01-17 10:00:00,14053.0
2014-01-17 11:00:00,13509.0
2014-01-17 12:00:00,13306.0
2014-01-17 13:00:00,12749.0
2014-01-17 14:00:00,13103.0
2014-01-17 15:00:00,14053.0
2014-01-17 16:00:00,14560.0
2014-01-17 17:00:00,13989.0
2014-01-17 18:00:00,13560.0
2014-01-17 19:00:00,13470.0
2014-01-17 20:00:00,13205.0
2014-01-17 21:00:00,10749.0
2014-01-17 22:00:00,8673.0
2014-01-17 23:00:00,4761.0
2014-01-18 00:00:00,4179.0
2014-01-18 01:00:00,4154.0
2014-01-18 02:00:00,3938.0
2014-01-18 03:00:00,4039.0
2014-01-18 04:00:00,4444.0
2014-01-18 05:00:00,4495.0
2014-01-18 06:00:00,6432.0
2014-01-18 07:00:00,8926.0
2014-01-18 08:00:00,9990.0
2014-01-18 09:00:00,13862.0
2014-01-18 10:00:00,14116.0
2014-01-18 11:00:00,13610.0
2014-01-18 12:00:00,13724.0
2014-01-18 13:00:00,12990.0
2014-01-18 14:00:00,13153.0
2014-01-18 15:00:00,13065.0
2014-01-18 16:00:00,13281.0
2014-01-18 17:00:00,12876.0
2014-01-18 18:00:00,12180.0
2014-01-18 19:00:00,12572.0
2014-01-18 20:00:00,11749.0
2014-01-18 21:00:00,10598.0
2014-01-18 22:00:00,8495.0
2014-01-18 23:00:00,4989.0
2014-01-19 00:00:00,4256.0
2014-01-19 01:00:00,4242.0
2014-01-19 02:00:00,4077.0
2014-01-19 03:00:00,3977.0
2014-01-19 04:00:00,4496.0
2014-01-19 05:00:00,4508.0
2014-01-19 06:00:00,5875.0
2014-01-19 07:00:00,9229.0
2014-01-19 08:00:00,10104.0
2014-01-19 09:00:00,12546.0
2014-01-19 10:00:00,13142.0
2014-01-19 11:00:00,13471.0
2014-01-19 12:00:00,12648.0
2014-01-19 13:00:00,12483.0
2014-01-19 14:00:00,12255.0
2014-01-19 15:00:00,12825.0
2014-01-19 16:00:00,13306.0
2014-01-19 17:00:00,12838.0
2014-01-19 18:00:00,12559.0
2014-01-19 19:00:00,12495.0
2014-01-19 20:00:00,11408.0
2014-01-19 21:00:00,10319.0
2014-01-19 22:00:00,8508.0
2014-01-19 23:00:00,4559.0
2014-01-20 00:00:00,4255.0
2014-01-20 01:00:00,4294.0
2014-01-20 02:00:00,4053.0
2014-01-20 03:00:00,4040.0
2014-01-20 04:00:00,4609.0
2014-01-20 05:00:00,4686.0
2014-01-20 06:00:00,6381.0
2014-01-20 07:00:00,8863.0
2014-01-20 08:00:00,10382.0
2014-01-20 09:00:00,13016.0
2014-01-20 10:00:00,14166.0
2014-01-20 11:00:00,12925.0
2014-01-20 12:00:00,13129.0
2014-01-20 13:00:00,12255.0
2014-01-20 14:00:00,12167.0
2014-01-20 15:00:00,13192.0
2014-01-20 16:00:00,12672.0
2014-01-20 17:00:00,12875.0
2014-01-20 18:00:00,12786.0
2014-01-20 19:00:00,13014.0
2014-01-20 20:00:00,11761.0
2014-01-20 21:00:00,10483.0
2014-01-20 22:00:00,8445.0
2014-01-20 23:00:00,4609.0
2014-01-21 00:00:00,4179.0
2014-01-21 01:00:00,4230.0
2014-01-21 02:00:00,3938.0
2014-01-21 03:00:00,4178.0
2014-01-21 04:00:00,4520.0
2014-01-21 05:00:00,4774.0
2014-01-21 06:00:00,6571.0
2014-01-21 07:00:00,9837.0
2014-01-21 08:00:00,10343.0
2014-01-21 09:00:00,13079.0
2014-01-21 10:00:00,15090.0
2014-01-21 11:00:00,13255.0
2014-01-21 12:00:00,12571.0
2014-01-21 13:00:00,12749.0
2014-01-21 14:00:00,12976.0
2014-01-21 15:00:00,13964.0
2014-01-21 16:00:00,14141.0
2014-01-21 17:00:00,14179.0
2014-01-21 18:00:00,13737.0
2014-01-21 19:00:00,13737.0
2014-01-21 20:00:00,12901.0
2014-01-21 21:00:00,12053.0
2014-01-21 22:00:00,10001.0
2014-01-21 23:00:00,5533.0
2014-01-22 00:00:00,4330.0
2014-01-22 01:00:00,4407.0
2014-01-22 02:00:00,4128.0
2014-01-22 03:00:00,4305.0
2014-01-22 04:00:00,4723.0
2014-01-22 05:00:00,4938.0
2014-01-22 06:00:00,6887.0
2014-01-22 07:00:00,9660.0
2014-01-22 08:00:00,10482.0
2014-01-22 09:00:00,13572.0
2014-01-22 10:00:00,14989.0
2014-01-22 11:00:00,14660.0
2014-01-22 12:00:00,13484.0
2014-01-22 13:00:00,13002.0
2014-01-22 14:00:00,12698.0
2014-01-22 15:00:00,12520.0
2014-01-22 16:00:00,13394.0
2014-01-22 17:00:00,14078.0
2014-01-22 18:00:00,13103.0
2014-01-22 19:00:00,14205.0
2014-01-22 20:00:00,13115.0
2014-01-22 21:00:00,11508.0
2014-01-22 22:00:00,9116.0
2014-01-22 23:00:00,4280.0
2014-01-23 00:00:00,4065.0
2014-01-23 01:00:00,4117.0
2014-01-23 02:00:00,3939.0
2014-01-23 03:00:00,4027.0
2014-01-23 04:00:00,4432.0
2014-01-23 05:00:00,4684.0
2014-01-23 06:00:00,6458.0
2014-01-23 07:00:00,9673.0
2014-01-23 08:00:00,10319.0
2014-01-23 09:00:00,12837.0
2014-01-23 10:00:00,14154.0
2014-01-23 11:00:00,13103.0
2014-01-23 12:00:00,12939.0
2014-01-23 13:00:00,12659.0
2014-01-23 14:00:00,12774.0
2014-01-23 15:00:00,12520.0
2014-01-23 16:00:00,12508.0
2014-01-23 17:00:00,12762.0
2014-01-23 18:00:00,12850.0
2014-01-23 19:00:00,12889.0
2014-01-23 20:00:00,11851.0
2014-01-23 21:00:00,10711.0
2014-01-23 22:00:00,8584.0
2014-01-23 23:00:00,4406.0
2014-01-24 00:00:00,4141.0
2014-01-24 01:00:00,4066.0
2014-01-24 02:00:00,4116.0
2014-01-24 03:00:00,4154.0
2014-01-24 04:00:00,4571.0
2014-01-24 05:00:00,4762.0
2014-01-24 06:00:00,6509.0
2014-01-24 07:00:00,9609.0
2014-01-24 08:00:00,10054.0
2014-01-24 09:00:00,14218.0
2014-01-24 10:00:00,14799.0
2014-01-24 11:00:00,14369.0
2014-01-24 12:00:00,13547.0
2014-01-24 13:00:00,13407.0
2014-01-24 14:00:00,13141.0
2014-01-24 15:00:00,12699.0
2014-01-24 16:00:00,13280.0
2014-01-24 17:00:00,13065.0
2014-01-24 18:00:00,12976.0
2014-01-24 19:00:00,13331.0
2014-01-24 20:00:00,11875.0
2014-01-24 21:00:00,10775.0
2014-01-24 22:00:00,8433.0
2014-01-24 23:00:00,4634.0
2014-01-25 00:00:00,4014.0
2014-01-25 01:00:00,4230.0
2014-01-25 02:00:00,4090.0
2014-01-25 03:00:00,4306.0
2014-01-25 04:00:00,4572.0
2014-01-25 05:00:00,4672.0
2014-01-25 06:00:00,6382.0
2014-01-25 07:00:00,9534.0
2014-01-25 08:00:00,10192.0
2014-01-25 09:00:00,13318.0
2014-01-25 10:00:00,13888.0
2014-01-25 11:00:00,14319.0
2014-01-25 12:00:00,15610.0
2014-01-25 13:00:00,15584.0
2014-01-25 14:00:00,15318.0
2014-01-25 15:00:00,16267.0
2014-01-25 16:00:00,15331.0
2014-01-25 17:00:00,15319.0
2014-01-25 18:00:00,15597.0
2014-01-25 19:00:00,15382.0
2014-01-25 20:00:00,13673.0
2014-01-25 21:00:00,12925.0
2014-01-25 22:00:00,9699.0
2014-01-25 23:00:00,5306.0
2014-01-26 00:00:00,4521.0
2014-01-26 01:00:00,4369.0
2014-01-26 02:00:00,4318.0
2014-01-26 03:00:00,4368.0
2014-01-26 04:00:00,4786.0
2014-01-26 05:00:00,4990.0
2014-01-26 06:00:00,5951.0
2014-01-26 07:00:00,8648.0
2014-01-26 08:00:00,11218.0
2014-01-26 09:00:00,12394.0
2014-01-26 10:00:00,14381.0
2014-01-26 11:00:00,14571.0
2014-01-26 12:00:00,13445.0
2014-01-26 13:00:00,13660.0
2014-01-26 14:00:00,12901.0
2014-01-26 15:00:00,13811.0
2014-01-26 16:00:00,14115.0
2014-01-26 17:00:00,14002.0
2014-01-26 18:00:00,13153.0
2014-01-26 19:00:00,13508.0
2014-01-26 20:00:00,12457.0
2014-01-26 21:00:00,11446.0
2014-01-26 22:00:00,9445.0
2014-01-26 23:00:00,4825.0
2014-01-27 00:00:00,4470.0
2014-01-27 01:00:00,4546.0
2014-01-27 02:00:00,4445.0
2014-01-27 03:00:00,4381.0
2014-01-27 04:00:00,5078.0
2014-01-27 05:00:00,5192.0
2014-01-27 06:00:00,7344.0
2014-01-27 07:00:00,9761.0
2014-01-27 08:00:00,10800.0
2014-01-27 09:00:00,12938.0
2014-01-27 10:00:00,14875.0
2014-01-27 11:00:00,13547.0
2014-01-27 12:00:00,12786.0
2014-01-27 13:00:00,12851.0
2014-01-27 14:00:00,12368.0
2014-01-27 15:00:00,13255.0
2014-01-27 16:00:00,13710.0
2014-01-27 17:00:00,13660.0
2014-01-27 18:00:00,13230.0
2014-01-27 19:00:00,13800.0
2014-01-27 20:00:00,12850.0
2014-01-27 21:00:00,11622.0
2014-01-27 22:00:00,9014.0
2014-01-27 23:00:00,6471.0
2014-01-28 00:00:00,6052.0
2014-01-28 01:00:00,5458.0
2014-01-28 02:00:00,4356.0
2014-01-28 03:00:00,4280.0
2014-01-28 04:00:00,4863.0
2014-01-28 05:00:00,4863.0
2014-01-28 06:00:00,7421.0
2014-01-28 07:00:00,9255.0
2014-01-28 08:00:00,10357.0
2014-01-28 09:00:00,12673.0
2014-01-28 10:00:00,14483.0
2014-01-28 11:00:00,13862.0
2014-01-28 12:00:00,12647.0
2014-01-28 13:00:00,12546.0
2014-01-28 14:00:00,12672.0
2014-01-28 15:00:00,12989.0
2014-01-28 16:00:00,14052.0
2014-01-28 17:00:00,14090.0
2014-01-28 18:00:00,13685.0
2014-01-28 19:00:00,13988.0
2014-01-28 20:00:00,13065.0
2014-01-28 21:00:00,12369.0
2014-01-28 22:00:00,9775.0
2014-01-28 23:00:00,6179.0
2014-01-29 00:00:00,4888.0
2014-01-29 01:00:00,5002.0
2014-01-29 02:00:00,4635.0
2014-01-29 03:00:00,4508.0
2014-01-29 04:00:00,4977.0
2014-01-29 05:00:00,4609.0
2014-01-29 06:00:00,6572.0
2014-01-29 07:00:00,9028.0
2014-01-29 08:00:00,10065.0
2014-01-29 09:00:00,12117.0
2014-01-29 10:00:00,13926.0
2014-01-29 11:00:00,13509.0
2014-01-29 12:00:00,13230.0
2014-01-29 13:00:00,12521.0
2014-01-29 14:00:00,12090.0
2014-01-29 15:00:00,13711.0
2014-01-29 16:00:00,13419.0
2014-01-29 17:00:00,13850.0
2014-01-29 18:00:00,13674.0
2014-01-29 19:00:00,14090.0
2014-01-29 20:00:00,12762.0
2014-01-29 21:00:00,12078.0
2014-01-29 22:00:00,9116.0
2014-01-29 23:00:00,4723.0
2014-01-30 00:00:00,3913.0
2014-01-30 01:00:00,4053.0
2014-01-30 02:00:00,3838.0
2014-01-30 03:00:00,3862.0
2014-01-30 04:00:00,4293.0
2014-01-30 05:00:00,4597.0
2014-01-30 06:00:00,6179.0
2014-01-30 07:00:00,9103.0
2014-01-30 08:00:00,10015.0
2014-01-30 09:00:00,11964.0
2014-01-30 10:00:00,14331.0
2014-01-30 11:00:00,13015.0
2014-01-30 12:00:00,13762.0
2014-01-30 13:00:00,12597.0
2014-01-30 14:00:00,12496.0
2014-01-30 15:00:00,11926.0
2014-01-30 16:00:00,12545.0
2014-01-30 17:00:00,13837.0
2014-01-30 18:00:00,14015.0
2014-01-30 19:00:00,14242.0
2014-01-30 20:00:00,12800.0
2014-01-30 21:00:00,10724.0
2014-01-30 22:00:00,8167.0
2014-01-30 23:00:00,4697.0
2014-01-31 00:00:00,4533.0
2014-01-31 01:00:00,4445.0
2014-01-31 02:00:00,3901.0
2014-01-31 03:00:00,4065.0
2014-01-31 04:00:00,4507.0
2014-01-31 05:00:00,4761.0
2014-01-31 06:00:00,6520.0
2014-01-31 07:00:00,9458.0
2014-01-31 08:00:00,10623.0
2014-01-31 09:00:00,12737.0
2014-01-31 10:00:00,15053.0
2014-01-31 11:00:00,15331.0
2014-01-31 12:00:00,15597.0
2014-01-31 13:00:00,14888.0
2014-01-31 14:00:00,14103.0
2014-01-31 15:00:00,14015.0
2014-01-31 16:00:00,14344.0
2014-01-31 17:00:00,14761.0
2014-01-31 18:00:00,14483.0
2014-01-31 19:00:00,14989.0
2014-01-31 20:00:00,13168.0
2014-01-31 21:00:00,11965.0
2014-01-31 22:00:00,9826.0
2014-01-31 23:00:00,5205.0
2014-02-01 00:00:00,4420.0
2014-02-01 01:00:00,4357.0
2014-02-01 02:00:00,4204.0
2014-02-01 03:00:00,4446.0
2014-02-01 04:00:00,4761.0
2014-02-01 05:00:00,4876.0
2014-02-01 06:00:00,6635.0
2014-02-01 07:00:00,9002.0
2014-02-01 08:00:00,11369.0
2014-02-01 09:00:00,14230.0
2014-02-01 10:00:00,14585.0
2014-02-01 11:00:00,14382.0
2014-02-01 12:00:00,14128.0
2014-02-01 13:00:00,13218.0
2014-02-01 14:00:00,12876.0
2014-02-01 15:00:00,13432.0
2014-02-01 16:00:00,13496.0
2014-02-01 17:00:00,13382.0
2014-02-01 18:00:00,13281.0
2014-02-01 19:00:00,12799.0
2014-02-01 20:00:00,12102.0
2014-02-01 21:00:00,10736.0
2014-02-01 22:00:00,8978.0
2014-02-01 23:00:00,4965.0
2014-02-02 00:00:00,4141.0
2014-02-02 01:00:00,4217.0
2014-02-02 02:00:00,4040.0
2014-02-02 03:00:00,4051.0
2014-02-02 04:00:00,4558.0
2014-02-02 05:00:00,4698.0
2014-02-02 06:00:00,5584.0
2014-02-02 07:00:00,8978.0
2014-02-02 08:00:00,10774.0
2014-02-02 09:00:00,12685.0
2014-02-02 10:00:00,13104.0
2014-02-02 11:00:00,13369.0
2014-02-02 12:00:00,13002.0
2014-02-02 13:00:00,13319.0
2014-02-02 14:00:00,12571.0
2014-02-02 15:00:00,13723.0
2014-02-02 16:00:00,14723.0
2014-02-02 17:00:00,12571.0
2014-02-02 18:00:00,12369.0
2014-02-02 19:00:00,12686.0
2014-02-02 20:00:00,11254.0
2014-02-02 21:00:00,10458.0
2014-02-02 22:00:00,8952.0
2014-02-02 23:00:00,4850.0
2014-02-03 00:00:00,4003.0
2014-02-03 01:00:00,4103.0
2014-02-03 02:00:00,3889.0
2014-02-03 03:00:00,4066.0
2014-02-03 04:00:00,4406.0
2014-02-03 05:00:00,4711.0
2014-02-03 06:00:00,6686.0
2014-02-03 07:00:00,9484.0
2014-02-03 08:00:00,10572.0
2014-02-03 09:00:00,13369.0
2014-02-03 10:00:00,13800.0
2014-02-03 11:00:00,13851.0
2014-02-03 12:00:00,13103.0
2014-02-03 13:00:00,13091.0
2014-02-03 14:00:00,12635.0
2014-02-03 15:00:00,12787.0
2014-02-03 16:00:00,14053.0
2014-02-03 17:00:00,13926.0
2014-02-03 18:00:00,13623.0
2014-02-03 19:00:00,13926.0
2014-02-03 20:00:00,13179.0
2014-02-03 21:00:00,10926.0
2014-02-03 22:00:00,8774.0
2014-02-03 23:00:00,4419.0
2014-02-04 00:00:00,4053.0
2014-02-04 01:00:00,4104.0
2014-02-04 02:00:00,4052.0
2014-02-04 03:00:00,4052.0
2014-02-04 04:00:00,4710.0
2014-02-04 05:00:00,4749.0
2014-02-04 06:00:00,6660.0
2014-02-04 07:00:00,9571.0
2014-02-04 08:00:00,11078.0
2014-02-04 09:00:00,12774.0
2014-02-04 10:00:00,14837.0
2014-02-04 11:00:00,14647.0
2014-02-04 12:00:00,13699.0
2014-02-04 13:00:00,13761.0
2014-02-04 14:00:00,13293.0
2014-02-04 15:00:00,14242.0
2014-02-04 16:00:00,14938.0
2014-02-04 17:00:00,14851.0
2014-02-04 18:00:00,14597.0
2014-02-04 19:00:00,14648.0
2014-02-04 20:00:00,13698.0
2014-02-04 21:00:00,12243.0
2014-02-04 22:00:00,8813.0
2014-02-04 23:00:00,4622.0
2014-02-05 00:00:00,4306.0
2014-02-05 01:00:00,4369.0
2014-02-05 02:00:00,4395.0
2014-02-05 03:00:00,4622.0
2014-02-05 04:00:00,5053.0
2014-02-05 05:00:00,5192.0
2014-02-05 06:00:00,7166.0
2014-02-05 07:00:00,10115.0
2014-02-05 08:00:00,10913.0
2014-02-05 09:00:00,13344.0
2014-02-05 10:00:00,15875.0
2014-02-05 11:00:00,14862.0
2014-02-05 12:00:00,14723.0
2014-02-05 13:00:00,14813.0
2014-02-05 14:00:00,13774.0
2014-02-05 15:00:00,13408.0
2014-02-05 16:00:00,13457.0
2014-02-05 17:00:00,13420.0
2014-02-05 18:00:00,13800.0
2014-02-05 19:00:00,14003.0
2014-02-05 20:00:00,13090.0
2014-02-05 21:00:00,12002.0
2014-02-05 22:00:00,9229.0
2014-02-05 23:00:00,5003.0
2014-02-06 00:00:00,4623.0
2014-02-06 01:00:00,4672.0
2014-02-06 02:00:00,4546.0
2014-02-06 03:00:00,4812.0
2014-02-06 04:00:00,5141.0
2014-02-06 05:00:00,5281.0
2014-02-06 06:00:00,6901.0
2014-02-06 07:00:00,9635.0
2014-02-06 08:00:00,11811.0
2014-02-06 09:00:00,13647.0
2014-02-06 10:00:00,14913.0
2014-02-06 11:00:00,15015.0
2014-02-06 12:00:00,14939.0
2014-02-06 13:00:00,14660.0
2014-02-06 14:00:00,13622.0
2014-02-06 15:00:00,13914.0
2014-02-06 16:00:00,13762.0
2014-02-06 17:00:00,13445.0
2014-02-06 18:00:00,13914.0
2014-02-06 19:00:00,14040.0
2014-02-06 20:00:00,12965.0
2014-02-06 21:00:00,11521.0
2014-02-06 22:00:00,8610.0
2014-02-06 23:00:00,4597.0
2014-02-07 00:00:00,4230.0
2014-02-07 01:00:00,4369.0
2014-02-07 02:00:00,4331.0
2014-02-07 03:00:00,4279.0
2014-02-07 04:00:00,4774.0
2014-02-07 05:00:00,4939.0
2014-02-07 06:00:00,6763.0
2014-02-07 07:00:00,9546.0
2014-02-07 08:00:00,10976.0
2014-02-07 09:00:00,13357.0
2014-02-07 10:00:00,14407.0
2014-02-07 11:00:00,14723.0
2014-02-07 12:00:00,15204.0
2014-02-07 13:00:00,14799.0
2014-02-07 14:00:00,13698.0
2014-02-07 15:00:00,14282.0
2014-02-07 16:00:00,15217.0
2014-02-07 17:00:00,14965.0
2014-02-07 18:00:00,15015.0
2014-02-07 19:00:00,15154.0
2014-02-07 20:00:00,14407.0
2014-02-07 21:00:00,13255.0
2014-02-07 22:00:00,8976.0
2014-02-07 23:00:00,5420.0
2014-02-08 00:00:00,4647.0
2014-02-08 01:00:00,4571.0
2014-02-08 02:00:00,4344.0
2014-02-08 03:00:00,4458.0
2014-02-08 04:00:00,4952.0
2014-02-08 05:00:00,4989.0
2014-02-08 06:00:00,7001.0
2014-02-08 07:00:00,9801.0
2014-02-08 08:00:00,11560.0
2014-02-08 09:00:00,14154.0
2014-02-08 10:00:00,16217.0
2014-02-08 11:00:00,15332.0
2014-02-08 12:00:00,14774.0
2014-02-08 13:00:00,15294.0
2014-02-08 14:00:00,14914.0
2014-02-08 15:00:00,14635.0
2014-02-08 16:00:00,15179.0
2014-02-08 17:00:00,14014.0
2014-02-08 18:00:00,13597.0
2014-02-08 19:00:00,14218.0
2014-02-08 20:00:00,12724.0
2014-02-08 21:00:00,11775.0
2014-02-08 22:00:00,9660.0
2014-02-08 23:00:00,5445.0
2014-02-09 00:00:00,4698.0
2014-02-09 01:00:00,4647.0
2014-02-09 02:00:00,4483.0
2014-02-09 03:00:00,4622.0
2014-02-09 04:00:00,5091.0
2014-02-09 05:00:00,5154.0
2014-02-09 06:00:00,6964.0
2014-02-09 07:00:00,10420.0
2014-02-09 08:00:00,10762.0
2014-02-09 09:00:00,12685.0
2014-02-09 10:00:00,14001.0
2014-02-09 11:00:00,13952.0
2014-02-09 12:00:00,13888.0
2014-02-09 13:00:00,13724.0
2014-02-09 14:00:00,14824.0
2014-02-09 15:00:00,13521.0
2014-02-09 16:00:00,15053.0
2014-02-09 17:00:00,14914.0
2014-02-09 18:00:00,14483.0
2014-02-09 19:00:00,14851.0
2014-02-09 20:00:00,13154.0
2014-02-09 21:00:00,12242.0
2014-02-09 22:00:00,9242.0
2014-02-09 23:00:00,4344.0
2014-02-10 00:00:00,3938.0
2014-02-10 01:00:00,4129.0
2014-02-10 02:00:00,3952.0
2014-02-10 03:00:00,3977.0
2014-02-10 04:00:00,4546.0
2014-02-10 05:00:00,4483.0
2014-02-10 06:00:00,6951.0
2014-02-10 07:00:00,9787.0
2014-02-10 08:00:00,10546.0
2014-02-10 09:00:00,13154.0
2014-02-10 10:00:00,14218.0
2014-02-10 11:00:00,13534.0
2014-02-10 12:00:00,13408.0
2014-02-10 13:00:00,12977.0
2014-02-10 14:00:00,12875.0
2014-02-10 15:00:00,13192.0
2014-02-10 16:00:00,13230.0
2014-02-10 17:00:00,13395.0
2014-02-10 18:00:00,13496.0
2014-02-10 19:00:00,15002.0
2014-02-10 20:00:00,14104.0
2014-02-10 21:00:00,12408.0
2014-02-10 22:00:00,9205.0
2014-02-10 23:00:00,5244.0
2014-02-11 00:00:00,4851.0
2014-02-11 01:00:00,5014.0
2014-02-11 02:00:00,4787.0
2014-02-11 03:00:00,4394.0
2014-02-11 04:00:00,5040.0
2014-02-11 05:00:00,4989.0
2014-02-11 06:00:00,6990.0
2014-02-11 07:00:00,9875.0
2014-02-11 08:00:00,10787.0
2014-02-11 09:00:00,13319.0
2014-02-11 10:00:00,13976.0
2014-02-11 11:00:00,15078.0
2014-02-11 12:00:00,13875.0
2014-02-11 13:00:00,13407.0
2014-02-11 14:00:00,14179.0
2014-02-11 15:00:00,14888.0
2014-02-11 16:00:00,15103.0
2014-02-11 17:00:00,15267.0
2014-02-11 18:00:00,16154.0
2014-02-11 19:00:00,15484.0
2014-02-11 20:00:00,14179.0
2014-02-11 21:00:00,12647.0
2014-02-11 22:00:00,9166.0
2014-02-11 23:00:00,5534.0
2014-02-12 00:00:00,5217.0
2014-02-12 01:00:00,5281.0
2014-02-12 02:00:00,5054.0
2014-02-12 03:00:00,5179.0
2014-02-12 04:00:00,5623.0
2014-02-12 05:00:00,5319.0
2014-02-12 06:00:00,7408.0
2014-02-12 07:00:00,9268.0
2014-02-12 08:00:00,11914.0
2014-02-12 09:00:00,14142.0
2014-02-12 10:00:00,15408.0
2014-02-12 11:00:00,14520.0
2014-02-12 12:00:00,15041.0
2014-02-12 13:00:00,14204.0
2014-02-12 14:00:00,14838.0
2014-02-12 15:00:00,14761.0
2014-02-12 16:00:00,15585.0
2014-02-12 17:00:00,15837.0
2014-02-12 18:00:00,15420.0
2014-02-12 19:00:00,15976.0
2014-02-12 20:00:00,14699.0
2014-02-12 21:00:00,13204.0
2014-02-12 22:00:00,9509.0
2014-02-12 23:00:00,5357.0
2014-02-13 00:00:00,5002.0
2014-02-13 01:00:00,5155.0
2014-02-13 02:00:00,4711.0
2014-02-13 03:00:00,4863.0
2014-02-13 04:00:00,5597.0
2014-02-13 05:00:00,5483.0
2014-02-13 06:00:00,7534.0
2014-02-13 07:00:00,10610.0
2014-02-13 08:00:00,11559.0
2014-02-13 09:00:00,14281.0
2014-02-13 10:00:00,15914.0
2014-02-13 11:00:00,15596.0
2014-02-13 12:00:00,15117.0
2014-02-13 13:00:00,14559.0
2014-02-13 14:00:00,14015.0
2014-02-13 15:00:00,14319.0
2014-02-13 16:00:00,14470.0
2014-02-13 17:00:00,14660.0
2014-02-13 18:00:00,14445.0
2014-02-13 19:00:00,14483.0
2014-02-13 20:00:00,13268.0
2014-02-13 21:00:00,12470.0
2014-02-13 22:00:00,9710.0
2014-02-13 23:00:00,5508.0
2014-02-14 00:00:00,4799.0
2014-02-14 01:00:00,5016.0
2014-02-14 02:00:00,4786.0
2014-02-14 03:00:00,4862.0
2014-02-14 04:00:00,5559.0
2014-02-14 05:00:00,5446.0
2014-02-14 06:00:00,7281.0
2014-02-14 07:00:00,10496.0
2014-02-14 08:00:00,12028.0
2014-02-14 09:00:00,14104.0
2014-02-14 10:00:00,15838.0
2014-02-14 11:00:00,15913.0
2014-02-14 12:00:00,14787.0
2014-02-14 13:00:00,14585.0
2014-02-14 14:00:00,14065.0
2014-02-14 15:00:00,14091.0
2014-02-14 16:00:00,14546.0
2014-02-14 17:00:00,15104.0
2014-02-14 18:00:00,14609.0
2014-02-14 19:00:00,15053.0
2014-02-14 20:00:00,13786.0
2014-02-14 21:00:00,12191.0
2014-02-14 22:00:00,9027.0
2014-02-14 23:00:00,5457.0
2014-02-15 00:00:00,5268.0
2014-02-15 01:00:00,5204.0
2014-02-15 02:00:00,4926.0
2014-02-15 03:00:00,4825.0
2014-02-15 04:00:00,5534.0
2014-02-15 05:00:00,5420.0
2014-02-15 06:00:00,7673.0
2014-02-15 07:00:00,10039.0
2014-02-15 08:00:00,10761.0
2014-02-15 09:00:00,14091.0
2014-02-15 10:00:00,15267.0
2014-02-15 11:00:00,14496.0
2014-02-15 12:00:00,14863.0
2014-02-15 13:00:00,13952.0
2014-02-15 14:00:00,13876.0
2014-02-15 15:00:00,14939.0
2014-02-15 16:00:00,15268.0
2014-02-15 17:00:00,14205.0
2014-02-15 18:00:00,13888.0
2014-02-15 19:00:00,14382.0
2014-02-15 20:00:00,13079.0
2014-02-15 21:00:00,11521.0
2014-02-15 22:00:00,9129.0
2014-02-15 23:00:00,5406.0
2014-02-16 00:00:00,4990.0
2014-02-16 01:00:00,4609.0
2014-02-16 02:00:00,4508.0
2014-02-16 03:00:00,4445.0
2014-02-16 04:00:00,5116.0
2014-02-16 05:00:00,5052.0
2014-02-16 06:00:00,6901.0
2014-02-16 07:00:00,10179.0
2014-02-16 08:00:00,10698.0
2014-02-16 09:00:00,13572.0
2014-02-16 10:00:00,14192.0
2014-02-16 11:00:00,13269.0
2014-02-16 12:00:00,12812.0
2014-02-16 13:00:00,13269.0
2014-02-16 14:00:00,13268.0
2014-02-16 15:00:00,13255.0
2014-02-16 16:00:00,13281.0
2014-02-16 17:00:00,13128.0
2014-02-16 18:00:00,12990.0
2014-02-16 19:00:00,13609.0
2014-02-16 20:00:00,12673.0
2014-02-16 21:00:00,10938.0
2014-02-16 22:00:00,8572.0
2014-02-16 23:00:00,5078.0
2014-02-17 00:00:00,4381.0
2014-02-17 01:00:00,4660.0
2014-02-17 02:00:00,4344.0
2014-02-17 03:00:00,4482.0
2014-02-17 04:00:00,5091.0
2014-02-17 05:00:00,5116.0
2014-02-17 06:00:00,7598.0
2014-02-17 07:00:00,10369.0
2014-02-17 08:00:00,11331.0
2014-02-17 09:00:00,14154.0
2014-02-17 10:00:00,13888.0
2014-02-17 11:00:00,14432.0
2014-02-17 12:00:00,13293.0
2014-02-17 13:00:00,13697.0
2014-02-17 14:00:00,13141.0
2014-02-17 15:00:00,13077.0
2014-02-17 16:00:00,13053.0
2014-02-17 17:00:00,13508.0
2014-02-17 18:00:00,13585.0
2014-02-17 19:00:00,13938.0
2014-02-17 20:00:00,12571.0
2014-02-17 21:00:00,11421.0
2014-02-17 22:00:00,9356.0
2014-02-17 23:00:00,7014.0
2014-02-18 00:00:00,6786.0
2014-02-18 01:00:00,6445.0
2014-02-18 02:00:00,6053.0
2014-02-18 03:00:00,5610.0
2014-02-18 04:00:00,5622.0
2014-02-18 05:00:00,5358.0
2014-02-18 06:00:00,7141.0
2014-02-18 07:00:00,9609.0
2014-02-18 08:00:00,11154.0
2014-02-18 09:00:00,12900.0
2014-02-18 10:00:00,13775.0
2014-02-18 11:00:00,13433.0
2014-02-18 12:00:00,13546.0
2014-02-18 13:00:00,13078.0
2014-02-18 14:00:00,12357.0
2014-02-18 15:00:00,13078.0
2014-02-18 16:00:00,13660.0
2014-02-18 17:00:00,13470.0
2014-02-18 18:00:00,12673.0
2014-02-18 19:00:00,13787.0
2014-02-18 20:00:00,11685.0
2014-02-18 21:00:00,11015.0
2014-02-18 22:00:00,8888.0
2014-02-18 23:00:00,4862.0
2014-02-19 00:00:00,4382.0
2014-02-19 01:00:00,4355.0
2014-02-19 02:00:00,4305.0
2014-02-19 03:00:00,4407.0
2014-02-19 04:00:00,5066.0
2014-02-19 05:00:00,4914.0
2014-02-19 06:00:00,6749.0
2014-02-19 07:00:00,9647.0
2014-02-19 08:00:00,10673.0
2014-02-19 09:00:00,13052.0
2014-02-19 10:00:00,14964.0
2014-02-19 11:00:00,14344.0
2014-02-19 12:00:00,13533.0
2014-02-19 13:00:00,12787.0
2014-02-19 14:00:00,12787.0
2014-02-19 15:00:00,12584.0
2014-02-19 16:00:00,13838.0
2014-02-19 17:00:00,13052.0
2014-02-19 18:00:00,12800.0
2014-02-19 19:00:00,13597.0
2014-02-19 20:00:00,12331.0
2014-02-19 21:00:00,11116.0
2014-02-19 22:00:00,8572.0
2014-02-19 23:00:00,4888.0
2014-02-20 00:00:00,4483.0
2014-02-20 01:00:00,4343.0
2014-02-20 02:00:00,4179.0
2014-02-20 03:00:00,4305.0
2014-02-20 04:00:00,4824.0
2014-02-20 05:00:00,5116.0
2014-02-20 06:00:00,6951.0
2014-02-20 07:00:00,9989.0
2014-02-20 08:00:00,10926.0
2014-02-20 09:00:00,13458.0
2014-02-20 10:00:00,15065.0
2014-02-20 11:00:00,14090.0
2014-02-20 12:00:00,14306.0
2014-02-20 13:00:00,12863.0
2014-02-20 14:00:00,12913.0
2014-02-20 15:00:00,13369.0
2014-02-20 16:00:00,13939.0
2014-02-20 17:00:00,13382.0
2014-02-20 18:00:00,12964.0
2014-02-20 19:00:00,12749.0
2014-02-20 20:00:00,12104.0
2014-02-20 21:00:00,11090.0
2014-02-20 22:00:00,8432.0
2014-02-20 23:00:00,4749.0
2014-02-21 00:00:00,4217.0
2014-02-21 01:00:00,4229.0
2014-02-21 02:00:00,3900.0
2014-02-21 03:00:00,4127.0
2014-02-21 04:00:00,4584.0
2014-02-21 05:00:00,4584.0
2014-02-21 06:00:00,6812.0
2014-02-21 07:00:00,9712.0
2014-02-21 08:00:00,10293.0
2014-02-21 09:00:00,13128.0
2014-02-21 10:00:00,14508.0
2014-02-21 11:00:00,14799.0
2014-02-21 12:00:00,13218.0
2014-02-21 13:00:00,13053.0
2014-02-21 14:00:00,12356.0
2014-02-21 15:00:00,12609.0
2014-02-21 16:00:00,12888.0
2014-02-21 17:00:00,13153.0
2014-02-21 18:00:00,13014.0
2014-02-21 19:00:00,13293.0
2014-02-21 20:00:00,12584.0
2014-02-21 21:00:00,10989.0
2014-02-21 22:00:00,8597.0
2014-02-21 23:00:00,5318.0
2014-02-22 00:00:00,4901.0
2014-02-22 01:00:00,4496.0
2014-02-22 02:00:00,4140.0
2014-02-22 03:00:00,4192.0
2014-02-22 04:00:00,4786.0
2014-02-22 05:00:00,4686.0
2014-02-22 06:00:00,6699.0
2014-02-22 07:00:00,8876.0
2014-02-22 08:00:00,9990.0
2014-02-22 09:00:00,13432.0
2014-02-22 10:00:00,13659.0
2014-02-22 11:00:00,13167.0
2014-02-22 12:00:00,12926.0
2014-02-22 13:00:00,12888.0
2014-02-22 14:00:00,12242.0
2014-02-22 15:00:00,13167.0
2014-02-22 16:00:00,13837.0
2014-02-22 17:00:00,12863.0
2014-02-22 18:00:00,12876.0
2014-02-22 19:00:00,13318.0
2014-02-22 20:00:00,12243.0
2014-02-22 21:00:00,11103.0
2014-02-22 22:00:00,8610.0
2014-02-22 23:00:00,4862.0
2014-02-23 00:00:00,4369.0
2014-02-23 01:00:00,4305.0
2014-02-23 02:00:00,4002.0
2014-02-23 03:00:00,4140.0
2014-02-23 04:00:00,4711.0
2014-02-23 05:00:00,4458.0
2014-02-23 06:00:00,7065.0
2014-02-23 07:00:00,8977.0
2014-02-23 08:00:00,9736.0
2014-02-23 09:00:00,12698.0
2014-02-23 10:00:00,13458.0
2014-02-23 11:00:00,12724.0
2014-02-23 12:00:00,11938.0
2014-02-23 13:00:00,12141.0
2014-02-23 14:00:00,11813.0
2014-02-23 15:00:00,12862.0
2014-02-23 16:00:00,13383.0
2014-02-23 17:00:00,13547.0
2014-02-23 18:00:00,12294.0
2014-02-23 19:00:00,12788.0
2014-02-23 20:00:00,11648.0
2014-02-23 21:00:00,10597.0
2014-02-23 22:00:00,8736.0
2014-02-23 23:00:00,4382.0
2014-02-24 00:00:00,4116.0
2014-02-24 01:00:00,4217.0
2014-02-24 02:00:00,4078.0
2014-02-24 03:00:00,4115.0
2014-02-24 04:00:00,4762.0
2014-02-24 05:00:00,4622.0
2014-02-24 06:00:00,6622.0
2014-02-24 07:00:00,9192.0
2014-02-24 08:00:00,10268.0
2014-02-24 09:00:00,12293.0
2014-02-24 10:00:00,14078.0
2014-02-24 11:00:00,13989.0
2014-02-24 12:00:00,13293.0
2014-02-24 13:00:00,12356.0
2014-02-24 14:00:00,11659.0
2014-02-24 15:00:00,12659.0
2014-02-24 16:00:00,13255.0
2014-02-24 17:00:00,13901.0
2014-02-24 18:00:00,13737.0
2014-02-24 19:00:00,14052.0
2014-02-24 20:00:00,13167.0
2014-02-24 21:00:00,11471.0
2014-02-24 22:00:00,9052.0
2014-02-24 23:00:00,4976.0
2014-02-25 00:00:00,4698.0
2014-02-25 01:00:00,4862.0
2014-02-25 02:00:00,4558.0
2014-02-25 03:00:00,4661.0
2014-02-25 04:00:00,5027.0
2014-02-25 05:00:00,4762.0
2014-02-25 06:00:00,6661.0
2014-02-25 07:00:00,9407.0
2014-02-25 08:00:00,10559.0
2014-02-25 09:00:00,13103.0
2014-02-25 10:00:00,14711.0
2014-02-25 11:00:00,13775.0
2014-02-25 12:00:00,13470.0
2014-02-25 13:00:00,12938.0
2014-02-25 14:00:00,13585.0
2014-02-25 15:00:00,13103.0
2014-02-25 16:00:00,13369.0
2014-02-25 17:00:00,13331.0
2014-02-25 18:00:00,13002.0
2014-02-25 19:00:00,13545.0
2014-02-25 20:00:00,12635.0
2014-02-25 21:00:00,10925.0
2014-02-25 22:00:00,9458.0
2014-02-25 23:00:00,7343.0
2014-02-26 00:00:00,4774.0
2014-02-26 01:00:00,4800.0
2014-02-26 02:00:00,4660.0
2014-02-26 03:00:00,4875.0
2014-02-26 04:00:00,5091.0
2014-02-26 05:00:00,4874.0
2014-02-26 06:00:00,7255.0
2014-02-26 07:00:00,9661.0
2014-02-26 08:00:00,10407.0
2014-02-26 09:00:00,12938.0
2014-02-26 10:00:00,13812.0
2014-02-26 11:00:00,13901.0
2014-02-26 12:00:00,13079.0
2014-02-26 13:00:00,12660.0
2014-02-26 14:00:00,12016.0
2014-02-26 15:00:00,13559.0
2014-02-26 16:00:00,13648.0
2014-02-26 17:00:00,13204.0
2014-02-26 18:00:00,12672.0
2014-02-26 19:00:00,13217.0
2014-02-26 20:00:00,12484.0
2014-02-26 21:00:00,11052.0
2014-02-26 22:00:00,9749.0
2014-02-26 23:00:00,5495.0
2014-02-27 00:00:00,4636.0
2014-02-27 01:00:00,4672.0
2014-02-27 02:00:00,4622.0
2014-02-27 03:00:00,4774.0
2014-02-27 04:00:00,5154.0
2014-02-27 05:00:00,4723.0
2014-02-27 06:00:00,7255.0
2014-02-27 07:00:00,9661.0
2014-02-27 08:00:00,10040.0
2014-02-27 09:00:00,13192.0
2014-02-27 10:00:00,13799.0
2014-02-27 11:00:00,13320.0
2014-02-27 12:00:00,12368.0
2014-02-27 13:00:00,12888.0
2014-02-27 14:00:00,12179.0
2014-02-27 15:00:00,12141.0
2014-02-27 16:00:00,13508.0
2014-02-27 17:00:00,13268.0
2014-02-27 18:00:00,12686.0
2014-02-27 19:00:00,13458.0
2014-02-27 20:00:00,12774.0
2014-02-27 21:00:00,11382.0
2014-02-27 22:00:00,8876.0
2014-02-27 23:00:00,5052.0
2014-02-28 00:00:00,4355.0
2014-02-28 01:00:00,4534.0
2014-02-28 02:00:00,4533.0
2014-02-28 03:00:00,4406.0
2014-02-28 04:00:00,4901.0
2014-02-28 05:00:00,4926.0
2014-02-28 06:00:00,6863.0
2014-02-28 07:00:00,10268.0
2014-02-28 08:00:00,10243.0
2014-02-28 09:00:00,13015.0
2014-02-28 10:00:00,13610.0
2014-02-28 11:00:00,13711.0
2014-02-28 12:00:00,14281.0
2014-02-28 13:00:00,13128.0
2014-02-28 14:00:00,12824.0
2014-02-28 15:00:00,13065.0
2014-02-28 16:00:00,14597.0
2014-02-28 17:00:00,14281.0
2014-02-28 18:00:00,13799.0
2014-02-28 19:00:00,13597.0
2014-02-28 20:00:00,12446.0
2014-02-28 21:00:00,10963.0
2014-02-28 22:00:00,9406.0
2014-02-28 23:00:00,5192.0
2014-03-01 00:00:00,4812.0
2014-03-01 01:00:00,4456.0
2014-03-01 02:00:00,4255.0
2014-03-01 03:00:00,4622.0
2014-03-01 04:00:00,4901.0
2014-03-01 05:00:00,4951.0
2014-03-01 06:00:00,6812.0
2014-03-01 07:00:00,9748.0
2014-03-01 08:00:00,11217.0
2014-03-01 09:00:00,14546.0
2014-03-01 10:00:00,14421.0
2014-03-01 11:00:00,14281.0
2014-03-01 12:00:00,14027.0
2014-03-01 13:00:00,13622.0
2014-03-01 14:00:00,13965.0
2014-03-01 15:00:00,12875.0
2014-03-01 16:00:00,13877.0
2014-03-01 17:00:00,13293.0
2014-03-01 18:00:00,13445.0
2014-03-01 19:00:00,13521.0
2014-03-01 20:00:00,12153.0
2014-03-01 21:00:00,11128.0
2014-03-01 22:00:00,9850.0
2014-03-01 23:00:00,8153.0
2014-03-02 00:00:00,5887.0
2014-03-02 01:00:00,4445.0
2014-03-02 02:00:00,4318.0
2014-03-02 03:00:00,4483.0
2014-03-02 04:00:00,4977.0
2014-03-02 05:00:00,5179.0
2014-03-02 06:00:00,7053.0
2014-03-02 07:00:00,8837.0
2014-03-02 08:00:00,11141.0
2014-03-02 09:00:00,13914.0
2014-03-02 10:00:00,15242.0
2014-03-02 11:00:00,14229.0
2014-03-02 12:00:00,13306.0
2014-03-02 13:00:00,13699.0
2014-03-02 14:00:00,14166.0
2014-03-02 15:00:00,14217.0
2014-03-02 16:00:00,14052.0
2014-03-02 17:00:00,13699.0
2014-03-02 18:00:00,12800.0
2014-03-02 19:00:00,13128.0
2014-03-02 20:00:00,12331.0
2014-03-02 21:00:00,11116.0
2014-03-02 22:00:00,9128.0
2014-03-02 23:00:00,4850.0
2014-03-03 00:00:00,4369.0
2014-03-03 01:00:00,4458.0
2014-03-03 02:00:00,4204.0
2014-03-03 03:00:00,4407.0
2014-03-03 04:00:00,4901.0
2014-03-03 05:00:00,4990.0
2014-03-03 06:00:00,7065.0
2014-03-03 07:00:00,10115.0
2014-03-03 08:00:00,10471.0
2014-03-03 09:00:00,12813.0
2014-03-03 10:00:00,13901.0
2014-03-03 11:00:00,14078.0
2014-03-03 12:00:00,13344.0
2014-03-03 13:00:00,13344.0
2014-03-03 14:00:00,13039.0
2014-03-03 15:00:00,12305.0
2014-03-03 16:00:00,13774.0
2014-03-03 17:00:00,13446.0
2014-03-03 18:00:00,12914.0
2014-03-03 19:00:00,13496.0
2014-03-03 20:00:00,12445.0
2014-03-03 21:00:00,10913.0
2014-03-03 22:00:00,9711.0
2014-03-03 23:00:00,5166.0
2014-03-04 00:00:00,4545.0
2014-03-04 01:00:00,4648.0
2014-03-04 02:00:00,4495.0
2014-03-04 03:00:00,4635.0
2014-03-04 04:00:00,4988.0
2014-03-04 05:00:00,4648.0
2014-03-04 06:00:00,7027.0
2014-03-04 07:00:00,9167.0
2014-03-04 08:00:00,9597.0
2014-03-04 09:00:00,12660.0
2014-03-04 10:00:00,14913.0
2014-03-04 11:00:00,13508.0
2014-03-04 12:00:00,13103.0
2014-03-04 13:00:00,13673.0
2014-03-04 14:00:00,13521.0
2014-03-04 15:00:00,12674.0
2014-03-04 16:00:00,13508.0
2014-03-04 17:00:00,12736.0
2014-03-04 18:00:00,13217.0
2014-03-04 19:00:00,12989.0
2014-03-04 20:00:00,12116.0
2014-03-04 21:00:00,11028.0
2014-03-04 22:00:00,8369.0
2014-03-04 23:00:00,5053.0
2014-03-05 00:00:00,4685.0
2014-03-05 01:00:00,4849.0
2014-03-05 02:00:00,4952.0
2014-03-05 03:00:00,5192.0
2014-03-05 04:00:00,5648.0
2014-03-05 05:00:00,5331.0
2014-03-05 06:00:00,7066.0
2014-03-05 07:00:00,10686.0
2014-03-05 08:00:00,10153.0
2014-03-05 09:00:00,13142.0
2014-03-05 10:00:00,14661.0
2014-03-05 11:00:00,14090.0
2014-03-05 12:00:00,12851.0
2014-03-05 13:00:00,13976.0
2014-03-05 14:00:00,12850.0
2014-03-05 15:00:00,12559.0
2014-03-05 16:00:00,13470.0
2014-03-05 17:00:00,13115.0
2014-03-05 18:00:00,14015.0
2014-03-05 19:00:00,14104.0
2014-03-05 20:00:00,12775.0
2014-03-05 21:00:00,11331.0
2014-03-05 22:00:00,9242.0
2014-03-05 23:00:00,4951.0
2014-03-06 00:00:00,4647.0
2014-03-06 01:00:00,4331.0
2014-03-06 02:00:00,4192.0
2014-03-06 03:00:00,4140.0
2014-03-06 04:00:00,4787.0
2014-03-06 05:00:00,4737.0
2014-03-06 06:00:00,6749.0
2014-03-06 07:00:00,9799.0
2014-03-06 08:00:00,10674.0
2014-03-06 09:00:00,12572.0
2014-03-06 10:00:00,14838.0
2014-03-06 11:00:00,14622.0
2014-03-06 12:00:00,13419.0
2014-03-06 13:00:00,12888.0
2014-03-06 14:00:00,12596.0
2014-03-06 15:00:00,12927.0
2014-03-06 16:00:00,13940.0
2014-03-06 17:00:00,14293.0
2014-03-06 18:00:00,13432.0
2014-03-06 19:00:00,13787.0
2014-03-06 20:00:00,12862.0
2014-03-06 21:00:00,11711.0
2014-03-06 22:00:00,9444.0
2014-03-06 23:00:00,5420.0
2014-03-07 00:00:00,4951.0
2014-03-07 01:00:00,5166.0
2014-03-07 02:00:00,4964.0
2014-03-07 03:00:00,4938.0
2014-03-07 04:00:00,5319.0
2014-03-07 05:00:00,5129.0
2014-03-07 06:00:00,6711.0
2014-03-07 07:00:00,10027.0
2014-03-07 08:00:00,10028.0
2014-03-07 09:00:00,13154.0
2014-03-07 10:00:00,14065.0
2014-03-07 11:00:00,14711.0
2014-03-07 12:00:00,14760.0
2014-03-07 13:00:00,14609.0
2014-03-07 14:00:00,13889.0
2014-03-07 15:00:00,13394.0
2014-03-07 16:00:00,15432.0
2014-03-07 17:00:00,14129.0
2014-03-07 18:00:00,13546.0
2014-03-07 19:00:00,14331.0
2014-03-07 20:00:00,13028.0
2014-03-07 21:00:00,11470.0
2014-03-07 22:00:00,10218.0
2014-03-07 23:00:00,5293.0
2014-03-08 00:00:00,4469.0
2014-03-08 01:00:00,4420.0
2014-03-08 02:00:00,4267.0
2014-03-08 03:00:00,4216.0
2014-03-08 04:00:00,4773.0
2014-03-08 05:00:00,4811.0
2014-03-08 06:00:00,5812.0
2014-03-08 07:00:00,9585.0
2014-03-08 08:00:00,10331.0
2014-03-08 09:00:00,12483.0
2014-03-08 10:00:00,14482.0
2014-03-08 11:00:00,14179.0
2014-03-08 12:00:00,13723.0
2014-03-08 13:00:00,13622.0
2014-03-08 14:00:00,14800.0
2014-03-08 15:00:00,14179.0
2014-03-08 16:00:00,14711.0
2014-03-08 17:00:00,13825.0
2014-03-08 18:00:00,13205.0
2014-03-08 19:00:00,13065.0
2014-03-08 20:00:00,12090.0
2014-03-08 21:00:00,10875.0
2014-03-08 22:00:00,9710.0
2014-03-08 23:00:00,5179.0
2014-03-09 00:00:00,4509.0
2014-03-09 01:00:00,4255.0
2014-03-09 02:00:00,4116.0
2014-03-09 03:00:00,4192.0
2014-03-09 04:00:00,4583.0
2014-03-09 05:00:00,4673.0
2014-03-09 06:00:00,5926.0
2014-03-09 07:00:00,9040.0
2014-03-09 08:00:00,10166.0
2014-03-09 09:00:00,12951.0
2014-03-09 10:00:00,13951.0
2014-03-09 11:00:00,14230.0
2014-03-09 12:00:00,12901.0
2014-03-09 13:00:00,13585.0
2014-03-09 14:00:00,12990.0
2014-03-09 15:00:00,13116.0
2014-03-09 16:00:00,13775.0
2014-03-09 17:00:00,13597.0
2014-03-09 18:00:00,12698.0
2014-03-09 19:00:00,13939.0
2014-03-09 20:00:00,11813.0
2014-03-09 21:00:00,10938.0
2014-03-09 22:00:00,8672.0
2014-03-09 23:00:00,4926.0
2014-03-10 00:00:00,4079.0
2014-03-10 01:00:00,4153.0
2014-03-10 02:00:00,3938.0
2014-03-10 03:00:00,4040.0
2014-03-10 04:00:00,4406.0
2014-03-10 05:00:00,4647.0
2014-03-10 06:00:00,5863.0
2014-03-10 07:00:00,9585.0
2014-03-10 08:00:00,10547.0
2014-03-10 09:00:00,12863.0
2014-03-10 10:00:00,13900.0
2014-03-10 11:00:00,13786.0
2014-03-10 12:00:00,13978.0
2014-03-10 13:00:00,13369.0
2014-03-10 14:00:00,13116.0
2014-03-10 15:00:00,13661.0
2014-03-10 16:00:00,13559.0
2014-03-10 17:00:00,13369.0
2014-03-10 18:00:00,12748.0
2014-03-10 19:00:00,13635.0
2014-03-10 20:00:00,12547.0
2014-03-10 21:00:00,11268.0
2014-03-10 22:00:00,9712.0
2014-03-10 23:00:00,5003.0
2014-03-11 00:00:00,4014.0
2014-03-11 01:00:00,4305.0
2014-03-11 02:00:00,4078.0
2014-03-11 03:00:00,4115.0
2014-03-11 04:00:00,4774.0
2014-03-11 05:00:00,4723.0
2014-03-11 06:00:00,5901.0
2014-03-11 07:00:00,9470.0
2014-03-11 08:00:00,10609.0
2014-03-11 09:00:00,12850.0
2014-03-11 10:00:00,14256.0
2014-03-11 11:00:00,13381.0
2014-03-11 12:00:00,13041.0
2014-03-11 13:00:00,13306.0
2014-03-11 14:00:00,12547.0
2014-03-11 15:00:00,13268.0
2014-03-11 16:00:00,14623.0
2014-03-11 17:00:00,14357.0
2014-03-11 18:00:00,13394.0
2014-03-11 19:00:00,13229.0
2014-03-11 20:00:00,12306.0
2014-03-11 21:00:00,11343.0
2014-03-11 22:00:00,9635.0
2014-03-11 23:00:00,5130.0
2014-03-12 00:00:00,4711.0
2014-03-12 01:00:00,4406.0
2014-03-12 02:00:00,4141.0
2014-03-12 03:00:00,4293.0
2014-03-12 04:00:00,4724.0
2014-03-12 05:00:00,4723.0
2014-03-12 06:00:00,5813.0
2014-03-12 07:00:00,9660.0
2014-03-12 08:00:00,10053.0
2014-03-12 09:00:00,13040.0
2014-03-12 10:00:00,14546.0
2014-03-12 11:00:00,14230.0
2014-03-12 12:00:00,13344.0
2014-03-12 13:00:00,13255.0
2014-03-12 14:00:00,12774.0
2014-03-12 15:00:00,13610.0
2014-03-12 16:00:00,13825.0
2014-03-12 17:00:00,13787.0
2014-03-12 18:00:00,12812.0
2014-03-12 19:00:00,13952.0
2014-03-12 20:00:00,12103.0
2014-03-12 21:00:00,11242.0
2014-03-12 22:00:00,9192.0
2014-03-12 23:00:00,4685.0
2014-03-13 00:00:00,4357.0
2014-03-13 01:00:00,4343.0
2014-03-13 02:00:00,4254.0
2014-03-13 03:00:00,4268.0
2014-03-13 04:00:00,4673.0
2014-03-13 05:00:00,4748.0
2014-03-13 06:00:00,5850.0
2014-03-13 07:00:00,9685.0
2014-03-13 08:00:00,10293.0
2014-03-13 09:00:00,13002.0
2014-03-13 10:00:00,13787.0
2014-03-13 11:00:00,14368.0
2014-03-13 12:00:00,12976.0
2014-03-13 13:00:00,13863.0
2014-03-13 14:00:00,13306.0
2014-03-13 15:00:00,13559.0
2014-03-13 16:00:00,14356.0
2014-03-13 17:00:00,13193.0
2014-03-13 18:00:00,13230.0
2014-03-13 19:00:00,13609.0
2014-03-13 20:00:00,12585.0
2014-03-13 21:00:00,11724.0
2014-03-13 22:00:00,8914.0
2014-03-13 23:00:00,5535.0
2014-03-14 00:00:00,5432.0
2014-03-14 01:00:00,5167.0
2014-03-14 02:00:00,4939.0
2014-03-14 03:00:00,5090.0
2014-03-14 04:00:00,5610.0
2014-03-14 05:00:00,5115.0
2014-03-14 06:00:00,6712.0
2014-03-14 07:00:00,9558.0
2014-03-14 08:00:00,9927.0
2014-03-14 09:00:00,13255.0
2014-03-14 10:00:00,14343.0
2014-03-14 11:00:00,14129.0
2014-03-14 12:00:00,14103.0
2014-03-14 13:00:00,13609.0
2014-03-14 14:00:00,13457.0
2014-03-14 15:00:00,13331.0
2014-03-14 16:00:00,14078.0
2014-03-14 17:00:00,12887.0
2014-03-14 18:00:00,12812.0
2014-03-14 19:00:00,13635.0
2014-03-14 20:00:00,12647.0
2014-03-14 21:00:00,11572.0
2014-03-14 22:00:00,9661.0
2014-03-14 23:00:00,4990.0
2014-03-15 00:00:00,4432.0
2014-03-15 01:00:00,4242.0
2014-03-15 02:00:00,4153.0
2014-03-15 03:00:00,4179.0
2014-03-15 04:00:00,4660.0
2014-03-15 05:00:00,4786.0
2014-03-15 06:00:00,5926.0
2014-03-15 07:00:00,8989.0
2014-03-15 08:00:00,11876.0
2014-03-15 09:00:00,13875.0
2014-03-15 10:00:00,14268.0
2014-03-15 11:00:00,14117.0
2014-03-15 12:00:00,13811.0
2014-03-15 13:00:00,13723.0
2014-03-15 14:00:00,13597.0
2014-03-15 15:00:00,14230.0
2014-03-15 16:00:00,13926.0
2014-03-15 17:00:00,13989.0
2014-03-15 18:00:00,13851.0
2014-03-15 19:00:00,14623.0
2014-03-15 20:00:00,12900.0
2014-03-15 21:00:00,11192.0
2014-03-15 22:00:00,9914.0
2014-03-15 23:00:00,5307.0
2014-03-16 00:00:00,4584.0
2014-03-16 01:00:00,4597.0
2014-03-16 02:00:00,4241.0
2014-03-16 03:00:00,4395.0
2014-03-16 04:00:00,4710.0
2014-03-16 05:00:00,4799.0
2014-03-16 06:00:00,5952.0
2014-03-16 07:00:00,9521.0
2014-03-16 08:00:00,10724.0
2014-03-16 09:00:00,13382.0
2014-03-16 10:00:00,14115.0
2014-03-16 11:00:00,14660.0
2014-03-16 12:00:00,13813.0
2014-03-16 13:00:00,13697.0
2014-03-16 14:00:00,14179.0
2014-03-16 15:00:00,14597.0
2014-03-16 16:00:00,15280.0
2014-03-16 17:00:00,14166.0
2014-03-16 18:00:00,13913.0
2014-03-16 19:00:00,13256.0
2014-03-16 20:00:00,12419.0
2014-03-16 21:00:00,11178.0
2014-03-16 22:00:00,9989.0
2014-03-16 23:00:00,5407.0
2014-03-17 00:00:00,4458.0
2014-03-17 01:00:00,4483.0
2014-03-17 02:00:00,4445.0
2014-03-17 03:00:00,4495.0
2014-03-17 04:00:00,4862.0
2014-03-17 05:00:00,4952.0
2014-03-17 06:00:00,6825.0
2014-03-17 07:00:00,9913.0
2014-03-17 08:00:00,9811.0
2014-03-17 09:00:00,13685.0
2014-03-17 10:00:00,14951.0
2014-03-17 11:00:00,14546.0
2014-03-17 12:00:00,13585.0
2014-03-17 13:00:00,13648.0
2014-03-17 14:00:00,13850.0
2014-03-17 15:00:00,14925.0
2014-03-17 16:00:00,14002.0
2014-03-17 17:00:00,13787.0
2014-03-17 18:00:00,13799.0
2014-03-17 19:00:00,14140.0
2014-03-17 20:00:00,12825.0
2014-03-17 21:00:00,12040.0
2014-03-17 22:00:00,10710.0
2014-03-17 23:00:00,9610.0
2014-03-18 00:00:00,9040.0
2014-03-18 01:00:00,8913.0
2014-03-18 02:00:00,8243.0
2014-03-18 03:00:00,5180.0
2014-03-18 04:00:00,5218.0
2014-03-18 05:00:00,5242.0
2014-03-18 06:00:00,7078.0
2014-03-18 07:00:00,10091.0
2014-03-18 08:00:00,9660.0
2014-03-18 09:00:00,12584.0
2014-03-18 10:00:00,14508.0
2014-03-18 11:00:00,14015.0
2014-03-18 12:00:00,13115.0
2014-03-18 13:00:00,13394.0
2014-03-18 14:00:00,13432.0
2014-03-18 15:00:00,12989.0
2014-03-18 16:00:00,13508.0
2014-03-18 17:00:00,13484.0
2014-03-18 18:00:00,13053.0
2014-03-18 19:00:00,13813.0
2014-03-18 20:00:00,12268.0
2014-03-18 21:00:00,11104.0
2014-03-18 22:00:00,9496.0
2014-03-18 23:00:00,5052.0
2014-03-19 00:00:00,4596.0
2014-03-19 01:00:00,4698.0
2014-03-19 02:00:00,4547.0
2014-03-19 03:00:00,4597.0
2014-03-19 04:00:00,4988.0
2014-03-19 05:00:00,5142.0
2014-03-19 06:00:00,6370.0
2014-03-19 07:00:00,10154.0
2014-03-19 08:00:00,10875.0
2014-03-19 09:00:00,13028.0
2014-03-19 10:00:00,14952.0
2014-03-19 11:00:00,13775.0
2014-03-19 12:00:00,13901.0
2014-03-19 13:00:00,13813.0
2014-03-19 14:00:00,13889.0
2014-03-19 15:00:00,14001.0
2014-03-19 16:00:00,14571.0
2014-03-19 17:00:00,14142.0
2014-03-19 18:00:00,13192.0
2014-03-19 19:00:00,13636.0
2014-03-19 20:00:00,12811.0
2014-03-19 21:00:00,11748.0
2014-03-19 22:00:00,9078.0
2014-03-19 23:00:00,4952.0
2014-03-20 00:00:00,4331.0
2014-03-20 01:00:00,4381.0
2014-03-20 02:00:00,4394.0
2014-03-20 03:00:00,4355.0
2014-03-20 04:00:00,4850.0
2014-03-20 05:00:00,4952.0
2014-03-20 06:00:00,6610.0
2014-03-20 07:00:00,9104.0
2014-03-20 08:00:00,10597.0
2014-03-20 09:00:00,12457.0
2014-03-20 10:00:00,15521.0
2014-03-20 11:00:00,14255.0
2014-03-20 12:00:00,13117.0
2014-03-20 13:00:00,13345.0
2014-03-20 14:00:00,13318.0
2014-03-20 15:00:00,13407.0
2014-03-20 16:00:00,13660.0
2014-03-20 17:00:00,13256.0
2014-03-20 18:00:00,13116.0
2014-03-20 19:00:00,13216.0
2014-03-20 20:00:00,12849.0
2014-03-20 21:00:00,11471.0
2014-03-20 22:00:00,9305.0
2014-03-20 23:00:00,4774.0
2014-03-21 00:00:00,4293.0
2014-03-21 01:00:00,4332.0
2014-03-21 02:00:00,4294.0
2014-03-21 03:00:00,4293.0
2014-03-21 04:00:00,4774.0
2014-03-21 05:00:00,4887.0
2014-03-21 06:00:00,6040.0
2014-03-21 07:00:00,9128.0
2014-03-21 08:00:00,10813.0
2014-03-21 09:00:00,12102.0
2014-03-21 10:00:00,13926.0
2014-03-21 11:00:00,14204.0
2014-03-21 12:00:00,13142.0
2014-03-21 13:00:00,13432.0
2014-03-21 14:00:00,13078.0
2014-03-21 15:00:00,13357.0
2014-03-21 16:00:00,14066.0
2014-03-21 17:00:00,15192.0
2014-03-21 18:00:00,14142.0
2014-03-21 19:00:00,14343.0
2014-03-21 20:00:00,13635.0
2014-03-21 21:00:00,11609.0
2014-03-21 22:00:00,9926.0
2014-03-21 23:00:00,5737.0
2014-03-22 00:00:00,5205.0
2014-03-22 01:00:00,5066.0
2014-03-22 02:00:00,4938.0
2014-03-22 03:00:00,5078.0
2014-03-22 04:00:00,5471.0
2014-03-22 05:00:00,5091.0
2014-03-22 06:00:00,7230.0
2014-03-22 07:00:00,10192.0
2014-03-22 08:00:00,10509.0
2014-03-22 09:00:00,13457.0
2014-03-22 10:00:00,14583.0
2014-03-22 11:00:00,13876.0
2014-03-22 12:00:00,13344.0
2014-03-22 13:00:00,13445.0
2014-03-22 14:00:00,13863.0
2014-03-22 15:00:00,13610.0
2014-03-22 16:00:00,13470.0
2014-03-22 17:00:00,13762.0
2014-03-22 18:00:00,13255.0
2014-03-22 19:00:00,13141.0
2014-03-22 20:00:00,11584.0
2014-03-22 21:00:00,10800.0
2014-03-22 22:00:00,9850.0
2014-03-22 23:00:00,5231.0
2014-03-23 00:00:00,4343.0
2014-03-23 01:00:00,4178.0
2014-03-23 02:00:00,4191.0
2014-03-23 03:00:00,4154.0
2014-03-23 04:00:00,4660.0
2014-03-23 05:00:00,4698.0
2014-03-23 06:00:00,5875.0
2014-03-23 07:00:00,9951.0
2014-03-23 08:00:00,9761.0
2014-03-23 09:00:00,12470.0
2014-03-23 10:00:00,13951.0
2014-03-23 11:00:00,12951.0
2014-03-23 12:00:00,13129.0
2014-03-23 13:00:00,12723.0
2014-03-23 14:00:00,12761.0
2014-03-23 15:00:00,13255.0
2014-03-23 16:00:00,12736.0
2014-03-23 17:00:00,13116.0
2014-03-23 18:00:00,12129.0
2014-03-23 19:00:00,12014.0
2014-03-23 20:00:00,11319.0
2014-03-23 21:00:00,10761.0
2014-03-23 22:00:00,8965.0
2014-03-23 23:00:00,5003.0
2014-03-24 00:00:00,4850.0
2014-03-24 01:00:00,4825.0
2014-03-24 02:00:00,4572.0
2014-03-24 03:00:00,4787.0
2014-03-24 04:00:00,5255.0
2014-03-24 05:00:00,4813.0
2014-03-24 06:00:00,6002.0
2014-03-24 07:00:00,9597.0
2014-03-24 08:00:00,10242.0
2014-03-24 09:00:00,12179.0
2014-03-24 10:00:00,13736.0
2014-03-24 11:00:00,13699.0
2014-03-24 12:00:00,13255.0
2014-03-24 13:00:00,12964.0
2014-03-24 14:00:00,12813.0
2014-03-24 15:00:00,12255.0
2014-03-24 16:00:00,13015.0
2014-03-24 17:00:00,12761.0
2014-03-24 18:00:00,12976.0
2014-03-24 19:00:00,13534.0
2014-03-24 20:00:00,12496.0
2014-03-24 21:00:00,10773.0
2014-03-24 22:00:00,8914.0
2014-03-24 23:00:00,5052.0
2014-03-25 00:00:00,4750.0
2014-03-25 01:00:00,4926.0
2014-03-25 02:00:00,4483.0
2014-03-25 03:00:00,4242.0
2014-03-25 04:00:00,4622.0
2014-03-25 05:00:00,4761.0
2014-03-25 06:00:00,5927.0
2014-03-25 07:00:00,10014.0
2014-03-25 08:00:00,9862.0
2014-03-25 09:00:00,11976.0
2014-03-25 10:00:00,13876.0
2014-03-25 11:00:00,14534.0
2014-03-25 12:00:00,13635.0
2014-03-25 13:00:00,13015.0
2014-03-25 14:00:00,12837.0
2014-03-25 15:00:00,12496.0
2014-03-25 16:00:00,12280.0
2014-03-25 17:00:00,13178.0
2014-03-25 18:00:00,13799.0
2014-03-25 19:00:00,14597.0
2014-03-25 20:00:00,12799.0
2014-03-25 21:00:00,11623.0
2014-03-25 22:00:00,9243.0
2014-03-25 23:00:00,4838.0
2014-03-26 00:00:00,4242.0
2014-03-26 01:00:00,4432.0
2014-03-26 02:00:00,4205.0
2014-03-26 03:00:00,4254.0
2014-03-26 04:00:00,4812.0
2014-03-26 05:00:00,4836.0
2014-03-26 06:00:00,6002.0
2014-03-26 07:00:00,8749.0
2014-03-26 08:00:00,10660.0
2014-03-26 09:00:00,12229.0
2014-03-26 10:00:00,13483.0
2014-03-26 11:00:00,13571.0
2014-03-26 12:00:00,12863.0
2014-03-26 13:00:00,12939.0
2014-03-26 14:00:00,12104.0
2014-03-26 15:00:00,12596.0
2014-03-26 16:00:00,12686.0
2014-03-26 17:00:00,12356.0
2014-03-26 18:00:00,12572.0
2014-03-26 19:00:00,12825.0
2014-03-26 20:00:00,10964.0
2014-03-26 21:00:00,10369.0
2014-03-26 22:00:00,8799.0
2014-03-26 23:00:00,4255.0
2014-03-27 00:00:00,3913.0
2014-03-27 01:00:00,3964.0
2014-03-27 02:00:00,3939.0
2014-03-27 03:00:00,3863.0
2014-03-27 04:00:00,4407.0
2014-03-27 05:00:00,4470.0
2014-03-27 06:00:00,5660.0
2014-03-27 07:00:00,9331.0
2014-03-27 08:00:00,10179.0
2014-03-27 09:00:00,12939.0
2014-03-27 10:00:00,14446.0
2014-03-27 11:00:00,13496.0
2014-03-27 12:00:00,13066.0
2014-03-27 13:00:00,12166.0
2014-03-27 14:00:00,12546.0
2014-03-27 15:00:00,13129.0
2014-03-27 16:00:00,13141.0
2014-03-27 17:00:00,13192.0
2014-03-27 18:00:00,12547.0
2014-03-27 19:00:00,12812.0
2014-03-27 20:00:00,12077.0
2014-03-27 21:00:00,10875.0
2014-03-27 22:00:00,8508.0
2014-03-27 23:00:00,4469.0
2014-03-28 00:00:00,4102.0
2014-03-28 01:00:00,4115.0
2014-03-28 02:00:00,4039.0
2014-03-28 03:00:00,4116.0
2014-03-28 04:00:00,4648.0
2014-03-28 05:00:00,4736.0
2014-03-28 06:00:00,7129.0
2014-03-28 07:00:00,9192.0
2014-03-28 08:00:00,10306.0
2014-03-28 09:00:00,12445.0
2014-03-28 10:00:00,14268.0
2014-03-28 11:00:00,14015.0
2014-03-28 12:00:00,13572.0
2014-03-28 13:00:00,13117.0
2014-03-28 14:00:00,12357.0
2014-03-28 15:00:00,12356.0
2014-03-28 16:00:00,13686.0
2014-03-28 17:00:00,13471.0
2014-03-28 18:00:00,13205.0
2014-03-28 19:00:00,12837.0
2014-03-28 20:00:00,12636.0
2014-03-28 21:00:00,10749.0
2014-03-28 22:00:00,9495.0
2014-03-28 23:00:00,5268.0
2014-03-29 00:00:00,4369.0
2014-03-29 01:00:00,4318.0
2014-03-29 02:00:00,4230.0
2014-03-29 03:00:00,4116.0
2014-03-29 04:00:00,4622.0
2014-03-29 05:00:00,4495.0
2014-03-29 06:00:00,5748.0
2014-03-29 07:00:00,9509.0
2014-03-29 08:00:00,10458.0
2014-03-29 09:00:00,13749.0
2014-03-29 10:00:00,14609.0
2014-03-29 11:00:00,13167.0
2014-03-29 12:00:00,13432.0
2014-03-29 13:00:00,13407.0
2014-03-29 14:00:00,13268.0
2014-03-29 15:00:00,13217.0
2014-03-29 16:00:00,14584.0
2014-03-29 17:00:00,14331.0
2014-03-29 18:00:00,12230.0
2014-03-29 19:00:00,12458.0
2014-03-29 20:00:00,12027.0
2014-03-29 21:00:00,10647.0
2014-03-29 22:00:00,9636.0
2014-03-29 23:00:00,4964.0
2014-03-30 00:00:00,4242.0
2014-03-30 01:00:00,0.0
2014-03-30 02:00:00,4154.0
2014-03-30 03:00:00,4027.0
2014-03-30 04:00:00,4584.0
2014-03-30 05:00:00,4495.0
2014-03-30 06:00:00,5635.0
2014-03-30 07:00:00,9369.0
2014-03-30 08:00:00,9433.0
2014-03-30 09:00:00,12951.0
2014-03-30 10:00:00,12952.0
2014-03-30 11:00:00,13255.0
2014-03-30 12:00:00,12496.0
2014-03-30 13:00:00,11863.0
2014-03-30 14:00:00,13572.0
2014-03-30 15:00:00,13522.0
2014-03-30 16:00:00,13319.0
2014-03-30 17:00:00,12749.0
2014-03-30 18:00:00,12584.0
2014-03-30 19:00:00,12230.0
2014-03-30 20:00:00,11850.0
2014-03-30 21:00:00,11041.0
2014-03-30 22:00:00,9521.0
2014-03-30 23:00:00,4775.0
2014-03-31 00:00:00,4457.0
2014-03-31 01:00:00,4394.0
2014-03-31 02:00:00,4444.0
2014-03-31 03:00:00,4482.0
2014-03-31 04:00:00,4939.0
2014-03-31 05:00:00,4976.0
2014-03-31 06:00:00,6750.0
2014-03-31 07:00:00,9560.0
2014-03-31 08:00:00,9724.0
2014-03-31 09:00:00,13446.0
2014-03-31 10:00:00,14356.0
2014-03-31 11:00:00,14573.0
2014-03-31 12:00:00,13571.0
2014-03-31 13:00:00,13053.0
2014-03-31 14:00:00,12317.0
2014-03-31 15:00:00,12433.0
2014-03-31 16:00:00,13673.0
2014-03-31 17:00:00,13382.0
2014-03-31 18:00:00,13571.0
2014-03-31 19:00:00,13014.0
2014-03-31 20:00:00,12609.0
2014-03-31 21:00:00,10837.0
2014-03-31 22:00:00,9749.0
2014-03-31 23:00:00,4900.0
2014-04-01 00:00:00,4393.0
2014-04-01 01:00:00,4458.0
2014-04-01 02:00:00,4243.0
2014-04-01 03:00:00,4331.0
2014-04-01 04:00:00,4749.0
2014-04-01 05:00:00,5092.0
2014-04-01 06:00:00,6077.0
2014-04-01 07:00:00,10229.0
2014-04-01 08:00:00,10331.0
2014-04-01 09:00:00,12292.0
2014-04-01 10:00:00,14344.0
2014-04-01 11:00:00,14825.0
2014-04-01 12:00:00,13268.0
2014-04-01 13:00:00,13167.0
2014-04-01 14:00:00,12622.0
2014-04-01 15:00:00,13192.0
2014-04-01 16:00:00,13926.0
2014-04-01 17:00:00,12976.0
2014-04-01 18:00:00,13015.0
2014-04-01 19:00:00,12483.0
2014-04-01 20:00:00,11800.0
2014-04-01 21:00:00,10774.0
2014-04-01 22:00:00,9976.0
2014-04-01 23:00:00,5305.0
2014-04-02 00:00:00,4267.0
2014-04-02 01:00:00,4317.0
2014-04-02 02:00:00,4178.0
2014-04-02 03:00:00,4178.0
2014-04-02 04:00:00,4787.0
2014-04-02 05:00:00,4775.0
2014-04-02 06:00:00,6168.0
2014-04-02 07:00:00,9458.0
2014-04-02 08:00:00,11027.0
2014-04-02 09:00:00,12116.0
2014-04-02 10:00:00,13458.0
2014-04-02 11:00:00,13774.0
2014-04-02 12:00:00,13546.0
2014-04-02 13:00:00,12661.0
2014-04-02 14:00:00,12646.0
2014-04-02 15:00:00,12812.0
2014-04-02 16:00:00,13154.0
2014-04-02 17:00:00,12661.0
2014-04-02 18:00:00,12901.0
2014-04-02 19:00:00,13812.0
2014-04-02 20:00:00,12356.0
2014-04-02 21:00:00,10774.0
2014-04-02 22:00:00,9584.0
2014-04-02 23:00:00,4635.0
2014-04-03 00:00:00,4217.0
2014-04-03 01:00:00,4256.0
2014-04-03 02:00:00,4002.0
2014-04-03 03:00:00,4116.0
2014-04-03 04:00:00,4686.0
2014-04-03 05:00:00,4622.0
2014-04-03 06:00:00,5952.0
2014-04-03 07:00:00,9204.0
2014-04-03 08:00:00,10698.0
2014-04-03 09:00:00,13154.0
2014-04-03 10:00:00,14686.0
2014-04-03 11:00:00,13153.0
2014-04-03 12:00:00,13078.0
2014-04-03 13:00:00,12927.0
2014-04-03 14:00:00,13218.0
2014-04-03 15:00:00,13585.0
2014-04-03 16:00:00,14027.0
2014-04-03 17:00:00,13597.0
2014-04-03 18:00:00,12774.0
2014-04-03 19:00:00,13028.0
2014-04-03 20:00:00,12254.0
2014-04-03 21:00:00,11027.0
2014-04-03 22:00:00,9040.0
2014-04-03 23:00:00,4672.0
2014-04-04 00:00:00,4394.0
2014-04-04 01:00:00,4356.0
2014-04-04 02:00:00,4116.0
2014-04-04 03:00:00,4090.0
2014-04-04 04:00:00,4762.0
2014-04-04 05:00:00,4672.0
2014-04-04 06:00:00,5964.0
2014-04-04 07:00:00,10001.0
2014-04-04 08:00:00,10458.0
2014-04-04 09:00:00,12090.0
2014-04-04 10:00:00,13988.0
2014-04-04 11:00:00,13990.0
2014-04-04 12:00:00,14344.0
2014-04-04 13:00:00,13471.0
2014-04-04 14:00:00,12584.0
2014-04-04 15:00:00,13205.0
2014-04-04 16:00:00,13407.0
2014-04-04 17:00:00,12724.0
2014-04-04 18:00:00,13597.0
2014-04-04 19:00:00,13192.0
2014-04-04 20:00:00,12786.0
2014-04-04 21:00:00,11496.0
2014-04-04 22:00:00,9989.0
2014-04-04 23:00:00,8115.0
2014-04-05 00:00:00,6306.0
2014-04-05 01:00:00,4787.0
2014-04-05 02:00:00,4661.0
2014-04-05 03:00:00,4762.0
2014-04-05 04:00:00,5597.0
2014-04-05 05:00:00,5395.0
2014-04-05 06:00:00,7217.0
2014-04-05 07:00:00,10191.0
2014-04-05 08:00:00,10712.0
2014-04-05 09:00:00,14495.0
2014-04-05 10:00:00,15115.0
2014-04-05 11:00:00,14154.0
2014-04-05 12:00:00,14229.0
2014-04-05 13:00:00,13964.0
2014-04-05 14:00:00,13571.0
2014-04-05 15:00:00,12989.0
2014-04-05 16:00:00,14116.0
2014-04-05 17:00:00,15268.0
2014-04-05 18:00:00,14623.0
2014-04-05 19:00:00,13294.0
2014-04-05 20:00:00,12268.0
2014-04-05 21:00:00,11458.0
2014-04-05 22:00:00,10244.0
2014-04-05 23:00:00,5597.0
2014-04-06 00:00:00,4887.0
2014-04-06 01:00:00,4660.0
2014-04-06 02:00:00,4634.0
2014-04-06 03:00:00,4521.0
2014-04-06 04:00:00,4964.0
2014-04-06 05:00:00,5129.0
2014-04-06 06:00:00,6875.0
2014-04-06 07:00:00,10634.0
2014-04-06 08:00:00,10001.0
2014-04-06 09:00:00,12597.0
2014-04-06 10:00:00,14888.0
2014-04-06 11:00:00,14077.0
2014-04-06 12:00:00,13434.0
2014-04-06 13:00:00,13901.0
2014-04-06 14:00:00,13674.0
2014-04-06 15:00:00,15268.0
2014-04-06 16:00:00,14800.0
2014-04-06 17:00:00,13761.0
2014-04-06 18:00:00,14482.0
2014-04-06 19:00:00,14370.0
2014-04-06 20:00:00,13901.0
2014-04-06 21:00:00,12408.0
2014-04-06 22:00:00,10318.0
2014-04-06 23:00:00,5344.0
2014-04-07 00:00:00,4900.0
2014-04-07 01:00:00,4913.0
2014-04-07 02:00:00,4711.0
2014-04-07 03:00:00,4673.0
2014-04-07 04:00:00,5141.0
2014-04-07 05:00:00,5458.0
2014-04-07 06:00:00,6788.0
2014-04-07 07:00:00,9926.0
2014-04-07 08:00:00,11812.0
2014-04-07 09:00:00,13394.0
2014-04-07 10:00:00,15799.0
2014-04-07 11:00:00,14737.0
2014-04-07 12:00:00,14622.0
2014-04-07 13:00:00,14621.0
2014-04-07 14:00:00,14800.0
2014-04-07 15:00:00,14306.0
2014-04-07 16:00:00,15052.0
2014-04-07 17:00:00,14775.0
2014-04-07 18:00:00,14558.0
2014-04-07 19:00:00,14584.0
2014-04-07 20:00:00,13876.0
2014-04-07 21:00:00,12610.0
2014-04-07 22:00:00,11217.0
2014-04-07 23:00:00,6433.0
2014-04-08 00:00:00,5168.0
2014-04-08 01:00:00,5116.0
2014-04-08 02:00:00,4799.0
2014-04-08 03:00:00,5040.0
2014-04-08 04:00:00,5407.0
2014-04-08 05:00:00,5761.0
2014-04-08 06:00:00,7609.0
2014-04-08 07:00:00,10685.0
2014-04-08 08:00:00,11647.0
2014-04-08 09:00:00,14015.0
2014-04-08 10:00:00,14660.0
2014-04-08 11:00:00,15344.0
2014-04-08 12:00:00,16039.0
2014-04-08 13:00:00,15179.0
2014-04-08 14:00:00,14914.0
2014-04-08 15:00:00,14672.0
2014-04-08 16:00:00,15636.0
2014-04-08 17:00:00,15319.0
2014-04-08 18:00:00,14862.0
2014-04-08 19:00:00,14926.0
2014-04-08 20:00:00,14394.0
2014-04-08 21:00:00,12850.0
2014-04-08 22:00:00,10686.0
2014-04-08 23:00:00,5699.0
2014-04-09 00:00:00,5192.0
2014-04-09 01:00:00,5218.0
2014-04-09 02:00:00,4914.0
2014-04-09 03:00:00,4989.0
2014-04-09 04:00:00,5293.0
2014-04-09 05:00:00,5483.0
2014-04-09 06:00:00,7356.0
2014-04-09 07:00:00,10698.0
2014-04-09 08:00:00,10622.0
2014-04-09 09:00:00,13393.0
2014-04-09 10:00:00,15900.0
2014-04-09 11:00:00,15583.0
2014-04-09 12:00:00,14685.0
2014-04-09 13:00:00,14306.0
2014-04-09 14:00:00,13787.0
2014-04-09 15:00:00,13913.0
2014-04-09 16:00:00,14482.0
2014-04-09 17:00:00,15255.0
2014-04-09 18:00:00,15128.0
2014-04-09 19:00:00,15002.0
2014-04-09 20:00:00,14065.0
2014-04-09 21:00:00,12256.0
2014-04-09 22:00:00,10255.0
2014-04-09 23:00:00,5496.0
2014-04-10 00:00:00,5079.0
2014-04-10 01:00:00,4977.0
2014-04-10 02:00:00,4800.0
2014-04-10 03:00:00,4799.0
2014-04-10 04:00:00,5178.0
2014-04-10 05:00:00,5584.0
2014-04-10 06:00:00,6496.0
2014-04-10 07:00:00,10546.0
2014-04-10 08:00:00,10685.0
2014-04-10 09:00:00,13116.0
2014-04-10 10:00:00,14825.0
2014-04-10 11:00:00,14242.0
2014-04-10 12:00:00,14306.0
2014-04-10 13:00:00,14306.0
2014-04-10 14:00:00,13988.0
2014-04-10 15:00:00,15205.0
2014-04-10 16:00:00,15445.0
2014-04-10 17:00:00,15471.0
2014-04-10 18:00:00,15103.0
2014-04-10 19:00:00,14824.0
2014-04-10 20:00:00,13811.0
2014-04-10 21:00:00,12559.0
2014-04-10 22:00:00,10546.0
2014-04-10 23:00:00,5268.0
2014-04-11 00:00:00,4888.0
2014-04-11 01:00:00,4989.0
2014-04-11 02:00:00,4774.0
2014-04-11 03:00:00,4748.0
2014-04-11 04:00:00,5192.0
2014-04-11 05:00:00,5521.0
2014-04-11 06:00:00,6622.0
2014-04-11 07:00:00,10711.0
2014-04-11 08:00:00,10800.0
2014-04-11 09:00:00,13470.0
2014-04-11 10:00:00,14838.0
2014-04-11 11:00:00,13761.0
2014-04-11 12:00:00,13331.0
2014-04-11 13:00:00,13989.0
2014-04-11 14:00:00,13458.0
2014-04-11 15:00:00,14255.0
2014-04-11 16:00:00,15862.0
2014-04-11 17:00:00,14964.0
2014-04-11 18:00:00,13965.0
2014-04-11 19:00:00,14218.0
2014-04-11 20:00:00,12824.0
2014-04-11 21:00:00,11660.0
2014-04-11 22:00:00,10433.0
2014-04-11 23:00:00,6090.0
2014-04-12 00:00:00,5167.0
2014-04-12 01:00:00,4990.0
2014-04-12 02:00:00,4875.0
2014-04-12 03:00:00,4863.0
2014-04-12 04:00:00,5256.0
2014-04-12 05:00:00,5673.0
2014-04-12 06:00:00,6737.0
2014-04-12 07:00:00,10939.0
2014-04-12 08:00:00,11280.0
2014-04-12 09:00:00,14332.0
2014-04-12 10:00:00,15672.0
2014-04-12 11:00:00,15104.0
2014-04-12 12:00:00,14053.0
2014-04-12 13:00:00,14648.0
2014-04-12 14:00:00,15205.0
2014-04-12 15:00:00,15142.0
2014-04-12 16:00:00,15572.0
2014-04-12 17:00:00,16343.0
2014-04-12 18:00:00,15154.0
2014-04-12 19:00:00,14798.0
2014-04-12 20:00:00,14306.0
2014-04-12 21:00:00,13065.0
2014-04-12 22:00:00,10685.0
2014-04-12 23:00:00,5965.0
2014-04-13 00:00:00,5243.0
2014-04-13 01:00:00,4913.0
2014-04-13 02:00:00,4876.0
2014-04-13 03:00:00,4926.0
2014-04-13 04:00:00,5369.0
2014-04-13 05:00:00,5723.0
2014-04-13 06:00:00,7989.0
2014-04-13 07:00:00,11546.0
2014-04-13 08:00:00,11166.0
2014-04-13 09:00:00,14407.0
2014-04-13 10:00:00,15547.0
2014-04-13 11:00:00,15584.0
2014-04-13 12:00:00,14749.0
2014-04-13 13:00:00,15243.0
2014-04-13 14:00:00,15256.0
2014-04-13 15:00:00,15546.0
2014-04-13 16:00:00,15622.0
2014-04-13 17:00:00,15534.0
2014-04-13 18:00:00,15470.0
2014-04-13 19:00:00,14989.0
2014-04-13 20:00:00,14990.0
2014-04-13 21:00:00,13622.0
2014-04-13 22:00:00,12229.0
2014-04-13 23:00:00,6661.0
2014-04-14 00:00:00,5407.0
2014-04-14 01:00:00,5623.0
2014-04-14 02:00:00,5356.0
2014-04-14 03:00:00,5369.0
2014-04-14 04:00:00,5964.0
2014-04-14 05:00:00,6078.0
2014-04-14 06:00:00,8280.0
2014-04-14 07:00:00,11078.0
2014-04-14 08:00:00,11875.0
2014-04-14 09:00:00,14154.0
2014-04-14 10:00:00,15344.0
2014-04-14 11:00:00,15433.0
2014-04-14 12:00:00,15420.0
2014-04-14 13:00:00,15091.0
2014-04-14 14:00:00,15331.0
2014-04-14 15:00:00,14508.0
2014-04-14 16:00:00,15318.0
2014-04-14 17:00:00,15167.0
2014-04-14 18:00:00,14610.0
2014-04-14 19:00:00,14801.0
2014-04-14 20:00:00,14255.0
2014-04-14 21:00:00,12724.0
2014-04-14 22:00:00,10521.0
2014-04-14 23:00:00,5737.0
2014-04-15 00:00:00,4926.0
2014-04-15 01:00:00,5102.0
2014-04-15 02:00:00,4964.0
2014-04-15 03:00:00,4926.0
2014-04-15 04:00:00,5598.0
2014-04-15 05:00:00,5750.0
2014-04-15 06:00:00,7723.0
2014-04-15 07:00:00,11027.0
2014-04-15 08:00:00,10913.0
2014-04-15 09:00:00,13863.0
2014-04-15 10:00:00,15864.0
2014-04-15 11:00:00,15230.0
2014-04-15 12:00:00,14976.0
2014-04-15 13:00:00,14610.0
2014-04-15 14:00:00,14381.0
2014-04-15 15:00:00,14091.0
2014-04-15 16:00:00,14508.0
2014-04-15 17:00:00,14699.0
2014-04-15 18:00:00,15078.0
2014-04-15 19:00:00,14457.0
2014-04-15 20:00:00,13408.0
2014-04-15 21:00:00,12027.0
2014-04-15 22:00:00,11457.0
2014-04-15 23:00:00,6231.0
2014-04-16 00:00:00,5280.0
2014-04-16 01:00:00,5205.0
2014-04-16 02:00:00,5015.0
2014-04-16 03:00:00,5014.0
2014-04-16 04:00:00,5571.0
2014-04-16 05:00:00,5674.0
2014-04-16 06:00:00,6800.0
2014-04-16 07:00:00,10812.0
2014-04-16 08:00:00,11457.0
2014-04-16 09:00:00,14748.0
2014-04-16 10:00:00,15862.0
2014-04-16 11:00:00,16065.0
2014-04-16 12:00:00,13900.0
2014-04-16 13:00:00,14268.0
2014-04-16 14:00:00,14065.0
2014-04-16 15:00:00,13951.0
2014-04-16 16:00:00,14976.0
2014-04-16 17:00:00,14533.0
2014-04-16 18:00:00,14723.0
2014-04-16 19:00:00,13939.0
2014-04-16 20:00:00,14484.0
2014-04-16 21:00:00,12596.0
2014-04-16 22:00:00,11167.0
2014-04-16 23:00:00,6268.0
2014-04-17 00:00:00,4925.0
2014-04-17 01:00:00,4889.0
2014-04-17 02:00:00,4775.0
2014-04-17 03:00:00,4952.0
2014-04-17 04:00:00,5370.0
2014-04-17 05:00:00,5471.0
2014-04-17 06:00:00,6800.0
2014-04-17 07:00:00,11002.0
2014-04-17 08:00:00,11205.0
2014-04-17 09:00:00,14571.0
2014-04-17 10:00:00,16660.0
2014-04-17 11:00:00,15458.0
2014-04-17 12:00:00,15673.0
2014-04-17 13:00:00,15660.0
2014-04-17 14:00:00,15977.0
2014-04-17 15:00:00,15332.0
2014-04-17 16:00:00,16129.0
2014-04-17 17:00:00,16015.0
2014-04-17 18:00:00,16039.0
2014-04-17 19:00:00,16027.0
2014-04-17 20:00:00,14888.0
2014-04-17 21:00:00,13331.0
2014-04-17 22:00:00,11750.0
2014-04-17 23:00:00,6672.0
2014-04-18 00:00:00,5243.0
2014-04-18 01:00:00,5103.0
2014-04-18 02:00:00,5116.0
2014-04-18 03:00:00,4876.0
2014-04-18 04:00:00,5546.0
2014-04-18 05:00:00,5875.0
2014-04-18 06:00:00,8356.0
2014-04-18 07:00:00,11179.0
2014-04-18 08:00:00,11774.0
2014-04-18 09:00:00,14863.0
2014-04-18 10:00:00,15875.0
2014-04-18 11:00:00,15381.0
2014-04-18 12:00:00,14989.0
2014-04-18 13:00:00,15293.0
2014-04-18 14:00:00,15167.0
2014-04-18 15:00:00,14685.0
2014-04-18 16:00:00,15280.0
2014-04-18 17:00:00,16090.0
2014-04-18 18:00:00,15179.0
2014-04-18 19:00:00,14850.0
2014-04-18 20:00:00,13862.0
2014-04-18 21:00:00,12508.0
2014-04-18 22:00:00,10596.0
2014-04-18 23:00:00,6205.0
2014-04-19 00:00:00,5090.0
2014-04-19 01:00:00,5079.0
2014-04-19 02:00:00,4900.0
2014-04-19 03:00:00,4660.0
2014-04-19 04:00:00,5218.0
2014-04-19 05:00:00,5610.0
2014-04-19 06:00:00,7750.0
2014-04-19 07:00:00,10014.0
2014-04-19 08:00:00,11723.0
2014-04-19 09:00:00,14168.0
2014-04-19 10:00:00,15597.0
2014-04-19 11:00:00,15129.0
2014-04-19 12:00:00,15028.0
2014-04-19 13:00:00,14925.0
2014-04-19 14:00:00,14243.0
2014-04-19 15:00:00,15053.0
2014-04-19 16:00:00,14167.0
2014-04-19 17:00:00,13976.0
2014-04-19 18:00:00,13812.0
2014-04-19 19:00:00,13636.0
2014-04-19 20:00:00,12673.0
2014-04-19 21:00:00,11774.0
2014-04-19 22:00:00,9914.0
2014-04-19 23:00:00,5837.0
2014-04-20 00:00:00,4964.0
2014-04-20 01:00:00,5065.0
2014-04-20 02:00:00,4723.0
2014-04-20 03:00:00,5027.0
2014-04-20 04:00:00,5344.0
2014-04-20 05:00:00,5508.0
2014-04-20 06:00:00,6522.0
2014-04-20 07:00:00,9926.0
2014-04-20 08:00:00,11938.0
2014-04-20 09:00:00,13496.0
2014-04-20 10:00:00,14686.0
2014-04-20 11:00:00,14003.0
2014-04-20 12:00:00,13914.0
2014-04-20 13:00:00,13724.0
2014-04-20 14:00:00,13863.0
2014-04-20 15:00:00,13571.0
2014-04-20 16:00:00,14153.0
2014-04-20 17:00:00,13369.0
2014-04-20 18:00:00,12812.0
2014-04-20 19:00:00,11521.0
2014-04-20 20:00:00,6522.0
2014-04-20 21:00:00,5520.0
2014-04-20 22:00:00,5243.0
2014-04-20 23:00:00,4647.0
2014-04-21 00:00:00,4532.0
2014-04-21 01:00:00,4558.0
2014-04-21 02:00:00,4495.0
2014-04-21 03:00:00,4446.0
2014-04-21 04:00:00,4976.0
2014-04-21 05:00:00,5256.0
2014-04-21 06:00:00,7294.0
2014-04-21 07:00:00,10015.0
2014-04-21 08:00:00,10862.0
2014-04-21 09:00:00,14305.0
2014-04-21 10:00:00,15914.0
2014-04-21 11:00:00,14685.0
2014-04-21 12:00:00,13748.0
2014-04-21 13:00:00,13204.0
2014-04-21 14:00:00,13661.0
2014-04-21 15:00:00,13369.0
2014-04-21 16:00:00,13812.0
2014-04-21 17:00:00,14027.0
2014-04-21 18:00:00,13509.0
2014-04-21 19:00:00,14863.0
2014-04-21 20:00:00,13306.0
2014-04-21 21:00:00,12369.0
2014-04-21 22:00:00,11331.0
2014-04-21 23:00:00,10559.0
2014-04-22 00:00:00,10141.0
2014-04-22 01:00:00,9622.0
2014-04-22 02:00:00,9002.0
2014-04-22 03:00:00,8799.0
2014-04-22 04:00:00,9243.0
2014-04-22 05:00:00,9103.0
2014-04-22 06:00:00,11154.0
2014-04-22 07:00:00,13826.0
2014-04-22 08:00:00,13571.0
2014-04-22 09:00:00,13787.0
2014-04-22 10:00:00,15824.0
2014-04-22 11:00:00,15635.0
2014-04-22 12:00:00,13938.0
2014-04-22 13:00:00,14534.0
2014-04-22 14:00:00,13053.0
2014-04-22 15:00:00,14027.0
2014-04-22 16:00:00,14369.0
2014-04-22 17:00:00,15218.0
2014-04-22 18:00:00,14433.0
2014-04-22 19:00:00,14217.0
2014-04-22 20:00:00,13559.0
2014-04-22 21:00:00,12256.0
2014-04-22 22:00:00,9482.0
2014-04-22 23:00:00,5154.0
2014-04-23 00:00:00,4812.0
2014-04-23 01:00:00,4775.0
2014-04-23 02:00:00,4622.0
2014-04-23 03:00:00,4597.0
2014-04-23 04:00:00,5547.0
2014-04-23 05:00:00,5357.0
2014-04-23 06:00:00,6648.0
2014-04-23 07:00:00,9939.0
2014-04-23 08:00:00,11825.0
2014-04-23 09:00:00,13167.0
2014-04-23 10:00:00,14963.0
2014-04-23 11:00:00,15154.0
2014-04-23 12:00:00,14040.0
2014-04-23 13:00:00,13952.0
2014-04-23 14:00:00,12990.0
2014-04-23 15:00:00,13217.0
2014-04-23 16:00:00,14217.0
2014-04-23 17:00:00,14344.0
2014-04-23 18:00:00,15179.0
2014-04-23 19:00:00,14787.0
2014-04-23 20:00:00,13990.0
2014-04-23 21:00:00,12167.0
2014-04-23 22:00:00,10053.0
2014-04-23 23:00:00,5318.0
2014-04-24 00:00:00,4888.0
2014-04-24 01:00:00,4826.0
2014-04-24 02:00:00,4673.0
2014-04-24 03:00:00,4609.0
2014-04-24 04:00:00,5065.0
2014-04-24 05:00:00,5381.0
2014-04-24 06:00:00,7508.0
2014-04-24 07:00:00,9508.0
2014-04-24 08:00:00,11128.0
2014-04-24 09:00:00,13940.0
2014-04-24 10:00:00,15673.0
2014-04-24 11:00:00,14546.0
2014-04-24 12:00:00,14293.0
2014-04-24 13:00:00,13571.0
2014-04-24 14:00:00,13914.0
2014-04-24 15:00:00,14166.0
2014-04-24 16:00:00,13964.0
2014-04-24 17:00:00,13571.0
2014-04-24 18:00:00,13976.0
2014-04-24 19:00:00,14077.0
2014-04-24 20:00:00,13635.0
2014-04-24 21:00:00,11864.0
2014-04-24 22:00:00,10508.0
2014-04-24 23:00:00,5572.0
2014-04-25 00:00:00,5091.0
2014-04-25 01:00:00,5129.0
2014-04-25 02:00:00,4382.0
2014-04-25 03:00:00,4420.0
2014-04-25 04:00:00,4787.0
2014-04-25 05:00:00,4989.0
2014-04-25 06:00:00,7040.0
2014-04-25 07:00:00,9382.0
2014-04-25 08:00:00,11243.0
2014-04-25 09:00:00,13457.0
2014-04-25 10:00:00,14560.0
2014-04-25 11:00:00,13926.0
2014-04-25 12:00:00,13762.0
2014-04-25 13:00:00,14344.0
2014-04-25 14:00:00,14292.0
2014-04-25 15:00:00,13875.0
2014-04-25 16:00:00,13699.0
2014-04-25 17:00:00,14622.0
2014-04-25 18:00:00,13534.0
2014-04-25 19:00:00,13205.0
2014-04-25 20:00:00,12736.0
2014-04-25 21:00:00,11863.0
2014-04-25 22:00:00,9812.0
2014-04-25 23:00:00,5116.0
2014-04-26 00:00:00,4686.0
2014-04-26 01:00:00,4584.0
2014-04-26 02:00:00,4495.0
2014-04-26 03:00:00,4431.0
2014-04-26 04:00:00,4850.0
2014-04-26 05:00:00,5091.0
2014-04-26 06:00:00,7103.0
2014-04-26 07:00:00,9874.0
2014-04-26 08:00:00,10862.0
2014-04-26 09:00:00,13634.0
2014-04-26 10:00:00,15977.0
2014-04-26 11:00:00,14179.0
2014-04-26 12:00:00,14205.0
2014-04-26 13:00:00,14724.0
2014-04-26 14:00:00,14509.0
2014-04-26 15:00:00,13951.0
2014-04-26 16:00:00,15230.0
2014-04-26 17:00:00,14192.0
2014-04-26 18:00:00,13926.0
2014-04-26 19:00:00,14585.0
2014-04-26 20:00:00,13584.0
2014-04-26 21:00:00,12331.0
2014-04-26 22:00:00,9875.0
2014-04-26 23:00:00,5635.0
2014-04-27 00:00:00,5091.0
2014-04-27 01:00:00,4914.0
2014-04-27 02:00:00,4685.0
2014-04-27 03:00:00,4824.0
2014-04-27 04:00:00,5331.0
2014-04-27 05:00:00,5229.0
2014-04-27 06:00:00,7192.0
2014-04-27 07:00:00,10027.0
2014-04-27 08:00:00,10546.0
2014-04-27 09:00:00,13344.0
2014-04-27 10:00:00,15027.0
2014-04-27 11:00:00,14788.0
2014-04-27 12:00:00,13940.0
2014-04-27 13:00:00,13509.0
2014-04-27 14:00:00,13496.0
2014-04-27 15:00:00,13407.0
2014-04-27 16:00:00,14736.0
2014-04-27 17:00:00,14014.0
2014-04-27 18:00:00,13838.0
2014-04-27 19:00:00,14369.0
2014-04-27 20:00:00,13914.0
2014-04-27 21:00:00,12522.0
2014-04-27 22:00:00,10014.0
2014-04-27 23:00:00,5698.0
2014-04-28 00:00:00,5053.0
2014-04-28 01:00:00,4926.0
2014-04-28 02:00:00,4850.0
2014-04-28 03:00:00,4862.0
2014-04-28 04:00:00,5407.0
2014-04-28 05:00:00,5293.0
2014-04-28 06:00:00,7268.0
2014-04-28 07:00:00,9433.0
2014-04-28 08:00:00,10964.0
2014-04-28 09:00:00,13851.0
2014-04-28 10:00:00,14850.0
2014-04-28 11:00:00,14774.0
2014-04-28 12:00:00,14609.0
2014-04-28 13:00:00,14179.0
2014-04-28 14:00:00,13774.0
2014-04-28 15:00:00,13825.0
2014-04-28 16:00:00,14850.0
2014-04-28 17:00:00,14394.0
2014-04-28 18:00:00,14217.0
2014-04-28 19:00:00,14902.0
2014-04-28 20:00:00,14281.0
2014-04-28 21:00:00,12773.0
2014-04-28 22:00:00,11370.0
2014-04-28 23:00:00,6129.0
2014-04-29 00:00:00,4952.0
2014-04-29 01:00:00,4914.0
2014-04-29 02:00:00,4824.0
2014-04-29 03:00:00,4914.0
2014-04-29 04:00:00,5306.0
2014-04-29 05:00:00,5344.0
2014-04-29 06:00:00,7635.0
2014-04-29 07:00:00,9951.0
2014-04-29 08:00:00,11115.0
2014-04-29 09:00:00,13179.0
2014-04-29 10:00:00,15268.0
2014-04-29 11:00:00,14647.0
2014-04-29 12:00:00,14686.0
2014-04-29 13:00:00,14052.0
2014-04-29 14:00:00,13634.0
2014-04-29 15:00:00,13851.0
2014-04-29 16:00:00,15546.0
2014-04-29 17:00:00,14622.0
2014-04-29 18:00:00,14559.0
2014-04-29 19:00:00,15116.0
2014-04-29 20:00:00,14079.0
2014-04-29 21:00:00,13331.0
2014-04-29 22:00:00,10699.0
2014-04-29 23:00:00,5596.0
2014-04-30 00:00:00,5155.0
2014-04-30 01:00:00,5040.0
2014-04-30 02:00:00,5002.0
2014-04-30 03:00:00,4888.0
2014-04-30 04:00:00,5483.0
2014-04-30 05:00:00,5547.0
2014-04-30 06:00:00,6837.0
2014-04-30 07:00:00,10432.0
2014-04-30 08:00:00,12533.0
2014-04-30 09:00:00,13888.0
2014-04-30 10:00:00,15547.0
2014-04-30 11:00:00,16558.0
2014-04-30 12:00:00,14824.0
2014-04-30 13:00:00,14609.0
2014-04-30 14:00:00,14876.0
2014-04-30 15:00:00,14407.0
2014-04-30 16:00:00,15357.0
2014-04-30 17:00:00,15280.0
2014-04-30 18:00:00,16041.0
2014-04-30 19:00:00,15762.0
2014-04-30 20:00:00,14609.0
2014-04-30 21:00:00,13939.0
2014-04-30 22:00:00,11496.0
2014-04-30 23:00:00,6091.0
2014-05-01 00:00:00,5166.0
2014-05-01 01:00:00,5180.0
2014-05-01 02:00:00,4963.0
2014-05-01 03:00:00,4850.0
2014-05-01 04:00:00,5471.0
2014-05-01 05:00:00,5864.0
2014-05-01 06:00:00,7850.0
2014-05-01 07:00:00,10863.0
2014-05-01 08:00:00,12217.0
2014-05-01 09:00:00,14281.0
2014-05-01 10:00:00,16421.0
2014-05-01 11:00:00,15660.0
2014-05-01 12:00:00,15482.0
2014-05-01 13:00:00,15761.0
2014-05-01 14:00:00,15179.0
2014-05-01 15:00:00,14710.0
2014-05-01 16:00:00,15445.0
2014-05-01 17:00:00,14748.0
2014-05-01 18:00:00,14889.0
2014-05-01 19:00:00,14748.0
2014-05-01 20:00:00,14191.0
2014-05-01 21:00:00,13356.0
2014-05-01 22:00:00,10874.0
2014-05-01 23:00:00,5748.0
2014-05-02 00:00:00,5293.0
2014-05-02 01:00:00,5230.0
2014-05-02 02:00:00,5053.0
2014-05-02 03:00:00,5040.0
2014-05-02 04:00:00,5395.0
2014-05-02 05:00:00,5977.0
2014-05-02 06:00:00,8015.0
2014-05-02 07:00:00,10558.0
2014-05-02 08:00:00,12142.0
2014-05-02 09:00:00,14179.0
2014-05-02 10:00:00,16255.0
2014-05-02 11:00:00,16724.0
2014-05-02 12:00:00,16306.0
2014-05-02 13:00:00,15710.0
2014-05-02 14:00:00,16344.0
2014-05-02 15:00:00,15863.0
2014-05-02 16:00:00,15901.0
2014-05-02 17:00:00,16495.0
2014-05-02 18:00:00,15268.0
2014-05-02 19:00:00,16357.0
2014-05-02 20:00:00,14850.0
2014-05-02 21:00:00,14078.0
2014-05-02 22:00:00,11812.0
2014-05-02 23:00:00,6496.0
2014-05-03 00:00:00,5609.0
2014-05-03 01:00:00,5509.0
2014-05-03 02:00:00,5039.0
2014-05-03 03:00:00,5078.0
2014-05-03 04:00:00,5648.0
2014-05-03 05:00:00,5812.0
2014-05-03 06:00:00,7786.0
2014-05-03 07:00:00,10736.0
2014-05-03 08:00:00,11647.0
2014-05-03 09:00:00,15420.0
2014-05-03 10:00:00,15192.0
2014-05-03 11:00:00,16116.0
2014-05-03 12:00:00,15140.0
2014-05-03 13:00:00,15458.0
2014-05-03 14:00:00,14243.0
2014-05-03 15:00:00,14622.0
2014-05-03 16:00:00,15382.0
2014-05-03 17:00:00,14938.0
2014-05-03 18:00:00,14521.0
2014-05-03 19:00:00,15673.0
2014-05-03 20:00:00,14876.0
2014-05-03 21:00:00,13736.0
2014-05-03 22:00:00,11420.0
2014-05-03 23:00:00,6546.0
2014-05-04 00:00:00,5573.0
2014-05-04 01:00:00,5534.0
2014-05-04 02:00:00,5015.0
2014-05-04 03:00:00,5268.0
2014-05-04 04:00:00,5597.0
2014-05-04 05:00:00,5749.0
2014-05-04 06:00:00,7736.0
2014-05-04 07:00:00,11294.0
2014-05-04 08:00:00,11420.0
2014-05-04 09:00:00,14116.0
2014-05-04 10:00:00,16369.0
2014-05-04 11:00:00,16116.0
2014-05-04 12:00:00,15597.0
2014-05-04 13:00:00,15445.0
2014-05-04 14:00:00,15229.0
2014-05-04 15:00:00,15167.0
2014-05-04 16:00:00,15585.0
2014-05-04 17:00:00,15535.0
2014-05-04 18:00:00,15116.0
2014-05-04 19:00:00,15040.0
2014-05-04 20:00:00,14457.0
2014-05-04 21:00:00,13369.0
2014-05-04 22:00:00,11116.0
2014-05-04 23:00:00,5736.0
2014-05-05 00:00:00,5344.0
2014-05-05 01:00:00,5546.0
2014-05-05 02:00:00,5204.0
2014-05-05 03:00:00,5432.0
2014-05-05 04:00:00,5559.0
2014-05-05 05:00:00,5939.0
2014-05-05 06:00:00,8090.0
2014-05-05 07:00:00,10420.0
2014-05-05 08:00:00,12077.0
2014-05-05 09:00:00,14483.0
2014-05-05 10:00:00,16611.0
2014-05-05 11:00:00,15952.0
2014-05-05 12:00:00,15610.0
2014-05-05 13:00:00,15166.0
2014-05-05 14:00:00,14634.0
2014-05-05 15:00:00,15027.0
2014-05-05 16:00:00,16154.0
2014-05-05 17:00:00,15723.0
2014-05-05 18:00:00,15318.0
2014-05-05 19:00:00,15926.0
2014-05-05 20:00:00,14723.0
2014-05-05 21:00:00,12862.0
2014-05-05 22:00:00,11078.0
2014-05-05 23:00:00,6154.0
2014-05-06 00:00:00,5889.0
2014-05-06 01:00:00,5940.0
2014-05-06 02:00:00,5686.0
2014-05-06 03:00:00,5762.0
2014-05-06 04:00:00,6154.0
2014-05-06 05:00:00,5711.0
2014-05-06 06:00:00,7950.0
2014-05-06 07:00:00,10508.0
2014-05-06 08:00:00,11128.0
2014-05-06 09:00:00,14180.0
2014-05-06 10:00:00,16028.0
2014-05-06 11:00:00,16673.0
2014-05-06 12:00:00,15230.0
2014-05-06 13:00:00,15102.0
2014-05-06 14:00:00,14978.0
2014-05-06 15:00:00,15191.0
2014-05-06 16:00:00,15306.0
2014-05-06 17:00:00,14939.0
2014-05-06 18:00:00,14736.0
2014-05-06 19:00:00,15597.0
2014-05-06 20:00:00,14926.0
2014-05-06 21:00:00,13445.0
2014-05-06 22:00:00,11888.0
2014-05-06 23:00:00,6534.0
2014-05-07 00:00:00,5382.0
2014-05-07 01:00:00,5319.0
2014-05-07 02:00:00,4963.0
2014-05-07 03:00:00,5079.0
2014-05-07 04:00:00,5534.0
2014-05-07 05:00:00,5939.0
2014-05-07 06:00:00,8041.0
2014-05-07 07:00:00,10217.0
2014-05-07 08:00:00,11521.0
2014-05-07 09:00:00,13230.0
2014-05-07 10:00:00,15674.0
2014-05-07 11:00:00,16028.0
2014-05-07 12:00:00,15420.0
2014-05-07 13:00:00,15154.0
2014-05-07 14:00:00,15002.0
2014-05-07 15:00:00,15115.0
2014-05-07 16:00:00,15634.0
2014-05-07 17:00:00,15129.0
2014-05-07 18:00:00,14660.0
2014-05-07 19:00:00,15218.0
2014-05-07 20:00:00,14825.0
2014-05-07 21:00:00,12634.0
2014-05-07 22:00:00,10243.0
2014-05-07 23:00:00,5926.0
2014-05-08 00:00:00,5014.0
2014-05-08 01:00:00,5079.0
2014-05-08 02:00:00,4660.0
2014-05-08 03:00:00,4798.0
2014-05-08 04:00:00,5394.0
2014-05-08 05:00:00,5369.0
2014-05-08 06:00:00,7572.0
2014-05-08 07:00:00,10180.0
2014-05-08 08:00:00,10952.0
2014-05-08 09:00:00,14016.0
2014-05-08 10:00:00,15205.0
2014-05-08 11:00:00,14660.0
2014-05-08 12:00:00,14141.0
2014-05-08 13:00:00,14648.0
2014-05-08 14:00:00,14837.0
2014-05-08 15:00:00,14813.0
2014-05-08 16:00:00,15698.0
2014-05-08 17:00:00,15305.0
2014-05-08 18:00:00,14978.0
2014-05-08 19:00:00,15205.0
2014-05-08 20:00:00,14761.0
2014-05-08 21:00:00,12838.0
2014-05-08 22:00:00,10330.0
2014-05-08 23:00:00,5686.0
2014-05-09 00:00:00,5090.0
2014-05-09 01:00:00,5104.0
2014-05-09 02:00:00,4748.0
2014-05-09 03:00:00,4698.0
2014-05-09 04:00:00,5255.0
2014-05-09 05:00:00,5470.0
2014-05-09 06:00:00,7483.0
2014-05-09 07:00:00,10648.0
2014-05-09 08:00:00,10686.0
2014-05-09 09:00:00,13863.0
2014-05-09 10:00:00,15609.0
2014-05-09 11:00:00,15053.0
2014-05-09 12:00:00,15027.0
2014-05-09 13:00:00,15458.0
2014-05-09 14:00:00,15672.0
2014-05-09 15:00:00,15218.0
2014-05-09 16:00:00,16318.0
2014-05-09 17:00:00,15939.0
2014-05-09 18:00:00,16508.0
2014-05-09 19:00:00,16382.0
2014-05-09 20:00:00,15622.0
2014-05-09 21:00:00,13925.0
2014-05-09 22:00:00,11507.0
2014-05-09 23:00:00,6204.0
2014-05-10 00:00:00,5496.0
2014-05-10 01:00:00,5319.0
2014-05-10 02:00:00,5027.0
2014-05-10 03:00:00,5091.0
2014-05-10 04:00:00,5356.0
2014-05-10 05:00:00,5458.0
2014-05-10 06:00:00,6939.0
2014-05-10 07:00:00,10724.0
2014-05-10 08:00:00,11609.0
2014-05-10 09:00:00,14585.0
2014-05-10 10:00:00,15420.0
2014-05-10 11:00:00,15799.0
2014-05-10 12:00:00,15851.0
2014-05-10 13:00:00,15826.0
2014-05-10 14:00:00,15698.0
2014-05-10 15:00:00,15876.0
2014-05-10 16:00:00,17230.0
2014-05-10 17:00:00,16204.0
2014-05-10 18:00:00,15356.0
2014-05-10 19:00:00,15534.0
2014-05-10 20:00:00,15254.0
2014-05-10 21:00:00,13660.0
2014-05-10 22:00:00,12217.0
2014-05-10 23:00:00,6547.0
2014-05-11 00:00:00,5674.0
2014-05-11 01:00:00,5572.0
2014-05-11 02:00:00,5129.0
2014-05-11 03:00:00,5077.0
2014-05-11 04:00:00,5750.0
2014-05-11 05:00:00,5888.0
2014-05-11 06:00:00,7863.0
2014-05-11 07:00:00,11179.0
2014-05-11 08:00:00,10976.0
2014-05-11 09:00:00,14597.0
2014-05-11 10:00:00,15470.0
2014-05-11 11:00:00,15192.0
2014-05-11 12:00:00,14482.0
2014-05-11 13:00:00,15826.0
2014-05-11 14:00:00,14356.0
2014-05-11 15:00:00,15952.0
2014-05-11 16:00:00,15699.0
2014-05-11 17:00:00,15370.0
2014-05-11 18:00:00,15027.0
2014-05-11 19:00:00,15560.0
2014-05-11 20:00:00,14597.0
2014-05-11 21:00:00,13204.0
2014-05-11 22:00:00,11369.0
2014-05-11 23:00:00,6749.0
2014-05-12 00:00:00,5407.0
2014-05-12 01:00:00,5332.0
2014-05-12 02:00:00,5065.0
2014-05-12 03:00:00,5002.0
2014-05-12 04:00:00,5609.0
2014-05-12 05:00:00,5800.0
2014-05-12 06:00:00,7914.0
2014-05-12 07:00:00,10508.0
2014-05-12 08:00:00,11356.0
2014-05-12 09:00:00,13078.0
2014-05-12 10:00:00,16673.0
2014-05-12 11:00:00,15484.0
2014-05-12 12:00:00,15293.0
2014-05-12 13:00:00,15395.0
2014-05-12 14:00:00,15243.0
2014-05-12 15:00:00,15318.0
2014-05-12 16:00:00,15369.0
2014-05-12 17:00:00,14838.0
2014-05-12 18:00:00,14887.0
2014-05-12 19:00:00,15433.0
2014-05-12 20:00:00,14547.0
2014-05-12 21:00:00,13180.0
2014-05-12 22:00:00,11674.0
2014-05-12 23:00:00,9332.0
2014-05-13 00:00:00,8964.0
2014-05-13 01:00:00,8977.0
2014-05-13 02:00:00,6496.0
2014-05-13 03:00:00,5039.0
2014-05-13 04:00:00,5521.0
2014-05-13 05:00:00,5749.0
2014-05-13 06:00:00,7445.0
2014-05-13 07:00:00,10090.0
2014-05-13 08:00:00,11192.0
2014-05-13 09:00:00,14306.0
2014-05-13 10:00:00,15128.0
2014-05-13 11:00:00,15901.0
2014-05-13 12:00:00,14585.0
2014-05-13 13:00:00,14482.0
2014-05-13 14:00:00,14470.0
2014-05-13 15:00:00,14723.0
2014-05-13 16:00:00,15294.0
2014-05-13 17:00:00,14914.0
2014-05-13 18:00:00,14559.0
2014-05-13 19:00:00,15445.0
2014-05-13 20:00:00,14193.0
2014-05-13 21:00:00,13268.0
2014-05-13 22:00:00,11724.0
2014-05-13 23:00:00,6027.0
2014-05-14 00:00:00,5268.0
2014-05-14 01:00:00,5395.0
2014-05-14 02:00:00,5116.0
2014-05-14 03:00:00,5128.0
2014-05-14 04:00:00,5459.0
2014-05-14 05:00:00,5522.0
2014-05-14 06:00:00,7508.0
2014-05-14 07:00:00,11534.0
2014-05-14 08:00:00,11598.0
2014-05-14 09:00:00,14609.0
2014-05-14 10:00:00,16851.0
2014-05-14 11:00:00,16142.0
2014-05-14 12:00:00,15496.0
2014-05-14 13:00:00,15686.0
2014-05-14 14:00:00,16319.0
2014-05-14 15:00:00,20002.0
2014-05-14 16:00:00,16799.0
2014-05-14 17:00:00,16673.0
2014-05-14 18:00:00,16710.0
2014-05-14 19:00:00,16989.0
2014-05-14 20:00:00,15331.0
2014-05-14 21:00:00,13635.0
2014-05-14 22:00:00,12015.0
2014-05-14 23:00:00,8988.0
2014-05-15 00:00:00,6065.0
2014-05-15 01:00:00,5889.0
2014-05-15 02:00:00,5343.0
2014-05-15 03:00:00,5394.0
2014-05-15 04:00:00,5761.0
2014-05-15 05:00:00,5901.0
2014-05-15 06:00:00,7976.0
2014-05-15 07:00:00,11381.0
2014-05-15 08:00:00,10977.0
2014-05-15 09:00:00,14634.0
2014-05-15 10:00:00,16636.0
2014-05-15 11:00:00,16521.0
2014-05-15 12:00:00,15469.0
2014-05-15 13:00:00,15178.0
2014-05-15 14:00:00,15572.0
2014-05-15 15:00:00,15205.0
2014-05-15 16:00:00,16040.0
2014-05-15 17:00:00,15470.0
2014-05-15 18:00:00,15180.0
2014-05-15 19:00:00,15748.0
2014-05-15 20:00:00,14914.0
2014-05-15 21:00:00,13116.0
2014-05-15 22:00:00,11939.0
2014-05-15 23:00:00,6355.0
2014-05-16 00:00:00,5584.0
2014-05-16 01:00:00,5406.0
2014-05-16 02:00:00,4977.0
2014-05-16 03:00:00,5128.0
2014-05-16 04:00:00,5598.0
2014-05-16 05:00:00,6078.0
2014-05-16 06:00:00,7824.0
2014-05-16 07:00:00,10369.0
2014-05-16 08:00:00,12191.0
2014-05-16 09:00:00,14610.0
2014-05-16 10:00:00,16724.0
2014-05-16 11:00:00,16660.0
2014-05-16 12:00:00,15659.0
2014-05-16 13:00:00,14875.0
2014-05-16 14:00:00,16192.0
2014-05-16 15:00:00,15383.0
2014-05-16 16:00:00,15331.0
2014-05-16 17:00:00,15305.0
2014-05-16 18:00:00,14217.0
2014-05-16 19:00:00,15799.0
2014-05-16 20:00:00,14420.0
2014-05-16 21:00:00,13446.0
2014-05-16 22:00:00,11394.0
2014-05-16 23:00:00,6179.0
2014-05-17 00:00:00,5368.0
2014-05-17 01:00:00,5090.0
2014-05-17 02:00:00,4849.0
2014-05-17 03:00:00,4927.0
2014-05-17 04:00:00,5370.0
2014-05-17 05:00:00,5636.0
2014-05-17 06:00:00,7685.0
2014-05-17 07:00:00,10862.0
2014-05-17 08:00:00,11560.0
2014-05-17 09:00:00,15039.0
2014-05-17 10:00:00,15710.0
2014-05-17 11:00:00,15926.0
2014-05-17 12:00:00,14723.0
2014-05-17 13:00:00,15483.0
2014-05-17 14:00:00,14774.0
2014-05-17 15:00:00,15799.0
2014-05-17 16:00:00,15850.0
2014-05-17 17:00:00,16053.0
2014-05-17 18:00:00,15191.0
2014-05-17 19:00:00,15180.0
2014-05-17 20:00:00,13571.0
2014-05-17 21:00:00,12545.0
2014-05-17 22:00:00,10938.0
2014-05-17 23:00:00,6077.0
2014-05-18 00:00:00,5407.0
2014-05-18 01:00:00,5155.0
2014-05-18 02:00:00,4888.0
2014-05-18 03:00:00,5027.0
2014-05-18 04:00:00,5471.0
2014-05-18 05:00:00,5825.0
2014-05-18 06:00:00,7001.0
2014-05-18 07:00:00,10863.0
2014-05-18 08:00:00,11547.0
2014-05-18 09:00:00,14546.0
2014-05-18 10:00:00,15862.0
2014-05-18 11:00:00,14319.0
2014-05-18 12:00:00,14837.0
2014-05-18 13:00:00,14825.0
2014-05-18 14:00:00,15293.0
2014-05-18 15:00:00,15053.0
2014-05-18 16:00:00,15572.0
2014-05-18 17:00:00,15166.0
2014-05-18 18:00:00,14231.0
2014-05-18 19:00:00,14381.0
2014-05-18 20:00:00,13964.0
2014-05-18 21:00:00,12546.0
2014-05-18 22:00:00,10117.0
2014-05-18 23:00:00,5496.0
2014-05-19 00:00:00,5016.0
2014-05-19 01:00:00,5129.0
2014-05-19 02:00:00,4889.0
2014-05-19 03:00:00,4875.0
2014-05-19 04:00:00,5433.0
2014-05-19 05:00:00,5534.0
2014-05-19 06:00:00,7533.0
2014-05-19 07:00:00,10154.0
2014-05-19 08:00:00,11508.0
2014-05-19 09:00:00,13622.0
2014-05-19 10:00:00,15395.0
2014-05-19 11:00:00,15699.0
2014-05-19 12:00:00,14104.0
2014-05-19 13:00:00,14293.0
2014-05-19 14:00:00,13660.0
2014-05-19 15:00:00,13255.0
2014-05-19 16:00:00,14040.0
2014-05-19 17:00:00,13622.0
2014-05-19 18:00:00,13787.0
2014-05-19 19:00:00,14699.0
2014-05-19 20:00:00,13863.0
2014-05-19 21:00:00,12129.0
2014-05-19 22:00:00,10926.0
2014-05-19 23:00:00,7546.0
2014-05-20 00:00:00,7065.0
2014-05-20 01:00:00,6458.0
2014-05-20 02:00:00,5774.0
2014-05-20 03:00:00,4888.0
2014-05-20 04:00:00,5369.0
2014-05-20 05:00:00,5192.0
2014-05-20 06:00:00,7292.0
2014-05-20 07:00:00,9623.0
2014-05-20 08:00:00,11230.0
2014-05-20 09:00:00,12901.0
2014-05-20 10:00:00,15356.0
2014-05-20 11:00:00,14597.0
2014-05-20 12:00:00,13610.0
2014-05-20 13:00:00,13381.0
2014-05-20 14:00:00,13610.0
2014-05-20 15:00:00,13167.0
2014-05-20 16:00:00,13547.0
2014-05-20 17:00:00,13647.0
2014-05-20 18:00:00,13964.0
2014-05-20 19:00:00,13863.0
2014-05-20 20:00:00,13027.0
2014-05-20 21:00:00,12407.0
2014-05-20 22:00:00,10901.0
2014-05-20 23:00:00,8951.0
2014-05-21 00:00:00,8609.0
2014-05-21 01:00:00,8534.0
2014-05-21 02:00:00,8204.0
2014-05-21 03:00:00,5268.0
2014-05-21 04:00:00,5154.0
2014-05-21 05:00:00,5293.0
2014-05-21 06:00:00,6825.0
2014-05-21 07:00:00,10559.0
2014-05-21 08:00:00,10660.0
2014-05-21 09:00:00,13255.0
2014-05-21 10:00:00,14964.0
2014-05-21 11:00:00,13850.0
2014-05-21 12:00:00,13712.0
2014-05-21 13:00:00,12939.0
2014-05-21 14:00:00,12546.0
2014-05-21 15:00:00,13483.0
2014-05-21 16:00:00,14039.0
2014-05-21 17:00:00,13394.0
2014-05-21 18:00:00,13294.0
2014-05-21 19:00:00,13685.0
2014-05-21 20:00:00,13103.0
2014-05-21 21:00:00,11243.0
2014-05-21 22:00:00,9875.0
2014-05-21 23:00:00,5026.0
2014-05-22 00:00:00,4597.0
2014-05-22 01:00:00,4585.0
2014-05-22 02:00:00,4457.0
2014-05-22 03:00:00,4420.0
2014-05-22 04:00:00,4938.0
2014-05-22 05:00:00,5103.0
2014-05-22 06:00:00,6483.0
2014-05-22 07:00:00,9952.0
2014-05-22 08:00:00,10521.0
2014-05-22 09:00:00,13522.0
2014-05-22 10:00:00,13863.0
2014-05-22 11:00:00,15129.0
2014-05-22 12:00:00,13445.0
2014-05-22 13:00:00,13281.0
2014-05-22 14:00:00,13268.0
2014-05-22 15:00:00,13521.0
2014-05-22 16:00:00,14837.0
2014-05-22 17:00:00,13344.0
2014-05-22 18:00:00,13192.0
2014-05-22 19:00:00,14432.0
2014-05-22 20:00:00,13104.0
2014-05-22 21:00:00,11888.0
2014-05-22 22:00:00,9761.0
2014-05-22 23:00:00,5571.0
2014-05-23 00:00:00,5077.0
2014-05-23 01:00:00,4863.0
2014-05-23 02:00:00,4482.0
2014-05-23 03:00:00,4838.0
2014-05-23 04:00:00,5242.0
2014-05-23 05:00:00,5357.0
2014-05-23 06:00:00,7560.0
2014-05-23 07:00:00,10178.0
2014-05-23 08:00:00,10952.0
2014-05-23 09:00:00,13192.0
2014-05-23 10:00:00,15280.0
2014-05-23 11:00:00,14609.0
2014-05-23 12:00:00,14507.0
2014-05-23 13:00:00,14572.0
2014-05-23 14:00:00,13863.0
2014-05-23 15:00:00,14153.0
2014-05-23 16:00:00,14343.0
2014-05-23 17:00:00,14433.0
2014-05-23 18:00:00,14217.0
2014-05-23 19:00:00,14660.0
2014-05-23 20:00:00,13725.0
2014-05-23 21:00:00,12572.0
2014-05-23 22:00:00,10078.0
2014-05-23 23:00:00,5876.0
2014-05-24 00:00:00,5141.0
2014-05-24 01:00:00,4672.0
2014-05-24 02:00:00,4534.0
2014-05-24 03:00:00,4419.0
2014-05-24 04:00:00,5103.0
2014-05-24 05:00:00,5077.0
2014-05-24 06:00:00,7205.0
2014-05-24 07:00:00,10166.0
2014-05-24 08:00:00,10116.0
2014-05-24 09:00:00,13711.0
2014-05-24 10:00:00,14230.0
2014-05-24 11:00:00,14318.0
2014-05-24 12:00:00,14218.0
2014-05-24 13:00:00,14382.0
2014-05-24 14:00:00,14357.0
2014-05-24 15:00:00,14889.0
2014-05-24 16:00:00,14925.0
2014-05-24 17:00:00,14192.0
2014-05-24 18:00:00,14318.0
2014-05-24 19:00:00,13951.0
2014-05-24 20:00:00,12762.0
2014-05-24 21:00:00,12141.0
2014-05-24 22:00:00,10192.0
2014-05-24 23:00:00,5710.0
2014-05-25 00:00:00,4596.0
2014-05-25 01:00:00,4495.0
2014-05-25 02:00:00,4331.0
2014-05-25 03:00:00,4393.0
2014-05-25 04:00:00,4888.0
2014-05-25 05:00:00,4976.0
2014-05-25 06:00:00,6901.0
2014-05-25 07:00:00,9863.0
2014-05-25 08:00:00,10091.0
2014-05-25 09:00:00,13584.0
2014-05-25 10:00:00,14369.0
2014-05-25 11:00:00,14267.0
2014-05-25 12:00:00,13217.0
2014-05-25 13:00:00,13673.0
2014-05-25 14:00:00,13357.0
2014-05-25 15:00:00,14204.0
2014-05-25 16:00:00,14154.0
2014-05-25 17:00:00,14280.0
2014-05-25 18:00:00,14142.0
2014-05-25 19:00:00,13609.0
2014-05-25 20:00:00,13242.0
2014-05-25 21:00:00,11749.0
2014-05-25 22:00:00,9800.0
2014-05-25 23:00:00,5230.0
2014-05-26 00:00:00,4431.0
2014-05-26 01:00:00,4457.0
2014-05-26 02:00:00,4369.0
2014-05-26 03:00:00,4268.0
2014-05-26 04:00:00,4851.0
2014-05-26 05:00:00,4863.0
2014-05-26 06:00:00,7052.0
2014-05-26 07:00:00,9977.0
2014-05-26 08:00:00,10103.0
2014-05-26 09:00:00,12723.0
2014-05-26 10:00:00,14154.0
2014-05-26 11:00:00,14167.0
2014-05-26 12:00:00,13382.0
2014-05-26 13:00:00,13546.0
2014-05-26 14:00:00,13737.0
2014-05-26 15:00:00,13421.0
2014-05-26 16:00:00,14343.0
2014-05-26 17:00:00,14103.0
2014-05-26 18:00:00,14204.0
2014-05-26 19:00:00,14040.0
2014-05-26 20:00:00,13103.0
2014-05-26 21:00:00,12318.0
2014-05-26 22:00:00,9699.0
2014-05-26 23:00:00,5218.0
2014-05-27 00:00:00,4622.0
2014-05-27 01:00:00,4635.0
2014-05-27 02:00:00,4495.0
2014-05-27 03:00:00,4431.0
2014-05-27 04:00:00,5001.0
2014-05-27 05:00:00,5255.0
2014-05-27 06:00:00,7280.0
2014-05-27 07:00:00,9964.0
2014-05-27 08:00:00,10813.0
2014-05-27 09:00:00,12913.0
2014-05-27 10:00:00,14761.0
2014-05-27 11:00:00,14824.0
2014-05-27 12:00:00,14356.0
2014-05-27 13:00:00,14167.0
2014-05-27 14:00:00,15217.0
2014-05-27 15:00:00,14976.0
2014-05-27 16:00:00,15281.0
2014-05-27 17:00:00,15242.0
2014-05-27 18:00:00,14508.0
2014-05-27 19:00:00,14420.0
2014-05-27 20:00:00,14167.0
2014-05-27 21:00:00,11964.0
2014-05-27 22:00:00,10014.0
2014-05-27 23:00:00,5520.0
2014-05-28 00:00:00,4938.0
2014-05-28 01:00:00,5103.0
2014-05-28 02:00:00,4888.0
2014-05-28 03:00:00,4900.0
2014-05-28 04:00:00,5382.0
2014-05-28 05:00:00,5622.0
2014-05-28 06:00:00,7724.0
2014-05-28 07:00:00,10610.0
2014-05-28 08:00:00,11218.0
2014-05-28 09:00:00,13508.0
2014-05-28 10:00:00,14927.0
2014-05-28 11:00:00,14812.0
2014-05-28 12:00:00,14167.0
2014-05-28 13:00:00,13850.0
2014-05-28 14:00:00,13356.0
2014-05-28 15:00:00,13660.0
2014-05-28 16:00:00,14622.0
2014-05-28 17:00:00,14294.0
2014-05-28 18:00:00,14141.0
2014-05-28 19:00:00,14710.0
2014-05-28 20:00:00,13685.0
2014-05-28 21:00:00,12432.0
2014-05-28 22:00:00,11142.0
2014-05-28 23:00:00,6319.0
2014-05-29 00:00:00,5711.0
2014-05-29 01:00:00,5167.0
2014-05-29 02:00:00,4876.0
2014-05-29 03:00:00,5054.0
2014-05-29 04:00:00,5293.0
2014-05-29 05:00:00,5585.0
2014-05-29 06:00:00,6736.0
2014-05-29 07:00:00,10623.0
2014-05-29 08:00:00,11255.0
2014-05-29 09:00:00,14002.0
2014-05-29 10:00:00,15331.0
2014-05-29 11:00:00,15293.0
2014-05-29 12:00:00,13951.0
2014-05-29 13:00:00,13369.0
2014-05-29 14:00:00,13242.0
2014-05-29 15:00:00,13584.0
2014-05-29 16:00:00,14597.0
2014-05-29 17:00:00,14243.0
2014-05-29 18:00:00,14635.0
2014-05-29 19:00:00,14383.0
2014-05-29 20:00:00,13584.0
2014-05-29 21:00:00,12281.0
2014-05-29 22:00:00,11294.0
2014-05-29 23:00:00,6509.0
2014-05-30 00:00:00,4990.0
2014-05-30 01:00:00,4888.0
2014-05-30 02:00:00,4849.0
2014-05-30 03:00:00,4952.0
2014-05-30 04:00:00,5306.0
2014-05-30 05:00:00,5458.0
2014-05-30 06:00:00,7470.0
2014-05-30 07:00:00,10445.0
2014-05-30 08:00:00,10788.0
2014-05-30 09:00:00,13546.0
2014-05-30 10:00:00,14875.0
2014-05-30 11:00:00,14925.0
2014-05-30 12:00:00,14433.0
2014-05-30 13:00:00,14382.0
2014-05-30 14:00:00,14698.0
2014-05-30 15:00:00,14850.0
2014-05-30 16:00:00,14888.0
2014-05-30 17:00:00,15419.0
2014-05-30 18:00:00,14470.0
2014-05-30 19:00:00,15281.0
2014-05-30 20:00:00,14761.0
2014-05-30 21:00:00,12900.0
2014-05-30 22:00:00,10521.0
2014-05-30 23:00:00,5913.0
2014-05-31 00:00:00,4939.0
2014-05-31 01:00:00,4849.0
2014-05-31 02:00:00,4648.0
2014-05-31 03:00:00,4901.0
2014-05-31 04:00:00,5255.0
2014-05-31 05:00:00,5369.0
2014-05-31 06:00:00,7445.0
2014-05-31 07:00:00,10433.0
2014-05-31 08:00:00,11079.0
2014-05-31 09:00:00,14394.0
2014-05-31 10:00:00,15597.0
2014-05-31 11:00:00,15483.0
2014-05-31 12:00:00,15103.0
2014-05-31 13:00:00,15813.0
2014-05-31 14:00:00,14660.0
2014-05-31 15:00:00,14913.0
2014-05-31 16:00:00,15230.0
2014-05-31 17:00:00,15458.0
2014-05-31 18:00:00,14572.0
2014-05-31 19:00:00,15078.0
2014-05-31 20:00:00,14091.0
2014-05-31 21:00:00,13077.0
2014-05-31 22:00:00,11736.0
2014-05-31 23:00:00,6193.0
2014-06-01 00:00:00,5407.0
2014-06-01 01:00:00,5179.0
2014-06-01 02:00:00,4874.0
2014-06-01 03:00:00,4990.0
2014-06-01 04:00:00,5242.0
2014-06-01 05:00:00,5432.0
2014-06-01 06:00:00,7293.0
2014-06-01 07:00:00,9749.0
2014-06-01 08:00:00,11534.0
2014-06-01 09:00:00,13444.0
2014-06-01 10:00:00,15634.0
2014-06-01 11:00:00,14622.0
2014-06-01 12:00:00,14179.0
2014-06-01 13:00:00,14432.0
2014-06-01 14:00:00,14382.0
2014-06-01 15:00:00,14711.0
2014-06-01 16:00:00,15154.0
2014-06-01 17:00:00,14837.0
2014-06-01 18:00:00,15280.0
2014-06-01 19:00:00,15230.0
2014-06-01 20:00:00,14622.0
2014-06-01 21:00:00,13457.0
2014-06-01 22:00:00,11863.0
2014-06-01 23:00:00,6002.0
2014-06-02 00:00:00,5091.0
2014-06-02 01:00:00,5103.0
2014-06-02 02:00:00,4836.0
2014-06-02 03:00:00,4862.0
2014-06-02 04:00:00,5344.0
2014-06-02 05:00:00,5231.0
2014-06-02 06:00:00,6496.0
2014-06-02 07:00:00,10786.0
2014-06-02 08:00:00,10837.0
2014-06-02 09:00:00,14597.0
2014-06-02 10:00:00,15205.0
2014-06-02 11:00:00,15622.0
2014-06-02 12:00:00,14077.0
2014-06-02 13:00:00,15015.0
2014-06-02 14:00:00,14761.0
2014-06-02 15:00:00,14470.0
2014-06-02 16:00:00,15192.0
2014-06-02 17:00:00,15065.0
2014-06-02 18:00:00,14851.0
2014-06-02 19:00:00,15761.0
2014-06-02 20:00:00,14647.0
2014-06-02 21:00:00,13457.0
2014-06-02 22:00:00,12545.0
2014-06-02 23:00:00,9230.0
2014-06-03 00:00:00,5775.0
2014-06-03 01:00:00,5104.0
2014-06-03 02:00:00,4711.0
2014-06-03 03:00:00,4850.0
2014-06-03 04:00:00,5320.0
2014-06-03 05:00:00,5560.0
2014-06-03 06:00:00,7559.0
2014-06-03 07:00:00,10597.0
2014-06-03 08:00:00,10269.0
2014-06-03 09:00:00,13381.0
2014-06-03 10:00:00,15407.0
2014-06-03 11:00:00,15243.0
2014-06-03 12:00:00,14597.0
2014-06-03 13:00:00,14622.0
2014-06-03 14:00:00,14914.0
2014-06-03 15:00:00,14824.0
2014-06-03 16:00:00,14900.0
2014-06-03 17:00:00,14837.0
2014-06-03 18:00:00,14799.0
2014-06-03 19:00:00,15521.0
2014-06-03 20:00:00,14634.0
2014-06-03 21:00:00,13204.0
2014-06-03 22:00:00,11977.0
2014-06-03 23:00:00,9040.0
2014-06-04 00:00:00,5053.0
2014-06-04 01:00:00,4850.0
2014-06-04 02:00:00,4597.0
2014-06-04 03:00:00,4635.0
2014-06-04 04:00:00,5204.0
2014-06-04 05:00:00,5572.0
2014-06-04 06:00:00,7684.0
2014-06-04 07:00:00,10610.0
2014-06-04 08:00:00,10977.0
2014-06-04 09:00:00,13445.0
2014-06-04 10:00:00,15406.0
2014-06-04 11:00:00,15053.0
2014-06-04 12:00:00,14863.0
2014-06-04 13:00:00,15154.0
2014-06-04 14:00:00,14837.0
2014-06-04 15:00:00,14344.0
2014-06-04 16:00:00,14749.0
2014-06-04 17:00:00,14660.0
2014-06-04 18:00:00,14762.0
2014-06-04 19:00:00,15280.0
2014-06-04 20:00:00,14116.0
2014-06-04 21:00:00,13217.0
2014-06-04 22:00:00,12294.0
2014-06-04 23:00:00,8762.0
2014-06-05 00:00:00,5597.0
2014-06-05 01:00:00,5458.0
2014-06-05 02:00:00,5357.0
2014-06-05 03:00:00,5344.0
2014-06-05 04:00:00,5749.0
2014-06-05 05:00:00,5572.0
2014-06-05 06:00:00,7636.0
2014-06-05 07:00:00,10141.0
2014-06-05 08:00:00,10799.0
2014-06-05 09:00:00,13357.0
2014-06-05 10:00:00,15685.0
2014-06-05 11:00:00,14735.0
2014-06-05 12:00:00,14547.0
2014-06-05 13:00:00,14712.0
2014-06-05 14:00:00,13964.0
2014-06-05 15:00:00,14445.0
2014-06-05 16:00:00,14812.0
2014-06-05 17:00:00,15078.0
2014-06-05 18:00:00,14646.0
2014-06-05 19:00:00,15001.0
2014-06-05 20:00:00,14635.0
2014-06-05 21:00:00,13825.0
2014-06-05 22:00:00,12863.0
2014-06-05 23:00:00,9508.0
2014-06-06 00:00:00,5813.0
2014-06-06 01:00:00,5712.0
2014-06-06 02:00:00,5458.0
2014-06-06 03:00:00,5306.0
2014-06-06 04:00:00,5407.0
2014-06-06 05:00:00,5774.0
2014-06-06 06:00:00,7686.0
2014-06-06 07:00:00,10267.0
2014-06-06 08:00:00,11673.0
2014-06-06 09:00:00,14280.0
2014-06-06 10:00:00,15876.0
2014-06-06 11:00:00,15659.0
2014-06-06 12:00:00,15293.0
2014-06-06 13:00:00,14647.0
2014-06-06 14:00:00,14244.0
2014-06-06 15:00:00,14672.0
2014-06-06 16:00:00,15015.0
2014-06-06 17:00:00,15014.0
2014-06-06 18:00:00,14736.0
2014-06-06 19:00:00,15318.0
2014-06-06 20:00:00,14432.0
2014-06-06 21:00:00,13521.0
2014-06-06 22:00:00,12647.0
2014-06-06 23:00:00,11205.0
2014-06-07 00:00:00,6078.0
2014-06-07 01:00:00,5281.0
2014-06-07 02:00:00,4875.0
2014-06-07 03:00:00,5040.0
2014-06-07 04:00:00,5407.0
2014-06-07 05:00:00,5660.0
2014-06-07 06:00:00,7685.0
2014-06-07 07:00:00,9762.0
2014-06-07 08:00:00,11672.0
2014-06-07 09:00:00,15306.0
2014-06-07 10:00:00,15825.0
2014-06-07 11:00:00,15799.0
2014-06-07 12:00:00,15432.0
2014-06-07 13:00:00,14925.0
2014-06-07 14:00:00,14711.0
2014-06-07 15:00:00,15027.0
2014-06-07 16:00:00,15673.0
2014-06-07 17:00:00,15585.0
2014-06-07 18:00:00,14989.0
2014-06-07 19:00:00,14343.0
2014-06-07 20:00:00,14039.0
2014-06-07 21:00:00,12939.0
2014-06-07 22:00:00,12217.0
2014-06-07 23:00:00,9901.0
2014-06-08 00:00:00,4989.0
2014-06-08 01:00:00,4901.0
2014-06-08 02:00:00,4685.0
2014-06-08 03:00:00,4673.0
2014-06-08 04:00:00,5192.0
2014-06-08 05:00:00,5293.0
2014-06-08 06:00:00,7292.0
2014-06-08 07:00:00,9534.0
2014-06-08 08:00:00,11520.0
2014-06-08 09:00:00,14597.0
2014-06-08 10:00:00,14622.0
2014-06-08 11:00:00,15483.0
2014-06-08 12:00:00,14560.0
2014-06-08 13:00:00,13888.0
2014-06-08 14:00:00,14458.0
2014-06-08 15:00:00,14040.0
2014-06-08 16:00:00,15572.0
2014-06-08 17:00:00,15673.0
2014-06-08 18:00:00,14344.0
2014-06-08 19:00:00,14748.0
2014-06-08 20:00:00,13699.0
2014-06-08 21:00:00,12749.0
2014-06-08 22:00:00,11736.0
2014-06-08 23:00:00,5838.0
2014-06-09 00:00:00,4875.0
2014-06-09 01:00:00,4812.0
2014-06-09 02:00:00,4710.0
2014-06-09 03:00:00,4888.0
2014-06-09 04:00:00,5357.0
2014-06-09 05:00:00,5623.0
2014-06-09 06:00:00,7660.0
2014-06-09 07:00:00,11408.0
2014-06-09 08:00:00,11091.0
2014-06-09 09:00:00,14115.0
2014-06-09 10:00:00,15154.0
2014-06-09 11:00:00,15989.0
2014-06-09 12:00:00,14977.0
2014-06-09 13:00:00,15014.0
2014-06-09 14:00:00,14926.0
2014-06-09 15:00:00,15090.0
2014-06-09 16:00:00,14774.0
2014-06-09 17:00:00,14660.0
2014-06-09 18:00:00,14433.0
2014-06-09 19:00:00,14799.0
2014-06-09 20:00:00,14078.0
2014-06-09 21:00:00,13078.0
2014-06-09 22:00:00,12370.0
2014-06-09 23:00:00,10395.0
2014-06-10 00:00:00,5306.0
2014-06-10 01:00:00,4952.0
2014-06-10 02:00:00,4685.0
2014-06-10 03:00:00,4787.0
2014-06-10 04:00:00,5293.0
2014-06-10 05:00:00,5521.0
2014-06-10 06:00:00,7711.0
2014-06-10 07:00:00,10737.0
2014-06-10 08:00:00,11294.0
2014-06-10 09:00:00,14028.0
2014-06-10 10:00:00,15799.0
2014-06-10 11:00:00,16268.0
2014-06-10 12:00:00,14217.0
2014-06-10 13:00:00,14547.0
2014-06-10 14:00:00,14230.0
2014-06-10 15:00:00,14901.0
2014-06-10 16:00:00,15128.0
2014-06-10 17:00:00,15913.0
2014-06-10 18:00:00,14723.0
2014-06-10 19:00:00,15002.0
2014-06-10 20:00:00,14230.0
2014-06-10 21:00:00,13787.0
2014-06-10 22:00:00,11268.0
2014-06-10 23:00:00,5774.0
2014-06-11 00:00:00,4939.0
2014-06-11 01:00:00,5014.0
2014-06-11 02:00:00,4609.0
2014-06-11 03:00:00,4774.0
2014-06-11 04:00:00,5179.0
2014-06-11 05:00:00,5548.0
2014-06-11 06:00:00,7597.0
2014-06-11 07:00:00,10851.0
2014-06-11 08:00:00,10952.0
2014-06-11 09:00:00,14078.0
2014-06-11 10:00:00,15875.0
2014-06-11 11:00:00,16255.0
2014-06-11 12:00:00,16419.0
2014-06-11 13:00:00,19520.0
2014-06-11 14:00:00,19686.0
2014-06-11 15:00:00,20267.0
2014-06-11 16:00:00,20331.0
2014-06-11 17:00:00,20939.0
2014-06-11 18:00:00,19698.0
2014-06-11 19:00:00,19154.0
2014-06-11 20:00:00,18761.0
2014-06-11 21:00:00,15813.0
2014-06-11 22:00:00,13230.0
2014-06-11 23:00:00,9647.0
2014-06-12 00:00:00,5799.0
2014-06-12 01:00:00,5648.0
2014-06-12 02:00:00,5242.0
2014-06-12 03:00:00,5281.0
2014-06-12 04:00:00,5711.0
2014-06-12 05:00:00,6052.0
2014-06-12 06:00:00,8002.0
2014-06-12 07:00:00,11281.0
2014-06-12 08:00:00,12053.0
2014-06-12 09:00:00,14913.0
2014-06-12 10:00:00,16458.0
2014-06-12 11:00:00,17141.0
2014-06-12 12:00:00,16331.0
2014-06-12 13:00:00,16028.0
2014-06-12 14:00:00,20002.0
2014-06-12 15:00:00,21585.0
2014-06-12 16:00:00,22533.0
2014-06-12 17:00:00,21990.0
2014-06-12 18:00:00,21052.0
2014-06-12 19:00:00,20964.0
2014-06-12 20:00:00,19533.0
2014-06-12 21:00:00,15914.0
2014-06-12 22:00:00,13572.0
2014-06-12 23:00:00,10559.0
2014-06-13 00:00:00,6066.0
2014-06-13 01:00:00,5622.0
2014-06-13 02:00:00,5559.0
2014-06-13 03:00:00,5496.0
2014-06-13 04:00:00,5863.0
2014-06-13 05:00:00,6191.0
2014-06-13 06:00:00,8255.0
2014-06-13 07:00:00,11268.0
2014-06-13 08:00:00,12584.0
2014-06-13 09:00:00,14901.0
2014-06-13 10:00:00,17446.0
2014-06-13 11:00:00,16775.0
2014-06-13 12:00:00,19913.0
2014-06-13 13:00:00,23053.0
2014-06-13 14:00:00,22913.0
2014-06-13 15:00:00,21673.0
2014-06-13 16:00:00,23052.0
2014-06-13 17:00:00,23078.0
2014-06-13 18:00:00,22901.0
2014-06-13 19:00:00,22635.0
2014-06-13 20:00:00,21407.0
2014-06-13 21:00:00,17533.0
2014-06-13 22:00:00,14748.0
2014-06-13 23:00:00,10407.0
2014-06-14 00:00:00,6381.0
2014-06-14 01:00:00,6407.0
2014-06-14 02:00:00,6015.0
2014-06-14 03:00:00,6129.0
2014-06-14 04:00:00,6484.0
2014-06-14 05:00:00,6838.0
2014-06-14 06:00:00,8762.0
2014-06-14 07:00:00,11964.0
2014-06-14 08:00:00,13471.0
2014-06-14 09:00:00,16306.0
2014-06-14 10:00:00,18661.0
2014-06-14 11:00:00,23256.0
2014-06-14 12:00:00,24344.0
2014-06-14 13:00:00,23864.0
2014-06-14 14:00:00,23496.0
2014-06-14 15:00:00,23622.0
2014-06-14 16:00:00,23635.0
2014-06-14 17:00:00,24596.0
2014-06-14 18:00:00,22584.0
2014-06-14 19:00:00,23166.0
2014-06-14 20:00:00,22319.0
2014-06-14 21:00:00,17773.0
2014-06-14 22:00:00,16205.0
2014-06-14 23:00:00,12888.0
2014-06-15 00:00:00,7647.0
2014-06-15 01:00:00,6939.0
2014-06-15 02:00:00,6420.0
2014-06-15 03:00:00,6420.0
2014-06-15 04:00:00,6850.0
2014-06-15 05:00:00,7217.0
2014-06-15 06:00:00,9294.0
2014-06-15 07:00:00,12534.0
2014-06-15 08:00:00,13128.0
2014-06-15 09:00:00,20356.0
2014-06-15 10:00:00,21267.0
2014-06-15 11:00:00,21989.0
2014-06-15 12:00:00,21610.0
2014-06-15 13:00:00,21876.0
2014-06-15 14:00:00,21635.0
2014-06-15 15:00:00,21938.0
2014-06-15 16:00:00,21395.0
2014-06-15 17:00:00,21294.0
2014-06-15 18:00:00,20470.0
2014-06-15 19:00:00,21128.0
2014-06-15 20:00:00,20406.0
2014-06-15 21:00:00,14976.0
2014-06-15 22:00:00,12926.0
2014-06-15 23:00:00,7546.0
2014-06-16 00:00:00,5901.0
2014-06-16 01:00:00,6166.0
2014-06-16 02:00:00,5673.0
2014-06-16 03:00:00,5572.0
2014-06-16 04:00:00,6117.0
2014-06-16 05:00:00,6394.0
2014-06-16 06:00:00,8420.0
2014-06-16 07:00:00,12014.0
2014-06-16 08:00:00,12445.0
2014-06-16 09:00:00,15319.0
2014-06-16 10:00:00,16204.0
2014-06-16 11:00:00,16317.0
2014-06-16 12:00:00,16913.0
2014-06-16 13:00:00,19558.0
2014-06-16 14:00:00,21369.0
2014-06-16 15:00:00,21179.0
2014-06-16 16:00:00,22104.0
2014-06-16 17:00:00,21496.0
2014-06-16 18:00:00,20748.0
2014-06-16 19:00:00,21407.0
2014-06-16 20:00:00,20660.0
2014-06-16 21:00:00,16394.0
2014-06-16 22:00:00,14281.0
2014-06-16 23:00:00,12623.0
2014-06-17 00:00:00,11851.0
2014-06-17 01:00:00,10787.0
2014-06-17 02:00:00,9748.0
2014-06-17 03:00:00,7115.0
2014-06-17 04:00:00,6368.0
2014-06-17 05:00:00,6686.0
2014-06-17 06:00:00,8572.0
2014-06-17 07:00:00,11192.0
2014-06-17 08:00:00,12685.0
2014-06-17 09:00:00,15217.0
2014-06-17 10:00:00,16243.0
2014-06-17 11:00:00,15939.0
2014-06-17 12:00:00,16305.0
2014-06-17 13:00:00,21420.0
2014-06-17 14:00:00,20395.0
2014-06-17 15:00:00,20154.0
2014-06-17 16:00:00,21002.0
2014-06-17 17:00:00,21407.0
2014-06-17 18:00:00,20799.0
2014-06-17 19:00:00,21217.0
2014-06-17 20:00:00,20268.0
2014-06-17 21:00:00,16914.0
2014-06-17 22:00:00,14660.0
2014-06-17 23:00:00,10837.0
2014-06-18 00:00:00,6496.0
2014-06-18 01:00:00,5950.0
2014-06-18 02:00:00,5547.0
2014-06-18 03:00:00,5547.0
2014-06-18 04:00:00,6052.0
2014-06-18 05:00:00,6381.0
2014-06-18 06:00:00,8432.0
2014-06-18 07:00:00,11647.0
2014-06-18 08:00:00,12546.0
2014-06-18 09:00:00,14737.0
2014-06-18 10:00:00,15636.0
2014-06-18 11:00:00,15369.0
2014-06-18 12:00:00,15027.0
2014-06-18 13:00:00,15345.0
2014-06-18 14:00:00,14433.0
2014-06-18 15:00:00,14471.0
2014-06-18 16:00:00,15698.0
2014-06-18 17:00:00,16103.0
2014-06-18 18:00:00,15939.0
2014-06-18 19:00:00,15129.0
2014-06-18 20:00:00,14495.0
2014-06-18 21:00:00,14015.0
2014-06-18 22:00:00,13129.0
2014-06-18 23:00:00,9292.0
2014-06-19 00:00:00,5482.0
2014-06-19 01:00:00,5218.0
2014-06-19 02:00:00,5026.0
2014-06-19 03:00:00,5153.0
2014-06-19 04:00:00,5648.0
2014-06-19 05:00:00,5787.0
2014-06-19 06:00:00,7749.0
2014-06-19 07:00:00,10559.0
2014-06-19 08:00:00,11977.0
2014-06-19 09:00:00,13964.0
2014-06-19 10:00:00,16471.0
2014-06-19 11:00:00,15875.0
2014-06-19 12:00:00,15192.0
2014-06-19 13:00:00,15394.0
2014-06-19 14:00:00,14876.0
2014-06-19 15:00:00,14863.0
2014-06-19 16:00:00,15369.0
2014-06-19 17:00:00,15762.0
2014-06-19 18:00:00,14799.0
2014-06-19 19:00:00,15141.0
2014-06-19 20:00:00,13952.0
2014-06-19 21:00:00,13293.0
2014-06-19 22:00:00,12711.0
2014-06-19 23:00:00,9230.0
2014-06-20 00:00:00,5585.0
2014-06-20 01:00:00,5282.0
2014-06-20 02:00:00,5167.0
2014-06-20 03:00:00,5230.0
2014-06-20 04:00:00,5635.0
2014-06-20 05:00:00,5826.0
2014-06-20 06:00:00,7647.0
2014-06-20 07:00:00,10547.0
2014-06-20 08:00:00,11533.0
2014-06-20 09:00:00,14306.0
2014-06-20 10:00:00,14888.0
2014-06-20 11:00:00,16445.0
2014-06-20 12:00:00,15711.0
2014-06-20 13:00:00,15243.0
2014-06-20 14:00:00,15027.0
2014-06-20 15:00:00,15179.0
2014-06-20 16:00:00,15736.0
2014-06-20 17:00:00,15218.0
2014-06-20 18:00:00,15191.0
2014-06-20 19:00:00,15838.0
2014-06-20 20:00:00,14937.0
2014-06-20 21:00:00,13863.0
2014-06-20 22:00:00,13496.0
2014-06-20 23:00:00,9951.0
2014-06-21 00:00:00,5660.0
2014-06-21 01:00:00,5547.0
2014-06-21 02:00:00,5305.0
2014-06-21 03:00:00,5242.0
2014-06-21 04:00:00,5786.0
2014-06-21 05:00:00,6103.0
2014-06-21 06:00:00,7900.0
2014-06-21 07:00:00,11129.0
2014-06-21 08:00:00,11242.0
2014-06-21 09:00:00,14343.0
2014-06-21 10:00:00,16648.0
2014-06-21 11:00:00,16140.0
2014-06-21 12:00:00,14977.0
2014-06-21 13:00:00,14824.0
2014-06-21 14:00:00,15193.0
2014-06-21 15:00:00,14748.0
2014-06-21 16:00:00,15040.0
2014-06-21 17:00:00,15092.0
2014-06-21 18:00:00,14509.0
2014-06-21 19:00:00,14787.0
2014-06-21 20:00:00,13876.0
2014-06-21 21:00:00,13305.0
2014-06-21 22:00:00,12837.0
2014-06-21 23:00:00,10293.0
2014-06-22 00:00:00,5635.0
2014-06-22 01:00:00,5483.0
2014-06-22 02:00:00,5078.0
2014-06-22 03:00:00,5280.0
2014-06-22 04:00:00,5737.0
2014-06-22 05:00:00,6052.0
2014-06-22 06:00:00,7281.0
2014-06-22 07:00:00,11356.0
2014-06-22 08:00:00,11750.0
2014-06-22 09:00:00,15091.0
2014-06-22 10:00:00,15230.0
2014-06-22 11:00:00,15648.0
2014-06-22 12:00:00,15433.0
2014-06-22 13:00:00,14964.0
2014-06-22 14:00:00,13787.0
2014-06-22 15:00:00,14216.0
2014-06-22 16:00:00,15229.0
2014-06-22 17:00:00,14381.0
2014-06-22 18:00:00,14749.0
2014-06-22 19:00:00,15066.0
2014-06-22 20:00:00,13647.0
2014-06-22 21:00:00,12787.0
2014-06-22 22:00:00,10926.0
2014-06-22 23:00:00,5863.0
2014-06-23 00:00:00,5268.0
2014-06-23 01:00:00,5293.0
2014-06-23 02:00:00,5015.0
2014-06-23 03:00:00,5141.0
2014-06-23 04:00:00,5636.0
2014-06-23 05:00:00,5825.0
2014-06-23 06:00:00,7888.0
2014-06-23 07:00:00,10331.0
2014-06-23 08:00:00,11495.0
2014-06-23 09:00:00,14672.0
2014-06-23 10:00:00,15242.0
2014-06-23 11:00:00,14964.0
2014-06-23 12:00:00,14989.0
2014-06-23 13:00:00,14990.0
2014-06-23 14:00:00,13787.0
2014-06-23 15:00:00,14039.0
2014-06-23 16:00:00,14027.0
2014-06-23 17:00:00,14648.0
2014-06-23 18:00:00,14178.0
2014-06-23 19:00:00,14711.0
2014-06-23 20:00:00,13774.0
2014-06-23 21:00:00,13026.0
2014-06-23 22:00:00,12420.0
2014-06-23 23:00:00,9495.0
2014-06-24 00:00:00,6723.0
2014-06-24 01:00:00,6482.0
2014-06-24 02:00:00,6255.0
2014-06-24 03:00:00,6319.0
2014-06-24 04:00:00,6862.0
2014-06-24 05:00:00,6458.0
2014-06-24 06:00:00,8128.0
2014-06-24 07:00:00,10470.0
2014-06-24 08:00:00,12065.0
2014-06-24 09:00:00,13243.0
2014-06-24 10:00:00,15217.0
2014-06-24 11:00:00,15141.0
2014-06-24 12:00:00,15165.0
2014-06-24 13:00:00,15280.0
2014-06-24 14:00:00,14901.0
2014-06-24 15:00:00,14242.0
2014-06-24 16:00:00,14850.0
2014-06-24 17:00:00,15204.0
2014-06-24 18:00:00,14673.0
2014-06-24 19:00:00,14964.0
2014-06-24 20:00:00,14420.0
2014-06-24 21:00:00,13698.0
2014-06-24 22:00:00,12964.0
2014-06-24 23:00:00,9230.0
2014-06-25 00:00:00,6394.0
2014-06-25 01:00:00,6318.0
2014-06-25 02:00:00,6129.0
2014-06-25 03:00:00,6078.0
2014-06-25 04:00:00,6547.0
2014-06-25 05:00:00,6394.0
2014-06-25 06:00:00,8192.0
2014-06-25 07:00:00,11015.0
2014-06-25 08:00:00,11926.0
2014-06-25 09:00:00,13824.0
2014-06-25 10:00:00,15331.0
2014-06-25 11:00:00,14977.0
2014-06-25 12:00:00,14027.0
2014-06-25 13:00:00,14508.0
2014-06-25 14:00:00,15230.0
2014-06-25 15:00:00,14964.0
2014-06-25 16:00:00,15102.0
2014-06-25 17:00:00,15774.0
2014-06-25 18:00:00,15053.0
2014-06-25 19:00:00,15129.0
2014-06-25 20:00:00,14534.0
2014-06-25 21:00:00,13483.0
2014-06-25 22:00:00,13242.0
2014-06-25 23:00:00,9711.0
2014-06-26 00:00:00,6445.0
2014-06-26 01:00:00,6369.0
2014-06-26 02:00:00,6066.0
2014-06-26 03:00:00,5976.0
2014-06-26 04:00:00,6457.0
2014-06-26 05:00:00,6318.0
2014-06-26 06:00:00,8179.0
2014-06-26 07:00:00,10762.0
2014-06-26 08:00:00,12091.0
2014-06-26 09:00:00,13634.0
2014-06-26 10:00:00,15065.0
2014-06-26 11:00:00,14762.0
2014-06-26 12:00:00,14585.0
2014-06-26 13:00:00,14445.0
2014-06-26 14:00:00,14887.0
2014-06-26 15:00:00,15268.0
2014-06-26 16:00:00,15293.0
2014-06-26 17:00:00,14926.0
2014-06-26 18:00:00,14850.0
2014-06-26 19:00:00,15243.0
2014-06-26 20:00:00,14559.0
2014-06-26 21:00:00,13610.0
2014-06-26 22:00:00,13179.0
2014-06-26 23:00:00,9787.0
2014-06-27 00:00:00,5559.0
2014-06-27 01:00:00,5483.0
2014-06-27 02:00:00,5090.0
2014-06-27 03:00:00,5294.0
2014-06-27 04:00:00,5748.0
2014-06-27 05:00:00,5748.0
2014-06-27 06:00:00,7774.0
2014-06-27 07:00:00,9901.0
2014-06-27 08:00:00,11775.0
2014-06-27 09:00:00,14609.0
2014-06-27 10:00:00,15358.0
2014-06-27 11:00:00,15673.0
2014-06-27 12:00:00,15724.0
2014-06-27 13:00:00,15166.0
2014-06-27 14:00:00,14344.0
2014-06-27 15:00:00,14762.0
2014-06-27 16:00:00,15736.0
2014-06-27 17:00:00,15521.0
2014-06-27 18:00:00,15141.0
2014-06-27 19:00:00,15787.0
2014-06-27 20:00:00,14825.0
2014-06-27 21:00:00,13952.0
2014-06-27 22:00:00,13635.0
2014-06-27 23:00:00,10964.0
2014-06-28 00:00:00,6383.0
2014-06-28 01:00:00,5724.0
2014-06-28 02:00:00,5445.0
2014-06-28 03:00:00,5256.0
2014-06-28 04:00:00,5851.0
2014-06-28 05:00:00,5850.0
2014-06-28 06:00:00,7596.0
2014-06-28 07:00:00,10079.0
2014-06-28 08:00:00,11433.0
2014-06-28 09:00:00,14875.0
2014-06-28 10:00:00,15103.0
2014-06-28 11:00:00,15673.0
2014-06-28 12:00:00,14749.0
2014-06-28 13:00:00,16230.0
2014-06-28 14:00:00,15495.0
2014-06-28 15:00:00,14975.0
2014-06-28 16:00:00,15585.0
2014-06-28 17:00:00,14609.0
2014-06-28 18:00:00,14546.0
2014-06-28 19:00:00,15305.0
2014-06-28 20:00:00,14167.0
2014-06-28 21:00:00,13002.0
2014-06-28 22:00:00,12837.0
2014-06-28 23:00:00,9951.0
2014-06-29 00:00:00,5622.0
2014-06-29 01:00:00,5407.0
2014-06-29 02:00:00,5002.0
2014-06-29 03:00:00,5014.0
2014-06-29 04:00:00,5496.0
2014-06-29 05:00:00,5850.0
2014-06-29 06:00:00,7495.0
2014-06-29 07:00:00,10015.0
2014-06-29 08:00:00,11749.0
2014-06-29 09:00:00,13888.0
2014-06-29 10:00:00,15571.0
2014-06-29 11:00:00,14849.0
2014-06-29 12:00:00,14369.0
2014-06-29 13:00:00,14560.0
2014-06-29 14:00:00,14394.0
2014-06-29 15:00:00,14735.0
2014-06-29 16:00:00,14799.0
2014-06-29 17:00:00,15205.0
2014-06-29 18:00:00,13964.0
2014-06-29 19:00:00,14292.0
2014-06-29 20:00:00,14192.0
2014-06-29 21:00:00,12786.0
2014-06-29 22:00:00,11193.0
2014-06-29 23:00:00,5990.0
2014-06-30 00:00:00,5319.0
2014-06-30 01:00:00,5166.0
2014-06-30 02:00:00,4951.0
2014-06-30 03:00:00,4863.0
2014-06-30 04:00:00,5509.0
2014-06-30 05:00:00,5661.0
2014-06-30 06:00:00,7735.0
2014-06-30 07:00:00,10002.0
2014-06-30 08:00:00,11521.0
2014-06-30 09:00:00,14040.0
2014-06-30 10:00:00,14483.0
2014-06-30 11:00:00,15331.0
2014-06-30 12:00:00,15180.0
2014-06-30 13:00:00,14483.0
2014-06-30 14:00:00,15128.0
2014-06-30 15:00:00,14268.0
2014-06-30 16:00:00,15191.0
2014-06-30 17:00:00,14445.0
2014-06-30 18:00:00,14141.0
2014-06-30 19:00:00,14850.0
2014-06-30 20:00:00,14381.0
2014-06-30 21:00:00,13926.0
2014-06-30 22:00:00,13103.0
2014-06-30 23:00:00,9862.0
2014-07-01 00:00:00,6267.0
2014-07-01 01:00:00,6292.0
2014-07-01 02:00:00,5888.0
2014-07-01 03:00:00,5876.0
2014-07-01 04:00:00,6471.0
2014-07-01 05:00:00,6115.0
2014-07-01 06:00:00,7825.0
2014-07-01 07:00:00,10533.0
2014-07-01 08:00:00,12167.0
2014-07-01 09:00:00,13812.0
2014-07-01 10:00:00,15495.0
2014-07-01 11:00:00,15634.0
2014-07-01 12:00:00,14167.0
2014-07-01 13:00:00,13825.0
2014-07-01 14:00:00,13736.0
2014-07-01 15:00:00,13699.0
2014-07-01 16:00:00,15861.0
2014-07-01 17:00:00,14686.0
2014-07-01 18:00:00,13749.0
2014-07-01 19:00:00,14015.0
2014-07-01 20:00:00,14040.0
2014-07-01 21:00:00,13192.0
2014-07-01 22:00:00,12331.0
2014-07-01 23:00:00,9913.0
2014-07-02 00:00:00,6319.0
2014-07-02 01:00:00,6116.0
2014-07-02 02:00:00,5724.0
2014-07-02 03:00:00,6167.0
2014-07-02 04:00:00,6584.0
2014-07-02 05:00:00,6179.0
2014-07-02 06:00:00,8053.0
2014-07-02 07:00:00,10103.0
2014-07-02 08:00:00,12053.0
2014-07-02 09:00:00,13799.0
2014-07-02 10:00:00,15622.0
2014-07-02 11:00:00,14610.0
2014-07-02 12:00:00,14027.0
2014-07-02 13:00:00,14685.0
2014-07-02 14:00:00,14585.0
2014-07-02 15:00:00,13596.0
2014-07-02 16:00:00,14205.0
2014-07-02 17:00:00,14496.0
2014-07-02 18:00:00,14230.0
2014-07-02 19:00:00,14230.0
2014-07-02 20:00:00,13736.0
2014-07-02 21:00:00,13002.0
2014-07-02 22:00:00,12242.0
2014-07-02 23:00:00,10002.0
2014-07-03 00:00:00,5990.0
2014-07-03 01:00:00,5090.0
2014-07-03 02:00:00,4761.0
2014-07-03 03:00:00,4838.0
2014-07-03 04:00:00,5280.0
2014-07-03 05:00:00,5699.0
2014-07-03 06:00:00,7647.0
2014-07-03 07:00:00,10800.0
2014-07-03 08:00:00,10355.0
2014-07-03 09:00:00,13457.0
2014-07-03 10:00:00,15166.0
2014-07-03 11:00:00,15230.0
2014-07-03 12:00:00,13649.0
2014-07-03 13:00:00,14103.0
2014-07-03 14:00:00,14913.0
2014-07-03 15:00:00,15103.0
2014-07-03 16:00:00,16230.0
2014-07-03 17:00:00,15129.0
2014-07-03 18:00:00,14433.0
2014-07-03 19:00:00,15041.0
2014-07-03 20:00:00,13901.0
2014-07-03 21:00:00,13571.0
2014-07-03 22:00:00,13015.0
2014-07-03 23:00:00,9597.0
2014-07-04 00:00:00,5609.0
2014-07-04 01:00:00,5508.0
2014-07-04 02:00:00,5230.0
2014-07-04 03:00:00,5205.0
2014-07-04 04:00:00,5875.0
2014-07-04 05:00:00,5864.0
2014-07-04 06:00:00,7661.0
2014-07-04 07:00:00,9825.0
2014-07-04 08:00:00,11496.0
2014-07-04 09:00:00,13116.0
2014-07-04 10:00:00,15166.0
2014-07-04 11:00:00,14900.0
2014-07-04 12:00:00,14583.0
2014-07-04 13:00:00,14243.0
2014-07-04 14:00:00,14204.0
2014-07-04 15:00:00,15356.0
2014-07-04 16:00:00,15470.0
2014-07-04 17:00:00,15977.0
2014-07-04 18:00:00,15166.0
2014-07-04 19:00:00,15180.0
2014-07-04 20:00:00,15128.0
2014-07-04 21:00:00,13382.0
2014-07-04 22:00:00,13167.0
2014-07-04 23:00:00,10269.0
2014-07-05 00:00:00,5939.0
2014-07-05 01:00:00,5774.0
2014-07-05 02:00:00,5243.0
2014-07-05 03:00:00,5369.0
2014-07-05 04:00:00,5761.0
2014-07-05 05:00:00,5825.0
2014-07-05 06:00:00,7596.0
2014-07-05 07:00:00,10862.0
2014-07-05 08:00:00,11660.0
2014-07-05 09:00:00,14862.0
2014-07-05 10:00:00,16065.0
2014-07-05 11:00:00,14621.0
2014-07-05 12:00:00,15420.0
2014-07-05 13:00:00,14736.0
2014-07-05 14:00:00,15748.0
2014-07-05 15:00:00,15534.0
2014-07-05 16:00:00,15799.0
2014-07-05 17:00:00,15786.0
2014-07-05 18:00:00,14395.0
2014-07-05 19:00:00,15875.0
2014-07-05 20:00:00,14711.0
2014-07-05 21:00:00,14141.0
2014-07-05 22:00:00,13166.0
2014-07-05 23:00:00,9470.0
2014-07-06 00:00:00,5750.0
2014-07-06 01:00:00,5546.0
2014-07-06 02:00:00,5368.0
2014-07-06 03:00:00,5305.0
2014-07-06 04:00:00,5863.0
2014-07-06 05:00:00,5876.0
2014-07-06 06:00:00,7875.0
2014-07-06 07:00:00,11267.0
2014-07-06 08:00:00,11483.0
2014-07-06 09:00:00,14141.0
2014-07-06 10:00:00,16572.0
2014-07-06 11:00:00,14977.0
2014-07-06 12:00:00,13838.0
2014-07-06 13:00:00,14825.0
2014-07-06 14:00:00,14280.0
2014-07-06 15:00:00,13661.0
2014-07-06 16:00:00,15192.0
2014-07-06 17:00:00,14520.0
2014-07-06 18:00:00,14356.0
2014-07-06 19:00:00,14952.0
2014-07-06 20:00:00,13395.0
2014-07-06 21:00:00,12674.0
2014-07-06 22:00:00,11142.0
2014-07-06 23:00:00,5964.0
2014-07-07 00:00:00,5319.0
2014-07-07 01:00:00,5370.0
2014-07-07 02:00:00,5078.0
2014-07-07 03:00:00,5027.0
2014-07-07 04:00:00,5686.0
2014-07-07 05:00:00,5762.0
2014-07-07 06:00:00,7964.0
2014-07-07 07:00:00,10420.0
2014-07-07 08:00:00,11065.0
2014-07-07 09:00:00,13787.0
2014-07-07 10:00:00,14609.0
2014-07-07 11:00:00,14661.0
2014-07-07 12:00:00,15091.0
2014-07-07 13:00:00,13875.0
2014-07-07 14:00:00,14533.0
2014-07-07 15:00:00,13711.0
2014-07-07 16:00:00,14989.0
2014-07-07 17:00:00,14724.0
2014-07-07 18:00:00,14964.0
2014-07-07 19:00:00,14623.0
2014-07-07 20:00:00,14344.0
2014-07-07 21:00:00,13559.0
2014-07-07 22:00:00,12534.0
2014-07-07 23:00:00,9229.0
2014-07-08 00:00:00,5420.0
2014-07-08 01:00:00,5292.0
2014-07-08 02:00:00,4977.0
2014-07-08 03:00:00,5040.0
2014-07-08 04:00:00,5305.0
2014-07-08 05:00:00,5788.0
2014-07-08 06:00:00,8280.0
2014-07-08 07:00:00,10218.0
2014-07-08 08:00:00,11027.0
2014-07-08 09:00:00,14382.0
2014-07-08 10:00:00,15192.0
2014-07-08 11:00:00,15268.0
2014-07-08 12:00:00,14862.0
2014-07-08 13:00:00,14204.0
2014-07-08 14:00:00,15040.0
2014-07-08 15:00:00,14977.0
2014-07-08 16:00:00,15951.0
2014-07-08 17:00:00,15647.0
2014-07-08 18:00:00,14849.0
2014-07-08 19:00:00,15281.0
2014-07-08 20:00:00,14609.0
2014-07-08 21:00:00,14306.0
2014-07-08 22:00:00,13065.0
2014-07-08 23:00:00,9914.0
2014-07-09 00:00:00,5509.0
2014-07-09 01:00:00,5331.0
2014-07-09 02:00:00,4850.0
2014-07-09 03:00:00,4926.0
2014-07-09 04:00:00,5268.0
2014-07-09 05:00:00,5584.0
2014-07-09 06:00:00,7976.0
2014-07-09 07:00:00,10077.0
2014-07-09 08:00:00,11597.0
2014-07-09 09:00:00,14824.0
2014-07-09 10:00:00,15268.0
2014-07-09 11:00:00,16040.0
2014-07-09 12:00:00,17293.0
2014-07-09 13:00:00,20710.0
2014-07-09 14:00:00,20774.0
2014-07-09 15:00:00,20571.0
2014-07-09 16:00:00,21432.0
2014-07-09 17:00:00,21610.0
2014-07-09 18:00:00,21256.0
2014-07-09 19:00:00,21192.0
2014-07-09 20:00:00,20052.0
2014-07-09 21:00:00,16382.0
2014-07-09 22:00:00,13723.0
2014-07-09 23:00:00,10318.0
2014-07-10 00:00:00,6180.0
2014-07-10 01:00:00,6053.0
2014-07-10 02:00:00,5850.0
2014-07-10 03:00:00,5812.0
2014-07-10 04:00:00,6205.0
2014-07-10 05:00:00,6457.0
2014-07-10 06:00:00,8623.0
2014-07-10 07:00:00,11015.0
2014-07-10 08:00:00,11951.0
2014-07-10 09:00:00,15470.0
2014-07-10 10:00:00,15951.0
2014-07-10 11:00:00,15661.0
2014-07-10 12:00:00,18433.0
2014-07-10 13:00:00,21065.0
2014-07-10 14:00:00,21698.0
2014-07-10 15:00:00,21723.0
2014-07-10 16:00:00,21825.0
2014-07-10 17:00:00,21130.0
2014-07-10 18:00:00,21293.0
2014-07-10 19:00:00,21027.0
2014-07-10 20:00:00,19774.0
2014-07-10 21:00:00,16103.0
2014-07-10 22:00:00,14218.0
2014-07-10 23:00:00,9912.0
2014-07-11 00:00:00,6053.0
2014-07-11 01:00:00,6052.0
2014-07-11 02:00:00,5586.0
2014-07-11 03:00:00,5825.0
2014-07-11 04:00:00,6129.0
2014-07-11 05:00:00,6356.0
2014-07-11 06:00:00,8762.0
2014-07-11 07:00:00,11686.0
2014-07-11 08:00:00,12153.0
2014-07-11 09:00:00,14836.0
2014-07-11 10:00:00,15875.0
2014-07-11 11:00:00,16572.0
2014-07-11 12:00:00,18990.0
2014-07-11 13:00:00,20635.0
2014-07-11 14:00:00,20864.0
2014-07-11 15:00:00,21432.0
2014-07-11 16:00:00,21964.0
2014-07-11 17:00:00,21723.0
2014-07-11 18:00:00,21420.0
2014-07-11 19:00:00,22054.0
2014-07-11 20:00:00,19370.0
2014-07-11 21:00:00,16572.0
2014-07-11 22:00:00,14559.0
2014-07-11 23:00:00,10685.0
2014-07-12 00:00:00,6117.0
2014-07-12 01:00:00,5749.0
2014-07-12 02:00:00,5509.0
2014-07-12 03:00:00,5457.0
2014-07-12 04:00:00,5811.0
2014-07-12 05:00:00,6166.0
2014-07-12 06:00:00,8483.0
2014-07-12 07:00:00,10610.0
2014-07-12 08:00:00,12445.0
2014-07-12 09:00:00,18306.0
2014-07-12 10:00:00,19850.0
2014-07-12 11:00:00,21420.0
2014-07-12 12:00:00,20964.0
2014-07-12 13:00:00,21027.0
2014-07-12 14:00:00,20052.0
2014-07-12 15:00:00,20913.0
2014-07-12 16:00:00,21419.0
2014-07-12 17:00:00,21711.0
2014-07-12 18:00:00,21002.0
2014-07-12 19:00:00,21255.0
2014-07-12 20:00:00,19699.0
2014-07-12 21:00:00,16698.0
2014-07-12 22:00:00,14712.0
2014-07-12 23:00:00,11306.0
2014-07-13 00:00:00,6850.0
2014-07-13 01:00:00,5850.0
2014-07-13 02:00:00,5547.0
2014-07-13 03:00:00,5446.0
2014-07-13 04:00:00,5863.0
2014-07-13 05:00:00,5938.0
2014-07-13 06:00:00,7989.0
2014-07-13 07:00:00,10344.0
2014-07-13 08:00:00,12306.0
2014-07-13 09:00:00,14217.0
2014-07-13 10:00:00,20167.0
2014-07-13 11:00:00,19610.0
2014-07-13 12:00:00,20635.0
2014-07-13 13:00:00,19710.0
2014-07-13 14:00:00,20053.0
2014-07-13 15:00:00,20280.0
2014-07-13 16:00:00,21370.0
2014-07-13 17:00:00,21052.0
2014-07-13 18:00:00,20508.0
2014-07-13 19:00:00,19977.0
2014-07-13 20:00:00,19458.0
2014-07-13 21:00:00,14964.0
2014-07-13 22:00:00,12571.0
2014-07-13 23:00:00,7243.0
2014-07-14 00:00:00,5850.0
2014-07-14 01:00:00,5786.0
2014-07-14 02:00:00,5319.0
2014-07-14 03:00:00,5432.0
2014-07-14 04:00:00,6027.0
2014-07-14 05:00:00,5976.0
2014-07-14 06:00:00,8103.0
2014-07-14 07:00:00,11319.0
2014-07-14 08:00:00,11305.0
2014-07-14 09:00:00,13977.0
2014-07-14 10:00:00,15053.0
2014-07-14 11:00:00,15345.0
2014-07-14 12:00:00,16597.0
2014-07-14 13:00:00,19761.0
2014-07-14 14:00:00,19180.0
2014-07-14 15:00:00,19395.0
2014-07-14 16:00:00,20154.0
2014-07-14 17:00:00,20255.0
2014-07-14 18:00:00,20799.0
2014-07-14 19:00:00,21180.0
2014-07-14 20:00:00,20774.0
2014-07-14 21:00:00,16698.0
2014-07-14 22:00:00,15242.0
2014-07-14 23:00:00,11697.0
2014-07-15 00:00:00,9053.0
2014-07-15 01:00:00,8281.0
2014-07-15 02:00:00,7103.0
2014-07-15 03:00:00,5838.0
2014-07-15 04:00:00,6382.0
2014-07-15 05:00:00,6420.0
2014-07-15 06:00:00,7926.0
2014-07-15 07:00:00,10432.0
2014-07-15 08:00:00,12382.0
2014-07-15 09:00:00,13129.0
2014-07-15 10:00:00,16091.0
2014-07-15 11:00:00,16355.0
2014-07-15 12:00:00,20142.0
2014-07-15 13:00:00,20648.0
2014-07-15 14:00:00,20685.0
2014-07-15 15:00:00,21180.0
2014-07-15 16:00:00,22216.0
2014-07-15 17:00:00,21672.0
2014-07-15 18:00:00,21344.0
2014-07-15 19:00:00,21116.0
2014-07-15 20:00:00,20394.0
2014-07-15 21:00:00,16786.0
2014-07-15 22:00:00,14534.0
2014-07-15 23:00:00,10964.0
2014-07-16 00:00:00,5078.0
2014-07-16 01:00:00,7167.0
2014-07-16 02:00:00,6053.0
2014-07-16 03:00:00,5913.0
2014-07-16 04:00:00,6660.0
2014-07-16 05:00:00,6761.0
2014-07-16 06:00:00,8661.0
2014-07-16 07:00:00,11141.0
2014-07-16 08:00:00,12673.0
2014-07-16 09:00:00,14622.0
2014-07-16 10:00:00,16546.0
2014-07-16 11:00:00,16838.0
2014-07-16 12:00:00,20926.0
2014-07-16 13:00:00,22850.0
2014-07-16 14:00:00,22002.0
2014-07-16 15:00:00,21750.0
2014-07-16 16:00:00,21964.0
2014-07-16 17:00:00,22446.0
2014-07-16 18:00:00,21331.0
2014-07-16 19:00:00,21254.0
2014-07-16 20:00:00,20546.0
2014-07-16 21:00:00,16611.0
2014-07-16 22:00:00,14711.0
2014-07-16 23:00:00,10585.0
2014-07-17 00:00:00,6065.0
2014-07-17 01:00:00,5927.0
2014-07-17 02:00:00,5623.0
2014-07-17 03:00:00,5698.0
2014-07-17 04:00:00,5951.0
2014-07-17 05:00:00,6166.0
2014-07-17 06:00:00,8078.0
2014-07-17 07:00:00,10357.0
2014-07-17 08:00:00,11964.0
2014-07-17 09:00:00,14268.0
2014-07-17 10:00:00,15002.0
2014-07-17 11:00:00,15395.0
2014-07-17 12:00:00,18623.0
2014-07-17 13:00:00,21191.0
2014-07-17 14:00:00,20166.0
2014-07-17 15:00:00,19685.0
2014-07-17 16:00:00,21001.0
2014-07-17 17:00:00,21407.0
2014-07-17 18:00:00,20863.0
2014-07-17 19:00:00,20394.0
2014-07-17 20:00:00,20648.0
2014-07-17 21:00:00,16458.0
2014-07-17 22:00:00,14938.0
2014-07-17 23:00:00,10230.0
2014-07-18 00:00:00,6103.0
2014-07-18 01:00:00,5900.0
2014-07-18 02:00:00,5420.0
2014-07-18 03:00:00,5458.0
2014-07-18 04:00:00,5825.0
2014-07-18 05:00:00,6064.0
2014-07-18 06:00:00,8027.0
2014-07-18 07:00:00,10635.0
2014-07-18 08:00:00,11951.0
2014-07-18 09:00:00,14065.0
2014-07-18 10:00:00,14787.0
2014-07-18 11:00:00,17103.0
2014-07-18 12:00:00,15774.0
2014-07-18 13:00:00,17950.0
2014-07-18 14:00:00,18154.0
2014-07-18 15:00:00,18952.0
2014-07-18 16:00:00,19445.0
2014-07-18 17:00:00,19280.0
2014-07-18 18:00:00,18939.0
2014-07-18 19:00:00,19420.0
2014-07-18 20:00:00,18976.0
2014-07-18 21:00:00,15660.0
2014-07-18 22:00:00,13116.0
2014-07-18 23:00:00,10622.0
2014-07-19 00:00:00,6521.0
2014-07-19 01:00:00,5672.0
2014-07-19 02:00:00,5546.0
2014-07-19 03:00:00,5546.0
2014-07-19 04:00:00,6078.0
2014-07-19 05:00:00,6521.0
2014-07-19 06:00:00,8330.0
2014-07-19 07:00:00,11307.0
2014-07-19 08:00:00,12281.0
2014-07-19 09:00:00,15243.0
2014-07-19 10:00:00,16192.0
2014-07-19 11:00:00,16458.0
2014-07-19 12:00:00,15104.0
2014-07-19 13:00:00,14597.0
2014-07-19 14:00:00,14951.0
2014-07-19 15:00:00,14558.0
2014-07-19 16:00:00,15078.0
2014-07-19 17:00:00,14546.0
2014-07-19 18:00:00,14370.0
2014-07-19 19:00:00,15040.0
2014-07-19 20:00:00,14129.0
2014-07-19 21:00:00,14003.0
2014-07-19 22:00:00,12989.0
2014-07-19 23:00:00,10496.0
2014-07-20 00:00:00,6230.0
2014-07-20 01:00:00,5761.0
2014-07-20 02:00:00,5305.0
2014-07-20 03:00:00,5559.0
2014-07-20 04:00:00,5863.0
2014-07-20 05:00:00,6078.0
2014-07-20 06:00:00,7925.0
2014-07-20 07:00:00,10939.0
2014-07-20 08:00:00,12001.0
2014-07-20 09:00:00,13623.0
2014-07-20 10:00:00,14584.0
2014-07-20 11:00:00,15648.0
2014-07-20 12:00:00,14369.0
2014-07-20 13:00:00,14685.0
2014-07-20 14:00:00,14686.0
2014-07-20 15:00:00,14205.0
2014-07-20 16:00:00,14281.0
2014-07-20 17:00:00,14723.0
2014-07-20 18:00:00,14293.0
2014-07-20 19:00:00,14698.0
2014-07-20 20:00:00,14331.0
2014-07-20 21:00:00,12850.0
2014-07-20 22:00:00,11598.0
2014-07-20 23:00:00,7026.0
2014-07-21 00:00:00,5521.0
2014-07-21 01:00:00,5597.0
2014-07-21 02:00:00,5231.0
2014-07-21 03:00:00,5407.0
2014-07-21 04:00:00,5926.0
2014-07-21 05:00:00,5889.0
2014-07-21 06:00:00,8015.0
2014-07-21 07:00:00,11431.0
2014-07-21 08:00:00,11053.0
2014-07-21 09:00:00,13673.0
2014-07-21 10:00:00,15812.0
2014-07-21 11:00:00,15408.0
2014-07-21 12:00:00,18192.0
2014-07-21 13:00:00,20065.0
2014-07-21 14:00:00,19913.0
2014-07-21 15:00:00,20027.0
2014-07-21 16:00:00,20572.0
2014-07-21 17:00:00,21306.0
2014-07-21 18:00:00,19306.0
2014-07-21 19:00:00,20140.0
2014-07-21 20:00:00,19520.0
2014-07-21 21:00:00,15901.0
2014-07-21 22:00:00,13722.0
2014-07-21 23:00:00,10040.0
2014-07-22 00:00:00,6129.0
2014-07-22 01:00:00,6254.0
2014-07-22 02:00:00,5610.0
2014-07-22 03:00:00,5711.0
2014-07-22 04:00:00,5977.0
2014-07-22 05:00:00,6229.0
2014-07-22 06:00:00,8457.0
2014-07-22 07:00:00,11635.0
2014-07-22 08:00:00,11989.0
2014-07-22 09:00:00,14559.0
2014-07-22 10:00:00,16078.0
2014-07-22 11:00:00,16507.0
2014-07-22 12:00:00,15876.0
2014-07-22 13:00:00,19230.0
2014-07-22 14:00:00,21381.0
2014-07-22 15:00:00,21332.0
2014-07-22 16:00:00,21888.0
2014-07-22 17:00:00,21787.0
2014-07-22 18:00:00,21002.0
2014-07-22 19:00:00,21433.0
2014-07-22 20:00:00,19559.0
2014-07-22 21:00:00,16926.0
2014-07-22 22:00:00,13849.0
2014-07-22 23:00:00,10217.0
2014-07-23 00:00:00,6141.0
2014-07-23 01:00:00,5850.0
2014-07-23 02:00:00,5635.0
2014-07-23 03:00:00,5673.0
2014-07-23 04:00:00,6167.0
2014-07-23 05:00:00,6344.0
2014-07-23 06:00:00,8179.0
2014-07-23 07:00:00,11343.0
2014-07-23 08:00:00,11420.0
2014-07-23 09:00:00,13863.0
2014-07-23 10:00:00,15268.0
2014-07-23 11:00:00,15989.0
2014-07-23 12:00:00,15482.0
2014-07-23 13:00:00,19192.0
2014-07-23 14:00:00,19546.0
2014-07-23 15:00:00,20268.0
2014-07-23 16:00:00,20926.0
2014-07-23 17:00:00,19952.0
2014-07-23 18:00:00,19811.0
2014-07-23 19:00:00,20179.0
2014-07-23 20:00:00,19255.0
2014-07-23 21:00:00,15686.0
2014-07-23 22:00:00,13697.0
2014-07-23 23:00:00,10104.0
2014-07-24 00:00:00,5800.0
2014-07-24 01:00:00,5799.0
2014-07-24 02:00:00,5445.0
2014-07-24 03:00:00,5470.0
2014-07-24 04:00:00,5990.0
2014-07-24 05:00:00,6192.0
2014-07-24 06:00:00,8128.0
2014-07-24 07:00:00,10634.0
2014-07-24 08:00:00,12345.0
2014-07-24 09:00:00,14103.0
2014-07-24 10:00:00,15293.0
2014-07-24 11:00:00,15799.0
2014-07-24 12:00:00,15116.0
2014-07-24 13:00:00,14294.0
2014-07-24 14:00:00,14596.0
2014-07-24 15:00:00,14863.0
2014-07-24 16:00:00,15141.0
2014-07-24 17:00:00,15229.0
2014-07-24 18:00:00,14850.0
2014-07-24 19:00:00,14963.0
2014-07-24 20:00:00,14534.0
2014-07-24 21:00:00,13812.0
2014-07-24 22:00:00,13471.0
2014-07-24 23:00:00,9862.0
2014-07-25 00:00:00,5813.0
2014-07-25 01:00:00,5876.0
2014-07-25 02:00:00,5407.0
2014-07-25 03:00:00,5344.0
2014-07-25 04:00:00,5889.0
2014-07-25 05:00:00,6179.0
2014-07-25 06:00:00,7926.0
2014-07-25 07:00:00,11091.0
2014-07-25 08:00:00,11913.0
2014-07-25 09:00:00,14534.0
2014-07-25 10:00:00,15116.0
2014-07-25 11:00:00,15546.0
2014-07-25 12:00:00,14901.0
2014-07-25 13:00:00,15458.0
2014-07-25 14:00:00,14647.0
2014-07-25 15:00:00,14723.0
2014-07-25 16:00:00,15787.0
2014-07-25 17:00:00,15344.0
2014-07-25 18:00:00,14876.0
2014-07-25 19:00:00,15876.0
2014-07-25 20:00:00,14420.0
2014-07-25 21:00:00,13698.0
2014-07-25 22:00:00,12648.0
2014-07-25 23:00:00,9179.0
2014-07-26 00:00:00,5824.0
2014-07-26 01:00:00,5611.0
2014-07-26 02:00:00,5381.0
2014-07-26 03:00:00,5306.0
2014-07-26 04:00:00,5913.0
2014-07-26 05:00:00,5926.0
2014-07-26 06:00:00,8039.0
2014-07-26 07:00:00,10774.0
2014-07-26 08:00:00,11901.0
2014-07-26 09:00:00,14407.0
2014-07-26 10:00:00,15826.0
2014-07-26 11:00:00,16089.0
2014-07-26 12:00:00,20622.0
2014-07-26 13:00:00,20053.0
2014-07-26 14:00:00,19623.0
2014-07-26 15:00:00,19585.0
2014-07-26 16:00:00,20471.0
2014-07-26 17:00:00,19913.0
2014-07-26 18:00:00,20078.0
2014-07-26 19:00:00,20028.0
2014-07-26 20:00:00,19307.0
2014-07-26 21:00:00,15812.0
2014-07-26 22:00:00,14267.0
2014-07-26 23:00:00,10672.0
2014-07-27 00:00:00,6420.0
2014-07-27 01:00:00,5698.0
2014-07-27 02:00:00,5344.0
2014-07-27 03:00:00,5420.0
2014-07-27 04:00:00,5900.0
2014-07-27 05:00:00,6521.0
2014-07-27 06:00:00,8394.0
2014-07-27 07:00:00,11521.0
2014-07-27 08:00:00,10952.0
2014-07-27 09:00:00,14103.0
2014-07-27 10:00:00,14889.0
2014-07-27 11:00:00,15976.0
2014-07-27 12:00:00,15230.0
2014-07-27 13:00:00,14851.0
2014-07-27 14:00:00,14748.0
2014-07-27 15:00:00,15382.0
2014-07-27 16:00:00,21850.0
2014-07-27 17:00:00,20597.0
2014-07-27 18:00:00,19571.0
2014-07-27 19:00:00,19293.0
2014-07-27 20:00:00,18053.0
2014-07-27 21:00:00,14357.0
2014-07-27 22:00:00,11444.0
2014-07-27 23:00:00,6800.0
2014-07-28 00:00:00,5990.0
2014-07-28 01:00:00,5926.0
2014-07-28 02:00:00,5521.0
2014-07-28 03:00:00,5572.0
2014-07-28 04:00:00,6116.0
2014-07-28 05:00:00,6002.0
2014-07-28 06:00:00,8052.0
2014-07-28 07:00:00,11724.0
2014-07-28 08:00:00,11230.0
2014-07-28 09:00:00,14054.0
2014-07-28 10:00:00,15281.0
2014-07-28 11:00:00,15015.0
2014-07-28 12:00:00,14926.0
2014-07-28 13:00:00,14977.0
2014-07-28 14:00:00,14913.0
2014-07-28 15:00:00,14926.0
2014-07-28 16:00:00,15153.0
2014-07-28 17:00:00,15306.0
2014-07-28 18:00:00,15154.0
2014-07-28 19:00:00,15368.0
2014-07-28 20:00:00,14597.0
2014-07-28 21:00:00,14052.0
2014-07-28 22:00:00,12319.0
2014-07-28 23:00:00,8875.0
2014-07-29 00:00:00,5609.0
2014-07-29 01:00:00,5761.0
2014-07-29 02:00:00,5395.0
2014-07-29 03:00:00,5318.0
2014-07-29 04:00:00,5787.0
2014-07-29 05:00:00,6319.0
2014-07-29 06:00:00,8192.0
2014-07-29 07:00:00,11179.0
2014-07-29 08:00:00,11280.0
2014-07-29 09:00:00,14141.0
2014-07-29 10:00:00,15040.0
2014-07-29 11:00:00,15142.0
2014-07-29 12:00:00,15331.0
2014-07-29 13:00:00,16103.0
2014-07-29 14:00:00,20129.0
2014-07-29 15:00:00,20129.0
2014-07-29 16:00:00,21077.0
2014-07-29 17:00:00,21204.0
2014-07-29 18:00:00,20773.0
2014-07-29 19:00:00,20673.0
2014-07-29 20:00:00,19710.0
2014-07-29 21:00:00,15900.0
2014-07-29 22:00:00,13444.0
2014-07-29 23:00:00,9850.0
2014-07-30 00:00:00,6091.0
2014-07-30 01:00:00,6002.0
2014-07-30 02:00:00,5763.0
2014-07-30 03:00:00,5672.0
2014-07-30 04:00:00,6445.0
2014-07-30 05:00:00,6369.0
2014-07-30 06:00:00,8318.0
2014-07-30 07:00:00,11091.0
2014-07-30 08:00:00,12028.0
2014-07-30 09:00:00,13673.0
2014-07-30 10:00:00,16128.0
2014-07-30 11:00:00,15103.0
2014-07-30 12:00:00,14381.0
2014-07-30 13:00:00,14496.0
2014-07-30 14:00:00,17749.0
2014-07-30 15:00:00,19647.0
2014-07-30 16:00:00,20609.0
2014-07-30 17:00:00,20116.0
2014-07-30 18:00:00,19774.0
2014-07-30 19:00:00,19598.0
2014-07-30 20:00:00,18838.0
2014-07-30 21:00:00,15862.0
2014-07-30 22:00:00,13521.0
2014-07-30 23:00:00,9939.0
2014-07-31 00:00:00,5875.0
2014-07-31 01:00:00,5813.0
2014-07-31 02:00:00,5457.0
2014-07-31 03:00:00,5571.0
2014-07-31 04:00:00,6103.0
2014-07-31 05:00:00,6331.0
2014-07-31 06:00:00,8724.0
2014-07-31 07:00:00,11166.0
2014-07-31 08:00:00,12002.0
2014-07-31 09:00:00,14141.0
2014-07-31 10:00:00,15395.0
2014-07-31 11:00:00,15496.0
2014-07-31 12:00:00,14901.0
2014-07-31 13:00:00,17938.0
2014-07-31 14:00:00,18901.0
2014-07-31 15:00:00,19001.0
2014-07-31 16:00:00,21155.0
2014-07-31 17:00:00,19787.0
2014-07-31 18:00:00,19128.0
2014-07-31 19:00:00,19711.0
2014-07-31 20:00:00,18432.0
2014-07-31 21:00:00,15647.0
2014-07-31 22:00:00,13661.0
2014-07-31 23:00:00,10635.0
2014-08-01 00:00:00,6167.0
2014-08-01 01:00:00,5598.0
2014-08-01 02:00:00,5483.0
2014-08-01 03:00:00,5496.0
2014-08-01 04:00:00,5913.0
2014-08-01 05:00:00,6242.0
2014-08-01 06:00:00,8382.0
2014-08-01 07:00:00,11407.0
2014-08-01 08:00:00,11545.0
2014-08-01 09:00:00,14217.0
2014-08-01 10:00:00,14634.0
2014-08-01 11:00:00,15103.0
2014-08-01 12:00:00,17749.0
2014-08-01 13:00:00,18952.0
2014-08-01 14:00:00,19483.0
2014-08-01 15:00:00,17711.0
2014-08-01 16:00:00,19978.0
2014-08-01 17:00:00,19394.0
2014-08-01 18:00:00,18710.0
2014-08-01 19:00:00,18875.0
2014-08-01 20:00:00,18217.0
2014-08-01 21:00:00,15432.0
2014-08-01 22:00:00,12394.0
2014-08-01 23:00:00,9445.0
2014-08-02 00:00:00,5875.0
2014-08-02 01:00:00,5572.0
2014-08-02 02:00:00,5294.0
2014-08-02 03:00:00,5255.0
2014-08-02 04:00:00,5610.0
2014-08-02 05:00:00,6103.0
2014-08-02 06:00:00,8419.0
2014-08-02 07:00:00,11129.0
2014-08-02 08:00:00,12001.0
2014-08-02 09:00:00,14660.0
2014-08-02 10:00:00,14964.0
2014-08-02 11:00:00,16293.0
2014-08-02 12:00:00,15534.0
2014-08-02 13:00:00,15774.0
2014-08-02 14:00:00,14749.0
2014-08-02 15:00:00,14103.0
2014-08-02 16:00:00,15090.0
2014-08-02 17:00:00,15534.0
2014-08-02 18:00:00,14749.0
2014-08-02 19:00:00,15167.0
2014-08-02 20:00:00,14685.0
2014-08-02 21:00:00,13319.0
2014-08-02 22:00:00,12420.0
2014-08-02 23:00:00,10140.0
2014-08-03 00:00:00,5597.0
2014-08-03 01:00:00,5470.0
2014-08-03 02:00:00,5104.0
2014-08-03 03:00:00,5230.0
2014-08-03 04:00:00,5761.0
2014-08-03 05:00:00,6217.0
2014-08-03 06:00:00,8154.0
2014-08-03 07:00:00,10951.0
2014-08-03 08:00:00,11710.0
2014-08-03 09:00:00,13763.0
2014-08-03 10:00:00,15065.0
2014-08-03 11:00:00,14192.0
2014-08-03 12:00:00,14281.0
2014-08-03 13:00:00,19103.0
2014-08-03 14:00:00,18458.0
2014-08-03 15:00:00,18889.0
2014-08-03 16:00:00,19622.0
2014-08-03 17:00:00,19406.0
2014-08-03 18:00:00,18092.0
2014-08-03 19:00:00,19294.0
2014-08-03 20:00:00,17786.0
2014-08-03 21:00:00,14496.0
2014-08-03 22:00:00,11457.0
2014-08-03 23:00:00,6812.0
2014-08-04 00:00:00,5914.0
2014-08-04 01:00:00,5787.0
2014-08-04 02:00:00,5508.0
2014-08-04 03:00:00,5394.0
2014-08-04 04:00:00,6027.0
2014-08-04 05:00:00,5825.0
2014-08-04 06:00:00,7697.0
2014-08-04 07:00:00,10698.0
2014-08-04 08:00:00,10395.0
2014-08-04 09:00:00,13178.0
2014-08-04 10:00:00,13483.0
2014-08-04 11:00:00,14787.0
2014-08-04 12:00:00,14242.0
2014-08-04 13:00:00,14241.0
2014-08-04 14:00:00,16939.0
2014-08-04 15:00:00,18685.0
2014-08-04 16:00:00,19041.0
2014-08-04 17:00:00,18761.0
2014-08-04 18:00:00,18217.0
2014-08-04 19:00:00,18951.0
2014-08-04 20:00:00,18609.0
2014-08-04 21:00:00,15318.0
2014-08-04 22:00:00,12825.0
2014-08-04 23:00:00,9432.0
2014-08-05 00:00:00,5509.0
2014-08-05 01:00:00,5102.0
2014-08-05 02:00:00,5002.0
2014-08-05 03:00:00,4989.0
2014-08-05 04:00:00,5294.0
2014-08-05 05:00:00,5674.0
2014-08-05 06:00:00,7521.0
2014-08-05 07:00:00,10939.0
2014-08-05 08:00:00,10585.0
2014-08-05 09:00:00,13736.0
2014-08-05 10:00:00,14952.0
2014-08-05 11:00:00,15002.0
2014-08-05 12:00:00,14659.0
2014-08-05 13:00:00,14862.0
2014-08-05 14:00:00,18040.0
2014-08-05 15:00:00,19609.0
2014-08-05 16:00:00,20583.0
2014-08-05 17:00:00,19914.0
2014-08-05 18:00:00,19307.0
2014-08-05 19:00:00,19787.0
2014-08-05 20:00:00,18850.0
2014-08-05 21:00:00,15951.0
2014-08-05 22:00:00,14128.0
2014-08-05 23:00:00,9875.0
2014-08-06 00:00:00,5850.0
2014-08-06 01:00:00,5661.0
2014-08-06 02:00:00,5256.0
2014-08-06 03:00:00,5307.0
2014-08-06 04:00:00,5572.0
2014-08-06 05:00:00,5800.0
2014-08-06 06:00:00,8078.0
2014-08-06 07:00:00,10750.0
2014-08-06 08:00:00,11901.0
2014-08-06 09:00:00,13383.0
2014-08-06 10:00:00,15951.0
2014-08-06 11:00:00,16229.0
2014-08-06 12:00:00,15039.0
2014-08-06 13:00:00,18724.0
2014-08-06 14:00:00,19952.0
2014-08-06 15:00:00,20180.0
2014-08-06 16:00:00,21103.0
2014-08-06 17:00:00,21015.0
2014-08-06 18:00:00,19990.0
2014-08-06 19:00:00,21344.0
2014-08-06 20:00:00,19889.0
2014-08-06 21:00:00,17254.0
2014-08-06 22:00:00,14003.0
2014-08-06 23:00:00,10622.0
2014-08-07 00:00:00,6167.0
2014-08-07 01:00:00,6014.0
2014-08-07 02:00:00,5571.0
2014-08-07 03:00:00,5357.0
2014-08-07 04:00:00,5951.0
2014-08-07 05:00:00,6457.0
2014-08-07 06:00:00,8218.0
2014-08-07 07:00:00,10963.0
2014-08-07 08:00:00,11799.0
2014-08-07 09:00:00,14457.0
2014-08-07 10:00:00,16065.0
2014-08-07 11:00:00,16053.0
2014-08-07 12:00:00,16356.0
2014-08-07 13:00:00,19053.0
2014-08-07 14:00:00,20330.0
2014-08-07 15:00:00,21178.0
2014-08-07 16:00:00,22533.0
2014-08-07 17:00:00,21306.0
2014-08-07 18:00:00,20534.0
2014-08-07 19:00:00,20685.0
2014-08-07 20:00:00,20141.0
2014-08-07 21:00:00,16699.0
2014-08-07 22:00:00,14596.0
2014-08-07 23:00:00,10660.0
2014-08-08 00:00:00,6268.0
2014-08-08 01:00:00,6191.0
2014-08-08 02:00:00,5659.0
2014-08-08 03:00:00,5736.0
2014-08-08 04:00:00,6331.0
2014-08-08 05:00:00,6773.0
2014-08-08 06:00:00,8394.0
2014-08-08 07:00:00,10698.0
2014-08-08 08:00:00,11926.0
2014-08-08 09:00:00,14723.0
2014-08-08 10:00:00,15762.0
2014-08-08 11:00:00,16394.0
2014-08-08 12:00:00,15875.0
2014-08-08 13:00:00,15242.0
2014-08-08 14:00:00,19193.0
2014-08-08 15:00:00,19912.0
2014-08-08 16:00:00,21294.0
2014-08-08 17:00:00,21482.0
2014-08-08 18:00:00,20521.0
2014-08-08 19:00:00,20281.0
2014-08-08 20:00:00,20229.0
2014-08-08 21:00:00,16268.0
2014-08-08 22:00:00,13787.0
2014-08-08 23:00:00,11166.0
2014-08-09 00:00:00,6812.0
2014-08-09 01:00:00,6319.0
2014-08-09 02:00:00,5761.0
2014-08-09 03:00:00,5749.0
2014-08-09 04:00:00,6344.0
2014-08-09 05:00:00,6672.0
2014-08-09 06:00:00,8851.0
2014-08-09 07:00:00,11306.0
2014-08-09 08:00:00,12319.0
2014-08-09 09:00:00,15775.0
2014-08-09 10:00:00,16217.0
2014-08-09 11:00:00,16737.0
2014-08-09 12:00:00,15736.0
2014-08-09 13:00:00,15610.0
2014-08-09 14:00:00,15509.0
2014-08-09 15:00:00,15344.0
2014-08-09 16:00:00,16609.0
2014-08-09 17:00:00,16267.0
2014-08-09 18:00:00,16078.0
2014-08-09 19:00:00,16117.0
2014-08-09 20:00:00,15128.0
2014-08-09 21:00:00,14445.0
2014-08-09 22:00:00,13762.0
2014-08-09 23:00:00,10141.0
2014-08-10 00:00:00,6787.0
2014-08-10 01:00:00,6357.0
2014-08-10 02:00:00,6015.0
2014-08-10 03:00:00,6002.0
2014-08-10 04:00:00,6699.0
2014-08-10 05:00:00,6876.0
2014-08-10 06:00:00,8761.0
2014-08-10 07:00:00,11964.0
2014-08-10 08:00:00,12104.0
2014-08-10 09:00:00,14635.0
2014-08-10 10:00:00,15939.0
2014-08-10 11:00:00,16356.0
2014-08-10 12:00:00,15218.0
2014-08-10 13:00:00,15610.0
2014-08-10 14:00:00,15116.0
2014-08-10 15:00:00,14648.0
2014-08-10 16:00:00,16597.0
2014-08-10 17:00:00,16027.0
2014-08-10 18:00:00,15496.0
2014-08-10 19:00:00,15800.0
2014-08-10 20:00:00,15369.0
2014-08-10 21:00:00,14028.0
2014-08-10 22:00:00,12762.0
2014-08-10 23:00:00,7040.0
2014-08-11 00:00:00,6205.0
2014-08-11 01:00:00,6204.0
2014-08-11 02:00:00,6040.0
2014-08-11 03:00:00,5761.0
2014-08-11 04:00:00,6711.0
2014-08-11 05:00:00,6521.0
2014-08-11 06:00:00,8483.0
2014-08-11 07:00:00,11167.0
2014-08-11 08:00:00,12850.0
2014-08-11 09:00:00,14788.0
2014-08-11 10:00:00,15356.0
2014-08-11 11:00:00,15623.0
2014-08-11 12:00:00,15964.0
2014-08-11 13:00:00,15369.0
2014-08-11 14:00:00,14622.0
2014-08-11 15:00:00,15623.0
2014-08-11 16:00:00,15749.0
2014-08-11 17:00:00,15838.0
2014-08-11 18:00:00,14875.0
2014-08-11 19:00:00,15521.0
2014-08-11 20:00:00,15230.0
2014-08-11 21:00:00,14280.0
2014-08-11 22:00:00,13255.0
2014-08-11 23:00:00,9698.0
2014-08-12 00:00:00,5824.0
2014-08-12 01:00:00,5546.0
2014-08-12 02:00:00,5204.0
2014-08-12 03:00:00,5205.0
2014-08-12 04:00:00,6052.0
2014-08-12 05:00:00,5889.0
2014-08-12 06:00:00,7698.0
2014-08-12 07:00:00,11192.0
2014-08-12 08:00:00,10989.0
2014-08-12 09:00:00,13533.0
2014-08-12 10:00:00,15635.0
2014-08-12 11:00:00,16279.0
2014-08-12 12:00:00,15470.0
2014-08-12 13:00:00,16078.0
2014-08-12 14:00:00,15597.0
2014-08-12 15:00:00,15205.0
2014-08-12 16:00:00,15635.0
2014-08-12 17:00:00,16635.0
2014-08-12 18:00:00,15330.0
2014-08-12 19:00:00,15369.0
2014-08-12 20:00:00,14774.0
2014-08-12 21:00:00,14167.0
2014-08-12 22:00:00,14091.0
2014-08-12 23:00:00,10484.0
2014-08-13 00:00:00,6659.0
2014-08-13 01:00:00,6381.0
2014-08-13 02:00:00,6015.0
2014-08-13 03:00:00,6103.0
2014-08-13 04:00:00,6977.0
2014-08-13 05:00:00,7103.0
2014-08-13 06:00:00,9053.0
2014-08-13 07:00:00,12218.0
2014-08-13 08:00:00,11735.0
2014-08-13 09:00:00,13851.0
2014-08-13 10:00:00,14837.0
2014-08-13 11:00:00,15002.0
2014-08-13 12:00:00,14963.0
2014-08-13 13:00:00,14609.0
2014-08-13 14:00:00,14445.0
2014-08-13 15:00:00,13723.0
2014-08-13 16:00:00,14724.0
2014-08-13 17:00:00,15078.0
2014-08-13 18:00:00,14027.0
2014-08-13 19:00:00,15293.0
2014-08-13 20:00:00,13938.0
2014-08-13 21:00:00,12698.0
2014-08-13 22:00:00,12534.0
2014-08-13 23:00:00,10230.0
2014-08-14 00:00:00,6154.0
2014-08-14 01:00:00,5534.0
2014-08-14 02:00:00,5027.0
2014-08-14 03:00:00,5040.0
2014-08-14 04:00:00,5635.0
2014-08-14 05:00:00,5800.0
2014-08-14 06:00:00,7648.0
2014-08-14 07:00:00,10141.0
2014-08-14 08:00:00,10976.0
2014-08-14 09:00:00,13445.0
2014-08-14 10:00:00,14724.0
2014-08-14 11:00:00,15419.0
2014-08-14 12:00:00,15154.0
2014-08-14 13:00:00,15307.0
2014-08-14 14:00:00,14875.0
2014-08-14 15:00:00,14786.0
2014-08-14 16:00:00,15965.0
2014-08-14 17:00:00,16319.0
2014-08-14 18:00:00,15039.0
2014-08-14 19:00:00,15521.0
2014-08-14 20:00:00,14976.0
2014-08-14 21:00:00,14368.0
2014-08-14 22:00:00,13408.0
2014-08-14 23:00:00,10762.0
2014-08-15 00:00:00,6129.0
2014-08-15 01:00:00,5534.0
2014-08-15 02:00:00,5115.0
2014-08-15 03:00:00,5179.0
2014-08-15 04:00:00,5596.0
2014-08-15 05:00:00,5812.0
2014-08-15 06:00:00,7850.0
2014-08-15 07:00:00,10432.0
2014-08-15 08:00:00,11381.0
2014-08-15 09:00:00,14218.0
2014-08-15 10:00:00,16141.0
2014-08-15 11:00:00,15471.0
2014-08-15 12:00:00,15003.0
2014-08-15 13:00:00,15280.0
2014-08-15 14:00:00,14889.0
2014-08-15 15:00:00,15521.0
2014-08-15 16:00:00,16837.0
2014-08-15 17:00:00,16888.0
2014-08-15 18:00:00,16723.0
2014-08-15 19:00:00,16393.0
2014-08-15 20:00:00,16230.0
2014-08-15 21:00:00,14965.0
2014-08-15 22:00:00,12672.0
2014-08-15 23:00:00,6875.0
2014-08-16 00:00:00,5508.0
2014-08-16 01:00:00,5559.0
2014-08-16 02:00:00,5205.0
2014-08-16 03:00:00,5319.0
2014-08-16 04:00:00,5685.0
2014-08-16 05:00:00,5762.0
2014-08-16 06:00:00,7964.0
2014-08-16 07:00:00,11141.0
2014-08-16 08:00:00,10837.0
2014-08-16 09:00:00,14610.0
2014-08-16 10:00:00,15623.0
2014-08-16 11:00:00,15635.0
2014-08-16 12:00:00,15445.0
2014-08-16 13:00:00,16027.0
2014-08-16 14:00:00,15648.0
2014-08-16 15:00:00,17167.0
2014-08-16 16:00:00,17205.0
2014-08-16 17:00:00,22281.0
2014-08-16 18:00:00,20331.0
2014-08-16 19:00:00,20774.0
2014-08-16 20:00:00,19660.0
2014-08-16 21:00:00,16142.0
2014-08-16 22:00:00,13951.0
2014-08-16 23:00:00,10205.0
2014-08-17 00:00:00,6332.0
2014-08-17 01:00:00,5889.0
2014-08-17 02:00:00,5433.0
2014-08-17 03:00:00,5471.0
2014-08-17 04:00:00,5901.0
2014-08-17 05:00:00,6306.0
2014-08-17 06:00:00,8141.0
2014-08-17 07:00:00,11648.0
2014-08-17 08:00:00,12749.0
2014-08-17 09:00:00,16142.0
2014-08-17 10:00:00,16534.0
2014-08-17 11:00:00,17483.0
2014-08-17 12:00:00,22217.0
2014-08-17 13:00:00,22205.0
2014-08-17 14:00:00,21534.0
2014-08-17 15:00:00,22382.0
2014-08-17 16:00:00,22356.0
2014-08-17 17:00:00,22457.0
2014-08-17 18:00:00,21432.0
2014-08-17 19:00:00,22280.0
2014-08-17 20:00:00,19596.0
2014-08-17 21:00:00,15674.0
2014-08-17 22:00:00,12332.0
2014-08-17 23:00:00,6901.0
2014-08-18 00:00:00,5875.0
2014-08-18 01:00:00,5989.0
2014-08-18 02:00:00,5572.0
2014-08-18 03:00:00,5623.0
2014-08-18 04:00:00,6129.0
2014-08-18 05:00:00,6229.0
2014-08-18 06:00:00,8280.0
2014-08-18 07:00:00,10672.0
2014-08-18 08:00:00,11926.0
2014-08-18 09:00:00,13761.0
2014-08-18 10:00:00,15546.0
2014-08-18 11:00:00,15724.0
2014-08-18 12:00:00,16812.0
2014-08-18 13:00:00,20901.0
2014-08-18 14:00:00,19369.0
2014-08-18 15:00:00,19496.0
2014-08-18 16:00:00,20014.0
2014-08-18 17:00:00,19900.0
2014-08-18 18:00:00,19610.0
2014-08-18 19:00:00,19901.0
2014-08-18 20:00:00,19647.0
2014-08-18 21:00:00,16394.0
2014-08-18 22:00:00,14002.0
2014-08-18 23:00:00,11483.0
2014-08-19 00:00:00,10445.0
2014-08-19 01:00:00,9925.0
2014-08-19 02:00:00,7774.0
2014-08-19 03:00:00,6053.0
2014-08-19 04:00:00,5888.0
2014-08-19 05:00:00,6014.0
2014-08-19 06:00:00,7699.0
2014-08-19 07:00:00,10585.0
2014-08-19 08:00:00,11521.0
2014-08-19 09:00:00,14584.0
2014-08-19 10:00:00,14698.0
2014-08-19 11:00:00,14749.0
2014-08-19 12:00:00,14749.0
2014-08-19 13:00:00,14774.0
2014-08-19 14:00:00,14660.0
2014-08-19 15:00:00,14610.0
2014-08-19 16:00:00,16571.0
2014-08-19 17:00:00,15293.0
2014-08-19 18:00:00,14318.0
2014-08-19 19:00:00,14407.0
2014-08-19 20:00:00,13433.0
2014-08-19 21:00:00,13078.0
2014-08-19 22:00:00,12558.0
2014-08-19 23:00:00,8964.0
2014-08-20 00:00:00,5762.0
2014-08-20 01:00:00,5343.0
2014-08-20 02:00:00,5041.0
2014-08-20 03:00:00,5002.0
2014-08-20 04:00:00,5673.0
2014-08-20 05:00:00,5964.0
2014-08-20 06:00:00,7255.0
2014-08-20 07:00:00,10889.0
2014-08-20 08:00:00,12204.0
2014-08-20 09:00:00,13559.0
2014-08-20 10:00:00,15850.0
2014-08-20 11:00:00,14863.0
2014-08-20 12:00:00,14305.0
2014-08-20 13:00:00,15079.0
2014-08-20 14:00:00,16115.0
2014-08-20 15:00:00,15256.0
2014-08-20 16:00:00,15065.0
2014-08-20 17:00:00,15648.0
2014-08-20 18:00:00,14710.0
2014-08-20 19:00:00,15622.0
2014-08-20 20:00:00,14572.0
2014-08-20 21:00:00,13774.0
2014-08-20 22:00:00,13129.0
2014-08-20 23:00:00,9483.0
2014-08-21 00:00:00,5736.0
2014-08-21 01:00:00,5420.0
2014-08-21 02:00:00,5243.0
2014-08-21 03:00:00,5205.0
2014-08-21 04:00:00,5698.0
2014-08-21 05:00:00,5864.0
2014-08-21 06:00:00,7735.0
2014-08-21 07:00:00,10318.0
2014-08-21 08:00:00,12014.0
2014-08-21 09:00:00,14761.0
2014-08-21 10:00:00,15610.0
2014-08-21 11:00:00,15458.0
2014-08-21 12:00:00,14876.0
2014-08-21 13:00:00,14964.0
2014-08-21 14:00:00,15394.0
2014-08-21 15:00:00,15711.0
2014-08-21 16:00:00,15345.0
2014-08-21 17:00:00,15255.0
2014-08-21 18:00:00,14446.0
2014-08-21 19:00:00,15406.0
2014-08-21 20:00:00,14230.0
2014-08-21 21:00:00,13837.0
2014-08-21 22:00:00,12636.0
2014-08-21 23:00:00,9306.0
2014-08-22 00:00:00,5660.0
2014-08-22 01:00:00,5459.0
2014-08-22 02:00:00,5179.0
2014-08-22 03:00:00,5281.0
2014-08-22 04:00:00,5585.0
2014-08-22 05:00:00,5825.0
2014-08-22 06:00:00,7685.0
2014-08-22 07:00:00,10508.0
2014-08-22 08:00:00,11571.0
2014-08-22 09:00:00,13926.0
2014-08-22 10:00:00,16407.0
2014-08-22 11:00:00,16281.0
2014-08-22 12:00:00,15192.0
2014-08-22 13:00:00,15571.0
2014-08-22 14:00:00,14634.0
2014-08-22 15:00:00,15053.0
2014-08-22 16:00:00,15889.0
2014-08-22 17:00:00,14686.0
2014-08-22 18:00:00,14040.0
2014-08-22 19:00:00,15736.0
2014-08-22 20:00:00,14370.0
2014-08-22 21:00:00,14471.0
2014-08-22 22:00:00,13116.0
2014-08-22 23:00:00,9610.0
2014-08-23 00:00:00,5673.0
2014-08-23 01:00:00,5609.0
2014-08-23 02:00:00,5255.0
2014-08-23 03:00:00,5457.0
2014-08-23 04:00:00,5623.0
2014-08-23 05:00:00,5775.0
2014-08-23 06:00:00,7597.0
2014-08-23 07:00:00,10256.0
2014-08-23 08:00:00,11090.0
2014-08-23 09:00:00,14168.0
2014-08-23 10:00:00,15509.0
2014-08-23 11:00:00,15470.0
2014-08-23 12:00:00,14952.0
2014-08-23 13:00:00,15660.0
2014-08-23 14:00:00,15521.0
2014-08-23 15:00:00,15357.0
2014-08-23 16:00:00,15458.0
2014-08-23 17:00:00,15192.0
2014-08-23 18:00:00,14838.0
2014-08-23 19:00:00,15205.0
2014-08-23 20:00:00,14495.0
2014-08-23 21:00:00,13698.0
2014-08-23 22:00:00,13078.0
2014-08-23 23:00:00,10685.0
2014-08-24 00:00:00,6078.0
2014-08-24 01:00:00,5914.0
2014-08-24 02:00:00,5559.0
2014-08-24 03:00:00,5622.0
2014-08-24 04:00:00,5939.0
2014-08-24 05:00:00,5977.0
2014-08-24 06:00:00,7572.0
2014-08-24 07:00:00,9900.0
2014-08-24 08:00:00,11913.0
2014-08-24 09:00:00,13648.0
2014-08-24 10:00:00,14989.0
2014-08-24 11:00:00,15522.0
2014-08-24 12:00:00,15115.0
2014-08-24 13:00:00,15153.0
2014-08-24 14:00:00,15015.0
2014-08-24 15:00:00,15090.0
2014-08-24 16:00:00,15432.0
2014-08-24 17:00:00,15483.0
2014-08-24 18:00:00,15382.0
2014-08-24 19:00:00,15040.0
2014-08-24 20:00:00,13862.0
2014-08-24 21:00:00,13242.0
2014-08-24 22:00:00,11685.0
2014-08-24 23:00:00,6964.0
2014-08-25 00:00:00,5737.0
2014-08-25 01:00:00,5724.0
2014-08-25 02:00:00,5446.0
2014-08-25 03:00:00,5357.0
2014-08-25 04:00:00,5976.0
2014-08-25 05:00:00,6141.0
2014-08-25 06:00:00,7963.0
2014-08-25 07:00:00,10875.0
2014-08-25 08:00:00,11686.0
2014-08-25 09:00:00,13812.0
2014-08-25 10:00:00,15091.0
2014-08-25 11:00:00,15509.0
2014-08-25 12:00:00,15395.0
2014-08-25 13:00:00,16039.0
2014-08-25 14:00:00,15459.0
2014-08-25 15:00:00,15520.0
2014-08-25 16:00:00,16281.0
2014-08-25 17:00:00,16104.0
2014-08-25 18:00:00,15180.0
2014-08-25 19:00:00,14876.0
2014-08-25 20:00:00,14559.0
2014-08-25 21:00:00,14116.0
2014-08-25 22:00:00,14331.0
2014-08-25 23:00:00,10001.0
2014-08-26 00:00:00,6293.0
2014-08-26 01:00:00,6344.0
2014-08-26 02:00:00,5775.0
2014-08-26 03:00:00,5913.0
2014-08-26 04:00:00,6432.0
2014-08-26 05:00:00,6635.0
2014-08-26 06:00:00,8546.0
2014-08-26 07:00:00,11887.0
2014-08-26 08:00:00,11762.0
2014-08-26 09:00:00,14901.0
2014-08-26 10:00:00,16065.0
2014-08-26 11:00:00,17293.0
2014-08-26 12:00:00,15142.0
2014-08-26 13:00:00,20395.0
2014-08-26 14:00:00,21420.0
2014-08-26 15:00:00,21939.0
2014-08-26 16:00:00,21825.0
2014-08-26 17:00:00,22216.0
2014-08-26 18:00:00,20862.0
2014-08-26 19:00:00,21142.0
2014-08-26 20:00:00,20482.0
2014-08-26 21:00:00,16255.0
2014-08-26 22:00:00,14483.0
2014-08-26 23:00:00,10318.0
2014-08-27 00:00:00,6534.0
2014-08-27 01:00:00,6432.0
2014-08-27 02:00:00,5914.0
2014-08-27 03:00:00,5863.0
2014-08-27 04:00:00,6470.0
2014-08-27 05:00:00,7951.0
2014-08-27 06:00:00,9609.0
2014-08-27 07:00:00,12229.0
2014-08-27 08:00:00,12750.0
2014-08-27 09:00:00,15204.0
2014-08-27 10:00:00,16748.0
2014-08-27 11:00:00,17192.0
2014-08-27 12:00:00,19889.0
2014-08-27 13:00:00,21394.0
2014-08-27 14:00:00,21850.0
2014-08-27 15:00:00,21938.0
2014-08-27 16:00:00,22558.0
2014-08-27 17:00:00,22685.0
2014-08-27 18:00:00,21761.0
2014-08-27 19:00:00,21243.0
2014-08-27 20:00:00,20558.0
2014-08-27 21:00:00,17040.0
2014-08-27 22:00:00,14850.0
2014-08-27 23:00:00,10724.0
2014-08-28 00:00:00,6204.0
2014-08-28 01:00:00,6179.0
2014-08-28 02:00:00,5837.0
2014-08-28 03:00:00,5610.0
2014-08-28 04:00:00,6091.0
2014-08-28 05:00:00,6305.0
2014-08-28 06:00:00,8306.0
2014-08-28 07:00:00,10977.0
2014-08-28 08:00:00,12419.0
2014-08-28 09:00:00,15230.0
2014-08-28 10:00:00,16446.0
2014-08-28 11:00:00,17332.0
2014-08-28 12:00:00,16167.0
2014-08-28 13:00:00,18355.0
2014-08-28 14:00:00,20723.0
2014-08-28 15:00:00,20786.0
2014-08-28 16:00:00,21584.0
2014-08-28 17:00:00,21634.0
2014-08-28 18:00:00,20938.0
2014-08-28 19:00:00,21344.0
2014-08-28 20:00:00,19521.0
2014-08-28 21:00:00,16724.0
2014-08-28 22:00:00,14799.0
2014-08-28 23:00:00,11103.0
2014-08-29 00:00:00,6647.0
2014-08-29 01:00:00,6330.0
2014-08-29 02:00:00,5952.0
2014-08-29 03:00:00,6040.0
2014-08-29 04:00:00,6420.0
2014-08-29 05:00:00,6572.0
2014-08-29 06:00:00,8229.0
2014-08-29 07:00:00,10534.0
2014-08-29 08:00:00,12268.0
2014-08-29 09:00:00,14660.0
2014-08-29 10:00:00,16546.0
2014-08-29 11:00:00,16141.0
2014-08-29 12:00:00,15647.0
2014-08-29 13:00:00,19040.0
2014-08-29 14:00:00,20179.0
2014-08-29 15:00:00,20001.0
2014-08-29 16:00:00,20394.0
2014-08-29 17:00:00,20825.0
2014-08-29 18:00:00,19798.0
2014-08-29 19:00:00,19900.0
2014-08-29 20:00:00,18774.0
2014-08-29 21:00:00,16167.0
2014-08-29 22:00:00,14470.0
2014-08-29 23:00:00,11053.0
2014-08-30 00:00:00,5761.0
2014-08-30 01:00:00,5471.0
2014-08-30 02:00:00,5205.0
2014-08-30 03:00:00,5078.0
2014-08-30 04:00:00,5585.0
2014-08-30 05:00:00,5863.0
2014-08-30 06:00:00,7926.0
2014-08-30 07:00:00,10736.0
2014-08-30 08:00:00,12040.0
2014-08-30 09:00:00,14863.0
2014-08-30 10:00:00,15470.0
2014-08-30 11:00:00,16254.0
2014-08-30 12:00:00,18964.0
2014-08-30 13:00:00,20217.0
2014-08-30 14:00:00,19027.0
2014-08-30 15:00:00,19597.0
2014-08-30 16:00:00,20887.0
2014-08-30 17:00:00,20243.0
2014-08-30 18:00:00,19444.0
2014-08-30 19:00:00,19787.0
2014-08-30 20:00:00,18458.0
2014-08-30 21:00:00,15901.0
2014-08-30 22:00:00,13585.0
2014-08-30 23:00:00,10014.0
2014-08-31 00:00:00,5786.0
2014-08-31 01:00:00,5812.0
2014-08-31 02:00:00,5432.0
2014-08-31 03:00:00,5382.0
2014-08-31 04:00:00,5952.0
2014-08-31 05:00:00,5837.0
2014-08-31 06:00:00,7989.0
2014-08-31 07:00:00,10649.0
2014-08-31 08:00:00,11685.0
2014-08-31 09:00:00,14003.0
2014-08-31 10:00:00,14482.0
2014-08-31 11:00:00,16420.0
2014-08-31 12:00:00,19583.0
2014-08-31 13:00:00,20685.0
2014-08-31 14:00:00,20786.0
2014-08-31 15:00:00,20685.0
2014-08-31 16:00:00,21381.0
2014-08-31 17:00:00,21166.0
2014-08-31 18:00:00,20583.0
2014-08-31 19:00:00,20293.0
2014-08-31 20:00:00,18824.0
2014-08-31 21:00:00,15243.0
2014-08-31 22:00:00,11445.0
2014-08-31 23:00:00,6724.0
2014-09-01 00:00:00,6052.0
2014-09-01 01:00:00,6217.0
2014-09-01 02:00:00,5927.0
2014-09-01 03:00:00,5863.0
2014-09-01 04:00:00,6331.0
2014-09-01 05:00:00,6154.0
2014-09-01 06:00:00,8128.0
2014-09-01 07:00:00,10901.0
2014-09-01 08:00:00,11901.0
2014-09-01 09:00:00,15065.0
2014-09-01 10:00:00,16066.0
2014-09-01 11:00:00,16407.0
2014-09-01 12:00:00,16205.0
2014-09-01 13:00:00,20558.0
2014-09-01 14:00:00,21355.0
2014-09-01 15:00:00,23344.0
2014-09-01 16:00:00,22116.0
2014-09-01 17:00:00,22331.0
2014-09-01 18:00:00,20838.0
2014-09-01 19:00:00,20736.0
2014-09-01 20:00:00,19964.0
2014-09-01 21:00:00,16318.0
2014-09-01 22:00:00,13597.0
2014-09-01 23:00:00,9495.0
2014-09-02 00:00:00,6407.0
2014-09-02 01:00:00,6508.0
2014-09-02 02:00:00,6116.0
2014-09-02 03:00:00,5761.0
2014-09-02 04:00:00,6078.0
2014-09-02 05:00:00,6495.0
2014-09-02 06:00:00,8470.0
2014-09-02 07:00:00,10812.0
2014-09-02 08:00:00,12242.0
2014-09-02 09:00:00,14142.0
2014-09-02 10:00:00,15318.0
2014-09-02 11:00:00,15319.0
2014-09-02 12:00:00,15091.0
2014-09-02 13:00:00,17965.0
2014-09-02 14:00:00,19875.0
2014-09-02 15:00:00,19989.0
2014-09-02 16:00:00,21002.0
2014-09-02 17:00:00,21065.0
2014-09-02 18:00:00,19938.0
2014-09-02 19:00:00,19952.0
2014-09-02 20:00:00,19470.0
2014-09-02 21:00:00,16166.0
2014-09-02 22:00:00,14077.0
2014-09-02 23:00:00,9888.0
2014-09-03 00:00:00,6774.0
2014-09-03 01:00:00,6812.0
2014-09-03 02:00:00,6471.0
2014-09-03 03:00:00,6243.0
2014-09-03 04:00:00,6926.0
2014-09-03 05:00:00,6622.0
2014-09-03 06:00:00,8343.0
2014-09-03 07:00:00,10711.0
2014-09-03 08:00:00,12267.0
2014-09-03 09:00:00,13876.0
2014-09-03 10:00:00,15471.0
2014-09-03 11:00:00,16280.0
2014-09-03 12:00:00,15091.0
2014-09-03 13:00:00,15331.0
2014-09-03 14:00:00,14938.0
2014-09-03 15:00:00,14976.0
2014-09-03 16:00:00,15584.0
2014-09-03 17:00:00,15014.0
2014-09-03 18:00:00,14369.0
2014-09-03 19:00:00,15344.0
2014-09-03 20:00:00,14559.0
2014-09-03 21:00:00,14104.0
2014-09-03 22:00:00,13078.0
2014-09-03 23:00:00,9711.0
2014-09-04 00:00:00,5724.0
2014-09-04 01:00:00,5837.0
2014-09-04 02:00:00,5445.0
2014-09-04 03:00:00,5508.0
2014-09-04 04:00:00,5964.0
2014-09-04 05:00:00,6154.0
2014-09-04 06:00:00,8243.0
2014-09-04 07:00:00,10623.0
2014-09-04 08:00:00,12129.0
2014-09-04 09:00:00,13660.0
2014-09-04 10:00:00,16166.0
2014-09-04 11:00:00,15787.0
2014-09-04 12:00:00,15053.0
2014-09-04 13:00:00,15217.0
2014-09-04 14:00:00,14433.0
2014-09-04 15:00:00,14408.0
2014-09-04 16:00:00,14850.0
2014-09-04 17:00:00,14989.0
2014-09-04 18:00:00,13863.0
2014-09-04 19:00:00,15383.0
2014-09-04 20:00:00,14572.0
2014-09-04 21:00:00,13446.0
2014-09-04 22:00:00,13014.0
2014-09-04 23:00:00,10014.0
2014-09-05 00:00:00,6229.0
2014-09-05 01:00:00,6317.0
2014-09-05 02:00:00,5825.0
2014-09-05 03:00:00,5877.0
2014-09-05 04:00:00,6078.0
2014-09-05 05:00:00,6040.0
2014-09-05 06:00:00,7964.0
2014-09-05 07:00:00,10128.0
2014-09-05 08:00:00,11914.0
2014-09-05 09:00:00,13383.0
2014-09-05 10:00:00,15495.0
2014-09-05 11:00:00,14825.0
2014-09-05 12:00:00,15381.0
2014-09-05 13:00:00,15116.0
2014-09-05 14:00:00,14432.0
2014-09-05 15:00:00,16065.0
2014-09-05 16:00:00,15433.0
2014-09-05 17:00:00,15281.0
2014-09-05 18:00:00,15141.0
2014-09-05 19:00:00,15356.0
2014-09-05 20:00:00,14508.0
2014-09-05 21:00:00,14167.0
2014-09-05 22:00:00,13483.0
2014-09-05 23:00:00,11040.0
2014-09-06 00:00:00,6319.0
2014-09-06 01:00:00,6002.0
2014-09-06 02:00:00,5748.0
2014-09-06 03:00:00,5837.0
2014-09-06 04:00:00,6280.0
2014-09-06 05:00:00,6635.0
2014-09-06 06:00:00,8636.0
2014-09-06 07:00:00,11420.0
2014-09-06 08:00:00,12900.0
2014-09-06 09:00:00,14989.0
2014-09-06 10:00:00,16533.0
2014-09-06 11:00:00,16356.0
2014-09-06 12:00:00,15634.0
2014-09-06 13:00:00,15014.0
2014-09-06 14:00:00,14786.0
2014-09-06 15:00:00,15761.0
2014-09-06 16:00:00,15192.0
2014-09-06 17:00:00,15395.0
2014-09-06 18:00:00,14748.0
2014-09-06 19:00:00,15471.0
2014-09-06 20:00:00,14002.0
2014-09-06 21:00:00,13180.0
2014-09-06 22:00:00,13129.0
2014-09-06 23:00:00,9686.0
2014-09-07 00:00:00,6053.0
2014-09-07 01:00:00,6142.0
2014-09-07 02:00:00,5712.0
2014-09-07 03:00:00,5749.0
2014-09-07 04:00:00,6445.0
2014-09-07 05:00:00,6723.0
2014-09-07 06:00:00,8572.0
2014-09-07 07:00:00,11698.0
2014-09-07 08:00:00,12269.0
2014-09-07 09:00:00,14267.0
2014-09-07 10:00:00,15065.0
2014-09-07 11:00:00,16331.0
2014-09-07 12:00:00,14736.0
2014-09-07 13:00:00,14825.0
2014-09-07 14:00:00,15267.0
2014-09-07 15:00:00,14850.0
2014-09-07 16:00:00,15724.0
2014-09-07 17:00:00,15381.0
2014-09-07 18:00:00,14711.0
2014-09-07 19:00:00,14939.0
2014-09-07 20:00:00,14356.0
2014-09-07 21:00:00,12583.0
2014-09-07 22:00:00,11446.0
2014-09-07 23:00:00,6255.0
2014-09-08 00:00:00,5737.0
2014-09-08 01:00:00,5800.0
2014-09-08 02:00:00,5382.0
2014-09-08 03:00:00,5471.0
2014-09-08 04:00:00,5926.0
2014-09-08 05:00:00,6597.0
2014-09-08 06:00:00,8762.0
2014-09-08 07:00:00,11141.0
2014-09-08 08:00:00,12723.0
2014-09-08 09:00:00,14533.0
2014-09-08 10:00:00,16572.0
2014-09-08 11:00:00,15748.0
2014-09-08 12:00:00,15407.0
2014-09-08 13:00:00,14660.0
2014-09-08 14:00:00,15623.0
2014-09-08 15:00:00,14811.0
2014-09-08 16:00:00,15355.0
2014-09-08 17:00:00,14964.0
2014-09-08 18:00:00,14849.0
2014-09-08 19:00:00,14990.0
2014-09-08 20:00:00,14926.0
2014-09-08 21:00:00,14079.0
2014-09-08 22:00:00,13470.0
2014-09-08 23:00:00,10775.0
2014-09-09 00:00:00,6407.0
2014-09-09 01:00:00,5686.0
2014-09-09 02:00:00,5394.0
2014-09-09 03:00:00,5243.0
2014-09-09 04:00:00,5622.0
2014-09-09 05:00:00,5925.0
2014-09-09 06:00:00,8597.0
2014-09-09 07:00:00,10964.0
2014-09-09 08:00:00,12471.0
2014-09-09 09:00:00,13509.0
2014-09-09 10:00:00,15660.0
2014-09-09 11:00:00,15217.0
2014-09-09 12:00:00,15205.0
2014-09-09 13:00:00,14849.0
2014-09-09 14:00:00,15166.0
2014-09-09 15:00:00,15078.0
2014-09-09 16:00:00,15166.0
2014-09-09 17:00:00,15559.0
2014-09-09 18:00:00,14445.0
2014-09-09 19:00:00,15560.0
2014-09-09 20:00:00,14647.0
2014-09-09 21:00:00,14383.0
2014-09-09 22:00:00,13204.0
2014-09-09 23:00:00,9887.0
2014-09-10 00:00:00,5939.0
2014-09-10 01:00:00,5938.0
2014-09-10 02:00:00,5420.0
2014-09-10 03:00:00,5470.0
2014-09-10 04:00:00,5737.0
2014-09-10 05:00:00,6178.0
2014-09-10 06:00:00,8281.0
2014-09-10 07:00:00,10762.0
2014-09-10 08:00:00,12078.0
2014-09-10 09:00:00,13508.0
2014-09-10 10:00:00,15875.0
2014-09-10 11:00:00,16660.0
2014-09-10 12:00:00,15432.0
2014-09-10 13:00:00,15243.0
2014-09-10 14:00:00,14876.0
2014-09-10 15:00:00,13419.0
2014-09-10 16:00:00,14179.0
2014-09-10 17:00:00,14964.0
2014-09-10 18:00:00,14255.0
2014-09-10 19:00:00,15243.0
2014-09-10 20:00:00,14368.0
2014-09-10 21:00:00,13686.0
2014-09-10 22:00:00,12646.0
2014-09-10 23:00:00,10318.0
2014-09-11 00:00:00,5914.0
2014-09-11 01:00:00,5876.0
2014-09-11 02:00:00,5483.0
2014-09-11 03:00:00,5571.0
2014-09-11 04:00:00,5862.0
2014-09-11 05:00:00,6382.0
2014-09-11 06:00:00,8191.0
2014-09-11 07:00:00,11014.0
2014-09-11 08:00:00,11864.0
2014-09-11 09:00:00,13965.0
2014-09-11 10:00:00,14724.0
2014-09-11 11:00:00,15369.0
2014-09-11 12:00:00,15217.0
2014-09-11 13:00:00,14849.0
2014-09-11 14:00:00,14180.0
2014-09-11 15:00:00,14976.0
2014-09-11 16:00:00,15534.0
2014-09-11 17:00:00,15800.0
2014-09-11 18:00:00,14609.0
2014-09-11 19:00:00,14711.0
2014-09-11 20:00:00,14737.0
2014-09-11 21:00:00,13179.0
2014-09-11 22:00:00,12610.0
2014-09-11 23:00:00,10433.0
2014-09-12 00:00:00,5990.0
2014-09-12 01:00:00,5596.0
2014-09-12 02:00:00,5242.0
2014-09-12 03:00:00,5179.0
2014-09-12 04:00:00,5775.0
2014-09-12 05:00:00,6078.0
2014-09-12 06:00:00,7989.0
2014-09-12 07:00:00,11470.0
2014-09-12 08:00:00,12028.0
2014-09-12 09:00:00,14939.0
2014-09-12 10:00:00,15103.0
2014-09-12 11:00:00,16913.0
2014-09-12 12:00:00,15407.0
2014-09-12 13:00:00,14824.0
2014-09-12 14:00:00,17229.0
2014-09-12 15:00:00,15406.0
2014-09-12 16:00:00,15584.0
2014-09-12 17:00:00,15217.0
2014-09-12 18:00:00,15103.0
2014-09-12 19:00:00,14976.0
2014-09-12 20:00:00,14547.0
2014-09-12 21:00:00,14002.0
2014-09-12 22:00:00,13319.0
2014-09-12 23:00:00,10079.0
2014-09-13 00:00:00,6761.0
2014-09-13 01:00:00,6521.0
2014-09-13 02:00:00,6268.0
2014-09-13 03:00:00,6382.0
2014-09-13 04:00:00,6699.0
2014-09-13 05:00:00,6610.0
2014-09-13 06:00:00,8547.0
2014-09-13 07:00:00,11116.0
2014-09-13 08:00:00,12331.0
2014-09-13 09:00:00,15002.0
2014-09-13 10:00:00,15167.0
2014-09-13 11:00:00,15686.0
2014-09-13 12:00:00,15799.0
2014-09-13 13:00:00,14900.0
2014-09-13 14:00:00,14357.0
2014-09-13 15:00:00,15648.0
2014-09-13 16:00:00,15648.0
2014-09-13 17:00:00,15382.0
2014-09-13 18:00:00,14559.0
2014-09-13 19:00:00,15230.0
2014-09-13 20:00:00,13976.0
2014-09-13 21:00:00,13736.0
2014-09-13 22:00:00,12813.0
2014-09-13 23:00:00,9901.0
2014-09-14 00:00:00,6647.0
2014-09-14 01:00:00,6685.0
2014-09-14 02:00:00,6319.0
2014-09-14 03:00:00,6293.0
2014-09-14 04:00:00,6711.0
2014-09-14 05:00:00,6508.0
2014-09-14 06:00:00,8496.0
2014-09-14 07:00:00,10989.0
2014-09-14 08:00:00,11964.0
2014-09-14 09:00:00,13965.0
2014-09-14 10:00:00,15179.0
2014-09-14 11:00:00,15951.0
2014-09-14 12:00:00,14825.0
2014-09-14 13:00:00,14799.0
2014-09-14 14:00:00,14292.0
2014-09-14 15:00:00,14255.0
2014-09-14 16:00:00,15546.0
2014-09-14 17:00:00,15192.0
2014-09-14 18:00:00,14812.0
2014-09-14 19:00:00,15180.0
2014-09-14 20:00:00,14204.0
2014-09-14 21:00:00,13178.0
2014-09-14 22:00:00,11090.0
2014-09-14 23:00:00,6508.0
2014-09-15 00:00:00,6179.0
2014-09-15 01:00:00,6192.0
2014-09-15 02:00:00,5800.0
2014-09-15 03:00:00,6103.0
2014-09-15 04:00:00,6558.0
2014-09-15 05:00:00,6053.0
2014-09-15 06:00:00,8079.0
2014-09-15 07:00:00,11368.0
2014-09-15 08:00:00,11053.0
2014-09-15 09:00:00,15040.0
2014-09-15 10:00:00,15116.0
2014-09-15 11:00:00,15433.0
2014-09-15 12:00:00,15571.0
2014-09-15 13:00:00,14622.0
2014-09-15 14:00:00,15090.0
2014-09-15 15:00:00,14444.0
2014-09-15 16:00:00,15205.0
2014-09-15 17:00:00,15838.0
2014-09-15 18:00:00,15394.0
2014-09-15 19:00:00,16052.0
2014-09-15 20:00:00,15319.0
2014-09-15 21:00:00,13952.0
2014-09-15 22:00:00,13128.0
2014-09-15 23:00:00,10824.0
2014-09-16 00:00:00,8572.0
2014-09-16 01:00:00,8661.0
2014-09-16 02:00:00,7369.0
2014-09-16 03:00:00,7040.0
2014-09-16 04:00:00,7521.0
2014-09-16 05:00:00,7167.0
2014-09-16 06:00:00,9078.0
2014-09-16 07:00:00,11535.0
2014-09-16 08:00:00,12736.0
2014-09-16 09:00:00,14496.0
2014-09-16 10:00:00,16293.0
2014-09-16 11:00:00,16609.0
2014-09-16 12:00:00,16154.0
2014-09-16 13:00:00,15269.0
2014-09-16 14:00:00,14584.0
2014-09-16 15:00:00,14673.0
2014-09-16 16:00:00,15053.0
2014-09-16 17:00:00,14849.0
2014-09-16 18:00:00,15204.0
2014-09-16 19:00:00,15231.0
2014-09-16 20:00:00,13989.0
2014-09-16 21:00:00,12977.0
2014-09-16 22:00:00,12129.0
2014-09-16 23:00:00,9394.0
2014-09-17 00:00:00,5977.0
2014-09-17 01:00:00,5862.0
2014-09-17 02:00:00,5698.0
2014-09-17 03:00:00,5521.0
2014-09-17 04:00:00,5977.0
2014-09-17 05:00:00,6280.0
2014-09-17 06:00:00,8255.0
2014-09-17 07:00:00,10647.0
2014-09-17 08:00:00,12193.0
2014-09-17 09:00:00,14723.0
2014-09-17 10:00:00,16079.0
2014-09-17 11:00:00,16558.0
2014-09-17 12:00:00,15749.0
2014-09-17 13:00:00,15318.0
2014-09-17 14:00:00,14242.0
2014-09-17 15:00:00,14369.0
2014-09-17 16:00:00,15116.0
2014-09-17 17:00:00,15041.0
2014-09-17 18:00:00,14813.0
2014-09-17 19:00:00,14774.0
2014-09-17 20:00:00,14344.0
2014-09-17 21:00:00,12786.0
2014-09-17 22:00:00,12698.0
2014-09-17 23:00:00,9381.0
2014-09-18 00:00:00,5761.0
2014-09-18 01:00:00,5647.0
2014-09-18 02:00:00,5293.0
2014-09-18 03:00:00,5357.0
2014-09-18 04:00:00,5876.0
2014-09-18 05:00:00,6115.0
2014-09-18 06:00:00,8205.0
2014-09-18 07:00:00,11218.0
2014-09-18 08:00:00,11521.0
2014-09-18 09:00:00,14230.0
2014-09-18 10:00:00,15572.0
2014-09-18 11:00:00,15356.0
2014-09-18 12:00:00,13901.0
2014-09-18 13:00:00,13850.0
2014-09-18 14:00:00,13520.0
2014-09-18 15:00:00,13192.0
2014-09-18 16:00:00,14647.0
2014-09-18 17:00:00,14243.0
2014-09-18 18:00:00,13471.0
2014-09-18 19:00:00,14648.0
2014-09-18 20:00:00,14077.0
2014-09-18 21:00:00,13153.0
2014-09-18 22:00:00,12685.0
2014-09-18 23:00:00,9432.0
2014-09-19 00:00:00,5471.0
2014-09-19 01:00:00,5534.0
2014-09-19 02:00:00,5154.0
2014-09-19 03:00:00,5445.0
2014-09-19 04:00:00,5812.0
2014-09-19 05:00:00,6217.0
2014-09-19 06:00:00,8319.0
2014-09-19 07:00:00,11053.0
2014-09-19 08:00:00,12140.0
2014-09-19 09:00:00,14255.0
2014-09-19 10:00:00,15293.0
2014-09-19 11:00:00,15115.0
2014-09-19 12:00:00,14787.0
2014-09-19 13:00:00,14230.0
2014-09-19 14:00:00,14420.0
2014-09-19 15:00:00,14217.0
2014-09-19 16:00:00,15167.0
2014-09-19 17:00:00,14774.0
2014-09-19 18:00:00,14091.0
2014-09-19 19:00:00,14343.0
2014-09-19 20:00:00,14129.0
2014-09-19 21:00:00,13572.0
2014-09-19 22:00:00,12508.0
2014-09-19 23:00:00,9332.0
2014-09-20 00:00:00,5547.0
2014-09-20 01:00:00,5243.0
2014-09-20 02:00:00,5065.0
2014-09-20 03:00:00,5168.0
2014-09-20 04:00:00,5597.0
2014-09-20 05:00:00,5952.0
2014-09-20 06:00:00,8103.0
2014-09-20 07:00:00,10787.0
2014-09-20 08:00:00,12040.0
2014-09-20 09:00:00,14167.0
2014-09-20 10:00:00,15837.0
2014-09-20 11:00:00,15256.0
2014-09-20 12:00:00,15280.0
2014-09-20 13:00:00,15064.0
2014-09-20 14:00:00,15001.0
2014-09-20 15:00:00,13889.0
2014-09-20 16:00:00,15471.0
2014-09-20 17:00:00,15128.0
2014-09-20 18:00:00,14750.0
2014-09-20 19:00:00,14458.0
2014-09-20 20:00:00,13851.0
2014-09-20 21:00:00,14040.0
2014-09-20 22:00:00,13204.0
2014-09-20 23:00:00,10496.0
2014-09-21 00:00:00,6546.0
2014-09-21 01:00:00,5990.0
2014-09-21 02:00:00,5483.0
2014-09-21 03:00:00,5534.0
2014-09-21 04:00:00,6128.0
2014-09-21 05:00:00,6166.0
2014-09-21 06:00:00,8167.0
2014-09-21 07:00:00,11217.0
2014-09-21 08:00:00,12091.0
2014-09-21 09:00:00,13711.0
2014-09-21 10:00:00,14545.0
2014-09-21 11:00:00,15103.0
2014-09-21 12:00:00,14964.0
2014-09-21 13:00:00,14356.0
2014-09-21 14:00:00,14015.0
2014-09-21 15:00:00,14534.0
2014-09-21 16:00:00,14939.0
2014-09-21 17:00:00,14433.0
2014-09-21 18:00:00,13989.0
2014-09-21 19:00:00,14508.0
2014-09-21 20:00:00,13888.0
2014-09-21 21:00:00,12951.0
2014-09-21 22:00:00,11217.0
2014-09-21 23:00:00,7584.0
2014-09-22 00:00:00,7217.0
2014-09-22 01:00:00,7395.0
2014-09-22 02:00:00,7128.0
2014-09-22 03:00:00,6990.0
2014-09-22 04:00:00,7508.0
2014-09-22 05:00:00,7330.0
2014-09-22 06:00:00,9687.0
2014-09-22 07:00:00,12179.0
2014-09-22 08:00:00,13736.0
2014-09-22 09:00:00,13888.0
2014-09-22 10:00:00,15685.0
2014-09-22 11:00:00,15597.0
2014-09-22 12:00:00,14875.0
2014-09-22 13:00:00,13799.0
2014-09-22 14:00:00,14294.0
2014-09-22 15:00:00,13660.0
2014-09-22 16:00:00,14432.0
2014-09-22 17:00:00,14280.0
2014-09-22 18:00:00,13812.0
2014-09-22 19:00:00,14192.0
2014-09-22 20:00:00,14014.0
2014-09-22 21:00:00,13420.0
2014-09-22 22:00:00,12724.0
2014-09-22 23:00:00,10191.0
2014-09-23 00:00:00,5952.0
2014-09-23 01:00:00,5622.0
2014-09-23 02:00:00,5217.0
2014-09-23 03:00:00,5445.0
2014-09-23 04:00:00,5697.0
2014-09-23 05:00:00,6014.0
2014-09-23 06:00:00,8103.0
2014-09-23 07:00:00,10609.0
2014-09-23 08:00:00,12395.0
2014-09-23 09:00:00,13838.0
2014-09-23 10:00:00,15610.0
2014-09-23 11:00:00,15395.0
2014-09-23 12:00:00,14281.0
2014-09-23 13:00:00,13888.0
2014-09-23 14:00:00,13394.0
2014-09-23 15:00:00,13319.0
2014-09-23 16:00:00,14774.0
2014-09-23 17:00:00,14280.0
2014-09-23 18:00:00,13849.0
2014-09-23 19:00:00,14432.0
2014-09-23 20:00:00,14558.0
2014-09-23 21:00:00,13280.0
2014-09-23 22:00:00,12533.0
2014-09-23 23:00:00,9218.0
2014-09-24 00:00:00,963.0
2014-09-24 01:00:00,5648.0
2014-09-24 02:00:00,5293.0
2014-09-24 03:00:00,5381.0
2014-09-24 04:00:00,5889.0
2014-09-24 05:00:00,6003.0
2014-09-24 06:00:00,7939.0
2014-09-24 07:00:00,11052.0
2014-09-24 08:00:00,12775.0
2014-09-24 09:00:00,14051.0
2014-09-24 10:00:00,14876.0
2014-09-24 11:00:00,14711.0
2014-09-24 12:00:00,14407.0
2014-09-24 13:00:00,13761.0
2014-09-24 14:00:00,14167.0
2014-09-24 15:00:00,13636.0
2014-09-24 16:00:00,14280.0
2014-09-24 17:00:00,14964.0
2014-09-24 18:00:00,14345.0
2014-09-24 19:00:00,14913.0
2014-09-24 20:00:00,14775.0
2014-09-24 21:00:00,13495.0
2014-09-24 22:00:00,12584.0
2014-09-24 23:00:00,8888.0
2014-09-25 00:00:00,6179.0
2014-09-25 01:00:00,6420.0
2014-09-25 02:00:00,6065.0
2014-09-25 03:00:00,6089.0
2014-09-25 04:00:00,7408.0
2014-09-25 05:00:00,8787.0
2014-09-25 06:00:00,10673.0
2014-09-25 07:00:00,13432.0
2014-09-25 08:00:00,14508.0
2014-09-25 09:00:00,13534.0
2014-09-25 10:00:00,15306.0
2014-09-25 11:00:00,15066.0
2014-09-25 12:00:00,15128.0
2014-09-25 13:00:00,14483.0
2014-09-25 14:00:00,14218.0
2014-09-25 15:00:00,13787.0
2014-09-25 16:00:00,14635.0
2014-09-25 17:00:00,14825.0
2014-09-25 18:00:00,14850.0
2014-09-25 19:00:00,15395.0
2014-09-25 20:00:00,14875.0
2014-09-25 21:00:00,13622.0
2014-09-25 22:00:00,13153.0
2014-09-25 23:00:00,9243.0
2014-09-26 00:00:00,5851.0
2014-09-26 01:00:00,5799.0
2014-09-26 02:00:00,5521.0
2014-09-26 03:00:00,5521.0
2014-09-26 04:00:00,5875.0
2014-09-26 05:00:00,6457.0
2014-09-26 06:00:00,8444.0
2014-09-26 07:00:00,11065.0
2014-09-26 08:00:00,13078.0
2014-09-26 09:00:00,13938.0
2014-09-26 10:00:00,16091.0
2014-09-26 11:00:00,16483.0
2014-09-26 12:00:00,16179.0
2014-09-26 13:00:00,14838.0
2014-09-26 14:00:00,14902.0
2014-09-26 15:00:00,15027.0
2014-09-26 16:00:00,15356.0
2014-09-26 17:00:00,15673.0
2014-09-26 18:00:00,15041.0
2014-09-26 19:00:00,15166.0
2014-09-26 20:00:00,14205.0
2014-09-26 21:00:00,13585.0
2014-09-26 22:00:00,12925.0
2014-09-26 23:00:00,9622.0
2014-09-27 00:00:00,5723.0
2014-09-27 01:00:00,5813.0
2014-09-27 02:00:00,5420.0
2014-09-27 03:00:00,5610.0
2014-09-27 04:00:00,5951.0
2014-09-27 05:00:00,6597.0
2014-09-27 06:00:00,8572.0
2014-09-27 07:00:00,11293.0
2014-09-27 08:00:00,13356.0
2014-09-27 09:00:00,14141.0
2014-09-27 10:00:00,16268.0
2014-09-27 11:00:00,16344.0
2014-09-27 12:00:00,15787.0
2014-09-27 13:00:00,15420.0
2014-09-27 14:00:00,14774.0
2014-09-27 15:00:00,15218.0
2014-09-27 16:00:00,15913.0
2014-09-27 17:00:00,15332.0
2014-09-27 18:00:00,14786.0
2014-09-27 19:00:00,15142.0
2014-09-27 20:00:00,14230.0
2014-09-27 21:00:00,13672.0
2014-09-27 22:00:00,12913.0
2014-09-27 23:00:00,10191.0
2014-09-28 00:00:00,5736.0
2014-09-28 01:00:00,5597.0
2014-09-28 02:00:00,5154.0
2014-09-28 03:00:00,5242.0
2014-09-28 04:00:00,5622.0
2014-09-28 05:00:00,5990.0
2014-09-28 06:00:00,7863.0
2014-09-28 07:00:00,11610.0
2014-09-28 08:00:00,12066.0
2014-09-28 09:00:00,14243.0
2014-09-28 10:00:00,15508.0
2014-09-28 11:00:00,15268.0
2014-09-28 12:00:00,14014.0
2014-09-28 13:00:00,14204.0
2014-09-28 14:00:00,15293.0
2014-09-28 15:00:00,15077.0
2014-09-28 16:00:00,15254.0
2014-09-28 17:00:00,15533.0
2014-09-28 18:00:00,14243.0
2014-09-28 19:00:00,14306.0
2014-09-28 20:00:00,14382.0
2014-09-28 21:00:00,13077.0
2014-09-28 22:00:00,11546.0
2014-09-28 23:00:00,7660.0
2014-09-29 00:00:00,6824.0
2014-09-29 01:00:00,7052.0
2014-09-29 02:00:00,6698.0
2014-09-29 03:00:00,6762.0
2014-09-29 04:00:00,7001.0
2014-09-29 05:00:00,6952.0
2014-09-29 06:00:00,8964.0
2014-09-29 07:00:00,12256.0
2014-09-29 08:00:00,12027.0
2014-09-29 09:00:00,14003.0
2014-09-29 10:00:00,15635.0
2014-09-29 11:00:00,15343.0
2014-09-29 12:00:00,14610.0
2014-09-29 13:00:00,14217.0
2014-09-29 14:00:00,14078.0
2014-09-29 15:00:00,14660.0
2014-09-29 16:00:00,15065.0
2014-09-29 17:00:00,14774.0
2014-09-29 18:00:00,14168.0
2014-09-29 19:00:00,14483.0
2014-09-29 20:00:00,14090.0
2014-09-29 21:00:00,13141.0
2014-09-29 22:00:00,12597.0
2014-09-29 23:00:00,9242.0
2014-09-30 00:00:00,5800.0
2014-09-30 01:00:00,5636.0
2014-09-30 02:00:00,5281.0
2014-09-30 03:00:00,5407.0
2014-09-30 04:00:00,5838.0
2014-09-30 05:00:00,6066.0
2014-09-30 06:00:00,8014.0
2014-09-30 07:00:00,11356.0
2014-09-30 08:00:00,11496.0
2014-09-30 09:00:00,13798.0
2014-09-30 10:00:00,14659.0
2014-09-30 11:00:00,14444.0
2014-09-30 12:00:00,13939.0
2014-09-30 13:00:00,13585.0
2014-09-30 14:00:00,14078.0
2014-09-30 15:00:00,14737.0
2014-09-30 16:00:00,15091.0
2014-09-30 17:00:00,15078.0
2014-09-30 18:00:00,14469.0
2014-09-30 19:00:00,14647.0
2014-09-30 20:00:00,14305.0
2014-09-30 21:00:00,13673.0
2014-09-30 22:00:00,12888.0
2014-09-30 23:00:00,8951.0
2014-10-01 00:00:00,5851.0
2014-10-01 01:00:00,5623.0
2014-10-01 02:00:00,5255.0
2014-10-01 03:00:00,5280.0
2014-10-01 04:00:00,5699.0
2014-10-01 05:00:00,6204.0
2014-10-01 06:00:00,8433.0
2014-10-01 07:00:00,11774.0
2014-10-01 08:00:00,11318.0
2014-10-01 09:00:00,13762.0
2014-10-01 10:00:00,15610.0
2014-10-01 11:00:00,15610.0
2014-10-01 12:00:00,15496.0
2014-10-01 13:00:00,14774.0
2014-10-01 14:00:00,15520.0
2014-10-01 15:00:00,14622.0
2014-10-01 16:00:00,15901.0
2014-10-01 17:00:00,15825.0
2014-10-01 18:00:00,15305.0
2014-10-01 19:00:00,15522.0
2014-10-01 20:00:00,14635.0
2014-10-01 21:00:00,13685.0
2014-10-01 22:00:00,11951.0
2014-10-01 23:00:00,6407.0
2014-10-02 00:00:00,5685.0
2014-10-02 01:00:00,5939.0
2014-10-02 02:00:00,5560.0
2014-10-02 03:00:00,5635.0
2014-10-02 04:00:00,6027.0
2014-10-02 05:00:00,6508.0
2014-10-02 06:00:00,8584.0
2014-10-02 07:00:00,12103.0
2014-10-02 08:00:00,12470.0
2014-10-02 09:00:00,15117.0
2014-10-02 10:00:00,16318.0
2014-10-02 11:00:00,15648.0
2014-10-02 12:00:00,15420.0
2014-10-02 13:00:00,15534.0
2014-10-02 14:00:00,14419.0
2014-10-02 15:00:00,15484.0
2014-10-02 16:00:00,16129.0
2014-10-02 17:00:00,15787.0
2014-10-02 18:00:00,15078.0
2014-10-02 19:00:00,16040.0
2014-10-02 20:00:00,15483.0
2014-10-02 21:00:00,13876.0
2014-10-02 22:00:00,11938.0
2014-10-02 23:00:00,6799.0
2014-10-03 00:00:00,6002.0
2014-10-03 01:00:00,6078.0
2014-10-03 02:00:00,5774.0
2014-10-03 03:00:00,5889.0
2014-10-03 04:00:00,6407.0
2014-10-03 05:00:00,6532.0
2014-10-03 06:00:00,8634.0
2014-10-03 07:00:00,11408.0
2014-10-03 08:00:00,13179.0
2014-10-03 09:00:00,14470.0
2014-10-03 10:00:00,16015.0
2014-10-03 11:00:00,16710.0
2014-10-03 12:00:00,16458.0
2014-10-03 13:00:00,15977.0
2014-10-03 14:00:00,15217.0
2014-10-03 15:00:00,14647.0
2014-10-03 16:00:00,16609.0
2014-10-03 17:00:00,16128.0
2014-10-03 18:00:00,15484.0
2014-10-03 19:00:00,15723.0
2014-10-03 20:00:00,14951.0
2014-10-03 21:00:00,13482.0
2014-10-03 22:00:00,11167.0
2014-10-03 23:00:00,6939.0
2014-10-04 00:00:00,6445.0
2014-10-04 01:00:00,6723.0
2014-10-04 02:00:00,6356.0
2014-10-04 03:00:00,6445.0
2014-10-04 04:00:00,7116.0
2014-10-04 05:00:00,6635.0
2014-10-04 06:00:00,8788.0
2014-10-04 07:00:00,11293.0
2014-10-04 08:00:00,12672.0
2014-10-04 09:00:00,14775.0
2014-10-04 10:00:00,16558.0
2014-10-04 11:00:00,16216.0
2014-10-04 12:00:00,15040.0
2014-10-04 13:00:00,15458.0
2014-10-04 14:00:00,15825.0
2014-10-04 15:00:00,14963.0
2014-10-04 16:00:00,15179.0
2014-10-04 17:00:00,15357.0
2014-10-04 18:00:00,14951.0
2014-10-04 19:00:00,14648.0
2014-10-04 20:00:00,14534.0
2014-10-04 21:00:00,13064.0
2014-10-04 22:00:00,11723.0
2014-10-04 23:00:00,6812.0
2014-10-05 00:00:00,5661.0
2014-10-05 01:00:00,5496.0
2014-10-05 02:00:00,5357.0
2014-10-05 03:00:00,5205.0
2014-10-05 04:00:00,5698.0
2014-10-05 05:00:00,6091.0
2014-10-05 06:00:00,8230.0
2014-10-05 07:00:00,11079.0
2014-10-05 08:00:00,12495.0
2014-10-05 09:00:00,13736.0
2014-10-05 10:00:00,15179.0
2014-10-05 11:00:00,15103.0
2014-10-05 12:00:00,14672.0
2014-10-05 13:00:00,14445.0
2014-10-05 14:00:00,14672.0
2014-10-05 15:00:00,14533.0
2014-10-05 16:00:00,14622.0
2014-10-05 17:00:00,14623.0
2014-10-05 18:00:00,14636.0
2014-10-05 19:00:00,14546.0
2014-10-05 20:00:00,13559.0
2014-10-05 21:00:00,12129.0
2014-10-05 22:00:00,10571.0
2014-10-05 23:00:00,5698.0
2014-10-06 00:00:00,5141.0
2014-10-06 01:00:00,5217.0
2014-10-06 02:00:00,4976.0
2014-10-06 03:00:00,5154.0
2014-10-06 04:00:00,5623.0
2014-10-06 05:00:00,5812.0
2014-10-06 06:00:00,9787.0
2014-10-06 07:00:00,11534.0
2014-10-06 08:00:00,10876.0
2014-10-06 09:00:00,14381.0
2014-10-06 10:00:00,15229.0
2014-10-06 11:00:00,14977.0
2014-10-06 12:00:00,14813.0
2014-10-06 13:00:00,13774.0
2014-10-06 14:00:00,14331.0
2014-10-06 15:00:00,13774.0
2014-10-06 16:00:00,15218.0
2014-10-06 17:00:00,14622.0
2014-10-06 18:00:00,13825.0
2014-10-06 19:00:00,14052.0
2014-10-06 20:00:00,14027.0
2014-10-06 21:00:00,13761.0
2014-10-06 22:00:00,11813.0
2014-10-06 23:00:00,7052.0
2014-10-07 00:00:00,6242.0
2014-10-07 01:00:00,6406.0
2014-10-07 02:00:00,6014.0
2014-10-07 03:00:00,6091.0
2014-10-07 04:00:00,6381.0
2014-10-07 05:00:00,6849.0
2014-10-07 06:00:00,8154.0
2014-10-07 07:00:00,12103.0
2014-10-07 08:00:00,10964.0
2014-10-07 09:00:00,14154.0
2014-10-07 10:00:00,14621.0
2014-10-07 11:00:00,14687.0
2014-10-07 12:00:00,14585.0
2014-10-07 13:00:00,14584.0
2014-10-07 14:00:00,15090.0
2014-10-07 15:00:00,14331.0
2014-10-07 16:00:00,14230.0
2014-10-07 17:00:00,14837.0
2014-10-07 18:00:00,14192.0
2014-10-07 19:00:00,14636.0
2014-10-07 20:00:00,14091.0
2014-10-07 21:00:00,12647.0
2014-10-07 22:00:00,11470.0
2014-10-07 23:00:00,6634.0
2014-10-08 00:00:00,6141.0
2014-10-08 01:00:00,6343.0
2014-10-08 02:00:00,6053.0
2014-10-08 03:00:00,6103.0
2014-10-08 04:00:00,6381.0
2014-10-08 05:00:00,7951.0
2014-10-08 06:00:00,9192.0
2014-10-08 07:00:00,11521.0
2014-10-08 08:00:00,11647.0
2014-10-08 09:00:00,13712.0
2014-10-08 10:00:00,15572.0
2014-10-08 11:00:00,15267.0
2014-10-08 12:00:00,15166.0
2014-10-08 13:00:00,15268.0
2014-10-08 14:00:00,14116.0
2014-10-08 15:00:00,13902.0
2014-10-08 16:00:00,14559.0
2014-10-08 17:00:00,14863.0
2014-10-08 18:00:00,13762.0
2014-10-08 19:00:00,14292.0
2014-10-08 20:00:00,14420.0
2014-10-08 21:00:00,12533.0
2014-10-08 22:00:00,10685.0
2014-10-08 23:00:00,6091.0
2014-10-09 00:00:00,5534.0
2014-10-09 01:00:00,5838.0
2014-10-09 02:00:00,5508.0
2014-10-09 03:00:00,5559.0
2014-10-09 04:00:00,6231.0
2014-10-09 05:00:00,8040.0
2014-10-09 06:00:00,10091.0
2014-10-09 07:00:00,11559.0
2014-10-09 08:00:00,11330.0
2014-10-09 09:00:00,14027.0
2014-10-09 10:00:00,14876.0
2014-10-09 11:00:00,14888.0
2014-10-09 12:00:00,14369.0
2014-10-09 13:00:00,14977.0
2014-10-09 14:00:00,13951.0
2014-10-09 15:00:00,13648.0
2014-10-09 16:00:00,14596.0
2014-10-09 17:00:00,13850.0
2014-10-09 18:00:00,13635.0
2014-10-09 19:00:00,14116.0
2014-10-09 20:00:00,13483.0
2014-10-09 21:00:00,12205.0
2014-10-09 22:00:00,10811.0
2014-10-09 23:00:00,6306.0
2014-10-10 00:00:00,6231.0
2014-10-10 01:00:00,6394.0
2014-10-10 02:00:00,5750.0
2014-10-10 03:00:00,5508.0
2014-10-10 04:00:00,5938.0
2014-10-10 05:00:00,7850.0
2014-10-10 06:00:00,9685.0
2014-10-10 07:00:00,11281.0
2014-10-10 08:00:00,11509.0
2014-10-10 09:00:00,13281.0
2014-10-10 10:00:00,14710.0
2014-10-10 11:00:00,16420.0
2014-10-10 12:00:00,15027.0
2014-10-10 13:00:00,15559.0
2014-10-10 14:00:00,14660.0
2014-10-10 15:00:00,13040.0
2014-10-10 16:00:00,14331.0
2014-10-10 17:00:00,14457.0
2014-10-10 18:00:00,14484.0
2014-10-10 19:00:00,15128.0
2014-10-10 20:00:00,14204.0
2014-10-10 21:00:00,13104.0
2014-10-10 22:00:00,11317.0
2014-10-10 23:00:00,6344.0
2014-10-11 00:00:00,5369.0
2014-10-11 01:00:00,5420.0
2014-10-11 02:00:00,5217.0
2014-10-11 03:00:00,5268.0
2014-10-11 04:00:00,5686.0
2014-10-11 05:00:00,7470.0
2014-10-11 06:00:00,9508.0
2014-10-11 07:00:00,11192.0
2014-10-11 08:00:00,10648.0
2014-10-11 09:00:00,14521.0
2014-10-11 10:00:00,14192.0
2014-10-11 11:00:00,14939.0
2014-10-11 12:00:00,14445.0
2014-10-11 13:00:00,14825.0
2014-10-11 14:00:00,14078.0
2014-10-11 15:00:00,14002.0
2014-10-11 16:00:00,14279.0
2014-10-11 17:00:00,14408.0
2014-10-11 18:00:00,14154.0
2014-10-11 19:00:00,13775.0
2014-10-11 20:00:00,13737.0
2014-10-11 21:00:00,12255.0
2014-10-11 22:00:00,10686.0
2014-10-11 23:00:00,6191.0
2014-10-12 00:00:00,5381.0
2014-10-12 01:00:00,5534.0
2014-10-12 02:00:00,5090.0
2014-10-12 03:00:00,5217.0
2014-10-12 04:00:00,5750.0
2014-10-12 05:00:00,7230.0
2014-10-12 06:00:00,9331.0
2014-10-12 07:00:00,10419.0
2014-10-12 08:00:00,10724.0
2014-10-12 09:00:00,13761.0
2014-10-12 10:00:00,14217.0
2014-10-12 11:00:00,13647.0
2014-10-12 12:00:00,14724.0
2014-10-12 13:00:00,14546.0
2014-10-12 14:00:00,13611.0
2014-10-12 15:00:00,13876.0
2014-10-12 16:00:00,13509.0
2014-10-12 17:00:00,13497.0
2014-10-12 18:00:00,13951.0
2014-10-12 19:00:00,13648.0
2014-10-12 20:00:00,13053.0
2014-10-12 21:00:00,12243.0
2014-10-12 22:00:00,9647.0
2014-10-12 23:00:00,6407.0
2014-10-13 00:00:00,6091.0
2014-10-13 01:00:00,6255.0
2014-10-13 02:00:00,5940.0
2014-10-13 03:00:00,5800.0
2014-10-13 04:00:00,6154.0
2014-10-13 05:00:00,7458.0
2014-10-13 06:00:00,9116.0
2014-10-13 07:00:00,11521.0
2014-10-13 08:00:00,11053.0
2014-10-13 09:00:00,13989.0
2014-10-13 10:00:00,14280.0
2014-10-13 11:00:00,14305.0
2014-10-13 12:00:00,13458.0
2014-10-13 13:00:00,13977.0
2014-10-13 14:00:00,13533.0
2014-10-13 15:00:00,13610.0
2014-10-13 16:00:00,13534.0
2014-10-13 17:00:00,13560.0
2014-10-13 18:00:00,13180.0
2014-10-13 19:00:00,13256.0
2014-10-13 20:00:00,13178.0
2014-10-13 21:00:00,12180.0
2014-10-13 22:00:00,10939.0
2014-10-13 23:00:00,8862.0
2014-10-14 00:00:00,8204.0
2014-10-14 01:00:00,6470.0
2014-10-14 02:00:00,4838.0
2014-10-14 03:00:00,4711.0
2014-10-14 04:00:00,5205.0
2014-10-14 05:00:00,6812.0
2014-10-14 06:00:00,8875.0
2014-10-14 07:00:00,10128.0
2014-10-14 08:00:00,10154.0
2014-10-14 09:00:00,12850.0
2014-10-14 10:00:00,15091.0
2014-10-14 11:00:00,14268.0
2014-10-14 12:00:00,13659.0
2014-10-14 13:00:00,13635.0
2014-10-14 14:00:00,13901.0
2014-10-14 15:00:00,13559.0
2014-10-14 16:00:00,13256.0
2014-10-14 17:00:00,13205.0
2014-10-14 18:00:00,12990.0
2014-10-14 19:00:00,13267.0
2014-10-14 20:00:00,13204.0
2014-10-14 21:00:00,12065.0
2014-10-14 22:00:00,9799.0
2014-10-14 23:00:00,6344.0
2014-10-15 00:00:00,5876.0
2014-10-15 01:00:00,5964.0
2014-10-15 02:00:00,5851.0
2014-10-15 03:00:00,5901.0
2014-10-15 04:00:00,6394.0
2014-10-15 05:00:00,7648.0
2014-10-15 06:00:00,9635.0
2014-10-15 07:00:00,11686.0
2014-10-15 08:00:00,10685.0
2014-10-15 09:00:00,13622.0
2014-10-15 10:00:00,14749.0
2014-10-15 11:00:00,15420.0
2014-10-15 12:00:00,14040.0
2014-10-15 13:00:00,14281.0
2014-10-15 14:00:00,13559.0
2014-10-15 15:00:00,13280.0
2014-10-15 16:00:00,13901.0
2014-10-15 17:00:00,14103.0
2014-10-15 18:00:00,13774.0
2014-10-15 19:00:00,14065.0
2014-10-15 20:00:00,13685.0
2014-10-15 21:00:00,12407.0
2014-10-15 22:00:00,10192.0
2014-10-15 23:00:00,5787.0
2014-10-16 00:00:00,5243.0
2014-10-16 01:00:00,5343.0
2014-10-16 02:00:00,5040.0
2014-10-16 03:00:00,5204.0
2014-10-16 04:00:00,5761.0
2014-10-16 05:00:00,7370.0
2014-10-16 06:00:00,9482.0
2014-10-16 07:00:00,11571.0
2014-10-16 08:00:00,10850.0
2014-10-16 09:00:00,14281.0
2014-10-16 10:00:00,14888.0
2014-10-16 11:00:00,14850.0
2014-10-16 12:00:00,14306.0
2014-10-16 13:00:00,14534.0
2014-10-16 14:00:00,14356.0
2014-10-16 15:00:00,14280.0
2014-10-16 16:00:00,14192.0
2014-10-16 17:00:00,14193.0
2014-10-16 18:00:00,13863.0
2014-10-16 19:00:00,14356.0
2014-10-16 20:00:00,13585.0
2014-10-16 21:00:00,12520.0
2014-10-16 22:00:00,10559.0
2014-10-16 23:00:00,5660.0
2014-10-17 00:00:00,5255.0
2014-10-17 01:00:00,5394.0
2014-10-17 02:00:00,5155.0
2014-10-17 03:00:00,5167.0
2014-10-17 04:00:00,5711.0
2014-10-17 05:00:00,7483.0
2014-10-17 06:00:00,9533.0
2014-10-17 07:00:00,11546.0
2014-10-17 08:00:00,11509.0
2014-10-17 09:00:00,14775.0
2014-10-17 10:00:00,15774.0
2014-10-17 11:00:00,16028.0
2014-10-17 12:00:00,15192.0
2014-10-17 13:00:00,15394.0
2014-10-17 14:00:00,14863.0
2014-10-17 15:00:00,15318.0
2014-10-17 16:00:00,15091.0
2014-10-17 17:00:00,15015.0
2014-10-17 18:00:00,14293.0
2014-10-17 19:00:00,14901.0
2014-10-17 20:00:00,14003.0
2014-10-17 21:00:00,12723.0
2014-10-17 22:00:00,10546.0
2014-10-17 23:00:00,6002.0
2014-10-18 00:00:00,5305.0
2014-10-18 01:00:00,5306.0
2014-10-18 02:00:00,4927.0
2014-10-18 03:00:00,4963.0
2014-10-18 04:00:00,5470.0
2014-10-18 05:00:00,7230.0
2014-10-18 06:00:00,9648.0
2014-10-18 07:00:00,11331.0
2014-10-18 08:00:00,11369.0
2014-10-18 09:00:00,13875.0
2014-10-18 10:00:00,15230.0
2014-10-18 11:00:00,15382.0
2014-10-18 12:00:00,15103.0
2014-10-18 13:00:00,15533.0
2014-10-18 14:00:00,15332.0
2014-10-18 15:00:00,14369.0
2014-10-18 16:00:00,14965.0
2014-10-18 17:00:00,14838.0
2014-10-18 18:00:00,14559.0
2014-10-18 19:00:00,14369.0
2014-10-18 20:00:00,13813.0
2014-10-18 21:00:00,12395.0
2014-10-18 22:00:00,11230.0
2014-10-18 23:00:00,6394.0
2014-10-19 00:00:00,5737.0
2014-10-19 01:00:00,5762.0
2014-10-19 02:00:00,5406.0
2014-10-19 03:00:00,5496.0
2014-10-19 04:00:00,5763.0
2014-10-19 05:00:00,7533.0
2014-10-19 06:00:00,9344.0
2014-10-19 07:00:00,11585.0
2014-10-19 08:00:00,10306.0
2014-10-19 09:00:00,13406.0
2014-10-19 10:00:00,15356.0
2014-10-19 11:00:00,14774.0
2014-10-19 12:00:00,14546.0
2014-10-19 13:00:00,15674.0
2014-10-19 14:00:00,15660.0
2014-10-19 15:00:00,15154.0
2014-10-19 16:00:00,15320.0
2014-10-19 17:00:00,14952.0
2014-10-19 18:00:00,14812.0
2014-10-19 19:00:00,15116.0
2014-10-19 20:00:00,14407.0
2014-10-19 21:00:00,12976.0
2014-10-19 22:00:00,11711.0
2014-10-19 23:00:00,6546.0
2014-10-20 00:00:00,5609.0
2014-10-20 01:00:00,5623.0
2014-10-20 02:00:00,5332.0
2014-10-20 03:00:00,5344.0
2014-10-20 04:00:00,5736.0
2014-10-20 05:00:00,7482.0
2014-10-20 06:00:00,9736.0
2014-10-20 07:00:00,11547.0
2014-10-20 08:00:00,10888.0
2014-10-20 09:00:00,14015.0
2014-10-20 10:00:00,14965.0
2014-10-20 11:00:00,14458.0
2014-10-20 12:00:00,14305.0
2014-10-20 13:00:00,14825.0
2014-10-20 14:00:00,14597.0
2014-10-20 15:00:00,14356.0
2014-10-20 16:00:00,14458.0
2014-10-20 17:00:00,14786.0
2014-10-20 18:00:00,14457.0
2014-10-20 19:00:00,15546.0
2014-10-20 20:00:00,14268.0
2014-10-20 21:00:00,13381.0
2014-10-20 22:00:00,12053.0
2014-10-20 23:00:00,8203.0
2014-10-21 00:00:00,7812.0
2014-10-21 01:00:00,7357.0
2014-10-21 02:00:00,6862.0
2014-10-21 03:00:00,5913.0
2014-10-21 04:00:00,6229.0
2014-10-21 05:00:00,8179.0
2014-10-21 06:00:00,9344.0
2014-10-21 07:00:00,11788.0
2014-10-21 08:00:00,11775.0
2014-10-21 09:00:00,13534.0
2014-10-21 10:00:00,15458.0
2014-10-21 11:00:00,15572.0
2014-10-21 12:00:00,14862.0
2014-10-21 13:00:00,15090.0
2014-10-21 14:00:00,14939.0
2014-10-21 15:00:00,15065.0
2014-10-21 16:00:00,15786.0
2014-10-21 17:00:00,15521.0
2014-10-21 18:00:00,15065.0
2014-10-21 19:00:00,15661.0
2014-10-21 20:00:00,14445.0
2014-10-21 21:00:00,13179.0
2014-10-21 22:00:00,11191.0
2014-10-21 23:00:00,7052.0
2014-10-22 00:00:00,6648.0
2014-10-22 01:00:00,6876.0
2014-10-22 02:00:00,6470.0
2014-10-22 03:00:00,6597.0
2014-10-22 04:00:00,7116.0
2014-10-22 05:00:00,8192.0
2014-10-22 06:00:00,10483.0
2014-10-22 07:00:00,11762.0
2014-10-22 08:00:00,12104.0
2014-10-22 09:00:00,14395.0
2014-10-22 10:00:00,14925.0
2014-10-22 11:00:00,15218.0
2014-10-22 12:00:00,14990.0
2014-10-22 13:00:00,15420.0
2014-10-22 14:00:00,14724.0
2014-10-22 15:00:00,14787.0
2014-10-22 16:00:00,16167.0
2014-10-22 17:00:00,15533.0
2014-10-22 18:00:00,15306.0
2014-10-22 19:00:00,15192.0
2014-10-22 20:00:00,14837.0
2014-10-22 21:00:00,13216.0
2014-10-22 22:00:00,11142.0
2014-10-22 23:00:00,6597.0
2014-10-23 00:00:00,5799.0
2014-10-23 01:00:00,5787.0
2014-10-23 02:00:00,5065.0
2014-10-23 03:00:00,5229.0
2014-10-23 04:00:00,5812.0
2014-10-23 05:00:00,7331.0
2014-10-23 06:00:00,9737.0
2014-10-23 07:00:00,10964.0
2014-10-23 08:00:00,10939.0
2014-10-23 09:00:00,13357.0
2014-10-23 10:00:00,14559.0
2014-10-23 11:00:00,14269.0
2014-10-23 12:00:00,14419.0
2014-10-23 13:00:00,14546.0
2014-10-23 14:00:00,12052.0
2014-10-23 15:00:00,12737.0
2014-10-23 16:00:00,15293.0
2014-10-23 17:00:00,14597.0
2014-10-23 18:00:00,14167.0
2014-10-23 19:00:00,14824.0
2014-10-23 20:00:00,13927.0
2014-10-23 21:00:00,12647.0
2014-10-23 22:00:00,11344.0
2014-10-23 23:00:00,6343.0
2014-10-24 00:00:00,5724.0
2014-10-24 01:00:00,5850.0
2014-10-24 02:00:00,5534.0
2014-10-24 03:00:00,5724.0
2014-10-24 04:00:00,6154.0
2014-10-24 05:00:00,7875.0
2014-10-24 06:00:00,10242.0
2014-10-24 07:00:00,11634.0
2014-10-24 08:00:00,10964.0
2014-10-24 09:00:00,13698.0
2014-10-24 10:00:00,14584.0
2014-10-24 11:00:00,14622.0
2014-10-24 12:00:00,15356.0
2014-10-24 13:00:00,14761.0
2014-10-24 14:00:00,14837.0
2014-10-24 15:00:00,14787.0
2014-10-24 16:00:00,15674.0
2014-10-24 17:00:00,15318.0
2014-10-24 18:00:00,14736.0
2014-10-24 19:00:00,15623.0
2014-10-24 20:00:00,14381.0
2014-10-24 21:00:00,13584.0
2014-10-24 22:00:00,11331.0
2014-10-24 23:00:00,6520.0
2014-10-25 00:00:00,5685.0
2014-10-25 01:00:00,5521.0
2014-10-25 02:00:00,5345.0
2014-10-25 03:00:00,5293.0
2014-10-25 04:00:00,5927.0
2014-10-25 05:00:00,7560.0
2014-10-25 06:00:00,9609.0
2014-10-25 07:00:00,11407.0
2014-10-25 08:00:00,10762.0
2014-10-25 09:00:00,13900.0
2014-10-25 10:00:00,15153.0
2014-10-25 11:00:00,15256.0
2014-10-25 12:00:00,13787.0
2014-10-25 13:00:00,15382.0
2014-10-25 14:00:00,15077.0
2014-10-25 15:00:00,14748.0
2014-10-25 16:00:00,15622.0
2014-10-25 17:00:00,14939.0
2014-10-25 18:00:00,14292.0
2014-10-25 19:00:00,14862.0
2014-10-25 20:00:00,13939.0
2014-10-25 21:00:00,12584.0
2014-10-25 22:00:00,10862.0
2014-10-25 23:00:00,6508.0
2014-10-26 00:00:00,5622.0
2014-10-26 01:00:00,11153.0
2014-10-26 02:00:00,5166.0
2014-10-26 03:00:00,5345.0
2014-10-26 04:00:00,5964.0
2014-10-26 05:00:00,7521.0
2014-10-26 06:00:00,9697.0
2014-10-26 07:00:00,10812.0
2014-10-26 08:00:00,10787.0
2014-10-26 09:00:00,13863.0
2014-10-26 10:00:00,14192.0
2014-10-26 11:00:00,14394.0
2014-10-26 12:00:00,14597.0
2014-10-26 13:00:00,14393.0
2014-10-26 14:00:00,14331.0
2014-10-26 15:00:00,14306.0
2014-10-26 16:00:00,15003.0
2014-10-26 17:00:00,14496.0
2014-10-26 18:00:00,13863.0
2014-10-26 19:00:00,14609.0
2014-10-26 20:00:00,13547.0
2014-10-26 21:00:00,12369.0
2014-10-26 22:00:00,10242.0
2014-10-26 23:00:00,5775.0
2014-10-27 00:00:00,5014.0
2014-10-27 01:00:00,4951.0
2014-10-27 02:00:00,4761.0
2014-10-27 03:00:00,5041.0
2014-10-27 04:00:00,5254.0
2014-10-27 05:00:00,7027.0
2014-10-27 06:00:00,9217.0
2014-10-27 07:00:00,11040.0
2014-10-27 08:00:00,10546.0
2014-10-27 09:00:00,13546.0
2014-10-27 10:00:00,14571.0
2014-10-27 11:00:00,14015.0
2014-10-27 12:00:00,13775.0
2014-10-27 13:00:00,14355.0
2014-10-27 14:00:00,14559.0
2014-10-27 15:00:00,13711.0
2014-10-27 16:00:00,14115.0
2014-10-27 17:00:00,13977.0
2014-10-27 18:00:00,14116.0
2014-10-27 19:00:00,14382.0
2014-10-27 20:00:00,13724.0
2014-10-27 21:00:00,13001.0
2014-10-27 22:00:00,11256.0
2014-10-27 23:00:00,9078.0
2014-10-28 00:00:00,8444.0
2014-10-28 01:00:00,8343.0
2014-10-28 02:00:00,5002.0
2014-10-28 03:00:00,5104.0
2014-10-28 04:00:00,5724.0
2014-10-28 05:00:00,7002.0
2014-10-28 06:00:00,9180.0
2014-10-28 07:00:00,11318.0
2014-10-28 08:00:00,11191.0
2014-10-28 09:00:00,13837.0
2014-10-28 10:00:00,15444.0
2014-10-28 11:00:00,15610.0
2014-10-28 12:00:00,14558.0
2014-10-28 13:00:00,14812.0
2014-10-28 14:00:00,14243.0
2014-10-28 15:00:00,13939.0
2014-10-28 16:00:00,14153.0
2014-10-28 17:00:00,13964.0
2014-10-28 18:00:00,13673.0
2014-10-28 19:00:00,13914.0
2014-10-28 20:00:00,13597.0
2014-10-28 21:00:00,11989.0
2014-10-28 22:00:00,10154.0
2014-10-28 23:00:00,5723.0
2014-10-29 00:00:00,4989.0
2014-10-29 01:00:00,5090.0
2014-10-29 02:00:00,4863.0
2014-10-29 03:00:00,4952.0
2014-10-29 04:00:00,5445.0
2014-10-29 05:00:00,6977.0
2014-10-29 06:00:00,9256.0
2014-10-29 07:00:00,10939.0
2014-10-29 08:00:00,11205.0
2014-10-29 09:00:00,14204.0
2014-10-29 10:00:00,14571.0
2014-10-29 11:00:00,15015.0
2014-10-29 12:00:00,14104.0
2014-10-29 13:00:00,14660.0
2014-10-29 14:00:00,14421.0
2014-10-29 15:00:00,14205.0
2014-10-29 16:00:00,14318.0
2014-10-29 17:00:00,14394.0
2014-10-29 18:00:00,13446.0
2014-10-29 19:00:00,14635.0
2014-10-29 20:00:00,13736.0
2014-10-29 21:00:00,12066.0
2014-10-29 22:00:00,9800.0
2014-10-29 23:00:00,5712.0
2014-10-30 00:00:00,5206.0
2014-10-30 01:00:00,5142.0
2014-10-30 02:00:00,5040.0
2014-10-30 03:00:00,5014.0
2014-10-30 04:00:00,5382.0
2014-10-30 05:00:00,7357.0
2014-10-30 06:00:00,9167.0
2014-10-30 07:00:00,11294.0
2014-10-30 08:00:00,10496.0
2014-10-30 09:00:00,13585.0
2014-10-30 10:00:00,14482.0
2014-10-30 11:00:00,14521.0
2014-10-30 12:00:00,14989.0
2014-10-30 13:00:00,15305.0
2014-10-30 14:00:00,14318.0
2014-10-30 15:00:00,13712.0
2014-10-30 16:00:00,13648.0
2014-10-30 17:00:00,14355.0
2014-10-30 18:00:00,14103.0
2014-10-30 19:00:00,14444.0
2014-10-30 20:00:00,13509.0
2014-10-30 21:00:00,12141.0
2014-10-30 22:00:00,9900.0
2014-10-30 23:00:00,5495.0
2014-10-31 00:00:00,5128.0
2014-10-31 01:00:00,5129.0
2014-10-31 02:00:00,4938.0
2014-10-31 03:00:00,5002.0
2014-10-31 04:00:00,5432.0
2014-10-31 05:00:00,7091.0
2014-10-31 06:00:00,9003.0
2014-10-31 07:00:00,10901.0
2014-10-31 08:00:00,10888.0
2014-10-31 09:00:00,13673.0
2014-10-31 10:00:00,14027.0
2014-10-31 11:00:00,14040.0
2014-10-31 12:00:00,14420.0
2014-10-31 13:00:00,14420.0
2014-10-31 14:00:00,14229.0
2014-10-31 15:00:00,14533.0
2014-10-31 16:00:00,14218.0
2014-10-31 17:00:00,13913.0
2014-10-31 18:00:00,14305.0
2014-10-31 19:00:00,15167.0
2014-10-31 20:00:00,14294.0
2014-10-31 21:00:00,12597.0
2014-10-31 22:00:00,11572.0
2014-10-31 23:00:00,7128.0
2014-11-01 00:00:00,5787.0
2014-11-01 01:00:00,5395.0
2014-11-01 02:00:00,5104.0
2014-11-01 03:00:00,5268.0
2014-11-01 04:00:00,5634.0
2014-11-01 05:00:00,7685.0
2014-11-01 06:00:00,9154.0
2014-11-01 07:00:00,10913.0
2014-11-01 08:00:00,10509.0
2014-11-01 09:00:00,13925.0
2014-11-01 10:00:00,15394.0
2014-11-01 11:00:00,15433.0
2014-11-01 12:00:00,14052.0
2014-11-01 13:00:00,15015.0
2014-11-01 14:00:00,14875.0
2014-11-01 15:00:00,14356.0
2014-11-01 16:00:00,14281.0
2014-11-01 17:00:00,14243.0
2014-11-01 18:00:00,14041.0
2014-11-01 19:00:00,14382.0
2014-11-01 20:00:00,13723.0
2014-11-01 21:00:00,12546.0
2014-11-01 22:00:00,11344.0
2014-11-01 23:00:00,6572.0
2014-11-02 00:00:00,5495.0
2014-11-02 01:00:00,5458.0
2014-11-02 02:00:00,5243.0
2014-11-02 03:00:00,5281.0
2014-11-02 04:00:00,5648.0
2014-11-02 05:00:00,7420.0
2014-11-02 06:00:00,9368.0
2014-11-02 07:00:00,11103.0
2014-11-02 08:00:00,10381.0
2014-11-02 09:00:00,14142.0
2014-11-02 10:00:00,14306.0
2014-11-02 11:00:00,14380.0
2014-11-02 12:00:00,14002.0
2014-11-02 13:00:00,13736.0
2014-11-02 14:00:00,14369.0
2014-11-02 15:00:00,13559.0
2014-11-02 16:00:00,13875.0
2014-11-02 17:00:00,14281.0
2014-11-02 18:00:00,13420.0
2014-11-02 19:00:00,13408.0
2014-11-02 20:00:00,12773.0
2014-11-02 21:00:00,11370.0
2014-11-02 22:00:00,10357.0
2014-11-02 23:00:00,7369.0
2014-11-03 00:00:00,7141.0
2014-11-03 01:00:00,7065.0
2014-11-03 02:00:00,6951.0
2014-11-03 03:00:00,6851.0
2014-11-03 04:00:00,6989.0
2014-11-03 05:00:00,8204.0
2014-11-03 06:00:00,10560.0
2014-11-03 07:00:00,11761.0
2014-11-03 08:00:00,10837.0
2014-11-03 09:00:00,13749.0
2014-11-03 10:00:00,14508.0
2014-11-03 11:00:00,14292.0
2014-11-03 12:00:00,13520.0
2014-11-03 13:00:00,13496.0
2014-11-03 14:00:00,14217.0
2014-11-03 15:00:00,13547.0
2014-11-03 16:00:00,14153.0
2014-11-03 17:00:00,13560.0
2014-11-03 18:00:00,13471.0
2014-11-03 19:00:00,13875.0
2014-11-03 20:00:00,12724.0
2014-11-03 21:00:00,11901.0
2014-11-03 22:00:00,10787.0
2014-11-03 23:00:00,5735.0
2014-11-04 00:00:00,4812.0
2014-11-04 01:00:00,5002.0
2014-11-04 02:00:00,4749.0
2014-11-04 03:00:00,4533.0
2014-11-04 04:00:00,5154.0
2014-11-04 05:00:00,6596.0
2014-11-04 06:00:00,8457.0
2014-11-04 07:00:00,10774.0
2014-11-04 08:00:00,10229.0
2014-11-04 09:00:00,13065.0
2014-11-04 10:00:00,14622.0
2014-11-04 11:00:00,13723.0
2014-11-04 12:00:00,13838.0
2014-11-04 13:00:00,13646.0
2014-11-04 14:00:00,12939.0
2014-11-04 15:00:00,12584.0
2014-11-04 16:00:00,13344.0
2014-11-04 17:00:00,12926.0
2014-11-04 18:00:00,12838.0
2014-11-04 19:00:00,13571.0
2014-11-04 20:00:00,12432.0
2014-11-04 21:00:00,11496.0
2014-11-04 22:00:00,10002.0
2014-11-04 23:00:00,5736.0
2014-11-05 00:00:00,4711.0
2014-11-05 01:00:00,4710.0
2014-11-05 02:00:00,4520.0
2014-11-05 03:00:00,4635.0
2014-11-05 04:00:00,5039.0
2014-11-05 05:00:00,6622.0
2014-11-05 06:00:00,9192.0
2014-11-05 07:00:00,9926.0
2014-11-05 08:00:00,9685.0
2014-11-05 09:00:00,12596.0
2014-11-05 10:00:00,13547.0
2014-11-05 11:00:00,13508.0
2014-11-05 12:00:00,12686.0
2014-11-05 13:00:00,12990.0
2014-11-05 14:00:00,12470.0
2014-11-05 15:00:00,11749.0
2014-11-05 16:00:00,12191.0
2014-11-05 17:00:00,12091.0
2014-11-05 18:00:00,12635.0
2014-11-05 19:00:00,12635.0
2014-11-05 20:00:00,12521.0
2014-11-05 21:00:00,11381.0
2014-11-05 22:00:00,9887.0
2014-11-05 23:00:00,5609.0
2014-11-06 00:00:00,4711.0
2014-11-06 01:00:00,4698.0
2014-11-06 02:00:00,4496.0
2014-11-06 03:00:00,4508.0
2014-11-06 04:00:00,5015.0
2014-11-06 05:00:00,6647.0
2014-11-06 06:00:00,8180.0
2014-11-06 07:00:00,10369.0
2014-11-06 08:00:00,9724.0
2014-11-06 09:00:00,12698.0
2014-11-06 10:00:00,13826.0
2014-11-06 11:00:00,12902.0
2014-11-06 12:00:00,13407.0
2014-11-06 13:00:00,13281.0
2014-11-06 14:00:00,13483.0
2014-11-06 15:00:00,12584.0
2014-11-06 16:00:00,12990.0
2014-11-06 17:00:00,13002.0
2014-11-06 18:00:00,12964.0
2014-11-06 19:00:00,12926.0
2014-11-06 20:00:00,12546.0
2014-11-06 21:00:00,11470.0
2014-11-06 22:00:00,10267.0
2014-11-06 23:00:00,5307.0
2014-11-07 00:00:00,4786.0
2014-11-07 01:00:00,4875.0
2014-11-07 02:00:00,4610.0
2014-11-07 03:00:00,4825.0
2014-11-07 04:00:00,5141.0
2014-11-07 05:00:00,6875.0
2014-11-07 06:00:00,8724.0
2014-11-07 07:00:00,10724.0
2014-11-07 08:00:00,10622.0
2014-11-07 09:00:00,13661.0
2014-11-07 10:00:00,14445.0
2014-11-07 11:00:00,15167.0
2014-11-07 12:00:00,13875.0
2014-11-07 13:00:00,14028.0
2014-11-07 14:00:00,13825.0
2014-11-07 15:00:00,13875.0
2014-11-07 16:00:00,13850.0
2014-11-07 17:00:00,13534.0
2014-11-07 18:00:00,13256.0
2014-11-07 19:00:00,14318.0
2014-11-07 20:00:00,13344.0
2014-11-07 21:00:00,11597.0
2014-11-07 22:00:00,10812.0
2014-11-07 23:00:00,8356.0
2014-11-08 00:00:00,5357.0
2014-11-08 01:00:00,4925.0
2014-11-08 02:00:00,4736.0
2014-11-08 03:00:00,4711.0
2014-11-08 04:00:00,5116.0
2014-11-08 05:00:00,6888.0
2014-11-08 06:00:00,8952.0
2014-11-08 07:00:00,10166.0
2014-11-08 08:00:00,10079.0
2014-11-08 09:00:00,14191.0
2014-11-08 10:00:00,15179.0
2014-11-08 11:00:00,15205.0
2014-11-08 12:00:00,15065.0
2014-11-08 13:00:00,15255.0
2014-11-08 14:00:00,14357.0
2014-11-08 15:00:00,14698.0
2014-11-08 16:00:00,14661.0
2014-11-08 17:00:00,13926.0
2014-11-08 18:00:00,13711.0
2014-11-08 19:00:00,14167.0
2014-11-08 20:00:00,13471.0
2014-11-08 21:00:00,12153.0
2014-11-08 22:00:00,10445.0
2014-11-08 23:00:00,6318.0
2014-11-09 00:00:00,4887.0
2014-11-09 01:00:00,4609.0
2014-11-09 02:00:00,4343.0
2014-11-09 03:00:00,4558.0
2014-11-09 04:00:00,4926.0
2014-11-09 05:00:00,6609.0
2014-11-09 06:00:00,8699.0
2014-11-09 07:00:00,10167.0
2014-11-09 08:00:00,10192.0
2014-11-09 09:00:00,14116.0
2014-11-09 10:00:00,14990.0
2014-11-09 11:00:00,14611.0
2014-11-09 12:00:00,14230.0
2014-11-09 13:00:00,14142.0
2014-11-09 14:00:00,15419.0
2014-11-09 15:00:00,14812.0
2014-11-09 16:00:00,14268.0
2014-11-09 17:00:00,13799.0
2014-11-09 18:00:00,13914.0
2014-11-09 19:00:00,13723.0
2014-11-09 20:00:00,13015.0
2014-11-09 21:00:00,11698.0
2014-11-09 22:00:00,10180.0
2014-11-09 23:00:00,4749.0
2014-11-10 00:00:00,4292.0
2014-11-10 01:00:00,4368.0
2014-11-10 02:00:00,4242.0
2014-11-10 03:00:00,4331.0
2014-11-10 04:00:00,4737.0
2014-11-10 05:00:00,6496.0
2014-11-10 06:00:00,8610.0
2014-11-10 07:00:00,9735.0
2014-11-10 08:00:00,10331.0
2014-11-10 09:00:00,12482.0
2014-11-10 10:00:00,13573.0
2014-11-10 11:00:00,13976.0
2014-11-10 12:00:00,13685.0
2014-11-10 13:00:00,13179.0
2014-11-10 14:00:00,12838.0
2014-11-10 15:00:00,12774.0
2014-11-10 16:00:00,13040.0
2014-11-10 17:00:00,12990.0
2014-11-10 18:00:00,13597.0
2014-11-10 19:00:00,14003.0
2014-11-10 20:00:00,12711.0
2014-11-10 21:00:00,11419.0
2014-11-10 22:00:00,9888.0
2014-11-10 23:00:00,7293.0
2014-11-11 00:00:00,6964.0
2014-11-11 01:00:00,6180.0
2014-11-11 02:00:00,5674.0
2014-11-11 03:00:00,5774.0
2014-11-11 04:00:00,6369.0
2014-11-11 05:00:00,7495.0
2014-11-11 06:00:00,9446.0
2014-11-11 07:00:00,11217.0
2014-11-11 08:00:00,10647.0
2014-11-11 09:00:00,12559.0
2014-11-11 10:00:00,14002.0
2014-11-11 11:00:00,14256.0
2014-11-11 12:00:00,13369.0
2014-11-11 13:00:00,13217.0
2014-11-11 14:00:00,13167.0
2014-11-11 15:00:00,12508.0
2014-11-11 16:00:00,12939.0
2014-11-11 17:00:00,13495.0
2014-11-11 18:00:00,13471.0
2014-11-11 19:00:00,13623.0
2014-11-11 20:00:00,12824.0
2014-11-11 21:00:00,11293.0
2014-11-11 22:00:00,9812.0
2014-11-11 23:00:00,4902.0
2014-11-12 00:00:00,4698.0
2014-11-12 01:00:00,4837.0
2014-11-12 02:00:00,4622.0
2014-11-12 03:00:00,4685.0
2014-11-12 04:00:00,5356.0
2014-11-12 05:00:00,6825.0
2014-11-12 06:00:00,9065.0
2014-11-12 07:00:00,10154.0
2014-11-12 08:00:00,11091.0
2014-11-12 09:00:00,13483.0
2014-11-12 10:00:00,13673.0
2014-11-12 11:00:00,15002.0
2014-11-12 12:00:00,13964.0
2014-11-12 13:00:00,13851.0
2014-11-12 14:00:00,12990.0
2014-11-12 15:00:00,12432.0
2014-11-12 16:00:00,12572.0
2014-11-12 17:00:00,13812.0
2014-11-12 18:00:00,13927.0
2014-11-12 19:00:00,13824.0
2014-11-12 20:00:00,12419.0
2014-11-12 21:00:00,11611.0
2014-11-12 22:00:00,9318.0
2014-11-12 23:00:00,4913.0
2014-11-13 00:00:00,4724.0
2014-11-13 01:00:00,4850.0
2014-11-13 02:00:00,4673.0
2014-11-13 03:00:00,4724.0
2014-11-13 04:00:00,5230.0
2014-11-13 05:00:00,7028.0
2014-11-13 06:00:00,8939.0
2014-11-13 07:00:00,10837.0
2014-11-13 08:00:00,10686.0
2014-11-13 09:00:00,13546.0
2014-11-13 10:00:00,14559.0
2014-11-13 11:00:00,14458.0
2014-11-13 12:00:00,14167.0
2014-11-13 13:00:00,14812.0
2014-11-13 14:00:00,13951.0
2014-11-13 15:00:00,13558.0
2014-11-13 16:00:00,14015.0
2014-11-13 17:00:00,13597.0
2014-11-13 18:00:00,13065.0
2014-11-13 19:00:00,14356.0
2014-11-13 20:00:00,13331.0
2014-11-13 21:00:00,12420.0
2014-11-13 22:00:00,9774.0
2014-11-13 23:00:00,5230.0
2014-11-14 00:00:00,4850.0
2014-11-14 01:00:00,4952.0
2014-11-14 02:00:00,4673.0
2014-11-14 03:00:00,4762.0
2014-11-14 04:00:00,5268.0
2014-11-14 05:00:00,6811.0
2014-11-14 06:00:00,9179.0
2014-11-14 07:00:00,10533.0
2014-11-14 08:00:00,10661.0
2014-11-14 09:00:00,13103.0
2014-11-14 10:00:00,13876.0
2014-11-14 11:00:00,13344.0
2014-11-14 12:00:00,15052.0
2014-11-14 13:00:00,14142.0
2014-11-14 14:00:00,13141.0
2014-11-14 15:00:00,13888.0
2014-11-14 16:00:00,13420.0
2014-11-14 17:00:00,13205.0
2014-11-14 18:00:00,13622.0
2014-11-14 19:00:00,13748.0
2014-11-14 20:00:00,12775.0
2014-11-14 21:00:00,11305.0
2014-11-14 22:00:00,9546.0
2014-11-14 23:00:00,5457.0
2014-11-15 00:00:00,4699.0
2014-11-15 01:00:00,4698.0
2014-11-15 02:00:00,4458.0
2014-11-15 03:00:00,4318.0
2014-11-15 04:00:00,4976.0
2014-11-15 05:00:00,6686.0
2014-11-15 06:00:00,8863.0
2014-11-15 07:00:00,9989.0
2014-11-15 08:00:00,9533.0
2014-11-15 09:00:00,12597.0
2014-11-15 10:00:00,15053.0
2014-11-15 11:00:00,14294.0
2014-11-15 12:00:00,12875.0
2014-11-15 13:00:00,13748.0
2014-11-15 14:00:00,13318.0
2014-11-15 15:00:00,13267.0
2014-11-15 16:00:00,13863.0
2014-11-15 17:00:00,12964.0
2014-11-15 18:00:00,13242.0
2014-11-15 19:00:00,12951.0
2014-11-15 20:00:00,12393.0
2014-11-15 21:00:00,10964.0
2014-11-15 22:00:00,9052.0
2014-11-15 23:00:00,5179.0
2014-11-16 00:00:00,4710.0
2014-11-16 01:00:00,4457.0
2014-11-16 02:00:00,4318.0
2014-11-16 03:00:00,4444.0
2014-11-16 04:00:00,4913.0
2014-11-16 05:00:00,6635.0
2014-11-16 06:00:00,8496.0
2014-11-16 07:00:00,9483.0
2014-11-16 08:00:00,9938.0
2014-11-16 09:00:00,12837.0
2014-11-16 10:00:00,13458.0
2014-11-16 11:00:00,13824.0
2014-11-16 12:00:00,13761.0
2014-11-16 13:00:00,13850.0
2014-11-16 14:00:00,13192.0
2014-11-16 15:00:00,12723.0
2014-11-16 16:00:00,13381.0
2014-11-16 17:00:00,13116.0
2014-11-16 18:00:00,13243.0
2014-11-16 19:00:00,13142.0
2014-11-16 20:00:00,12445.0
2014-11-16 21:00:00,10837.0
2014-11-16 22:00:00,9192.0
2014-11-16 23:00:00,4901.0
2014-11-17 00:00:00,4419.0
2014-11-17 01:00:00,4433.0
2014-11-17 02:00:00,4330.0
2014-11-17 03:00:00,4381.0
2014-11-17 04:00:00,4761.0
2014-11-17 05:00:00,6597.0
2014-11-17 06:00:00,8724.0
2014-11-17 07:00:00,10369.0
2014-11-17 08:00:00,9773.0
2014-11-17 09:00:00,12482.0
2014-11-17 10:00:00,13964.0
2014-11-17 11:00:00,13864.0
2014-11-17 12:00:00,12977.0
2014-11-17 13:00:00,12926.0
2014-11-17 14:00:00,12381.0
2014-11-17 15:00:00,12521.0
2014-11-17 16:00:00,13141.0
2014-11-17 17:00:00,13332.0
2014-11-17 18:00:00,13495.0
2014-11-17 19:00:00,13445.0
2014-11-17 20:00:00,12002.0
2014-11-17 21:00:00,11546.0
2014-11-17 22:00:00,10015.0
2014-11-17 23:00:00,9204.0
2014-11-18 00:00:00,9065.0
2014-11-18 01:00:00,8698.0
2014-11-18 02:00:00,7864.0
2014-11-18 03:00:00,5560.0
2014-11-18 04:00:00,5052.0
2014-11-18 05:00:00,6813.0
2014-11-18 06:00:00,8647.0
2014-11-18 07:00:00,10268.0
2014-11-18 08:00:00,10661.0
2014-11-18 09:00:00,13826.0
2014-11-18 10:00:00,13736.0
2014-11-18 11:00:00,13914.0
2014-11-18 12:00:00,13358.0
2014-11-18 13:00:00,13229.0
2014-11-18 14:00:00,12205.0
2014-11-18 15:00:00,12457.0
2014-11-18 16:00:00,12634.0
2014-11-18 17:00:00,13116.0
2014-11-18 18:00:00,13243.0
2014-11-18 19:00:00,13027.0
2014-11-18 20:00:00,12420.0
2014-11-18 21:00:00,11242.0
2014-11-18 22:00:00,9509.0
2014-11-18 23:00:00,5142.0
2014-11-19 00:00:00,5066.0
2014-11-19 01:00:00,5053.0
2014-11-19 02:00:00,5078.0
2014-11-19 03:00:00,5091.0
2014-11-19 04:00:00,5395.0
2014-11-19 05:00:00,7242.0
2014-11-19 06:00:00,9381.0
2014-11-19 07:00:00,10697.0
2014-11-19 08:00:00,10369.0
2014-11-19 09:00:00,13293.0
2014-11-19 10:00:00,13939.0
2014-11-19 11:00:00,14255.0
2014-11-19 12:00:00,13825.0
2014-11-19 13:00:00,14381.0
2014-11-19 14:00:00,13383.0
2014-11-19 15:00:00,13319.0
2014-11-19 16:00:00,14154.0
2014-11-19 17:00:00,13344.0
2014-11-19 18:00:00,13977.0
2014-11-19 19:00:00,13800.0
2014-11-19 20:00:00,13179.0
2014-11-19 21:00:00,12040.0
2014-11-19 22:00:00,9976.0
2014-11-19 23:00:00,5623.0
2014-11-20 00:00:00,5041.0
2014-11-20 01:00:00,5179.0
2014-11-20 02:00:00,4875.0
2014-11-20 03:00:00,4887.0
2014-11-20 04:00:00,5230.0
2014-11-20 05:00:00,7090.0
2014-11-20 06:00:00,9319.0
2014-11-20 07:00:00,10344.0
2014-11-20 08:00:00,10432.0
2014-11-20 09:00:00,13509.0
2014-11-20 10:00:00,14508.0
2014-11-20 11:00:00,14710.0
2014-11-20 12:00:00,15103.0
2014-11-20 13:00:00,14585.0
2014-11-20 14:00:00,14001.0
2014-11-20 15:00:00,13128.0
2014-11-20 16:00:00,13470.0
2014-11-20 17:00:00,13407.0
2014-11-20 18:00:00,13686.0
2014-11-20 19:00:00,14280.0
2014-11-20 20:00:00,13382.0
2014-11-20 21:00:00,12014.0
2014-11-20 22:00:00,10597.0
2014-11-20 23:00:00,6078.0
2014-11-21 00:00:00,5027.0
2014-11-21 01:00:00,5179.0
2014-11-21 02:00:00,5015.0
2014-11-21 03:00:00,5180.0
2014-11-21 04:00:00,5433.0
2014-11-21 05:00:00,7394.0
2014-11-21 06:00:00,9167.0
2014-11-21 07:00:00,10584.0
2014-11-21 08:00:00,11294.0
2014-11-21 09:00:00,13952.0
2014-11-21 10:00:00,14370.0
2014-11-21 11:00:00,15066.0
2014-11-21 12:00:00,15293.0
2014-11-21 13:00:00,14773.0
2014-11-21 14:00:00,14851.0
2014-11-21 15:00:00,13888.0
2014-11-21 16:00:00,14406.0
2014-11-21 17:00:00,14749.0
2014-11-21 18:00:00,14597.0
2014-11-21 19:00:00,14913.0
2014-11-21 20:00:00,13597.0
2014-11-21 21:00:00,11863.0
2014-11-21 22:00:00,9141.0
2014-11-21 23:00:00,5786.0
2014-11-22 00:00:00,5179.0
2014-11-22 01:00:00,5167.0
2014-11-22 02:00:00,4913.0
2014-11-22 03:00:00,5053.0
2014-11-22 04:00:00,5319.0
2014-11-22 05:00:00,7103.0
2014-11-22 06:00:00,9368.0
2014-11-22 07:00:00,10787.0
2014-11-22 08:00:00,11052.0
2014-11-22 09:00:00,13762.0
2014-11-22 10:00:00,15571.0
2014-11-22 11:00:00,14482.0
2014-11-22 12:00:00,14027.0
2014-11-22 13:00:00,15204.0
2014-11-22 14:00:00,14090.0
2014-11-22 15:00:00,13725.0
2014-11-22 16:00:00,14332.0
2014-11-22 17:00:00,14191.0
2014-11-22 18:00:00,14255.0
2014-11-22 19:00:00,14445.0
2014-11-22 20:00:00,13585.0
2014-11-22 21:00:00,12179.0
2014-11-22 22:00:00,10560.0
2014-11-22 23:00:00,5964.0
2014-11-23 00:00:00,5331.0
2014-11-23 01:00:00,5229.0
2014-11-23 02:00:00,4850.0
2014-11-23 03:00:00,4913.0
2014-11-23 04:00:00,5282.0
2014-11-23 05:00:00,7128.0
2014-11-23 06:00:00,9016.0
2014-11-23 07:00:00,9800.0
2014-11-23 08:00:00,11520.0
2014-11-23 09:00:00,13318.0
2014-11-23 10:00:00,14293.0
2014-11-23 11:00:00,15559.0
2014-11-23 12:00:00,14141.0
2014-11-23 13:00:00,14925.0
2014-11-23 14:00:00,14002.0
2014-11-23 15:00:00,14508.0
2014-11-23 16:00:00,14825.0
2014-11-23 17:00:00,14256.0
2014-11-23 18:00:00,14698.0
2014-11-23 19:00:00,14724.0
2014-11-23 20:00:00,13445.0
2014-11-23 21:00:00,12306.0
2014-11-23 22:00:00,10533.0
2014-11-23 23:00:00,5382.0
2014-11-24 00:00:00,5078.0
2014-11-24 01:00:00,5104.0
2014-11-24 02:00:00,4888.0
2014-11-24 03:00:00,4976.0
2014-11-24 04:00:00,5534.0
2014-11-24 05:00:00,7179.0
2014-11-24 06:00:00,9179.0
2014-11-24 07:00:00,10901.0
2014-11-24 08:00:00,10482.0
2014-11-24 09:00:00,13887.0
2014-11-24 10:00:00,14534.0
2014-11-24 11:00:00,14978.0
2014-11-24 12:00:00,14672.0
2014-11-24 13:00:00,15471.0
2014-11-24 14:00:00,14243.0
2014-11-24 15:00:00,14078.0
2014-11-24 16:00:00,13799.0
2014-11-24 17:00:00,14065.0
2014-11-24 18:00:00,13964.0
2014-11-24 19:00:00,13672.0
2014-11-24 20:00:00,13066.0
2014-11-24 21:00:00,12179.0
2014-11-24 22:00:00,9205.0
2014-11-24 23:00:00,5546.0
2014-11-25 00:00:00,5686.0
2014-11-25 01:00:00,5623.0
2014-11-25 02:00:00,5382.0
2014-11-25 03:00:00,5470.0
2014-11-25 04:00:00,5989.0
2014-11-25 05:00:00,7267.0
2014-11-25 06:00:00,8901.0
2014-11-25 07:00:00,11027.0
2014-11-25 08:00:00,10698.0
2014-11-25 09:00:00,13648.0
2014-11-25 10:00:00,15129.0
2014-11-25 11:00:00,15217.0
2014-11-25 12:00:00,13469.0
2014-11-25 13:00:00,13433.0
2014-11-25 14:00:00,13357.0
2014-11-25 15:00:00,13611.0
2014-11-25 16:00:00,13799.0
2014-11-25 17:00:00,13584.0
2014-11-25 18:00:00,13597.0
2014-11-25 19:00:00,14292.0
2014-11-25 20:00:00,13243.0
2014-11-25 21:00:00,11509.0
2014-11-25 22:00:00,8964.0
2014-11-25 23:00:00,5432.0
2014-11-26 00:00:00,5281.0
2014-11-26 01:00:00,5281.0
2014-11-26 02:00:00,5078.0
2014-11-26 03:00:00,4901.0
2014-11-26 04:00:00,5483.0
2014-11-26 05:00:00,6850.0
2014-11-26 06:00:00,9078.0
2014-11-26 07:00:00,10382.0
2014-11-26 08:00:00,10002.0
2014-11-26 09:00:00,13522.0
2014-11-26 10:00:00,13851.0
2014-11-26 11:00:00,13837.0
2014-11-26 12:00:00,13027.0
2014-11-26 13:00:00,13609.0
2014-11-26 14:00:00,13369.0
2014-11-26 15:00:00,13166.0
2014-11-26 16:00:00,13369.0
2014-11-26 17:00:00,13837.0
2014-11-26 18:00:00,13775.0
2014-11-26 19:00:00,13509.0
2014-11-26 20:00:00,13369.0
2014-11-26 21:00:00,11723.0
2014-11-26 22:00:00,9066.0
2014-11-26 23:00:00,5621.0
2014-11-27 00:00:00,5432.0
2014-11-27 01:00:00,5407.0
2014-11-27 02:00:00,5218.0
2014-11-27 03:00:00,5395.0
2014-11-27 04:00:00,5825.0
2014-11-27 05:00:00,6977.0
2014-11-27 06:00:00,9382.0
2014-11-27 07:00:00,10571.0
2014-11-27 08:00:00,10142.0
2014-11-27 09:00:00,13192.0
2014-11-27 10:00:00,14851.0
2014-11-27 11:00:00,13850.0
2014-11-27 12:00:00,13191.0
2014-11-27 13:00:00,14128.0
2014-11-27 14:00:00,13407.0
2014-11-27 15:00:00,13140.0
2014-11-27 16:00:00,13179.0
2014-11-27 17:00:00,13153.0
2014-11-27 18:00:00,13914.0
2014-11-27 19:00:00,14090.0
2014-11-27 20:00:00,13242.0
2014-11-27 21:00:00,11749.0
2014-11-27 22:00:00,8685.0
2014-11-27 23:00:00,5457.0
2014-11-28 00:00:00,5318.0
2014-11-28 01:00:00,5383.0
2014-11-28 02:00:00,5205.0
2014-11-28 03:00:00,4952.0
2014-11-28 04:00:00,5547.0
2014-11-28 05:00:00,6711.0
2014-11-28 06:00:00,8964.0
2014-11-28 07:00:00,10179.0
2014-11-28 08:00:00,9977.0
2014-11-28 09:00:00,12749.0
2014-11-28 10:00:00,14306.0
2014-11-28 11:00:00,13559.0
2014-11-28 12:00:00,14027.0
2014-11-28 13:00:00,14382.0
2014-11-28 14:00:00,13141.0
2014-11-28 15:00:00,13053.0
2014-11-28 16:00:00,14028.0
2014-11-28 17:00:00,13381.0
2014-11-28 18:00:00,13560.0
2014-11-28 19:00:00,14673.0
2014-11-28 20:00:00,13609.0
2014-11-28 21:00:00,11610.0
2014-11-28 22:00:00,9900.0
2014-11-28 23:00:00,5660.0
2014-11-29 00:00:00,5078.0
2014-11-29 01:00:00,4825.0
2014-11-29 02:00:00,4863.0
2014-11-29 03:00:00,4736.0
2014-11-29 04:00:00,5166.0
2014-11-29 05:00:00,7053.0
2014-11-29 06:00:00,9281.0
2014-11-29 07:00:00,10433.0
2014-11-29 08:00:00,9901.0
2014-11-29 09:00:00,13268.0
2014-11-29 10:00:00,14558.0
2014-11-29 11:00:00,14294.0
2014-11-29 12:00:00,14178.0
2014-11-29 13:00:00,14243.0
2014-11-29 14:00:00,14230.0
2014-11-29 15:00:00,13129.0
2014-11-29 16:00:00,13648.0
2014-11-29 17:00:00,14003.0
2014-11-29 18:00:00,14166.0
2014-11-29 19:00:00,13938.0
2014-11-29 20:00:00,12825.0
2014-11-29 21:00:00,12244.0
2014-11-29 22:00:00,10090.0
2014-11-29 23:00:00,5799.0
2014-11-30 00:00:00,4888.0
2014-11-30 01:00:00,4912.0
2014-11-30 02:00:00,4736.0
2014-11-30 03:00:00,4698.0
2014-11-30 04:00:00,5091.0
2014-11-30 05:00:00,6951.0
2014-11-30 06:00:00,9344.0
2014-11-30 07:00:00,10419.0
2014-11-30 08:00:00,10079.0
2014-11-30 09:00:00,13761.0
2014-11-30 10:00:00,14217.0
2014-11-30 11:00:00,14560.0
2014-11-30 12:00:00,14078.0
2014-11-30 13:00:00,13976.0
2014-11-30 14:00:00,13686.0
2014-11-30 15:00:00,14406.0
2014-11-30 16:00:00,14648.0
2014-11-30 17:00:00,13838.0
2014-11-30 18:00:00,14104.0
2014-11-30 19:00:00,13672.0
2014-11-30 20:00:00,12787.0
2014-11-30 21:00:00,11597.0
2014-11-30 22:00:00,9889.0
2014-11-30 23:00:00,5179.0
2014-12-01 00:00:00,4799.0
2014-12-01 01:00:00,4761.0
2014-12-01 02:00:00,4559.0
2014-12-01 03:00:00,4622.0
2014-12-01 04:00:00,5078.0
2014-12-01 05:00:00,6673.0
2014-12-01 06:00:00,8344.0
2014-12-01 07:00:00,10180.0
2014-12-01 08:00:00,10090.0
2014-12-01 09:00:00,12888.0
2014-12-01 10:00:00,13939.0
2014-12-01 11:00:00,13749.0
2014-12-01 12:00:00,13471.0
2014-12-01 13:00:00,13912.0
2014-12-01 14:00:00,13344.0
2014-12-01 15:00:00,12863.0
2014-12-01 16:00:00,13039.0
2014-12-01 17:00:00,13345.0
2014-12-01 18:00:00,13015.0
2014-12-01 19:00:00,14090.0
2014-12-01 20:00:00,13457.0
2014-12-01 21:00:00,11736.0
2014-12-01 22:00:00,9103.0
2014-12-01 23:00:00,5091.0
2014-12-02 00:00:00,4774.0
2014-12-02 01:00:00,4862.0
2014-12-02 02:00:00,4697.0
2014-12-02 03:00:00,4596.0
2014-12-02 04:00:00,5166.0
2014-12-02 05:00:00,6888.0
2014-12-02 06:00:00,8774.0
2014-12-02 07:00:00,10091.0
2014-12-02 08:00:00,10078.0
2014-12-02 09:00:00,12192.0
2014-12-02 10:00:00,14255.0
2014-12-02 11:00:00,14571.0
2014-12-02 12:00:00,13623.0
2014-12-02 13:00:00,13179.0
2014-12-02 14:00:00,12901.0
2014-12-02 15:00:00,12686.0
2014-12-02 16:00:00,12976.0
2014-12-02 17:00:00,12926.0
2014-12-02 18:00:00,12584.0
2014-12-02 19:00:00,13192.0
2014-12-02 20:00:00,12609.0
2014-12-02 21:00:00,11103.0
2014-12-02 22:00:00,9369.0
2014-12-02 23:00:00,5307.0
2014-12-03 00:00:00,4761.0
2014-12-03 01:00:00,4775.0
2014-12-03 02:00:00,4660.0
2014-12-03 03:00:00,4749.0
2014-12-03 04:00:00,5293.0
2014-12-03 05:00:00,6331.0
2014-12-03 06:00:00,8749.0
2014-12-03 07:00:00,9976.0
2014-12-03 08:00:00,10395.0
2014-12-03 09:00:00,13787.0
2014-12-03 10:00:00,14597.0
2014-12-03 11:00:00,13711.0
2014-12-03 12:00:00,13053.0
2014-12-03 13:00:00,13268.0
2014-12-03 14:00:00,13179.0
2014-12-03 15:00:00,12445.0
2014-12-03 16:00:00,12724.0
2014-12-03 17:00:00,13166.0
2014-12-03 18:00:00,13090.0
2014-12-03 19:00:00,13357.0
2014-12-03 20:00:00,12813.0
2014-12-03 21:00:00,11483.0
2014-12-03 22:00:00,9597.0
2014-12-03 23:00:00,5243.0
2014-12-04 00:00:00,4963.0
2014-12-04 01:00:00,4773.0
2014-12-04 02:00:00,4686.0
2014-12-04 03:00:00,4838.0
2014-12-04 04:00:00,5268.0
2014-12-04 05:00:00,6457.0
2014-12-04 06:00:00,8635.0
2014-12-04 07:00:00,9585.0
2014-12-04 08:00:00,9647.0
2014-12-04 09:00:00,13509.0
2014-12-04 10:00:00,14622.0
2014-12-04 11:00:00,14103.0
2014-12-04 12:00:00,13307.0
2014-12-04 13:00:00,13863.0
2014-12-04 14:00:00,13584.0
2014-12-04 15:00:00,13129.0
2014-12-04 16:00:00,13699.0
2014-12-04 17:00:00,12926.0
2014-12-04 18:00:00,12774.0
2014-12-04 19:00:00,13154.0
2014-12-04 20:00:00,12571.0
2014-12-04 21:00:00,11090.0
2014-12-04 22:00:00,9484.0
2014-12-04 23:00:00,5153.0
2014-12-05 00:00:00,4850.0
2014-12-05 01:00:00,4420.0
2014-12-05 02:00:00,4103.0
2014-12-05 03:00:00,4115.0
2014-12-05 04:00:00,4761.0
2014-12-05 05:00:00,6445.0
2014-12-05 06:00:00,8875.0
2014-12-05 07:00:00,9356.0
2014-12-05 08:00:00,9482.0
2014-12-05 09:00:00,12469.0
2014-12-05 10:00:00,13521.0
2014-12-05 11:00:00,13825.0
2014-12-05 12:00:00,14206.0
2014-12-05 13:00:00,13508.0
2014-12-05 14:00:00,14242.0
2014-12-05 15:00:00,12342.0
2014-12-05 16:00:00,12939.0
2014-12-05 17:00:00,12799.0
2014-12-05 18:00:00,12850.0
2014-12-05 19:00:00,13079.0
2014-12-05 20:00:00,12711.0
2014-12-05 21:00:00,11773.0
2014-12-05 22:00:00,9445.0
2014-12-05 23:00:00,6431.0
2014-12-06 00:00:00,6192.0
2014-12-06 01:00:00,6167.0
2014-12-06 02:00:00,7331.0
2014-12-06 03:00:00,8419.0
2014-12-06 04:00:00,8990.0
2014-12-06 05:00:00,10153.0
2014-12-06 06:00:00,12370.0
2014-12-06 07:00:00,13090.0
2014-12-06 08:00:00,11875.0
2014-12-06 09:00:00,13242.0
2014-12-06 10:00:00,14281.0
2014-12-06 11:00:00,13027.0
2014-12-06 12:00:00,13786.0
2014-12-06 13:00:00,14090.0
2014-12-06 14:00:00,13446.0
2014-12-06 15:00:00,13343.0
2014-12-06 16:00:00,14522.0
2014-12-06 17:00:00,14053.0
2014-12-06 18:00:00,12344.0
2014-12-06 19:00:00,13179.0
2014-12-06 20:00:00,11888.0
2014-12-06 21:00:00,10558.0
2014-12-06 22:00:00,9267.0
2014-12-06 23:00:00,5318.0
2014-12-07 00:00:00,4660.0
2014-12-07 01:00:00,4470.0
2014-12-07 02:00:00,4406.0
2014-12-07 03:00:00,4343.0
2014-12-07 04:00:00,4799.0
2014-12-07 05:00:00,6597.0
2014-12-07 06:00:00,8077.0
2014-12-07 07:00:00,8850.0
2014-12-07 08:00:00,9458.0
2014-12-07 09:00:00,12091.0
2014-12-07 10:00:00,13369.0
2014-12-07 11:00:00,13306.0
2014-12-07 12:00:00,13331.0
2014-12-07 13:00:00,12610.0
2014-12-07 14:00:00,11723.0
2014-12-07 15:00:00,12319.0
2014-12-07 16:00:00,13748.0
2014-12-07 17:00:00,13204.0
2014-12-07 18:00:00,13014.0
2014-12-07 19:00:00,13597.0
2014-12-07 20:00:00,12458.0
2014-12-07 21:00:00,10558.0
2014-12-07 22:00:00,9560.0
2014-12-07 23:00:00,5166.0
2014-12-08 00:00:00,4407.0
2014-12-08 01:00:00,4419.0
2014-12-08 02:00:00,4394.0
2014-12-08 03:00:00,4432.0
2014-12-08 04:00:00,4901.0
2014-12-08 05:00:00,6609.0
2014-12-08 06:00:00,8369.0
2014-12-08 07:00:00,9306.0
2014-12-08 08:00:00,9028.0
2014-12-08 09:00:00,13015.0
2014-12-08 10:00:00,13635.0
2014-12-08 11:00:00,13078.0
2014-12-08 12:00:00,13319.0
2014-12-08 13:00:00,12990.0
2014-12-08 14:00:00,12647.0
2014-12-08 15:00:00,11787.0
2014-12-08 16:00:00,12875.0
2014-12-08 17:00:00,13572.0
2014-12-08 18:00:00,13634.0
2014-12-08 19:00:00,12545.0
2014-12-08 20:00:00,11787.0
2014-12-08 21:00:00,10699.0
2014-12-08 22:00:00,8963.0
2014-12-08 23:00:00,4634.0
2014-12-09 00:00:00,4242.0
2014-12-09 01:00:00,4242.0
2014-12-09 02:00:00,4066.0
2014-12-09 03:00:00,4229.0
2014-12-09 04:00:00,4711.0
2014-12-09 05:00:00,6521.0
2014-12-09 06:00:00,8914.0
2014-12-09 07:00:00,9610.0
2014-12-09 08:00:00,9280.0
2014-12-09 09:00:00,13078.0
2014-12-09 10:00:00,13066.0
2014-12-09 11:00:00,12964.0
2014-12-09 12:00:00,12383.0
2014-12-09 13:00:00,12357.0
2014-12-09 14:00:00,12129.0
2014-12-09 15:00:00,11913.0
2014-12-09 16:00:00,12230.0
2014-12-09 17:00:00,12698.0
2014-12-09 18:00:00,12711.0
2014-12-09 19:00:00,12749.0
2014-12-09 20:00:00,12242.0
2014-12-09 21:00:00,10939.0
2014-12-09 22:00:00,8723.0
2014-12-09 23:00:00,4875.0
2014-12-10 00:00:00,4319.0
2014-12-10 01:00:00,4407.0
2014-12-10 02:00:00,4179.0
2014-12-10 03:00:00,4229.0
2014-12-10 04:00:00,4698.0
2014-12-10 05:00:00,6446.0
2014-12-10 06:00:00,8280.0
2014-12-10 07:00:00,9572.0
2014-12-10 08:00:00,9533.0
2014-12-10 09:00:00,12368.0
2014-12-10 10:00:00,13508.0
2014-12-10 11:00:00,13293.0
2014-12-10 12:00:00,12483.0
2014-12-10 13:00:00,13635.0
2014-12-10 14:00:00,13825.0
2014-12-10 15:00:00,12572.0
2014-12-10 16:00:00,13560.0
2014-12-10 17:00:00,13317.0
2014-12-10 18:00:00,13913.0
2014-12-10 19:00:00,14243.0
2014-12-10 20:00:00,14027.0
2014-12-10 21:00:00,12052.0
2014-12-10 22:00:00,8470.0
2014-12-10 23:00:00,5040.0
2014-12-11 00:00:00,4584.0
2014-12-11 01:00:00,4457.0
2014-12-11 02:00:00,4369.0
2014-12-11 03:00:00,4318.0
2014-12-11 04:00:00,4913.0
2014-12-11 05:00:00,5788.0
2014-12-11 06:00:00,8572.0
2014-12-11 07:00:00,10331.0
2014-12-11 08:00:00,9483.0
2014-12-11 09:00:00,13091.0
2014-12-11 10:00:00,14306.0
2014-12-11 11:00:00,13179.0
2014-12-11 12:00:00,13192.0
2014-12-11 13:00:00,13343.0
2014-12-11 14:00:00,13066.0
2014-12-11 15:00:00,12812.0
2014-12-11 16:00:00,12698.0
2014-12-11 17:00:00,12571.0
2014-12-11 18:00:00,13673.0
2014-12-11 19:00:00,13977.0
2014-12-11 20:00:00,13660.0
2014-12-11 21:00:00,11622.0
2014-12-11 22:00:00,9255.0
2014-12-11 23:00:00,5268.0
2014-12-12 00:00:00,7863.0
2014-12-12 01:00:00,5407.0
2014-12-12 02:00:00,5027.0
2014-12-12 03:00:00,5799.0
2014-12-12 04:00:00,6470.0
2014-12-12 05:00:00,5761.0
2014-12-12 06:00:00,8775.0
2014-12-12 07:00:00,9952.0
2014-12-12 08:00:00,9141.0
2014-12-12 09:00:00,13345.0
2014-12-12 10:00:00,13661.0
2014-12-12 11:00:00,13547.0
2014-12-12 12:00:00,13522.0
2014-12-12 13:00:00,13382.0
2014-12-12 14:00:00,13193.0
2014-12-12 15:00:00,13330.0
2014-12-12 16:00:00,13760.0
2014-12-12 17:00:00,14242.0
2014-12-12 18:00:00,14205.0
2014-12-12 19:00:00,13990.0
2014-12-12 20:00:00,13065.0
2014-12-12 21:00:00,10824.0
2014-12-12 22:00:00,9077.0
2014-12-12 23:00:00,5686.0
2014-12-13 00:00:00,5015.0
2014-12-13 01:00:00,5041.0
2014-12-13 02:00:00,4661.0
2014-12-13 03:00:00,4584.0
2014-12-13 04:00:00,4989.0
2014-12-13 05:00:00,6610.0
2014-12-13 06:00:00,8507.0
2014-12-13 07:00:00,9635.0
2014-12-13 08:00:00,10699.0
2014-12-13 09:00:00,13193.0
2014-12-13 10:00:00,13939.0
2014-12-13 11:00:00,14052.0
2014-12-13 12:00:00,13332.0
2014-12-13 13:00:00,14294.0
2014-12-13 14:00:00,13661.0
2014-12-13 15:00:00,12445.0
2014-12-13 16:00:00,14369.0
2014-12-13 17:00:00,14444.0
2014-12-13 18:00:00,14635.0
2014-12-13 19:00:00,14293.0
2014-12-13 20:00:00,13901.0
2014-12-13 21:00:00,11722.0
2014-12-13 22:00:00,8825.0
2014-12-13 23:00:00,5242.0
2014-12-14 00:00:00,4749.0
2014-12-14 01:00:00,4610.0
2014-12-14 02:00:00,4342.0
2014-12-14 03:00:00,4330.0
2014-12-14 04:00:00,4990.0
2014-12-14 05:00:00,6520.0
2014-12-14 06:00:00,8573.0
2014-12-14 07:00:00,8976.0
2014-12-14 08:00:00,10395.0
2014-12-14 09:00:00,13559.0
2014-12-14 10:00:00,13698.0
2014-12-14 11:00:00,13735.0
2014-12-14 12:00:00,13724.0
2014-12-14 13:00:00,13520.0
2014-12-14 14:00:00,12862.0
2014-12-14 15:00:00,12825.0
2014-12-14 16:00:00,14054.0
2014-12-14 17:00:00,14610.0
2014-12-14 18:00:00,14294.0
2014-12-14 19:00:00,14610.0
2014-12-14 20:00:00,13142.0
2014-12-14 21:00:00,11521.0
2014-12-14 22:00:00,9433.0
2014-12-14 23:00:00,4875.0
2014-12-15 00:00:00,4394.0
2014-12-15 01:00:00,4420.0
2014-12-15 02:00:00,4330.0
2014-12-15 03:00:00,4267.0
2014-12-15 04:00:00,4773.0
2014-12-15 05:00:00,6622.0
2014-12-15 06:00:00,8243.0
2014-12-15 07:00:00,9775.0
2014-12-15 08:00:00,9926.0
2014-12-15 09:00:00,12306.0
2014-12-15 10:00:00,13419.0
2014-12-15 11:00:00,14179.0
2014-12-15 12:00:00,12990.0
2014-12-15 13:00:00,12965.0
2014-12-15 14:00:00,12432.0
2014-12-15 15:00:00,12812.0
2014-12-15 16:00:00,13154.0
2014-12-15 17:00:00,12838.0
2014-12-15 18:00:00,13976.0
2014-12-15 19:00:00,15040.0
2014-12-15 20:00:00,14749.0
2014-12-15 21:00:00,12104.0
2014-12-15 22:00:00,9280.0
2014-12-15 23:00:00,5013.0
2014-12-16 00:00:00,4621.0
2014-12-16 01:00:00,4609.0
2014-12-16 02:00:00,4419.0
2014-12-16 03:00:00,4458.0
2014-12-16 04:00:00,5142.0
2014-12-16 05:00:00,6812.0
2014-12-16 06:00:00,8926.0
2014-12-16 07:00:00,10141.0
2014-12-16 08:00:00,9748.0
2014-12-16 09:00:00,12774.0
2014-12-16 10:00:00,14837.0
2014-12-16 11:00:00,14534.0
2014-12-16 12:00:00,13180.0
2014-12-16 13:00:00,13395.0
2014-12-16 14:00:00,14103.0
2014-12-16 15:00:00,12964.0
2014-12-16 16:00:00,13674.0
2014-12-16 17:00:00,13180.0
2014-12-16 18:00:00,14622.0
2014-12-16 19:00:00,14913.0
2014-12-16 20:00:00,14534.0
2014-12-16 21:00:00,12799.0
2014-12-16 22:00:00,10191.0
2014-12-16 23:00:00,5192.0
2014-12-17 00:00:00,4698.0
2014-12-17 01:00:00,4685.0
2014-12-17 02:00:00,4546.0
2014-12-17 03:00:00,4534.0
2014-12-17 04:00:00,5154.0
2014-12-17 05:00:00,6015.0
2014-12-17 06:00:00,8812.0
2014-12-17 07:00:00,10496.0
2014-12-17 08:00:00,10306.0
2014-12-17 09:00:00,13280.0
2014-12-17 10:00:00,14103.0
2014-12-17 11:00:00,13459.0
2014-12-17 12:00:00,13433.0
2014-12-17 13:00:00,13103.0
2014-12-17 14:00:00,13495.0
2014-12-17 15:00:00,13825.0
2014-12-17 16:00:00,13206.0
2014-12-17 17:00:00,13900.0
2014-12-17 18:00:00,14331.0
2014-12-17 19:00:00,14647.0
2014-12-17 20:00:00,14141.0
2014-12-17 21:00:00,12268.0
2014-12-17 22:00:00,9610.0
2014-12-17 23:00:00,5064.0
2014-12-18 00:00:00,4609.0
2014-12-18 01:00:00,4635.0
2014-12-18 02:00:00,4635.0
2014-12-18 03:00:00,4419.0
2014-12-18 04:00:00,5079.0
2014-12-18 05:00:00,6710.0
2014-12-18 06:00:00,8723.0
2014-12-18 07:00:00,9913.0
2014-12-18 08:00:00,10204.0
2014-12-18 09:00:00,12192.0
2014-12-18 10:00:00,13825.0
2014-12-18 11:00:00,14142.0
2014-12-18 12:00:00,12964.0
2014-12-18 13:00:00,13142.0
2014-12-18 14:00:00,13383.0
2014-12-18 15:00:00,13408.0
2014-12-18 16:00:00,13838.0
2014-12-18 17:00:00,12850.0
2014-12-18 18:00:00,12939.0
2014-12-18 19:00:00,13116.0
2014-12-18 20:00:00,12660.0
2014-12-18 21:00:00,10914.0
2014-12-18 22:00:00,8989.0
2014-12-18 23:00:00,4800.0
2014-12-19 00:00:00,4368.0
2014-12-19 01:00:00,4458.0
2014-12-19 02:00:00,4280.0
2014-12-19 03:00:00,4381.0
2014-12-19 04:00:00,5040.0
2014-12-19 05:00:00,6509.0
2014-12-19 06:00:00,8826.0
2014-12-19 07:00:00,9685.0
2014-12-19 08:00:00,9610.0
2014-12-19 09:00:00,13002.0
2014-12-19 10:00:00,13661.0
2014-12-19 11:00:00,14014.0
2014-12-19 12:00:00,13888.0
2014-12-19 13:00:00,14218.0
2014-12-19 14:00:00,13458.0
2014-12-19 15:00:00,13116.0
2014-12-19 16:00:00,13876.0
2014-12-19 17:00:00,13370.0
2014-12-19 18:00:00,12711.0
2014-12-19 19:00:00,12799.0
2014-12-19 20:00:00,12913.0
2014-12-19 21:00:00,12432.0
2014-12-19 22:00:00,11736.0
2014-12-19 23:00:00,8420.0
2014-12-20 00:00:00,4735.0
2014-12-20 01:00:00,4419.0
2014-12-20 02:00:00,4356.0
2014-12-20 03:00:00,4292.0
2014-12-20 04:00:00,4812.0
2014-12-20 05:00:00,6534.0
2014-12-20 06:00:00,8433.0
2014-12-20 07:00:00,9345.0
2014-12-20 08:00:00,10939.0
2014-12-20 09:00:00,14533.0
2014-12-20 10:00:00,16229.0
2014-12-20 11:00:00,16230.0
2014-12-20 12:00:00,15623.0
2014-12-20 13:00:00,16026.0
2014-12-20 14:00:00,15610.0
2014-12-20 15:00:00,16724.0
2014-12-20 16:00:00,16255.0
2014-12-20 17:00:00,15647.0
2014-12-20 18:00:00,15673.0
2014-12-20 19:00:00,15623.0
2014-12-20 20:00:00,14368.0
2014-12-20 21:00:00,14040.0
2014-12-20 22:00:00,14331.0
2014-12-20 23:00:00,11255.0
2014-12-21 00:00:00,8230.0
2014-12-21 01:00:00,7167.0
2014-12-21 02:00:00,6217.0
2014-12-21 03:00:00,6825.0
2014-12-21 04:00:00,7319.0
2014-12-21 05:00:00,6383.0
2014-12-21 06:00:00,7306.0
2014-12-21 07:00:00,8104.0
2014-12-21 08:00:00,9976.0
2014-12-21 09:00:00,15066.0
2014-12-21 10:00:00,15419.0
2014-12-21 11:00:00,15444.0
2014-12-21 12:00:00,15141.0
2014-12-21 13:00:00,15280.0
2014-12-21 14:00:00,16268.0
2014-12-21 15:00:00,15825.0
2014-12-21 16:00:00,16584.0
2014-12-21 17:00:00,15660.0
2014-12-21 18:00:00,15573.0
2014-12-21 19:00:00,15659.0
2014-12-21 20:00:00,15041.0
2014-12-21 21:00:00,14547.0
2014-12-21 22:00:00,13812.0
2014-12-21 23:00:00,10989.0
2014-12-22 00:00:00,7332.0
2014-12-22 01:00:00,7040.0
2014-12-22 02:00:00,7395.0
2014-12-22 03:00:00,6218.0
2014-12-22 04:00:00,7103.0
2014-12-22 05:00:00,6343.0
2014-12-22 06:00:00,7028.0
2014-12-22 07:00:00,8002.0
2014-12-22 08:00:00,9635.0
2014-12-22 09:00:00,13635.0
2014-12-22 10:00:00,14737.0
2014-12-22 11:00:00,13901.0
2014-12-22 12:00:00,13813.0
2014-12-22 13:00:00,14205.0
2014-12-22 14:00:00,14521.0
2014-12-22 15:00:00,13851.0
2014-12-22 16:00:00,14647.0
2014-12-22 17:00:00,14305.0
2014-12-22 18:00:00,14749.0
2014-12-22 19:00:00,15117.0
2014-12-22 20:00:00,14610.0
2014-12-22 21:00:00,14102.0
2014-12-22 22:00:00,14003.0
2014-12-22 23:00:00,11571.0
2014-12-23 00:00:00,6850.0
2014-12-23 01:00:00,6191.0
2014-12-23 02:00:00,6167.0
2014-12-23 03:00:00,7307.0
2014-12-23 04:00:00,7609.0
2014-12-23 05:00:00,6509.0
2014-12-23 06:00:00,7318.0
2014-12-23 07:00:00,8192.0
2014-12-23 08:00:00,10432.0
2014-12-23 09:00:00,14774.0
2014-12-23 10:00:00,16066.0
2014-12-23 11:00:00,15951.0
2014-12-23 12:00:00,15268.0
2014-12-23 13:00:00,16369.0
2014-12-23 14:00:00,15495.0
2014-12-23 15:00:00,15509.0
2014-12-23 16:00:00,16306.0
2014-12-23 17:00:00,15547.0
2014-12-23 18:00:00,15876.0
2014-12-23 19:00:00,15976.0
2014-12-23 20:00:00,15255.0
2014-12-23 21:00:00,15293.0
2014-12-23 22:00:00,13812.0
2014-12-23 23:00:00,11964.0
2014-12-24 00:00:00,7774.0
2014-12-24 01:00:00,7471.0
2014-12-24 02:00:00,7116.0
2014-12-24 03:00:00,7256.0
2014-12-24 04:00:00,7534.0
2014-12-24 05:00:00,6533.0
2014-12-24 06:00:00,8660.0
2014-12-24 07:00:00,9748.0
2014-12-24 08:00:00,10812.0
2014-12-24 09:00:00,15597.0
2014-12-24 10:00:00,17522.0
2014-12-24 11:00:00,16179.0
2014-12-24 12:00:00,16027.0
2014-12-24 13:00:00,16572.0
2014-12-24 14:00:00,16787.0
2014-12-24 15:00:00,15191.0
2014-12-24 16:00:00,15116.0
2014-12-24 17:00:00,13180.0
2014-12-24 18:00:00,11483.0
2014-12-24 19:00:00,6217.0
2014-12-24 20:00:00,5293.0
2014-12-24 21:00:00,5142.0
2014-12-24 22:00:00,5548.0
2014-12-24 23:00:00,4836.0
2014-12-25 00:00:00,4559.0
2014-12-25 01:00:00,4470.0
2014-12-25 02:00:00,4369.0
2014-12-25 03:00:00,4381.0
2014-12-25 04:00:00,5002.0
2014-12-25 05:00:00,4508.0
2014-12-25 06:00:00,4520.0
2014-12-25 07:00:00,4559.0
2014-12-25 08:00:00,4483.0
2014-12-25 09:00:00,4875.0
2014-12-25 10:00:00,5370.0
2014-12-25 11:00:00,4951.0
2014-12-25 12:00:00,4990.0
2014-12-25 13:00:00,5078.0
2014-12-25 14:00:00,4989.0
2014-12-25 15:00:00,5115.0
2014-12-25 16:00:00,5332.0
2014-12-25 17:00:00,4913.0
2014-12-25 18:00:00,5028.0
2014-12-25 19:00:00,5129.0
2014-12-25 20:00:00,4964.0
2014-12-25 21:00:00,4976.0
2014-12-25 22:00:00,5230.0
2014-12-25 23:00:00,4368.0
2014-12-26 00:00:00,4292.0
2014-12-26 01:00:00,4458.0
2014-12-26 02:00:00,4280.0
2014-12-26 03:00:00,4381.0
2014-12-26 04:00:00,5040.0
2014-12-26 05:00:00,6509.0
2014-12-26 06:00:00,8826.0
2014-12-26 07:00:00,9685.0
2014-12-26 08:00:00,9610.0
2014-12-26 09:00:00,13002.0
2014-12-26 10:00:00,13661.0
2014-12-26 11:00:00,14014.0
2014-12-26 12:00:00,13888.0
2014-12-26 13:00:00,14218.0
2014-12-26 14:00:00,13458.0
2014-12-26 15:00:00,13116.0
2014-12-26 16:00:00,13876.0
2014-12-26 17:00:00,13370.0
2014-12-26 18:00:00,12711.0
2014-12-26 19:00:00,12799.0
2014-12-26 20:00:00,12913.0
2014-12-26 21:00:00,12432.0
2014-12-26 22:00:00,11736.0
2014-12-26 23:00:00,8420.0
2014-12-27 00:00:00,6154.0
2014-12-27 01:00:00,6053.0
2014-12-27 02:00:00,5445.0
2014-12-27 03:00:00,4407.0
2014-12-27 04:00:00,5015.0
2014-12-27 05:00:00,5876.0
2014-12-27 06:00:00,9876.0
2014-12-27 07:00:00,8926.0
2014-12-27 08:00:00,9874.0
2014-12-27 09:00:00,12710.0
2014-12-27 10:00:00,14117.0
2014-12-27 11:00:00,13040.0
2014-12-27 12:00:00,12647.0
2014-12-27 13:00:00,12888.0
2014-12-27 14:00:00,13445.0
2014-12-27 15:00:00,13686.0
2014-12-27 16:00:00,14622.0
2014-12-27 17:00:00,14457.0
2014-12-27 18:00:00,14571.0
2014-12-27 19:00:00,13457.0
2014-12-27 20:00:00,12457.0
2014-12-27 21:00:00,11217.0
2014-12-27 22:00:00,9204.0
2014-12-27 23:00:00,5572.0
2014-12-28 00:00:00,4749.0
2014-12-28 01:00:00,4470.0
2014-12-28 02:00:00,4483.0
2014-12-28 03:00:00,4571.0
2014-12-28 04:00:00,5079.0
2014-12-28 05:00:00,5559.0
2014-12-28 06:00:00,9813.0
2014-12-28 07:00:00,9811.0
2014-12-28 08:00:00,10331.0
2014-12-28 09:00:00,13381.0
2014-12-28 10:00:00,15052.0
2014-12-28 11:00:00,14471.0
2014-12-28 12:00:00,14508.0
2014-12-28 13:00:00,14851.0
2014-12-28 14:00:00,14065.0
2014-12-28 15:00:00,14103.0
2014-12-28 16:00:00,15230.0
2014-12-28 17:00:00,14862.0
2014-12-28 18:00:00,15128.0
2014-12-28 19:00:00,13989.0
2014-12-28 20:00:00,13496.0
2014-12-28 21:00:00,11761.0
2014-12-28 22:00:00,9142.0
2014-12-28 23:00:00,4773.0
2014-12-29 00:00:00,4470.0
2014-12-29 01:00:00,4419.0
2014-12-29 02:00:00,4318.0
2014-12-29 03:00:00,4407.0
2014-12-29 04:00:00,5116.0
2014-12-29 05:00:00,5862.0
2014-12-29 06:00:00,9520.0
2014-12-29 07:00:00,9242.0
2014-12-29 08:00:00,9015.0
2014-12-29 09:00:00,12508.0
2014-12-29 10:00:00,13698.0
2014-12-29 11:00:00,13356.0
2014-12-29 12:00:00,12268.0
2014-12-29 13:00:00,12888.0
2014-12-29 14:00:00,13559.0
2014-12-29 15:00:00,12205.0
2014-12-29 16:00:00,12609.0
2014-12-29 17:00:00,14142.0
2014-12-29 18:00:00,13546.0
2014-12-29 19:00:00,13938.0
2014-12-29 20:00:00,13976.0
2014-12-29 21:00:00,12204.0
2014-12-29 22:00:00,10673.0
2014-12-29 23:00:00,6762.0
2014-12-30 00:00:00,6294.0
2014-12-30 01:00:00,6066.0
2014-12-30 02:00:00,6571.0
2014-12-30 03:00:00,6774.0
2014-12-30 04:00:00,8116.0
2014-12-30 05:00:00,6116.0
2014-12-30 06:00:00,6850.0
2014-12-30 07:00:00,8039.0
2014-12-30 08:00:00,9938.0
2014-12-30 09:00:00,13723.0
2014-12-30 10:00:00,15687.0
2014-12-30 11:00:00,14812.0
2014-12-30 12:00:00,15053.0
2014-12-30 13:00:00,14344.0
2014-12-30 14:00:00,14255.0
2014-12-30 15:00:00,12863.0
2014-12-30 16:00:00,14343.0
2014-12-30 17:00:00,14509.0
2014-12-30 18:00:00,14875.0
2014-12-30 19:00:00,14988.0
2014-12-30 20:00:00,14166.0
2014-12-30 21:00:00,12293.0
2014-12-30 22:00:00,10406.0
2014-12-30 23:00:00,6711.0
2014-12-31 00:00:00,6255.0
2014-12-31 01:00:00,6850.0
2014-12-31 02:00:00,6610.0
2014-12-31 03:00:00,6230.0
2014-12-31 04:00:00,7419.0
2014-12-31 05:00:00,5851.0
2014-12-31 06:00:00,7484.0
2014-12-31 07:00:00,8167.0
2014-12-31 08:00:00,9445.0
2014-12-31 09:00:00,11824.0
2014-12-31 10:00:00,13698.0
2014-12-31 11:00:00,13812.0
2014-12-31 12:00:00,14065.0
2014-12-31 13:00:00,13901.0
2014-12-31 14:00:00,13230.0
2014-12-31 15:00:00,13331.0
2014-12-31 16:00:00,12862.0
2014-12-31 17:00:00,12520.0
2014-12-31 18:00:00,12141.0
2014-12-31 19:00:00,10129.0
2014-12-31 20:00:00,4825.0
2014-12-31 21:00:00,4318.0
2014-12-31 22:00:00,4775.0
2014-12-31 23:00:00,4166.0
