datetime,target
2012-01-01 00:00:00,2787.0
2012-01-01 01:00:00,2647.0
2012-01-01 02:00:00,2535.0
2012-01-01 03:00:00,2350.0
2012-01-01 04:00:00,2357.0
2012-01-01 05:00:00,2380.0
2012-01-01 06:00:00,2491.0
2012-01-01 07:00:00,3038.0
2012-01-01 08:00:00,3284.0
2012-01-01 09:00:00,3942.0
2012-01-01 10:00:00,4120.0
2012-01-01 11:00:00,3905.0
2012-01-01 12:00:00,3905.0
2012-01-01 13:00:00,3965.0
2012-01-01 14:00:00,3979.0
2012-01-01 15:00:00,3914.0
2012-01-01 16:00:00,3972.0
2012-01-01 17:00:00,4075.0
2012-01-01 18:00:00,4588.0
2012-01-01 19:00:00,4610.0
2012-01-01 20:00:00,4676.0
2012-01-01 21:00:00,4646.0
2012-01-01 22:00:00,4520.0
2012-01-01 23:00:00,3565.0
2012-01-02 00:00:00,2744.0
2012-01-02 01:00:00,2603.0
2012-01-02 02:00:00,2520.0
2012-01-02 03:00:00,2335.0
2012-01-02 04:00:00,2336.0
2012-01-02 05:00:00,2335.0
2012-01-02 06:00:00,2520.0
2012-01-02 07:00:00,4788.0
2012-01-02 08:00:00,4683.0
2012-01-02 09:00:00,5765.0
2012-01-02 10:00:00,5913.0
2012-01-02 11:00:00,5847.0
2012-01-02 12:00:00,5831.0
2012-01-02 13:00:00,5972.0
2012-01-02 14:00:00,5713.0
2012-01-02 15:00:00,5550.0
2012-01-02 16:00:00,5714.0
2012-01-02 17:00:00,6253.0
2012-01-02 18:00:00,6750.0
2012-01-02 19:00:00,6662.0
2012-01-02 20:00:00,6722.0
2012-01-02 21:00:00,6542.0
2012-01-02 22:00:00,6157.0
2012-01-02 23:00:00,4602.0
2012-01-03 00:00:00,3120.0
2012-01-03 01:00:00,2965.0
2012-01-03 02:00:00,2654.0
2012-01-03 03:00:00,2595.0
2012-01-03 04:00:00,2594.0
2012-01-03 05:00:00,2439.0
2012-01-03 06:00:00,2477.0
2012-01-03 07:00:00,4483.0
2012-01-03 08:00:00,4491.0
2012-01-03 09:00:00,5744.0
2012-01-03 10:00:00,5869.0
2012-01-03 11:00:00,6047.0
2012-01-03 12:00:00,5958.0
2012-01-03 13:00:00,5861.0
2012-01-03 14:00:00,5603.0
2012-01-03 15:00:00,5468.0
2012-01-03 16:00:00,5698.0
2012-01-03 17:00:00,6209.0
2012-01-03 18:00:00,6661.0
2012-01-03 19:00:00,6551.0
2012-01-03 20:00:00,6677.0
2012-01-03 21:00:00,6505.0
2012-01-03 22:00:00,6143.0
2012-01-03 23:00:00,4386.0
2012-01-04 00:00:00,2721.0
2012-01-04 01:00:00,2595.0
2012-01-04 02:00:00,2446.0
2012-01-04 03:00:00,2543.0
2012-01-04 04:00:00,2313.0
2012-01-04 05:00:00,2320.0
2012-01-04 06:00:00,2387.0
2012-01-04 07:00:00,4291.0
2012-01-04 08:00:00,4298.0
2012-01-04 09:00:00,5942.0
2012-01-04 10:00:00,5787.0
2012-01-04 11:00:00,5077.0
2012-01-04 12:00:00,5624.0
2012-01-04 13:00:00,5972.0
2012-01-04 14:00:00,5727.0
2012-01-04 15:00:00,5483.0
2012-01-04 16:00:00,5232.0
2012-01-04 17:00:00,5920.0
2012-01-04 18:00:00,6802.0
2012-01-04 19:00:00,6647.0
2012-01-04 20:00:00,6661.0
2012-01-04 21:00:00,6328.0
2012-01-04 22:00:00,6105.0
2012-01-04 23:00:00,4433.0
2012-01-05 00:00:00,2876.0
2012-01-05 01:00:00,2528.0
2012-01-05 02:00:00,2580.0
2012-01-05 03:00:00,2618.0
2012-01-05 04:00:00,2447.0
2012-01-05 05:00:00,2430.0
2012-01-05 06:00:00,2513.0
2012-01-05 07:00:00,4150.0
2012-01-05 08:00:00,4439.0
2012-01-05 09:00:00,5846.0
2012-01-05 10:00:00,5921.0
2012-01-05 11:00:00,5928.0
2012-01-05 12:00:00,5994.0
2012-01-05 13:00:00,5810.0
2012-01-05 14:00:00,5824.0
2012-01-05 15:00:00,5787.0
2012-01-05 16:00:00,5942.0
2012-01-05 17:00:00,6187.0
2012-01-05 18:00:00,6542.0
2012-01-05 19:00:00,6639.0
2012-01-05 20:00:00,6624.0
2012-01-05 21:00:00,6439.0
2012-01-05 22:00:00,6031.0
2012-01-05 23:00:00,4431.0
2012-01-06 00:00:00,3009.0
2012-01-06 01:00:00,3009.0
2012-01-06 02:00:00,2891.0
2012-01-06 03:00:00,2749.0
2012-01-06 04:00:00,2283.0
2012-01-06 05:00:00,2401.0
2012-01-06 06:00:00,2527.0
2012-01-06 07:00:00,4454.0
2012-01-06 08:00:00,4624.0
2012-01-06 09:00:00,5876.0
2012-01-06 10:00:00,6017.0
2012-01-06 11:00:00,6105.0
2012-01-06 12:00:00,5876.0
2012-01-06 13:00:00,5610.0
2012-01-06 14:00:00,5669.0
2012-01-06 15:00:00,5928.0
2012-01-06 16:00:00,6010.0
2012-01-06 17:00:00,6557.0
2012-01-06 18:00:00,6624.0
2012-01-06 19:00:00,6899.0
2012-01-06 20:00:00,6668.0
2012-01-06 21:00:00,6617.0
2012-01-06 22:00:00,6187.0
2012-01-06 23:00:00,4580.0
2012-01-07 00:00:00,3039.0
2012-01-07 01:00:00,2787.0
2012-01-07 02:00:00,2639.0
2012-01-07 03:00:00,2402.0
2012-01-07 04:00:00,2202.0
2012-01-07 05:00:00,2290.0
2012-01-07 06:00:00,2351.0
2012-01-07 07:00:00,4045.0
2012-01-07 08:00:00,4593.0
2012-01-07 09:00:00,5875.0
2012-01-07 10:00:00,6127.0
2012-01-07 11:00:00,6188.0
2012-01-07 12:00:00,6173.0
2012-01-07 13:00:00,6268.0
2012-01-07 14:00:00,6180.0
2012-01-07 15:00:00,6127.0
2012-01-07 16:00:00,6070.0
2012-01-07 17:00:00,6253.0
2012-01-07 18:00:00,6691.0
2012-01-07 19:00:00,6647.0
2012-01-07 20:00:00,6484.0
2012-01-07 21:00:00,6328.0
2012-01-07 22:00:00,6091.0
2012-01-07 23:00:00,4417.0
2012-01-08 00:00:00,3091.0
2012-01-08 01:00:00,2803.0
2012-01-08 02:00:00,2483.0
2012-01-08 03:00:00,2232.0
2012-01-08 04:00:00,2225.0
2012-01-08 05:00:00,2313.0
2012-01-08 06:00:00,2364.0
2012-01-08 07:00:00,4365.0
2012-01-08 08:00:00,4366.0
2012-01-08 09:00:00,5817.0
2012-01-08 10:00:00,6076.0
2012-01-08 11:00:00,6136.0
2012-01-08 12:00:00,6253.0
2012-01-08 13:00:00,5921.0
2012-01-08 14:00:00,6113.0
2012-01-08 15:00:00,5898.0
2012-01-08 16:00:00,5907.0
2012-01-08 17:00:00,6025.0
2012-01-08 18:00:00,6586.0
2012-01-08 19:00:00,6587.0
2012-01-08 20:00:00,6653.0
2012-01-08 21:00:00,6349.0
2012-01-08 22:00:00,6054.0
2012-01-08 23:00:00,4476.0
2012-01-09 00:00:00,3076.0
2012-01-09 01:00:00,2722.0
2012-01-09 02:00:00,2550.0
2012-01-09 03:00:00,2394.0
2012-01-09 04:00:00,2195.0
2012-01-09 05:00:00,2307.0
2012-01-09 06:00:00,2513.0
2012-01-09 07:00:00,4313.0
2012-01-09 08:00:00,4232.0
2012-01-09 09:00:00,5846.0
2012-01-09 10:00:00,6128.0
2012-01-09 11:00:00,5883.0
2012-01-09 12:00:00,5862.0
2012-01-09 13:00:00,5750.0
2012-01-09 14:00:00,5699.0
2012-01-09 15:00:00,5543.0
2012-01-09 16:00:00,5698.0
2012-01-09 17:00:00,6024.0
2012-01-09 18:00:00,6246.0
2012-01-09 19:00:00,6728.0
2012-01-09 20:00:00,6409.0
2012-01-09 21:00:00,6319.0
2012-01-09 22:00:00,6142.0
2012-01-09 23:00:00,4565.0
2012-01-10 00:00:00,3032.0
2012-01-10 01:00:00,2972.0
2012-01-10 02:00:00,2698.0
2012-01-10 03:00:00,2312.0
2012-01-10 04:00:00,2239.0
2012-01-10 05:00:00,2335.0
2012-01-10 06:00:00,2438.0
2012-01-10 07:00:00,4261.0
2012-01-10 08:00:00,4232.0
2012-01-10 09:00:00,5861.0
2012-01-10 10:00:00,6113.0
2012-01-10 11:00:00,5951.0
2012-01-10 12:00:00,5929.0
2012-01-10 13:00:00,5795.0
2012-01-10 14:00:00,5802.0
2012-01-10 15:00:00,5809.0
2012-01-10 16:00:00,5883.0
2012-01-10 17:00:00,5773.0
2012-01-10 18:00:00,6387.0
2012-01-10 19:00:00,6787.0
2012-01-10 20:00:00,6484.0
2012-01-10 21:00:00,6364.0
2012-01-10 22:00:00,6120.0
2012-01-10 23:00:00,4469.0
2012-01-11 00:00:00,2972.0
2012-01-11 01:00:00,2706.0
2012-01-11 02:00:00,2713.0
2012-01-11 03:00:00,2446.0
2012-01-11 04:00:00,2321.0
2012-01-11 05:00:00,2424.0
2012-01-11 06:00:00,2499.0
2012-01-11 07:00:00,4735.0
2012-01-11 08:00:00,4690.0
2012-01-11 09:00:00,5787.0
2012-01-11 10:00:00,5972.0
2012-01-11 11:00:00,5802.0
2012-01-11 12:00:00,5765.0
2012-01-11 13:00:00,5913.0
2012-01-11 14:00:00,5697.0
2012-01-11 15:00:00,5787.0
2012-01-11 16:00:00,5699.0
2012-01-11 17:00:00,5868.0
2012-01-11 18:00:00,6462.0
2012-01-11 19:00:00,6735.0
2012-01-11 20:00:00,6669.0
2012-01-11 21:00:00,6394.0
2012-01-11 22:00:00,6099.0
2012-01-11 23:00:00,4387.0
2012-01-12 00:00:00,2854.0
2012-01-12 01:00:00,2542.0
2012-01-12 02:00:00,2625.0
2012-01-12 03:00:00,2646.0
2012-01-12 04:00:00,2335.0
2012-01-12 05:00:00,2402.0
2012-01-12 06:00:00,2476.0
2012-01-12 07:00:00,4831.0
2012-01-12 08:00:00,4749.0
2012-01-12 09:00:00,5594.0
2012-01-12 10:00:00,5847.0
2012-01-12 11:00:00,5734.0
2012-01-12 12:00:00,6113.0
2012-01-12 13:00:00,5751.0
2012-01-12 14:00:00,5794.0
2012-01-12 15:00:00,5712.0
2012-01-12 16:00:00,5676.0
2012-01-12 17:00:00,5942.0
2012-01-12 18:00:00,6469.0
2012-01-12 19:00:00,6639.0
2012-01-12 20:00:00,6492.0
2012-01-12 21:00:00,6269.0
2012-01-12 22:00:00,6047.0
2012-01-12 23:00:00,5039.0
2012-01-13 00:00:00,3743.0
2012-01-13 01:00:00,3068.0
2012-01-13 02:00:00,2935.0
2012-01-13 03:00:00,2483.0
2012-01-13 04:00:00,2409.0
2012-01-13 05:00:00,2476.0
2012-01-13 06:00:00,2565.0
2012-01-13 07:00:00,4387.0
2012-01-13 08:00:00,4646.0
2012-01-13 09:00:00,5757.0
2012-01-13 10:00:00,5988.0
2012-01-13 11:00:00,5854.0
2012-01-13 12:00:00,5890.0
2012-01-13 13:00:00,5720.0
2012-01-13 14:00:00,5469.0
2012-01-13 15:00:00,5469.0
2012-01-13 16:00:00,5551.0
2012-01-13 17:00:00,5668.0
2012-01-13 18:00:00,6305.0
2012-01-13 19:00:00,6358.0
2012-01-13 20:00:00,6343.0
2012-01-13 21:00:00,6172.0
2012-01-13 22:00:00,5728.0
2012-01-13 23:00:00,4475.0
2012-01-14 00:00:00,3069.0
2012-01-14 01:00:00,2892.0
2012-01-14 02:00:00,2566.0
2012-01-14 03:00:00,2276.0
2012-01-14 04:00:00,2298.0
2012-01-14 05:00:00,2350.0
2012-01-14 06:00:00,2395.0
2012-01-14 07:00:00,3632.0
2012-01-14 08:00:00,4046.0
2012-01-14 09:00:00,5439.0
2012-01-14 10:00:00,5853.0
2012-01-14 11:00:00,5966.0
2012-01-14 12:00:00,5965.0
2012-01-14 13:00:00,6047.0
2012-01-14 14:00:00,5794.0
2012-01-14 15:00:00,5854.0
2012-01-14 16:00:00,5675.0
2012-01-14 17:00:00,5847.0
2012-01-14 18:00:00,6120.0
2012-01-14 19:00:00,6402.0
2012-01-14 20:00:00,6231.0
2012-01-14 21:00:00,6283.0
2012-01-14 22:00:00,5899.0
2012-01-14 23:00:00,4461.0
2012-01-15 00:00:00,3203.0
2012-01-15 01:00:00,3164.0
2012-01-15 02:00:00,2691.0
2012-01-15 03:00:00,2276.0
2012-01-15 04:00:00,2321.0
2012-01-15 05:00:00,2387.0
2012-01-15 06:00:00,2447.0
2012-01-15 07:00:00,4106.0
2012-01-15 08:00:00,3868.0
2012-01-15 09:00:00,5440.0
2012-01-15 10:00:00,5721.0
2012-01-15 11:00:00,5661.0
2012-01-15 12:00:00,5824.0
2012-01-15 13:00:00,5713.0
2012-01-15 14:00:00,5654.0
2012-01-15 15:00:00,5661.0
2012-01-15 16:00:00,5476.0
2012-01-15 17:00:00,5744.0
2012-01-15 18:00:00,6091.0
2012-01-15 19:00:00,6105.0
2012-01-15 20:00:00,5861.0
2012-01-15 21:00:00,5839.0
2012-01-15 22:00:00,5609.0
2012-01-15 23:00:00,4358.0
2012-01-16 00:00:00,3135.0
2012-01-16 01:00:00,2942.0
2012-01-16 02:00:00,2906.0
2012-01-16 03:00:00,2335.0
2012-01-16 04:00:00,2209.0
2012-01-16 05:00:00,2372.0
2012-01-16 06:00:00,2401.0
2012-01-16 07:00:00,3669.0
2012-01-16 08:00:00,3935.0
2012-01-16 09:00:00,4919.0
2012-01-16 10:00:00,5535.0
2012-01-16 11:00:00,5624.0
2012-01-16 12:00:00,5505.0
2012-01-16 13:00:00,5461.0
2012-01-16 14:00:00,5224.0
2012-01-16 15:00:00,5210.0
2012-01-16 16:00:00,5276.0
2012-01-16 17:00:00,5298.0
2012-01-16 18:00:00,5802.0
2012-01-16 19:00:00,6047.0
2012-01-16 20:00:00,5957.0
2012-01-16 21:00:00,5675.0
2012-01-16 22:00:00,5557.0
2012-01-16 23:00:00,4016.0
2012-01-17 00:00:00,2432.0
2012-01-17 01:00:00,2342.0
2012-01-17 02:00:00,2454.0
2012-01-17 03:00:00,2180.0
2012-01-17 04:00:00,2173.0
2012-01-17 05:00:00,2194.0
2012-01-17 06:00:00,2187.0
2012-01-17 07:00:00,3535.0
2012-01-17 08:00:00,3765.0
2012-01-17 09:00:00,4973.0
2012-01-17 10:00:00,5231.0
2012-01-17 11:00:00,5475.0
2012-01-17 12:00:00,5699.0
2012-01-17 13:00:00,5401.0
2012-01-17 14:00:00,5313.0
2012-01-17 15:00:00,5446.0
2012-01-17 16:00:00,5447.0
2012-01-17 17:00:00,5580.0
2012-01-17 18:00:00,6076.0
2012-01-17 19:00:00,6091.0
2012-01-17 20:00:00,6084.0
2012-01-17 21:00:00,5928.0
2012-01-17 22:00:00,5513.0
2012-01-17 23:00:00,4180.0
2012-01-18 00:00:00,3010.0
2012-01-18 01:00:00,2817.0
2012-01-18 02:00:00,2787.0
2012-01-18 03:00:00,2172.0
2012-01-18 04:00:00,2149.0
2012-01-18 05:00:00,2201.0
2012-01-18 06:00:00,2210.0
2012-01-18 07:00:00,3609.0
2012-01-18 08:00:00,3646.0
2012-01-18 09:00:00,5017.0
2012-01-18 10:00:00,5460.0
2012-01-18 11:00:00,5335.0
2012-01-18 12:00:00,5357.0
2012-01-18 13:00:00,5277.0
2012-01-18 14:00:00,5424.0
2012-01-18 15:00:00,5438.0
2012-01-18 16:00:00,5632.0
2012-01-18 17:00:00,5536.0
2012-01-18 18:00:00,5973.0
2012-01-18 19:00:00,6275.0
2012-01-18 20:00:00,6172.0
2012-01-18 21:00:00,5950.0
2012-01-18 22:00:00,5632.0
2012-01-18 23:00:00,4601.0
2012-01-19 00:00:00,3179.0
2012-01-19 01:00:00,2928.0
2012-01-19 02:00:00,2847.0
2012-01-19 03:00:00,2306.0
2012-01-19 04:00:00,2239.0
2012-01-19 05:00:00,2328.0
2012-01-19 06:00:00,2327.0
2012-01-19 07:00:00,3536.0
2012-01-19 08:00:00,3750.0
2012-01-19 09:00:00,5039.0
2012-01-19 10:00:00,5491.0
2012-01-19 11:00:00,5468.0
2012-01-19 12:00:00,5610.0
2012-01-19 13:00:00,5720.0
2012-01-19 14:00:00,5751.0
2012-01-19 15:00:00,5565.0
2012-01-19 16:00:00,5728.0
2012-01-19 17:00:00,5818.0
2012-01-19 18:00:00,6083.0
2012-01-19 19:00:00,6291.0
2012-01-19 20:00:00,6106.0
2012-01-19 21:00:00,5898.0
2012-01-19 22:00:00,5639.0
2012-01-19 23:00:00,4617.0
2012-01-20 00:00:00,3195.0
2012-01-20 01:00:00,2972.0
2012-01-20 02:00:00,2824.0
2012-01-20 03:00:00,2336.0
2012-01-20 04:00:00,2247.0
2012-01-20 05:00:00,2371.0
2012-01-20 06:00:00,2350.0
2012-01-20 07:00:00,4128.0
2012-01-20 08:00:00,4291.0
2012-01-20 09:00:00,5098.0
2012-01-20 10:00:00,5720.0
2012-01-20 11:00:00,5661.0
2012-01-20 12:00:00,5624.0
2012-01-20 13:00:00,5506.0
2012-01-20 14:00:00,5550.0
2012-01-20 15:00:00,5869.0
2012-01-20 16:00:00,5832.0
2012-01-20 17:00:00,5780.0
2012-01-20 18:00:00,6157.0
2012-01-20 19:00:00,6269.0
2012-01-20 20:00:00,6002.0
2012-01-20 21:00:00,5877.0
2012-01-20 22:00:00,5684.0
2012-01-20 23:00:00,4527.0
2012-01-21 00:00:00,3321.0
2012-01-21 01:00:00,2920.0
2012-01-21 02:00:00,2831.0
2012-01-21 03:00:00,2534.0
2012-01-21 04:00:00,2455.0
2012-01-21 05:00:00,2572.0
2012-01-21 06:00:00,2565.0
2012-01-21 07:00:00,4151.0
2012-01-21 08:00:00,4327.0
2012-01-21 09:00:00,5239.0
2012-01-21 10:00:00,5654.0
2012-01-21 11:00:00,5801.0
2012-01-21 12:00:00,5870.0
2012-01-21 13:00:00,5839.0
2012-01-21 14:00:00,5832.0
2012-01-21 15:00:00,5565.0
2012-01-21 16:00:00,5521.0
2012-01-21 17:00:00,5742.0
2012-01-21 18:00:00,6290.0
2012-01-21 19:00:00,6468.0
2012-01-21 20:00:00,6224.0
2012-01-21 21:00:00,5862.0
2012-01-21 22:00:00,5593.0
2012-01-21 23:00:00,4350.0
2012-01-22 00:00:00,3009.0
2012-01-22 01:00:00,2935.0
2012-01-22 02:00:00,2794.0
2012-01-22 03:00:00,2846.0
2012-01-22 04:00:00,2253.0
2012-01-22 05:00:00,2380.0
2012-01-22 06:00:00,2314.0
2012-01-22 07:00:00,4047.0
2012-01-22 08:00:00,3995.0
2012-01-22 09:00:00,5202.0
2012-01-22 10:00:00,5543.0
2012-01-22 11:00:00,5744.0
2012-01-22 12:00:00,5884.0
2012-01-22 13:00:00,5676.0
2012-01-22 14:00:00,5794.0
2012-01-22 15:00:00,5721.0
2012-01-22 16:00:00,5646.0
2012-01-22 17:00:00,5350.0
2012-01-22 18:00:00,6068.0
2012-01-22 19:00:00,6416.0
2012-01-22 20:00:00,5964.0
2012-01-22 21:00:00,5780.0
2012-01-22 22:00:00,5795.0
2012-01-22 23:00:00,4424.0
2012-01-23 00:00:00,3128.0
2012-01-23 01:00:00,3023.0
2012-01-23 02:00:00,2994.0
2012-01-23 03:00:00,2602.0
2012-01-23 04:00:00,2431.0
2012-01-23 05:00:00,2499.0
2012-01-23 06:00:00,2507.0
2012-01-23 07:00:00,4164.0
2012-01-23 08:00:00,3943.0
2012-01-23 09:00:00,5380.0
2012-01-23 10:00:00,5774.0
2012-01-23 11:00:00,5527.0
2012-01-23 12:00:00,5750.0
2012-01-23 13:00:00,5810.0
2012-01-23 14:00:00,5720.0
2012-01-23 15:00:00,5528.0
2012-01-23 16:00:00,5913.0
2012-01-23 17:00:00,6016.0
2012-01-23 18:00:00,6380.0
2012-01-23 19:00:00,6795.0
2012-01-23 20:00:00,6549.0
2012-01-23 21:00:00,6424.0
2012-01-23 22:00:00,6120.0
2012-01-23 23:00:00,4772.0
2012-01-24 00:00:00,3157.0
2012-01-24 01:00:00,3076.0
2012-01-24 02:00:00,2905.0
2012-01-24 03:00:00,2372.0
2012-01-24 04:00:00,2283.0
2012-01-24 05:00:00,2328.0
2012-01-24 06:00:00,2380.0
2012-01-24 07:00:00,4365.0
2012-01-24 08:00:00,4543.0
2012-01-24 09:00:00,5742.0
2012-01-24 10:00:00,5670.0
2012-01-24 11:00:00,5728.0
2012-01-24 12:00:00,5705.0
2012-01-24 13:00:00,5632.0
2012-01-24 14:00:00,5787.0
2012-01-24 15:00:00,5535.0
2012-01-24 16:00:00,5713.0
2012-01-24 17:00:00,5832.0
2012-01-24 18:00:00,6045.0
2012-01-24 19:00:00,6388.0
2012-01-24 20:00:00,6425.0
2012-01-24 21:00:00,6209.0
2012-01-24 22:00:00,5825.0
2012-01-24 23:00:00,4520.0
2012-01-25 00:00:00,3061.0
2012-01-25 01:00:00,2935.0
2012-01-25 02:00:00,2676.0
2012-01-25 03:00:00,2329.0
2012-01-25 04:00:00,2276.0
2012-01-25 05:00:00,2335.0
2012-01-25 06:00:00,2432.0
2012-01-25 07:00:00,4358.0
2012-01-25 08:00:00,4980.0
2012-01-25 09:00:00,5610.0
2012-01-25 10:00:00,5825.0
2012-01-25 11:00:00,5853.0
2012-01-25 12:00:00,5780.0
2012-01-25 13:00:00,5616.0
2012-01-25 14:00:00,5625.0
2012-01-25 15:00:00,5741.0
2012-01-25 16:00:00,5631.0
2012-01-25 17:00:00,5654.0
2012-01-25 18:00:00,6054.0
2012-01-25 19:00:00,6446.0
2012-01-25 20:00:00,6438.0
2012-01-25 21:00:00,6328.0
2012-01-25 22:00:00,5951.0
2012-01-25 23:00:00,4854.0
2012-01-26 00:00:00,3283.0
2012-01-26 01:00:00,3231.0
2012-01-26 02:00:00,3172.0
2012-01-26 03:00:00,2780.0
2012-01-26 04:00:00,2816.0
2012-01-26 05:00:00,2883.0
2012-01-26 06:00:00,2979.0
2012-01-26 07:00:00,4935.0
2012-01-26 08:00:00,5645.0
2012-01-26 09:00:00,5980.0
2012-01-26 10:00:00,5773.0
2012-01-26 11:00:00,5683.0
2012-01-26 12:00:00,5647.0
2012-01-26 13:00:00,5661.0
2012-01-26 14:00:00,5617.0
2012-01-26 15:00:00,5772.0
2012-01-26 16:00:00,5654.0
2012-01-26 17:00:00,5772.0
2012-01-26 18:00:00,6031.0
2012-01-26 19:00:00,6417.0
2012-01-26 20:00:00,6306.0
2012-01-26 21:00:00,6187.0
2012-01-26 22:00:00,5892.0
2012-01-26 23:00:00,4432.0
2012-01-27 00:00:00,3075.0
2012-01-27 01:00:00,2816.0
2012-01-27 02:00:00,2676.0
2012-01-27 03:00:00,2536.0
2012-01-27 04:00:00,2009.0
2012-01-27 05:00:00,2084.0
2012-01-27 06:00:00,2129.0
2012-01-27 07:00:00,4202.0
2012-01-27 08:00:00,4299.0
2012-01-27 09:00:00,5476.0
2012-01-27 10:00:00,6461.0
2012-01-27 11:00:00,6594.0
2012-01-27 12:00:00,6357.0
2012-01-27 13:00:00,6335.0
2012-01-27 14:00:00,6261.0
2012-01-27 15:00:00,6505.0
2012-01-27 16:00:00,6291.0
2012-01-27 17:00:00,6276.0
2012-01-27 18:00:00,6076.0
2012-01-27 19:00:00,6558.0
2012-01-27 20:00:00,6639.0
2012-01-27 21:00:00,6351.0
2012-01-27 22:00:00,5994.0
2012-01-27 23:00:00,4669.0
2012-01-28 00:00:00,3158.0
2012-01-28 01:00:00,3105.0
2012-01-28 02:00:00,3121.0
2012-01-28 03:00:00,2928.0
2012-01-28 04:00:00,2869.0
2012-01-28 05:00:00,2913.0
2012-01-28 06:00:00,3002.0
2012-01-28 07:00:00,4298.0
2012-01-28 08:00:00,4543.0
2012-01-28 09:00:00,5528.0
2012-01-28 10:00:00,6114.0
2012-01-28 11:00:00,5810.0
2012-01-28 12:00:00,6001.0
2012-01-28 13:00:00,5699.0
2012-01-28 14:00:00,5736.0
2012-01-28 15:00:00,5632.0
2012-01-28 16:00:00,5838.0
2012-01-28 17:00:00,5772.0
2012-01-28 18:00:00,6245.0
2012-01-28 19:00:00,6809.0
2012-01-28 20:00:00,6750.0
2012-01-28 21:00:00,6314.0
2012-01-28 22:00:00,6016.0
2012-01-28 23:00:00,4357.0
2012-01-29 00:00:00,2980.0
2012-01-29 01:00:00,2795.0
2012-01-29 02:00:00,2623.0
2012-01-29 03:00:00,2098.0
2012-01-29 04:00:00,2084.0
2012-01-29 05:00:00,2165.0
2012-01-29 06:00:00,2335.0
2012-01-29 07:00:00,4128.0
2012-01-29 08:00:00,4314.0
2012-01-29 09:00:00,5520.0
2012-01-29 10:00:00,5853.0
2012-01-29 11:00:00,5773.0
2012-01-29 12:00:00,5912.0
2012-01-29 13:00:00,5631.0
2012-01-29 14:00:00,5387.0
2012-01-29 15:00:00,5898.0
2012-01-29 16:00:00,5467.0
2012-01-29 17:00:00,5706.0
2012-01-29 18:00:00,6053.0
2012-01-29 19:00:00,6624.0
2012-01-29 20:00:00,6402.0
2012-01-29 21:00:00,6328.0
2012-01-29 22:00:00,5832.0
2012-01-29 23:00:00,4794.0
2012-01-30 00:00:00,3549.0
2012-01-30 01:00:00,3446.0
2012-01-30 02:00:00,3402.0
2012-01-30 03:00:00,3134.0
2012-01-30 04:00:00,2773.0
2012-01-30 05:00:00,2877.0
2012-01-30 06:00:00,2994.0
2012-01-30 07:00:00,4742.0
2012-01-30 08:00:00,5090.0
2012-01-30 09:00:00,5387.0
2012-01-30 10:00:00,5416.0
2012-01-30 11:00:00,5483.0
2012-01-30 12:00:00,5712.0
2012-01-30 13:00:00,5587.0
2012-01-30 14:00:00,5519.0
2012-01-30 15:00:00,5327.0
2012-01-30 16:00:00,5462.0
2012-01-30 17:00:00,5706.0
2012-01-30 18:00:00,6098.0
2012-01-30 19:00:00,6706.0
2012-01-30 20:00:00,6706.0
2012-01-30 21:00:00,6364.0
2012-01-30 22:00:00,6083.0
2012-01-30 23:00:00,4662.0
2012-01-31 00:00:00,2773.0
2012-01-31 01:00:00,2498.0
2012-01-31 02:00:00,2483.0
2012-01-31 03:00:00,2246.0
2012-01-31 04:00:00,2202.0
2012-01-31 05:00:00,2314.0
2012-01-31 06:00:00,2446.0
2012-01-31 07:00:00,4128.0
2012-01-31 08:00:00,4824.0
2012-01-31 09:00:00,5483.0
2012-01-31 10:00:00,5527.0
2012-01-31 11:00:00,5758.0
2012-01-31 12:00:00,5624.0
2012-01-31 13:00:00,5469.0
2012-01-31 14:00:00,5557.0
2012-01-31 15:00:00,5505.0
2012-01-31 16:00:00,5320.0
2012-01-31 17:00:00,5943.0
2012-01-31 18:00:00,6209.0
2012-01-31 19:00:00,6698.0
2012-01-31 20:00:00,6705.0
2012-01-31 21:00:00,6446.0
2012-01-31 22:00:00,6106.0
2012-01-31 23:00:00,4617.0
2012-02-01 00:00:00,2891.0
2012-02-01 01:00:00,2707.0
2012-02-01 02:00:00,2572.0
2012-02-01 03:00:00,2209.0
2012-02-01 04:00:00,2151.0
2012-02-01 05:00:00,2299.0
2012-02-01 06:00:00,2445.0
2012-02-01 07:00:00,4410.0
2012-02-01 08:00:00,5098.0
2012-02-01 09:00:00,5529.0
2012-02-01 10:00:00,5431.0
2012-02-01 11:00:00,5611.0
2012-02-01 12:00:00,5453.0
2012-02-01 13:00:00,5550.0
2012-02-01 14:00:00,5571.0
2012-02-01 15:00:00,5506.0
2012-02-01 16:00:00,5802.0
2012-02-01 17:00:00,5897.0
2012-02-01 18:00:00,6239.0
2012-02-01 19:00:00,6580.0
2012-02-01 20:00:00,6424.0
2012-02-01 21:00:00,6432.0
2012-02-01 22:00:00,5979.0
2012-02-01 23:00:00,4528.0
2012-02-02 00:00:00,2825.0
2012-02-02 01:00:00,2513.0
2012-02-02 02:00:00,2543.0
2012-02-02 03:00:00,2283.0
2012-02-02 04:00:00,2106.0
2012-02-02 05:00:00,2097.0
2012-02-02 06:00:00,2291.0
2012-02-02 07:00:00,4350.0
2012-02-02 08:00:00,4543.0
2012-02-02 09:00:00,5335.0
2012-02-02 10:00:00,5676.0
2012-02-02 11:00:00,5675.0
2012-02-02 12:00:00,5521.0
2012-02-02 13:00:00,5335.0
2012-02-02 14:00:00,5453.0
2012-02-02 15:00:00,5350.0
2012-02-02 16:00:00,5328.0
2012-02-02 17:00:00,5676.0
2012-02-02 18:00:00,6410.0
2012-02-02 19:00:00,6595.0
2012-02-02 20:00:00,6269.0
2012-02-02 21:00:00,6209.0
2012-02-02 22:00:00,5980.0
2012-02-02 23:00:00,4780.0
2012-02-03 00:00:00,3691.0
2012-02-03 01:00:00,3513.0
2012-02-03 02:00:00,3127.0
2012-02-03 03:00:00,2314.0
2012-02-03 04:00:00,2009.0
2012-02-03 05:00:00,2097.0
2012-02-03 06:00:00,2210.0
2012-02-03 07:00:00,3958.0
2012-02-03 08:00:00,4387.0
2012-02-03 09:00:00,5334.0
2012-02-03 10:00:00,5564.0
2012-02-03 11:00:00,5803.0
2012-02-03 12:00:00,5586.0
2012-02-03 13:00:00,5395.0
2012-02-03 14:00:00,5335.0
2012-02-03 15:00:00,5114.0
2012-02-03 16:00:00,5365.0
2012-02-03 17:00:00,6062.0
2012-02-03 18:00:00,6262.0
2012-02-03 19:00:00,6520.0
2012-02-03 20:00:00,6535.0
2012-02-03 21:00:00,6446.0
2012-02-03 22:00:00,6031.0
2012-02-03 23:00:00,4194.0
2012-02-04 00:00:00,2773.0
2012-02-04 01:00:00,2387.0
2012-02-04 02:00:00,2453.0
2012-02-04 03:00:00,2128.0
2012-02-04 04:00:00,1987.0
2012-02-04 05:00:00,2061.0
2012-02-04 06:00:00,2201.0
2012-02-04 07:00:00,4031.0
2012-02-04 08:00:00,4409.0
2012-02-04 09:00:00,5513.0
2012-02-04 10:00:00,5720.0
2012-02-04 11:00:00,5601.0
2012-02-04 12:00:00,5861.0
2012-02-04 13:00:00,5639.0
2012-02-04 14:00:00,5409.0
2012-02-04 15:00:00,5358.0
2012-02-04 16:00:00,5513.0
2012-02-04 17:00:00,5661.0
2012-02-04 18:00:00,6091.0
2012-02-04 19:00:00,6476.0
2012-02-04 20:00:00,6366.0
2012-02-04 21:00:00,6365.0
2012-02-04 22:00:00,5869.0
2012-02-04 23:00:00,4432.0
2012-02-05 00:00:00,2683.0
2012-02-05 01:00:00,2528.0
2012-02-05 02:00:00,2625.0
2012-02-05 03:00:00,2409.0
2012-02-05 04:00:00,2120.0
2012-02-05 05:00:00,2157.0
2012-02-05 06:00:00,2269.0
2012-02-05 07:00:00,4054.0
2012-02-05 08:00:00,4491.0
2012-02-05 09:00:00,5595.0
2012-02-05 10:00:00,5639.0
2012-02-05 11:00:00,5580.0
2012-02-05 12:00:00,5395.0
2012-02-05 13:00:00,5579.0
2012-02-05 14:00:00,5379.0
2012-02-05 15:00:00,5513.0
2012-02-05 16:00:00,5565.0
2012-02-05 17:00:00,5860.0
2012-02-05 18:00:00,6047.0
2012-02-05 19:00:00,6365.0
2012-02-05 20:00:00,6343.0
2012-02-05 21:00:00,6113.0
2012-02-05 22:00:00,5824.0
2012-02-05 23:00:00,4209.0
2012-02-06 00:00:00,2743.0
2012-02-06 01:00:00,2617.0
2012-02-06 02:00:00,2580.0
2012-02-06 03:00:00,2572.0
2012-02-06 04:00:00,2432.0
2012-02-06 05:00:00,2506.0
2012-02-06 06:00:00,2609.0
2012-02-06 07:00:00,4446.0
2012-02-06 08:00:00,4410.0
2012-02-06 09:00:00,5306.0
2012-02-06 10:00:00,5802.0
2012-02-06 11:00:00,5676.0
2012-02-06 12:00:00,5527.0
2012-02-06 13:00:00,5654.0
2012-02-06 14:00:00,5595.0
2012-02-06 15:00:00,5602.0
2012-02-06 16:00:00,5527.0
2012-02-06 17:00:00,5743.0
2012-02-06 18:00:00,6039.0
2012-02-06 19:00:00,6417.0
2012-02-06 20:00:00,6335.0
2012-02-06 21:00:00,6180.0
2012-02-06 22:00:00,5861.0
2012-02-06 23:00:00,4476.0
2012-02-07 00:00:00,2818.0
2012-02-07 01:00:00,2453.0
2012-02-07 02:00:00,2312.0
2012-02-07 03:00:00,2157.0
2012-02-07 04:00:00,2084.0
2012-02-07 05:00:00,2172.0
2012-02-07 06:00:00,2291.0
2012-02-07 07:00:00,4328.0
2012-02-07 08:00:00,4513.0
2012-02-07 09:00:00,5335.0
2012-02-07 10:00:00,5750.0
2012-02-07 11:00:00,5898.0
2012-02-07 12:00:00,5624.0
2012-02-07 13:00:00,5343.0
2012-02-07 14:00:00,5453.0
2012-02-07 15:00:00,5750.0
2012-02-07 16:00:00,5660.0
2012-02-07 17:00:00,5869.0
2012-02-07 18:00:00,6201.0
2012-02-07 19:00:00,6676.0
2012-02-07 20:00:00,6373.0
2012-02-07 21:00:00,6210.0
2012-02-07 22:00:00,5928.0
2012-02-07 23:00:00,4321.0
2012-02-08 00:00:00,2861.0
2012-02-08 01:00:00,2653.0
2012-02-08 02:00:00,2640.0
2012-02-08 03:00:00,2491.0
2012-02-08 04:00:00,2269.0
2012-02-08 05:00:00,2298.0
2012-02-08 06:00:00,2505.0
2012-02-08 07:00:00,4780.0
2012-02-08 08:00:00,5024.0
2012-02-08 09:00:00,5512.0
2012-02-08 10:00:00,5617.0
2012-02-08 11:00:00,5861.0
2012-02-08 12:00:00,5380.0
2012-02-08 13:00:00,5528.0
2012-02-08 14:00:00,5284.0
2012-02-08 15:00:00,5098.0
2012-02-08 16:00:00,5335.0
2012-02-08 17:00:00,5491.0
2012-02-08 18:00:00,5779.0
2012-02-08 19:00:00,6343.0
2012-02-08 20:00:00,6097.0
2012-02-08 21:00:00,5898.0
2012-02-08 22:00:00,5632.0
2012-02-08 23:00:00,4668.0
2012-02-09 00:00:00,3498.0
2012-02-09 01:00:00,3232.0
2012-02-09 02:00:00,3084.0
2012-02-09 03:00:00,2876.0
2012-02-09 04:00:00,2765.0
2012-02-09 05:00:00,2854.0
2012-02-09 06:00:00,2875.0
2012-02-09 07:00:00,4305.0
2012-02-09 08:00:00,4350.0
2012-02-09 09:00:00,5024.0
2012-02-09 10:00:00,5277.0
2012-02-09 11:00:00,5202.0
2012-02-09 12:00:00,5520.0
2012-02-09 13:00:00,5166.0
2012-02-09 14:00:00,5098.0
2012-02-09 15:00:00,5254.0
2012-02-09 16:00:00,5343.0
2012-02-09 17:00:00,5388.0
2012-02-09 18:00:00,5890.0
2012-02-09 19:00:00,6298.0
2012-02-09 20:00:00,6231.0
2012-02-09 21:00:00,5846.0
2012-02-09 22:00:00,5602.0
2012-02-09 23:00:00,4349.0
2012-02-10 00:00:00,2853.0
2012-02-10 01:00:00,2647.0
2012-02-10 02:00:00,2372.0
2012-02-10 03:00:00,2135.0
2012-02-10 04:00:00,2068.0
2012-02-10 05:00:00,2246.0
2012-02-10 06:00:00,2246.0
2012-02-10 07:00:00,3772.0
2012-02-10 08:00:00,4003.0
2012-02-10 09:00:00,4802.0
2012-02-10 10:00:00,5343.0
2012-02-10 11:00:00,5513.0
2012-02-10 12:00:00,5424.0
2012-02-10 13:00:00,5431.0
2012-02-10 14:00:00,5232.0
2012-02-10 15:00:00,5365.0
2012-02-10 16:00:00,5305.0
2012-02-10 17:00:00,5513.0
2012-02-10 18:00:00,5743.0
2012-02-10 19:00:00,6224.0
2012-02-10 20:00:00,6179.0
2012-02-10 21:00:00,5773.0
2012-02-10 22:00:00,5534.0
2012-02-10 23:00:00,4365.0
2012-02-11 00:00:00,2958.0
2012-02-11 01:00:00,2772.0
2012-02-11 02:00:00,2758.0
2012-02-11 03:00:00,2661.0
2012-02-11 04:00:00,2430.0
2012-02-11 05:00:00,2476.0
2012-02-11 06:00:00,2521.0
2012-02-11 07:00:00,3817.0
2012-02-11 08:00:00,3846.0
2012-02-11 09:00:00,5328.0
2012-02-11 10:00:00,5750.0
2012-02-11 11:00:00,5883.0
2012-02-11 12:00:00,5862.0
2012-02-11 13:00:00,5743.0
2012-02-11 14:00:00,5550.0
2012-02-11 15:00:00,5549.0
2012-02-11 16:00:00,5832.0
2012-02-11 17:00:00,5654.0
2012-02-11 18:00:00,5950.0
2012-02-11 19:00:00,6409.0
2012-02-11 20:00:00,6312.0
2012-02-11 21:00:00,5883.0
2012-02-11 22:00:00,5683.0
2012-02-11 23:00:00,4291.0
2012-02-12 00:00:00,2905.0
2012-02-12 01:00:00,2758.0
2012-02-12 02:00:00,2439.0
2012-02-12 03:00:00,2172.0
2012-02-12 04:00:00,1980.0
2012-02-12 05:00:00,2127.0
2012-02-12 06:00:00,2098.0
2012-02-12 07:00:00,3699.0
2012-02-12 08:00:00,4025.0
2012-02-12 09:00:00,5276.0
2012-02-12 10:00:00,5291.0
2012-02-12 11:00:00,5372.0
2012-02-12 12:00:00,5409.0
2012-02-12 13:00:00,5432.0
2012-02-12 14:00:00,5203.0
2012-02-12 15:00:00,5276.0
2012-02-12 16:00:00,5358.0
2012-02-12 17:00:00,5476.0
2012-02-12 18:00:00,5810.0
2012-02-12 19:00:00,6291.0
2012-02-12 20:00:00,6091.0
2012-02-12 21:00:00,5847.0
2012-02-12 22:00:00,5728.0
2012-02-12 23:00:00,4328.0
2012-02-13 00:00:00,2853.0
2012-02-13 01:00:00,2573.0
2012-02-13 02:00:00,2617.0
2012-02-13 03:00:00,2410.0
2012-02-13 04:00:00,2009.0
2012-02-13 05:00:00,2061.0
2012-02-13 06:00:00,2164.0
2012-02-13 07:00:00,3698.0
2012-02-13 08:00:00,4016.0
2012-02-13 09:00:00,4690.0
2012-02-13 10:00:00,4920.0
2012-02-13 11:00:00,5247.0
2012-02-13 12:00:00,5046.0
2012-02-13 13:00:00,5091.0
2012-02-13 14:00:00,5083.0
2012-02-13 15:00:00,5055.0
2012-02-13 16:00:00,5372.0
2012-02-13 17:00:00,5601.0
2012-02-13 18:00:00,6047.0
2012-02-13 19:00:00,6321.0
2012-02-13 20:00:00,6187.0
2012-02-13 21:00:00,5936.0
2012-02-13 22:00:00,5616.0
2012-02-13 23:00:00,4469.0
2012-02-14 00:00:00,2950.0
2012-02-14 01:00:00,2729.0
2012-02-14 02:00:00,2713.0
2012-02-14 03:00:00,2602.0
2012-02-14 04:00:00,2276.0
2012-02-14 05:00:00,2076.0
2012-02-14 06:00:00,2009.0
2012-02-14 07:00:00,3609.0
2012-02-14 08:00:00,4025.0
2012-02-14 09:00:00,4824.0
2012-02-14 10:00:00,5292.0
2012-02-14 11:00:00,5475.0
2012-02-14 12:00:00,5091.0
2012-02-14 13:00:00,5306.0
2012-02-14 14:00:00,5550.0
2012-02-14 15:00:00,5499.0
2012-02-14 16:00:00,5380.0
2012-02-14 17:00:00,5336.0
2012-02-14 18:00:00,5795.0
2012-02-14 19:00:00,6366.0
2012-02-14 20:00:00,6165.0
2012-02-14 21:00:00,5861.0
2012-02-14 22:00:00,5705.0
2012-02-14 23:00:00,4565.0
2012-02-15 00:00:00,2950.0
2012-02-15 01:00:00,2817.0
2012-02-15 02:00:00,2402.0
2012-02-15 03:00:00,2424.0
2012-02-15 04:00:00,2209.0
2012-02-15 05:00:00,2246.0
2012-02-15 06:00:00,2210.0
2012-02-15 07:00:00,3521.0
2012-02-15 08:00:00,3914.0
2012-02-15 09:00:00,4824.0
2012-02-15 10:00:00,5387.0
2012-02-15 11:00:00,5269.0
2012-02-15 12:00:00,5283.0
2012-02-15 13:00:00,5476.0
2012-02-15 14:00:00,5299.0
2012-02-15 15:00:00,5380.0
2012-02-15 16:00:00,5364.0
2012-02-15 17:00:00,5446.0
2012-02-15 18:00:00,5943.0
2012-02-15 19:00:00,6224.0
2012-02-15 20:00:00,6209.0
2012-02-15 21:00:00,6032.0
2012-02-15 22:00:00,5788.0
2012-02-15 23:00:00,4462.0
2012-02-16 00:00:00,3061.0
2012-02-16 01:00:00,2809.0
2012-02-16 02:00:00,2543.0
2012-02-16 03:00:00,2194.0
2012-02-16 04:00:00,2202.0
2012-02-16 05:00:00,2298.0
2012-02-16 06:00:00,2232.0
2012-02-16 07:00:00,4084.0
2012-02-16 08:00:00,4713.0
2012-02-16 09:00:00,5134.0
2012-02-16 10:00:00,5498.0
2012-02-16 11:00:00,5394.0
2012-02-16 12:00:00,5520.0
2012-02-16 13:00:00,5453.0
2012-02-16 14:00:00,5506.0
2012-02-16 15:00:00,5735.0
2012-02-16 16:00:00,5535.0
2012-02-16 17:00:00,5624.0
2012-02-16 18:00:00,5920.0
2012-02-16 19:00:00,6394.0
2012-02-16 20:00:00,6158.0
2012-02-16 21:00:00,5905.0
2012-02-16 22:00:00,5721.0
2012-02-16 23:00:00,4587.0
2012-02-17 00:00:00,3002.0
2012-02-17 01:00:00,2972.0
2012-02-17 02:00:00,2934.0
2012-02-17 03:00:00,2617.0
2012-02-17 04:00:00,2521.0
2012-02-17 05:00:00,2624.0
2012-02-17 06:00:00,2446.0
2012-02-17 07:00:00,3764.0
2012-02-17 08:00:00,4454.0
2012-02-17 09:00:00,5024.0
2012-02-17 10:00:00,5416.0
2012-02-17 11:00:00,5453.0
2012-02-17 12:00:00,5654.0
2012-02-17 13:00:00,5431.0
2012-02-17 14:00:00,5646.0
2012-02-17 15:00:00,5580.0
2012-02-17 16:00:00,5565.0
2012-02-17 17:00:00,5639.0
2012-02-17 18:00:00,6031.0
2012-02-17 19:00:00,6446.0
2012-02-17 20:00:00,6216.0
2012-02-17 21:00:00,5973.0
2012-02-17 22:00:00,5847.0
2012-02-17 23:00:00,4498.0
2012-02-18 00:00:00,2905.0
2012-02-18 01:00:00,2727.0
2012-02-18 02:00:00,2609.0
2012-02-18 03:00:00,2232.0
2012-02-18 04:00:00,2158.0
2012-02-18 05:00:00,2247.0
2012-02-18 06:00:00,2349.0
2012-02-18 07:00:00,3949.0
2012-02-18 08:00:00,4795.0
2012-02-18 09:00:00,5439.0
2012-02-18 10:00:00,5490.0
2012-02-18 11:00:00,5654.0
2012-02-18 12:00:00,5765.0
2012-02-18 13:00:00,5676.0
2012-02-18 14:00:00,5935.0
2012-02-18 15:00:00,6246.0
2012-02-18 16:00:00,5743.0
2012-02-18 17:00:00,6039.0
2012-02-18 18:00:00,6127.0
2012-02-18 19:00:00,6425.0
2012-02-18 20:00:00,6179.0
2012-02-18 21:00:00,5973.0
2012-02-18 22:00:00,5705.0
2012-02-18 23:00:00,4565.0
2012-02-19 00:00:00,2817.0
2012-02-19 01:00:00,2824.0
2012-02-19 02:00:00,2645.0
2012-02-19 03:00:00,2269.0
2012-02-19 04:00:00,2173.0
2012-02-19 05:00:00,2372.0
2012-02-19 06:00:00,2372.0
2012-02-19 07:00:00,3736.0
2012-02-19 08:00:00,4373.0
2012-02-19 09:00:00,5304.0
2012-02-19 10:00:00,5631.0
2012-02-19 11:00:00,5765.0
2012-02-19 12:00:00,5764.0
2012-02-19 13:00:00,5794.0
2012-02-19 14:00:00,5572.0
2012-02-19 15:00:00,5757.0
2012-02-19 16:00:00,5595.0
2012-02-19 17:00:00,5668.0
2012-02-19 18:00:00,6172.0
2012-02-19 19:00:00,6328.0
2012-02-19 20:00:00,6179.0
2012-02-19 21:00:00,5891.0
2012-02-19 22:00:00,5847.0
2012-02-19 23:00:00,4505.0
2012-02-20 00:00:00,3395.0
2012-02-20 01:00:00,3320.0
2012-02-20 02:00:00,3194.0
2012-02-20 03:00:00,2943.0
2012-02-20 04:00:00,2869.0
2012-02-20 05:00:00,2898.0
2012-02-20 06:00:00,2943.0
2012-02-20 07:00:00,4565.0
2012-02-20 08:00:00,4358.0
2012-02-20 09:00:00,4935.0
2012-02-20 10:00:00,5549.0
2012-02-20 11:00:00,5660.0
2012-02-20 12:00:00,5780.0
2012-02-20 13:00:00,5735.0
2012-02-20 14:00:00,5728.0
2012-02-20 15:00:00,5646.0
2012-02-20 16:00:00,5661.0
2012-02-20 17:00:00,6009.0
2012-02-20 18:00:00,6150.0
2012-02-20 19:00:00,6490.0
2012-02-20 20:00:00,6181.0
2012-02-20 21:00:00,6046.0
2012-02-20 22:00:00,5705.0
2012-02-20 23:00:00,4557.0
2012-02-21 00:00:00,2861.0
2012-02-21 01:00:00,2892.0
2012-02-21 02:00:00,2794.0
2012-02-21 03:00:00,2313.0
2012-02-21 04:00:00,2209.0
2012-02-21 05:00:00,2246.0
2012-02-21 06:00:00,2364.0
2012-02-21 07:00:00,3794.0
2012-02-21 08:00:00,4276.0
2012-02-21 09:00:00,5009.0
2012-02-21 10:00:00,5461.0
2012-02-21 11:00:00,5527.0
2012-02-21 12:00:00,5773.0
2012-02-21 13:00:00,5787.0
2012-02-21 14:00:00,6025.0
2012-02-21 15:00:00,5609.0
2012-02-21 16:00:00,5327.0
2012-02-21 17:00:00,5602.0
2012-02-21 18:00:00,6068.0
2012-02-21 19:00:00,6217.0
2012-02-21 20:00:00,5876.0
2012-02-21 21:00:00,5824.0
2012-02-21 22:00:00,5564.0
2012-02-21 23:00:00,4417.0
2012-02-22 00:00:00,2758.0
2012-02-22 01:00:00,2831.0
2012-02-22 02:00:00,2765.0
2012-02-22 03:00:00,2329.0
2012-02-22 04:00:00,2195.0
2012-02-22 05:00:00,2209.0
2012-02-22 06:00:00,2283.0
2012-02-22 07:00:00,3884.0
2012-02-22 08:00:00,4520.0
2012-02-22 09:00:00,5765.0
2012-02-22 10:00:00,5934.0
2012-02-22 11:00:00,6009.0
2012-02-22 12:00:00,5891.0
2012-02-22 13:00:00,5986.0
2012-02-22 14:00:00,5943.0
2012-02-22 15:00:00,6172.0
2012-02-22 16:00:00,5832.0
2012-02-22 17:00:00,6105.0
2012-02-22 18:00:00,6720.0
2012-02-22 19:00:00,6513.0
2012-02-22 20:00:00,6335.0
2012-02-22 21:00:00,6090.0
2012-02-22 22:00:00,5928.0
2012-02-22 23:00:00,4447.0
2012-02-23 00:00:00,2854.0
2012-02-23 01:00:00,2920.0
2012-02-23 02:00:00,2440.0
2012-02-23 03:00:00,2246.0
2012-02-23 04:00:00,2209.0
2012-02-23 05:00:00,2276.0
2012-02-23 06:00:00,2639.0
2012-02-23 07:00:00,4647.0
2012-02-23 08:00:00,4980.0
2012-02-23 09:00:00,5736.0
2012-02-23 10:00:00,5869.0
2012-02-23 11:00:00,5817.0
2012-02-23 12:00:00,6024.0
2012-02-23 13:00:00,5810.0
2012-02-23 14:00:00,5979.0
2012-02-23 15:00:00,5979.0
2012-02-23 16:00:00,6224.0
2012-02-23 17:00:00,6342.0
2012-02-23 18:00:00,6373.0
2012-02-23 19:00:00,6549.0
2012-02-23 20:00:00,6565.0
2012-02-23 21:00:00,6217.0
2012-02-23 22:00:00,6091.0
2012-02-23 23:00:00,4425.0
2012-02-24 00:00:00,2535.0
2012-02-24 01:00:00,2535.0
2012-02-24 02:00:00,2491.0
2012-02-24 03:00:00,2194.0
2012-02-24 04:00:00,2187.0
2012-02-24 05:00:00,2239.0
2012-02-24 06:00:00,2371.0
2012-02-24 07:00:00,4386.0
2012-02-24 08:00:00,4847.0
2012-02-24 09:00:00,5669.0
2012-02-24 10:00:00,5831.0
2012-02-24 11:00:00,5884.0
2012-02-24 12:00:00,6061.0
2012-02-24 13:00:00,5861.0
2012-02-24 14:00:00,5942.0
2012-02-24 15:00:00,6225.0
2012-02-24 16:00:00,6380.0
2012-02-24 17:00:00,6291.0
2012-02-24 18:00:00,6313.0
2012-02-24 19:00:00,6224.0
2012-02-24 20:00:00,6276.0
2012-02-24 21:00:00,6010.0
2012-02-24 22:00:00,5779.0
2012-02-24 23:00:00,4343.0
2012-02-25 00:00:00,2794.0
2012-02-25 01:00:00,2691.0
2012-02-25 02:00:00,2588.0
2012-02-25 03:00:00,2283.0
2012-02-25 04:00:00,2298.0
2012-02-25 05:00:00,2357.0
2012-02-25 06:00:00,2373.0
2012-02-25 07:00:00,3987.0
2012-02-25 08:00:00,4180.0
2012-02-25 09:00:00,5424.0
2012-02-25 10:00:00,5795.0
2012-02-25 11:00:00,5994.0
2012-02-25 12:00:00,6105.0
2012-02-25 13:00:00,6402.0
2012-02-25 14:00:00,6217.0
2012-02-25 15:00:00,6142.0
2012-02-25 16:00:00,5973.0
2012-02-25 17:00:00,6076.0
2012-02-25 18:00:00,6173.0
2012-02-25 19:00:00,6113.0
2012-02-25 20:00:00,6572.0
2012-02-25 21:00:00,6099.0
2012-02-25 22:00:00,5824.0
2012-02-25 23:00:00,4351.0
2012-02-26 00:00:00,2691.0
2012-02-26 01:00:00,2706.0
2012-02-26 02:00:00,2543.0
2012-02-26 03:00:00,2477.0
2012-02-26 04:00:00,2343.0
2012-02-26 05:00:00,2438.0
2012-02-26 06:00:00,2335.0
2012-02-26 07:00:00,3972.0
2012-02-26 08:00:00,4476.0
2012-02-26 09:00:00,5513.0
2012-02-26 10:00:00,5766.0
2012-02-26 11:00:00,5765.0
2012-02-26 12:00:00,6202.0
2012-02-26 13:00:00,5831.0
2012-02-26 14:00:00,5973.0
2012-02-26 15:00:00,6358.0
2012-02-26 16:00:00,6016.0
2012-02-26 17:00:00,5743.0
2012-02-26 18:00:00,5928.0
2012-02-26 19:00:00,6336.0
2012-02-26 20:00:00,6313.0
2012-02-26 21:00:00,6181.0
2012-02-26 22:00:00,5825.0
2012-02-26 23:00:00,4416.0
2012-02-27 00:00:00,2936.0
2012-02-27 01:00:00,2735.0
2012-02-27 02:00:00,2558.0
2012-02-27 03:00:00,2543.0
2012-02-27 04:00:00,2327.0
2012-02-27 05:00:00,2358.0
2012-02-27 06:00:00,2387.0
2012-02-27 07:00:00,3949.0
2012-02-27 08:00:00,4387.0
2012-02-27 09:00:00,5047.0
2012-02-27 10:00:00,5661.0
2012-02-27 11:00:00,5943.0
2012-02-27 12:00:00,5743.0
2012-02-27 13:00:00,5573.0
2012-02-27 14:00:00,5721.0
2012-02-27 15:00:00,5691.0
2012-02-27 16:00:00,5661.0
2012-02-27 17:00:00,6143.0
2012-02-27 18:00:00,6202.0
2012-02-27 19:00:00,6342.0
2012-02-27 20:00:00,6536.0
2012-02-27 21:00:00,6105.0
2012-02-27 22:00:00,5883.0
2012-02-27 23:00:00,5054.0
2012-02-28 00:00:00,3749.0
2012-02-28 01:00:00,3683.0
2012-02-28 02:00:00,3624.0
2012-02-28 03:00:00,3047.0
2012-02-28 04:00:00,3053.0
2012-02-28 05:00:00,3075.0
2012-02-28 06:00:00,3090.0
2012-02-28 07:00:00,4772.0
2012-02-28 08:00:00,4639.0
2012-02-28 09:00:00,5239.0
2012-02-28 10:00:00,5617.0
2012-02-28 11:00:00,5751.0
2012-02-28 12:00:00,5646.0
2012-02-28 13:00:00,5912.0
2012-02-28 14:00:00,5684.0
2012-02-28 15:00:00,6009.0
2012-02-28 16:00:00,5780.0
2012-02-28 17:00:00,6134.0
2012-02-28 18:00:00,5951.0
2012-02-28 19:00:00,6298.0
2012-02-28 20:00:00,6209.0
2012-02-28 21:00:00,6083.0
2012-02-28 22:00:00,5869.0
2012-02-28 23:00:00,4781.0
2012-02-29 00:00:00,2957.0
2012-02-29 01:00:00,2972.0
2012-02-29 02:00:00,2833.0
2012-02-29 03:00:00,2297.0
2012-02-29 04:00:00,2269.0
2012-02-29 05:00:00,2342.0
2012-02-29 06:00:00,2313.0
2012-02-29 07:00:00,3750.0
2012-02-29 08:00:00,4061.0
2012-02-29 09:00:00,5394.0
2012-02-29 10:00:00,5468.0
2012-02-29 11:00:00,5818.0
2012-02-29 12:00:00,5802.0
2012-02-29 13:00:00,5861.0
2012-02-29 14:00:00,5854.0
2012-02-29 15:00:00,5750.0
2012-02-29 16:00:00,5853.0
2012-02-29 17:00:00,6143.0
2012-02-29 18:00:00,6232.0
2012-02-29 19:00:00,5943.0
2012-02-29 20:00:00,6260.0
2012-02-29 21:00:00,5979.0
2012-02-29 22:00:00,5869.0
2012-02-29 23:00:00,4653.0
2012-03-01 00:00:00,3024.0
2012-03-01 01:00:00,2979.0
2012-03-01 02:00:00,2920.0
2012-03-01 03:00:00,2802.0
2012-03-01 04:00:00,2335.0
2012-03-01 05:00:00,2298.0
2012-03-01 06:00:00,2343.0
2012-03-01 07:00:00,3802.0
2012-03-01 08:00:00,4224.0
2012-03-01 09:00:00,5171.0
2012-03-01 10:00:00,5640.0
2012-03-01 11:00:00,5521.0
2012-03-01 12:00:00,5810.0
2012-03-01 13:00:00,5853.0
2012-03-01 14:00:00,5661.0
2012-03-01 15:00:00,5609.0
2012-03-01 16:00:00,5506.0
2012-03-01 17:00:00,5638.0
2012-03-01 18:00:00,6260.0
2012-03-01 19:00:00,6498.0
2012-03-01 20:00:00,6558.0
2012-03-01 21:00:00,6216.0
2012-03-01 22:00:00,5943.0
2012-03-01 23:00:00,4506.0
2012-03-02 00:00:00,3069.0
2012-03-02 01:00:00,3017.0
2012-03-02 02:00:00,2684.0
2012-03-02 03:00:00,2439.0
2012-03-02 04:00:00,2388.0
2012-03-02 05:00:00,2423.0
2012-03-02 06:00:00,2491.0
2012-03-02 07:00:00,3905.0
2012-03-02 08:00:00,4268.0
2012-03-02 09:00:00,5306.0
2012-03-02 10:00:00,5795.0
2012-03-02 11:00:00,6031.0
2012-03-02 12:00:00,5935.0
2012-03-02 13:00:00,5846.0
2012-03-02 14:00:00,5581.0
2012-03-02 15:00:00,5691.0
2012-03-02 16:00:00,5905.0
2012-03-02 17:00:00,5980.0
2012-03-02 18:00:00,6128.0
2012-03-02 19:00:00,6550.0
2012-03-02 20:00:00,6528.0
2012-03-02 21:00:00,6165.0
2012-03-02 22:00:00,6010.0
2012-03-02 23:00:00,4550.0
2012-03-03 00:00:00,3001.0
2012-03-03 01:00:00,2936.0
2012-03-03 02:00:00,2595.0
2012-03-03 03:00:00,2372.0
2012-03-03 04:00:00,2335.0
2012-03-03 05:00:00,2388.0
2012-03-03 06:00:00,2387.0
2012-03-03 07:00:00,4127.0
2012-03-03 08:00:00,4113.0
2012-03-03 09:00:00,5528.0
2012-03-03 10:00:00,6128.0
2012-03-03 11:00:00,6054.0
2012-03-03 12:00:00,6261.0
2012-03-03 13:00:00,6032.0
2012-03-03 14:00:00,6253.0
2012-03-03 15:00:00,6179.0
2012-03-03 16:00:00,5973.0
2012-03-03 17:00:00,6054.0
2012-03-03 18:00:00,6283.0
2012-03-03 19:00:00,6425.0
2012-03-03 20:00:00,6551.0
2012-03-03 21:00:00,6476.0
2012-03-03 22:00:00,6142.0
2012-03-03 23:00:00,5031.0
2012-03-04 00:00:00,3580.0
2012-03-04 01:00:00,3409.0
2012-03-04 02:00:00,3284.0
2012-03-04 03:00:00,3172.0
2012-03-04 04:00:00,3142.0
2012-03-04 05:00:00,3142.0
2012-03-04 06:00:00,3171.0
2012-03-04 07:00:00,4683.0
2012-03-04 08:00:00,4742.0
2012-03-04 09:00:00,5706.0
2012-03-04 10:00:00,6106.0
2012-03-04 11:00:00,6246.0
2012-03-04 12:00:00,6454.0
2012-03-04 13:00:00,6357.0
2012-03-04 14:00:00,6084.0
2012-03-04 15:00:00,6209.0
2012-03-04 16:00:00,6425.0
2012-03-04 17:00:00,6394.0
2012-03-04 18:00:00,6321.0
2012-03-04 19:00:00,6587.0
2012-03-04 20:00:00,6647.0
2012-03-04 21:00:00,6218.0
2012-03-04 22:00:00,5973.0
2012-03-04 23:00:00,4328.0
2012-03-05 00:00:00,2817.0
2012-03-05 01:00:00,2772.0
2012-03-05 02:00:00,2624.0
2012-03-05 03:00:00,2639.0
2012-03-05 04:00:00,2505.0
2012-03-05 05:00:00,2298.0
2012-03-05 06:00:00,2350.0
2012-03-05 07:00:00,3987.0
2012-03-05 08:00:00,4003.0
2012-03-05 09:00:00,5120.0
2012-03-05 10:00:00,5617.0
2012-03-05 11:00:00,6053.0
2012-03-05 12:00:00,5905.0
2012-03-05 13:00:00,5890.0
2012-03-05 14:00:00,5795.0
2012-03-05 15:00:00,5905.0
2012-03-05 16:00:00,6187.0
2012-03-05 17:00:00,5832.0
2012-03-05 18:00:00,5848.0
2012-03-05 19:00:00,6232.0
2012-03-05 20:00:00,6179.0
2012-03-05 21:00:00,5899.0
2012-03-05 22:00:00,5772.0
2012-03-05 23:00:00,4335.0
2012-03-06 00:00:00,3010.0
2012-03-06 01:00:00,2868.0
2012-03-06 02:00:00,2779.0
2012-03-06 03:00:00,2490.0
2012-03-06 04:00:00,2491.0
2012-03-06 05:00:00,2640.0
2012-03-06 06:00:00,2646.0
2012-03-06 07:00:00,4076.0
2012-03-06 08:00:00,4379.0
2012-03-06 09:00:00,5210.0
2012-03-06 10:00:00,5816.0
2012-03-06 11:00:00,5527.0
2012-03-06 12:00:00,6091.0
2012-03-06 13:00:00,5831.0
2012-03-06 14:00:00,5810.0
2012-03-06 15:00:00,5898.0
2012-03-06 16:00:00,5920.0
2012-03-06 17:00:00,6031.0
2012-03-06 18:00:00,5877.0
2012-03-06 19:00:00,6328.0
2012-03-06 20:00:00,6364.0
2012-03-06 21:00:00,6061.0
2012-03-06 22:00:00,5824.0
2012-03-06 23:00:00,4528.0
2012-03-07 00:00:00,2817.0
2012-03-07 01:00:00,2846.0
2012-03-07 02:00:00,2632.0
2012-03-07 03:00:00,2246.0
2012-03-07 04:00:00,2341.0
2012-03-07 05:00:00,2447.0
2012-03-07 06:00:00,2416.0
2012-03-07 07:00:00,3950.0
2012-03-07 08:00:00,4247.0
2012-03-07 09:00:00,5476.0
2012-03-07 10:00:00,5794.0
2012-03-07 11:00:00,5795.0
2012-03-07 12:00:00,6120.0
2012-03-07 13:00:00,5751.0
2012-03-07 14:00:00,5766.0
2012-03-07 15:00:00,6009.0
2012-03-07 16:00:00,5920.0
2012-03-07 17:00:00,6164.0
2012-03-07 18:00:00,6180.0
2012-03-07 19:00:00,6528.0
2012-03-07 20:00:00,6476.0
2012-03-07 21:00:00,6262.0
2012-03-07 22:00:00,5943.0
2012-03-07 23:00:00,4475.0
2012-03-08 00:00:00,2994.0
2012-03-08 01:00:00,3083.0
2012-03-08 02:00:00,2987.0
2012-03-08 03:00:00,2424.0
2012-03-08 04:00:00,2393.0
2012-03-08 05:00:00,2483.0
2012-03-08 06:00:00,2453.0
2012-03-08 07:00:00,4082.0
2012-03-08 08:00:00,4232.0
2012-03-08 09:00:00,5290.0
2012-03-08 10:00:00,5831.0
2012-03-08 11:00:00,6136.0
2012-03-08 12:00:00,6283.0
2012-03-08 13:00:00,5943.0
2012-03-08 14:00:00,5981.0
2012-03-08 15:00:00,6173.0
2012-03-08 16:00:00,6150.0
2012-03-08 17:00:00,6491.0
2012-03-08 18:00:00,6180.0
2012-03-08 19:00:00,6498.0
2012-03-08 20:00:00,6424.0
2012-03-08 21:00:00,6217.0
2012-03-08 22:00:00,6106.0
2012-03-08 23:00:00,4409.0
2012-03-09 00:00:00,3069.0
2012-03-09 01:00:00,2965.0
2012-03-09 02:00:00,2944.0
2012-03-09 03:00:00,2691.0
2012-03-09 04:00:00,2416.0
2012-03-09 05:00:00,2453.0
2012-03-09 06:00:00,2446.0
2012-03-09 07:00:00,3943.0
2012-03-09 08:00:00,4039.0
2012-03-09 09:00:00,5327.0
2012-03-09 10:00:00,5803.0
2012-03-09 11:00:00,6106.0
2012-03-09 12:00:00,5920.0
2012-03-09 13:00:00,6083.0
2012-03-09 14:00:00,6031.0
2012-03-09 15:00:00,6319.0
2012-03-09 16:00:00,6194.0
2012-03-09 17:00:00,6416.0
2012-03-09 18:00:00,6735.0
2012-03-09 19:00:00,6654.0
2012-03-09 20:00:00,6610.0
2012-03-09 21:00:00,6357.0
2012-03-09 22:00:00,6194.0
2012-03-09 23:00:00,4831.0
2012-03-10 00:00:00,3164.0
2012-03-10 01:00:00,3150.0
2012-03-10 02:00:00,3039.0
2012-03-10 03:00:00,2439.0
2012-03-10 04:00:00,2373.0
2012-03-10 05:00:00,2447.0
2012-03-10 06:00:00,2483.0
2012-03-10 07:00:00,4172.0
2012-03-10 08:00:00,4284.0
2012-03-10 09:00:00,5751.0
2012-03-10 10:00:00,6387.0
2012-03-10 11:00:00,6320.0
2012-03-10 12:00:00,6424.0
2012-03-10 13:00:00,6142.0
2012-03-10 14:00:00,6514.0
2012-03-10 15:00:00,6765.0
2012-03-10 16:00:00,6594.0
2012-03-10 17:00:00,6513.0
2012-03-10 18:00:00,6253.0
2012-03-10 19:00:00,6343.0
2012-03-10 20:00:00,6713.0
2012-03-10 21:00:00,6313.0
2012-03-10 22:00:00,5994.0
2012-03-10 23:00:00,4543.0
2012-03-11 00:00:00,2972.0
2012-03-11 01:00:00,2787.0
2012-03-11 02:00:00,2698.0
2012-03-11 03:00:00,2728.0
2012-03-11 04:00:00,2403.0
2012-03-11 05:00:00,2558.0
2012-03-11 06:00:00,2535.0
2012-03-11 07:00:00,4305.0
2012-03-11 08:00:00,4617.0
2012-03-11 09:00:00,5832.0
2012-03-11 10:00:00,6246.0
2012-03-11 11:00:00,6461.0
2012-03-11 12:00:00,6691.0
2012-03-11 13:00:00,6395.0
2012-03-11 14:00:00,6262.0
2012-03-11 15:00:00,6432.0
2012-03-11 16:00:00,6217.0
2012-03-11 17:00:00,6491.0
2012-03-11 18:00:00,6416.0
2012-03-11 19:00:00,6638.0
2012-03-11 20:00:00,6810.0
2012-03-11 21:00:00,6424.0
2012-03-11 22:00:00,5979.0
2012-03-11 23:00:00,4543.0
2012-03-12 00:00:00,3016.0
2012-03-12 01:00:00,3015.0
2012-03-12 02:00:00,2810.0
2012-03-12 03:00:00,2565.0
2012-03-12 04:00:00,2431.0
2012-03-12 05:00:00,2454.0
2012-03-12 06:00:00,2462.0
2012-03-12 07:00:00,4128.0
2012-03-12 08:00:00,4403.0
2012-03-12 09:00:00,5098.0
2012-03-12 10:00:00,5920.0
2012-03-12 11:00:00,5994.0
2012-03-12 12:00:00,6298.0
2012-03-12 13:00:00,6127.0
2012-03-12 14:00:00,6239.0
2012-03-12 15:00:00,6143.0
2012-03-12 16:00:00,6438.0
2012-03-12 17:00:00,6602.0
2012-03-12 18:00:00,6690.0
2012-03-12 19:00:00,6520.0
2012-03-12 20:00:00,6617.0
2012-03-12 21:00:00,6394.0
2012-03-12 22:00:00,6075.0
2012-03-12 23:00:00,4816.0
2012-03-13 00:00:00,2862.0
2012-03-13 01:00:00,2809.0
2012-03-13 02:00:00,2743.0
2012-03-13 03:00:00,2535.0
2012-03-13 04:00:00,2505.0
2012-03-13 05:00:00,2594.0
2012-03-13 06:00:00,2535.0
2012-03-13 07:00:00,4061.0
2012-03-13 08:00:00,4692.0
2012-03-13 09:00:00,5490.0
2012-03-13 10:00:00,5853.0
2012-03-13 11:00:00,6499.0
2012-03-13 12:00:00,7158.0
2012-03-13 13:00:00,6891.0
2012-03-13 14:00:00,6868.0
2012-03-13 15:00:00,6713.0
2012-03-13 16:00:00,7016.0
2012-03-13 17:00:00,6632.0
2012-03-13 18:00:00,6885.0
2012-03-13 19:00:00,6794.0
2012-03-13 20:00:00,6824.0
2012-03-13 21:00:00,6402.0
2012-03-13 22:00:00,6247.0
2012-03-13 23:00:00,4734.0
2012-03-14 00:00:00,3262.0
2012-03-14 01:00:00,3098.0
2012-03-14 02:00:00,2855.0
2012-03-14 03:00:00,2454.0
2012-03-14 04:00:00,2424.0
2012-03-14 05:00:00,2543.0
2012-03-14 06:00:00,2558.0
2012-03-14 07:00:00,4314.0
2012-03-14 08:00:00,4573.0
2012-03-14 09:00:00,5639.0
2012-03-14 10:00:00,6045.0
2012-03-14 11:00:00,6314.0
2012-03-14 12:00:00,6638.0
2012-03-14 13:00:00,6639.0
2012-03-14 14:00:00,6773.0
2012-03-14 15:00:00,7165.0
2012-03-14 16:00:00,6764.0
2012-03-14 17:00:00,6350.0
2012-03-14 18:00:00,6920.0
2012-03-14 19:00:00,6780.0
2012-03-14 20:00:00,6847.0
2012-03-14 21:00:00,6661.0
2012-03-14 22:00:00,6350.0
2012-03-14 23:00:00,4780.0
2012-03-15 00:00:00,3091.0
2012-03-15 01:00:00,3113.0
2012-03-15 02:00:00,2980.0
2012-03-15 03:00:00,2454.0
2012-03-15 04:00:00,2357.0
2012-03-15 05:00:00,2490.0
2012-03-15 06:00:00,2596.0
2012-03-15 07:00:00,4632.0
2012-03-15 08:00:00,4587.0
2012-03-15 09:00:00,5713.0
2012-03-15 10:00:00,6144.0
2012-03-15 11:00:00,5986.0
2012-03-15 12:00:00,6380.0
2012-03-15 13:00:00,6291.0
2012-03-15 14:00:00,6166.0
2012-03-15 15:00:00,6633.0
2012-03-15 16:00:00,6150.0
2012-03-15 17:00:00,6291.0
2012-03-15 18:00:00,6358.0
2012-03-15 19:00:00,6809.0
2012-03-15 20:00:00,6883.0
2012-03-15 21:00:00,6839.0
2012-03-15 22:00:00,6431.0
2012-03-15 23:00:00,4920.0
2012-03-16 00:00:00,3336.0
2012-03-16 01:00:00,3143.0
2012-03-16 02:00:00,3076.0
2012-03-16 03:00:00,3010.0
2012-03-16 04:00:00,2536.0
2012-03-16 05:00:00,2698.0
2012-03-16 06:00:00,2875.0
2012-03-16 07:00:00,4758.0
2012-03-16 08:00:00,4654.0
2012-03-16 09:00:00,5772.0
2012-03-16 10:00:00,6084.0
2012-03-16 11:00:00,6188.0
2012-03-16 12:00:00,6069.0
2012-03-16 13:00:00,6142.0
2012-03-16 14:00:00,6164.0
2012-03-16 15:00:00,6070.0
2012-03-16 16:00:00,6150.0
2012-03-16 17:00:00,6305.0
2012-03-16 18:00:00,6611.0
2012-03-16 19:00:00,6973.0
2012-03-16 20:00:00,6706.0
2012-03-16 21:00:00,6387.0
2012-03-16 22:00:00,6216.0
2012-03-16 23:00:00,4512.0
2012-03-17 00:00:00,3068.0
2012-03-17 01:00:00,2986.0
2012-03-17 02:00:00,2921.0
2012-03-17 03:00:00,2373.0
2012-03-17 04:00:00,2314.0
2012-03-17 05:00:00,2527.0
2012-03-17 06:00:00,2780.0
2012-03-17 07:00:00,4602.0
2012-03-17 08:00:00,4727.0
2012-03-17 09:00:00,5905.0
2012-03-17 10:00:00,6402.0
2012-03-17 11:00:00,6180.0
2012-03-17 12:00:00,6453.0
2012-03-17 13:00:00,6328.0
2012-03-17 14:00:00,6017.0
2012-03-17 15:00:00,6143.0
2012-03-17 16:00:00,6247.0
2012-03-17 17:00:00,6269.0
2012-03-17 18:00:00,6476.0
2012-03-17 19:00:00,6602.0
2012-03-17 20:00:00,6766.0
2012-03-17 21:00:00,6491.0
2012-03-17 22:00:00,6150.0
2012-03-17 23:00:00,4498.0
2012-03-18 00:00:00,3016.0
2012-03-18 01:00:00,2795.0
2012-03-18 02:00:00,2750.0
2012-03-18 03:00:00,2758.0
2012-03-18 04:00:00,2462.0
2012-03-18 05:00:00,2447.0
2012-03-18 06:00:00,2728.0
2012-03-18 07:00:00,4683.0
2012-03-18 08:00:00,4573.0
2012-03-18 09:00:00,5802.0
2012-03-18 10:00:00,6091.0
2012-03-18 11:00:00,5966.0
2012-03-18 12:00:00,6076.0
2012-03-18 13:00:00,6127.0
2012-03-18 14:00:00,6076.0
2012-03-18 15:00:00,6077.0
2012-03-18 16:00:00,6075.0
2012-03-18 17:00:00,5809.0
2012-03-18 18:00:00,5957.0
2012-03-18 19:00:00,6468.0
2012-03-18 20:00:00,6543.0
2012-03-18 21:00:00,6283.0
2012-03-18 22:00:00,5928.0
2012-03-18 23:00:00,4253.0
2012-03-19 00:00:00,2920.0
2012-03-19 01:00:00,2772.0
2012-03-19 02:00:00,2780.0
2012-03-19 03:00:00,2216.0
2012-03-19 04:00:00,2061.0
2012-03-19 05:00:00,2276.0
2012-03-19 06:00:00,2661.0
2012-03-19 07:00:00,4542.0
2012-03-19 08:00:00,4757.0
2012-03-19 09:00:00,5684.0
2012-03-19 10:00:00,5855.0
2012-03-19 11:00:00,5861.0
2012-03-19 12:00:00,5638.0
2012-03-19 13:00:00,5846.0
2012-03-19 14:00:00,6025.0
2012-03-19 15:00:00,5735.0
2012-03-19 16:00:00,5854.0
2012-03-19 17:00:00,6166.0
2012-03-19 18:00:00,6350.0
2012-03-19 19:00:00,6239.0
2012-03-19 20:00:00,6521.0
2012-03-19 21:00:00,6342.0
2012-03-19 22:00:00,6143.0
2012-03-19 23:00:00,4534.0
2012-03-20 00:00:00,3039.0
2012-03-20 01:00:00,2958.0
2012-03-20 02:00:00,2543.0
2012-03-20 03:00:00,2217.0
2012-03-20 04:00:00,2224.0
2012-03-20 05:00:00,2313.0
2012-03-20 06:00:00,2557.0
2012-03-20 07:00:00,4639.0
2012-03-20 08:00:00,4647.0
2012-03-20 09:00:00,5824.0
2012-03-20 10:00:00,5750.0
2012-03-20 11:00:00,5661.0
2012-03-20 12:00:00,5862.0
2012-03-20 13:00:00,6150.0
2012-03-20 14:00:00,5869.0
2012-03-20 15:00:00,5936.0
2012-03-20 16:00:00,5883.0
2012-03-20 17:00:00,6127.0
2012-03-20 18:00:00,6520.0
2012-03-20 19:00:00,6410.0
2012-03-20 20:00:00,6610.0
2012-03-20 21:00:00,6365.0
2012-03-20 22:00:00,5980.0
2012-03-20 23:00:00,4143.0
2012-03-21 00:00:00,2654.0
2012-03-21 01:00:00,2610.0
2012-03-21 02:00:00,2365.0
2012-03-21 03:00:00,2210.0
2012-03-21 04:00:00,2121.0
2012-03-21 05:00:00,2350.0
2012-03-21 06:00:00,2632.0
2012-03-21 07:00:00,4728.0
2012-03-21 08:00:00,5165.0
2012-03-21 09:00:00,5862.0
2012-03-21 10:00:00,6055.0
2012-03-21 11:00:00,6113.0
2012-03-21 12:00:00,5898.0
2012-03-21 13:00:00,5995.0
2012-03-21 14:00:00,5972.0
2012-03-21 15:00:00,6358.0
2012-03-21 16:00:00,5884.0
2012-03-21 17:00:00,6238.0
2012-03-21 18:00:00,6269.0
2012-03-21 19:00:00,6409.0
2012-03-21 20:00:00,6536.0
2012-03-21 21:00:00,6291.0
2012-03-21 22:00:00,6054.0
2012-03-21 23:00:00,4335.0
2012-03-22 00:00:00,2927.0
2012-03-22 01:00:00,2876.0
2012-03-22 02:00:00,2558.0
2012-03-22 03:00:00,2187.0
2012-03-22 04:00:00,2157.0
2012-03-22 05:00:00,2453.0
2012-03-22 06:00:00,2601.0
2012-03-22 07:00:00,4691.0
2012-03-22 08:00:00,4498.0
2012-03-22 09:00:00,5320.0
2012-03-22 10:00:00,5439.0
2012-03-22 11:00:00,5499.0
2012-03-22 12:00:00,5528.0
2012-03-22 13:00:00,5661.0
2012-03-22 14:00:00,5593.0
2012-03-22 15:00:00,6083.0
2012-03-22 16:00:00,5794.0
2012-03-22 17:00:00,6172.0
2012-03-22 18:00:00,6350.0
2012-03-22 19:00:00,6513.0
2012-03-22 20:00:00,6483.0
2012-03-22 21:00:00,6202.0
2012-03-22 22:00:00,5920.0
2012-03-22 23:00:00,4697.0
2012-03-23 00:00:00,3418.0
2012-03-23 01:00:00,3254.0
2012-03-23 02:00:00,2566.0
2012-03-23 03:00:00,2224.0
2012-03-23 04:00:00,2218.0
2012-03-23 05:00:00,2209.0
2012-03-23 06:00:00,2320.0
2012-03-23 07:00:00,4069.0
2012-03-23 08:00:00,3824.0
2012-03-23 09:00:00,5061.0
2012-03-23 10:00:00,5551.0
2012-03-23 11:00:00,5683.0
2012-03-23 12:00:00,5809.0
2012-03-23 13:00:00,5913.0
2012-03-23 14:00:00,5920.0
2012-03-23 15:00:00,6499.0
2012-03-23 16:00:00,6245.0
2012-03-23 17:00:00,6707.0
2012-03-23 18:00:00,6246.0
2012-03-23 19:00:00,6846.0
2012-03-23 20:00:00,6728.0
2012-03-23 21:00:00,6328.0
2012-03-23 22:00:00,5972.0
2012-03-23 23:00:00,4691.0
2012-03-24 00:00:00,2913.0
2012-03-24 01:00:00,2809.0
2012-03-24 02:00:00,2735.0
2012-03-24 03:00:00,2476.0
2012-03-24 04:00:00,2365.0
2012-03-24 05:00:00,2469.0
2012-03-24 06:00:00,2379.0
2012-03-24 07:00:00,3928.0
2012-03-24 08:00:00,4224.0
2012-03-24 09:00:00,5639.0
2012-03-24 10:00:00,6113.0
2012-03-24 11:00:00,5935.0
2012-03-24 12:00:00,6120.0
2012-03-24 13:00:00,5957.0
2012-03-24 14:00:00,5957.0
2012-03-24 15:00:00,6313.0
2012-03-24 16:00:00,6069.0
2012-03-24 17:00:00,5980.0
2012-03-24 18:00:00,6084.0
2012-03-24 19:00:00,6898.0
2012-03-24 20:00:00,7032.0
2012-03-24 21:00:00,6476.0
2012-03-24 22:00:00,6061.0
2012-03-24 23:00:00,5083.0
2012-03-25 00:00:00,3520.0
2012-03-25 01:00:00,0.0
2012-03-25 02:00:00,3046.0
2012-03-25 03:00:00,3040.0
2012-03-25 04:00:00,2617.0
2012-03-25 05:00:00,2401.0
2012-03-25 06:00:00,2402.0
2012-03-25 07:00:00,3891.0
2012-03-25 08:00:00,4224.0
2012-03-25 09:00:00,5483.0
2012-03-25 10:00:00,6039.0
2012-03-25 11:00:00,6254.0
2012-03-25 12:00:00,6520.0
2012-03-25 13:00:00,6536.0
2012-03-25 14:00:00,6513.0
2012-03-25 15:00:00,6557.0
2012-03-25 16:00:00,6914.0
2012-03-25 17:00:00,7009.0
2012-03-25 18:00:00,6868.0
2012-03-25 19:00:00,6401.0
2012-03-25 20:00:00,6795.0
2012-03-25 21:00:00,6609.0
2012-03-25 22:00:00,6305.0
2012-03-25 23:00:00,5432.0
2012-03-26 00:00:00,4343.0
2012-03-26 01:00:00,2957.0
2012-03-26 02:00:00,2691.0
2012-03-26 03:00:00,2445.0
2012-03-26 04:00:00,2349.0
2012-03-26 05:00:00,2409.0
2012-03-26 06:00:00,2401.0
2012-03-26 07:00:00,4165.0
2012-03-26 08:00:00,4128.0
2012-03-26 09:00:00,5388.0
2012-03-26 10:00:00,5691.0
2012-03-26 11:00:00,5935.0
2012-03-26 12:00:00,6262.0
2012-03-26 13:00:00,6083.0
2012-03-26 14:00:00,6372.0
2012-03-26 15:00:00,6639.0
2012-03-26 16:00:00,6484.0
2012-03-26 17:00:00,6756.0
2012-03-26 18:00:00,7076.0
2012-03-26 19:00:00,6794.0
2012-03-26 20:00:00,6713.0
2012-03-26 21:00:00,6616.0
2012-03-26 22:00:00,6194.0
2012-03-26 23:00:00,4832.0
2012-03-27 00:00:00,2928.0
2012-03-27 01:00:00,2839.0
2012-03-27 02:00:00,2713.0
2012-03-27 03:00:00,2565.0
2012-03-27 04:00:00,2409.0
2012-03-27 05:00:00,2491.0
2012-03-27 06:00:00,2424.0
2012-03-27 07:00:00,3905.0
2012-03-27 08:00:00,4195.0
2012-03-27 09:00:00,5373.0
2012-03-27 10:00:00,6084.0
2012-03-27 11:00:00,6438.0
2012-03-27 12:00:00,6817.0
2012-03-27 13:00:00,7150.0
2012-03-27 14:00:00,6943.0
2012-03-27 15:00:00,7053.0
2012-03-27 16:00:00,7210.0
2012-03-27 17:00:00,7372.0
2012-03-27 18:00:00,7535.0
2012-03-27 19:00:00,7047.0
2012-03-27 20:00:00,6876.0
2012-03-27 21:00:00,6417.0
2012-03-27 22:00:00,6157.0
2012-03-27 23:00:00,4676.0
2012-03-28 00:00:00,2891.0
2012-03-28 01:00:00,2780.0
2012-03-28 02:00:00,2683.0
2012-03-28 03:00:00,2468.0
2012-03-28 04:00:00,2431.0
2012-03-28 05:00:00,2477.0
2012-03-28 06:00:00,2491.0
2012-03-28 07:00:00,4091.0
2012-03-28 08:00:00,4387.0
2012-03-28 09:00:00,5647.0
2012-03-28 10:00:00,5884.0
2012-03-28 11:00:00,6350.0
2012-03-28 12:00:00,6735.0
2012-03-28 13:00:00,7068.0
2012-03-28 14:00:00,6949.0
2012-03-28 15:00:00,6920.0
2012-03-28 16:00:00,7409.0
2012-03-28 17:00:00,7260.0
2012-03-28 18:00:00,7343.0
2012-03-28 19:00:00,6905.0
2012-03-28 20:00:00,7016.0
2012-03-28 21:00:00,6527.0
2012-03-28 22:00:00,6291.0
2012-03-28 23:00:00,4706.0
2012-03-29 00:00:00,3105.0
2012-03-29 01:00:00,2906.0
2012-03-29 02:00:00,2831.0
2012-03-29 03:00:00,2544.0
2012-03-29 04:00:00,2483.0
2012-03-29 05:00:00,2566.0
2012-03-29 06:00:00,2580.0
2012-03-29 07:00:00,4172.0
2012-03-29 08:00:00,4336.0
2012-03-29 09:00:00,5305.0
2012-03-29 10:00:00,5788.0
2012-03-29 11:00:00,5943.0
2012-03-29 12:00:00,6350.0
2012-03-29 13:00:00,6277.0
2012-03-29 14:00:00,6505.0
2012-03-29 15:00:00,6714.0
2012-03-29 16:00:00,6899.0
2012-03-29 17:00:00,6920.0
2012-03-29 18:00:00,6558.0
2012-03-29 19:00:00,6498.0
2012-03-29 20:00:00,7002.0
2012-03-29 21:00:00,6365.0
2012-03-29 22:00:00,6328.0
2012-03-29 23:00:00,5165.0
2012-03-30 00:00:00,3750.0
2012-03-30 01:00:00,3609.0
2012-03-30 02:00:00,3573.0
2012-03-30 03:00:00,3107.0
2012-03-30 04:00:00,3105.0
2012-03-30 05:00:00,3134.0
2012-03-30 06:00:00,3157.0
2012-03-30 07:00:00,4779.0
2012-03-30 08:00:00,4980.0
2012-03-30 09:00:00,5706.0
2012-03-30 10:00:00,5920.0
2012-03-30 11:00:00,5994.0
2012-03-30 12:00:00,6077.0
2012-03-30 13:00:00,6135.0
2012-03-30 14:00:00,5780.0
2012-03-30 15:00:00,5824.0
2012-03-30 16:00:00,5994.0
2012-03-30 17:00:00,6033.0
2012-03-30 18:00:00,6291.0
2012-03-30 19:00:00,6329.0
2012-03-30 20:00:00,6720.0
2012-03-30 21:00:00,6543.0
2012-03-30 22:00:00,6179.0
2012-03-30 23:00:00,5091.0
2012-03-31 00:00:00,3209.0
2012-03-31 01:00:00,3023.0
2012-03-31 02:00:00,2839.0
2012-03-31 03:00:00,2409.0
2012-03-31 04:00:00,2431.0
2012-03-31 05:00:00,2468.0
2012-03-31 06:00:00,2476.0
2012-03-31 07:00:00,4261.0
2012-03-31 08:00:00,4550.0
2012-03-31 09:00:00,5965.0
2012-03-31 10:00:00,6380.0
2012-03-31 11:00:00,6787.0
2012-03-31 12:00:00,6520.0
2012-03-31 13:00:00,6868.0
2012-03-31 14:00:00,7061.0
2012-03-31 15:00:00,6780.0
2012-03-31 16:00:00,6654.0
2012-03-31 17:00:00,6610.0
2012-03-31 18:00:00,6573.0
2012-03-31 19:00:00,6646.0
2012-03-31 20:00:00,6825.0
2012-03-31 21:00:00,6677.0
2012-03-31 22:00:00,6395.0
2012-03-31 23:00:00,4795.0
2012-04-01 00:00:00,3010.0
2012-04-01 01:00:00,2934.0
2012-04-01 02:00:00,2810.0
2012-04-01 03:00:00,2446.0
2012-04-01 04:00:00,2400.0
2012-04-01 05:00:00,2587.0
2012-04-01 06:00:00,2677.0
2012-04-01 07:00:00,4699.0
2012-04-01 08:00:00,4714.0
2012-04-01 09:00:00,5928.0
2012-04-01 10:00:00,6180.0
2012-04-01 11:00:00,6794.0
2012-04-01 12:00:00,6602.0
2012-04-01 13:00:00,6765.0
2012-04-01 14:00:00,6624.0
2012-04-01 15:00:00,6482.0
2012-04-01 16:00:00,6290.0
2012-04-01 17:00:00,6349.0
2012-04-01 18:00:00,6460.0
2012-04-01 19:00:00,6216.0
2012-04-01 20:00:00,6676.0
2012-04-01 21:00:00,6328.0
2012-04-01 22:00:00,6136.0
2012-04-01 23:00:00,4802.0
2012-04-02 00:00:00,3091.0
2012-04-02 01:00:00,2987.0
2012-04-02 02:00:00,2743.0
2012-04-02 03:00:00,2373.0
2012-04-02 04:00:00,2409.0
2012-04-02 05:00:00,2506.0
2012-04-02 06:00:00,2617.0
2012-04-02 07:00:00,4535.0
2012-04-02 08:00:00,4668.0
2012-04-02 09:00:00,5631.0
2012-04-02 10:00:00,6068.0
2012-04-02 11:00:00,6208.0
2012-04-02 12:00:00,6032.0
2012-04-02 13:00:00,6002.0
2012-04-02 14:00:00,6121.0
2012-04-02 15:00:00,5705.0
2012-04-02 16:00:00,6201.0
2012-04-02 17:00:00,6127.0
2012-04-02 18:00:00,6054.0
2012-04-02 19:00:00,5825.0
2012-04-02 20:00:00,6269.0
2012-04-02 21:00:00,6260.0
2012-04-02 22:00:00,5965.0
2012-04-02 23:00:00,5150.0
2012-04-03 00:00:00,3172.0
2012-04-03 01:00:00,2973.0
2012-04-03 02:00:00,2662.0
2012-04-03 03:00:00,2395.0
2012-04-03 04:00:00,2364.0
2012-04-03 05:00:00,2402.0
2012-04-03 06:00:00,2357.0
2012-04-03 07:00:00,4736.0
2012-04-03 08:00:00,4786.0
2012-04-03 09:00:00,5350.0
2012-04-03 10:00:00,5780.0
2012-04-03 11:00:00,5528.0
2012-04-03 12:00:00,5566.0
2012-04-03 13:00:00,5588.0
2012-04-03 14:00:00,5536.0
2012-04-03 15:00:00,5877.0
2012-04-03 16:00:00,5846.0
2012-04-03 17:00:00,5727.0
2012-04-03 18:00:00,5624.0
2012-04-03 19:00:00,5883.0
2012-04-03 20:00:00,6164.0
2012-04-03 21:00:00,5950.0
2012-04-03 22:00:00,5898.0
2012-04-03 23:00:00,4979.0
2012-04-04 00:00:00,3068.0
2012-04-04 01:00:00,2958.0
2012-04-04 02:00:00,2698.0
2012-04-04 03:00:00,2335.0
2012-04-04 04:00:00,2276.0
2012-04-04 05:00:00,2335.0
2012-04-04 06:00:00,2304.0
2012-04-04 07:00:00,3846.0
2012-04-04 08:00:00,3846.0
2012-04-04 09:00:00,5165.0
2012-04-04 10:00:00,5557.0
2012-04-04 11:00:00,5453.0
2012-04-04 12:00:00,5587.0
2012-04-04 13:00:00,5454.0
2012-04-04 14:00:00,5432.0
2012-04-04 15:00:00,5854.0
2012-04-04 16:00:00,5884.0
2012-04-04 17:00:00,6113.0
2012-04-04 18:00:00,6076.0
2012-04-04 19:00:00,5809.0
2012-04-04 20:00:00,6395.0
2012-04-04 21:00:00,6216.0
2012-04-04 22:00:00,5996.0
2012-04-04 23:00:00,4964.0
2012-04-05 00:00:00,3750.0
2012-04-05 01:00:00,3632.0
2012-04-05 02:00:00,2936.0
2012-04-05 03:00:00,2299.0
2012-04-05 04:00:00,2232.0
2012-04-05 05:00:00,2454.0
2012-04-05 06:00:00,2632.0
2012-04-05 07:00:00,4320.0
2012-04-05 08:00:00,4439.0
2012-04-05 09:00:00,5320.0
2012-04-05 10:00:00,5928.0
2012-04-05 11:00:00,5483.0
2012-04-05 12:00:00,5823.0
2012-04-05 13:00:00,5690.0
2012-04-05 14:00:00,5735.0
2012-04-05 15:00:00,5757.0
2012-04-05 16:00:00,5535.0
2012-04-05 17:00:00,5779.0
2012-04-05 18:00:00,5921.0
2012-04-05 19:00:00,6158.0
2012-04-05 20:00:00,6424.0
2012-04-05 21:00:00,6292.0
2012-04-05 22:00:00,6158.0
2012-04-05 23:00:00,4713.0
2012-04-06 00:00:00,3009.0
2012-04-06 01:00:00,3001.0
2012-04-06 02:00:00,2891.0
2012-04-06 03:00:00,2364.0
2012-04-06 04:00:00,2349.0
2012-04-06 05:00:00,2506.0
2012-04-06 06:00:00,2765.0
2012-04-06 07:00:00,5253.0
2012-04-06 08:00:00,5351.0
2012-04-06 09:00:00,5980.0
2012-04-06 10:00:00,6379.0
2012-04-06 11:00:00,6120.0
2012-04-06 12:00:00,6121.0
2012-04-06 13:00:00,6194.0
2012-04-06 14:00:00,5958.0
2012-04-06 15:00:00,6128.0
2012-04-06 16:00:00,6120.0
2012-04-06 17:00:00,5869.0
2012-04-06 18:00:00,6069.0
2012-04-06 19:00:00,6143.0
2012-04-06 20:00:00,6558.0
2012-04-06 21:00:00,6550.0
2012-04-06 22:00:00,6195.0
2012-04-06 23:00:00,4706.0
2012-04-07 00:00:00,2832.0
2012-04-07 01:00:00,2801.0
2012-04-07 02:00:00,2764.0
2012-04-07 03:00:00,2438.0
2012-04-07 04:00:00,2483.0
2012-04-07 05:00:00,2609.0
2012-04-07 06:00:00,2899.0
2012-04-07 07:00:00,4816.0
2012-04-07 08:00:00,4653.0
2012-04-07 09:00:00,5891.0
2012-04-07 10:00:00,6321.0
2012-04-07 11:00:00,6453.0
2012-04-07 12:00:00,6232.0
2012-04-07 13:00:00,6565.0
2012-04-07 14:00:00,6580.0
2012-04-07 15:00:00,6247.0
2012-04-07 16:00:00,6239.0
2012-04-07 17:00:00,6505.0
2012-04-07 18:00:00,6565.0
2012-04-07 19:00:00,6083.0
2012-04-07 20:00:00,6750.0
2012-04-07 21:00:00,6617.0
2012-04-07 22:00:00,6135.0
2012-04-07 23:00:00,4728.0
2012-04-08 00:00:00,3150.0
2012-04-08 01:00:00,2987.0
2012-04-08 02:00:00,2861.0
2012-04-08 03:00:00,2350.0
2012-04-08 04:00:00,2357.0
2012-04-08 05:00:00,2491.0
2012-04-08 06:00:00,2676.0
2012-04-08 07:00:00,4862.0
2012-04-08 08:00:00,4691.0
2012-04-08 09:00:00,6099.0
2012-04-08 10:00:00,6017.0
2012-04-08 11:00:00,6254.0
2012-04-08 12:00:00,6329.0
2012-04-08 13:00:00,6854.0
2012-04-08 14:00:00,6751.0
2012-04-08 15:00:00,7009.0
2012-04-08 16:00:00,6838.0
2012-04-08 17:00:00,6787.0
2012-04-08 18:00:00,7002.0
2012-04-08 19:00:00,4958.0
2012-04-08 20:00:00,3995.0
2012-04-08 21:00:00,3920.0
2012-04-08 22:00:00,3839.0
2012-04-08 23:00:00,3225.0
2012-04-09 00:00:00,2921.0
2012-04-09 01:00:00,2802.0
2012-04-09 02:00:00,2735.0
2012-04-09 03:00:00,2573.0
2012-04-09 04:00:00,2573.0
2012-04-09 05:00:00,2736.0
2012-04-09 06:00:00,2949.0
2012-04-09 07:00:00,4736.0
2012-04-09 08:00:00,4646.0
2012-04-09 09:00:00,5364.0
2012-04-09 10:00:00,6002.0
2012-04-09 11:00:00,6394.0
2012-04-09 12:00:00,6588.0
2012-04-09 13:00:00,7143.0
2012-04-09 14:00:00,6928.0
2012-04-09 15:00:00,6987.0
2012-04-09 16:00:00,6869.0
2012-04-09 17:00:00,7135.0
2012-04-09 18:00:00,6994.0
2012-04-09 19:00:00,6542.0
2012-04-09 20:00:00,6669.0
2012-04-09 21:00:00,6602.0
2012-04-09 22:00:00,6151.0
2012-04-09 23:00:00,4935.0
2012-04-10 00:00:00,3417.0
2012-04-10 01:00:00,3380.0
2012-04-10 02:00:00,3410.0
2012-04-10 03:00:00,3075.0
2012-04-10 04:00:00,3032.0
2012-04-10 05:00:00,3254.0
2012-04-10 06:00:00,3365.0
2012-04-10 07:00:00,5172.0
2012-04-10 08:00:00,4721.0
2012-04-10 09:00:00,5713.0
2012-04-10 10:00:00,6275.0
2012-04-10 11:00:00,6417.0
2012-04-10 12:00:00,6409.0
2012-04-10 13:00:00,5943.0
2012-04-10 14:00:00,6069.0
2012-04-10 15:00:00,6275.0
2012-04-10 16:00:00,5631.0
2012-04-10 17:00:00,5713.0
2012-04-10 18:00:00,5897.0
2012-04-10 19:00:00,6128.0
2012-04-10 20:00:00,6631.0
2012-04-10 21:00:00,6424.0
2012-04-10 22:00:00,6069.0
2012-04-10 23:00:00,5025.0
2012-04-11 00:00:00,3017.0
2012-04-11 01:00:00,3031.0
2012-04-11 02:00:00,2662.0
2012-04-11 03:00:00,2365.0
2012-04-11 04:00:00,2313.0
2012-04-11 05:00:00,2334.0
2012-04-11 06:00:00,2336.0
2012-04-11 07:00:00,3669.0
2012-04-11 08:00:00,4106.0
2012-04-11 09:00:00,5178.0
2012-04-11 10:00:00,5499.0
2012-04-11 11:00:00,5810.0
2012-04-11 12:00:00,5528.0
2012-04-11 13:00:00,5906.0
2012-04-11 14:00:00,5521.0
2012-04-11 15:00:00,5580.0
2012-04-11 16:00:00,5490.0
2012-04-11 17:00:00,5550.0
2012-04-11 18:00:00,5943.0
2012-04-11 19:00:00,6047.0
2012-04-11 20:00:00,6358.0
2012-04-11 21:00:00,6232.0
2012-04-11 22:00:00,6046.0
2012-04-11 23:00:00,4684.0
2012-04-12 00:00:00,2839.0
2012-04-12 01:00:00,2786.0
2012-04-12 02:00:00,2661.0
2012-04-12 03:00:00,2371.0
2012-04-12 04:00:00,2357.0
2012-04-12 05:00:00,2231.0
2012-04-12 06:00:00,2120.0
2012-04-12 07:00:00,4432.0
2012-04-12 08:00:00,4557.0
2012-04-12 09:00:00,5069.0
2012-04-12 10:00:00,5499.0
2012-04-12 11:00:00,5417.0
2012-04-12 12:00:00,5136.0
2012-04-12 13:00:00,5394.0
2012-04-12 14:00:00,5239.0
2012-04-12 15:00:00,5350.0
2012-04-12 16:00:00,5424.0
2012-04-12 17:00:00,5520.0
2012-04-12 18:00:00,5772.0
2012-04-12 19:00:00,5631.0
2012-04-12 20:00:00,5890.0
2012-04-12 21:00:00,5661.0
2012-04-12 22:00:00,5520.0
2012-04-12 23:00:00,4247.0
2012-04-13 00:00:00,2618.0
2012-04-13 01:00:00,2601.0
2012-04-13 02:00:00,2477.0
2012-04-13 03:00:00,2061.0
2012-04-13 04:00:00,1987.0
2012-04-13 05:00:00,2046.0
2012-04-13 06:00:00,2040.0
2012-04-13 07:00:00,3601.0
2012-04-13 08:00:00,4009.0
2012-04-13 09:00:00,4979.0
2012-04-13 10:00:00,5306.0
2012-04-13 11:00:00,5380.0
2012-04-13 12:00:00,5632.0
2012-04-13 13:00:00,5453.0
2012-04-13 14:00:00,5431.0
2012-04-13 15:00:00,5484.0
2012-04-13 16:00:00,5401.0
2012-04-13 17:00:00,5446.0
2012-04-13 18:00:00,5847.0
2012-04-13 19:00:00,5809.0
2012-04-13 20:00:00,6164.0
2012-04-13 21:00:00,6090.0
2012-04-13 22:00:00,5950.0
2012-04-13 23:00:00,4542.0
2012-04-14 00:00:00,2691.0
2012-04-14 01:00:00,2712.0
2012-04-14 02:00:00,2573.0
2012-04-14 03:00:00,2128.0
2012-04-14 04:00:00,2143.0
2012-04-14 05:00:00,2150.0
2012-04-14 06:00:00,2127.0
2012-04-14 07:00:00,3928.0
2012-04-14 08:00:00,3810.0
2012-04-14 09:00:00,5381.0
2012-04-14 10:00:00,5594.0
2012-04-14 11:00:00,5528.0
2012-04-14 12:00:00,5536.0
2012-04-14 13:00:00,5396.0
2012-04-14 14:00:00,5587.0
2012-04-14 15:00:00,5520.0
2012-04-14 16:00:00,5409.0
2012-04-14 17:00:00,5291.0
2012-04-14 18:00:00,5691.0
2012-04-14 19:00:00,5446.0
2012-04-14 20:00:00,6143.0
2012-04-14 21:00:00,5943.0
2012-04-14 22:00:00,5751.0
2012-04-14 23:00:00,4499.0
2012-04-15 00:00:00,3039.0
2012-04-15 01:00:00,2935.0
2012-04-15 02:00:00,2669.0
2012-04-15 03:00:00,2506.0
2012-04-15 04:00:00,2129.0
2012-04-15 05:00:00,2158.0
2012-04-15 06:00:00,2047.0
2012-04-15 07:00:00,4106.0
2012-04-15 08:00:00,4173.0
2012-04-15 09:00:00,5239.0
2012-04-15 10:00:00,5551.0
2012-04-15 11:00:00,5349.0
2012-04-15 12:00:00,5520.0
2012-04-15 13:00:00,5409.0
2012-04-15 14:00:00,5320.0
2012-04-15 15:00:00,5202.0
2012-04-15 16:00:00,5446.0
2012-04-15 17:00:00,5076.0
2012-04-15 18:00:00,5491.0
2012-04-15 19:00:00,5527.0
2012-04-15 20:00:00,5884.0
2012-04-15 21:00:00,5974.0
2012-04-15 22:00:00,5624.0
2012-04-15 23:00:00,4269.0
2012-04-16 00:00:00,2721.0
2012-04-16 01:00:00,2675.0
2012-04-16 02:00:00,2565.0
2012-04-16 03:00:00,2217.0
2012-04-16 04:00:00,2091.0
2012-04-16 05:00:00,2047.0
2012-04-16 06:00:00,2054.0
2012-04-16 07:00:00,4039.0
2012-04-16 08:00:00,3905.0
2012-04-16 09:00:00,5010.0
2012-04-16 10:00:00,5432.0
2012-04-16 11:00:00,5816.0
2012-04-16 12:00:00,5899.0
2012-04-16 13:00:00,5617.0
2012-04-16 14:00:00,5617.0
2012-04-16 15:00:00,5572.0
2012-04-16 16:00:00,5654.0
2012-04-16 17:00:00,5557.0
2012-04-16 18:00:00,5795.0
2012-04-16 19:00:00,5617.0
2012-04-16 20:00:00,6046.0
2012-04-16 21:00:00,6054.0
2012-04-16 22:00:00,5639.0
2012-04-16 23:00:00,4572.0
2012-04-17 00:00:00,3298.0
2012-04-17 01:00:00,3084.0
2012-04-17 02:00:00,2653.0
2012-04-17 03:00:00,2210.0
2012-04-17 04:00:00,2327.0
2012-04-17 05:00:00,2394.0
2012-04-17 06:00:00,2320.0
2012-04-17 07:00:00,4075.0
2012-04-17 08:00:00,3956.0
2012-04-17 09:00:00,5054.0
2012-04-17 10:00:00,5483.0
2012-04-17 11:00:00,5632.0
2012-04-17 12:00:00,6246.0
2012-04-17 13:00:00,5877.0
2012-04-17 14:00:00,5520.0
2012-04-17 15:00:00,5906.0
2012-04-17 16:00:00,5470.0
2012-04-17 17:00:00,5558.0
2012-04-17 18:00:00,6254.0
2012-04-17 19:00:00,6084.0
2012-04-17 20:00:00,6076.0
2012-04-17 21:00:00,5921.0
2012-04-17 22:00:00,5891.0
2012-04-17 23:00:00,4431.0
2012-04-18 00:00:00,2980.0
2012-04-18 01:00:00,2882.0
2012-04-18 02:00:00,2661.0
2012-04-18 03:00:00,2223.0
2012-04-18 04:00:00,2306.0
2012-04-18 05:00:00,2276.0
2012-04-18 06:00:00,2246.0
2012-04-18 07:00:00,4395.0
2012-04-18 08:00:00,4387.0
2012-04-18 09:00:00,5202.0
2012-04-18 10:00:00,5469.0
2012-04-18 11:00:00,5601.0
2012-04-18 12:00:00,5276.0
2012-04-18 13:00:00,5269.0
2012-04-18 14:00:00,5342.0
2012-04-18 15:00:00,5172.0
2012-04-18 16:00:00,5372.0
2012-04-18 17:00:00,5277.0
2012-04-18 18:00:00,5646.0
2012-04-18 19:00:00,5550.0
2012-04-18 20:00:00,6031.0
2012-04-18 21:00:00,5839.0
2012-04-18 22:00:00,5684.0
2012-04-18 23:00:00,4595.0
2012-04-19 00:00:00,2891.0
2012-04-19 01:00:00,2684.0
2012-04-19 02:00:00,2505.0
2012-04-19 03:00:00,2246.0
2012-04-19 04:00:00,2202.0
2012-04-19 05:00:00,2224.0
2012-04-19 06:00:00,2255.0
2012-04-19 07:00:00,3987.0
2012-04-19 08:00:00,4024.0
2012-04-19 09:00:00,4995.0
2012-04-19 10:00:00,5239.0
2012-04-19 11:00:00,5720.0
2012-04-19 12:00:00,5394.0
2012-04-19 13:00:00,5483.0
2012-04-19 14:00:00,5455.0
2012-04-19 15:00:00,5380.0
2012-04-19 16:00:00,5283.0
2012-04-19 17:00:00,5417.0
2012-04-19 18:00:00,5573.0
2012-04-19 19:00:00,5705.0
2012-04-19 20:00:00,5913.0
2012-04-19 21:00:00,5912.0
2012-04-19 22:00:00,5728.0
2012-04-19 23:00:00,4417.0
2012-04-20 00:00:00,2647.0
2012-04-20 01:00:00,2588.0
2012-04-20 02:00:00,2543.0
2012-04-20 03:00:00,2314.0
2012-04-20 04:00:00,2262.0
2012-04-20 05:00:00,2268.0
2012-04-20 06:00:00,2261.0
2012-04-20 07:00:00,3994.0
2012-04-20 08:00:00,3824.0
2012-04-20 09:00:00,4847.0
2012-04-20 10:00:00,5624.0
2012-04-20 11:00:00,5697.0
2012-04-20 12:00:00,6039.0
2012-04-20 13:00:00,5706.0
2012-04-20 14:00:00,5617.0
2012-04-20 15:00:00,5721.0
2012-04-20 16:00:00,5757.0
2012-04-20 17:00:00,6031.0
2012-04-20 18:00:00,6469.0
2012-04-20 19:00:00,5899.0
2012-04-20 20:00:00,6580.0
2012-04-20 21:00:00,6343.0
2012-04-20 22:00:00,5927.0
2012-04-20 23:00:00,4773.0
2012-04-21 00:00:00,3312.0
2012-04-21 01:00:00,3224.0
2012-04-21 02:00:00,3060.0
2012-04-21 03:00:00,2639.0
2012-04-21 04:00:00,2482.0
2012-04-21 05:00:00,2438.0
2012-04-21 06:00:00,2438.0
2012-04-21 07:00:00,4165.0
2012-04-21 08:00:00,4128.0
2012-04-21 09:00:00,5580.0
2012-04-21 10:00:00,5950.0
2012-04-21 11:00:00,6334.0
2012-04-21 12:00:00,6209.0
2012-04-21 13:00:00,6143.0
2012-04-21 14:00:00,6106.0
2012-04-21 15:00:00,6032.0
2012-04-21 16:00:00,5891.0
2012-04-21 17:00:00,5958.0
2012-04-21 18:00:00,6062.0
2012-04-21 19:00:00,6165.0
2012-04-21 20:00:00,6684.0
2012-04-21 21:00:00,6224.0
2012-04-21 22:00:00,6150.0
2012-04-21 23:00:00,4913.0
2012-04-22 00:00:00,3239.0
2012-04-22 01:00:00,3157.0
2012-04-22 02:00:00,2942.0
2012-04-22 03:00:00,2521.0
2012-04-22 04:00:00,2327.0
2012-04-22 05:00:00,2431.0
2012-04-22 06:00:00,2343.0
2012-04-22 07:00:00,4306.0
2012-04-22 08:00:00,4490.0
2012-04-22 09:00:00,5750.0
2012-04-22 10:00:00,5899.0
2012-04-22 11:00:00,6009.0
2012-04-22 12:00:00,6106.0
2012-04-22 13:00:00,6268.0
2012-04-22 14:00:00,5772.0
2012-04-22 15:00:00,5943.0
2012-04-22 16:00:00,5557.0
2012-04-22 17:00:00,6053.0
2012-04-22 18:00:00,5994.0
2012-04-22 19:00:00,5840.0
2012-04-22 20:00:00,6047.0
2012-04-22 21:00:00,5995.0
2012-04-22 22:00:00,5736.0
2012-04-22 23:00:00,4461.0
2012-04-23 00:00:00,2899.0
2012-04-23 01:00:00,2647.0
2012-04-23 02:00:00,2521.0
2012-04-23 03:00:00,2572.0
2012-04-23 04:00:00,2440.0
2012-04-23 05:00:00,2372.0
2012-04-23 06:00:00,2371.0
2012-04-23 07:00:00,3995.0
2012-04-23 08:00:00,4505.0
2012-04-23 09:00:00,5187.0
2012-04-23 10:00:00,5802.0
2012-04-23 11:00:00,5906.0
2012-04-23 12:00:00,5772.0
2012-04-23 13:00:00,5876.0
2012-04-23 14:00:00,5520.0
2012-04-23 15:00:00,5742.0
2012-04-23 16:00:00,5416.0
2012-04-23 17:00:00,5528.0
2012-04-23 18:00:00,5929.0
2012-04-23 19:00:00,5913.0
2012-04-23 20:00:00,6083.0
2012-04-23 21:00:00,6031.0
2012-04-23 22:00:00,5669.0
2012-04-23 23:00:00,4239.0
2012-04-24 00:00:00,2861.0
2012-04-24 01:00:00,2994.0
2012-04-24 02:00:00,2742.0
2012-04-24 03:00:00,2283.0
2012-04-24 04:00:00,2232.0
2012-04-24 05:00:00,2269.0
2012-04-24 06:00:00,2247.0
2012-04-24 07:00:00,4062.0
2012-04-24 08:00:00,4061.0
2012-04-24 09:00:00,5075.0
2012-04-24 10:00:00,5143.0
2012-04-24 11:00:00,5283.0
2012-04-24 12:00:00,5328.0
2012-04-24 13:00:00,5321.0
2012-04-24 14:00:00,5602.0
2012-04-24 15:00:00,5632.0
2012-04-24 16:00:00,5557.0
2012-04-24 17:00:00,5788.0
2012-04-24 18:00:00,6128.0
2012-04-24 19:00:00,5734.0
2012-04-24 20:00:00,5958.0
2012-04-24 21:00:00,5980.0
2012-04-24 22:00:00,5787.0
2012-04-24 23:00:00,4558.0
2012-04-25 00:00:00,2913.0
2012-04-25 01:00:00,2883.0
2012-04-25 02:00:00,2854.0
2012-04-25 03:00:00,2283.0
2012-04-25 04:00:00,2269.0
2012-04-25 05:00:00,2298.0
2012-04-25 06:00:00,2225.0
2012-04-25 07:00:00,4017.0
2012-04-25 08:00:00,4143.0
2012-04-25 09:00:00,5283.0
2012-04-25 10:00:00,5684.0
2012-04-25 11:00:00,5958.0
2012-04-25 12:00:00,5899.0
2012-04-25 13:00:00,5587.0
2012-04-25 14:00:00,5706.0
2012-04-25 15:00:00,5809.0
2012-04-25 16:00:00,5535.0
2012-04-25 17:00:00,5558.0
2012-04-25 18:00:00,5542.0
2012-04-25 19:00:00,5713.0
2012-04-25 20:00:00,6039.0
2012-04-25 21:00:00,5913.0
2012-04-25 22:00:00,5929.0
2012-04-25 23:00:00,4944.0
2012-04-26 00:00:00,3120.0
2012-04-26 01:00:00,3098.0
2012-04-26 02:00:00,2787.0
2012-04-26 03:00:00,2387.0
2012-04-26 04:00:00,2387.0
2012-04-26 05:00:00,2371.0
2012-04-26 06:00:00,2387.0
2012-04-26 07:00:00,4061.0
2012-04-26 08:00:00,3891.0
2012-04-26 09:00:00,5216.0
2012-04-26 10:00:00,5602.0
2012-04-26 11:00:00,5564.0
2012-04-26 12:00:00,5662.0
2012-04-26 13:00:00,5261.0
2012-04-26 14:00:00,5283.0
2012-04-26 15:00:00,5203.0
2012-04-26 16:00:00,5417.0
2012-04-26 17:00:00,5691.0
2012-04-26 18:00:00,5743.0
2012-04-26 19:00:00,5802.0
2012-04-26 20:00:00,6299.0
2012-04-26 21:00:00,5914.0
2012-04-26 22:00:00,5832.0
2012-04-26 23:00:00,4624.0
2012-04-27 00:00:00,3187.0
2012-04-27 01:00:00,3091.0
2012-04-27 02:00:00,2839.0
2012-04-27 03:00:00,2395.0
2012-04-27 04:00:00,2446.0
2012-04-27 05:00:00,2431.0
2012-04-27 06:00:00,2365.0
2012-04-27 07:00:00,4055.0
2012-04-27 08:00:00,4232.0
2012-04-27 09:00:00,5180.0
2012-04-27 10:00:00,5706.0
2012-04-27 11:00:00,5988.0
2012-04-27 12:00:00,5750.0
2012-04-27 13:00:00,5720.0
2012-04-27 14:00:00,5320.0
2012-04-27 15:00:00,5662.0
2012-04-27 16:00:00,5528.0
2012-04-27 17:00:00,5499.0
2012-04-27 18:00:00,5853.0
2012-04-27 19:00:00,5772.0
2012-04-27 20:00:00,6106.0
2012-04-27 21:00:00,6098.0
2012-04-27 22:00:00,5639.0
2012-04-27 23:00:00,4542.0
2012-04-28 00:00:00,2831.0
2012-04-28 01:00:00,2832.0
2012-04-28 02:00:00,2417.0
2012-04-28 03:00:00,2261.0
2012-04-28 04:00:00,2247.0
2012-04-28 05:00:00,2246.0
2012-04-28 06:00:00,2276.0
2012-04-28 07:00:00,3986.0
2012-04-28 08:00:00,4084.0
2012-04-28 09:00:00,5461.0
2012-04-28 10:00:00,6039.0
2012-04-28 11:00:00,5550.0
2012-04-28 12:00:00,5839.0
2012-04-28 13:00:00,5645.0
2012-04-28 14:00:00,5527.0
2012-04-28 15:00:00,6032.0
2012-04-28 16:00:00,5743.0
2012-04-28 17:00:00,5602.0
2012-04-28 18:00:00,5484.0
2012-04-28 19:00:00,5624.0
2012-04-28 20:00:00,5943.0
2012-04-28 21:00:00,5847.0
2012-04-28 22:00:00,5684.0
2012-04-28 23:00:00,4683.0
2012-04-29 00:00:00,2927.0
2012-04-29 01:00:00,2647.0
2012-04-29 02:00:00,2439.0
2012-04-29 03:00:00,2290.0
2012-04-29 04:00:00,2276.0
2012-04-29 05:00:00,2232.0
2012-04-29 06:00:00,2328.0
2012-04-29 07:00:00,3920.0
2012-04-29 08:00:00,4173.0
2012-04-29 09:00:00,5395.0
2012-04-29 10:00:00,5439.0
2012-04-29 11:00:00,5639.0
2012-04-29 12:00:00,5839.0
2012-04-29 13:00:00,5572.0
2012-04-29 14:00:00,5410.0
2012-04-29 15:00:00,5624.0
2012-04-29 16:00:00,5402.0
2012-04-29 17:00:00,5617.0
2012-04-29 18:00:00,5706.0
2012-04-29 19:00:00,5617.0
2012-04-29 20:00:00,5980.0
2012-04-29 21:00:00,5825.0
2012-04-29 22:00:00,5610.0
2012-04-29 23:00:00,4468.0
2012-04-30 00:00:00,2875.0
2012-04-30 01:00:00,2728.0
2012-04-30 02:00:00,2379.0
2012-04-30 03:00:00,2232.0
2012-04-30 04:00:00,2232.0
2012-04-30 05:00:00,2275.0
2012-04-30 06:00:00,2224.0
2012-04-30 07:00:00,4069.0
2012-04-30 08:00:00,3995.0
2012-04-30 09:00:00,4816.0
2012-04-30 10:00:00,5543.0
2012-04-30 11:00:00,5787.0
2012-04-30 12:00:00,5379.0
2012-04-30 13:00:00,5624.0
2012-04-30 14:00:00,5639.0
2012-04-30 15:00:00,5505.0
2012-04-30 16:00:00,5862.0
2012-04-30 17:00:00,5765.0
2012-04-30 18:00:00,6061.0
2012-04-30 19:00:00,5964.0
2012-04-30 20:00:00,6128.0
2012-04-30 21:00:00,6002.0
2012-04-30 22:00:00,5676.0
2012-04-30 23:00:00,4697.0
2012-05-01 00:00:00,3172.0
2012-05-01 01:00:00,3090.0
2012-05-01 02:00:00,2853.0
2012-05-01 03:00:00,2305.0
2012-05-01 04:00:00,2188.0
2012-05-01 05:00:00,2283.0
2012-05-01 06:00:00,2298.0
2012-05-01 07:00:00,4084.0
2012-05-01 08:00:00,3956.0
2012-05-01 09:00:00,5203.0
2012-05-01 10:00:00,5603.0
2012-05-01 11:00:00,5929.0
2012-05-01 12:00:00,5787.0
2012-05-01 13:00:00,5839.0
2012-05-01 14:00:00,5691.0
2012-05-01 15:00:00,5877.0
2012-05-01 16:00:00,5483.0
2012-05-01 17:00:00,5927.0
2012-05-01 18:00:00,6150.0
2012-05-01 19:00:00,5810.0
2012-05-01 20:00:00,6224.0
2012-05-01 21:00:00,5891.0
2012-05-01 22:00:00,5587.0
2012-05-01 23:00:00,4395.0
2012-05-02 00:00:00,2736.0
2012-05-02 01:00:00,2535.0
2012-05-02 02:00:00,2529.0
2012-05-02 03:00:00,2158.0
2012-05-02 04:00:00,2171.0
2012-05-02 05:00:00,2187.0
2012-05-02 06:00:00,2061.0
2012-05-02 07:00:00,3624.0
2012-05-02 08:00:00,3787.0
2012-05-02 09:00:00,4794.0
2012-05-02 10:00:00,5661.0
2012-05-02 11:00:00,5520.0
2012-05-02 12:00:00,5439.0
2012-05-02 13:00:00,5802.0
2012-05-02 14:00:00,5498.0
2012-05-02 15:00:00,5781.0
2012-05-02 16:00:00,5557.0
2012-05-02 17:00:00,5883.0
2012-05-02 18:00:00,6002.0
2012-05-02 19:00:00,5943.0
2012-05-02 20:00:00,5942.0
2012-05-02 21:00:00,5980.0
2012-05-02 22:00:00,5935.0
2012-05-02 23:00:00,4572.0
2012-05-03 00:00:00,3224.0
2012-05-03 01:00:00,3135.0
2012-05-03 02:00:00,2779.0
2012-05-03 03:00:00,2402.0
2012-05-03 04:00:00,2312.0
2012-05-03 05:00:00,2327.0
2012-05-03 06:00:00,2276.0
2012-05-03 07:00:00,3964.0
2012-05-03 08:00:00,4075.0
2012-05-03 09:00:00,4898.0
2012-05-03 10:00:00,5662.0
2012-05-03 11:00:00,5899.0
2012-05-03 12:00:00,5705.0
2012-05-03 13:00:00,5854.0
2012-05-03 14:00:00,5854.0
2012-05-03 15:00:00,5824.0
2012-05-03 16:00:00,5706.0
2012-05-03 17:00:00,5914.0
2012-05-03 18:00:00,6179.0
2012-05-03 19:00:00,5801.0
2012-05-03 20:00:00,6010.0
2012-05-03 21:00:00,5957.0
2012-05-03 22:00:00,5795.0
2012-05-03 23:00:00,4521.0
2012-05-04 00:00:00,3113.0
2012-05-04 01:00:00,3165.0
2012-05-04 02:00:00,3083.0
2012-05-04 03:00:00,2506.0
2012-05-04 04:00:00,2453.0
2012-05-04 05:00:00,2416.0
2012-05-04 06:00:00,2364.0
2012-05-04 07:00:00,4091.0
2012-05-04 08:00:00,4180.0
2012-05-04 09:00:00,5298.0
2012-05-04 10:00:00,5898.0
2012-05-04 11:00:00,6032.0
2012-05-04 12:00:00,6033.0
2012-05-04 13:00:00,5513.0
2012-05-04 14:00:00,5825.0
2012-05-04 15:00:00,5655.0
2012-05-04 16:00:00,5809.0
2012-05-04 17:00:00,5492.0
2012-05-04 18:00:00,5728.0
2012-05-04 19:00:00,5869.0
2012-05-04 20:00:00,5987.0
2012-05-04 21:00:00,6062.0
2012-05-04 22:00:00,5906.0
2012-05-04 23:00:00,4854.0
2012-05-05 00:00:00,3091.0
2012-05-05 01:00:00,2786.0
2012-05-05 02:00:00,2750.0
2012-05-05 03:00:00,2513.0
2012-05-05 04:00:00,2476.0
2012-05-05 05:00:00,2470.0
2012-05-05 06:00:00,2446.0
2012-05-05 07:00:00,4068.0
2012-05-05 08:00:00,4291.0
2012-05-05 09:00:00,5721.0
2012-05-05 10:00:00,5979.0
2012-05-05 11:00:00,6202.0
2012-05-05 12:00:00,6038.0
2012-05-05 13:00:00,5899.0
2012-05-05 14:00:00,6098.0
2012-05-05 15:00:00,5891.0
2012-05-05 16:00:00,6032.0
2012-05-05 17:00:00,5854.0
2012-05-05 18:00:00,5957.0
2012-05-05 19:00:00,6040.0
2012-05-05 20:00:00,6134.0
2012-05-05 21:00:00,5972.0
2012-05-05 22:00:00,5840.0
2012-05-05 23:00:00,4491.0
2012-05-06 00:00:00,3091.0
2012-05-06 01:00:00,2832.0
2012-05-06 02:00:00,2646.0
2012-05-06 03:00:00,2416.0
2012-05-06 04:00:00,2386.0
2012-05-06 05:00:00,2401.0
2012-05-06 06:00:00,2357.0
2012-05-06 07:00:00,4031.0
2012-05-06 08:00:00,4187.0
2012-05-06 09:00:00,5573.0
2012-05-06 10:00:00,5646.0
2012-05-06 11:00:00,5839.0
2012-05-06 12:00:00,5913.0
2012-05-06 13:00:00,6032.0
2012-05-06 14:00:00,5779.0
2012-05-06 15:00:00,5854.0
2012-05-06 16:00:00,5780.0
2012-05-06 17:00:00,6040.0
2012-05-06 18:00:00,6284.0
2012-05-06 19:00:00,5943.0
2012-05-06 20:00:00,6105.0
2012-05-06 21:00:00,6203.0
2012-05-06 22:00:00,5973.0
2012-05-06 23:00:00,4639.0
2012-05-07 00:00:00,2950.0
2012-05-07 01:00:00,2698.0
2012-05-07 02:00:00,2580.0
2012-05-07 03:00:00,2321.0
2012-05-07 04:00:00,2319.0
2012-05-07 05:00:00,2364.0
2012-05-07 06:00:00,2319.0
2012-05-07 07:00:00,4225.0
2012-05-07 08:00:00,4312.0
2012-05-07 09:00:00,5039.0
2012-05-07 10:00:00,6380.0
2012-05-07 11:00:00,6217.0
2012-05-07 12:00:00,5942.0
2012-05-07 13:00:00,6114.0
2012-05-07 14:00:00,5876.0
2012-05-07 15:00:00,5876.0
2012-05-07 16:00:00,5727.0
2012-05-07 17:00:00,6402.0
2012-05-07 18:00:00,6180.0
2012-05-07 19:00:00,6409.0
2012-05-07 20:00:00,6180.0
2012-05-07 21:00:00,6195.0
2012-05-07 22:00:00,6076.0
2012-05-07 23:00:00,4824.0
2012-05-08 00:00:00,2980.0
2012-05-08 01:00:00,2698.0
2012-05-08 02:00:00,2699.0
2012-05-08 03:00:00,2965.0
2012-05-08 04:00:00,2727.0
2012-05-08 05:00:00,2565.0
2012-05-08 06:00:00,2743.0
2012-05-08 07:00:00,4631.0
2012-05-08 08:00:00,4194.0
2012-05-08 09:00:00,5372.0
2012-05-08 10:00:00,6277.0
2012-05-08 11:00:00,6217.0
2012-05-08 12:00:00,6269.0
2012-05-08 13:00:00,6417.0
2012-05-08 14:00:00,6262.0
2012-05-08 15:00:00,6565.0
2012-05-08 16:00:00,6624.0
2012-05-08 17:00:00,5877.0
2012-05-08 18:00:00,6676.0
2012-05-08 19:00:00,6579.0
2012-05-08 20:00:00,6150.0
2012-05-08 21:00:00,6291.0
2012-05-08 22:00:00,6121.0
2012-05-08 23:00:00,4892.0
2012-05-09 00:00:00,3320.0
2012-05-09 01:00:00,3202.0
2012-05-09 02:00:00,3075.0
2012-05-09 03:00:00,2602.0
2012-05-09 04:00:00,2603.0
2012-05-09 05:00:00,2610.0
2012-05-09 06:00:00,2521.0
2012-05-09 07:00:00,4231.0
2012-05-09 08:00:00,4165.0
2012-05-09 09:00:00,5157.0
2012-05-09 10:00:00,5950.0
2012-05-09 11:00:00,6417.0
2012-05-09 12:00:00,6454.0
2012-05-09 13:00:00,6839.0
2012-05-09 14:00:00,6846.0
2012-05-09 15:00:00,6773.0
2012-05-09 16:00:00,6876.0
2012-05-09 17:00:00,6809.0
2012-05-09 18:00:00,7477.0
2012-05-09 19:00:00,7231.0
2012-05-09 20:00:00,6986.0
2012-05-09 21:00:00,6920.0
2012-05-09 22:00:00,6381.0
2012-05-09 23:00:00,5068.0
2012-05-10 00:00:00,3490.0
2012-05-10 01:00:00,3223.0
2012-05-10 02:00:00,3039.0
2012-05-10 03:00:00,2654.0
2012-05-10 04:00:00,2625.0
2012-05-10 05:00:00,2610.0
2012-05-10 06:00:00,2514.0
2012-05-10 07:00:00,4312.0
2012-05-10 08:00:00,4151.0
2012-05-10 09:00:00,5069.0
2012-05-10 10:00:00,6366.0
2012-05-10 11:00:00,6899.0
2012-05-10 12:00:00,7039.0
2012-05-10 13:00:00,6942.0
2012-05-10 14:00:00,7157.0
2012-05-10 15:00:00,7165.0
2012-05-10 16:00:00,7417.0
2012-05-10 17:00:00,7876.0
2012-05-10 18:00:00,7565.0
2012-05-10 19:00:00,7217.0
2012-05-10 20:00:00,7172.0
2012-05-10 21:00:00,7128.0
2012-05-10 22:00:00,6580.0
2012-05-10 23:00:00,5342.0
2012-05-11 00:00:00,3476.0
2012-05-11 01:00:00,3299.0
2012-05-11 02:00:00,3216.0
2012-05-11 03:00:00,2772.0
2012-05-11 04:00:00,2654.0
2012-05-11 05:00:00,2588.0
2012-05-11 06:00:00,2588.0
2012-05-11 07:00:00,4246.0
2012-05-11 08:00:00,4039.0
2012-05-11 09:00:00,5017.0
2012-05-11 10:00:00,6113.0
2012-05-11 11:00:00,6661.0
2012-05-11 12:00:00,6513.0
2012-05-11 13:00:00,6846.0
2012-05-11 14:00:00,6883.0
2012-05-11 15:00:00,6757.0
2012-05-11 16:00:00,6720.0
2012-05-11 17:00:00,6839.0
2012-05-11 18:00:00,7342.0
2012-05-11 19:00:00,6950.0
2012-05-11 20:00:00,7105.0
2012-05-11 21:00:00,6809.0
2012-05-11 22:00:00,6528.0
2012-05-11 23:00:00,5358.0
2012-05-12 00:00:00,3424.0
2012-05-12 01:00:00,3084.0
2012-05-12 02:00:00,3001.0
2012-05-12 03:00:00,3002.0
2012-05-12 04:00:00,2773.0
2012-05-12 05:00:00,2713.0
2012-05-12 06:00:00,2699.0
2012-05-12 07:00:00,4387.0
2012-05-12 08:00:00,4209.0
2012-05-12 09:00:00,5632.0
2012-05-12 10:00:00,6616.0
2012-05-12 11:00:00,6898.0
2012-05-12 12:00:00,7425.0
2012-05-12 13:00:00,7823.0
2012-05-12 14:00:00,7425.0
2012-05-12 15:00:00,7565.0
2012-05-12 16:00:00,7312.0
2012-05-12 17:00:00,7254.0
2012-05-12 18:00:00,7498.0
2012-05-12 19:00:00,7379.0
2012-05-12 20:00:00,7497.0
2012-05-12 21:00:00,7446.0
2012-05-12 22:00:00,6609.0
2012-05-12 23:00:00,5380.0
2012-05-13 00:00:00,3773.0
2012-05-13 01:00:00,3313.0
2012-05-13 02:00:00,3224.0
2012-05-13 03:00:00,2757.0
2012-05-13 04:00:00,2617.0
2012-05-13 05:00:00,2551.0
2012-05-13 06:00:00,2595.0
2012-05-13 07:00:00,4224.0
2012-05-13 08:00:00,4617.0
2012-05-13 09:00:00,5617.0
2012-05-13 10:00:00,6572.0
2012-05-13 11:00:00,6639.0
2012-05-13 12:00:00,6691.0
2012-05-13 13:00:00,7016.0
2012-05-13 14:00:00,6676.0
2012-05-13 15:00:00,6839.0
2012-05-13 16:00:00,6965.0
2012-05-13 17:00:00,7070.0
2012-05-13 18:00:00,7180.0
2012-05-13 19:00:00,7024.0
2012-05-13 20:00:00,6484.0
2012-05-13 21:00:00,6802.0
2012-05-13 22:00:00,6461.0
2012-05-13 23:00:00,5091.0
2012-05-14 00:00:00,3439.0
2012-05-14 01:00:00,3129.0
2012-05-14 02:00:00,2942.0
2012-05-14 03:00:00,2624.0
2012-05-14 04:00:00,2595.0
2012-05-14 05:00:00,2536.0
2012-05-14 06:00:00,2476.0
2012-05-14 07:00:00,4299.0
2012-05-14 08:00:00,4165.0
2012-05-14 09:00:00,5172.0
2012-05-14 10:00:00,6366.0
2012-05-14 11:00:00,6713.0
2012-05-14 12:00:00,6927.0
2012-05-14 13:00:00,7298.0
2012-05-14 14:00:00,7225.0
2012-05-14 15:00:00,7358.0
2012-05-14 16:00:00,7351.0
2012-05-14 17:00:00,7343.0
2012-05-14 18:00:00,7832.0
2012-05-14 19:00:00,7231.0
2012-05-14 20:00:00,7032.0
2012-05-14 21:00:00,6832.0
2012-05-14 22:00:00,6113.0
2012-05-14 23:00:00,5364.0
2012-05-15 00:00:00,3854.0
2012-05-15 01:00:00,3602.0
2012-05-15 02:00:00,3529.0
2012-05-15 03:00:00,3491.0
2012-05-15 04:00:00,3580.0
2012-05-15 05:00:00,3446.0
2012-05-15 06:00:00,2551.0
2012-05-15 07:00:00,4350.0
2012-05-15 08:00:00,4009.0
2012-05-15 09:00:00,4951.0
2012-05-15 10:00:00,6743.0
2012-05-15 11:00:00,7409.0
2012-05-15 12:00:00,7565.0
2012-05-15 13:00:00,7661.0
2012-05-15 14:00:00,7876.0
2012-05-15 15:00:00,8001.0
2012-05-15 16:00:00,8017.0
2012-05-15 17:00:00,8277.0
2012-05-15 18:00:00,8847.0
2012-05-15 19:00:00,8061.0
2012-05-15 20:00:00,7884.0
2012-05-15 21:00:00,7661.0
2012-05-15 22:00:00,6758.0
2012-05-15 23:00:00,5490.0
2012-05-16 00:00:00,3810.0
2012-05-16 01:00:00,3372.0
2012-05-16 02:00:00,3231.0
2012-05-16 03:00:00,3246.0
2012-05-16 04:00:00,2876.0
2012-05-16 05:00:00,2713.0
2012-05-16 06:00:00,2690.0
2012-05-16 07:00:00,4543.0
2012-05-16 08:00:00,4313.0
2012-05-16 09:00:00,5617.0
2012-05-16 10:00:00,7232.0
2012-05-16 11:00:00,7788.0
2012-05-16 12:00:00,8269.0
2012-05-16 13:00:00,8868.0
2012-05-16 14:00:00,8868.0
2012-05-16 15:00:00,8477.0
2012-05-16 16:00:00,7995.0
2012-05-16 17:00:00,8365.0
2012-05-16 18:00:00,7957.0
2012-05-16 19:00:00,7838.0
2012-05-16 20:00:00,7461.0
2012-05-16 21:00:00,7528.0
2012-05-16 22:00:00,6327.0
2012-05-16 23:00:00,5468.0
2012-05-17 00:00:00,3447.0
2012-05-17 01:00:00,2973.0
2012-05-17 02:00:00,2890.0
2012-05-17 03:00:00,2906.0
2012-05-17 04:00:00,2646.0
2012-05-17 05:00:00,2683.0
2012-05-17 06:00:00,2669.0
2012-05-17 07:00:00,4269.0
2012-05-17 08:00:00,4677.0
2012-05-17 09:00:00,5512.0
2012-05-17 10:00:00,6587.0
2012-05-17 11:00:00,6854.0
2012-05-17 12:00:00,6935.0
2012-05-17 13:00:00,6802.0
2012-05-17 14:00:00,6750.0
2012-05-17 15:00:00,7039.0
2012-05-17 16:00:00,6736.0
2012-05-17 17:00:00,7306.0
2012-05-17 18:00:00,7498.0
2012-05-17 19:00:00,7364.0
2012-05-17 20:00:00,6765.0
2012-05-17 21:00:00,6260.0
2012-05-17 22:00:00,6136.0
2012-05-17 23:00:00,4980.0
2012-05-18 00:00:00,3247.0
2012-05-18 01:00:00,2898.0
2012-05-18 02:00:00,2699.0
2012-05-18 03:00:00,2565.0
2012-05-18 04:00:00,2440.0
2012-05-18 05:00:00,2543.0
2012-05-18 06:00:00,2587.0
2012-05-18 07:00:00,4306.0
2012-05-18 08:00:00,4239.0
2012-05-18 09:00:00,5617.0
2012-05-18 10:00:00,6276.0
2012-05-18 11:00:00,6861.0
2012-05-18 12:00:00,6053.0
2012-05-18 13:00:00,6283.0
2012-05-18 14:00:00,6431.0
2012-05-18 15:00:00,6143.0
2012-05-18 16:00:00,6550.0
2012-05-18 17:00:00,6432.0
2012-05-18 18:00:00,6705.0
2012-05-18 19:00:00,6490.0
2012-05-18 20:00:00,6521.0
2012-05-18 21:00:00,6231.0
2012-05-18 22:00:00,6061.0
2012-05-18 23:00:00,5142.0
2012-05-19 00:00:00,3773.0
2012-05-19 01:00:00,3062.0
2012-05-19 02:00:00,2795.0
2012-05-19 03:00:00,2624.0
2012-05-19 04:00:00,2283.0
2012-05-19 05:00:00,2245.0
2012-05-19 06:00:00,2454.0
2012-05-19 07:00:00,4231.0
2012-05-19 08:00:00,4076.0
2012-05-19 09:00:00,5498.0
2012-05-19 10:00:00,5698.0
2012-05-19 11:00:00,6106.0
2012-05-19 12:00:00,5727.0
2012-05-19 13:00:00,6047.0
2012-05-19 14:00:00,6032.0
2012-05-19 15:00:00,5735.0
2012-05-19 16:00:00,5869.0
2012-05-19 17:00:00,5913.0
2012-05-19 18:00:00,6202.0
2012-05-19 19:00:00,6032.0
2012-05-19 20:00:00,6084.0
2012-05-19 21:00:00,6009.0
2012-05-19 22:00:00,5721.0
2012-05-19 23:00:00,4855.0
2012-05-20 00:00:00,3157.0
2012-05-20 01:00:00,2729.0
2012-05-20 02:00:00,2736.0
2012-05-20 03:00:00,2817.0
2012-05-20 04:00:00,2439.0
2012-05-20 05:00:00,2328.0
2012-05-20 06:00:00,2342.0
2012-05-20 07:00:00,4143.0
2012-05-20 08:00:00,4009.0
2012-05-20 09:00:00,5164.0
2012-05-20 10:00:00,5950.0
2012-05-20 11:00:00,5838.0
2012-05-20 12:00:00,5661.0
2012-05-20 13:00:00,5676.0
2012-05-20 14:00:00,5655.0
2012-05-20 15:00:00,5787.0
2012-05-20 16:00:00,5395.0
2012-05-20 17:00:00,5498.0
2012-05-20 18:00:00,5705.0
2012-05-20 19:00:00,5617.0
2012-05-20 20:00:00,5683.0
2012-05-20 21:00:00,5899.0
2012-05-20 22:00:00,5839.0
2012-05-20 23:00:00,5001.0
2012-05-21 00:00:00,3779.0
2012-05-21 01:00:00,3573.0
2012-05-21 02:00:00,3454.0
2012-05-21 03:00:00,3328.0
2012-05-21 04:00:00,2928.0
2012-05-21 05:00:00,2966.0
2012-05-21 06:00:00,3039.0
2012-05-21 07:00:00,4676.0
2012-05-21 08:00:00,4491.0
2012-05-21 09:00:00,4751.0
2012-05-21 10:00:00,5639.0
2012-05-21 11:00:00,5609.0
2012-05-21 12:00:00,5565.0
2012-05-21 13:00:00,5825.0
2012-05-21 14:00:00,5550.0
2012-05-21 15:00:00,5594.0
2012-05-21 16:00:00,5610.0
2012-05-21 17:00:00,5883.0
2012-05-21 18:00:00,6098.0
2012-05-21 19:00:00,6024.0
2012-05-21 20:00:00,5890.0
2012-05-21 21:00:00,5950.0
2012-05-21 22:00:00,5853.0
2012-05-21 23:00:00,4728.0
2012-05-22 00:00:00,3255.0
2012-05-22 01:00:00,3151.0
2012-05-22 02:00:00,2825.0
2012-05-22 03:00:00,2417.0
2012-05-22 04:00:00,2425.0
2012-05-22 05:00:00,2424.0
2012-05-22 06:00:00,2394.0
2012-05-22 07:00:00,4106.0
2012-05-22 08:00:00,4099.0
2012-05-22 09:00:00,5128.0
2012-05-22 10:00:00,6128.0
2012-05-22 11:00:00,6017.0
2012-05-22 12:00:00,5965.0
2012-05-22 13:00:00,6202.0
2012-05-22 14:00:00,6261.0
2012-05-22 15:00:00,6313.0
2012-05-22 16:00:00,6603.0
2012-05-22 17:00:00,6772.0
2012-05-22 18:00:00,6957.0
2012-05-22 19:00:00,6854.0
2012-05-22 20:00:00,6735.0
2012-05-22 21:00:00,6371.0
2012-05-22 22:00:00,5980.0
2012-05-22 23:00:00,5002.0
2012-05-23 00:00:00,3387.0
2012-05-23 01:00:00,3239.0
2012-05-23 02:00:00,3046.0
2012-05-23 03:00:00,2950.0
2012-05-23 04:00:00,2617.0
2012-05-23 05:00:00,2669.0
2012-05-23 06:00:00,2610.0
2012-05-23 07:00:00,4017.0
2012-05-23 08:00:00,4128.0
2012-05-23 09:00:00,5002.0
2012-05-23 10:00:00,6158.0
2012-05-23 11:00:00,6572.0
2012-05-23 12:00:00,6698.0
2012-05-23 13:00:00,6624.0
2012-05-23 14:00:00,6966.0
2012-05-23 15:00:00,7003.0
2012-05-23 16:00:00,7306.0
2012-05-23 17:00:00,7447.0
2012-05-23 18:00:00,7699.0
2012-05-23 19:00:00,7224.0
2012-05-23 20:00:00,7135.0
2012-05-23 21:00:00,6973.0
2012-05-23 22:00:00,6380.0
2012-05-23 23:00:00,5217.0
2012-05-24 00:00:00,3417.0
2012-05-24 01:00:00,3098.0
2012-05-24 02:00:00,3031.0
2012-05-24 03:00:00,2595.0
2012-05-24 04:00:00,2543.0
2012-05-24 05:00:00,2514.0
2012-05-24 06:00:00,2513.0
2012-05-24 07:00:00,4349.0
2012-05-24 08:00:00,4551.0
2012-05-24 09:00:00,5157.0
2012-05-24 10:00:00,6632.0
2012-05-24 11:00:00,6602.0
2012-05-24 12:00:00,6810.0
2012-05-24 13:00:00,6868.0
2012-05-24 14:00:00,6868.0
2012-05-24 15:00:00,7090.0
2012-05-24 16:00:00,7165.0
2012-05-24 17:00:00,7631.0
2012-05-24 18:00:00,7676.0
2012-05-24 19:00:00,7328.0
2012-05-24 20:00:00,6735.0
2012-05-24 21:00:00,6528.0
2012-05-24 22:00:00,6320.0
2012-05-24 23:00:00,4987.0
2012-05-25 00:00:00,3098.0
2012-05-25 01:00:00,2906.0
2012-05-25 02:00:00,2794.0
2012-05-25 03:00:00,2520.0
2012-05-25 04:00:00,2513.0
2012-05-25 05:00:00,2431.0
2012-05-25 06:00:00,2453.0
2012-05-25 07:00:00,4179.0
2012-05-25 08:00:00,4254.0
2012-05-25 09:00:00,5077.0
2012-05-25 10:00:00,6461.0
2012-05-25 11:00:00,6239.0
2012-05-25 12:00:00,6305.0
2012-05-25 13:00:00,6697.0
2012-05-25 14:00:00,6387.0
2012-05-25 15:00:00,6521.0
2012-05-25 16:00:00,6305.0
2012-05-25 17:00:00,6876.0
2012-05-25 18:00:00,6632.0
2012-05-25 19:00:00,6529.0
2012-05-25 20:00:00,6238.0
2012-05-25 21:00:00,6364.0
2012-05-25 22:00:00,5994.0
2012-05-25 23:00:00,4891.0
2012-05-26 00:00:00,3321.0
2012-05-26 01:00:00,2832.0
2012-05-26 02:00:00,2758.0
2012-05-26 03:00:00,2512.0
2012-05-26 04:00:00,2453.0
2012-05-26 05:00:00,2520.0
2012-05-26 06:00:00,2423.0
2012-05-26 07:00:00,4143.0
2012-05-26 08:00:00,4209.0
2012-05-26 09:00:00,5484.0
2012-05-26 10:00:00,6223.0
2012-05-26 11:00:00,5972.0
2012-05-26 12:00:00,6365.0
2012-05-26 13:00:00,6423.0
2012-05-26 14:00:00,6379.0
2012-05-26 15:00:00,6490.0
2012-05-26 16:00:00,6550.0
2012-05-26 17:00:00,6091.0
2012-05-26 18:00:00,6535.0
2012-05-26 19:00:00,6393.0
2012-05-26 20:00:00,6164.0
2012-05-26 21:00:00,6299.0
2012-05-26 22:00:00,5854.0
2012-05-26 23:00:00,5032.0
2012-05-27 00:00:00,3143.0
2012-05-27 01:00:00,2788.0
2012-05-27 02:00:00,2662.0
2012-05-27 03:00:00,2476.0
2012-05-27 04:00:00,2439.0
2012-05-27 05:00:00,2432.0
2012-05-27 06:00:00,2446.0
2012-05-27 07:00:00,4217.0
2012-05-27 08:00:00,4061.0
2012-05-27 09:00:00,5469.0
2012-05-27 10:00:00,6024.0
2012-05-27 11:00:00,6054.0
2012-05-27 12:00:00,6268.0
2012-05-27 13:00:00,6461.0
2012-05-27 14:00:00,6403.0
2012-05-27 15:00:00,6713.0
2012-05-27 16:00:00,6499.0
2012-05-27 17:00:00,6705.0
2012-05-27 18:00:00,6713.0
2012-05-27 19:00:00,6653.0
2012-05-27 20:00:00,6743.0
2012-05-27 21:00:00,6438.0
2012-05-27 22:00:00,5972.0
2012-05-27 23:00:00,4987.0
2012-05-28 00:00:00,3447.0
2012-05-28 01:00:00,2995.0
2012-05-28 02:00:00,2676.0
2012-05-28 03:00:00,2446.0
2012-05-28 04:00:00,2379.0
2012-05-28 05:00:00,2416.0
2012-05-28 06:00:00,2386.0
2012-05-28 07:00:00,3883.0
2012-05-28 08:00:00,3943.0
2012-05-28 09:00:00,4839.0
2012-05-28 10:00:00,5957.0
2012-05-28 11:00:00,6157.0
2012-05-28 12:00:00,6277.0
2012-05-28 13:00:00,6498.0
2012-05-28 14:00:00,6224.0
2012-05-28 15:00:00,6528.0
2012-05-28 16:00:00,6772.0
2012-05-28 17:00:00,7335.0
2012-05-28 18:00:00,7439.0
2012-05-28 19:00:00,6736.0
2012-05-28 20:00:00,6816.0
2012-05-28 21:00:00,6395.0
2012-05-28 22:00:00,6113.0
2012-05-28 23:00:00,4957.0
2012-05-29 00:00:00,3098.0
2012-05-29 01:00:00,2750.0
2012-05-29 02:00:00,2676.0
2012-05-29 03:00:00,2514.0
2012-05-29 04:00:00,2447.0
2012-05-29 05:00:00,2461.0
2012-05-29 06:00:00,2438.0
2012-05-29 07:00:00,4061.0
2012-05-29 08:00:00,4217.0
2012-05-29 09:00:00,5342.0
2012-05-29 10:00:00,6328.0
2012-05-29 11:00:00,6060.0
2012-05-29 12:00:00,6579.0
2012-05-29 13:00:00,6416.0
2012-05-29 14:00:00,6379.0
2012-05-29 15:00:00,6632.0
2012-05-29 16:00:00,6920.0
2012-05-29 17:00:00,6854.0
2012-05-29 18:00:00,7165.0
2012-05-29 19:00:00,6572.0
2012-05-29 20:00:00,6425.0
2012-05-29 21:00:00,6565.0
2012-05-29 22:00:00,6217.0
2012-05-29 23:00:00,4861.0
2012-05-30 00:00:00,2957.0
2012-05-30 01:00:00,2839.0
2012-05-30 02:00:00,2728.0
2012-05-30 03:00:00,2544.0
2012-05-30 04:00:00,2528.0
2012-05-30 05:00:00,2499.0
2012-05-30 06:00:00,2484.0
2012-05-30 07:00:00,3979.0
2012-05-30 08:00:00,4032.0
2012-05-30 09:00:00,5306.0
2012-05-30 10:00:00,6312.0
2012-05-30 11:00:00,6305.0
2012-05-30 12:00:00,6609.0
2012-05-30 13:00:00,6676.0
2012-05-30 14:00:00,6965.0
2012-05-30 15:00:00,7440.0
2012-05-30 16:00:00,7239.0
2012-05-30 17:00:00,7447.0
2012-05-30 18:00:00,7714.0
2012-05-30 19:00:00,7284.0
2012-05-30 20:00:00,7195.0
2012-05-30 21:00:00,6564.0
2012-05-30 22:00:00,6297.0
2012-05-30 23:00:00,4987.0
2012-05-31 00:00:00,3261.0
2012-05-31 01:00:00,3090.0
2012-05-31 02:00:00,3105.0
2012-05-31 03:00:00,2816.0
2012-05-31 04:00:00,2802.0
2012-05-31 05:00:00,2787.0
2012-05-31 06:00:00,2743.0
2012-05-31 07:00:00,4010.0
2012-05-31 08:00:00,4454.0
2012-05-31 09:00:00,5743.0
2012-05-31 10:00:00,7439.0
2012-05-31 11:00:00,7713.0
2012-05-31 12:00:00,8174.0
2012-05-31 13:00:00,8624.0
2012-05-31 14:00:00,8372.0
2012-05-31 15:00:00,8660.0
2012-05-31 16:00:00,8921.0
2012-05-31 17:00:00,8624.0
2012-05-31 18:00:00,9388.0
2012-05-31 19:00:00,8632.0
2012-05-31 20:00:00,8490.0
2012-05-31 21:00:00,8031.0
2012-05-31 22:00:00,7424.0
2012-05-31 23:00:00,5706.0
2012-06-01 00:00:00,3654.0
2012-06-01 01:00:00,3438.0
2012-06-01 02:00:00,3233.0
2012-06-01 03:00:00,2698.0
2012-06-01 04:00:00,2654.0
2012-06-01 05:00:00,2735.0
2012-06-01 06:00:00,2735.0
2012-06-01 07:00:00,4469.0
2012-06-01 08:00:00,4505.0
2012-06-01 09:00:00,6565.0
2012-06-01 10:00:00,7795.0
2012-06-01 11:00:00,7758.0
2012-06-01 12:00:00,8143.0
2012-06-01 13:00:00,8735.0
2012-06-01 14:00:00,7987.0
2012-06-01 15:00:00,8624.0
2012-06-01 16:00:00,8268.0
2012-06-01 17:00:00,8120.0
2012-06-01 18:00:00,8113.0
2012-06-01 19:00:00,7542.0
2012-06-01 20:00:00,6847.0
2012-06-01 21:00:00,6728.0
2012-06-01 22:00:00,6484.0
2012-06-01 23:00:00,5336.0
2012-06-02 00:00:00,3669.0
2012-06-02 01:00:00,3365.0
2012-06-02 02:00:00,3194.0
2012-06-02 03:00:00,2883.0
2012-06-02 04:00:00,2743.0
2012-06-02 05:00:00,2750.0
2012-06-02 06:00:00,2750.0
2012-06-02 07:00:00,4477.0
2012-06-02 08:00:00,4935.0
2012-06-02 09:00:00,6386.0
2012-06-02 10:00:00,7158.0
2012-06-02 11:00:00,7379.0
2012-06-02 12:00:00,7062.0
2012-06-02 13:00:00,7609.0
2012-06-02 14:00:00,7209.0
2012-06-02 15:00:00,7128.0
2012-06-02 16:00:00,6706.0
2012-06-02 17:00:00,6647.0
2012-06-02 18:00:00,6883.0
2012-06-02 19:00:00,6802.0
2012-06-02 20:00:00,6779.0
2012-06-02 21:00:00,6446.0
2012-06-02 22:00:00,6298.0
2012-06-02 23:00:00,5002.0
2012-06-03 00:00:00,3291.0
2012-06-03 01:00:00,3216.0
2012-06-03 02:00:00,3061.0
2012-06-03 03:00:00,2713.0
2012-06-03 04:00:00,2706.0
2012-06-03 05:00:00,2705.0
2012-06-03 06:00:00,2735.0
2012-06-03 07:00:00,4542.0
2012-06-03 08:00:00,5031.0
2012-06-03 09:00:00,6283.0
2012-06-03 10:00:00,6964.0
2012-06-03 11:00:00,7565.0
2012-06-03 12:00:00,7550.0
2012-06-03 13:00:00,7684.0
2012-06-03 14:00:00,7639.0
2012-06-03 15:00:00,7891.0
2012-06-03 16:00:00,7868.0
2012-06-03 17:00:00,7891.0
2012-06-03 18:00:00,8157.0
2012-06-03 19:00:00,7498.0
2012-06-03 20:00:00,7188.0
2012-06-03 21:00:00,6173.0
2012-06-03 22:00:00,5972.0
2012-06-03 23:00:00,4313.0
2012-06-04 00:00:00,3224.0
2012-06-04 01:00:00,3024.0
2012-06-04 02:00:00,2987.0
2012-06-04 03:00:00,3054.0
2012-06-04 04:00:00,3016.0
2012-06-04 05:00:00,2542.0
2012-06-04 06:00:00,2617.0
2012-06-04 07:00:00,4195.0
2012-06-04 08:00:00,4594.0
2012-06-04 09:00:00,5521.0
2012-06-04 10:00:00,7135.0
2012-06-04 11:00:00,7506.0
2012-06-04 12:00:00,7883.0
2012-06-04 13:00:00,7247.0
2012-06-04 14:00:00,7735.0
2012-06-04 15:00:00,7875.0
2012-06-04 16:00:00,7802.0
2012-06-04 17:00:00,7387.0
2012-06-04 18:00:00,7054.0
2012-06-04 19:00:00,6705.0
2012-06-04 20:00:00,6432.0
2012-06-04 21:00:00,6245.0
2012-06-04 22:00:00,6164.0
2012-06-04 23:00:00,5032.0
2012-06-05 00:00:00,3417.0
2012-06-05 01:00:00,3253.0
2012-06-05 02:00:00,3350.0
2012-06-05 03:00:00,3454.0
2012-06-05 04:00:00,3498.0
2012-06-05 05:00:00,3447.0
2012-06-05 06:00:00,3373.0
2012-06-05 07:00:00,5372.0
2012-06-05 08:00:00,4373.0
2012-06-05 09:00:00,5669.0
2012-06-05 10:00:00,6706.0
2012-06-05 11:00:00,6706.0
2012-06-05 12:00:00,6883.0
2012-06-05 13:00:00,6750.0
2012-06-05 14:00:00,7002.0
2012-06-05 15:00:00,7254.0
2012-06-05 16:00:00,7144.0
2012-06-05 17:00:00,7491.0
2012-06-05 18:00:00,7542.0
2012-06-05 19:00:00,7187.0
2012-06-05 20:00:00,6298.0
2012-06-05 21:00:00,6476.0
2012-06-05 22:00:00,6276.0
2012-06-05 23:00:00,5046.0
2012-06-06 00:00:00,3544.0
2012-06-06 01:00:00,3439.0
2012-06-06 02:00:00,3091.0
2012-06-06 03:00:00,2683.0
2012-06-06 04:00:00,2682.0
2012-06-06 05:00:00,2728.0
2012-06-06 06:00:00,2713.0
2012-06-06 07:00:00,4306.0
2012-06-06 08:00:00,4179.0
2012-06-06 09:00:00,5484.0
2012-06-06 10:00:00,6216.0
2012-06-06 11:00:00,6106.0
2012-06-06 12:00:00,6024.0
2012-06-06 13:00:00,6246.0
2012-06-06 14:00:00,6128.0
2012-06-06 15:00:00,6009.0
2012-06-06 16:00:00,6246.0
2012-06-06 17:00:00,6283.0
2012-06-06 18:00:00,6283.0
2012-06-06 19:00:00,6602.0
2012-06-06 20:00:00,6283.0
2012-06-06 21:00:00,6366.0
2012-06-06 22:00:00,6209.0
2012-06-06 23:00:00,5105.0
2012-06-07 00:00:00,3291.0
2012-06-07 01:00:00,3106.0
2012-06-07 02:00:00,2899.0
2012-06-07 03:00:00,2610.0
2012-06-07 04:00:00,2551.0
2012-06-07 05:00:00,2683.0
2012-06-07 06:00:00,2610.0
2012-06-07 07:00:00,4091.0
2012-06-07 08:00:00,4224.0
2012-06-07 09:00:00,5816.0
2012-06-07 10:00:00,6580.0
2012-06-07 11:00:00,7002.0
2012-06-07 12:00:00,6906.0
2012-06-07 13:00:00,7120.0
2012-06-07 14:00:00,6972.0
2012-06-07 15:00:00,6729.0
2012-06-07 16:00:00,6625.0
2012-06-07 17:00:00,6549.0
2012-06-07 18:00:00,6610.0
2012-06-07 19:00:00,6579.0
2012-06-07 20:00:00,6114.0
2012-06-07 21:00:00,6194.0
2012-06-07 22:00:00,6046.0
2012-06-07 23:00:00,4913.0
2012-06-08 00:00:00,3343.0
2012-06-08 01:00:00,2957.0
2012-06-08 02:00:00,2838.0
2012-06-08 03:00:00,2609.0
2012-06-08 04:00:00,2438.0
2012-06-08 05:00:00,2535.0
2012-06-08 06:00:00,2520.0
2012-06-08 07:00:00,3980.0
2012-06-08 08:00:00,3890.0
2012-06-08 09:00:00,5521.0
2012-06-08 10:00:00,6218.0
2012-06-08 11:00:00,6128.0
2012-06-08 12:00:00,5942.0
2012-06-08 13:00:00,6186.0
2012-06-08 14:00:00,6409.0
2012-06-08 15:00:00,6395.0
2012-06-08 16:00:00,6439.0
2012-06-08 17:00:00,6527.0
2012-06-08 18:00:00,6476.0
2012-06-08 19:00:00,6321.0
2012-06-08 20:00:00,5913.0
2012-06-08 21:00:00,6372.0
2012-06-08 22:00:00,5988.0
2012-06-08 23:00:00,4758.0
2012-06-09 00:00:00,3076.0
2012-06-09 01:00:00,2891.0
2012-06-09 02:00:00,2743.0
2012-06-09 03:00:00,2431.0
2012-06-09 04:00:00,2409.0
2012-06-09 05:00:00,2476.0
2012-06-09 06:00:00,2483.0
2012-06-09 07:00:00,4025.0
2012-06-09 08:00:00,3935.0
2012-06-09 09:00:00,5653.0
2012-06-09 10:00:00,6358.0
2012-06-09 11:00:00,6424.0
2012-06-09 12:00:00,6706.0
2012-06-09 13:00:00,6846.0
2012-06-09 14:00:00,6713.0
2012-06-09 15:00:00,6342.0
2012-06-09 16:00:00,6913.0
2012-06-09 17:00:00,6735.0
2012-06-09 18:00:00,7016.0
2012-06-09 19:00:00,7157.0
2012-06-09 20:00:00,5994.0
2012-06-09 21:00:00,6262.0
2012-06-09 22:00:00,6216.0
2012-06-09 23:00:00,4795.0
2012-06-10 00:00:00,3335.0
2012-06-10 01:00:00,3232.0
2012-06-10 02:00:00,2890.0
2012-06-10 03:00:00,2551.0
2012-06-10 04:00:00,2617.0
2012-06-10 05:00:00,2684.0
2012-06-10 06:00:00,2617.0
2012-06-10 07:00:00,4246.0
2012-06-10 08:00:00,4024.0
2012-06-10 09:00:00,6098.0
2012-06-10 10:00:00,6490.0
2012-06-10 11:00:00,6913.0
2012-06-10 12:00:00,7016.0
2012-06-10 13:00:00,7076.0
2012-06-10 14:00:00,7372.0
2012-06-10 15:00:00,6920.0
2012-06-10 16:00:00,7172.0
2012-06-10 17:00:00,7202.0
2012-06-10 18:00:00,7402.0
2012-06-10 19:00:00,7113.0
2012-06-10 20:00:00,6387.0
2012-06-10 21:00:00,6230.0
2012-06-10 22:00:00,6180.0
2012-06-10 23:00:00,4942.0
2012-06-11 00:00:00,3551.0
2012-06-11 01:00:00,3379.0
2012-06-11 02:00:00,2839.0
2012-06-11 03:00:00,2462.0
2012-06-11 04:00:00,2551.0
2012-06-11 05:00:00,2580.0
2012-06-11 06:00:00,2617.0
2012-06-11 07:00:00,4224.0
2012-06-11 08:00:00,3980.0
2012-06-11 09:00:00,5446.0
2012-06-11 10:00:00,6305.0
2012-06-11 11:00:00,6358.0
2012-06-11 12:00:00,6743.0
2012-06-11 13:00:00,6588.0
2012-06-11 14:00:00,6653.0
2012-06-11 15:00:00,6573.0
2012-06-11 16:00:00,6713.0
2012-06-11 17:00:00,6809.0
2012-06-11 18:00:00,6342.0
2012-06-11 19:00:00,6135.0
2012-06-11 20:00:00,6106.0
2012-06-11 21:00:00,6068.0
2012-06-11 22:00:00,5891.0
2012-06-11 23:00:00,4669.0
2012-06-12 00:00:00,3210.0
2012-06-12 01:00:00,3150.0
2012-06-12 02:00:00,3002.0
2012-06-12 03:00:00,2402.0
2012-06-12 04:00:00,2424.0
2012-06-12 05:00:00,2423.0
2012-06-12 06:00:00,2386.0
2012-06-12 07:00:00,3883.0
2012-06-12 08:00:00,3802.0
2012-06-12 09:00:00,5283.0
2012-06-12 10:00:00,6076.0
2012-06-12 11:00:00,6232.0
2012-06-12 12:00:00,6327.0
2012-06-12 13:00:00,6425.0
2012-06-12 14:00:00,6425.0
2012-06-12 15:00:00,6335.0
2012-06-12 16:00:00,6795.0
2012-06-12 17:00:00,6417.0
2012-06-12 18:00:00,6542.0
2012-06-12 19:00:00,6328.0
2012-06-12 20:00:00,5928.0
2012-06-12 21:00:00,5972.0
2012-06-12 22:00:00,5928.0
2012-06-12 23:00:00,4677.0
2012-06-13 00:00:00,3128.0
2012-06-13 01:00:00,3099.0
2012-06-13 02:00:00,2788.0
2012-06-13 03:00:00,2335.0
2012-06-13 04:00:00,2343.0
2012-06-13 05:00:00,2379.0
2012-06-13 06:00:00,2283.0
2012-06-13 07:00:00,3720.0
2012-06-13 08:00:00,3632.0
2012-06-13 09:00:00,5084.0
2012-06-13 10:00:00,6121.0
2012-06-13 11:00:00,6335.0
2012-06-13 12:00:00,6572.0
2012-06-13 13:00:00,6742.0
2012-06-13 14:00:00,6655.0
2012-06-13 15:00:00,6876.0
2012-06-13 16:00:00,6905.0
2012-06-13 17:00:00,6802.0
2012-06-13 18:00:00,6631.0
2012-06-13 19:00:00,6595.0
2012-06-13 20:00:00,6017.0
2012-06-13 21:00:00,6009.0
2012-06-13 22:00:00,5979.0
2012-06-13 23:00:00,4603.0
2012-06-14 00:00:00,3083.0
2012-06-14 01:00:00,2951.0
2012-06-14 02:00:00,2706.0
2012-06-14 03:00:00,2446.0
2012-06-14 04:00:00,2365.0
2012-06-14 05:00:00,2447.0
2012-06-14 06:00:00,2483.0
2012-06-14 07:00:00,3958.0
2012-06-14 08:00:00,3854.0
2012-06-14 09:00:00,5270.0
2012-06-14 10:00:00,6016.0
2012-06-14 11:00:00,6387.0
2012-06-14 12:00:00,5847.0
2012-06-14 13:00:00,5905.0
2012-06-14 14:00:00,6172.0
2012-06-14 15:00:00,6461.0
2012-06-14 16:00:00,6869.0
2012-06-14 17:00:00,6839.0
2012-06-14 18:00:00,6795.0
2012-06-14 19:00:00,6661.0
2012-06-14 20:00:00,6424.0
2012-06-14 21:00:00,6208.0
2012-06-14 22:00:00,6143.0
2012-06-14 23:00:00,4950.0
2012-06-15 00:00:00,2957.0
2012-06-15 01:00:00,2883.0
2012-06-15 02:00:00,2795.0
2012-06-15 03:00:00,2484.0
2012-06-15 04:00:00,2447.0
2012-06-15 05:00:00,2514.0
2012-06-15 06:00:00,2565.0
2012-06-15 07:00:00,3861.0
2012-06-15 08:00:00,3979.0
2012-06-15 09:00:00,5320.0
2012-06-15 10:00:00,6195.0
2012-06-15 11:00:00,6462.0
2012-06-15 12:00:00,6646.0
2012-06-15 13:00:00,6564.0
2012-06-15 14:00:00,6869.0
2012-06-15 15:00:00,6765.0
2012-06-15 16:00:00,7217.0
2012-06-15 17:00:00,7202.0
2012-06-15 18:00:00,7149.0
2012-06-15 19:00:00,7068.0
2012-06-15 20:00:00,6306.0
2012-06-15 21:00:00,6351.0
2012-06-15 22:00:00,6246.0
2012-06-15 23:00:00,4980.0
2012-06-16 00:00:00,3039.0
2012-06-16 01:00:00,2929.0
2012-06-16 02:00:00,2780.0
2012-06-16 03:00:00,2714.0
2012-06-16 04:00:00,2565.0
2012-06-16 05:00:00,2609.0
2012-06-16 06:00:00,2558.0
2012-06-16 07:00:00,4054.0
2012-06-16 08:00:00,4209.0
2012-06-16 09:00:00,5943.0
2012-06-16 10:00:00,6608.0
2012-06-16 11:00:00,6772.0
2012-06-16 12:00:00,6735.0
2012-06-16 13:00:00,6868.0
2012-06-16 14:00:00,6950.0
2012-06-16 15:00:00,6883.0
2012-06-16 16:00:00,6839.0
2012-06-16 17:00:00,7053.0
2012-06-16 18:00:00,7017.0
2012-06-16 19:00:00,7173.0
2012-06-16 20:00:00,6557.0
2012-06-16 21:00:00,6461.0
2012-06-16 22:00:00,6410.0
2012-06-16 23:00:00,5143.0
2012-06-17 00:00:00,3395.0
2012-06-17 01:00:00,3068.0
2012-06-17 02:00:00,2958.0
2012-06-17 03:00:00,2676.0
2012-06-17 04:00:00,2632.0
2012-06-17 05:00:00,2624.0
2012-06-17 06:00:00,2632.0
2012-06-17 07:00:00,4180.0
2012-06-17 08:00:00,4188.0
2012-06-17 09:00:00,6091.0
2012-06-17 10:00:00,6884.0
2012-06-17 11:00:00,7128.0
2012-06-17 12:00:00,7098.0
2012-06-17 13:00:00,7394.0
2012-06-17 14:00:00,7224.0
2012-06-17 15:00:00,7365.0
2012-06-17 16:00:00,7536.0
2012-06-17 17:00:00,7225.0
2012-06-17 18:00:00,6979.0
2012-06-17 19:00:00,7092.0
2012-06-17 20:00:00,6491.0
2012-06-17 21:00:00,6468.0
2012-06-17 22:00:00,6387.0
2012-06-17 23:00:00,5216.0
2012-06-18 00:00:00,3217.0
2012-06-18 01:00:00,3098.0
2012-06-18 02:00:00,3024.0
2012-06-18 03:00:00,2920.0
2012-06-18 04:00:00,2817.0
2012-06-18 05:00:00,2684.0
2012-06-18 06:00:00,2610.0
2012-06-18 07:00:00,4076.0
2012-06-18 08:00:00,4083.0
2012-06-18 09:00:00,5254.0
2012-06-18 10:00:00,5758.0
2012-06-18 11:00:00,5966.0
2012-06-18 12:00:00,6098.0
2012-06-18 13:00:00,6424.0
2012-06-18 14:00:00,6387.0
2012-06-18 15:00:00,6321.0
2012-06-18 16:00:00,6454.0
2012-06-18 17:00:00,6692.0
2012-06-18 18:00:00,6529.0
2012-06-18 19:00:00,6454.0
2012-06-18 20:00:00,6008.0
2012-06-18 21:00:00,6320.0
2012-06-18 22:00:00,6106.0
2012-06-18 23:00:00,4757.0
2012-06-19 00:00:00,2898.0
2012-06-19 01:00:00,2854.0
2012-06-19 02:00:00,2757.0
2012-06-19 03:00:00,2417.0
2012-06-19 04:00:00,2343.0
2012-06-19 05:00:00,2416.0
2012-06-19 06:00:00,2395.0
2012-06-19 07:00:00,3868.0
2012-06-19 08:00:00,3683.0
2012-06-19 09:00:00,5150.0
2012-06-19 10:00:00,5647.0
2012-06-19 11:00:00,6098.0
2012-06-19 12:00:00,6469.0
2012-06-19 13:00:00,6409.0
2012-06-19 14:00:00,6505.0
2012-06-19 15:00:00,6542.0
2012-06-19 16:00:00,6624.0
2012-06-19 17:00:00,7010.0
2012-06-19 18:00:00,7447.0
2012-06-19 19:00:00,7061.0
2012-06-19 20:00:00,6135.0
2012-06-19 21:00:00,5981.0
2012-06-19 22:00:00,6031.0
2012-06-19 23:00:00,4773.0
2012-06-20 00:00:00,3224.0
2012-06-20 01:00:00,3084.0
2012-06-20 02:00:00,3055.0
2012-06-20 03:00:00,2446.0
2012-06-20 04:00:00,2402.0
2012-06-20 05:00:00,2468.0
2012-06-20 06:00:00,2446.0
2012-06-20 07:00:00,3802.0
2012-06-20 08:00:00,3987.0
2012-06-20 09:00:00,5292.0
2012-06-20 10:00:00,6165.0
2012-06-20 11:00:00,6121.0
2012-06-20 12:00:00,6639.0
2012-06-20 13:00:00,6557.0
2012-06-20 14:00:00,6609.0
2012-06-20 15:00:00,6602.0
2012-06-20 16:00:00,6891.0
2012-06-20 17:00:00,7090.0
2012-06-20 18:00:00,7149.0
2012-06-20 19:00:00,6913.0
2012-06-20 20:00:00,6350.0
2012-06-20 21:00:00,6120.0
2012-06-20 22:00:00,6165.0
2012-06-20 23:00:00,4838.0
2012-06-21 00:00:00,3373.0
2012-06-21 01:00:00,3201.0
2012-06-21 02:00:00,3150.0
2012-06-21 03:00:00,2884.0
2012-06-21 04:00:00,2520.0
2012-06-21 05:00:00,2617.0
2012-06-21 06:00:00,2594.0
2012-06-21 07:00:00,3965.0
2012-06-21 08:00:00,4039.0
2012-06-21 09:00:00,5594.0
2012-06-21 10:00:00,6683.0
2012-06-21 11:00:00,6290.0
2012-06-21 12:00:00,7173.0
2012-06-21 13:00:00,7373.0
2012-06-21 14:00:00,7669.0
2012-06-21 15:00:00,7455.0
2012-06-21 16:00:00,7838.0
2012-06-21 17:00:00,7862.0
2012-06-21 18:00:00,7691.0
2012-06-21 19:00:00,7706.0
2012-06-21 20:00:00,6416.0
2012-06-21 21:00:00,6032.0
2012-06-21 22:00:00,6017.0
2012-06-21 23:00:00,4520.0
2012-06-22 00:00:00,2891.0
2012-06-22 01:00:00,2891.0
2012-06-22 02:00:00,2625.0
2012-06-22 03:00:00,2528.0
2012-06-22 04:00:00,2298.0
2012-06-22 05:00:00,2320.0
2012-06-22 06:00:00,2231.0
2012-06-22 07:00:00,3780.0
2012-06-22 08:00:00,3869.0
2012-06-22 09:00:00,5068.0
2012-06-22 10:00:00,5876.0
2012-06-22 11:00:00,6262.0
2012-06-22 12:00:00,6832.0
2012-06-22 13:00:00,7387.0
2012-06-22 14:00:00,7639.0
2012-06-22 15:00:00,7410.0
2012-06-22 16:00:00,7794.0
2012-06-22 17:00:00,7823.0
2012-06-22 18:00:00,7646.0
2012-06-22 19:00:00,7439.0
2012-06-22 20:00:00,6186.0
2012-06-22 21:00:00,5964.0
2012-06-22 22:00:00,5943.0
2012-06-22 23:00:00,4758.0
2012-06-23 00:00:00,2957.0
2012-06-23 01:00:00,2706.0
2012-06-23 02:00:00,2713.0
2012-06-23 03:00:00,2402.0
2012-06-23 04:00:00,2298.0
2012-06-23 05:00:00,2409.0
2012-06-23 06:00:00,2477.0
2012-06-23 07:00:00,4120.0
2012-06-23 08:00:00,3839.0
2012-06-23 09:00:00,5750.0
2012-06-23 10:00:00,6321.0
2012-06-23 11:00:00,6853.0
2012-06-23 12:00:00,7795.0
2012-06-23 13:00:00,8499.0
2012-06-23 14:00:00,8499.0
2012-06-23 15:00:00,8831.0
2012-06-23 16:00:00,8431.0
2012-06-23 17:00:00,8401.0
2012-06-23 18:00:00,8239.0
2012-06-23 19:00:00,8076.0
2012-06-23 20:00:00,6721.0
2012-06-23 21:00:00,6239.0
2012-06-23 22:00:00,6025.0
2012-06-23 23:00:00,4824.0
2012-06-24 00:00:00,3009.0
2012-06-24 01:00:00,2994.0
2012-06-24 02:00:00,2772.0
2012-06-24 03:00:00,2706.0
2012-06-24 04:00:00,2416.0
2012-06-24 05:00:00,2394.0
2012-06-24 06:00:00,2439.0
2012-06-24 07:00:00,4002.0
2012-06-24 08:00:00,3824.0
2012-06-24 09:00:00,5979.0
2012-06-24 10:00:00,6780.0
2012-06-24 11:00:00,7335.0
2012-06-24 12:00:00,8335.0
2012-06-24 13:00:00,9395.0
2012-06-24 14:00:00,9468.0
2012-06-24 15:00:00,9372.0
2012-06-24 16:00:00,9742.0
2012-06-24 17:00:00,9284.0
2012-06-24 18:00:00,9410.0
2012-06-24 19:00:00,8706.0
2012-06-24 20:00:00,7432.0
2012-06-24 21:00:00,6506.0
2012-06-24 22:00:00,6372.0
2012-06-24 23:00:00,4876.0
2012-06-25 00:00:00,3113.0
2012-06-25 01:00:00,3054.0
2012-06-25 02:00:00,2987.0
2012-06-25 03:00:00,2662.0
2012-06-25 04:00:00,2603.0
2012-06-25 05:00:00,2617.0
2012-06-25 06:00:00,2543.0
2012-06-25 07:00:00,3861.0
2012-06-25 08:00:00,3987.0
2012-06-25 09:00:00,5744.0
2012-06-25 10:00:00,6721.0
2012-06-25 11:00:00,7550.0
2012-06-25 12:00:00,8616.0
2012-06-25 13:00:00,9121.0
2012-06-25 14:00:00,9328.0
2012-06-25 15:00:00,9558.0
2012-06-25 16:00:00,9631.0
2012-06-25 17:00:00,9602.0
2012-06-25 18:00:00,10157.0
2012-06-25 19:00:00,9906.0
2012-06-25 20:00:00,7943.0
2012-06-25 21:00:00,7461.0
2012-06-25 22:00:00,7305.0
2012-06-25 23:00:00,5579.0
2012-06-26 00:00:00,3579.0
2012-06-26 01:00:00,3403.0
2012-06-26 02:00:00,3142.0
2012-06-26 03:00:00,2839.0
2012-06-26 04:00:00,2736.0
2012-06-26 05:00:00,2728.0
2012-06-26 06:00:00,2691.0
2012-06-26 07:00:00,4269.0
2012-06-26 08:00:00,4261.0
2012-06-26 09:00:00,6291.0
2012-06-26 10:00:00,7165.0
2012-06-26 11:00:00,7980.0
2012-06-26 12:00:00,8536.0
2012-06-26 13:00:00,8268.0
2012-06-26 14:00:00,9594.0
2012-06-26 15:00:00,9476.0
2012-06-26 16:00:00,9765.0
2012-06-26 17:00:00,9854.0
2012-06-26 18:00:00,10173.0
2012-06-26 19:00:00,10231.0
2012-06-26 20:00:00,7995.0
2012-06-26 21:00:00,7084.0
2012-06-26 22:00:00,6831.0
2012-06-26 23:00:00,5290.0
2012-06-27 00:00:00,3401.0
2012-06-27 01:00:00,3105.0
2012-06-27 02:00:00,3017.0
2012-06-27 03:00:00,2781.0
2012-06-27 04:00:00,2736.0
2012-06-27 05:00:00,2757.0
2012-06-27 06:00:00,2736.0
2012-06-27 07:00:00,4054.0
2012-06-27 08:00:00,4439.0
2012-06-27 09:00:00,6269.0
2012-06-27 10:00:00,7143.0
2012-06-27 11:00:00,7128.0
2012-06-27 12:00:00,7750.0
2012-06-27 13:00:00,7609.0
2012-06-27 14:00:00,7721.0
2012-06-27 15:00:00,7676.0
2012-06-27 16:00:00,7793.0
2012-06-27 17:00:00,7395.0
2012-06-27 18:00:00,8039.0
2012-06-27 19:00:00,7462.0
2012-06-27 20:00:00,6521.0
2012-06-27 21:00:00,6380.0
2012-06-27 22:00:00,6327.0
2012-06-27 23:00:00,4965.0
2012-06-28 00:00:00,3454.0
2012-06-28 01:00:00,3321.0
2012-06-28 02:00:00,3216.0
2012-06-28 03:00:00,3157.0
2012-06-28 04:00:00,2638.0
2012-06-28 05:00:00,2610.0
2012-06-28 06:00:00,2661.0
2012-06-28 07:00:00,4172.0
2012-06-28 08:00:00,4114.0
2012-06-28 09:00:00,5402.0
2012-06-28 10:00:00,6714.0
2012-06-28 11:00:00,6816.0
2012-06-28 12:00:00,7639.0
2012-06-28 13:00:00,7425.0
2012-06-28 14:00:00,7810.0
2012-06-28 15:00:00,8114.0
2012-06-28 16:00:00,8025.0
2012-06-28 17:00:00,7787.0
2012-06-28 18:00:00,8232.0
2012-06-28 19:00:00,7417.0
2012-06-28 20:00:00,6469.0
2012-06-28 21:00:00,6335.0
2012-06-28 22:00:00,6231.0
2012-06-28 23:00:00,5328.0
2012-06-29 00:00:00,3735.0
2012-06-29 01:00:00,3662.0
2012-06-29 02:00:00,3261.0
2012-06-29 03:00:00,2602.0
2012-06-29 04:00:00,2559.0
2012-06-29 05:00:00,2543.0
2012-06-29 06:00:00,2601.0
2012-06-29 07:00:00,4046.0
2012-06-29 08:00:00,3959.0
2012-06-29 09:00:00,5497.0
2012-06-29 10:00:00,6490.0
2012-06-29 11:00:00,6609.0
2012-06-29 12:00:00,6662.0
2012-06-29 13:00:00,7238.0
2012-06-29 14:00:00,7246.0
2012-06-29 15:00:00,6565.0
2012-06-29 16:00:00,7009.0
2012-06-29 17:00:00,7447.0
2012-06-29 18:00:00,7475.0
2012-06-29 19:00:00,7395.0
2012-06-29 20:00:00,6476.0
2012-06-29 21:00:00,6254.0
2012-06-29 22:00:00,6202.0
2012-06-29 23:00:00,5469.0
2012-06-30 00:00:00,3839.0
2012-06-30 01:00:00,3669.0
2012-06-30 02:00:00,3668.0
2012-06-30 03:00:00,3365.0
2012-06-30 04:00:00,3328.0
2012-06-30 05:00:00,3306.0
2012-06-30 06:00:00,2683.0
2012-06-30 07:00:00,4172.0
2012-06-30 08:00:00,4239.0
2012-06-30 09:00:00,6224.0
2012-06-30 10:00:00,6736.0
2012-06-30 11:00:00,6713.0
2012-06-30 12:00:00,7216.0
2012-06-30 13:00:00,7335.0
2012-06-30 14:00:00,7401.0
2012-06-30 15:00:00,7232.0
2012-06-30 16:00:00,7468.0
2012-06-30 17:00:00,7201.0
2012-06-30 18:00:00,7314.0
2012-06-30 19:00:00,6906.0
2012-06-30 20:00:00,6210.0
2012-06-30 21:00:00,6268.0
2012-06-30 22:00:00,6105.0
2012-06-30 23:00:00,4987.0
2012-07-01 00:00:00,3239.0
2012-07-01 01:00:00,3083.0
2012-07-01 02:00:00,3031.0
2012-07-01 03:00:00,2468.0
2012-07-01 04:00:00,2387.0
2012-07-01 05:00:00,2372.0
2012-07-01 06:00:00,2350.0
2012-07-01 07:00:00,3958.0
2012-07-01 08:00:00,4432.0
2012-07-01 09:00:00,6076.0
2012-07-01 10:00:00,6454.0
2012-07-01 11:00:00,6476.0
2012-07-01 12:00:00,6980.0
2012-07-01 13:00:00,7261.0
2012-07-01 14:00:00,7357.0
2012-07-01 15:00:00,7550.0
2012-07-01 16:00:00,7758.0
2012-07-01 17:00:00,7483.0
2012-07-01 18:00:00,7484.0
2012-07-01 19:00:00,7217.0
2012-07-01 20:00:00,6305.0
2012-07-01 21:00:00,6165.0
2012-07-01 22:00:00,6010.0
2012-07-01 23:00:00,4987.0
2012-07-02 00:00:00,3076.0
2012-07-02 01:00:00,2928.0
2012-07-02 02:00:00,2987.0
2012-07-02 03:00:00,2581.0
2012-07-02 04:00:00,2291.0
2012-07-02 05:00:00,2350.0
2012-07-02 06:00:00,2350.0
2012-07-02 07:00:00,3890.0
2012-07-02 08:00:00,4816.0
2012-07-02 09:00:00,5884.0
2012-07-02 10:00:00,6290.0
2012-07-02 11:00:00,6758.0
2012-07-02 12:00:00,7514.0
2012-07-02 13:00:00,7720.0
2012-07-02 14:00:00,8031.0
2012-07-02 15:00:00,8069.0
2012-07-02 16:00:00,7958.0
2012-07-02 17:00:00,8290.0
2012-07-02 18:00:00,8417.0
2012-07-02 19:00:00,7810.0
2012-07-02 20:00:00,6927.0
2012-07-02 21:00:00,6512.0
2012-07-02 22:00:00,6150.0
2012-07-02 23:00:00,4913.0
2012-07-03 00:00:00,3187.0
2012-07-03 01:00:00,3194.0
2012-07-03 02:00:00,2884.0
2012-07-03 03:00:00,2476.0
2012-07-03 04:00:00,2395.0
2012-07-03 05:00:00,2461.0
2012-07-03 06:00:00,2432.0
2012-07-03 07:00:00,3988.0
2012-07-03 08:00:00,4483.0
2012-07-03 09:00:00,5683.0
2012-07-03 10:00:00,6409.0
2012-07-03 11:00:00,6721.0
2012-07-03 12:00:00,7277.0
2012-07-03 13:00:00,7906.0
2012-07-03 14:00:00,7824.0
2012-07-03 15:00:00,8224.0
2012-07-03 16:00:00,8098.0
2012-07-03 17:00:00,8350.0
2012-07-03 18:00:00,8165.0
2012-07-03 19:00:00,7936.0
2012-07-03 20:00:00,6320.0
2012-07-03 21:00:00,6277.0
2012-07-03 22:00:00,6305.0
2012-07-03 23:00:00,5380.0
2012-07-04 00:00:00,3520.0
2012-07-04 01:00:00,3387.0
2012-07-04 02:00:00,3255.0
2012-07-04 03:00:00,2639.0
2012-07-04 04:00:00,2654.0
2012-07-04 05:00:00,2603.0
2012-07-04 06:00:00,2617.0
2012-07-04 07:00:00,3854.0
2012-07-04 08:00:00,4698.0
2012-07-04 09:00:00,5639.0
2012-07-04 10:00:00,6521.0
2012-07-04 11:00:00,6454.0
2012-07-04 12:00:00,7150.0
2012-07-04 13:00:00,7683.0
2012-07-04 14:00:00,7595.0
2012-07-04 15:00:00,7720.0
2012-07-04 16:00:00,7920.0
2012-07-04 17:00:00,7690.0
2012-07-04 18:00:00,7801.0
2012-07-04 19:00:00,7661.0
2012-07-04 20:00:00,6336.0
2012-07-04 21:00:00,6276.0
2012-07-04 22:00:00,6224.0
2012-07-04 23:00:00,5017.0
2012-07-05 00:00:00,3157.0
2012-07-05 01:00:00,2936.0
2012-07-05 02:00:00,2868.0
2012-07-05 03:00:00,2617.0
2012-07-05 04:00:00,2425.0
2012-07-05 05:00:00,2543.0
2012-07-05 06:00:00,2440.0
2012-07-05 07:00:00,3920.0
2012-07-05 08:00:00,4491.0
2012-07-05 09:00:00,5335.0
2012-07-05 10:00:00,5706.0
2012-07-05 11:00:00,6321.0
2012-07-05 12:00:00,6877.0
2012-07-05 13:00:00,6979.0
2012-07-05 14:00:00,7217.0
2012-07-05 15:00:00,7225.0
2012-07-05 16:00:00,7521.0
2012-07-05 17:00:00,7328.0
2012-07-05 18:00:00,7497.0
2012-07-05 19:00:00,7149.0
2012-07-05 20:00:00,6247.0
2012-07-05 21:00:00,6136.0
2012-07-05 22:00:00,6136.0
2012-07-05 23:00:00,5158.0
2012-07-06 00:00:00,3447.0
2012-07-06 01:00:00,3180.0
2012-07-06 02:00:00,3084.0
2012-07-06 03:00:00,2565.0
2012-07-06 04:00:00,2446.0
2012-07-06 05:00:00,2498.0
2012-07-06 06:00:00,2431.0
2012-07-06 07:00:00,4202.0
2012-07-06 08:00:00,4572.0
2012-07-06 09:00:00,5543.0
2012-07-06 10:00:00,6380.0
2012-07-06 11:00:00,6579.0
2012-07-06 12:00:00,7061.0
2012-07-06 13:00:00,7165.0
2012-07-06 14:00:00,7402.0
2012-07-06 15:00:00,7239.0
2012-07-06 16:00:00,7632.0
2012-07-06 17:00:00,7543.0
2012-07-06 18:00:00,7698.0
2012-07-06 19:00:00,7327.0
2012-07-06 20:00:00,6825.0
2012-07-06 21:00:00,6275.0
2012-07-06 22:00:00,6291.0
2012-07-06 23:00:00,4943.0
2012-07-07 00:00:00,3135.0
2012-07-07 01:00:00,3084.0
2012-07-07 02:00:00,2943.0
2012-07-07 03:00:00,2654.0
2012-07-07 04:00:00,2655.0
2012-07-07 05:00:00,2631.0
2012-07-07 06:00:00,2506.0
2012-07-07 07:00:00,4091.0
2012-07-07 08:00:00,4728.0
2012-07-07 09:00:00,6305.0
2012-07-07 10:00:00,6572.0
2012-07-07 11:00:00,6669.0
2012-07-07 12:00:00,7039.0
2012-07-07 13:00:00,7158.0
2012-07-07 14:00:00,7684.0
2012-07-07 15:00:00,7632.0
2012-07-07 16:00:00,7661.0
2012-07-07 17:00:00,7536.0
2012-07-07 18:00:00,7869.0
2012-07-07 19:00:00,7927.0
2012-07-07 20:00:00,6579.0
2012-07-07 21:00:00,6372.0
2012-07-07 22:00:00,6284.0
2012-07-07 23:00:00,4869.0
2012-07-08 00:00:00,3127.0
2012-07-08 01:00:00,2987.0
2012-07-08 02:00:00,2898.0
2012-07-08 03:00:00,2505.0
2012-07-08 04:00:00,2490.0
2012-07-08 05:00:00,2484.0
2012-07-08 06:00:00,2490.0
2012-07-08 07:00:00,3810.0
2012-07-08 08:00:00,4661.0
2012-07-08 09:00:00,6179.0
2012-07-08 10:00:00,6587.0
2012-07-08 11:00:00,6788.0
2012-07-08 12:00:00,7594.0
2012-07-08 13:00:00,7662.0
2012-07-08 14:00:00,7825.0
2012-07-08 15:00:00,7802.0
2012-07-08 16:00:00,7920.0
2012-07-08 17:00:00,8187.0
2012-07-08 18:00:00,7772.0
2012-07-08 19:00:00,7654.0
2012-07-08 20:00:00,6424.0
2012-07-08 21:00:00,6268.0
2012-07-08 22:00:00,6195.0
2012-07-08 23:00:00,5121.0
2012-07-09 00:00:00,3306.0
2012-07-09 01:00:00,3253.0
2012-07-09 02:00:00,2854.0
2012-07-09 03:00:00,2462.0
2012-07-09 04:00:00,2506.0
2012-07-09 05:00:00,2499.0
2012-07-09 06:00:00,2506.0
2012-07-09 07:00:00,4372.0
2012-07-09 08:00:00,4550.0
2012-07-09 09:00:00,5610.0
2012-07-09 10:00:00,6246.0
2012-07-09 11:00:00,6596.0
2012-07-09 12:00:00,7032.0
2012-07-09 13:00:00,7016.0
2012-07-09 14:00:00,7357.0
2012-07-09 15:00:00,7476.0
2012-07-09 16:00:00,7529.0
2012-07-09 17:00:00,7772.0
2012-07-09 18:00:00,7654.0
2012-07-09 19:00:00,7372.0
2012-07-09 20:00:00,6417.0
2012-07-09 21:00:00,6128.0
2012-07-09 22:00:00,6179.0
2012-07-09 23:00:00,5224.0
2012-07-10 00:00:00,3372.0
2012-07-10 01:00:00,3216.0
2012-07-10 02:00:00,2979.0
2012-07-10 03:00:00,2535.0
2012-07-10 04:00:00,2581.0
2012-07-10 05:00:00,2617.0
2012-07-10 06:00:00,2565.0
2012-07-10 07:00:00,3920.0
2012-07-10 08:00:00,4491.0
2012-07-10 09:00:00,5588.0
2012-07-10 10:00:00,6210.0
2012-07-10 11:00:00,6247.0
2012-07-10 12:00:00,6655.0
2012-07-10 13:00:00,6684.0
2012-07-10 14:00:00,7105.0
2012-07-10 15:00:00,7224.0
2012-07-10 16:00:00,7565.0
2012-07-10 17:00:00,7512.0
2012-07-10 18:00:00,7543.0
2012-07-10 19:00:00,7357.0
2012-07-10 20:00:00,6076.0
2012-07-10 21:00:00,6068.0
2012-07-10 22:00:00,6083.0
2012-07-10 23:00:00,4950.0
2012-07-11 00:00:00,2994.0
2012-07-11 01:00:00,2869.0
2012-07-11 02:00:00,2714.0
2012-07-11 03:00:00,2438.0
2012-07-11 04:00:00,2394.0
2012-07-11 05:00:00,2454.0
2012-07-11 06:00:00,2430.0
2012-07-11 07:00:00,3979.0
2012-07-11 08:00:00,4454.0
2012-07-11 09:00:00,5475.0
2012-07-11 10:00:00,5971.0
2012-07-11 11:00:00,6299.0
2012-07-11 12:00:00,6706.0
2012-07-11 13:00:00,6913.0
2012-07-11 14:00:00,7172.0
2012-07-11 15:00:00,7269.0
2012-07-11 16:00:00,7069.0
2012-07-11 17:00:00,7083.0
2012-07-11 18:00:00,7299.0
2012-07-11 19:00:00,6994.0
2012-07-11 20:00:00,6114.0
2012-07-11 21:00:00,5972.0
2012-07-11 22:00:00,6017.0
2012-07-11 23:00:00,4920.0
2012-07-12 00:00:00,3025.0
2012-07-12 01:00:00,2839.0
2012-07-12 02:00:00,2743.0
2012-07-12 03:00:00,2350.0
2012-07-12 04:00:00,2320.0
2012-07-12 05:00:00,2424.0
2012-07-12 06:00:00,2343.0
2012-07-12 07:00:00,3735.0
2012-07-12 08:00:00,4461.0
2012-07-12 09:00:00,5477.0
2012-07-12 10:00:00,6135.0
2012-07-12 11:00:00,6380.0
2012-07-12 12:00:00,7069.0
2012-07-12 13:00:00,7091.0
2012-07-12 14:00:00,7418.0
2012-07-12 15:00:00,7543.0
2012-07-12 16:00:00,7891.0
2012-07-12 17:00:00,7794.0
2012-07-12 18:00:00,7883.0
2012-07-12 19:00:00,7706.0
2012-07-12 20:00:00,6358.0
2012-07-12 21:00:00,6181.0
2012-07-12 22:00:00,6099.0
2012-07-12 23:00:00,5032.0
2012-07-13 00:00:00,3195.0
2012-07-13 01:00:00,3105.0
2012-07-13 02:00:00,2943.0
2012-07-13 03:00:00,2365.0
2012-07-13 04:00:00,2328.0
2012-07-13 05:00:00,2350.0
2012-07-13 06:00:00,2261.0
2012-07-13 07:00:00,3794.0
2012-07-13 08:00:00,4476.0
2012-07-13 09:00:00,5698.0
2012-07-13 10:00:00,6395.0
2012-07-13 11:00:00,6454.0
2012-07-13 12:00:00,7150.0
2012-07-13 13:00:00,7454.0
2012-07-13 14:00:00,7869.0
2012-07-13 15:00:00,7514.0
2012-07-13 16:00:00,7742.0
2012-07-13 17:00:00,8061.0
2012-07-13 18:00:00,8134.0
2012-07-13 19:00:00,7868.0
2012-07-13 20:00:00,6498.0
2012-07-13 21:00:00,6350.0
2012-07-13 22:00:00,6446.0
2012-07-13 23:00:00,5306.0
2012-07-14 00:00:00,3321.0
2012-07-14 01:00:00,3639.0
2012-07-14 02:00:00,4617.0
2012-07-14 03:00:00,3714.0
2012-07-14 04:00:00,2905.0
2012-07-14 05:00:00,2728.0
2012-07-14 06:00:00,2624.0
2012-07-14 07:00:00,4128.0
2012-07-14 08:00:00,4743.0
2012-07-14 09:00:00,6010.0
2012-07-14 10:00:00,6186.0
2012-07-14 11:00:00,6653.0
2012-07-14 12:00:00,6817.0
2012-07-14 13:00:00,7254.0
2012-07-14 14:00:00,7506.0
2012-07-14 15:00:00,7520.0
2012-07-14 16:00:00,7572.0
2012-07-14 17:00:00,7492.0
2012-07-14 18:00:00,7714.0
2012-07-14 19:00:00,7277.0
2012-07-14 20:00:00,6061.0
2012-07-14 21:00:00,6010.0
2012-07-14 22:00:00,5979.0
2012-07-14 23:00:00,5395.0
2012-07-15 00:00:00,3839.0
2012-07-15 01:00:00,3558.0
2012-07-15 02:00:00,3321.0
2012-07-15 03:00:00,2506.0
2012-07-15 04:00:00,2527.0
2012-07-15 05:00:00,2542.0
2012-07-15 06:00:00,2438.0
2012-07-15 07:00:00,3905.0
2012-07-15 08:00:00,4810.0
2012-07-15 09:00:00,5928.0
2012-07-15 10:00:00,6203.0
2012-07-15 11:00:00,6884.0
2012-07-15 12:00:00,7379.0
2012-07-15 13:00:00,7691.0
2012-07-15 14:00:00,7869.0
2012-07-15 15:00:00,8299.0
2012-07-15 16:00:00,8283.0
2012-07-15 17:00:00,8372.0
2012-07-15 18:00:00,7905.0
2012-07-15 19:00:00,7476.0
2012-07-15 20:00:00,6424.0
2012-07-15 21:00:00,6432.0
2012-07-15 22:00:00,6187.0
2012-07-15 23:00:00,5196.0
2012-07-16 00:00:00,4069.0
2012-07-16 01:00:00,3914.0
2012-07-16 02:00:00,3698.0
2012-07-16 03:00:00,2706.0
2012-07-16 04:00:00,2647.0
2012-07-16 05:00:00,2720.0
2012-07-16 06:00:00,2646.0
2012-07-16 07:00:00,4046.0
2012-07-16 08:00:00,4675.0
2012-07-16 09:00:00,6053.0
2012-07-16 10:00:00,7084.0
2012-07-16 11:00:00,8039.0
2012-07-16 12:00:00,8809.0
2012-07-16 13:00:00,8876.0
2012-07-16 14:00:00,9224.0
2012-07-16 15:00:00,8980.0
2012-07-16 16:00:00,9349.0
2012-07-16 17:00:00,9468.0
2012-07-16 18:00:00,9595.0
2012-07-16 19:00:00,9253.0
2012-07-16 20:00:00,7581.0
2012-07-16 21:00:00,7114.0
2012-07-16 22:00:00,7083.0
2012-07-16 23:00:00,5817.0
2012-07-17 00:00:00,3884.0
2012-07-17 01:00:00,3572.0
2012-07-17 02:00:00,3395.0
2012-07-17 03:00:00,2913.0
2012-07-17 04:00:00,2728.0
2012-07-17 05:00:00,2824.0
2012-07-17 06:00:00,2721.0
2012-07-17 07:00:00,4181.0
2012-07-17 08:00:00,5009.0
2012-07-17 09:00:00,6527.0
2012-07-17 10:00:00,7520.0
2012-07-17 11:00:00,8291.0
2012-07-17 12:00:00,8594.0
2012-07-17 13:00:00,9476.0
2012-07-17 14:00:00,9513.0
2012-07-17 15:00:00,9469.0
2012-07-17 16:00:00,9802.0
2012-07-17 17:00:00,9646.0
2012-07-17 18:00:00,9920.0
2012-07-17 19:00:00,9957.0
2012-07-17 20:00:00,8032.0
2012-07-17 21:00:00,7380.0
2012-07-17 22:00:00,7336.0
2012-07-17 23:00:00,6002.0
2012-07-18 00:00:00,3890.0
2012-07-18 01:00:00,3453.0
2012-07-18 02:00:00,3187.0
2012-07-18 03:00:00,2750.0
2012-07-18 04:00:00,2736.0
2012-07-18 05:00:00,2853.0
2012-07-18 06:00:00,2698.0
2012-07-18 07:00:00,4210.0
2012-07-18 08:00:00,5172.0
2012-07-18 09:00:00,6720.0
2012-07-18 10:00:00,7261.0
2012-07-18 11:00:00,7498.0
2012-07-18 12:00:00,7853.0
2012-07-18 13:00:00,8187.0
2012-07-18 14:00:00,8209.0
2012-07-18 15:00:00,8402.0
2012-07-18 16:00:00,9209.0
2012-07-18 17:00:00,9787.0
2012-07-18 18:00:00,9113.0
2012-07-18 19:00:00,9053.0
2012-07-18 20:00:00,7409.0
2012-07-18 21:00:00,6668.0
2012-07-18 22:00:00,6506.0
2012-07-18 23:00:00,5254.0
2012-07-19 00:00:00,3165.0
2012-07-19 01:00:00,3016.0
2012-07-19 02:00:00,2898.0
2012-07-19 03:00:00,2632.0
2012-07-19 04:00:00,2617.0
2012-07-19 05:00:00,2684.0
2012-07-19 06:00:00,2631.0
2012-07-19 07:00:00,4061.0
2012-07-19 08:00:00,4929.0
2012-07-19 09:00:00,6120.0
2012-07-19 10:00:00,6928.0
2012-07-19 11:00:00,7417.0
2012-07-19 12:00:00,8173.0
2012-07-19 13:00:00,8884.0
2012-07-19 14:00:00,8913.0
2012-07-19 15:00:00,8432.0
2012-07-19 16:00:00,8239.0
2012-07-19 17:00:00,8877.0
2012-07-19 18:00:00,8587.0
2012-07-19 19:00:00,8358.0
2012-07-19 20:00:00,6735.0
2012-07-19 21:00:00,6416.0
2012-07-19 22:00:00,6349.0
2012-07-19 23:00:00,5439.0
2012-07-20 00:00:00,3255.0
2012-07-20 01:00:00,3208.0
2012-07-20 02:00:00,2957.0
2012-07-20 03:00:00,2535.0
2012-07-20 04:00:00,2475.0
2012-07-20 05:00:00,2543.0
2012-07-20 06:00:00,2507.0
2012-07-20 07:00:00,3943.0
2012-07-20 08:00:00,4729.0
2012-07-20 09:00:00,5521.0
2012-07-20 10:00:00,6757.0
2012-07-20 11:00:00,6951.0
2012-07-20 12:00:00,7447.0
2012-07-20 13:00:00,7743.0
2012-07-20 14:00:00,8135.0
2012-07-20 15:00:00,8053.0
2012-07-20 16:00:00,8276.0
2012-07-20 17:00:00,8542.0
2012-07-20 18:00:00,7957.0
2012-07-20 19:00:00,8023.0
2012-07-20 20:00:00,6750.0
2012-07-20 21:00:00,6520.0
2012-07-20 22:00:00,6268.0
2012-07-20 23:00:00,5151.0
2012-07-21 00:00:00,3187.0
2012-07-21 01:00:00,3143.0
2012-07-21 02:00:00,3060.0
2012-07-21 03:00:00,2542.0
2012-07-21 04:00:00,2513.0
2012-07-21 05:00:00,2558.0
2012-07-21 06:00:00,2432.0
2012-07-21 07:00:00,3943.0
2012-07-21 08:00:00,4698.0
2012-07-21 09:00:00,6454.0
2012-07-21 10:00:00,6980.0
2012-07-21 11:00:00,7431.0
2012-07-21 12:00:00,8129.0
2012-07-21 13:00:00,8469.0
2012-07-21 14:00:00,8654.0
2012-07-21 15:00:00,8675.0
2012-07-21 16:00:00,8728.0
2012-07-21 17:00:00,8505.0
2012-07-21 18:00:00,8535.0
2012-07-21 19:00:00,7690.0
2012-07-21 20:00:00,6936.0
2012-07-21 21:00:00,6484.0
2012-07-21 22:00:00,6417.0
2012-07-21 23:00:00,4883.0
2012-07-22 00:00:00,3068.0
2012-07-22 01:00:00,2988.0
2012-07-22 02:00:00,2862.0
2012-07-22 03:00:00,2595.0
2012-07-22 04:00:00,2580.0
2012-07-22 05:00:00,2572.0
2012-07-22 06:00:00,2469.0
2012-07-22 07:00:00,4113.0
2012-07-22 08:00:00,4803.0
2012-07-22 09:00:00,6802.0
2012-07-22 10:00:00,7121.0
2012-07-22 11:00:00,7617.0
2012-07-22 12:00:00,8299.0
2012-07-22 13:00:00,8454.0
2012-07-22 14:00:00,8699.0
2012-07-22 15:00:00,8720.0
2012-07-22 16:00:00,8690.0
2012-07-22 17:00:00,8284.0
2012-07-22 18:00:00,8165.0
2012-07-22 19:00:00,7809.0
2012-07-22 20:00:00,6699.0
2012-07-22 21:00:00,6432.0
2012-07-22 22:00:00,6208.0
2012-07-22 23:00:00,4898.0
2012-07-23 00:00:00,3246.0
2012-07-23 01:00:00,3017.0
2012-07-23 02:00:00,2876.0
2012-07-23 03:00:00,2787.0
2012-07-23 04:00:00,2728.0
2012-07-23 05:00:00,2468.0
2012-07-23 06:00:00,2490.0
2012-07-23 07:00:00,4099.0
2012-07-23 08:00:00,4580.0
2012-07-23 09:00:00,5892.0
2012-07-23 10:00:00,6655.0
2012-07-23 11:00:00,6906.0
2012-07-23 12:00:00,7410.0
2012-07-23 13:00:00,7884.0
2012-07-23 14:00:00,7690.0
2012-07-23 15:00:00,7847.0
2012-07-23 16:00:00,8314.0
2012-07-23 17:00:00,8269.0
2012-07-23 18:00:00,8720.0
2012-07-23 19:00:00,8039.0
2012-07-23 20:00:00,6832.0
2012-07-23 21:00:00,6379.0
2012-07-23 22:00:00,6283.0
2012-07-23 23:00:00,4609.0
2012-07-24 00:00:00,2017.0
2012-07-24 01:00:00,2972.0
2012-07-24 02:00:00,3150.0
2012-07-24 03:00:00,2668.0
2012-07-24 04:00:00,2572.0
2012-07-24 05:00:00,2617.0
2012-07-24 06:00:00,2535.0
2012-07-24 07:00:00,4143.0
2012-07-24 08:00:00,4736.0
2012-07-24 09:00:00,6328.0
2012-07-24 10:00:00,6698.0
2012-07-24 11:00:00,7024.0
2012-07-24 12:00:00,7905.0
2012-07-24 13:00:00,8039.0
2012-07-24 14:00:00,8313.0
2012-07-24 15:00:00,8284.0
2012-07-24 16:00:00,8742.0
2012-07-24 17:00:00,8750.0
2012-07-24 18:00:00,8683.0
2012-07-24 19:00:00,8350.0
2012-07-24 20:00:00,7016.0
2012-07-24 21:00:00,6669.0
2012-07-24 22:00:00,6482.0
2012-07-24 23:00:00,5091.0
2012-07-25 00:00:00,3047.0
2012-07-25 01:00:00,2980.0
2012-07-25 02:00:00,2920.0
2012-07-25 03:00:00,2618.0
2012-07-25 04:00:00,2587.0
2012-07-25 05:00:00,2602.0
2012-07-25 06:00:00,2528.0
2012-07-25 07:00:00,4075.0
2012-07-25 08:00:00,4853.0
2012-07-25 09:00:00,6077.0
2012-07-25 10:00:00,6683.0
2012-07-25 11:00:00,7097.0
2012-07-25 12:00:00,7609.0
2012-07-25 13:00:00,7764.0
2012-07-25 14:00:00,8121.0
2012-07-25 15:00:00,7965.0
2012-07-25 16:00:00,8232.0
2012-07-25 17:00:00,8424.0
2012-07-25 18:00:00,8520.0
2012-07-25 19:00:00,8105.0
2012-07-25 20:00:00,6861.0
2012-07-25 21:00:00,6683.0
2012-07-25 22:00:00,6454.0
2012-07-25 23:00:00,5209.0
2012-07-26 00:00:00,3187.0
2012-07-26 01:00:00,3032.0
2012-07-26 02:00:00,2928.0
2012-07-26 03:00:00,2640.0
2012-07-26 04:00:00,2623.0
2012-07-26 05:00:00,2640.0
2012-07-26 06:00:00,2572.0
2012-07-26 07:00:00,4158.0
2012-07-26 08:00:00,4810.0
2012-07-26 09:00:00,6069.0
2012-07-26 10:00:00,6824.0
2012-07-26 11:00:00,6980.0
2012-07-26 12:00:00,7454.0
2012-07-26 13:00:00,7920.0
2012-07-26 14:00:00,7935.0
2012-07-26 15:00:00,7876.0
2012-07-26 16:00:00,8046.0
2012-07-26 17:00:00,8402.0
2012-07-26 18:00:00,8335.0
2012-07-26 19:00:00,8053.0
2012-07-26 20:00:00,6750.0
2012-07-26 21:00:00,6062.0
2012-07-26 22:00:00,6306.0
2012-07-26 23:00:00,4951.0
2012-07-27 00:00:00,3061.0
2012-07-27 01:00:00,3076.0
2012-07-27 02:00:00,2854.0
2012-07-27 03:00:00,2580.0
2012-07-27 04:00:00,2572.0
2012-07-27 05:00:00,2603.0
2012-07-27 06:00:00,2551.0
2012-07-27 07:00:00,4031.0
2012-07-27 08:00:00,4854.0
2012-07-27 09:00:00,6180.0
2012-07-27 10:00:00,6668.0
2012-07-27 11:00:00,7142.0
2012-07-27 12:00:00,7559.0
2012-07-27 13:00:00,7743.0
2012-07-27 14:00:00,7713.0
2012-07-27 15:00:00,7736.0
2012-07-27 16:00:00,7757.0
2012-07-27 17:00:00,8416.0
2012-07-27 18:00:00,8291.0
2012-07-27 19:00:00,8135.0
2012-07-27 20:00:00,6528.0
2012-07-27 21:00:00,6209.0
2012-07-27 22:00:00,6469.0
2012-07-27 23:00:00,5128.0
2012-07-28 00:00:00,3054.0
2012-07-28 01:00:00,3076.0
2012-07-28 02:00:00,2972.0
2012-07-28 03:00:00,2705.0
2012-07-28 04:00:00,2587.0
2012-07-28 05:00:00,2654.0
2012-07-28 06:00:00,2520.0
2012-07-28 07:00:00,4121.0
2012-07-28 08:00:00,4934.0
2012-07-28 09:00:00,6321.0
2012-07-28 10:00:00,6757.0
2012-07-28 11:00:00,6824.0
2012-07-28 12:00:00,6654.0
2012-07-28 13:00:00,7469.0
2012-07-28 14:00:00,7275.0
2012-07-28 15:00:00,7416.0
2012-07-28 16:00:00,8024.0
2012-07-28 17:00:00,8565.0
2012-07-28 18:00:00,8594.0
2012-07-28 19:00:00,8468.0
2012-07-28 20:00:00,7196.0
2012-07-28 21:00:00,6484.0
2012-07-28 22:00:00,6395.0
2012-07-28 23:00:00,5017.0
2012-07-29 00:00:00,3045.0
2012-07-29 01:00:00,2870.0
2012-07-29 02:00:00,2765.0
2012-07-29 03:00:00,2491.0
2012-07-29 04:00:00,2431.0
2012-07-29 05:00:00,2461.0
2012-07-29 06:00:00,2379.0
2012-07-29 07:00:00,3853.0
2012-07-29 08:00:00,4425.0
2012-07-29 09:00:00,6306.0
2012-07-29 10:00:00,6699.0
2012-07-29 11:00:00,7202.0
2012-07-29 12:00:00,7528.0
2012-07-29 13:00:00,7935.0
2012-07-29 14:00:00,7853.0
2012-07-29 15:00:00,8203.0
2012-07-29 16:00:00,8343.0
2012-07-29 17:00:00,8394.0
2012-07-29 18:00:00,8402.0
2012-07-29 19:00:00,8106.0
2012-07-29 20:00:00,6810.0
2012-07-29 21:00:00,6216.0
2012-07-29 22:00:00,6283.0
2012-07-29 23:00:00,5055.0
2012-07-30 00:00:00,3395.0
2012-07-30 01:00:00,3216.0
2012-07-30 02:00:00,2824.0
2012-07-30 03:00:00,2549.0
2012-07-30 04:00:00,2527.0
2012-07-30 05:00:00,2521.0
2012-07-30 06:00:00,2417.0
2012-07-30 07:00:00,4164.0
2012-07-30 08:00:00,4690.0
2012-07-30 09:00:00,6224.0
2012-07-30 10:00:00,6276.0
2012-07-30 11:00:00,6927.0
2012-07-30 12:00:00,7661.0
2012-07-30 13:00:00,7913.0
2012-07-30 14:00:00,7928.0
2012-07-30 15:00:00,8424.0
2012-07-30 16:00:00,8349.0
2012-07-30 17:00:00,8720.0
2012-07-30 18:00:00,8972.0
2012-07-30 19:00:00,8321.0
2012-07-30 20:00:00,7091.0
2012-07-30 21:00:00,6306.0
2012-07-30 22:00:00,6276.0
2012-07-30 23:00:00,5210.0
2012-07-31 00:00:00,3380.0
2012-07-31 01:00:00,3299.0
2012-07-31 02:00:00,2943.0
2012-07-31 03:00:00,2685.0
2012-07-31 04:00:00,2587.0
2012-07-31 05:00:00,2640.0
2012-07-31 06:00:00,2535.0
2012-07-31 07:00:00,4187.0
2012-07-31 08:00:00,4624.0
2012-07-31 09:00:00,6180.0
2012-07-31 10:00:00,6535.0
2012-07-31 11:00:00,7010.0
2012-07-31 12:00:00,7690.0
2012-07-31 13:00:00,7742.0
2012-07-31 14:00:00,7705.0
2012-07-31 15:00:00,8128.0
2012-07-31 16:00:00,8601.0
2012-07-31 17:00:00,8410.0
2012-07-31 18:00:00,8639.0
2012-07-31 19:00:00,8149.0
2012-07-31 20:00:00,6669.0
2012-07-31 21:00:00,6179.0
2012-07-31 22:00:00,6195.0
2012-07-31 23:00:00,4994.0
2012-08-01 00:00:00,3328.0
2012-08-01 01:00:00,3121.0
2012-08-01 02:00:00,2824.0
2012-08-01 03:00:00,2491.0
2012-08-01 04:00:00,2454.0
2012-08-01 05:00:00,2505.0
2012-08-01 06:00:00,2432.0
2012-08-01 07:00:00,4009.0
2012-08-01 08:00:00,4668.0
2012-08-01 09:00:00,5913.0
2012-08-01 10:00:00,6617.0
2012-08-01 11:00:00,6647.0
2012-08-01 12:00:00,7372.0
2012-08-01 13:00:00,7579.0
2012-08-01 14:00:00,8039.0
2012-08-01 15:00:00,7550.0
2012-08-01 16:00:00,7646.0
2012-08-01 17:00:00,7691.0
2012-08-01 18:00:00,8128.0
2012-08-01 19:00:00,8165.0
2012-08-01 20:00:00,6520.0
2012-08-01 21:00:00,6113.0
2012-08-01 22:00:00,6240.0
2012-08-01 23:00:00,5216.0
2012-08-02 00:00:00,3483.0
2012-08-02 01:00:00,3186.0
2012-08-02 02:00:00,2943.0
2012-08-02 03:00:00,2735.0
2012-08-02 04:00:00,2632.0
2012-08-02 05:00:00,2601.0
2012-08-02 06:00:00,2514.0
2012-08-02 07:00:00,4173.0
2012-08-02 08:00:00,4684.0
2012-08-02 09:00:00,6172.0
2012-08-02 10:00:00,6491.0
2012-08-02 11:00:00,6624.0
2012-08-02 12:00:00,7209.0
2012-08-02 13:00:00,7536.0
2012-08-02 14:00:00,7735.0
2012-08-02 15:00:00,7765.0
2012-08-02 16:00:00,7684.0
2012-08-02 17:00:00,7905.0
2012-08-02 18:00:00,7868.0
2012-08-02 19:00:00,7707.0
2012-08-02 20:00:00,6343.0
2012-08-02 21:00:00,5987.0
2012-08-02 22:00:00,6098.0
2012-08-02 23:00:00,4801.0
2012-08-03 00:00:00,3031.0
2012-08-03 01:00:00,2899.0
2012-08-03 02:00:00,2780.0
2012-08-03 03:00:00,2617.0
2012-08-03 04:00:00,2432.0
2012-08-03 05:00:00,2536.0
2012-08-03 06:00:00,2461.0
2012-08-03 07:00:00,3995.0
2012-08-03 08:00:00,4802.0
2012-08-03 09:00:00,6105.0
2012-08-03 10:00:00,6506.0
2012-08-03 11:00:00,6898.0
2012-08-03 12:00:00,7498.0
2012-08-03 13:00:00,7706.0
2012-08-03 14:00:00,7928.0
2012-08-03 15:00:00,8001.0
2012-08-03 16:00:00,8025.0
2012-08-03 17:00:00,7935.0
2012-08-03 18:00:00,7950.0
2012-08-03 19:00:00,7854.0
2012-08-03 20:00:00,6291.0
2012-08-03 21:00:00,6186.0
2012-08-03 22:00:00,6195.0
2012-08-03 23:00:00,5113.0
2012-08-04 00:00:00,3321.0
2012-08-04 01:00:00,3149.0
2012-08-04 02:00:00,2964.0
2012-08-04 03:00:00,2633.0
2012-08-04 04:00:00,2617.0
2012-08-04 05:00:00,2617.0
2012-08-04 06:00:00,2528.0
2012-08-04 07:00:00,4216.0
2012-08-04 08:00:00,4965.0
2012-08-04 09:00:00,6203.0
2012-08-04 10:00:00,7024.0
2012-08-04 11:00:00,7038.0
2012-08-04 12:00:00,7519.0
2012-08-04 13:00:00,7646.0
2012-08-04 14:00:00,7853.0
2012-08-04 15:00:00,7898.0
2012-08-04 16:00:00,7809.0
2012-08-04 17:00:00,7862.0
2012-08-04 18:00:00,7950.0
2012-08-04 19:00:00,7854.0
2012-08-04 20:00:00,6402.0
2012-08-04 21:00:00,6173.0
2012-08-04 22:00:00,6269.0
2012-08-04 23:00:00,5224.0
2012-08-05 00:00:00,3232.0
2012-08-05 01:00:00,3062.0
2012-08-05 02:00:00,2912.0
2012-08-05 03:00:00,2610.0
2012-08-05 04:00:00,2565.0
2012-08-05 05:00:00,2573.0
2012-08-05 06:00:00,2565.0
2012-08-05 07:00:00,3988.0
2012-08-05 08:00:00,4935.0
2012-08-05 09:00:00,6468.0
2012-08-05 10:00:00,6765.0
2012-08-05 11:00:00,6912.0
2012-08-05 12:00:00,7291.0
2012-08-05 13:00:00,7231.0
2012-08-05 14:00:00,7484.0
2012-08-05 15:00:00,7558.0
2012-08-05 16:00:00,7824.0
2012-08-05 17:00:00,7758.0
2012-08-05 18:00:00,7557.0
2012-08-05 19:00:00,7587.0
2012-08-05 20:00:00,6195.0
2012-08-05 21:00:00,5810.0
2012-08-05 22:00:00,5905.0
2012-08-05 23:00:00,4677.0
2012-08-06 00:00:00,2950.0
2012-08-06 01:00:00,2779.0
2012-08-06 02:00:00,2668.0
2012-08-06 03:00:00,2647.0
2012-08-06 04:00:00,2423.0
2012-08-06 05:00:00,2446.0
2012-08-06 06:00:00,2372.0
2012-08-06 07:00:00,4025.0
2012-08-06 08:00:00,4647.0
2012-08-06 09:00:00,6017.0
2012-08-06 10:00:00,6409.0
2012-08-06 11:00:00,6750.0
2012-08-06 12:00:00,7306.0
2012-08-06 13:00:00,7187.0
2012-08-06 14:00:00,7498.0
2012-08-06 15:00:00,7365.0
2012-08-06 16:00:00,7647.0
2012-08-06 17:00:00,7639.0
2012-08-06 18:00:00,7691.0
2012-08-06 19:00:00,7742.0
2012-08-06 20:00:00,6336.0
2012-08-06 21:00:00,6069.0
2012-08-06 22:00:00,5971.0
2012-08-06 23:00:00,4861.0
2012-08-07 00:00:00,3217.0
2012-08-07 01:00:00,3113.0
2012-08-07 02:00:00,2810.0
2012-08-07 03:00:00,2461.0
2012-08-07 04:00:00,2446.0
2012-08-07 05:00:00,2430.0
2012-08-07 06:00:00,2372.0
2012-08-07 07:00:00,3935.0
2012-08-07 08:00:00,4425.0
2012-08-07 09:00:00,5972.0
2012-08-07 10:00:00,6765.0
2012-08-07 11:00:00,6876.0
2012-08-07 12:00:00,7380.0
2012-08-07 13:00:00,7846.0
2012-08-07 14:00:00,7884.0
2012-08-07 15:00:00,7988.0
2012-08-07 16:00:00,8254.0
2012-08-07 17:00:00,8394.0
2012-08-07 18:00:00,8017.0
2012-08-07 19:00:00,8136.0
2012-08-07 20:00:00,6572.0
2012-08-07 21:00:00,6106.0
2012-08-07 22:00:00,6306.0
2012-08-07 23:00:00,5084.0
2012-08-08 00:00:00,3349.0
2012-08-08 01:00:00,3239.0
2012-08-08 02:00:00,3031.0
2012-08-08 03:00:00,2542.0
2012-08-08 04:00:00,2550.0
2012-08-08 05:00:00,2565.0
2012-08-08 06:00:00,2506.0
2012-08-08 07:00:00,3920.0
2012-08-08 08:00:00,4528.0
2012-08-08 09:00:00,6276.0
2012-08-08 10:00:00,6202.0
2012-08-08 11:00:00,6787.0
2012-08-08 12:00:00,7483.0
2012-08-08 13:00:00,7824.0
2012-08-08 14:00:00,7720.0
2012-08-08 15:00:00,8017.0
2012-08-08 16:00:00,8431.0
2012-08-08 17:00:00,8446.0
2012-08-08 18:00:00,8203.0
2012-08-08 19:00:00,8527.0
2012-08-08 20:00:00,6816.0
2012-08-08 21:00:00,6290.0
2012-08-08 22:00:00,6432.0
2012-08-08 23:00:00,5106.0
2012-08-09 00:00:00,3395.0
2012-08-09 01:00:00,3321.0
2012-08-09 02:00:00,2869.0
2012-08-09 03:00:00,2610.0
2012-08-09 04:00:00,2594.0
2012-08-09 05:00:00,2581.0
2012-08-09 06:00:00,2491.0
2012-08-09 07:00:00,4047.0
2012-08-09 08:00:00,4602.0
2012-08-09 09:00:00,6445.0
2012-08-09 10:00:00,6676.0
2012-08-09 11:00:00,7187.0
2012-08-09 12:00:00,7913.0
2012-08-09 13:00:00,8038.0
2012-08-09 14:00:00,8343.0
2012-08-09 15:00:00,8240.0
2012-08-09 16:00:00,8180.0
2012-08-09 17:00:00,8734.0
2012-08-09 18:00:00,8542.0
2012-08-09 19:00:00,8505.0
2012-08-09 20:00:00,6816.0
2012-08-09 21:00:00,6365.0
2012-08-09 22:00:00,6469.0
2012-08-09 23:00:00,5358.0
2012-08-10 00:00:00,3617.0
2012-08-10 01:00:00,3446.0
2012-08-10 02:00:00,3090.0
2012-08-10 03:00:00,2742.0
2012-08-10 04:00:00,2676.0
2012-08-10 05:00:00,2714.0
2012-08-10 06:00:00,2632.0
2012-08-10 07:00:00,4180.0
2012-08-10 08:00:00,4914.0
2012-08-10 09:00:00,6987.0
2012-08-10 10:00:00,7343.0
2012-08-10 11:00:00,7195.0
2012-08-10 12:00:00,7675.0
2012-08-10 13:00:00,7899.0
2012-08-10 14:00:00,7987.0
2012-08-10 15:00:00,8186.0
2012-08-10 16:00:00,8336.0
2012-08-10 17:00:00,8831.0
2012-08-10 18:00:00,8684.0
2012-08-10 19:00:00,8432.0
2012-08-10 20:00:00,6639.0
2012-08-10 21:00:00,6409.0
2012-08-10 22:00:00,6409.0
2012-08-10 23:00:00,5069.0
2012-08-11 00:00:00,3134.0
2012-08-11 01:00:00,2987.0
2012-08-11 02:00:00,2884.0
2012-08-11 03:00:00,2632.0
2012-08-11 04:00:00,2603.0
2012-08-11 05:00:00,2609.0
2012-08-11 06:00:00,2513.0
2012-08-11 07:00:00,3958.0
2012-08-11 08:00:00,4758.0
2012-08-11 09:00:00,6779.0
2012-08-11 10:00:00,7084.0
2012-08-11 11:00:00,7276.0
2012-08-11 12:00:00,7765.0
2012-08-11 13:00:00,8321.0
2012-08-11 14:00:00,8231.0
2012-08-11 15:00:00,8491.0
2012-08-11 16:00:00,8321.0
2012-08-11 17:00:00,8172.0
2012-08-11 18:00:00,7986.0
2012-08-11 19:00:00,7838.0
2012-08-11 20:00:00,6631.0
2012-08-11 21:00:00,6513.0
2012-08-11 22:00:00,6417.0
2012-08-11 23:00:00,5268.0
2012-08-12 00:00:00,3816.0
2012-08-12 01:00:00,3001.0
2012-08-12 02:00:00,2891.0
2012-08-12 03:00:00,2655.0
2012-08-12 04:00:00,2632.0
2012-08-12 05:00:00,2603.0
2012-08-12 06:00:00,2550.0
2012-08-12 07:00:00,3943.0
2012-08-12 08:00:00,4914.0
2012-08-12 09:00:00,6765.0
2012-08-12 10:00:00,6698.0
2012-08-12 11:00:00,6795.0
2012-08-12 12:00:00,7565.0
2012-08-12 13:00:00,7699.0
2012-08-12 14:00:00,7839.0
2012-08-12 15:00:00,7965.0
2012-08-12 16:00:00,7684.0
2012-08-12 17:00:00,7639.0
2012-08-12 18:00:00,7765.0
2012-08-12 19:00:00,7721.0
2012-08-12 20:00:00,6475.0
2012-08-12 21:00:00,6261.0
2012-08-12 22:00:00,6090.0
2012-08-12 23:00:00,4950.0
2012-08-13 00:00:00,3239.0
2012-08-13 01:00:00,2993.0
2012-08-13 02:00:00,2862.0
2012-08-13 03:00:00,2602.0
2012-08-13 04:00:00,2542.0
2012-08-13 05:00:00,2520.0
2012-08-13 06:00:00,2476.0
2012-08-13 07:00:00,4142.0
2012-08-13 08:00:00,4683.0
2012-08-13 09:00:00,6594.0
2012-08-13 10:00:00,6661.0
2012-08-13 11:00:00,6684.0
2012-08-13 12:00:00,7351.0
2012-08-13 13:00:00,7713.0
2012-08-13 14:00:00,7558.0
2012-08-13 15:00:00,7720.0
2012-08-13 16:00:00,7897.0
2012-08-13 17:00:00,7802.0
2012-08-13 18:00:00,7803.0
2012-08-13 19:00:00,7497.0
2012-08-13 20:00:00,6254.0
2012-08-13 21:00:00,6246.0
2012-08-13 22:00:00,6217.0
2012-08-13 23:00:00,5209.0
2012-08-14 00:00:00,3403.0
2012-08-14 01:00:00,3284.0
2012-08-14 02:00:00,2943.0
2012-08-14 03:00:00,2713.0
2012-08-14 04:00:00,2669.0
2012-08-14 05:00:00,2646.0
2012-08-14 06:00:00,2610.0
2012-08-14 07:00:00,3994.0
2012-08-14 08:00:00,4987.0
2012-08-14 09:00:00,6417.0
2012-08-14 10:00:00,6736.0
2012-08-14 11:00:00,6727.0
2012-08-14 12:00:00,7505.0
2012-08-14 13:00:00,7536.0
2012-08-14 14:00:00,7432.0
2012-08-14 15:00:00,7439.0
2012-08-14 16:00:00,7254.0
2012-08-14 17:00:00,7416.0
2012-08-14 18:00:00,7527.0
2012-08-14 19:00:00,7106.0
2012-08-14 20:00:00,6239.0
2012-08-14 21:00:00,6410.0
2012-08-14 22:00:00,6357.0
2012-08-14 23:00:00,5246.0
2012-08-15 00:00:00,3440.0
2012-08-15 01:00:00,3343.0
2012-08-15 02:00:00,3076.0
2012-08-15 03:00:00,2661.0
2012-08-15 04:00:00,2632.0
2012-08-15 05:00:00,2684.0
2012-08-15 06:00:00,2602.0
2012-08-15 07:00:00,3986.0
2012-08-15 08:00:00,4862.0
2012-08-15 09:00:00,6180.0
2012-08-15 10:00:00,6498.0
2012-08-15 11:00:00,6714.0
2012-08-15 12:00:00,6823.0
2012-08-15 13:00:00,7025.0
2012-08-15 14:00:00,7253.0
2012-08-15 15:00:00,7261.0
2012-08-15 16:00:00,7136.0
2012-08-15 17:00:00,7031.0
2012-08-15 18:00:00,7670.0
2012-08-15 19:00:00,7357.0
2012-08-15 20:00:00,6535.0
2012-08-15 21:00:00,6305.0
2012-08-15 22:00:00,6165.0
2012-08-15 23:00:00,4868.0
2012-08-16 00:00:00,2994.0
2012-08-16 01:00:00,2810.0
2012-08-16 02:00:00,2751.0
2012-08-16 03:00:00,2498.0
2012-08-16 04:00:00,2468.0
2012-08-16 05:00:00,2521.0
2012-08-16 06:00:00,2387.0
2012-08-16 07:00:00,3987.0
2012-08-16 08:00:00,4735.0
2012-08-16 09:00:00,6320.0
2012-08-16 10:00:00,6498.0
2012-08-16 11:00:00,6847.0
2012-08-16 12:00:00,7120.0
2012-08-16 13:00:00,7120.0
2012-08-16 14:00:00,7305.0
2012-08-16 15:00:00,7327.0
2012-08-16 16:00:00,7557.0
2012-08-16 17:00:00,7572.0
2012-08-16 18:00:00,7543.0
2012-08-16 19:00:00,7698.0
2012-08-16 20:00:00,6528.0
2012-08-16 21:00:00,6469.0
2012-08-16 22:00:00,6209.0
2012-08-16 23:00:00,5076.0
2012-08-17 00:00:00,3210.0
2012-08-17 01:00:00,3083.0
2012-08-17 02:00:00,2950.0
2012-08-17 03:00:00,2661.0
2012-08-17 04:00:00,2647.0
2012-08-17 05:00:00,2655.0
2012-08-17 06:00:00,2520.0
2012-08-17 07:00:00,3943.0
2012-08-17 08:00:00,4839.0
2012-08-17 09:00:00,6685.0
2012-08-17 10:00:00,6742.0
2012-08-17 11:00:00,6698.0
2012-08-17 12:00:00,7254.0
2012-08-17 13:00:00,7417.0
2012-08-17 14:00:00,7535.0
2012-08-17 15:00:00,7876.0
2012-08-17 16:00:00,7773.0
2012-08-17 17:00:00,7676.0
2012-08-17 18:00:00,7964.0
2012-08-17 19:00:00,7595.0
2012-08-17 20:00:00,6483.0
2012-08-17 21:00:00,6587.0
2012-08-17 22:00:00,6262.0
2012-08-17 23:00:00,5201.0
2012-08-18 00:00:00,3527.0
2012-08-18 01:00:00,3091.0
2012-08-18 02:00:00,3009.0
2012-08-18 03:00:00,2802.0
2012-08-18 04:00:00,2750.0
2012-08-18 05:00:00,2721.0
2012-08-18 06:00:00,2588.0
2012-08-18 07:00:00,4114.0
2012-08-18 08:00:00,4906.0
2012-08-18 09:00:00,6527.0
2012-08-18 10:00:00,6876.0
2012-08-18 11:00:00,7061.0
2012-08-18 12:00:00,7401.0
2012-08-18 13:00:00,7609.0
2012-08-18 14:00:00,7588.0
2012-08-18 15:00:00,7832.0
2012-08-18 16:00:00,7995.0
2012-08-18 17:00:00,7609.0
2012-08-18 18:00:00,8010.0
2012-08-18 19:00:00,7795.0
2012-08-18 20:00:00,6609.0
2012-08-18 21:00:00,6557.0
2012-08-18 22:00:00,6217.0
2012-08-18 23:00:00,5180.0
2012-08-19 00:00:00,3551.0
2012-08-19 01:00:00,3172.0
2012-08-19 02:00:00,3084.0
2012-08-19 03:00:00,2869.0
2012-08-19 04:00:00,2750.0
2012-08-19 05:00:00,2662.0
2012-08-19 06:00:00,2602.0
2012-08-19 07:00:00,4091.0
2012-08-19 08:00:00,4973.0
2012-08-19 09:00:00,6476.0
2012-08-19 10:00:00,7091.0
2012-08-19 11:00:00,7349.0
2012-08-19 12:00:00,7838.0
2012-08-19 13:00:00,8150.0
2012-08-19 14:00:00,7890.0
2012-08-19 15:00:00,8305.0
2012-08-19 16:00:00,8209.0
2012-08-19 17:00:00,8276.0
2012-08-19 18:00:00,8290.0
2012-08-19 19:00:00,8336.0
2012-08-19 20:00:00,7135.0
2012-08-19 21:00:00,6898.0
2012-08-19 22:00:00,6439.0
2012-08-19 23:00:00,5299.0
2012-08-20 00:00:00,3639.0
2012-08-20 01:00:00,3432.0
2012-08-20 02:00:00,3083.0
2012-08-20 03:00:00,2765.0
2012-08-20 04:00:00,2728.0
2012-08-20 05:00:00,2728.0
2012-08-20 06:00:00,2580.0
2012-08-20 07:00:00,4439.0
2012-08-20 08:00:00,4787.0
2012-08-20 09:00:00,6809.0
2012-08-20 10:00:00,6942.0
2012-08-20 11:00:00,7069.0
2012-08-20 12:00:00,8039.0
2012-08-20 13:00:00,8470.0
2012-08-20 14:00:00,8001.0
2012-08-20 15:00:00,8032.0
2012-08-20 16:00:00,8491.0
2012-08-20 17:00:00,8543.0
2012-08-20 18:00:00,8787.0
2012-08-20 19:00:00,8736.0
2012-08-20 20:00:00,7054.0
2012-08-20 21:00:00,6935.0
2012-08-20 22:00:00,6670.0
2012-08-20 23:00:00,5602.0
2012-08-21 00:00:00,3654.0
2012-08-21 01:00:00,3439.0
2012-08-21 02:00:00,3151.0
2012-08-21 03:00:00,2876.0
2012-08-21 04:00:00,2809.0
2012-08-21 05:00:00,2846.0
2012-08-21 06:00:00,2720.0
2012-08-21 07:00:00,4261.0
2012-08-21 08:00:00,5476.0
2012-08-21 09:00:00,6758.0
2012-08-21 10:00:00,7002.0
2012-08-21 11:00:00,7565.0
2012-08-21 12:00:00,8224.0
2012-08-21 13:00:00,8595.0
2012-08-21 14:00:00,8749.0
2012-08-21 15:00:00,8765.0
2012-08-21 16:00:00,8825.0
2012-08-21 17:00:00,8839.0
2012-08-21 18:00:00,8965.0
2012-08-21 19:00:00,8625.0
2012-08-21 20:00:00,7144.0
2012-08-21 21:00:00,6728.0
2012-08-21 22:00:00,6469.0
2012-08-21 23:00:00,5084.0
2012-08-22 00:00:00,3120.0
2012-08-22 01:00:00,2964.0
2012-08-22 02:00:00,2950.0
2012-08-22 03:00:00,2684.0
2012-08-22 04:00:00,2625.0
2012-08-22 05:00:00,2661.0
2012-08-22 06:00:00,2490.0
2012-08-22 07:00:00,3335.0
2012-08-22 08:00:00,5142.0
2012-08-22 09:00:00,6766.0
2012-08-22 10:00:00,6661.0
2012-08-22 11:00:00,7135.0
2012-08-22 12:00:00,7335.0
2012-08-22 13:00:00,7728.0
2012-08-22 14:00:00,7891.0
2012-08-22 15:00:00,8320.0
2012-08-22 16:00:00,8135.0
2012-08-22 17:00:00,8128.0
2012-08-22 18:00:00,8120.0
2012-08-22 19:00:00,7958.0
2012-08-22 20:00:00,6906.0
2012-08-22 21:00:00,6461.0
2012-08-22 22:00:00,6297.0
2012-08-22 23:00:00,4921.0
2012-08-23 00:00:00,3150.0
2012-08-23 01:00:00,3009.0
2012-08-23 02:00:00,2950.0
2012-08-23 03:00:00,2743.0
2012-08-23 04:00:00,2653.0
2012-08-23 05:00:00,2602.0
2012-08-23 06:00:00,2491.0
2012-08-23 07:00:00,4210.0
2012-08-23 08:00:00,4936.0
2012-08-23 09:00:00,6387.0
2012-08-23 10:00:00,6691.0
2012-08-23 11:00:00,6987.0
2012-08-23 12:00:00,7469.0
2012-08-23 13:00:00,7891.0
2012-08-23 14:00:00,7980.0
2012-08-23 15:00:00,7920.0
2012-08-23 16:00:00,7868.0
2012-08-23 17:00:00,7765.0
2012-08-23 18:00:00,7994.0
2012-08-23 19:00:00,7824.0
2012-08-23 20:00:00,6661.0
2012-08-23 21:00:00,6357.0
2012-08-23 22:00:00,6291.0
2012-08-23 23:00:00,5106.0
2012-08-24 00:00:00,3291.0
2012-08-24 01:00:00,2979.0
2012-08-24 02:00:00,2942.0
2012-08-24 03:00:00,2632.0
2012-08-24 04:00:00,2594.0
2012-08-24 05:00:00,2653.0
2012-08-24 06:00:00,2566.0
2012-08-24 07:00:00,4114.0
2012-08-24 08:00:00,4638.0
2012-08-24 09:00:00,6513.0
2012-08-24 10:00:00,6735.0
2012-08-24 11:00:00,6905.0
2012-08-24 12:00:00,7335.0
2012-08-24 13:00:00,7557.0
2012-08-24 14:00:00,7691.0
2012-08-24 15:00:00,7713.0
2012-08-24 16:00:00,7950.0
2012-08-24 17:00:00,7942.0
2012-08-24 18:00:00,7869.0
2012-08-24 19:00:00,7624.0
2012-08-24 20:00:00,6744.0
2012-08-24 21:00:00,6639.0
2012-08-24 22:00:00,6328.0
2012-08-24 23:00:00,5040.0
2012-08-25 00:00:00,3276.0
2012-08-25 01:00:00,3053.0
2012-08-25 02:00:00,2995.0
2012-08-25 03:00:00,2677.0
2012-08-25 04:00:00,2735.0
2012-08-25 05:00:00,2713.0
2012-08-25 06:00:00,2668.0
2012-08-25 07:00:00,4180.0
2012-08-25 08:00:00,5025.0
2012-08-25 09:00:00,6809.0
2012-08-25 10:00:00,6899.0
2012-08-25 11:00:00,7030.0
2012-08-25 12:00:00,7580.0
2012-08-25 13:00:00,8016.0
2012-08-25 14:00:00,7898.0
2012-08-25 15:00:00,8231.0
2012-08-25 16:00:00,7965.0
2012-08-25 17:00:00,7949.0
2012-08-25 18:00:00,7846.0
2012-08-25 19:00:00,7713.0
2012-08-25 20:00:00,6542.0
2012-08-25 21:00:00,6336.0
2012-08-25 22:00:00,6142.0
2012-08-25 23:00:00,4913.0
2012-08-26 00:00:00,3277.0
2012-08-26 01:00:00,3179.0
2012-08-26 02:00:00,2936.0
2012-08-26 03:00:00,2572.0
2012-08-26 04:00:00,2476.0
2012-08-26 05:00:00,2453.0
2012-08-26 06:00:00,2365.0
2012-08-26 07:00:00,3965.0
2012-08-26 08:00:00,4587.0
2012-08-26 09:00:00,6232.0
2012-08-26 10:00:00,6683.0
2012-08-26 11:00:00,6758.0
2012-08-26 12:00:00,7319.0
2012-08-26 13:00:00,7439.0
2012-08-26 14:00:00,7676.0
2012-08-26 15:00:00,7773.0
2012-08-26 16:00:00,8054.0
2012-08-26 17:00:00,7662.0
2012-08-26 18:00:00,7705.0
2012-08-26 19:00:00,7512.0
2012-08-26 20:00:00,6290.0
2012-08-26 21:00:00,6261.0
2012-08-26 22:00:00,6105.0
2012-08-26 23:00:00,4869.0
2012-08-27 00:00:00,3269.0
2012-08-27 01:00:00,3194.0
2012-08-27 02:00:00,2862.0
2012-08-27 03:00:00,2572.0
2012-08-27 04:00:00,2558.0
2012-08-27 05:00:00,2550.0
2012-08-27 06:00:00,2498.0
2012-08-27 07:00:00,4276.0
2012-08-27 08:00:00,4810.0
2012-08-27 09:00:00,5617.0
2012-08-27 10:00:00,5809.0
2012-08-27 11:00:00,6365.0
2012-08-27 12:00:00,6698.0
2012-08-27 13:00:00,6890.0
2012-08-27 14:00:00,6573.0
2012-08-27 15:00:00,7535.0
2012-08-27 16:00:00,7225.0
2012-08-27 17:00:00,7646.0
2012-08-27 18:00:00,7654.0
2012-08-27 19:00:00,7469.0
2012-08-27 20:00:00,6542.0
2012-08-27 21:00:00,6484.0
2012-08-27 22:00:00,6179.0
2012-08-27 23:00:00,5187.0
2012-08-28 00:00:00,3149.0
2012-08-28 01:00:00,2928.0
2012-08-28 02:00:00,2832.0
2012-08-28 03:00:00,2662.0
2012-08-28 04:00:00,2572.0
2012-08-28 05:00:00,2624.0
2012-08-28 06:00:00,2506.0
2012-08-28 07:00:00,4164.0
2012-08-28 08:00:00,4692.0
2012-08-28 09:00:00,6616.0
2012-08-28 10:00:00,6639.0
2012-08-28 11:00:00,6602.0
2012-08-28 12:00:00,7321.0
2012-08-28 13:00:00,7706.0
2012-08-28 14:00:00,7565.0
2012-08-28 15:00:00,7581.0
2012-08-28 16:00:00,7638.0
2012-08-28 17:00:00,7654.0
2012-08-28 18:00:00,8010.0
2012-08-28 19:00:00,7935.0
2012-08-28 20:00:00,6609.0
2012-08-28 21:00:00,6446.0
2012-08-28 22:00:00,6290.0
2012-08-28 23:00:00,5054.0
2012-08-29 00:00:00,3105.0
2012-08-29 01:00:00,2971.0
2012-08-29 02:00:00,2846.0
2012-08-29 03:00:00,2603.0
2012-08-29 04:00:00,2498.0
2012-08-29 05:00:00,2558.0
2012-08-29 06:00:00,2513.0
2012-08-29 07:00:00,4032.0
2012-08-29 08:00:00,4624.0
2012-08-29 09:00:00,6447.0
2012-08-29 10:00:00,6357.0
2012-08-29 11:00:00,6847.0
2012-08-29 12:00:00,6588.0
2012-08-29 13:00:00,6676.0
2012-08-29 14:00:00,6662.0
2012-08-29 15:00:00,6720.0
2012-08-29 16:00:00,6795.0
2012-08-29 17:00:00,6928.0
2012-08-29 18:00:00,6993.0
2012-08-29 19:00:00,6661.0
2012-08-29 20:00:00,6084.0
2012-08-29 21:00:00,6209.0
2012-08-29 22:00:00,6077.0
2012-08-29 23:00:00,5016.0
2012-08-30 00:00:00,3016.0
2012-08-30 01:00:00,3017.0
2012-08-30 02:00:00,2817.0
2012-08-30 03:00:00,2602.0
2012-08-30 04:00:00,2566.0
2012-08-30 05:00:00,2580.0
2012-08-30 06:00:00,2454.0
2012-08-30 07:00:00,4003.0
2012-08-30 08:00:00,4795.0
2012-08-30 09:00:00,5980.0
2012-08-30 10:00:00,6225.0
2012-08-30 11:00:00,6751.0
2012-08-30 12:00:00,6809.0
2012-08-30 13:00:00,6802.0
2012-08-30 14:00:00,6787.0
2012-08-30 15:00:00,6654.0
2012-08-30 16:00:00,6632.0
2012-08-30 17:00:00,6402.0
2012-08-30 18:00:00,6364.0
2012-08-30 19:00:00,6254.0
2012-08-30 20:00:00,5824.0
2012-08-30 21:00:00,6203.0
2012-08-30 22:00:00,6010.0
2012-08-30 23:00:00,4847.0
2012-08-31 00:00:00,3209.0
2012-08-31 01:00:00,3142.0
2012-08-31 02:00:00,2957.0
2012-08-31 03:00:00,2512.0
2012-08-31 04:00:00,2402.0
2012-08-31 05:00:00,2447.0
2012-08-31 06:00:00,2417.0
2012-08-31 07:00:00,3877.0
2012-08-31 08:00:00,4602.0
2012-08-31 09:00:00,5980.0
2012-08-31 10:00:00,6291.0
2012-08-31 11:00:00,6610.0
2012-08-31 12:00:00,6557.0
2012-08-31 13:00:00,7002.0
2012-08-31 14:00:00,7186.0
2012-08-31 15:00:00,8010.0
2012-08-31 16:00:00,7824.0
2012-08-31 17:00:00,8009.0
2012-08-31 18:00:00,8194.0
2012-08-31 19:00:00,7861.0
2012-08-31 20:00:00,6565.0
2012-08-31 21:00:00,6299.0
2012-08-31 22:00:00,6187.0
2012-08-31 23:00:00,4928.0
2012-09-01 00:00:00,3209.0
2012-09-01 01:00:00,2980.0
2012-09-01 02:00:00,2884.0
2012-09-01 03:00:00,2565.0
2012-09-01 04:00:00,2558.0
2012-09-01 05:00:00,2557.0
2012-09-01 06:00:00,2424.0
2012-09-01 07:00:00,4054.0
2012-09-01 08:00:00,3853.0
2012-09-01 09:00:00,5676.0
2012-09-01 10:00:00,6522.0
2012-09-01 11:00:00,6721.0
2012-09-01 12:00:00,7127.0
2012-09-01 13:00:00,7698.0
2012-09-01 14:00:00,7779.0
2012-09-01 15:00:00,8388.0
2012-09-01 16:00:00,8380.0
2012-09-01 17:00:00,8076.0
2012-09-01 18:00:00,7994.0
2012-09-01 19:00:00,8054.0
2012-09-01 20:00:00,6824.0
2012-09-01 21:00:00,6676.0
2012-09-01 22:00:00,6312.0
2012-09-01 23:00:00,5039.0
2012-09-02 00:00:00,3292.0
2012-09-02 01:00:00,2987.0
2012-09-02 02:00:00,2883.0
2012-09-02 03:00:00,2505.0
2012-09-02 04:00:00,2536.0
2012-09-02 05:00:00,2550.0
2012-09-02 06:00:00,2438.0
2012-09-02 07:00:00,3964.0
2012-09-02 08:00:00,3884.0
2012-09-02 09:00:00,6113.0
2012-09-02 10:00:00,6690.0
2012-09-02 11:00:00,7143.0
2012-09-02 12:00:00,7447.0
2012-09-02 13:00:00,7905.0
2012-09-02 14:00:00,8039.0
2012-09-02 15:00:00,8202.0
2012-09-02 16:00:00,7958.0
2012-09-02 17:00:00,8010.0
2012-09-02 18:00:00,7920.0
2012-09-02 19:00:00,7898.0
2012-09-02 20:00:00,6617.0
2012-09-02 21:00:00,6438.0
2012-09-02 22:00:00,6254.0
2012-09-02 23:00:00,4942.0
2012-09-03 00:00:00,3254.0
2012-09-03 01:00:00,2950.0
2012-09-03 02:00:00,2884.0
2012-09-03 03:00:00,2572.0
2012-09-03 04:00:00,2476.0
2012-09-03 05:00:00,2521.0
2012-09-03 06:00:00,2425.0
2012-09-03 07:00:00,3883.0
2012-09-03 08:00:00,3773.0
2012-09-03 09:00:00,5476.0
2012-09-03 10:00:00,6202.0
2012-09-03 11:00:00,6698.0
2012-09-03 12:00:00,7061.0
2012-09-03 13:00:00,7750.0
2012-09-03 14:00:00,8031.0
2012-09-03 15:00:00,7750.0
2012-09-03 16:00:00,7898.0
2012-09-03 17:00:00,8328.0
2012-09-03 18:00:00,8172.0
2012-09-03 19:00:00,7876.0
2012-09-03 20:00:00,6839.0
2012-09-03 21:00:00,6477.0
2012-09-03 22:00:00,6372.0
2012-09-03 23:00:00,5158.0
2012-09-04 00:00:00,3410.0
2012-09-04 01:00:00,3031.0
2012-09-04 02:00:00,2957.0
2012-09-04 03:00:00,2624.0
2012-09-04 04:00:00,2579.0
2012-09-04 05:00:00,2616.0
2012-09-04 06:00:00,2535.0
2012-09-04 07:00:00,3995.0
2012-09-04 08:00:00,3816.0
2012-09-04 09:00:00,5580.0
2012-09-04 10:00:00,6527.0
2012-09-04 11:00:00,6987.0
2012-09-04 12:00:00,7639.0
2012-09-04 13:00:00,7824.0
2012-09-04 14:00:00,8180.0
2012-09-04 15:00:00,7869.0
2012-09-04 16:00:00,8269.0
2012-09-04 17:00:00,8277.0
2012-09-04 18:00:00,8113.0
2012-09-04 19:00:00,7972.0
2012-09-04 20:00:00,6817.0
2012-09-04 21:00:00,6588.0
2012-09-04 22:00:00,6387.0
2012-09-04 23:00:00,5268.0
2012-09-05 00:00:00,3535.0
2012-09-05 01:00:00,3120.0
2012-09-05 02:00:00,2958.0
2012-09-05 03:00:00,2662.0
2012-09-05 04:00:00,2610.0
2012-09-05 05:00:00,2611.0
2012-09-05 06:00:00,2506.0
2012-09-05 07:00:00,3995.0
2012-09-05 08:00:00,3839.0
2012-09-05 09:00:00,5721.0
2012-09-05 10:00:00,6565.0
2012-09-05 11:00:00,6861.0
2012-09-05 12:00:00,7291.0
2012-09-05 13:00:00,7416.0
2012-09-05 14:00:00,7528.0
2012-09-05 15:00:00,7483.0
2012-09-05 16:00:00,7706.0
2012-09-05 17:00:00,7972.0
2012-09-05 18:00:00,7853.0
2012-09-05 19:00:00,7550.0
2012-09-05 20:00:00,6728.0
2012-09-05 21:00:00,6520.0
2012-09-05 22:00:00,6276.0
2012-09-05 23:00:00,5127.0
2012-09-06 00:00:00,3321.0
2012-09-06 01:00:00,3001.0
2012-09-06 02:00:00,2772.0
2012-09-06 03:00:00,2573.0
2012-09-06 04:00:00,2603.0
2012-09-06 05:00:00,2609.0
2012-09-06 06:00:00,2543.0
2012-09-06 07:00:00,3897.0
2012-09-06 08:00:00,4017.0
2012-09-06 09:00:00,5765.0
2012-09-06 10:00:00,6528.0
2012-09-06 11:00:00,6950.0
2012-09-06 12:00:00,7490.0
2012-09-06 13:00:00,7646.0
2012-09-06 14:00:00,8135.0
2012-09-06 15:00:00,8157.0
2012-09-06 16:00:00,8394.0
2012-09-06 17:00:00,8046.0
2012-09-06 18:00:00,7824.0
2012-09-06 19:00:00,7832.0
2012-09-06 20:00:00,6409.0
2012-09-06 21:00:00,6395.0
2012-09-06 22:00:00,6313.0
2012-09-06 23:00:00,5225.0
2012-09-07 00:00:00,3505.0
2012-09-07 01:00:00,3157.0
2012-09-07 02:00:00,3002.0
2012-09-07 03:00:00,2765.0
2012-09-07 04:00:00,2698.0
2012-09-07 05:00:00,2721.0
2012-09-07 06:00:00,2579.0
2012-09-07 07:00:00,4105.0
2012-09-07 08:00:00,3906.0
2012-09-07 09:00:00,5735.0
2012-09-07 10:00:00,6787.0
2012-09-07 11:00:00,6439.0
2012-09-07 12:00:00,7387.0
2012-09-07 13:00:00,7468.0
2012-09-07 14:00:00,7284.0
2012-09-07 15:00:00,7335.0
2012-09-07 16:00:00,6683.0
2012-09-07 17:00:00,6847.0
2012-09-07 18:00:00,7061.0
2012-09-07 19:00:00,6928.0
2012-09-07 20:00:00,6298.0
2012-09-07 21:00:00,6484.0
2012-09-07 22:00:00,6313.0
2012-09-07 23:00:00,4965.0
2012-09-08 00:00:00,3299.0
2012-09-08 01:00:00,3135.0
2012-09-08 02:00:00,2949.0
2012-09-08 03:00:00,2712.0
2012-09-08 04:00:00,2653.0
2012-09-08 05:00:00,2670.0
2012-09-08 06:00:00,2676.0
2012-09-08 07:00:00,4255.0
2012-09-08 08:00:00,3950.0
2012-09-08 09:00:00,5816.0
2012-09-08 10:00:00,6277.0
2012-09-08 11:00:00,6735.0
2012-09-08 12:00:00,6966.0
2012-09-08 13:00:00,6765.0
2012-09-08 14:00:00,6994.0
2012-09-08 15:00:00,6957.0
2012-09-08 16:00:00,7046.0
2012-09-08 17:00:00,6994.0
2012-09-08 18:00:00,7061.0
2012-09-08 19:00:00,6927.0
2012-09-08 20:00:00,6565.0
2012-09-08 21:00:00,6735.0
2012-09-08 22:00:00,6402.0
2012-09-08 23:00:00,5194.0
2012-09-09 00:00:00,3305.0
2012-09-09 01:00:00,3084.0
2012-09-09 02:00:00,2957.0
2012-09-09 03:00:00,2706.0
2012-09-09 04:00:00,2698.0
2012-09-09 05:00:00,2676.0
2012-09-09 06:00:00,2587.0
2012-09-09 07:00:00,3995.0
2012-09-09 08:00:00,3994.0
2012-09-09 09:00:00,5995.0
2012-09-09 10:00:00,6394.0
2012-09-09 11:00:00,6328.0
2012-09-09 12:00:00,6425.0
2012-09-09 13:00:00,6839.0
2012-09-09 14:00:00,6750.0
2012-09-09 15:00:00,6690.0
2012-09-09 16:00:00,6839.0
2012-09-09 17:00:00,6439.0
2012-09-09 18:00:00,7128.0
2012-09-09 19:00:00,7031.0
2012-09-09 20:00:00,6202.0
2012-09-09 21:00:00,6371.0
2012-09-09 22:00:00,6188.0
2012-09-09 23:00:00,4988.0
2012-09-10 00:00:00,3164.0
2012-09-10 01:00:00,2920.0
2012-09-10 02:00:00,2840.0
2012-09-10 03:00:00,2661.0
2012-09-10 04:00:00,2558.0
2012-09-10 05:00:00,2573.0
2012-09-10 06:00:00,2543.0
2012-09-10 07:00:00,3980.0
2012-09-10 08:00:00,3876.0
2012-09-10 09:00:00,5609.0
2012-09-10 10:00:00,6179.0
2012-09-10 11:00:00,6120.0
2012-09-10 12:00:00,6483.0
2012-09-10 13:00:00,6647.0
2012-09-10 14:00:00,6543.0
2012-09-10 15:00:00,6690.0
2012-09-10 16:00:00,6831.0
2012-09-10 17:00:00,6513.0
2012-09-10 18:00:00,7024.0
2012-09-10 19:00:00,6780.0
2012-09-10 20:00:00,6623.0
2012-09-10 21:00:00,7092.0
2012-09-10 22:00:00,6876.0
2012-09-10 23:00:00,5224.0
2012-09-11 00:00:00,3313.0
2012-09-11 01:00:00,3113.0
2012-09-11 02:00:00,3009.0
2012-09-11 03:00:00,2646.0
2012-09-11 04:00:00,2558.0
2012-09-11 05:00:00,2594.0
2012-09-11 06:00:00,2529.0
2012-09-11 07:00:00,3929.0
2012-09-11 08:00:00,3898.0
2012-09-11 09:00:00,5543.0
2012-09-11 10:00:00,6713.0
2012-09-11 11:00:00,6573.0
2012-09-11 12:00:00,7261.0
2012-09-11 13:00:00,7587.0
2012-09-11 14:00:00,7446.0
2012-09-11 15:00:00,7432.0
2012-09-11 16:00:00,7654.0
2012-09-11 17:00:00,7854.0
2012-09-11 18:00:00,7736.0
2012-09-11 19:00:00,7424.0
2012-09-11 20:00:00,7313.0
2012-09-11 21:00:00,7180.0
2012-09-11 22:00:00,6906.0
2012-09-11 23:00:00,5128.0
2012-09-12 00:00:00,3276.0
2012-09-12 01:00:00,3120.0
2012-09-12 02:00:00,2987.0
2012-09-12 03:00:00,2654.0
2012-09-12 04:00:00,2714.0
2012-09-12 05:00:00,2632.0
2012-09-12 06:00:00,2609.0
2012-09-12 07:00:00,3979.0
2012-09-12 08:00:00,3698.0
2012-09-12 09:00:00,5654.0
2012-09-12 10:00:00,6543.0
2012-09-12 11:00:00,6676.0
2012-09-12 12:00:00,7603.0
2012-09-12 13:00:00,7980.0
2012-09-12 14:00:00,8076.0
2012-09-12 15:00:00,8431.0
2012-09-12 16:00:00,8143.0
2012-09-12 17:00:00,8002.0
2012-09-12 18:00:00,7912.0
2012-09-12 19:00:00,7736.0
2012-09-12 20:00:00,7261.0
2012-09-12 21:00:00,7216.0
2012-09-12 22:00:00,6965.0
2012-09-12 23:00:00,5172.0
2012-09-13 00:00:00,3395.0
2012-09-13 01:00:00,3031.0
2012-09-13 02:00:00,2869.0
2012-09-13 03:00:00,2587.0
2012-09-13 04:00:00,2558.0
2012-09-13 05:00:00,2602.0
2012-09-13 06:00:00,2513.0
2012-09-13 07:00:00,3809.0
2012-09-13 08:00:00,3891.0
2012-09-13 09:00:00,5586.0
2012-09-13 10:00:00,6439.0
2012-09-13 11:00:00,6617.0
2012-09-13 12:00:00,7409.0
2012-09-13 13:00:00,7735.0
2012-09-13 14:00:00,7950.0
2012-09-13 15:00:00,7935.0
2012-09-13 16:00:00,7934.0
2012-09-13 17:00:00,8114.0
2012-09-13 18:00:00,7958.0
2012-09-13 19:00:00,7928.0
2012-09-13 20:00:00,7358.0
2012-09-13 21:00:00,7247.0
2012-09-13 22:00:00,7039.0
2012-09-13 23:00:00,5358.0
2012-09-14 00:00:00,3527.0
2012-09-14 01:00:00,3150.0
2012-09-14 02:00:00,2951.0
2012-09-14 03:00:00,2571.0
2012-09-14 04:00:00,2594.0
2012-09-14 05:00:00,2587.0
2012-09-14 06:00:00,2543.0
2012-09-14 07:00:00,3914.0
2012-09-14 08:00:00,3683.0
2012-09-14 09:00:00,5417.0
2012-09-14 10:00:00,6535.0
2012-09-14 11:00:00,6780.0
2012-09-14 12:00:00,7728.0
2012-09-14 13:00:00,8069.0
2012-09-14 14:00:00,8010.0
2012-09-14 15:00:00,7965.0
2012-09-14 16:00:00,8261.0
2012-09-14 17:00:00,8268.0
2012-09-14 18:00:00,8113.0
2012-09-14 19:00:00,8099.0
2012-09-14 20:00:00,7529.0
2012-09-14 21:00:00,7209.0
2012-09-14 22:00:00,6765.0
2012-09-14 23:00:00,5218.0
2012-09-15 00:00:00,3484.0
2012-09-15 01:00:00,3113.0
2012-09-15 02:00:00,2950.0
2012-09-15 03:00:00,2587.0
2012-09-15 04:00:00,2565.0
2012-09-15 05:00:00,2565.0
2012-09-15 06:00:00,2476.0
2012-09-15 07:00:00,3773.0
2012-09-15 08:00:00,3764.0
2012-09-15 09:00:00,5691.0
2012-09-15 10:00:00,6720.0
2012-09-15 11:00:00,7121.0
2012-09-15 12:00:00,7536.0
2012-09-15 13:00:00,7929.0
2012-09-15 14:00:00,7721.0
2012-09-15 15:00:00,7528.0
2012-09-15 16:00:00,7618.0
2012-09-15 17:00:00,7483.0
2012-09-15 18:00:00,7417.0
2012-09-15 19:00:00,7195.0
2012-09-15 20:00:00,7158.0
2012-09-15 21:00:00,6964.0
2012-09-15 22:00:00,6623.0
2012-09-15 23:00:00,5120.0
2012-09-16 00:00:00,3505.0
2012-09-16 01:00:00,3454.0
2012-09-16 02:00:00,3173.0
2012-09-16 03:00:00,2876.0
2012-09-16 04:00:00,2846.0
2012-09-16 05:00:00,2759.0
2012-09-16 06:00:00,2542.0
2012-09-16 07:00:00,3876.0
2012-09-16 08:00:00,3898.0
2012-09-16 09:00:00,5883.0
2012-09-16 10:00:00,6661.0
2012-09-16 11:00:00,6565.0
2012-09-16 12:00:00,6965.0
2012-09-16 13:00:00,7432.0
2012-09-16 14:00:00,7298.0
2012-09-16 15:00:00,7127.0
2012-09-16 16:00:00,7225.0
2012-09-16 17:00:00,7158.0
2012-09-16 18:00:00,7239.0
2012-09-16 19:00:00,7491.0
2012-09-16 20:00:00,6950.0
2012-09-16 21:00:00,6358.0
2012-09-16 22:00:00,6550.0
2012-09-16 23:00:00,4957.0
2012-09-17 00:00:00,3053.0
2012-09-17 01:00:00,2942.0
2012-09-17 02:00:00,2847.0
2012-09-17 03:00:00,2476.0
2012-09-17 04:00:00,2424.0
2012-09-17 05:00:00,2379.0
2012-09-17 06:00:00,2424.0
2012-09-17 07:00:00,3862.0
2012-09-17 08:00:00,3699.0
2012-09-17 09:00:00,5143.0
2012-09-17 10:00:00,6135.0
2012-09-17 11:00:00,6853.0
2012-09-17 12:00:00,7039.0
2012-09-17 13:00:00,6935.0
2012-09-17 14:00:00,6972.0
2012-09-17 15:00:00,6669.0
2012-09-17 16:00:00,7172.0
2012-09-17 17:00:00,6920.0
2012-09-17 18:00:00,7077.0
2012-09-17 19:00:00,6994.0
2012-09-17 20:00:00,6609.0
2012-09-17 21:00:00,6617.0
2012-09-17 22:00:00,6395.0
2012-09-17 23:00:00,5188.0
2012-09-18 00:00:00,3424.0
2012-09-18 01:00:00,3262.0
2012-09-18 02:00:00,2986.0
2012-09-18 03:00:00,2646.0
2012-09-18 04:00:00,2579.0
2012-09-18 05:00:00,2572.0
2012-09-18 06:00:00,2520.0
2012-09-18 07:00:00,3847.0
2012-09-18 08:00:00,3818.0
2012-09-18 09:00:00,5736.0
2012-09-18 10:00:00,6557.0
2012-09-18 11:00:00,6669.0
2012-09-18 12:00:00,7231.0
2012-09-18 13:00:00,7372.0
2012-09-18 14:00:00,7359.0
2012-09-18 15:00:00,7268.0
2012-09-18 16:00:00,7439.0
2012-09-18 17:00:00,7558.0
2012-09-18 18:00:00,7780.0
2012-09-18 19:00:00,7669.0
2012-09-18 20:00:00,7254.0
2012-09-18 21:00:00,7098.0
2012-09-18 22:00:00,6765.0
2012-09-18 23:00:00,4780.0
2012-09-19 00:00:00,2957.0
2012-09-19 01:00:00,2883.0
2012-09-19 02:00:00,2846.0
2012-09-19 03:00:00,2557.0
2012-09-19 04:00:00,2490.0
2012-09-19 05:00:00,2432.0
2012-09-19 06:00:00,2491.0
2012-09-19 07:00:00,3816.0
2012-09-19 08:00:00,3728.0
2012-09-19 09:00:00,5736.0
2012-09-19 10:00:00,6344.0
2012-09-19 11:00:00,6365.0
2012-09-19 12:00:00,6662.0
2012-09-19 13:00:00,6876.0
2012-09-19 14:00:00,6802.0
2012-09-19 15:00:00,7039.0
2012-09-19 16:00:00,7402.0
2012-09-19 17:00:00,7105.0
2012-09-19 18:00:00,7425.0
2012-09-19 19:00:00,6972.0
2012-09-19 20:00:00,6446.0
2012-09-19 21:00:00,6379.0
2012-09-19 22:00:00,6312.0
2012-09-19 23:00:00,5039.0
2012-09-20 00:00:00,3387.0
2012-09-20 01:00:00,3728.0
2012-09-20 02:00:00,3261.0
2012-09-20 03:00:00,2572.0
2012-09-20 04:00:00,2536.0
2012-09-20 05:00:00,2528.0
2012-09-20 06:00:00,2535.0
2012-09-20 07:00:00,4031.0
2012-09-20 08:00:00,3734.0
2012-09-20 09:00:00,5631.0
2012-09-20 10:00:00,6491.0
2012-09-20 11:00:00,6498.0
2012-09-20 12:00:00,6847.0
2012-09-20 13:00:00,7061.0
2012-09-20 14:00:00,7055.0
2012-09-20 15:00:00,6980.0
2012-09-20 16:00:00,7187.0
2012-09-20 17:00:00,7254.0
2012-09-20 18:00:00,7172.0
2012-09-20 19:00:00,7143.0
2012-09-20 20:00:00,6328.0
2012-09-20 21:00:00,6506.0
2012-09-20 22:00:00,6291.0
2012-09-20 23:00:00,5016.0
2012-09-21 00:00:00,3544.0
2012-09-21 01:00:00,3120.0
2012-09-21 02:00:00,3053.0
2012-09-21 03:00:00,2742.0
2012-09-21 04:00:00,2727.0
2012-09-21 05:00:00,2706.0
2012-09-21 06:00:00,2699.0
2012-09-21 07:00:00,4069.0
2012-09-21 08:00:00,3773.0
2012-09-21 09:00:00,5580.0
2012-09-21 10:00:00,6217.0
2012-09-21 11:00:00,6357.0
2012-09-21 12:00:00,7090.0
2012-09-21 13:00:00,7046.0
2012-09-21 14:00:00,7055.0
2012-09-21 15:00:00,7009.0
2012-09-21 16:00:00,7372.0
2012-09-21 17:00:00,7335.0
2012-09-21 18:00:00,7188.0
2012-09-21 19:00:00,7232.0
2012-09-21 20:00:00,6817.0
2012-09-21 21:00:00,6542.0
2012-09-21 22:00:00,6194.0
2012-09-21 23:00:00,5262.0
2012-09-22 00:00:00,4232.0
2012-09-22 01:00:00,4009.0
2012-09-22 02:00:00,4001.0
2012-09-22 03:00:00,2899.0
2012-09-22 04:00:00,2558.0
2012-09-22 05:00:00,2499.0
2012-09-22 06:00:00,2536.0
2012-09-22 07:00:00,3913.0
2012-09-22 08:00:00,3787.0
2012-09-22 09:00:00,5720.0
2012-09-22 10:00:00,6780.0
2012-09-22 11:00:00,6395.0
2012-09-22 12:00:00,6831.0
2012-09-22 13:00:00,7357.0
2012-09-22 14:00:00,7062.0
2012-09-22 15:00:00,6862.0
2012-09-22 16:00:00,6862.0
2012-09-22 17:00:00,7171.0
2012-09-22 18:00:00,7084.0
2012-09-22 19:00:00,6928.0
2012-09-22 20:00:00,6447.0
2012-09-22 21:00:00,6601.0
2012-09-22 22:00:00,6313.0
2012-09-22 23:00:00,5113.0
2012-09-23 00:00:00,3543.0
2012-09-23 01:00:00,3380.0
2012-09-23 02:00:00,3039.0
2012-09-23 03:00:00,2713.0
2012-09-23 04:00:00,2639.0
2012-09-23 05:00:00,2683.0
2012-09-23 06:00:00,2706.0
2012-09-23 07:00:00,4179.0
2012-09-23 08:00:00,4098.0
2012-09-23 09:00:00,5669.0
2012-09-23 10:00:00,6024.0
2012-09-23 11:00:00,6253.0
2012-09-23 12:00:00,6557.0
2012-09-23 13:00:00,6468.0
2012-09-23 14:00:00,7024.0
2012-09-23 15:00:00,7232.0
2012-09-23 16:00:00,7150.0
2012-09-23 17:00:00,6743.0
2012-09-23 18:00:00,6824.0
2012-09-23 19:00:00,6610.0
2012-09-23 20:00:00,6202.0
2012-09-23 21:00:00,6373.0
2012-09-23 22:00:00,6017.0
2012-09-23 23:00:00,4840.0
2012-09-24 00:00:00,3261.0
2012-09-24 01:00:00,3202.0
2012-09-24 02:00:00,3112.0
2012-09-24 03:00:00,2824.0
2012-09-24 04:00:00,2713.0
2012-09-24 05:00:00,2669.0
2012-09-24 06:00:00,2668.0
2012-09-24 07:00:00,4032.0
2012-09-24 08:00:00,3824.0
2012-09-24 09:00:00,5409.0
2012-09-24 10:00:00,6142.0
2012-09-24 11:00:00,6106.0
2012-09-24 12:00:00,6379.0
2012-09-24 13:00:00,6765.0
2012-09-24 14:00:00,6572.0
2012-09-24 15:00:00,6668.0
2012-09-24 16:00:00,6646.0
2012-09-24 17:00:00,6773.0
2012-09-24 18:00:00,6610.0
2012-09-24 19:00:00,6454.0
2012-09-24 20:00:00,6366.0
2012-09-24 21:00:00,6312.0
2012-09-24 22:00:00,6179.0
2012-09-24 23:00:00,5113.0
2012-09-25 00:00:00,3269.0
2012-09-25 01:00:00,3187.0
2012-09-25 02:00:00,2779.0
2012-09-25 03:00:00,2543.0
2012-09-25 04:00:00,2431.0
2012-09-25 05:00:00,2498.0
2012-09-25 06:00:00,2432.0
2012-09-25 07:00:00,3854.0
2012-09-25 08:00:00,3661.0
2012-09-25 09:00:00,5550.0
2012-09-25 10:00:00,5838.0
2012-09-25 11:00:00,5898.0
2012-09-25 12:00:00,6150.0
2012-09-25 13:00:00,6617.0
2012-09-25 14:00:00,6624.0
2012-09-25 15:00:00,6446.0
2012-09-25 16:00:00,6476.0
2012-09-25 17:00:00,6372.0
2012-09-25 18:00:00,6290.0
2012-09-25 19:00:00,6402.0
2012-09-25 20:00:00,6306.0
2012-09-25 21:00:00,6393.0
2012-09-25 22:00:00,6179.0
2012-09-25 23:00:00,5031.0
2012-09-26 00:00:00,3275.0
2012-09-26 01:00:00,2832.0
2012-09-26 02:00:00,2721.0
2012-09-26 03:00:00,2372.0
2012-09-26 04:00:00,2387.0
2012-09-26 05:00:00,2320.0
2012-09-26 06:00:00,2321.0
2012-09-26 07:00:00,3854.0
2012-09-26 08:00:00,3632.0
2012-09-26 09:00:00,5410.0
2012-09-26 10:00:00,6261.0
2012-09-26 11:00:00,5921.0
2012-09-26 12:00:00,6475.0
2012-09-26 13:00:00,6283.0
2012-09-26 14:00:00,6416.0
2012-09-26 15:00:00,6261.0
2012-09-26 16:00:00,6328.0
2012-09-26 17:00:00,6194.0
2012-09-26 18:00:00,6521.0
2012-09-26 19:00:00,6631.0
2012-09-26 20:00:00,6506.0
2012-09-26 21:00:00,6120.0
2012-09-26 22:00:00,5972.0
2012-09-26 23:00:00,4832.0
2012-09-27 00:00:00,2995.0
2012-09-27 01:00:00,3180.0
2012-09-27 02:00:00,2891.0
2012-09-27 03:00:00,2388.0
2012-09-27 04:00:00,2431.0
2012-09-27 05:00:00,2358.0
2012-09-27 06:00:00,2380.0
2012-09-27 07:00:00,3721.0
2012-09-27 08:00:00,3388.0
2012-09-27 09:00:00,5209.0
2012-09-27 10:00:00,5831.0
2012-09-27 11:00:00,5876.0
2012-09-27 12:00:00,6143.0
2012-09-27 13:00:00,6254.0
2012-09-27 14:00:00,6187.0
2012-09-27 15:00:00,6254.0
2012-09-27 16:00:00,6491.0
2012-09-27 17:00:00,6224.0
2012-09-27 18:00:00,6618.0
2012-09-27 19:00:00,6446.0
2012-09-27 20:00:00,6379.0
2012-09-27 21:00:00,6187.0
2012-09-27 22:00:00,6106.0
2012-09-27 23:00:00,4735.0
2012-09-28 00:00:00,2965.0
2012-09-28 01:00:00,2913.0
2012-09-28 02:00:00,2816.0
2012-09-28 03:00:00,2276.0
2012-09-28 04:00:00,2253.0
2012-09-28 05:00:00,2231.0
2012-09-28 06:00:00,2261.0
2012-09-28 07:00:00,3786.0
2012-09-28 08:00:00,3447.0
2012-09-28 09:00:00,5120.0
2012-09-28 10:00:00,5491.0
2012-09-28 11:00:00,5779.0
2012-09-28 12:00:00,5809.0
2012-09-28 13:00:00,5505.0
2012-09-28 14:00:00,5839.0
2012-09-28 15:00:00,5609.0
2012-09-28 16:00:00,6201.0
2012-09-28 17:00:00,6024.0
2012-09-28 18:00:00,5743.0
2012-09-28 19:00:00,6239.0
2012-09-28 20:00:00,6728.0
2012-09-28 21:00:00,6366.0
2012-09-28 22:00:00,6187.0
2012-09-28 23:00:00,5239.0
2012-09-29 00:00:00,3965.0
2012-09-29 01:00:00,3780.0
2012-09-29 02:00:00,3750.0
2012-09-29 03:00:00,3335.0
2012-09-29 04:00:00,3164.0
2012-09-29 05:00:00,3149.0
2012-09-29 06:00:00,3055.0
2012-09-29 07:00:00,4468.0
2012-09-29 08:00:00,4335.0
2012-09-29 09:00:00,5987.0
2012-09-29 10:00:00,6395.0
2012-09-29 11:00:00,6714.0
2012-09-29 12:00:00,6181.0
2012-09-29 13:00:00,6513.0
2012-09-29 14:00:00,6410.0
2012-09-29 15:00:00,6609.0
2012-09-29 16:00:00,6684.0
2012-09-29 17:00:00,6542.0
2012-09-29 18:00:00,6246.0
2012-09-29 19:00:00,6743.0
2012-09-29 20:00:00,6684.0
2012-09-29 21:00:00,6542.0
2012-09-29 22:00:00,6149.0
2012-09-29 23:00:00,4949.0
2012-09-30 00:00:00,3194.0
2012-09-30 01:00:00,3128.0
2012-09-30 02:00:00,3076.0
2012-09-30 03:00:00,2558.0
2012-09-30 04:00:00,2328.0
2012-09-30 05:00:00,2307.0
2012-09-30 06:00:00,2269.0
2012-09-30 07:00:00,3891.0
2012-09-30 08:00:00,3691.0
2012-09-30 09:00:00,5446.0
2012-09-30 10:00:00,6091.0
2012-09-30 11:00:00,6276.0
2012-09-30 12:00:00,6121.0
2012-09-30 13:00:00,6505.0
2012-09-30 14:00:00,6446.0
2012-09-30 15:00:00,6135.0
2012-09-30 16:00:00,6565.0
2012-09-30 17:00:00,6468.0
2012-09-30 18:00:00,6395.0
2012-09-30 19:00:00,6313.0
2012-09-30 20:00:00,6668.0
2012-09-30 21:00:00,6319.0
2012-09-30 22:00:00,6061.0
2012-09-30 23:00:00,4846.0
2012-10-01 00:00:00,3217.0
2012-10-01 01:00:00,2994.0
2012-10-01 02:00:00,2957.0
2012-10-01 03:00:00,2335.0
2012-10-01 04:00:00,2230.0
2012-10-01 05:00:00,2239.0
2012-10-01 06:00:00,2202.0
2012-10-01 07:00:00,3786.0
2012-10-01 08:00:00,3513.0
2012-10-01 09:00:00,5113.0
2012-10-01 10:00:00,5892.0
2012-10-01 11:00:00,5965.0
2012-10-01 12:00:00,6060.0
2012-10-01 13:00:00,5817.0
2012-10-01 14:00:00,6253.0
2012-10-01 15:00:00,6520.0
2012-10-01 16:00:00,7535.0
2012-10-01 17:00:00,7594.0
2012-10-01 18:00:00,7542.0
2012-10-01 19:00:00,7261.0
2012-10-01 20:00:00,6742.0
2012-10-01 21:00:00,6350.0
2012-10-01 22:00:00,6209.0
2012-10-01 23:00:00,4950.0
2012-10-02 00:00:00,3351.0
2012-10-02 01:00:00,3091.0
2012-10-02 02:00:00,2928.0
2012-10-02 03:00:00,2506.0
2012-10-02 04:00:00,2373.0
2012-10-02 05:00:00,2187.0
2012-10-02 06:00:00,2172.0
2012-10-02 07:00:00,3736.0
2012-10-02 08:00:00,3542.0
2012-10-02 09:00:00,4964.0
2012-10-02 10:00:00,5750.0
2012-10-02 11:00:00,5758.0
2012-10-02 12:00:00,6475.0
2012-10-02 13:00:00,6476.0
2012-10-02 14:00:00,6906.0
2012-10-02 15:00:00,6936.0
2012-10-02 16:00:00,7120.0
2012-10-02 17:00:00,7388.0
2012-10-02 18:00:00,7164.0
2012-10-02 19:00:00,7143.0
2012-10-02 20:00:00,6557.0
2012-10-02 21:00:00,6099.0
2012-10-02 22:00:00,6084.0
2012-10-02 23:00:00,4779.0
2012-10-03 00:00:00,3335.0
2012-10-03 01:00:00,3268.0
2012-10-03 02:00:00,3136.0
2012-10-03 03:00:00,2506.0
2012-10-03 04:00:00,2527.0
2012-10-03 05:00:00,2484.0
2012-10-03 06:00:00,2460.0
2012-10-03 07:00:00,3868.0
2012-10-03 08:00:00,3647.0
2012-10-03 09:00:00,5083.0
2012-10-03 10:00:00,5824.0
2012-10-03 11:00:00,5935.0
2012-10-03 12:00:00,6736.0
2012-10-03 13:00:00,6639.0
2012-10-03 14:00:00,6868.0
2012-10-03 15:00:00,6683.0
2012-10-03 16:00:00,7165.0
2012-10-03 17:00:00,7232.0
2012-10-03 18:00:00,7106.0
2012-10-03 19:00:00,7017.0
2012-10-03 20:00:00,6706.0
2012-10-03 21:00:00,6150.0
2012-10-03 22:00:00,5958.0
2012-10-03 23:00:00,4735.0
2012-10-04 00:00:00,2839.0
2012-10-04 01:00:00,2707.0
2012-10-04 02:00:00,2639.0
2012-10-04 03:00:00,2350.0
2012-10-04 04:00:00,2283.0
2012-10-04 05:00:00,2247.0
2012-10-04 06:00:00,2283.0
2012-10-04 07:00:00,3758.0
2012-10-04 08:00:00,3409.0
2012-10-04 09:00:00,5076.0
2012-10-04 10:00:00,5921.0
2012-10-04 11:00:00,5942.0
2012-10-04 12:00:00,6342.0
2012-10-04 13:00:00,6594.0
2012-10-04 14:00:00,6898.0
2012-10-04 15:00:00,7173.0
2012-10-04 16:00:00,7565.0
2012-10-04 17:00:00,7513.0
2012-10-04 18:00:00,7105.0
2012-10-04 19:00:00,6906.0
2012-10-04 20:00:00,6624.0
2012-10-04 21:00:00,6432.0
2012-10-04 22:00:00,6297.0
2012-10-04 23:00:00,4870.0
2012-10-05 00:00:00,3151.0
2012-10-05 01:00:00,2772.0
2012-10-05 02:00:00,2617.0
2012-10-05 03:00:00,2402.0
2012-10-05 04:00:00,2357.0
2012-10-05 05:00:00,2312.0
2012-10-05 06:00:00,2358.0
2012-10-05 07:00:00,3743.0
2012-10-05 08:00:00,3580.0
2012-10-05 09:00:00,5447.0
2012-10-05 10:00:00,5883.0
2012-10-05 11:00:00,6276.0
2012-10-05 12:00:00,6956.0
2012-10-05 13:00:00,7343.0
2012-10-05 14:00:00,7505.0
2012-10-05 15:00:00,7298.0
2012-10-05 16:00:00,7631.0
2012-10-05 17:00:00,7424.0
2012-10-05 18:00:00,7194.0
2012-10-05 19:00:00,7143.0
2012-10-05 20:00:00,6971.0
2012-10-05 21:00:00,6372.0
2012-10-05 22:00:00,6269.0
2012-10-05 23:00:00,4987.0
2012-10-06 00:00:00,3268.0
2012-10-06 01:00:00,3053.0
2012-10-06 02:00:00,2868.0
2012-10-06 03:00:00,2506.0
2012-10-06 04:00:00,2438.0
2012-10-06 05:00:00,2372.0
2012-10-06 06:00:00,2425.0
2012-10-06 07:00:00,3845.0
2012-10-06 08:00:00,3816.0
2012-10-06 09:00:00,5824.0
2012-10-06 10:00:00,5876.0
2012-10-06 11:00:00,6209.0
2012-10-06 12:00:00,6698.0
2012-10-06 13:00:00,7054.0
2012-10-06 14:00:00,7090.0
2012-10-06 15:00:00,6958.0
2012-10-06 16:00:00,7166.0
2012-10-06 17:00:00,7447.0
2012-10-06 18:00:00,7016.0
2012-10-06 19:00:00,7016.0
2012-10-06 20:00:00,6698.0
2012-10-06 21:00:00,6203.0
2012-10-06 22:00:00,6084.0
2012-10-06 23:00:00,4860.0
2012-10-07 00:00:00,3047.0
2012-10-07 01:00:00,2795.0
2012-10-07 02:00:00,2721.0
2012-10-07 03:00:00,2491.0
2012-10-07 04:00:00,2335.0
2012-10-07 05:00:00,2408.0
2012-10-07 06:00:00,2498.0
2012-10-07 07:00:00,4002.0
2012-10-07 08:00:00,3883.0
2012-10-07 09:00:00,5817.0
2012-10-07 10:00:00,5987.0
2012-10-07 11:00:00,6195.0
2012-10-07 12:00:00,7017.0
2012-10-07 13:00:00,7335.0
2012-10-07 14:00:00,7505.0
2012-10-07 15:00:00,7632.0
2012-10-07 16:00:00,7602.0
2012-10-07 17:00:00,7669.0
2012-10-07 18:00:00,7372.0
2012-10-07 19:00:00,6749.0
2012-10-07 20:00:00,6572.0
2012-10-07 21:00:00,6276.0
2012-10-07 22:00:00,5965.0
2012-10-07 23:00:00,4839.0
2012-10-08 00:00:00,3090.0
2012-10-08 01:00:00,2639.0
2012-10-08 02:00:00,2617.0
2012-10-08 03:00:00,2424.0
2012-10-08 04:00:00,2268.0
2012-10-08 05:00:00,2260.0
2012-10-08 06:00:00,2253.0
2012-10-08 07:00:00,3742.0
2012-10-08 08:00:00,3640.0
2012-10-08 09:00:00,5039.0
2012-10-08 10:00:00,6128.0
2012-10-08 11:00:00,6009.0
2012-10-08 12:00:00,6284.0
2012-10-08 13:00:00,6047.0
2012-10-08 14:00:00,5987.0
2012-10-08 15:00:00,5958.0
2012-10-08 16:00:00,6336.0
2012-10-08 17:00:00,6342.0
2012-10-08 18:00:00,6729.0
2012-10-08 19:00:00,6765.0
2012-10-08 20:00:00,6838.0
2012-10-08 21:00:00,6550.0
2012-10-08 22:00:00,6572.0
2012-10-08 23:00:00,5151.0
2012-10-09 00:00:00,3350.0
2012-10-09 01:00:00,3120.0
2012-10-09 02:00:00,3706.0
2012-10-09 03:00:00,3498.0
2012-10-09 04:00:00,3403.0
2012-10-09 05:00:00,2536.0
2012-10-09 06:00:00,2565.0
2012-10-09 07:00:00,4121.0
2012-10-09 08:00:00,3847.0
2012-10-09 09:00:00,5483.0
2012-10-09 10:00:00,6040.0
2012-10-09 11:00:00,5861.0
2012-10-09 12:00:00,6084.0
2012-10-09 13:00:00,6454.0
2012-10-09 14:00:00,6780.0
2012-10-09 15:00:00,6239.0
2012-10-09 16:00:00,6269.0
2012-10-09 17:00:00,6247.0
2012-10-09 18:00:00,6380.0
2012-10-09 19:00:00,6299.0
2012-10-09 20:00:00,6698.0
2012-10-09 21:00:00,6447.0
2012-10-09 22:00:00,6365.0
2012-10-09 23:00:00,5069.0
2012-10-10 00:00:00,3358.0
2012-10-10 01:00:00,3202.0
2012-10-10 02:00:00,3047.0
2012-10-10 03:00:00,2587.0
2012-10-10 04:00:00,2565.0
2012-10-10 05:00:00,2483.0
2012-10-10 06:00:00,2513.0
2012-10-10 07:00:00,4150.0
2012-10-10 08:00:00,3973.0
2012-10-10 09:00:00,5846.0
2012-10-10 10:00:00,6031.0
2012-10-10 11:00:00,6091.0
2012-10-10 12:00:00,6261.0
2012-10-10 13:00:00,6179.0
2012-10-10 14:00:00,6394.0
2012-10-10 15:00:00,5898.0
2012-10-10 16:00:00,6077.0
2012-10-10 17:00:00,6440.0
2012-10-10 18:00:00,6091.0
2012-10-10 19:00:00,6179.0
2012-10-10 20:00:00,6860.0
2012-10-10 21:00:00,6654.0
2012-10-10 22:00:00,6394.0
2012-10-10 23:00:00,5009.0
2012-10-11 00:00:00,3335.0
2012-10-11 01:00:00,3194.0
2012-10-11 02:00:00,2987.0
2012-10-11 03:00:00,2543.0
2012-10-11 04:00:00,2498.0
2012-10-11 05:00:00,2483.0
2012-10-11 06:00:00,2483.0
2012-10-11 07:00:00,3935.0
2012-10-11 08:00:00,3883.0
2012-10-11 09:00:00,5350.0
2012-10-11 10:00:00,6143.0
2012-10-11 11:00:00,6166.0
2012-10-11 12:00:00,6114.0
2012-10-11 13:00:00,6395.0
2012-10-11 14:00:00,6298.0
2012-10-11 15:00:00,6217.0
2012-10-11 16:00:00,6357.0
2012-10-11 17:00:00,6090.0
2012-10-11 18:00:00,6261.0
2012-10-11 19:00:00,6046.0
2012-10-11 20:00:00,6476.0
2012-10-11 21:00:00,6357.0
2012-10-11 22:00:00,6142.0
2012-10-11 23:00:00,5025.0
2012-10-12 00:00:00,3498.0
2012-10-12 01:00:00,3098.0
2012-10-12 02:00:00,2899.0
2012-10-12 03:00:00,2395.0
2012-10-12 04:00:00,2417.0
2012-10-12 05:00:00,2395.0
2012-10-12 06:00:00,2357.0
2012-10-12 07:00:00,4083.0
2012-10-12 08:00:00,3810.0
2012-10-12 09:00:00,5497.0
2012-10-12 10:00:00,5906.0
2012-10-12 11:00:00,5972.0
2012-10-12 12:00:00,5868.0
2012-10-12 13:00:00,5980.0
2012-10-12 14:00:00,6092.0
2012-10-12 15:00:00,5823.0
2012-10-12 16:00:00,5906.0
2012-10-12 17:00:00,6039.0
2012-10-12 18:00:00,5832.0
2012-10-12 19:00:00,6083.0
2012-10-12 20:00:00,6269.0
2012-10-12 21:00:00,6201.0
2012-10-12 22:00:00,6128.0
2012-10-12 23:00:00,4765.0
2012-10-13 00:00:00,3068.0
2012-10-13 01:00:00,3069.0
2012-10-13 02:00:00,2906.0
2012-10-13 03:00:00,2334.0
2012-10-13 04:00:00,2298.0
2012-10-13 05:00:00,2306.0
2012-10-13 06:00:00,2195.0
2012-10-13 07:00:00,3854.0
2012-10-13 08:00:00,3779.0
2012-10-13 09:00:00,5499.0
2012-10-13 10:00:00,5757.0
2012-10-13 11:00:00,6165.0
2012-10-13 12:00:00,6144.0
2012-10-13 13:00:00,6358.0
2012-10-13 14:00:00,6091.0
2012-10-13 15:00:00,6239.0
2012-10-13 16:00:00,6120.0
2012-10-13 17:00:00,6106.0
2012-10-13 18:00:00,6091.0
2012-10-13 19:00:00,6513.0
2012-10-13 20:00:00,6462.0
2012-10-13 21:00:00,6342.0
2012-10-13 22:00:00,6002.0
2012-10-13 23:00:00,5032.0
2012-10-14 00:00:00,3084.0
2012-10-14 01:00:00,3061.0
2012-10-14 02:00:00,2883.0
2012-10-14 03:00:00,2416.0
2012-10-14 04:00:00,2358.0
2012-10-14 05:00:00,2350.0
2012-10-14 06:00:00,2201.0
2012-10-14 07:00:00,3920.0
2012-10-14 08:00:00,3684.0
2012-10-14 09:00:00,5647.0
2012-10-14 10:00:00,5958.0
2012-10-14 11:00:00,6654.0
2012-10-14 12:00:00,6394.0
2012-10-14 13:00:00,6387.0
2012-10-14 14:00:00,6543.0
2012-10-14 15:00:00,6603.0
2012-10-14 16:00:00,6498.0
2012-10-14 17:00:00,6565.0
2012-10-14 18:00:00,6225.0
2012-10-14 19:00:00,6217.0
2012-10-14 20:00:00,6313.0
2012-10-14 21:00:00,6321.0
2012-10-14 22:00:00,5958.0
2012-10-14 23:00:00,4603.0
2012-10-15 00:00:00,2810.0
2012-10-15 01:00:00,2876.0
2012-10-15 02:00:00,2595.0
2012-10-15 03:00:00,2425.0
2012-10-15 04:00:00,2394.0
2012-10-15 05:00:00,2394.0
2012-10-15 06:00:00,2254.0
2012-10-15 07:00:00,3854.0
2012-10-15 08:00:00,3669.0
2012-10-15 09:00:00,5358.0
2012-10-15 10:00:00,5387.0
2012-10-15 11:00:00,5527.0
2012-10-15 12:00:00,5712.0
2012-10-15 13:00:00,5506.0
2012-10-15 14:00:00,5505.0
2012-10-15 15:00:00,5646.0
2012-10-15 16:00:00,5640.0
2012-10-15 17:00:00,5817.0
2012-10-15 18:00:00,5810.0
2012-10-15 19:00:00,5706.0
2012-10-15 20:00:00,5794.0
2012-10-15 21:00:00,5766.0
2012-10-15 22:00:00,5697.0
2012-10-15 23:00:00,4432.0
2012-10-16 00:00:00,3046.0
2012-10-16 01:00:00,2906.0
2012-10-16 02:00:00,2647.0
2012-10-16 03:00:00,2239.0
2012-10-16 04:00:00,2186.0
2012-10-16 05:00:00,2188.0
2012-10-16 06:00:00,2157.0
2012-10-16 07:00:00,3906.0
2012-10-16 08:00:00,3564.0
2012-10-16 09:00:00,5388.0
2012-10-16 10:00:00,5557.0
2012-10-16 11:00:00,5942.0
2012-10-16 12:00:00,5891.0
2012-10-16 13:00:00,5788.0
2012-10-16 14:00:00,5758.0
2012-10-16 15:00:00,5787.0
2012-10-16 16:00:00,5765.0
2012-10-16 17:00:00,5972.0
2012-10-16 18:00:00,5972.0
2012-10-16 19:00:00,5831.0
2012-10-16 20:00:00,6631.0
2012-10-16 21:00:00,6335.0
2012-10-16 22:00:00,6209.0
2012-10-16 23:00:00,5025.0
2012-10-17 00:00:00,3069.0
2012-10-17 01:00:00,2972.0
2012-10-17 02:00:00,2987.0
2012-10-17 03:00:00,2365.0
2012-10-17 04:00:00,2290.0
2012-10-17 05:00:00,2239.0
2012-10-17 06:00:00,2290.0
2012-10-17 07:00:00,3825.0
2012-10-17 08:00:00,3832.0
2012-10-17 09:00:00,5535.0
2012-10-17 10:00:00,5786.0
2012-10-17 11:00:00,5691.0
2012-10-17 12:00:00,5987.0
2012-10-17 13:00:00,5906.0
2012-10-17 14:00:00,5616.0
2012-10-17 15:00:00,5735.0
2012-10-17 16:00:00,5980.0
2012-10-17 17:00:00,5875.0
2012-10-17 18:00:00,6179.0
2012-10-17 19:00:00,6239.0
2012-10-17 20:00:00,6393.0
2012-10-17 21:00:00,6469.0
2012-10-17 22:00:00,6425.0
2012-10-17 23:00:00,4809.0
2012-10-18 00:00:00,3320.0
2012-10-18 01:00:00,3292.0
2012-10-18 02:00:00,2654.0
2012-10-18 03:00:00,2275.0
2012-10-18 04:00:00,2282.0
2012-10-18 05:00:00,2179.0
2012-10-18 06:00:00,2283.0
2012-10-18 07:00:00,3840.0
2012-10-18 08:00:00,3884.0
2012-10-18 09:00:00,5268.0
2012-10-18 10:00:00,5446.0
2012-10-18 11:00:00,5624.0
2012-10-18 12:00:00,5751.0
2012-10-18 13:00:00,5380.0
2012-10-18 14:00:00,5631.0
2012-10-18 15:00:00,5394.0
2012-10-18 16:00:00,5536.0
2012-10-18 17:00:00,5750.0
2012-10-18 18:00:00,5758.0
2012-10-18 19:00:00,5957.0
2012-10-18 20:00:00,5986.0
2012-10-18 21:00:00,5869.0
2012-10-18 22:00:00,5788.0
2012-10-18 23:00:00,4632.0
2012-10-19 00:00:00,2935.0
2012-10-19 01:00:00,2839.0
2012-10-19 02:00:00,2691.0
2012-10-19 03:00:00,2210.0
2012-10-19 04:00:00,2151.0
2012-10-19 05:00:00,2149.0
2012-10-19 06:00:00,2128.0
2012-10-19 07:00:00,3639.0
2012-10-19 08:00:00,3728.0
2012-10-19 09:00:00,5031.0
2012-10-19 10:00:00,5579.0
2012-10-19 11:00:00,5499.0
2012-10-19 12:00:00,6098.0
2012-10-19 13:00:00,5639.0
2012-10-19 14:00:00,5365.0
2012-10-19 15:00:00,5344.0
2012-10-19 16:00:00,5632.0
2012-10-19 17:00:00,5980.0
2012-10-19 18:00:00,5899.0
2012-10-19 19:00:00,6120.0
2012-10-19 20:00:00,6210.0
2012-10-19 21:00:00,6179.0
2012-10-19 22:00:00,5950.0
2012-10-19 23:00:00,4868.0
2012-10-20 00:00:00,3447.0
2012-10-20 01:00:00,3209.0
2012-10-20 02:00:00,2647.0
2012-10-20 03:00:00,2313.0
2012-10-20 04:00:00,2312.0
2012-10-20 05:00:00,2261.0
2012-10-20 06:00:00,2276.0
2012-10-20 07:00:00,3639.0
2012-10-20 08:00:00,3846.0
2012-10-20 09:00:00,5424.0
2012-10-20 10:00:00,5662.0
2012-10-20 11:00:00,5943.0
2012-10-20 12:00:00,5942.0
2012-10-20 13:00:00,5875.0
2012-10-20 14:00:00,5677.0
2012-10-20 15:00:00,5743.0
2012-10-20 16:00:00,5906.0
2012-10-20 17:00:00,5802.0
2012-10-20 18:00:00,5661.0
2012-10-20 19:00:00,6247.0
2012-10-20 20:00:00,6454.0
2012-10-20 21:00:00,5884.0
2012-10-20 22:00:00,5787.0
2012-10-20 23:00:00,4468.0
2012-10-21 00:00:00,2772.0
2012-10-21 01:00:00,2661.0
2012-10-21 02:00:00,2624.0
2012-10-21 03:00:00,2194.0
2012-10-21 04:00:00,2046.0
2012-10-21 05:00:00,2150.0
2012-10-21 06:00:00,2039.0
2012-10-21 07:00:00,3624.0
2012-10-21 08:00:00,3550.0
2012-10-21 09:00:00,5379.0
2012-10-21 10:00:00,5542.0
2012-10-21 11:00:00,5580.0
2012-10-21 12:00:00,5758.0
2012-10-21 13:00:00,5935.0
2012-10-21 14:00:00,5654.0
2012-10-21 15:00:00,5838.0
2012-10-21 16:00:00,5839.0
2012-10-21 17:00:00,5899.0
2012-10-21 18:00:00,5817.0
2012-10-21 19:00:00,6461.0
2012-10-21 20:00:00,6512.0
2012-10-21 21:00:00,6187.0
2012-10-21 22:00:00,6099.0
2012-10-21 23:00:00,4580.0
2012-10-22 00:00:00,2817.0
2012-10-22 01:00:00,2757.0
2012-10-22 02:00:00,2684.0
2012-10-22 03:00:00,2254.0
2012-10-22 04:00:00,2238.0
2012-10-22 05:00:00,2321.0
2012-10-22 06:00:00,2202.0
2012-10-22 07:00:00,3869.0
2012-10-22 08:00:00,3758.0
2012-10-22 09:00:00,5388.0
2012-10-22 10:00:00,5808.0
2012-10-22 11:00:00,5913.0
2012-10-22 12:00:00,6298.0
2012-10-22 13:00:00,5965.0
2012-10-22 14:00:00,6187.0
2012-10-22 15:00:00,6157.0
2012-10-22 16:00:00,6069.0
2012-10-22 17:00:00,6016.0
2012-10-22 18:00:00,6276.0
2012-10-22 19:00:00,6475.0
2012-10-22 20:00:00,6765.0
2012-10-22 21:00:00,6579.0
2012-10-22 22:00:00,6151.0
2012-10-22 23:00:00,5291.0
2012-10-23 00:00:00,3780.0
2012-10-23 01:00:00,3654.0
2012-10-23 02:00:00,3624.0
2012-10-23 03:00:00,3557.0
2012-10-23 04:00:00,3254.0
2012-10-23 05:00:00,2669.0
2012-10-23 06:00:00,2209.0
2012-10-23 07:00:00,3861.0
2012-10-23 08:00:00,3750.0
2012-10-23 09:00:00,5261.0
2012-10-23 10:00:00,5809.0
2012-10-23 11:00:00,5861.0
2012-10-23 12:00:00,5891.0
2012-10-23 13:00:00,5987.0
2012-10-23 14:00:00,5839.0
2012-10-23 15:00:00,5624.0
2012-10-23 16:00:00,5987.0
2012-10-23 17:00:00,5847.0
2012-10-23 18:00:00,6357.0
2012-10-23 19:00:00,6647.0
2012-10-23 20:00:00,6446.0
2012-10-23 21:00:00,6550.0
2012-10-23 22:00:00,6246.0
2012-10-23 23:00:00,4794.0
2012-10-24 00:00:00,2728.0
2012-10-24 01:00:00,2721.0
2012-10-24 02:00:00,2669.0
2012-10-24 03:00:00,2365.0
2012-10-24 04:00:00,2217.0
2012-10-24 05:00:00,2202.0
2012-10-24 06:00:00,2202.0
2012-10-24 07:00:00,3847.0
2012-10-24 08:00:00,3639.0
2012-10-24 09:00:00,5114.0
2012-10-24 10:00:00,5581.0
2012-10-24 11:00:00,5766.0
2012-10-24 12:00:00,5513.0
2012-10-24 13:00:00,5691.0
2012-10-24 14:00:00,5749.0
2012-10-24 15:00:00,5580.0
2012-10-24 16:00:00,5876.0
2012-10-24 17:00:00,5980.0
2012-10-24 18:00:00,6076.0
2012-10-24 19:00:00,6653.0
2012-10-24 20:00:00,6402.0
2012-10-24 21:00:00,6306.0
2012-10-24 22:00:00,6209.0
2012-10-24 23:00:00,4610.0
2012-10-25 00:00:00,3062.0
2012-10-25 01:00:00,2913.0
2012-10-25 02:00:00,2795.0
2012-10-25 03:00:00,2291.0
2012-10-25 04:00:00,2247.0
2012-10-25 05:00:00,2283.0
2012-10-25 06:00:00,2306.0
2012-10-25 07:00:00,3987.0
2012-10-25 08:00:00,3883.0
2012-10-25 09:00:00,5084.0
2012-10-25 10:00:00,5727.0
2012-10-25 11:00:00,5535.0
2012-10-25 12:00:00,5387.0
2012-10-25 13:00:00,5624.0
2012-10-25 14:00:00,5839.0
2012-10-25 15:00:00,5262.0
2012-10-25 16:00:00,5662.0
2012-10-25 17:00:00,5535.0
2012-10-25 18:00:00,5957.0
2012-10-25 19:00:00,6460.0
2012-10-25 20:00:00,6402.0
2012-10-25 21:00:00,6209.0
2012-10-25 22:00:00,6046.0
2012-10-25 23:00:00,4729.0
2012-10-26 00:00:00,2787.0
2012-10-26 01:00:00,2647.0
2012-10-26 02:00:00,2661.0
2012-10-26 03:00:00,2232.0
2012-10-26 04:00:00,2246.0
2012-10-26 05:00:00,2246.0
2012-10-26 06:00:00,2209.0
2012-10-26 07:00:00,3951.0
2012-10-26 08:00:00,3772.0
2012-10-26 09:00:00,5024.0
2012-10-26 10:00:00,5876.0
2012-10-26 11:00:00,6054.0
2012-10-26 12:00:00,6069.0
2012-10-26 13:00:00,5862.0
2012-10-26 14:00:00,5744.0
2012-10-26 15:00:00,5616.0
2012-10-26 16:00:00,6092.0
2012-10-26 17:00:00,5839.0
2012-10-26 18:00:00,5980.0
2012-10-26 19:00:00,5907.0
2012-10-26 20:00:00,6195.0
2012-10-26 21:00:00,6010.0
2012-10-26 22:00:00,5794.0
2012-10-26 23:00:00,4817.0
2012-10-27 00:00:00,3432.0
2012-10-27 01:00:00,3350.0
2012-10-27 02:00:00,2653.0
2012-10-27 03:00:00,2261.0
2012-10-27 04:00:00,2357.0
2012-10-27 05:00:00,2261.0
2012-10-27 06:00:00,2262.0
2012-10-27 07:00:00,3965.0
2012-10-27 08:00:00,3683.0
2012-10-27 09:00:00,5498.0
2012-10-27 10:00:00,5980.0
2012-10-27 11:00:00,6224.0
2012-10-27 12:00:00,6054.0
2012-10-27 13:00:00,6335.0
2012-10-27 14:00:00,6091.0
2012-10-27 15:00:00,5906.0
2012-10-27 16:00:00,6069.0
2012-10-27 17:00:00,5876.0
2012-10-27 18:00:00,5742.0
2012-10-27 19:00:00,5979.0
2012-10-27 20:00:00,6410.0
2012-10-27 21:00:00,6031.0
2012-10-27 22:00:00,5817.0
2012-10-27 23:00:00,4609.0
2012-10-28 00:00:00,2817.0
2012-10-28 01:00:00,5469.0
2012-10-28 02:00:00,2484.0
2012-10-28 03:00:00,2254.0
2012-10-28 04:00:00,2188.0
2012-10-28 05:00:00,2217.0
2012-10-28 06:00:00,2128.0
2012-10-28 07:00:00,3772.0
2012-10-28 08:00:00,3698.0
2012-10-28 09:00:00,5298.0
2012-10-28 10:00:00,5528.0
2012-10-28 11:00:00,5661.0
2012-10-28 12:00:00,5684.0
2012-10-28 13:00:00,5373.0
2012-10-28 14:00:00,5558.0
2012-10-28 15:00:00,5461.0
2012-10-28 16:00:00,5772.0
2012-10-28 17:00:00,5498.0
2012-10-28 18:00:00,6342.0
2012-10-28 19:00:00,6061.0
2012-10-28 20:00:00,5743.0
2012-10-28 21:00:00,5765.0
2012-10-28 22:00:00,5617.0
2012-10-28 23:00:00,4401.0
2012-10-29 00:00:00,2816.0
2012-10-29 01:00:00,2394.0
2012-10-29 02:00:00,2394.0
2012-10-29 03:00:00,2040.0
2012-10-29 04:00:00,1928.0
2012-10-29 05:00:00,1958.0
2012-10-29 06:00:00,2033.0
2012-10-29 07:00:00,3632.0
2012-10-29 08:00:00,3231.0
2012-10-29 09:00:00,4794.0
2012-10-29 10:00:00,5231.0
2012-10-29 11:00:00,5248.0
2012-10-29 12:00:00,5247.0
2012-10-29 13:00:00,5402.0
2012-10-29 14:00:00,5685.0
2012-10-29 15:00:00,5379.0
2012-10-29 16:00:00,5468.0
2012-10-29 17:00:00,5535.0
2012-10-29 18:00:00,6135.0
2012-10-29 19:00:00,6386.0
2012-10-29 20:00:00,6032.0
2012-10-29 21:00:00,6069.0
2012-10-29 22:00:00,5988.0
2012-10-29 23:00:00,4913.0
2012-10-30 00:00:00,3624.0
2012-10-30 01:00:00,3276.0
2012-10-30 02:00:00,3276.0
2012-10-30 03:00:00,2913.0
2012-10-30 04:00:00,2884.0
2012-10-30 05:00:00,2920.0
2012-10-30 06:00:00,2854.0
2012-10-30 07:00:00,4550.0
2012-10-30 08:00:00,4164.0
2012-10-30 09:00:00,5305.0
2012-10-30 10:00:00,5639.0
2012-10-30 11:00:00,5831.0
2012-10-30 12:00:00,5653.0
2012-10-30 13:00:00,5461.0
2012-10-30 14:00:00,5536.0
2012-10-30 15:00:00,5283.0
2012-10-30 16:00:00,5513.0
2012-10-30 17:00:00,5557.0
2012-10-30 18:00:00,6165.0
2012-10-30 19:00:00,6113.0
2012-10-30 20:00:00,5838.0
2012-10-30 21:00:00,5766.0
2012-10-30 22:00:00,5676.0
2012-10-30 23:00:00,4424.0
2012-10-31 00:00:00,2883.0
2012-10-31 01:00:00,2565.0
2012-10-31 02:00:00,2588.0
2012-10-31 03:00:00,2275.0
2012-10-31 04:00:00,2195.0
2012-10-31 05:00:00,2143.0
2012-10-31 06:00:00,2164.0
2012-10-31 07:00:00,3609.0
2012-10-31 08:00:00,3402.0
2012-10-31 09:00:00,5024.0
2012-10-31 10:00:00,5498.0
2012-10-31 11:00:00,5632.0
2012-10-31 12:00:00,5625.0
2012-10-31 13:00:00,5521.0
2012-10-31 14:00:00,5528.0
2012-10-31 15:00:00,5305.0
2012-10-31 16:00:00,5691.0
2012-10-31 17:00:00,5602.0
2012-10-31 18:00:00,5980.0
2012-10-31 19:00:00,6453.0
2012-10-31 20:00:00,5936.0
2012-10-31 21:00:00,5883.0
2012-10-31 22:00:00,5921.0
2012-10-31 23:00:00,4669.0
2012-11-01 00:00:00,2994.0
2012-11-01 01:00:00,2847.0
2012-11-01 02:00:00,2521.0
2012-11-01 03:00:00,2284.0
2012-11-01 04:00:00,2151.0
2012-11-01 05:00:00,2173.0
2012-11-01 06:00:00,2173.0
2012-11-01 07:00:00,3713.0
2012-11-01 08:00:00,3432.0
2012-11-01 09:00:00,5231.0
2012-11-01 10:00:00,5764.0
2012-11-01 11:00:00,5965.0
2012-11-01 12:00:00,5868.0
2012-11-01 13:00:00,5846.0
2012-11-01 14:00:00,5706.0
2012-11-01 15:00:00,5482.0
2012-11-01 16:00:00,5653.0
2012-11-01 17:00:00,5795.0
2012-11-01 18:00:00,6320.0
2012-11-01 19:00:00,6187.0
2012-11-01 20:00:00,6024.0
2012-11-01 21:00:00,6002.0
2012-11-01 22:00:00,5884.0
2012-11-01 23:00:00,4750.0
2012-11-02 00:00:00,2824.0
2012-11-02 01:00:00,2602.0
2012-11-02 02:00:00,2588.0
2012-11-02 03:00:00,2298.0
2012-11-02 04:00:00,2224.0
2012-11-02 05:00:00,2232.0
2012-11-02 06:00:00,2173.0
2012-11-02 07:00:00,3854.0
2012-11-02 08:00:00,3565.0
2012-11-02 09:00:00,4949.0
2012-11-02 10:00:00,5913.0
2012-11-02 11:00:00,5705.0
2012-11-02 12:00:00,5810.0
2012-11-02 13:00:00,5646.0
2012-11-02 14:00:00,5713.0
2012-11-02 15:00:00,5483.0
2012-11-02 16:00:00,5640.0
2012-11-02 17:00:00,5906.0
2012-11-02 18:00:00,6083.0
2012-11-02 19:00:00,6663.0
2012-11-02 20:00:00,6188.0
2012-11-02 21:00:00,5943.0
2012-11-02 22:00:00,5638.0
2012-11-02 23:00:00,4654.0
2012-11-03 00:00:00,3194.0
2012-11-03 01:00:00,3217.0
2012-11-03 02:00:00,3046.0
2012-11-03 03:00:00,2335.0
2012-11-03 04:00:00,2341.0
2012-11-03 05:00:00,2343.0
2012-11-03 06:00:00,2299.0
2012-11-03 07:00:00,3979.0
2012-11-03 08:00:00,3943.0
2012-11-03 09:00:00,5765.0
2012-11-03 10:00:00,6172.0
2012-11-03 11:00:00,6002.0
2012-11-03 12:00:00,6380.0
2012-11-03 13:00:00,5905.0
2012-11-03 14:00:00,6180.0
2012-11-03 15:00:00,5743.0
2012-11-03 16:00:00,6120.0
2012-11-03 17:00:00,5928.0
2012-11-03 18:00:00,6394.0
2012-11-03 19:00:00,7009.0
2012-11-03 20:00:00,6328.0
2012-11-03 21:00:00,6476.0
2012-11-03 22:00:00,6165.0
2012-11-03 23:00:00,4624.0
2012-11-04 00:00:00,2764.0
2012-11-04 01:00:00,2824.0
2012-11-04 02:00:00,2646.0
2012-11-04 03:00:00,2417.0
2012-11-04 04:00:00,2306.0
2012-11-04 05:00:00,2209.0
2012-11-04 06:00:00,2187.0
2012-11-04 07:00:00,3743.0
2012-11-04 08:00:00,3772.0
2012-11-04 09:00:00,5269.0
2012-11-04 10:00:00,5580.0
2012-11-04 11:00:00,5809.0
2012-11-04 12:00:00,5638.0
2012-11-04 13:00:00,5750.0
2012-11-04 14:00:00,5616.0
2012-11-04 15:00:00,5195.0
2012-11-04 16:00:00,5513.0
2012-11-04 17:00:00,5661.0
2012-11-04 18:00:00,5840.0
2012-11-04 19:00:00,6209.0
2012-11-04 20:00:00,5987.0
2012-11-04 21:00:00,5973.0
2012-11-04 22:00:00,5795.0
2012-11-04 23:00:00,4261.0
2012-11-05 00:00:00,2580.0
2012-11-05 01:00:00,2654.0
2012-11-05 02:00:00,2425.0
2012-11-05 03:00:00,2231.0
2012-11-05 04:00:00,2150.0
2012-11-05 05:00:00,2158.0
2012-11-05 06:00:00,2135.0
2012-11-05 07:00:00,3653.0
2012-11-05 08:00:00,3624.0
2012-11-05 09:00:00,4899.0
2012-11-05 10:00:00,5565.0
2012-11-05 11:00:00,5551.0
2012-11-05 12:00:00,5623.0
2012-11-05 13:00:00,5512.0
2012-11-05 14:00:00,5364.0
2012-11-05 15:00:00,5239.0
2012-11-05 16:00:00,5195.0
2012-11-05 17:00:00,5817.0
2012-11-05 18:00:00,6099.0
2012-11-05 19:00:00,6239.0
2012-11-05 20:00:00,6150.0
2012-11-05 21:00:00,6002.0
2012-11-05 22:00:00,5639.0
2012-11-05 23:00:00,5098.0
2012-11-06 00:00:00,3417.0
2012-11-06 01:00:00,3321.0
2012-11-06 02:00:00,3261.0
2012-11-06 03:00:00,3069.0
2012-11-06 04:00:00,2942.0
2012-11-06 05:00:00,3016.0
2012-11-06 06:00:00,2906.0
2012-11-06 07:00:00,3921.0
2012-11-06 08:00:00,3676.0
2012-11-06 09:00:00,4980.0
2012-11-06 10:00:00,5195.0
2012-11-06 11:00:00,5476.0
2012-11-06 12:00:00,5358.0
2012-11-06 13:00:00,5216.0
2012-11-06 14:00:00,5343.0
2012-11-06 15:00:00,4884.0
2012-11-06 16:00:00,5128.0
2012-11-06 17:00:00,5824.0
2012-11-06 18:00:00,6017.0
2012-11-06 19:00:00,6166.0
2012-11-06 20:00:00,5810.0
2012-11-06 21:00:00,5624.0
2012-11-06 22:00:00,5498.0
2012-11-06 23:00:00,4727.0
2012-11-07 00:00:00,3024.0
2012-11-07 01:00:00,3031.0
2012-11-07 02:00:00,2654.0
2012-11-07 03:00:00,2364.0
2012-11-07 04:00:00,2336.0
2012-11-07 05:00:00,2373.0
2012-11-07 06:00:00,2314.0
2012-11-07 07:00:00,3965.0
2012-11-07 08:00:00,3861.0
2012-11-07 09:00:00,4988.0
2012-11-07 10:00:00,5127.0
2012-11-07 11:00:00,5269.0
2012-11-07 12:00:00,5077.0
2012-11-07 13:00:00,5186.0
2012-11-07 14:00:00,5239.0
2012-11-07 15:00:00,5098.0
2012-11-07 16:00:00,4958.0
2012-11-07 17:00:00,5535.0
2012-11-07 18:00:00,5973.0
2012-11-07 19:00:00,6209.0
2012-11-07 20:00:00,5639.0
2012-11-07 21:00:00,5669.0
2012-11-07 22:00:00,5572.0
2012-11-07 23:00:00,4350.0
2012-11-08 00:00:00,2514.0
2012-11-08 01:00:00,2409.0
2012-11-08 02:00:00,2343.0
2012-11-08 03:00:00,2106.0
2012-11-08 04:00:00,2077.0
2012-11-08 05:00:00,2045.0
2012-11-08 06:00:00,2069.0
2012-11-08 07:00:00,3833.0
2012-11-08 08:00:00,3676.0
2012-11-08 09:00:00,5032.0
2012-11-08 10:00:00,5277.0
2012-11-08 11:00:00,5277.0
2012-11-08 12:00:00,5469.0
2012-11-08 13:00:00,5528.0
2012-11-08 14:00:00,5380.0
2012-11-08 15:00:00,5357.0
2012-11-08 16:00:00,5299.0
2012-11-08 17:00:00,5824.0
2012-11-08 18:00:00,6446.0
2012-11-08 19:00:00,6194.0
2012-11-08 20:00:00,5906.0
2012-11-08 21:00:00,5794.0
2012-11-08 22:00:00,5661.0
2012-11-08 23:00:00,4543.0
2012-11-09 00:00:00,2847.0
2012-11-09 01:00:00,2780.0
2012-11-09 02:00:00,2476.0
2012-11-09 03:00:00,2083.0
2012-11-09 04:00:00,2068.0
2012-11-09 05:00:00,2069.0
2012-11-09 06:00:00,2047.0
2012-11-09 07:00:00,3809.0
2012-11-09 08:00:00,3528.0
2012-11-09 09:00:00,4736.0
2012-11-09 10:00:00,5172.0
2012-11-09 11:00:00,5447.0
2012-11-09 12:00:00,5372.0
2012-11-09 13:00:00,5469.0
2012-11-09 14:00:00,5387.0
2012-11-09 15:00:00,5358.0
2012-11-09 16:00:00,5453.0
2012-11-09 17:00:00,5912.0
2012-11-09 18:00:00,6521.0
2012-11-09 19:00:00,6565.0
2012-11-09 20:00:00,6077.0
2012-11-09 21:00:00,6010.0
2012-11-09 22:00:00,5758.0
2012-11-09 23:00:00,4587.0
2012-11-10 00:00:00,2840.0
2012-11-10 01:00:00,2690.0
2012-11-10 02:00:00,2624.0
2012-11-10 03:00:00,2521.0
2012-11-10 04:00:00,2076.0
2012-11-10 05:00:00,2053.0
2012-11-10 06:00:00,2098.0
2012-11-10 07:00:00,4039.0
2012-11-10 08:00:00,3446.0
2012-11-10 09:00:00,5054.0
2012-11-10 10:00:00,5290.0
2012-11-10 11:00:00,5936.0
2012-11-10 12:00:00,5927.0
2012-11-10 13:00:00,5625.0
2012-11-10 14:00:00,5801.0
2012-11-10 15:00:00,5431.0
2012-11-10 16:00:00,5787.0
2012-11-10 17:00:00,5749.0
2012-11-10 18:00:00,6247.0
2012-11-10 19:00:00,5957.0
2012-11-10 20:00:00,5943.0
2012-11-10 21:00:00,5972.0
2012-11-10 22:00:00,5683.0
2012-11-10 23:00:00,4683.0
2012-11-11 00:00:00,2766.0
2012-11-11 01:00:00,2543.0
2012-11-11 02:00:00,2439.0
2012-11-11 03:00:00,1928.0
2012-11-11 04:00:00,2002.0
2012-11-11 05:00:00,2031.0
2012-11-11 06:00:00,1943.0
2012-11-11 07:00:00,3846.0
2012-11-11 08:00:00,3558.0
2012-11-11 09:00:00,5053.0
2012-11-11 10:00:00,5039.0
2012-11-11 11:00:00,5061.0
2012-11-11 12:00:00,5090.0
2012-11-11 13:00:00,5046.0
2012-11-11 14:00:00,5040.0
2012-11-11 15:00:00,4936.0
2012-11-11 16:00:00,5010.0
2012-11-11 17:00:00,4913.0
2012-11-11 18:00:00,5579.0
2012-11-11 19:00:00,5721.0
2012-11-11 20:00:00,5646.0
2012-11-11 21:00:00,5484.0
2012-11-11 22:00:00,5246.0
2012-11-11 23:00:00,4245.0
2012-11-12 00:00:00,2535.0
2012-11-12 01:00:00,2194.0
2012-11-12 02:00:00,2120.0
2012-11-12 03:00:00,1861.0
2012-11-12 04:00:00,1781.0
2012-11-12 05:00:00,1824.0
2012-11-12 06:00:00,1706.0
2012-11-12 07:00:00,3816.0
2012-11-12 08:00:00,3490.0
2012-11-12 09:00:00,4608.0
2012-11-12 10:00:00,5107.0
2012-11-12 11:00:00,4988.0
2012-11-12 12:00:00,5084.0
2012-11-12 13:00:00,4913.0
2012-11-12 14:00:00,5047.0
2012-11-12 15:00:00,5032.0
2012-11-12 16:00:00,5343.0
2012-11-12 17:00:00,5549.0
2012-11-12 18:00:00,5809.0
2012-11-12 19:00:00,6105.0
2012-11-12 20:00:00,5862.0
2012-11-12 21:00:00,5684.0
2012-11-12 22:00:00,5549.0
2012-11-12 23:00:00,4164.0
2012-11-13 00:00:00,2625.0
2012-11-13 01:00:00,2551.0
2012-11-13 02:00:00,2440.0
2012-11-13 03:00:00,2187.0
2012-11-13 04:00:00,2032.0
2012-11-13 05:00:00,1780.0
2012-11-13 06:00:00,1802.0
2012-11-13 07:00:00,3766.0
2012-11-13 08:00:00,3498.0
2012-11-13 09:00:00,4669.0
2012-11-13 10:00:00,4854.0
2012-11-13 11:00:00,5091.0
2012-11-13 12:00:00,5335.0
2012-11-13 13:00:00,5098.0
2012-11-13 14:00:00,5047.0
2012-11-13 15:00:00,5032.0
2012-11-13 16:00:00,4979.0
2012-11-13 17:00:00,5254.0
2012-11-13 18:00:00,5846.0
2012-11-13 19:00:00,5705.0
2012-11-13 20:00:00,5728.0
2012-11-13 21:00:00,5683.0
2012-11-13 22:00:00,5550.0
2012-11-13 23:00:00,4246.0
2012-11-14 00:00:00,2542.0
2012-11-14 01:00:00,2536.0
2012-11-14 02:00:00,2529.0
2012-11-14 03:00:00,2032.0
2012-11-14 04:00:00,1906.0
2012-11-14 05:00:00,1935.0
2012-11-14 06:00:00,1942.0
2012-11-14 07:00:00,3660.0
2012-11-14 08:00:00,3468.0
2012-11-14 09:00:00,4897.0
2012-11-14 10:00:00,5039.0
2012-11-14 11:00:00,5129.0
2012-11-14 12:00:00,5721.0
2012-11-14 13:00:00,5439.0
2012-11-14 14:00:00,5321.0
2012-11-14 15:00:00,5529.0
2012-11-14 16:00:00,5513.0
2012-11-14 17:00:00,5713.0
2012-11-14 18:00:00,6231.0
2012-11-14 19:00:00,6128.0
2012-11-14 20:00:00,5809.0
2012-11-14 21:00:00,5832.0
2012-11-14 22:00:00,5646.0
2012-11-14 23:00:00,4454.0
2012-11-15 00:00:00,2876.0
2012-11-15 01:00:00,2669.0
2012-11-15 02:00:00,2462.0
2012-11-15 03:00:00,2069.0
2012-11-15 04:00:00,2002.0
2012-11-15 05:00:00,2039.0
2012-11-15 06:00:00,2031.0
2012-11-15 07:00:00,3780.0
2012-11-15 08:00:00,3831.0
2012-11-15 09:00:00,4764.0
2012-11-15 10:00:00,5366.0
2012-11-15 11:00:00,5439.0
2012-11-15 12:00:00,5351.0
2012-11-15 13:00:00,5484.0
2012-11-15 14:00:00,5446.0
2012-11-15 15:00:00,5201.0
2012-11-15 16:00:00,5275.0
2012-11-15 17:00:00,5343.0
2012-11-15 18:00:00,6083.0
2012-11-15 19:00:00,6320.0
2012-11-15 20:00:00,6069.0
2012-11-15 21:00:00,5943.0
2012-11-15 22:00:00,5713.0
2012-11-15 23:00:00,4342.0
2012-11-16 00:00:00,2610.0
2012-11-16 01:00:00,2654.0
2012-11-16 02:00:00,2490.0
2012-11-16 03:00:00,2114.0
2012-11-16 04:00:00,2113.0
2012-11-16 05:00:00,2098.0
2012-11-16 06:00:00,2099.0
2012-11-16 07:00:00,3861.0
2012-11-16 08:00:00,3750.0
2012-11-16 09:00:00,5149.0
2012-11-16 10:00:00,5350.0
2012-11-16 11:00:00,5402.0
2012-11-16 12:00:00,5624.0
2012-11-16 13:00:00,5357.0
2012-11-16 14:00:00,5217.0
2012-11-16 15:00:00,5269.0
2012-11-16 16:00:00,5387.0
2012-11-16 17:00:00,5550.0
2012-11-16 18:00:00,6010.0
2012-11-16 19:00:00,6579.0
2012-11-16 20:00:00,6010.0
2012-11-16 21:00:00,6069.0
2012-11-16 22:00:00,5840.0
2012-11-16 23:00:00,4713.0
2012-11-17 00:00:00,2647.0
2012-11-17 01:00:00,2579.0
2012-11-17 02:00:00,2438.0
2012-11-17 03:00:00,2113.0
2012-11-17 04:00:00,2062.0
2012-11-17 05:00:00,2202.0
2012-11-17 06:00:00,2172.0
2012-11-17 07:00:00,4077.0
2012-11-17 08:00:00,3868.0
2012-11-17 09:00:00,5668.0
2012-11-17 10:00:00,5683.0
2012-11-17 11:00:00,5898.0
2012-11-17 12:00:00,6114.0
2012-11-17 13:00:00,5617.0
2012-11-17 14:00:00,5816.0
2012-11-17 15:00:00,5543.0
2012-11-17 16:00:00,5452.0
2012-11-17 17:00:00,5507.0
2012-11-17 18:00:00,5972.0
2012-11-17 19:00:00,6328.0
2012-11-17 20:00:00,5958.0
2012-11-17 21:00:00,5877.0
2012-11-17 22:00:00,5610.0
2012-11-17 23:00:00,4780.0
2012-11-18 00:00:00,2683.0
2012-11-18 01:00:00,2647.0
2012-11-18 02:00:00,2335.0
2012-11-18 03:00:00,2120.0
2012-11-18 04:00:00,1840.0
2012-11-18 05:00:00,1861.0
2012-11-18 06:00:00,2068.0
2012-11-18 07:00:00,3802.0
2012-11-18 08:00:00,3846.0
2012-11-18 09:00:00,5195.0
2012-11-18 10:00:00,5453.0
2012-11-18 11:00:00,5639.0
2012-11-18 12:00:00,5616.0
2012-11-18 13:00:00,5543.0
2012-11-18 14:00:00,5373.0
2012-11-18 15:00:00,5491.0
2012-11-18 16:00:00,5209.0
2012-11-18 17:00:00,5277.0
2012-11-18 18:00:00,5884.0
2012-11-18 19:00:00,6046.0
2012-11-18 20:00:00,5654.0
2012-11-18 21:00:00,5587.0
2012-11-18 22:00:00,5483.0
2012-11-18 23:00:00,4691.0
2012-11-19 00:00:00,2432.0
2012-11-19 01:00:00,2306.0
2012-11-19 02:00:00,2395.0
2012-11-19 03:00:00,2046.0
2012-11-19 04:00:00,1966.0
2012-11-19 05:00:00,2016.0
2012-11-19 06:00:00,2002.0
2012-11-19 07:00:00,3816.0
2012-11-19 08:00:00,3572.0
2012-11-19 09:00:00,4846.0
2012-11-19 10:00:00,5380.0
2012-11-19 11:00:00,5602.0
2012-11-19 12:00:00,5453.0
2012-11-19 13:00:00,5388.0
2012-11-19 14:00:00,5180.0
2012-11-19 15:00:00,5016.0
2012-11-19 16:00:00,5490.0
2012-11-19 17:00:00,5721.0
2012-11-19 18:00:00,6194.0
2012-11-19 19:00:00,6194.0
2012-11-19 20:00:00,5965.0
2012-11-19 21:00:00,5809.0
2012-11-19 22:00:00,5631.0
2012-11-19 23:00:00,4594.0
2012-11-20 00:00:00,3024.0
2012-11-20 01:00:00,3016.0
2012-11-20 02:00:00,2780.0
2012-11-20 03:00:00,2342.0
2012-11-20 04:00:00,2253.0
2012-11-20 05:00:00,2490.0
2012-11-20 06:00:00,2365.0
2012-11-20 07:00:00,4113.0
2012-11-20 08:00:00,4284.0
2012-11-20 09:00:00,5083.0
2012-11-20 10:00:00,5224.0
2012-11-20 11:00:00,5320.0
2012-11-20 12:00:00,5327.0
2012-11-20 13:00:00,5380.0
2012-11-20 14:00:00,5373.0
2012-11-20 15:00:00,5335.0
2012-11-20 16:00:00,5461.0
2012-11-20 17:00:00,5854.0
2012-11-20 18:00:00,6328.0
2012-11-20 19:00:00,6136.0
2012-11-20 20:00:00,5920.0
2012-11-20 21:00:00,6002.0
2012-11-20 22:00:00,5647.0
2012-11-20 23:00:00,4313.0
2012-11-21 00:00:00,2522.0
2012-11-21 01:00:00,2506.0
2012-11-21 02:00:00,2431.0
2012-11-21 03:00:00,2105.0
2012-11-21 04:00:00,2099.0
2012-11-21 05:00:00,2016.0
2012-11-21 06:00:00,2017.0
2012-11-21 07:00:00,4120.0
2012-11-21 08:00:00,3780.0
2012-11-21 09:00:00,4683.0
2012-11-21 10:00:00,5164.0
2012-11-21 11:00:00,5291.0
2012-11-21 12:00:00,5127.0
2012-11-21 13:00:00,5046.0
2012-11-21 14:00:00,5179.0
2012-11-21 15:00:00,4809.0
2012-11-21 16:00:00,5328.0
2012-11-21 17:00:00,5402.0
2012-11-21 18:00:00,6090.0
2012-11-21 19:00:00,6054.0
2012-11-21 20:00:00,5603.0
2012-11-21 21:00:00,5594.0
2012-11-21 22:00:00,5410.0
2012-11-21 23:00:00,4031.0
2012-11-22 00:00:00,2358.0
2012-11-22 01:00:00,2350.0
2012-11-22 02:00:00,2313.0
2012-11-22 03:00:00,1898.0
2012-11-22 04:00:00,1898.0
2012-11-22 05:00:00,1965.0
2012-11-22 06:00:00,1928.0
2012-11-22 07:00:00,3691.0
2012-11-22 08:00:00,3566.0
2012-11-22 09:00:00,4624.0
2012-11-22 10:00:00,5023.0
2012-11-22 11:00:00,5446.0
2012-11-22 12:00:00,5277.0
2012-11-22 13:00:00,5024.0
2012-11-22 14:00:00,5143.0
2012-11-22 15:00:00,4816.0
2012-11-22 16:00:00,5292.0
2012-11-22 17:00:00,5335.0
2012-11-22 18:00:00,5832.0
2012-11-22 19:00:00,6143.0
2012-11-22 20:00:00,6002.0
2012-11-22 21:00:00,5602.0
2012-11-22 22:00:00,5550.0
2012-11-22 23:00:00,4343.0
2012-11-23 00:00:00,2816.0
2012-11-23 01:00:00,2735.0
2012-11-23 02:00:00,2484.0
2012-11-23 03:00:00,2068.0
2012-11-23 04:00:00,2040.0
2012-11-23 05:00:00,2077.0
2012-11-23 06:00:00,2002.0
2012-11-23 07:00:00,3898.0
2012-11-23 08:00:00,3684.0
2012-11-23 09:00:00,4905.0
2012-11-23 10:00:00,5297.0
2012-11-23 11:00:00,5394.0
2012-11-23 12:00:00,5327.0
2012-11-23 13:00:00,5009.0
2012-11-23 14:00:00,4943.0
2012-11-23 15:00:00,4934.0
2012-11-23 16:00:00,5424.0
2012-11-23 17:00:00,5661.0
2012-11-23 18:00:00,6350.0
2012-11-23 19:00:00,6491.0
2012-11-23 20:00:00,6350.0
2012-11-23 21:00:00,6120.0
2012-11-23 22:00:00,5751.0
2012-11-23 23:00:00,4669.0
2012-11-24 00:00:00,2875.0
2012-11-24 01:00:00,2765.0
2012-11-24 02:00:00,2528.0
2012-11-24 03:00:00,2202.0
2012-11-24 04:00:00,2105.0
2012-11-24 05:00:00,2150.0
2012-11-24 06:00:00,2091.0
2012-11-24 07:00:00,4084.0
2012-11-24 08:00:00,3668.0
2012-11-24 09:00:00,5209.0
2012-11-24 10:00:00,5609.0
2012-11-24 11:00:00,5661.0
2012-11-24 12:00:00,5788.0
2012-11-24 13:00:00,5646.0
2012-11-24 14:00:00,5617.0
2012-11-24 15:00:00,5535.0
2012-11-24 16:00:00,5669.0
2012-11-24 17:00:00,5965.0
2012-11-24 18:00:00,6335.0
2012-11-24 19:00:00,6544.0
2012-11-24 20:00:00,6172.0
2012-11-24 21:00:00,6032.0
2012-11-24 22:00:00,5898.0
2012-11-24 23:00:00,4728.0
2012-11-25 00:00:00,2809.0
2012-11-25 01:00:00,2609.0
2012-11-25 02:00:00,2498.0
2012-11-25 03:00:00,2305.0
2012-11-25 04:00:00,2261.0
2012-11-25 05:00:00,2268.0
2012-11-25 06:00:00,2260.0
2012-11-25 07:00:00,4018.0
2012-11-25 08:00:00,3928.0
2012-11-25 09:00:00,5283.0
2012-11-25 10:00:00,5965.0
2012-11-25 11:00:00,5795.0
2012-11-25 12:00:00,6062.0
2012-11-25 13:00:00,5883.0
2012-11-25 14:00:00,5816.0
2012-11-25 15:00:00,5512.0
2012-11-25 16:00:00,5579.0
2012-11-25 17:00:00,6238.0
2012-11-25 18:00:00,6320.0
2012-11-25 19:00:00,6579.0
2012-11-25 20:00:00,5979.0
2012-11-25 21:00:00,6188.0
2012-11-25 22:00:00,5862.0
2012-11-25 23:00:00,4646.0
2012-11-26 00:00:00,2654.0
2012-11-26 01:00:00,2706.0
2012-11-26 02:00:00,2476.0
2012-11-26 03:00:00,2164.0
2012-11-26 04:00:00,2188.0
2012-11-26 05:00:00,2173.0
2012-11-26 06:00:00,2135.0
2012-11-26 07:00:00,3943.0
2012-11-26 08:00:00,3653.0
2012-11-26 09:00:00,5202.0
2012-11-26 10:00:00,5357.0
2012-11-26 11:00:00,5476.0
2012-11-26 12:00:00,5431.0
2012-11-26 13:00:00,5453.0
2012-11-26 14:00:00,5084.0
2012-11-26 15:00:00,4957.0
2012-11-26 16:00:00,5246.0
2012-11-26 17:00:00,5928.0
2012-11-26 18:00:00,6046.0
2012-11-26 19:00:00,6038.0
2012-11-26 20:00:00,5920.0
2012-11-26 21:00:00,5780.0
2012-11-26 22:00:00,5661.0
2012-11-26 23:00:00,4194.0
2012-11-27 00:00:00,2416.0
2012-11-27 01:00:00,2417.0
2012-11-27 02:00:00,2165.0
2012-11-27 03:00:00,1787.0
2012-11-27 04:00:00,1742.0
2012-11-27 05:00:00,1787.0
2012-11-27 06:00:00,1802.0
2012-11-27 07:00:00,3676.0
2012-11-27 08:00:00,3653.0
2012-11-27 09:00:00,4802.0
2012-11-27 10:00:00,5084.0
2012-11-27 11:00:00,5260.0
2012-11-27 12:00:00,5113.0
2012-11-27 13:00:00,4966.0
2012-11-27 14:00:00,4884.0
2012-11-27 15:00:00,4697.0
2012-11-27 16:00:00,4980.0
2012-11-27 17:00:00,5387.0
2012-11-27 18:00:00,5861.0
2012-11-27 19:00:00,6173.0
2012-11-27 20:00:00,5870.0
2012-11-27 21:00:00,5816.0
2012-11-27 22:00:00,5632.0
2012-11-27 23:00:00,4336.0
2012-11-28 00:00:00,2573.0
2012-11-28 01:00:00,2313.0
2012-11-28 02:00:00,2098.0
2012-11-28 03:00:00,1817.0
2012-11-28 04:00:00,1722.0
2012-11-28 05:00:00,1780.0
2012-11-28 06:00:00,1683.0
2012-11-28 07:00:00,3520.0
2012-11-28 08:00:00,3461.0
2012-11-28 09:00:00,4505.0
2012-11-28 10:00:00,4876.0
2012-11-28 11:00:00,4980.0
2012-11-28 12:00:00,5039.0
2012-11-28 13:00:00,5047.0
2012-11-28 14:00:00,4726.0
2012-11-28 15:00:00,4750.0
2012-11-28 16:00:00,4764.0
2012-11-28 17:00:00,5467.0
2012-11-28 18:00:00,5987.0
2012-11-28 19:00:00,6039.0
2012-11-28 20:00:00,5714.0
2012-11-28 21:00:00,5757.0
2012-11-28 22:00:00,5424.0
2012-11-28 23:00:00,4165.0
2012-11-29 00:00:00,2254.0
2012-11-29 01:00:00,2119.0
2012-11-29 02:00:00,1987.0
2012-11-29 03:00:00,1698.0
2012-11-29 04:00:00,1721.0
2012-11-29 05:00:00,1676.0
2012-11-29 06:00:00,1662.0
2012-11-29 07:00:00,3290.0
2012-11-29 08:00:00,3580.0
2012-11-29 09:00:00,4513.0
2012-11-29 10:00:00,5039.0
2012-11-29 11:00:00,4957.0
2012-11-29 12:00:00,4846.0
2012-11-29 13:00:00,4720.0
2012-11-29 14:00:00,4676.0
2012-11-29 15:00:00,4742.0
2012-11-29 16:00:00,4942.0
2012-11-29 17:00:00,5329.0
2012-11-29 18:00:00,6024.0
2012-11-29 19:00:00,5973.0
2012-11-29 20:00:00,5972.0
2012-11-29 21:00:00,5691.0
2012-11-29 22:00:00,5594.0
2012-11-29 23:00:00,4402.0
2012-11-30 00:00:00,2423.0
2012-11-30 01:00:00,2231.0
2012-11-30 02:00:00,2143.0
2012-11-30 03:00:00,1750.0
2012-11-30 04:00:00,1729.0
2012-11-30 05:00:00,1698.0
2012-11-30 06:00:00,1735.0
2012-11-30 07:00:00,3535.0
2012-11-30 08:00:00,3364.0
2012-11-30 09:00:00,4550.0
2012-11-30 10:00:00,4779.0
2012-11-30 11:00:00,4891.0
2012-11-30 12:00:00,4765.0
2012-11-30 13:00:00,4669.0
2012-11-30 14:00:00,4542.0
2012-11-30 15:00:00,4616.0
2012-11-30 16:00:00,4861.0
2012-11-30 17:00:00,5232.0
2012-11-30 18:00:00,5825.0
2012-11-30 19:00:00,5979.0
2012-11-30 20:00:00,5973.0
2012-11-30 21:00:00,5824.0
2012-11-30 22:00:00,5358.0
2012-11-30 23:00:00,4283.0
2012-12-01 00:00:00,2661.0
2012-12-01 01:00:00,2706.0
2012-12-01 02:00:00,2714.0
2012-12-01 03:00:00,2513.0
2012-12-01 04:00:00,2387.0
2012-12-01 05:00:00,2394.0
2012-12-01 06:00:00,2373.0
2012-12-01 07:00:00,4261.0
2012-12-01 08:00:00,3943.0
2012-12-01 09:00:00,4980.0
2012-12-01 10:00:00,5425.0
2012-12-01 11:00:00,5402.0
2012-12-01 12:00:00,5209.0
2012-12-01 13:00:00,5121.0
2012-12-01 14:00:00,4987.0
2012-12-01 15:00:00,4816.0
2012-12-01 16:00:00,4958.0
2012-12-01 17:00:00,5460.0
2012-12-01 18:00:00,5898.0
2012-12-01 19:00:00,5979.0
2012-12-01 20:00:00,6083.0
2012-12-01 21:00:00,5853.0
2012-12-01 22:00:00,5402.0
2012-12-01 23:00:00,4239.0
2012-12-02 00:00:00,2498.0
2012-12-02 01:00:00,2514.0
2012-12-02 02:00:00,2142.0
2012-12-02 03:00:00,1906.0
2012-12-02 04:00:00,1758.0
2012-12-02 05:00:00,1714.0
2012-12-02 06:00:00,1788.0
2012-12-02 07:00:00,3513.0
2012-12-02 08:00:00,3640.0
2012-12-02 09:00:00,5046.0
2012-12-02 10:00:00,5217.0
2012-12-02 11:00:00,5238.0
2012-12-02 12:00:00,5208.0
2012-12-02 13:00:00,5158.0
2012-12-02 14:00:00,5054.0
2012-12-02 15:00:00,4988.0
2012-12-02 16:00:00,5135.0
2012-12-02 17:00:00,5633.0
2012-12-02 18:00:00,5757.0
2012-12-02 19:00:00,5958.0
2012-12-02 20:00:00,5780.0
2012-12-02 21:00:00,5705.0
2012-12-02 22:00:00,5409.0
2012-12-02 23:00:00,4580.0
2012-12-03 00:00:00,2497.0
2012-12-03 01:00:00,2299.0
2012-12-03 02:00:00,2298.0
2012-12-03 03:00:00,1877.0
2012-12-03 04:00:00,1847.0
2012-12-03 05:00:00,1832.0
2012-12-03 06:00:00,1802.0
2012-12-03 07:00:00,3491.0
2012-12-03 08:00:00,3565.0
2012-12-03 09:00:00,4713.0
2012-12-03 10:00:00,5151.0
2012-12-03 11:00:00,5261.0
2012-12-03 12:00:00,5061.0
2012-12-03 13:00:00,5365.0
2012-12-03 14:00:00,4845.0
2012-12-03 15:00:00,4892.0
2012-12-03 16:00:00,4860.0
2012-12-03 17:00:00,5298.0
2012-12-03 18:00:00,6143.0
2012-12-03 19:00:00,6217.0
2012-12-03 20:00:00,6157.0
2012-12-03 21:00:00,5928.0
2012-12-03 22:00:00,5617.0
2012-12-03 23:00:00,4469.0
2012-12-04 00:00:00,2394.0
2012-12-04 01:00:00,2461.0
2012-12-04 02:00:00,2439.0
2012-12-04 03:00:00,2143.0
2012-12-04 04:00:00,2009.0
2012-12-04 05:00:00,2018.0
2012-12-04 06:00:00,2002.0
2012-12-04 07:00:00,3817.0
2012-12-04 08:00:00,3727.0
2012-12-04 09:00:00,5240.0
2012-12-04 10:00:00,5268.0
2012-12-04 11:00:00,5194.0
2012-12-04 12:00:00,5157.0
2012-12-04 13:00:00,5298.0
2012-12-04 14:00:00,4779.0
2012-12-04 15:00:00,4987.0
2012-12-04 16:00:00,5120.0
2012-12-04 17:00:00,5565.0
2012-12-04 18:00:00,6024.0
2012-12-04 19:00:00,6343.0
2012-12-04 20:00:00,5913.0
2012-12-04 21:00:00,5980.0
2012-12-04 22:00:00,5706.0
2012-12-04 23:00:00,4320.0
2012-12-05 00:00:00,2728.0
2012-12-05 01:00:00,2506.0
2012-12-05 02:00:00,2358.0
2012-12-05 03:00:00,2046.0
2012-12-05 04:00:00,1988.0
2012-12-05 05:00:00,2016.0
2012-12-05 06:00:00,2024.0
2012-12-05 07:00:00,3736.0
2012-12-05 08:00:00,3824.0
2012-12-05 09:00:00,5180.0
2012-12-05 10:00:00,5305.0
2012-12-05 11:00:00,5276.0
2012-12-05 12:00:00,5239.0
2012-12-05 13:00:00,5320.0
2012-12-05 14:00:00,5299.0
2012-12-05 15:00:00,4980.0
2012-12-05 16:00:00,5164.0
2012-12-05 17:00:00,5839.0
2012-12-05 18:00:00,6188.0
2012-12-05 19:00:00,6431.0
2012-12-05 20:00:00,6224.0
2012-12-05 21:00:00,5986.0
2012-12-05 22:00:00,5453.0
2012-12-05 23:00:00,4409.0
2012-12-06 00:00:00,2557.0
2012-12-06 01:00:00,2513.0
2012-12-06 02:00:00,2543.0
2012-12-06 03:00:00,2292.0
2012-12-06 04:00:00,2009.0
2012-12-06 05:00:00,2046.0
2012-12-06 06:00:00,1988.0
2012-12-06 07:00:00,3801.0
2012-12-06 08:00:00,3735.0
2012-12-06 09:00:00,5031.0
2012-12-06 10:00:00,5283.0
2012-12-06 11:00:00,5092.0
2012-12-06 12:00:00,5202.0
2012-12-06 13:00:00,5165.0
2012-12-06 14:00:00,5119.0
2012-12-06 15:00:00,4883.0
2012-12-06 16:00:00,5298.0
2012-12-06 17:00:00,5483.0
2012-12-06 18:00:00,5951.0
2012-12-06 19:00:00,6150.0
2012-12-06 20:00:00,5817.0
2012-12-06 21:00:00,5973.0
2012-12-06 22:00:00,5810.0
2012-12-06 23:00:00,4417.0
2012-12-07 00:00:00,2588.0
2012-12-07 01:00:00,2653.0
2012-12-07 02:00:00,2587.0
2012-12-07 03:00:00,2394.0
2012-12-07 04:00:00,2090.0
2012-12-07 05:00:00,2113.0
2012-12-07 06:00:00,2129.0
2012-12-07 07:00:00,3980.0
2012-12-07 08:00:00,3824.0
2012-12-07 09:00:00,5046.0
2012-12-07 10:00:00,5780.0
2012-12-07 11:00:00,5647.0
2012-12-07 12:00:00,5928.0
2012-12-07 13:00:00,5625.0
2012-12-07 14:00:00,5476.0
2012-12-07 15:00:00,5721.0
2012-12-07 16:00:00,5491.0
2012-12-07 17:00:00,6001.0
2012-12-07 18:00:00,6469.0
2012-12-07 19:00:00,6594.0
2012-12-07 20:00:00,6239.0
2012-12-07 21:00:00,6165.0
2012-12-07 22:00:00,5810.0
2012-12-07 23:00:00,4542.0
2012-12-08 00:00:00,2809.0
2012-12-08 01:00:00,2721.0
2012-12-08 02:00:00,2684.0
2012-12-08 03:00:00,2446.0
2012-12-08 04:00:00,2143.0
2012-12-08 05:00:00,2061.0
2012-12-08 06:00:00,2121.0
2012-12-08 07:00:00,3913.0
2012-12-08 08:00:00,3801.0
2012-12-08 09:00:00,5299.0
2012-12-08 10:00:00,5373.0
2012-12-08 11:00:00,5512.0
2012-12-08 12:00:00,5617.0
2012-12-08 13:00:00,5550.0
2012-12-08 14:00:00,5855.0
2012-12-08 15:00:00,5431.0
2012-12-08 16:00:00,5305.0
2012-12-08 17:00:00,5713.0
2012-12-08 18:00:00,6179.0
2012-12-08 19:00:00,6535.0
2012-12-08 20:00:00,6327.0
2012-12-08 21:00:00,5949.0
2012-12-08 22:00:00,5684.0
2012-12-08 23:00:00,4662.0
2012-12-09 00:00:00,2854.0
2012-12-09 01:00:00,2683.0
2012-12-09 02:00:00,2476.0
2012-12-09 03:00:00,2113.0
2012-12-09 04:00:00,2017.0
2012-12-09 05:00:00,1920.0
2012-12-09 06:00:00,1980.0
2012-12-09 07:00:00,3817.0
2012-12-09 08:00:00,3987.0
2012-12-09 09:00:00,5054.0
2012-12-09 10:00:00,5454.0
2012-12-09 11:00:00,5498.0
2012-12-09 12:00:00,5758.0
2012-12-09 13:00:00,5690.0
2012-12-09 14:00:00,5543.0
2012-12-09 15:00:00,5180.0
2012-12-09 16:00:00,5240.0
2012-12-09 17:00:00,5364.0
2012-12-09 18:00:00,6254.0
2012-12-09 19:00:00,6327.0
2012-12-09 20:00:00,5987.0
2012-12-09 21:00:00,5936.0
2012-12-09 22:00:00,5669.0
2012-12-09 23:00:00,4483.0
2012-12-10 00:00:00,2727.0
2012-12-10 01:00:00,2544.0
2012-12-10 02:00:00,2439.0
2012-12-10 03:00:00,2224.0
2012-12-10 04:00:00,2024.0
2012-12-10 05:00:00,2016.0
2012-12-10 06:00:00,2010.0
2012-12-10 07:00:00,3669.0
2012-12-10 08:00:00,3824.0
2012-12-10 09:00:00,5179.0
2012-12-10 10:00:00,5239.0
2012-12-10 11:00:00,5336.0
2012-12-10 12:00:00,5498.0
2012-12-10 13:00:00,5446.0
2012-12-10 14:00:00,5113.0
2012-12-10 15:00:00,5210.0
2012-12-10 16:00:00,5083.0
2012-12-10 17:00:00,5343.0
2012-12-10 18:00:00,6291.0
2012-12-10 19:00:00,6350.0
2012-12-10 20:00:00,5988.0
2012-12-10 21:00:00,5788.0
2012-12-10 22:00:00,5550.0
2012-12-10 23:00:00,4262.0
2012-12-11 00:00:00,2580.0
2012-12-11 01:00:00,2505.0
2012-12-11 02:00:00,2492.0
2012-12-11 03:00:00,2165.0
2012-12-11 04:00:00,2136.0
2012-12-11 05:00:00,2106.0
2012-12-11 06:00:00,2076.0
2012-12-11 07:00:00,3839.0
2012-12-11 08:00:00,4165.0
2012-12-11 09:00:00,5188.0
2012-12-11 10:00:00,5054.0
2012-12-11 11:00:00,5602.0
2012-12-11 12:00:00,5491.0
2012-12-11 13:00:00,5328.0
2012-12-11 14:00:00,5135.0
2012-12-11 15:00:00,4914.0
2012-12-11 16:00:00,5009.0
2012-12-11 17:00:00,5616.0
2012-12-11 18:00:00,5950.0
2012-12-11 19:00:00,6150.0
2012-12-11 20:00:00,6209.0
2012-12-11 21:00:00,5787.0
2012-12-11 22:00:00,5498.0
2012-12-11 23:00:00,4491.0
2012-12-12 00:00:00,2801.0
2012-12-12 01:00:00,2321.0
2012-12-12 02:00:00,2350.0
2012-12-12 03:00:00,2084.0
2012-12-12 04:00:00,1861.0
2012-12-12 05:00:00,1965.0
2012-12-12 06:00:00,1935.0
2012-12-12 07:00:00,3698.0
2012-12-12 08:00:00,4210.0
2012-12-12 09:00:00,5030.0
2012-12-12 10:00:00,5327.0
2012-12-12 11:00:00,5475.0
2012-12-12 12:00:00,5424.0
2012-12-12 13:00:00,5247.0
2012-12-12 14:00:00,5076.0
2012-12-12 15:00:00,4994.0
2012-12-12 16:00:00,5039.0
2012-12-12 17:00:00,5697.0
2012-12-12 18:00:00,6128.0
2012-12-12 19:00:00,6143.0
2012-12-12 20:00:00,6106.0
2012-12-12 21:00:00,5964.0
2012-12-12 22:00:00,5594.0
2012-12-12 23:00:00,4328.0
2012-12-13 00:00:00,2713.0
2012-12-13 01:00:00,2654.0
2012-12-13 02:00:00,2639.0
2012-12-13 03:00:00,2247.0
2012-12-13 04:00:00,1973.0
2012-12-13 05:00:00,2010.0
2012-12-13 06:00:00,1914.0
2012-12-13 07:00:00,3883.0
2012-12-13 08:00:00,3705.0
2012-12-13 09:00:00,5017.0
2012-12-13 10:00:00,5298.0
2012-12-13 11:00:00,5239.0
2012-12-13 12:00:00,5602.0
2012-12-13 13:00:00,5261.0
2012-12-13 14:00:00,5121.0
2012-12-13 15:00:00,5358.0
2012-12-13 16:00:00,5416.0
2012-12-13 17:00:00,5705.0
2012-12-13 18:00:00,6534.0
2012-12-13 19:00:00,6706.0
2012-12-13 20:00:00,6298.0
2012-12-13 21:00:00,6084.0
2012-12-13 22:00:00,5727.0
2012-12-13 23:00:00,4653.0
2012-12-14 00:00:00,2749.0
2012-12-14 01:00:00,2765.0
2012-12-14 02:00:00,2816.0
2012-12-14 03:00:00,2172.0
2012-12-14 04:00:00,2061.0
2012-12-14 05:00:00,2121.0
2012-12-14 06:00:00,2084.0
2012-12-14 07:00:00,4024.0
2012-12-14 08:00:00,4157.0
2012-12-14 09:00:00,5787.0
2012-12-14 10:00:00,6432.0
2012-12-14 11:00:00,6507.0
2012-12-14 12:00:00,6662.0
2012-12-14 13:00:00,6246.0
2012-12-14 14:00:00,6298.0
2012-12-14 15:00:00,6269.0
2012-12-14 16:00:00,6506.0
2012-12-14 17:00:00,6817.0
2012-12-14 18:00:00,7187.0
2012-12-14 19:00:00,7188.0
2012-12-14 20:00:00,7187.0
2012-12-14 21:00:00,6942.0
2012-12-14 22:00:00,5750.0
2012-12-14 23:00:00,4728.0
2012-12-15 00:00:00,2853.0
2012-12-15 01:00:00,2825.0
2012-12-15 02:00:00,2788.0
2012-12-15 03:00:00,2275.0
2012-12-15 04:00:00,2298.0
2012-12-15 05:00:00,2328.0
2012-12-15 06:00:00,2262.0
2012-12-15 07:00:00,3298.0
2012-12-15 08:00:00,4179.0
2012-12-15 09:00:00,5692.0
2012-12-15 10:00:00,6061.0
2012-12-15 11:00:00,6039.0
2012-12-15 12:00:00,6669.0
2012-12-15 13:00:00,6269.0
2012-12-15 14:00:00,6016.0
2012-12-15 15:00:00,6098.0
2012-12-15 16:00:00,6061.0
2012-12-15 17:00:00,6261.0
2012-12-15 18:00:00,7165.0
2012-12-15 19:00:00,6854.0
2012-12-15 20:00:00,6587.0
2012-12-15 21:00:00,6335.0
2012-12-15 22:00:00,6054.0
2012-12-15 23:00:00,4691.0
2012-12-16 00:00:00,2876.0
2012-12-16 01:00:00,2603.0
2012-12-16 02:00:00,2654.0
2012-12-16 03:00:00,2335.0
2012-12-16 04:00:00,2261.0
2012-12-16 05:00:00,2306.0
2012-12-16 06:00:00,2261.0
2012-12-16 07:00:00,4054.0
2012-12-16 08:00:00,4224.0
2012-12-16 09:00:00,5824.0
2012-12-16 10:00:00,5921.0
2012-12-16 11:00:00,6119.0
2012-12-16 12:00:00,6380.0
2012-12-16 13:00:00,6291.0
2012-12-16 14:00:00,6313.0
2012-12-16 15:00:00,5994.0
2012-12-16 16:00:00,5898.0
2012-12-16 17:00:00,6283.0
2012-12-16 18:00:00,6684.0
2012-12-16 19:00:00,6943.0
2012-12-16 20:00:00,6380.0
2012-12-16 21:00:00,6290.0
2012-12-16 22:00:00,6017.0
2012-12-16 23:00:00,4787.0
2012-12-17 00:00:00,2890.0
2012-12-17 01:00:00,2861.0
2012-12-17 02:00:00,2736.0
2012-12-17 03:00:00,2379.0
2012-12-17 04:00:00,2365.0
2012-12-17 05:00:00,2386.0
2012-12-17 06:00:00,2298.0
2012-12-17 07:00:00,3943.0
2012-12-17 08:00:00,4270.0
2012-12-17 09:00:00,5335.0
2012-12-17 10:00:00,5520.0
2012-12-17 11:00:00,5616.0
2012-12-17 12:00:00,6142.0
2012-12-17 13:00:00,6121.0
2012-12-17 14:00:00,5699.0
2012-12-17 15:00:00,5698.0
2012-12-17 16:00:00,5647.0
2012-12-17 17:00:00,6202.0
2012-12-17 18:00:00,6802.0
2012-12-17 19:00:00,6684.0
2012-12-17 20:00:00,6549.0
2012-12-17 21:00:00,6165.0
2012-12-17 22:00:00,6002.0
2012-12-17 23:00:00,4883.0
2012-12-18 00:00:00,3018.0
2012-12-18 01:00:00,2521.0
2012-12-18 02:00:00,2513.0
2012-12-18 03:00:00,2306.0
2012-12-18 04:00:00,2209.0
2012-12-18 05:00:00,2186.0
2012-12-18 06:00:00,2195.0
2012-12-18 07:00:00,4040.0
2012-12-18 08:00:00,4091.0
2012-12-18 09:00:00,5402.0
2012-12-18 10:00:00,5602.0
2012-12-18 11:00:00,5572.0
2012-12-18 12:00:00,5602.0
2012-12-18 13:00:00,5542.0
2012-12-18 14:00:00,6269.0
2012-12-18 15:00:00,5781.0
2012-12-18 16:00:00,5669.0
2012-12-18 17:00:00,5831.0
2012-12-18 18:00:00,6565.0
2012-12-18 19:00:00,6661.0
2012-12-18 20:00:00,6039.0
2012-12-18 21:00:00,5950.0
2012-12-18 22:00:00,5061.0
2012-12-18 23:00:00,3780.0
2012-12-19 00:00:00,2824.0
2012-12-19 01:00:00,2854.0
2012-12-19 02:00:00,2595.0
2012-12-19 03:00:00,2217.0
2012-12-19 04:00:00,2143.0
2012-12-19 05:00:00,2171.0
2012-12-19 06:00:00,2120.0
2012-12-19 07:00:00,3972.0
2012-12-19 08:00:00,3817.0
2012-12-19 09:00:00,5253.0
2012-12-19 10:00:00,5690.0
2012-12-19 11:00:00,5520.0
2012-12-19 12:00:00,5729.0
2012-12-19 13:00:00,6031.0
2012-12-19 14:00:00,5558.0
2012-12-19 15:00:00,5565.0
2012-12-19 16:00:00,5750.0
2012-12-19 17:00:00,5802.0
2012-12-19 18:00:00,6247.0
2012-12-19 19:00:00,6327.0
2012-12-19 20:00:00,6305.0
2012-12-19 21:00:00,6180.0
2012-12-19 22:00:00,5854.0
2012-12-19 23:00:00,4676.0
2012-12-20 00:00:00,2683.0
2012-12-20 01:00:00,2721.0
2012-12-20 02:00:00,2684.0
2012-12-20 03:00:00,2305.0
2012-12-20 04:00:00,2201.0
2012-12-20 05:00:00,2246.0
2012-12-20 06:00:00,2172.0
2012-12-20 07:00:00,3853.0
2012-12-20 08:00:00,3965.0
2012-12-20 09:00:00,5409.0
2012-12-20 10:00:00,5609.0
2012-12-20 11:00:00,5580.0
2012-12-20 12:00:00,5794.0
2012-12-20 13:00:00,5594.0
2012-12-20 14:00:00,5875.0
2012-12-20 15:00:00,5920.0
2012-12-20 16:00:00,6277.0
2012-12-20 17:00:00,5942.0
2012-12-20 18:00:00,6491.0
2012-12-20 19:00:00,6603.0
2012-12-20 20:00:00,6268.0
2012-12-20 21:00:00,6098.0
2012-12-20 22:00:00,5817.0
2012-12-20 23:00:00,4772.0
2012-12-21 00:00:00,2728.0
2012-12-21 01:00:00,2513.0
2012-12-21 02:00:00,2594.0
2012-12-21 03:00:00,2187.0
2012-12-21 04:00:00,2194.0
2012-12-21 05:00:00,2150.0
2012-12-21 06:00:00,2075.0
2012-12-21 07:00:00,3921.0
2012-12-21 08:00:00,4069.0
2012-12-21 09:00:00,5409.0
2012-12-21 10:00:00,5416.0
2012-12-21 11:00:00,5750.0
2012-12-21 12:00:00,5876.0
2012-12-21 13:00:00,6099.0
2012-12-21 14:00:00,6114.0
2012-12-21 15:00:00,5742.0
2012-12-21 16:00:00,6136.0
2012-12-21 17:00:00,6514.0
2012-12-21 18:00:00,6617.0
2012-12-21 19:00:00,6668.0
2012-12-21 20:00:00,6269.0
2012-12-21 21:00:00,6172.0
2012-12-21 22:00:00,5765.0
2012-12-21 23:00:00,4616.0
2012-12-22 00:00:00,3031.0
2012-12-22 01:00:00,3025.0
2012-12-22 02:00:00,2631.0
2012-12-22 03:00:00,2454.0
2012-12-22 04:00:00,2194.0
2012-12-22 05:00:00,2216.0
2012-12-22 06:00:00,2194.0
2012-12-22 07:00:00,3987.0
2012-12-22 08:00:00,3973.0
2012-12-22 09:00:00,5594.0
2012-12-22 10:00:00,5609.0
2012-12-22 11:00:00,6194.0
2012-12-22 12:00:00,5950.0
2012-12-22 13:00:00,6120.0
2012-12-22 14:00:00,6121.0
2012-12-22 15:00:00,5786.0
2012-12-22 16:00:00,6357.0
2012-12-22 17:00:00,5875.0
2012-12-22 18:00:00,6750.0
2012-12-22 19:00:00,6475.0
2012-12-22 20:00:00,6261.0
2012-12-22 21:00:00,6114.0
2012-12-22 22:00:00,5751.0
2012-12-22 23:00:00,5068.0
2012-12-23 00:00:00,3720.0
2012-12-23 01:00:00,3298.0
2012-12-23 02:00:00,2654.0
2012-12-23 03:00:00,2165.0
2012-12-23 04:00:00,2120.0
2012-12-23 05:00:00,2156.0
2012-12-23 06:00:00,2061.0
2012-12-23 07:00:00,3862.0
2012-12-23 08:00:00,3906.0
2012-12-23 09:00:00,5617.0
2012-12-23 10:00:00,5720.0
2012-12-23 11:00:00,5638.0
2012-12-23 12:00:00,6402.0
2012-12-23 13:00:00,6631.0
2012-12-23 14:00:00,6313.0
2012-12-23 15:00:00,5905.0
2012-12-23 16:00:00,5475.0
2012-12-23 17:00:00,6135.0
2012-12-23 18:00:00,6736.0
2012-12-23 19:00:00,6224.0
2012-12-23 20:00:00,6001.0
2012-12-23 21:00:00,6098.0
2012-12-23 22:00:00,5891.0
2012-12-23 23:00:00,4453.0
2012-12-24 00:00:00,2898.0
2012-12-24 01:00:00,2898.0
2012-12-24 02:00:00,2610.0
2012-12-24 03:00:00,2327.0
2012-12-24 04:00:00,2164.0
2012-12-24 05:00:00,2055.0
2012-12-24 06:00:00,2090.0
2012-12-24 07:00:00,3966.0
2012-12-24 08:00:00,3986.0
2012-12-24 09:00:00,5720.0
2012-12-24 10:00:00,5935.0
2012-12-24 11:00:00,5846.0
2012-12-24 12:00:00,5869.0
2012-12-24 13:00:00,5868.0
2012-12-24 14:00:00,5979.0
2012-12-24 15:00:00,5602.0
2012-12-24 16:00:00,5432.0
2012-12-24 17:00:00,5484.0
2012-12-24 18:00:00,5446.0
2012-12-24 19:00:00,4335.0
2012-12-24 20:00:00,4054.0
2012-12-24 21:00:00,4024.0
2012-12-24 22:00:00,3802.0
2012-12-24 23:00:00,3195.0
2012-12-25 00:00:00,2217.0
2012-12-25 01:00:00,2061.0
2012-12-25 02:00:00,2135.0
2012-12-25 03:00:00,1862.0
2012-12-25 04:00:00,1832.0
2012-12-25 05:00:00,1839.0
2012-12-25 06:00:00,1861.0
2012-12-25 07:00:00,2082.0
2012-12-25 08:00:00,2299.0
2012-12-25 09:00:00,2907.0
2012-12-25 10:00:00,2847.0
2012-12-25 11:00:00,2817.0
2012-12-25 12:00:00,3150.0
2012-12-25 13:00:00,3661.0
2012-12-25 14:00:00,3484.0
2012-12-25 15:00:00,3431.0
2012-12-25 16:00:00,3505.0
2012-12-25 17:00:00,3802.0
2012-12-25 18:00:00,4357.0
2012-12-25 19:00:00,4024.0
2012-12-25 20:00:00,3787.0
2012-12-25 21:00:00,3860.0
2012-12-25 22:00:00,3684.0
2012-12-25 23:00:00,3165.0
2012-12-26 00:00:00,2291.0
2012-12-26 01:00:00,2276.0
2012-12-26 02:00:00,2187.0
2012-12-26 03:00:00,1921.0
2012-12-26 04:00:00,1957.0
2012-12-26 05:00:00,2801.0
2012-12-26 06:00:00,3395.0
2012-12-26 07:00:00,3698.0
2012-12-26 08:00:00,3921.0
2012-12-26 09:00:00,5180.0
2012-12-26 10:00:00,5298.0
2012-12-26 11:00:00,5225.0
2012-12-26 12:00:00,5506.0
2012-12-26 13:00:00,5957.0
2012-12-26 14:00:00,5772.0
2012-12-26 15:00:00,4943.0
2012-12-26 16:00:00,5290.0
2012-12-26 17:00:00,5423.0
2012-12-26 18:00:00,6053.0
2012-12-26 19:00:00,6120.0
2012-12-26 20:00:00,5846.0
2012-12-26 21:00:00,5765.0
2012-12-26 22:00:00,5491.0
2012-12-26 23:00:00,4424.0
2012-12-27 00:00:00,2766.0
2012-12-27 01:00:00,2654.0
2012-12-27 02:00:00,2431.0
2012-12-27 03:00:00,2001.0
2012-12-27 04:00:00,1928.0
2012-12-27 05:00:00,1966.0
2012-12-27 06:00:00,1906.0
2012-12-27 07:00:00,3572.0
2012-12-27 08:00:00,3698.0
2012-12-27 09:00:00,5025.0
2012-12-27 10:00:00,5172.0
2012-12-27 11:00:00,5121.0
2012-12-27 12:00:00,5379.0
2012-12-27 13:00:00,5402.0
2012-12-27 14:00:00,5498.0
2012-12-27 15:00:00,5247.0
2012-12-27 16:00:00,5410.0
2012-12-27 17:00:00,5654.0
2012-12-27 18:00:00,6084.0
2012-12-27 19:00:00,6090.0
2012-12-27 20:00:00,5921.0
2012-12-27 21:00:00,5661.0
2012-12-27 22:00:00,5484.0
2012-12-27 23:00:00,4980.0
2012-12-28 00:00:00,3364.0
2012-12-28 01:00:00,3046.0
2012-12-28 02:00:00,2439.0
2012-12-28 03:00:00,1973.0
2012-12-28 04:00:00,1839.0
2012-12-28 05:00:00,1921.0
2012-12-28 06:00:00,1847.0
2012-12-28 07:00:00,3535.0
2012-12-28 08:00:00,3639.0
2012-12-28 09:00:00,4898.0
2012-12-28 10:00:00,5039.0
2012-12-28 11:00:00,5165.0
2012-12-28 12:00:00,5135.0
2012-12-28 13:00:00,5883.0
2012-12-28 14:00:00,5566.0
2012-12-28 15:00:00,4988.0
2012-12-28 16:00:00,5321.0
2012-12-28 17:00:00,5697.0
2012-12-28 18:00:00,6276.0
2012-12-28 19:00:00,5788.0
2012-12-28 20:00:00,5772.0
2012-12-28 21:00:00,5713.0
2012-12-28 22:00:00,5364.0
2012-12-28 23:00:00,4446.0
2012-12-29 00:00:00,2787.0
2012-12-29 01:00:00,2736.0
2012-12-29 02:00:00,2594.0
2012-12-29 03:00:00,1957.0
2012-12-29 04:00:00,1818.0
2012-12-29 05:00:00,1973.0
2012-12-29 06:00:00,1994.0
2012-12-29 07:00:00,4024.0
2012-12-29 08:00:00,4187.0
2012-12-29 09:00:00,4994.0
2012-12-29 10:00:00,5010.0
2012-12-29 11:00:00,5061.0
2012-12-29 12:00:00,5802.0
2012-12-29 13:00:00,5845.0
2012-12-29 14:00:00,5595.0
2012-12-29 15:00:00,5521.0
2012-12-29 16:00:00,5439.0
2012-12-29 17:00:00,5691.0
2012-12-29 18:00:00,6164.0
2012-12-29 19:00:00,6113.0
2012-12-29 20:00:00,5736.0
2012-12-29 21:00:00,5564.0
2012-12-29 22:00:00,5327.0
2012-12-29 23:00:00,4268.0
2012-12-30 00:00:00,2691.0
2012-12-30 01:00:00,2587.0
2012-12-30 02:00:00,2490.0
2012-12-30 03:00:00,1980.0
2012-12-30 04:00:00,1899.0
2012-12-30 05:00:00,1965.0
2012-12-30 06:00:00,1883.0
2012-12-30 07:00:00,3779.0
2012-12-30 08:00:00,4314.0
2012-12-30 09:00:00,5446.0
2012-12-30 10:00:00,5624.0
2012-12-30 11:00:00,5565.0
2012-12-30 12:00:00,5699.0
2012-12-30 13:00:00,5617.0
2012-12-30 14:00:00,6017.0
2012-12-30 15:00:00,6060.0
2012-12-30 16:00:00,5727.0
2012-12-30 17:00:00,6098.0
2012-12-30 18:00:00,6357.0
2012-12-30 19:00:00,5995.0
2012-12-30 20:00:00,5751.0
2012-12-30 21:00:00,5743.0
2012-12-30 22:00:00,5586.0
2012-12-30 23:00:00,4453.0
2012-12-31 00:00:00,2684.0
2012-12-31 01:00:00,2647.0
2012-12-31 02:00:00,2603.0
2012-12-31 03:00:00,2038.0
2012-12-31 04:00:00,1957.0
2012-12-31 05:00:00,2032.0
2012-12-31 06:00:00,1995.0
2012-12-31 07:00:00,3928.0
2012-12-31 08:00:00,3788.0
2012-12-31 09:00:00,5246.0
2012-12-31 10:00:00,5572.0
2012-12-31 11:00:00,5913.0
2012-12-31 12:00:00,5958.0
2012-12-31 13:00:00,6328.0
2012-12-31 14:00:00,6409.0
2012-12-31 15:00:00,6445.0
2012-12-31 16:00:00,5965.0
2012-12-31 17:00:00,6630.0
2012-12-31 18:00:00,6764.0
2012-12-31 19:00:00,5165.0
2012-12-31 20:00:00,3847.0
2012-12-31 21:00:00,3601.0
2012-12-31 22:00:00,3513.0
2012-12-31 23:00:00,2987.0
2013-01-01 00:00:00,2062.0
2013-01-01 01:00:00,2039.0
2013-01-01 02:00:00,2054.0
2013-01-01 03:00:00,1751.0
2013-01-01 04:00:00,1861.0
2013-01-01 05:00:00,1840.0
2013-01-01 06:00:00,1780.0
2013-01-01 07:00:00,2143.0
2013-01-01 08:00:00,2210.0
2013-01-01 09:00:00,2839.0
2013-01-01 10:00:00,2765.0
2013-01-01 11:00:00,2757.0
2013-01-01 12:00:00,3106.0
2013-01-01 13:00:00,3513.0
2013-01-01 14:00:00,3268.0
2013-01-01 15:00:00,2965.0
2013-01-01 16:00:00,2980.0
2013-01-01 17:00:00,3306.0
2013-01-01 18:00:00,4203.0
2013-01-01 19:00:00,3795.0
2013-01-01 20:00:00,3528.0
2013-01-01 21:00:00,3572.0
2013-01-01 22:00:00,3387.0
2013-01-01 23:00:00,2951.0
2013-01-02 00:00:00,2068.0
2013-01-02 01:00:00,2158.0
2013-01-02 02:00:00,2054.0
2013-01-02 03:00:00,1862.0
2013-01-02 04:00:00,1766.0
2013-01-02 05:00:00,1846.0
2013-01-02 06:00:00,1817.0
2013-01-02 07:00:00,3513.0
2013-01-02 08:00:00,3424.0
2013-01-02 09:00:00,4772.0
2013-01-02 10:00:00,4950.0
2013-01-02 11:00:00,4943.0
2013-01-02 12:00:00,5476.0
2013-01-02 13:00:00,5965.0
2013-01-02 14:00:00,5565.0
2013-01-02 15:00:00,4965.0
2013-01-02 16:00:00,5083.0
2013-01-02 17:00:00,5565.0
2013-01-02 18:00:00,6328.0
2013-01-02 19:00:00,6202.0
2013-01-02 20:00:00,5757.0
2013-01-02 21:00:00,5757.0
2013-01-02 22:00:00,5455.0
2013-01-02 23:00:00,4150.0
2013-01-03 00:00:00,2655.0
2013-01-03 01:00:00,2581.0
2013-01-03 02:00:00,2573.0
2013-01-03 03:00:00,2083.0
2013-01-03 04:00:00,1846.0
2013-01-03 05:00:00,1892.0
2013-01-03 06:00:00,1803.0
2013-01-03 07:00:00,3379.0
2013-01-03 08:00:00,3254.0
2013-01-03 09:00:00,4313.0
2013-01-03 10:00:00,4632.0
2013-01-03 11:00:00,4816.0
2013-01-03 12:00:00,5290.0
2013-01-03 13:00:00,5595.0
2013-01-03 14:00:00,5454.0
2013-01-03 15:00:00,5017.0
2013-01-03 16:00:00,5113.0
2013-01-03 17:00:00,5365.0
2013-01-03 18:00:00,6165.0
2013-01-03 19:00:00,6121.0
2013-01-03 20:00:00,5920.0
2013-01-03 21:00:00,5647.0
2013-01-03 22:00:00,5270.0
2013-01-03 23:00:00,4105.0
2013-01-04 00:00:00,2617.0
2013-01-04 01:00:00,2661.0
2013-01-04 02:00:00,2276.0
2013-01-04 03:00:00,1950.0
2013-01-04 04:00:00,1883.0
2013-01-04 05:00:00,1965.0
2013-01-04 06:00:00,1839.0
2013-01-04 07:00:00,3468.0
2013-01-04 08:00:00,3343.0
2013-01-04 09:00:00,4542.0
2013-01-04 10:00:00,4891.0
2013-01-04 11:00:00,5217.0
2013-01-04 12:00:00,5069.0
2013-01-04 13:00:00,5601.0
2013-01-04 14:00:00,5202.0
2013-01-04 15:00:00,4817.0
2013-01-04 16:00:00,5143.0
2013-01-04 17:00:00,5735.0
2013-01-04 18:00:00,5846.0
2013-01-04 19:00:00,6039.0
2013-01-04 20:00:00,5713.0
2013-01-04 21:00:00,5491.0
2013-01-04 22:00:00,5232.0
2013-01-04 23:00:00,4062.0
2013-01-05 00:00:00,2676.0
2013-01-05 01:00:00,2632.0
2013-01-05 02:00:00,2306.0
2013-01-05 03:00:00,1898.0
2013-01-05 04:00:00,1847.0
2013-01-05 05:00:00,1891.0
2013-01-05 06:00:00,1742.0
2013-01-05 07:00:00,3476.0
2013-01-05 08:00:00,4003.0
2013-01-05 09:00:00,4981.0
2013-01-05 10:00:00,5528.0
2013-01-05 11:00:00,5121.0
2013-01-05 12:00:00,5698.0
2013-01-05 13:00:00,6223.0
2013-01-05 14:00:00,5677.0
2013-01-05 15:00:00,5431.0
2013-01-05 16:00:00,5646.0
2013-01-05 17:00:00,5921.0
2013-01-05 18:00:00,6209.0
2013-01-05 19:00:00,6305.0
2013-01-05 20:00:00,5699.0
2013-01-05 21:00:00,5861.0
2013-01-05 22:00:00,5298.0
2013-01-05 23:00:00,3994.0
2013-01-06 00:00:00,2662.0
2013-01-06 01:00:00,2564.0
2013-01-06 02:00:00,2260.0
2013-01-06 03:00:00,1980.0
2013-01-06 04:00:00,1928.0
2013-01-06 05:00:00,1988.0
2013-01-06 06:00:00,1980.0
2013-01-06 07:00:00,3676.0
2013-01-06 08:00:00,3639.0
2013-01-06 09:00:00,5195.0
2013-01-06 10:00:00,5114.0
2013-01-06 11:00:00,5742.0
2013-01-06 12:00:00,5839.0
2013-01-06 13:00:00,6069.0
2013-01-06 14:00:00,5455.0
2013-01-06 15:00:00,5468.0
2013-01-06 16:00:00,5364.0
2013-01-06 17:00:00,5588.0
2013-01-06 18:00:00,6180.0
2013-01-06 19:00:00,5965.0
2013-01-06 20:00:00,5839.0
2013-01-06 21:00:00,5758.0
2013-01-06 22:00:00,5379.0
2013-01-06 23:00:00,4579.0
2013-01-07 00:00:00,2810.0
2013-01-07 01:00:00,2743.0
2013-01-07 02:00:00,2550.0
2013-01-07 03:00:00,2113.0
2013-01-07 04:00:00,2069.0
2013-01-07 05:00:00,2099.0
2013-01-07 06:00:00,2091.0
2013-01-07 07:00:00,3261.0
2013-01-07 08:00:00,3625.0
2013-01-07 09:00:00,4654.0
2013-01-07 10:00:00,5216.0
2013-01-07 11:00:00,5188.0
2013-01-07 12:00:00,5328.0
2013-01-07 13:00:00,5780.0
2013-01-07 14:00:00,5765.0
2013-01-07 15:00:00,5513.0
2013-01-07 16:00:00,5261.0
2013-01-07 17:00:00,5691.0
2013-01-07 18:00:00,6291.0
2013-01-07 19:00:00,6179.0
2013-01-07 20:00:00,5713.0
2013-01-07 21:00:00,5698.0
2013-01-07 22:00:00,5208.0
2013-01-07 23:00:00,3913.0
2013-01-08 00:00:00,2342.0
2013-01-08 01:00:00,2395.0
2013-01-08 02:00:00,2097.0
2013-01-08 03:00:00,1914.0
2013-01-08 04:00:00,1891.0
2013-01-08 05:00:00,1920.0
2013-01-08 06:00:00,1870.0
2013-01-08 07:00:00,3505.0
2013-01-08 08:00:00,3424.0
2013-01-08 09:00:00,4713.0
2013-01-08 10:00:00,5276.0
2013-01-08 11:00:00,5195.0
2013-01-08 12:00:00,5551.0
2013-01-08 13:00:00,5988.0
2013-01-08 14:00:00,5536.0
2013-01-08 15:00:00,5017.0
2013-01-08 16:00:00,5099.0
2013-01-08 17:00:00,5780.0
2013-01-08 18:00:00,6180.0
2013-01-08 19:00:00,6143.0
2013-01-08 20:00:00,5661.0
2013-01-08 21:00:00,5780.0
2013-01-08 22:00:00,5277.0
2013-01-08 23:00:00,4268.0
2013-01-09 00:00:00,2795.0
2013-01-09 01:00:00,2610.0
2013-01-09 02:00:00,2328.0
2013-01-09 03:00:00,2127.0
2013-01-09 04:00:00,2046.0
2013-01-09 05:00:00,2121.0
2013-01-09 06:00:00,2143.0
2013-01-09 07:00:00,3647.0
2013-01-09 08:00:00,3705.0
2013-01-09 09:00:00,4935.0
2013-01-09 10:00:00,5136.0
2013-01-09 11:00:00,5543.0
2013-01-09 12:00:00,5765.0
2013-01-09 13:00:00,6053.0
2013-01-09 14:00:00,5965.0
2013-01-09 15:00:00,5231.0
2013-01-09 16:00:00,5284.0
2013-01-09 17:00:00,5846.0
2013-01-09 18:00:00,6461.0
2013-01-09 19:00:00,6180.0
2013-01-09 20:00:00,5987.0
2013-01-09 21:00:00,5899.0
2013-01-09 22:00:00,5461.0
2013-01-09 23:00:00,4469.0
2013-01-10 00:00:00,3068.0
2013-01-10 01:00:00,2616.0
2013-01-10 02:00:00,2528.0
2013-01-10 03:00:00,2275.0
2013-01-10 04:00:00,2216.0
2013-01-10 05:00:00,2210.0
2013-01-10 06:00:00,2187.0
2013-01-10 07:00:00,3720.0
2013-01-10 08:00:00,3832.0
2013-01-10 09:00:00,5031.0
2013-01-10 10:00:00,5461.0
2013-01-10 11:00:00,5499.0
2013-01-10 12:00:00,5802.0
2013-01-10 13:00:00,6246.0
2013-01-10 14:00:00,5898.0
2013-01-10 15:00:00,5350.0
2013-01-10 16:00:00,5291.0
2013-01-10 17:00:00,5862.0
2013-01-10 18:00:00,6409.0
2013-01-10 19:00:00,6180.0
2013-01-10 20:00:00,6150.0
2013-01-10 21:00:00,5729.0
2013-01-10 22:00:00,5423.0
2013-01-10 23:00:00,4380.0
2013-01-11 00:00:00,2810.0
2013-01-11 01:00:00,2683.0
2013-01-11 02:00:00,2647.0
2013-01-11 03:00:00,2142.0
2013-01-11 04:00:00,2068.0
2013-01-11 05:00:00,2068.0
2013-01-11 06:00:00,2046.0
2013-01-11 07:00:00,3683.0
2013-01-11 08:00:00,3957.0
2013-01-11 09:00:00,4773.0
2013-01-11 10:00:00,5409.0
2013-01-11 11:00:00,5172.0
2013-01-11 12:00:00,5358.0
2013-01-11 13:00:00,5380.0
2013-01-11 14:00:00,5335.0
2013-01-11 15:00:00,5476.0
2013-01-11 16:00:00,5506.0
2013-01-11 17:00:00,6092.0
2013-01-11 18:00:00,6498.0
2013-01-11 19:00:00,6328.0
2013-01-11 20:00:00,6283.0
2013-01-11 21:00:00,5987.0
2013-01-11 22:00:00,5543.0
2013-01-11 23:00:00,4342.0
2013-01-12 00:00:00,2913.0
2013-01-12 01:00:00,2780.0
2013-01-12 02:00:00,2587.0
2013-01-12 03:00:00,2231.0
2013-01-12 04:00:00,2150.0
2013-01-12 05:00:00,2166.0
2013-01-12 06:00:00,2149.0
2013-01-12 07:00:00,3669.0
2013-01-12 08:00:00,3654.0
2013-01-12 09:00:00,5076.0
2013-01-12 10:00:00,5395.0
2013-01-12 11:00:00,5408.0
2013-01-12 12:00:00,5958.0
2013-01-12 13:00:00,6128.0
2013-01-12 14:00:00,5943.0
2013-01-12 15:00:00,5514.0
2013-01-12 16:00:00,5092.0
2013-01-12 17:00:00,5855.0
2013-01-12 18:00:00,6551.0
2013-01-12 19:00:00,6217.0
2013-01-12 20:00:00,5920.0
2013-01-12 21:00:00,5750.0
2013-01-12 22:00:00,5261.0
2013-01-12 23:00:00,4225.0
2013-01-13 00:00:00,2616.0
2013-01-13 01:00:00,2557.0
2013-01-13 02:00:00,2387.0
2013-01-13 03:00:00,2076.0
2013-01-13 04:00:00,2016.0
2013-01-13 05:00:00,2031.0
2013-01-13 06:00:00,2032.0
2013-01-13 07:00:00,3624.0
2013-01-13 08:00:00,3817.0
2013-01-13 09:00:00,4965.0
2013-01-13 10:00:00,5217.0
2013-01-13 11:00:00,5417.0
2013-01-13 12:00:00,5468.0
2013-01-13 13:00:00,5875.0
2013-01-13 14:00:00,5669.0
2013-01-13 15:00:00,4957.0
2013-01-13 16:00:00,5113.0
2013-01-13 17:00:00,5284.0
2013-01-13 18:00:00,6054.0
2013-01-13 19:00:00,5803.0
2013-01-13 20:00:00,5624.0
2013-01-13 21:00:00,5409.0
2013-01-13 22:00:00,5121.0
2013-01-13 23:00:00,3913.0
2013-01-14 00:00:00,2224.0
2013-01-14 01:00:00,2216.0
2013-01-14 02:00:00,2180.0
2013-01-14 03:00:00,2024.0
2013-01-14 04:00:00,1884.0
2013-01-14 05:00:00,1869.0
2013-01-14 06:00:00,1854.0
2013-01-14 07:00:00,3490.0
2013-01-14 08:00:00,3276.0
2013-01-14 09:00:00,4594.0
2013-01-14 10:00:00,5091.0
2013-01-14 11:00:00,5358.0
2013-01-14 12:00:00,5468.0
2013-01-14 13:00:00,5773.0
2013-01-14 14:00:00,5261.0
2013-01-14 15:00:00,4832.0
2013-01-14 16:00:00,5166.0
2013-01-14 17:00:00,5550.0
2013-01-14 18:00:00,5921.0
2013-01-14 19:00:00,5862.0
2013-01-14 20:00:00,5654.0
2013-01-14 21:00:00,5609.0
2013-01-14 22:00:00,5203.0
2013-01-14 23:00:00,4172.0
2013-01-15 00:00:00,2802.0
2013-01-15 01:00:00,2875.0
2013-01-15 02:00:00,2713.0
2013-01-15 03:00:00,2231.0
2013-01-15 04:00:00,1987.0
2013-01-15 05:00:00,2009.0
2013-01-15 06:00:00,2010.0
2013-01-15 07:00:00,3588.0
2013-01-15 08:00:00,3514.0
2013-01-15 09:00:00,4684.0
2013-01-15 10:00:00,5046.0
2013-01-15 11:00:00,5091.0
2013-01-15 12:00:00,5283.0
2013-01-15 13:00:00,5728.0
2013-01-15 14:00:00,5609.0
2013-01-15 15:00:00,5025.0
2013-01-15 16:00:00,5075.0
2013-01-15 17:00:00,6047.0
2013-01-15 18:00:00,6231.0
2013-01-15 19:00:00,6268.0
2013-01-15 20:00:00,5765.0
2013-01-15 21:00:00,5668.0
2013-01-15 22:00:00,5402.0
2013-01-15 23:00:00,4202.0
2013-01-16 00:00:00,2781.0
2013-01-16 01:00:00,2735.0
2013-01-16 02:00:00,2617.0
2013-01-16 03:00:00,2084.0
2013-01-16 04:00:00,1965.0
2013-01-16 05:00:00,2032.0
2013-01-16 06:00:00,1988.0
2013-01-16 07:00:00,3669.0
2013-01-16 08:00:00,3484.0
2013-01-16 09:00:00,4913.0
2013-01-16 10:00:00,5225.0
2013-01-16 11:00:00,5098.0
2013-01-16 12:00:00,5388.0
2013-01-16 13:00:00,5661.0
2013-01-16 14:00:00,5564.0
2013-01-16 15:00:00,5305.0
2013-01-16 16:00:00,5432.0
2013-01-16 17:00:00,6076.0
2013-01-16 18:00:00,6298.0
2013-01-16 19:00:00,6062.0
2013-01-16 20:00:00,5690.0
2013-01-16 21:00:00,5542.0
2013-01-16 22:00:00,5327.0
2013-01-16 23:00:00,4343.0
2013-01-17 00:00:00,2795.0
2013-01-17 01:00:00,2535.0
2013-01-17 02:00:00,2261.0
2013-01-17 03:00:00,2002.0
2013-01-17 04:00:00,2017.0
2013-01-17 05:00:00,1980.0
2013-01-17 06:00:00,1950.0
2013-01-17 07:00:00,3683.0
2013-01-17 08:00:00,3832.0
2013-01-17 09:00:00,4758.0
2013-01-17 10:00:00,5395.0
2013-01-17 11:00:00,5254.0
2013-01-17 12:00:00,5439.0
2013-01-17 13:00:00,5942.0
2013-01-17 14:00:00,5595.0
2013-01-17 15:00:00,5009.0
2013-01-17 16:00:00,5439.0
2013-01-17 17:00:00,5713.0
2013-01-17 18:00:00,6120.0
2013-01-17 19:00:00,6120.0
2013-01-17 20:00:00,5876.0
2013-01-17 21:00:00,5706.0
2013-01-17 22:00:00,5364.0
2013-01-17 23:00:00,4231.0
2013-01-18 00:00:00,2957.0
2013-01-18 01:00:00,2905.0
2013-01-18 02:00:00,2706.0
2013-01-18 03:00:00,2121.0
2013-01-18 04:00:00,2105.0
2013-01-18 05:00:00,2046.0
2013-01-18 06:00:00,2076.0
2013-01-18 07:00:00,3728.0
2013-01-18 08:00:00,3765.0
2013-01-18 09:00:00,4943.0
2013-01-18 10:00:00,5520.0
2013-01-18 11:00:00,5409.0
2013-01-18 12:00:00,5581.0
2013-01-18 13:00:00,6120.0
2013-01-18 14:00:00,5713.0
2013-01-18 15:00:00,5387.0
2013-01-18 16:00:00,5558.0
2013-01-18 17:00:00,5758.0
2013-01-18 18:00:00,6239.0
2013-01-18 19:00:00,6188.0
2013-01-18 20:00:00,5965.0
2013-01-18 21:00:00,5884.0
2013-01-18 22:00:00,5497.0
2013-01-18 23:00:00,4358.0
2013-01-19 00:00:00,3320.0
2013-01-19 01:00:00,3247.0
2013-01-19 02:00:00,2899.0
2013-01-19 03:00:00,1988.0
2013-01-19 04:00:00,1847.0
2013-01-19 05:00:00,1772.0
2013-01-19 06:00:00,1877.0
2013-01-19 07:00:00,3328.0
2013-01-19 08:00:00,3328.0
2013-01-19 09:00:00,4795.0
2013-01-19 10:00:00,4920.0
2013-01-19 11:00:00,5114.0
2013-01-19 12:00:00,5439.0
2013-01-19 13:00:00,5669.0
2013-01-19 14:00:00,5698.0
2013-01-19 15:00:00,5358.0
2013-01-19 16:00:00,5594.0
2013-01-19 17:00:00,5860.0
2013-01-19 18:00:00,6186.0
2013-01-19 19:00:00,5973.0
2013-01-19 20:00:00,5639.0
2013-01-19 21:00:00,5424.0
2013-01-19 22:00:00,4987.0
2013-01-19 23:00:00,3861.0
2013-01-20 00:00:00,2255.0
2013-01-20 01:00:00,2225.0
2013-01-20 02:00:00,2172.0
2013-01-20 03:00:00,1825.0
2013-01-20 04:00:00,1906.0
2013-01-20 05:00:00,1936.0
2013-01-20 06:00:00,1972.0
2013-01-20 07:00:00,3610.0
2013-01-20 08:00:00,3536.0
2013-01-20 09:00:00,4854.0
2013-01-20 10:00:00,5060.0
2013-01-20 11:00:00,5335.0
2013-01-20 12:00:00,5750.0
2013-01-20 13:00:00,5950.0
2013-01-20 14:00:00,6158.0
2013-01-20 15:00:00,5795.0
2013-01-20 16:00:00,5764.0
2013-01-20 17:00:00,6098.0
2013-01-20 18:00:00,6210.0
2013-01-20 19:00:00,6025.0
2013-01-20 20:00:00,5646.0
2013-01-20 21:00:00,5654.0
2013-01-20 22:00:00,5195.0
2013-01-20 23:00:00,4032.0
2013-01-21 00:00:00,2595.0
2013-01-21 01:00:00,2483.0
2013-01-21 02:00:00,2202.0
2013-01-21 03:00:00,1898.0
2013-01-21 04:00:00,1802.0
2013-01-21 05:00:00,1898.0
2013-01-21 06:00:00,1936.0
2013-01-21 07:00:00,3417.0
2013-01-21 08:00:00,3505.0
2013-01-21 09:00:00,4684.0
2013-01-21 10:00:00,5061.0
2013-01-21 11:00:00,5142.0
2013-01-21 12:00:00,5454.0
2013-01-21 13:00:00,5854.0
2013-01-21 14:00:00,5602.0
2013-01-21 15:00:00,5240.0
2013-01-21 16:00:00,5164.0
2013-01-21 17:00:00,5557.0
2013-01-21 18:00:00,6342.0
2013-01-21 19:00:00,5913.0
2013-01-21 20:00:00,5898.0
2013-01-21 21:00:00,5646.0
2013-01-21 22:00:00,5209.0
2013-01-21 23:00:00,4186.0
2013-01-22 00:00:00,2928.0
2013-01-22 01:00:00,2728.0
2013-01-22 02:00:00,2461.0
2013-01-22 03:00:00,2046.0
2013-01-22 04:00:00,1869.0
2013-01-22 05:00:00,1847.0
2013-01-22 06:00:00,1862.0
2013-01-22 07:00:00,3358.0
2013-01-22 08:00:00,3402.0
2013-01-22 09:00:00,4602.0
2013-01-22 10:00:00,4818.0
2013-01-22 11:00:00,4972.0
2013-01-22 12:00:00,5179.0
2013-01-22 13:00:00,5676.0
2013-01-22 14:00:00,5536.0
2013-01-22 15:00:00,5423.0
2013-01-22 16:00:00,5513.0
2013-01-22 17:00:00,6128.0
2013-01-22 18:00:00,6416.0
2013-01-22 19:00:00,5987.0
2013-01-22 20:00:00,5624.0
2013-01-22 21:00:00,5291.0
2013-01-22 22:00:00,4853.0
2013-01-22 23:00:00,3772.0
2013-01-23 00:00:00,2447.0
2013-01-23 01:00:00,2365.0
2013-01-23 02:00:00,2091.0
2013-01-23 03:00:00,1676.0
2013-01-23 04:00:00,1662.0
2013-01-23 05:00:00,1854.0
2013-01-23 06:00:00,1839.0
2013-01-23 07:00:00,3513.0
2013-01-23 08:00:00,3395.0
2013-01-23 09:00:00,4729.0
2013-01-23 10:00:00,5010.0
2013-01-23 11:00:00,4965.0
2013-01-23 12:00:00,5342.0
2013-01-23 13:00:00,5608.0
2013-01-23 14:00:00,5735.0
2013-01-23 15:00:00,5669.0
2013-01-23 16:00:00,5647.0
2013-01-23 17:00:00,6402.0
2013-01-23 18:00:00,6698.0
2013-01-23 19:00:00,6624.0
2013-01-23 20:00:00,5891.0
2013-01-23 21:00:00,5728.0
2013-01-23 22:00:00,5232.0
2013-01-23 23:00:00,4351.0
2013-01-24 00:00:00,2698.0
2013-01-24 01:00:00,2410.0
2013-01-24 02:00:00,2254.0
2013-01-24 03:00:00,1957.0
2013-01-24 04:00:00,1875.0
2013-01-24 05:00:00,1884.0
2013-01-24 06:00:00,1906.0
2013-01-24 07:00:00,3527.0
2013-01-24 08:00:00,3669.0
2013-01-24 09:00:00,4632.0
2013-01-24 10:00:00,4818.0
2013-01-24 11:00:00,5010.0
2013-01-24 12:00:00,5476.0
2013-01-24 13:00:00,6098.0
2013-01-24 14:00:00,5950.0
2013-01-24 15:00:00,5913.0
2013-01-24 16:00:00,5965.0
2013-01-24 17:00:00,6431.0
2013-01-24 18:00:00,6654.0
2013-01-24 19:00:00,6713.0
2013-01-24 20:00:00,6062.0
2013-01-24 21:00:00,5861.0
2013-01-24 22:00:00,5430.0
2013-01-24 23:00:00,4298.0
2013-01-25 00:00:00,2794.0
2013-01-25 01:00:00,2632.0
2013-01-25 02:00:00,2321.0
2013-01-25 03:00:00,1869.0
2013-01-25 04:00:00,1914.0
2013-01-25 05:00:00,1964.0
2013-01-25 06:00:00,1935.0
2013-01-25 07:00:00,3638.0
2013-01-25 08:00:00,3632.0
2013-01-25 09:00:00,4788.0
2013-01-25 10:00:00,5284.0
2013-01-25 11:00:00,5305.0
2013-01-25 12:00:00,5712.0
2013-01-25 13:00:00,5876.0
2013-01-25 14:00:00,5780.0
2013-01-25 15:00:00,5091.0
2013-01-25 16:00:00,5290.0
2013-01-25 17:00:00,5861.0
2013-01-25 18:00:00,6409.0
2013-01-25 19:00:00,6284.0
2013-01-25 20:00:00,5884.0
2013-01-25 21:00:00,5795.0
2013-01-25 22:00:00,5586.0
2013-01-25 23:00:00,4876.0
2013-01-26 00:00:00,3742.0
2013-01-26 01:00:00,3439.0
2013-01-26 02:00:00,3119.0
2013-01-26 03:00:00,2758.0
2013-01-26 04:00:00,2825.0
2013-01-26 05:00:00,2927.0
2013-01-26 06:00:00,2935.0
2013-01-26 07:00:00,4119.0
2013-01-26 08:00:00,3816.0
2013-01-26 09:00:00,4972.0
2013-01-26 10:00:00,5468.0
2013-01-26 11:00:00,5631.0
2013-01-26 12:00:00,5676.0
2013-01-26 13:00:00,5660.0
2013-01-26 14:00:00,5594.0
2013-01-26 15:00:00,5698.0
2013-01-26 16:00:00,5617.0
2013-01-26 17:00:00,5743.0
2013-01-26 18:00:00,6335.0
2013-01-26 19:00:00,6269.0
2013-01-26 20:00:00,6076.0
2013-01-26 21:00:00,6002.0
2013-01-26 22:00:00,5431.0
2013-01-26 23:00:00,4209.0
2013-01-27 00:00:00,2890.0
2013-01-27 01:00:00,2736.0
2013-01-27 02:00:00,2468.0
2013-01-27 03:00:00,2009.0
2013-01-27 04:00:00,2054.0
2013-01-27 05:00:00,2113.0
2013-01-27 06:00:00,2077.0
2013-01-27 07:00:00,3624.0
2013-01-27 08:00:00,3773.0
2013-01-27 09:00:00,5142.0
2013-01-27 10:00:00,5372.0
2013-01-27 11:00:00,5431.0
2013-01-27 12:00:00,5750.0
2013-01-27 13:00:00,6113.0
2013-01-27 14:00:00,5706.0
2013-01-27 15:00:00,5260.0
2013-01-27 16:00:00,5379.0
2013-01-27 17:00:00,5757.0
2013-01-27 18:00:00,6195.0
2013-01-27 19:00:00,6002.0
2013-01-27 20:00:00,5876.0
2013-01-27 21:00:00,5623.0
2013-01-27 22:00:00,5388.0
2013-01-27 23:00:00,4350.0
2013-01-28 00:00:00,2846.0
2013-01-28 01:00:00,2469.0
2013-01-28 02:00:00,2321.0
2013-01-28 03:00:00,2054.0
2013-01-28 04:00:00,1995.0
2013-01-28 05:00:00,2091.0
2013-01-28 06:00:00,2046.0
2013-01-28 07:00:00,3476.0
2013-01-28 08:00:00,3365.0
2013-01-28 09:00:00,4765.0
2013-01-28 10:00:00,5305.0
2013-01-28 11:00:00,5158.0
2013-01-28 12:00:00,5454.0
2013-01-28 13:00:00,5106.0
2013-01-28 14:00:00,5202.0
2013-01-28 15:00:00,5127.0
2013-01-28 16:00:00,5107.0
2013-01-28 17:00:00,5721.0
2013-01-28 18:00:00,5832.0
2013-01-28 19:00:00,5847.0
2013-01-28 20:00:00,5573.0
2013-01-28 21:00:00,5765.0
2013-01-28 22:00:00,5460.0
2013-01-28 23:00:00,4366.0
2013-01-29 00:00:00,2640.0
2013-01-29 01:00:00,2550.0
2013-01-29 02:00:00,2247.0
2013-01-29 03:00:00,1972.0
2013-01-29 04:00:00,1928.0
2013-01-29 05:00:00,2009.0
2013-01-29 06:00:00,1921.0
2013-01-29 07:00:00,3572.0
2013-01-29 08:00:00,3669.0
2013-01-29 09:00:00,4854.0
2013-01-29 10:00:00,5180.0
2013-01-29 11:00:00,5090.0
2013-01-29 12:00:00,5580.0
2013-01-29 13:00:00,5246.0
2013-01-29 14:00:00,5350.0
2013-01-29 15:00:00,5483.0
2013-01-29 16:00:00,5632.0
2013-01-29 17:00:00,5579.0
2013-01-29 18:00:00,6172.0
2013-01-29 19:00:00,6120.0
2013-01-29 20:00:00,5616.0
2013-01-29 21:00:00,5632.0
2013-01-29 22:00:00,5379.0
2013-01-29 23:00:00,4025.0
2013-01-30 00:00:00,2677.0
2013-01-30 01:00:00,2468.0
2013-01-30 02:00:00,2261.0
2013-01-30 03:00:00,2024.0
2013-01-30 04:00:00,1987.0
2013-01-30 05:00:00,2002.0
2013-01-30 06:00:00,1973.0
2013-01-30 07:00:00,3551.0
2013-01-30 08:00:00,3402.0
2013-01-30 09:00:00,4734.0
2013-01-30 10:00:00,5262.0
2013-01-30 11:00:00,5113.0
2013-01-30 12:00:00,5187.0
2013-01-30 13:00:00,5423.0
2013-01-30 14:00:00,5379.0
2013-01-30 15:00:00,5491.0
2013-01-30 16:00:00,5173.0
2013-01-30 17:00:00,5817.0
2013-01-30 18:00:00,6061.0
2013-01-30 19:00:00,6076.0
2013-01-30 20:00:00,5773.0
2013-01-30 21:00:00,5781.0
2013-01-30 22:00:00,5579.0
2013-01-30 23:00:00,3957.0
2013-01-31 00:00:00,2372.0
2013-01-31 01:00:00,2202.0
2013-01-31 02:00:00,2269.0
2013-01-31 03:00:00,1966.0
2013-01-31 04:00:00,1944.0
2013-01-31 05:00:00,1972.0
2013-01-31 06:00:00,1883.0
2013-01-31 07:00:00,3424.0
2013-01-31 08:00:00,3736.0
2013-01-31 09:00:00,4861.0
2013-01-31 10:00:00,5099.0
2013-01-31 11:00:00,5299.0
2013-01-31 12:00:00,5386.0
2013-01-31 13:00:00,5320.0
2013-01-31 14:00:00,5431.0
2013-01-31 15:00:00,5714.0
2013-01-31 16:00:00,5706.0
2013-01-31 17:00:00,5765.0
2013-01-31 18:00:00,6194.0
2013-01-31 19:00:00,6151.0
2013-01-31 20:00:00,5950.0
2013-01-31 21:00:00,5646.0
2013-01-31 22:00:00,5565.0
2013-01-31 23:00:00,4283.0
2013-02-01 00:00:00,2639.0
2013-02-01 01:00:00,2438.0
2013-02-01 02:00:00,2291.0
2013-02-01 03:00:00,2003.0
2013-02-01 04:00:00,1905.0
2013-02-01 05:00:00,1987.0
2013-02-01 06:00:00,1876.0
2013-02-01 07:00:00,3579.0
2013-02-01 08:00:00,4016.0
2013-02-01 09:00:00,5061.0
2013-02-01 10:00:00,5232.0
2013-02-01 11:00:00,5254.0
2013-02-01 12:00:00,5794.0
2013-02-01 13:00:00,6217.0
2013-02-01 14:00:00,5706.0
2013-02-01 15:00:00,5283.0
2013-02-01 16:00:00,5313.0
2013-02-01 17:00:00,5668.0
2013-02-01 18:00:00,6201.0
2013-02-01 19:00:00,6002.0
2013-02-01 20:00:00,5979.0
2013-02-01 21:00:00,5877.0
2013-02-01 22:00:00,5476.0
2013-02-01 23:00:00,4320.0
2013-02-02 00:00:00,2876.0
2013-02-02 01:00:00,2529.0
2013-02-02 02:00:00,2223.0
2013-02-02 03:00:00,1987.0
2013-02-02 04:00:00,1884.0
2013-02-02 05:00:00,2046.0
2013-02-02 06:00:00,1898.0
2013-02-02 07:00:00,3528.0
2013-02-02 08:00:00,3490.0
2013-02-02 09:00:00,5172.0
2013-02-02 10:00:00,5157.0
2013-02-02 11:00:00,5364.0
2013-02-02 12:00:00,5380.0
2013-02-02 13:00:00,5277.0
2013-02-02 14:00:00,5232.0
2013-02-02 15:00:00,5135.0
2013-02-02 16:00:00,5099.0
2013-02-02 17:00:00,5401.0
2013-02-02 18:00:00,5617.0
2013-02-02 19:00:00,5653.0
2013-02-02 20:00:00,5505.0
2013-02-02 21:00:00,5306.0
2013-02-02 22:00:00,4980.0
2013-02-02 23:00:00,3890.0
2013-02-03 00:00:00,2512.0
2013-02-03 01:00:00,2187.0
2013-02-03 02:00:00,2217.0
2013-02-03 03:00:00,1728.0
2013-02-03 04:00:00,1639.0
2013-02-03 05:00:00,1736.0
2013-02-03 06:00:00,1712.0
2013-02-03 07:00:00,3439.0
2013-02-03 08:00:00,3602.0
2013-02-03 09:00:00,4957.0
2013-02-03 10:00:00,5061.0
2013-02-03 11:00:00,5150.0
2013-02-03 12:00:00,5246.0
2013-02-03 13:00:00,5700.0
2013-02-03 14:00:00,5506.0
2013-02-03 15:00:00,5069.0
2013-02-03 16:00:00,5195.0
2013-02-03 17:00:00,5254.0
2013-02-03 18:00:00,5655.0
2013-02-03 19:00:00,5461.0
2013-02-03 20:00:00,5506.0
2013-02-03 21:00:00,5461.0
2013-02-03 22:00:00,5157.0
2013-02-03 23:00:00,4120.0
2013-02-04 00:00:00,2632.0
2013-02-04 01:00:00,2282.0
2013-02-04 02:00:00,2254.0
2013-02-04 03:00:00,1861.0
2013-02-04 04:00:00,1920.0
2013-02-04 05:00:00,2039.0
2013-02-04 06:00:00,1877.0
2013-02-04 07:00:00,3846.0
2013-02-04 08:00:00,3498.0
2013-02-04 09:00:00,4534.0
2013-02-04 10:00:00,4764.0
2013-02-04 11:00:00,4846.0
2013-02-04 12:00:00,5357.0
2013-02-04 13:00:00,5475.0
2013-02-04 14:00:00,5373.0
2013-02-04 15:00:00,5312.0
2013-02-04 16:00:00,5713.0
2013-02-04 17:00:00,5721.0
2013-02-04 18:00:00,5869.0
2013-02-04 19:00:00,5980.0
2013-02-04 20:00:00,5869.0
2013-02-04 21:00:00,5690.0
2013-02-04 22:00:00,5343.0
2013-02-04 23:00:00,3943.0
2013-02-05 00:00:00,2417.0
2013-02-05 01:00:00,2165.0
2013-02-05 02:00:00,2158.0
2013-02-05 03:00:00,1817.0
2013-02-05 04:00:00,1803.0
2013-02-05 05:00:00,1927.0
2013-02-05 06:00:00,1773.0
2013-02-05 07:00:00,3351.0
2013-02-05 08:00:00,3572.0
2013-02-05 09:00:00,4802.0
2013-02-05 10:00:00,5134.0
2013-02-05 11:00:00,5121.0
2013-02-05 12:00:00,5387.0
2013-02-05 13:00:00,5261.0
2013-02-05 14:00:00,5188.0
2013-02-05 15:00:00,5447.0
2013-02-05 16:00:00,5417.0
2013-02-05 17:00:00,5647.0
2013-02-05 18:00:00,5618.0
2013-02-05 19:00:00,5935.0
2013-02-05 20:00:00,5669.0
2013-02-05 21:00:00,5683.0
2013-02-05 22:00:00,4995.0
2013-02-05 23:00:00,3788.0
2013-02-06 00:00:00,2143.0
2013-02-06 01:00:00,2232.0
2013-02-06 02:00:00,2283.0
2013-02-06 03:00:00,1905.0
2013-02-06 04:00:00,1869.0
2013-02-06 05:00:00,1788.0
2013-02-06 06:00:00,1713.0
2013-02-06 07:00:00,3291.0
2013-02-06 08:00:00,3239.0
2013-02-06 09:00:00,4431.0
2013-02-06 10:00:00,4839.0
2013-02-06 11:00:00,4772.0
2013-02-06 12:00:00,5120.0
2013-02-06 13:00:00,5504.0
2013-02-06 14:00:00,5172.0
2013-02-06 15:00:00,4727.0
2013-02-06 16:00:00,4951.0
2013-02-06 17:00:00,5032.0
2013-02-06 18:00:00,6018.0
2013-02-06 19:00:00,6135.0
2013-02-06 20:00:00,5742.0
2013-02-06 21:00:00,5491.0
2013-02-06 22:00:00,5114.0
2013-02-06 23:00:00,4135.0
2013-02-07 00:00:00,2172.0
2013-02-07 01:00:00,2357.0
2013-02-07 02:00:00,2210.0
2013-02-07 03:00:00,2053.0
2013-02-07 04:00:00,1861.0
2013-02-07 05:00:00,1742.0
2013-02-07 06:00:00,1638.0
2013-02-07 07:00:00,3239.0
2013-02-07 08:00:00,3306.0
2013-02-07 09:00:00,4743.0
2013-02-07 10:00:00,4957.0
2013-02-07 11:00:00,4972.0
2013-02-07 12:00:00,5053.0
2013-02-07 13:00:00,5869.0
2013-02-07 14:00:00,5512.0
2013-02-07 15:00:00,5031.0
2013-02-07 16:00:00,5010.0
2013-02-07 17:00:00,5298.0
2013-02-07 18:00:00,6025.0
2013-02-07 19:00:00,6054.0
2013-02-07 20:00:00,5409.0
2013-02-07 21:00:00,5246.0
2013-02-07 22:00:00,5157.0
2013-02-07 23:00:00,3817.0
2013-02-08 00:00:00,2439.0
2013-02-08 01:00:00,2498.0
2013-02-08 02:00:00,2201.0
2013-02-08 03:00:00,1750.0
2013-02-08 04:00:00,1661.0
2013-02-08 05:00:00,1699.0
2013-02-08 06:00:00,1661.0
2013-02-08 07:00:00,3476.0
2013-02-08 08:00:00,3328.0
2013-02-08 09:00:00,4676.0
2013-02-08 10:00:00,4758.0
2013-02-08 11:00:00,5157.0
2013-02-08 12:00:00,5335.0
2013-02-08 13:00:00,5951.0
2013-02-08 14:00:00,5535.0
2013-02-08 15:00:00,4809.0
2013-02-08 16:00:00,4891.0
2013-02-08 17:00:00,5379.0
2013-02-08 18:00:00,5905.0
2013-02-08 19:00:00,6210.0
2013-02-08 20:00:00,5632.0
2013-02-08 21:00:00,5423.0
2013-02-08 22:00:00,5158.0
2013-02-08 23:00:00,3868.0
2013-02-09 00:00:00,2853.0
2013-02-09 01:00:00,2899.0
2013-02-09 02:00:00,2927.0
2013-02-09 03:00:00,2372.0
2013-02-09 04:00:00,2328.0
2013-02-09 05:00:00,2321.0
2013-02-09 06:00:00,2313.0
2013-02-09 07:00:00,3587.0
2013-02-09 08:00:00,3431.0
2013-02-09 09:00:00,5187.0
2013-02-09 10:00:00,5120.0
2013-02-09 11:00:00,5410.0
2013-02-09 12:00:00,5358.0
2013-02-09 13:00:00,5542.0
2013-02-09 14:00:00,5528.0
2013-02-09 15:00:00,5224.0
2013-02-09 16:00:00,5558.0
2013-02-09 17:00:00,5527.0
2013-02-09 18:00:00,6083.0
2013-02-09 19:00:00,6306.0
2013-02-09 20:00:00,5699.0
2013-02-09 21:00:00,5602.0
2013-02-09 22:00:00,5239.0
2013-02-09 23:00:00,4098.0
2013-02-10 00:00:00,2602.0
2013-02-10 01:00:00,2499.0
2013-02-10 02:00:00,2513.0
2013-02-10 03:00:00,2112.0
2013-02-10 04:00:00,2069.0
2013-02-10 05:00:00,2060.0
2013-02-10 06:00:00,2069.0
2013-02-10 07:00:00,3780.0
2013-02-10 08:00:00,3632.0
2013-02-10 09:00:00,5157.0
2013-02-10 10:00:00,5076.0
2013-02-10 11:00:00,5254.0
2013-02-10 12:00:00,5661.0
2013-02-10 13:00:00,5987.0
2013-02-10 14:00:00,6002.0
2013-02-10 15:00:00,5845.0
2013-02-10 16:00:00,6047.0
2013-02-10 17:00:00,5750.0
2013-02-10 18:00:00,6135.0
2013-02-10 19:00:00,6062.0
2013-02-10 20:00:00,5506.0
2013-02-10 21:00:00,5735.0
2013-02-10 22:00:00,5202.0
2013-02-10 23:00:00,4239.0
2013-02-11 00:00:00,2439.0
2013-02-11 01:00:00,2299.0
2013-02-11 02:00:00,2343.0
2013-02-11 03:00:00,1853.0
2013-02-11 04:00:00,1647.0
2013-02-11 05:00:00,1714.0
2013-02-11 06:00:00,1720.0
2013-02-11 07:00:00,3528.0
2013-02-11 08:00:00,3521.0
2013-02-11 09:00:00,4581.0
2013-02-11 10:00:00,4876.0
2013-02-11 11:00:00,5031.0
2013-02-11 12:00:00,5329.0
2013-02-11 13:00:00,5653.0
2013-02-11 14:00:00,5327.0
2013-02-11 15:00:00,5401.0
2013-02-11 16:00:00,5610.0
2013-02-11 17:00:00,6054.0
2013-02-11 18:00:00,6306.0
2013-02-11 19:00:00,6254.0
2013-02-11 20:00:00,5727.0
2013-02-11 21:00:00,5677.0
2013-02-11 22:00:00,5364.0
2013-02-11 23:00:00,3905.0
2013-02-12 00:00:00,2416.0
2013-02-12 01:00:00,2350.0
2013-02-12 02:00:00,2284.0
2013-02-12 03:00:00,2180.0
2013-02-12 04:00:00,1951.0
2013-02-12 05:00:00,1928.0
2013-02-12 06:00:00,1914.0
2013-02-12 07:00:00,3617.0
2013-02-12 08:00:00,3386.0
2013-02-12 09:00:00,4884.0
2013-02-12 10:00:00,5083.0
2013-02-12 11:00:00,5091.0
2013-02-12 12:00:00,5549.0
2013-02-12 13:00:00,5824.0
2013-02-12 14:00:00,5788.0
2013-02-12 15:00:00,5105.0
2013-02-12 16:00:00,5277.0
2013-02-12 17:00:00,5580.0
2013-02-12 18:00:00,6090.0
2013-02-12 19:00:00,6055.0
2013-02-12 20:00:00,5699.0
2013-02-12 21:00:00,5921.0
2013-02-12 22:00:00,5623.0
2013-02-12 23:00:00,4439.0
2013-02-13 00:00:00,2461.0
2013-02-13 01:00:00,2298.0
2013-02-13 02:00:00,2291.0
2013-02-13 03:00:00,2024.0
2013-02-13 04:00:00,1987.0
2013-02-13 05:00:00,1898.0
2013-02-13 06:00:00,1824.0
2013-02-13 07:00:00,3669.0
2013-02-13 08:00:00,3520.0
2013-02-13 09:00:00,4847.0
2013-02-13 10:00:00,5098.0
2013-02-13 11:00:00,5246.0
2013-02-13 12:00:00,5454.0
2013-02-13 13:00:00,5305.0
2013-02-13 14:00:00,5424.0
2013-02-13 15:00:00,5424.0
2013-02-13 16:00:00,5498.0
2013-02-13 17:00:00,5698.0
2013-02-13 18:00:00,5624.0
2013-02-13 19:00:00,5950.0
2013-02-13 20:00:00,5639.0
2013-02-13 21:00:00,5513.0
2013-02-13 22:00:00,5201.0
2013-02-13 23:00:00,3951.0
2013-02-14 00:00:00,2559.0
2013-02-14 01:00:00,2255.0
2013-02-14 02:00:00,2157.0
2013-02-14 03:00:00,1861.0
2013-02-14 04:00:00,1832.0
2013-02-14 05:00:00,1965.0
2013-02-14 06:00:00,1868.0
2013-02-14 07:00:00,3801.0
2013-02-14 08:00:00,3979.0
2013-02-14 09:00:00,4654.0
2013-02-14 10:00:00,5172.0
2013-02-14 11:00:00,5381.0
2013-02-14 12:00:00,5395.0
2013-02-14 13:00:00,5314.0
2013-02-14 14:00:00,5549.0
2013-02-14 15:00:00,5432.0
2013-02-14 16:00:00,5476.0
2013-02-14 17:00:00,5750.0
2013-02-14 18:00:00,5779.0
2013-02-14 19:00:00,5853.0
2013-02-14 20:00:00,5617.0
2013-02-14 21:00:00,5728.0
2013-02-14 22:00:00,5416.0
2013-02-14 23:00:00,4017.0
2013-02-15 00:00:00,2505.0
2013-02-15 01:00:00,2484.0
2013-02-15 02:00:00,2306.0
2013-02-15 03:00:00,1980.0
2013-02-15 04:00:00,1928.0
2013-02-15 05:00:00,1958.0
2013-02-15 06:00:00,1921.0
2013-02-15 07:00:00,3564.0
2013-02-15 08:00:00,3529.0
2013-02-15 09:00:00,4684.0
2013-02-15 10:00:00,5068.0
2013-02-15 11:00:00,5120.0
2013-02-15 12:00:00,5394.0
2013-02-15 13:00:00,5209.0
2013-02-15 14:00:00,5624.0
2013-02-15 15:00:00,5172.0
2013-02-15 16:00:00,5291.0
2013-02-15 17:00:00,5572.0
2013-02-15 18:00:00,5936.0
2013-02-15 19:00:00,6017.0
2013-02-15 20:00:00,5802.0
2013-02-15 21:00:00,5712.0
2013-02-15 22:00:00,5417.0
2013-02-15 23:00:00,4194.0
2013-02-16 00:00:00,2691.0
2013-02-16 01:00:00,2662.0
2013-02-16 02:00:00,2602.0
2013-02-16 03:00:00,2017.0
2013-02-16 04:00:00,1928.0
2013-02-16 05:00:00,1980.0
2013-02-16 06:00:00,1846.0
2013-02-16 07:00:00,3565.0
2013-02-16 08:00:00,3676.0
2013-02-16 09:00:00,4972.0
2013-02-16 10:00:00,5387.0
2013-02-16 11:00:00,5498.0
2013-02-16 12:00:00,5780.0
2013-02-16 13:00:00,6164.0
2013-02-16 14:00:00,5765.0
2013-02-16 15:00:00,5417.0
2013-02-16 16:00:00,5343.0
2013-02-16 17:00:00,5535.0
2013-02-16 18:00:00,6091.0
2013-02-16 19:00:00,6142.0
2013-02-16 20:00:00,5861.0
2013-02-16 21:00:00,5698.0
2013-02-16 22:00:00,5351.0
2013-02-16 23:00:00,4233.0
2013-02-17 00:00:00,2705.0
2013-02-17 01:00:00,2683.0
2013-02-17 02:00:00,2617.0
2013-02-17 03:00:00,2002.0
2013-02-17 04:00:00,1943.0
2013-02-17 05:00:00,2010.0
2013-02-17 06:00:00,1883.0
2013-02-17 07:00:00,3683.0
2013-02-17 08:00:00,3964.0
2013-02-17 09:00:00,5010.0
2013-02-17 10:00:00,5245.0
2013-02-17 11:00:00,5379.0
2013-02-17 12:00:00,5987.0
2013-02-17 13:00:00,6017.0
2013-02-17 14:00:00,5905.0
2013-02-17 15:00:00,5870.0
2013-02-17 16:00:00,5935.0
2013-02-17 17:00:00,5965.0
2013-02-17 18:00:00,6328.0
2013-02-17 19:00:00,6083.0
2013-02-17 20:00:00,5757.0
2013-02-17 21:00:00,5676.0
2013-02-17 22:00:00,5409.0
2013-02-17 23:00:00,4046.0
2013-02-18 00:00:00,2833.0
2013-02-18 01:00:00,2766.0
2013-02-18 02:00:00,2713.0
2013-02-18 03:00:00,2587.0
2013-02-18 04:00:00,2090.0
2013-02-18 05:00:00,2024.0
2013-02-18 06:00:00,1951.0
2013-02-18 07:00:00,4010.0
2013-02-18 08:00:00,3942.0
2013-02-18 09:00:00,4824.0
2013-02-18 10:00:00,5084.0
2013-02-18 11:00:00,5231.0
2013-02-18 12:00:00,5640.0
2013-02-18 13:00:00,5825.0
2013-02-18 14:00:00,5832.0
2013-02-18 15:00:00,5476.0
2013-02-18 16:00:00,5499.0
2013-02-18 17:00:00,5624.0
2013-02-18 18:00:00,6424.0
2013-02-18 19:00:00,6128.0
2013-02-18 20:00:00,5853.0
2013-02-18 21:00:00,5646.0
2013-02-18 22:00:00,5543.0
2013-02-18 23:00:00,4246.0
2013-02-19 00:00:00,2706.0
2013-02-19 01:00:00,2706.0
2013-02-19 02:00:00,2624.0
2013-02-19 03:00:00,2350.0
2013-02-19 04:00:00,2291.0
2013-02-19 05:00:00,2224.0
2013-02-19 06:00:00,2172.0
2013-02-19 07:00:00,3647.0
2013-02-19 08:00:00,3742.0
2013-02-19 09:00:00,4698.0
2013-02-19 10:00:00,5269.0
2013-02-19 11:00:00,5224.0
2013-02-19 12:00:00,5542.0
2013-02-19 13:00:00,5824.0
2013-02-19 14:00:00,5527.0
2013-02-19 15:00:00,4994.0
2013-02-19 16:00:00,5032.0
2013-02-19 17:00:00,5387.0
2013-02-19 18:00:00,5698.0
2013-02-19 19:00:00,5928.0
2013-02-19 20:00:00,5736.0
2013-02-19 21:00:00,5639.0
2013-02-19 22:00:00,5476.0
2013-02-19 23:00:00,4314.0
2013-02-20 00:00:00,2461.0
2013-02-20 01:00:00,2328.0
2013-02-20 02:00:00,2335.0
2013-02-20 03:00:00,1936.0
2013-02-20 04:00:00,1987.0
2013-02-20 05:00:00,1951.0
2013-02-20 06:00:00,1935.0
2013-02-20 07:00:00,3536.0
2013-02-20 08:00:00,3365.0
2013-02-20 09:00:00,4676.0
2013-02-20 10:00:00,5054.0
2013-02-20 11:00:00,5239.0
2013-02-20 12:00:00,5787.0
2013-02-20 13:00:00,5972.0
2013-02-20 14:00:00,5513.0
2013-02-20 15:00:00,5313.0
2013-02-20 16:00:00,5321.0
2013-02-20 17:00:00,5690.0
2013-02-20 18:00:00,5942.0
2013-02-20 19:00:00,5972.0
2013-02-20 20:00:00,5934.0
2013-02-20 21:00:00,5675.0
2013-02-20 22:00:00,5394.0
2013-02-20 23:00:00,4017.0
2013-02-21 00:00:00,2631.0
2013-02-21 01:00:00,2609.0
2013-02-21 02:00:00,2335.0
2013-02-21 03:00:00,2009.0
2013-02-21 04:00:00,1964.0
2013-02-21 05:00:00,2069.0
2013-02-21 06:00:00,1980.0
2013-02-21 07:00:00,3757.0
2013-02-21 08:00:00,3587.0
2013-02-21 09:00:00,4846.0
2013-02-21 10:00:00,5313.0
2013-02-21 11:00:00,5313.0
2013-02-21 12:00:00,5736.0
2013-02-21 13:00:00,5551.0
2013-02-21 14:00:00,5839.0
2013-02-21 15:00:00,5402.0
2013-02-21 16:00:00,5261.0
2013-02-21 17:00:00,5795.0
2013-02-21 18:00:00,5935.0
2013-02-21 19:00:00,5706.0
2013-02-21 20:00:00,5527.0
2013-02-21 21:00:00,5528.0
2013-02-21 22:00:00,5395.0
2013-02-21 23:00:00,4017.0
2013-02-22 00:00:00,2647.0
2013-02-22 01:00:00,2662.0
2013-02-22 02:00:00,2447.0
2013-02-22 03:00:00,2031.0
2013-02-22 04:00:00,1995.0
2013-02-22 05:00:00,2009.0
2013-02-22 06:00:00,1943.0
2013-02-22 07:00:00,3639.0
2013-02-22 08:00:00,3491.0
2013-02-22 09:00:00,4610.0
2013-02-22 10:00:00,5269.0
2013-02-22 11:00:00,4942.0
2013-02-22 12:00:00,5891.0
2013-02-22 13:00:00,5861.0
2013-02-22 14:00:00,5351.0
2013-02-22 15:00:00,5032.0
2013-02-22 16:00:00,5402.0
2013-02-22 17:00:00,5542.0
2013-02-22 18:00:00,5927.0
2013-02-22 19:00:00,5869.0
2013-02-22 20:00:00,5795.0
2013-02-22 21:00:00,5610.0
2013-02-22 22:00:00,5136.0
2013-02-22 23:00:00,3766.0
2013-02-23 00:00:00,2542.0
2013-02-23 01:00:00,2284.0
2013-02-23 02:00:00,2282.0
2013-02-23 03:00:00,1787.0
2013-02-23 04:00:00,1654.0
2013-02-23 05:00:00,1699.0
2013-02-23 06:00:00,1684.0
2013-02-23 07:00:00,3408.0
2013-02-23 08:00:00,3780.0
2013-02-23 09:00:00,4906.0
2013-02-23 10:00:00,4972.0
2013-02-23 11:00:00,5099.0
2013-02-23 12:00:00,5705.0
2013-02-23 13:00:00,5809.0
2013-02-23 14:00:00,5180.0
2013-02-23 15:00:00,5239.0
2013-02-23 16:00:00,5060.0
2013-02-23 17:00:00,5188.0
2013-02-23 18:00:00,5780.0
2013-02-23 19:00:00,5824.0
2013-02-23 20:00:00,5720.0
2013-02-23 21:00:00,5491.0
2013-02-23 22:00:00,5129.0
2013-02-23 23:00:00,4113.0
2013-02-24 00:00:00,2543.0
2013-02-24 01:00:00,2461.0
2013-02-24 02:00:00,2543.0
2013-02-24 03:00:00,2113.0
2013-02-24 04:00:00,1847.0
2013-02-24 05:00:00,1936.0
2013-02-24 06:00:00,1883.0
2013-02-24 07:00:00,3543.0
2013-02-24 08:00:00,3424.0
2013-02-24 09:00:00,4920.0
2013-02-24 10:00:00,4951.0
2013-02-24 11:00:00,4980.0
2013-02-24 12:00:00,5764.0
2013-02-24 13:00:00,6135.0
2013-02-24 14:00:00,5439.0
2013-02-24 15:00:00,4935.0
2013-02-24 16:00:00,4921.0
2013-02-24 17:00:00,5299.0
2013-02-24 18:00:00,5380.0
2013-02-24 19:00:00,5535.0
2013-02-24 20:00:00,5461.0
2013-02-24 21:00:00,5351.0
2013-02-24 22:00:00,5254.0
2013-02-24 23:00:00,4194.0
2013-02-25 00:00:00,2654.0
2013-02-25 01:00:00,2394.0
2013-02-25 02:00:00,2335.0
2013-02-25 03:00:00,2164.0
2013-02-25 04:00:00,1847.0
2013-02-25 05:00:00,1832.0
2013-02-25 06:00:00,1713.0
2013-02-25 07:00:00,3469.0
2013-02-25 08:00:00,3565.0
2013-02-25 09:00:00,4535.0
2013-02-25 10:00:00,5002.0
2013-02-25 11:00:00,5039.0
2013-02-25 12:00:00,5193.0
2013-02-25 13:00:00,5453.0
2013-02-25 14:00:00,5239.0
2013-02-25 15:00:00,4972.0
2013-02-25 16:00:00,4942.0
2013-02-25 17:00:00,5373.0
2013-02-25 18:00:00,5491.0
2013-02-25 19:00:00,5572.0
2013-02-25 20:00:00,5402.0
2013-02-25 21:00:00,5446.0
2013-02-25 22:00:00,5113.0
2013-02-25 23:00:00,3898.0
2013-02-26 00:00:00,2609.0
2013-02-26 01:00:00,2246.0
2013-02-26 02:00:00,2240.0
2013-02-26 03:00:00,1824.0
2013-02-26 04:00:00,1765.0
2013-02-26 05:00:00,1802.0
2013-02-26 06:00:00,1758.0
2013-02-26 07:00:00,3438.0
2013-02-26 08:00:00,3292.0
2013-02-26 09:00:00,4306.0
2013-02-26 10:00:00,4935.0
2013-02-26 11:00:00,4988.0
2013-02-26 12:00:00,5225.0
2013-02-26 13:00:00,5520.0
2013-02-26 14:00:00,5120.0
2013-02-26 15:00:00,5069.0
2013-02-26 16:00:00,4987.0
2013-02-26 17:00:00,5476.0
2013-02-26 18:00:00,5492.0
2013-02-26 19:00:00,5757.0
2013-02-26 20:00:00,5684.0
2013-02-26 21:00:00,5528.0
2013-02-26 22:00:00,5268.0
2013-02-26 23:00:00,3765.0
2013-02-27 00:00:00,2447.0
2013-02-27 01:00:00,2387.0
2013-02-27 02:00:00,2143.0
2013-02-27 03:00:00,1721.0
2013-02-27 04:00:00,1758.0
2013-02-27 05:00:00,1847.0
2013-02-27 06:00:00,1706.0
2013-02-27 07:00:00,3321.0
2013-02-27 08:00:00,3410.0
2013-02-27 09:00:00,4624.0
2013-02-27 10:00:00,4965.0
2013-02-27 11:00:00,5107.0
2013-02-27 12:00:00,5298.0
2013-02-27 13:00:00,5602.0
2013-02-27 14:00:00,5365.0
2013-02-27 15:00:00,4692.0
2013-02-27 16:00:00,5099.0
2013-02-27 17:00:00,5099.0
2013-02-27 18:00:00,5557.0
2013-02-27 19:00:00,5580.0
2013-02-27 20:00:00,5632.0
2013-02-27 21:00:00,5476.0
2013-02-27 22:00:00,5061.0
2013-02-27 23:00:00,3898.0
2013-02-28 00:00:00,2416.0
2013-02-28 01:00:00,2290.0
2013-02-28 02:00:00,1942.0
2013-02-28 03:00:00,1587.0
2013-02-28 04:00:00,1564.0
2013-02-28 05:00:00,1647.0
2013-02-28 06:00:00,1609.0
2013-02-28 07:00:00,3232.0
2013-02-28 08:00:00,3254.0
2013-02-28 09:00:00,4535.0
2013-02-28 10:00:00,4929.0
2013-02-28 11:00:00,4943.0
2013-02-28 12:00:00,5424.0
2013-02-28 13:00:00,5713.0
2013-02-28 14:00:00,5646.0
2013-02-28 15:00:00,5270.0
2013-02-28 16:00:00,5031.0
2013-02-28 17:00:00,5245.0
2013-02-28 18:00:00,5424.0
2013-02-28 19:00:00,5750.0
2013-02-28 20:00:00,5624.0
2013-02-28 21:00:00,5210.0
2013-02-28 22:00:00,5098.0
2013-02-28 23:00:00,4410.0
2013-03-01 00:00:00,2669.0
2013-03-01 01:00:00,2572.0
2013-03-01 02:00:00,2231.0
2013-03-01 03:00:00,1847.0
2013-03-01 04:00:00,1824.0
2013-03-01 05:00:00,1877.0
2013-03-01 06:00:00,1854.0
2013-03-01 07:00:00,3461.0
2013-03-01 08:00:00,3573.0
2013-03-01 09:00:00,4891.0
2013-03-01 10:00:00,5098.0
2013-03-01 11:00:00,5076.0
2013-03-01 12:00:00,5542.0
2013-03-01 13:00:00,6054.0
2013-03-01 14:00:00,5587.0
2013-03-01 15:00:00,5327.0
2013-03-01 16:00:00,5097.0
2013-03-01 17:00:00,5647.0
2013-03-01 18:00:00,5639.0
2013-03-01 19:00:00,5891.0
2013-03-01 20:00:00,5972.0
2013-03-01 21:00:00,5654.0
2013-03-01 22:00:00,5306.0
2013-03-01 23:00:00,4054.0
2013-03-02 00:00:00,2647.0
2013-03-02 01:00:00,2588.0
2013-03-02 02:00:00,2550.0
2013-03-02 03:00:00,2365.0
2013-03-02 04:00:00,1883.0
2013-03-02 05:00:00,1882.0
2013-03-02 06:00:00,1802.0
2013-03-02 07:00:00,3616.0
2013-03-02 08:00:00,3283.0
2013-03-02 09:00:00,4994.0
2013-03-02 10:00:00,5277.0
2013-03-02 11:00:00,5276.0
2013-03-02 12:00:00,5751.0
2013-03-02 13:00:00,5987.0
2013-03-02 14:00:00,5565.0
2013-03-02 15:00:00,5344.0
2013-03-02 16:00:00,5261.0
2013-03-02 17:00:00,5513.0
2013-03-02 18:00:00,5565.0
2013-03-02 19:00:00,6055.0
2013-03-02 20:00:00,5824.0
2013-03-02 21:00:00,5669.0
2013-03-02 22:00:00,5306.0
2013-03-02 23:00:00,3944.0
2013-03-03 00:00:00,2542.0
2013-03-03 01:00:00,2483.0
2013-03-03 02:00:00,2358.0
2013-03-03 03:00:00,1987.0
2013-03-03 04:00:00,2032.0
2013-03-03 05:00:00,2039.0
2013-03-03 06:00:00,1951.0
2013-03-03 07:00:00,3527.0
2013-03-03 08:00:00,3172.0
2013-03-03 09:00:00,4506.0
2013-03-03 10:00:00,5106.0
2013-03-03 11:00:00,5232.0
2013-03-03 12:00:00,5588.0
2013-03-03 13:00:00,6098.0
2013-03-03 14:00:00,5528.0
2013-03-03 15:00:00,5091.0
2013-03-03 16:00:00,5387.0
2013-03-03 17:00:00,5344.0
2013-03-03 18:00:00,5558.0
2013-03-03 19:00:00,5773.0
2013-03-03 20:00:00,5772.0
2013-03-03 21:00:00,5565.0
2013-03-03 22:00:00,5335.0
2013-03-03 23:00:00,4114.0
2013-03-04 00:00:00,2520.0
2013-03-04 01:00:00,2505.0
2013-03-04 02:00:00,2350.0
2013-03-04 03:00:00,1839.0
2013-03-04 04:00:00,1758.0
2013-03-04 05:00:00,1840.0
2013-03-04 06:00:00,1832.0
2013-03-04 07:00:00,3461.0
2013-03-04 08:00:00,3462.0
2013-03-04 09:00:00,4476.0
2013-03-04 10:00:00,4943.0
2013-03-04 11:00:00,4832.0
2013-03-04 12:00:00,5373.0
2013-03-04 13:00:00,5654.0
2013-03-04 14:00:00,5625.0
2013-03-04 15:00:00,5713.0
2013-03-04 16:00:00,5765.0
2013-03-04 17:00:00,5839.0
2013-03-04 18:00:00,6128.0
2013-03-04 19:00:00,5965.0
2013-03-04 20:00:00,5662.0
2013-03-04 21:00:00,5505.0
2013-03-04 22:00:00,5350.0
2013-03-04 23:00:00,4202.0
2013-03-05 00:00:00,2631.0
2013-03-05 01:00:00,2492.0
2013-03-05 02:00:00,2349.0
2013-03-05 03:00:00,2016.0
2013-03-05 04:00:00,2001.0
2013-03-05 05:00:00,1972.0
2013-03-05 06:00:00,1972.0
2013-03-05 07:00:00,3683.0
2013-03-05 08:00:00,3462.0
2013-03-05 09:00:00,4595.0
2013-03-05 10:00:00,5166.0
2013-03-05 11:00:00,5305.0
2013-03-05 12:00:00,5492.0
2013-03-05 13:00:00,5454.0
2013-03-05 14:00:00,5446.0
2013-03-05 15:00:00,5217.0
2013-03-05 16:00:00,5209.0
2013-03-05 17:00:00,5542.0
2013-03-05 18:00:00,5483.0
2013-03-05 19:00:00,5743.0
2013-03-05 20:00:00,5802.0
2013-03-05 21:00:00,5824.0
2013-03-05 22:00:00,5714.0
2013-03-05 23:00:00,4106.0
2013-03-06 00:00:00,2832.0
2013-03-06 01:00:00,2498.0
2013-03-06 02:00:00,2305.0
2013-03-06 03:00:00,2120.0
2013-03-06 04:00:00,2076.0
2013-03-06 05:00:00,2046.0
2013-03-06 06:00:00,2025.0
2013-03-06 07:00:00,3802.0
2013-03-06 08:00:00,3662.0
2013-03-06 09:00:00,4780.0
2013-03-06 10:00:00,5298.0
2013-03-06 11:00:00,5261.0
2013-03-06 12:00:00,5676.0
2013-03-06 13:00:00,6039.0
2013-03-06 14:00:00,5557.0
2013-03-06 15:00:00,5224.0
2013-03-06 16:00:00,5313.0
2013-03-06 17:00:00,5831.0
2013-03-06 18:00:00,5684.0
2013-03-06 19:00:00,5994.0
2013-03-06 20:00:00,5899.0
2013-03-06 21:00:00,6040.0
2013-03-06 22:00:00,5705.0
2013-03-06 23:00:00,4284.0
2013-03-07 00:00:00,2942.0
2013-03-07 01:00:00,2743.0
2013-03-07 02:00:00,2484.0
2013-03-07 03:00:00,2172.0
2013-03-07 04:00:00,2135.0
2013-03-07 05:00:00,2105.0
2013-03-07 06:00:00,2127.0
2013-03-07 07:00:00,3698.0
2013-03-07 08:00:00,3853.0
2013-03-07 09:00:00,5180.0
2013-03-07 10:00:00,5372.0
2013-03-07 11:00:00,5439.0
2013-03-07 12:00:00,5624.0
2013-03-07 13:00:00,5373.0
2013-03-07 14:00:00,5445.0
2013-03-07 15:00:00,5268.0
2013-03-07 16:00:00,5260.0
2013-03-07 17:00:00,5817.0
2013-03-07 18:00:00,5624.0
2013-03-07 19:00:00,5765.0
2013-03-07 20:00:00,6024.0
2013-03-07 21:00:00,5802.0
2013-03-07 22:00:00,5631.0
2013-03-07 23:00:00,4839.0
2013-03-08 00:00:00,2994.0
2013-03-08 01:00:00,2610.0
2013-03-08 02:00:00,2497.0
2013-03-08 03:00:00,2120.0
2013-03-08 04:00:00,2024.0
2013-03-08 05:00:00,2091.0
2013-03-08 06:00:00,2061.0
2013-03-08 07:00:00,3594.0
2013-03-08 08:00:00,3742.0
2013-03-08 09:00:00,4995.0
2013-03-08 10:00:00,5483.0
2013-03-08 11:00:00,5328.0
2013-03-08 12:00:00,5884.0
2013-03-08 13:00:00,6075.0
2013-03-08 14:00:00,5624.0
2013-03-08 15:00:00,5647.0
2013-03-08 16:00:00,5831.0
2013-03-08 17:00:00,5690.0
2013-03-08 18:00:00,5943.0
2013-03-08 19:00:00,5913.0
2013-03-08 20:00:00,5921.0
2013-03-08 21:00:00,5862.0
2013-03-08 22:00:00,5617.0
2013-03-08 23:00:00,4291.0
2013-03-09 00:00:00,2720.0
2013-03-09 01:00:00,2446.0
2013-03-09 02:00:00,2551.0
2013-03-09 03:00:00,2439.0
2013-03-09 04:00:00,2439.0
2013-03-09 05:00:00,2409.0
2013-03-09 06:00:00,2283.0
2013-03-09 07:00:00,3958.0
2013-03-09 08:00:00,3676.0
2013-03-09 09:00:00,5417.0
2013-03-09 10:00:00,5557.0
2013-03-09 11:00:00,5461.0
2013-03-09 12:00:00,5780.0
2013-03-09 13:00:00,5668.0
2013-03-09 14:00:00,5876.0
2013-03-09 15:00:00,5706.0
2013-03-09 16:00:00,5431.0
2013-03-09 17:00:00,5461.0
2013-03-09 18:00:00,5720.0
2013-03-09 19:00:00,5987.0
2013-03-09 20:00:00,6077.0
2013-03-09 21:00:00,5757.0
2013-03-09 22:00:00,5409.0
2013-03-09 23:00:00,4232.0
2013-03-10 00:00:00,2884.0
2013-03-10 01:00:00,2305.0
2013-03-10 02:00:00,2306.0
2013-03-10 03:00:00,1949.0
2013-03-10 04:00:00,1972.0
2013-03-10 05:00:00,1995.0
2013-03-10 06:00:00,1943.0
2013-03-10 07:00:00,3742.0
2013-03-10 08:00:00,3617.0
2013-03-10 09:00:00,5357.0
2013-03-10 10:00:00,5505.0
2013-03-10 11:00:00,5350.0
2013-03-10 12:00:00,5557.0
2013-03-10 13:00:00,5609.0
2013-03-10 14:00:00,5484.0
2013-03-10 15:00:00,5327.0
2013-03-10 16:00:00,5513.0
2013-03-10 17:00:00,5647.0
2013-03-10 18:00:00,5534.0
2013-03-10 19:00:00,6017.0
2013-03-10 20:00:00,5913.0
2013-03-10 21:00:00,5744.0
2013-03-10 22:00:00,5298.0
2013-03-10 23:00:00,4158.0
2013-03-11 00:00:00,2580.0
2013-03-11 01:00:00,2424.0
2013-03-11 02:00:00,2432.0
2013-03-11 03:00:00,2134.0
2013-03-11 04:00:00,1995.0
2013-03-11 05:00:00,2061.0
2013-03-11 06:00:00,2053.0
2013-03-11 07:00:00,3972.0
2013-03-11 08:00:00,3558.0
2013-03-11 09:00:00,4905.0
2013-03-11 10:00:00,5128.0
2013-03-11 11:00:00,5180.0
2013-03-11 12:00:00,5721.0
2013-03-11 13:00:00,5781.0
2013-03-11 14:00:00,5499.0
2013-03-11 15:00:00,5003.0
2013-03-11 16:00:00,5106.0
2013-03-11 17:00:00,5617.0
2013-03-11 18:00:00,5609.0
2013-03-11 19:00:00,5802.0
2013-03-11 20:00:00,5868.0
2013-03-11 21:00:00,5713.0
2013-03-11 22:00:00,5402.0
2013-03-11 23:00:00,4594.0
2013-03-12 00:00:00,2965.0
2013-03-12 01:00:00,2802.0
2013-03-12 02:00:00,2794.0
2013-03-12 03:00:00,2231.0
2013-03-12 04:00:00,1973.0
2013-03-12 05:00:00,2025.0
2013-03-12 06:00:00,2062.0
2013-03-12 07:00:00,3691.0
2013-03-12 08:00:00,3394.0
2013-03-12 09:00:00,4994.0
2013-03-12 10:00:00,5172.0
2013-03-12 11:00:00,5180.0
2013-03-12 12:00:00,5661.0
2013-03-12 13:00:00,5802.0
2013-03-12 14:00:00,5468.0
2013-03-12 15:00:00,5105.0
2013-03-12 16:00:00,5143.0
2013-03-12 17:00:00,5484.0
2013-03-12 18:00:00,5342.0
2013-03-12 19:00:00,5764.0
2013-03-12 20:00:00,5528.0
2013-03-12 21:00:00,5557.0
2013-03-12 22:00:00,5291.0
2013-03-12 23:00:00,4824.0
2013-03-13 00:00:00,3440.0
2013-03-13 01:00:00,3105.0
2013-03-13 02:00:00,3032.0
2013-03-13 03:00:00,2454.0
2013-03-13 04:00:00,2290.0
2013-03-13 05:00:00,2387.0
2013-03-13 06:00:00,2208.0
2013-03-13 07:00:00,3351.0
2013-03-13 08:00:00,3039.0
2013-03-13 09:00:00,4980.0
2013-03-13 10:00:00,5121.0
2013-03-13 11:00:00,5158.0
2013-03-13 12:00:00,5261.0
2013-03-13 13:00:00,5668.0
2013-03-13 14:00:00,5032.0
2013-03-13 15:00:00,4602.0
2013-03-13 16:00:00,4728.0
2013-03-13 17:00:00,5031.0
2013-03-13 18:00:00,5409.0
2013-03-13 19:00:00,5513.0
2013-03-13 20:00:00,5321.0
2013-03-13 21:00:00,5416.0
2013-03-13 22:00:00,5120.0
2013-03-13 23:00:00,3965.0
2013-03-14 00:00:00,2224.0
2013-03-14 01:00:00,2210.0
2013-03-14 02:00:00,2587.0
2013-03-14 03:00:00,1742.0
2013-03-14 04:00:00,1632.0
2013-03-14 05:00:00,1705.0
2013-03-14 06:00:00,1721.0
2013-03-14 07:00:00,3639.0
2013-03-14 08:00:00,3098.0
2013-03-14 09:00:00,4840.0
2013-03-14 10:00:00,4994.0
2013-03-14 11:00:00,5084.0
2013-03-14 12:00:00,5418.0
2013-03-14 13:00:00,5187.0
2013-03-14 14:00:00,5299.0
2013-03-14 15:00:00,5492.0
2013-03-14 16:00:00,5409.0
2013-03-14 17:00:00,5543.0
2013-03-14 18:00:00,5312.0
2013-03-14 19:00:00,5648.0
2013-03-14 20:00:00,5743.0
2013-03-14 21:00:00,5520.0
2013-03-14 22:00:00,5128.0
2013-03-14 23:00:00,3877.0
2013-03-15 00:00:00,2269.0
2013-03-15 01:00:00,2283.0
2013-03-15 02:00:00,2203.0
2013-03-15 03:00:00,1884.0
2013-03-15 04:00:00,1809.0
2013-03-15 05:00:00,1921.0
2013-03-15 06:00:00,1802.0
2013-03-15 07:00:00,3483.0
2013-03-15 08:00:00,3506.0
2013-03-15 09:00:00,4759.0
2013-03-15 10:00:00,5069.0
2013-03-15 11:00:00,5084.0
2013-03-15 12:00:00,5120.0
2013-03-15 13:00:00,5320.0
2013-03-15 14:00:00,5395.0
2013-03-15 15:00:00,5306.0
2013-03-15 16:00:00,5180.0
2013-03-15 17:00:00,5439.0
2013-03-15 18:00:00,5498.0
2013-03-15 19:00:00,5684.0
2013-03-15 20:00:00,5951.0
2013-03-15 21:00:00,5699.0
2013-03-15 22:00:00,5298.0
2013-03-15 23:00:00,4402.0
2013-03-16 00:00:00,2736.0
2013-03-16 01:00:00,2691.0
2013-03-16 02:00:00,2372.0
2013-03-16 03:00:00,1973.0
2013-03-16 04:00:00,1921.0
2013-03-16 05:00:00,1943.0
2013-03-16 06:00:00,1943.0
2013-03-16 07:00:00,3720.0
2013-03-16 08:00:00,3705.0
2013-03-16 09:00:00,5217.0
2013-03-16 10:00:00,5461.0
2013-03-16 11:00:00,5372.0
2013-03-16 12:00:00,5668.0
2013-03-16 13:00:00,5661.0
2013-03-16 14:00:00,5772.0
2013-03-16 15:00:00,5497.0
2013-03-16 16:00:00,5306.0
2013-03-16 17:00:00,5735.0
2013-03-16 18:00:00,5728.0
2013-03-16 19:00:00,5988.0
2013-03-16 20:00:00,6039.0
2013-03-16 21:00:00,5943.0
2013-03-16 22:00:00,5602.0
2013-03-16 23:00:00,4854.0
2013-03-17 00:00:00,2987.0
2013-03-17 01:00:00,2795.0
2013-03-17 02:00:00,2513.0
2013-03-17 03:00:00,2105.0
2013-03-17 04:00:00,2106.0
2013-03-17 05:00:00,2136.0
2013-03-17 06:00:00,2113.0
2013-03-17 07:00:00,3282.0
2013-03-17 08:00:00,4254.0
2013-03-17 09:00:00,5349.0
2013-03-17 10:00:00,5586.0
2013-03-17 11:00:00,5455.0
2013-03-17 12:00:00,5729.0
2013-03-17 13:00:00,5883.0
2013-03-17 14:00:00,5840.0
2013-03-17 15:00:00,5424.0
2013-03-17 16:00:00,5357.0
2013-03-17 17:00:00,5247.0
2013-03-17 18:00:00,5395.0
2013-03-17 19:00:00,5714.0
2013-03-17 20:00:00,5617.0
2013-03-17 21:00:00,5491.0
2013-03-17 22:00:00,5143.0
2013-03-17 23:00:00,4216.0
2013-03-18 00:00:00,2699.0
2013-03-18 01:00:00,2588.0
2013-03-18 02:00:00,2306.0
2013-03-18 03:00:00,2017.0
2013-03-18 04:00:00,2083.0
2013-03-18 05:00:00,2128.0
2013-03-18 06:00:00,2187.0
2013-03-18 07:00:00,3758.0
2013-03-18 08:00:00,3454.0
2013-03-18 09:00:00,4979.0
2013-03-18 10:00:00,5179.0
2013-03-18 11:00:00,5158.0
2013-03-18 12:00:00,5446.0
2013-03-18 13:00:00,5262.0
2013-03-18 14:00:00,5423.0
2013-03-18 15:00:00,5328.0
2013-03-18 16:00:00,5440.0
2013-03-18 17:00:00,5594.0
2013-03-18 18:00:00,5794.0
2013-03-18 19:00:00,5912.0
2013-03-18 20:00:00,5825.0
2013-03-18 21:00:00,5720.0
2013-03-18 22:00:00,5512.0
2013-03-18 23:00:00,4321.0
2013-03-19 00:00:00,2661.0
2013-03-19 01:00:00,2231.0
2013-03-19 02:00:00,2201.0
2013-03-19 03:00:00,1944.0
2013-03-19 04:00:00,1921.0
2013-03-19 05:00:00,1950.0
2013-03-19 06:00:00,1905.0
2013-03-19 07:00:00,3454.0
2013-03-19 08:00:00,3586.0
2013-03-19 09:00:00,5083.0
2013-03-19 10:00:00,5195.0
2013-03-19 11:00:00,5217.0
2013-03-19 12:00:00,5639.0
2013-03-19 13:00:00,5943.0
2013-03-19 14:00:00,5736.0
2013-03-19 15:00:00,5492.0
2013-03-19 16:00:00,5773.0
2013-03-19 17:00:00,5275.0
2013-03-19 18:00:00,5299.0
2013-03-19 19:00:00,5928.0
2013-03-19 20:00:00,5765.0
2013-03-19 21:00:00,5624.0
2013-03-19 22:00:00,5335.0
2013-03-19 23:00:00,4068.0
2013-03-20 00:00:00,2313.0
2013-03-20 01:00:00,2334.0
2013-03-20 02:00:00,2238.0
2013-03-20 03:00:00,1994.0
2013-03-20 04:00:00,1995.0
2013-03-20 05:00:00,1943.0
2013-03-20 06:00:00,2017.0
2013-03-20 07:00:00,3483.0
2013-03-20 08:00:00,3691.0
2013-03-20 09:00:00,4862.0
2013-03-20 10:00:00,5306.0
2013-03-20 11:00:00,5172.0
2013-03-20 12:00:00,5350.0
2013-03-20 13:00:00,5291.0
2013-03-20 14:00:00,5246.0
2013-03-20 15:00:00,5261.0
2013-03-20 16:00:00,5321.0
2013-03-20 17:00:00,5475.0
2013-03-20 18:00:00,5714.0
2013-03-20 19:00:00,5906.0
2013-03-20 20:00:00,5632.0
2013-03-20 21:00:00,5616.0
2013-03-20 22:00:00,5358.0
2013-03-20 23:00:00,4624.0
2013-03-21 00:00:00,3484.0
2013-03-21 01:00:00,3395.0
2013-03-21 02:00:00,3048.0
2013-03-21 03:00:00,2016.0
2013-03-21 04:00:00,1950.0
2013-03-21 05:00:00,1928.0
2013-03-21 06:00:00,1973.0
2013-03-21 07:00:00,3476.0
2013-03-21 08:00:00,3224.0
2013-03-21 09:00:00,4943.0
2013-03-21 10:00:00,5342.0
2013-03-21 11:00:00,5306.0
2013-03-21 12:00:00,5386.0
2013-03-21 13:00:00,5327.0
2013-03-21 14:00:00,5535.0
2013-03-21 15:00:00,5446.0
2013-03-21 16:00:00,5394.0
2013-03-21 17:00:00,5632.0
2013-03-21 18:00:00,5602.0
2013-03-21 19:00:00,5898.0
2013-03-21 20:00:00,5950.0
2013-03-21 21:00:00,6001.0
2013-03-21 22:00:00,5520.0
2013-03-21 23:00:00,4231.0
2013-03-22 00:00:00,2491.0
2013-03-22 01:00:00,2565.0
2013-03-22 02:00:00,2498.0
2013-03-22 03:00:00,2217.0
2013-03-22 04:00:00,2187.0
2013-03-22 05:00:00,2061.0
2013-03-22 06:00:00,2172.0
2013-03-22 07:00:00,3868.0
2013-03-22 08:00:00,3624.0
2013-03-22 09:00:00,4965.0
2013-03-22 10:00:00,5306.0
2013-03-22 11:00:00,5409.0
2013-03-22 12:00:00,5602.0
2013-03-22 13:00:00,5557.0
2013-03-22 14:00:00,5416.0
2013-03-22 15:00:00,5277.0
2013-03-22 16:00:00,5602.0
2013-03-22 17:00:00,5839.0
2013-03-22 18:00:00,5779.0
2013-03-22 19:00:00,6113.0
2013-03-22 20:00:00,6113.0
2013-03-22 21:00:00,6054.0
2013-03-22 22:00:00,5506.0
2013-03-22 23:00:00,4299.0
2013-03-23 00:00:00,2631.0
2013-03-23 01:00:00,2380.0
2013-03-23 02:00:00,2358.0
2013-03-23 03:00:00,2158.0
2013-03-23 04:00:00,2047.0
2013-03-23 05:00:00,2046.0
2013-03-23 06:00:00,1957.0
2013-03-23 07:00:00,3543.0
2013-03-23 08:00:00,3609.0
2013-03-23 09:00:00,5453.0
2013-03-23 10:00:00,5876.0
2013-03-23 11:00:00,5773.0
2013-03-23 12:00:00,6084.0
2013-03-23 13:00:00,6202.0
2013-03-23 14:00:00,5913.0
2013-03-23 15:00:00,5543.0
2013-03-23 16:00:00,5483.0
2013-03-23 17:00:00,5714.0
2013-03-23 18:00:00,5877.0
2013-03-23 19:00:00,5906.0
2013-03-23 20:00:00,6039.0
2013-03-23 21:00:00,5846.0
2013-03-23 22:00:00,5401.0
2013-03-23 23:00:00,4439.0
2013-03-24 00:00:00,3351.0
2013-03-24 01:00:00,2920.0
2013-03-24 02:00:00,2832.0
2013-03-24 03:00:00,2587.0
2013-03-24 04:00:00,2454.0
2013-03-24 05:00:00,2484.0
2013-03-24 06:00:00,2268.0
2013-03-24 07:00:00,3691.0
2013-03-24 08:00:00,3631.0
2013-03-24 09:00:00,5165.0
2013-03-24 10:00:00,5439.0
2013-03-24 11:00:00,5335.0
2013-03-24 12:00:00,5409.0
2013-03-24 13:00:00,5365.0
2013-03-24 14:00:00,5713.0
2013-03-24 15:00:00,5314.0
2013-03-24 16:00:00,5706.0
2013-03-24 17:00:00,5825.0
2013-03-24 18:00:00,5454.0
2013-03-24 19:00:00,5772.0
2013-03-24 20:00:00,5920.0
2013-03-24 21:00:00,5802.0
2013-03-24 22:00:00,5313.0
2013-03-24 23:00:00,4306.0
2013-03-25 00:00:00,2654.0
2013-03-25 01:00:00,2565.0
2013-03-25 02:00:00,2639.0
2013-03-25 03:00:00,2075.0
2013-03-25 04:00:00,2017.0
2013-03-25 05:00:00,2039.0
2013-03-25 06:00:00,2017.0
2013-03-25 07:00:00,3505.0
2013-03-25 08:00:00,3942.0
2013-03-25 09:00:00,5245.0
2013-03-25 10:00:00,5401.0
2013-03-25 11:00:00,5424.0
2013-03-25 12:00:00,5454.0
2013-03-25 13:00:00,5424.0
2013-03-25 14:00:00,5453.0
2013-03-25 15:00:00,5291.0
2013-03-25 16:00:00,5387.0
2013-03-25 17:00:00,5824.0
2013-03-25 18:00:00,5802.0
2013-03-25 19:00:00,5727.0
2013-03-25 20:00:00,5928.0
2013-03-25 21:00:00,6024.0
2013-03-25 22:00:00,5565.0
2013-03-25 23:00:00,4432.0
2013-03-26 00:00:00,2543.0
2013-03-26 01:00:00,2558.0
2013-03-26 02:00:00,2565.0
2013-03-26 03:00:00,2239.0
2013-03-26 04:00:00,2224.0
2013-03-26 05:00:00,2217.0
2013-03-26 06:00:00,2283.0
2013-03-26 07:00:00,4105.0
2013-03-26 08:00:00,4061.0
2013-03-26 09:00:00,5246.0
2013-03-26 10:00:00,5431.0
2013-03-26 11:00:00,5372.0
2013-03-26 12:00:00,5564.0
2013-03-26 13:00:00,5995.0
2013-03-26 14:00:00,5712.0
2013-03-26 15:00:00,5476.0
2013-03-26 16:00:00,5291.0
2013-03-26 17:00:00,5706.0
2013-03-26 18:00:00,5654.0
2013-03-26 19:00:00,5936.0
2013-03-26 20:00:00,6024.0
2013-03-26 21:00:00,6009.0
2013-03-26 22:00:00,5565.0
2013-03-26 23:00:00,4424.0
2013-03-27 00:00:00,2505.0
2013-03-27 01:00:00,2506.0
2013-03-27 02:00:00,2528.0
2013-03-27 03:00:00,2143.0
2013-03-27 04:00:00,2069.0
2013-03-27 05:00:00,2150.0
2013-03-27 06:00:00,2121.0
2013-03-27 07:00:00,3720.0
2013-03-27 08:00:00,3542.0
2013-03-27 09:00:00,5165.0
2013-03-27 10:00:00,5350.0
2013-03-27 11:00:00,5334.0
2013-03-27 12:00:00,5431.0
2013-03-27 13:00:00,5528.0
2013-03-27 14:00:00,5528.0
2013-03-27 15:00:00,5202.0
2013-03-27 16:00:00,5505.0
2013-03-27 17:00:00,5632.0
2013-03-27 18:00:00,5499.0
2013-03-27 19:00:00,6046.0
2013-03-27 20:00:00,6275.0
2013-03-27 21:00:00,6024.0
2013-03-27 22:00:00,5616.0
2013-03-27 23:00:00,4410.0
2013-03-28 00:00:00,2699.0
2013-03-28 01:00:00,2654.0
2013-03-28 02:00:00,2580.0
2013-03-28 03:00:00,2194.0
2013-03-28 04:00:00,2173.0
2013-03-28 05:00:00,2113.0
2013-03-28 06:00:00,2076.0
2013-03-28 07:00:00,3832.0
2013-03-28 08:00:00,3595.0
2013-03-28 09:00:00,4965.0
2013-03-28 10:00:00,5343.0
2013-03-28 11:00:00,5425.0
2013-03-28 12:00:00,5410.0
2013-03-28 13:00:00,5542.0
2013-03-28 14:00:00,5675.0
2013-03-28 15:00:00,5595.0
2013-03-28 16:00:00,5276.0
2013-03-28 17:00:00,5698.0
2013-03-28 18:00:00,5780.0
2013-03-28 19:00:00,6068.0
2013-03-28 20:00:00,6210.0
2013-03-28 21:00:00,5994.0
2013-03-28 22:00:00,5616.0
2013-03-28 23:00:00,4891.0
2013-03-29 00:00:00,2861.0
2013-03-29 01:00:00,2883.0
2013-03-29 02:00:00,2529.0
2013-03-29 03:00:00,2260.0
2013-03-29 04:00:00,2201.0
2013-03-29 05:00:00,2142.0
2013-03-29 06:00:00,2158.0
2013-03-29 07:00:00,3817.0
2013-03-29 08:00:00,3809.0
2013-03-29 09:00:00,5439.0
2013-03-29 10:00:00,5535.0
2013-03-29 11:00:00,5439.0
2013-03-29 12:00:00,6143.0
2013-03-29 13:00:00,6388.0
2013-03-29 14:00:00,5719.0
2013-03-29 15:00:00,5596.0
2013-03-29 16:00:00,5476.0
2013-03-29 17:00:00,5542.0
2013-03-29 18:00:00,5914.0
2013-03-29 19:00:00,6210.0
2013-03-29 20:00:00,6053.0
2013-03-29 21:00:00,5965.0
2013-03-29 22:00:00,5669.0
2013-03-29 23:00:00,4638.0
2013-03-30 00:00:00,2883.0
2013-03-30 01:00:00,2839.0
2013-03-30 02:00:00,2654.0
2013-03-30 03:00:00,2268.0
2013-03-30 04:00:00,2239.0
2013-03-30 05:00:00,2262.0
2013-03-30 06:00:00,2210.0
2013-03-30 07:00:00,3884.0
2013-03-30 08:00:00,4157.0
2013-03-30 09:00:00,5328.0
2013-03-30 10:00:00,5653.0
2013-03-30 11:00:00,5573.0
2013-03-30 12:00:00,5883.0
2013-03-30 13:00:00,5661.0
2013-03-30 14:00:00,5787.0
2013-03-30 15:00:00,5847.0
2013-03-30 16:00:00,5668.0
2013-03-30 17:00:00,5676.0
2013-03-30 18:00:00,5765.0
2013-03-30 19:00:00,6157.0
2013-03-30 20:00:00,6187.0
2013-03-30 21:00:00,6223.0
2013-03-30 22:00:00,5727.0
2013-03-30 23:00:00,4758.0
2013-03-31 00:00:00,2884.0
2013-03-31 01:00:00,0.0
2013-03-31 02:00:00,2751.0
2013-03-31 03:00:00,2542.0
2013-03-31 04:00:00,2232.0
2013-03-31 05:00:00,2276.0
2013-03-31 06:00:00,2195.0
2013-03-31 07:00:00,3898.0
2013-03-31 08:00:00,4165.0
2013-03-31 09:00:00,5173.0
2013-03-31 10:00:00,5321.0
2013-03-31 11:00:00,5669.0
2013-03-31 12:00:00,5868.0
2013-03-31 13:00:00,6069.0
2013-03-31 14:00:00,5913.0
2013-03-31 15:00:00,5275.0
2013-03-31 16:00:00,5632.0
2013-03-31 17:00:00,5335.0
2013-03-31 18:00:00,5379.0
2013-03-31 19:00:00,4527.0
2013-03-31 20:00:00,3713.0
2013-03-31 21:00:00,3068.0
2013-03-31 22:00:00,2912.0
2013-03-31 23:00:00,2757.0
2013-04-01 00:00:00,2632.0
2013-04-01 01:00:00,2238.0
2013-04-01 02:00:00,2305.0
2013-04-01 03:00:00,2038.0
2013-04-01 04:00:00,1973.0
2013-04-01 05:00:00,2040.0
2013-04-01 06:00:00,1980.0
2013-04-01 07:00:00,3521.0
2013-04-01 08:00:00,3528.0
2013-04-01 09:00:00,4965.0
2013-04-01 10:00:00,5402.0
2013-04-01 11:00:00,5077.0
2013-04-01 12:00:00,5365.0
2013-04-01 13:00:00,5276.0
2013-04-01 14:00:00,5440.0
2013-04-01 15:00:00,5639.0
2013-04-01 16:00:00,5683.0
2013-04-01 17:00:00,5765.0
2013-04-01 18:00:00,5765.0
2013-04-01 19:00:00,5839.0
2013-04-01 20:00:00,5610.0
2013-04-01 21:00:00,5728.0
2013-04-01 22:00:00,5579.0
2013-04-01 23:00:00,4217.0
2013-04-02 00:00:00,2595.0
2013-04-02 01:00:00,2566.0
2013-04-02 02:00:00,2595.0
2013-04-02 03:00:00,2209.0
2013-04-02 04:00:00,2150.0
2013-04-02 05:00:00,2142.0
2013-04-02 06:00:00,2083.0
2013-04-02 07:00:00,3564.0
2013-04-02 08:00:00,3558.0
2013-04-02 09:00:00,5061.0
2013-04-02 10:00:00,5491.0
2013-04-02 11:00:00,5217.0
2013-04-02 12:00:00,5543.0
2013-04-02 13:00:00,5408.0
2013-04-02 14:00:00,5713.0
2013-04-02 15:00:00,5624.0
2013-04-02 16:00:00,5677.0
2013-04-02 17:00:00,5943.0
2013-04-02 18:00:00,5750.0
2013-04-02 19:00:00,5921.0
2013-04-02 20:00:00,5840.0
2013-04-02 21:00:00,5972.0
2013-04-02 22:00:00,5735.0
2013-04-02 23:00:00,4499.0
2013-04-03 00:00:00,2617.0
2013-04-03 01:00:00,2551.0
2013-04-03 02:00:00,2529.0
2013-04-03 03:00:00,2114.0
2013-04-03 04:00:00,2046.0
2013-04-03 05:00:00,2114.0
2013-04-03 06:00:00,2069.0
2013-04-03 07:00:00,3661.0
2013-04-03 08:00:00,3521.0
2013-04-03 09:00:00,5060.0
2013-04-03 10:00:00,5299.0
2013-04-03 11:00:00,5483.0
2013-04-03 12:00:00,5335.0
2013-04-03 13:00:00,5128.0
2013-04-03 14:00:00,5306.0
2013-04-03 15:00:00,5209.0
2013-04-03 16:00:00,5283.0
2013-04-03 17:00:00,5527.0
2013-04-03 18:00:00,5483.0
2013-04-03 19:00:00,5920.0
2013-04-03 20:00:00,5898.0
2013-04-03 21:00:00,5907.0
2013-04-03 22:00:00,5469.0
2013-04-03 23:00:00,4423.0
2013-04-04 00:00:00,2786.0
2013-04-04 01:00:00,2743.0
2013-04-04 02:00:00,2536.0
2013-04-04 03:00:00,2150.0
2013-04-04 04:00:00,2113.0
2013-04-04 05:00:00,2113.0
2013-04-04 06:00:00,2105.0
2013-04-04 07:00:00,3735.0
2013-04-04 08:00:00,3394.0
2013-04-04 09:00:00,5076.0
2013-04-04 10:00:00,5314.0
2013-04-04 11:00:00,5329.0
2013-04-04 12:00:00,5231.0
2013-04-04 13:00:00,5343.0
2013-04-04 14:00:00,5127.0
2013-04-04 15:00:00,5106.0
2013-04-04 16:00:00,5010.0
2013-04-04 17:00:00,5357.0
2013-04-04 18:00:00,5498.0
2013-04-04 19:00:00,5935.0
2013-04-04 20:00:00,5653.0
2013-04-04 21:00:00,5772.0
2013-04-04 22:00:00,5558.0
2013-04-04 23:00:00,4416.0
2013-04-05 00:00:00,2580.0
2013-04-05 01:00:00,2520.0
2013-04-05 02:00:00,2365.0
2013-04-05 03:00:00,1987.0
2013-04-05 04:00:00,1847.0
2013-04-05 05:00:00,1795.0
2013-04-05 06:00:00,1751.0
2013-04-05 07:00:00,3380.0
2013-04-05 08:00:00,3053.0
2013-04-05 09:00:00,4765.0
2013-04-05 10:00:00,4942.0
2013-04-05 11:00:00,5054.0
2013-04-05 12:00:00,5113.0
2013-04-05 13:00:00,4869.0
2013-04-05 14:00:00,4876.0
2013-04-05 15:00:00,4713.0
2013-04-05 16:00:00,4551.0
2013-04-05 17:00:00,5135.0
2013-04-05 18:00:00,5165.0
2013-04-05 19:00:00,5571.0
2013-04-05 20:00:00,5706.0
2013-04-05 21:00:00,5498.0
2013-04-05 22:00:00,5364.0
2013-04-05 23:00:00,4047.0
2013-04-06 00:00:00,2499.0
2013-04-06 01:00:00,2505.0
2013-04-06 02:00:00,2261.0
2013-04-06 03:00:00,2164.0
2013-04-06 04:00:00,2076.0
2013-04-06 05:00:00,2061.0
2013-04-06 06:00:00,2105.0
2013-04-06 07:00:00,3528.0
2013-04-06 08:00:00,3218.0
2013-04-06 09:00:00,5024.0
2013-04-06 10:00:00,5076.0
2013-04-06 11:00:00,5120.0
2013-04-06 12:00:00,5143.0
2013-04-06 13:00:00,5357.0
2013-04-06 14:00:00,5105.0
2013-04-06 15:00:00,5024.0
2013-04-06 16:00:00,5084.0
2013-04-06 17:00:00,5112.0
2013-04-06 18:00:00,5240.0
2013-04-06 19:00:00,5461.0
2013-04-06 20:00:00,5543.0
2013-04-06 21:00:00,5632.0
2013-04-06 22:00:00,5490.0
2013-04-06 23:00:00,4461.0
2013-04-07 00:00:00,3224.0
2013-04-07 01:00:00,3157.0
2013-04-07 02:00:00,2869.0
2013-04-07 03:00:00,2240.0
2013-04-07 04:00:00,2173.0
2013-04-07 05:00:00,2180.0
2013-04-07 06:00:00,2194.0
2013-04-07 07:00:00,3854.0
2013-04-07 08:00:00,4054.0
2013-04-07 09:00:00,5202.0
2013-04-07 10:00:00,4824.0
2013-04-07 11:00:00,5417.0
2013-04-07 12:00:00,5343.0
2013-04-07 13:00:00,5261.0
2013-04-07 14:00:00,5328.0
2013-04-07 15:00:00,5151.0
2013-04-07 16:00:00,5246.0
2013-04-07 17:00:00,4973.0
2013-04-07 18:00:00,5468.0
2013-04-07 19:00:00,5691.0
2013-04-07 20:00:00,5646.0
2013-04-07 21:00:00,5595.0
2013-04-07 22:00:00,5306.0
2013-04-07 23:00:00,4572.0
2013-04-08 00:00:00,3321.0
2013-04-08 01:00:00,3202.0
2013-04-08 02:00:00,3053.0
2013-04-08 03:00:00,2223.0
2013-04-08 04:00:00,1973.0
2013-04-08 05:00:00,2061.0
2013-04-08 06:00:00,2047.0
2013-04-08 07:00:00,3609.0
2013-04-08 08:00:00,3549.0
2013-04-08 09:00:00,5002.0
2013-04-08 10:00:00,5447.0
2013-04-08 11:00:00,5499.0
2013-04-08 12:00:00,5439.0
2013-04-08 13:00:00,5150.0
2013-04-08 14:00:00,5247.0
2013-04-08 15:00:00,5290.0
2013-04-08 16:00:00,5276.0
2013-04-08 17:00:00,5321.0
2013-04-08 18:00:00,5572.0
2013-04-08 19:00:00,6016.0
2013-04-08 20:00:00,5973.0
2013-04-08 21:00:00,5920.0
2013-04-08 22:00:00,5580.0
2013-04-08 23:00:00,4580.0
2013-04-09 00:00:00,3645.0
2013-04-09 01:00:00,3876.0
2013-04-09 02:00:00,3735.0
2013-04-09 03:00:00,2898.0
2013-04-09 04:00:00,2224.0
2013-04-09 05:00:00,2247.0
2013-04-09 06:00:00,2231.0
2013-04-09 07:00:00,3868.0
2013-04-09 08:00:00,3742.0
2013-04-09 09:00:00,5201.0
2013-04-09 10:00:00,5505.0
2013-04-09 11:00:00,5365.0
2013-04-09 12:00:00,5253.0
2013-04-09 13:00:00,5261.0
2013-04-09 14:00:00,5158.0
2013-04-09 15:00:00,5172.0
2013-04-09 16:00:00,5269.0
2013-04-09 17:00:00,5499.0
2013-04-09 18:00:00,5565.0
2013-04-09 19:00:00,5824.0
2013-04-09 20:00:00,5906.0
2013-04-09 21:00:00,5921.0
2013-04-09 22:00:00,5691.0
2013-04-09 23:00:00,4491.0
2013-04-10 00:00:00,3075.0
2013-04-10 01:00:00,3113.0
2013-04-10 02:00:00,2794.0
2013-04-10 03:00:00,2254.0
2013-04-10 04:00:00,2120.0
2013-04-10 05:00:00,2224.0
2013-04-10 06:00:00,2202.0
2013-04-10 07:00:00,3831.0
2013-04-10 08:00:00,3757.0
2013-04-10 09:00:00,5231.0
2013-04-10 10:00:00,5357.0
2013-04-10 11:00:00,5542.0
2013-04-10 12:00:00,5661.0
2013-04-10 13:00:00,5128.0
2013-04-10 14:00:00,5446.0
2013-04-10 15:00:00,5224.0
2013-04-10 16:00:00,5439.0
2013-04-10 17:00:00,5654.0
2013-04-10 18:00:00,5587.0
2013-04-10 19:00:00,6031.0
2013-04-10 20:00:00,5884.0
2013-04-10 21:00:00,6039.0
2013-04-10 22:00:00,5618.0
2013-04-10 23:00:00,4564.0
2013-04-11 00:00:00,2935.0
2013-04-11 01:00:00,2898.0
2013-04-11 02:00:00,2633.0
2013-04-11 03:00:00,2410.0
2013-04-11 04:00:00,2128.0
2013-04-11 05:00:00,2217.0
2013-04-11 06:00:00,2165.0
2013-04-11 07:00:00,4321.0
2013-04-11 08:00:00,4128.0
2013-04-11 09:00:00,5484.0
2013-04-11 10:00:00,5306.0
2013-04-11 11:00:00,5468.0
2013-04-11 12:00:00,5439.0
2013-04-11 13:00:00,5276.0
2013-04-11 14:00:00,5106.0
2013-04-11 15:00:00,5121.0
2013-04-11 16:00:00,5335.0
2013-04-11 17:00:00,5698.0
2013-04-11 18:00:00,5328.0
2013-04-11 19:00:00,6009.0
2013-04-11 20:00:00,5877.0
2013-04-11 21:00:00,5921.0
2013-04-11 22:00:00,5595.0
2013-04-11 23:00:00,4720.0
2013-04-12 00:00:00,2854.0
2013-04-12 01:00:00,2750.0
2013-04-12 02:00:00,2779.0
2013-04-12 03:00:00,2713.0
2013-04-12 04:00:00,2520.0
2013-04-12 05:00:00,2484.0
2013-04-12 06:00:00,2543.0
2013-04-12 07:00:00,3950.0
2013-04-12 08:00:00,3594.0
2013-04-12 09:00:00,5149.0
2013-04-12 10:00:00,5255.0
2013-04-12 11:00:00,5254.0
2013-04-12 12:00:00,5298.0
2013-04-12 13:00:00,5209.0
2013-04-12 14:00:00,5202.0
2013-04-12 15:00:00,5024.0
2013-04-12 16:00:00,5261.0
2013-04-12 17:00:00,5662.0
2013-04-12 18:00:00,5549.0
2013-04-12 19:00:00,6039.0
2013-04-12 20:00:00,6136.0
2013-04-12 21:00:00,5921.0
2013-04-12 22:00:00,5594.0
2013-04-12 23:00:00,4232.0
2013-04-13 00:00:00,2639.0
2013-04-13 01:00:00,2557.0
2013-04-13 02:00:00,2542.0
2013-04-13 03:00:00,2246.0
2013-04-13 04:00:00,2238.0
2013-04-13 05:00:00,2261.0
2013-04-13 06:00:00,2232.0
2013-04-13 07:00:00,3647.0
2013-04-13 08:00:00,3506.0
2013-04-13 09:00:00,4936.0
2013-04-13 10:00:00,5506.0
2013-04-13 11:00:00,5380.0
2013-04-13 12:00:00,5380.0
2013-04-13 13:00:00,5415.0
2013-04-13 14:00:00,5314.0
2013-04-13 15:00:00,5128.0
2013-04-13 16:00:00,5601.0
2013-04-13 17:00:00,5587.0
2013-04-13 18:00:00,5446.0
2013-04-13 19:00:00,5854.0
2013-04-13 20:00:00,5921.0
2013-04-13 21:00:00,5958.0
2013-04-13 22:00:00,5358.0
2013-04-13 23:00:00,4654.0
2013-04-14 00:00:00,3038.0
2013-04-14 01:00:00,2913.0
2013-04-14 02:00:00,2758.0
2013-04-14 03:00:00,2209.0
2013-04-14 04:00:00,2179.0
2013-04-14 05:00:00,2216.0
2013-04-14 06:00:00,2180.0
2013-04-14 07:00:00,3794.0
2013-04-14 08:00:00,3654.0
2013-04-14 09:00:00,5225.0
2013-04-14 10:00:00,5173.0
2013-04-14 11:00:00,5654.0
2013-04-14 12:00:00,5490.0
2013-04-14 13:00:00,5475.0
2013-04-14 14:00:00,5617.0
2013-04-14 15:00:00,5417.0
2013-04-14 16:00:00,5417.0
2013-04-14 17:00:00,5549.0
2013-04-14 18:00:00,5490.0
2013-04-14 19:00:00,5920.0
2013-04-14 20:00:00,5854.0
2013-04-14 21:00:00,5750.0
2013-04-14 22:00:00,5439.0
2013-04-14 23:00:00,4661.0
2013-04-15 00:00:00,3313.0
2013-04-15 01:00:00,3165.0
2013-04-15 02:00:00,3002.0
2013-04-15 03:00:00,2246.0
2013-04-15 04:00:00,2165.0
2013-04-15 05:00:00,2158.0
2013-04-15 06:00:00,2142.0
2013-04-15 07:00:00,3876.0
2013-04-15 08:00:00,4129.0
2013-04-15 09:00:00,5008.0
2013-04-15 10:00:00,5587.0
2013-04-15 11:00:00,5395.0
2013-04-15 12:00:00,5595.0
2013-04-15 13:00:00,5365.0
2013-04-15 14:00:00,5299.0
2013-04-15 15:00:00,5127.0
2013-04-15 16:00:00,5417.0
2013-04-15 17:00:00,5631.0
2013-04-15 18:00:00,5720.0
2013-04-15 19:00:00,6002.0
2013-04-15 20:00:00,5995.0
2013-04-15 21:00:00,5869.0
2013-04-15 22:00:00,5616.0
2013-04-15 23:00:00,4758.0
2013-04-16 00:00:00,3091.0
2013-04-16 01:00:00,3023.0
2013-04-16 02:00:00,3046.0
2013-04-16 03:00:00,2618.0
2013-04-16 04:00:00,2543.0
2013-04-16 05:00:00,2654.0
2013-04-16 06:00:00,2580.0
2013-04-16 07:00:00,4010.0
2013-04-16 08:00:00,3912.0
2013-04-16 09:00:00,5261.0
2013-04-16 10:00:00,4846.0
2013-04-16 11:00:00,4795.0
2013-04-16 12:00:00,5611.0
2013-04-16 13:00:00,5187.0
2013-04-16 14:00:00,5595.0
2013-04-16 15:00:00,4580.0
2013-04-16 16:00:00,5084.0
2013-04-16 17:00:00,5773.0
2013-04-16 18:00:00,5483.0
2013-04-16 19:00:00,6216.0
2013-04-16 20:00:00,6061.0
2013-04-16 21:00:00,5862.0
2013-04-16 22:00:00,5579.0
2013-04-16 23:00:00,4684.0
2013-04-17 00:00:00,3173.0
2013-04-17 01:00:00,3017.0
2013-04-17 02:00:00,2816.0
2013-04-17 03:00:00,2476.0
2013-04-17 04:00:00,2313.0
2013-04-17 05:00:00,2379.0
2013-04-17 06:00:00,2343.0
2013-04-17 07:00:00,3906.0
2013-04-17 08:00:00,3972.0
2013-04-17 09:00:00,5210.0
2013-04-17 10:00:00,5217.0
2013-04-17 11:00:00,5283.0
2013-04-17 12:00:00,5446.0
2013-04-17 13:00:00,5202.0
2013-04-17 14:00:00,5149.0
2013-04-17 15:00:00,5202.0
2013-04-17 16:00:00,5542.0
2013-04-17 17:00:00,5623.0
2013-04-17 18:00:00,5454.0
2013-04-17 19:00:00,6025.0
2013-04-17 20:00:00,5825.0
2013-04-17 21:00:00,5676.0
2013-04-17 22:00:00,5498.0
2013-04-17 23:00:00,4550.0
2013-04-18 00:00:00,3357.0
2013-04-18 01:00:00,3380.0
2013-04-18 02:00:00,3343.0
2013-04-18 03:00:00,2424.0
2013-04-18 04:00:00,2023.0
2013-04-18 05:00:00,2032.0
2013-04-18 06:00:00,2098.0
2013-04-18 07:00:00,3802.0
2013-04-18 08:00:00,3631.0
2013-04-18 09:00:00,5017.0
2013-04-18 10:00:00,5291.0
2013-04-18 11:00:00,5431.0
2013-04-18 12:00:00,5216.0
2013-04-18 13:00:00,5298.0
2013-04-18 14:00:00,5298.0
2013-04-18 15:00:00,5225.0
2013-04-18 16:00:00,5261.0
2013-04-18 17:00:00,5306.0
2013-04-18 18:00:00,5520.0
2013-04-18 19:00:00,5839.0
2013-04-18 20:00:00,5504.0
2013-04-18 21:00:00,5499.0
2013-04-18 22:00:00,5180.0
2013-04-18 23:00:00,4231.0
2013-04-19 00:00:00,2535.0
2013-04-19 01:00:00,2588.0
2013-04-19 02:00:00,2475.0
2013-04-19 03:00:00,2365.0
2013-04-19 04:00:00,2127.0
2013-04-19 05:00:00,2113.0
2013-04-19 06:00:00,2106.0
2013-04-19 07:00:00,3654.0
2013-04-19 08:00:00,3817.0
2013-04-19 09:00:00,4884.0
2013-04-19 10:00:00,5394.0
2013-04-19 11:00:00,5313.0
2013-04-19 12:00:00,5328.0
2013-04-19 13:00:00,5305.0
2013-04-19 14:00:00,5165.0
2013-04-19 15:00:00,5151.0
2013-04-19 16:00:00,5210.0
2013-04-19 17:00:00,5779.0
2013-04-19 18:00:00,5808.0
2013-04-19 19:00:00,5854.0
2013-04-19 20:00:00,5847.0
2013-04-19 21:00:00,6113.0
2013-04-19 22:00:00,5683.0
2013-04-19 23:00:00,4446.0
2013-04-20 00:00:00,2913.0
2013-04-20 01:00:00,2787.0
2013-04-20 02:00:00,2728.0
2013-04-20 03:00:00,2387.0
2013-04-20 04:00:00,2105.0
2013-04-20 05:00:00,2106.0
2013-04-20 06:00:00,2024.0
2013-04-20 07:00:00,3535.0
2013-04-20 08:00:00,3654.0
2013-04-20 09:00:00,5305.0
2013-04-20 10:00:00,5269.0
2013-04-20 11:00:00,5550.0
2013-04-20 12:00:00,5661.0
2013-04-20 13:00:00,5439.0
2013-04-20 14:00:00,5216.0
2013-04-20 15:00:00,5247.0
2013-04-20 16:00:00,5847.0
2013-04-20 17:00:00,5461.0
2013-04-20 18:00:00,6031.0
2013-04-20 19:00:00,6165.0
2013-04-20 20:00:00,6031.0
2013-04-20 21:00:00,5877.0
2013-04-20 22:00:00,5491.0
2013-04-20 23:00:00,4447.0
2013-04-21 00:00:00,3039.0
2013-04-21 01:00:00,2980.0
2013-04-21 02:00:00,2787.0
2013-04-21 03:00:00,2336.0
2013-04-21 04:00:00,2217.0
2013-04-21 05:00:00,2201.0
2013-04-21 06:00:00,2180.0
2013-04-21 07:00:00,3816.0
2013-04-21 08:00:00,3551.0
2013-04-21 09:00:00,5320.0
2013-04-21 10:00:00,5506.0
2013-04-21 11:00:00,5714.0
2013-04-21 12:00:00,5527.0
2013-04-21 13:00:00,5647.0
2013-04-21 14:00:00,5498.0
2013-04-21 15:00:00,5365.0
2013-04-21 16:00:00,5618.0
2013-04-21 17:00:00,5409.0
2013-04-21 18:00:00,5461.0
2013-04-21 19:00:00,5802.0
2013-04-21 20:00:00,5743.0
2013-04-21 21:00:00,5817.0
2013-04-21 22:00:00,5447.0
2013-04-21 23:00:00,4342.0
2013-04-22 00:00:00,2958.0
2013-04-22 01:00:00,2691.0
2013-04-22 02:00:00,2483.0
2013-04-22 03:00:00,2312.0
2013-04-22 04:00:00,2150.0
2013-04-22 05:00:00,2149.0
2013-04-22 06:00:00,2098.0
2013-04-22 07:00:00,3684.0
2013-04-22 08:00:00,3565.0
2013-04-22 09:00:00,5261.0
2013-04-22 10:00:00,5498.0
2013-04-22 11:00:00,5210.0
2013-04-22 12:00:00,5668.0
2013-04-22 13:00:00,5343.0
2013-04-22 14:00:00,5276.0
2013-04-22 15:00:00,5246.0
2013-04-22 16:00:00,5431.0
2013-04-22 17:00:00,5661.0
2013-04-22 18:00:00,5602.0
2013-04-22 19:00:00,5535.0
2013-04-22 20:00:00,5787.0
2013-04-22 21:00:00,5728.0
2013-04-22 22:00:00,5662.0
2013-04-22 23:00:00,4305.0
2013-04-23 00:00:00,2839.0
2013-04-23 01:00:00,2802.0
2013-04-23 02:00:00,2618.0
2013-04-23 03:00:00,2394.0
2013-04-23 04:00:00,2284.0
2013-04-23 05:00:00,2284.0
2013-04-23 06:00:00,2217.0
2013-04-23 07:00:00,3735.0
2013-04-23 08:00:00,3699.0
2013-04-23 09:00:00,5401.0
2013-04-23 10:00:00,5772.0
2013-04-23 11:00:00,5557.0
2013-04-23 12:00:00,5898.0
2013-04-23 13:00:00,5401.0
2013-04-23 14:00:00,5343.0
2013-04-23 15:00:00,5232.0
2013-04-23 16:00:00,5416.0
2013-04-23 17:00:00,5757.0
2013-04-23 18:00:00,5973.0
2013-04-23 19:00:00,5810.0
2013-04-23 20:00:00,5861.0
2013-04-23 21:00:00,5921.0
2013-04-23 22:00:00,5736.0
2013-04-23 23:00:00,4720.0
2013-04-24 00:00:00,3231.0
2013-04-24 01:00:00,3143.0
2013-04-24 02:00:00,3186.0
2013-04-24 03:00:00,2906.0
2013-04-24 04:00:00,2728.0
2013-04-24 05:00:00,2721.0
2013-04-24 06:00:00,2640.0
2013-04-24 07:00:00,4202.0
2013-04-24 08:00:00,4113.0
2013-04-24 09:00:00,5380.0
2013-04-24 10:00:00,5520.0
2013-04-24 11:00:00,5631.0
2013-04-24 12:00:00,5743.0
2013-04-24 13:00:00,5402.0
2013-04-24 14:00:00,5587.0
2013-04-24 15:00:00,5336.0
2013-04-24 16:00:00,5676.0
2013-04-24 17:00:00,5660.0
2013-04-24 18:00:00,6010.0
2013-04-24 19:00:00,5949.0
2013-04-24 20:00:00,5631.0
2013-04-24 21:00:00,5907.0
2013-04-24 22:00:00,5587.0
2013-04-24 23:00:00,4750.0
2013-04-25 00:00:00,3039.0
2013-04-25 01:00:00,2913.0
2013-04-25 02:00:00,2942.0
2013-04-25 03:00:00,2640.0
2013-04-25 04:00:00,2565.0
2013-04-25 05:00:00,2603.0
2013-04-25 06:00:00,2565.0
2013-04-25 07:00:00,4002.0
2013-04-25 08:00:00,3943.0
2013-04-25 09:00:00,5417.0
2013-04-25 10:00:00,5617.0
2013-04-25 11:00:00,5913.0
2013-04-25 12:00:00,5935.0
2013-04-25 13:00:00,5795.0
2013-04-25 14:00:00,5809.0
2013-04-25 15:00:00,5528.0
2013-04-25 16:00:00,5713.0
2013-04-25 17:00:00,5542.0
2013-04-25 18:00:00,5616.0
2013-04-25 19:00:00,5490.0
2013-04-25 20:00:00,5439.0
2013-04-25 21:00:00,5787.0
2013-04-25 22:00:00,5527.0
2013-04-25 23:00:00,4423.0
2013-04-26 00:00:00,2876.0
2013-04-26 01:00:00,2832.0
2013-04-26 02:00:00,2721.0
2013-04-26 03:00:00,2135.0
2013-04-26 04:00:00,2105.0
2013-04-26 05:00:00,2076.0
2013-04-26 06:00:00,2060.0
2013-04-26 07:00:00,4077.0
2013-04-26 08:00:00,4180.0
2013-04-26 09:00:00,5498.0
2013-04-26 10:00:00,5550.0
2013-04-26 11:00:00,5683.0
2013-04-26 12:00:00,5698.0
2013-04-26 13:00:00,5735.0
2013-04-26 14:00:00,5683.0
2013-04-26 15:00:00,5394.0
2013-04-26 16:00:00,5475.0
2013-04-26 17:00:00,5772.0
2013-04-26 18:00:00,5758.0
2013-04-26 19:00:00,5557.0
2013-04-26 20:00:00,5506.0
2013-04-26 21:00:00,5817.0
2013-04-26 22:00:00,5713.0
2013-04-26 23:00:00,4469.0
2013-04-27 00:00:00,2890.0
2013-04-27 01:00:00,2906.0
2013-04-27 02:00:00,2935.0
2013-04-27 03:00:00,2188.0
2013-04-27 04:00:00,2069.0
2013-04-27 05:00:00,1980.0
2013-04-27 06:00:00,1861.0
2013-04-27 07:00:00,3625.0
2013-04-27 08:00:00,3328.0
2013-04-27 09:00:00,5416.0
2013-04-27 10:00:00,5417.0
2013-04-27 11:00:00,5446.0
2013-04-27 12:00:00,5284.0
2013-04-27 13:00:00,5387.0
2013-04-27 14:00:00,5379.0
2013-04-27 15:00:00,4905.0
2013-04-27 16:00:00,5039.0
2013-04-27 17:00:00,5240.0
2013-04-27 18:00:00,5262.0
2013-04-27 19:00:00,5209.0
2013-04-27 20:00:00,5209.0
2013-04-27 21:00:00,5535.0
2013-04-27 22:00:00,5343.0
2013-04-27 23:00:00,4113.0
2013-04-28 00:00:00,2225.0
2013-04-28 01:00:00,2091.0
2013-04-28 02:00:00,2083.0
2013-04-28 03:00:00,1803.0
2013-04-28 04:00:00,1728.0
2013-04-28 05:00:00,1722.0
2013-04-28 06:00:00,1691.0
2013-04-28 07:00:00,3380.0
2013-04-28 08:00:00,3350.0
2013-04-28 09:00:00,5032.0
2013-04-28 10:00:00,5180.0
2013-04-28 11:00:00,4986.0
2013-04-28 12:00:00,5217.0
2013-04-28 13:00:00,5032.0
2013-04-28 14:00:00,4898.0
2013-04-28 15:00:00,4898.0
2013-04-28 16:00:00,5165.0
2013-04-28 17:00:00,4927.0
2013-04-28 18:00:00,5031.0
2013-04-28 19:00:00,5366.0
2013-04-28 20:00:00,5305.0
2013-04-28 21:00:00,5439.0
2013-04-28 22:00:00,5180.0
2013-04-28 23:00:00,4223.0
2013-04-29 00:00:00,2631.0
2013-04-29 01:00:00,2180.0
2013-04-29 02:00:00,2165.0
2013-04-29 03:00:00,1868.0
2013-04-29 04:00:00,1817.0
2013-04-29 05:00:00,1876.0
2013-04-29 06:00:00,1817.0
2013-04-29 07:00:00,3393.0
2013-04-29 08:00:00,3210.0
2013-04-29 09:00:00,4965.0
2013-04-29 10:00:00,4994.0
2013-04-29 11:00:00,5180.0
2013-04-29 12:00:00,5054.0
2013-04-29 13:00:00,5157.0
2013-04-29 14:00:00,5143.0
2013-04-29 15:00:00,4801.0
2013-04-29 16:00:00,4883.0
2013-04-29 17:00:00,5269.0
2013-04-29 18:00:00,5372.0
2013-04-29 19:00:00,5187.0
2013-04-29 20:00:00,5469.0
2013-04-29 21:00:00,5595.0
2013-04-29 22:00:00,5557.0
2013-04-29 23:00:00,4477.0
2013-04-30 00:00:00,3351.0
2013-04-30 01:00:00,2817.0
2013-04-30 02:00:00,2640.0
2013-04-30 03:00:00,2342.0
2013-04-30 04:00:00,1810.0
2013-04-30 05:00:00,1957.0
2013-04-30 06:00:00,1891.0
2013-04-30 07:00:00,3469.0
2013-04-30 08:00:00,3387.0
2013-04-30 09:00:00,5091.0
2013-04-30 10:00:00,5136.0
2013-04-30 11:00:00,5195.0
2013-04-30 12:00:00,5216.0
2013-04-30 13:00:00,5083.0
2013-04-30 14:00:00,5275.0
2013-04-30 15:00:00,4890.0
2013-04-30 16:00:00,5084.0
2013-04-30 17:00:00,5275.0
2013-04-30 18:00:00,5558.0
2013-04-30 19:00:00,5543.0
2013-04-30 20:00:00,5750.0
2013-04-30 21:00:00,5624.0
2013-04-30 22:00:00,5365.0
2013-04-30 23:00:00,4356.0
2013-05-01 00:00:00,2661.0
2013-05-01 01:00:00,2513.0
2013-05-01 02:00:00,2454.0
2013-05-01 03:00:00,2372.0
2013-05-01 04:00:00,2180.0
2013-05-01 05:00:00,2217.0
2013-05-01 06:00:00,2187.0
2013-05-01 07:00:00,3787.0
2013-05-01 08:00:00,3594.0
2013-05-01 09:00:00,5121.0
2013-05-01 10:00:00,5314.0
2013-05-01 11:00:00,5654.0
2013-05-01 12:00:00,5617.0
2013-05-01 13:00:00,5380.0
2013-05-01 14:00:00,5431.0
2013-05-01 15:00:00,5291.0
2013-05-01 16:00:00,5261.0
2013-05-01 17:00:00,5669.0
2013-05-01 18:00:00,5424.0
2013-05-01 19:00:00,5565.0
2013-05-01 20:00:00,5483.0
2013-05-01 21:00:00,5751.0
2013-05-01 22:00:00,5447.0
2013-05-01 23:00:00,4357.0
2013-05-02 00:00:00,2625.0
2013-05-02 01:00:00,2461.0
2013-05-02 02:00:00,2454.0
2013-05-02 03:00:00,2165.0
2013-05-02 04:00:00,2084.0
2013-05-02 05:00:00,2076.0
2013-05-02 06:00:00,2054.0
2013-05-02 07:00:00,3818.0
2013-05-02 08:00:00,3468.0
2013-05-02 09:00:00,5173.0
2013-05-02 10:00:00,5342.0
2013-05-02 11:00:00,5320.0
2013-05-02 12:00:00,5402.0
2013-05-02 13:00:00,5461.0
2013-05-02 14:00:00,5476.0
2013-05-02 15:00:00,5062.0
2013-05-02 16:00:00,5387.0
2013-05-02 17:00:00,5327.0
2013-05-02 18:00:00,5505.0
2013-05-02 19:00:00,5750.0
2013-05-02 20:00:00,5772.0
2013-05-02 21:00:00,5891.0
2013-05-02 22:00:00,5639.0
2013-05-02 23:00:00,4373.0
2013-05-03 00:00:00,2868.0
2013-05-03 01:00:00,2684.0
2013-05-03 02:00:00,2432.0
2013-05-03 03:00:00,2143.0
2013-05-03 04:00:00,2076.0
2013-05-03 05:00:00,2083.0
2013-05-03 06:00:00,2113.0
2013-05-03 07:00:00,3839.0
2013-05-03 08:00:00,3580.0
2013-05-03 09:00:00,5401.0
2013-05-03 10:00:00,5476.0
2013-05-03 11:00:00,5602.0
2013-05-03 12:00:00,5669.0
2013-05-03 13:00:00,5453.0
2013-05-03 14:00:00,5558.0
2013-05-03 15:00:00,5476.0
2013-05-03 16:00:00,5721.0
2013-05-03 17:00:00,5558.0
2013-05-03 18:00:00,5736.0
2013-05-03 19:00:00,5603.0
2013-05-03 20:00:00,5743.0
2013-05-03 21:00:00,5950.0
2013-05-03 22:00:00,5765.0
2013-05-03 23:00:00,4203.0
2013-05-04 00:00:00,2624.0
2013-05-04 01:00:00,2625.0
2013-05-04 02:00:00,2551.0
2013-05-04 03:00:00,2261.0
2013-05-04 04:00:00,2171.0
2013-05-04 05:00:00,2158.0
2013-05-04 06:00:00,2173.0
2013-05-04 07:00:00,3944.0
2013-05-04 08:00:00,3469.0
2013-05-04 09:00:00,5542.0
2013-05-04 10:00:00,5425.0
2013-05-04 11:00:00,5594.0
2013-05-04 12:00:00,5846.0
2013-05-04 13:00:00,5854.0
2013-05-04 14:00:00,5632.0
2013-05-04 15:00:00,5579.0
2013-05-04 16:00:00,5580.0
2013-05-04 17:00:00,5669.0
2013-05-04 18:00:00,5884.0
2013-05-04 19:00:00,6054.0
2013-05-04 20:00:00,6039.0
2013-05-04 21:00:00,6024.0
2013-05-04 22:00:00,5743.0
2013-05-04 23:00:00,4580.0
2013-05-05 00:00:00,2914.0
2013-05-05 01:00:00,2802.0
2013-05-05 02:00:00,2787.0
2013-05-05 03:00:00,2639.0
2013-05-05 04:00:00,2210.0
2013-05-05 05:00:00,2223.0
2013-05-05 06:00:00,2202.0
2013-05-05 07:00:00,3757.0
2013-05-05 08:00:00,3713.0
2013-05-05 09:00:00,5299.0
2013-05-05 10:00:00,5668.0
2013-05-05 11:00:00,5647.0
2013-05-05 12:00:00,5743.0
2013-05-05 13:00:00,5616.0
2013-05-05 14:00:00,5750.0
2013-05-05 15:00:00,5438.0
2013-05-05 16:00:00,5475.0
2013-05-05 17:00:00,5699.0
2013-05-05 18:00:00,5669.0
2013-05-05 19:00:00,5744.0
2013-05-05 20:00:00,5787.0
2013-05-05 21:00:00,5980.0
2013-05-05 22:00:00,5624.0
2013-05-05 23:00:00,4617.0
2013-05-06 00:00:00,3194.0
2013-05-06 01:00:00,3151.0
2013-05-06 02:00:00,3112.0
2013-05-06 03:00:00,3010.0
2013-05-06 04:00:00,2735.0
2013-05-06 05:00:00,2729.0
2013-05-06 06:00:00,2705.0
2013-05-06 07:00:00,4409.0
2013-05-06 08:00:00,4105.0
2013-05-06 09:00:00,5499.0
2013-05-06 10:00:00,5284.0
2013-05-06 11:00:00,5639.0
2013-05-06 12:00:00,5543.0
2013-05-06 13:00:00,5268.0
2013-05-06 14:00:00,5417.0
2013-05-06 15:00:00,5313.0
2013-05-06 16:00:00,5195.0
2013-05-06 17:00:00,5610.0
2013-05-06 18:00:00,5706.0
2013-05-06 19:00:00,5699.0
2013-05-06 20:00:00,5816.0
2013-05-06 21:00:00,6061.0
2013-05-06 22:00:00,5616.0
2013-05-06 23:00:00,4854.0
2013-05-07 00:00:00,3469.0
2013-05-07 01:00:00,3314.0
2013-05-07 02:00:00,3099.0
2013-05-07 03:00:00,3016.0
2013-05-07 04:00:00,2854.0
2013-05-07 05:00:00,2876.0
2013-05-07 06:00:00,2868.0
2013-05-07 07:00:00,4365.0
2013-05-07 08:00:00,4202.0
2013-05-07 09:00:00,5469.0
2013-05-07 10:00:00,5580.0
2013-05-07 11:00:00,5365.0
2013-05-07 12:00:00,5646.0
2013-05-07 13:00:00,5372.0
2013-05-07 14:00:00,5765.0
2013-05-07 15:00:00,5380.0
2013-05-07 16:00:00,5580.0
2013-05-07 17:00:00,5929.0
2013-05-07 18:00:00,5935.0
2013-05-07 19:00:00,5816.0
2013-05-07 20:00:00,5905.0
2013-05-07 21:00:00,6002.0
2013-05-07 22:00:00,5660.0
2013-05-07 23:00:00,4721.0
2013-05-08 00:00:00,3484.0
2013-05-08 01:00:00,3202.0
2013-05-08 02:00:00,3098.0
2013-05-08 03:00:00,2876.0
2013-05-08 04:00:00,2840.0
2013-05-08 05:00:00,3047.0
2013-05-08 06:00:00,2958.0
2013-05-08 07:00:00,4506.0
2013-05-08 08:00:00,4261.0
2013-05-08 09:00:00,5573.0
2013-05-08 10:00:00,5373.0
2013-05-08 11:00:00,5469.0
2013-05-08 12:00:00,5277.0
2013-05-08 13:00:00,5358.0
2013-05-08 14:00:00,5595.0
2013-05-08 15:00:00,5320.0
2013-05-08 16:00:00,5084.0
2013-05-08 17:00:00,5440.0
2013-05-08 18:00:00,5839.0
2013-05-08 19:00:00,5907.0
2013-05-08 20:00:00,5787.0
2013-05-08 21:00:00,5920.0
2013-05-08 22:00:00,5594.0
2013-05-08 23:00:00,4832.0
2013-05-09 00:00:00,3601.0
2013-05-09 01:00:00,3313.0
2013-05-09 02:00:00,3284.0
2013-05-09 03:00:00,3002.0
2013-05-09 04:00:00,2979.0
2013-05-09 05:00:00,3038.0
2013-05-09 06:00:00,3017.0
2013-05-09 07:00:00,4536.0
2013-05-09 08:00:00,4395.0
2013-05-09 09:00:00,5721.0
2013-05-09 10:00:00,5683.0
2013-05-09 11:00:00,5661.0
2013-05-09 12:00:00,5698.0
2013-05-09 13:00:00,5447.0
2013-05-09 14:00:00,5691.0
2013-05-09 15:00:00,5512.0
2013-05-09 16:00:00,5387.0
2013-05-09 17:00:00,5920.0
2013-05-09 18:00:00,5920.0
2013-05-09 19:00:00,6084.0
2013-05-09 20:00:00,6180.0
2013-05-09 21:00:00,6075.0
2013-05-09 22:00:00,5972.0
2013-05-09 23:00:00,5127.0
2013-05-10 00:00:00,4742.0
2013-05-10 01:00:00,4698.0
2013-05-10 02:00:00,4446.0
2013-05-10 03:00:00,4195.0
2013-05-10 04:00:00,4098.0
2013-05-10 05:00:00,2476.0
2013-05-10 06:00:00,2297.0
2013-05-10 07:00:00,3965.0
2013-05-10 08:00:00,4001.0
2013-05-10 09:00:00,5380.0
2013-05-10 10:00:00,5647.0
2013-05-10 11:00:00,5750.0
2013-05-10 12:00:00,5817.0
2013-05-10 13:00:00,5520.0
2013-05-10 14:00:00,5594.0
2013-05-10 15:00:00,5433.0
2013-05-10 16:00:00,5846.0
2013-05-10 17:00:00,6165.0
2013-05-10 18:00:00,6321.0
2013-05-10 19:00:00,6195.0
2013-05-10 20:00:00,6151.0
2013-05-10 21:00:00,6054.0
2013-05-10 22:00:00,5602.0
2013-05-10 23:00:00,4980.0
2013-05-11 00:00:00,4040.0
2013-05-11 01:00:00,3779.0
2013-05-11 02:00:00,3202.0
2013-05-11 03:00:00,2972.0
2013-05-11 04:00:00,2980.0
2013-05-11 05:00:00,2573.0
2013-05-11 06:00:00,2113.0
2013-05-11 07:00:00,3719.0
2013-05-11 08:00:00,3661.0
2013-05-11 09:00:00,5276.0
2013-05-11 10:00:00,5720.0
2013-05-11 11:00:00,5824.0
2013-05-11 12:00:00,5757.0
2013-05-11 13:00:00,5549.0
2013-05-11 14:00:00,5943.0
2013-05-11 15:00:00,5194.0
2013-05-11 16:00:00,5387.0
2013-05-11 17:00:00,5698.0
2013-05-11 18:00:00,5765.0
2013-05-11 19:00:00,5728.0
2013-05-11 20:00:00,5587.0
2013-05-11 21:00:00,5958.0
2013-05-11 22:00:00,5475.0
2013-05-11 23:00:00,4699.0
2013-05-12 00:00:00,3653.0
2013-05-12 01:00:00,3202.0
2013-05-12 02:00:00,3128.0
2013-05-12 03:00:00,3090.0
2013-05-12 04:00:00,2980.0
2013-05-12 05:00:00,2514.0
2013-05-12 06:00:00,2580.0
2013-05-12 07:00:00,3706.0
2013-05-12 08:00:00,3499.0
2013-05-12 09:00:00,5261.0
2013-05-12 10:00:00,5802.0
2013-05-12 11:00:00,5810.0
2013-05-12 12:00:00,6121.0
2013-05-12 13:00:00,5935.0
2013-05-12 14:00:00,6039.0
2013-05-12 15:00:00,5542.0
2013-05-12 16:00:00,5868.0
2013-05-12 17:00:00,5995.0
2013-05-12 18:00:00,5706.0
2013-05-12 19:00:00,5809.0
2013-05-12 20:00:00,5773.0
2013-05-12 21:00:00,5855.0
2013-05-12 22:00:00,5528.0
2013-05-12 23:00:00,4868.0
2013-05-13 00:00:00,3246.0
2013-05-13 01:00:00,2862.0
2013-05-13 02:00:00,2476.0
2013-05-13 03:00:00,2194.0
2013-05-13 04:00:00,2179.0
2013-05-13 05:00:00,2262.0
2013-05-13 06:00:00,2223.0
2013-05-13 07:00:00,3750.0
2013-05-13 08:00:00,3661.0
2013-05-13 09:00:00,5409.0
2013-05-13 10:00:00,5499.0
2013-05-13 11:00:00,5662.0
2013-05-13 12:00:00,5631.0
2013-05-13 13:00:00,5298.0
2013-05-13 14:00:00,5758.0
2013-05-13 15:00:00,5424.0
2013-05-13 16:00:00,5158.0
2013-05-13 17:00:00,5810.0
2013-05-13 18:00:00,5966.0
2013-05-13 19:00:00,5965.0
2013-05-13 20:00:00,5958.0
2013-05-13 21:00:00,6276.0
2013-05-13 22:00:00,5788.0
2013-05-13 23:00:00,4758.0
2013-05-14 00:00:00,3647.0
2013-05-14 01:00:00,3535.0
2013-05-14 02:00:00,3202.0
2013-05-14 03:00:00,3201.0
2013-05-14 04:00:00,3217.0
2013-05-14 05:00:00,3231.0
2013-05-14 06:00:00,2260.0
2013-05-14 07:00:00,3832.0
2013-05-14 08:00:00,3579.0
2013-05-14 09:00:00,5379.0
2013-05-14 10:00:00,5313.0
2013-05-14 11:00:00,5491.0
2013-05-14 12:00:00,5580.0
2013-05-14 13:00:00,5379.0
2013-05-14 14:00:00,5254.0
2013-05-14 15:00:00,5224.0
2013-05-14 16:00:00,5112.0
2013-05-14 17:00:00,5579.0
2013-05-14 18:00:00,5461.0
2013-05-14 19:00:00,5180.0
2013-05-14 20:00:00,5446.0
2013-05-14 21:00:00,5728.0
2013-05-14 22:00:00,5469.0
2013-05-14 23:00:00,4461.0
2013-05-15 00:00:00,3683.0
2013-05-15 01:00:00,3506.0
2013-05-15 02:00:00,3381.0
2013-05-15 03:00:00,3239.0
2013-05-15 04:00:00,3202.0
2013-05-15 05:00:00,3215.0
2013-05-15 06:00:00,2557.0
2013-05-15 07:00:00,3957.0
2013-05-15 08:00:00,3520.0
2013-05-15 09:00:00,5158.0
2013-05-15 10:00:00,5135.0
2013-05-15 11:00:00,4927.0
2013-05-15 12:00:00,5165.0
2013-05-15 13:00:00,5232.0
2013-05-15 14:00:00,4986.0
2013-05-15 15:00:00,4750.0
2013-05-15 16:00:00,4803.0
2013-05-15 17:00:00,5275.0
2013-05-15 18:00:00,5395.0
2013-05-15 19:00:00,5298.0
2013-05-15 20:00:00,5180.0
2013-05-15 21:00:00,5513.0
2013-05-15 22:00:00,5261.0
2013-05-15 23:00:00,4172.0
2013-05-16 00:00:00,3349.0
2013-05-16 01:00:00,3365.0
2013-05-16 02:00:00,3387.0
2013-05-16 03:00:00,3091.0
2013-05-16 04:00:00,3001.0
2013-05-16 05:00:00,2624.0
2013-05-16 06:00:00,2179.0
2013-05-16 07:00:00,3817.0
2013-05-16 08:00:00,3714.0
2013-05-16 09:00:00,5099.0
2013-05-16 10:00:00,5261.0
2013-05-16 11:00:00,5336.0
2013-05-16 12:00:00,5202.0
2013-05-16 13:00:00,5262.0
2013-05-16 14:00:00,5150.0
2013-05-16 15:00:00,5084.0
2013-05-16 16:00:00,5017.0
2013-05-16 17:00:00,5483.0
2013-05-16 18:00:00,5817.0
2013-05-16 19:00:00,5402.0
2013-05-16 20:00:00,5712.0
2013-05-16 21:00:00,5757.0
2013-05-16 22:00:00,5542.0
2013-05-16 23:00:00,4616.0
2013-05-17 00:00:00,2683.0
2013-05-17 01:00:00,2408.0
2013-05-17 02:00:00,2245.0
2013-05-17 03:00:00,2121.0
2013-05-17 04:00:00,2054.0
2013-05-17 05:00:00,2024.0
2013-05-17 06:00:00,2010.0
2013-05-17 07:00:00,3624.0
2013-05-17 08:00:00,3550.0
2013-05-17 09:00:00,5018.0
2013-05-17 10:00:00,5032.0
2013-05-17 11:00:00,5173.0
2013-05-17 12:00:00,5172.0
2013-05-17 13:00:00,5201.0
2013-05-17 14:00:00,5083.0
2013-05-17 15:00:00,4706.0
2013-05-17 16:00:00,4831.0
2013-05-17 17:00:00,5335.0
2013-05-17 18:00:00,5387.0
2013-05-17 19:00:00,5379.0
2013-05-17 20:00:00,5788.0
2013-05-17 21:00:00,5898.0
2013-05-17 22:00:00,5446.0
2013-05-17 23:00:00,4187.0
2013-05-18 00:00:00,2469.0
2013-05-18 01:00:00,2247.0
2013-05-18 02:00:00,2157.0
2013-05-18 03:00:00,1973.0
2013-05-18 04:00:00,1891.0
2013-05-18 05:00:00,2076.0
2013-05-18 06:00:00,2128.0
2013-05-18 07:00:00,3632.0
2013-05-18 08:00:00,3691.0
2013-05-18 09:00:00,5136.0
2013-05-18 10:00:00,5424.0
2013-05-18 11:00:00,5402.0
2013-05-18 12:00:00,5166.0
2013-05-18 13:00:00,5120.0
2013-05-18 14:00:00,5321.0
2013-05-18 15:00:00,5232.0
2013-05-18 16:00:00,5550.0
2013-05-18 17:00:00,5261.0
2013-05-18 18:00:00,5668.0
2013-05-18 19:00:00,5571.0
2013-05-18 20:00:00,5639.0
2013-05-18 21:00:00,5698.0
2013-05-18 22:00:00,5431.0
2013-05-18 23:00:00,4091.0
2013-05-19 00:00:00,2603.0
2013-05-19 01:00:00,2497.0
2013-05-19 02:00:00,2431.0
2013-05-19 03:00:00,2165.0
2013-05-19 04:00:00,2105.0
2013-05-19 05:00:00,2209.0
2013-05-19 06:00:00,2225.0
2013-05-19 07:00:00,3713.0
2013-05-19 08:00:00,3424.0
2013-05-19 09:00:00,5151.0
2013-05-19 10:00:00,5195.0
2013-05-19 11:00:00,5491.0
2013-05-19 12:00:00,5751.0
2013-05-19 13:00:00,5579.0
2013-05-19 14:00:00,5158.0
2013-05-19 15:00:00,4950.0
2013-05-19 16:00:00,5061.0
2013-05-19 17:00:00,5423.0
2013-05-19 18:00:00,5327.0
2013-05-19 19:00:00,5313.0
2013-05-19 20:00:00,5491.0
2013-05-19 21:00:00,5602.0
2013-05-19 22:00:00,5461.0
2013-05-19 23:00:00,4306.0
2013-05-20 00:00:00,2424.0
2013-05-20 01:00:00,2254.0
2013-05-20 02:00:00,2254.0
2013-05-20 03:00:00,1958.0
2013-05-20 04:00:00,1913.0
2013-05-20 05:00:00,1994.0
2013-05-20 06:00:00,1943.0
2013-05-20 07:00:00,3580.0
2013-05-20 08:00:00,3417.0
2013-05-20 09:00:00,5172.0
2013-05-20 10:00:00,5180.0
2013-05-20 11:00:00,5440.0
2013-05-20 12:00:00,5328.0
2013-05-20 13:00:00,5054.0
2013-05-20 14:00:00,5202.0
2013-05-20 15:00:00,5151.0
2013-05-20 16:00:00,4988.0
2013-05-20 17:00:00,5328.0
2013-05-20 18:00:00,5691.0
2013-05-20 19:00:00,5395.0
2013-05-20 20:00:00,5632.0
2013-05-20 21:00:00,5595.0
2013-05-20 22:00:00,5476.0
2013-05-20 23:00:00,4328.0
2013-05-21 00:00:00,3602.0
2013-05-21 01:00:00,3365.0
2013-05-21 02:00:00,2742.0
2013-05-21 03:00:00,1928.0
2013-05-21 04:00:00,1957.0
2013-05-21 05:00:00,1928.0
2013-05-21 06:00:00,1943.0
2013-05-21 07:00:00,3543.0
2013-05-21 08:00:00,3446.0
2013-05-21 09:00:00,5209.0
2013-05-21 10:00:00,5328.0
2013-05-21 11:00:00,5573.0
2013-05-21 12:00:00,5580.0
2013-05-21 13:00:00,5498.0
2013-05-21 14:00:00,5698.0
2013-05-21 15:00:00,5446.0
2013-05-21 16:00:00,5446.0
2013-05-21 17:00:00,5291.0
2013-05-21 18:00:00,5772.0
2013-05-21 19:00:00,5660.0
2013-05-21 20:00:00,5580.0
2013-05-21 21:00:00,5736.0
2013-05-21 22:00:00,5505.0
2013-05-21 23:00:00,4453.0
2013-05-22 00:00:00,2875.0
2013-05-22 01:00:00,2595.0
2013-05-22 02:00:00,2350.0
2013-05-22 03:00:00,2113.0
2013-05-22 04:00:00,2098.0
2013-05-22 05:00:00,2173.0
2013-05-22 06:00:00,2061.0
2013-05-22 07:00:00,3729.0
2013-05-22 08:00:00,3580.0
2013-05-22 09:00:00,5217.0
2013-05-22 10:00:00,5468.0
2013-05-22 11:00:00,5551.0
2013-05-22 12:00:00,5521.0
2013-05-22 13:00:00,5349.0
2013-05-22 14:00:00,5328.0
2013-05-22 15:00:00,5224.0
2013-05-22 16:00:00,5542.0
2013-05-22 17:00:00,5713.0
2013-05-22 18:00:00,6017.0
2013-05-22 19:00:00,5876.0
2013-05-22 20:00:00,5823.0
2013-05-22 21:00:00,5809.0
2013-05-22 22:00:00,5639.0
2013-05-22 23:00:00,4447.0
2013-05-23 00:00:00,2802.0
2013-05-23 01:00:00,2529.0
2013-05-23 02:00:00,2424.0
2013-05-23 03:00:00,2201.0
2013-05-23 04:00:00,2099.0
2013-05-23 05:00:00,2187.0
2013-05-23 06:00:00,2150.0
2013-05-23 07:00:00,3816.0
2013-05-23 08:00:00,3565.0
2013-05-23 09:00:00,5306.0
2013-05-23 10:00:00,5564.0
2013-05-23 11:00:00,5513.0
2013-05-23 12:00:00,5379.0
2013-05-23 13:00:00,5624.0
2013-05-23 14:00:00,5431.0
2013-05-23 15:00:00,5425.0
2013-05-23 16:00:00,5498.0
2013-05-23 17:00:00,5736.0
2013-05-23 18:00:00,5920.0
2013-05-23 19:00:00,5899.0
2013-05-23 20:00:00,6068.0
2013-05-23 21:00:00,6291.0
2013-05-23 22:00:00,5839.0
2013-05-23 23:00:00,4713.0
2013-05-24 00:00:00,3083.0
2013-05-24 01:00:00,2677.0
2013-05-24 02:00:00,2610.0
2013-05-24 03:00:00,2328.0
2013-05-24 04:00:00,2224.0
2013-05-24 05:00:00,2253.0
2013-05-24 06:00:00,2164.0
2013-05-24 07:00:00,3883.0
2013-05-24 08:00:00,3661.0
2013-05-24 09:00:00,5380.0
2013-05-24 10:00:00,5476.0
2013-05-24 11:00:00,5646.0
2013-05-24 12:00:00,5564.0
2013-05-24 13:00:00,5425.0
2013-05-24 14:00:00,5371.0
2013-05-24 15:00:00,5461.0
2013-05-24 16:00:00,5869.0
2013-05-24 17:00:00,5987.0
2013-05-24 18:00:00,6164.0
2013-05-24 19:00:00,6099.0
2013-05-24 20:00:00,6150.0
2013-05-24 21:00:00,6054.0
2013-05-24 22:00:00,5691.0
2013-05-24 23:00:00,4476.0
2013-05-25 00:00:00,2780.0
2013-05-25 01:00:00,2491.0
2013-05-25 02:00:00,2475.0
2013-05-25 03:00:00,2208.0
2013-05-25 04:00:00,2238.0
2013-05-25 05:00:00,2269.0
2013-05-25 06:00:00,2186.0
2013-05-25 07:00:00,3936.0
2013-05-25 08:00:00,3795.0
2013-05-25 09:00:00,5698.0
2013-05-25 10:00:00,5772.0
2013-05-25 11:00:00,5912.0
2013-05-25 12:00:00,5623.0
2013-05-25 13:00:00,5661.0
2013-05-25 14:00:00,5780.0
2013-05-25 15:00:00,5573.0
2013-05-25 16:00:00,5601.0
2013-05-25 17:00:00,6047.0
2013-05-25 18:00:00,5988.0
2013-05-25 19:00:00,5749.0
2013-05-25 20:00:00,5721.0
2013-05-25 21:00:00,5831.0
2013-05-25 22:00:00,5521.0
2013-05-25 23:00:00,4529.0
2013-05-26 00:00:00,2639.0
2013-05-26 01:00:00,2402.0
2013-05-26 02:00:00,2394.0
2013-05-26 03:00:00,2157.0
2013-05-26 04:00:00,2135.0
2013-05-26 05:00:00,2165.0
2013-05-26 06:00:00,2039.0
2013-05-26 07:00:00,3854.0
2013-05-26 08:00:00,3639.0
2013-05-26 09:00:00,5180.0
2013-05-26 10:00:00,5558.0
2013-05-26 11:00:00,5217.0
2013-05-26 12:00:00,5751.0
2013-05-26 13:00:00,5490.0
2013-05-26 14:00:00,5587.0
2013-05-26 15:00:00,5483.0
2013-05-26 16:00:00,5343.0
2013-05-26 17:00:00,5417.0
2013-05-26 18:00:00,5483.0
2013-05-26 19:00:00,5469.0
2013-05-26 20:00:00,5335.0
2013-05-26 21:00:00,5521.0
2013-05-26 22:00:00,5572.0
2013-05-26 23:00:00,4565.0
2013-05-27 00:00:00,2491.0
2013-05-27 01:00:00,2276.0
2013-05-27 02:00:00,2239.0
2013-05-27 03:00:00,1957.0
2013-05-27 04:00:00,1906.0
2013-05-27 05:00:00,1935.0
2013-05-27 06:00:00,2002.0
2013-05-27 07:00:00,3698.0
2013-05-27 08:00:00,3647.0
2013-05-27 09:00:00,5321.0
2013-05-27 10:00:00,5246.0
2013-05-27 11:00:00,5165.0
2013-05-27 12:00:00,5528.0
2013-05-27 13:00:00,5253.0
2013-05-27 14:00:00,5350.0
2013-05-27 15:00:00,5069.0
2013-05-27 16:00:00,5129.0
2013-05-27 17:00:00,5602.0
2013-05-27 18:00:00,5676.0
2013-05-27 19:00:00,5617.0
2013-05-27 20:00:00,5823.0
2013-05-27 21:00:00,6069.0
2013-05-27 22:00:00,5824.0
2013-05-27 23:00:00,4662.0
2013-05-28 00:00:00,3210.0
2013-05-28 01:00:00,3208.0
2013-05-28 02:00:00,3061.0
2013-05-28 03:00:00,2402.0
2013-05-28 04:00:00,2143.0
2013-05-28 05:00:00,2068.0
2013-05-28 06:00:00,2069.0
2013-05-28 07:00:00,3646.0
2013-05-28 08:00:00,3484.0
2013-05-28 09:00:00,5091.0
2013-05-28 10:00:00,5335.0
2013-05-28 11:00:00,5313.0
2013-05-28 12:00:00,5202.0
2013-05-28 13:00:00,5231.0
2013-05-28 14:00:00,5187.0
2013-05-28 15:00:00,4980.0
2013-05-28 16:00:00,5180.0
2013-05-28 17:00:00,5351.0
2013-05-28 18:00:00,5699.0
2013-05-28 19:00:00,5625.0
2013-05-28 20:00:00,5349.0
2013-05-28 21:00:00,5430.0
2013-05-28 22:00:00,5527.0
2013-05-28 23:00:00,4373.0
2013-05-29 00:00:00,2505.0
2013-05-29 01:00:00,1942.0
2013-05-29 02:00:00,2017.0
2013-05-29 03:00:00,1905.0
2013-05-29 04:00:00,1913.0
2013-05-29 05:00:00,1906.0
2013-05-29 06:00:00,1986.0
2013-05-29 07:00:00,3676.0
2013-05-29 08:00:00,3209.0
2013-05-29 09:00:00,5099.0
2013-05-29 10:00:00,5269.0
2013-05-29 11:00:00,5158.0
2013-05-29 12:00:00,5595.0
2013-05-29 13:00:00,5224.0
2013-05-29 14:00:00,5395.0
2013-05-29 15:00:00,5180.0
2013-05-29 16:00:00,5498.0
2013-05-29 17:00:00,5729.0
2013-05-29 18:00:00,5579.0
2013-05-29 19:00:00,5551.0
2013-05-29 20:00:00,5447.0
2013-05-29 21:00:00,5788.0
2013-05-29 22:00:00,5609.0
2013-05-29 23:00:00,4231.0
2013-05-30 00:00:00,3380.0
2013-05-30 01:00:00,3521.0
2013-05-30 02:00:00,3128.0
2013-05-30 03:00:00,2172.0
2013-05-30 04:00:00,2195.0
2013-05-30 05:00:00,2083.0
2013-05-30 06:00:00,2098.0
2013-05-30 07:00:00,3743.0
2013-05-30 08:00:00,3617.0
2013-05-30 09:00:00,5002.0
2013-05-30 10:00:00,5327.0
2013-05-30 11:00:00,5305.0
2013-05-30 12:00:00,5283.0
2013-05-30 13:00:00,5499.0
2013-05-30 14:00:00,5313.0
2013-05-30 15:00:00,5283.0
2013-05-30 16:00:00,5180.0
2013-05-30 17:00:00,5617.0
2013-05-30 18:00:00,5578.0
2013-05-30 19:00:00,5728.0
2013-05-30 20:00:00,5401.0
2013-05-30 21:00:00,5698.0
2013-05-30 22:00:00,5580.0
2013-05-30 23:00:00,4136.0
2013-05-31 00:00:00,2446.0
2013-05-31 01:00:00,2091.0
2013-05-31 02:00:00,2016.0
2013-05-31 03:00:00,2003.0
2013-05-31 04:00:00,1979.0
2013-05-31 05:00:00,2083.0
2013-05-31 06:00:00,2143.0
2013-05-31 07:00:00,3684.0
2013-05-31 08:00:00,3609.0
2013-05-31 09:00:00,5253.0
2013-05-31 10:00:00,5506.0
2013-05-31 11:00:00,5617.0
2013-05-31 12:00:00,5557.0
2013-05-31 13:00:00,5439.0
2013-05-31 14:00:00,5520.0
2013-05-31 15:00:00,5349.0
2013-05-31 16:00:00,5469.0
2013-05-31 17:00:00,5846.0
2013-05-31 18:00:00,5817.0
2013-05-31 19:00:00,5579.0
2013-05-31 20:00:00,5609.0
2013-05-31 21:00:00,5884.0
2013-05-31 22:00:00,5425.0
2013-05-31 23:00:00,4320.0
2013-06-01 00:00:00,2461.0
2013-06-01 01:00:00,2246.0
2013-06-01 02:00:00,2172.0
2013-06-01 03:00:00,2091.0
2013-06-01 04:00:00,2061.0
2013-06-01 05:00:00,2113.0
2013-06-01 06:00:00,2098.0
2013-06-01 07:00:00,3765.0
2013-06-01 08:00:00,3475.0
2013-06-01 09:00:00,5521.0
2013-06-01 10:00:00,5535.0
2013-06-01 11:00:00,5698.0
2013-06-01 12:00:00,5810.0
2013-06-01 13:00:00,5765.0
2013-06-01 14:00:00,5535.0
2013-06-01 15:00:00,5653.0
2013-06-01 16:00:00,5624.0
2013-06-01 17:00:00,5861.0
2013-06-01 18:00:00,6068.0
2013-06-01 19:00:00,6186.0
2013-06-01 20:00:00,5573.0
2013-06-01 21:00:00,5838.0
2013-06-01 22:00:00,5536.0
2013-06-01 23:00:00,4477.0
2013-06-02 00:00:00,2662.0
2013-06-02 01:00:00,2343.0
2013-06-02 02:00:00,2261.0
2013-06-02 03:00:00,2216.0
2013-06-02 04:00:00,2165.0
2013-06-02 05:00:00,2239.0
2013-06-02 06:00:00,2260.0
2013-06-02 07:00:00,3794.0
2013-06-02 08:00:00,3787.0
2013-06-02 09:00:00,5647.0
2013-06-02 10:00:00,5824.0
2013-06-02 11:00:00,6040.0
2013-06-02 12:00:00,6105.0
2013-06-02 13:00:00,6246.0
2013-06-02 14:00:00,5988.0
2013-06-02 15:00:00,5920.0
2013-06-02 16:00:00,5921.0
2013-06-02 17:00:00,6506.0
2013-06-02 18:00:00,6246.0
2013-06-02 19:00:00,6329.0
2013-06-02 20:00:00,5966.0
2013-06-02 21:00:00,6143.0
2013-06-02 22:00:00,5936.0
2013-06-02 23:00:00,4684.0
2013-06-03 00:00:00,2801.0
2013-06-03 01:00:00,2476.0
2013-06-03 02:00:00,2358.0
2013-06-03 03:00:00,2276.0
2013-06-03 04:00:00,2239.0
2013-06-03 05:00:00,2276.0
2013-06-03 06:00:00,2283.0
2013-06-03 07:00:00,4002.0
2013-06-03 08:00:00,3943.0
2013-06-03 09:00:00,5462.0
2013-06-03 10:00:00,5551.0
2013-06-03 11:00:00,5810.0
2013-06-03 12:00:00,6098.0
2013-06-03 13:00:00,6261.0
2013-06-03 14:00:00,5833.0
2013-06-03 15:00:00,5772.0
2013-06-03 16:00:00,5995.0
2013-06-03 17:00:00,6157.0
2013-06-03 18:00:00,6476.0
2013-06-03 19:00:00,6201.0
2013-06-03 20:00:00,6075.0
2013-06-03 21:00:00,6069.0
2013-06-03 22:00:00,5987.0
2013-06-03 23:00:00,4759.0
2013-06-04 00:00:00,3061.0
2013-06-04 01:00:00,2883.0
2013-06-04 02:00:00,2402.0
2013-06-04 03:00:00,2306.0
2013-06-04 04:00:00,2312.0
2013-06-04 05:00:00,2394.0
2013-06-04 06:00:00,2299.0
2013-06-04 07:00:00,3914.0
2013-06-04 08:00:00,3905.0
2013-06-04 09:00:00,5298.0
2013-06-04 10:00:00,5639.0
2013-06-04 11:00:00,5454.0
2013-06-04 12:00:00,5631.0
2013-06-04 13:00:00,5498.0
2013-06-04 14:00:00,5527.0
2013-06-04 15:00:00,5521.0
2013-06-04 16:00:00,5720.0
2013-06-04 17:00:00,5906.0
2013-06-04 18:00:00,5780.0
2013-06-04 19:00:00,5750.0
2013-06-04 20:00:00,5572.0
2013-06-04 21:00:00,6083.0
2013-06-04 22:00:00,5891.0
2013-06-04 23:00:00,4416.0
2013-06-05 00:00:00,2824.0
2013-06-05 01:00:00,2484.0
2013-06-05 02:00:00,2424.0
2013-06-05 03:00:00,2268.0
2013-06-05 04:00:00,2357.0
2013-06-05 05:00:00,2388.0
2013-06-05 06:00:00,2343.0
2013-06-05 07:00:00,3824.0
2013-06-05 08:00:00,3750.0
2013-06-05 09:00:00,5232.0
2013-06-05 10:00:00,5327.0
2013-06-05 11:00:00,5499.0
2013-06-05 12:00:00,5860.0
2013-06-05 13:00:00,5669.0
2013-06-05 14:00:00,5558.0
2013-06-05 15:00:00,5432.0
2013-06-05 16:00:00,5431.0
2013-06-05 17:00:00,5958.0
2013-06-05 18:00:00,5899.0
2013-06-05 19:00:00,5691.0
2013-06-05 20:00:00,5417.0
2013-06-05 21:00:00,5810.0
2013-06-05 22:00:00,5765.0
2013-06-05 23:00:00,4580.0
2013-06-06 00:00:00,2854.0
2013-06-06 01:00:00,2558.0
2013-06-06 02:00:00,2528.0
2013-06-06 03:00:00,2402.0
2013-06-06 04:00:00,2439.0
2013-06-06 05:00:00,2491.0
2013-06-06 06:00:00,2498.0
2013-06-06 07:00:00,3928.0
2013-06-06 08:00:00,3809.0
2013-06-06 09:00:00,5365.0
2013-06-06 10:00:00,5573.0
2013-06-06 11:00:00,5276.0
2013-06-06 12:00:00,5298.0
2013-06-06 13:00:00,5076.0
2013-06-06 14:00:00,5276.0
2013-06-06 15:00:00,5128.0
2013-06-06 16:00:00,5476.0
2013-06-06 17:00:00,5832.0
2013-06-06 18:00:00,5877.0
2013-06-06 19:00:00,5721.0
2013-06-06 20:00:00,5624.0
2013-06-06 21:00:00,5787.0
2013-06-06 22:00:00,5861.0
2013-06-06 23:00:00,4595.0
2013-06-07 00:00:00,2787.0
2013-06-07 01:00:00,2491.0
2013-06-07 02:00:00,2240.0
2013-06-07 03:00:00,2171.0
2013-06-07 04:00:00,2202.0
2013-06-07 05:00:00,2217.0
2013-06-07 06:00:00,2202.0
2013-06-07 07:00:00,3994.0
2013-06-07 08:00:00,4394.0
2013-06-07 09:00:00,5446.0
2013-06-07 10:00:00,5528.0
2013-06-07 11:00:00,5446.0
2013-06-07 12:00:00,5542.0
2013-06-07 13:00:00,5342.0
2013-06-07 14:00:00,5416.0
2013-06-07 15:00:00,5166.0
2013-06-07 16:00:00,5350.0
2013-06-07 17:00:00,5513.0
2013-06-07 18:00:00,5795.0
2013-06-07 19:00:00,5906.0
2013-06-07 20:00:00,5602.0
2013-06-07 21:00:00,5698.0
2013-06-07 22:00:00,5594.0
2013-06-07 23:00:00,4343.0
2013-06-08 00:00:00,2816.0
2013-06-08 01:00:00,2425.0
2013-06-08 02:00:00,2268.0
2013-06-08 03:00:00,2209.0
2013-06-08 04:00:00,2268.0
2013-06-08 05:00:00,2231.0
2013-06-08 06:00:00,2239.0
2013-06-08 07:00:00,3809.0
2013-06-08 08:00:00,3713.0
2013-06-08 09:00:00,5595.0
2013-06-08 10:00:00,5840.0
2013-06-08 11:00:00,5647.0
2013-06-08 12:00:00,5579.0
2013-06-08 13:00:00,5690.0
2013-06-08 14:00:00,5387.0
2013-06-08 15:00:00,5401.0
2013-06-08 16:00:00,5497.0
2013-06-08 17:00:00,5750.0
2013-06-08 18:00:00,5780.0
2013-06-08 19:00:00,5839.0
2013-06-08 20:00:00,5262.0
2013-06-08 21:00:00,5795.0
2013-06-08 22:00:00,5743.0
2013-06-08 23:00:00,4528.0
2013-06-09 00:00:00,2816.0
2013-06-09 01:00:00,2350.0
2013-06-09 02:00:00,2188.0
2013-06-09 03:00:00,2158.0
2013-06-09 04:00:00,2172.0
2013-06-09 05:00:00,2181.0
2013-06-09 06:00:00,2216.0
2013-06-09 07:00:00,3846.0
2013-06-09 08:00:00,3329.0
2013-06-09 09:00:00,5394.0
2013-06-09 10:00:00,5758.0
2013-06-09 11:00:00,5876.0
2013-06-09 12:00:00,5868.0
2013-06-09 13:00:00,6002.0
2013-06-09 14:00:00,5817.0
2013-06-09 15:00:00,5364.0
2013-06-09 16:00:00,5565.0
2013-06-09 17:00:00,5935.0
2013-06-09 18:00:00,5920.0
2013-06-09 19:00:00,5862.0
2013-06-09 20:00:00,5461.0
2013-06-09 21:00:00,5853.0
2013-06-09 22:00:00,5832.0
2013-06-09 23:00:00,4379.0
2013-06-10 00:00:00,2751.0
2013-06-10 01:00:00,2402.0
2013-06-10 02:00:00,2269.0
2013-06-10 03:00:00,2225.0
2013-06-10 04:00:00,2231.0
2013-06-10 05:00:00,2291.0
2013-06-10 06:00:00,2268.0
2013-06-10 07:00:00,4024.0
2013-06-10 08:00:00,3824.0
2013-06-10 09:00:00,5380.0
2013-06-10 10:00:00,5616.0
2013-06-10 11:00:00,5772.0
2013-06-10 12:00:00,5920.0
2013-06-10 13:00:00,5713.0
2013-06-10 14:00:00,5379.0
2013-06-10 15:00:00,5216.0
2013-06-10 16:00:00,5512.0
2013-06-10 17:00:00,5750.0
2013-06-10 18:00:00,5795.0
2013-06-10 19:00:00,5824.0
2013-06-10 20:00:00,5454.0
2013-06-10 21:00:00,5862.0
2013-06-10 22:00:00,5824.0
2013-06-10 23:00:00,4513.0
2013-06-11 00:00:00,2780.0
2013-06-11 01:00:00,2327.0
2013-06-11 02:00:00,2188.0
2013-06-11 03:00:00,2178.0
2013-06-11 04:00:00,2135.0
2013-06-11 05:00:00,2202.0
2013-06-11 06:00:00,2180.0
2013-06-11 07:00:00,3757.0
2013-06-11 08:00:00,3632.0
2013-06-11 09:00:00,5490.0
2013-06-11 10:00:00,5551.0
2013-06-11 11:00:00,5453.0
2013-06-11 12:00:00,5854.0
2013-06-11 13:00:00,5602.0
2013-06-11 14:00:00,5513.0
2013-06-11 15:00:00,5677.0
2013-06-11 16:00:00,5572.0
2013-06-11 17:00:00,5802.0
2013-06-11 18:00:00,6158.0
2013-06-11 19:00:00,5958.0
2013-06-11 20:00:00,5490.0
2013-06-11 21:00:00,5883.0
2013-06-11 22:00:00,5884.0
2013-06-11 23:00:00,4802.0
2013-06-12 00:00:00,3024.0
2013-06-12 01:00:00,2528.0
2013-06-12 02:00:00,2446.0
2013-06-12 03:00:00,2373.0
2013-06-12 04:00:00,2394.0
2013-06-12 05:00:00,2394.0
2013-06-12 06:00:00,2357.0
2013-06-12 07:00:00,3898.0
2013-06-12 08:00:00,3853.0
2013-06-12 09:00:00,5498.0
2013-06-12 10:00:00,5639.0
2013-06-12 11:00:00,5720.0
2013-06-12 12:00:00,5743.0
2013-06-12 13:00:00,5647.0
2013-06-12 14:00:00,5453.0
2013-06-12 15:00:00,5580.0
2013-06-12 16:00:00,5624.0
2013-06-12 17:00:00,6394.0
2013-06-12 18:00:00,6098.0
2013-06-12 19:00:00,5928.0
2013-06-12 20:00:00,5661.0
2013-06-12 21:00:00,5996.0
2013-06-12 22:00:00,5898.0
2013-06-12 23:00:00,4483.0
2013-06-13 00:00:00,2683.0
2013-06-13 01:00:00,2425.0
2013-06-13 02:00:00,2349.0
2013-06-13 03:00:00,2268.0
2013-06-13 04:00:00,2210.0
2013-06-13 05:00:00,2290.0
2013-06-13 06:00:00,2349.0
2013-06-13 07:00:00,3877.0
2013-06-13 08:00:00,4218.0
2013-06-13 09:00:00,5632.0
2013-06-13 10:00:00,5714.0
2013-06-13 11:00:00,5845.0
2013-06-13 12:00:00,5949.0
2013-06-13 13:00:00,5988.0
2013-06-13 14:00:00,6031.0
2013-06-13 15:00:00,5861.0
2013-06-13 16:00:00,6127.0
2013-06-13 17:00:00,6499.0
2013-06-13 18:00:00,6099.0
2013-06-13 19:00:00,6016.0
2013-06-13 20:00:00,5535.0
2013-06-13 21:00:00,5957.0
2013-06-13 22:00:00,5979.0
2013-06-13 23:00:00,4713.0
2013-06-14 00:00:00,2773.0
2013-06-14 01:00:00,2469.0
2013-06-14 02:00:00,2372.0
2013-06-14 03:00:00,2321.0
2013-06-14 04:00:00,2313.0
2013-06-14 05:00:00,2313.0
2013-06-14 06:00:00,2268.0
2013-06-14 07:00:00,3891.0
2013-06-14 08:00:00,4165.0
2013-06-14 09:00:00,5535.0
2013-06-14 10:00:00,5810.0
2013-06-14 11:00:00,5735.0
2013-06-14 12:00:00,5876.0
2013-06-14 13:00:00,5728.0
2013-06-14 14:00:00,5995.0
2013-06-14 15:00:00,5721.0
2013-06-14 16:00:00,5846.0
2013-06-14 17:00:00,6098.0
2013-06-14 18:00:00,6320.0
2013-06-14 19:00:00,5853.0
2013-06-14 20:00:00,5734.0
2013-06-14 21:00:00,5876.0
2013-06-14 22:00:00,5720.0
2013-06-14 23:00:00,4342.0
2013-06-15 00:00:00,2646.0
2013-06-15 01:00:00,2224.0
2013-06-15 02:00:00,2180.0
2013-06-15 03:00:00,2120.0
2013-06-15 04:00:00,2113.0
2013-06-15 05:00:00,2172.0
2013-06-15 06:00:00,2217.0
2013-06-15 07:00:00,3691.0
2013-06-15 08:00:00,3743.0
2013-06-15 09:00:00,5527.0
2013-06-15 10:00:00,5780.0
2013-06-15 11:00:00,5742.0
2013-06-15 12:00:00,5772.0
2013-06-15 13:00:00,5454.0
2013-06-15 14:00:00,5772.0
2013-06-15 15:00:00,5462.0
2013-06-15 16:00:00,5929.0
2013-06-15 17:00:00,5936.0
2013-06-15 18:00:00,5735.0
2013-06-15 19:00:00,5891.0
2013-06-15 20:00:00,5912.0
2013-06-15 21:00:00,5995.0
2013-06-15 22:00:00,5750.0
2013-06-15 23:00:00,4283.0
2013-06-16 00:00:00,2980.0
2013-06-16 01:00:00,2328.0
2013-06-16 02:00:00,2202.0
2013-06-16 03:00:00,2054.0
2013-06-16 04:00:00,2068.0
2013-06-16 05:00:00,2149.0
2013-06-16 06:00:00,2120.0
2013-06-16 07:00:00,3795.0
2013-06-16 08:00:00,3617.0
2013-06-16 09:00:00,5520.0
2013-06-16 10:00:00,5914.0
2013-06-16 11:00:00,5890.0
2013-06-16 12:00:00,6017.0
2013-06-16 13:00:00,5706.0
2013-06-16 14:00:00,6046.0
2013-06-16 15:00:00,5580.0
2013-06-16 16:00:00,5535.0
2013-06-16 17:00:00,5690.0
2013-06-16 18:00:00,6158.0
2013-06-16 19:00:00,6091.0
2013-06-16 20:00:00,5706.0
2013-06-16 21:00:00,5906.0
2013-06-16 22:00:00,5744.0
2013-06-16 23:00:00,4631.0
2013-06-17 00:00:00,2862.0
2013-06-17 01:00:00,2721.0
2013-06-17 02:00:00,2402.0
2013-06-17 03:00:00,2232.0
2013-06-17 04:00:00,2180.0
2013-06-17 05:00:00,2083.0
2013-06-17 06:00:00,2054.0
2013-06-17 07:00:00,3757.0
2013-06-17 08:00:00,3669.0
2013-06-17 09:00:00,5313.0
2013-06-17 10:00:00,5402.0
2013-06-17 11:00:00,5268.0
2013-06-17 12:00:00,5661.0
2013-06-17 13:00:00,5661.0
2013-06-17 14:00:00,5223.0
2013-06-17 15:00:00,5210.0
2013-06-17 16:00:00,5216.0
2013-06-17 17:00:00,5744.0
2013-06-17 18:00:00,5683.0
2013-06-17 19:00:00,5631.0
2013-06-17 20:00:00,5594.0
2013-06-17 21:00:00,5668.0
2013-06-17 22:00:00,5647.0
2013-06-17 23:00:00,4520.0
2013-06-18 00:00:00,3025.0
2013-06-18 01:00:00,2454.0
2013-06-18 02:00:00,2260.0
2013-06-18 03:00:00,2128.0
2013-06-18 04:00:00,2084.0
2013-06-18 05:00:00,2091.0
2013-06-18 06:00:00,2098.0
2013-06-18 07:00:00,3676.0
2013-06-18 08:00:00,3765.0
2013-06-18 09:00:00,5349.0
2013-06-18 10:00:00,5579.0
2013-06-18 11:00:00,5773.0
2013-06-18 12:00:00,6053.0
2013-06-18 13:00:00,5928.0
2013-06-18 14:00:00,6173.0
2013-06-18 15:00:00,6179.0
2013-06-18 16:00:00,6179.0
2013-06-18 17:00:00,6595.0
2013-06-18 18:00:00,6402.0
2013-06-18 19:00:00,6120.0
2013-06-18 20:00:00,5818.0
2013-06-18 21:00:00,6150.0
2013-06-18 22:00:00,6084.0
2013-06-18 23:00:00,4365.0
2013-06-19 00:00:00,2269.0
2013-06-19 01:00:00,2202.0
2013-06-19 02:00:00,2157.0
2013-06-19 03:00:00,1980.0
2013-06-19 04:00:00,2047.0
2013-06-19 05:00:00,2061.0
2013-06-19 06:00:00,1972.0
2013-06-19 07:00:00,3713.0
2013-06-19 08:00:00,3906.0
2013-06-19 09:00:00,5150.0
2013-06-19 10:00:00,5609.0
2013-06-19 11:00:00,5891.0
2013-06-19 12:00:00,5921.0
2013-06-19 13:00:00,5913.0
2013-06-19 14:00:00,5950.0
2013-06-19 15:00:00,5801.0
2013-06-19 16:00:00,6003.0
2013-06-19 17:00:00,6246.0
2013-06-19 18:00:00,5809.0
2013-06-19 19:00:00,5890.0
2013-06-19 20:00:00,5298.0
2013-06-19 21:00:00,5632.0
2013-06-19 22:00:00,5476.0
2013-06-19 23:00:00,4201.0
2013-06-20 00:00:00,2537.0
2013-06-20 01:00:00,2134.0
2013-06-20 02:00:00,2112.0
2013-06-20 03:00:00,2017.0
2013-06-20 04:00:00,2025.0
2013-06-20 05:00:00,2068.0
2013-06-20 06:00:00,2003.0
2013-06-20 07:00:00,3655.0
2013-06-20 08:00:00,3469.0
2013-06-20 09:00:00,5409.0
2013-06-20 10:00:00,5372.0
2013-06-20 11:00:00,5513.0
2013-06-20 12:00:00,5543.0
2013-06-20 13:00:00,5431.0
2013-06-20 14:00:00,5379.0
2013-06-20 15:00:00,5254.0
2013-06-20 16:00:00,5380.0
2013-06-20 17:00:00,5713.0
2013-06-20 18:00:00,5847.0
2013-06-20 19:00:00,5698.0
2013-06-20 20:00:00,5210.0
2013-06-20 21:00:00,5676.0
2013-06-20 22:00:00,5595.0
2013-06-20 23:00:00,4542.0
2013-06-21 00:00:00,2795.0
2013-06-21 01:00:00,2276.0
2013-06-21 02:00:00,2208.0
2013-06-21 03:00:00,2224.0
2013-06-21 04:00:00,2224.0
2013-06-21 05:00:00,2269.0
2013-06-21 06:00:00,2246.0
2013-06-21 07:00:00,3786.0
2013-06-21 08:00:00,3595.0
2013-06-21 09:00:00,5521.0
2013-06-21 10:00:00,5506.0
2013-06-21 11:00:00,5529.0
2013-06-21 12:00:00,5736.0
2013-06-21 13:00:00,5810.0
2013-06-21 14:00:00,5743.0
2013-06-21 15:00:00,5372.0
2013-06-21 16:00:00,5438.0
2013-06-21 17:00:00,6016.0
2013-06-21 18:00:00,6201.0
2013-06-21 19:00:00,5928.0
2013-06-21 20:00:00,5305.0
2013-06-21 21:00:00,5668.0
2013-06-21 22:00:00,5817.0
2013-06-21 23:00:00,4676.0
2013-06-22 00:00:00,2958.0
2013-06-22 01:00:00,2498.0
2013-06-22 02:00:00,2217.0
2013-06-22 03:00:00,2106.0
2013-06-22 04:00:00,2180.0
2013-06-22 05:00:00,2165.0
2013-06-22 06:00:00,2276.0
2013-06-22 07:00:00,3935.0
2013-06-22 08:00:00,3706.0
2013-06-22 09:00:00,5832.0
2013-06-22 10:00:00,5713.0
2013-06-22 11:00:00,6017.0
2013-06-22 12:00:00,6343.0
2013-06-22 13:00:00,6194.0
2013-06-22 14:00:00,6276.0
2013-06-22 15:00:00,6216.0
2013-06-22 16:00:00,6247.0
2013-06-22 17:00:00,6187.0
2013-06-22 18:00:00,6239.0
2013-06-22 19:00:00,6418.0
2013-06-22 20:00:00,6032.0
2013-06-22 21:00:00,6201.0
2013-06-22 22:00:00,5898.0
2013-06-22 23:00:00,4913.0
2013-06-23 00:00:00,3209.0
2013-06-23 01:00:00,2520.0
2013-06-23 02:00:00,2461.0
2013-06-23 03:00:00,2335.0
2013-06-23 04:00:00,2305.0
2013-06-23 05:00:00,2276.0
2013-06-23 06:00:00,2232.0
2013-06-23 07:00:00,3765.0
2013-06-23 08:00:00,3876.0
2013-06-23 09:00:00,5558.0
2013-06-23 10:00:00,5935.0
2013-06-23 11:00:00,5922.0
2013-06-23 12:00:00,6217.0
2013-06-23 13:00:00,6232.0
2013-06-23 14:00:00,6187.0
2013-06-23 15:00:00,6009.0
2013-06-23 16:00:00,6217.0
2013-06-23 17:00:00,6291.0
2013-06-23 18:00:00,6380.0
2013-06-23 19:00:00,6179.0
2013-06-23 20:00:00,5683.0
2013-06-23 21:00:00,5957.0
2013-06-23 22:00:00,5839.0
2013-06-23 23:00:00,4469.0
2013-06-24 00:00:00,2750.0
2013-06-24 01:00:00,2513.0
2013-06-24 02:00:00,2476.0
2013-06-24 03:00:00,2394.0
2013-06-24 04:00:00,2379.0
2013-06-24 05:00:00,2305.0
2013-06-24 06:00:00,2342.0
2013-06-24 07:00:00,3854.0
2013-06-24 08:00:00,3883.0
2013-06-24 09:00:00,5632.0
2013-06-24 10:00:00,5898.0
2013-06-24 11:00:00,6083.0
2013-06-24 12:00:00,6209.0
2013-06-24 13:00:00,6187.0
2013-06-24 14:00:00,6246.0
2013-06-24 15:00:00,6246.0
2013-06-24 16:00:00,6269.0
2013-06-24 17:00:00,6862.0
2013-06-24 18:00:00,6861.0
2013-06-24 19:00:00,6558.0
2013-06-24 20:00:00,6365.0
2013-06-24 21:00:00,6453.0
2013-06-24 22:00:00,6231.0
2013-06-24 23:00:00,5254.0
2013-06-25 00:00:00,3521.0
2013-06-25 01:00:00,3135.0
2013-06-25 02:00:00,2736.0
2013-06-25 03:00:00,2485.0
2013-06-25 04:00:00,2410.0
2013-06-25 05:00:00,2387.0
2013-06-25 06:00:00,2402.0
2013-06-25 07:00:00,3965.0
2013-06-25 08:00:00,3832.0
2013-06-25 09:00:00,5646.0
2013-06-25 10:00:00,5905.0
2013-06-25 11:00:00,6157.0
2013-06-25 12:00:00,6498.0
2013-06-25 13:00:00,6661.0
2013-06-25 14:00:00,7876.0
2013-06-25 15:00:00,7646.0
2013-06-25 16:00:00,7810.0
2013-06-25 17:00:00,8490.0
2013-06-25 18:00:00,8283.0
2013-06-25 19:00:00,8513.0
2013-06-25 20:00:00,7572.0
2013-06-25 21:00:00,6883.0
2013-06-25 22:00:00,6402.0
2013-06-25 23:00:00,4854.0
2013-06-26 00:00:00,3187.0
2013-06-26 01:00:00,2913.0
2013-06-26 02:00:00,2876.0
2013-06-26 03:00:00,2794.0
2013-06-26 04:00:00,2764.0
2013-06-26 05:00:00,2794.0
2013-06-26 06:00:00,2854.0
2013-06-26 07:00:00,4225.0
2013-06-26 08:00:00,4070.0
2013-06-26 09:00:00,5623.0
2013-06-26 10:00:00,5580.0
2013-06-26 11:00:00,5765.0
2013-06-26 12:00:00,6165.0
2013-06-26 13:00:00,6150.0
2013-06-26 14:00:00,5928.0
2013-06-26 15:00:00,6128.0
2013-06-26 16:00:00,6246.0
2013-06-26 17:00:00,6446.0
2013-06-26 18:00:00,6825.0
2013-06-26 19:00:00,6943.0
2013-06-26 20:00:00,6084.0
2013-06-26 21:00:00,6216.0
2013-06-26 22:00:00,5861.0
2013-06-26 23:00:00,4750.0
2013-06-27 00:00:00,2847.0
2013-06-27 01:00:00,2454.0
2013-06-27 02:00:00,2416.0
2013-06-27 03:00:00,2343.0
2013-06-27 04:00:00,2298.0
2013-06-27 05:00:00,2365.0
2013-06-27 06:00:00,2335.0
2013-06-27 07:00:00,2913.0
2013-06-27 08:00:00,2305.0
2013-06-27 09:00:00,5647.0
2013-06-27 10:00:00,5898.0
2013-06-27 11:00:00,5935.0
2013-06-27 12:00:00,6150.0
2013-06-27 13:00:00,5825.0
2013-06-27 14:00:00,5920.0
2013-06-27 15:00:00,5647.0
2013-06-27 16:00:00,5884.0
2013-06-27 17:00:00,6261.0
2013-06-27 18:00:00,6454.0
2013-06-27 19:00:00,6298.0
2013-06-27 20:00:00,6069.0
2013-06-27 21:00:00,6202.0
2013-06-27 22:00:00,5966.0
2013-06-27 23:00:00,4758.0
2013-06-28 00:00:00,3032.0
2013-06-28 01:00:00,2595.0
2013-06-28 02:00:00,2417.0
2013-06-28 03:00:00,2402.0
2013-06-28 04:00:00,2336.0
2013-06-28 05:00:00,2372.0
2013-06-28 06:00:00,2365.0
2013-06-28 07:00:00,3981.0
2013-06-28 08:00:00,4379.0
2013-06-28 09:00:00,5707.0
2013-06-28 10:00:00,5484.0
2013-06-28 11:00:00,5660.0
2013-06-28 12:00:00,5512.0
2013-06-28 13:00:00,5668.0
2013-06-28 14:00:00,5727.0
2013-06-28 15:00:00,5780.0
2013-06-28 16:00:00,6127.0
2013-06-28 17:00:00,6218.0
2013-06-28 18:00:00,6357.0
2013-06-28 19:00:00,6349.0
2013-06-28 20:00:00,5958.0
2013-06-28 21:00:00,6179.0
2013-06-28 22:00:00,6195.0
2013-06-28 23:00:00,4846.0
2013-06-29 00:00:00,3186.0
2013-06-29 01:00:00,2586.0
2013-06-29 02:00:00,2497.0
2013-06-29 03:00:00,2446.0
2013-06-29 04:00:00,2416.0
2013-06-29 05:00:00,2528.0
2013-06-29 06:00:00,2468.0
2013-06-29 07:00:00,3951.0
2013-06-29 08:00:00,4009.0
2013-06-29 09:00:00,5958.0
2013-06-29 10:00:00,5928.0
2013-06-29 11:00:00,6142.0
2013-06-29 12:00:00,6291.0
2013-06-29 13:00:00,6432.0
2013-06-29 14:00:00,6387.0
2013-06-29 15:00:00,6246.0
2013-06-29 16:00:00,6395.0
2013-06-29 17:00:00,6646.0
2013-06-29 18:00:00,6765.0
2013-06-29 19:00:00,6483.0
2013-06-29 20:00:00,6083.0
2013-06-29 21:00:00,6453.0
2013-06-29 22:00:00,6625.0
2013-06-29 23:00:00,5512.0
2013-06-30 00:00:00,3498.0
2013-06-30 01:00:00,3099.0
2013-06-30 02:00:00,2677.0
2013-06-30 03:00:00,2572.0
2013-06-30 04:00:00,2572.0
2013-06-30 05:00:00,2572.0
2013-06-30 06:00:00,2587.0
2013-06-30 07:00:00,4106.0
2013-06-30 08:00:00,4306.0
2013-06-30 09:00:00,5632.0
2013-06-30 10:00:00,6239.0
2013-06-30 11:00:00,6343.0
2013-06-30 12:00:00,6610.0
2013-06-30 13:00:00,6403.0
2013-06-30 14:00:00,6447.0
2013-06-30 15:00:00,6202.0
2013-06-30 16:00:00,6313.0
2013-06-30 17:00:00,6505.0
2013-06-30 18:00:00,6972.0
2013-06-30 19:00:00,6749.0
2013-06-30 20:00:00,6327.0
2013-06-30 21:00:00,6446.0
2013-06-30 22:00:00,6431.0
2013-06-30 23:00:00,5025.0
2013-07-01 00:00:00,3306.0
2013-07-01 01:00:00,2794.0
2013-07-01 02:00:00,2713.0
2013-07-01 03:00:00,2527.0
2013-07-01 04:00:00,2558.0
2013-07-01 05:00:00,2528.0
2013-07-01 06:00:00,2484.0
2013-07-01 07:00:00,4075.0
2013-07-01 08:00:00,4476.0
2013-07-01 09:00:00,5958.0
2013-07-01 10:00:00,5936.0
2013-07-01 11:00:00,6099.0
2013-07-01 12:00:00,6291.0
2013-07-01 13:00:00,5942.0
2013-07-01 14:00:00,5848.0
2013-07-01 15:00:00,6002.0
2013-07-01 16:00:00,5868.0
2013-07-01 17:00:00,6535.0
2013-07-01 18:00:00,6624.0
2013-07-01 19:00:00,6432.0
2013-07-01 20:00:00,6135.0
2013-07-01 21:00:00,6112.0
2013-07-01 22:00:00,5832.0
2013-07-01 23:00:00,4728.0
2013-07-02 00:00:00,3187.0
2013-07-02 01:00:00,2431.0
2013-07-02 02:00:00,2417.0
2013-07-02 03:00:00,2409.0
2013-07-02 04:00:00,2423.0
2013-07-02 05:00:00,2439.0
2013-07-02 06:00:00,2446.0
2013-07-02 07:00:00,4106.0
2013-07-02 08:00:00,4275.0
2013-07-02 09:00:00,5765.0
2013-07-02 10:00:00,5787.0
2013-07-02 11:00:00,5743.0
2013-07-02 12:00:00,5884.0
2013-07-02 13:00:00,5528.0
2013-07-02 14:00:00,5794.0
2013-07-02 15:00:00,5543.0
2013-07-02 16:00:00,5958.0
2013-07-02 17:00:00,6091.0
2013-07-02 18:00:00,6246.0
2013-07-02 19:00:00,6128.0
2013-07-02 20:00:00,5661.0
2013-07-02 21:00:00,5928.0
2013-07-02 22:00:00,5661.0
2013-07-02 23:00:00,4572.0
2013-07-03 00:00:00,3009.0
2013-07-03 01:00:00,2402.0
2013-07-03 02:00:00,2372.0
2013-07-03 03:00:00,2313.0
2013-07-03 04:00:00,2365.0
2013-07-03 05:00:00,2432.0
2013-07-03 06:00:00,2431.0
2013-07-03 07:00:00,4105.0
2013-07-03 08:00:00,4231.0
2013-07-03 09:00:00,5936.0
2013-07-03 10:00:00,5921.0
2013-07-03 11:00:00,6224.0
2013-07-03 12:00:00,6542.0
2013-07-03 13:00:00,6350.0
2013-07-03 14:00:00,6239.0
2013-07-03 15:00:00,6173.0
2013-07-03 16:00:00,6305.0
2013-07-03 17:00:00,6965.0
2013-07-03 18:00:00,7024.0
2013-07-03 19:00:00,6861.0
2013-07-03 20:00:00,6410.0
2013-07-03 21:00:00,6499.0
2013-07-03 22:00:00,6343.0
2013-07-03 23:00:00,5061.0
2013-07-04 00:00:00,3513.0
2013-07-04 01:00:00,2839.0
2013-07-04 02:00:00,2824.0
2013-07-04 03:00:00,2668.0
2013-07-04 04:00:00,2624.0
2013-07-04 05:00:00,2610.0
2013-07-04 06:00:00,2587.0
2013-07-04 07:00:00,4269.0
2013-07-04 08:00:00,4623.0
2013-07-04 09:00:00,6150.0
2013-07-04 10:00:00,6372.0
2013-07-04 11:00:00,6306.0
2013-07-04 12:00:00,6869.0
2013-07-04 13:00:00,6839.0
2013-07-04 14:00:00,6713.0
2013-07-04 15:00:00,6728.0
2013-07-04 16:00:00,8394.0
2013-07-04 17:00:00,8609.0
2013-07-04 18:00:00,8172.0
2013-07-04 19:00:00,7765.0
2013-07-04 20:00:00,7113.0
2013-07-04 21:00:00,7121.0
2013-07-04 22:00:00,6972.0
2013-07-04 23:00:00,5276.0
2013-07-05 00:00:00,3335.0
2013-07-05 01:00:00,2780.0
2013-07-05 02:00:00,2742.0
2013-07-05 03:00:00,2557.0
2013-07-05 04:00:00,2617.0
2013-07-05 05:00:00,2557.0
2013-07-05 06:00:00,2588.0
2013-07-05 07:00:00,4424.0
2013-07-05 08:00:00,5017.0
2013-07-05 09:00:00,6120.0
2013-07-05 10:00:00,6475.0
2013-07-05 11:00:00,6557.0
2013-07-05 12:00:00,6217.0
2013-07-05 13:00:00,7957.0
2013-07-05 14:00:00,8425.0
2013-07-05 15:00:00,8320.0
2013-07-05 16:00:00,8322.0
2013-07-05 17:00:00,8875.0
2013-07-05 18:00:00,8877.0
2013-07-05 19:00:00,8698.0
2013-07-05 20:00:00,8253.0
2013-07-05 21:00:00,7935.0
2013-07-05 22:00:00,7936.0
2013-07-05 23:00:00,5854.0
2013-07-06 00:00:00,3276.0
2013-07-06 01:00:00,2839.0
2013-07-06 02:00:00,2669.0
2013-07-06 03:00:00,2544.0
2013-07-06 04:00:00,2691.0
2013-07-06 05:00:00,2587.0
2013-07-06 06:00:00,2543.0
2013-07-06 07:00:00,4180.0
2013-07-06 08:00:00,4779.0
2013-07-06 09:00:00,6372.0
2013-07-06 10:00:00,6491.0
2013-07-06 11:00:00,6581.0
2013-07-06 12:00:00,6475.0
2013-07-06 13:00:00,7661.0
2013-07-06 14:00:00,8314.0
2013-07-06 15:00:00,8239.0
2013-07-06 16:00:00,8105.0
2013-07-06 17:00:00,8698.0
2013-07-06 18:00:00,8729.0
2013-07-06 19:00:00,8876.0
2013-07-06 20:00:00,8475.0
2013-07-06 21:00:00,7802.0
2013-07-06 22:00:00,7291.0
2013-07-06 23:00:00,5336.0
2013-07-07 00:00:00,3083.0
2013-07-07 01:00:00,2758.0
2013-07-07 02:00:00,2573.0
2013-07-07 03:00:00,2416.0
2013-07-07 04:00:00,2468.0
2013-07-07 05:00:00,2536.0
2013-07-07 06:00:00,2483.0
2013-07-07 07:00:00,4336.0
2013-07-07 08:00:00,4920.0
2013-07-07 09:00:00,5943.0
2013-07-07 10:00:00,6239.0
2013-07-07 11:00:00,6425.0
2013-07-07 12:00:00,6490.0
2013-07-07 13:00:00,7543.0
2013-07-07 14:00:00,8209.0
2013-07-07 15:00:00,8061.0
2013-07-07 16:00:00,8121.0
2013-07-07 17:00:00,8247.0
2013-07-07 18:00:00,8475.0
2013-07-07 19:00:00,8490.0
2013-07-07 20:00:00,7964.0
2013-07-07 21:00:00,7883.0
2013-07-07 22:00:00,7699.0
2013-07-07 23:00:00,5321.0
2013-07-08 00:00:00,3069.0
2013-07-08 01:00:00,2691.0
2013-07-08 02:00:00,2669.0
2013-07-08 03:00:00,2565.0
2013-07-08 04:00:00,2491.0
2013-07-08 05:00:00,2469.0
2013-07-08 06:00:00,2461.0
2013-07-08 07:00:00,4268.0
2013-07-08 08:00:00,4669.0
2013-07-08 09:00:00,6046.0
2013-07-08 10:00:00,5773.0
2013-07-08 11:00:00,5898.0
2013-07-08 12:00:00,6210.0
2013-07-08 13:00:00,6728.0
2013-07-08 14:00:00,7203.0
2013-07-08 15:00:00,7201.0
2013-07-08 16:00:00,7120.0
2013-07-08 17:00:00,7988.0
2013-07-08 18:00:00,8254.0
2013-07-08 19:00:00,8299.0
2013-07-08 20:00:00,7868.0
2013-07-08 21:00:00,7772.0
2013-07-08 22:00:00,7750.0
2013-07-08 23:00:00,5505.0
2013-07-09 00:00:00,3350.0
2013-07-09 01:00:00,2802.0
2013-07-09 02:00:00,2751.0
2013-07-09 03:00:00,2624.0
2013-07-09 04:00:00,2632.0
2013-07-09 05:00:00,2558.0
2013-07-09 06:00:00,2602.0
2013-07-09 07:00:00,4268.0
2013-07-09 08:00:00,4661.0
2013-07-09 09:00:00,5884.0
2013-07-09 10:00:00,6031.0
2013-07-09 11:00:00,6098.0
2013-07-09 12:00:00,6120.0
2013-07-09 13:00:00,6631.0
2013-07-09 14:00:00,7283.0
2013-07-09 15:00:00,7439.0
2013-07-09 16:00:00,7691.0
2013-07-09 17:00:00,7905.0
2013-07-09 18:00:00,8009.0
2013-07-09 19:00:00,8224.0
2013-07-09 20:00:00,7683.0
2013-07-09 21:00:00,7853.0
2013-07-09 22:00:00,7654.0
2013-07-09 23:00:00,5439.0
2013-07-10 00:00:00,3358.0
2013-07-10 01:00:00,2988.0
2013-07-10 02:00:00,2883.0
2013-07-10 03:00:00,2853.0
2013-07-10 04:00:00,2883.0
2013-07-10 05:00:00,2788.0
2013-07-10 06:00:00,2913.0
2013-07-10 07:00:00,4068.0
2013-07-10 08:00:00,4506.0
2013-07-10 09:00:00,6439.0
2013-07-10 10:00:00,6557.0
2013-07-10 11:00:00,6312.0
2013-07-10 12:00:00,6772.0
2013-07-10 13:00:00,7476.0
2013-07-10 14:00:00,8247.0
2013-07-10 15:00:00,8231.0
2013-07-10 16:00:00,8275.0
2013-07-10 17:00:00,8876.0
2013-07-10 18:00:00,8780.0
2013-07-10 19:00:00,8166.0
2013-07-10 20:00:00,7513.0
2013-07-10 21:00:00,7528.0
2013-07-10 22:00:00,7239.0
2013-07-10 23:00:00,5320.0
2013-07-11 00:00:00,4031.0
2013-07-11 01:00:00,3254.0
2013-07-11 02:00:00,3016.0
2013-07-11 03:00:00,3061.0
2013-07-11 04:00:00,3112.0
2013-07-11 05:00:00,3010.0
2013-07-11 06:00:00,3038.0
2013-07-11 07:00:00,4692.0
2013-07-11 08:00:00,4743.0
2013-07-11 09:00:00,5817.0
2013-07-11 10:00:00,6136.0
2013-07-11 11:00:00,6112.0
2013-07-11 12:00:00,6231.0
2013-07-11 13:00:00,6949.0
2013-07-11 14:00:00,7276.0
2013-07-11 15:00:00,7217.0
2013-07-11 16:00:00,7550.0
2013-07-11 17:00:00,7514.0
2013-07-11 18:00:00,7602.0
2013-07-11 19:00:00,7164.0
2013-07-11 20:00:00,6579.0
2013-07-11 21:00:00,6668.0
2013-07-11 22:00:00,6513.0
2013-07-11 23:00:00,4986.0
2013-07-12 00:00:00,3068.0
2013-07-12 01:00:00,2728.0
2013-07-12 02:00:00,2736.0
2013-07-12 03:00:00,2581.0
2013-07-12 04:00:00,2595.0
2013-07-12 05:00:00,2580.0
2013-07-12 06:00:00,2661.0
2013-07-12 07:00:00,4343.0
2013-07-12 08:00:00,4810.0
2013-07-12 09:00:00,5802.0
2013-07-12 10:00:00,5758.0
2013-07-12 11:00:00,5891.0
2013-07-12 12:00:00,5972.0
2013-07-12 13:00:00,5669.0
2013-07-12 14:00:00,5928.0
2013-07-12 15:00:00,5803.0
2013-07-12 16:00:00,6165.0
2013-07-12 17:00:00,6239.0
2013-07-12 18:00:00,6551.0
2013-07-12 19:00:00,6713.0
2013-07-12 20:00:00,6283.0
2013-07-12 21:00:00,6512.0
2013-07-12 22:00:00,6387.0
2013-07-12 23:00:00,5158.0
2013-07-13 00:00:00,3253.0
2013-07-13 01:00:00,2705.0
2013-07-13 02:00:00,2662.0
2013-07-13 03:00:00,2625.0
2013-07-13 04:00:00,2542.0
2013-07-13 05:00:00,2639.0
2013-07-13 06:00:00,2632.0
2013-07-13 07:00:00,4306.0
2013-07-13 08:00:00,4847.0
2013-07-13 09:00:00,6187.0
2013-07-13 10:00:00,6201.0
2013-07-13 11:00:00,6780.0
2013-07-13 12:00:00,6521.0
2013-07-13 13:00:00,6335.0
2013-07-13 14:00:00,6276.0
2013-07-13 15:00:00,6216.0
2013-07-13 16:00:00,6498.0
2013-07-13 17:00:00,6640.0
2013-07-13 18:00:00,6823.0
2013-07-13 19:00:00,6912.0
2013-07-13 20:00:00,6572.0
2013-07-13 21:00:00,6832.0
2013-07-13 22:00:00,6505.0
2013-07-13 23:00:00,5624.0
2013-07-14 00:00:00,3313.0
2013-07-14 01:00:00,2758.0
2013-07-14 02:00:00,2780.0
2013-07-14 03:00:00,2668.0
2013-07-14 04:00:00,2618.0
2013-07-14 05:00:00,2677.0
2013-07-14 06:00:00,2691.0
2013-07-14 07:00:00,4291.0
2013-07-14 08:00:00,4550.0
2013-07-14 09:00:00,6053.0
2013-07-14 10:00:00,6305.0
2013-07-14 11:00:00,6453.0
2013-07-14 12:00:00,6609.0
2013-07-14 13:00:00,6816.0
2013-07-14 14:00:00,6714.0
2013-07-14 15:00:00,6328.0
2013-07-14 16:00:00,6647.0
2013-07-14 17:00:00,6877.0
2013-07-14 18:00:00,7054.0
2013-07-14 19:00:00,6942.0
2013-07-14 20:00:00,6417.0
2013-07-14 21:00:00,6528.0
2013-07-14 22:00:00,6255.0
2013-07-14 23:00:00,5321.0
2013-07-15 00:00:00,3276.0
2013-07-15 01:00:00,2677.0
2013-07-15 02:00:00,2660.0
2013-07-15 03:00:00,2528.0
2013-07-15 04:00:00,2476.0
2013-07-15 05:00:00,2602.0
2013-07-15 06:00:00,2594.0
2013-07-15 07:00:00,3698.0
2013-07-15 08:00:00,5224.0
2013-07-15 09:00:00,5973.0
2013-07-15 10:00:00,5899.0
2013-07-15 11:00:00,6640.0
2013-07-15 12:00:00,6868.0
2013-07-15 13:00:00,6549.0
2013-07-15 14:00:00,6722.0
2013-07-15 15:00:00,6728.0
2013-07-15 16:00:00,6950.0
2013-07-15 17:00:00,7402.0
2013-07-15 18:00:00,7224.0
2013-07-15 19:00:00,6936.0
2013-07-15 20:00:00,6697.0
2013-07-15 21:00:00,6498.0
2013-07-15 22:00:00,6232.0
2013-07-15 23:00:00,5283.0
2013-07-16 00:00:00,3542.0
2013-07-16 01:00:00,3068.0
2013-07-16 02:00:00,2602.0
2013-07-16 03:00:00,2579.0
2013-07-16 04:00:00,2507.0
2013-07-16 05:00:00,2550.0
2013-07-16 06:00:00,2491.0
2013-07-16 07:00:00,4077.0
2013-07-16 08:00:00,4699.0
2013-07-16 09:00:00,5913.0
2013-07-16 10:00:00,6040.0
2013-07-16 11:00:00,6454.0
2013-07-16 12:00:00,6542.0
2013-07-16 13:00:00,6446.0
2013-07-16 14:00:00,6587.0
2013-07-16 15:00:00,6343.0
2013-07-16 16:00:00,6580.0
2013-07-16 17:00:00,7291.0
2013-07-16 18:00:00,7269.0
2013-07-16 19:00:00,7180.0
2013-07-16 20:00:00,6876.0
2013-07-16 21:00:00,6750.0
2013-07-16 22:00:00,6328.0
2013-07-16 23:00:00,5165.0
2013-07-17 00:00:00,3128.0
2013-07-17 01:00:00,2631.0
2013-07-17 02:00:00,2616.0
2013-07-17 03:00:00,2475.0
2013-07-17 04:00:00,2461.0
2013-07-17 05:00:00,2514.0
2013-07-17 06:00:00,2514.0
2013-07-17 07:00:00,4091.0
2013-07-17 08:00:00,4728.0
2013-07-17 09:00:00,6179.0
2013-07-17 10:00:00,6402.0
2013-07-17 11:00:00,6528.0
2013-07-17 12:00:00,6869.0
2013-07-17 13:00:00,6802.0
2013-07-17 14:00:00,6668.0
2013-07-17 15:00:00,6550.0
2013-07-17 16:00:00,6824.0
2013-07-17 17:00:00,7520.0
2013-07-17 18:00:00,7654.0
2013-07-17 19:00:00,7238.0
2013-07-17 20:00:00,6669.0
2013-07-17 21:00:00,6728.0
2013-07-17 22:00:00,6610.0
2013-07-17 23:00:00,5358.0
2013-07-18 00:00:00,3239.0
2013-07-18 01:00:00,2758.0
2013-07-18 02:00:00,2713.0
2013-07-18 03:00:00,2536.0
2013-07-18 04:00:00,2631.0
2013-07-18 05:00:00,2639.0
2013-07-18 06:00:00,2647.0
2013-07-18 07:00:00,4194.0
2013-07-18 08:00:00,4698.0
2013-07-18 09:00:00,5727.0
2013-07-18 10:00:00,6394.0
2013-07-18 11:00:00,6446.0
2013-07-18 12:00:00,6743.0
2013-07-18 13:00:00,6550.0
2013-07-18 14:00:00,6668.0
2013-07-18 15:00:00,6342.0
2013-07-18 16:00:00,6935.0
2013-07-18 17:00:00,6958.0
2013-07-18 18:00:00,7268.0
2013-07-18 19:00:00,7083.0
2013-07-18 20:00:00,6706.0
2013-07-18 21:00:00,6476.0
2013-07-18 22:00:00,6381.0
2013-07-18 23:00:00,5224.0
2013-07-19 00:00:00,3135.0
2013-07-19 01:00:00,2691.0
2013-07-19 02:00:00,2706.0
2013-07-19 03:00:00,2557.0
2013-07-19 04:00:00,2609.0
2013-07-19 05:00:00,2631.0
2013-07-19 06:00:00,2616.0
2013-07-19 07:00:00,4202.0
2013-07-19 08:00:00,4743.0
2013-07-19 09:00:00,5824.0
2013-07-19 10:00:00,6306.0
2013-07-19 11:00:00,6469.0
2013-07-19 12:00:00,6291.0
2013-07-19 13:00:00,6380.0
2013-07-19 14:00:00,6395.0
2013-07-19 15:00:00,6321.0
2013-07-19 16:00:00,6854.0
2013-07-19 17:00:00,7306.0
2013-07-19 18:00:00,7283.0
2013-07-19 19:00:00,7416.0
2013-07-19 20:00:00,6876.0
2013-07-19 21:00:00,6521.0
2013-07-19 22:00:00,6335.0
2013-07-19 23:00:00,5209.0
2013-07-20 00:00:00,3120.0
2013-07-20 01:00:00,2646.0
2013-07-20 02:00:00,2661.0
2013-07-20 03:00:00,2521.0
2013-07-20 04:00:00,2543.0
2013-07-20 05:00:00,2558.0
2013-07-20 06:00:00,2491.0
2013-07-20 07:00:00,4246.0
2013-07-20 08:00:00,4773.0
2013-07-20 09:00:00,6024.0
2013-07-20 10:00:00,6447.0
2013-07-20 11:00:00,6773.0
2013-07-20 12:00:00,6632.0
2013-07-20 13:00:00,6520.0
2013-07-20 14:00:00,6721.0
2013-07-20 15:00:00,6498.0
2013-07-20 16:00:00,7053.0
2013-07-20 17:00:00,7016.0
2013-07-20 18:00:00,6861.0
2013-07-20 19:00:00,6935.0
2013-07-20 20:00:00,6447.0
2013-07-20 21:00:00,6647.0
2013-07-20 22:00:00,6046.0
2013-07-20 23:00:00,5069.0
2013-07-21 00:00:00,2973.0
2013-07-21 01:00:00,2580.0
2013-07-21 02:00:00,2543.0
2013-07-21 03:00:00,2506.0
2013-07-21 04:00:00,2528.0
2013-07-21 05:00:00,2499.0
2013-07-21 06:00:00,2558.0
2013-07-21 07:00:00,4358.0
2013-07-21 08:00:00,4773.0
2013-07-21 09:00:00,5942.0
2013-07-21 10:00:00,6151.0
2013-07-21 11:00:00,6469.0
2013-07-21 12:00:00,6521.0
2013-07-21 13:00:00,6358.0
2013-07-21 14:00:00,6209.0
2013-07-21 15:00:00,6535.0
2013-07-21 16:00:00,6721.0
2013-07-21 17:00:00,6994.0
2013-07-21 18:00:00,7068.0
2013-07-21 19:00:00,7061.0
2013-07-21 20:00:00,6202.0
2013-07-21 21:00:00,6349.0
2013-07-21 22:00:00,6047.0
2013-07-21 23:00:00,5017.0
2013-07-22 00:00:00,3217.0
2013-07-22 01:00:00,3432.0
2013-07-22 02:00:00,2580.0
2013-07-22 03:00:00,2521.0
2013-07-22 04:00:00,2505.0
2013-07-22 05:00:00,2543.0
2013-07-22 06:00:00,2505.0
2013-07-22 07:00:00,4099.0
2013-07-22 08:00:00,4513.0
2013-07-22 09:00:00,6091.0
2013-07-22 10:00:00,6105.0
2013-07-22 11:00:00,6469.0
2013-07-22 12:00:00,6396.0
2013-07-22 13:00:00,6512.0
2013-07-22 14:00:00,6684.0
2013-07-22 15:00:00,6521.0
2013-07-22 16:00:00,6632.0
2013-07-22 17:00:00,7195.0
2013-07-22 18:00:00,7150.0
2013-07-22 19:00:00,6838.0
2013-07-22 20:00:00,6202.0
2013-07-22 21:00:00,6380.0
2013-07-22 22:00:00,6158.0
2013-07-22 23:00:00,5002.0
2013-07-23 00:00:00,3335.0
2013-07-23 01:00:00,2795.0
2013-07-23 02:00:00,2609.0
2013-07-23 03:00:00,2543.0
2013-07-23 04:00:00,2610.0
2013-07-23 05:00:00,2536.0
2013-07-23 06:00:00,2543.0
2013-07-23 07:00:00,4231.0
2013-07-23 08:00:00,4425.0
2013-07-23 09:00:00,6179.0
2013-07-23 10:00:00,6298.0
2013-07-23 11:00:00,6543.0
2013-07-23 12:00:00,6801.0
2013-07-23 13:00:00,6565.0
2013-07-23 14:00:00,6587.0
2013-07-23 15:00:00,6661.0
2013-07-23 16:00:00,7194.0
2013-07-23 17:00:00,7261.0
2013-07-23 18:00:00,6971.0
2013-07-23 19:00:00,7017.0
2013-07-23 20:00:00,6557.0
2013-07-23 21:00:00,6535.0
2013-07-23 22:00:00,6180.0
2013-07-23 23:00:00,5113.0
2013-07-24 00:00:00,3091.0
2013-07-24 01:00:00,2595.0
2013-07-24 02:00:00,2573.0
2013-07-24 03:00:00,2551.0
2013-07-24 04:00:00,2521.0
2013-07-24 05:00:00,2536.0
2013-07-24 06:00:00,2514.0
2013-07-24 07:00:00,4091.0
2013-07-24 08:00:00,4683.0
2013-07-24 09:00:00,6565.0
2013-07-24 10:00:00,6372.0
2013-07-24 11:00:00,6788.0
2013-07-24 12:00:00,6846.0
2013-07-24 13:00:00,6713.0
2013-07-24 14:00:00,6765.0
2013-07-24 15:00:00,6727.0
2013-07-24 16:00:00,7150.0
2013-07-24 17:00:00,7261.0
2013-07-24 18:00:00,7380.0
2013-07-24 19:00:00,7395.0
2013-07-24 20:00:00,6610.0
2013-07-24 21:00:00,6816.0
2013-07-24 22:00:00,6572.0
2013-07-24 23:00:00,5379.0
2013-07-25 00:00:00,3253.0
2013-07-25 01:00:00,2764.0
2013-07-25 02:00:00,2780.0
2013-07-25 03:00:00,2883.0
2013-07-25 04:00:00,2824.0
2013-07-25 05:00:00,2861.0
2013-07-25 06:00:00,2788.0
2013-07-25 07:00:00,4388.0
2013-07-25 08:00:00,4839.0
2013-07-25 09:00:00,6387.0
2013-07-25 10:00:00,6402.0
2013-07-25 11:00:00,6321.0
2013-07-25 12:00:00,6595.0
2013-07-25 13:00:00,6521.0
2013-07-25 14:00:00,6772.0
2013-07-25 15:00:00,6506.0
2013-07-25 16:00:00,6818.0
2013-07-25 17:00:00,7054.0
2013-07-25 18:00:00,7083.0
2013-07-25 19:00:00,7060.0
2013-07-25 20:00:00,6476.0
2013-07-25 21:00:00,6639.0
2013-07-25 22:00:00,6476.0
2013-07-25 23:00:00,5261.0
2013-07-26 00:00:00,3269.0
2013-07-26 01:00:00,2609.0
2013-07-26 02:00:00,2647.0
2013-07-26 03:00:00,2521.0
2013-07-26 04:00:00,2513.0
2013-07-26 05:00:00,2498.0
2013-07-26 06:00:00,2484.0
2013-07-26 07:00:00,4002.0
2013-07-26 08:00:00,4677.0
2013-07-26 09:00:00,6129.0
2013-07-26 10:00:00,6187.0
2013-07-26 11:00:00,6529.0
2013-07-26 12:00:00,6349.0
2013-07-26 13:00:00,6402.0
2013-07-26 14:00:00,6245.0
2013-07-26 15:00:00,6365.0
2013-07-26 16:00:00,6647.0
2013-07-26 17:00:00,6868.0
2013-07-26 18:00:00,6618.0
2013-07-26 19:00:00,6587.0
2013-07-26 20:00:00,6379.0
2013-07-26 21:00:00,6520.0
2013-07-26 22:00:00,6239.0
2013-07-26 23:00:00,4973.0
2013-07-27 00:00:00,3232.0
2013-07-27 01:00:00,2987.0
2013-07-27 02:00:00,2751.0
2013-07-27 03:00:00,2529.0
2013-07-27 04:00:00,2543.0
2013-07-27 05:00:00,2484.0
2013-07-27 06:00:00,2476.0
2013-07-27 07:00:00,4128.0
2013-07-27 08:00:00,5113.0
2013-07-27 09:00:00,6381.0
2013-07-27 10:00:00,6632.0
2013-07-27 11:00:00,6795.0
2013-07-27 12:00:00,6773.0
2013-07-27 13:00:00,6395.0
2013-07-27 14:00:00,6573.0
2013-07-27 15:00:00,6334.0
2013-07-27 16:00:00,6557.0
2013-07-27 17:00:00,6609.0
2013-07-27 18:00:00,7068.0
2013-07-27 19:00:00,6707.0
2013-07-27 20:00:00,6225.0
2013-07-27 21:00:00,6632.0
2013-07-27 22:00:00,6208.0
2013-07-27 23:00:00,5121.0
2013-07-28 00:00:00,3106.0
2013-07-28 01:00:00,2647.0
2013-07-28 02:00:00,2713.0
2013-07-28 03:00:00,2573.0
2013-07-28 04:00:00,2588.0
2013-07-28 05:00:00,2610.0
2013-07-28 06:00:00,2603.0
2013-07-28 07:00:00,4224.0
2013-07-28 08:00:00,4595.0
2013-07-28 09:00:00,6536.0
2013-07-28 10:00:00,6654.0
2013-07-28 11:00:00,7009.0
2013-07-28 12:00:00,6876.0
2013-07-28 13:00:00,6690.0
2013-07-28 14:00:00,6720.0
2013-07-28 15:00:00,6395.0
2013-07-28 16:00:00,6898.0
2013-07-28 17:00:00,7069.0
2013-07-28 18:00:00,6720.0
2013-07-28 19:00:00,6633.0
2013-07-28 20:00:00,6232.0
2013-07-28 21:00:00,6550.0
2013-07-28 22:00:00,6380.0
2013-07-28 23:00:00,5187.0
2013-07-29 00:00:00,3061.0
2013-07-29 01:00:00,2646.0
2013-07-29 02:00:00,2580.0
2013-07-29 03:00:00,2498.0
2013-07-29 04:00:00,2550.0
2013-07-29 05:00:00,2513.0
2013-07-29 06:00:00,2483.0
2013-07-29 07:00:00,4016.0
2013-07-29 08:00:00,4801.0
2013-07-29 09:00:00,6135.0
2013-07-29 10:00:00,6387.0
2013-07-29 11:00:00,7001.0
2013-07-29 12:00:00,7365.0
2013-07-29 13:00:00,7090.0
2013-07-29 14:00:00,7342.0
2013-07-29 15:00:00,7661.0
2013-07-29 16:00:00,7654.0
2013-07-29 17:00:00,8181.0
2013-07-29 18:00:00,7951.0
2013-07-29 19:00:00,7276.0
2013-07-29 20:00:00,6705.0
2013-07-29 21:00:00,6698.0
2013-07-29 22:00:00,6394.0
2013-07-29 23:00:00,5172.0
2013-07-30 00:00:00,2950.0
2013-07-30 01:00:00,2639.0
2013-07-30 02:00:00,2616.0
2013-07-30 03:00:00,2499.0
2013-07-30 04:00:00,2521.0
2013-07-30 05:00:00,2528.0
2013-07-30 06:00:00,2491.0
2013-07-30 07:00:00,4305.0
2013-07-30 08:00:00,4846.0
2013-07-30 09:00:00,6646.0
2013-07-30 10:00:00,6765.0
2013-07-30 11:00:00,7135.0
2013-07-30 12:00:00,7690.0
2013-07-30 13:00:00,8151.0
2013-07-30 14:00:00,8476.0
2013-07-30 15:00:00,8594.0
2013-07-30 16:00:00,8512.0
2013-07-30 17:00:00,8661.0
2013-07-30 18:00:00,8749.0
2013-07-30 19:00:00,8112.0
2013-07-30 20:00:00,8106.0
2013-07-30 21:00:00,7594.0
2013-07-30 22:00:00,7187.0
2013-07-30 23:00:00,5588.0
2013-07-31 00:00:00,2854.0
2013-07-31 01:00:00,2727.0
2013-07-31 02:00:00,2617.0
2013-07-31 03:00:00,2469.0
2013-07-31 04:00:00,2521.0
2013-07-31 05:00:00,2512.0
2013-07-31 06:00:00,2409.0
2013-07-31 07:00:00,4224.0
2013-07-31 08:00:00,5447.0
2013-07-31 09:00:00,7269.0
2013-07-31 10:00:00,7616.0
2013-07-31 11:00:00,9321.0
2013-07-31 12:00:00,8617.0
2013-07-31 13:00:00,8728.0
2013-07-31 14:00:00,8572.0
2013-07-31 15:00:00,8498.0
2013-07-31 16:00:00,9321.0
2013-07-31 17:00:00,10046.0
2013-07-31 18:00:00,9927.0
2013-07-31 19:00:00,9751.0
2013-07-31 20:00:00,8542.0
2013-07-31 21:00:00,6529.0
2013-07-31 22:00:00,6127.0
2013-07-31 23:00:00,5047.0
2013-08-01 00:00:00,3239.0
2013-08-01 01:00:00,2905.0
2013-08-01 02:00:00,2861.0
2013-08-01 03:00:00,2750.0
2013-08-01 04:00:00,2721.0
2013-08-01 05:00:00,2728.0
2013-08-01 06:00:00,2758.0
2013-08-01 07:00:00,4728.0
2013-08-01 08:00:00,5127.0
2013-08-01 09:00:00,6210.0
2013-08-01 10:00:00,7743.0
2013-08-01 11:00:00,7335.0
2013-08-01 12:00:00,6868.0
2013-08-01 13:00:00,7935.0
2013-08-01 14:00:00,7831.0
2013-08-01 15:00:00,7306.0
2013-08-01 16:00:00,7417.0
2013-08-01 17:00:00,8239.0
2013-08-01 18:00:00,7795.0
2013-08-01 19:00:00,6876.0
2013-08-01 20:00:00,5935.0
2013-08-01 21:00:00,6150.0
2013-08-01 22:00:00,6350.0
2013-08-01 23:00:00,5210.0
2013-08-02 00:00:00,3268.0
2013-08-02 01:00:00,2640.0
2013-08-02 02:00:00,2558.0
2013-08-02 03:00:00,2484.0
2013-08-02 04:00:00,2506.0
2013-08-02 05:00:00,2462.0
2013-08-02 06:00:00,2543.0
2013-08-02 07:00:00,4565.0
2013-08-02 08:00:00,5557.0
2013-08-02 09:00:00,6350.0
2013-08-02 10:00:00,7676.0
2013-08-02 11:00:00,7698.0
2013-08-02 12:00:00,8416.0
2013-08-02 13:00:00,8268.0
2013-08-02 14:00:00,8551.0
2013-08-02 15:00:00,7898.0
2013-08-02 16:00:00,8031.0
2013-08-02 17:00:00,8090.0
2013-08-02 18:00:00,7876.0
2013-08-02 19:00:00,7010.0
2013-08-02 20:00:00,6165.0
2013-08-02 21:00:00,6291.0
2013-08-02 22:00:00,6372.0
2013-08-02 23:00:00,5127.0
2013-08-03 00:00:00,3112.0
2013-08-03 01:00:00,2513.0
2013-08-03 02:00:00,2469.0
2013-08-03 03:00:00,2417.0
2013-08-03 04:00:00,2430.0
2013-08-03 05:00:00,2320.0
2013-08-03 06:00:00,2527.0
2013-08-03 07:00:00,4187.0
2013-08-03 08:00:00,6202.0
2013-08-03 09:00:00,6735.0
2013-08-03 10:00:00,6594.0
2013-08-03 11:00:00,7779.0
2013-08-03 12:00:00,8371.0
2013-08-03 13:00:00,8245.0
2013-08-03 14:00:00,8238.0
2013-08-03 15:00:00,7906.0
2013-08-03 16:00:00,8084.0
2013-08-03 17:00:00,8254.0
2013-08-03 18:00:00,7913.0
2013-08-03 19:00:00,6468.0
2013-08-03 20:00:00,5943.0
2013-08-03 21:00:00,6149.0
2013-08-03 22:00:00,6202.0
2013-08-03 23:00:00,5001.0
2013-08-04 00:00:00,3113.0
2013-08-04 01:00:00,2513.0
2013-08-04 02:00:00,2490.0
2013-08-04 03:00:00,2410.0
2013-08-04 04:00:00,2387.0
2013-08-04 05:00:00,2260.0
2013-08-04 06:00:00,2373.0
2013-08-04 07:00:00,4964.0
2013-08-04 08:00:00,5765.0
2013-08-04 09:00:00,6299.0
2013-08-04 10:00:00,6587.0
2013-08-04 11:00:00,8107.0
2013-08-04 12:00:00,8846.0
2013-08-04 13:00:00,9084.0
2013-08-04 14:00:00,9483.0
2013-08-04 15:00:00,9409.0
2013-08-04 16:00:00,9676.0
2013-08-04 17:00:00,9838.0
2013-08-04 18:00:00,9001.0
2013-08-04 19:00:00,8195.0
2013-08-04 20:00:00,6727.0
2013-08-04 21:00:00,6365.0
2013-08-04 22:00:00,6312.0
2013-08-04 23:00:00,5120.0
2013-08-05 00:00:00,2966.0
2013-08-05 01:00:00,2483.0
2013-08-05 02:00:00,2417.0
2013-08-05 03:00:00,2350.0
2013-08-05 04:00:00,2380.0
2013-08-05 05:00:00,2364.0
2013-08-05 06:00:00,2514.0
2013-08-05 07:00:00,4869.0
2013-08-05 08:00:00,5372.0
2013-08-05 09:00:00,6069.0
2013-08-05 10:00:00,6476.0
2013-08-05 11:00:00,7706.0
2013-08-05 12:00:00,8032.0
2013-08-05 13:00:00,7973.0
2013-08-05 14:00:00,7357.0
2013-08-05 15:00:00,8106.0
2013-08-05 16:00:00,8038.0
2013-08-05 17:00:00,8350.0
2013-08-05 18:00:00,8469.0
2013-08-05 19:00:00,7461.0
2013-08-05 20:00:00,6668.0
2013-08-05 21:00:00,6335.0
2013-08-05 22:00:00,6372.0
2013-08-05 23:00:00,5201.0
2013-08-06 00:00:00,3351.0
2013-08-06 01:00:00,2684.0
2013-08-06 02:00:00,2573.0
2013-08-06 03:00:00,2475.0
2013-08-06 04:00:00,2491.0
2013-08-06 05:00:00,2439.0
2013-08-06 06:00:00,2603.0
2013-08-06 07:00:00,4336.0
2013-08-06 08:00:00,5312.0
2013-08-06 09:00:00,6735.0
2013-08-06 10:00:00,7402.0
2013-08-06 11:00:00,8596.0
2013-08-06 12:00:00,9431.0
2013-08-06 13:00:00,9505.0
2013-08-06 14:00:00,9640.0
2013-08-06 15:00:00,9905.0
2013-08-06 16:00:00,9305.0
2013-08-06 17:00:00,9373.0
2013-08-06 18:00:00,9261.0
2013-08-06 19:00:00,8247.0
2013-08-06 20:00:00,7372.0
2013-08-06 21:00:00,7202.0
2013-08-06 22:00:00,7120.0
2013-08-06 23:00:00,6254.0
2013-08-07 00:00:00,4483.0
2013-08-07 01:00:00,3861.0
2013-08-07 02:00:00,3831.0
2013-08-07 03:00:00,3713.0
2013-08-07 04:00:00,3661.0
2013-08-07 05:00:00,3735.0
2013-08-07 06:00:00,3936.0
2013-08-07 07:00:00,5313.0
2013-08-07 08:00:00,4995.0
2013-08-07 09:00:00,6186.0
2013-08-07 10:00:00,6668.0
2013-08-07 11:00:00,7654.0
2013-08-07 12:00:00,7950.0
2013-08-07 13:00:00,8610.0
2013-08-07 14:00:00,8313.0
2013-08-07 15:00:00,8061.0
2013-08-07 16:00:00,8163.0
2013-08-07 17:00:00,8446.0
2013-08-07 18:00:00,8061.0
2013-08-07 19:00:00,7630.0
2013-08-07 20:00:00,7001.0
2013-08-07 21:00:00,7253.0
2013-08-07 22:00:00,7143.0
2013-08-07 23:00:00,6343.0
2013-08-08 00:00:00,4454.0
2013-08-08 01:00:00,3876.0
2013-08-08 02:00:00,3853.0
2013-08-08 03:00:00,3750.0
2013-08-08 04:00:00,3691.0
2013-08-08 05:00:00,3750.0
2013-08-08 06:00:00,3728.0
2013-08-08 07:00:00,5572.0
2013-08-08 08:00:00,5794.0
2013-08-08 09:00:00,5802.0
2013-08-08 10:00:00,6550.0
2013-08-08 11:00:00,7002.0
2013-08-08 12:00:00,7247.0
2013-08-08 13:00:00,7217.0
2013-08-08 14:00:00,7225.0
2013-08-08 15:00:00,7403.0
2013-08-08 16:00:00,7587.0
2013-08-08 17:00:00,7831.0
2013-08-08 18:00:00,7920.0
2013-08-08 19:00:00,7749.0
2013-08-08 20:00:00,7136.0
2013-08-08 21:00:00,6535.0
2013-08-08 22:00:00,6084.0
2013-08-08 23:00:00,5069.0
2013-08-09 00:00:00,3135.0
2013-08-09 01:00:00,2588.0
2013-08-09 02:00:00,2514.0
2013-08-09 03:00:00,2453.0
2013-08-09 04:00:00,2410.0
2013-08-09 05:00:00,2402.0
2013-08-09 06:00:00,2416.0
2013-08-09 07:00:00,4009.0
2013-08-09 08:00:00,4254.0
2013-08-09 09:00:00,6083.0
2013-08-09 10:00:00,6927.0
2013-08-09 11:00:00,7876.0
2013-08-09 12:00:00,8025.0
2013-08-09 13:00:00,8128.0
2013-08-09 14:00:00,8342.0
2013-08-09 15:00:00,8424.0
2013-08-09 16:00:00,8283.0
2013-08-09 17:00:00,8535.0
2013-08-09 18:00:00,8498.0
2013-08-09 19:00:00,8483.0
2013-08-09 20:00:00,7809.0
2013-08-09 21:00:00,7928.0
2013-08-09 22:00:00,6601.0
2013-08-09 23:00:00,5268.0
2013-08-10 00:00:00,3366.0
2013-08-10 01:00:00,2773.0
2013-08-10 02:00:00,2617.0
2013-08-10 03:00:00,2482.0
2013-08-10 04:00:00,2476.0
2013-08-10 05:00:00,2468.0
2013-08-10 06:00:00,2476.0
2013-08-10 07:00:00,4201.0
2013-08-10 08:00:00,4750.0
2013-08-10 09:00:00,6506.0
2013-08-10 10:00:00,7654.0
2013-08-10 11:00:00,8246.0
2013-08-10 12:00:00,8528.0
2013-08-10 13:00:00,8306.0
2013-08-10 14:00:00,7979.0
2013-08-10 15:00:00,8017.0
2013-08-10 16:00:00,8135.0
2013-08-10 17:00:00,8617.0
2013-08-10 18:00:00,7794.0
2013-08-10 19:00:00,7431.0
2013-08-10 20:00:00,6698.0
2013-08-10 21:00:00,7084.0
2013-08-10 22:00:00,6291.0
2013-08-10 23:00:00,5091.0
2013-08-11 00:00:00,3194.0
2013-08-11 01:00:00,2684.0
2013-08-11 02:00:00,2573.0
2013-08-11 03:00:00,2424.0
2013-08-11 04:00:00,2491.0
2013-08-11 05:00:00,2469.0
2013-08-11 06:00:00,2506.0
2013-08-11 07:00:00,4142.0
2013-08-11 08:00:00,4765.0
2013-08-11 09:00:00,5883.0
2013-08-11 10:00:00,6705.0
2013-08-11 11:00:00,7764.0
2013-08-11 12:00:00,7891.0
2013-08-11 13:00:00,7609.0
2013-08-11 14:00:00,7506.0
2013-08-11 15:00:00,7031.0
2013-08-11 16:00:00,7201.0
2013-08-11 17:00:00,7520.0
2013-08-11 18:00:00,7121.0
2013-08-11 19:00:00,7165.0
2013-08-11 20:00:00,6780.0
2013-08-11 21:00:00,6283.0
2013-08-11 22:00:00,6025.0
2013-08-11 23:00:00,5113.0
2013-08-12 00:00:00,3239.0
2013-08-12 01:00:00,2699.0
2013-08-12 02:00:00,2617.0
2013-08-12 03:00:00,2432.0
2013-08-12 04:00:00,2528.0
2013-08-12 05:00:00,2595.0
2013-08-12 06:00:00,2543.0
2013-08-12 07:00:00,4313.0
2013-08-12 08:00:00,4321.0
2013-08-12 09:00:00,5379.0
2013-08-12 10:00:00,6587.0
2013-08-12 11:00:00,6965.0
2013-08-12 12:00:00,6773.0
2013-08-12 13:00:00,7017.0
2013-08-12 14:00:00,6765.0
2013-08-12 15:00:00,6387.0
2013-08-12 16:00:00,6912.0
2013-08-12 17:00:00,7253.0
2013-08-12 18:00:00,7453.0
2013-08-12 19:00:00,7588.0
2013-08-12 20:00:00,6854.0
2013-08-12 21:00:00,6350.0
2013-08-12 22:00:00,6076.0
2013-08-12 23:00:00,5002.0
2013-08-13 00:00:00,3127.0
2013-08-13 01:00:00,2683.0
2013-08-13 02:00:00,2663.0
2013-08-13 03:00:00,2499.0
2013-08-13 04:00:00,2551.0
2013-08-13 05:00:00,2528.0
2013-08-13 06:00:00,2528.0
2013-08-13 07:00:00,4165.0
2013-08-13 08:00:00,4505.0
2013-08-13 09:00:00,5788.0
2013-08-13 10:00:00,6424.0
2013-08-13 11:00:00,6854.0
2013-08-13 12:00:00,7113.0
2013-08-13 13:00:00,6676.0
2013-08-13 14:00:00,6484.0
2013-08-13 15:00:00,6618.0
2013-08-13 16:00:00,6269.0
2013-08-13 17:00:00,7336.0
2013-08-13 18:00:00,7165.0
2013-08-13 19:00:00,7076.0
2013-08-13 20:00:00,7350.0
2013-08-13 21:00:00,7039.0
2013-08-13 22:00:00,6425.0
2013-08-13 23:00:00,5217.0
2013-08-14 00:00:00,3276.0
2013-08-14 01:00:00,3069.0
2013-08-14 02:00:00,2981.0
2013-08-14 03:00:00,2817.0
2013-08-14 04:00:00,2920.0
2013-08-14 05:00:00,2964.0
2013-08-14 06:00:00,2914.0
2013-08-14 07:00:00,4506.0
2013-08-14 08:00:00,4425.0
2013-08-14 09:00:00,5765.0
2013-08-14 10:00:00,6461.0
2013-08-14 11:00:00,7165.0
2013-08-14 12:00:00,7090.0
2013-08-14 13:00:00,6995.0
2013-08-14 14:00:00,6898.0
2013-08-14 15:00:00,6720.0
2013-08-14 16:00:00,7084.0
2013-08-14 17:00:00,7314.0
2013-08-14 18:00:00,7268.0
2013-08-14 19:00:00,7024.0
2013-08-14 20:00:00,6246.0
2013-08-14 21:00:00,6513.0
2013-08-14 22:00:00,6158.0
2013-08-14 23:00:00,5201.0
2013-08-15 00:00:00,3001.0
2013-08-15 01:00:00,2729.0
2013-08-15 02:00:00,2580.0
2013-08-15 03:00:00,2499.0
2013-08-15 04:00:00,2490.0
2013-08-15 05:00:00,2506.0
2013-08-15 06:00:00,2521.0
2013-08-15 07:00:00,4150.0
2013-08-15 08:00:00,4646.0
2013-08-15 09:00:00,5743.0
2013-08-15 10:00:00,6129.0
2013-08-15 11:00:00,6766.0
2013-08-15 12:00:00,7439.0
2013-08-15 13:00:00,7149.0
2013-08-15 14:00:00,6787.0
2013-08-15 15:00:00,6550.0
2013-08-15 16:00:00,7031.0
2013-08-15 17:00:00,7536.0
2013-08-15 18:00:00,8113.0
2013-08-15 19:00:00,8009.0
2013-08-15 20:00:00,7469.0
2013-08-15 21:00:00,6943.0
2013-08-15 22:00:00,6107.0
2013-08-15 23:00:00,5128.0
2013-08-16 00:00:00,3291.0
2013-08-16 01:00:00,2720.0
2013-08-16 02:00:00,2535.0
2013-08-16 03:00:00,2468.0
2013-08-16 04:00:00,2506.0
2013-08-16 05:00:00,2521.0
2013-08-16 06:00:00,2439.0
2013-08-16 07:00:00,3847.0
2013-08-16 08:00:00,4536.0
2013-08-16 09:00:00,5551.0
2013-08-16 10:00:00,6639.0
2013-08-16 11:00:00,7336.0
2013-08-16 12:00:00,7365.0
2013-08-16 13:00:00,7409.0
2013-08-16 14:00:00,7387.0
2013-08-16 15:00:00,7447.0
2013-08-16 16:00:00,7461.0
2013-08-16 17:00:00,7218.0
2013-08-16 18:00:00,7498.0
2013-08-16 19:00:00,7572.0
2013-08-16 20:00:00,6276.0
2013-08-16 21:00:00,6447.0
2013-08-16 22:00:00,5972.0
2013-08-16 23:00:00,4958.0
2013-08-17 00:00:00,3298.0
2013-08-17 01:00:00,2713.0
2013-08-17 02:00:00,2512.0
2013-08-17 03:00:00,2483.0
2013-08-17 04:00:00,2507.0
2013-08-17 05:00:00,2498.0
2013-08-17 06:00:00,2476.0
2013-08-17 07:00:00,4061.0
2013-08-17 08:00:00,4875.0
2013-08-17 09:00:00,5980.0
2013-08-17 10:00:00,6795.0
2013-08-17 11:00:00,7343.0
2013-08-17 12:00:00,7557.0
2013-08-17 13:00:00,7254.0
2013-08-17 14:00:00,7580.0
2013-08-17 15:00:00,7544.0
2013-08-17 16:00:00,7706.0
2013-08-17 17:00:00,7705.0
2013-08-17 18:00:00,7794.0
2013-08-17 19:00:00,7677.0
2013-08-17 20:00:00,6988.0
2013-08-17 21:00:00,6883.0
2013-08-17 22:00:00,6202.0
2013-08-17 23:00:00,5039.0
2013-08-18 00:00:00,3283.0
2013-08-18 01:00:00,2662.0
2013-08-18 02:00:00,2572.0
2013-08-18 03:00:00,2558.0
2013-08-18 04:00:00,2580.0
2013-08-18 05:00:00,2580.0
2013-08-18 06:00:00,2498.0
2013-08-18 07:00:00,4017.0
2013-08-18 08:00:00,4683.0
2013-08-18 09:00:00,5921.0
2013-08-18 10:00:00,6655.0
2013-08-18 11:00:00,7410.0
2013-08-18 12:00:00,7587.0
2013-08-18 13:00:00,7677.0
2013-08-18 14:00:00,7468.0
2013-08-18 15:00:00,7482.0
2013-08-18 16:00:00,7544.0
2013-08-18 17:00:00,8032.0
2013-08-18 18:00:00,8017.0
2013-08-18 19:00:00,7764.0
2013-08-18 20:00:00,7106.0
2013-08-18 21:00:00,7551.0
2013-08-18 22:00:00,6328.0
2013-08-18 23:00:00,5091.0
2013-08-19 00:00:00,3350.0
2013-08-19 01:00:00,2580.0
2013-08-19 02:00:00,2499.0
2013-08-19 03:00:00,2432.0
2013-08-19 04:00:00,2477.0
2013-08-19 05:00:00,2483.0
2013-08-19 06:00:00,2468.0
2013-08-19 07:00:00,4135.0
2013-08-19 08:00:00,4447.0
2013-08-19 09:00:00,5847.0
2013-08-19 10:00:00,6787.0
2013-08-19 11:00:00,7557.0
2013-08-19 12:00:00,7786.0
2013-08-19 13:00:00,8054.0
2013-08-19 14:00:00,7869.0
2013-08-19 15:00:00,7994.0
2013-08-19 16:00:00,8165.0
2013-08-19 17:00:00,8594.0
2013-08-19 18:00:00,8358.0
2013-08-19 19:00:00,7987.0
2013-08-19 20:00:00,8009.0
2013-08-19 21:00:00,7773.0
2013-08-19 22:00:00,6194.0
2013-08-19 23:00:00,4728.0
2013-08-20 00:00:00,3660.0
2013-08-20 01:00:00,2809.0
2013-08-20 02:00:00,2675.0
2013-08-20 03:00:00,2558.0
2013-08-20 04:00:00,2551.0
2013-08-20 05:00:00,2551.0
2013-08-20 06:00:00,2483.0
2013-08-20 07:00:00,4083.0
2013-08-20 08:00:00,4624.0
2013-08-20 09:00:00,5757.0
2013-08-20 10:00:00,7210.0
2013-08-20 11:00:00,7794.0
2013-08-20 12:00:00,8046.0
2013-08-20 13:00:00,7402.0
2013-08-20 14:00:00,7402.0
2013-08-20 15:00:00,7232.0
2013-08-20 16:00:00,7158.0
2013-08-20 17:00:00,7728.0
2013-08-20 18:00:00,8224.0
2013-08-20 19:00:00,7980.0
2013-08-20 20:00:00,7736.0
2013-08-20 21:00:00,7164.0
2013-08-20 22:00:00,6054.0
2013-08-20 23:00:00,4750.0
2013-08-21 00:00:00,3054.0
2013-08-21 01:00:00,2639.0
2013-08-21 02:00:00,2639.0
2013-08-21 03:00:00,2551.0
2013-08-21 04:00:00,2512.0
2013-08-21 05:00:00,2506.0
2013-08-21 06:00:00,2513.0
2013-08-21 07:00:00,4246.0
2013-08-21 08:00:00,4631.0
2013-08-21 09:00:00,5810.0
2013-08-21 10:00:00,6024.0
2013-08-21 11:00:00,6690.0
2013-08-21 12:00:00,6987.0
2013-08-21 13:00:00,6364.0
2013-08-21 14:00:00,6505.0
2013-08-21 15:00:00,7187.0
2013-08-21 16:00:00,7047.0
2013-08-21 17:00:00,7580.0
2013-08-21 18:00:00,7438.0
2013-08-21 19:00:00,7239.0
2013-08-21 20:00:00,7269.0
2013-08-21 21:00:00,6728.0
2013-08-21 22:00:00,6032.0
2013-08-21 23:00:00,5091.0
2013-08-22 00:00:00,3209.0
2013-08-22 01:00:00,2580.0
2013-08-22 02:00:00,2572.0
2013-08-22 03:00:00,2468.0
2013-08-22 04:00:00,2484.0
2013-08-22 05:00:00,2506.0
2013-08-22 06:00:00,2446.0
2013-08-22 07:00:00,4165.0
2013-08-22 08:00:00,4743.0
2013-08-22 09:00:00,5721.0
2013-08-22 10:00:00,6453.0
2013-08-22 11:00:00,7024.0
2013-08-22 12:00:00,7195.0
2013-08-22 13:00:00,7297.0
2013-08-22 14:00:00,7468.0
2013-08-22 15:00:00,7343.0
2013-08-22 16:00:00,7499.0
2013-08-22 17:00:00,7876.0
2013-08-22 18:00:00,7905.0
2013-08-22 19:00:00,7603.0
2013-08-22 20:00:00,7528.0
2013-08-22 21:00:00,7061.0
2013-08-22 22:00:00,5868.0
2013-08-22 23:00:00,4936.0
2013-08-23 00:00:00,3002.0
2013-08-23 01:00:00,2661.0
2013-08-23 02:00:00,2616.0
2013-08-23 03:00:00,2424.0
2013-08-23 04:00:00,2454.0
2013-08-23 05:00:00,2469.0
2013-08-23 06:00:00,2461.0
2013-08-23 07:00:00,4142.0
2013-08-23 08:00:00,4372.0
2013-08-23 09:00:00,5675.0
2013-08-23 10:00:00,6514.0
2013-08-23 11:00:00,6986.0
2013-08-23 12:00:00,7350.0
2013-08-23 13:00:00,7239.0
2013-08-23 14:00:00,7364.0
2013-08-23 15:00:00,7053.0
2013-08-23 16:00:00,7247.0
2013-08-23 17:00:00,7291.0
2013-08-23 18:00:00,7609.0
2013-08-23 19:00:00,6728.0
2013-08-23 20:00:00,7001.0
2013-08-23 21:00:00,6609.0
2013-08-23 22:00:00,6046.0
2013-08-23 23:00:00,5194.0
2013-08-24 00:00:00,3202.0
2013-08-24 01:00:00,2720.0
2013-08-24 02:00:00,2669.0
2013-08-24 03:00:00,2528.0
2013-08-24 04:00:00,2557.0
2013-08-24 05:00:00,2527.0
2013-08-24 06:00:00,2440.0
2013-08-24 07:00:00,4166.0
2013-08-24 08:00:00,4699.0
2013-08-24 09:00:00,5920.0
2013-08-24 10:00:00,6580.0
2013-08-24 11:00:00,7461.0
2013-08-24 12:00:00,7232.0
2013-08-24 13:00:00,7247.0
2013-08-24 14:00:00,7179.0
2013-08-24 15:00:00,7291.0
2013-08-24 16:00:00,7127.0
2013-08-24 17:00:00,7357.0
2013-08-24 18:00:00,7327.0
2013-08-24 19:00:00,7351.0
2013-08-24 20:00:00,7031.0
2013-08-24 21:00:00,6327.0
2013-08-24 22:00:00,5995.0
2013-08-24 23:00:00,5054.0
2013-08-25 00:00:00,3061.0
2013-08-25 01:00:00,2549.0
2013-08-25 02:00:00,2580.0
2013-08-25 03:00:00,2439.0
2013-08-25 04:00:00,2439.0
2013-08-25 05:00:00,2446.0
2013-08-25 06:00:00,2319.0
2013-08-25 07:00:00,4149.0
2013-08-25 08:00:00,4728.0
2013-08-25 09:00:00,5809.0
2013-08-25 10:00:00,6410.0
2013-08-25 11:00:00,7461.0
2013-08-25 12:00:00,7143.0
2013-08-25 13:00:00,7209.0
2013-08-25 14:00:00,7053.0
2013-08-25 15:00:00,6645.0
2013-08-25 16:00:00,7106.0
2013-08-25 17:00:00,7290.0
2013-08-25 18:00:00,7061.0
2013-08-25 19:00:00,7528.0
2013-08-25 20:00:00,7602.0
2013-08-25 21:00:00,6809.0
2013-08-25 22:00:00,6491.0
2013-08-25 23:00:00,4949.0
2013-08-26 00:00:00,2847.0
2013-08-26 01:00:00,2543.0
2013-08-26 02:00:00,2468.0
2013-08-26 03:00:00,2394.0
2013-08-26 04:00:00,2476.0
2013-08-26 05:00:00,2402.0
2013-08-26 06:00:00,2342.0
2013-08-26 07:00:00,4135.0
2013-08-26 08:00:00,4416.0
2013-08-26 09:00:00,5610.0
2013-08-26 10:00:00,6269.0
2013-08-26 11:00:00,6416.0
2013-08-26 12:00:00,6573.0
2013-08-26 13:00:00,6573.0
2013-08-26 14:00:00,6431.0
2013-08-26 15:00:00,6432.0
2013-08-26 16:00:00,6587.0
2013-08-26 17:00:00,6877.0
2013-08-26 18:00:00,6898.0
2013-08-26 19:00:00,6743.0
2013-08-26 20:00:00,6491.0
2013-08-26 21:00:00,6276.0
2013-08-26 22:00:00,5951.0
2013-08-26 23:00:00,4617.0
2013-08-27 00:00:00,2802.0
2013-08-27 01:00:00,2684.0
2013-08-27 02:00:00,2565.0
2013-08-27 03:00:00,2454.0
2013-08-27 04:00:00,2483.0
2013-08-27 05:00:00,2461.0
2013-08-27 06:00:00,2365.0
2013-08-27 07:00:00,3906.0
2013-08-27 08:00:00,4831.0
2013-08-27 09:00:00,5951.0
2013-08-27 10:00:00,6446.0
2013-08-27 11:00:00,6898.0
2013-08-27 12:00:00,7069.0
2013-08-27 13:00:00,7083.0
2013-08-27 14:00:00,7379.0
2013-08-27 15:00:00,7188.0
2013-08-27 16:00:00,6705.0
2013-08-27 17:00:00,6824.0
2013-08-27 18:00:00,7410.0
2013-08-27 19:00:00,7387.0
2013-08-27 20:00:00,6698.0
2013-08-27 21:00:00,6499.0
2013-08-27 22:00:00,6099.0
2013-08-27 23:00:00,5202.0
2013-08-28 00:00:00,3395.0
2013-08-28 01:00:00,2638.0
2013-08-28 02:00:00,2543.0
2013-08-28 03:00:00,2409.0
2013-08-28 04:00:00,2461.0
2013-08-28 05:00:00,2402.0
2013-08-28 06:00:00,2454.0
2013-08-28 07:00:00,4194.0
2013-08-28 08:00:00,4668.0
2013-08-28 09:00:00,5713.0
2013-08-28 10:00:00,5972.0
2013-08-28 11:00:00,6142.0
2013-08-28 12:00:00,6728.0
2013-08-28 13:00:00,6861.0
2013-08-28 14:00:00,6135.0
2013-08-28 15:00:00,6328.0
2013-08-28 16:00:00,6617.0
2013-08-28 17:00:00,6639.0
2013-08-28 18:00:00,7009.0
2013-08-28 19:00:00,6735.0
2013-08-28 20:00:00,6446.0
2013-08-28 21:00:00,6403.0
2013-08-28 22:00:00,6143.0
2013-08-28 23:00:00,4913.0
2013-08-29 00:00:00,3247.0
2013-08-29 01:00:00,2750.0
2013-08-29 02:00:00,2595.0
2013-08-29 03:00:00,2609.0
2013-08-29 04:00:00,2564.0
2013-08-29 05:00:00,2520.0
2013-08-29 06:00:00,2580.0
2013-08-29 07:00:00,4290.0
2013-08-29 08:00:00,4736.0
2013-08-29 09:00:00,6268.0
2013-08-29 10:00:00,6564.0
2013-08-29 11:00:00,7180.0
2013-08-29 12:00:00,7386.0
2013-08-29 13:00:00,7669.0
2013-08-29 14:00:00,7661.0
2013-08-29 15:00:00,7386.0
2013-08-29 16:00:00,7794.0
2013-08-29 17:00:00,7971.0
2013-08-29 18:00:00,8157.0
2013-08-29 19:00:00,7883.0
2013-08-29 20:00:00,6469.0
2013-08-29 21:00:00,6972.0
2013-08-29 22:00:00,6238.0
2013-08-29 23:00:00,5158.0
2013-08-30 00:00:00,3091.0
2013-08-30 01:00:00,2684.0
2013-08-30 02:00:00,2603.0
2013-08-30 03:00:00,2506.0
2013-08-30 04:00:00,2528.0
2013-08-30 05:00:00,2424.0
2013-08-30 06:00:00,2372.0
2013-08-30 07:00:00,4002.0
2013-08-30 08:00:00,4492.0
2013-08-30 09:00:00,5942.0
2013-08-30 10:00:00,6320.0
2013-08-30 11:00:00,7254.0
2013-08-30 12:00:00,7395.0
2013-08-30 13:00:00,7053.0
2013-08-30 14:00:00,7335.0
2013-08-30 15:00:00,7654.0
2013-08-30 16:00:00,8298.0
2013-08-30 17:00:00,8002.0
2013-08-30 18:00:00,7995.0
2013-08-30 19:00:00,7868.0
2013-08-30 20:00:00,7469.0
2013-08-30 21:00:00,7550.0
2013-08-30 22:00:00,6276.0
2013-08-30 23:00:00,5172.0
2013-08-31 00:00:00,3261.0
2013-08-31 01:00:00,2706.0
2013-08-31 02:00:00,2668.0
2013-08-31 03:00:00,2536.0
2013-08-31 04:00:00,2497.0
2013-08-31 05:00:00,2453.0
2013-08-31 06:00:00,2401.0
2013-08-31 07:00:00,4432.0
2013-08-31 08:00:00,4786.0
2013-08-31 09:00:00,6151.0
2013-08-31 10:00:00,6898.0
2013-08-31 11:00:00,7824.0
2013-08-31 12:00:00,8143.0
2013-08-31 13:00:00,7987.0
2013-08-31 14:00:00,7802.0
2013-08-31 15:00:00,7462.0
2013-08-31 16:00:00,7697.0
2013-08-31 17:00:00,8269.0
2013-08-31 18:00:00,8276.0
2013-08-31 19:00:00,7988.0
2013-08-31 20:00:00,7661.0
2013-08-31 21:00:00,7847.0
2013-08-31 22:00:00,6299.0
2013-08-31 23:00:00,5246.0
2013-09-01 00:00:00,3084.0
2013-09-01 01:00:00,2676.0
2013-09-01 02:00:00,2616.0
2013-09-01 03:00:00,2535.0
2013-09-01 04:00:00,2491.0
2013-09-01 05:00:00,2483.0
2013-09-01 06:00:00,2520.0
2013-09-01 07:00:00,4335.0
2013-09-01 08:00:00,4387.0
2013-09-01 09:00:00,5638.0
2013-09-01 10:00:00,6705.0
2013-09-01 11:00:00,7314.0
2013-09-01 12:00:00,7639.0
2013-09-01 13:00:00,7328.0
2013-09-01 14:00:00,7276.0
2013-09-01 15:00:00,6920.0
2013-09-01 16:00:00,6765.0
2013-09-01 17:00:00,7617.0
2013-09-01 18:00:00,7238.0
2013-09-01 19:00:00,7586.0
2013-09-01 20:00:00,6987.0
2013-09-01 21:00:00,6824.0
2013-09-01 22:00:00,6083.0
2013-09-01 23:00:00,4905.0
2013-09-02 00:00:00,3061.0
2013-09-02 01:00:00,2928.0
2013-09-02 02:00:00,2528.0
2013-09-02 03:00:00,2439.0
2013-09-02 04:00:00,2401.0
2013-09-02 05:00:00,2469.0
2013-09-02 06:00:00,2469.0
2013-09-02 07:00:00,4276.0
2013-09-02 08:00:00,4039.0
2013-09-02 09:00:00,5476.0
2013-09-02 10:00:00,6179.0
2013-09-02 11:00:00,7158.0
2013-09-02 12:00:00,7410.0
2013-09-02 13:00:00,7291.0
2013-09-02 14:00:00,7054.0
2013-09-02 15:00:00,6928.0
2013-09-02 16:00:00,7254.0
2013-09-02 17:00:00,7735.0
2013-09-02 18:00:00,7861.0
2013-09-02 19:00:00,7351.0
2013-09-02 20:00:00,7216.0
2013-09-02 21:00:00,7269.0
2013-09-02 22:00:00,6039.0
2013-09-02 23:00:00,5062.0
2013-09-03 00:00:00,3298.0
2013-09-03 01:00:00,2699.0
2013-09-03 02:00:00,2602.0
2013-09-03 03:00:00,2542.0
2013-09-03 04:00:00,2506.0
2013-09-03 05:00:00,2573.0
2013-09-03 06:00:00,2520.0
2013-09-03 07:00:00,4513.0
2013-09-03 08:00:00,4328.0
2013-09-03 09:00:00,5706.0
2013-09-03 10:00:00,6721.0
2013-09-03 11:00:00,7424.0
2013-09-03 12:00:00,7372.0
2013-09-03 13:00:00,7342.0
2013-09-03 14:00:00,7395.0
2013-09-03 15:00:00,7218.0
2013-09-03 16:00:00,7556.0
2013-09-03 17:00:00,8061.0
2013-09-03 18:00:00,8135.0
2013-09-03 19:00:00,8127.0
2013-09-03 20:00:00,7610.0
2013-09-03 21:00:00,7038.0
2013-09-03 22:00:00,6181.0
2013-09-03 23:00:00,4876.0
2013-09-04 00:00:00,3269.0
2013-09-04 01:00:00,2794.0
2013-09-04 02:00:00,2713.0
2013-09-04 03:00:00,2601.0
2013-09-04 04:00:00,2572.0
2013-09-04 05:00:00,2565.0
2013-09-04 06:00:00,2595.0
2013-09-04 07:00:00,4291.0
2013-09-04 08:00:00,4386.0
2013-09-04 09:00:00,5824.0
2013-09-04 10:00:00,7083.0
2013-09-04 11:00:00,7365.0
2013-09-04 12:00:00,7920.0
2013-09-04 13:00:00,7535.0
2013-09-04 14:00:00,7261.0
2013-09-04 15:00:00,7543.0
2013-09-04 16:00:00,7661.0
2013-09-04 17:00:00,7662.0
2013-09-04 18:00:00,7839.0
2013-09-04 19:00:00,7721.0
2013-09-04 20:00:00,7476.0
2013-09-04 21:00:00,6699.0
2013-09-04 22:00:00,6009.0
2013-09-04 23:00:00,5047.0
2013-09-05 00:00:00,3112.0
2013-09-05 01:00:00,2736.0
2013-09-05 02:00:00,2625.0
2013-09-05 03:00:00,2505.0
2013-09-05 04:00:00,2573.0
2013-09-05 05:00:00,2587.0
2013-09-05 06:00:00,2506.0
2013-09-05 07:00:00,4394.0
2013-09-05 08:00:00,4224.0
2013-09-05 09:00:00,5476.0
2013-09-05 10:00:00,6587.0
2013-09-05 11:00:00,6824.0
2013-09-05 12:00:00,7209.0
2013-09-05 13:00:00,6816.0
2013-09-05 14:00:00,6973.0
2013-09-05 15:00:00,6884.0
2013-09-05 16:00:00,6676.0
2013-09-05 17:00:00,7135.0
2013-09-05 18:00:00,7483.0
2013-09-05 19:00:00,7446.0
2013-09-05 20:00:00,6594.0
2013-09-05 21:00:00,6417.0
2013-09-05 22:00:00,6202.0
2013-09-05 23:00:00,5105.0
2013-09-06 00:00:00,3173.0
2013-09-06 01:00:00,2742.0
2013-09-06 02:00:00,2610.0
2013-09-06 03:00:00,2491.0
2013-09-06 04:00:00,2580.0
2013-09-06 05:00:00,2632.0
2013-09-06 06:00:00,2536.0
2013-09-06 07:00:00,4379.0
2013-09-06 08:00:00,4402.0
2013-09-06 09:00:00,5617.0
2013-09-06 10:00:00,6395.0
2013-09-06 11:00:00,6772.0
2013-09-06 12:00:00,7365.0
2013-09-06 13:00:00,6699.0
2013-09-06 14:00:00,6869.0
2013-09-06 15:00:00,6743.0
2013-09-06 16:00:00,6854.0
2013-09-06 17:00:00,7292.0
2013-09-06 18:00:00,7720.0
2013-09-06 19:00:00,7647.0
2013-09-06 20:00:00,6876.0
2013-09-06 21:00:00,6469.0
2013-09-06 22:00:00,6090.0
2013-09-06 23:00:00,5165.0
2013-09-07 00:00:00,3106.0
2013-09-07 01:00:00,2707.0
2013-09-07 02:00:00,2602.0
2013-09-07 03:00:00,2461.0
2013-09-07 04:00:00,2551.0
2013-09-07 05:00:00,2557.0
2013-09-07 06:00:00,2513.0
2013-09-07 07:00:00,4253.0
2013-09-07 08:00:00,4477.0
2013-09-07 09:00:00,5720.0
2013-09-07 10:00:00,6712.0
2013-09-07 11:00:00,7113.0
2013-09-07 12:00:00,7202.0
2013-09-07 13:00:00,6965.0
2013-09-07 14:00:00,6765.0
2013-09-07 15:00:00,6936.0
2013-09-07 16:00:00,7253.0
2013-09-07 17:00:00,7275.0
2013-09-07 18:00:00,7164.0
2013-09-07 19:00:00,6854.0
2013-09-07 20:00:00,6379.0
2013-09-07 21:00:00,6216.0
2013-09-07 22:00:00,5824.0
2013-09-07 23:00:00,4861.0
2013-09-08 00:00:00,2773.0
2013-09-08 01:00:00,2521.0
2013-09-08 02:00:00,2432.0
2013-09-08 03:00:00,2262.0
2013-09-08 04:00:00,2410.0
2013-09-08 05:00:00,2357.0
2013-09-08 06:00:00,2386.0
2013-09-08 07:00:00,4203.0
2013-09-08 08:00:00,4016.0
2013-09-08 09:00:00,5261.0
2013-09-08 10:00:00,5616.0
2013-09-08 11:00:00,6713.0
2013-09-08 12:00:00,6691.0
2013-09-08 13:00:00,6720.0
2013-09-08 14:00:00,6520.0
2013-09-08 15:00:00,6839.0
2013-09-08 16:00:00,6743.0
2013-09-08 17:00:00,6618.0
2013-09-08 18:00:00,6469.0
2013-09-08 19:00:00,6090.0
2013-09-08 20:00:00,6201.0
2013-09-08 21:00:00,5986.0
2013-09-08 22:00:00,5639.0
2013-09-08 23:00:00,4520.0
2013-09-09 00:00:00,2587.0
2013-09-09 01:00:00,2387.0
2013-09-09 02:00:00,2313.0
2013-09-09 03:00:00,2150.0
2013-09-09 04:00:00,2217.0
2013-09-09 05:00:00,2195.0
2013-09-09 06:00:00,2284.0
2013-09-09 07:00:00,3928.0
2013-09-09 08:00:00,3972.0
2013-09-09 09:00:00,5106.0
2013-09-09 10:00:00,5817.0
2013-09-09 11:00:00,6002.0
2013-09-09 12:00:00,6210.0
2013-09-09 13:00:00,5964.0
2013-09-09 14:00:00,6209.0
2013-09-09 15:00:00,6209.0
2013-09-09 16:00:00,6698.0
2013-09-09 17:00:00,6476.0
2013-09-09 18:00:00,6987.0
2013-09-09 19:00:00,6594.0
2013-09-09 20:00:00,6195.0
2013-09-09 21:00:00,6276.0
2013-09-09 22:00:00,5676.0
2013-09-09 23:00:00,4758.0
2013-09-10 00:00:00,2735.0
2013-09-10 01:00:00,2521.0
2013-09-10 02:00:00,2402.0
2013-09-10 03:00:00,2336.0
2013-09-10 04:00:00,2327.0
2013-09-10 05:00:00,2453.0
2013-09-10 06:00:00,2401.0
2013-09-10 07:00:00,4210.0
2013-09-10 08:00:00,3995.0
2013-09-10 09:00:00,5683.0
2013-09-10 10:00:00,5817.0
2013-09-10 11:00:00,6498.0
2013-09-10 12:00:00,6499.0
2013-09-10 13:00:00,5817.0
2013-09-10 14:00:00,6098.0
2013-09-10 15:00:00,6001.0
2013-09-10 16:00:00,5972.0
2013-09-10 17:00:00,6935.0
2013-09-10 18:00:00,7276.0
2013-09-10 19:00:00,7439.0
2013-09-10 20:00:00,7327.0
2013-09-10 21:00:00,6913.0
2013-09-10 22:00:00,6084.0
2013-09-10 23:00:00,4972.0
2013-09-11 00:00:00,2986.0
2013-09-11 01:00:00,2594.0
2013-09-11 02:00:00,2365.0
2013-09-11 03:00:00,2438.0
2013-09-11 04:00:00,2401.0
2013-09-11 05:00:00,2373.0
2013-09-11 06:00:00,2357.0
2013-09-11 07:00:00,4231.0
2013-09-11 08:00:00,4201.0
2013-09-11 09:00:00,5550.0
2013-09-11 10:00:00,6565.0
2013-09-11 11:00:00,6594.0
2013-09-11 12:00:00,6735.0
2013-09-11 13:00:00,6913.0
2013-09-11 14:00:00,6809.0
2013-09-11 15:00:00,7728.0
2013-09-11 16:00:00,7787.0
2013-09-11 17:00:00,8166.0
2013-09-11 18:00:00,7935.0
2013-09-11 19:00:00,7943.0
2013-09-11 20:00:00,7706.0
2013-09-11 21:00:00,7439.0
2013-09-11 22:00:00,6261.0
2013-09-11 23:00:00,5209.0
2013-09-12 00:00:00,3106.0
2013-09-12 01:00:00,2669.0
2013-09-12 02:00:00,2558.0
2013-09-12 03:00:00,2521.0
2013-09-12 04:00:00,2536.0
2013-09-12 05:00:00,2603.0
2013-09-12 06:00:00,2513.0
2013-09-12 07:00:00,4372.0
2013-09-12 08:00:00,4009.0
2013-09-12 09:00:00,5512.0
2013-09-12 10:00:00,6505.0
2013-09-12 11:00:00,6832.0
2013-09-12 12:00:00,6617.0
2013-09-12 13:00:00,6853.0
2013-09-12 14:00:00,6972.0
2013-09-12 15:00:00,7061.0
2013-09-12 16:00:00,7261.0
2013-09-12 17:00:00,7269.0
2013-09-12 18:00:00,7194.0
2013-09-12 19:00:00,7208.0
2013-09-12 20:00:00,7550.0
2013-09-12 21:00:00,7736.0
2013-09-12 22:00:00,6225.0
2013-09-12 23:00:00,5001.0
2013-09-13 00:00:00,3127.0
2013-09-13 01:00:00,2683.0
2013-09-13 02:00:00,2514.0
2013-09-13 03:00:00,2528.0
2013-09-13 04:00:00,2527.0
2013-09-13 05:00:00,2543.0
2013-09-13 06:00:00,2499.0
2013-09-13 07:00:00,4320.0
2013-09-13 08:00:00,4083.0
2013-09-13 09:00:00,5253.0
2013-09-13 10:00:00,6832.0
2013-09-13 11:00:00,7624.0
2013-09-13 12:00:00,7618.0
2013-09-13 13:00:00,7313.0
2013-09-13 14:00:00,7543.0
2013-09-13 15:00:00,7527.0
2013-09-13 16:00:00,8060.0
2013-09-13 17:00:00,7861.0
2013-09-13 18:00:00,7935.0
2013-09-13 19:00:00,7913.0
2013-09-13 20:00:00,7965.0
2013-09-13 21:00:00,7321.0
2013-09-13 22:00:00,6358.0
2013-09-13 23:00:00,4913.0
2013-09-14 00:00:00,2987.0
2013-09-14 01:00:00,2676.0
2013-09-14 02:00:00,2669.0
2013-09-14 03:00:00,2573.0
2013-09-14 04:00:00,2618.0
2013-09-14 05:00:00,2491.0
2013-09-14 06:00:00,2572.0
2013-09-14 07:00:00,4158.0
2013-09-14 08:00:00,4047.0
2013-09-14 09:00:00,5876.0
2013-09-14 10:00:00,6468.0
2013-09-14 11:00:00,6580.0
2013-09-14 12:00:00,6994.0
2013-09-14 13:00:00,6350.0
2013-09-14 14:00:00,6602.0
2013-09-14 15:00:00,6225.0
2013-09-14 16:00:00,6743.0
2013-09-14 17:00:00,7186.0
2013-09-14 18:00:00,7692.0
2013-09-14 19:00:00,7661.0
2013-09-14 20:00:00,7386.0
2013-09-14 21:00:00,6787.0
2013-09-14 22:00:00,5980.0
2013-09-14 23:00:00,5128.0
2013-09-15 00:00:00,3158.0
2013-09-15 01:00:00,2541.0
2013-09-15 02:00:00,2581.0
2013-09-15 03:00:00,2423.0
2013-09-15 04:00:00,2462.0
2013-09-15 05:00:00,2476.0
2013-09-15 06:00:00,2409.0
2013-09-15 07:00:00,4195.0
2013-09-15 08:00:00,4084.0
2013-09-15 09:00:00,5824.0
2013-09-15 10:00:00,6714.0
2013-09-15 11:00:00,7521.0
2013-09-15 12:00:00,7320.0
2013-09-15 13:00:00,7046.0
2013-09-15 14:00:00,7232.0
2013-09-15 15:00:00,7157.0
2013-09-15 16:00:00,7239.0
2013-09-15 17:00:00,7772.0
2013-09-15 18:00:00,7824.0
2013-09-15 19:00:00,7343.0
2013-09-15 20:00:00,7106.0
2013-09-15 21:00:00,6801.0
2013-09-15 22:00:00,5935.0
2013-09-15 23:00:00,4809.0
2013-09-16 00:00:00,3076.0
2013-09-16 01:00:00,2550.0
2013-09-16 02:00:00,2476.0
2013-09-16 03:00:00,2387.0
2013-09-16 04:00:00,2394.0
2013-09-16 05:00:00,2447.0
2013-09-16 06:00:00,2394.0
2013-09-16 07:00:00,4528.0
2013-09-16 08:00:00,4520.0
2013-09-16 09:00:00,5432.0
2013-09-16 10:00:00,6083.0
2013-09-16 11:00:00,6661.0
2013-09-16 12:00:00,6506.0
2013-09-16 13:00:00,6253.0
2013-09-16 14:00:00,6187.0
2013-09-16 15:00:00,5787.0
2013-09-16 16:00:00,6114.0
2013-09-16 17:00:00,6683.0
2013-09-16 18:00:00,6905.0
2013-09-16 19:00:00,6661.0
2013-09-16 20:00:00,6750.0
2013-09-16 21:00:00,6202.0
2013-09-16 22:00:00,5898.0
2013-09-16 23:00:00,5031.0
2013-09-17 00:00:00,3403.0
2013-09-17 01:00:00,2765.0
2013-09-17 02:00:00,2609.0
2013-09-17 03:00:00,2461.0
2013-09-17 04:00:00,2491.0
2013-09-17 05:00:00,2513.0
2013-09-17 06:00:00,2424.0
2013-09-17 07:00:00,4217.0
2013-09-17 08:00:00,4076.0
2013-09-17 09:00:00,5468.0
2013-09-17 10:00:00,6180.0
2013-09-17 11:00:00,6684.0
2013-09-17 12:00:00,6506.0
2013-09-17 13:00:00,6439.0
2013-09-17 14:00:00,6447.0
2013-09-17 15:00:00,6291.0
2013-09-17 16:00:00,6283.0
2013-09-17 17:00:00,6713.0
2013-09-17 18:00:00,6809.0
2013-09-17 19:00:00,7238.0
2013-09-17 20:00:00,6890.0
2013-09-17 21:00:00,6431.0
2013-09-17 22:00:00,6016.0
2013-09-17 23:00:00,5039.0
2013-09-18 00:00:00,2846.0
2013-09-18 01:00:00,2490.0
2013-09-18 02:00:00,2469.0
2013-09-18 03:00:00,2417.0
2013-09-18 04:00:00,2402.0
2013-09-18 05:00:00,2431.0
2013-09-18 06:00:00,2350.0
2013-09-18 07:00:00,4097.0
2013-09-18 08:00:00,4098.0
2013-09-18 09:00:00,5513.0
2013-09-18 10:00:00,6313.0
2013-09-18 11:00:00,6549.0
2013-09-18 12:00:00,6773.0
2013-09-18 13:00:00,6986.0
2013-09-18 14:00:00,7157.0
2013-09-18 15:00:00,6994.0
2013-09-18 16:00:00,7002.0
2013-09-18 17:00:00,7218.0
2013-09-18 18:00:00,7193.0
2013-09-18 19:00:00,6787.0
2013-09-18 20:00:00,6284.0
2013-09-18 21:00:00,6247.0
2013-09-18 22:00:00,5816.0
2013-09-18 23:00:00,4810.0
2013-09-19 00:00:00,3127.0
2013-09-19 01:00:00,2951.0
2013-09-19 02:00:00,2868.0
2013-09-19 03:00:00,2683.0
2013-09-19 04:00:00,2513.0
2013-09-19 05:00:00,2513.0
2013-09-19 06:00:00,2365.0
2013-09-19 07:00:00,4239.0
2013-09-19 08:00:00,4032.0
2013-09-19 09:00:00,5728.0
2013-09-19 10:00:00,6475.0
2013-09-19 11:00:00,6994.0
2013-09-19 12:00:00,6520.0
2013-09-19 13:00:00,6291.0
2013-09-19 14:00:00,5965.0
2013-09-19 15:00:00,5898.0
2013-09-19 16:00:00,6061.0
2013-09-19 17:00:00,6795.0
2013-09-19 18:00:00,6549.0
2013-09-19 19:00:00,6187.0
2013-09-19 20:00:00,6861.0
2013-09-19 21:00:00,6431.0
2013-09-19 22:00:00,5979.0
2013-09-19 23:00:00,4876.0
2013-09-20 00:00:00,2869.0
2013-09-20 01:00:00,2684.0
2013-09-20 02:00:00,2506.0
2013-09-20 03:00:00,2446.0
2013-09-20 04:00:00,2460.0
2013-09-20 05:00:00,2492.0
2013-09-20 06:00:00,2380.0
2013-09-20 07:00:00,4127.0
2013-09-20 08:00:00,3994.0
2013-09-20 09:00:00,5669.0
2013-09-20 10:00:00,6313.0
2013-09-20 11:00:00,6757.0
2013-09-20 12:00:00,6935.0
2013-09-20 13:00:00,7091.0
2013-09-20 14:00:00,7432.0
2013-09-20 15:00:00,7705.0
2013-09-20 16:00:00,8024.0
2013-09-20 17:00:00,8505.0
2013-09-20 18:00:00,8046.0
2013-09-20 19:00:00,8202.0
2013-09-20 20:00:00,8261.0
2013-09-20 21:00:00,8164.0
2013-09-20 22:00:00,6447.0
2013-09-20 23:00:00,5313.0
2013-09-21 00:00:00,3720.0
2013-09-21 01:00:00,3075.0
2013-09-21 02:00:00,2942.0
2013-09-21 03:00:00,2891.0
2013-09-21 04:00:00,2846.0
2013-09-21 05:00:00,2876.0
2013-09-21 06:00:00,2751.0
2013-09-21 07:00:00,4350.0
2013-09-21 08:00:00,4032.0
2013-09-21 09:00:00,5846.0
2013-09-21 10:00:00,7069.0
2013-09-21 11:00:00,7772.0
2013-09-21 12:00:00,7780.0
2013-09-21 13:00:00,7527.0
2013-09-21 14:00:00,7973.0
2013-09-21 15:00:00,7557.0
2013-09-21 16:00:00,7964.0
2013-09-21 17:00:00,8083.0
2013-09-21 18:00:00,7714.0
2013-09-21 19:00:00,7890.0
2013-09-21 20:00:00,8143.0
2013-09-21 21:00:00,7898.0
2013-09-21 22:00:00,6371.0
2013-09-21 23:00:00,5076.0
2013-09-22 00:00:00,3291.0
2013-09-22 01:00:00,2810.0
2013-09-22 02:00:00,2654.0
2013-09-22 03:00:00,2558.0
2013-09-22 04:00:00,2550.0
2013-09-22 05:00:00,2512.0
2013-09-22 06:00:00,2506.0
2013-09-22 07:00:00,4268.0
2013-09-22 08:00:00,4261.0
2013-09-22 09:00:00,5727.0
2013-09-22 10:00:00,7113.0
2013-09-22 11:00:00,7928.0
2013-09-22 12:00:00,8158.0
2013-09-22 13:00:00,7832.0
2013-09-22 14:00:00,8047.0
2013-09-22 15:00:00,7928.0
2013-09-22 16:00:00,8276.0
2013-09-22 17:00:00,8253.0
2013-09-22 18:00:00,8291.0
2013-09-22 19:00:00,8076.0
2013-09-22 20:00:00,8336.0
2013-09-22 21:00:00,7402.0
2013-09-22 22:00:00,6217.0
2013-09-22 23:00:00,5047.0
2013-09-23 00:00:00,3269.0
2013-09-23 01:00:00,3179.0
2013-09-23 02:00:00,2698.0
2013-09-23 03:00:00,2388.0
2013-09-23 04:00:00,2394.0
2013-09-23 05:00:00,2372.0
2013-09-23 06:00:00,2328.0
2013-09-23 07:00:00,4129.0
2013-09-23 08:00:00,4075.0
2013-09-23 09:00:00,5809.0
2013-09-23 10:00:00,6217.0
2013-09-23 11:00:00,6787.0
2013-09-23 12:00:00,6786.0
2013-09-23 13:00:00,6736.0
2013-09-23 14:00:00,6417.0
2013-09-23 15:00:00,7350.0
2013-09-23 16:00:00,7291.0
2013-09-23 17:00:00,7469.0
2013-09-23 18:00:00,7675.0
2013-09-23 19:00:00,7328.0
2013-09-23 20:00:00,7009.0
2013-09-23 21:00:00,7528.0
2013-09-23 22:00:00,6187.0
2013-09-23 23:00:00,5032.0
2013-09-24 00:00:00,3121.0
2013-09-24 01:00:00,2765.0
2013-09-24 02:00:00,2706.0
2013-09-24 03:00:00,2573.0
2013-09-24 04:00:00,2558.0
2013-09-24 05:00:00,2536.0
2013-09-24 06:00:00,2587.0
2013-09-24 07:00:00,4232.0
2013-09-24 08:00:00,4113.0
2013-09-24 09:00:00,5684.0
2013-09-24 10:00:00,6313.0
2013-09-24 11:00:00,6372.0
2013-09-24 12:00:00,6424.0
2013-09-24 13:00:00,6445.0
2013-09-24 14:00:00,6446.0
2013-09-24 15:00:00,6350.0
2013-09-24 16:00:00,6662.0
2013-09-24 17:00:00,6617.0
2013-09-24 18:00:00,6892.0
2013-09-24 19:00:00,6987.0
2013-09-24 20:00:00,7113.0
2013-09-24 21:00:00,6684.0
2013-09-24 22:00:00,6438.0
2013-09-24 23:00:00,4861.0
2013-09-25 00:00:00,3247.0
2013-09-25 01:00:00,2757.0
2013-09-25 02:00:00,2653.0
2013-09-25 03:00:00,2521.0
2013-09-25 04:00:00,2557.0
2013-09-25 05:00:00,2543.0
2013-09-25 06:00:00,2558.0
2013-09-25 07:00:00,4186.0
2013-09-25 08:00:00,4461.0
2013-09-25 09:00:00,5698.0
2013-09-25 10:00:00,6514.0
2013-09-25 11:00:00,6721.0
2013-09-25 12:00:00,7054.0
2013-09-25 13:00:00,6328.0
2013-09-25 14:00:00,6378.0
2013-09-25 15:00:00,6372.0
2013-09-25 16:00:00,6439.0
2013-09-25 17:00:00,6417.0
2013-09-25 18:00:00,6550.0
2013-09-25 19:00:00,6187.0
2013-09-25 20:00:00,6409.0
2013-09-25 21:00:00,6298.0
2013-09-25 22:00:00,5927.0
2013-09-25 23:00:00,4861.0
2013-09-26 00:00:00,3128.0
2013-09-26 01:00:00,2617.0
2013-09-26 02:00:00,2587.0
2013-09-26 03:00:00,2565.0
2013-09-26 04:00:00,2438.0
2013-09-26 05:00:00,2499.0
2013-09-26 06:00:00,2454.0
2013-09-26 07:00:00,4262.0
2013-09-26 08:00:00,4149.0
2013-09-26 09:00:00,5854.0
2013-09-26 10:00:00,6010.0
2013-09-26 11:00:00,6408.0
2013-09-26 12:00:00,6247.0
2013-09-26 13:00:00,5816.0
2013-09-26 14:00:00,6387.0
2013-09-26 15:00:00,6070.0
2013-09-26 16:00:00,5794.0
2013-09-26 17:00:00,6543.0
2013-09-26 18:00:00,6343.0
2013-09-26 19:00:00,6314.0
2013-09-26 20:00:00,6261.0
2013-09-26 21:00:00,6379.0
2013-09-26 22:00:00,6018.0
2013-09-26 23:00:00,5202.0
2013-09-27 00:00:00,3253.0
2013-09-27 01:00:00,2773.0
2013-09-27 02:00:00,2670.0
2013-09-27 03:00:00,2617.0
2013-09-27 04:00:00,2573.0
2013-09-27 05:00:00,2587.0
2013-09-27 06:00:00,2624.0
2013-09-27 07:00:00,4417.0
2013-09-27 08:00:00,4232.0
2013-09-27 09:00:00,5624.0
2013-09-27 10:00:00,5876.0
2013-09-27 11:00:00,5823.0
2013-09-27 12:00:00,6018.0
2013-09-27 13:00:00,5986.0
2013-09-27 14:00:00,5979.0
2013-09-27 15:00:00,5928.0
2013-09-27 16:00:00,5691.0
2013-09-27 17:00:00,6602.0
2013-09-27 18:00:00,6217.0
2013-09-27 19:00:00,6231.0
2013-09-27 20:00:00,6247.0
2013-09-27 21:00:00,6417.0
2013-09-27 22:00:00,6106.0
2013-09-27 23:00:00,5254.0
2013-09-28 00:00:00,3446.0
2013-09-28 01:00:00,2803.0
2013-09-28 02:00:00,2677.0
2013-09-28 03:00:00,2558.0
2013-09-28 04:00:00,2572.0
2013-09-28 05:00:00,2647.0
2013-09-28 06:00:00,2603.0
2013-09-28 07:00:00,4424.0
2013-09-28 08:00:00,4409.0
2013-09-28 09:00:00,6068.0
2013-09-28 10:00:00,6068.0
2013-09-28 11:00:00,6224.0
2013-09-28 12:00:00,6047.0
2013-09-28 13:00:00,6350.0
2013-09-28 14:00:00,6432.0
2013-09-28 15:00:00,6660.0
2013-09-28 16:00:00,6648.0
2013-09-28 17:00:00,6617.0
2013-09-28 18:00:00,6705.0
2013-09-28 19:00:00,6817.0
2013-09-28 20:00:00,6773.0
2013-09-28 21:00:00,6765.0
2013-09-28 22:00:00,6113.0
2013-09-28 23:00:00,5379.0
2013-09-29 00:00:00,3861.0
2013-09-29 01:00:00,3358.0
2013-09-29 02:00:00,3238.0
2013-09-29 03:00:00,3224.0
2013-09-29 04:00:00,3135.0
2013-09-29 05:00:00,3277.0
2013-09-29 06:00:00,3150.0
2013-09-29 07:00:00,4513.0
2013-09-29 08:00:00,4483.0
2013-09-29 09:00:00,6046.0
2013-09-29 10:00:00,6068.0
2013-09-29 11:00:00,6573.0
2013-09-29 12:00:00,6320.0
2013-09-29 13:00:00,6128.0
2013-09-29 14:00:00,5898.0
2013-09-29 15:00:00,6713.0
2013-09-29 16:00:00,6329.0
2013-09-29 17:00:00,6209.0
2013-09-29 18:00:00,6150.0
2013-09-29 19:00:00,6358.0
2013-09-29 20:00:00,6476.0
2013-09-29 21:00:00,7061.0
2013-09-29 22:00:00,6246.0
2013-09-29 23:00:00,5017.0
2013-09-30 00:00:00,3068.0
2013-09-30 01:00:00,2832.0
2013-09-30 02:00:00,2654.0
2013-09-30 03:00:00,2617.0
2013-09-30 04:00:00,2661.0
2013-09-30 05:00:00,2618.0
2013-09-30 06:00:00,2668.0
2013-09-30 07:00:00,4557.0
2013-09-30 08:00:00,4410.0
2013-09-30 09:00:00,5920.0
2013-09-30 10:00:00,5972.0
2013-09-30 11:00:00,5994.0
2013-09-30 12:00:00,6105.0
2013-09-30 13:00:00,5691.0
2013-09-30 14:00:00,5594.0
2013-09-30 15:00:00,5668.0
2013-09-30 16:00:00,5706.0
2013-09-30 17:00:00,5950.0
2013-09-30 18:00:00,6424.0
2013-09-30 19:00:00,6683.0
2013-09-30 20:00:00,6986.0
2013-09-30 21:00:00,7031.0
2013-09-30 22:00:00,6498.0
2013-09-30 23:00:00,5394.0
2013-10-01 00:00:00,3327.0
2013-10-01 01:00:00,2794.0
2013-10-01 02:00:00,2750.0
2013-10-01 03:00:00,2564.0
2013-10-01 04:00:00,2662.0
2013-10-01 05:00:00,2691.0
2013-10-01 06:00:00,2632.0
2013-10-01 07:00:00,4417.0
2013-10-01 08:00:00,4424.0
2013-10-01 09:00:00,5705.0
2013-10-01 10:00:00,6402.0
2013-10-01 11:00:00,6416.0
2013-10-01 12:00:00,6157.0
2013-10-01 13:00:00,5833.0
2013-10-01 14:00:00,5980.0
2013-10-01 15:00:00,5513.0
2013-10-01 16:00:00,5750.0
2013-10-01 17:00:00,6195.0
2013-10-01 18:00:00,6469.0
2013-10-01 19:00:00,6691.0
2013-10-01 20:00:00,6728.0
2013-10-01 21:00:00,6647.0
2013-10-01 22:00:00,6157.0
2013-10-01 23:00:00,5253.0
2013-10-02 00:00:00,3135.0
2013-10-02 01:00:00,2706.0
2013-10-02 02:00:00,2588.0
2013-10-02 03:00:00,2454.0
2013-10-02 04:00:00,2580.0
2013-10-02 05:00:00,2595.0
2013-10-02 06:00:00,2595.0
2013-10-02 07:00:00,4364.0
2013-10-02 08:00:00,4558.0
2013-10-02 09:00:00,5579.0
2013-10-02 10:00:00,6335.0
2013-10-02 11:00:00,5891.0
2013-10-02 12:00:00,6039.0
2013-10-02 13:00:00,6002.0
2013-10-02 14:00:00,5980.0
2013-10-02 15:00:00,5631.0
2013-10-02 16:00:00,6372.0
2013-10-02 17:00:00,6180.0
2013-10-02 18:00:00,6240.0
2013-10-02 19:00:00,6705.0
2013-10-02 20:00:00,6868.0
2013-10-02 21:00:00,6551.0
2013-10-02 22:00:00,5986.0
2013-10-02 23:00:00,5291.0
2013-10-03 00:00:00,3327.0
2013-10-03 01:00:00,2713.0
2013-10-03 02:00:00,2728.0
2013-10-03 03:00:00,2528.0
2013-10-03 04:00:00,2669.0
2013-10-03 05:00:00,2603.0
2013-10-03 06:00:00,2603.0
2013-10-03 07:00:00,4543.0
2013-10-03 08:00:00,4269.0
2013-10-03 09:00:00,5625.0
2013-10-03 10:00:00,6254.0
2013-10-03 11:00:00,6320.0
2013-10-03 12:00:00,6098.0
2013-10-03 13:00:00,6024.0
2013-10-03 14:00:00,6172.0
2013-10-03 15:00:00,5869.0
2013-10-03 16:00:00,6165.0
2013-10-03 17:00:00,6446.0
2013-10-03 18:00:00,6321.0
2013-10-03 19:00:00,6602.0
2013-10-03 20:00:00,6839.0
2013-10-03 21:00:00,6521.0
2013-10-03 22:00:00,5995.0
2013-10-03 23:00:00,5113.0
2013-10-04 00:00:00,3268.0
2013-10-04 01:00:00,2720.0
2013-10-04 02:00:00,2691.0
2013-10-04 03:00:00,2528.0
2013-10-04 04:00:00,2662.0
2013-10-04 05:00:00,2572.0
2013-10-04 06:00:00,2572.0
2013-10-04 07:00:00,4232.0
2013-10-04 08:00:00,4490.0
2013-10-04 09:00:00,5905.0
2013-10-04 10:00:00,6098.0
2013-10-04 11:00:00,6357.0
2013-10-04 12:00:00,6187.0
2013-10-04 13:00:00,6157.0
2013-10-04 14:00:00,6098.0
2013-10-04 15:00:00,6062.0
2013-10-04 16:00:00,6120.0
2013-10-04 17:00:00,6736.0
2013-10-04 18:00:00,6505.0
2013-10-04 19:00:00,6542.0
2013-10-04 20:00:00,6616.0
2013-10-04 21:00:00,6476.0
2013-10-04 22:00:00,6040.0
2013-10-04 23:00:00,5017.0
2013-10-05 00:00:00,3224.0
2013-10-05 01:00:00,2669.0
2013-10-05 02:00:00,2507.0
2013-10-05 03:00:00,2425.0
2013-10-05 04:00:00,2521.0
2013-10-05 05:00:00,2499.0
2013-10-05 06:00:00,2461.0
2013-10-05 07:00:00,4105.0
2013-10-05 08:00:00,4372.0
2013-10-05 09:00:00,5817.0
2013-10-05 10:00:00,6297.0
2013-10-05 11:00:00,6469.0
2013-10-05 12:00:00,6342.0
2013-10-05 13:00:00,5935.0
2013-10-05 14:00:00,6372.0
2013-10-05 15:00:00,6076.0
2013-10-05 16:00:00,6335.0
2013-10-05 17:00:00,6602.0
2013-10-05 18:00:00,6246.0
2013-10-05 19:00:00,6520.0
2013-10-05 20:00:00,6780.0
2013-10-05 21:00:00,6409.0
2013-10-05 22:00:00,6142.0
2013-10-05 23:00:00,5084.0
2013-10-06 00:00:00,3002.0
2013-10-06 01:00:00,2536.0
2013-10-06 02:00:00,2438.0
2013-10-06 03:00:00,2395.0
2013-10-06 04:00:00,2431.0
2013-10-06 05:00:00,2402.0
2013-10-06 06:00:00,2328.0
2013-10-06 07:00:00,3928.0
2013-10-06 08:00:00,4394.0
2013-10-06 09:00:00,5847.0
2013-10-06 10:00:00,5994.0
2013-10-06 11:00:00,6490.0
2013-10-06 12:00:00,6461.0
2013-10-06 13:00:00,6336.0
2013-10-06 14:00:00,6127.0
2013-10-06 15:00:00,6225.0
2013-10-06 16:00:00,6327.0
2013-10-06 17:00:00,6646.0
2013-10-06 18:00:00,6640.0
2013-10-06 19:00:00,7343.0
2013-10-06 20:00:00,7365.0
2013-10-06 21:00:00,6980.0
2013-10-06 22:00:00,6091.0
2013-10-06 23:00:00,4765.0
2013-10-07 00:00:00,3091.0
2013-10-07 01:00:00,2565.0
2013-10-07 02:00:00,2461.0
2013-10-07 03:00:00,2372.0
2013-10-07 04:00:00,2469.0
2013-10-07 05:00:00,2402.0
2013-10-07 06:00:00,2349.0
2013-10-07 07:00:00,4068.0
2013-10-07 08:00:00,4113.0
2013-10-07 09:00:00,5424.0
2013-10-07 10:00:00,6535.0
2013-10-07 11:00:00,6039.0
2013-10-07 12:00:00,6253.0
2013-10-07 13:00:00,6128.0
2013-10-07 14:00:00,6216.0
2013-10-07 15:00:00,6083.0
2013-10-07 16:00:00,6239.0
2013-10-07 17:00:00,6417.0
2013-10-07 18:00:00,6505.0
2013-10-07 19:00:00,6660.0
2013-10-07 20:00:00,6514.0
2013-10-07 21:00:00,6417.0
2013-10-07 22:00:00,5891.0
2013-10-07 23:00:00,4734.0
2013-10-08 00:00:00,4091.0
2013-10-08 01:00:00,4076.0
2013-10-08 02:00:00,4047.0
2013-10-08 03:00:00,4010.0
2013-10-08 04:00:00,4062.0
2013-10-08 05:00:00,3942.0
2013-10-08 06:00:00,2395.0
2013-10-08 07:00:00,4083.0
2013-10-08 08:00:00,3898.0
2013-10-08 09:00:00,5603.0
2013-10-08 10:00:00,5898.0
2013-10-08 11:00:00,6016.0
2013-10-08 12:00:00,6038.0
2013-10-08 13:00:00,6091.0
2013-10-08 14:00:00,6254.0
2013-10-08 15:00:00,6365.0
2013-10-08 16:00:00,6454.0
2013-10-08 17:00:00,6565.0
2013-10-08 18:00:00,6772.0
2013-10-08 19:00:00,6713.0
2013-10-08 20:00:00,6565.0
2013-10-08 21:00:00,6499.0
2013-10-08 22:00:00,5877.0
2013-10-08 23:00:00,4750.0
2013-10-09 00:00:00,3157.0
2013-10-09 01:00:00,2698.0
2013-10-09 02:00:00,2424.0
2013-10-09 03:00:00,2371.0
2013-10-09 04:00:00,2373.0
2013-10-09 05:00:00,2372.0
2013-10-09 06:00:00,2328.0
2013-10-09 07:00:00,4025.0
2013-10-09 08:00:00,4336.0
2013-10-09 09:00:00,5706.0
2013-10-09 10:00:00,5699.0
2013-10-09 11:00:00,6150.0
2013-10-09 12:00:00,6084.0
2013-10-09 13:00:00,5980.0
2013-10-09 14:00:00,6313.0
2013-10-09 15:00:00,6335.0
2013-10-09 16:00:00,6490.0
2013-10-09 17:00:00,6446.0
2013-10-09 18:00:00,6779.0
2013-10-09 19:00:00,6668.0
2013-10-09 20:00:00,6825.0
2013-10-09 21:00:00,6721.0
2013-10-09 22:00:00,6269.0
2013-10-09 23:00:00,4854.0
2013-10-10 00:00:00,3083.0
2013-10-10 01:00:00,2662.0
2013-10-10 02:00:00,2662.0
2013-10-10 03:00:00,2528.0
2013-10-10 04:00:00,2505.0
2013-10-10 05:00:00,2491.0
2013-10-10 06:00:00,2484.0
2013-10-10 07:00:00,4158.0
2013-10-10 08:00:00,4009.0
2013-10-10 09:00:00,5580.0
2013-10-10 10:00:00,5712.0
2013-10-10 11:00:00,6446.0
2013-10-10 12:00:00,6223.0
2013-10-10 13:00:00,5950.0
2013-10-10 14:00:00,6350.0
2013-10-10 15:00:00,6231.0
2013-10-10 16:00:00,6358.0
2013-10-10 17:00:00,6505.0
2013-10-10 18:00:00,6417.0
2013-10-10 19:00:00,6883.0
2013-10-10 20:00:00,6766.0
2013-10-10 21:00:00,6825.0
2013-10-10 22:00:00,6328.0
2013-10-10 23:00:00,5194.0
2013-10-11 00:00:00,2987.0
2013-10-11 01:00:00,2602.0
2013-10-11 02:00:00,2588.0
2013-10-11 03:00:00,2462.0
2013-10-11 04:00:00,2469.0
2013-10-11 05:00:00,2432.0
2013-10-11 06:00:00,2402.0
2013-10-11 07:00:00,4114.0
2013-10-11 08:00:00,4053.0
2013-10-11 09:00:00,5484.0
2013-10-11 10:00:00,6113.0
2013-10-11 11:00:00,6231.0
2013-10-11 12:00:00,5928.0
2013-10-11 13:00:00,5713.0
2013-10-11 14:00:00,6047.0
2013-10-11 15:00:00,6128.0
2013-10-11 16:00:00,6150.0
2013-10-11 17:00:00,6381.0
2013-10-11 18:00:00,6387.0
2013-10-11 19:00:00,6564.0
2013-10-11 20:00:00,7009.0
2013-10-11 21:00:00,6469.0
2013-10-11 22:00:00,6076.0
2013-10-11 23:00:00,4854.0
2013-10-12 00:00:00,2921.0
2013-10-12 01:00:00,2558.0
2013-10-12 02:00:00,2528.0
2013-10-12 03:00:00,2536.0
2013-10-12 04:00:00,2469.0
2013-10-12 05:00:00,2483.0
2013-10-12 06:00:00,2424.0
2013-10-12 07:00:00,4261.0
2013-10-12 08:00:00,4631.0
2013-10-12 09:00:00,5661.0
2013-10-12 10:00:00,6142.0
2013-10-12 11:00:00,6106.0
2013-10-12 12:00:00,6009.0
2013-10-12 13:00:00,6253.0
2013-10-12 14:00:00,5587.0
2013-10-12 15:00:00,5958.0
2013-10-12 16:00:00,5557.0
2013-10-12 17:00:00,6098.0
2013-10-12 18:00:00,5875.0
2013-10-12 19:00:00,6180.0
2013-10-12 20:00:00,6461.0
2013-10-12 21:00:00,6239.0
2013-10-12 22:00:00,5786.0
2013-10-12 23:00:00,4809.0
2013-10-13 00:00:00,3194.0
2013-10-13 01:00:00,2521.0
2013-10-13 02:00:00,2439.0
2013-10-13 03:00:00,2424.0
2013-10-13 04:00:00,2372.0
2013-10-13 05:00:00,2402.0
2013-10-13 06:00:00,2276.0
2013-10-13 07:00:00,4136.0
2013-10-13 08:00:00,4454.0
2013-10-13 09:00:00,5484.0
2013-10-13 10:00:00,6135.0
2013-10-13 11:00:00,6328.0
2013-10-13 12:00:00,6380.0
2013-10-13 13:00:00,6098.0
2013-10-13 14:00:00,5913.0
2013-10-13 15:00:00,5794.0
2013-10-13 16:00:00,6098.0
2013-10-13 17:00:00,6328.0
2013-10-13 18:00:00,6343.0
2013-10-13 19:00:00,6321.0
2013-10-13 20:00:00,6544.0
2013-10-13 21:00:00,6179.0
2013-10-13 22:00:00,5750.0
2013-10-13 23:00:00,4891.0
2013-10-14 00:00:00,3166.0
2013-10-14 01:00:00,2846.0
2013-10-14 02:00:00,2432.0
2013-10-14 03:00:00,2447.0
2013-10-14 04:00:00,2394.0
2013-10-14 05:00:00,2379.0
2013-10-14 06:00:00,2305.0
2013-10-14 07:00:00,4202.0
2013-10-14 08:00:00,4499.0
2013-10-14 09:00:00,5528.0
2013-10-14 10:00:00,6024.0
2013-10-14 11:00:00,5839.0
2013-10-14 12:00:00,5883.0
2013-10-14 13:00:00,6084.0
2013-10-14 14:00:00,5764.0
2013-10-14 15:00:00,5706.0
2013-10-14 16:00:00,6141.0
2013-10-14 17:00:00,6247.0
2013-10-14 18:00:00,6269.0
2013-10-14 19:00:00,6445.0
2013-10-14 20:00:00,6876.0
2013-10-14 21:00:00,6224.0
2013-10-14 22:00:00,5779.0
2013-10-14 23:00:00,4860.0
2013-10-15 00:00:00,3320.0
2013-10-15 01:00:00,3691.0
2013-10-15 02:00:00,3928.0
2013-10-15 03:00:00,3935.0
2013-10-15 04:00:00,3927.0
2013-10-15 05:00:00,3713.0
2013-10-15 06:00:00,2617.0
2013-10-15 07:00:00,4461.0
2013-10-15 08:00:00,4298.0
2013-10-15 09:00:00,5587.0
2013-10-15 10:00:00,6046.0
2013-10-15 11:00:00,5936.0
2013-10-15 12:00:00,5950.0
2013-10-15 13:00:00,6069.0
2013-10-15 14:00:00,6068.0
2013-10-15 15:00:00,6557.0
2013-10-15 16:00:00,6586.0
2013-10-15 17:00:00,6802.0
2013-10-15 18:00:00,7039.0
2013-10-15 19:00:00,6795.0
2013-10-15 20:00:00,6742.0
2013-10-15 21:00:00,6491.0
2013-10-15 22:00:00,6016.0
2013-10-15 23:00:00,5038.0
2013-10-16 00:00:00,3320.0
2013-10-16 01:00:00,2624.0
2013-10-16 02:00:00,2542.0
2013-10-16 03:00:00,2558.0
2013-10-16 04:00:00,2535.0
2013-10-16 05:00:00,2542.0
2013-10-16 06:00:00,2454.0
2013-10-16 07:00:00,4157.0
2013-10-16 08:00:00,4261.0
2013-10-16 09:00:00,5329.0
2013-10-16 10:00:00,6283.0
2013-10-16 11:00:00,6129.0
2013-10-16 12:00:00,6143.0
2013-10-16 13:00:00,6639.0
2013-10-16 14:00:00,6395.0
2013-10-16 15:00:00,6506.0
2013-10-16 16:00:00,6587.0
2013-10-16 17:00:00,6899.0
2013-10-16 18:00:00,6816.0
2013-10-16 19:00:00,6743.0
2013-10-16 20:00:00,6995.0
2013-10-16 21:00:00,6246.0
2013-10-16 22:00:00,5891.0
2013-10-16 23:00:00,4749.0
2013-10-17 00:00:00,3209.0
2013-10-17 01:00:00,2602.0
2013-10-17 02:00:00,2536.0
2013-10-17 03:00:00,2514.0
2013-10-17 04:00:00,2529.0
2013-10-17 05:00:00,2483.0
2013-10-17 06:00:00,2439.0
2013-10-17 07:00:00,4194.0
2013-10-17 08:00:00,4313.0
2013-10-17 09:00:00,5492.0
2013-10-17 10:00:00,6208.0
2013-10-17 11:00:00,5935.0
2013-10-17 12:00:00,6223.0
2013-10-17 13:00:00,6002.0
2013-10-17 14:00:00,5979.0
2013-10-17 15:00:00,6077.0
2013-10-17 16:00:00,5884.0
2013-10-17 17:00:00,6112.0
2013-10-17 18:00:00,6431.0
2013-10-17 19:00:00,6543.0
2013-10-17 20:00:00,6625.0
2013-10-17 21:00:00,6224.0
2013-10-17 22:00:00,6106.0
2013-10-17 23:00:00,5247.0
2013-10-18 00:00:00,3609.0
2013-10-18 01:00:00,3076.0
2013-10-18 02:00:00,2847.0
2013-10-18 03:00:00,2853.0
2013-10-18 04:00:00,2855.0
2013-10-18 05:00:00,2869.0
2013-10-18 06:00:00,2817.0
2013-10-18 07:00:00,4386.0
2013-10-18 08:00:00,4387.0
2013-10-18 09:00:00,5276.0
2013-10-18 10:00:00,6209.0
2013-10-18 11:00:00,6364.0
2013-10-18 12:00:00,6142.0
2013-10-18 13:00:00,5943.0
2013-10-18 14:00:00,5810.0
2013-10-18 15:00:00,5727.0
2013-10-18 16:00:00,6483.0
2013-10-18 17:00:00,6579.0
2013-10-18 18:00:00,6536.0
2013-10-18 19:00:00,6905.0
2013-10-18 20:00:00,7173.0
2013-10-18 21:00:00,6773.0
2013-10-18 22:00:00,6358.0
2013-10-18 23:00:00,5202.0
2013-10-19 00:00:00,3758.0
2013-10-19 01:00:00,2964.0
2013-10-19 02:00:00,2647.0
2013-10-19 03:00:00,2558.0
2013-10-19 04:00:00,2528.0
2013-10-19 05:00:00,2551.0
2013-10-19 06:00:00,2535.0
2013-10-19 07:00:00,4343.0
2013-10-19 08:00:00,4571.0
2013-10-19 09:00:00,5780.0
2013-10-19 10:00:00,6105.0
2013-10-19 11:00:00,6469.0
2013-10-19 12:00:00,6297.0
2013-10-19 13:00:00,6209.0
2013-10-19 14:00:00,5801.0
2013-10-19 15:00:00,5921.0
2013-10-19 16:00:00,6217.0
2013-10-19 17:00:00,6424.0
2013-10-19 18:00:00,6861.0
2013-10-19 19:00:00,6714.0
2013-10-19 20:00:00,6802.0
2013-10-19 21:00:00,6780.0
2013-10-19 22:00:00,6017.0
2013-10-19 23:00:00,5062.0
2013-10-20 00:00:00,3194.0
2013-10-20 01:00:00,2580.0
2013-10-20 02:00:00,2520.0
2013-10-20 03:00:00,2528.0
2013-10-20 04:00:00,2491.0
2013-10-20 05:00:00,2476.0
2013-10-20 06:00:00,2424.0
2013-10-20 07:00:00,4114.0
2013-10-20 08:00:00,4016.0
2013-10-20 09:00:00,5387.0
2013-10-20 10:00:00,5713.0
2013-10-20 11:00:00,6031.0
2013-10-20 12:00:00,6188.0
2013-10-20 13:00:00,6084.0
2013-10-20 14:00:00,5846.0
2013-10-20 15:00:00,6054.0
2013-10-20 16:00:00,6173.0
2013-10-20 17:00:00,6935.0
2013-10-20 18:00:00,6313.0
2013-10-20 19:00:00,6698.0
2013-10-20 20:00:00,6721.0
2013-10-20 21:00:00,6825.0
2013-10-20 22:00:00,6002.0
2013-10-20 23:00:00,5024.0
2013-10-21 00:00:00,3083.0
2013-10-21 01:00:00,2795.0
2013-10-21 02:00:00,2773.0
2013-10-21 03:00:00,2743.0
2013-10-21 04:00:00,2631.0
2013-10-21 05:00:00,2669.0
2013-10-21 06:00:00,2663.0
2013-10-21 07:00:00,4268.0
2013-10-21 08:00:00,4291.0
2013-10-21 09:00:00,5490.0
2013-10-21 10:00:00,5817.0
2013-10-21 11:00:00,5840.0
2013-10-21 12:00:00,5765.0
2013-10-21 13:00:00,5914.0
2013-10-21 14:00:00,5832.0
2013-10-21 15:00:00,5950.0
2013-10-21 16:00:00,6054.0
2013-10-21 17:00:00,6336.0
2013-10-21 18:00:00,6098.0
2013-10-21 19:00:00,6802.0
2013-10-21 20:00:00,6655.0
2013-10-21 21:00:00,6677.0
2013-10-21 22:00:00,5965.0
2013-10-21 23:00:00,5142.0
2013-10-22 00:00:00,3439.0
2013-10-22 01:00:00,2884.0
2013-10-22 02:00:00,2662.0
2013-10-22 03:00:00,2602.0
2013-10-22 04:00:00,2565.0
2013-10-22 05:00:00,2624.0
2013-10-22 06:00:00,2536.0
2013-10-22 07:00:00,4328.0
2013-10-22 08:00:00,4380.0
2013-10-22 09:00:00,5580.0
2013-10-22 10:00:00,6143.0
2013-10-22 11:00:00,6142.0
2013-10-22 12:00:00,5928.0
2013-10-22 13:00:00,6254.0
2013-10-22 14:00:00,6224.0
2013-10-22 15:00:00,6350.0
2013-10-22 16:00:00,6254.0
2013-10-22 17:00:00,6038.0
2013-10-22 18:00:00,6602.0
2013-10-22 19:00:00,6706.0
2013-10-22 20:00:00,6571.0
2013-10-22 21:00:00,6424.0
2013-10-22 22:00:00,5861.0
2013-10-22 23:00:00,4980.0
2013-10-23 00:00:00,3084.0
2013-10-23 01:00:00,2757.0
2013-10-23 02:00:00,2631.0
2013-10-23 03:00:00,2624.0
2013-10-23 04:00:00,2535.0
2013-10-23 05:00:00,2624.0
2013-10-23 06:00:00,2506.0
2013-10-23 07:00:00,4411.0
2013-10-23 08:00:00,4499.0
2013-10-23 09:00:00,5572.0
2013-10-23 10:00:00,6322.0
2013-10-23 11:00:00,6624.0
2013-10-23 12:00:00,6513.0
2013-10-23 13:00:00,6239.0
2013-10-23 14:00:00,5788.0
2013-10-23 15:00:00,5602.0
2013-10-23 16:00:00,5691.0
2013-10-23 17:00:00,5751.0
2013-10-23 18:00:00,5847.0
2013-10-23 19:00:00,6320.0
2013-10-23 20:00:00,6564.0
2013-10-23 21:00:00,6246.0
2013-10-23 22:00:00,5750.0
2013-10-23 23:00:00,4891.0
2013-10-24 00:00:00,3076.0
2013-10-24 01:00:00,2720.0
2013-10-24 02:00:00,2669.0
2013-10-24 03:00:00,2624.0
2013-10-24 04:00:00,2573.0
2013-10-24 05:00:00,2654.0
2013-10-24 06:00:00,2551.0
2013-10-24 07:00:00,4550.0
2013-10-24 08:00:00,4646.0
2013-10-24 09:00:00,5706.0
2013-10-24 10:00:00,5995.0
2013-10-24 11:00:00,5795.0
2013-10-24 12:00:00,5535.0
2013-10-24 13:00:00,5698.0
2013-10-24 14:00:00,5432.0
2013-10-24 15:00:00,5543.0
2013-10-24 16:00:00,5632.0
2013-10-24 17:00:00,5609.0
2013-10-24 18:00:00,5869.0
2013-10-24 19:00:00,6269.0
2013-10-24 20:00:00,6446.0
2013-10-24 21:00:00,6261.0
2013-10-24 22:00:00,5854.0
2013-10-24 23:00:00,4824.0
2013-10-25 00:00:00,3143.0
2013-10-25 01:00:00,2676.0
2013-10-25 02:00:00,2713.0
2013-10-25 03:00:00,2670.0
2013-10-25 04:00:00,2609.0
2013-10-25 05:00:00,2676.0
2013-10-25 06:00:00,2551.0
2013-10-25 07:00:00,4447.0
2013-10-25 08:00:00,4521.0
2013-10-25 09:00:00,5394.0
2013-10-25 10:00:00,5883.0
2013-10-25 11:00:00,5498.0
2013-10-25 12:00:00,5312.0
2013-10-25 13:00:00,5313.0
2013-10-25 14:00:00,5275.0
2013-10-25 15:00:00,5335.0
2013-10-25 16:00:00,5609.0
2013-10-25 17:00:00,5758.0
2013-10-25 18:00:00,5808.0
2013-10-25 19:00:00,6438.0
2013-10-25 20:00:00,6527.0
2013-10-25 21:00:00,6105.0
2013-10-25 22:00:00,5905.0
2013-10-25 23:00:00,4958.0
2013-10-26 00:00:00,3121.0
2013-10-26 01:00:00,2550.0
2013-10-26 02:00:00,2490.0
2013-10-26 03:00:00,2432.0
2013-10-26 04:00:00,2469.0
2013-10-26 05:00:00,2520.0
2013-10-26 06:00:00,2408.0
2013-10-26 07:00:00,4136.0
2013-10-26 08:00:00,4068.0
2013-10-26 09:00:00,5394.0
2013-10-26 10:00:00,5728.0
2013-10-26 11:00:00,5669.0
2013-10-26 12:00:00,5668.0
2013-10-26 13:00:00,5803.0
2013-10-26 14:00:00,5327.0
2013-10-26 15:00:00,5647.0
2013-10-26 16:00:00,5549.0
2013-10-26 17:00:00,5816.0
2013-10-26 18:00:00,5958.0
2013-10-26 19:00:00,6306.0
2013-10-26 20:00:00,6454.0
2013-10-26 21:00:00,5972.0
2013-10-26 22:00:00,5682.0
2013-10-26 23:00:00,4816.0
2013-10-27 00:00:00,3031.0
2013-10-27 01:00:00,5113.0
2013-10-27 02:00:00,2298.0
2013-10-27 03:00:00,2395.0
2013-10-27 04:00:00,2366.0
2013-10-27 05:00:00,2313.0
2013-10-27 06:00:00,2277.0
2013-10-27 07:00:00,4113.0
2013-10-27 08:00:00,4216.0
2013-10-27 09:00:00,5417.0
2013-10-27 10:00:00,5661.0
2013-10-27 11:00:00,5802.0
2013-10-27 12:00:00,5810.0
2013-10-27 13:00:00,5728.0
2013-10-27 14:00:00,5357.0
2013-10-27 15:00:00,6046.0
2013-10-27 16:00:00,5602.0
2013-10-27 17:00:00,5691.0
2013-10-27 18:00:00,6417.0
2013-10-27 19:00:00,6758.0
2013-10-27 20:00:00,6351.0
2013-10-27 21:00:00,6106.0
2013-10-27 22:00:00,5513.0
2013-10-27 23:00:00,4795.0
2013-10-28 00:00:00,3060.0
2013-10-28 01:00:00,2506.0
2013-10-28 02:00:00,2343.0
2013-10-28 03:00:00,2298.0
2013-10-28 04:00:00,2313.0
2013-10-28 05:00:00,2328.0
2013-10-28 06:00:00,2268.0
2013-10-28 07:00:00,4283.0
2013-10-28 08:00:00,4172.0
2013-10-28 09:00:00,4980.0
2013-10-28 10:00:00,5534.0
2013-10-28 11:00:00,5536.0
2013-10-28 12:00:00,5349.0
2013-10-28 13:00:00,5284.0
2013-10-28 14:00:00,5387.0
2013-10-28 15:00:00,5461.0
2013-10-28 16:00:00,5202.0
2013-10-28 17:00:00,5810.0
2013-10-28 18:00:00,6291.0
2013-10-28 19:00:00,6461.0
2013-10-28 20:00:00,6120.0
2013-10-28 21:00:00,5921.0
2013-10-28 22:00:00,5542.0
2013-10-28 23:00:00,4579.0
2013-10-29 00:00:00,2766.0
2013-10-29 01:00:00,2320.0
2013-10-29 02:00:00,2319.0
2013-10-29 03:00:00,2312.0
2013-10-29 04:00:00,2313.0
2013-10-29 05:00:00,2275.0
2013-10-29 06:00:00,2277.0
2013-10-29 07:00:00,4246.0
2013-10-29 08:00:00,4112.0
2013-10-29 09:00:00,5336.0
2013-10-29 10:00:00,5691.0
2013-10-29 11:00:00,5180.0
2013-10-29 12:00:00,5446.0
2013-10-29 13:00:00,5276.0
2013-10-29 14:00:00,4877.0
2013-10-29 15:00:00,4994.0
2013-10-29 16:00:00,5062.0
2013-10-29 17:00:00,5247.0
2013-10-29 18:00:00,5876.0
2013-10-29 19:00:00,6062.0
2013-10-29 20:00:00,6098.0
2013-10-29 21:00:00,5669.0
2013-10-29 22:00:00,5284.0
2013-10-29 23:00:00,4380.0
2013-10-30 00:00:00,3943.0
2013-10-30 01:00:00,3670.0
2013-10-30 02:00:00,3588.0
2013-10-30 03:00:00,3602.0
2013-10-30 04:00:00,3646.0
2013-10-30 05:00:00,3572.0
2013-10-30 06:00:00,3476.0
2013-10-30 07:00:00,4506.0
2013-10-30 08:00:00,4053.0
2013-10-30 09:00:00,4987.0
2013-10-30 10:00:00,5491.0
2013-10-30 11:00:00,5395.0
2013-10-30 12:00:00,5313.0
2013-10-30 13:00:00,4943.0
2013-10-30 14:00:00,4988.0
2013-10-30 15:00:00,5151.0
2013-10-30 16:00:00,5114.0
2013-10-30 17:00:00,5284.0
2013-10-30 18:00:00,6350.0
2013-10-30 19:00:00,6186.0
2013-10-30 20:00:00,5994.0
2013-10-30 21:00:00,5669.0
2013-10-30 22:00:00,5261.0
2013-10-30 23:00:00,4492.0
2013-10-31 00:00:00,3389.0
2013-10-31 01:00:00,2698.0
2013-10-31 02:00:00,2728.0
2013-10-31 03:00:00,2713.0
2013-10-31 04:00:00,2639.0
2013-10-31 05:00:00,2691.0
2013-10-31 06:00:00,2728.0
2013-10-31 07:00:00,4290.0
2013-10-31 08:00:00,4299.0
2013-10-31 09:00:00,4995.0
2013-10-31 10:00:00,5542.0
2013-10-31 11:00:00,5224.0
2013-10-31 12:00:00,5505.0
2013-10-31 13:00:00,5098.0
2013-10-31 14:00:00,4986.0
2013-10-31 15:00:00,5165.0
2013-10-31 16:00:00,5099.0
2013-10-31 17:00:00,5758.0
2013-10-31 18:00:00,6328.0
2013-10-31 19:00:00,6328.0
2013-10-31 20:00:00,6106.0
2013-10-31 21:00:00,5757.0
2013-10-31 22:00:00,5283.0
2013-10-31 23:00:00,4491.0
2013-11-01 00:00:00,2838.0
2013-11-01 01:00:00,2246.0
2013-11-01 02:00:00,2246.0
2013-11-01 03:00:00,2217.0
2013-11-01 04:00:00,2187.0
2013-11-01 05:00:00,2217.0
2013-11-01 06:00:00,2194.0
2013-11-01 07:00:00,3943.0
2013-11-01 08:00:00,3965.0
2013-11-01 09:00:00,5105.0
2013-11-01 10:00:00,5780.0
2013-11-01 11:00:00,5580.0
2013-11-01 12:00:00,5758.0
2013-11-01 13:00:00,5868.0
2013-11-01 14:00:00,5424.0
2013-11-01 15:00:00,5729.0
2013-11-01 16:00:00,5728.0
2013-11-01 17:00:00,5979.0
2013-11-01 18:00:00,6661.0
2013-11-01 19:00:00,6484.0
2013-11-01 20:00:00,6573.0
2013-11-01 21:00:00,6239.0
2013-11-01 22:00:00,5587.0
2013-11-01 23:00:00,4595.0
2013-11-02 00:00:00,3284.0
2013-11-02 01:00:00,2475.0
2013-11-02 02:00:00,2447.0
2013-11-02 03:00:00,2358.0
2013-11-02 04:00:00,2298.0
2013-11-02 05:00:00,2283.0
2013-11-02 06:00:00,2313.0
2013-11-02 07:00:00,4099.0
2013-11-02 08:00:00,4120.0
2013-11-02 09:00:00,5425.0
2013-11-02 10:00:00,5914.0
2013-11-02 11:00:00,6083.0
2013-11-02 12:00:00,5845.0
2013-11-02 13:00:00,5601.0
2013-11-02 14:00:00,5631.0
2013-11-02 15:00:00,5625.0
2013-11-02 16:00:00,5898.0
2013-11-02 17:00:00,5491.0
2013-11-02 18:00:00,6565.0
2013-11-02 19:00:00,6617.0
2013-11-02 20:00:00,6491.0
2013-11-02 21:00:00,6062.0
2013-11-02 22:00:00,5595.0
2013-11-02 23:00:00,4861.0
2013-11-03 00:00:00,3203.0
2013-11-03 01:00:00,2483.0
2013-11-03 02:00:00,2469.0
2013-11-03 03:00:00,2379.0
2013-11-03 04:00:00,2328.0
2013-11-03 05:00:00,2386.0
2013-11-03 06:00:00,2313.0
2013-11-03 07:00:00,4268.0
2013-11-03 08:00:00,4054.0
2013-11-03 09:00:00,5588.0
2013-11-03 10:00:00,5675.0
2013-11-03 11:00:00,6084.0
2013-11-03 12:00:00,5786.0
2013-11-03 13:00:00,5817.0
2013-11-03 14:00:00,5928.0
2013-11-03 15:00:00,6091.0
2013-11-03 16:00:00,5988.0
2013-11-03 17:00:00,5743.0
2013-11-03 18:00:00,6439.0
2013-11-03 19:00:00,6120.0
2013-11-03 20:00:00,6002.0
2013-11-03 21:00:00,5817.0
2013-11-03 22:00:00,5417.0
2013-11-03 23:00:00,4490.0
2013-11-04 00:00:00,2912.0
2013-11-04 01:00:00,2291.0
2013-11-04 02:00:00,2224.0
2013-11-04 03:00:00,2194.0
2013-11-04 04:00:00,2142.0
2013-11-04 05:00:00,2179.0
2013-11-04 06:00:00,2157.0
2013-11-04 07:00:00,4002.0
2013-11-04 08:00:00,4076.0
2013-11-04 09:00:00,5364.0
2013-11-04 10:00:00,5498.0
2013-11-04 11:00:00,5616.0
2013-11-04 12:00:00,5861.0
2013-11-04 13:00:00,5609.0
2013-11-04 14:00:00,5683.0
2013-11-04 15:00:00,5690.0
2013-11-04 16:00:00,5424.0
2013-11-04 17:00:00,5698.0
2013-11-04 18:00:00,6662.0
2013-11-04 19:00:00,6446.0
2013-11-04 20:00:00,6284.0
2013-11-04 21:00:00,6018.0
2013-11-04 22:00:00,5809.0
2013-11-04 23:00:00,4846.0
2013-11-05 00:00:00,2883.0
2013-11-05 01:00:00,2520.0
2013-11-05 02:00:00,2446.0
2013-11-05 03:00:00,2461.0
2013-11-05 04:00:00,2416.0
2013-11-05 05:00:00,2424.0
2013-11-05 06:00:00,2358.0
2013-11-05 07:00:00,4157.0
2013-11-05 08:00:00,4231.0
2013-11-05 09:00:00,5514.0
2013-11-05 10:00:00,6017.0
2013-11-05 11:00:00,5935.0
2013-11-05 12:00:00,5839.0
2013-11-05 13:00:00,6106.0
2013-11-05 14:00:00,5609.0
2013-11-05 15:00:00,5728.0
2013-11-05 16:00:00,5580.0
2013-11-05 17:00:00,5965.0
2013-11-05 18:00:00,6364.0
2013-11-05 19:00:00,6032.0
2013-11-05 20:00:00,6269.0
2013-11-05 21:00:00,6039.0
2013-11-05 22:00:00,5668.0
2013-11-05 23:00:00,4616.0
2013-11-06 00:00:00,2869.0
2013-11-06 01:00:00,2707.0
2013-11-06 02:00:00,2602.0
2013-11-06 03:00:00,2543.0
2013-11-06 04:00:00,2550.0
2013-11-06 05:00:00,2572.0
2013-11-06 06:00:00,2520.0
2013-11-06 07:00:00,4313.0
2013-11-06 08:00:00,4409.0
2013-11-06 09:00:00,5231.0
2013-11-06 10:00:00,5655.0
2013-11-06 11:00:00,5543.0
2013-11-06 12:00:00,5646.0
2013-11-06 13:00:00,5779.0
2013-11-06 14:00:00,5439.0
2013-11-06 15:00:00,5483.0
2013-11-06 16:00:00,5713.0
2013-11-06 17:00:00,6024.0
2013-11-06 18:00:00,6565.0
2013-11-06 19:00:00,6328.0
2013-11-06 20:00:00,6149.0
2013-11-06 21:00:00,6031.0
2013-11-06 22:00:00,5706.0
2013-11-06 23:00:00,4809.0
2013-11-07 00:00:00,3046.0
2013-11-07 01:00:00,2372.0
2013-11-07 02:00:00,2364.0
2013-11-07 03:00:00,2254.0
2013-11-07 04:00:00,2364.0
2013-11-07 05:00:00,2327.0
2013-11-07 06:00:00,2305.0
2013-11-07 07:00:00,4062.0
2013-11-07 08:00:00,4076.0
2013-11-07 09:00:00,5203.0
2013-11-07 10:00:00,6009.0
2013-11-07 11:00:00,5654.0
2013-11-07 12:00:00,5587.0
2013-11-07 13:00:00,5468.0
2013-11-07 14:00:00,5580.0
2013-11-07 15:00:00,5438.0
2013-11-07 16:00:00,5788.0
2013-11-07 17:00:00,5631.0
2013-11-07 18:00:00,6647.0
2013-11-07 19:00:00,6454.0
2013-11-07 20:00:00,6246.0
2013-11-07 21:00:00,6209.0
2013-11-07 22:00:00,5817.0
2013-11-07 23:00:00,4899.0
2013-11-08 00:00:00,3091.0
2013-11-08 01:00:00,2610.0
2013-11-08 02:00:00,2431.0
2013-11-08 03:00:00,2409.0
2013-11-08 04:00:00,2468.0
2013-11-08 05:00:00,2401.0
2013-11-08 06:00:00,2409.0
2013-11-08 07:00:00,4528.0
2013-11-08 08:00:00,4446.0
2013-11-08 09:00:00,5424.0
2013-11-08 10:00:00,5617.0
2013-11-08 11:00:00,5683.0
2013-11-08 12:00:00,5372.0
2013-11-08 13:00:00,5587.0
2013-11-08 14:00:00,5853.0
2013-11-08 15:00:00,5891.0
2013-11-08 16:00:00,6091.0
2013-11-08 17:00:00,6142.0
2013-11-08 18:00:00,6757.0
2013-11-08 19:00:00,6943.0
2013-11-08 20:00:00,6788.0
2013-11-08 21:00:00,6476.0
2013-11-08 22:00:00,5869.0
2013-11-08 23:00:00,4571.0
2013-11-09 00:00:00,3135.0
2013-11-09 01:00:00,2854.0
2013-11-09 02:00:00,2861.0
2013-11-09 03:00:00,2683.0
2013-11-09 04:00:00,2246.0
2013-11-09 05:00:00,2202.0
2013-11-09 06:00:00,2209.0
2013-11-09 07:00:00,4854.0
2013-11-09 08:00:00,5121.0
2013-11-09 09:00:00,5758.0
2013-11-09 10:00:00,6054.0
2013-11-09 11:00:00,5624.0
2013-11-09 12:00:00,6151.0
2013-11-09 13:00:00,6120.0
2013-11-09 14:00:00,5906.0
2013-11-09 15:00:00,6165.0
2013-11-09 16:00:00,5928.0
2013-11-09 17:00:00,6357.0
2013-11-09 18:00:00,6927.0
2013-11-09 19:00:00,6654.0
2013-11-09 20:00:00,6535.0
2013-11-09 21:00:00,6328.0
2013-11-09 22:00:00,5801.0
2013-11-09 23:00:00,4587.0
2013-11-10 00:00:00,2927.0
2013-11-10 01:00:00,2343.0
2013-11-10 02:00:00,2313.0
2013-11-10 03:00:00,2261.0
2013-11-10 04:00:00,2276.0
2013-11-10 05:00:00,2223.0
2013-11-10 06:00:00,2223.0
2013-11-10 07:00:00,4817.0
2013-11-10 08:00:00,5417.0
2013-11-10 09:00:00,6001.0
2013-11-10 10:00:00,6039.0
2013-11-10 11:00:00,6010.0
2013-11-10 12:00:00,6062.0
2013-11-10 13:00:00,6114.0
2013-11-10 14:00:00,6106.0
2013-11-10 15:00:00,5839.0
2013-11-10 16:00:00,6039.0
2013-11-10 17:00:00,6025.0
2013-11-10 18:00:00,6928.0
2013-11-10 19:00:00,6684.0
2013-11-10 20:00:00,6349.0
2013-11-10 21:00:00,6327.0
2013-11-10 22:00:00,5877.0
2013-11-10 23:00:00,4558.0
2013-11-11 00:00:00,2936.0
2013-11-11 01:00:00,2268.0
2013-11-11 02:00:00,2195.0
2013-11-11 03:00:00,2239.0
2013-11-11 04:00:00,2246.0
2013-11-11 05:00:00,2172.0
2013-11-11 06:00:00,2120.0
2013-11-11 07:00:00,4861.0
2013-11-11 08:00:00,5180.0
2013-11-11 09:00:00,5520.0
2013-11-11 10:00:00,5907.0
2013-11-11 11:00:00,5994.0
2013-11-11 12:00:00,6017.0
2013-11-11 13:00:00,5980.0
2013-11-11 14:00:00,6076.0
2013-11-11 15:00:00,6298.0
2013-11-11 16:00:00,5995.0
2013-11-11 17:00:00,6223.0
2013-11-11 18:00:00,6773.0
2013-11-11 19:00:00,6506.0
2013-11-11 20:00:00,6416.0
2013-11-11 21:00:00,6239.0
2013-11-11 22:00:00,5921.0
2013-11-11 23:00:00,4713.0
2013-11-12 00:00:00,3009.0
2013-11-12 01:00:00,2549.0
2013-11-12 02:00:00,2320.0
2013-11-12 03:00:00,2305.0
2013-11-12 04:00:00,2268.0
2013-11-12 05:00:00,2336.0
2013-11-12 06:00:00,2217.0
2013-11-12 07:00:00,4876.0
2013-11-12 08:00:00,4853.0
2013-11-12 09:00:00,5571.0
2013-11-12 10:00:00,5905.0
2013-11-12 11:00:00,5735.0
2013-11-12 12:00:00,5869.0
2013-11-12 13:00:00,6098.0
2013-11-12 14:00:00,5995.0
2013-11-12 15:00:00,2935.0
2013-11-12 16:00:00,5743.0
2013-11-12 17:00:00,6180.0
2013-11-12 18:00:00,6684.0
2013-11-12 19:00:00,6283.0
2013-11-12 20:00:00,6320.0
2013-11-12 21:00:00,6121.0
2013-11-12 22:00:00,5787.0
2013-11-12 23:00:00,4906.0
2013-11-13 00:00:00,3091.0
2013-11-13 01:00:00,2305.0
2013-11-13 02:00:00,2195.0
2013-11-13 03:00:00,2158.0
2013-11-13 04:00:00,2157.0
2013-11-13 05:00:00,2173.0
2013-11-13 06:00:00,2201.0
2013-11-13 07:00:00,4883.0
2013-11-13 08:00:00,5018.0
2013-11-13 09:00:00,5713.0
2013-11-13 10:00:00,5647.0
2013-11-13 11:00:00,5854.0
2013-11-13 12:00:00,6172.0
2013-11-13 13:00:00,6083.0
2013-11-13 14:00:00,6528.0
2013-11-13 15:00:00,5758.0
2013-11-13 16:00:00,6239.0
2013-11-13 17:00:00,6166.0
2013-11-13 18:00:00,6913.0
2013-11-13 19:00:00,6327.0
2013-11-13 20:00:00,6363.0
2013-11-13 21:00:00,6276.0
2013-11-13 22:00:00,5884.0
2013-11-13 23:00:00,4907.0
2013-11-14 00:00:00,3031.0
2013-11-14 01:00:00,3416.0
2013-11-14 02:00:00,3158.0
2013-11-14 03:00:00,3046.0
2013-11-14 04:00:00,3121.0
2013-11-14 05:00:00,3151.0
2013-11-14 06:00:00,3136.0
2013-11-14 07:00:00,4951.0
2013-11-14 08:00:00,4971.0
2013-11-14 09:00:00,5476.0
2013-11-14 10:00:00,5898.0
2013-11-14 11:00:00,5691.0
2013-11-14 12:00:00,5631.0
2013-11-14 13:00:00,5854.0
2013-11-14 14:00:00,5765.0
2013-11-14 15:00:00,5631.0
2013-11-14 16:00:00,5817.0
2013-11-14 17:00:00,6135.0
2013-11-14 18:00:00,6735.0
2013-11-14 19:00:00,6572.0
2013-11-14 20:00:00,6594.0
2013-11-14 21:00:00,6128.0
2013-11-14 22:00:00,5765.0
2013-11-14 23:00:00,4816.0
2013-11-15 00:00:00,2905.0
2013-11-15 01:00:00,2195.0
2013-11-15 02:00:00,2121.0
2013-11-15 03:00:00,2024.0
2013-11-15 04:00:00,2113.0
2013-11-15 05:00:00,2054.0
2013-11-15 06:00:00,2046.0
2013-11-15 07:00:00,4602.0
2013-11-15 08:00:00,5157.0
2013-11-15 09:00:00,5714.0
2013-11-15 10:00:00,5913.0
2013-11-15 11:00:00,5838.0
2013-11-15 12:00:00,5586.0
2013-11-15 13:00:00,5609.0
2013-11-15 14:00:00,5492.0
2013-11-15 15:00:00,5432.0
2013-11-15 16:00:00,5662.0
2013-11-15 17:00:00,5913.0
2013-11-15 18:00:00,6676.0
2013-11-15 19:00:00,6558.0
2013-11-15 20:00:00,6491.0
2013-11-15 21:00:00,6016.0
2013-11-15 22:00:00,5772.0
2013-11-15 23:00:00,4461.0
2013-11-16 00:00:00,2713.0
2013-11-16 01:00:00,2194.0
2013-11-16 02:00:00,2121.0
2013-11-16 03:00:00,2084.0
2013-11-16 04:00:00,2135.0
2013-11-16 05:00:00,2090.0
2013-11-16 06:00:00,2054.0
2013-11-16 07:00:00,4557.0
2013-11-16 08:00:00,5396.0
2013-11-16 09:00:00,5912.0
2013-11-16 10:00:00,6292.0
2013-11-16 11:00:00,5691.0
2013-11-16 12:00:00,5579.0
2013-11-16 13:00:00,5676.0
2013-11-16 14:00:00,5477.0
2013-11-16 15:00:00,5528.0
2013-11-16 16:00:00,5788.0
2013-11-16 17:00:00,5980.0
2013-11-16 18:00:00,6787.0
2013-11-16 19:00:00,6751.0
2013-11-16 20:00:00,6387.0
2013-11-16 21:00:00,6002.0
2013-11-16 22:00:00,5542.0
2013-11-16 23:00:00,4476.0
2013-11-17 00:00:00,2492.0
2013-11-17 01:00:00,2113.0
2013-11-17 02:00:00,2047.0
2013-11-17 03:00:00,1936.0
2013-11-17 04:00:00,1950.0
2013-11-17 05:00:00,2106.0
2013-11-17 06:00:00,2039.0
2013-11-17 07:00:00,4506.0
2013-11-17 08:00:00,4816.0
2013-11-17 09:00:00,5934.0
2013-11-17 10:00:00,6091.0
2013-11-17 11:00:00,5994.0
2013-11-17 12:00:00,5765.0
2013-11-17 13:00:00,5876.0
2013-11-17 14:00:00,5595.0
2013-11-17 15:00:00,5661.0
2013-11-17 16:00:00,5832.0
2013-11-17 17:00:00,6039.0
2013-11-17 18:00:00,6616.0
2013-11-17 19:00:00,6410.0
2013-11-17 20:00:00,6165.0
2013-11-17 21:00:00,6002.0
2013-11-17 22:00:00,5535.0
2013-11-17 23:00:00,4372.0
2013-11-18 00:00:00,2913.0
2013-11-18 01:00:00,2195.0
2013-11-18 02:00:00,2061.0
2013-11-18 03:00:00,2039.0
2013-11-18 04:00:00,2106.0
2013-11-18 05:00:00,2112.0
2013-11-18 06:00:00,2083.0
2013-11-18 07:00:00,4558.0
2013-11-18 08:00:00,4906.0
2013-11-18 09:00:00,5884.0
2013-11-18 10:00:00,6121.0
2013-11-18 11:00:00,5402.0
2013-11-18 12:00:00,5098.0
2013-11-18 13:00:00,5365.0
2013-11-18 14:00:00,5031.0
2013-11-18 15:00:00,5232.0
2013-11-18 16:00:00,5476.0
2013-11-18 17:00:00,5743.0
2013-11-18 18:00:00,6275.0
2013-11-18 19:00:00,6283.0
2013-11-18 20:00:00,6210.0
2013-11-18 21:00:00,6039.0
2013-11-18 22:00:00,5712.0
2013-11-18 23:00:00,4476.0
2013-11-19 00:00:00,2995.0
2013-11-19 01:00:00,2247.0
2013-11-19 02:00:00,2136.0
2013-11-19 03:00:00,2158.0
2013-11-19 04:00:00,2128.0
2013-11-19 05:00:00,2077.0
2013-11-19 06:00:00,1927.0
2013-11-19 07:00:00,4580.0
2013-11-19 08:00:00,5136.0
2013-11-19 09:00:00,6017.0
2013-11-19 10:00:00,6231.0
2013-11-19 11:00:00,5558.0
2013-11-19 12:00:00,5580.0
2013-11-19 13:00:00,5587.0
2013-11-19 14:00:00,4973.0
2013-11-19 15:00:00,5225.0
2013-11-19 16:00:00,5321.0
2013-11-19 17:00:00,5483.0
2013-11-19 18:00:00,6394.0
2013-11-19 19:00:00,6476.0
2013-11-19 20:00:00,6172.0
2013-11-19 21:00:00,5995.0
2013-11-19 22:00:00,5624.0
2013-11-19 23:00:00,4483.0
2013-11-20 00:00:00,2868.0
2013-11-20 01:00:00,2306.0
2013-11-20 02:00:00,2061.0
2013-11-20 03:00:00,2129.0
2013-11-20 04:00:00,2150.0
2013-11-20 05:00:00,2232.0
2013-11-20 06:00:00,2187.0
2013-11-20 07:00:00,4677.0
2013-11-20 08:00:00,5314.0
2013-11-20 09:00:00,6136.0
2013-11-20 10:00:00,6076.0
2013-11-20 11:00:00,5558.0
2013-11-20 12:00:00,5476.0
2013-11-20 13:00:00,5201.0
2013-11-20 14:00:00,5120.0
2013-11-20 15:00:00,5365.0
2013-11-20 16:00:00,5535.0
2013-11-20 17:00:00,5662.0
2013-11-20 18:00:00,6551.0
2013-11-20 19:00:00,6713.0
2013-11-20 20:00:00,6662.0
2013-11-20 21:00:00,6513.0
2013-11-20 22:00:00,6068.0
2013-11-20 23:00:00,4632.0
2013-11-21 00:00:00,2884.0
2013-11-21 01:00:00,2253.0
2013-11-21 02:00:00,2053.0
2013-11-21 03:00:00,2136.0
2013-11-21 04:00:00,2128.0
2013-11-21 05:00:00,2127.0
2013-11-21 06:00:00,2053.0
2013-11-21 07:00:00,4623.0
2013-11-21 08:00:00,5328.0
2013-11-21 09:00:00,6232.0
2013-11-21 10:00:00,6276.0
2013-11-21 11:00:00,6105.0
2013-11-21 12:00:00,6008.0
2013-11-21 13:00:00,5751.0
2013-11-21 14:00:00,5513.0
2013-11-21 15:00:00,5514.0
2013-11-21 16:00:00,5676.0
2013-11-21 17:00:00,5580.0
2013-11-21 18:00:00,6202.0
2013-11-21 19:00:00,6269.0
2013-11-21 20:00:00,6128.0
2013-11-21 21:00:00,5780.0
2013-11-21 22:00:00,5424.0
2013-11-21 23:00:00,4802.0
2013-11-22 00:00:00,3862.0
2013-11-22 01:00:00,3373.0
2013-11-22 02:00:00,3418.0
2013-11-22 03:00:00,3432.0
2013-11-22 04:00:00,3446.0
2013-11-22 05:00:00,3402.0
2013-11-22 06:00:00,3461.0
2013-11-22 07:00:00,4943.0
2013-11-22 08:00:00,4995.0
2013-11-22 09:00:00,5142.0
2013-11-22 10:00:00,5632.0
2013-11-22 11:00:00,5468.0
2013-11-22 12:00:00,5402.0
2013-11-22 13:00:00,5351.0
2013-11-22 14:00:00,5166.0
2013-11-22 15:00:00,5579.0
2013-11-22 16:00:00,5418.0
2013-11-22 17:00:00,6061.0
2013-11-22 18:00:00,6224.0
2013-11-22 19:00:00,6106.0
2013-11-22 20:00:00,5942.0
2013-11-22 21:00:00,5810.0
2013-11-22 22:00:00,5350.0
2013-11-22 23:00:00,4520.0
2013-11-23 00:00:00,2995.0
2013-11-23 01:00:00,2810.0
2013-11-23 02:00:00,2832.0
2013-11-23 03:00:00,2684.0
2013-11-23 04:00:00,2647.0
2013-11-23 05:00:00,2580.0
2013-11-23 06:00:00,2565.0
2013-11-23 07:00:00,4225.0
2013-11-23 08:00:00,4188.0
2013-11-23 09:00:00,5357.0
2013-11-23 10:00:00,5617.0
2013-11-23 11:00:00,5395.0
2013-11-23 12:00:00,5713.0
2013-11-23 13:00:00,5795.0
2013-11-23 14:00:00,5046.0
2013-11-23 15:00:00,5247.0
2013-11-23 16:00:00,5506.0
2013-11-23 17:00:00,6172.0
2013-11-23 18:00:00,6239.0
2013-11-23 19:00:00,6084.0
2013-11-23 20:00:00,6135.0
2013-11-23 21:00:00,5669.0
2013-11-23 22:00:00,5201.0
2013-11-23 23:00:00,4232.0
2013-11-24 00:00:00,2773.0
2013-11-24 01:00:00,1987.0
2013-11-24 02:00:00,1979.0
2013-11-24 03:00:00,1958.0
2013-11-24 04:00:00,1973.0
2013-11-24 05:00:00,1942.0
2013-11-24 06:00:00,1943.0
2013-11-24 07:00:00,3595.0
2013-11-24 08:00:00,3892.0
2013-11-24 09:00:00,5054.0
2013-11-24 10:00:00,5454.0
2013-11-24 11:00:00,5009.0
2013-11-24 12:00:00,5297.0
2013-11-24 13:00:00,5267.0
2013-11-24 14:00:00,4825.0
2013-11-24 15:00:00,5053.0
2013-11-24 16:00:00,5587.0
2013-11-24 17:00:00,5609.0
2013-11-24 18:00:00,6291.0
2013-11-24 19:00:00,6008.0
2013-11-24 20:00:00,5854.0
2013-11-24 21:00:00,5497.0
2013-11-24 22:00:00,5016.0
2013-11-24 23:00:00,4054.0
2013-11-25 00:00:00,2380.0
2013-11-25 01:00:00,1936.0
2013-11-25 02:00:00,1780.0
2013-11-25 03:00:00,1809.0
2013-11-25 04:00:00,1780.0
2013-11-25 05:00:00,1757.0
2013-11-25 06:00:00,1721.0
2013-11-25 07:00:00,3462.0
2013-11-25 08:00:00,3684.0
2013-11-25 09:00:00,4528.0
2013-11-25 10:00:00,5143.0
2013-11-25 11:00:00,5062.0
2013-11-25 12:00:00,5076.0
2013-11-25 13:00:00,5039.0
2013-11-25 14:00:00,4898.0
2013-11-25 15:00:00,4913.0
2013-11-25 16:00:00,5224.0
2013-11-25 17:00:00,5831.0
2013-11-25 18:00:00,5950.0
2013-11-25 19:00:00,6262.0
2013-11-25 20:00:00,6097.0
2013-11-25 21:00:00,5751.0
2013-11-25 22:00:00,5357.0
2013-11-25 23:00:00,4564.0
2013-11-26 00:00:00,4047.0
2013-11-26 01:00:00,3831.0
2013-11-26 02:00:00,3810.0
2013-11-26 03:00:00,3773.0
2013-11-26 04:00:00,3728.0
2013-11-26 05:00:00,3690.0
2013-11-26 06:00:00,5031.0
2013-11-26 07:00:00,4987.0
2013-11-26 08:00:00,4713.0
2013-11-26 09:00:00,5053.0
2013-11-26 10:00:00,4936.0
2013-11-26 11:00:00,4869.0
2013-11-26 12:00:00,4771.0
2013-11-26 13:00:00,4706.0
2013-11-26 14:00:00,4690.0
2013-11-26 15:00:00,4758.0
2013-11-26 16:00:00,4691.0
2013-11-26 17:00:00,5482.0
2013-11-26 18:00:00,6054.0
2013-11-26 19:00:00,5572.0
2013-11-26 20:00:00,5520.0
2013-11-26 21:00:00,5269.0
2013-11-26 22:00:00,4891.0
2013-11-26 23:00:00,4016.0
2013-11-27 00:00:00,2032.0
2013-11-27 01:00:00,1720.0
2013-11-27 02:00:00,1743.0
2013-11-27 03:00:00,1713.0
2013-11-27 04:00:00,1705.0
2013-11-27 05:00:00,1722.0
2013-11-27 06:00:00,1632.0
2013-11-27 07:00:00,3513.0
2013-11-27 08:00:00,3491.0
2013-11-27 09:00:00,4462.0
2013-11-27 10:00:00,4898.0
2013-11-27 11:00:00,4558.0
2013-11-27 12:00:00,4580.0
2013-11-27 13:00:00,4980.0
2013-11-27 14:00:00,4550.0
2013-11-27 15:00:00,4817.0
2013-11-27 16:00:00,4936.0
2013-11-27 17:00:00,5291.0
2013-11-27 18:00:00,5832.0
2013-11-27 19:00:00,5935.0
2013-11-27 20:00:00,5809.0
2013-11-27 21:00:00,5498.0
2013-11-27 22:00:00,5165.0
2013-11-27 23:00:00,3920.0
2013-11-28 00:00:00,2261.0
2013-11-28 01:00:00,2001.0
2013-11-28 02:00:00,1854.0
2013-11-28 03:00:00,1802.0
2013-11-28 04:00:00,1758.0
2013-11-28 05:00:00,1780.0
2013-11-28 06:00:00,1758.0
2013-11-28 07:00:00,3528.0
2013-11-28 08:00:00,3477.0
2013-11-28 09:00:00,4847.0
2013-11-28 10:00:00,5491.0
2013-11-28 11:00:00,4839.0
2013-11-28 12:00:00,5188.0
2013-11-28 13:00:00,5032.0
2013-11-28 14:00:00,4772.0
2013-11-28 15:00:00,4965.0
2013-11-28 16:00:00,4935.0
2013-11-28 17:00:00,5417.0
2013-11-28 18:00:00,6210.0
2013-11-28 19:00:00,5980.0
2013-11-28 20:00:00,5972.0
2013-11-28 21:00:00,5550.0
2013-11-28 22:00:00,5135.0
2013-11-28 23:00:00,4210.0
2013-11-29 00:00:00,2358.0
2013-11-29 01:00:00,2017.0
2013-11-29 02:00:00,1944.0
2013-11-29 03:00:00,1832.0
2013-11-29 04:00:00,1840.0
2013-11-29 05:00:00,1899.0
2013-11-29 06:00:00,1831.0
2013-11-29 07:00:00,3735.0
2013-11-29 08:00:00,4114.0
2013-11-29 09:00:00,4988.0
2013-11-29 10:00:00,5060.0
2013-11-29 11:00:00,5165.0
2013-11-29 12:00:00,5239.0
2013-11-29 13:00:00,5364.0
2013-11-29 14:00:00,4802.0
2013-11-29 15:00:00,4914.0
2013-11-29 16:00:00,5246.0
2013-11-29 17:00:00,5891.0
2013-11-29 18:00:00,6661.0
2013-11-29 19:00:00,6394.0
2013-11-29 20:00:00,6238.0
2013-11-29 21:00:00,5794.0
2013-11-29 22:00:00,5261.0
2013-11-29 23:00:00,4365.0
2013-11-30 00:00:00,2461.0
2013-11-30 01:00:00,2105.0
2013-11-30 02:00:00,2010.0
2013-11-30 03:00:00,2017.0
2013-11-30 04:00:00,1965.0
2013-11-30 05:00:00,1965.0
2013-11-30 06:00:00,1920.0
2013-11-30 07:00:00,3639.0
2013-11-30 08:00:00,4069.0
2013-11-30 09:00:00,5172.0
2013-11-30 10:00:00,5536.0
2013-11-30 11:00:00,5084.0
2013-11-30 12:00:00,5305.0
2013-11-30 13:00:00,5210.0
2013-11-30 14:00:00,5090.0
2013-11-30 15:00:00,4995.0
2013-11-30 16:00:00,5283.0
2013-11-30 17:00:00,5668.0
2013-11-30 18:00:00,6291.0
2013-11-30 19:00:00,6098.0
2013-11-30 20:00:00,6173.0
2013-11-30 21:00:00,5623.0
2013-11-30 22:00:00,5239.0
2013-11-30 23:00:00,4113.0
2013-12-01 00:00:00,2402.0
2013-12-01 01:00:00,2091.0
2013-12-01 02:00:00,1988.0
2013-12-01 03:00:00,1928.0
2013-12-01 04:00:00,1957.0
2013-12-01 05:00:00,1950.0
2013-12-01 06:00:00,1928.0
2013-12-01 07:00:00,3780.0
2013-12-01 08:00:00,3838.0
2013-12-01 09:00:00,4846.0
2013-12-01 10:00:00,5135.0
2013-12-01 11:00:00,5091.0
2013-12-01 12:00:00,5210.0
2013-12-01 13:00:00,5061.0
2013-12-01 14:00:00,5128.0
2013-12-01 15:00:00,5216.0
2013-12-01 16:00:00,5336.0
2013-12-01 17:00:00,5660.0
2013-12-01 18:00:00,6387.0
2013-12-01 19:00:00,5875.0
2013-12-01 20:00:00,5698.0
2013-12-01 21:00:00,5564.0
2013-12-01 22:00:00,5061.0
2013-12-01 23:00:00,4016.0
2013-12-02 00:00:00,2632.0
2013-12-02 01:00:00,2053.0
2013-12-02 02:00:00,1951.0
2013-12-02 03:00:00,1877.0
2013-12-02 04:00:00,1883.0
2013-12-02 05:00:00,1958.0
2013-12-02 06:00:00,2008.0
2013-12-02 07:00:00,3831.0
2013-12-02 08:00:00,3823.0
2013-12-02 09:00:00,4876.0
2013-12-02 10:00:00,5136.0
2013-12-02 11:00:00,4853.0
2013-12-02 12:00:00,5225.0
2013-12-02 13:00:00,5076.0
2013-12-02 14:00:00,4935.0
2013-12-02 15:00:00,4972.0
2013-12-02 16:00:00,5314.0
2013-12-02 17:00:00,5558.0
2013-12-02 18:00:00,6010.0
2013-12-02 19:00:00,5854.0
2013-12-02 20:00:00,5683.0
2013-12-02 21:00:00,5617.0
2013-12-02 22:00:00,5270.0
2013-12-02 23:00:00,4261.0
2013-12-03 00:00:00,2883.0
2013-12-03 01:00:00,2083.0
2013-12-03 02:00:00,1921.0
2013-12-03 03:00:00,1883.0
2013-12-03 04:00:00,1831.0
2013-12-03 05:00:00,1862.0
2013-12-03 06:00:00,1883.0
2013-12-03 07:00:00,3655.0
2013-12-03 08:00:00,3661.0
2013-12-03 09:00:00,5003.0
2013-12-03 10:00:00,5328.0
2013-12-03 11:00:00,5039.0
2013-12-03 12:00:00,4861.0
2013-12-03 13:00:00,5010.0
2013-12-03 14:00:00,4883.0
2013-12-03 15:00:00,4913.0
2013-12-03 16:00:00,4972.0
2013-12-03 17:00:00,5521.0
2013-12-03 18:00:00,6321.0
2013-12-03 19:00:00,6261.0
2013-12-03 20:00:00,5898.0
2013-12-03 21:00:00,5661.0
2013-12-03 22:00:00,5253.0
2013-12-03 23:00:00,4439.0
2013-12-04 00:00:00,2587.0
2013-12-04 01:00:00,2061.0
2013-12-04 02:00:00,1884.0
2013-12-04 03:00:00,1877.0
2013-12-04 04:00:00,1810.0
2013-12-04 05:00:00,1891.0
2013-12-04 06:00:00,1810.0
2013-12-04 07:00:00,3698.0
2013-12-04 08:00:00,3646.0
2013-12-04 09:00:00,4862.0
2013-12-04 10:00:00,5098.0
2013-12-04 11:00:00,5032.0
2013-12-04 12:00:00,5313.0
2013-12-04 13:00:00,5268.0
2013-12-04 14:00:00,5046.0
2013-12-04 15:00:00,5069.0
2013-12-04 16:00:00,5527.0
2013-12-04 17:00:00,5535.0
2013-12-04 18:00:00,6254.0
2013-12-04 19:00:00,6098.0
2013-12-04 20:00:00,5973.0
2013-12-04 21:00:00,5676.0
2013-12-04 22:00:00,5084.0
2013-12-04 23:00:00,4194.0
2013-12-05 00:00:00,2247.0
2013-12-05 01:00:00,1942.0
2013-12-05 02:00:00,1861.0
2013-12-05 03:00:00,1876.0
2013-12-05 04:00:00,1788.0
2013-12-05 05:00:00,1786.0
2013-12-05 06:00:00,1780.0
2013-12-05 07:00:00,3772.0
2013-12-05 08:00:00,4112.0
2013-12-05 09:00:00,5187.0
2013-12-05 10:00:00,5409.0
2013-12-05 11:00:00,5202.0
2013-12-05 12:00:00,5446.0
2013-12-05 13:00:00,5262.0
2013-12-05 14:00:00,5150.0
2013-12-05 15:00:00,5283.0
2013-12-05 16:00:00,5432.0
2013-12-05 17:00:00,5617.0
2013-12-05 18:00:00,6439.0
2013-12-05 19:00:00,6357.0
2013-12-05 20:00:00,6321.0
2013-12-05 21:00:00,5854.0
2013-12-05 22:00:00,5329.0
2013-12-05 23:00:00,4506.0
2013-12-06 00:00:00,2616.0
2013-12-06 01:00:00,2017.0
2013-12-06 02:00:00,1921.0
2013-12-06 03:00:00,1958.0
2013-12-06 04:00:00,1839.0
2013-12-06 05:00:00,2002.0
2013-12-06 06:00:00,1884.0
2013-12-06 07:00:00,4165.0
2013-12-06 08:00:00,4157.0
2013-12-06 09:00:00,5009.0
2013-12-06 10:00:00,5150.0
2013-12-06 11:00:00,5306.0
2013-12-06 12:00:00,5009.0
2013-12-06 13:00:00,5010.0
2013-12-06 14:00:00,4861.0
2013-12-06 15:00:00,5283.0
2013-12-06 16:00:00,5447.0
2013-12-06 17:00:00,5891.0
2013-12-06 18:00:00,6254.0
2013-12-06 19:00:00,6335.0
2013-12-06 20:00:00,6180.0
2013-12-06 21:00:00,5780.0
2013-12-06 22:00:00,5314.0
2013-12-06 23:00:00,4224.0
2013-12-07 00:00:00,2513.0
2013-12-07 01:00:00,2069.0
2013-12-07 02:00:00,1921.0
2013-12-07 03:00:00,1883.0
2013-12-07 04:00:00,1832.0
2013-12-07 05:00:00,1906.0
2013-12-07 06:00:00,1824.0
2013-12-07 07:00:00,3646.0
2013-12-07 08:00:00,3802.0
2013-12-07 09:00:00,5254.0
2013-12-07 10:00:00,5202.0
2013-12-07 11:00:00,5106.0
2013-12-07 12:00:00,5128.0
2013-12-07 13:00:00,5105.0
2013-12-07 14:00:00,5053.0
2013-12-07 15:00:00,5047.0
2013-12-07 16:00:00,5283.0
2013-12-07 17:00:00,5942.0
2013-12-07 18:00:00,6223.0
2013-12-07 19:00:00,6401.0
2013-12-07 20:00:00,6165.0
2013-12-07 21:00:00,5609.0
2013-12-07 22:00:00,4996.0
2013-12-07 23:00:00,4432.0
2013-12-08 00:00:00,2720.0
2013-12-08 01:00:00,1995.0
2013-12-08 02:00:00,1942.0
2013-12-08 03:00:00,1921.0
2013-12-08 04:00:00,1891.0
2013-12-08 05:00:00,1936.0
2013-12-08 06:00:00,1876.0
2013-12-08 07:00:00,3810.0
2013-12-08 08:00:00,4076.0
2013-12-08 09:00:00,4853.0
2013-12-08 10:00:00,5083.0
2013-12-08 11:00:00,5483.0
2013-12-08 12:00:00,5379.0
2013-12-08 13:00:00,5291.0
2013-12-08 14:00:00,5350.0
2013-12-08 15:00:00,5261.0
2013-12-08 16:00:00,5159.0
2013-12-08 17:00:00,5594.0
2013-12-08 18:00:00,6290.0
2013-12-08 19:00:00,5943.0
2013-12-08 20:00:00,5877.0
2013-12-08 21:00:00,5647.0
2013-12-08 22:00:00,5054.0
2013-12-08 23:00:00,4195.0
2013-12-09 00:00:00,2698.0
2013-12-09 01:00:00,2039.0
2013-12-09 02:00:00,1883.0
2013-12-09 03:00:00,1884.0
2013-12-09 04:00:00,1853.0
2013-12-09 05:00:00,1869.0
2013-12-09 06:00:00,1824.0
2013-12-09 07:00:00,3617.0
2013-12-09 08:00:00,3513.0
2013-12-09 09:00:00,4788.0
2013-12-09 10:00:00,5076.0
2013-12-09 11:00:00,4721.0
2013-12-09 12:00:00,4994.0
2013-12-09 13:00:00,5239.0
2013-12-09 14:00:00,4773.0
2013-12-09 15:00:00,5009.0
2013-12-09 16:00:00,5128.0
2013-12-09 17:00:00,5557.0
2013-12-09 18:00:00,6149.0
2013-12-09 19:00:00,6030.0
2013-12-09 20:00:00,5758.0
2013-12-09 21:00:00,5617.0
2013-12-09 22:00:00,5157.0
2013-12-09 23:00:00,4202.0
2013-12-10 00:00:00,2416.0
2013-12-10 01:00:00,2083.0
2013-12-10 02:00:00,1965.0
2013-12-10 03:00:00,1906.0
2013-12-10 04:00:00,1929.0
2013-12-10 05:00:00,1980.0
2013-12-10 06:00:00,1913.0
2013-12-10 07:00:00,3854.0
2013-12-10 08:00:00,3616.0
2013-12-10 09:00:00,4898.0
2013-12-10 10:00:00,5098.0
2013-12-10 11:00:00,4942.0
2013-12-10 12:00:00,4943.0
2013-12-10 13:00:00,5025.0
2013-12-10 14:00:00,4868.0
2013-12-10 15:00:00,4780.0
2013-12-10 16:00:00,5468.0
2013-12-10 17:00:00,5609.0
2013-12-10 18:00:00,6164.0
2013-12-10 19:00:00,6032.0
2013-12-10 20:00:00,5757.0
2013-12-10 21:00:00,5468.0
2013-12-10 22:00:00,5173.0
2013-12-10 23:00:00,4142.0
2013-12-11 00:00:00,2350.0
2013-12-11 01:00:00,2024.0
2013-12-11 02:00:00,2002.0
2013-12-11 03:00:00,1994.0
2013-12-11 04:00:00,1891.0
2013-12-11 05:00:00,1958.0
2013-12-11 06:00:00,1907.0
2013-12-11 07:00:00,3735.0
2013-12-11 08:00:00,3573.0
2013-12-11 09:00:00,4788.0
2013-12-11 10:00:00,4994.0
2013-12-11 11:00:00,5106.0
2013-12-11 12:00:00,5136.0
2013-12-11 13:00:00,5195.0
2013-12-11 14:00:00,4979.0
2013-12-11 15:00:00,5077.0
2013-12-11 16:00:00,5461.0
2013-12-11 17:00:00,5742.0
2013-12-11 18:00:00,6409.0
2013-12-11 19:00:00,6158.0
2013-12-11 20:00:00,5964.0
2013-12-11 21:00:00,5809.0
2013-12-11 22:00:00,5365.0
2013-12-11 23:00:00,4513.0
2013-12-12 00:00:00,2491.0
2013-12-12 01:00:00,2202.0
2013-12-12 02:00:00,2084.0
2013-12-12 03:00:00,2061.0
2013-12-12 04:00:00,2090.0
2013-12-12 05:00:00,2193.0
2013-12-12 06:00:00,2068.0
2013-12-12 07:00:00,3935.0
2013-12-12 08:00:00,4069.0
2013-12-12 09:00:00,4817.0
2013-12-12 10:00:00,5565.0
2013-12-12 11:00:00,5535.0
2013-12-12 12:00:00,5255.0
2013-12-12 13:00:00,5312.0
2013-12-12 14:00:00,5024.0
2013-12-12 15:00:00,5143.0
2013-12-12 16:00:00,5321.0
2013-12-12 17:00:00,5712.0
2013-12-12 18:00:00,6381.0
2013-12-12 19:00:00,6158.0
2013-12-12 20:00:00,6031.0
2013-12-12 21:00:00,5757.0
2013-12-12 22:00:00,5349.0
2013-12-12 23:00:00,4217.0
2013-12-13 00:00:00,2565.0
2013-12-13 01:00:00,2179.0
2013-12-13 02:00:00,2098.0
2013-12-13 03:00:00,2062.0
2013-12-13 04:00:00,2107.0
2013-12-13 05:00:00,2201.0
2013-12-13 06:00:00,2128.0
2013-12-13 07:00:00,4186.0
2013-12-13 08:00:00,4165.0
2013-12-13 09:00:00,5328.0
2013-12-13 10:00:00,5623.0
2013-12-13 11:00:00,5476.0
2013-12-13 12:00:00,5772.0
2013-12-13 13:00:00,5802.0
2013-12-13 14:00:00,5119.0
2013-12-13 15:00:00,5165.0
2013-12-13 16:00:00,5394.0
2013-12-13 17:00:00,5817.0
2013-12-13 18:00:00,6647.0
2013-12-13 19:00:00,6416.0
2013-12-13 20:00:00,6491.0
2013-12-13 21:00:00,5936.0
2013-12-13 22:00:00,5425.0
2013-12-13 23:00:00,4550.0
2013-12-14 00:00:00,2780.0
2013-12-14 01:00:00,2290.0
2013-12-14 02:00:00,2135.0
2013-12-14 03:00:00,2149.0
2013-12-14 04:00:00,2202.0
2013-12-14 05:00:00,2232.0
2013-12-14 06:00:00,2194.0
2013-12-14 07:00:00,4143.0
2013-12-14 08:00:00,4253.0
2013-12-14 09:00:00,5298.0
2013-12-14 10:00:00,5676.0
2013-12-14 11:00:00,5698.0
2013-12-14 12:00:00,5624.0
2013-12-14 13:00:00,5706.0
2013-12-14 14:00:00,5343.0
2013-12-14 15:00:00,5461.0
2013-12-14 16:00:00,5706.0
2013-12-14 17:00:00,5921.0
2013-12-14 18:00:00,6617.0
2013-12-14 19:00:00,6203.0
2013-12-14 20:00:00,5987.0
2013-12-14 21:00:00,5825.0
2013-12-14 22:00:00,5328.0
2013-12-14 23:00:00,4602.0
2013-12-15 00:00:00,3172.0
2013-12-15 01:00:00,2521.0
2013-12-15 02:00:00,2298.0
2013-12-15 03:00:00,2417.0
2013-12-15 04:00:00,2364.0
2013-12-15 05:00:00,2371.0
2013-12-15 06:00:00,2291.0
2013-12-15 07:00:00,4246.0
2013-12-15 08:00:00,4358.0
2013-12-15 09:00:00,5587.0
2013-12-15 10:00:00,5047.0
2013-12-15 11:00:00,5433.0
2013-12-15 12:00:00,5743.0
2013-12-15 13:00:00,5683.0
2013-12-15 14:00:00,5699.0
2013-12-15 15:00:00,5357.0
2013-12-15 16:00:00,5358.0
2013-12-15 17:00:00,6106.0
2013-12-15 18:00:00,6476.0
2013-12-15 19:00:00,6105.0
2013-12-15 20:00:00,5899.0
2013-12-15 21:00:00,5862.0
2013-12-15 22:00:00,5417.0
2013-12-15 23:00:00,4617.0
2013-12-16 00:00:00,3291.0
2013-12-16 01:00:00,2631.0
2013-12-16 02:00:00,2291.0
2013-12-16 03:00:00,2335.0
2013-12-16 04:00:00,2349.0
2013-12-16 05:00:00,2379.0
2013-12-16 06:00:00,2320.0
2013-12-16 07:00:00,3965.0
2013-12-16 08:00:00,3965.0
2013-12-16 09:00:00,4943.0
2013-12-16 10:00:00,5424.0
2013-12-16 11:00:00,4914.0
2013-12-16 12:00:00,5195.0
2013-12-16 13:00:00,5159.0
2013-12-16 14:00:00,4742.0
2013-12-16 15:00:00,5038.0
2013-12-16 16:00:00,5246.0
2013-12-16 17:00:00,5706.0
2013-12-16 18:00:00,6210.0
2013-12-16 19:00:00,6106.0
2013-12-16 20:00:00,5825.0
2013-12-16 21:00:00,5683.0
2013-12-16 22:00:00,5520.0
2013-12-16 23:00:00,4594.0
2013-12-17 00:00:00,2972.0
2013-12-17 01:00:00,2387.0
2013-12-17 02:00:00,2202.0
2013-12-17 03:00:00,2202.0
2013-12-17 04:00:00,2150.0
2013-12-17 05:00:00,2232.0
2013-12-17 06:00:00,2165.0
2013-12-17 07:00:00,3899.0
2013-12-17 08:00:00,4032.0
2013-12-17 09:00:00,4957.0
2013-12-17 10:00:00,5505.0
2013-12-17 11:00:00,5439.0
2013-12-17 12:00:00,5387.0
2013-12-17 13:00:00,5232.0
2013-12-17 14:00:00,5225.0
2013-12-17 15:00:00,5238.0
2013-12-17 16:00:00,5135.0
2013-12-17 17:00:00,5513.0
2013-12-17 18:00:00,6267.0
2013-12-17 19:00:00,6172.0
2013-12-17 20:00:00,6142.0
2013-12-17 21:00:00,5810.0
2013-12-17 22:00:00,5424.0
2013-12-17 23:00:00,4624.0
2013-12-18 00:00:00,2994.0
2013-12-18 01:00:00,2536.0
2013-12-18 02:00:00,2047.0
2013-12-18 03:00:00,2084.0
2013-12-18 04:00:00,2083.0
2013-12-18 05:00:00,2076.0
2013-12-18 06:00:00,2047.0
2013-12-18 07:00:00,3691.0
2013-12-18 08:00:00,3557.0
2013-12-18 09:00:00,4824.0
2013-12-18 10:00:00,5253.0
2013-12-18 11:00:00,5476.0
2013-12-18 12:00:00,5492.0
2013-12-18 13:00:00,5218.0
2013-12-18 14:00:00,5136.0
2013-12-18 15:00:00,5224.0
2013-12-18 16:00:00,5372.0
2013-12-18 17:00:00,5913.0
2013-12-18 18:00:00,6424.0
2013-12-18 19:00:00,6055.0
2013-12-18 20:00:00,6238.0
2013-12-18 21:00:00,5817.0
2013-12-18 22:00:00,5424.0
2013-12-18 23:00:00,4180.0
2013-12-19 00:00:00,2750.0
2013-12-19 01:00:00,2432.0
2013-12-19 02:00:00,2380.0
2013-12-19 03:00:00,2423.0
2013-12-19 04:00:00,2364.0
2013-12-19 05:00:00,2498.0
2013-12-19 06:00:00,2364.0
2013-12-19 07:00:00,4068.0
2013-12-19 08:00:00,4647.0
2013-12-19 09:00:00,5261.0
2013-12-19 10:00:00,5497.0
2013-12-19 11:00:00,5165.0
2013-12-19 12:00:00,5521.0
2013-12-19 13:00:00,5328.0
2013-12-19 14:00:00,4912.0
2013-12-19 15:00:00,4719.0
2013-12-19 16:00:00,4817.0
2013-12-19 17:00:00,5371.0
2013-12-19 18:00:00,6047.0
2013-12-19 19:00:00,5831.0
2013-12-19 20:00:00,5542.0
2013-12-19 21:00:00,5409.0
2013-12-19 22:00:00,5186.0
2013-12-19 23:00:00,4112.0
2013-12-20 00:00:00,2943.0
2013-12-20 01:00:00,2239.0
2013-12-20 02:00:00,2150.0
2013-12-20 03:00:00,1988.0
2013-12-20 04:00:00,2047.0
2013-12-20 05:00:00,2098.0
2013-12-20 06:00:00,2076.0
2013-12-20 07:00:00,4268.0
2013-12-20 08:00:00,4416.0
2013-12-20 09:00:00,5134.0
2013-12-20 10:00:00,5069.0
2013-12-20 11:00:00,5083.0
2013-12-20 12:00:00,4935.0
2013-12-20 13:00:00,5269.0
2013-12-20 14:00:00,4624.0
2013-12-20 15:00:00,4691.0
2013-12-20 16:00:00,4855.0
2013-12-20 17:00:00,5335.0
2013-12-20 18:00:00,6128.0
2013-12-20 19:00:00,6003.0
2013-12-20 20:00:00,5543.0
2013-12-20 21:00:00,5461.0
2013-12-20 22:00:00,5068.0
2013-12-20 23:00:00,4232.0
2013-12-21 00:00:00,2743.0
2013-12-21 01:00:00,2032.0
2013-12-21 02:00:00,1906.0
2013-12-21 03:00:00,1877.0
2013-12-21 04:00:00,1935.0
2013-12-21 05:00:00,1876.0
2013-12-21 06:00:00,1795.0
2013-12-21 07:00:00,3949.0
2013-12-21 08:00:00,3788.0
2013-12-21 09:00:00,4728.0
2013-12-21 10:00:00,5232.0
2013-12-21 11:00:00,4943.0
2013-12-21 12:00:00,5187.0
2013-12-21 13:00:00,5408.0
2013-12-21 14:00:00,4958.0
2013-12-21 15:00:00,5061.0
2013-12-21 16:00:00,5046.0
2013-12-21 17:00:00,5602.0
2013-12-21 18:00:00,6194.0
2013-12-21 19:00:00,5995.0
2013-12-21 20:00:00,5758.0
2013-12-21 21:00:00,5343.0
2013-12-21 22:00:00,5039.0
2013-12-21 23:00:00,4284.0
2013-12-22 00:00:00,2727.0
2013-12-22 01:00:00,2750.0
2013-12-22 02:00:00,2839.0
2013-12-22 03:00:00,2854.0
2013-12-22 04:00:00,2914.0
2013-12-22 05:00:00,2898.0
2013-12-22 06:00:00,2832.0
2013-12-22 07:00:00,4379.0
2013-12-22 08:00:00,4225.0
2013-12-22 09:00:00,4765.0
2013-12-22 10:00:00,5105.0
2013-12-22 11:00:00,4898.0
2013-12-22 12:00:00,5780.0
2013-12-22 13:00:00,5498.0
2013-12-22 14:00:00,5165.0
2013-12-22 15:00:00,4869.0
2013-12-22 16:00:00,5305.0
2013-12-22 17:00:00,5262.0
2013-12-22 18:00:00,6216.0
2013-12-22 19:00:00,6180.0
2013-12-22 20:00:00,5884.0
2013-12-22 21:00:00,5483.0
2013-12-22 22:00:00,5165.0
2013-12-22 23:00:00,4291.0
2013-12-23 00:00:00,2698.0
2013-12-23 01:00:00,3194.0
2013-12-23 02:00:00,2728.0
2013-12-23 03:00:00,2684.0
2013-12-23 04:00:00,2795.0
2013-12-23 05:00:00,2699.0
2013-12-23 06:00:00,2683.0
2013-12-23 07:00:00,4632.0
2013-12-23 08:00:00,4491.0
2013-12-23 09:00:00,4639.0
2013-12-23 10:00:00,5313.0
2013-12-23 11:00:00,5639.0
2013-12-23 12:00:00,5528.0
2013-12-23 13:00:00,5431.0
2013-12-23 14:00:00,5195.0
2013-12-23 15:00:00,5810.0
2013-12-23 16:00:00,5453.0
2013-12-23 17:00:00,5728.0
2013-12-23 18:00:00,6290.0
2013-12-23 19:00:00,6373.0
2013-12-23 20:00:00,6070.0
2013-12-23 21:00:00,5802.0
2013-12-23 22:00:00,5564.0
2013-12-23 23:00:00,4905.0
2013-12-24 00:00:00,2928.0
2013-12-24 01:00:00,2247.0
2013-12-24 02:00:00,2099.0
2013-12-24 03:00:00,2068.0
2013-12-24 04:00:00,2047.0
2013-12-24 05:00:00,2046.0
2013-12-24 06:00:00,1980.0
2013-12-24 07:00:00,3877.0
2013-12-24 08:00:00,4077.0
2013-12-24 09:00:00,5239.0
2013-12-24 10:00:00,5898.0
2013-12-24 11:00:00,5757.0
2013-12-24 12:00:00,5202.0
2013-12-24 13:00:00,5276.0
2013-12-24 14:00:00,5025.0
2013-12-24 15:00:00,4869.0
2013-12-24 16:00:00,4883.0
2013-12-24 17:00:00,4964.0
2013-12-24 18:00:00,5038.0
2013-12-24 19:00:00,2690.0
2013-12-24 20:00:00,2187.0
2013-12-24 21:00:00,2269.0
2013-12-24 22:00:00,2171.0
2013-12-24 23:00:00,2047.0
2013-12-25 00:00:00,1869.0
2013-12-25 01:00:00,1905.0
2013-12-25 02:00:00,1840.0
2013-12-25 03:00:00,1891.0
2013-12-25 04:00:00,1773.0
2013-12-25 05:00:00,1788.0
2013-12-25 06:00:00,1787.0
2013-12-25 07:00:00,1817.0
2013-12-25 08:00:00,1839.0
2013-12-25 09:00:00,1899.0
2013-12-25 10:00:00,1965.0
2013-12-25 11:00:00,1950.0
2013-12-25 12:00:00,1950.0
2013-12-25 13:00:00,1965.0
2013-12-25 14:00:00,1936.0
2013-12-25 15:00:00,1943.0
2013-12-25 16:00:00,1943.0
2013-12-25 17:00:00,2009.0
2013-12-25 18:00:00,1988.0
2013-12-25 19:00:00,1981.0
2013-12-25 20:00:00,2054.0
2013-12-25 21:00:00,2025.0
2013-12-25 22:00:00,2017.0
2013-12-25 23:00:00,1847.0
2013-12-26 00:00:00,1728.0
2013-12-26 01:00:00,1736.0
2013-12-26 02:00:00,1780.0
2013-12-26 03:00:00,1839.0
2013-12-26 04:00:00,1823.0
2013-12-26 05:00:00,1751.0
2013-12-26 06:00:00,1758.0
2013-12-26 07:00:00,3609.0
2013-12-26 08:00:00,3557.0
2013-12-26 09:00:00,4520.0
2013-12-26 10:00:00,4928.0
2013-12-26 11:00:00,4994.0
2013-12-26 12:00:00,4868.0
2013-12-26 13:00:00,4928.0
2013-12-26 14:00:00,4801.0
2013-12-26 15:00:00,4906.0
2013-12-26 16:00:00,4921.0
2013-12-26 17:00:00,5403.0
2013-12-26 18:00:00,5906.0
2013-12-26 19:00:00,5876.0
2013-12-26 20:00:00,5550.0
2013-12-26 21:00:00,5372.0
2013-12-26 22:00:00,5260.0
2013-12-26 23:00:00,4381.0
2013-12-27 00:00:00,3557.0
2013-12-27 01:00:00,2424.0
2013-12-27 02:00:00,2061.0
2013-12-27 03:00:00,2143.0
2013-12-27 04:00:00,2054.0
2013-12-27 05:00:00,2025.0
2013-12-27 06:00:00,1987.0
2013-12-27 07:00:00,4017.0
2013-12-27 08:00:00,3779.0
2013-12-27 09:00:00,4950.0
2013-12-27 10:00:00,5164.0
2013-12-27 11:00:00,4928.0
2013-12-27 12:00:00,5224.0
2013-12-27 13:00:00,5113.0
2013-12-27 14:00:00,4876.0
2013-12-27 15:00:00,4971.0
2013-12-27 16:00:00,5432.0
2013-12-27 17:00:00,5986.0
2013-12-27 18:00:00,6047.0
2013-12-27 19:00:00,6017.0
2013-12-27 20:00:00,5810.0
2013-12-27 21:00:00,5571.0
2013-12-27 22:00:00,5490.0
2013-12-27 23:00:00,4432.0
2013-12-28 00:00:00,2905.0
2013-12-28 01:00:00,2758.0
2013-12-28 02:00:00,2558.0
2013-12-28 03:00:00,2551.0
2013-12-28 04:00:00,2416.0
2013-12-28 05:00:00,2202.0
2013-12-28 06:00:00,2017.0
2013-12-28 07:00:00,3520.0
2013-12-28 08:00:00,3514.0
2013-12-28 09:00:00,4447.0
2013-12-28 10:00:00,5010.0
2013-12-28 11:00:00,5202.0
2013-12-28 12:00:00,4973.0
2013-12-28 13:00:00,4728.0
2013-12-28 14:00:00,4558.0
2013-12-28 15:00:00,4831.0
2013-12-28 16:00:00,4705.0
2013-12-28 17:00:00,5054.0
2013-12-28 18:00:00,5654.0
2013-12-28 19:00:00,5795.0
2013-12-28 20:00:00,5544.0
2013-12-28 21:00:00,5224.0
2013-12-28 22:00:00,4862.0
2013-12-28 23:00:00,3929.0
2013-12-29 00:00:00,2447.0
2013-12-29 01:00:00,1995.0
2013-12-29 02:00:00,1861.0
2013-12-29 03:00:00,1914.0
2013-12-29 04:00:00,1854.0
2013-12-29 05:00:00,1817.0
2013-12-29 06:00:00,1780.0
2013-12-29 07:00:00,3410.0
2013-12-29 08:00:00,3528.0
2013-12-29 09:00:00,4595.0
2013-12-29 10:00:00,4831.0
2013-12-29 11:00:00,4958.0
2013-12-29 12:00:00,4816.0
2013-12-29 13:00:00,5062.0
2013-12-29 14:00:00,4980.0
2013-12-29 15:00:00,4891.0
2013-12-29 16:00:00,4847.0
2013-12-29 17:00:00,5535.0
2013-12-29 18:00:00,5780.0
2013-12-29 19:00:00,5773.0
2013-12-29 20:00:00,5587.0
2013-12-29 21:00:00,5188.0
2013-12-29 22:00:00,4936.0
2013-12-29 23:00:00,3958.0
2013-12-30 00:00:00,2476.0
2013-12-30 01:00:00,2460.0
2013-12-30 02:00:00,1868.0
2013-12-30 03:00:00,1877.0
2013-12-30 04:00:00,1846.0
2013-12-30 05:00:00,1765.0
2013-12-30 06:00:00,1772.0
2013-12-30 07:00:00,3291.0
2013-12-30 08:00:00,3327.0
2013-12-30 09:00:00,4417.0
2013-12-30 10:00:00,5268.0
2013-12-30 11:00:00,5305.0
2013-12-30 12:00:00,5364.0
2013-12-30 13:00:00,5053.0
2013-12-30 14:00:00,4535.0
2013-12-30 15:00:00,5032.0
2013-12-30 16:00:00,5068.0
2013-12-30 17:00:00,5262.0
2013-12-30 18:00:00,5758.0
2013-12-30 19:00:00,6112.0
2013-12-30 20:00:00,5920.0
2013-12-30 21:00:00,5535.0
2013-12-30 22:00:00,5290.0
2013-12-30 23:00:00,4461.0
2013-12-31 00:00:00,2877.0
2013-12-31 01:00:00,2313.0
2013-12-31 02:00:00,1943.0
2013-12-31 03:00:00,1987.0
2013-12-31 04:00:00,1980.0
2013-12-31 05:00:00,1935.0
2013-12-31 06:00:00,1921.0
2013-12-31 07:00:00,3736.0
2013-12-31 08:00:00,3698.0
2013-12-31 09:00:00,5016.0
2013-12-31 10:00:00,5128.0
2013-12-31 11:00:00,5210.0
2013-12-31 12:00:00,5121.0
2013-12-31 13:00:00,5002.0
2013-12-31 14:00:00,4980.0
2013-12-31 15:00:00,5046.0
2013-12-31 16:00:00,5070.0
2013-12-31 17:00:00,5276.0
2013-12-31 18:00:00,5343.0
2013-12-31 19:00:00,4787.0
2013-12-31 20:00:00,2691.0
2013-12-31 21:00:00,2150.0
2013-12-31 22:00:00,2157.0
2013-12-31 23:00:00,1928.0
2014-01-01 00:00:00,1787.0
2014-01-01 01:00:00,1795.0
2014-01-01 02:00:00,1788.0
2014-01-01 03:00:00,1810.0
2014-01-01 04:00:00,1780.0
2014-01-01 05:00:00,1751.0
2014-01-01 06:00:00,1795.0
2014-01-01 07:00:00,1780.0
2014-01-01 08:00:00,1876.0
2014-01-01 09:00:00,1986.0
2014-01-01 10:00:00,2061.0
2014-01-01 11:00:00,2002.0
2014-01-01 12:00:00,2053.0
2014-01-01 13:00:00,1981.0
2014-01-01 14:00:00,1972.0
2014-01-01 15:00:00,2009.0
2014-01-01 16:00:00,1995.0
2014-01-01 17:00:00,2075.0
2014-01-01 18:00:00,2106.0
2014-01-01 19:00:00,2047.0
2014-01-01 20:00:00,2113.0
2014-01-01 21:00:00,2112.0
2014-01-01 22:00:00,2158.0
2014-01-01 23:00:00,1943.0
2014-01-02 00:00:00,1907.0
2014-01-02 01:00:00,1884.0
2014-01-02 02:00:00,1898.0
2014-01-02 03:00:00,1935.0
2014-01-02 04:00:00,1935.0
2014-01-02 05:00:00,1920.0
2014-01-02 06:00:00,1928.0
2014-01-02 07:00:00,3684.0
2014-01-02 08:00:00,3639.0
2014-01-02 09:00:00,4610.0
2014-01-02 10:00:00,5165.0
2014-01-02 11:00:00,4913.0
2014-01-02 12:00:00,4913.0
2014-01-02 13:00:00,4950.0
2014-01-02 14:00:00,4669.0
2014-01-02 15:00:00,4668.0
2014-01-02 16:00:00,4735.0
2014-01-02 17:00:00,5275.0
2014-01-02 18:00:00,5616.0
2014-01-02 19:00:00,5476.0
2014-01-02 20:00:00,5417.0
2014-01-02 21:00:00,5240.0
2014-01-02 22:00:00,5335.0
2014-01-02 23:00:00,4365.0
2014-01-03 00:00:00,2617.0
2014-01-03 01:00:00,2165.0
2014-01-03 02:00:00,2076.0
2014-01-03 03:00:00,2084.0
2014-01-03 04:00:00,2076.0
2014-01-03 05:00:00,2076.0
2014-01-03 06:00:00,2039.0
2014-01-03 07:00:00,3572.0
2014-01-03 08:00:00,3683.0
2014-01-03 09:00:00,4831.0
2014-01-03 10:00:00,5031.0
2014-01-03 11:00:00,4980.0
2014-01-03 12:00:00,5017.0
2014-01-03 13:00:00,4712.0
2014-01-03 14:00:00,4891.0
2014-01-03 15:00:00,5247.0
2014-01-03 16:00:00,5076.0
2014-01-03 17:00:00,5750.0
2014-01-03 18:00:00,6209.0
2014-01-03 19:00:00,6010.0
2014-01-03 20:00:00,5809.0
2014-01-03 21:00:00,5564.0
2014-01-03 22:00:00,5387.0
2014-01-03 23:00:00,4328.0
2014-01-04 00:00:00,2573.0
2014-01-04 01:00:00,2113.0
2014-01-04 02:00:00,2039.0
2014-01-04 03:00:00,2069.0
2014-01-04 04:00:00,2009.0
2014-01-04 05:00:00,2018.0
2014-01-04 06:00:00,1943.0
2014-01-04 07:00:00,3795.0
2014-01-04 08:00:00,3720.0
2014-01-04 09:00:00,4810.0
2014-01-04 10:00:00,4891.0
2014-01-04 11:00:00,5039.0
2014-01-04 12:00:00,5053.0
2014-01-04 13:00:00,4795.0
2014-01-04 14:00:00,4565.0
2014-01-04 15:00:00,4617.0
2014-01-04 16:00:00,5010.0
2014-01-04 17:00:00,5447.0
2014-01-04 18:00:00,5898.0
2014-01-04 19:00:00,5809.0
2014-01-04 20:00:00,5424.0
2014-01-04 21:00:00,5202.0
2014-01-04 22:00:00,5114.0
2014-01-04 23:00:00,3935.0
2014-01-05 00:00:00,2343.0
2014-01-05 01:00:00,1744.0
2014-01-05 02:00:00,1713.0
2014-01-05 03:00:00,1735.0
2014-01-05 04:00:00,1743.0
2014-01-05 05:00:00,1736.0
2014-01-05 06:00:00,1728.0
2014-01-05 07:00:00,3417.0
2014-01-05 08:00:00,3276.0
2014-01-05 09:00:00,4892.0
2014-01-05 10:00:00,5016.0
2014-01-05 11:00:00,5424.0
2014-01-05 12:00:00,5349.0
2014-01-05 13:00:00,5343.0
2014-01-05 14:00:00,4831.0
2014-01-05 15:00:00,4892.0
2014-01-05 16:00:00,5195.0
2014-01-05 17:00:00,5439.0
2014-01-05 18:00:00,5861.0
2014-01-05 19:00:00,5869.0
2014-01-05 20:00:00,5409.0
2014-01-05 21:00:00,5357.0
2014-01-05 22:00:00,5106.0
2014-01-05 23:00:00,4135.0
2014-01-06 00:00:00,2387.0
2014-01-06 01:00:00,2135.0
2014-01-06 02:00:00,2030.0
2014-01-06 03:00:00,2076.0
2014-01-06 04:00:00,2017.0
2014-01-06 05:00:00,2046.0
2014-01-06 06:00:00,2017.0
2014-01-06 07:00:00,3616.0
2014-01-06 08:00:00,3869.0
2014-01-06 09:00:00,4743.0
2014-01-06 10:00:00,5284.0
2014-01-06 11:00:00,5291.0
2014-01-06 12:00:00,4994.0
2014-01-06 13:00:00,4891.0
2014-01-06 14:00:00,4372.0
2014-01-06 15:00:00,4498.0
2014-01-06 16:00:00,4847.0
2014-01-06 17:00:00,5380.0
2014-01-06 18:00:00,5840.0
2014-01-06 19:00:00,5728.0
2014-01-06 20:00:00,5580.0
2014-01-06 21:00:00,5358.0
2014-01-06 22:00:00,5127.0
2014-01-06 23:00:00,4031.0
2014-01-07 00:00:00,2684.0
2014-01-07 01:00:00,2187.0
2014-01-07 02:00:00,2150.0
2014-01-07 03:00:00,2143.0
2014-01-07 04:00:00,2112.0
2014-01-07 05:00:00,2084.0
2014-01-07 06:00:00,2047.0
2014-01-07 07:00:00,3839.0
2014-01-07 08:00:00,3758.0
2014-01-07 09:00:00,4714.0
2014-01-07 10:00:00,4935.0
2014-01-07 11:00:00,5009.0
2014-01-07 12:00:00,4735.0
2014-01-07 13:00:00,4661.0
2014-01-07 14:00:00,5024.0
2014-01-07 15:00:00,4987.0
2014-01-07 16:00:00,5217.0
2014-01-07 17:00:00,5690.0
2014-01-07 18:00:00,5721.0
2014-01-07 19:00:00,5988.0
2014-01-07 20:00:00,5335.0
2014-01-07 21:00:00,5321.0
2014-01-07 22:00:00,5231.0
2014-01-07 23:00:00,4077.0
2014-01-08 00:00:00,2246.0
2014-01-08 01:00:00,2061.0
2014-01-08 02:00:00,1971.0
2014-01-08 03:00:00,1942.0
2014-01-08 04:00:00,1840.0
2014-01-08 05:00:00,1890.0
2014-01-08 06:00:00,1795.0
2014-01-08 07:00:00,3594.0
2014-01-08 08:00:00,3439.0
2014-01-08 09:00:00,4854.0
2014-01-08 10:00:00,4838.0
2014-01-08 11:00:00,4891.0
2014-01-08 12:00:00,4728.0
2014-01-08 13:00:00,4832.0
2014-01-08 14:00:00,4647.0
2014-01-08 15:00:00,4920.0
2014-01-08 16:00:00,4743.0
2014-01-08 17:00:00,5379.0
2014-01-08 18:00:00,5958.0
2014-01-08 19:00:00,5890.0
2014-01-08 20:00:00,5514.0
2014-01-08 21:00:00,5512.0
2014-01-08 22:00:00,5283.0
2014-01-08 23:00:00,4009.0
2014-01-09 00:00:00,2351.0
2014-01-09 01:00:00,2113.0
2014-01-09 02:00:00,1965.0
2014-01-09 03:00:00,2024.0
2014-01-09 04:00:00,1942.0
2014-01-09 05:00:00,1973.0
2014-01-09 06:00:00,1913.0
2014-01-09 07:00:00,3506.0
2014-01-09 08:00:00,3492.0
2014-01-09 09:00:00,4884.0
2014-01-09 10:00:00,4943.0
2014-01-09 11:00:00,5017.0
2014-01-09 12:00:00,4816.0
2014-01-09 13:00:00,5040.0
2014-01-09 14:00:00,4787.0
2014-01-09 15:00:00,4765.0
2014-01-09 16:00:00,5061.0
2014-01-09 17:00:00,5498.0
2014-01-09 18:00:00,5980.0
2014-01-09 19:00:00,5958.0
2014-01-09 20:00:00,5623.0
2014-01-09 21:00:00,5402.0
2014-01-09 22:00:00,5292.0
2014-01-09 23:00:00,4121.0
2014-01-10 00:00:00,2431.0
2014-01-10 01:00:00,2061.0
2014-01-10 02:00:00,1987.0
2014-01-10 03:00:00,2002.0
2014-01-10 04:00:00,1928.0
2014-01-10 05:00:00,1905.0
2014-01-10 06:00:00,1847.0
2014-01-10 07:00:00,3765.0
2014-01-10 08:00:00,3557.0
2014-01-10 09:00:00,4610.0
2014-01-10 10:00:00,4927.0
2014-01-10 11:00:00,4742.0
2014-01-10 12:00:00,4735.0
2014-01-10 13:00:00,4942.0
2014-01-10 14:00:00,4691.0
2014-01-10 15:00:00,4787.0
2014-01-10 16:00:00,4972.0
2014-01-10 17:00:00,5565.0
2014-01-10 18:00:00,5906.0
2014-01-10 19:00:00,6017.0
2014-01-10 20:00:00,5935.0
2014-01-10 21:00:00,5587.0
2014-01-10 22:00:00,5112.0
2014-01-10 23:00:00,4157.0
2014-01-11 00:00:00,2476.0
2014-01-11 01:00:00,2083.0
2014-01-11 02:00:00,2054.0
2014-01-11 03:00:00,2046.0
2014-01-11 04:00:00,1972.0
2014-01-11 05:00:00,1907.0
2014-01-11 06:00:00,1869.0
2014-01-11 07:00:00,3550.0
2014-01-11 08:00:00,3165.0
2014-01-11 09:00:00,4646.0
2014-01-11 10:00:00,5587.0
2014-01-11 11:00:00,5409.0
2014-01-11 12:00:00,5158.0
2014-01-11 13:00:00,5180.0
2014-01-11 14:00:00,4928.0
2014-01-11 15:00:00,4995.0
2014-01-11 16:00:00,4891.0
2014-01-11 17:00:00,5735.0
2014-01-11 18:00:00,6143.0
2014-01-11 19:00:00,6164.0
2014-01-11 20:00:00,5876.0
2014-01-11 21:00:00,5380.0
2014-01-11 22:00:00,5120.0
2014-01-11 23:00:00,4335.0
2014-01-12 00:00:00,2365.0
2014-01-12 01:00:00,2149.0
2014-01-12 02:00:00,2032.0
2014-01-12 03:00:00,2075.0
2014-01-12 04:00:00,2003.0
2014-01-12 05:00:00,2039.0
2014-01-12 06:00:00,1957.0
2014-01-12 07:00:00,3728.0
2014-01-12 08:00:00,3809.0
2014-01-12 09:00:00,5217.0
2014-01-12 10:00:00,5358.0
2014-01-12 11:00:00,5616.0
2014-01-12 12:00:00,5046.0
2014-01-12 13:00:00,5076.0
2014-01-12 14:00:00,5386.0
2014-01-12 15:00:00,5033.0
2014-01-12 16:00:00,4884.0
2014-01-12 17:00:00,5290.0
2014-01-12 18:00:00,5906.0
2014-01-12 19:00:00,6061.0
2014-01-12 20:00:00,5571.0
2014-01-12 21:00:00,5512.0
2014-01-12 22:00:00,5343.0
2014-01-12 23:00:00,4253.0
2014-01-13 00:00:00,2654.0
2014-01-13 01:00:00,2357.0
2014-01-13 02:00:00,2194.0
2014-01-13 03:00:00,2105.0
2014-01-13 04:00:00,1943.0
2014-01-13 05:00:00,1965.0
2014-01-13 06:00:00,1942.0
2014-01-13 07:00:00,3633.0
2014-01-13 08:00:00,3617.0
2014-01-13 09:00:00,4610.0
2014-01-13 10:00:00,4921.0
2014-01-13 11:00:00,5306.0
2014-01-13 12:00:00,4913.0
2014-01-13 13:00:00,4751.0
2014-01-13 14:00:00,4698.0
2014-01-13 15:00:00,4846.0
2014-01-13 16:00:00,5083.0
2014-01-13 17:00:00,5439.0
2014-01-13 18:00:00,6002.0
2014-01-13 19:00:00,6106.0
2014-01-13 20:00:00,5550.0
2014-01-13 21:00:00,5410.0
2014-01-13 22:00:00,5031.0
2014-01-13 23:00:00,4203.0
2014-01-14 00:00:00,2602.0
2014-01-14 01:00:00,2647.0
2014-01-14 02:00:00,2276.0
2014-01-14 03:00:00,2232.0
2014-01-14 04:00:00,2157.0
2014-01-14 05:00:00,2157.0
2014-01-14 06:00:00,2061.0
2014-01-14 07:00:00,3868.0
2014-01-14 08:00:00,3742.0
2014-01-14 09:00:00,4677.0
2014-01-14 10:00:00,5254.0
2014-01-14 11:00:00,5105.0
2014-01-14 12:00:00,5076.0
2014-01-14 13:00:00,5342.0
2014-01-14 14:00:00,5084.0
2014-01-14 15:00:00,5038.0
2014-01-14 16:00:00,5217.0
2014-01-14 17:00:00,5942.0
2014-01-14 18:00:00,6194.0
2014-01-14 19:00:00,6166.0
2014-01-14 20:00:00,5698.0
2014-01-14 21:00:00,5550.0
2014-01-14 22:00:00,5446.0
2014-01-14 23:00:00,4113.0
2014-01-15 00:00:00,2595.0
2014-01-15 01:00:00,2261.0
2014-01-15 02:00:00,2173.0
2014-01-15 03:00:00,2136.0
2014-01-15 04:00:00,2068.0
2014-01-15 05:00:00,2038.0
2014-01-15 06:00:00,2010.0
2014-01-15 07:00:00,3639.0
2014-01-15 08:00:00,3565.0
2014-01-15 09:00:00,4832.0
2014-01-15 10:00:00,5418.0
2014-01-15 11:00:00,5313.0
2014-01-15 12:00:00,5283.0
2014-01-15 13:00:00,4943.0
2014-01-15 14:00:00,4965.0
2014-01-15 15:00:00,5151.0
2014-01-15 16:00:00,5165.0
2014-01-15 17:00:00,5572.0
2014-01-15 18:00:00,6053.0
2014-01-15 19:00:00,5964.0
2014-01-15 20:00:00,5491.0
2014-01-15 21:00:00,5580.0
2014-01-15 22:00:00,5423.0
2014-01-15 23:00:00,4409.0
2014-01-16 00:00:00,2646.0
2014-01-16 01:00:00,2320.0
2014-01-16 02:00:00,2172.0
2014-01-16 03:00:00,2150.0
2014-01-16 04:00:00,2068.0
2014-01-16 05:00:00,2060.0
2014-01-16 06:00:00,1980.0
2014-01-16 07:00:00,3721.0
2014-01-16 08:00:00,3669.0
2014-01-16 09:00:00,4713.0
2014-01-16 10:00:00,5351.0
2014-01-16 11:00:00,5150.0
2014-01-16 12:00:00,4809.0
2014-01-16 13:00:00,4891.0
2014-01-16 14:00:00,4617.0
2014-01-16 15:00:00,5276.0
2014-01-16 16:00:00,4929.0
2014-01-16 17:00:00,5373.0
2014-01-16 18:00:00,5876.0
2014-01-16 19:00:00,6009.0
2014-01-16 20:00:00,5735.0
2014-01-16 21:00:00,5469.0
2014-01-16 22:00:00,5328.0
2014-01-16 23:00:00,4386.0
2014-01-17 00:00:00,2528.0
2014-01-17 01:00:00,2091.0
2014-01-17 02:00:00,1877.0
2014-01-17 03:00:00,1868.0
2014-01-17 04:00:00,1668.0
2014-01-17 05:00:00,1803.0
2014-01-17 06:00:00,1750.0
2014-01-17 07:00:00,3417.0
2014-01-17 08:00:00,3639.0
2014-01-17 09:00:00,4513.0
2014-01-17 10:00:00,5158.0
2014-01-17 11:00:00,5225.0
2014-01-17 12:00:00,5239.0
2014-01-17 13:00:00,5201.0
2014-01-17 14:00:00,4712.0
2014-01-17 15:00:00,4802.0
2014-01-17 16:00:00,5084.0
2014-01-17 17:00:00,5720.0
2014-01-17 18:00:00,6165.0
2014-01-17 19:00:00,6054.0
2014-01-17 20:00:00,5513.0
2014-01-17 21:00:00,5490.0
2014-01-17 22:00:00,5202.0
2014-01-17 23:00:00,4135.0
2014-01-18 00:00:00,2395.0
2014-01-18 01:00:00,2024.0
2014-01-18 02:00:00,1846.0
2014-01-18 03:00:00,1899.0
2014-01-18 04:00:00,1773.0
2014-01-18 05:00:00,1758.0
2014-01-18 06:00:00,1720.0
2014-01-18 07:00:00,3431.0
2014-01-18 08:00:00,3312.0
2014-01-18 09:00:00,4728.0
2014-01-18 10:00:00,5351.0
2014-01-18 11:00:00,5284.0
2014-01-18 12:00:00,5232.0
2014-01-18 13:00:00,5240.0
2014-01-18 14:00:00,4839.0
2014-01-18 15:00:00,5113.0
2014-01-18 16:00:00,5136.0
2014-01-18 17:00:00,5684.0
2014-01-18 18:00:00,5987.0
2014-01-18 19:00:00,5884.0
2014-01-18 20:00:00,5542.0
2014-01-18 21:00:00,5491.0
2014-01-18 22:00:00,4972.0
2014-01-18 23:00:00,4143.0
2014-01-19 00:00:00,2424.0
2014-01-19 01:00:00,1847.0
2014-01-19 02:00:00,1742.0
2014-01-19 03:00:00,1720.0
2014-01-19 04:00:00,1646.0
2014-01-19 05:00:00,1639.0
2014-01-19 06:00:00,1609.0
2014-01-19 07:00:00,3446.0
2014-01-19 08:00:00,3209.0
2014-01-19 09:00:00,4825.0
2014-01-19 10:00:00,5542.0
2014-01-19 11:00:00,5408.0
2014-01-19 12:00:00,5372.0
2014-01-19 13:00:00,5446.0
2014-01-19 14:00:00,5210.0
2014-01-19 15:00:00,5061.0
2014-01-19 16:00:00,4950.0
2014-01-19 17:00:00,5499.0
2014-01-19 18:00:00,6039.0
2014-01-19 19:00:00,6008.0
2014-01-19 20:00:00,5572.0
2014-01-19 21:00:00,5550.0
2014-01-19 22:00:00,5187.0
2014-01-19 23:00:00,4268.0
2014-01-20 00:00:00,2617.0
2014-01-20 01:00:00,2217.0
2014-01-20 02:00:00,2040.0
2014-01-20 03:00:00,2053.0
2014-01-20 04:00:00,2017.0
2014-01-20 05:00:00,2002.0
2014-01-20 06:00:00,1928.0
2014-01-20 07:00:00,3735.0
2014-01-20 08:00:00,3571.0
2014-01-20 09:00:00,4647.0
2014-01-20 10:00:00,5150.0
2014-01-20 11:00:00,5016.0
2014-01-20 12:00:00,5017.0
2014-01-20 13:00:00,4920.0
2014-01-20 14:00:00,4877.0
2014-01-20 15:00:00,4706.0
2014-01-20 16:00:00,5002.0
2014-01-20 17:00:00,5388.0
2014-01-20 18:00:00,5803.0
2014-01-20 19:00:00,6009.0
2014-01-20 20:00:00,5876.0
2014-01-20 21:00:00,5461.0
2014-01-20 22:00:00,5232.0
2014-01-20 23:00:00,4158.0
2014-01-21 00:00:00,2602.0
2014-01-21 01:00:00,2475.0
2014-01-21 02:00:00,2084.0
2014-01-21 03:00:00,2113.0
2014-01-21 04:00:00,2016.0
2014-01-21 05:00:00,1979.0
2014-01-21 06:00:00,1980.0
2014-01-21 07:00:00,3639.0
2014-01-21 08:00:00,3506.0
2014-01-21 09:00:00,4913.0
2014-01-21 10:00:00,5268.0
2014-01-21 11:00:00,5091.0
2014-01-21 12:00:00,5112.0
2014-01-21 13:00:00,4839.0
2014-01-21 14:00:00,4690.0
2014-01-21 15:00:00,4965.0
2014-01-21 16:00:00,4921.0
2014-01-21 17:00:00,5432.0
2014-01-21 18:00:00,5950.0
2014-01-21 19:00:00,6232.0
2014-01-21 20:00:00,5690.0
2014-01-21 21:00:00,5491.0
2014-01-21 22:00:00,5336.0
2014-01-21 23:00:00,4180.0
2014-01-22 00:00:00,2438.0
2014-01-22 01:00:00,2262.0
2014-01-22 02:00:00,2121.0
2014-01-22 03:00:00,2157.0
2014-01-22 04:00:00,2032.0
2014-01-22 05:00:00,2039.0
2014-01-22 06:00:00,2032.0
2014-01-22 07:00:00,3668.0
2014-01-22 08:00:00,3520.0
2014-01-22 09:00:00,4995.0
2014-01-22 10:00:00,5284.0
2014-01-22 11:00:00,5402.0
2014-01-22 12:00:00,4891.0
2014-01-22 13:00:00,5299.0
2014-01-22 14:00:00,4675.0
2014-01-22 15:00:00,4772.0
2014-01-22 16:00:00,4764.0
2014-01-22 17:00:00,5269.0
2014-01-22 18:00:00,5913.0
2014-01-22 19:00:00,6098.0
2014-01-22 20:00:00,5794.0
2014-01-22 21:00:00,5550.0
2014-01-22 22:00:00,4950.0
2014-01-22 23:00:00,4187.0
2014-01-23 00:00:00,2232.0
2014-01-23 01:00:00,1936.0
2014-01-23 02:00:00,1824.0
2014-01-23 03:00:00,1869.0
2014-01-23 04:00:00,1758.0
2014-01-23 05:00:00,1765.0
2014-01-23 06:00:00,1646.0
2014-01-23 07:00:00,3254.0
2014-01-23 08:00:00,3134.0
2014-01-23 09:00:00,4557.0
2014-01-23 10:00:00,5336.0
2014-01-23 11:00:00,4868.0
2014-01-23 12:00:00,5151.0
2014-01-23 13:00:00,4861.0
2014-01-23 14:00:00,4825.0
2014-01-23 15:00:00,5002.0
2014-01-23 16:00:00,5077.0
2014-01-23 17:00:00,5491.0
2014-01-23 18:00:00,5972.0
2014-01-23 19:00:00,5950.0
2014-01-23 20:00:00,5587.0
2014-01-23 21:00:00,5565.0
2014-01-23 22:00:00,5210.0
2014-01-23 23:00:00,4106.0
2014-01-24 00:00:00,2617.0
2014-01-24 01:00:00,2120.0
2014-01-24 02:00:00,1957.0
2014-01-24 03:00:00,2009.0
2014-01-24 04:00:00,1965.0
2014-01-24 05:00:00,1987.0
2014-01-24 06:00:00,1921.0
2014-01-24 07:00:00,3690.0
2014-01-24 08:00:00,3550.0
2014-01-24 09:00:00,5046.0
2014-01-24 10:00:00,5521.0
2014-01-24 11:00:00,5121.0
2014-01-24 12:00:00,5090.0
2014-01-24 13:00:00,4942.0
2014-01-24 14:00:00,4891.0
2014-01-24 15:00:00,5135.0
2014-01-24 16:00:00,5224.0
2014-01-24 17:00:00,5482.0
2014-01-24 18:00:00,5920.0
2014-01-24 19:00:00,6098.0
2014-01-24 20:00:00,5823.0
2014-01-24 21:00:00,5595.0
2014-01-24 22:00:00,5180.0
2014-01-24 23:00:00,4246.0
2014-01-25 00:00:00,2683.0
2014-01-25 01:00:00,2142.0
2014-01-25 02:00:00,2018.0
2014-01-25 03:00:00,2090.0
2014-01-25 04:00:00,1994.0
2014-01-25 05:00:00,2016.0
2014-01-25 06:00:00,1898.0
2014-01-25 07:00:00,3728.0
2014-01-25 08:00:00,3661.0
2014-01-25 09:00:00,5253.0
2014-01-25 10:00:00,5921.0
2014-01-25 11:00:00,5364.0
2014-01-25 12:00:00,5447.0
2014-01-25 13:00:00,5180.0
2014-01-25 14:00:00,5018.0
2014-01-25 15:00:00,5350.0
2014-01-25 16:00:00,5343.0
2014-01-25 17:00:00,5402.0
2014-01-25 18:00:00,5905.0
2014-01-25 19:00:00,6438.0
2014-01-25 20:00:00,5809.0
2014-01-25 21:00:00,5675.0
2014-01-25 22:00:00,5142.0
2014-01-25 23:00:00,4105.0
2014-01-26 00:00:00,2566.0
2014-01-26 01:00:00,2224.0
2014-01-26 02:00:00,1906.0
2014-01-26 03:00:00,1920.0
2014-01-26 04:00:00,1884.0
2014-01-26 05:00:00,1862.0
2014-01-26 06:00:00,1869.0
2014-01-26 07:00:00,3795.0
2014-01-26 08:00:00,3877.0
2014-01-26 09:00:00,5105.0
2014-01-26 10:00:00,5469.0
2014-01-26 11:00:00,5491.0
2014-01-26 12:00:00,5394.0
2014-01-26 13:00:00,5342.0
2014-01-26 14:00:00,5099.0
2014-01-26 15:00:00,5194.0
2014-01-26 16:00:00,5379.0
2014-01-26 17:00:00,5920.0
2014-01-26 18:00:00,6164.0
2014-01-26 19:00:00,6173.0
2014-01-26 20:00:00,5779.0
2014-01-26 21:00:00,5617.0
2014-01-26 22:00:00,5239.0
2014-01-26 23:00:00,4091.0
2014-01-27 00:00:00,2647.0
2014-01-27 01:00:00,2254.0
2014-01-27 02:00:00,2099.0
2014-01-27 03:00:00,2121.0
2014-01-27 04:00:00,2002.0
2014-01-27 05:00:00,2002.0
2014-01-27 06:00:00,1854.0
2014-01-27 07:00:00,3498.0
2014-01-27 08:00:00,3425.0
2014-01-27 09:00:00,4772.0
2014-01-27 10:00:00,5173.0
2014-01-27 11:00:00,4950.0
2014-01-27 12:00:00,4898.0
2014-01-27 13:00:00,4764.0
2014-01-27 14:00:00,4632.0
2014-01-27 15:00:00,4898.0
2014-01-27 16:00:00,4690.0
2014-01-27 17:00:00,5462.0
2014-01-27 18:00:00,6017.0
2014-01-27 19:00:00,5883.0
2014-01-27 20:00:00,5602.0
2014-01-27 21:00:00,5461.0
2014-01-27 22:00:00,5320.0
2014-01-27 23:00:00,4425.0
2014-01-28 00:00:00,2898.0
2014-01-28 01:00:00,2380.0
2014-01-28 02:00:00,2209.0
2014-01-28 03:00:00,2179.0
2014-01-28 04:00:00,2151.0
2014-01-28 05:00:00,2105.0
2014-01-28 06:00:00,2062.0
2014-01-28 07:00:00,3632.0
2014-01-28 08:00:00,3314.0
2014-01-28 09:00:00,4869.0
2014-01-28 10:00:00,5246.0
2014-01-28 11:00:00,5417.0
2014-01-28 12:00:00,5342.0
2014-01-28 13:00:00,5239.0
2014-01-28 14:00:00,5187.0
2014-01-28 15:00:00,5024.0
2014-01-28 16:00:00,4957.0
2014-01-28 17:00:00,5498.0
2014-01-28 18:00:00,5847.0
2014-01-28 19:00:00,5980.0
2014-01-28 20:00:00,5527.0
2014-01-28 21:00:00,5558.0
2014-01-28 22:00:00,5253.0
2014-01-28 23:00:00,4329.0
2014-01-29 00:00:00,2617.0
2014-01-29 01:00:00,2239.0
2014-01-29 02:00:00,2084.0
2014-01-29 03:00:00,2002.0
2014-01-29 04:00:00,1884.0
2014-01-29 05:00:00,2009.0
2014-01-29 06:00:00,1914.0
2014-01-29 07:00:00,3388.0
2014-01-29 08:00:00,3298.0
2014-01-29 09:00:00,4794.0
2014-01-29 10:00:00,4876.0
2014-01-29 11:00:00,4883.0
2014-01-29 12:00:00,4950.0
2014-01-29 13:00:00,4855.0
2014-01-29 14:00:00,4594.0
2014-01-29 15:00:00,4920.0
2014-01-29 16:00:00,4690.0
2014-01-29 17:00:00,5240.0
2014-01-29 18:00:00,5758.0
2014-01-29 19:00:00,6001.0
2014-01-29 20:00:00,5683.0
2014-01-29 21:00:00,5372.0
2014-01-29 22:00:00,5165.0
2014-01-29 23:00:00,4290.0
2014-01-30 00:00:00,2647.0
2014-01-30 01:00:00,2194.0
2014-01-30 02:00:00,2054.0
2014-01-30 03:00:00,2031.0
2014-01-30 04:00:00,1994.0
2014-01-30 05:00:00,1950.0
2014-01-30 06:00:00,1906.0
2014-01-30 07:00:00,3432.0
2014-01-30 08:00:00,3403.0
2014-01-30 09:00:00,4625.0
2014-01-30 10:00:00,4942.0
2014-01-30 11:00:00,4987.0
2014-01-30 12:00:00,4631.0
2014-01-30 13:00:00,4928.0
2014-01-30 14:00:00,4654.0
2014-01-30 15:00:00,4653.0
2014-01-30 16:00:00,4668.0
2014-01-30 17:00:00,5290.0
2014-01-30 18:00:00,5898.0
2014-01-30 19:00:00,6150.0
2014-01-30 20:00:00,5556.0
2014-01-30 21:00:00,5498.0
2014-01-30 22:00:00,5143.0
2014-01-30 23:00:00,4239.0
2014-01-31 00:00:00,2483.0
2014-01-31 01:00:00,2186.0
2014-01-31 02:00:00,2023.0
2014-01-31 03:00:00,2032.0
2014-01-31 04:00:00,1928.0
2014-01-31 05:00:00,1899.0
2014-01-31 06:00:00,1913.0
2014-01-31 07:00:00,3529.0
2014-01-31 08:00:00,3499.0
2014-01-31 09:00:00,4913.0
2014-01-31 10:00:00,5201.0
2014-01-31 11:00:00,5173.0
2014-01-31 12:00:00,5024.0
2014-01-31 13:00:00,5240.0
2014-01-31 14:00:00,4875.0
2014-01-31 15:00:00,5291.0
2014-01-31 16:00:00,5017.0
2014-01-31 17:00:00,5402.0
2014-01-31 18:00:00,6017.0
2014-01-31 19:00:00,6254.0
2014-01-31 20:00:00,6002.0
2014-01-31 21:00:00,5647.0
2014-01-31 22:00:00,5283.0
2014-01-31 23:00:00,4357.0
2014-02-01 00:00:00,2943.0
2014-02-01 01:00:00,2372.0
2014-02-01 02:00:00,2187.0
2014-02-01 03:00:00,2268.0
2014-02-01 04:00:00,2224.0
2014-02-01 05:00:00,2091.0
2014-02-01 06:00:00,2039.0
2014-02-01 07:00:00,3824.0
2014-02-01 08:00:00,3527.0
2014-02-01 09:00:00,5105.0
2014-02-01 10:00:00,5203.0
2014-02-01 11:00:00,5209.0
2014-02-01 12:00:00,4898.0
2014-02-01 13:00:00,4921.0
2014-02-01 14:00:00,4957.0
2014-02-01 15:00:00,4794.0
2014-02-01 16:00:00,4921.0
2014-02-01 17:00:00,5195.0
2014-02-01 18:00:00,5676.0
2014-02-01 19:00:00,5950.0
2014-02-01 20:00:00,5551.0
2014-02-01 21:00:00,5343.0
2014-02-01 22:00:00,5046.0
2014-02-01 23:00:00,4275.0
2014-02-02 00:00:00,2869.0
2014-02-02 01:00:00,2254.0
2014-02-02 02:00:00,2172.0
2014-02-02 03:00:00,2113.0
2014-02-02 04:00:00,2010.0
2014-02-02 05:00:00,1966.0
2014-02-02 06:00:00,1877.0
2014-02-02 07:00:00,3416.0
2014-02-02 08:00:00,3328.0
2014-02-02 09:00:00,4750.0
2014-02-02 10:00:00,5202.0
2014-02-02 11:00:00,5165.0
2014-02-02 12:00:00,4980.0
2014-02-02 13:00:00,5016.0
2014-02-02 14:00:00,4572.0
2014-02-02 15:00:00,4706.0
2014-02-02 16:00:00,4906.0
2014-02-02 17:00:00,5291.0
2014-02-02 18:00:00,5721.0
2014-02-02 19:00:00,5861.0
2014-02-02 20:00:00,5632.0
2014-02-02 21:00:00,5410.0
2014-02-02 22:00:00,5150.0
2014-02-02 23:00:00,4143.0
2014-02-03 00:00:00,2640.0
2014-02-03 01:00:00,2179.0
2014-02-03 02:00:00,1995.0
2014-02-03 03:00:00,1965.0
2014-02-03 04:00:00,1884.0
2014-02-03 05:00:00,1965.0
2014-02-03 06:00:00,1891.0
2014-02-03 07:00:00,3543.0
2014-02-03 08:00:00,3216.0
2014-02-03 09:00:00,4728.0
2014-02-03 10:00:00,4957.0
2014-02-03 11:00:00,4802.0
2014-02-03 12:00:00,4764.0
2014-02-03 13:00:00,4914.0
2014-02-03 14:00:00,4594.0
2014-02-03 15:00:00,4662.0
2014-02-03 16:00:00,4749.0
2014-02-03 17:00:00,5239.0
2014-02-03 18:00:00,5646.0
2014-02-03 19:00:00,5868.0
2014-02-03 20:00:00,5454.0
2014-02-03 21:00:00,5320.0
2014-02-03 22:00:00,5166.0
2014-02-03 23:00:00,4291.0
2014-02-04 00:00:00,2728.0
2014-02-04 01:00:00,3232.0
2014-02-04 02:00:00,2676.0
2014-02-04 03:00:00,1981.0
2014-02-04 04:00:00,1862.0
2014-02-04 05:00:00,1890.0
2014-02-04 06:00:00,1839.0
2014-02-04 07:00:00,3507.0
2014-02-04 08:00:00,3305.0
2014-02-04 09:00:00,4639.0
2014-02-04 10:00:00,5158.0
2014-02-04 11:00:00,5202.0
2014-02-04 12:00:00,4831.0
2014-02-04 13:00:00,4951.0
2014-02-04 14:00:00,4913.0
2014-02-04 15:00:00,4995.0
2014-02-04 16:00:00,4942.0
2014-02-04 17:00:00,5646.0
2014-02-04 18:00:00,5640.0
2014-02-04 19:00:00,6025.0
2014-02-04 20:00:00,5691.0
2014-02-04 21:00:00,5549.0
2014-02-04 22:00:00,5290.0
2014-02-04 23:00:00,4447.0
2014-02-05 00:00:00,2587.0
2014-02-05 01:00:00,2039.0
2014-02-05 02:00:00,1958.0
2014-02-05 03:00:00,2024.0
2014-02-05 04:00:00,1943.0
2014-02-05 05:00:00,1950.0
2014-02-05 06:00:00,1891.0
2014-02-05 07:00:00,3595.0
2014-02-05 08:00:00,3854.0
2014-02-05 09:00:00,5113.0
2014-02-05 10:00:00,5305.0
2014-02-05 11:00:00,5024.0
2014-02-05 12:00:00,4795.0
2014-02-05 13:00:00,4987.0
2014-02-05 14:00:00,4861.0
2014-02-05 15:00:00,4951.0
2014-02-05 16:00:00,5143.0
2014-02-05 17:00:00,5535.0
2014-02-05 18:00:00,5831.0
2014-02-05 19:00:00,5920.0
2014-02-05 20:00:00,5653.0
2014-02-05 21:00:00,5624.0
2014-02-05 22:00:00,5387.0
2014-02-05 23:00:00,4743.0
2014-02-06 00:00:00,3120.0
2014-02-06 01:00:00,3402.0
2014-02-06 02:00:00,2083.0
2014-02-06 03:00:00,2097.0
2014-02-06 04:00:00,2046.0
2014-02-06 05:00:00,2090.0
2014-02-06 06:00:00,1965.0
2014-02-06 07:00:00,3936.0
2014-02-06 08:00:00,4238.0
2014-02-06 09:00:00,5172.0
2014-02-06 10:00:00,5164.0
2014-02-06 11:00:00,5305.0
2014-02-06 12:00:00,4928.0
2014-02-06 13:00:00,5098.0
2014-02-06 14:00:00,5003.0
2014-02-06 15:00:00,5046.0
2014-02-06 16:00:00,5054.0
2014-02-06 17:00:00,5121.0
2014-02-06 18:00:00,5580.0
2014-02-06 19:00:00,6009.0
2014-02-06 20:00:00,5475.0
2014-02-06 21:00:00,5394.0
2014-02-06 22:00:00,5114.0
2014-02-06 23:00:00,3905.0
2014-02-07 00:00:00,2351.0
2014-02-07 01:00:00,2025.0
2014-02-07 02:00:00,1988.0
2014-02-07 03:00:00,1935.0
2014-02-07 04:00:00,1913.0
2014-02-07 05:00:00,1869.0
2014-02-07 06:00:00,1811.0
2014-02-07 07:00:00,3601.0
2014-02-07 08:00:00,3788.0
2014-02-07 09:00:00,4906.0
2014-02-07 10:00:00,4899.0
2014-02-07 11:00:00,5098.0
2014-02-07 12:00:00,4882.0
2014-02-07 13:00:00,5002.0
2014-02-07 14:00:00,4860.0
2014-02-07 15:00:00,4810.0
2014-02-07 16:00:00,5091.0
2014-02-07 17:00:00,5424.0
2014-02-07 18:00:00,5558.0
2014-02-07 19:00:00,6039.0
2014-02-07 20:00:00,6113.0
2014-02-07 21:00:00,5608.0
2014-02-07 22:00:00,5350.0
2014-02-07 23:00:00,4150.0
2014-02-08 00:00:00,2297.0
2014-02-08 01:00:00,2143.0
2014-02-08 02:00:00,2032.0
2014-02-08 03:00:00,2128.0
2014-02-08 04:00:00,1957.0
2014-02-08 05:00:00,1958.0
2014-02-08 06:00:00,1920.0
2014-02-08 07:00:00,3677.0
2014-02-08 08:00:00,3891.0
2014-02-08 09:00:00,5129.0
2014-02-08 10:00:00,5595.0
2014-02-08 11:00:00,5439.0
2014-02-08 12:00:00,5202.0
2014-02-08 13:00:00,5284.0
2014-02-08 14:00:00,4817.0
2014-02-08 15:00:00,4891.0
2014-02-08 16:00:00,4824.0
2014-02-08 17:00:00,5373.0
2014-02-08 18:00:00,5736.0
2014-02-08 19:00:00,6053.0
2014-02-08 20:00:00,5676.0
2014-02-08 21:00:00,5549.0
2014-02-08 22:00:00,5113.0
2014-02-08 23:00:00,4151.0
2014-02-09 00:00:00,2536.0
2014-02-09 01:00:00,2076.0
2014-02-09 02:00:00,1965.0
2014-02-09 03:00:00,1972.0
2014-02-09 04:00:00,1913.0
2014-02-09 05:00:00,1907.0
2014-02-09 06:00:00,1772.0
2014-02-09 07:00:00,3365.0
2014-02-09 08:00:00,3972.0
2014-02-09 09:00:00,5091.0
2014-02-09 10:00:00,5580.0
2014-02-09 11:00:00,5966.0
2014-02-09 12:00:00,5283.0
2014-02-09 13:00:00,5453.0
2014-02-09 14:00:00,5039.0
2014-02-09 15:00:00,4823.0
2014-02-09 16:00:00,5254.0
2014-02-09 17:00:00,5558.0
2014-02-09 18:00:00,5691.0
2014-02-09 19:00:00,5824.0
2014-02-09 20:00:00,5580.0
2014-02-09 21:00:00,5542.0
2014-02-09 22:00:00,5031.0
2014-02-09 23:00:00,3742.0
2014-02-10 00:00:00,2373.0
2014-02-10 01:00:00,1810.0
2014-02-10 02:00:00,1728.0
2014-02-10 03:00:00,1737.0
2014-02-10 04:00:00,1609.0
2014-02-10 05:00:00,1751.0
2014-02-10 06:00:00,1646.0
2014-02-10 07:00:00,3306.0
2014-02-10 08:00:00,3499.0
2014-02-10 09:00:00,4588.0
2014-02-10 10:00:00,4883.0
2014-02-10 11:00:00,4979.0
2014-02-10 12:00:00,4794.0
2014-02-10 13:00:00,5112.0
2014-02-10 14:00:00,4675.0
2014-02-10 15:00:00,4943.0
2014-02-10 16:00:00,4772.0
2014-02-10 17:00:00,5224.0
2014-02-10 18:00:00,5586.0
2014-02-10 19:00:00,6099.0
2014-02-10 20:00:00,5736.0
2014-02-10 21:00:00,5394.0
2014-02-10 22:00:00,5090.0
2014-02-10 23:00:00,4046.0
2014-02-11 00:00:00,2713.0
2014-02-11 01:00:00,2246.0
2014-02-11 02:00:00,1899.0
2014-02-11 03:00:00,1921.0
2014-02-11 04:00:00,1861.0
2014-02-11 05:00:00,1854.0
2014-02-11 06:00:00,1817.0
2014-02-11 07:00:00,3447.0
2014-02-11 08:00:00,3572.0
2014-02-11 09:00:00,5142.0
2014-02-11 10:00:00,5350.0
2014-02-11 11:00:00,5188.0
2014-02-11 12:00:00,5164.0
2014-02-11 13:00:00,5283.0
2014-02-11 14:00:00,4854.0
2014-02-11 15:00:00,4825.0
2014-02-11 16:00:00,5173.0
2014-02-11 17:00:00,5402.0
2014-02-11 18:00:00,5994.0
2014-02-11 19:00:00,6201.0
2014-02-11 20:00:00,5616.0
2014-02-11 21:00:00,5743.0
2014-02-11 22:00:00,5350.0
2014-02-11 23:00:00,4194.0
2014-02-12 00:00:00,2484.0
2014-02-12 01:00:00,2194.0
2014-02-12 02:00:00,2002.0
2014-02-12 03:00:00,2039.0
2014-02-12 04:00:00,1966.0
2014-02-12 05:00:00,1966.0
2014-02-12 06:00:00,1907.0
2014-02-12 07:00:00,3669.0
2014-02-12 08:00:00,3965.0
2014-02-12 09:00:00,5194.0
2014-02-12 10:00:00,5343.0
2014-02-12 11:00:00,5498.0
2014-02-12 12:00:00,4928.0
2014-02-12 13:00:00,5151.0
2014-02-12 14:00:00,5090.0
2014-02-12 15:00:00,5091.0
2014-02-12 16:00:00,5417.0
2014-02-12 17:00:00,5705.0
2014-02-12 18:00:00,5898.0
2014-02-12 19:00:00,6342.0
2014-02-12 20:00:00,5765.0
2014-02-12 21:00:00,5764.0
2014-02-12 22:00:00,5468.0
2014-02-12 23:00:00,4543.0
2014-02-13 00:00:00,2565.0
2014-02-13 01:00:00,2268.0
2014-02-13 02:00:00,2061.0
2014-02-13 03:00:00,2195.0
2014-02-13 04:00:00,2150.0
2014-02-13 05:00:00,2135.0
2014-02-13 06:00:00,2053.0
2014-02-13 07:00:00,3683.0
2014-02-13 08:00:00,4024.0
2014-02-13 09:00:00,5142.0
2014-02-13 10:00:00,5528.0
2014-02-13 11:00:00,5142.0
2014-02-13 12:00:00,5046.0
2014-02-13 13:00:00,5364.0
2014-02-13 14:00:00,5202.0
2014-02-13 15:00:00,5098.0
2014-02-13 16:00:00,5403.0
2014-02-13 17:00:00,5616.0
2014-02-13 18:00:00,6031.0
2014-02-13 19:00:00,6105.0
2014-02-13 20:00:00,5883.0
2014-02-13 21:00:00,5788.0
2014-02-13 22:00:00,5461.0
2014-02-13 23:00:00,4602.0
2014-02-14 00:00:00,2913.0
2014-02-14 01:00:00,2461.0
2014-02-14 02:00:00,2128.0
2014-02-14 03:00:00,2171.0
2014-02-14 04:00:00,2134.0
2014-02-14 05:00:00,2158.0
2014-02-14 06:00:00,2114.0
2014-02-14 07:00:00,3743.0
2014-02-14 08:00:00,4002.0
2014-02-14 09:00:00,5090.0
2014-02-14 10:00:00,5409.0
2014-02-14 11:00:00,5372.0
2014-02-14 12:00:00,5328.0
2014-02-14 13:00:00,5046.0
2014-02-14 14:00:00,5202.0
2014-02-14 15:00:00,5171.0
2014-02-14 16:00:00,5164.0
2014-02-14 17:00:00,5565.0
2014-02-14 18:00:00,5855.0
2014-02-14 19:00:00,5987.0
2014-02-14 20:00:00,5720.0
2014-02-14 21:00:00,5647.0
2014-02-14 22:00:00,5350.0
2014-02-14 23:00:00,4416.0
2014-02-15 00:00:00,2470.0
2014-02-15 01:00:00,2246.0
2014-02-15 02:00:00,2083.0
2014-02-15 03:00:00,2091.0
2014-02-15 04:00:00,2039.0
2014-02-15 05:00:00,2023.0
2014-02-15 06:00:00,1995.0
2014-02-15 07:00:00,3631.0
2014-02-15 08:00:00,3891.0
2014-02-15 09:00:00,5232.0
2014-02-15 10:00:00,5283.0
2014-02-15 11:00:00,5357.0
2014-02-15 12:00:00,5261.0
2014-02-15 13:00:00,5358.0
2014-02-15 14:00:00,4847.0
2014-02-15 15:00:00,4861.0
2014-02-15 16:00:00,5106.0
2014-02-15 17:00:00,5343.0
2014-02-15 18:00:00,5476.0
2014-02-15 19:00:00,6002.0
2014-02-15 20:00:00,5802.0
2014-02-15 21:00:00,5573.0
2014-02-15 22:00:00,5135.0
2014-02-15 23:00:00,4380.0
2014-02-16 00:00:00,2965.0
2014-02-16 01:00:00,2032.0
2014-02-16 02:00:00,1883.0
2014-02-16 03:00:00,1921.0
2014-02-16 04:00:00,1832.0
2014-02-16 05:00:00,1876.0
2014-02-16 06:00:00,1869.0
2014-02-16 07:00:00,3454.0
2014-02-16 08:00:00,3787.0
2014-02-16 09:00:00,4913.0
2014-02-16 10:00:00,5068.0
2014-02-16 11:00:00,5135.0
2014-02-16 12:00:00,4883.0
2014-02-16 13:00:00,4845.0
2014-02-16 14:00:00,4728.0
2014-02-16 15:00:00,4921.0
2014-02-16 16:00:00,4846.0
2014-02-16 17:00:00,5350.0
2014-02-16 18:00:00,5772.0
2014-02-16 19:00:00,5639.0
2014-02-16 20:00:00,5402.0
2014-02-16 21:00:00,5379.0
2014-02-16 22:00:00,5269.0
2014-02-16 23:00:00,4032.0
2014-02-17 00:00:00,2216.0
2014-02-17 01:00:00,2010.0
2014-02-17 02:00:00,1818.0
2014-02-17 03:00:00,1847.0
2014-02-17 04:00:00,1839.0
2014-02-17 05:00:00,1751.0
2014-02-17 06:00:00,1734.0
2014-02-17 07:00:00,3158.0
2014-02-17 08:00:00,4033.0
2014-02-17 09:00:00,4766.0
2014-02-17 10:00:00,4862.0
2014-02-17 11:00:00,4594.0
2014-02-17 12:00:00,4691.0
2014-02-17 13:00:00,4713.0
2014-02-17 14:00:00,4802.0
2014-02-17 15:00:00,4550.0
2014-02-17 16:00:00,4840.0
2014-02-17 17:00:00,5061.0
2014-02-17 18:00:00,5639.0
2014-02-17 19:00:00,5549.0
2014-02-17 20:00:00,5461.0
2014-02-17 21:00:00,5305.0
2014-02-17 22:00:00,5306.0
2014-02-17 23:00:00,4425.0
2014-02-18 00:00:00,2861.0
2014-02-18 01:00:00,2646.0
2014-02-18 02:00:00,2550.0
2014-02-18 03:00:00,2551.0
2014-02-18 04:00:00,2291.0
2014-02-18 05:00:00,2409.0
2014-02-18 06:00:00,2349.0
2014-02-18 07:00:00,3958.0
2014-02-18 08:00:00,3750.0
2014-02-18 09:00:00,4928.0
2014-02-18 10:00:00,4795.0
2014-02-18 11:00:00,4869.0
2014-02-18 12:00:00,4884.0
2014-02-18 13:00:00,4772.0
2014-02-18 14:00:00,4683.0
2014-02-18 15:00:00,4824.0
2014-02-18 16:00:00,4684.0
2014-02-18 17:00:00,5232.0
2014-02-18 18:00:00,5439.0
2014-02-18 19:00:00,5661.0
2014-02-18 20:00:00,5647.0
2014-02-18 21:00:00,5373.0
2014-02-18 22:00:00,5336.0
2014-02-18 23:00:00,4054.0
2014-02-19 00:00:00,1950.0
2014-02-19 01:00:00,1868.0
2014-02-19 02:00:00,1877.0
2014-02-19 03:00:00,1891.0
2014-02-19 04:00:00,1883.0
2014-02-19 05:00:00,1862.0
2014-02-19 06:00:00,1824.0
2014-02-19 07:00:00,3520.0
2014-02-19 08:00:00,3668.0
2014-02-19 09:00:00,5025.0
2014-02-19 10:00:00,5195.0
2014-02-19 11:00:00,5047.0
2014-02-19 12:00:00,5023.0
2014-02-19 13:00:00,4913.0
2014-02-19 14:00:00,4794.0
2014-02-19 15:00:00,4981.0
2014-02-19 16:00:00,5292.0
2014-02-19 17:00:00,5172.0
2014-02-19 18:00:00,5727.0
2014-02-19 19:00:00,6001.0
2014-02-19 20:00:00,5839.0
2014-02-19 21:00:00,5460.0
2014-02-19 22:00:00,5373.0
2014-02-19 23:00:00,4046.0
2014-02-20 00:00:00,2446.0
2014-02-20 01:00:00,2142.0
2014-02-20 02:00:00,2106.0
2014-02-20 03:00:00,2084.0
2014-02-20 04:00:00,2017.0
2014-02-20 05:00:00,1995.0
2014-02-20 06:00:00,2039.0
2014-02-20 07:00:00,3536.0
2014-02-20 08:00:00,3706.0
2014-02-20 09:00:00,5084.0
2014-02-20 10:00:00,5180.0
2014-02-20 11:00:00,5180.0
2014-02-20 12:00:00,4869.0
2014-02-20 13:00:00,4839.0
2014-02-20 14:00:00,4684.0
2014-02-20 15:00:00,4935.0
2014-02-20 16:00:00,5039.0
2014-02-20 17:00:00,5350.0
2014-02-20 18:00:00,5662.0
2014-02-20 19:00:00,5942.0
2014-02-20 20:00:00,5639.0
2014-02-20 21:00:00,5446.0
2014-02-20 22:00:00,5262.0
2014-02-20 23:00:00,4144.0
2014-02-21 00:00:00,2233.0
2014-02-21 01:00:00,2076.0
2014-02-21 02:00:00,1957.0
2014-02-21 03:00:00,1936.0
2014-02-21 04:00:00,1876.0
2014-02-21 05:00:00,1861.0
2014-02-21 06:00:00,1884.0
2014-02-21 07:00:00,3462.0
2014-02-21 08:00:00,3587.0
2014-02-21 09:00:00,4980.0
2014-02-21 10:00:00,5076.0
2014-02-21 11:00:00,5238.0
2014-02-21 12:00:00,5113.0
2014-02-21 13:00:00,4706.0
2014-02-21 14:00:00,4490.0
2014-02-21 15:00:00,4632.0
2014-02-21 16:00:00,4869.0
2014-02-21 17:00:00,5298.0
2014-02-21 18:00:00,5735.0
2014-02-21 19:00:00,5662.0
2014-02-21 20:00:00,5787.0
2014-02-21 21:00:00,5431.0
2014-02-21 22:00:00,5091.0
2014-02-21 23:00:00,4106.0
2014-02-22 00:00:00,2379.0
2014-02-22 01:00:00,1987.0
2014-02-22 02:00:00,1839.0
2014-02-22 03:00:00,1943.0
2014-02-22 04:00:00,1884.0
2014-02-22 05:00:00,1868.0
2014-02-22 06:00:00,1780.0
2014-02-22 07:00:00,3446.0
2014-02-22 08:00:00,3543.0
2014-02-22 09:00:00,4846.0
2014-02-22 10:00:00,5201.0
2014-02-22 11:00:00,5483.0
2014-02-22 12:00:00,5268.0
2014-02-22 13:00:00,5224.0
2014-02-22 14:00:00,5009.0
2014-02-22 15:00:00,5105.0
2014-02-22 16:00:00,4772.0
2014-02-22 17:00:00,5261.0
2014-02-22 18:00:00,5817.0
2014-02-22 19:00:00,5898.0
2014-02-22 20:00:00,5617.0
2014-02-22 21:00:00,5365.0
2014-02-22 22:00:00,5061.0
2014-02-22 23:00:00,4261.0
2014-02-23 00:00:00,2573.0
2014-02-23 01:00:00,2068.0
2014-02-23 02:00:00,1942.0
2014-02-23 03:00:00,1950.0
2014-02-23 04:00:00,1957.0
2014-02-23 05:00:00,1890.0
2014-02-23 06:00:00,1854.0
2014-02-23 07:00:00,3380.0
2014-02-23 08:00:00,3513.0
2014-02-23 09:00:00,4810.0
2014-02-23 10:00:00,4861.0
2014-02-23 11:00:00,5292.0
2014-02-23 12:00:00,5105.0
2014-02-23 13:00:00,5159.0
2014-02-23 14:00:00,4979.0
2014-02-23 15:00:00,4809.0
2014-02-23 16:00:00,5106.0
2014-02-23 17:00:00,5313.0
2014-02-23 18:00:00,5669.0
2014-02-23 19:00:00,6031.0
2014-02-23 20:00:00,5357.0
2014-02-23 21:00:00,5372.0
2014-02-23 22:00:00,5061.0
2014-02-23 23:00:00,4150.0
2014-02-24 00:00:00,2580.0
2014-02-24 01:00:00,2113.0
2014-02-24 02:00:00,1816.0
2014-02-24 03:00:00,1913.0
2014-02-24 04:00:00,1854.0
2014-02-24 05:00:00,1839.0
2014-02-24 06:00:00,1787.0
2014-02-24 07:00:00,3602.0
2014-02-24 08:00:00,3802.0
2014-02-24 09:00:00,4972.0
2014-02-24 10:00:00,5165.0
2014-02-24 11:00:00,5017.0
2014-02-24 12:00:00,4758.0
2014-02-24 13:00:00,4846.0
2014-02-24 14:00:00,4647.0
2014-02-24 15:00:00,4809.0
2014-02-24 16:00:00,4831.0
2014-02-24 17:00:00,4987.0
2014-02-24 18:00:00,5216.0
2014-02-24 19:00:00,5883.0
2014-02-24 20:00:00,5580.0
2014-02-24 21:00:00,5402.0
2014-02-24 22:00:00,5254.0
2014-02-24 23:00:00,4291.0
2014-02-25 00:00:00,3439.0
2014-02-25 01:00:00,3195.0
2014-02-25 02:00:00,1950.0
2014-02-25 03:00:00,1994.0
2014-02-25 04:00:00,2010.0
2014-02-25 05:00:00,1965.0
2014-02-25 06:00:00,1942.0
2014-02-25 07:00:00,3661.0
2014-02-25 08:00:00,3891.0
2014-02-25 09:00:00,5009.0
2014-02-25 10:00:00,5054.0
2014-02-25 11:00:00,5238.0
2014-02-25 12:00:00,4987.0
2014-02-25 13:00:00,5232.0
2014-02-25 14:00:00,4919.0
2014-02-25 15:00:00,4928.0
2014-02-25 16:00:00,4876.0
2014-02-25 17:00:00,5201.0
2014-02-25 18:00:00,5261.0
2014-02-25 19:00:00,5957.0
2014-02-25 20:00:00,5757.0
2014-02-25 21:00:00,5446.0
2014-02-25 22:00:00,5239.0
2014-02-25 23:00:00,4269.0
2014-02-26 00:00:00,2454.0
2014-02-26 01:00:00,2039.0
2014-02-26 02:00:00,1942.0
2014-02-26 03:00:00,1994.0
2014-02-26 04:00:00,1957.0
2014-02-26 05:00:00,1950.0
2014-02-26 06:00:00,1883.0
2014-02-26 07:00:00,3513.0
2014-02-26 08:00:00,3898.0
2014-02-26 09:00:00,5010.0
2014-02-26 10:00:00,5158.0
2014-02-26 11:00:00,5032.0
2014-02-26 12:00:00,4958.0
2014-02-26 13:00:00,4788.0
2014-02-26 14:00:00,4794.0
2014-02-26 15:00:00,4654.0
2014-02-26 16:00:00,4862.0
2014-02-26 17:00:00,5232.0
2014-02-26 18:00:00,5357.0
2014-02-26 19:00:00,6031.0
2014-02-26 20:00:00,5579.0
2014-02-26 21:00:00,5416.0
2014-02-26 22:00:00,5151.0
2014-02-26 23:00:00,4336.0
2014-02-27 00:00:00,3120.0
2014-02-27 01:00:00,2906.0
2014-02-27 02:00:00,2816.0
2014-02-27 03:00:00,2853.0
2014-02-27 04:00:00,2816.0
2014-02-27 05:00:00,2794.0
2014-02-27 06:00:00,2736.0
2014-02-27 07:00:00,4307.0
2014-02-27 08:00:00,4039.0
2014-02-27 09:00:00,4966.0
2014-02-27 10:00:00,5223.0
2014-02-27 11:00:00,5046.0
2014-02-27 12:00:00,5120.0
2014-02-27 13:00:00,5202.0
2014-02-27 14:00:00,4898.0
2014-02-27 15:00:00,4987.0
2014-02-27 16:00:00,4810.0
2014-02-27 17:00:00,5090.0
2014-02-27 18:00:00,5343.0
2014-02-27 19:00:00,6090.0
2014-02-27 20:00:00,5742.0
2014-02-27 21:00:00,5566.0
2014-02-27 22:00:00,5519.0
2014-02-27 23:00:00,4328.0
2014-02-28 00:00:00,2506.0
2014-02-28 01:00:00,2179.0
2014-02-28 02:00:00,2018.0
2014-02-28 03:00:00,2121.0
2014-02-28 04:00:00,2046.0
2014-02-28 05:00:00,2009.0
2014-02-28 06:00:00,1965.0
2014-02-28 07:00:00,3721.0
2014-02-28 08:00:00,3742.0
2014-02-28 09:00:00,4988.0
2014-02-28 10:00:00,5276.0
2014-02-28 11:00:00,5217.0
2014-02-28 12:00:00,5150.0
2014-02-28 13:00:00,5084.0
2014-02-28 14:00:00,4868.0
2014-02-28 15:00:00,4899.0
2014-02-28 16:00:00,5046.0
2014-02-28 17:00:00,5410.0
2014-02-28 18:00:00,5646.0
2014-02-28 19:00:00,5898.0
2014-02-28 20:00:00,5579.0
2014-02-28 21:00:00,5476.0
2014-02-28 22:00:00,5290.0
2014-02-28 23:00:00,4438.0
2014-03-01 00:00:00,2750.0
2014-03-01 01:00:00,2321.0
2014-03-01 02:00:00,2172.0
2014-03-01 03:00:00,2247.0
2014-03-01 04:00:00,2164.0
2014-03-01 05:00:00,2157.0
2014-03-01 06:00:00,2069.0
2014-03-01 07:00:00,3884.0
2014-03-01 08:00:00,4276.0
2014-03-01 09:00:00,5269.0
2014-03-01 10:00:00,5935.0
2014-03-01 11:00:00,5743.0
2014-03-01 12:00:00,5506.0
2014-03-01 13:00:00,5571.0
2014-03-01 14:00:00,5179.0
2014-03-01 15:00:00,5269.0
2014-03-01 16:00:00,5336.0
2014-03-01 17:00:00,5387.0
2014-03-01 18:00:00,5454.0
2014-03-01 19:00:00,5995.0
2014-03-01 20:00:00,5705.0
2014-03-01 21:00:00,5469.0
2014-03-01 22:00:00,5298.0
2014-03-01 23:00:00,4194.0
2014-03-02 00:00:00,2601.0
2014-03-02 01:00:00,2217.0
2014-03-02 02:00:00,2045.0
2014-03-02 03:00:00,2121.0
2014-03-02 04:00:00,2069.0
2014-03-02 05:00:00,2032.0
2014-03-02 06:00:00,2105.0
2014-03-02 07:00:00,3854.0
2014-03-02 08:00:00,4232.0
2014-03-02 09:00:00,5076.0
2014-03-02 10:00:00,5447.0
2014-03-02 11:00:00,5312.0
2014-03-02 12:00:00,5270.0
2014-03-02 13:00:00,5239.0
2014-03-02 14:00:00,4987.0
2014-03-02 15:00:00,5499.0
2014-03-02 16:00:00,5246.0
2014-03-02 17:00:00,5306.0
2014-03-02 18:00:00,5172.0
2014-03-02 19:00:00,5838.0
2014-03-02 20:00:00,5498.0
2014-03-02 21:00:00,5409.0
2014-03-02 22:00:00,5165.0
2014-03-02 23:00:00,4335.0
2014-03-03 00:00:00,2572.0
2014-03-03 01:00:00,2084.0
2014-03-03 02:00:00,1966.0
2014-03-03 03:00:00,1994.0
2014-03-03 04:00:00,1987.0
2014-03-03 05:00:00,1862.0
2014-03-03 06:00:00,1861.0
2014-03-03 07:00:00,3572.0
2014-03-03 08:00:00,3728.0
2014-03-03 09:00:00,4757.0
2014-03-03 10:00:00,4980.0
2014-03-03 11:00:00,4861.0
2014-03-03 12:00:00,4839.0
2014-03-03 13:00:00,5009.0
2014-03-03 14:00:00,4639.0
2014-03-03 15:00:00,4699.0
2014-03-03 16:00:00,4565.0
2014-03-03 17:00:00,4795.0
2014-03-03 18:00:00,5136.0
2014-03-03 19:00:00,5475.0
2014-03-03 20:00:00,5431.0
2014-03-03 21:00:00,5291.0
2014-03-03 22:00:00,5210.0
2014-03-03 23:00:00,4009.0
2014-03-04 00:00:00,2550.0
2014-03-04 01:00:00,2016.0
2014-03-04 02:00:00,1838.0
2014-03-04 03:00:00,1914.0
2014-03-04 04:00:00,1868.0
2014-03-04 05:00:00,1861.0
2014-03-04 06:00:00,1743.0
2014-03-04 07:00:00,3476.0
2014-03-04 08:00:00,3661.0
2014-03-04 09:00:00,4823.0
2014-03-04 10:00:00,5061.0
2014-03-04 11:00:00,5194.0
2014-03-04 12:00:00,4720.0
2014-03-04 13:00:00,4899.0
2014-03-04 14:00:00,4980.0
2014-03-04 15:00:00,4787.0
2014-03-04 16:00:00,5061.0
2014-03-04 17:00:00,5261.0
2014-03-04 18:00:00,5158.0
2014-03-04 19:00:00,5757.0
2014-03-04 20:00:00,5410.0
2014-03-04 21:00:00,5461.0
2014-03-04 22:00:00,5239.0
2014-03-04 23:00:00,4269.0
2014-03-05 00:00:00,2750.0
2014-03-05 01:00:00,3076.0
2014-03-05 02:00:00,3142.0
2014-03-05 03:00:00,3261.0
2014-03-05 04:00:00,2824.0
2014-03-05 05:00:00,2795.0
2014-03-05 06:00:00,2780.0
2014-03-05 07:00:00,4394.0
2014-03-05 08:00:00,3927.0
2014-03-05 09:00:00,5114.0
2014-03-05 10:00:00,5098.0
2014-03-05 11:00:00,4883.0
2014-03-05 12:00:00,5157.0
2014-03-05 13:00:00,4950.0
2014-03-05 14:00:00,4788.0
2014-03-05 15:00:00,4884.0
2014-03-05 16:00:00,4801.0
2014-03-05 17:00:00,5172.0
2014-03-05 18:00:00,5283.0
2014-03-05 19:00:00,5721.0
2014-03-05 20:00:00,5357.0
2014-03-05 21:00:00,5358.0
2014-03-05 22:00:00,5157.0
2014-03-05 23:00:00,4365.0
2014-03-06 00:00:00,2343.0
2014-03-06 01:00:00,2121.0
2014-03-06 02:00:00,2032.0
2014-03-06 03:00:00,2061.0
2014-03-06 04:00:00,2009.0
2014-03-06 05:00:00,1950.0
2014-03-06 06:00:00,1988.0
2014-03-06 07:00:00,3572.0
2014-03-06 08:00:00,3550.0
2014-03-06 09:00:00,4980.0
2014-03-06 10:00:00,5233.0
2014-03-06 11:00:00,4832.0
2014-03-06 12:00:00,4980.0
2014-03-06 13:00:00,4876.0
2014-03-06 14:00:00,5061.0
2014-03-06 15:00:00,5380.0
2014-03-06 16:00:00,5113.0
2014-03-06 17:00:00,5757.0
2014-03-06 18:00:00,5683.0
2014-03-06 19:00:00,6076.0
2014-03-06 20:00:00,5617.0
2014-03-06 21:00:00,5535.0
2014-03-06 22:00:00,5402.0
2014-03-06 23:00:00,4543.0
2014-03-07 00:00:00,2594.0
2014-03-07 01:00:00,2179.0
2014-03-07 02:00:00,2157.0
2014-03-07 03:00:00,2106.0
2014-03-07 04:00:00,2084.0
2014-03-07 05:00:00,2032.0
2014-03-07 06:00:00,1987.0
2014-03-07 07:00:00,3469.0
2014-03-07 08:00:00,3565.0
2014-03-07 09:00:00,5186.0
2014-03-07 10:00:00,5151.0
2014-03-07 11:00:00,5069.0
2014-03-07 12:00:00,5277.0
2014-03-07 13:00:00,5121.0
2014-03-07 14:00:00,5291.0
2014-03-07 15:00:00,5158.0
2014-03-07 16:00:00,5528.0
2014-03-07 17:00:00,5749.0
2014-03-07 18:00:00,5579.0
2014-03-07 19:00:00,5883.0
2014-03-07 20:00:00,5683.0
2014-03-07 21:00:00,5520.0
2014-03-07 22:00:00,5298.0
2014-03-07 23:00:00,4475.0
2014-03-08 00:00:00,2965.0
2014-03-08 01:00:00,2284.0
2014-03-08 02:00:00,2157.0
2014-03-08 03:00:00,2150.0
2014-03-08 04:00:00,2173.0
2014-03-08 05:00:00,2046.0
2014-03-08 06:00:00,2039.0
2014-03-08 07:00:00,3773.0
2014-03-08 08:00:00,3973.0
2014-03-08 09:00:00,4972.0
2014-03-08 10:00:00,5224.0
2014-03-08 11:00:00,5320.0
2014-03-08 12:00:00,5039.0
2014-03-08 13:00:00,4964.0
2014-03-08 14:00:00,5032.0
2014-03-08 15:00:00,5165.0
2014-03-08 16:00:00,5113.0
2014-03-08 17:00:00,5624.0
2014-03-08 18:00:00,5580.0
2014-03-08 19:00:00,6150.0
2014-03-08 20:00:00,5698.0
2014-03-08 21:00:00,5683.0
2014-03-08 22:00:00,5297.0
2014-03-08 23:00:00,4402.0
2014-03-09 00:00:00,2875.0
2014-03-09 01:00:00,2217.0
2014-03-09 02:00:00,2017.0
2014-03-09 03:00:00,2090.0
2014-03-09 04:00:00,2054.0
2014-03-09 05:00:00,1979.0
2014-03-09 06:00:00,2032.0
2014-03-09 07:00:00,3750.0
2014-03-09 08:00:00,3957.0
2014-03-09 09:00:00,4802.0
2014-03-09 10:00:00,5076.0
2014-03-09 11:00:00,5349.0
2014-03-09 12:00:00,5187.0
2014-03-09 13:00:00,5061.0
2014-03-09 14:00:00,4973.0
2014-03-09 15:00:00,5187.0
2014-03-09 16:00:00,5335.0
2014-03-09 17:00:00,5535.0
2014-03-09 18:00:00,5239.0
2014-03-09 19:00:00,5729.0
2014-03-09 20:00:00,5579.0
2014-03-09 21:00:00,5512.0
2014-03-09 22:00:00,5210.0
2014-03-09 23:00:00,4210.0
2014-03-10 00:00:00,2735.0
2014-03-10 01:00:00,2195.0
2014-03-10 02:00:00,2076.0
2014-03-10 03:00:00,2106.0
2014-03-10 04:00:00,2024.0
2014-03-10 05:00:00,1965.0
2014-03-10 06:00:00,1980.0
2014-03-10 07:00:00,3410.0
2014-03-10 08:00:00,3595.0
2014-03-10 09:00:00,4861.0
2014-03-10 10:00:00,4979.0
2014-03-10 11:00:00,4972.0
2014-03-10 12:00:00,4958.0
2014-03-10 13:00:00,4965.0
2014-03-10 14:00:00,4676.0
2014-03-10 15:00:00,4839.0
2014-03-10 16:00:00,5047.0
2014-03-10 17:00:00,5499.0
2014-03-10 18:00:00,5253.0
2014-03-10 19:00:00,5794.0
2014-03-10 20:00:00,5558.0
2014-03-10 21:00:00,5461.0
2014-03-10 22:00:00,5231.0
2014-03-10 23:00:00,4261.0
2014-03-11 00:00:00,2772.0
2014-03-11 01:00:00,2751.0
2014-03-11 02:00:00,2365.0
2014-03-11 03:00:00,2143.0
2014-03-11 04:00:00,2032.0
2014-03-11 05:00:00,1987.0
2014-03-11 06:00:00,1950.0
2014-03-11 07:00:00,3490.0
2014-03-11 08:00:00,3499.0
2014-03-11 09:00:00,4876.0
2014-03-11 10:00:00,4942.0
2014-03-11 11:00:00,5172.0
2014-03-11 12:00:00,5158.0
2014-03-11 13:00:00,5025.0
2014-03-11 14:00:00,5120.0
2014-03-11 15:00:00,5305.0
2014-03-11 16:00:00,5432.0
2014-03-11 17:00:00,5505.0
2014-03-11 18:00:00,5639.0
2014-03-11 19:00:00,6128.0
2014-03-11 20:00:00,5928.0
2014-03-11 21:00:00,5484.0
2014-03-11 22:00:00,5357.0
2014-03-11 23:00:00,4535.0
2014-03-12 00:00:00,2847.0
2014-03-12 01:00:00,2172.0
2014-03-12 02:00:00,2083.0
2014-03-12 03:00:00,2180.0
2014-03-12 04:00:00,2068.0
2014-03-12 05:00:00,2025.0
2014-03-12 06:00:00,1958.0
2014-03-12 07:00:00,3498.0
2014-03-12 08:00:00,3729.0
2014-03-12 09:00:00,4986.0
2014-03-12 10:00:00,3906.0
2014-03-12 11:00:00,5046.0
2014-03-12 12:00:00,5077.0
2014-03-12 13:00:00,5047.0
2014-03-12 14:00:00,4987.0
2014-03-12 15:00:00,5239.0
2014-03-12 16:00:00,5098.0
2014-03-12 17:00:00,5535.0
2014-03-12 18:00:00,5365.0
2014-03-12 19:00:00,5794.0
2014-03-12 20:00:00,5476.0
2014-03-12 21:00:00,5307.0
2014-03-12 22:00:00,5209.0
2014-03-12 23:00:00,4476.0
2014-03-13 00:00:00,3499.0
2014-03-13 01:00:00,2616.0
2014-03-13 02:00:00,2239.0
2014-03-13 03:00:00,2217.0
2014-03-13 04:00:00,2195.0
2014-03-13 05:00:00,2143.0
2014-03-13 06:00:00,2135.0
2014-03-13 07:00:00,3572.0
2014-03-13 08:00:00,3957.0
2014-03-13 09:00:00,5076.0
2014-03-13 10:00:00,5276.0
2014-03-13 11:00:00,5194.0
2014-03-13 12:00:00,5321.0
2014-03-13 13:00:00,4876.0
2014-03-13 14:00:00,5172.0
2014-03-13 15:00:00,5083.0
2014-03-13 16:00:00,4868.0
2014-03-13 17:00:00,5402.0
2014-03-13 18:00:00,5595.0
2014-03-13 19:00:00,5809.0
2014-03-13 20:00:00,5513.0
2014-03-13 21:00:00,5483.0
2014-03-13 22:00:00,5379.0
2014-03-13 23:00:00,4328.0
2014-03-14 00:00:00,2787.0
2014-03-14 01:00:00,3482.0
2014-03-14 02:00:00,2505.0
2014-03-14 03:00:00,2239.0
2014-03-14 04:00:00,2194.0
2014-03-14 05:00:00,2142.0
2014-03-14 06:00:00,2127.0
2014-03-14 07:00:00,3743.0
2014-03-14 08:00:00,3965.0
2014-03-14 09:00:00,5128.0
2014-03-14 10:00:00,5424.0
2014-03-14 11:00:00,5357.0
2014-03-14 12:00:00,5084.0
2014-03-14 13:00:00,5024.0
2014-03-14 14:00:00,4890.0
2014-03-14 15:00:00,4913.0
2014-03-14 16:00:00,5483.0
2014-03-14 17:00:00,5557.0
2014-03-14 18:00:00,5624.0
2014-03-14 19:00:00,5906.0
2014-03-14 20:00:00,5646.0
2014-03-14 21:00:00,5542.0
2014-03-14 22:00:00,5320.0
2014-03-14 23:00:00,4364.0
2014-03-15 00:00:00,2780.0
2014-03-15 01:00:00,2365.0
2014-03-15 02:00:00,2113.0
2014-03-15 03:00:00,2165.0
2014-03-15 04:00:00,2068.0
2014-03-15 05:00:00,1958.0
2014-03-15 06:00:00,1972.0
2014-03-15 07:00:00,3869.0
2014-03-15 08:00:00,3683.0
2014-03-15 09:00:00,5025.0
2014-03-15 10:00:00,5349.0
2014-03-15 11:00:00,5572.0
2014-03-15 12:00:00,5454.0
2014-03-15 13:00:00,5276.0
2014-03-15 14:00:00,5217.0
2014-03-15 15:00:00,5208.0
2014-03-15 16:00:00,5492.0
2014-03-15 17:00:00,5729.0
2014-03-15 18:00:00,5498.0
2014-03-15 19:00:00,6091.0
2014-03-15 20:00:00,5743.0
2014-03-15 21:00:00,5528.0
2014-03-15 22:00:00,5342.0
2014-03-15 23:00:00,4425.0
2014-03-16 00:00:00,2846.0
2014-03-16 01:00:00,2291.0
2014-03-16 02:00:00,2165.0
2014-03-16 03:00:00,2179.0
2014-03-16 04:00:00,2069.0
2014-03-16 05:00:00,2054.0
2014-03-16 06:00:00,2018.0
2014-03-16 07:00:00,3691.0
2014-03-16 08:00:00,3824.0
2014-03-16 09:00:00,5143.0
2014-03-16 10:00:00,5438.0
2014-03-16 11:00:00,5675.0
2014-03-16 12:00:00,5514.0
2014-03-16 13:00:00,5327.0
2014-03-16 14:00:00,4883.0
2014-03-16 15:00:00,5394.0
2014-03-16 16:00:00,5535.0
2014-03-16 17:00:00,5565.0
2014-03-16 18:00:00,5565.0
2014-03-16 19:00:00,5766.0
2014-03-16 20:00:00,5594.0
2014-03-16 21:00:00,5469.0
2014-03-16 22:00:00,5165.0
2014-03-16 23:00:00,4350.0
2014-03-17 00:00:00,2809.0
2014-03-17 01:00:00,2624.0
2014-03-17 02:00:00,2232.0
2014-03-17 03:00:00,2173.0
2014-03-17 04:00:00,2106.0
2014-03-17 05:00:00,2046.0
2014-03-17 06:00:00,2039.0
2014-03-17 07:00:00,3698.0
2014-03-17 08:00:00,3602.0
2014-03-17 09:00:00,4779.0
2014-03-17 10:00:00,5269.0
2014-03-17 11:00:00,4987.0
2014-03-17 12:00:00,5062.0
2014-03-17 13:00:00,5358.0
2014-03-17 14:00:00,5098.0
2014-03-17 15:00:00,5187.0
2014-03-17 16:00:00,5105.0
2014-03-17 17:00:00,5543.0
2014-03-17 18:00:00,5513.0
2014-03-17 19:00:00,5825.0
2014-03-17 20:00:00,5661.0
2014-03-17 21:00:00,5417.0
2014-03-17 22:00:00,5254.0
2014-03-17 23:00:00,4468.0
2014-03-18 00:00:00,2697.0
2014-03-18 01:00:00,2565.0
2014-03-18 02:00:00,2588.0
2014-03-18 03:00:00,2165.0
2014-03-18 04:00:00,1950.0
2014-03-18 05:00:00,1914.0
2014-03-18 06:00:00,1854.0
2014-03-18 07:00:00,3483.0
2014-03-18 08:00:00,3795.0
2014-03-18 09:00:00,4669.0
2014-03-18 10:00:00,4898.0
2014-03-18 11:00:00,4987.0
2014-03-18 12:00:00,5150.0
2014-03-18 13:00:00,4824.0
2014-03-18 14:00:00,5106.0
2014-03-18 15:00:00,4913.0
2014-03-18 16:00:00,4980.0
2014-03-18 17:00:00,5380.0
2014-03-18 18:00:00,5394.0
2014-03-18 19:00:00,5811.0
2014-03-18 20:00:00,5423.0
2014-03-18 21:00:00,5394.0
2014-03-18 22:00:00,5255.0
2014-03-18 23:00:00,4728.0
2014-03-19 00:00:00,2869.0
2014-03-19 01:00:00,2172.0
2014-03-19 02:00:00,2083.0
2014-03-19 03:00:00,2180.0
2014-03-19 04:00:00,2068.0
2014-03-19 05:00:00,2025.0
2014-03-19 06:00:00,1958.0
2014-03-19 07:00:00,3498.0
2014-03-19 08:00:00,3729.0
2014-03-19 09:00:00,4986.0
2014-03-19 10:00:00,3906.0
2014-03-19 11:00:00,5046.0
2014-03-19 12:00:00,5077.0
2014-03-19 13:00:00,5047.0
2014-03-19 14:00:00,4987.0
2014-03-19 15:00:00,5239.0
2014-03-19 16:00:00,5098.0
2014-03-19 17:00:00,4135.0
2014-03-19 18:00:00,5187.0
2014-03-19 19:00:00,5787.0
2014-03-19 20:00:00,5535.0
2014-03-19 21:00:00,5455.0
2014-03-19 22:00:00,5357.0
2014-03-19 23:00:00,4372.0
2014-03-20 00:00:00,2609.0
2014-03-20 01:00:00,2291.0
2014-03-20 02:00:00,2142.0
2014-03-20 03:00:00,2179.0
2014-03-20 04:00:00,2165.0
2014-03-20 05:00:00,2076.0
2014-03-20 06:00:00,2032.0
2014-03-20 07:00:00,3706.0
2014-03-20 08:00:00,3861.0
2014-03-20 09:00:00,4957.0
2014-03-20 10:00:00,5283.0
2014-03-20 11:00:00,5033.0
2014-03-20 12:00:00,5261.0
2014-03-20 13:00:00,4928.0
2014-03-20 14:00:00,4905.0
2014-03-20 15:00:00,2083.0
2014-03-20 16:00:00,5143.0
2014-03-20 17:00:00,5373.0
2014-03-20 18:00:00,5343.0
2014-03-20 19:00:00,5876.0
2014-03-20 20:00:00,5469.0
2014-03-20 21:00:00,5453.0
2014-03-20 22:00:00,5113.0
2014-03-20 23:00:00,4349.0
2014-03-21 00:00:00,2424.0
2014-03-21 01:00:00,2165.0
2014-03-21 02:00:00,2165.0
2014-03-21 03:00:00,2165.0
2014-03-21 04:00:00,2150.0
2014-03-21 05:00:00,2077.0
2014-03-21 06:00:00,2075.0
2014-03-21 07:00:00,3609.0
2014-03-21 08:00:00,3795.0
2014-03-21 09:00:00,4958.0
2014-03-21 10:00:00,5253.0
2014-03-21 11:00:00,5313.0
2014-03-21 12:00:00,5128.0
2014-03-21 13:00:00,5135.0
2014-03-21 14:00:00,4735.0
2014-03-21 15:00:00,4966.0
2014-03-21 16:00:00,5283.0
2014-03-21 17:00:00,5713.0
2014-03-21 18:00:00,5936.0
2014-03-21 19:00:00,6298.0
2014-03-21 20:00:00,5995.0
2014-03-21 21:00:00,5743.0
2014-03-21 22:00:00,5706.0
2014-03-21 23:00:00,4869.0
2014-03-22 00:00:00,2861.0
2014-03-22 01:00:00,2402.0
2014-03-22 02:00:00,2469.0
2014-03-22 03:00:00,2358.0
2014-03-22 04:00:00,2260.0
2014-03-22 05:00:00,2260.0
2014-03-22 06:00:00,2202.0
2014-03-22 07:00:00,3825.0
2014-03-22 08:00:00,3973.0
2014-03-22 09:00:00,5069.0
2014-03-22 10:00:00,5099.0
2014-03-22 11:00:00,5261.0
2014-03-22 12:00:00,5114.0
2014-03-22 13:00:00,5099.0
2014-03-22 14:00:00,4854.0
2014-03-22 15:00:00,5002.0
2014-03-22 16:00:00,5513.0
2014-03-22 17:00:00,5498.0
2014-03-22 18:00:00,5342.0
2014-03-22 19:00:00,6113.0
2014-03-22 20:00:00,6038.0
2014-03-22 21:00:00,6076.0
2014-03-22 22:00:00,5566.0
2014-03-22 23:00:00,4603.0
2014-03-23 00:00:00,2838.0
2014-03-23 01:00:00,2490.0
2014-03-23 02:00:00,1987.0
2014-03-23 03:00:00,1966.0
2014-03-23 04:00:00,1958.0
2014-03-23 05:00:00,1943.0
2014-03-23 06:00:00,1958.0
2014-03-23 07:00:00,3594.0
2014-03-23 08:00:00,3683.0
2014-03-23 09:00:00,5261.0
2014-03-23 10:00:00,5387.0
2014-03-23 11:00:00,5091.0
2014-03-23 12:00:00,5195.0
2014-03-23 13:00:00,5209.0
2014-03-23 14:00:00,5276.0
2014-03-23 15:00:00,4958.0
2014-03-23 16:00:00,5320.0
2014-03-23 17:00:00,5490.0
2014-03-23 18:00:00,5468.0
2014-03-23 19:00:00,5936.0
2014-03-23 20:00:00,5801.0
2014-03-23 21:00:00,5787.0
2014-03-23 22:00:00,5825.0
2014-03-23 23:00:00,4594.0
2014-03-24 00:00:00,2779.0
2014-03-24 01:00:00,3076.0
2014-03-24 02:00:00,3291.0
2014-03-24 03:00:00,2217.0
2014-03-24 04:00:00,1987.0
2014-03-24 05:00:00,1906.0
2014-03-24 06:00:00,1891.0
2014-03-24 07:00:00,3520.0
2014-03-24 08:00:00,3476.0
2014-03-24 09:00:00,4861.0
2014-03-24 10:00:00,5181.0
2014-03-24 11:00:00,5099.0
2014-03-24 12:00:00,4750.0
2014-03-24 13:00:00,4758.0
2014-03-24 14:00:00,4460.0
2014-03-24 15:00:00,5106.0
2014-03-24 16:00:00,5158.0
2014-03-24 17:00:00,5572.0
2014-03-24 18:00:00,5150.0
2014-03-24 19:00:00,5936.0
2014-03-24 20:00:00,5684.0
2014-03-24 21:00:00,5572.0
2014-03-24 22:00:00,5520.0
2014-03-24 23:00:00,4639.0
2014-03-25 00:00:00,2757.0
2014-03-25 01:00:00,3165.0
2014-03-25 02:00:00,3394.0
2014-03-25 03:00:00,2083.0
2014-03-25 04:00:00,2047.0
2014-03-25 05:00:00,1987.0
2014-03-25 06:00:00,1942.0
2014-03-25 07:00:00,3631.0
2014-03-25 08:00:00,3705.0
2014-03-25 09:00:00,4839.0
2014-03-25 10:00:00,5114.0
2014-03-25 11:00:00,4980.0
2014-03-25 12:00:00,4565.0
2014-03-25 13:00:00,4772.0
2014-03-25 14:00:00,4727.0
2014-03-25 15:00:00,5084.0
2014-03-25 16:00:00,5047.0
2014-03-25 17:00:00,5129.0
2014-03-25 18:00:00,5321.0
2014-03-25 19:00:00,5706.0
2014-03-25 20:00:00,5565.0
2014-03-25 21:00:00,5424.0
2014-03-25 22:00:00,5299.0
2014-03-25 23:00:00,4261.0
2014-03-26 00:00:00,2795.0
2014-03-26 01:00:00,2483.0
2014-03-26 02:00:00,2335.0
2014-03-26 03:00:00,2313.0
2014-03-26 04:00:00,2054.0
2014-03-26 05:00:00,1950.0
2014-03-26 06:00:00,1958.0
2014-03-26 07:00:00,3483.0
2014-03-26 08:00:00,4106.0
2014-03-26 09:00:00,4935.0
2014-03-26 10:00:00,5016.0
2014-03-26 11:00:00,4685.0
2014-03-26 12:00:00,4706.0
2014-03-26 13:00:00,4921.0
2014-03-26 14:00:00,4757.0
2014-03-26 15:00:00,4698.0
2014-03-26 16:00:00,5038.0
2014-03-26 17:00:00,5217.0
2014-03-26 18:00:00,5410.0
2014-03-26 19:00:00,5624.0
2014-03-26 20:00:00,5594.0
2014-03-26 21:00:00,5431.0
2014-03-26 22:00:00,5232.0
2014-03-26 23:00:00,4113.0
2014-03-27 00:00:00,2299.0
2014-03-27 01:00:00,1957.0
2014-03-27 02:00:00,1877.0
2014-03-27 03:00:00,1861.0
2014-03-27 04:00:00,1869.0
2014-03-27 05:00:00,1869.0
2014-03-27 06:00:00,1832.0
2014-03-27 07:00:00,3498.0
2014-03-27 08:00:00,4120.0
2014-03-27 09:00:00,4965.0
2014-03-27 10:00:00,5054.0
2014-03-27 11:00:00,5113.0
2014-03-27 12:00:00,4683.0
2014-03-27 13:00:00,4742.0
2014-03-27 14:00:00,4817.0
2014-03-27 15:00:00,4855.0
2014-03-27 16:00:00,5290.0
2014-03-27 17:00:00,5973.0
2014-03-27 18:00:00,5892.0
2014-03-27 19:00:00,5914.0
2014-03-27 20:00:00,5557.0
2014-03-27 21:00:00,5587.0
2014-03-27 22:00:00,5379.0
2014-03-27 23:00:00,4291.0
2014-03-28 00:00:00,2595.0
2014-03-28 01:00:00,2099.0
2014-03-28 02:00:00,1943.0
2014-03-28 03:00:00,1906.0
2014-03-28 04:00:00,1920.0
2014-03-28 05:00:00,1898.0
2014-03-28 06:00:00,1898.0
2014-03-28 07:00:00,3565.0
2014-03-28 08:00:00,3616.0
2014-03-28 09:00:00,4935.0
2014-03-28 10:00:00,5188.0
2014-03-28 11:00:00,5186.0
2014-03-28 12:00:00,4868.0
2014-03-28 13:00:00,4816.0
2014-03-28 14:00:00,4898.0
2014-03-28 15:00:00,5046.0
2014-03-28 16:00:00,5224.0
2014-03-28 17:00:00,5728.0
2014-03-28 18:00:00,5602.0
2014-03-28 19:00:00,6098.0
2014-03-28 20:00:00,5905.0
2014-03-28 21:00:00,5571.0
2014-03-28 22:00:00,5388.0
2014-03-28 23:00:00,4321.0
2014-03-29 00:00:00,2646.0
2014-03-29 01:00:00,2172.0
2014-03-29 02:00:00,1995.0
2014-03-29 03:00:00,2024.0
2014-03-29 04:00:00,1979.0
2014-03-29 05:00:00,1921.0
2014-03-29 06:00:00,1861.0
2014-03-29 07:00:00,3521.0
2014-03-29 08:00:00,4031.0
2014-03-29 09:00:00,5202.0
2014-03-29 10:00:00,5350.0
2014-03-29 11:00:00,5685.0
2014-03-29 12:00:00,5565.0
2014-03-29 13:00:00,5402.0
2014-03-29 14:00:00,4891.0
2014-03-29 15:00:00,5054.0
2014-03-29 16:00:00,5090.0
2014-03-29 17:00:00,5277.0
2014-03-29 18:00:00,5299.0
2014-03-29 19:00:00,6046.0
2014-03-29 20:00:00,5758.0
2014-03-29 21:00:00,5519.0
2014-03-29 22:00:00,5262.0
2014-03-29 23:00:00,4491.0
2014-03-30 00:00:00,2736.0
2014-03-30 01:00:00,0.0
2014-03-30 02:00:00,2335.0
2014-03-30 03:00:00,2188.0
2014-03-30 04:00:00,2120.0
2014-03-30 05:00:00,2106.0
2014-03-30 06:00:00,2084.0
2014-03-30 07:00:00,3662.0
2014-03-30 08:00:00,3757.0
2014-03-30 09:00:00,4832.0
2014-03-30 10:00:00,5003.0
2014-03-30 11:00:00,5046.0
2014-03-30 12:00:00,5297.0
2014-03-30 13:00:00,5335.0
2014-03-30 14:00:00,5342.0
2014-03-30 15:00:00,5039.0
2014-03-30 16:00:00,5151.0
2014-03-30 17:00:00,5527.0
2014-03-30 18:00:00,5231.0
2014-03-30 19:00:00,5602.0
2014-03-30 20:00:00,5809.0
2014-03-30 21:00:00,5884.0
2014-03-30 22:00:00,5588.0
2014-03-30 23:00:00,4906.0
2014-03-31 00:00:00,4438.0
2014-03-31 01:00:00,3994.0
2014-03-31 02:00:00,3897.0
2014-03-31 03:00:00,3839.0
2014-03-31 04:00:00,3757.0
2014-03-31 05:00:00,3647.0
2014-03-31 06:00:00,3365.0
2014-03-31 07:00:00,4462.0
2014-03-31 08:00:00,4224.0
2014-03-31 09:00:00,5203.0
2014-03-31 10:00:00,4854.0
2014-03-31 11:00:00,5024.0
2014-03-31 12:00:00,5016.0
2014-03-31 13:00:00,5350.0
2014-03-31 14:00:00,5113.0
2014-03-31 15:00:00,4772.0
2014-03-31 16:00:00,4913.0
2014-03-31 17:00:00,5542.0
2014-03-31 18:00:00,5261.0
2014-03-31 19:00:00,5936.0
2014-03-31 20:00:00,5706.0
2014-03-31 21:00:00,5803.0
2014-03-31 22:00:00,5550.0
2014-03-31 23:00:00,4832.0
2014-04-01 00:00:00,2779.0
2014-04-01 01:00:00,2446.0
2014-04-01 02:00:00,2113.0
2014-04-01 03:00:00,2135.0
2014-04-01 04:00:00,2075.0
2014-04-01 05:00:00,2142.0
2014-04-01 06:00:00,1950.0
2014-04-01 07:00:00,3290.0
2014-04-01 08:00:00,4120.0
2014-04-01 09:00:00,5106.0
2014-04-01 10:00:00,5047.0
2014-04-01 11:00:00,5172.0
2014-04-01 12:00:00,5039.0
2014-04-01 13:00:00,4832.0
2014-04-01 14:00:00,5209.0
2014-04-01 15:00:00,5179.0
2014-04-01 16:00:00,5254.0
2014-04-01 17:00:00,5646.0
2014-04-01 18:00:00,5640.0
2014-04-01 19:00:00,6046.0
2014-04-01 20:00:00,5869.0
2014-04-01 21:00:00,5699.0
2014-04-01 22:00:00,5541.0
2014-04-01 23:00:00,4899.0
2014-04-02 00:00:00,2579.0
2014-04-02 01:00:00,2187.0
2014-04-02 02:00:00,2046.0
2014-04-02 03:00:00,2061.0
2014-04-02 04:00:00,2070.0
2014-04-02 05:00:00,2046.0
2014-04-02 06:00:00,2084.0
2014-04-02 07:00:00,3542.0
2014-04-02 08:00:00,4320.0
2014-04-02 09:00:00,5601.0
2014-04-02 10:00:00,6106.0
2014-04-02 11:00:00,5514.0
2014-04-02 12:00:00,5342.0
2014-04-02 13:00:00,5208.0
2014-04-02 14:00:00,5136.0
2014-04-02 15:00:00,5077.0
2014-04-02 16:00:00,4979.0
2014-04-02 17:00:00,5498.0
2014-04-02 18:00:00,5676.0
2014-04-02 19:00:00,6113.0
2014-04-02 20:00:00,5884.0
2014-04-02 21:00:00,5675.0
2014-04-02 22:00:00,5764.0
2014-04-02 23:00:00,4935.0
2014-04-03 00:00:00,2654.0
2014-04-03 01:00:00,2239.0
2014-04-03 02:00:00,2113.0
2014-04-03 03:00:00,2135.0
2014-04-03 04:00:00,2031.0
2014-04-03 05:00:00,2017.0
2014-04-03 06:00:00,1914.0
2014-04-03 07:00:00,4410.0
2014-04-03 08:00:00,5312.0
2014-04-03 09:00:00,6039.0
2014-04-03 10:00:00,5690.0
2014-04-03 11:00:00,5587.0
2014-04-03 12:00:00,5631.0
2014-04-03 13:00:00,5194.0
2014-04-03 14:00:00,5158.0
2014-04-03 15:00:00,5173.0
2014-04-03 16:00:00,5076.0
2014-04-03 17:00:00,5416.0
2014-04-03 18:00:00,5408.0
2014-04-03 19:00:00,6017.0
2014-04-03 20:00:00,5661.0
2014-04-03 21:00:00,5773.0
2014-04-03 22:00:00,5647.0
2014-04-03 23:00:00,4594.0
2014-04-04 00:00:00,2521.0
2014-04-04 01:00:00,2208.0
2014-04-04 02:00:00,2142.0
2014-04-04 03:00:00,2097.0
2014-04-04 04:00:00,2090.0
2014-04-04 05:00:00,2075.0
2014-04-04 06:00:00,2016.0
2014-04-04 07:00:00,4438.0
2014-04-04 08:00:00,5194.0
2014-04-04 09:00:00,5950.0
2014-04-04 10:00:00,6068.0
2014-04-04 11:00:00,6068.0
2014-04-04 12:00:00,5083.0
2014-04-04 13:00:00,5216.0
2014-04-04 14:00:00,5121.0
2014-04-04 15:00:00,5239.0
2014-04-04 16:00:00,5469.0
2014-04-04 17:00:00,5654.0
2014-04-04 18:00:00,5602.0
2014-04-04 19:00:00,6098.0
2014-04-04 20:00:00,5780.0
2014-04-04 21:00:00,5735.0
2014-04-04 22:00:00,5564.0
2014-04-04 23:00:00,4824.0
2014-04-05 00:00:00,3358.0
2014-04-05 01:00:00,2825.0
2014-04-05 02:00:00,2683.0
2014-04-05 03:00:00,2743.0
2014-04-05 04:00:00,2676.0
2014-04-05 05:00:00,2713.0
2014-04-05 06:00:00,2647.0
2014-04-05 07:00:00,4987.0
2014-04-05 08:00:00,5225.0
2014-04-05 09:00:00,6335.0
2014-04-05 10:00:00,6698.0
2014-04-05 11:00:00,6091.0
2014-04-05 12:00:00,5550.0
2014-04-05 13:00:00,5690.0
2014-04-05 14:00:00,5283.0
2014-04-05 15:00:00,5106.0
2014-04-05 16:00:00,5506.0
2014-04-05 17:00:00,5764.0
2014-04-05 18:00:00,5972.0
2014-04-05 19:00:00,6157.0
2014-04-05 20:00:00,6691.0
2014-04-05 21:00:00,6062.0
2014-04-05 22:00:00,5765.0
2014-04-05 23:00:00,4935.0
2014-04-06 00:00:00,3320.0
2014-04-06 01:00:00,2506.0
2014-04-06 02:00:00,2320.0
2014-04-06 03:00:00,2372.0
2014-04-06 04:00:00,2253.0
2014-04-06 05:00:00,2224.0
2014-04-06 06:00:00,2209.0
2014-04-06 07:00:00,4676.0
2014-04-06 08:00:00,5165.0
2014-04-06 09:00:00,5891.0
2014-04-06 10:00:00,5705.0
2014-04-06 11:00:00,5906.0
2014-04-06 12:00:00,5358.0
2014-04-06 13:00:00,5446.0
2014-04-06 14:00:00,5698.0
2014-04-06 15:00:00,5906.0
2014-04-06 16:00:00,5839.0
2014-04-06 17:00:00,6239.0
2014-04-06 18:00:00,6372.0
2014-04-06 19:00:00,6321.0
2014-04-06 20:00:00,6091.0
2014-04-06 21:00:00,5913.0
2014-04-06 22:00:00,5795.0
2014-04-06 23:00:00,4839.0
2014-04-07 00:00:00,2951.0
2014-04-07 01:00:00,2365.0
2014-04-07 02:00:00,2210.0
2014-04-07 03:00:00,2245.0
2014-04-07 04:00:00,2127.0
2014-04-07 05:00:00,2106.0
2014-04-07 06:00:00,2024.0
2014-04-07 07:00:00,4328.0
2014-04-07 08:00:00,4906.0
2014-04-07 09:00:00,5417.0
2014-04-07 10:00:00,5358.0
2014-04-07 11:00:00,5209.0
2014-04-07 12:00:00,5557.0
2014-04-07 13:00:00,5958.0
2014-04-07 14:00:00,5987.0
2014-04-07 15:00:00,5987.0
2014-04-07 16:00:00,6083.0
2014-04-07 17:00:00,6246.0
2014-04-07 18:00:00,6090.0
2014-04-07 19:00:00,6373.0
2014-04-07 20:00:00,5950.0
2014-04-07 21:00:00,6032.0
2014-04-07 22:00:00,5876.0
2014-04-07 23:00:00,4818.0
2014-04-08 00:00:00,2995.0
2014-04-08 01:00:00,2750.0
2014-04-08 02:00:00,2632.0
2014-04-08 03:00:00,1936.0
2014-04-08 04:00:00,1750.0
2014-04-08 05:00:00,1847.0
2014-04-08 06:00:00,1801.0
2014-04-08 07:00:00,3869.0
2014-04-08 08:00:00,4979.0
2014-04-08 09:00:00,5617.0
2014-04-08 10:00:00,5498.0
2014-04-08 11:00:00,5750.0
2014-04-08 12:00:00,5653.0
2014-04-08 13:00:00,5980.0
2014-04-08 14:00:00,6387.0
2014-04-08 15:00:00,6757.0
2014-04-08 16:00:00,6846.0
2014-04-08 17:00:00,7106.0
2014-04-08 18:00:00,6744.0
2014-04-08 19:00:00,7305.0
2014-04-08 20:00:00,6965.0
2014-04-08 21:00:00,6416.0
2014-04-08 22:00:00,6001.0
2014-04-08 23:00:00,5084.0
2014-04-09 00:00:00,3016.0
2014-04-09 01:00:00,2432.0
2014-04-09 02:00:00,2343.0
2014-04-09 03:00:00,2386.0
2014-04-09 04:00:00,2275.0
2014-04-09 05:00:00,2261.0
2014-04-09 06:00:00,2194.0
2014-04-09 07:00:00,3942.0
2014-04-09 08:00:00,4462.0
2014-04-09 09:00:00,5654.0
2014-04-09 10:00:00,5588.0
2014-04-09 11:00:00,6107.0
2014-04-09 12:00:00,6238.0
2014-04-09 13:00:00,5432.0
2014-04-09 14:00:00,5684.0
2014-04-09 15:00:00,6150.0
2014-04-09 16:00:00,6802.0
2014-04-09 17:00:00,6697.0
2014-04-09 18:00:00,6750.0
2014-04-09 19:00:00,6165.0
2014-04-09 20:00:00,5891.0
2014-04-09 21:00:00,5935.0
2014-04-09 22:00:00,5757.0
2014-04-09 23:00:00,4759.0
2014-04-10 00:00:00,2824.0
2014-04-10 01:00:00,2305.0
2014-04-10 02:00:00,2179.0
2014-04-10 03:00:00,2202.0
2014-04-10 04:00:00,2165.0
2014-04-10 05:00:00,2098.0
2014-04-10 06:00:00,2016.0
2014-04-10 07:00:00,4269.0
2014-04-10 08:00:00,4365.0
2014-04-10 09:00:00,5291.0
2014-04-10 10:00:00,5631.0
2014-04-10 11:00:00,5417.0
2014-04-10 12:00:00,5855.0
2014-04-10 13:00:00,6180.0
2014-04-10 14:00:00,5972.0
2014-04-10 15:00:00,6002.0
2014-04-10 16:00:00,6097.0
2014-04-10 17:00:00,6247.0
2014-04-10 18:00:00,6195.0
2014-04-10 19:00:00,6201.0
2014-04-10 20:00:00,5912.0
2014-04-10 21:00:00,5848.0
2014-04-10 22:00:00,5765.0
2014-04-10 23:00:00,4832.0
2014-04-11 00:00:00,3150.0
2014-04-11 01:00:00,2350.0
2014-04-11 02:00:00,2090.0
2014-04-11 03:00:00,2210.0
2014-04-11 04:00:00,2077.0
2014-04-11 05:00:00,2046.0
2014-04-11 06:00:00,2010.0
2014-04-11 07:00:00,3995.0
2014-04-11 08:00:00,4098.0
2014-04-11 09:00:00,5564.0
2014-04-11 10:00:00,5534.0
2014-04-11 11:00:00,5181.0
2014-04-11 12:00:00,5446.0
2014-04-11 13:00:00,5631.0
2014-04-11 14:00:00,5781.0
2014-04-11 15:00:00,5890.0
2014-04-11 16:00:00,6142.0
2014-04-11 17:00:00,6499.0
2014-04-11 18:00:00,6484.0
2014-04-11 19:00:00,6158.0
2014-04-11 20:00:00,6017.0
2014-04-11 21:00:00,5839.0
2014-04-11 22:00:00,5698.0
2014-04-11 23:00:00,4824.0
2014-04-12 00:00:00,2921.0
2014-04-12 01:00:00,2380.0
2014-04-12 02:00:00,2269.0
2014-04-12 03:00:00,2283.0
2014-04-12 04:00:00,2255.0
2014-04-12 05:00:00,2202.0
2014-04-12 06:00:00,2128.0
2014-04-12 07:00:00,4321.0
2014-04-12 08:00:00,4536.0
2014-04-12 09:00:00,5860.0
2014-04-12 10:00:00,5877.0
2014-04-12 11:00:00,5758.0
2014-04-12 12:00:00,5594.0
2014-04-12 13:00:00,5402.0
2014-04-12 14:00:00,5143.0
2014-04-12 15:00:00,5262.0
2014-04-12 16:00:00,5958.0
2014-04-12 17:00:00,6143.0
2014-04-12 18:00:00,6217.0
2014-04-12 19:00:00,5912.0
2014-04-12 20:00:00,6150.0
2014-04-12 21:00:00,5980.0
2014-04-12 22:00:00,5802.0
2014-04-12 23:00:00,4920.0
2014-04-13 00:00:00,3150.0
2014-04-13 01:00:00,2559.0
2014-04-13 02:00:00,2231.0
2014-04-13 03:00:00,2298.0
2014-04-13 04:00:00,2202.0
2014-04-13 05:00:00,2180.0
2014-04-13 06:00:00,2127.0
2014-04-13 07:00:00,4069.0
2014-04-13 08:00:00,4165.0
2014-04-13 09:00:00,5461.0
2014-04-13 10:00:00,5609.0
2014-04-13 11:00:00,6069.0
2014-04-13 12:00:00,5734.0
2014-04-13 13:00:00,6180.0
2014-04-13 14:00:00,6403.0
2014-04-13 15:00:00,6839.0
2014-04-13 16:00:00,7365.0
2014-04-13 17:00:00,7758.0
2014-04-13 18:00:00,7395.0
2014-04-13 19:00:00,6802.0
2014-04-13 20:00:00,6165.0
2014-04-13 21:00:00,6098.0
2014-04-13 22:00:00,5817.0
2014-04-13 23:00:00,4898.0
2014-04-14 00:00:00,3150.0
2014-04-14 01:00:00,2462.0
2014-04-14 02:00:00,2312.0
2014-04-14 03:00:00,2343.0
2014-04-14 04:00:00,2254.0
2014-04-14 05:00:00,2231.0
2014-04-14 06:00:00,2112.0
2014-04-14 07:00:00,3987.0
2014-04-14 08:00:00,4438.0
2014-04-14 09:00:00,5690.0
2014-04-14 10:00:00,6217.0
2014-04-14 11:00:00,5958.0
2014-04-14 12:00:00,5921.0
2014-04-14 13:00:00,6008.0
2014-04-14 14:00:00,5884.0
2014-04-14 15:00:00,5928.0
2014-04-14 16:00:00,6090.0
2014-04-14 17:00:00,6491.0
2014-04-14 18:00:00,6950.0
2014-04-14 19:00:00,6077.0
2014-04-14 20:00:00,6128.0
2014-04-14 21:00:00,6180.0
2014-04-14 22:00:00,5721.0
2014-04-14 23:00:00,4809.0
2014-04-15 00:00:00,3061.0
2014-04-15 01:00:00,2587.0
2014-04-15 02:00:00,2297.0
2014-04-15 03:00:00,2327.0
2014-04-15 04:00:00,2232.0
2014-04-15 05:00:00,2179.0
2014-04-15 06:00:00,2106.0
2014-04-15 07:00:00,4313.0
2014-04-15 08:00:00,4373.0
2014-04-15 09:00:00,5432.0
2014-04-15 10:00:00,6136.0
2014-04-15 11:00:00,5707.0
2014-04-15 12:00:00,5721.0
2014-04-15 13:00:00,5579.0
2014-04-15 14:00:00,6261.0
2014-04-15 15:00:00,5957.0
2014-04-15 16:00:00,5683.0
2014-04-15 17:00:00,6210.0
2014-04-15 18:00:00,5980.0
2014-04-15 19:00:00,5929.0
2014-04-15 20:00:00,5846.0
2014-04-15 21:00:00,5958.0
2014-04-15 22:00:00,5772.0
2014-04-15 23:00:00,4698.0
2014-04-16 00:00:00,2736.0
2014-04-16 01:00:00,2342.0
2014-04-16 02:00:00,2232.0
2014-04-16 03:00:00,2269.0
2014-04-16 04:00:00,2187.0
2014-04-16 05:00:00,2224.0
2014-04-16 06:00:00,2128.0
2014-04-16 07:00:00,3884.0
2014-04-16 08:00:00,4069.0
2014-04-16 09:00:00,5416.0
2014-04-16 10:00:00,5838.0
2014-04-16 11:00:00,5935.0
2014-04-16 12:00:00,6424.0
2014-04-16 13:00:00,5654.0
2014-04-16 14:00:00,6298.0
2014-04-16 15:00:00,6033.0
2014-04-16 16:00:00,6313.0
2014-04-16 17:00:00,6810.0
2014-04-16 18:00:00,6269.0
2014-04-16 19:00:00,6231.0
2014-04-16 20:00:00,5935.0
2014-04-16 21:00:00,5958.0
2014-04-16 22:00:00,5624.0
2014-04-16 23:00:00,4743.0
2014-04-17 00:00:00,2905.0
2014-04-17 01:00:00,2336.0
2014-04-17 02:00:00,2165.0
2014-04-17 03:00:00,2180.0
2014-04-17 04:00:00,2113.0
2014-04-17 05:00:00,2061.0
2014-04-17 06:00:00,2061.0
2014-04-17 07:00:00,4224.0
2014-04-17 08:00:00,4099.0
2014-04-17 09:00:00,5662.0
2014-04-17 10:00:00,5957.0
2014-04-17 11:00:00,6165.0
2014-04-17 12:00:00,7239.0
2014-04-17 13:00:00,7543.0
2014-04-17 14:00:00,7535.0
2014-04-17 15:00:00,7653.0
2014-04-17 16:00:00,7736.0
2014-04-17 17:00:00,8143.0
2014-04-17 18:00:00,7351.0
2014-04-17 19:00:00,6825.0
2014-04-17 20:00:00,6290.0
2014-04-17 21:00:00,6572.0
2014-04-17 22:00:00,5876.0
2014-04-17 23:00:00,4979.0
2014-04-18 00:00:00,3335.0
2014-04-18 01:00:00,2565.0
2014-04-18 02:00:00,2342.0
2014-04-18 03:00:00,2387.0
2014-04-18 04:00:00,2253.0
2014-04-18 05:00:00,2201.0
2014-04-18 06:00:00,2129.0
2014-04-18 07:00:00,4017.0
2014-04-18 08:00:00,4105.0
2014-04-18 09:00:00,5602.0
2014-04-18 10:00:00,5979.0
2014-04-18 11:00:00,6054.0
2014-04-18 12:00:00,5958.0
2014-04-18 13:00:00,5934.0
2014-04-18 14:00:00,5943.0
2014-04-18 15:00:00,6477.0
2014-04-18 16:00:00,6142.0
2014-04-18 17:00:00,6528.0
2014-04-18 18:00:00,6128.0
2014-04-18 19:00:00,5958.0
2014-04-18 20:00:00,5875.0
2014-04-18 21:00:00,6010.0
2014-04-18 22:00:00,5506.0
2014-04-18 23:00:00,4654.0
2014-04-19 00:00:00,2802.0
2014-04-19 01:00:00,2298.0
2014-04-19 02:00:00,2202.0
2014-04-19 03:00:00,2262.0
2014-04-19 04:00:00,2106.0
2014-04-19 05:00:00,2150.0
2014-04-19 06:00:00,2046.0
2014-04-19 07:00:00,4254.0
2014-04-19 08:00:00,4535.0
2014-04-19 09:00:00,5994.0
2014-04-19 10:00:00,6164.0
2014-04-19 11:00:00,5772.0
2014-04-19 12:00:00,5601.0
2014-04-19 13:00:00,5980.0
2014-04-19 14:00:00,6150.0
2014-04-19 15:00:00,6439.0
2014-04-19 16:00:00,6475.0
2014-04-19 17:00:00,6135.0
2014-04-19 18:00:00,5757.0
2014-04-19 19:00:00,5698.0
2014-04-19 20:00:00,5905.0
2014-04-19 21:00:00,5921.0
2014-04-19 22:00:00,5476.0
2014-04-19 23:00:00,4624.0
2014-04-20 00:00:00,2964.0
2014-04-20 01:00:00,2357.0
2014-04-20 02:00:00,2246.0
2014-04-20 03:00:00,2276.0
2014-04-20 04:00:00,2217.0
2014-04-20 05:00:00,2157.0
2014-04-20 06:00:00,2157.0
2014-04-20 07:00:00,4194.0
2014-04-20 08:00:00,5009.0
2014-04-20 09:00:00,5624.0
2014-04-20 10:00:00,5781.0
2014-04-20 11:00:00,5461.0
2014-04-20 12:00:00,5505.0
2014-04-20 13:00:00,5084.0
2014-04-20 14:00:00,5002.0
2014-04-20 15:00:00,5216.0
2014-04-20 16:00:00,5490.0
2014-04-20 17:00:00,5166.0
2014-04-20 18:00:00,5083.0
2014-04-20 19:00:00,4195.0
2014-04-20 20:00:00,2602.0
2014-04-20 21:00:00,2616.0
2014-04-20 22:00:00,2595.0
2014-04-20 23:00:00,2328.0
2014-04-21 00:00:00,2068.0
2014-04-21 01:00:00,2024.0
2014-04-21 02:00:00,1995.0
2014-04-21 03:00:00,2053.0
2014-04-21 04:00:00,1942.0
2014-04-21 05:00:00,2091.0
2014-04-21 06:00:00,2431.0
2014-04-21 07:00:00,4424.0
2014-04-21 08:00:00,5469.0
2014-04-21 09:00:00,6224.0
2014-04-21 10:00:00,6127.0
2014-04-21 11:00:00,5860.0
2014-04-21 12:00:00,5699.0
2014-04-21 13:00:00,5988.0
2014-04-21 14:00:00,5631.0
2014-04-21 15:00:00,5254.0
2014-04-21 16:00:00,5380.0
2014-04-21 17:00:00,5676.0
2014-04-21 18:00:00,5876.0
2014-04-21 19:00:00,5454.0
2014-04-21 20:00:00,5595.0
2014-04-21 21:00:00,5869.0
2014-04-21 22:00:00,5594.0
2014-04-21 23:00:00,4773.0
2014-04-22 00:00:00,2928.0
2014-04-22 01:00:00,2379.0
2014-04-22 02:00:00,2165.0
2014-04-22 03:00:00,2194.0
2014-04-22 04:00:00,2128.0
2014-04-22 05:00:00,2046.0
2014-04-22 06:00:00,2009.0
2014-04-22 07:00:00,4218.0
2014-04-22 08:00:00,4557.0
2014-04-22 09:00:00,4973.0
2014-04-22 10:00:00,5750.0
2014-04-22 11:00:00,5669.0
2014-04-22 12:00:00,5388.0
2014-04-22 13:00:00,5661.0
2014-04-22 14:00:00,5586.0
2014-04-22 15:00:00,5832.0
2014-04-22 16:00:00,5905.0
2014-04-22 17:00:00,5840.0
2014-04-22 18:00:00,5935.0
2014-04-22 19:00:00,5705.0
2014-04-22 20:00:00,5765.0
2014-04-22 21:00:00,6016.0
2014-04-22 22:00:00,5801.0
2014-04-22 23:00:00,4816.0
2014-04-23 00:00:00,3365.0
2014-04-23 01:00:00,2764.0
2014-04-23 02:00:00,2676.0
2014-04-23 03:00:00,2728.0
2014-04-23 04:00:00,2632.0
2014-04-23 05:00:00,2610.0
2014-04-23 06:00:00,2566.0
2014-04-23 07:00:00,4188.0
2014-04-23 08:00:00,4224.0
2014-04-23 09:00:00,5231.0
2014-04-23 10:00:00,5647.0
2014-04-23 11:00:00,5232.0
2014-04-23 12:00:00,5461.0
2014-04-23 13:00:00,5609.0
2014-04-23 14:00:00,5661.0
2014-04-23 15:00:00,5788.0
2014-04-23 16:00:00,5713.0
2014-04-23 17:00:00,5935.0
2014-04-23 18:00:00,5868.0
2014-04-23 19:00:00,5521.0
2014-04-23 20:00:00,5654.0
2014-04-23 21:00:00,5750.0
2014-04-23 22:00:00,5461.0
2014-04-23 23:00:00,4720.0
2014-04-24 00:00:00,2714.0
2014-04-24 01:00:00,2283.0
2014-04-24 02:00:00,2142.0
2014-04-24 03:00:00,2164.0
2014-04-24 04:00:00,2106.0
2014-04-24 05:00:00,2061.0
2014-04-24 06:00:00,2054.0
2014-04-24 07:00:00,4084.0
2014-04-24 08:00:00,4158.0
2014-04-24 09:00:00,5306.0
2014-04-24 10:00:00,5454.0
2014-04-24 11:00:00,5453.0
2014-04-24 12:00:00,5231.0
2014-04-24 13:00:00,5409.0
2014-04-24 14:00:00,5410.0
2014-04-24 15:00:00,5439.0
2014-04-24 16:00:00,5253.0
2014-04-24 17:00:00,5846.0
2014-04-24 18:00:00,5616.0
2014-04-24 19:00:00,5728.0
2014-04-24 20:00:00,5765.0
2014-04-24 21:00:00,5810.0
2014-04-24 22:00:00,5631.0
2014-04-24 23:00:00,4817.0
2014-04-25 00:00:00,3062.0
2014-04-25 01:00:00,2424.0
2014-04-25 02:00:00,2201.0
2014-04-25 03:00:00,2194.0
2014-04-25 04:00:00,2091.0
2014-04-25 05:00:00,2053.0
2014-04-25 06:00:00,2053.0
2014-04-25 07:00:00,4209.0
2014-04-25 08:00:00,4513.0
2014-04-25 09:00:00,5468.0
2014-04-25 10:00:00,6010.0
2014-04-25 11:00:00,5735.0
2014-04-25 12:00:00,5616.0
2014-04-25 13:00:00,5395.0
2014-04-25 14:00:00,5202.0
2014-04-25 15:00:00,6023.0
2014-04-25 16:00:00,5869.0
2014-04-25 17:00:00,6053.0
2014-04-25 18:00:00,5713.0
2014-04-25 19:00:00,5602.0
2014-04-25 20:00:00,5654.0
2014-04-25 21:00:00,5950.0
2014-04-25 22:00:00,5507.0
2014-04-25 23:00:00,4661.0
2014-04-26 00:00:00,2928.0
2014-04-26 01:00:00,2358.0
2014-04-26 02:00:00,2112.0
2014-04-26 03:00:00,2121.0
2014-04-26 04:00:00,2039.0
2014-04-26 05:00:00,2054.0
2014-04-26 06:00:00,1994.0
2014-04-26 07:00:00,4054.0
2014-04-26 08:00:00,4424.0
2014-04-26 09:00:00,5558.0
2014-04-26 10:00:00,5543.0
2014-04-26 11:00:00,5840.0
2014-04-26 12:00:00,5935.0
2014-04-26 13:00:00,5936.0
2014-04-26 14:00:00,5721.0
2014-04-26 15:00:00,5543.0
2014-04-26 16:00:00,5810.0
2014-04-26 17:00:00,6143.0
2014-04-26 18:00:00,5965.0
2014-04-26 19:00:00,5668.0
2014-04-26 20:00:00,5817.0
2014-04-26 21:00:00,6069.0
2014-04-26 22:00:00,5757.0
2014-04-26 23:00:00,4795.0
2014-04-27 00:00:00,2831.0
2014-04-27 01:00:00,2350.0
2014-04-27 02:00:00,2209.0
2014-04-27 03:00:00,2217.0
2014-04-27 04:00:00,2188.0
2014-04-27 05:00:00,2098.0
2014-04-27 06:00:00,2105.0
2014-04-27 07:00:00,4053.0
2014-04-27 08:00:00,4269.0
2014-04-27 09:00:00,5706.0
2014-04-27 10:00:00,5899.0
2014-04-27 11:00:00,6053.0
2014-04-27 12:00:00,6261.0
2014-04-27 13:00:00,6164.0
2014-04-27 14:00:00,6639.0
2014-04-27 15:00:00,6305.0
2014-04-27 16:00:00,6676.0
2014-04-27 17:00:00,6252.0
2014-04-27 18:00:00,6253.0
2014-04-27 19:00:00,5853.0
2014-04-27 20:00:00,5780.0
2014-04-27 21:00:00,5868.0
2014-04-27 22:00:00,5595.0
2014-04-27 23:00:00,4602.0
2014-04-28 00:00:00,2616.0
2014-04-28 01:00:00,2172.0
2014-04-28 02:00:00,2010.0
2014-04-28 03:00:00,2113.0
2014-04-28 04:00:00,2024.0
2014-04-28 05:00:00,1995.0
2014-04-28 06:00:00,1980.0
2014-04-28 07:00:00,4321.0
2014-04-28 08:00:00,4699.0
2014-04-28 09:00:00,5306.0
2014-04-28 10:00:00,5691.0
2014-04-28 11:00:00,5742.0
2014-04-28 12:00:00,5831.0
2014-04-28 13:00:00,5876.0
2014-04-28 14:00:00,5861.0
2014-04-28 15:00:00,6254.0
2014-04-28 16:00:00,6366.0
2014-04-28 17:00:00,6513.0
2014-04-28 18:00:00,5831.0
2014-04-28 19:00:00,5735.0
2014-04-28 20:00:00,5787.0
2014-04-28 21:00:00,5912.0
2014-04-28 22:00:00,5691.0
2014-04-28 23:00:00,4506.0
2014-04-29 00:00:00,2743.0
2014-04-29 01:00:00,2705.0
2014-04-29 02:00:00,2120.0
2014-04-29 03:00:00,2194.0
2014-04-29 04:00:00,2025.0
2014-04-29 05:00:00,1957.0
2014-04-29 06:00:00,1928.0
2014-04-29 07:00:00,3950.0
2014-04-29 08:00:00,4195.0
2014-04-29 09:00:00,5194.0
2014-04-29 10:00:00,5624.0
2014-04-29 11:00:00,5536.0
2014-04-29 12:00:00,5786.0
2014-04-29 13:00:00,6017.0
2014-04-29 14:00:00,6232.0
2014-04-29 15:00:00,6297.0
2014-04-29 16:00:00,6610.0
2014-04-29 17:00:00,6699.0
2014-04-29 18:00:00,5839.0
2014-04-29 19:00:00,5616.0
2014-04-29 20:00:00,5854.0
2014-04-29 21:00:00,5987.0
2014-04-29 22:00:00,5571.0
2014-04-29 23:00:00,4535.0
2014-04-30 00:00:00,2602.0
2014-04-30 01:00:00,2173.0
2014-04-30 02:00:00,2128.0
2014-04-30 03:00:00,2195.0
2014-04-30 04:00:00,2039.0
2014-04-30 05:00:00,2091.0
2014-04-30 06:00:00,1944.0
2014-04-30 07:00:00,4053.0
2014-04-30 08:00:00,4247.0
2014-04-30 09:00:00,5603.0
2014-04-30 10:00:00,5810.0
2014-04-30 11:00:00,5936.0
2014-04-30 12:00:00,6728.0
2014-04-30 13:00:00,6632.0
2014-04-30 14:00:00,6757.0
2014-04-30 15:00:00,7668.0
2014-04-30 16:00:00,7039.0
2014-04-30 17:00:00,7558.0
2014-04-30 18:00:00,7209.0
2014-04-30 19:00:00,6335.0
2014-04-30 20:00:00,6121.0
2014-04-30 21:00:00,6179.0
2014-04-30 22:00:00,5758.0
2014-04-30 23:00:00,4705.0
2014-05-01 00:00:00,2817.0
2014-05-01 01:00:00,2823.0
2014-05-01 02:00:00,2143.0
2014-05-01 03:00:00,2172.0
2014-05-01 04:00:00,2106.0
2014-05-01 05:00:00,2112.0
2014-05-01 06:00:00,1957.0
2014-05-01 07:00:00,4238.0
2014-05-01 08:00:00,4314.0
2014-05-01 09:00:00,5268.0
2014-05-01 10:00:00,5950.0
2014-05-01 11:00:00,6120.0
2014-05-01 12:00:00,6765.0
2014-05-01 13:00:00,6779.0
2014-05-01 14:00:00,7121.0
2014-05-01 15:00:00,7216.0
2014-05-01 16:00:00,7291.0
2014-05-01 17:00:00,7335.0
2014-05-01 18:00:00,7076.0
2014-05-01 19:00:00,6402.0
2014-05-01 20:00:00,6144.0
2014-05-01 21:00:00,6039.0
2014-05-01 22:00:00,5684.0
2014-05-01 23:00:00,4647.0
2014-05-02 00:00:00,2847.0
2014-05-02 01:00:00,2224.0
2014-05-02 02:00:00,2106.0
2014-05-02 03:00:00,2135.0
2014-05-02 04:00:00,2076.0
2014-05-02 05:00:00,2025.0
2014-05-02 06:00:00,2017.0
2014-05-02 07:00:00,4187.0
2014-05-02 08:00:00,4772.0
2014-05-02 09:00:00,5751.0
2014-05-02 10:00:00,6098.0
2014-05-02 11:00:00,6566.0
2014-05-02 12:00:00,7151.0
2014-05-02 13:00:00,7106.0
2014-05-02 14:00:00,7542.0
2014-05-02 15:00:00,7788.0
2014-05-02 16:00:00,7838.0
2014-05-02 17:00:00,7646.0
2014-05-02 18:00:00,7402.0
2014-05-02 19:00:00,7298.0
2014-05-02 20:00:00,7017.0
2014-05-02 21:00:00,6475.0
2014-05-02 22:00:00,5862.0
2014-05-02 23:00:00,4757.0
2014-05-03 00:00:00,2973.0
2014-05-03 01:00:00,2410.0
2014-05-03 02:00:00,2232.0
2014-05-03 03:00:00,2357.0
2014-05-03 04:00:00,2261.0
2014-05-03 05:00:00,2217.0
2014-05-03 06:00:00,2149.0
2014-05-03 07:00:00,3677.0
2014-05-03 08:00:00,4135.0
2014-05-03 09:00:00,5559.0
2014-05-03 10:00:00,6513.0
2014-05-03 11:00:00,7194.0
2014-05-03 12:00:00,7476.0
2014-05-03 13:00:00,7632.0
2014-05-03 14:00:00,7476.0
2014-05-03 15:00:00,7445.0
2014-05-03 16:00:00,7676.0
2014-05-03 17:00:00,7912.0
2014-05-03 18:00:00,7558.0
2014-05-03 19:00:00,7217.0
2014-05-03 20:00:00,7127.0
2014-05-03 21:00:00,6802.0
2014-05-03 22:00:00,5750.0
2014-05-03 23:00:00,4943.0
2014-05-04 00:00:00,3062.0
2014-05-04 01:00:00,2357.0
2014-05-04 02:00:00,2216.0
2014-05-04 03:00:00,2231.0
2014-05-04 04:00:00,2106.0
2014-05-04 05:00:00,2127.0
2014-05-04 06:00:00,2121.0
2014-05-04 07:00:00,3773.0
2014-05-04 08:00:00,3891.0
2014-05-04 09:00:00,5401.0
2014-05-04 10:00:00,6409.0
2014-05-04 11:00:00,7297.0
2014-05-04 12:00:00,7988.0
2014-05-04 13:00:00,8180.0
2014-05-04 14:00:00,8091.0
2014-05-04 15:00:00,7891.0
2014-05-04 16:00:00,7824.0
2014-05-04 17:00:00,7913.0
2014-05-04 18:00:00,7395.0
2014-05-04 19:00:00,7134.0
2014-05-04 20:00:00,7090.0
2014-05-04 21:00:00,6535.0
2014-05-04 22:00:00,5758.0
2014-05-04 23:00:00,4786.0
2014-05-05 00:00:00,2958.0
2014-05-05 01:00:00,2276.0
2014-05-05 02:00:00,2136.0
2014-05-05 03:00:00,2180.0
2014-05-05 04:00:00,2024.0
2014-05-05 05:00:00,2039.0
2014-05-05 06:00:00,1958.0
2014-05-05 07:00:00,3891.0
2014-05-05 08:00:00,4017.0
2014-05-05 09:00:00,5321.0
2014-05-05 10:00:00,6366.0
2014-05-05 11:00:00,7135.0
2014-05-05 12:00:00,7054.0
2014-05-05 13:00:00,7195.0
2014-05-05 14:00:00,7172.0
2014-05-05 15:00:00,7061.0
2014-05-05 16:00:00,6913.0
2014-05-05 17:00:00,7572.0
2014-05-05 18:00:00,7417.0
2014-05-05 19:00:00,7202.0
2014-05-05 20:00:00,6765.0
2014-05-05 21:00:00,6313.0
2014-05-05 22:00:00,5876.0
2014-05-05 23:00:00,4831.0
2014-05-06 00:00:00,3380.0
2014-05-06 01:00:00,2839.0
2014-05-06 02:00:00,2536.0
2014-05-06 03:00:00,2565.0
2014-05-06 04:00:00,2231.0
2014-05-06 05:00:00,2077.0
2014-05-06 06:00:00,2032.0
2014-05-06 07:00:00,3943.0
2014-05-06 08:00:00,4047.0
2014-05-06 09:00:00,5639.0
2014-05-06 10:00:00,5817.0
2014-05-06 11:00:00,6224.0
2014-05-06 12:00:00,6558.0
2014-05-06 13:00:00,6476.0
2014-05-06 14:00:00,6860.0
2014-05-06 15:00:00,7171.0
2014-05-06 16:00:00,7136.0
2014-05-06 17:00:00,7572.0
2014-05-06 18:00:00,7313.0
2014-05-06 19:00:00,6402.0
2014-05-06 20:00:00,6046.0
2014-05-06 21:00:00,6032.0
2014-05-06 22:00:00,5780.0
2014-05-06 23:00:00,5134.0
2014-05-07 00:00:00,3306.0
2014-05-07 01:00:00,3239.0
2014-05-07 02:00:00,3239.0
2014-05-07 03:00:00,2942.0
2014-05-07 04:00:00,2409.0
2014-05-07 05:00:00,2142.0
2014-05-07 06:00:00,2061.0
2014-05-07 07:00:00,3780.0
2014-05-07 08:00:00,4062.0
2014-05-07 09:00:00,5638.0
2014-05-07 10:00:00,5832.0
2014-05-07 11:00:00,5906.0
2014-05-07 12:00:00,6913.0
2014-05-07 13:00:00,6499.0
2014-05-07 14:00:00,7024.0
2014-05-07 15:00:00,6846.0
2014-05-07 16:00:00,7054.0
2014-05-07 17:00:00,7253.0
2014-05-07 18:00:00,6713.0
2014-05-07 19:00:00,6238.0
2014-05-07 20:00:00,6357.0
2014-05-07 21:00:00,6150.0
2014-05-07 22:00:00,5669.0
2014-05-07 23:00:00,4795.0
2014-05-08 00:00:00,2743.0
2014-05-08 01:00:00,2291.0
2014-05-08 02:00:00,2165.0
2014-05-08 03:00:00,2164.0
2014-05-08 04:00:00,2084.0
2014-05-08 05:00:00,2047.0
2014-05-08 06:00:00,2054.0
2014-05-08 07:00:00,3751.0
2014-05-08 08:00:00,3772.0
2014-05-08 09:00:00,5483.0
2014-05-08 10:00:00,5794.0
2014-05-08 11:00:00,6165.0
2014-05-08 12:00:00,6839.0
2014-05-08 13:00:00,7083.0
2014-05-08 14:00:00,6476.0
2014-05-08 15:00:00,6942.0
2014-05-08 16:00:00,6765.0
2014-05-08 17:00:00,7224.0
2014-05-08 18:00:00,6439.0
2014-05-08 19:00:00,6165.0
2014-05-08 20:00:00,5861.0
2014-05-08 21:00:00,6009.0
2014-05-08 22:00:00,5646.0
2014-05-08 23:00:00,4647.0
2014-05-09 00:00:00,2847.0
2014-05-09 01:00:00,2187.0
2014-05-09 02:00:00,2150.0
2014-05-09 03:00:00,2120.0
2014-05-09 04:00:00,1980.0
2014-05-09 05:00:00,2032.0
2014-05-09 06:00:00,2032.0
2014-05-09 07:00:00,3780.0
2014-05-09 08:00:00,4016.0
2014-05-09 09:00:00,5535.0
2014-05-09 10:00:00,6150.0
2014-05-09 11:00:00,6676.0
2014-05-09 12:00:00,7098.0
2014-05-09 13:00:00,7386.0
2014-05-09 14:00:00,7328.0
2014-05-09 15:00:00,7557.0
2014-05-09 16:00:00,7483.0
2014-05-09 17:00:00,7608.0
2014-05-09 18:00:00,7321.0
2014-05-09 19:00:00,6542.0
2014-05-09 20:00:00,6247.0
2014-05-09 21:00:00,6113.0
2014-05-09 22:00:00,5779.0
2014-05-09 23:00:00,4817.0
2014-05-10 00:00:00,3224.0
2014-05-10 01:00:00,2357.0
2014-05-10 02:00:00,2187.0
2014-05-10 03:00:00,2276.0
2014-05-10 04:00:00,2195.0
2014-05-10 05:00:00,2188.0
2014-05-10 06:00:00,2135.0
2014-05-10 07:00:00,3876.0
2014-05-10 08:00:00,4083.0
2014-05-10 09:00:00,5610.0
2014-05-10 10:00:00,6128.0
2014-05-10 11:00:00,7484.0
2014-05-10 12:00:00,7928.0
2014-05-10 13:00:00,7877.0
2014-05-10 14:00:00,7254.0
2014-05-10 15:00:00,7520.0
2014-05-10 16:00:00,7890.0
2014-05-10 17:00:00,7935.0
2014-05-10 18:00:00,5387.0
2014-05-10 19:00:00,6654.0
2014-05-10 20:00:00,6209.0
2014-05-10 21:00:00,6091.0
2014-05-10 22:00:00,5714.0
2014-05-10 23:00:00,4817.0
2014-05-11 00:00:00,2980.0
2014-05-11 01:00:00,2743.0
2014-05-11 02:00:00,2246.0
2014-05-11 03:00:00,2276.0
2014-05-11 04:00:00,2157.0
2014-05-11 05:00:00,2209.0
2014-05-11 06:00:00,2128.0
2014-05-11 07:00:00,4238.0
2014-05-11 08:00:00,4573.0
2014-05-11 09:00:00,5499.0
2014-05-11 10:00:00,6098.0
2014-05-11 11:00:00,7209.0
2014-05-11 12:00:00,6905.0
2014-05-11 13:00:00,7091.0
2014-05-11 14:00:00,7529.0
2014-05-11 15:00:00,7727.0
2014-05-11 16:00:00,7306.0
2014-05-11 17:00:00,7394.0
2014-05-11 18:00:00,6869.0
2014-05-11 19:00:00,6232.0
2014-05-11 20:00:00,6024.0
2014-05-11 21:00:00,5988.0
2014-05-11 22:00:00,5528.0
2014-05-11 23:00:00,4653.0
2014-05-12 00:00:00,3061.0
2014-05-12 01:00:00,2388.0
2014-05-12 02:00:00,2164.0
2014-05-12 03:00:00,2135.0
2014-05-12 04:00:00,2039.0
2014-05-12 05:00:00,2009.0
2014-05-12 06:00:00,2040.0
2014-05-12 07:00:00,4129.0
2014-05-12 08:00:00,4069.0
2014-05-12 09:00:00,5253.0
2014-05-12 10:00:00,5698.0
2014-05-12 11:00:00,6201.0
2014-05-12 12:00:00,6499.0
2014-05-12 13:00:00,6764.0
2014-05-12 14:00:00,6558.0
2014-05-12 15:00:00,6817.0
2014-05-12 16:00:00,6920.0
2014-05-12 17:00:00,6919.0
2014-05-12 18:00:00,6647.0
2014-05-12 19:00:00,6194.0
2014-05-12 20:00:00,5921.0
2014-05-12 21:00:00,6002.0
2014-05-12 22:00:00,5751.0
2014-05-12 23:00:00,4802.0
2014-05-13 00:00:00,3838.0
2014-05-13 01:00:00,3897.0
2014-05-13 02:00:00,3830.0
2014-05-13 03:00:00,3603.0
2014-05-13 04:00:00,2188.0
2014-05-13 05:00:00,2121.0
2014-05-13 06:00:00,2054.0
2014-05-13 07:00:00,4269.0
2014-05-13 08:00:00,4536.0
2014-05-13 09:00:00,5588.0
2014-05-13 10:00:00,5779.0
2014-05-13 11:00:00,6662.0
2014-05-13 12:00:00,6572.0
2014-05-13 13:00:00,6743.0
2014-05-13 14:00:00,7047.0
2014-05-13 15:00:00,7195.0
2014-05-13 16:00:00,7395.0
2014-05-13 17:00:00,7750.0
2014-05-13 18:00:00,7558.0
2014-05-13 19:00:00,6996.0
2014-05-13 20:00:00,6336.0
2014-05-13 21:00:00,6261.0
2014-05-13 22:00:00,5780.0
2014-05-13 23:00:00,4898.0
2014-05-14 00:00:00,2936.0
2014-05-14 01:00:00,2321.0
2014-05-14 02:00:00,2202.0
2014-05-14 03:00:00,2261.0
2014-05-14 04:00:00,2143.0
2014-05-14 05:00:00,2090.0
2014-05-14 06:00:00,2077.0
2014-05-14 07:00:00,4166.0
2014-05-14 08:00:00,4513.0
2014-05-14 09:00:00,5535.0
2014-05-14 10:00:00,6358.0
2014-05-14 11:00:00,7128.0
2014-05-14 12:00:00,7667.0
2014-05-14 13:00:00,7616.0
2014-05-14 14:00:00,7869.0
2014-05-14 15:00:00,8246.0
2014-05-14 16:00:00,8246.0
2014-05-14 17:00:00,8676.0
2014-05-14 18:00:00,8536.0
2014-05-14 19:00:00,7994.0
2014-05-14 20:00:00,7669.0
2014-05-14 21:00:00,7240.0
2014-05-14 22:00:00,6344.0
2014-05-14 23:00:00,4883.0
2014-05-15 00:00:00,2921.0
2014-05-15 01:00:00,2358.0
2014-05-15 02:00:00,2276.0
2014-05-15 03:00:00,2290.0
2014-05-15 04:00:00,2253.0
2014-05-15 05:00:00,2231.0
2014-05-15 06:00:00,2142.0
2014-05-15 07:00:00,3943.0
2014-05-15 08:00:00,4173.0
2014-05-15 09:00:00,5639.0
2014-05-15 10:00:00,6618.0
2014-05-15 11:00:00,7439.0
2014-05-15 12:00:00,7609.0
2014-05-15 13:00:00,7728.0
2014-05-15 14:00:00,7958.0
2014-05-15 15:00:00,7980.0
2014-05-15 16:00:00,7395.0
2014-05-15 17:00:00,7068.0
2014-05-15 18:00:00,6854.0
2014-05-15 19:00:00,6416.0
2014-05-15 20:00:00,5609.0
2014-05-15 21:00:00,5669.0
2014-05-15 22:00:00,5491.0
2014-05-15 23:00:00,4662.0
2014-05-16 00:00:00,3113.0
2014-05-16 01:00:00,2779.0
2014-05-16 02:00:00,2290.0
2014-05-16 03:00:00,2372.0
2014-05-16 04:00:00,2216.0
2014-05-16 05:00:00,2209.0
2014-05-16 06:00:00,2157.0
2014-05-16 07:00:00,3735.0
2014-05-16 08:00:00,3921.0
2014-05-16 09:00:00,5498.0
2014-05-16 10:00:00,6054.0
2014-05-16 11:00:00,6462.0
2014-05-16 12:00:00,6395.0
2014-05-16 13:00:00,6031.0
2014-05-16 14:00:00,5713.0
2014-05-16 15:00:00,5773.0
2014-05-16 16:00:00,6239.0
2014-05-16 17:00:00,6046.0
2014-05-16 18:00:00,6373.0
2014-05-16 19:00:00,6268.0
2014-05-16 20:00:00,5588.0
2014-05-16 21:00:00,5691.0
2014-05-16 22:00:00,5476.0
2014-05-16 23:00:00,4817.0
2014-05-17 00:00:00,3254.0
2014-05-17 01:00:00,2972.0
2014-05-17 02:00:00,2580.0
2014-05-17 03:00:00,2261.0
2014-05-17 04:00:00,2202.0
2014-05-17 05:00:00,2217.0
2014-05-17 06:00:00,2090.0
2014-05-17 07:00:00,3646.0
2014-05-17 08:00:00,4179.0
2014-05-17 09:00:00,5238.0
2014-05-17 10:00:00,6483.0
2014-05-17 11:00:00,6913.0
2014-05-17 12:00:00,6387.0
2014-05-17 13:00:00,6409.0
2014-05-17 14:00:00,6210.0
2014-05-17 15:00:00,6491.0
2014-05-17 16:00:00,6268.0
2014-05-17 17:00:00,6395.0
2014-05-17 18:00:00,6001.0
2014-05-17 19:00:00,5765.0
2014-05-17 20:00:00,5587.0
2014-05-17 21:00:00,5875.0
2014-05-17 22:00:00,5409.0
2014-05-17 23:00:00,4772.0
2014-05-18 00:00:00,3082.0
2014-05-18 01:00:00,2432.0
2014-05-18 02:00:00,2343.0
2014-05-18 03:00:00,2357.0
2014-05-18 04:00:00,2209.0
2014-05-18 05:00:00,2262.0
2014-05-18 06:00:00,2127.0
2014-05-18 07:00:00,3795.0
2014-05-18 08:00:00,4298.0
2014-05-18 09:00:00,5527.0
2014-05-18 10:00:00,6053.0
2014-05-18 11:00:00,6519.0
2014-05-18 12:00:00,6483.0
2014-05-18 13:00:00,6943.0
2014-05-18 14:00:00,6091.0
2014-05-18 15:00:00,6024.0
2014-05-18 16:00:00,6128.0
2014-05-18 17:00:00,6054.0
2014-05-18 18:00:00,5935.0
2014-05-18 19:00:00,5645.0
2014-05-18 20:00:00,5327.0
2014-05-18 21:00:00,5565.0
2014-05-18 22:00:00,5417.0
2014-05-18 23:00:00,4365.0
2014-05-19 00:00:00,3009.0
2014-05-19 01:00:00,2365.0
2014-05-19 02:00:00,2172.0
2014-05-19 03:00:00,2172.0
2014-05-19 04:00:00,2113.0
2014-05-19 05:00:00,2091.0
2014-05-19 06:00:00,1995.0
2014-05-19 07:00:00,3595.0
2014-05-19 08:00:00,4410.0
2014-05-19 09:00:00,5136.0
2014-05-19 10:00:00,5550.0
2014-05-19 11:00:00,5661.0
2014-05-19 12:00:00,5653.0
2014-05-19 13:00:00,5505.0
2014-05-19 14:00:00,4965.0
2014-05-19 15:00:00,5247.0
2014-05-19 16:00:00,5387.0
2014-05-19 17:00:00,5668.0
2014-05-19 18:00:00,5713.0
2014-05-19 19:00:00,5417.0
2014-05-19 20:00:00,5039.0
2014-05-19 21:00:00,5468.0
2014-05-19 22:00:00,5269.0
2014-05-19 23:00:00,4603.0
2014-05-20 00:00:00,3321.0
2014-05-20 01:00:00,3594.0
2014-05-20 02:00:00,3491.0
2014-05-20 03:00:00,2846.0
2014-05-20 04:00:00,2047.0
2014-05-20 05:00:00,2061.0
2014-05-20 06:00:00,2002.0
2014-05-20 07:00:00,3986.0
2014-05-20 08:00:00,4549.0
2014-05-20 09:00:00,5114.0
2014-05-20 10:00:00,5128.0
2014-05-20 11:00:00,5772.0
2014-05-20 12:00:00,5054.0
2014-05-20 13:00:00,5343.0
2014-05-20 14:00:00,5328.0
2014-05-20 15:00:00,5394.0
2014-05-20 16:00:00,5091.0
2014-05-20 17:00:00,5861.0
2014-05-20 18:00:00,5415.0
2014-05-20 19:00:00,5269.0
2014-05-20 20:00:00,4899.0
2014-05-20 21:00:00,5417.0
2014-05-20 22:00:00,5394.0
2014-05-20 23:00:00,4365.0
2014-05-21 00:00:00,2484.0
2014-05-21 01:00:00,2158.0
2014-05-21 02:00:00,2031.0
2014-05-21 03:00:00,2054.0
2014-05-21 04:00:00,2025.0
2014-05-21 05:00:00,1981.0
2014-05-21 06:00:00,1935.0
2014-05-21 07:00:00,3854.0
2014-05-21 08:00:00,4439.0
2014-05-21 09:00:00,4957.0
2014-05-21 10:00:00,5210.0
2014-05-21 11:00:00,5275.0
2014-05-21 12:00:00,4832.0
2014-05-21 13:00:00,5061.0
2014-05-21 14:00:00,5312.0
2014-05-21 15:00:00,5173.0
2014-05-21 16:00:00,5573.0
2014-05-21 17:00:00,5646.0
2014-05-21 18:00:00,5868.0
2014-05-21 19:00:00,5313.0
2014-05-21 20:00:00,5009.0
2014-05-21 21:00:00,5647.0
2014-05-21 22:00:00,5342.0
2014-05-21 23:00:00,4061.0
2014-05-22 00:00:00,2602.0
2014-05-22 01:00:00,2194.0
2014-05-22 02:00:00,2084.0
2014-05-22 03:00:00,2098.0
2014-05-22 04:00:00,2031.0
2014-05-22 05:00:00,1995.0
2014-05-22 06:00:00,1957.0
2014-05-22 07:00:00,3788.0
2014-05-22 08:00:00,4321.0
2014-05-22 09:00:00,5358.0
2014-05-22 10:00:00,5683.0
2014-05-22 11:00:00,5357.0
2014-05-22 12:00:00,5099.0
2014-05-22 13:00:00,5284.0
2014-05-22 14:00:00,5268.0
2014-05-22 15:00:00,5447.0
2014-05-22 16:00:00,5195.0
2014-05-22 17:00:00,5750.0
2014-05-22 18:00:00,5832.0
2014-05-22 19:00:00,5440.0
2014-05-22 20:00:00,4972.0
2014-05-22 21:00:00,5483.0
2014-05-22 22:00:00,5261.0
2014-05-22 23:00:00,4484.0
2014-05-23 00:00:00,2586.0
2014-05-23 01:00:00,2262.0
2014-05-23 02:00:00,2202.0
2014-05-23 03:00:00,2202.0
2014-05-23 04:00:00,2135.0
2014-05-23 05:00:00,2121.0
2014-05-23 06:00:00,2061.0
2014-05-23 07:00:00,3950.0
2014-05-23 08:00:00,4461.0
2014-05-23 09:00:00,5225.0
2014-05-23 10:00:00,5654.0
2014-05-23 11:00:00,5158.0
2014-05-23 12:00:00,5854.0
2014-05-23 13:00:00,5735.0
2014-05-23 14:00:00,5053.0
2014-05-23 15:00:00,5084.0
2014-05-23 16:00:00,5269.0
2014-05-23 17:00:00,5743.0
2014-05-23 18:00:00,5312.0
2014-05-23 19:00:00,5520.0
2014-05-23 20:00:00,5246.0
2014-05-23 21:00:00,5513.0
2014-05-23 22:00:00,5247.0
2014-05-23 23:00:00,4439.0
2014-05-24 00:00:00,2476.0
2014-05-24 01:00:00,2187.0
2014-05-24 02:00:00,2040.0
2014-05-24 03:00:00,2135.0
2014-05-24 04:00:00,1986.0
2014-05-24 05:00:00,1987.0
2014-05-24 06:00:00,1935.0
2014-05-24 07:00:00,3698.0
2014-05-24 08:00:00,3846.0
2014-05-24 09:00:00,5024.0
2014-05-24 10:00:00,5357.0
2014-05-24 11:00:00,5277.0
2014-05-24 12:00:00,5232.0
2014-05-24 13:00:00,4905.0
2014-05-24 14:00:00,5409.0
2014-05-24 15:00:00,5291.0
2014-05-24 16:00:00,5373.0
2014-05-24 17:00:00,5181.0
2014-05-24 18:00:00,5453.0
2014-05-24 19:00:00,5195.0
2014-05-24 20:00:00,5128.0
2014-05-24 21:00:00,5476.0
2014-05-24 22:00:00,5135.0
2014-05-24 23:00:00,4291.0
2014-05-25 00:00:00,2684.0
2014-05-25 01:00:00,2165.0
2014-05-25 02:00:00,2031.0
2014-05-25 03:00:00,2113.0
2014-05-25 04:00:00,1980.0
2014-05-25 05:00:00,1965.0
2014-05-25 06:00:00,1913.0
2014-05-25 07:00:00,3446.0
2014-05-25 08:00:00,3958.0
2014-05-25 09:00:00,5061.0
2014-05-25 10:00:00,5002.0
2014-05-25 11:00:00,5387.0
2014-05-25 12:00:00,5165.0
2014-05-25 13:00:00,5276.0
2014-05-25 14:00:00,4921.0
2014-05-25 15:00:00,5017.0
2014-05-25 16:00:00,5180.0
2014-05-25 17:00:00,5165.0
2014-05-25 18:00:00,5106.0
2014-05-25 19:00:00,5173.0
2014-05-25 20:00:00,5069.0
2014-05-25 21:00:00,5492.0
2014-05-25 22:00:00,5283.0
2014-05-25 23:00:00,4432.0
2014-05-26 00:00:00,2742.0
2014-05-26 01:00:00,2298.0
2014-05-26 02:00:00,2010.0
2014-05-26 03:00:00,2054.0
2014-05-26 04:00:00,1912.0
2014-05-26 05:00:00,1957.0
2014-05-26 06:00:00,1891.0
2014-05-26 07:00:00,3476.0
2014-05-26 08:00:00,2314.0
2014-05-26 09:00:00,5062.0
2014-05-26 10:00:00,5032.0
2014-05-26 11:00:00,5061.0
2014-05-26 12:00:00,5290.0
2014-05-26 13:00:00,4899.0
2014-05-26 14:00:00,5187.0
2014-05-26 15:00:00,5024.0
2014-05-26 16:00:00,5188.0
2014-05-26 17:00:00,5343.0
2014-05-26 18:00:00,5121.0
2014-05-26 19:00:00,5046.0
2014-05-26 20:00:00,4913.0
2014-05-26 21:00:00,5550.0
2014-05-26 22:00:00,5565.0
2014-05-26 23:00:00,4587.0
2014-05-27 00:00:00,3735.0
2014-05-27 01:00:00,3772.0
2014-05-27 02:00:00,3706.0
2014-05-27 03:00:00,3839.0
2014-05-27 04:00:00,3728.0
2014-05-27 05:00:00,3195.0
2014-05-27 06:00:00,2669.0
2014-05-27 07:00:00,4269.0
2014-05-27 08:00:00,3817.0
2014-05-27 09:00:00,4906.0
2014-05-27 10:00:00,5224.0
2014-05-27 11:00:00,5328.0
2014-05-27 12:00:00,5335.0
2014-05-27 13:00:00,5372.0
2014-05-27 14:00:00,5008.0
2014-05-27 15:00:00,5120.0
2014-05-27 16:00:00,5061.0
2014-05-27 17:00:00,5187.0
2014-05-27 18:00:00,5461.0
2014-05-27 19:00:00,5646.0
2014-05-27 20:00:00,5291.0
2014-05-27 21:00:00,5587.0
2014-05-27 22:00:00,5321.0
2014-05-27 23:00:00,4676.0
2014-05-28 00:00:00,3639.0
2014-05-28 01:00:00,3454.0
2014-05-28 02:00:00,3512.0
2014-05-28 03:00:00,3379.0
2014-05-28 04:00:00,3186.0
2014-05-28 05:00:00,3099.0
2014-05-28 06:00:00,2225.0
2014-05-28 07:00:00,3751.0
2014-05-28 08:00:00,3824.0
2014-05-28 09:00:00,4950.0
2014-05-28 10:00:00,5543.0
2014-05-28 11:00:00,5395.0
2014-05-28 12:00:00,5401.0
2014-05-28 13:00:00,5276.0
2014-05-28 14:00:00,5430.0
2014-05-28 15:00:00,5343.0
2014-05-28 16:00:00,5475.0
2014-05-28 17:00:00,5750.0
2014-05-28 18:00:00,5876.0
2014-05-28 19:00:00,5988.0
2014-05-28 20:00:00,5439.0
2014-05-28 21:00:00,5736.0
2014-05-28 22:00:00,5616.0
2014-05-28 23:00:00,4824.0
2014-05-29 00:00:00,3054.0
2014-05-29 01:00:00,2661.0
2014-05-29 02:00:00,2595.0
2014-05-29 03:00:00,2705.0
2014-05-29 04:00:00,2594.0
2014-05-29 05:00:00,2618.0
2014-05-29 06:00:00,2550.0
2014-05-29 07:00:00,3840.0
2014-05-29 08:00:00,3944.0
2014-05-29 09:00:00,5454.0
2014-05-29 10:00:00,5335.0
2014-05-29 11:00:00,5579.0
2014-05-29 12:00:00,5802.0
2014-05-29 13:00:00,5565.0
2014-05-29 14:00:00,5446.0
2014-05-29 15:00:00,5610.0
2014-05-29 16:00:00,5632.0
2014-05-29 17:00:00,5861.0
2014-05-29 18:00:00,5950.0
2014-05-29 19:00:00,5794.0
2014-05-29 20:00:00,5321.0
2014-05-29 21:00:00,5742.0
2014-05-29 22:00:00,5528.0
2014-05-29 23:00:00,4854.0
2014-05-30 00:00:00,3120.0
2014-05-30 01:00:00,2692.0
2014-05-30 02:00:00,2536.0
2014-05-30 03:00:00,2595.0
2014-05-30 04:00:00,2484.0
2014-05-30 05:00:00,2491.0
2014-05-30 06:00:00,2476.0
2014-05-30 07:00:00,3899.0
2014-05-30 08:00:00,3831.0
2014-05-30 09:00:00,5306.0
2014-05-30 10:00:00,5365.0
2014-05-30 11:00:00,5350.0
2014-05-30 12:00:00,5765.0
2014-05-30 13:00:00,5713.0
2014-05-30 14:00:00,5564.0
2014-05-30 15:00:00,5402.0
2014-05-30 16:00:00,5736.0
2014-05-30 17:00:00,6090.0
2014-05-30 18:00:00,5735.0
2014-05-30 19:00:00,5861.0
2014-05-30 20:00:00,5395.0
2014-05-30 21:00:00,5765.0
2014-05-30 22:00:00,5364.0
2014-05-30 23:00:00,4550.0
2014-05-31 00:00:00,2825.0
2014-05-31 01:00:00,2594.0
2014-05-31 02:00:00,2135.0
2014-05-31 03:00:00,2142.0
2014-05-31 04:00:00,2099.0
2014-05-31 05:00:00,2084.0
2014-05-31 06:00:00,1988.0
2014-05-31 07:00:00,3816.0
2014-05-31 08:00:00,3638.0
2014-05-31 09:00:00,5462.0
2014-05-31 10:00:00,5588.0
2014-05-31 11:00:00,6009.0
2014-05-31 12:00:00,5936.0
2014-05-31 13:00:00,5890.0
2014-05-31 14:00:00,5869.0
2014-05-31 15:00:00,5832.0
2014-05-31 16:00:00,6211.0
2014-05-31 17:00:00,6127.0
2014-05-31 18:00:00,5972.0
2014-05-31 19:00:00,5765.0
2014-05-31 20:00:00,5364.0
2014-05-31 21:00:00,5943.0
2014-05-31 22:00:00,5447.0
2014-05-31 23:00:00,4564.0
2014-06-01 00:00:00,3061.0
2014-06-01 01:00:00,2454.0
2014-06-01 02:00:00,2217.0
2014-06-01 03:00:00,2223.0
2014-06-01 04:00:00,2098.0
2014-06-01 05:00:00,2158.0
2014-06-01 06:00:00,2091.0
2014-06-01 07:00:00,3653.0
2014-06-01 08:00:00,3786.0
2014-06-01 09:00:00,5328.0
2014-06-01 10:00:00,5440.0
2014-06-01 11:00:00,6105.0
2014-06-01 12:00:00,5631.0
2014-06-01 13:00:00,5632.0
2014-06-01 14:00:00,5535.0
2014-06-01 15:00:00,5884.0
2014-06-01 16:00:00,5825.0
2014-06-01 17:00:00,6246.0
2014-06-01 18:00:00,6172.0
2014-06-01 19:00:00,6224.0
2014-06-01 20:00:00,5357.0
2014-06-01 21:00:00,5662.0
2014-06-01 22:00:00,5469.0
2014-06-01 23:00:00,4676.0
2014-06-02 00:00:00,3113.0
2014-06-02 01:00:00,2395.0
2014-06-02 02:00:00,2180.0
2014-06-02 03:00:00,2232.0
2014-06-02 04:00:00,2143.0
2014-06-02 05:00:00,2172.0
2014-06-02 06:00:00,2091.0
2014-06-02 07:00:00,3543.0
2014-06-02 08:00:00,3735.0
2014-06-02 09:00:00,5298.0
2014-06-02 10:00:00,5572.0
2014-06-02 11:00:00,5751.0
2014-06-02 12:00:00,5765.0
2014-06-02 13:00:00,5780.0
2014-06-02 14:00:00,5624.0
2014-06-02 15:00:00,5684.0
2014-06-02 16:00:00,5921.0
2014-06-02 17:00:00,6106.0
2014-06-02 18:00:00,6203.0
2014-06-02 19:00:00,6076.0
2014-06-02 20:00:00,5475.0
2014-06-02 21:00:00,5780.0
2014-06-02 22:00:00,5639.0
2014-06-02 23:00:00,4810.0
2014-06-03 00:00:00,2958.0
2014-06-03 01:00:00,2920.0
2014-06-03 02:00:00,2269.0
2014-06-03 03:00:00,2343.0
2014-06-03 04:00:00,2180.0
2014-06-03 05:00:00,2209.0
2014-06-03 06:00:00,2112.0
2014-06-03 07:00:00,3772.0
2014-06-03 08:00:00,3594.0
2014-06-03 09:00:00,4913.0
2014-06-03 10:00:00,5409.0
2014-06-03 11:00:00,5891.0
2014-06-03 12:00:00,5676.0
2014-06-03 13:00:00,5610.0
2014-06-03 14:00:00,5387.0
2014-06-03 15:00:00,5535.0
2014-06-03 16:00:00,5713.0
2014-06-03 17:00:00,5913.0
2014-06-03 18:00:00,5684.0
2014-06-03 19:00:00,5690.0
2014-06-03 20:00:00,5416.0
2014-06-03 21:00:00,5617.0
2014-06-03 22:00:00,5535.0
2014-06-03 23:00:00,4802.0
2014-06-04 00:00:00,2987.0
2014-06-04 01:00:00,2573.0
2014-06-04 02:00:00,2483.0
2014-06-04 03:00:00,2573.0
2014-06-04 04:00:00,2520.0
2014-06-04 05:00:00,2506.0
2014-06-04 06:00:00,2446.0
2014-06-04 07:00:00,3876.0
2014-06-04 08:00:00,3854.0
2014-06-04 09:00:00,5283.0
2014-06-04 10:00:00,5514.0
2014-06-04 11:00:00,5795.0
2014-06-04 12:00:00,5506.0
2014-06-04 13:00:00,5579.0
2014-06-04 14:00:00,5305.0
2014-06-04 15:00:00,5587.0
2014-06-04 16:00:00,5447.0
2014-06-04 17:00:00,5965.0
2014-06-04 18:00:00,5868.0
2014-06-04 19:00:00,5669.0
2014-06-04 20:00:00,5180.0
2014-06-04 21:00:00,5564.0
2014-06-04 22:00:00,5313.0
2014-06-04 23:00:00,4603.0
2014-06-05 00:00:00,2995.0
2014-06-05 01:00:00,2602.0
2014-06-05 02:00:00,2424.0
2014-06-05 03:00:00,2461.0
2014-06-05 04:00:00,2380.0
2014-06-05 05:00:00,2386.0
2014-06-05 06:00:00,2387.0
2014-06-05 07:00:00,3809.0
2014-06-05 08:00:00,3654.0
2014-06-05 09:00:00,5276.0
2014-06-05 10:00:00,5528.0
2014-06-05 11:00:00,5609.0
2014-06-05 12:00:00,5373.0
2014-06-05 13:00:00,5431.0
2014-06-05 14:00:00,5269.0
2014-06-05 15:00:00,5587.0
2014-06-05 16:00:00,5462.0
2014-06-05 17:00:00,5795.0
2014-06-05 18:00:00,6209.0
2014-06-05 19:00:00,5958.0
2014-06-05 20:00:00,5454.0
2014-06-05 21:00:00,5765.0
2014-06-05 22:00:00,5535.0
2014-06-05 23:00:00,4794.0
2014-06-06 00:00:00,3180.0
2014-06-06 01:00:00,3580.0
2014-06-06 02:00:00,3077.0
2014-06-06 03:00:00,2454.0
2014-06-06 04:00:00,2335.0
2014-06-06 05:00:00,2349.0
2014-06-06 06:00:00,2290.0
2014-06-06 07:00:00,3861.0
2014-06-06 08:00:00,4068.0
2014-06-06 09:00:00,5150.0
2014-06-06 10:00:00,5824.0
2014-06-06 11:00:00,5706.0
2014-06-06 12:00:00,5521.0
2014-06-06 13:00:00,5595.0
2014-06-06 14:00:00,5291.0
2014-06-06 15:00:00,5461.0
2014-06-06 16:00:00,5283.0
2014-06-06 17:00:00,5476.0
2014-06-06 18:00:00,5483.0
2014-06-06 19:00:00,5601.0
2014-06-06 20:00:00,5180.0
2014-06-06 21:00:00,5765.0
2014-06-06 22:00:00,5491.0
2014-06-06 23:00:00,4616.0
2014-06-07 00:00:00,2994.0
2014-06-07 01:00:00,2468.0
2014-06-07 02:00:00,2298.0
2014-06-07 03:00:00,2350.0
2014-06-07 04:00:00,2254.0
2014-06-07 05:00:00,2298.0
2014-06-07 06:00:00,2188.0
2014-06-07 07:00:00,4002.0
2014-06-07 08:00:00,3995.0
2014-06-07 09:00:00,5573.0
2014-06-07 10:00:00,5573.0
2014-06-07 11:00:00,6187.0
2014-06-07 12:00:00,5735.0
2014-06-07 13:00:00,5854.0
2014-06-07 14:00:00,5424.0
2014-06-07 15:00:00,5572.0
2014-06-07 16:00:00,5506.0
2014-06-07 17:00:00,5891.0
2014-06-07 18:00:00,5788.0
2014-06-07 19:00:00,5980.0
2014-06-07 20:00:00,5772.0
2014-06-07 21:00:00,5825.0
2014-06-07 22:00:00,5773.0
2014-06-07 23:00:00,4891.0
2014-06-08 00:00:00,2936.0
2014-06-08 01:00:00,2453.0
2014-06-08 02:00:00,2425.0
2014-06-08 03:00:00,2447.0
2014-06-08 04:00:00,2320.0
2014-06-08 05:00:00,2357.0
2014-06-08 06:00:00,2268.0
2014-06-08 07:00:00,3921.0
2014-06-08 08:00:00,4002.0
2014-06-08 09:00:00,5158.0
2014-06-08 10:00:00,5588.0
2014-06-08 11:00:00,5942.0
2014-06-08 12:00:00,6030.0
2014-06-08 13:00:00,6002.0
2014-06-08 14:00:00,5705.0
2014-06-08 15:00:00,5706.0
2014-06-08 16:00:00,5513.0
2014-06-08 17:00:00,6135.0
2014-06-08 18:00:00,5905.0
2014-06-08 19:00:00,5617.0
2014-06-08 20:00:00,5342.0
2014-06-08 21:00:00,5801.0
2014-06-08 22:00:00,5469.0
2014-06-08 23:00:00,4640.0
2014-06-09 00:00:00,3046.0
2014-06-09 01:00:00,2527.0
2014-06-09 02:00:00,2320.0
2014-06-09 03:00:00,2313.0
2014-06-09 04:00:00,2187.0
2014-06-09 05:00:00,2180.0
2014-06-09 06:00:00,2143.0
2014-06-09 07:00:00,3764.0
2014-06-09 08:00:00,3891.0
2014-06-09 09:00:00,5223.0
2014-06-09 10:00:00,5387.0
2014-06-09 11:00:00,5625.0
2014-06-09 12:00:00,5609.0
2014-06-09 13:00:00,5499.0
2014-06-09 14:00:00,5166.0
2014-06-09 15:00:00,5527.0
2014-06-09 16:00:00,5639.0
2014-06-09 17:00:00,6046.0
2014-06-09 18:00:00,6031.0
2014-06-09 19:00:00,5891.0
2014-06-09 20:00:00,5365.0
2014-06-09 21:00:00,5801.0
2014-06-09 22:00:00,5579.0
2014-06-09 23:00:00,4499.0
2014-06-10 00:00:00,2935.0
2014-06-10 01:00:00,2342.0
2014-06-10 02:00:00,2268.0
2014-06-10 03:00:00,2269.0
2014-06-10 04:00:00,2179.0
2014-06-10 05:00:00,2216.0
2014-06-10 06:00:00,2121.0
2014-06-10 07:00:00,3817.0
2014-06-10 08:00:00,4172.0
2014-06-10 09:00:00,5335.0
2014-06-10 10:00:00,5572.0
2014-06-10 11:00:00,5742.0
2014-06-10 12:00:00,5365.0
2014-06-10 13:00:00,5935.0
2014-06-10 14:00:00,5624.0
2014-06-10 15:00:00,5786.0
2014-06-10 16:00:00,5862.0
2014-06-10 17:00:00,6232.0
2014-06-10 18:00:00,6038.0
2014-06-10 19:00:00,5609.0
2014-06-10 20:00:00,5180.0
2014-06-10 21:00:00,5721.0
2014-06-10 22:00:00,5535.0
2014-06-10 23:00:00,4722.0
2014-06-11 00:00:00,2825.0
2014-06-11 01:00:00,2379.0
2014-06-11 02:00:00,2268.0
2014-06-11 03:00:00,2350.0
2014-06-11 04:00:00,2224.0
2014-06-11 05:00:00,2246.0
2014-06-11 06:00:00,2158.0
2014-06-11 07:00:00,3839.0
2014-06-11 08:00:00,4468.0
2014-06-11 09:00:00,5388.0
2014-06-11 10:00:00,5395.0
2014-06-11 11:00:00,5966.0
2014-06-11 12:00:00,5861.0
2014-06-11 13:00:00,5898.0
2014-06-11 14:00:00,5831.0
2014-06-11 15:00:00,6054.0
2014-06-11 16:00:00,6076.0
2014-06-11 17:00:00,6624.0
2014-06-11 18:00:00,6528.0
2014-06-11 19:00:00,6150.0
2014-06-11 20:00:00,5847.0
2014-06-11 21:00:00,6342.0
2014-06-11 22:00:00,5809.0
2014-06-11 23:00:00,4809.0
2014-06-12 00:00:00,3135.0
2014-06-12 01:00:00,3097.0
2014-06-12 02:00:00,3099.0
2014-06-12 03:00:00,2557.0
2014-06-12 04:00:00,2424.0
2014-06-12 05:00:00,2461.0
2014-06-12 06:00:00,2313.0
2014-06-12 07:00:00,4306.0
2014-06-12 08:00:00,4394.0
2014-06-12 09:00:00,5477.0
2014-06-12 10:00:00,5890.0
2014-06-12 11:00:00,7402.0
2014-06-12 12:00:00,7802.0
2014-06-12 13:00:00,8016.0
2014-06-12 14:00:00,8046.0
2014-06-12 15:00:00,8142.0
2014-06-12 16:00:00,8173.0
2014-06-12 17:00:00,8580.0
2014-06-12 18:00:00,7972.0
2014-06-12 19:00:00,7536.0
2014-06-12 20:00:00,6972.0
2014-06-12 21:00:00,7143.0
2014-06-12 22:00:00,6491.0
2014-06-12 23:00:00,5157.0
2014-06-13 00:00:00,3439.0
2014-06-13 01:00:00,2884.0
2014-06-13 02:00:00,2714.0
2014-06-13 03:00:00,2751.0
2014-06-13 04:00:00,2580.0
2014-06-13 05:00:00,2610.0
2014-06-13 06:00:00,2550.0
2014-06-13 07:00:00,4032.0
2014-06-13 08:00:00,4290.0
2014-06-13 09:00:00,5973.0
2014-06-13 10:00:00,6742.0
2014-06-13 11:00:00,7277.0
2014-06-13 12:00:00,7994.0
2014-06-13 13:00:00,8098.0
2014-06-13 14:00:00,7876.0
2014-06-13 15:00:00,7802.0
2014-06-13 16:00:00,8157.0
2014-06-13 17:00:00,8439.0
2014-06-13 18:00:00,8217.0
2014-06-13 19:00:00,8196.0
2014-06-13 20:00:00,7587.0
2014-06-13 21:00:00,7513.0
2014-06-13 22:00:00,6460.0
2014-06-13 23:00:00,5283.0
2014-06-14 00:00:00,3535.0
2014-06-14 01:00:00,3291.0
2014-06-14 02:00:00,2750.0
2014-06-14 03:00:00,2802.0
2014-06-14 04:00:00,2654.0
2014-06-14 05:00:00,2640.0
2014-06-14 06:00:00,2462.0
2014-06-14 07:00:00,4150.0
2014-06-14 08:00:00,4432.0
2014-06-14 09:00:00,6366.0
2014-06-14 10:00:00,7573.0
2014-06-14 11:00:00,7936.0
2014-06-14 12:00:00,8358.0
2014-06-14 13:00:00,8417.0
2014-06-14 14:00:00,8016.0
2014-06-14 15:00:00,8128.0
2014-06-14 16:00:00,8113.0
2014-06-14 17:00:00,8513.0
2014-06-14 18:00:00,8417.0
2014-06-14 19:00:00,8209.0
2014-06-14 20:00:00,7662.0
2014-06-14 21:00:00,7757.0
2014-06-14 22:00:00,6625.0
2014-06-14 23:00:00,5328.0
2014-06-15 00:00:00,3566.0
2014-06-15 01:00:00,2958.0
2014-06-15 02:00:00,2669.0
2014-06-15 03:00:00,2699.0
2014-06-15 04:00:00,2601.0
2014-06-15 05:00:00,2654.0
2014-06-15 06:00:00,2513.0
2014-06-15 07:00:00,4253.0
2014-06-15 08:00:00,4565.0
2014-06-15 09:00:00,6217.0
2014-06-15 10:00:00,6890.0
2014-06-15 11:00:00,8039.0
2014-06-15 12:00:00,7913.0
2014-06-15 13:00:00,8314.0
2014-06-15 14:00:00,7846.0
2014-06-15 15:00:00,8069.0
2014-06-15 16:00:00,8069.0
2014-06-15 17:00:00,8098.0
2014-06-15 18:00:00,8216.0
2014-06-15 19:00:00,8380.0
2014-06-15 20:00:00,7713.0
2014-06-15 21:00:00,7684.0
2014-06-15 22:00:00,6580.0
2014-06-15 23:00:00,5172.0
2014-06-16 00:00:00,3484.0
2014-06-16 01:00:00,3276.0
2014-06-16 02:00:00,2676.0
2014-06-16 03:00:00,2721.0
2014-06-16 04:00:00,2616.0
2014-06-16 05:00:00,2632.0
2014-06-16 06:00:00,2446.0
2014-06-16 07:00:00,4143.0
2014-06-16 08:00:00,4335.0
2014-06-16 09:00:00,6001.0
2014-06-16 10:00:00,6587.0
2014-06-16 11:00:00,6907.0
2014-06-16 12:00:00,6698.0
2014-06-16 13:00:00,6365.0
2014-06-16 14:00:00,6372.0
2014-06-16 15:00:00,6328.0
2014-06-16 16:00:00,6669.0
2014-06-16 17:00:00,6632.0
2014-06-16 18:00:00,6566.0
2014-06-16 19:00:00,6476.0
2014-06-16 20:00:00,6557.0
2014-06-16 21:00:00,6676.0
2014-06-16 22:00:00,6105.0
2014-06-16 23:00:00,5239.0
2014-06-17 00:00:00,4283.0
2014-06-17 01:00:00,4683.0
2014-06-17 02:00:00,4343.0
2014-06-17 03:00:00,4112.0
2014-06-17 04:00:00,3395.0
2014-06-17 05:00:00,3358.0
2014-06-17 06:00:00,3009.0
2014-06-17 07:00:00,4469.0
2014-06-17 08:00:00,4520.0
2014-06-17 09:00:00,5617.0
2014-06-17 10:00:00,5676.0
2014-06-17 11:00:00,6202.0
2014-06-17 12:00:00,6277.0
2014-06-17 13:00:00,5899.0
2014-06-17 14:00:00,6039.0
2014-06-17 15:00:00,6121.0
2014-06-17 16:00:00,6320.0
2014-06-17 17:00:00,6765.0
2014-06-17 18:00:00,6520.0
2014-06-17 19:00:00,6520.0
2014-06-17 20:00:00,6054.0
2014-06-17 21:00:00,6267.0
2014-06-17 22:00:00,6017.0
2014-06-17 23:00:00,5003.0
2014-06-18 00:00:00,3046.0
2014-06-18 01:00:00,2655.0
2014-06-18 02:00:00,2535.0
2014-06-18 03:00:00,2610.0
2014-06-18 04:00:00,2542.0
2014-06-18 05:00:00,2498.0
2014-06-18 06:00:00,2394.0
2014-06-18 07:00:00,4053.0
2014-06-18 08:00:00,4372.0
2014-06-18 09:00:00,5610.0
2014-06-18 10:00:00,5454.0
2014-06-18 11:00:00,6076.0
2014-06-18 12:00:00,5929.0
2014-06-18 13:00:00,5854.0
2014-06-18 14:00:00,5735.0
2014-06-18 15:00:00,5936.0
2014-06-18 16:00:00,5728.0
2014-06-18 17:00:00,6224.0
2014-06-18 18:00:00,6262.0
2014-06-18 19:00:00,5936.0
2014-06-18 20:00:00,5787.0
2014-06-18 21:00:00,5884.0
2014-06-18 22:00:00,5676.0
2014-06-18 23:00:00,4787.0
2014-06-19 00:00:00,3238.0
2014-06-19 01:00:00,3802.0
2014-06-19 02:00:00,3839.0
2014-06-19 03:00:00,3105.0
2014-06-19 04:00:00,2423.0
2014-06-19 05:00:00,2409.0
2014-06-19 06:00:00,2313.0
2014-06-19 07:00:00,3958.0
2014-06-19 08:00:00,3943.0
2014-06-19 09:00:00,5602.0
2014-06-19 10:00:00,5773.0
2014-06-19 11:00:00,5920.0
2014-06-19 12:00:00,5764.0
2014-06-19 13:00:00,5646.0
2014-06-19 14:00:00,5580.0
2014-06-19 15:00:00,5861.0
2014-06-19 16:00:00,6001.0
2014-06-19 17:00:00,7528.0
2014-06-19 18:00:00,6453.0
2014-06-19 19:00:00,6387.0
2014-06-19 20:00:00,6121.0
2014-06-19 21:00:00,5944.0
2014-06-19 22:00:00,5899.0
2014-06-19 23:00:00,4743.0
2014-06-20 00:00:00,3194.0
2014-06-20 01:00:00,2988.0
2014-06-20 02:00:00,2631.0
2014-06-20 03:00:00,2749.0
2014-06-20 04:00:00,2528.0
2014-06-20 05:00:00,2564.0
2014-06-20 06:00:00,2566.0
2014-06-20 07:00:00,4061.0
2014-06-20 08:00:00,4017.0
2014-06-20 09:00:00,5401.0
2014-06-20 10:00:00,6247.0
2014-06-20 11:00:00,6566.0
2014-06-20 12:00:00,6299.0
2014-06-20 13:00:00,6202.0
2014-06-20 14:00:00,6143.0
2014-06-20 15:00:00,5884.0
2014-06-20 16:00:00,6290.0
2014-06-20 17:00:00,6639.0
2014-06-20 18:00:00,6454.0
2014-06-20 19:00:00,6217.0
2014-06-20 20:00:00,5543.0
2014-06-20 21:00:00,6113.0
2014-06-20 22:00:00,5839.0
2014-06-20 23:00:00,5001.0
2014-06-21 00:00:00,3128.0
2014-06-21 01:00:00,2625.0
2014-06-21 02:00:00,2461.0
2014-06-21 03:00:00,2602.0
2014-06-21 04:00:00,2521.0
2014-06-21 05:00:00,2454.0
2014-06-21 06:00:00,2291.0
2014-06-21 07:00:00,3988.0
2014-06-21 08:00:00,3861.0
2014-06-21 09:00:00,5587.0
2014-06-21 10:00:00,6172.0
2014-06-21 11:00:00,6565.0
2014-06-21 12:00:00,6343.0
2014-06-21 13:00:00,6128.0
2014-06-21 14:00:00,6246.0
2014-06-21 15:00:00,5995.0
2014-06-21 16:00:00,6225.0
2014-06-21 17:00:00,6438.0
2014-06-21 18:00:00,6483.0
2014-06-21 19:00:00,6320.0
2014-06-21 20:00:00,5891.0
2014-06-21 21:00:00,6217.0
2014-06-21 22:00:00,5684.0
2014-06-21 23:00:00,4803.0
2014-06-22 00:00:00,3210.0
2014-06-22 01:00:00,2617.0
2014-06-22 02:00:00,2490.0
2014-06-22 03:00:00,2557.0
2014-06-22 04:00:00,2409.0
2014-06-22 05:00:00,2417.0
2014-06-22 06:00:00,2349.0
2014-06-22 07:00:00,4039.0
2014-06-22 08:00:00,4136.0
2014-06-22 09:00:00,5638.0
2014-06-22 10:00:00,6180.0
2014-06-22 11:00:00,6276.0
2014-06-22 12:00:00,6276.0
2014-06-22 13:00:00,5825.0
2014-06-22 14:00:00,5691.0
2014-06-22 15:00:00,5438.0
2014-06-22 16:00:00,5557.0
2014-06-22 17:00:00,5928.0
2014-06-22 18:00:00,6054.0
2014-06-22 19:00:00,5994.0
2014-06-22 20:00:00,5736.0
2014-06-22 21:00:00,5913.0
2014-06-22 22:00:00,5639.0
2014-06-22 23:00:00,4506.0
2014-06-23 00:00:00,3054.0
2014-06-23 01:00:00,2594.0
2014-06-23 02:00:00,2386.0
2014-06-23 03:00:00,2424.0
2014-06-23 04:00:00,2283.0
2014-06-23 05:00:00,2282.0
2014-06-23 06:00:00,2187.0
2014-06-23 07:00:00,2913.0
2014-06-23 08:00:00,4203.0
2014-06-23 09:00:00,5186.0
2014-06-23 10:00:00,5232.0
2014-06-23 11:00:00,5632.0
2014-06-23 12:00:00,5624.0
2014-06-23 13:00:00,5579.0
2014-06-23 14:00:00,5720.0
2014-06-23 15:00:00,5536.0
2014-06-23 16:00:00,6016.0
2014-06-23 17:00:00,6142.0
2014-06-23 18:00:00,6025.0
2014-06-23 19:00:00,6083.0
2014-06-23 20:00:00,5402.0
2014-06-23 21:00:00,5950.0
2014-06-23 22:00:00,5832.0
2014-06-23 23:00:00,5076.0
2014-06-24 00:00:00,3394.0
2014-06-24 01:00:00,3172.0
2014-06-24 02:00:00,2551.0
2014-06-24 03:00:00,2581.0
2014-06-24 04:00:00,2431.0
2014-06-24 05:00:00,2475.0
2014-06-24 06:00:00,2402.0
2014-06-24 07:00:00,4142.0
2014-06-24 08:00:00,4245.0
2014-06-24 09:00:00,5536.0
2014-06-24 10:00:00,5832.0
2014-06-24 11:00:00,5847.0
2014-06-24 12:00:00,6128.0
2014-06-24 13:00:00,6121.0
2014-06-24 14:00:00,6053.0
2014-06-24 15:00:00,6195.0
2014-06-24 16:00:00,6254.0
2014-06-24 17:00:00,6691.0
2014-06-24 18:00:00,6469.0
2014-06-24 19:00:00,6513.0
2014-06-24 20:00:00,5542.0
2014-06-24 21:00:00,6032.0
2014-06-24 22:00:00,5854.0
2014-06-24 23:00:00,4750.0
2014-06-25 00:00:00,3224.0
2014-06-25 01:00:00,3098.0
2014-06-25 02:00:00,3135.0
2014-06-25 03:00:00,2624.0
2014-06-25 04:00:00,2514.0
2014-06-25 05:00:00,2536.0
2014-06-25 06:00:00,2491.0
2014-06-25 07:00:00,4017.0
2014-06-25 08:00:00,4112.0
2014-06-25 09:00:00,5253.0
2014-06-25 10:00:00,5838.0
2014-06-25 11:00:00,5624.0
2014-06-25 12:00:00,5847.0
2014-06-25 13:00:00,6306.0
2014-06-25 14:00:00,6210.0
2014-06-25 15:00:00,6195.0
2014-06-25 16:00:00,6320.0
2014-06-25 17:00:00,6677.0
2014-06-25 18:00:00,6335.0
2014-06-25 19:00:00,6135.0
2014-06-25 20:00:00,5462.0
2014-06-25 21:00:00,5810.0
2014-06-25 22:00:00,5662.0
2014-06-25 23:00:00,4587.0
2014-06-26 00:00:00,2965.0
2014-06-26 01:00:00,2632.0
2014-06-26 02:00:00,2550.0
2014-06-26 03:00:00,2594.0
2014-06-26 04:00:00,2469.0
2014-06-26 05:00:00,2447.0
2014-06-26 06:00:00,2468.0
2014-06-26 07:00:00,4046.0
2014-06-26 08:00:00,4261.0
2014-06-26 09:00:00,5513.0
2014-06-26 10:00:00,6157.0
2014-06-26 11:00:00,6224.0
2014-06-26 12:00:00,5720.0
2014-06-26 13:00:00,5891.0
2014-06-26 14:00:00,5779.0
2014-06-26 15:00:00,6099.0
2014-06-26 16:00:00,6543.0
2014-06-26 17:00:00,6765.0
2014-06-26 18:00:00,6602.0
2014-06-26 19:00:00,6365.0
2014-06-26 20:00:00,5957.0
2014-06-26 21:00:00,6084.0
2014-06-26 22:00:00,5698.0
2014-06-26 23:00:00,4623.0
2014-06-27 00:00:00,3113.0
2014-06-27 01:00:00,2668.0
2014-06-27 02:00:00,2514.0
2014-06-27 03:00:00,2542.0
2014-06-27 04:00:00,2483.0
2014-06-27 05:00:00,2461.0
2014-06-27 06:00:00,2424.0
2014-06-27 07:00:00,3927.0
2014-06-27 08:00:00,4157.0
2014-06-27 09:00:00,5269.0
2014-06-27 10:00:00,6106.0
2014-06-27 11:00:00,6373.0
2014-06-27 12:00:00,6336.0
2014-06-27 13:00:00,6016.0
2014-06-27 14:00:00,5943.0
2014-06-27 15:00:00,6329.0
2014-06-27 16:00:00,6356.0
2014-06-27 17:00:00,6920.0
2014-06-27 18:00:00,6520.0
2014-06-27 19:00:00,6373.0
2014-06-27 20:00:00,6150.0
2014-06-27 21:00:00,6135.0
2014-06-27 22:00:00,5573.0
2014-06-27 23:00:00,4920.0
2014-06-28 00:00:00,3179.0
2014-06-28 01:00:00,3676.0
2014-06-28 02:00:00,2735.0
2014-06-28 03:00:00,2542.0
2014-06-28 04:00:00,2439.0
2014-06-28 05:00:00,2410.0
2014-06-28 06:00:00,2380.0
2014-06-28 07:00:00,3950.0
2014-06-28 08:00:00,4165.0
2014-06-28 09:00:00,5706.0
2014-06-28 10:00:00,6506.0
2014-06-28 11:00:00,6520.0
2014-06-28 12:00:00,6564.0
2014-06-28 13:00:00,6506.0
2014-06-28 14:00:00,6313.0
2014-06-28 15:00:00,6172.0
2014-06-28 16:00:00,6091.0
2014-06-28 17:00:00,6780.0
2014-06-28 18:00:00,6699.0
2014-06-28 19:00:00,6610.0
2014-06-28 20:00:00,5936.0
2014-06-28 21:00:00,6054.0
2014-06-28 22:00:00,5676.0
2014-06-28 23:00:00,4884.0
2014-06-29 00:00:00,3076.0
2014-06-29 01:00:00,2625.0
2014-06-29 02:00:00,2462.0
2014-06-29 03:00:00,2499.0
2014-06-29 04:00:00,2379.0
2014-06-29 05:00:00,2409.0
2014-06-29 06:00:00,2335.0
2014-06-29 07:00:00,3935.0
2014-06-29 08:00:00,3913.0
2014-06-29 09:00:00,5594.0
2014-06-29 10:00:00,5802.0
2014-06-29 11:00:00,6521.0
2014-06-29 12:00:00,6164.0
2014-06-29 13:00:00,5995.0
2014-06-29 14:00:00,5854.0
2014-06-29 15:00:00,6246.0
2014-06-29 16:00:00,6246.0
2014-06-29 17:00:00,6284.0
2014-06-29 18:00:00,6061.0
2014-06-29 19:00:00,5727.0
2014-06-29 20:00:00,5164.0
2014-06-29 21:00:00,5618.0
2014-06-29 22:00:00,5490.0
2014-06-29 23:00:00,4698.0
2014-06-30 00:00:00,3039.0
2014-06-30 01:00:00,2535.0
2014-06-30 02:00:00,2350.0
2014-06-30 03:00:00,2387.0
2014-06-30 04:00:00,2305.0
2014-06-30 05:00:00,2335.0
2014-06-30 06:00:00,2246.0
2014-06-30 07:00:00,3891.0
2014-06-30 08:00:00,4231.0
2014-06-30 09:00:00,5343.0
2014-06-30 10:00:00,5498.0
2014-06-30 11:00:00,5862.0
2014-06-30 12:00:00,5898.0
2014-06-30 13:00:00,5639.0
2014-06-30 14:00:00,5483.0
2014-06-30 15:00:00,5780.0
2014-06-30 16:00:00,5846.0
2014-06-30 17:00:00,6305.0
2014-06-30 18:00:00,5965.0
2014-06-30 19:00:00,6039.0
2014-06-30 20:00:00,5291.0
2014-06-30 21:00:00,5772.0
2014-06-30 22:00:00,5557.0
2014-06-30 23:00:00,4751.0
2014-07-01 00:00:00,3225.0
2014-07-01 01:00:00,3031.0
2014-07-01 02:00:00,2491.0
2014-07-01 03:00:00,2601.0
2014-07-01 04:00:00,2499.0
2014-07-01 05:00:00,2528.0
2014-07-01 06:00:00,2468.0
2014-07-01 07:00:00,4068.0
2014-07-01 08:00:00,4076.0
2014-07-01 09:00:00,5209.0
2014-07-01 10:00:00,5350.0
2014-07-01 11:00:00,5824.0
2014-07-01 12:00:00,5742.0
2014-07-01 13:00:00,5758.0
2014-07-01 14:00:00,5521.0
2014-07-01 15:00:00,5921.0
2014-07-01 16:00:00,5950.0
2014-07-01 17:00:00,6305.0
2014-07-01 18:00:00,6395.0
2014-07-01 19:00:00,6320.0
2014-07-01 20:00:00,5550.0
2014-07-01 21:00:00,5862.0
2014-07-01 22:00:00,5447.0
2014-07-01 23:00:00,4550.0
2014-07-02 00:00:00,3068.0
2014-07-02 01:00:00,2550.0
2014-07-02 02:00:00,2327.0
2014-07-02 03:00:00,2379.0
2014-07-02 04:00:00,2342.0
2014-07-02 05:00:00,2417.0
2014-07-02 06:00:00,2291.0
2014-07-02 07:00:00,3839.0
2014-07-02 08:00:00,3817.0
2014-07-02 09:00:00,5186.0
2014-07-02 10:00:00,5342.0
2014-07-02 11:00:00,5698.0
2014-07-02 12:00:00,5698.0
2014-07-02 13:00:00,5409.0
2014-07-02 14:00:00,5342.0
2014-07-02 15:00:00,5535.0
2014-07-02 16:00:00,5588.0
2014-07-02 17:00:00,6090.0
2014-07-02 18:00:00,6329.0
2014-07-02 19:00:00,5995.0
2014-07-02 20:00:00,5625.0
2014-07-02 21:00:00,5892.0
2014-07-02 22:00:00,5409.0
2014-07-02 23:00:00,4773.0
2014-07-03 00:00:00,3150.0
2014-07-03 01:00:00,2431.0
2014-07-03 02:00:00,2290.0
2014-07-03 03:00:00,2409.0
2014-07-03 04:00:00,2313.0
2014-07-03 05:00:00,2373.0
2014-07-03 06:00:00,2328.0
2014-07-03 07:00:00,3966.0
2014-07-03 08:00:00,4010.0
2014-07-03 09:00:00,5543.0
2014-07-03 10:00:00,6668.0
2014-07-03 11:00:00,6269.0
2014-07-03 12:00:00,6239.0
2014-07-03 13:00:00,6276.0
2014-07-03 14:00:00,5957.0
2014-07-03 15:00:00,6223.0
2014-07-03 16:00:00,6565.0
2014-07-03 17:00:00,6757.0
2014-07-03 18:00:00,6802.0
2014-07-03 19:00:00,6683.0
2014-07-03 20:00:00,6238.0
2014-07-03 21:00:00,6365.0
2014-07-03 22:00:00,5587.0
2014-07-03 23:00:00,4706.0
2014-07-04 00:00:00,3106.0
2014-07-04 01:00:00,3016.0
2014-07-04 02:00:00,3024.0
2014-07-04 03:00:00,3010.0
2014-07-04 04:00:00,2365.0
2014-07-04 05:00:00,2380.0
2014-07-04 06:00:00,2283.0
2014-07-04 07:00:00,3906.0
2014-07-04 08:00:00,3995.0
2014-07-04 09:00:00,5417.0
2014-07-04 10:00:00,6424.0
2014-07-04 11:00:00,6617.0
2014-07-04 12:00:00,6401.0
2014-07-04 13:00:00,6217.0
2014-07-04 14:00:00,6224.0
2014-07-04 15:00:00,6350.0
2014-07-04 16:00:00,6402.0
2014-07-04 17:00:00,6802.0
2014-07-04 18:00:00,6803.0
2014-07-04 19:00:00,6468.0
2014-07-04 20:00:00,5913.0
2014-07-04 21:00:00,6001.0
2014-07-04 22:00:00,5514.0
2014-07-04 23:00:00,4639.0
2014-07-05 00:00:00,2971.0
2014-07-05 01:00:00,2469.0
2014-07-05 02:00:00,2387.0
2014-07-05 03:00:00,2379.0
2014-07-05 04:00:00,2283.0
2014-07-05 05:00:00,2268.0
2014-07-05 06:00:00,2173.0
2014-07-05 07:00:00,3713.0
2014-07-05 08:00:00,4076.0
2014-07-05 09:00:00,5727.0
2014-07-05 10:00:00,6201.0
2014-07-05 11:00:00,6594.0
2014-07-05 12:00:00,6647.0
2014-07-05 13:00:00,6313.0
2014-07-05 14:00:00,6202.0
2014-07-05 15:00:00,6410.0
2014-07-05 16:00:00,6402.0
2014-07-05 17:00:00,6661.0
2014-07-05 18:00:00,6624.0
2014-07-05 19:00:00,6291.0
2014-07-05 20:00:00,5965.0
2014-07-05 21:00:00,6498.0
2014-07-05 22:00:00,5640.0
2014-07-05 23:00:00,4847.0
2014-07-06 00:00:00,3306.0
2014-07-06 01:00:00,2847.0
2014-07-06 02:00:00,2557.0
2014-07-06 03:00:00,2647.0
2014-07-06 04:00:00,2573.0
2014-07-06 05:00:00,2572.0
2014-07-06 06:00:00,2462.0
2014-07-06 07:00:00,4114.0
2014-07-06 08:00:00,4469.0
2014-07-06 09:00:00,5706.0
2014-07-06 10:00:00,5973.0
2014-07-06 11:00:00,6335.0
2014-07-06 12:00:00,5773.0
2014-07-06 13:00:00,5920.0
2014-07-06 14:00:00,6298.0
2014-07-06 15:00:00,6001.0
2014-07-06 16:00:00,6195.0
2014-07-06 17:00:00,6513.0
2014-07-06 18:00:00,6217.0
2014-07-06 19:00:00,5801.0
2014-07-06 20:00:00,5409.0
2014-07-06 21:00:00,5735.0
2014-07-06 22:00:00,5535.0
2014-07-06 23:00:00,4610.0
2014-07-07 00:00:00,3024.0
2014-07-07 01:00:00,2817.0
2014-07-07 02:00:00,2320.0
2014-07-07 03:00:00,2365.0
2014-07-07 04:00:00,2268.0
2014-07-07 05:00:00,2255.0
2014-07-07 06:00:00,2180.0
2014-07-07 07:00:00,3720.0
2014-07-07 08:00:00,3928.0
2014-07-07 09:00:00,5195.0
2014-07-07 10:00:00,5934.0
2014-07-07 11:00:00,6009.0
2014-07-07 12:00:00,5905.0
2014-07-07 13:00:00,6069.0
2014-07-07 14:00:00,5929.0
2014-07-07 15:00:00,5906.0
2014-07-07 16:00:00,6180.0
2014-07-07 17:00:00,6462.0
2014-07-07 18:00:00,6357.0
2014-07-07 19:00:00,5973.0
2014-07-07 20:00:00,5684.0
2014-07-07 21:00:00,5839.0
2014-07-07 22:00:00,5366.0
2014-07-07 23:00:00,4854.0
2014-07-08 00:00:00,4372.0
2014-07-08 01:00:00,4127.0
2014-07-08 02:00:00,4187.0
2014-07-08 03:00:00,4394.0
2014-07-08 04:00:00,4269.0
2014-07-08 05:00:00,4365.0
2014-07-08 06:00:00,4225.0
2014-07-08 07:00:00,5136.0
2014-07-08 08:00:00,4476.0
2014-07-08 09:00:00,5113.0
2014-07-08 10:00:00,6038.0
2014-07-08 11:00:00,6550.0
2014-07-08 12:00:00,6476.0
2014-07-08 13:00:00,6371.0
2014-07-08 14:00:00,6401.0
2014-07-08 15:00:00,6276.0
2014-07-08 16:00:00,6380.0
2014-07-08 17:00:00,6685.0
2014-07-08 18:00:00,6602.0
2014-07-08 19:00:00,6528.0
2014-07-08 20:00:00,5927.0
2014-07-08 21:00:00,5927.0
2014-07-08 22:00:00,5557.0
2014-07-08 23:00:00,4729.0
2014-07-09 00:00:00,3795.0
2014-07-09 01:00:00,3809.0
2014-07-09 02:00:00,3720.0
2014-07-09 03:00:00,3810.0
2014-07-09 04:00:00,3765.0
2014-07-09 05:00:00,3713.0
2014-07-09 06:00:00,3003.0
2014-07-09 07:00:00,3861.0
2014-07-09 08:00:00,3913.0
2014-07-09 09:00:00,5276.0
2014-07-09 10:00:00,6135.0
2014-07-09 11:00:00,6550.0
2014-07-09 12:00:00,6343.0
2014-07-09 13:00:00,6698.0
2014-07-09 14:00:00,6351.0
2014-07-09 15:00:00,6536.0
2014-07-09 16:00:00,6788.0
2014-07-09 17:00:00,7187.0
2014-07-09 18:00:00,6972.0
2014-07-09 19:00:00,6929.0
2014-07-09 20:00:00,6365.0
2014-07-09 21:00:00,6706.0
2014-07-09 22:00:00,5876.0
2014-07-09 23:00:00,4839.0
2014-07-10 00:00:00,3307.0
2014-07-10 01:00:00,2662.0
2014-07-10 02:00:00,2550.0
2014-07-10 03:00:00,2565.0
2014-07-10 04:00:00,2506.0
2014-07-10 05:00:00,2439.0
2014-07-10 06:00:00,2401.0
2014-07-10 07:00:00,3965.0
2014-07-10 08:00:00,4016.0
2014-07-10 09:00:00,5476.0
2014-07-10 10:00:00,6513.0
2014-07-10 11:00:00,6766.0
2014-07-10 12:00:00,6750.0
2014-07-10 13:00:00,6720.0
2014-07-10 14:00:00,6705.0
2014-07-10 15:00:00,6832.0
2014-07-10 16:00:00,7246.0
2014-07-10 17:00:00,7446.0
2014-07-10 18:00:00,7365.0
2014-07-10 19:00:00,7142.0
2014-07-10 20:00:00,6454.0
2014-07-10 21:00:00,6780.0
2014-07-10 22:00:00,5802.0
2014-07-10 23:00:00,4950.0
2014-07-11 00:00:00,3358.0
2014-07-11 01:00:00,2742.0
2014-07-11 02:00:00,2565.0
2014-07-11 03:00:00,2646.0
2014-07-11 04:00:00,2498.0
2014-07-11 05:00:00,2431.0
2014-07-11 06:00:00,2350.0
2014-07-11 07:00:00,2920.0
2014-07-11 08:00:00,4135.0
2014-07-11 09:00:00,5788.0
2014-07-11 10:00:00,6432.0
2014-07-11 11:00:00,6847.0
2014-07-11 12:00:00,6803.0
2014-07-11 13:00:00,7054.0
2014-07-11 14:00:00,6869.0
2014-07-11 15:00:00,6913.0
2014-07-11 16:00:00,7091.0
2014-07-11 17:00:00,7342.0
2014-07-11 18:00:00,7321.0
2014-07-11 19:00:00,7320.0
2014-07-11 20:00:00,6736.0
2014-07-11 21:00:00,6964.0
2014-07-11 22:00:00,5943.0
2014-07-11 23:00:00,4921.0
2014-07-12 00:00:00,3602.0
2014-07-12 01:00:00,4158.0
2014-07-12 02:00:00,4238.0
2014-07-12 03:00:00,4246.0
2014-07-12 04:00:00,4201.0
2014-07-12 05:00:00,4061.0
2014-07-12 06:00:00,3610.0
2014-07-12 07:00:00,4987.0
2014-07-12 08:00:00,4720.0
2014-07-12 09:00:00,5817.0
2014-07-12 10:00:00,6720.0
2014-07-12 11:00:00,7231.0
2014-07-12 12:00:00,7224.0
2014-07-12 13:00:00,7239.0
2014-07-12 14:00:00,7157.0
2014-07-12 15:00:00,7047.0
2014-07-12 16:00:00,6965.0
2014-07-12 17:00:00,7261.0
2014-07-12 18:00:00,6987.0
2014-07-12 19:00:00,6447.0
2014-07-12 20:00:00,6298.0
2014-07-12 21:00:00,6750.0
2014-07-12 22:00:00,5869.0
2014-07-12 23:00:00,4684.0
2014-07-13 00:00:00,3151.0
2014-07-13 01:00:00,2654.0
2014-07-13 02:00:00,2468.0
2014-07-13 03:00:00,2579.0
2014-07-13 04:00:00,2521.0
2014-07-13 05:00:00,2527.0
2014-07-13 06:00:00,2401.0
2014-07-13 07:00:00,3987.0
2014-07-13 08:00:00,4639.0
2014-07-13 09:00:00,5705.0
2014-07-13 10:00:00,6498.0
2014-07-13 11:00:00,7002.0
2014-07-13 12:00:00,6743.0
2014-07-13 13:00:00,6462.0
2014-07-13 14:00:00,6757.0
2014-07-13 15:00:00,6558.0
2014-07-13 16:00:00,6343.0
2014-07-13 17:00:00,6832.0
2014-07-13 18:00:00,6698.0
2014-07-13 19:00:00,6461.0
2014-07-13 20:00:00,6009.0
2014-07-13 21:00:00,6328.0
2014-07-13 22:00:00,5669.0
2014-07-13 23:00:00,4581.0
2014-07-14 00:00:00,3009.0
2014-07-14 01:00:00,2512.0
2014-07-14 02:00:00,2430.0
2014-07-14 03:00:00,2440.0
2014-07-14 04:00:00,2357.0
2014-07-14 05:00:00,2379.0
2014-07-14 06:00:00,2232.0
2014-07-14 07:00:00,3779.0
2014-07-14 08:00:00,4180.0
2014-07-14 09:00:00,6291.0
2014-07-14 10:00:00,5854.0
2014-07-14 11:00:00,7351.0
2014-07-14 12:00:00,7217.0
2014-07-14 13:00:00,7351.0
2014-07-14 14:00:00,7090.0
2014-07-14 15:00:00,7201.0
2014-07-14 16:00:00,7639.0
2014-07-14 17:00:00,8349.0
2014-07-14 18:00:00,8039.0
2014-07-14 19:00:00,7830.0
2014-07-14 20:00:00,7335.0
2014-07-14 21:00:00,7520.0
2014-07-14 22:00:00,6053.0
2014-07-14 23:00:00,4742.0
2014-07-15 00:00:00,2936.0
2014-07-15 01:00:00,2558.0
2014-07-15 02:00:00,2483.0
2014-07-15 03:00:00,2505.0
2014-07-15 04:00:00,2379.0
2014-07-15 05:00:00,2373.0
2014-07-15 06:00:00,2276.0
2014-07-15 07:00:00,3950.0
2014-07-15 08:00:00,4439.0
2014-07-15 09:00:00,6046.0
2014-07-15 10:00:00,7328.0
2014-07-15 11:00:00,7965.0
2014-07-15 12:00:00,7949.0
2014-07-15 13:00:00,7965.0
2014-07-15 14:00:00,8062.0
2014-07-15 15:00:00,8314.0
2014-07-15 16:00:00,8483.0
2014-07-15 17:00:00,8951.0
2014-07-15 18:00:00,8824.0
2014-07-15 19:00:00,8231.0
2014-07-15 20:00:00,7891.0
2014-07-15 21:00:00,7758.0
2014-07-15 22:00:00,6469.0
2014-07-15 23:00:00,4921.0
2014-07-16 00:00:00,3053.0
2014-07-16 01:00:00,2705.0
2014-07-16 02:00:00,2573.0
2014-07-16 03:00:00,2505.0
2014-07-16 04:00:00,2394.0
2014-07-16 05:00:00,2410.0
2014-07-16 06:00:00,2283.0
2014-07-16 07:00:00,4009.0
2014-07-16 08:00:00,4217.0
2014-07-16 09:00:00,5988.0
2014-07-16 10:00:00,7411.0
2014-07-16 11:00:00,8128.0
2014-07-16 12:00:00,8046.0
2014-07-16 13:00:00,8076.0
2014-07-16 14:00:00,7772.0
2014-07-16 15:00:00,8366.0
2014-07-16 16:00:00,8202.0
2014-07-16 17:00:00,8957.0
2014-07-16 18:00:00,8973.0
2014-07-16 19:00:00,8091.0
2014-07-16 20:00:00,7624.0
2014-07-16 21:00:00,7328.0
2014-07-16 22:00:00,6069.0
2014-07-16 23:00:00,5076.0
2014-07-17 00:00:00,3194.0
2014-07-17 01:00:00,2594.0
2014-07-17 02:00:00,2483.0
2014-07-17 03:00:00,2483.0
2014-07-17 04:00:00,2372.0
2014-07-17 05:00:00,2432.0
2014-07-17 06:00:00,2305.0
2014-07-17 07:00:00,3994.0
2014-07-17 08:00:00,4269.0
2014-07-17 09:00:00,5580.0
2014-07-17 10:00:00,6632.0
2014-07-17 11:00:00,7691.0
2014-07-17 12:00:00,7779.0
2014-07-17 13:00:00,7979.0
2014-07-17 14:00:00,7772.0
2014-07-17 15:00:00,7898.0
2014-07-17 16:00:00,8038.0
2014-07-17 17:00:00,8825.0
2014-07-17 18:00:00,8357.0
2014-07-17 19:00:00,8068.0
2014-07-17 20:00:00,7379.0
2014-07-17 21:00:00,6824.0
2014-07-17 22:00:00,6068.0
2014-07-17 23:00:00,4743.0
2014-07-18 00:00:00,3216.0
2014-07-18 01:00:00,2743.0
2014-07-18 02:00:00,2483.0
2014-07-18 03:00:00,2521.0
2014-07-18 04:00:00,2424.0
2014-07-18 05:00:00,2424.0
2014-07-18 06:00:00,2283.0
2014-07-18 07:00:00,4239.0
2014-07-18 08:00:00,4846.0
2014-07-18 09:00:00,5964.0
2014-07-18 10:00:00,7025.0
2014-07-18 11:00:00,7313.0
2014-07-18 12:00:00,6922.0
2014-07-18 13:00:00,7773.0
2014-07-18 14:00:00,6876.0
2014-07-18 15:00:00,7002.0
2014-07-18 16:00:00,6639.0
2014-07-18 17:00:00,7091.0
2014-07-18 18:00:00,6964.0
2014-07-18 19:00:00,6781.0
2014-07-18 20:00:00,5884.0
2014-07-18 21:00:00,6573.0
2014-07-18 22:00:00,5876.0
2014-07-18 23:00:00,4862.0
2014-07-19 00:00:00,3157.0
2014-07-19 01:00:00,3083.0
2014-07-19 02:00:00,2625.0
2014-07-19 03:00:00,2618.0
2014-07-19 04:00:00,2497.0
2014-07-19 05:00:00,2543.0
2014-07-19 06:00:00,2424.0
2014-07-19 07:00:00,4394.0
2014-07-19 08:00:00,4372.0
2014-07-19 09:00:00,5898.0
2014-07-19 10:00:00,6439.0
2014-07-19 11:00:00,6713.0
2014-07-19 12:00:00,7446.0
2014-07-19 13:00:00,7454.0
2014-07-19 14:00:00,7506.0
2014-07-19 15:00:00,7335.0
2014-07-19 16:00:00,7698.0
2014-07-19 17:00:00,7743.0
2014-07-19 18:00:00,7706.0
2014-07-19 19:00:00,7150.0
2014-07-19 20:00:00,6543.0
2014-07-19 21:00:00,6565.0
2014-07-19 22:00:00,5853.0
2014-07-19 23:00:00,4758.0
2014-07-20 00:00:00,2972.0
2014-07-20 01:00:00,2580.0
2014-07-20 02:00:00,2447.0
2014-07-20 03:00:00,2477.0
2014-07-20 04:00:00,2417.0
2014-07-20 05:00:00,2409.0
2014-07-20 06:00:00,2313.0
2014-07-20 07:00:00,4254.0
2014-07-20 08:00:00,4513.0
2014-07-20 09:00:00,5928.0
2014-07-20 10:00:00,7031.0
2014-07-20 11:00:00,7068.0
2014-07-20 12:00:00,7417.0
2014-07-20 13:00:00,7232.0
2014-07-20 14:00:00,7498.0
2014-07-20 15:00:00,7351.0
2014-07-20 16:00:00,7342.0
2014-07-20 17:00:00,7743.0
2014-07-20 18:00:00,7794.0
2014-07-20 19:00:00,7417.0
2014-07-20 20:00:00,6683.0
2014-07-20 21:00:00,6298.0
2014-07-20 22:00:00,5764.0
2014-07-20 23:00:00,4780.0
2014-07-21 00:00:00,2853.0
2014-07-21 01:00:00,2587.0
2014-07-21 02:00:00,2424.0
2014-07-21 03:00:00,2446.0
2014-07-21 04:00:00,2321.0
2014-07-21 05:00:00,2327.0
2014-07-21 06:00:00,2173.0
2014-07-21 07:00:00,4120.0
2014-07-21 08:00:00,4172.0
2014-07-21 09:00:00,5513.0
2014-07-21 10:00:00,6409.0
2014-07-21 11:00:00,6943.0
2014-07-21 12:00:00,7165.0
2014-07-21 13:00:00,7210.0
2014-07-21 14:00:00,7032.0
2014-07-21 15:00:00,7373.0
2014-07-21 16:00:00,7291.0
2014-07-21 17:00:00,8128.0
2014-07-21 18:00:00,8091.0
2014-07-21 19:00:00,7601.0
2014-07-21 20:00:00,7195.0
2014-07-21 21:00:00,6684.0
2014-07-21 22:00:00,5958.0
2014-07-21 23:00:00,4802.0
2014-07-22 00:00:00,3202.0
2014-07-22 01:00:00,2661.0
2014-07-22 02:00:00,2482.0
2014-07-22 03:00:00,2506.0
2014-07-22 04:00:00,2380.0
2014-07-22 05:00:00,2446.0
2014-07-22 06:00:00,2276.0
2014-07-22 07:00:00,4150.0
2014-07-22 08:00:00,4143.0
2014-07-22 09:00:00,5640.0
2014-07-22 10:00:00,7069.0
2014-07-22 11:00:00,7550.0
2014-07-22 12:00:00,7350.0
2014-07-22 13:00:00,7372.0
2014-07-22 14:00:00,7306.0
2014-07-22 15:00:00,7610.0
2014-07-22 16:00:00,7846.0
2014-07-22 17:00:00,8217.0
2014-07-22 18:00:00,8038.0
2014-07-22 19:00:00,7676.0
2014-07-22 20:00:00,6965.0
2014-07-22 21:00:00,6742.0
2014-07-22 22:00:00,5919.0
2014-07-22 23:00:00,5032.0
2014-07-23 00:00:00,2927.0
2014-07-23 01:00:00,2646.0
2014-07-23 02:00:00,2446.0
2014-07-23 03:00:00,2521.0
2014-07-23 04:00:00,2394.0
2014-07-23 05:00:00,2424.0
2014-07-23 06:00:00,2320.0
2014-07-23 07:00:00,4239.0
2014-07-23 08:00:00,4610.0
2014-07-23 09:00:00,5884.0
2014-07-23 10:00:00,6787.0
2014-07-23 11:00:00,7342.0
2014-07-23 12:00:00,7260.0
2014-07-23 13:00:00,7061.0
2014-07-23 14:00:00,7098.0
2014-07-23 15:00:00,7357.0
2014-07-23 16:00:00,7328.0
2014-07-23 17:00:00,7831.0
2014-07-23 18:00:00,7765.0
2014-07-23 19:00:00,7372.0
2014-07-23 20:00:00,6254.0
2014-07-23 21:00:00,6195.0
2014-07-23 22:00:00,5868.0
2014-07-23 23:00:00,4639.0
2014-07-24 00:00:00,3053.0
2014-07-24 01:00:00,2609.0
2014-07-24 02:00:00,2431.0
2014-07-24 03:00:00,2491.0
2014-07-24 04:00:00,2424.0
2014-07-24 05:00:00,2424.0
2014-07-24 06:00:00,2320.0
2014-07-24 07:00:00,4299.0
2014-07-24 08:00:00,4535.0
2014-07-24 09:00:00,5588.0
2014-07-24 10:00:00,6195.0
2014-07-24 11:00:00,7068.0
2014-07-24 12:00:00,7121.0
2014-07-24 13:00:00,7372.0
2014-07-24 14:00:00,7091.0
2014-07-24 15:00:00,7351.0
2014-07-24 16:00:00,7432.0
2014-07-24 17:00:00,7609.0
2014-07-24 18:00:00,7380.0
2014-07-24 19:00:00,6957.0
2014-07-24 20:00:00,6186.0
2014-07-24 21:00:00,6180.0
2014-07-24 22:00:00,5653.0
2014-07-24 23:00:00,4788.0
2014-07-25 00:00:00,2936.0
2014-07-25 01:00:00,2632.0
2014-07-25 02:00:00,2453.0
2014-07-25 03:00:00,2527.0
2014-07-25 04:00:00,2446.0
2014-07-25 05:00:00,2424.0
2014-07-25 06:00:00,2327.0
2014-07-25 07:00:00,4157.0
2014-07-25 08:00:00,890.0
2014-07-25 09:00:00,5802.0
2014-07-25 10:00:00,6135.0
2014-07-25 11:00:00,6572.0
2014-07-25 12:00:00,7046.0
2014-07-25 13:00:00,7142.0
2014-07-25 14:00:00,7454.0
2014-07-25 15:00:00,7527.0
2014-07-25 16:00:00,7736.0
2014-07-25 17:00:00,7884.0
2014-07-25 18:00:00,8084.0
2014-07-25 19:00:00,7713.0
2014-07-25 20:00:00,6638.0
2014-07-25 21:00:00,6439.0
2014-07-25 22:00:00,5818.0
2014-07-25 23:00:00,4765.0
2014-07-26 00:00:00,3023.0
2014-07-26 01:00:00,2624.0
2014-07-26 02:00:00,2409.0
2014-07-26 03:00:00,2491.0
2014-07-26 04:00:00,2431.0
2014-07-26 05:00:00,2373.0
2014-07-26 06:00:00,2305.0
2014-07-26 07:00:00,4024.0
2014-07-26 08:00:00,4661.0
2014-07-26 09:00:00,6054.0
2014-07-26 10:00:00,6476.0
2014-07-26 11:00:00,7298.0
2014-07-26 12:00:00,7179.0
2014-07-26 13:00:00,7609.0
2014-07-26 14:00:00,7506.0
2014-07-26 15:00:00,7513.0
2014-07-26 16:00:00,7683.0
2014-07-26 17:00:00,8306.0
2014-07-26 18:00:00,8039.0
2014-07-26 19:00:00,7861.0
2014-07-26 20:00:00,6712.0
2014-07-26 21:00:00,6499.0
2014-07-26 22:00:00,6001.0
2014-07-26 23:00:00,5031.0
2014-07-27 00:00:00,3276.0
2014-07-27 01:00:00,3498.0
2014-07-27 02:00:00,2439.0
2014-07-27 03:00:00,2528.0
2014-07-27 04:00:00,2446.0
2014-07-27 05:00:00,2432.0
2014-07-27 06:00:00,2380.0
2014-07-27 07:00:00,4127.0
2014-07-27 08:00:00,4602.0
2014-07-27 09:00:00,6054.0
2014-07-27 10:00:00,6913.0
2014-07-27 11:00:00,7750.0
2014-07-27 12:00:00,7706.0
2014-07-27 13:00:00,7587.0
2014-07-27 14:00:00,7803.0
2014-07-27 15:00:00,7438.0
2014-07-27 16:00:00,7188.0
2014-07-27 17:00:00,7195.0
2014-07-27 18:00:00,7320.0
2014-07-27 19:00:00,7349.0
2014-07-27 20:00:00,6462.0
2014-07-27 21:00:00,6439.0
2014-07-27 22:00:00,5950.0
2014-07-27 23:00:00,4669.0
2014-07-28 00:00:00,2824.0
2014-07-28 01:00:00,2633.0
2014-07-28 02:00:00,2357.0
2014-07-28 03:00:00,2476.0
2014-07-28 04:00:00,2335.0
2014-07-28 05:00:00,2357.0
2014-07-28 06:00:00,2217.0
2014-07-28 07:00:00,4113.0
2014-07-28 08:00:00,4439.0
2014-07-28 09:00:00,5869.0
2014-07-28 10:00:00,6120.0
2014-07-28 11:00:00,6736.0
2014-07-28 12:00:00,6824.0
2014-07-28 13:00:00,6840.0
2014-07-28 14:00:00,6884.0
2014-07-28 15:00:00,6765.0
2014-07-28 16:00:00,7238.0
2014-07-28 17:00:00,7713.0
2014-07-28 18:00:00,7277.0
2014-07-28 19:00:00,6691.0
2014-07-28 20:00:00,6380.0
2014-07-28 21:00:00,6380.0
2014-07-28 22:00:00,6069.0
2014-07-28 23:00:00,4964.0
2014-07-29 00:00:00,3283.0
2014-07-29 01:00:00,3107.0
2014-07-29 02:00:00,2506.0
2014-07-29 03:00:00,2542.0
2014-07-29 04:00:00,2461.0
2014-07-29 05:00:00,2454.0
2014-07-29 06:00:00,2365.0
2014-07-29 07:00:00,4090.0
2014-07-29 08:00:00,4417.0
2014-07-29 09:00:00,5824.0
2014-07-29 10:00:00,6839.0
2014-07-29 11:00:00,7528.0
2014-07-29 12:00:00,7046.0
2014-07-29 13:00:00,7306.0
2014-07-29 14:00:00,7105.0
2014-07-29 15:00:00,7313.0
2014-07-29 16:00:00,7580.0
2014-07-29 17:00:00,8017.0
2014-07-29 18:00:00,7727.0
2014-07-29 19:00:00,7291.0
2014-07-29 20:00:00,6528.0
2014-07-29 21:00:00,6380.0
2014-07-29 22:00:00,5860.0
2014-07-29 23:00:00,4736.0
2014-07-30 00:00:00,3143.0
2014-07-30 01:00:00,3351.0
2014-07-30 02:00:00,2735.0
2014-07-30 03:00:00,2580.0
2014-07-30 04:00:00,2498.0
2014-07-30 05:00:00,2520.0
2014-07-30 06:00:00,2356.0
2014-07-30 07:00:00,4187.0
2014-07-30 08:00:00,4432.0
2014-07-30 09:00:00,5927.0
2014-07-30 10:00:00,6313.0
2014-07-30 11:00:00,6231.0
2014-07-30 12:00:00,6299.0
2014-07-30 13:00:00,6514.0
2014-07-30 14:00:00,6357.0
2014-07-30 15:00:00,6699.0
2014-07-30 16:00:00,6327.0
2014-07-30 17:00:00,6973.0
2014-07-30 18:00:00,6469.0
2014-07-30 19:00:00,6276.0
2014-07-30 20:00:00,5950.0
2014-07-30 21:00:00,6143.0
2014-07-30 22:00:00,5875.0
2014-07-30 23:00:00,4794.0
2014-07-31 00:00:00,3306.0
2014-07-31 01:00:00,3084.0
2014-07-31 02:00:00,2617.0
2014-07-31 03:00:00,2624.0
2014-07-31 04:00:00,2565.0
2014-07-31 05:00:00,2543.0
2014-07-31 06:00:00,2513.0
2014-07-31 07:00:00,4417.0
2014-07-31 08:00:00,4610.0
2014-07-31 09:00:00,5929.0
2014-07-31 10:00:00,5942.0
2014-07-31 11:00:00,5832.0
2014-07-31 12:00:00,5787.0
2014-07-31 13:00:00,5839.0
2014-07-31 14:00:00,6439.0
2014-07-31 15:00:00,6143.0
2014-07-31 16:00:00,6721.0
2014-07-31 17:00:00,6727.0
2014-07-31 18:00:00,6794.0
2014-07-31 19:00:00,6150.0
2014-07-31 20:00:00,5973.0
2014-07-31 21:00:00,6446.0
2014-07-31 22:00:00,5965.0
2014-07-31 23:00:00,4965.0
2014-08-01 00:00:00,3232.0
2014-08-01 01:00:00,2794.0
2014-08-01 02:00:00,2616.0
2014-08-01 03:00:00,2669.0
2014-08-01 04:00:00,2602.0
2014-08-01 05:00:00,2543.0
2014-08-01 06:00:00,2416.0
2014-08-01 07:00:00,4255.0
2014-08-01 08:00:00,4869.0
2014-08-01 09:00:00,5892.0
2014-08-01 10:00:00,6224.0
2014-08-01 11:00:00,7120.0
2014-08-01 12:00:00,7521.0
2014-08-01 13:00:00,7609.0
2014-08-01 14:00:00,7453.0
2014-08-01 15:00:00,7609.0
2014-08-01 16:00:00,7505.0
2014-08-01 17:00:00,7839.0
2014-08-01 18:00:00,7231.0
2014-08-01 19:00:00,6839.0
2014-08-01 20:00:00,6298.0
2014-08-01 21:00:00,6328.0
2014-08-01 22:00:00,5795.0
2014-08-01 23:00:00,4735.0
2014-08-02 00:00:00,3128.0
2014-08-02 01:00:00,2698.0
2014-08-02 02:00:00,2506.0
2014-08-02 03:00:00,2587.0
2014-08-02 04:00:00,2468.0
2014-08-02 05:00:00,2446.0
2014-08-02 06:00:00,2447.0
2014-08-02 07:00:00,4225.0
2014-08-02 08:00:00,4668.0
2014-08-02 09:00:00,5994.0
2014-08-02 10:00:00,6773.0
2014-08-02 11:00:00,7795.0
2014-08-02 12:00:00,7690.0
2014-08-02 13:00:00,7594.0
2014-08-02 14:00:00,7165.0
2014-08-02 15:00:00,7180.0
2014-08-02 16:00:00,7343.0
2014-08-02 17:00:00,7402.0
2014-08-02 18:00:00,7499.0
2014-08-02 19:00:00,7046.0
2014-08-02 20:00:00,6305.0
2014-08-02 21:00:00,6950.0
2014-08-02 22:00:00,6009.0
2014-08-02 23:00:00,4832.0
2014-08-03 00:00:00,3602.0
2014-08-03 01:00:00,3476.0
2014-08-03 02:00:00,3394.0
2014-08-03 03:00:00,3528.0
2014-08-03 04:00:00,3432.0
2014-08-03 05:00:00,3462.0
2014-08-03 06:00:00,3372.0
2014-08-03 07:00:00,5114.0
2014-08-03 08:00:00,5240.0
2014-08-03 09:00:00,6543.0
2014-08-03 10:00:00,7314.0
2014-08-03 11:00:00,7965.0
2014-08-03 12:00:00,7728.0
2014-08-03 13:00:00,7772.0
2014-08-03 14:00:00,7780.0
2014-08-03 15:00:00,7817.0
2014-08-03 16:00:00,7720.0
2014-08-03 17:00:00,7890.0
2014-08-03 18:00:00,7743.0
2014-08-03 19:00:00,7090.0
2014-08-03 20:00:00,6254.0
2014-08-03 21:00:00,6327.0
2014-08-03 22:00:00,5661.0
2014-08-03 23:00:00,4477.0
2014-08-04 00:00:00,3047.0
2014-08-04 01:00:00,2483.0
2014-08-04 02:00:00,2365.0
2014-08-04 03:00:00,2373.0
2014-08-04 04:00:00,2305.0
2014-08-04 05:00:00,2298.0
2014-08-04 06:00:00,2224.0
2014-08-04 07:00:00,4173.0
2014-08-04 08:00:00,4432.0
2014-08-04 09:00:00,5647.0
2014-08-04 10:00:00,5684.0
2014-08-04 11:00:00,6566.0
2014-08-04 12:00:00,6617.0
2014-08-04 13:00:00,6906.0
2014-08-04 14:00:00,7001.0
2014-08-04 15:00:00,7157.0
2014-08-04 16:00:00,7357.0
2014-08-04 17:00:00,7357.0
2014-08-04 18:00:00,7239.0
2014-08-04 19:00:00,6714.0
2014-08-04 20:00:00,6039.0
2014-08-04 21:00:00,6090.0
2014-08-04 22:00:00,5802.0
2014-08-04 23:00:00,4713.0
2014-08-05 00:00:00,3121.0
2014-08-05 01:00:00,3224.0
2014-08-05 02:00:00,3105.0
2014-08-05 03:00:00,2676.0
2014-08-05 04:00:00,2402.0
2014-08-05 05:00:00,2356.0
2014-08-05 06:00:00,2231.0
2014-08-05 07:00:00,3927.0
2014-08-05 08:00:00,4698.0
2014-08-05 09:00:00,5624.0
2014-08-05 10:00:00,6490.0
2014-08-05 11:00:00,7395.0
2014-08-05 12:00:00,7025.0
2014-08-05 13:00:00,7395.0
2014-08-05 14:00:00,7387.0
2014-08-05 15:00:00,7469.0
2014-08-05 16:00:00,7573.0
2014-08-05 17:00:00,8121.0
2014-08-05 18:00:00,7847.0
2014-08-05 19:00:00,7936.0
2014-08-05 20:00:00,7157.0
2014-08-05 21:00:00,6506.0
2014-08-05 22:00:00,5929.0
2014-08-05 23:00:00,4342.0
2014-08-06 00:00:00,2897.0
2014-08-06 01:00:00,3053.0
2014-08-06 02:00:00,2564.0
2014-08-06 03:00:00,2557.0
2014-08-06 04:00:00,2469.0
2014-08-06 05:00:00,2461.0
2014-08-06 06:00:00,2298.0
2014-08-06 07:00:00,4446.0
2014-08-06 08:00:00,4876.0
2014-08-06 09:00:00,5742.0
2014-08-06 10:00:00,7135.0
2014-08-06 11:00:00,7698.0
2014-08-06 12:00:00,7402.0
2014-08-06 13:00:00,7551.0
2014-08-06 14:00:00,7640.0
2014-08-06 15:00:00,8009.0
2014-08-06 16:00:00,8039.0
2014-08-06 17:00:00,8195.0
2014-08-06 18:00:00,8024.0
2014-08-06 19:00:00,7935.0
2014-08-06 20:00:00,7609.0
2014-08-06 21:00:00,6542.0
2014-08-06 22:00:00,5676.0
2014-08-06 23:00:00,4706.0
2014-08-07 00:00:00,3179.0
2014-08-07 01:00:00,3847.0
2014-08-07 02:00:00,2543.0
2014-08-07 03:00:00,2594.0
2014-08-07 04:00:00,2506.0
2014-08-07 05:00:00,2476.0
2014-08-07 06:00:00,2388.0
2014-08-07 07:00:00,4424.0
2014-08-07 08:00:00,4654.0
2014-08-07 09:00:00,5758.0
2014-08-07 10:00:00,7343.0
2014-08-07 11:00:00,7512.0
2014-08-07 12:00:00,7794.0
2014-08-07 13:00:00,7883.0
2014-08-07 14:00:00,7662.0
2014-08-07 15:00:00,7823.0
2014-08-07 16:00:00,8047.0
2014-08-07 17:00:00,8394.0
2014-08-07 18:00:00,8165.0
2014-08-07 19:00:00,7647.0
2014-08-07 20:00:00,7475.0
2014-08-07 21:00:00,6817.0
2014-08-07 22:00:00,6098.0
2014-08-07 23:00:00,4965.0
2014-08-08 00:00:00,3469.0
2014-08-08 01:00:00,3980.0
2014-08-08 02:00:00,2706.0
2014-08-08 03:00:00,2727.0
2014-08-08 04:00:00,2581.0
2014-08-08 05:00:00,2618.0
2014-08-08 06:00:00,2498.0
2014-08-08 07:00:00,4455.0
2014-08-08 08:00:00,4943.0
2014-08-08 09:00:00,6424.0
2014-08-08 10:00:00,7454.0
2014-08-08 11:00:00,8039.0
2014-08-08 12:00:00,7668.0
2014-08-08 13:00:00,7898.0
2014-08-08 14:00:00,7624.0
2014-08-08 15:00:00,7906.0
2014-08-08 16:00:00,8024.0
2014-08-08 17:00:00,8491.0
2014-08-08 18:00:00,8194.0
2014-08-08 19:00:00,8203.0
2014-08-08 20:00:00,7876.0
2014-08-08 21:00:00,7506.0
2014-08-08 22:00:00,6120.0
2014-08-08 23:00:00,5031.0
2014-08-09 00:00:00,3410.0
2014-08-09 01:00:00,4046.0
2014-08-09 02:00:00,4047.0
2014-08-09 03:00:00,3343.0
2014-08-09 04:00:00,2743.0
2014-08-09 05:00:00,2691.0
2014-08-09 06:00:00,2603.0
2014-08-09 07:00:00,4328.0
2014-08-09 08:00:00,4735.0
2014-08-09 09:00:00,6342.0
2014-08-09 10:00:00,7728.0
2014-08-09 11:00:00,8136.0
2014-08-09 12:00:00,7979.0
2014-08-09 13:00:00,8306.0
2014-08-09 14:00:00,7750.0
2014-08-09 15:00:00,8047.0
2014-08-09 16:00:00,8032.0
2014-08-09 17:00:00,8217.0
2014-08-09 18:00:00,8076.0
2014-08-09 19:00:00,7942.0
2014-08-09 20:00:00,7684.0
2014-08-09 21:00:00,7091.0
2014-08-09 22:00:00,6032.0
2014-08-09 23:00:00,5002.0
2014-08-10 00:00:00,3847.0
2014-08-10 01:00:00,4580.0
2014-08-10 02:00:00,4520.0
2014-08-10 03:00:00,3038.0
2014-08-10 04:00:00,2603.0
2014-08-10 05:00:00,2565.0
2014-08-10 06:00:00,2476.0
2014-08-10 07:00:00,4298.0
2014-08-10 08:00:00,4625.0
2014-08-10 09:00:00,5914.0
2014-08-10 10:00:00,7321.0
2014-08-10 11:00:00,7928.0
2014-08-10 12:00:00,7587.0
2014-08-10 13:00:00,7631.0
2014-08-10 14:00:00,7425.0
2014-08-10 15:00:00,7372.0
2014-08-10 16:00:00,7617.0
2014-08-10 17:00:00,8425.0
2014-08-10 18:00:00,8001.0
2014-08-10 19:00:00,7853.0
2014-08-10 20:00:00,7528.0
2014-08-10 21:00:00,7209.0
2014-08-10 22:00:00,6313.0
2014-08-10 23:00:00,4757.0
2014-08-11 00:00:00,3225.0
2014-08-11 01:00:00,3380.0
2014-08-11 02:00:00,3247.0
2014-08-11 03:00:00,3343.0
2014-08-11 04:00:00,3216.0
2014-08-11 05:00:00,3172.0
2014-08-11 06:00:00,2573.0
2014-08-11 07:00:00,3810.0
2014-08-11 08:00:00,5031.0
2014-08-11 09:00:00,5920.0
2014-08-11 10:00:00,6810.0
2014-08-11 11:00:00,7506.0
2014-08-11 12:00:00,7571.0
2014-08-11 13:00:00,7749.0
2014-08-11 14:00:00,7491.0
2014-08-11 15:00:00,7469.0
2014-08-11 16:00:00,7662.0
2014-08-11 17:00:00,8039.0
2014-08-11 18:00:00,7476.0
2014-08-11 19:00:00,7143.0
2014-08-11 20:00:00,6757.0
2014-08-11 21:00:00,6217.0
2014-08-11 22:00:00,5757.0
2014-08-11 23:00:00,4253.0
2014-08-12 00:00:00,3031.0
2014-08-12 01:00:00,3179.0
2014-08-12 02:00:00,3017.0
2014-08-12 03:00:00,3009.0
2014-08-12 04:00:00,2920.0
2014-08-12 05:00:00,2965.0
2014-08-12 06:00:00,2677.0
2014-08-12 07:00:00,4048.0
2014-08-12 08:00:00,4764.0
2014-08-12 09:00:00,5787.0
2014-08-12 10:00:00,7349.0
2014-08-12 11:00:00,7860.0
2014-08-12 12:00:00,7720.0
2014-08-12 13:00:00,8002.0
2014-08-12 14:00:00,7713.0
2014-08-12 15:00:00,7862.0
2014-08-12 16:00:00,7913.0
2014-08-12 17:00:00,8268.0
2014-08-12 18:00:00,7981.0
2014-08-12 19:00:00,7646.0
2014-08-12 20:00:00,7779.0
2014-08-12 21:00:00,6780.0
2014-08-12 22:00:00,6232.0
2014-08-12 23:00:00,4565.0
2014-08-13 00:00:00,3291.0
2014-08-13 01:00:00,3150.0
2014-08-13 02:00:00,2565.0
2014-08-13 03:00:00,2580.0
2014-08-13 04:00:00,2536.0
2014-08-13 05:00:00,2490.0
2014-08-13 06:00:00,2306.0
2014-08-13 07:00:00,3706.0
2014-08-13 08:00:00,4781.0
2014-08-13 09:00:00,5876.0
2014-08-13 10:00:00,6372.0
2014-08-13 11:00:00,7113.0
2014-08-13 12:00:00,7121.0
2014-08-13 13:00:00,7083.0
2014-08-13 14:00:00,7039.0
2014-08-13 15:00:00,7121.0
2014-08-13 16:00:00,7172.0
2014-08-13 17:00:00,7307.0
2014-08-13 18:00:00,7039.0
2014-08-13 19:00:00,6705.0
2014-08-13 20:00:00,6447.0
2014-08-13 21:00:00,6039.0
2014-08-13 22:00:00,5534.0
2014-08-13 23:00:00,4476.0
2014-08-14 00:00:00,3032.0
2014-08-14 01:00:00,3053.0
2014-08-14 02:00:00,2327.0
2014-08-14 03:00:00,2254.0
2014-08-14 04:00:00,2158.0
2014-08-14 05:00:00,2232.0
2014-08-14 06:00:00,2098.0
2014-08-14 07:00:00,4017.0
2014-08-14 08:00:00,4699.0
2014-08-14 09:00:00,5439.0
2014-08-14 10:00:00,6216.0
2014-08-14 11:00:00,6988.0
2014-08-14 12:00:00,7142.0
2014-08-14 13:00:00,7446.0
2014-08-14 14:00:00,7039.0
2014-08-14 15:00:00,7379.0
2014-08-14 16:00:00,7327.0
2014-08-14 17:00:00,7491.0
2014-08-14 18:00:00,7298.0
2014-08-14 19:00:00,6950.0
2014-08-14 20:00:00,6757.0
2014-08-14 21:00:00,6120.0
2014-08-14 22:00:00,5676.0
2014-08-14 23:00:00,4439.0
2014-08-15 00:00:00,2913.0
2014-08-15 01:00:00,3023.0
2014-08-15 02:00:00,2928.0
2014-08-15 03:00:00,2793.0
2014-08-15 04:00:00,2290.0
2014-08-15 05:00:00,2262.0
2014-08-15 06:00:00,2129.0
2014-08-15 07:00:00,3994.0
2014-08-15 08:00:00,4291.0
2014-08-15 09:00:00,5654.0
2014-08-15 10:00:00,6424.0
2014-08-15 11:00:00,7676.0
2014-08-15 12:00:00,7750.0
2014-08-15 13:00:00,8046.0
2014-08-15 14:00:00,7713.0
2014-08-15 15:00:00,7847.0
2014-08-15 16:00:00,7795.0
2014-08-15 17:00:00,8157.0
2014-08-15 18:00:00,7928.0
2014-08-15 19:00:00,7328.0
2014-08-15 20:00:00,6950.0
2014-08-15 21:00:00,6810.0
2014-08-15 22:00:00,5594.0
2014-08-15 23:00:00,4751.0
2014-08-16 00:00:00,3091.0
2014-08-16 01:00:00,3172.0
2014-08-16 02:00:00,2676.0
2014-08-16 03:00:00,2528.0
2014-08-16 04:00:00,2365.0
2014-08-16 05:00:00,2372.0
2014-08-16 06:00:00,2238.0
2014-08-16 07:00:00,3942.0
2014-08-16 08:00:00,4475.0
2014-08-16 09:00:00,5884.0
2014-08-16 10:00:00,6580.0
2014-08-16 11:00:00,7892.0
2014-08-16 12:00:00,8054.0
2014-08-16 13:00:00,7995.0
2014-08-16 14:00:00,8195.0
2014-08-16 15:00:00,8736.0
2014-08-16 16:00:00,8758.0
2014-08-16 17:00:00,8928.0
2014-08-16 18:00:00,8469.0
2014-08-16 19:00:00,8342.0
2014-08-16 20:00:00,7840.0
2014-08-16 21:00:00,7505.0
2014-08-16 22:00:00,6209.0
2014-08-16 23:00:00,4898.0
2014-08-17 00:00:00,3832.0
2014-08-17 01:00:00,3743.0
2014-08-17 02:00:00,2543.0
2014-08-17 03:00:00,2551.0
2014-08-17 04:00:00,2395.0
2014-08-17 05:00:00,2431.0
2014-08-17 06:00:00,2380.0
2014-08-17 07:00:00,4084.0
2014-08-17 08:00:00,4779.0
2014-08-17 09:00:00,5766.0
2014-08-17 10:00:00,6936.0
2014-08-17 11:00:00,7839.0
2014-08-17 12:00:00,8033.0
2014-08-17 13:00:00,7920.0
2014-08-17 14:00:00,7913.0
2014-08-17 15:00:00,8039.0
2014-08-17 16:00:00,8313.0
2014-08-17 17:00:00,8557.0
2014-08-17 18:00:00,8135.0
2014-08-17 19:00:00,8216.0
2014-08-17 20:00:00,7883.0
2014-08-17 21:00:00,7469.0
2014-08-17 22:00:00,6031.0
2014-08-17 23:00:00,4668.0
2014-08-18 00:00:00,3195.0
2014-08-18 01:00:00,3231.0
2014-08-18 02:00:00,3120.0
2014-08-18 03:00:00,3187.0
2014-08-18 04:00:00,2661.0
2014-08-18 05:00:00,2372.0
2014-08-18 06:00:00,2231.0
2014-08-18 07:00:00,3950.0
2014-08-18 08:00:00,4423.0
2014-08-18 09:00:00,5602.0
2014-08-18 10:00:00,6986.0
2014-08-18 11:00:00,7343.0
2014-08-18 12:00:00,7335.0
2014-08-18 13:00:00,7573.0
2014-08-18 14:00:00,7431.0
2014-08-18 15:00:00,7580.0
2014-08-18 16:00:00,7536.0
2014-08-18 17:00:00,8210.0
2014-08-18 18:00:00,8091.0
2014-08-18 19:00:00,7854.0
2014-08-18 20:00:00,6699.0
2014-08-18 21:00:00,6394.0
2014-08-18 22:00:00,5735.0
2014-08-18 23:00:00,4632.0
2014-08-19 00:00:00,3069.0
2014-08-19 01:00:00,3112.0
2014-08-19 02:00:00,2557.0
2014-08-19 03:00:00,2491.0
2014-08-19 04:00:00,2379.0
2014-08-19 05:00:00,2372.0
2014-08-19 06:00:00,2232.0
2014-08-19 07:00:00,4090.0
2014-08-19 08:00:00,4305.0
2014-08-19 09:00:00,5440.0
2014-08-19 10:00:00,6594.0
2014-08-19 11:00:00,7476.0
2014-08-19 12:00:00,7409.0
2014-08-19 13:00:00,7379.0
2014-08-19 14:00:00,7231.0
2014-08-19 15:00:00,7492.0
2014-08-19 16:00:00,7662.0
2014-08-19 17:00:00,8069.0
2014-08-19 18:00:00,7840.0
2014-08-19 19:00:00,7439.0
2014-08-19 20:00:00,6802.0
2014-08-19 21:00:00,6402.0
2014-08-19 22:00:00,5633.0
2014-08-19 23:00:00,4661.0
2014-08-20 00:00:00,3305.0
2014-08-20 01:00:00,2803.0
2014-08-20 02:00:00,2468.0
2014-08-20 03:00:00,2453.0
2014-08-20 04:00:00,2431.0
2014-08-20 05:00:00,2386.0
2014-08-20 06:00:00,2202.0
2014-08-20 07:00:00,3935.0
2014-08-20 08:00:00,4401.0
2014-08-20 09:00:00,5483.0
2014-08-20 10:00:00,6335.0
2014-08-20 11:00:00,6283.0
2014-08-20 12:00:00,6380.0
2014-08-20 13:00:00,6165.0
2014-08-20 14:00:00,5758.0
2014-08-20 15:00:00,6113.0
2014-08-20 16:00:00,6617.0
2014-08-20 17:00:00,6905.0
2014-08-20 18:00:00,6757.0
2014-08-20 19:00:00,6654.0
2014-08-20 20:00:00,6120.0
2014-08-20 21:00:00,6180.0
2014-08-20 22:00:00,5757.0
2014-08-20 23:00:00,4603.0
2014-08-21 00:00:00,3142.0
2014-08-21 01:00:00,3002.0
2014-08-21 02:00:00,2469.0
2014-08-21 03:00:00,2499.0
2014-08-21 04:00:00,2417.0
2014-08-21 05:00:00,2387.0
2014-08-21 06:00:00,2276.0
2014-08-21 07:00:00,3854.0
2014-08-21 08:00:00,3980.0
2014-08-21 09:00:00,5223.0
2014-08-21 10:00:00,6010.0
2014-08-21 11:00:00,6728.0
2014-08-21 12:00:00,6320.0
2014-08-21 13:00:00,6350.0
2014-08-21 14:00:00,6031.0
2014-08-21 15:00:00,6343.0
2014-08-21 16:00:00,6269.0
2014-08-21 17:00:00,6668.0
2014-08-21 18:00:00,6506.0
2014-08-21 19:00:00,6610.0
2014-08-21 20:00:00,6320.0
2014-08-21 21:00:00,6180.0
2014-08-21 22:00:00,5616.0
2014-08-21 23:00:00,4595.0
2014-08-22 00:00:00,3143.0
2014-08-22 01:00:00,3194.0
2014-08-22 02:00:00,2624.0
2014-08-22 03:00:00,2491.0
2014-08-22 04:00:00,2380.0
2014-08-22 05:00:00,2402.0
2014-08-22 06:00:00,2357.0
2014-08-22 07:00:00,3979.0
2014-08-22 08:00:00,4306.0
2014-08-22 09:00:00,5513.0
2014-08-22 10:00:00,6165.0
2014-08-22 11:00:00,6209.0
2014-08-22 12:00:00,6284.0
2014-08-22 13:00:00,6416.0
2014-08-22 14:00:00,6090.0
2014-08-22 15:00:00,6395.0
2014-08-22 16:00:00,6595.0
2014-08-22 17:00:00,6721.0
2014-08-22 18:00:00,6609.0
2014-08-22 19:00:00,6558.0
2014-08-22 20:00:00,6068.0
2014-08-22 21:00:00,6165.0
2014-08-22 22:00:00,5565.0
2014-08-22 23:00:00,4602.0
2014-08-23 00:00:00,3165.0
2014-08-23 01:00:00,3223.0
2014-08-23 02:00:00,2617.0
2014-08-23 03:00:00,2506.0
2014-08-23 04:00:00,2453.0
2014-08-23 05:00:00,2394.0
2014-08-23 06:00:00,2283.0
2014-08-23 07:00:00,4017.0
2014-08-23 08:00:00,4312.0
2014-08-23 09:00:00,5602.0
2014-08-23 10:00:00,6217.0
2014-08-23 11:00:00,6521.0
2014-08-23 12:00:00,6534.0
2014-08-23 13:00:00,6380.0
2014-08-23 14:00:00,6172.0
2014-08-23 15:00:00,6239.0
2014-08-23 16:00:00,6358.0
2014-08-23 17:00:00,6980.0
2014-08-23 18:00:00,6588.0
2014-08-23 19:00:00,6336.0
2014-08-23 20:00:00,5728.0
2014-08-23 21:00:00,6098.0
2014-08-23 22:00:00,5528.0
2014-08-23 23:00:00,4550.0
2014-08-24 00:00:00,3187.0
2014-08-24 01:00:00,3136.0
2014-08-24 02:00:00,2521.0
2014-08-24 03:00:00,2558.0
2014-08-24 04:00:00,2447.0
2014-08-24 05:00:00,2432.0
2014-08-24 06:00:00,2231.0
2014-08-24 07:00:00,4150.0
2014-08-24 08:00:00,4268.0
2014-08-24 09:00:00,5513.0
2014-08-24 10:00:00,6017.0
2014-08-24 11:00:00,6468.0
2014-08-24 12:00:00,6536.0
2014-08-24 13:00:00,6729.0
2014-08-24 14:00:00,6499.0
2014-08-24 15:00:00,6349.0
2014-08-24 16:00:00,6720.0
2014-08-24 17:00:00,7002.0
2014-08-24 18:00:00,6965.0
2014-08-24 19:00:00,6736.0
2014-08-24 20:00:00,6305.0
2014-08-24 21:00:00,6150.0
2014-08-24 22:00:00,5558.0
2014-08-24 23:00:00,4365.0
2014-08-25 00:00:00,3099.0
2014-08-25 01:00:00,2698.0
2014-08-25 02:00:00,2334.0
2014-08-25 03:00:00,2431.0
2014-08-25 04:00:00,2328.0
2014-08-25 05:00:00,2253.0
2014-08-25 06:00:00,2217.0
2014-08-25 07:00:00,3832.0
2014-08-25 08:00:00,3913.0
2014-08-25 09:00:00,4921.0
2014-08-25 10:00:00,5772.0
2014-08-25 11:00:00,6335.0
2014-08-25 12:00:00,6461.0
2014-08-25 13:00:00,6431.0
2014-08-25 14:00:00,6231.0
2014-08-25 15:00:00,6335.0
2014-08-25 16:00:00,6632.0
2014-08-25 17:00:00,7031.0
2014-08-25 18:00:00,6639.0
2014-08-25 19:00:00,6713.0
2014-08-25 20:00:00,6498.0
2014-08-25 21:00:00,6498.0
2014-08-25 22:00:00,5743.0
2014-08-25 23:00:00,4765.0
2014-08-26 00:00:00,3379.0
2014-08-26 01:00:00,3366.0
2014-08-26 02:00:00,2661.0
2014-08-26 03:00:00,2735.0
2014-08-26 04:00:00,2654.0
2014-08-26 05:00:00,2639.0
2014-08-26 06:00:00,2484.0
2014-08-26 07:00:00,4201.0
2014-08-26 08:00:00,4261.0
2014-08-26 09:00:00,5321.0
2014-08-26 10:00:00,6024.0
2014-08-26 11:00:00,6773.0
2014-08-26 12:00:00,6794.0
2014-08-26 13:00:00,6661.0
2014-08-26 14:00:00,6727.0
2014-08-26 15:00:00,6684.0
2014-08-26 16:00:00,6913.0
2014-08-26 17:00:00,7114.0
2014-08-26 18:00:00,6906.0
2014-08-26 19:00:00,6571.0
2014-08-26 20:00:00,6239.0
2014-08-26 21:00:00,6980.0
2014-08-26 22:00:00,6157.0
2014-08-26 23:00:00,4913.0
2014-08-27 00:00:00,3424.0
2014-08-27 01:00:00,3328.0
2014-08-27 02:00:00,2773.0
2014-08-27 03:00:00,2846.0
2014-08-27 04:00:00,2757.0
2014-08-27 05:00:00,2720.0
2014-08-27 06:00:00,2639.0
2014-08-27 07:00:00,4129.0
2014-08-27 08:00:00,4356.0
2014-08-27 09:00:00,5662.0
2014-08-27 10:00:00,6490.0
2014-08-27 11:00:00,6757.0
2014-08-27 12:00:00,6609.0
2014-08-27 13:00:00,6653.0
2014-08-27 14:00:00,6610.0
2014-08-27 15:00:00,6691.0
2014-08-27 16:00:00,6861.0
2014-08-27 17:00:00,7335.0
2014-08-27 18:00:00,6987.0
2014-08-27 19:00:00,6869.0
2014-08-27 20:00:00,6409.0
2014-08-27 21:00:00,6919.0
2014-08-27 22:00:00,5949.0
2014-08-27 23:00:00,4995.0
2014-08-28 00:00:00,3431.0
2014-08-28 01:00:00,3261.0
2014-08-28 02:00:00,2668.0
2014-08-28 03:00:00,2817.0
2014-08-28 04:00:00,2736.0
2014-08-28 05:00:00,2742.0
2014-08-28 06:00:00,2647.0
2014-08-28 07:00:00,4373.0
2014-08-28 08:00:00,4328.0
2014-08-28 09:00:00,5632.0
2014-08-28 10:00:00,6262.0
2014-08-28 11:00:00,6780.0
2014-08-28 12:00:00,6573.0
2014-08-28 13:00:00,6579.0
2014-08-28 14:00:00,6402.0
2014-08-28 15:00:00,6438.0
2014-08-28 16:00:00,6705.0
2014-08-28 17:00:00,7038.0
2014-08-28 18:00:00,6661.0
2014-08-28 19:00:00,6639.0
2014-08-28 20:00:00,6040.0
2014-08-28 21:00:00,6440.0
2014-08-28 22:00:00,5721.0
2014-08-28 23:00:00,4720.0
2014-08-29 00:00:00,3388.0
2014-08-29 01:00:00,3373.0
2014-08-29 02:00:00,2884.0
2014-08-29 03:00:00,2727.0
2014-08-29 04:00:00,2610.0
2014-08-29 05:00:00,2660.0
2014-08-29 06:00:00,2551.0
2014-08-29 07:00:00,4046.0
2014-08-29 08:00:00,4128.0
2014-08-29 09:00:00,5469.0
2014-08-29 10:00:00,6202.0
2014-08-29 11:00:00,6765.0
2014-08-29 12:00:00,6365.0
2014-08-29 13:00:00,6602.0
2014-08-29 14:00:00,6165.0
2014-08-29 15:00:00,6195.0
2014-08-29 16:00:00,6609.0
2014-08-29 17:00:00,6639.0
2014-08-29 18:00:00,6713.0
2014-08-29 19:00:00,6632.0
2014-08-29 20:00:00,5980.0
2014-08-29 21:00:00,6164.0
2014-08-29 22:00:00,5712.0
2014-08-29 23:00:00,4542.0
2014-08-30 00:00:00,3187.0
2014-08-30 01:00:00,3010.0
2014-08-30 02:00:00,2558.0
2014-08-30 03:00:00,2616.0
2014-08-30 04:00:00,2514.0
2014-08-30 05:00:00,2535.0
2014-08-30 06:00:00,2424.0
2014-08-30 07:00:00,4032.0
2014-08-30 08:00:00,4668.0
2014-08-30 09:00:00,5913.0
2014-08-30 10:00:00,6447.0
2014-08-30 11:00:00,6536.0
2014-08-30 12:00:00,6379.0
2014-08-30 13:00:00,6408.0
2014-08-30 14:00:00,6336.0
2014-08-30 15:00:00,6825.0
2014-08-30 16:00:00,6617.0
2014-08-30 17:00:00,6594.0
2014-08-30 18:00:00,6705.0
2014-08-30 19:00:00,6735.0
2014-08-30 20:00:00,6566.0
2014-08-30 21:00:00,6506.0
2014-08-30 22:00:00,5728.0
2014-08-30 23:00:00,4839.0
2014-08-31 00:00:00,3602.0
2014-08-31 01:00:00,2824.0
2014-08-31 02:00:00,2573.0
2014-08-31 03:00:00,2602.0
2014-08-31 04:00:00,2513.0
2014-08-31 05:00:00,2535.0
2014-08-31 06:00:00,2424.0
2014-08-31 07:00:00,4268.0
2014-08-31 08:00:00,4750.0
2014-08-31 09:00:00,5639.0
2014-08-31 10:00:00,6298.0
2014-08-31 11:00:00,6594.0
2014-08-31 12:00:00,6424.0
2014-08-31 13:00:00,6587.0
2014-08-31 14:00:00,6261.0
2014-08-31 15:00:00,6403.0
2014-08-31 16:00:00,6409.0
2014-08-31 17:00:00,6691.0
2014-08-31 18:00:00,6772.0
2014-08-31 19:00:00,6617.0
2014-08-31 20:00:00,6232.0
2014-08-31 21:00:00,6372.0
2014-08-31 22:00:00,5875.0
2014-08-31 23:00:00,4684.0
2014-09-01 00:00:00,3217.0
2014-09-01 01:00:00,2743.0
2014-09-01 02:00:00,2513.0
2014-09-01 03:00:00,2513.0
2014-09-01 04:00:00,2431.0
2014-09-01 05:00:00,2416.0
2014-09-01 06:00:00,2268.0
2014-09-01 07:00:00,4061.0
2014-09-01 08:00:00,4128.0
2014-09-01 09:00:00,5447.0
2014-09-01 10:00:00,6025.0
2014-09-01 11:00:00,6587.0
2014-09-01 12:00:00,6356.0
2014-09-01 13:00:00,6573.0
2014-09-01 14:00:00,6468.0
2014-09-01 15:00:00,6765.0
2014-09-01 16:00:00,7120.0
2014-09-01 17:00:00,7402.0
2014-09-01 18:00:00,6853.0
2014-09-01 19:00:00,6712.0
2014-09-01 20:00:00,6417.0
2014-09-01 21:00:00,6751.0
2014-09-01 22:00:00,6129.0
2014-09-01 23:00:00,4816.0
2014-09-02 00:00:00,3409.0
2014-09-02 01:00:00,3292.0
2014-09-02 02:00:00,2669.0
2014-09-02 03:00:00,2580.0
2014-09-02 04:00:00,2498.0
2014-09-02 05:00:00,2587.0
2014-09-02 06:00:00,2424.0
2014-09-02 07:00:00,4202.0
2014-09-02 08:00:00,4239.0
2014-09-02 09:00:00,5416.0
2014-09-02 10:00:00,6165.0
2014-09-02 11:00:00,6639.0
2014-09-02 12:00:00,6062.0
2014-09-02 13:00:00,6269.0
2014-09-02 14:00:00,6180.0
2014-09-02 15:00:00,6172.0
2014-09-02 16:00:00,6165.0
2014-09-02 17:00:00,6713.0
2014-09-02 18:00:00,6743.0
2014-09-02 19:00:00,6787.0
2014-09-02 20:00:00,6246.0
2014-09-02 21:00:00,6520.0
2014-09-02 22:00:00,5972.0
2014-09-02 23:00:00,5003.0
2014-09-03 00:00:00,3521.0
2014-09-03 01:00:00,3032.0
2014-09-03 02:00:00,2543.0
2014-09-03 03:00:00,2558.0
2014-09-03 04:00:00,2499.0
2014-09-03 05:00:00,2550.0
2014-09-03 06:00:00,2468.0
2014-09-03 07:00:00,4157.0
2014-09-03 08:00:00,4076.0
2014-09-03 09:00:00,5528.0
2014-09-03 10:00:00,6002.0
2014-09-03 11:00:00,6254.0
2014-09-03 12:00:00,6128.0
2014-09-03 13:00:00,6424.0
2014-09-03 14:00:00,6018.0
2014-09-03 15:00:00,6313.0
2014-09-03 16:00:00,6528.0
2014-09-03 17:00:00,6943.0
2014-09-03 18:00:00,6765.0
2014-09-03 19:00:00,6720.0
2014-09-03 20:00:00,6431.0
2014-09-03 21:00:00,6432.0
2014-09-03 22:00:00,5942.0
2014-09-03 23:00:00,4980.0
2014-09-04 00:00:00,3861.0
2014-09-04 01:00:00,3808.0
2014-09-04 02:00:00,2934.0
2014-09-04 03:00:00,2669.0
2014-09-04 04:00:00,2580.0
2014-09-04 05:00:00,2566.0
2014-09-04 06:00:00,2476.0
2014-09-04 07:00:00,4365.0
2014-09-04 08:00:00,4275.0
2014-09-04 09:00:00,5514.0
2014-09-04 10:00:00,6047.0
2014-09-04 11:00:00,6801.0
2014-09-04 12:00:00,6328.0
2014-09-04 13:00:00,6208.0
2014-09-04 14:00:00,6283.0
2014-09-04 15:00:00,6313.0
2014-09-04 16:00:00,6380.0
2014-09-04 17:00:00,6824.0
2014-09-04 18:00:00,6565.0
2014-09-04 19:00:00,6447.0
2014-09-04 20:00:00,6394.0
2014-09-04 21:00:00,6335.0
2014-09-04 22:00:00,5809.0
2014-09-04 23:00:00,4764.0
2014-09-05 00:00:00,3298.0
2014-09-05 01:00:00,3276.0
2014-09-05 02:00:00,2743.0
2014-09-05 03:00:00,2698.0
2014-09-05 04:00:00,2484.0
2014-09-05 05:00:00,2491.0
2014-09-05 06:00:00,2491.0
2014-09-05 07:00:00,4135.0
2014-09-05 08:00:00,4128.0
2014-09-05 09:00:00,5720.0
2014-09-05 10:00:00,5912.0
2014-09-05 11:00:00,6558.0
2014-09-05 12:00:00,6469.0
2014-09-05 13:00:00,6083.0
2014-09-05 14:00:00,6105.0
2014-09-05 15:00:00,6209.0
2014-09-05 16:00:00,6439.0
2014-09-05 17:00:00,6661.0
2014-09-05 18:00:00,6535.0
2014-09-05 19:00:00,6669.0
2014-09-05 20:00:00,6431.0
2014-09-05 21:00:00,6705.0
2014-09-05 22:00:00,6120.0
2014-09-05 23:00:00,5106.0
2014-09-06 00:00:00,3728.0
2014-09-06 01:00:00,3616.0
2014-09-06 02:00:00,2832.0
2014-09-06 03:00:00,2816.0
2014-09-06 04:00:00,2765.0
2014-09-06 05:00:00,2810.0
2014-09-06 06:00:00,2572.0
2014-09-06 07:00:00,4269.0
2014-09-06 08:00:00,4328.0
2014-09-06 09:00:00,5594.0
2014-09-06 10:00:00,6105.0
2014-09-06 11:00:00,6676.0
2014-09-06 12:00:00,6410.0
2014-09-06 13:00:00,5966.0
2014-09-06 14:00:00,5758.0
2014-09-06 15:00:00,6283.0
2014-09-06 16:00:00,6461.0
2014-09-06 17:00:00,6846.0
2014-09-06 18:00:00,6565.0
2014-09-06 19:00:00,6639.0
2014-09-06 20:00:00,6313.0
2014-09-06 21:00:00,6780.0
2014-09-06 22:00:00,5943.0
2014-09-06 23:00:00,4772.0
2014-09-07 00:00:00,3321.0
2014-09-07 01:00:00,3350.0
2014-09-07 02:00:00,2698.0
2014-09-07 03:00:00,2706.0
2014-09-07 04:00:00,2595.0
2014-09-07 05:00:00,2668.0
2014-09-07 06:00:00,2512.0
2014-09-07 07:00:00,4269.0
2014-09-07 08:00:00,4372.0
2014-09-07 09:00:00,5884.0
2014-09-07 10:00:00,6305.0
2014-09-07 11:00:00,6417.0
2014-09-07 12:00:00,6129.0
2014-09-07 13:00:00,6336.0
2014-09-07 14:00:00,5801.0
2014-09-07 15:00:00,6062.0
2014-09-07 16:00:00,6498.0
2014-09-07 17:00:00,6691.0
2014-09-07 18:00:00,6623.0
2014-09-07 19:00:00,7780.0
2014-09-07 20:00:00,7269.0
2014-09-07 21:00:00,7439.0
2014-09-07 22:00:00,6395.0
2014-09-07 23:00:00,4876.0
2014-09-08 00:00:00,3329.0
2014-09-08 01:00:00,3202.0
2014-09-08 02:00:00,2668.0
2014-09-08 03:00:00,2638.0
2014-09-08 04:00:00,2609.0
2014-09-08 05:00:00,2647.0
2014-09-08 06:00:00,2558.0
2014-09-08 07:00:00,4283.0
2014-09-08 08:00:00,4579.0
2014-09-08 09:00:00,5713.0
2014-09-08 10:00:00,7032.0
2014-09-08 11:00:00,7647.0
2014-09-08 12:00:00,7586.0
2014-09-08 13:00:00,7572.0
2014-09-08 14:00:00,6846.0
2014-09-08 15:00:00,6291.0
2014-09-08 16:00:00,6231.0
2014-09-08 17:00:00,6557.0
2014-09-08 18:00:00,6290.0
2014-09-08 19:00:00,6542.0
2014-09-08 20:00:00,6639.0
2014-09-08 21:00:00,6461.0
2014-09-08 22:00:00,5853.0
2014-09-08 23:00:00,4832.0
2014-09-09 00:00:00,3372.0
2014-09-09 01:00:00,3239.0
2014-09-09 02:00:00,2640.0
2014-09-09 03:00:00,2647.0
2014-09-09 04:00:00,2587.0
2014-09-09 05:00:00,2550.0
2014-09-09 06:00:00,2409.0
2014-09-09 07:00:00,4157.0
2014-09-09 08:00:00,3994.0
2014-09-09 09:00:00,5202.0
2014-09-09 10:00:00,6210.0
2014-09-09 11:00:00,6424.0
2014-09-09 12:00:00,6461.0
2014-09-09 13:00:00,6313.0
2014-09-09 14:00:00,6135.0
2014-09-09 15:00:00,6246.0
2014-09-09 16:00:00,6409.0
2014-09-09 17:00:00,6780.0
2014-09-09 18:00:00,6477.0
2014-09-09 19:00:00,6350.0
2014-09-09 20:00:00,6586.0
2014-09-09 21:00:00,6447.0
2014-09-09 22:00:00,5898.0
2014-09-09 23:00:00,4883.0
2014-09-10 00:00:00,3394.0
2014-09-10 01:00:00,3365.0
2014-09-10 02:00:00,2839.0
2014-09-10 03:00:00,2817.0
2014-09-10 04:00:00,2661.0
2014-09-10 05:00:00,2691.0
2014-09-10 06:00:00,2617.0
2014-09-10 07:00:00,4195.0
2014-09-10 08:00:00,4216.0
2014-09-10 09:00:00,5654.0
2014-09-10 10:00:00,6010.0
2014-09-10 11:00:00,6536.0
2014-09-10 12:00:00,6439.0
2014-09-10 13:00:00,6001.0
2014-09-10 14:00:00,5371.0
2014-09-10 15:00:00,5854.0
2014-09-10 16:00:00,6150.0
2014-09-10 17:00:00,6150.0
2014-09-10 18:00:00,6475.0
2014-09-10 19:00:00,6173.0
2014-09-10 20:00:00,6157.0
2014-09-10 21:00:00,6802.0
2014-09-10 22:00:00,5919.0
2014-09-10 23:00:00,4661.0
2014-09-11 00:00:00,3321.0
2014-09-11 01:00:00,3239.0
2014-09-11 02:00:00,2609.0
2014-09-11 03:00:00,2684.0
2014-09-11 04:00:00,2654.0
2014-09-11 05:00:00,2617.0
2014-09-11 06:00:00,2529.0
2014-09-11 07:00:00,4253.0
2014-09-11 08:00:00,4483.0
2014-09-11 09:00:00,5616.0
2014-09-11 10:00:00,6246.0
2014-09-11 11:00:00,6839.0
2014-09-11 12:00:00,6565.0
2014-09-11 13:00:00,6379.0
2014-09-11 14:00:00,6388.0
2014-09-11 15:00:00,6313.0
2014-09-11 16:00:00,6684.0
2014-09-11 17:00:00,6772.0
2014-09-11 18:00:00,6653.0
2014-09-11 19:00:00,6602.0
2014-09-11 20:00:00,6565.0
2014-09-11 21:00:00,6921.0
2014-09-11 22:00:00,6179.0
2014-09-11 23:00:00,5113.0
2014-09-12 00:00:00,3690.0
2014-09-12 01:00:00,3114.0
2014-09-12 02:00:00,2764.0
2014-09-12 03:00:00,2824.0
2014-09-12 04:00:00,2713.0
2014-09-12 05:00:00,2699.0
2014-09-12 06:00:00,2595.0
2014-09-12 07:00:00,4432.0
2014-09-12 08:00:00,4491.0
2014-09-12 09:00:00,5557.0
2014-09-12 10:00:00,6017.0
2014-09-12 11:00:00,6669.0
2014-09-12 12:00:00,6513.0
2014-09-12 13:00:00,6506.0
2014-09-12 14:00:00,6187.0
2014-09-12 15:00:00,7098.0
2014-09-12 16:00:00,7720.0
2014-09-12 17:00:00,7905.0
2014-09-12 18:00:00,7403.0
2014-09-12 19:00:00,7476.0
2014-09-12 20:00:00,7254.0
2014-09-12 21:00:00,7535.0
2014-09-12 22:00:00,6640.0
2014-09-12 23:00:00,5128.0
2014-09-13 00:00:00,3669.0
2014-09-13 01:00:00,3113.0
2014-09-13 02:00:00,2728.0
2014-09-13 03:00:00,2742.0
2014-09-13 04:00:00,2639.0
2014-09-13 05:00:00,2660.0
2014-09-13 06:00:00,2536.0
2014-09-13 07:00:00,4328.0
2014-09-13 08:00:00,4358.0
2014-09-13 09:00:00,5662.0
2014-09-13 10:00:00,6240.0
2014-09-13 11:00:00,6840.0
2014-09-13 12:00:00,6498.0
2014-09-13 13:00:00,6453.0
2014-09-13 14:00:00,6107.0
2014-09-13 15:00:00,6402.0
2014-09-13 16:00:00,6424.0
2014-09-13 17:00:00,6551.0
2014-09-13 18:00:00,6609.0
2014-09-13 19:00:00,6572.0
2014-09-13 20:00:00,6365.0
2014-09-13 21:00:00,6639.0
2014-09-13 22:00:00,6173.0
2014-09-13 23:00:00,4958.0
2014-09-14 00:00:00,3403.0
2014-09-14 01:00:00,2936.0
2014-09-14 02:00:00,2655.0
2014-09-14 03:00:00,2625.0
2014-09-14 04:00:00,2617.0
2014-09-14 05:00:00,2639.0
2014-09-14 06:00:00,2528.0
2014-09-14 07:00:00,4180.0
2014-09-14 08:00:00,4268.0
2014-09-14 09:00:00,5543.0
2014-09-14 10:00:00,6394.0
2014-09-14 11:00:00,6580.0
2014-09-14 12:00:00,6743.0
2014-09-14 13:00:00,6461.0
2014-09-14 14:00:00,6514.0
2014-09-14 15:00:00,6128.0
2014-09-14 16:00:00,6195.0
2014-09-14 17:00:00,6854.0
2014-09-14 18:00:00,6557.0
2014-09-14 19:00:00,6254.0
2014-09-14 20:00:00,6899.0
2014-09-14 21:00:00,6498.0
2014-09-14 22:00:00,6016.0
2014-09-14 23:00:00,4824.0
2014-09-15 00:00:00,3306.0
2014-09-15 01:00:00,2936.0
2014-09-15 02:00:00,2684.0
2014-09-15 03:00:00,2654.0
2014-09-15 04:00:00,2580.0
2014-09-15 05:00:00,2625.0
2014-09-15 06:00:00,2475.0
2014-09-15 07:00:00,4291.0
2014-09-15 08:00:00,4550.0
2014-09-15 09:00:00,5566.0
2014-09-15 10:00:00,6128.0
2014-09-15 11:00:00,6498.0
2014-09-15 12:00:00,6527.0
2014-09-15 13:00:00,6653.0
2014-09-15 14:00:00,6350.0
2014-09-15 15:00:00,6291.0
2014-09-15 16:00:00,6305.0
2014-09-15 17:00:00,6914.0
2014-09-15 18:00:00,6572.0
2014-09-15 19:00:00,6253.0
2014-09-15 20:00:00,6743.0
2014-09-15 21:00:00,6854.0
2014-09-15 22:00:00,6172.0
2014-09-15 23:00:00,5224.0
2014-09-16 00:00:00,4528.0
2014-09-16 01:00:00,3928.0
2014-09-16 02:00:00,3846.0
2014-09-16 03:00:00,3639.0
2014-09-16 04:00:00,3416.0
2014-09-16 05:00:00,3469.0
2014-09-16 06:00:00,2677.0
2014-09-16 07:00:00,4246.0
2014-09-16 08:00:00,4343.0
2014-09-16 09:00:00,5847.0
2014-09-16 10:00:00,6224.0
2014-09-16 11:00:00,6232.0
2014-09-16 12:00:00,6661.0
2014-09-16 13:00:00,6699.0
2014-09-16 14:00:00,6684.0
2014-09-16 15:00:00,6743.0
2014-09-16 16:00:00,6721.0
2014-09-16 17:00:00,7047.0
2014-09-16 18:00:00,6765.0
2014-09-16 19:00:00,6847.0
2014-09-16 20:00:00,7194.0
2014-09-16 21:00:00,7239.0
2014-09-16 22:00:00,6535.0
2014-09-16 23:00:00,5491.0
2014-09-17 00:00:00,3735.0
2014-09-17 01:00:00,2780.0
2014-09-17 02:00:00,2654.0
2014-09-17 03:00:00,2743.0
2014-09-17 04:00:00,2618.0
2014-09-17 05:00:00,2632.0
2014-09-17 06:00:00,2490.0
2014-09-17 07:00:00,4216.0
2014-09-17 08:00:00,4365.0
2014-09-17 09:00:00,5521.0
2014-09-17 10:00:00,6291.0
2014-09-17 11:00:00,6810.0
2014-09-17 12:00:00,6417.0
2014-09-17 13:00:00,6609.0
2014-09-17 14:00:00,6262.0
2014-09-17 15:00:00,6558.0
2014-09-17 16:00:00,6639.0
2014-09-17 17:00:00,6935.0
2014-09-17 18:00:00,6668.0
2014-09-17 19:00:00,6543.0
2014-09-17 20:00:00,6646.0
2014-09-17 21:00:00,6365.0
2014-09-17 22:00:00,5964.0
2014-09-17 23:00:00,4965.0
2014-09-18 00:00:00,3269.0
2014-09-18 01:00:00,3150.0
2014-09-18 02:00:00,2617.0
2014-09-18 03:00:00,2677.0
2014-09-18 04:00:00,2565.0
2014-09-18 05:00:00,2572.0
2014-09-18 06:00:00,2454.0
2014-09-18 07:00:00,4321.0
2014-09-18 08:00:00,4721.0
2014-09-18 09:00:00,6001.0
2014-09-18 10:00:00,6312.0
2014-09-18 11:00:00,6810.0
2014-09-18 12:00:00,6543.0
2014-09-18 13:00:00,6336.0
2014-09-18 14:00:00,6202.0
2014-09-18 15:00:00,6432.0
2014-09-18 16:00:00,6580.0
2014-09-18 17:00:00,6854.0
2014-09-18 18:00:00,6653.0
2014-09-18 19:00:00,6676.0
2014-09-18 20:00:00,6453.0
2014-09-18 21:00:00,6610.0
2014-09-18 22:00:00,6054.0
2014-09-18 23:00:00,4907.0
2014-09-19 00:00:00,4046.0
2014-09-19 01:00:00,3957.0
2014-09-19 02:00:00,3579.0
2014-09-19 03:00:00,3714.0
2014-09-19 04:00:00,3566.0
2014-09-19 05:00:00,2483.0
2014-09-19 06:00:00,2387.0
2014-09-19 07:00:00,3869.0
2014-09-19 08:00:00,3994.0
2014-09-19 09:00:00,5610.0
2014-09-19 10:00:00,5891.0
2014-09-19 11:00:00,5831.0
2014-09-19 12:00:00,5743.0
2014-09-19 13:00:00,6239.0
2014-09-19 14:00:00,6031.0
2014-09-19 15:00:00,6180.0
2014-09-19 16:00:00,6483.0
2014-09-19 17:00:00,6950.0
2014-09-19 18:00:00,7328.0
2014-09-19 19:00:00,6603.0
2014-09-19 20:00:00,6810.0
2014-09-19 21:00:00,6520.0
2014-09-19 22:00:00,6188.0
2014-09-19 23:00:00,4816.0
2014-09-20 00:00:00,3366.0
2014-09-20 01:00:00,3320.0
2014-09-20 02:00:00,3172.0
2014-09-20 03:00:00,3239.0
2014-09-20 04:00:00,2684.0
2014-09-20 05:00:00,2676.0
2014-09-20 06:00:00,2544.0
2014-09-20 07:00:00,4320.0
2014-09-20 08:00:00,4817.0
2014-09-20 09:00:00,5668.0
2014-09-20 10:00:00,6284.0
2014-09-20 11:00:00,6780.0
2014-09-20 12:00:00,6743.0
2014-09-20 13:00:00,6490.0
2014-09-20 14:00:00,6498.0
2014-09-20 15:00:00,6417.0
2014-09-20 16:00:00,6698.0
2014-09-20 17:00:00,6884.0
2014-09-20 18:00:00,6624.0
2014-09-20 19:00:00,6765.0
2014-09-20 20:00:00,7069.0
2014-09-20 21:00:00,6861.0
2014-09-20 22:00:00,6105.0
2014-09-20 23:00:00,5624.0
2014-09-21 00:00:00,4490.0
2014-09-21 01:00:00,4210.0
2014-09-21 02:00:00,4099.0
2014-09-21 03:00:00,4305.0
2014-09-21 04:00:00,4165.0
2014-09-21 05:00:00,4098.0
2014-09-21 06:00:00,2972.0
2014-09-21 07:00:00,4231.0
2014-09-21 08:00:00,4757.0
2014-09-21 09:00:00,5647.0
2014-09-21 10:00:00,6210.0
2014-09-21 11:00:00,6654.0
2014-09-21 12:00:00,6743.0
2014-09-21 13:00:00,6543.0
2014-09-21 14:00:00,6106.0
2014-09-21 15:00:00,6802.0
2014-09-21 16:00:00,6713.0
2014-09-21 17:00:00,6913.0
2014-09-21 18:00:00,6928.0
2014-09-21 19:00:00,6868.0
2014-09-21 20:00:00,6780.0
2014-09-21 21:00:00,6631.0
2014-09-21 22:00:00,6187.0
2014-09-21 23:00:00,5032.0
2014-09-22 00:00:00,4180.0
2014-09-22 01:00:00,4143.0
2014-09-22 02:00:00,4031.0
2014-09-22 03:00:00,4313.0
2014-09-22 04:00:00,4106.0
2014-09-22 05:00:00,4136.0
2014-09-22 06:00:00,2846.0
2014-09-22 07:00:00,4261.0
2014-09-22 08:00:00,4084.0
2014-09-22 09:00:00,5328.0
2014-09-22 10:00:00,6128.0
2014-09-22 11:00:00,6579.0
2014-09-22 12:00:00,6121.0
2014-09-22 13:00:00,6046.0
2014-09-22 14:00:00,6098.0
2014-09-22 15:00:00,6254.0
2014-09-22 16:00:00,6527.0
2014-09-22 17:00:00,6542.0
2014-09-22 18:00:00,6047.0
2014-09-22 19:00:00,6573.0
2014-09-22 20:00:00,6379.0
2014-09-22 21:00:00,6313.0
2014-09-22 22:00:00,6262.0
2014-09-22 23:00:00,5129.0
2014-09-23 00:00:00,3929.0
2014-09-23 01:00:00,4076.0
2014-09-23 02:00:00,4025.0
2014-09-23 03:00:00,4276.0
2014-09-23 04:00:00,4105.0
2014-09-23 05:00:00,2647.0
2014-09-23 06:00:00,2491.0
2014-09-23 07:00:00,4173.0
2014-09-23 08:00:00,4477.0
2014-09-23 09:00:00,5854.0
2014-09-23 10:00:00,6172.0
2014-09-23 11:00:00,6587.0
2014-09-23 12:00:00,6550.0
2014-09-23 13:00:00,6580.0
2014-09-23 14:00:00,6171.0
2014-09-23 15:00:00,6313.0
2014-09-23 16:00:00,6587.0
2014-09-23 17:00:00,6972.0
2014-09-23 18:00:00,6758.0
2014-09-23 19:00:00,6683.0
2014-09-23 20:00:00,6757.0
2014-09-23 21:00:00,6446.0
2014-09-23 22:00:00,6151.0
2014-09-23 23:00:00,5180.0
2014-09-24 00:00:00,3120.0
2014-09-24 01:00:00,2654.0
2014-09-24 02:00:00,2484.0
2014-09-24 03:00:00,2743.0
2014-09-24 04:00:00,2520.0
2014-09-24 05:00:00,2513.0
2014-09-24 06:00:00,2410.0
2014-09-24 07:00:00,3943.0
2014-09-24 08:00:00,4128.0
2014-09-24 09:00:00,5579.0
2014-09-24 10:00:00,6217.0
2014-09-24 11:00:00,6646.0
2014-09-24 12:00:00,6556.0
2014-09-24 13:00:00,6528.0
2014-09-24 14:00:00,6313.0
2014-09-24 15:00:00,6410.0
2014-09-24 16:00:00,6646.0
2014-09-24 17:00:00,6935.0
2014-09-24 18:00:00,6691.0
2014-09-24 19:00:00,6638.0
2014-09-24 20:00:00,6683.0
2014-09-24 21:00:00,6520.0
2014-09-24 22:00:00,6075.0
2014-09-24 23:00:00,5150.0
2014-09-25 00:00:00,3847.0
2014-09-25 01:00:00,2994.0
2014-09-25 02:00:00,2447.0
2014-09-25 03:00:00,2787.0
2014-09-25 04:00:00,2595.0
2014-09-25 05:00:00,2505.0
2014-09-25 06:00:00,2394.0
2014-09-25 07:00:00,4202.0
2014-09-25 08:00:00,4401.0
2014-09-25 09:00:00,5408.0
2014-09-25 10:00:00,5542.0
2014-09-25 11:00:00,6410.0
2014-09-25 12:00:00,6305.0
2014-09-25 13:00:00,6536.0
2014-09-25 14:00:00,6580.0
2014-09-25 15:00:00,6958.0
2014-09-25 16:00:00,6936.0
2014-09-25 17:00:00,7090.0
2014-09-25 18:00:00,7024.0
2014-09-25 19:00:00,6765.0
2014-09-25 20:00:00,7142.0
2014-09-25 21:00:00,7024.0
2014-09-25 22:00:00,6335.0
2014-09-25 23:00:00,5127.0
2014-09-26 00:00:00,3254.0
2014-09-26 01:00:00,3705.0
2014-09-26 02:00:00,3750.0
2014-09-26 03:00:00,3314.0
2014-09-26 04:00:00,2521.0
2014-09-26 05:00:00,2439.0
2014-09-26 06:00:00,2335.0
2014-09-26 07:00:00,3920.0
2014-09-26 08:00:00,4261.0
2014-09-26 09:00:00,5462.0
2014-09-26 10:00:00,6284.0
2014-09-26 11:00:00,6713.0
2014-09-26 12:00:00,6861.0
2014-09-26 13:00:00,6587.0
2014-09-26 14:00:00,6588.0
2014-09-26 15:00:00,6964.0
2014-09-26 16:00:00,7586.0
2014-09-26 17:00:00,6950.0
2014-09-26 18:00:00,7024.0
2014-09-26 19:00:00,7075.0
2014-09-26 20:00:00,6854.0
2014-09-26 21:00:00,6580.0
2014-09-26 22:00:00,6187.0
2014-09-26 23:00:00,5217.0
2014-09-27 00:00:00,3824.0
2014-09-27 01:00:00,4195.0
2014-09-27 02:00:00,3403.0
2014-09-27 03:00:00,3542.0
2014-09-27 04:00:00,3209.0
2014-09-27 05:00:00,3186.0
2014-09-27 06:00:00,2734.0
2014-09-27 07:00:00,4157.0
2014-09-27 08:00:00,4550.0
2014-09-27 09:00:00,5558.0
2014-09-27 10:00:00,6084.0
2014-09-27 11:00:00,6416.0
2014-09-27 12:00:00,5825.0
2014-09-27 13:00:00,6053.0
2014-09-27 14:00:00,5994.0
2014-09-27 15:00:00,6099.0
2014-09-27 16:00:00,6009.0
2014-09-27 17:00:00,6150.0
2014-09-27 18:00:00,6144.0
2014-09-27 19:00:00,6128.0
2014-09-27 20:00:00,6291.0
2014-09-27 21:00:00,6298.0
2014-09-27 22:00:00,5876.0
2014-09-27 23:00:00,4860.0
2014-09-28 00:00:00,3262.0
2014-09-28 01:00:00,2765.0
2014-09-28 02:00:00,2440.0
2014-09-28 03:00:00,2483.0
2014-09-28 04:00:00,2394.0
2014-09-28 05:00:00,2364.0
2014-09-28 06:00:00,2291.0
2014-09-28 07:00:00,4032.0
2014-09-28 08:00:00,4269.0
2014-09-28 09:00:00,5616.0
2014-09-28 10:00:00,5758.0
2014-09-28 11:00:00,6387.0
2014-09-28 12:00:00,6483.0
2014-09-28 13:00:00,6535.0
2014-09-28 14:00:00,6077.0
2014-09-28 15:00:00,6327.0
2014-09-28 16:00:00,6543.0
2014-09-28 17:00:00,6847.0
2014-09-28 18:00:00,6357.0
2014-09-28 19:00:00,6446.0
2014-09-28 20:00:00,6260.0
2014-09-28 21:00:00,6343.0
2014-09-28 22:00:00,6002.0
2014-09-28 23:00:00,4780.0
2014-09-29 00:00:00,3446.0
2014-09-29 01:00:00,3483.0
2014-09-29 02:00:00,3439.0
2014-09-29 03:00:00,3320.0
2014-09-29 04:00:00,2513.0
2014-09-29 05:00:00,2447.0
2014-09-29 06:00:00,2328.0
2014-09-29 07:00:00,4017.0
2014-09-29 08:00:00,4454.0
2014-09-29 09:00:00,5861.0
2014-09-29 10:00:00,6099.0
2014-09-29 11:00:00,6720.0
2014-09-29 12:00:00,6653.0
2014-09-29 13:00:00,6417.0
2014-09-29 14:00:00,6402.0
2014-09-29 15:00:00,6498.0
2014-09-29 16:00:00,6394.0
2014-09-29 17:00:00,6839.0
2014-09-29 18:00:00,6766.0
2014-09-29 19:00:00,6542.0
2014-09-29 20:00:00,6632.0
2014-09-29 21:00:00,6290.0
2014-09-29 22:00:00,6068.0
2014-09-29 23:00:00,4898.0
2014-09-30 00:00:00,3017.0
2014-09-30 01:00:00,2824.0
2014-09-30 02:00:00,2809.0
2014-09-30 03:00:00,2425.0
2014-09-30 04:00:00,2328.0
2014-09-30 05:00:00,2335.0
2014-09-30 06:00:00,2202.0
2014-09-30 07:00:00,3847.0
2014-09-30 08:00:00,2771.0
2014-09-30 09:00:00,5401.0
2014-09-30 10:00:00,5735.0
2014-09-30 11:00:00,6357.0
2014-09-30 12:00:00,6247.0
2014-09-30 13:00:00,6224.0
2014-09-30 14:00:00,6076.0
2014-09-30 15:00:00,6268.0
2014-09-30 16:00:00,6128.0
2014-09-30 17:00:00,6742.0
2014-09-30 18:00:00,6735.0
2014-09-30 19:00:00,6344.0
2014-09-30 20:00:00,6572.0
2014-09-30 21:00:00,6395.0
2014-09-30 22:00:00,6105.0
2014-09-30 23:00:00,4596.0
2014-10-01 00:00:00,3061.0
2014-10-01 01:00:00,2950.0
2014-10-01 02:00:00,2298.0
2014-10-01 03:00:00,2335.0
2014-10-01 04:00:00,2276.0
2014-10-01 05:00:00,2290.0
2014-10-01 06:00:00,2158.0
2014-10-01 07:00:00,3973.0
2014-10-01 08:00:00,4069.0
2014-10-01 09:00:00,5757.0
2014-10-01 10:00:00,5810.0
2014-10-01 11:00:00,6276.0
2014-10-01 12:00:00,6195.0
2014-10-01 13:00:00,6291.0
2014-10-01 14:00:00,6195.0
2014-10-01 15:00:00,6498.0
2014-10-01 16:00:00,6721.0
2014-10-01 17:00:00,7187.0
2014-10-01 18:00:00,7239.0
2014-10-01 19:00:00,7290.0
2014-10-01 20:00:00,7113.0
2014-10-01 21:00:00,7254.0
2014-10-01 22:00:00,6394.0
2014-10-01 23:00:00,4853.0
2014-10-02 00:00:00,3031.0
2014-10-02 01:00:00,2721.0
2014-10-02 02:00:00,2535.0
2014-10-02 03:00:00,2543.0
2014-10-02 04:00:00,2476.0
2014-10-02 05:00:00,2439.0
2014-10-02 06:00:00,2343.0
2014-10-02 07:00:00,4091.0
2014-10-02 08:00:00,4364.0
2014-10-02 09:00:00,5446.0
2014-10-02 10:00:00,6017.0
2014-10-02 11:00:00,6343.0
2014-10-02 12:00:00,6187.0
2014-10-02 13:00:00,6061.0
2014-10-02 14:00:00,6151.0
2014-10-02 15:00:00,6409.0
2014-10-02 16:00:00,6499.0
2014-10-02 17:00:00,6787.0
2014-10-02 18:00:00,6550.0
2014-10-02 19:00:00,6943.0
2014-10-02 20:00:00,6928.0
2014-10-02 21:00:00,7018.0
2014-10-02 22:00:00,6298.0
2014-10-02 23:00:00,5114.0
2014-10-03 00:00:00,3172.0
2014-10-03 01:00:00,2772.0
2014-10-03 02:00:00,2551.0
2014-10-03 03:00:00,2550.0
2014-10-03 04:00:00,2454.0
2014-10-03 05:00:00,2446.0
2014-10-03 06:00:00,2364.0
2014-10-03 07:00:00,4069.0
2014-10-03 08:00:00,4381.0
2014-10-03 09:00:00,5535.0
2014-10-03 10:00:00,6557.0
2014-10-03 11:00:00,6943.0
2014-10-03 12:00:00,6935.0
2014-10-03 13:00:00,6927.0
2014-10-03 14:00:00,6825.0
2014-10-03 15:00:00,7002.0
2014-10-03 16:00:00,6846.0
2014-10-03 17:00:00,7276.0
2014-10-03 18:00:00,7149.0
2014-10-03 19:00:00,7476.0
2014-10-03 20:00:00,7298.0
2014-10-03 21:00:00,7239.0
2014-10-03 22:00:00,6490.0
2014-10-03 23:00:00,4928.0
2014-10-04 00:00:00,3105.0
2014-10-04 01:00:00,2861.0
2014-10-04 02:00:00,2624.0
2014-10-04 03:00:00,2580.0
2014-10-04 04:00:00,2469.0
2014-10-04 05:00:00,2476.0
2014-10-04 06:00:00,2335.0
2014-10-04 07:00:00,4136.0
2014-10-04 08:00:00,4542.0
2014-10-04 09:00:00,5572.0
2014-10-04 10:00:00,5951.0
2014-10-04 11:00:00,6276.0
2014-10-04 12:00:00,6298.0
2014-10-04 13:00:00,6121.0
2014-10-04 14:00:00,6001.0
2014-10-04 15:00:00,6025.0
2014-10-04 16:00:00,5899.0
2014-10-04 17:00:00,6075.0
2014-10-04 18:00:00,6061.0
2014-10-04 19:00:00,6521.0
2014-10-04 20:00:00,6380.0
2014-10-04 21:00:00,6098.0
2014-10-04 22:00:00,5631.0
2014-10-04 23:00:00,4543.0
2014-10-05 00:00:00,3016.0
2014-10-05 01:00:00,2631.0
2014-10-05 02:00:00,2528.0
2014-10-05 03:00:00,2468.0
2014-10-05 04:00:00,2424.0
2014-10-05 05:00:00,2358.0
2014-10-05 06:00:00,2216.0
2014-10-05 07:00:00,4224.0
2014-10-05 08:00:00,4432.0
2014-10-05 09:00:00,5431.0
2014-10-05 10:00:00,5920.0
2014-10-05 11:00:00,5979.0
2014-10-05 12:00:00,5876.0
2014-10-05 13:00:00,5594.0
2014-10-05 14:00:00,5491.0
2014-10-05 15:00:00,5646.0
2014-10-05 16:00:00,5654.0
2014-10-05 17:00:00,6187.0
2014-10-05 18:00:00,5476.0
2014-10-05 19:00:00,5832.0
2014-10-05 20:00:00,5728.0
2014-10-05 21:00:00,5765.0
2014-10-05 22:00:00,5640.0
2014-10-05 23:00:00,4290.0
2014-10-06 00:00:00,2891.0
2014-10-06 01:00:00,2438.0
2014-10-06 02:00:00,2239.0
2014-10-06 03:00:00,2231.0
2014-10-06 04:00:00,2128.0
2014-10-06 05:00:00,2164.0
2014-10-06 06:00:00,2069.0
2014-10-06 07:00:00,3757.0
2014-10-06 08:00:00,4372.0
2014-10-06 09:00:00,5483.0
2014-10-06 10:00:00,5483.0
2014-10-06 11:00:00,6321.0
2014-10-06 12:00:00,5825.0
2014-10-06 13:00:00,5773.0
2014-10-06 14:00:00,5684.0
2014-10-06 15:00:00,5980.0
2014-10-06 16:00:00,5988.0
2014-10-06 17:00:00,6253.0
2014-10-06 18:00:00,6009.0
2014-10-06 19:00:00,6424.0
2014-10-06 20:00:00,6306.0
2014-10-06 21:00:00,6180.0
2014-10-06 22:00:00,6075.0
2014-10-06 23:00:00,5239.0
2014-10-07 00:00:00,4105.0
2014-10-07 01:00:00,4150.0
2014-10-07 02:00:00,3825.0
2014-10-07 03:00:00,2536.0
2014-10-07 04:00:00,2410.0
2014-10-07 05:00:00,2424.0
2014-10-07 06:00:00,2260.0
2014-10-07 07:00:00,4091.0
2014-10-07 08:00:00,4216.0
2014-10-07 09:00:00,5313.0
2014-10-07 10:00:00,5587.0
2014-10-07 11:00:00,5810.0
2014-10-07 12:00:00,5772.0
2014-10-07 13:00:00,5728.0
2014-10-07 14:00:00,5601.0
2014-10-07 15:00:00,5683.0
2014-10-07 16:00:00,5809.0
2014-10-07 17:00:00,6128.0
2014-10-07 18:00:00,6061.0
2014-10-07 19:00:00,6239.0
2014-10-07 20:00:00,6305.0
2014-10-07 21:00:00,6462.0
2014-10-07 22:00:00,5912.0
2014-10-07 23:00:00,4772.0
2014-10-08 00:00:00,3106.0
2014-10-08 01:00:00,2639.0
2014-10-08 02:00:00,2528.0
2014-10-08 03:00:00,2513.0
2014-10-08 04:00:00,2484.0
2014-10-08 05:00:00,2409.0
2014-10-08 06:00:00,2356.0
2014-10-08 07:00:00,3928.0
2014-10-08 08:00:00,4751.0
2014-10-08 09:00:00,5742.0
2014-10-08 10:00:00,5780.0
2014-10-08 11:00:00,5773.0
2014-10-08 12:00:00,6009.0
2014-10-08 13:00:00,5816.0
2014-10-08 14:00:00,5884.0
2014-10-08 15:00:00,5863.0
2014-10-08 16:00:00,6313.0
2014-10-08 17:00:00,6595.0
2014-10-08 18:00:00,6446.0
2014-10-08 19:00:00,6847.0
2014-10-08 20:00:00,6595.0
2014-10-08 21:00:00,6794.0
2014-10-08 22:00:00,6000.0
2014-10-08 23:00:00,5069.0
2014-10-09 00:00:00,3105.0
2014-10-09 01:00:00,2729.0
2014-10-09 02:00:00,2520.0
2014-10-09 03:00:00,2432.0
2014-10-09 04:00:00,2320.0
2014-10-09 05:00:00,2335.0
2014-10-09 06:00:00,2276.0
2014-10-09 07:00:00,4069.0
2014-10-09 08:00:00,4527.0
2014-10-09 09:00:00,5336.0
2014-10-09 10:00:00,5497.0
2014-10-09 11:00:00,5706.0
2014-10-09 12:00:00,5423.0
2014-10-09 13:00:00,5750.0
2014-10-09 14:00:00,5802.0
2014-10-09 15:00:00,5787.0
2014-10-09 16:00:00,5869.0
2014-10-09 17:00:00,6268.0
2014-10-09 18:00:00,5699.0
2014-10-09 19:00:00,6351.0
2014-10-09 20:00:00,6083.0
2014-10-09 21:00:00,6106.0
2014-10-09 22:00:00,5706.0
2014-10-09 23:00:00,4498.0
2014-10-10 00:00:00,2839.0
2014-10-10 01:00:00,2454.0
2014-10-10 02:00:00,2328.0
2014-10-10 03:00:00,2283.0
2014-10-10 04:00:00,2195.0
2014-10-10 05:00:00,2164.0
2014-10-10 06:00:00,2127.0
2014-10-10 07:00:00,3742.0
2014-10-10 08:00:00,4720.0
2014-10-10 09:00:00,5224.0
2014-10-10 10:00:00,5729.0
2014-10-10 11:00:00,5950.0
2014-10-10 12:00:00,5973.0
2014-10-10 13:00:00,5653.0
2014-10-10 14:00:00,5713.0
2014-10-10 15:00:00,6209.0
2014-10-10 16:00:00,6187.0
2014-10-10 17:00:00,6736.0
2014-10-10 18:00:00,6490.0
2014-10-10 19:00:00,6492.0
2014-10-10 20:00:00,6194.0
2014-10-10 21:00:00,6084.0
2014-10-10 22:00:00,5816.0
2014-10-10 23:00:00,4713.0
2014-10-11 00:00:00,3032.0
2014-10-11 01:00:00,2684.0
2014-10-11 02:00:00,2357.0
2014-10-11 03:00:00,2335.0
2014-10-11 04:00:00,2165.0
2014-10-11 05:00:00,2209.0
2014-10-11 06:00:00,2068.0
2014-10-11 07:00:00,4186.0
2014-10-11 08:00:00,4662.0
2014-10-11 09:00:00,5639.0
2014-10-11 10:00:00,5861.0
2014-10-11 11:00:00,5758.0
2014-10-11 12:00:00,5818.0
2014-10-11 13:00:00,5869.0
2014-10-11 14:00:00,5736.0
2014-10-11 15:00:00,5980.0
2014-10-11 16:00:00,6380.0
2014-10-11 17:00:00,6284.0
2014-10-11 18:00:00,6364.0
2014-10-11 19:00:00,6579.0
2014-10-11 20:00:00,6194.0
2014-10-11 21:00:00,6262.0
2014-10-11 22:00:00,5958.0
2014-10-11 23:00:00,4906.0
2014-10-12 00:00:00,3039.0
2014-10-12 01:00:00,2580.0
2014-10-12 02:00:00,2402.0
2014-10-12 03:00:00,2335.0
2014-10-12 04:00:00,2275.0
2014-10-12 05:00:00,2320.0
2014-10-12 06:00:00,2135.0
2014-10-12 07:00:00,4180.0
2014-10-12 08:00:00,4401.0
2014-10-12 09:00:00,5061.0
2014-10-12 10:00:00,5431.0
2014-10-12 11:00:00,5469.0
2014-10-12 12:00:00,5194.0
2014-10-12 13:00:00,5298.0
2014-10-12 14:00:00,5098.0
2014-10-12 15:00:00,5239.0
2014-10-12 16:00:00,5321.0
2014-10-12 17:00:00,5551.0
2014-10-12 18:00:00,5217.0
2014-10-12 19:00:00,5736.0
2014-10-12 20:00:00,5706.0
2014-10-12 21:00:00,5742.0
2014-10-12 22:00:00,5024.0
2014-10-12 23:00:00,4543.0
2014-10-13 00:00:00,2713.0
2014-10-13 01:00:00,2380.0
2014-10-13 02:00:00,2217.0
2014-10-13 03:00:00,2143.0
2014-10-13 04:00:00,2106.0
2014-10-13 05:00:00,2091.0
2014-10-13 06:00:00,2083.0
2014-10-13 07:00:00,3669.0
2014-10-13 08:00:00,3677.0
2014-10-13 09:00:00,4959.0
2014-10-13 10:00:00,5195.0
2014-10-13 11:00:00,5357.0
2014-10-13 12:00:00,5090.0
2014-10-13 13:00:00,5424.0
2014-10-13 14:00:00,5151.0
2014-10-13 15:00:00,5084.0
2014-10-13 16:00:00,5357.0
2014-10-13 17:00:00,5521.0
2014-10-13 18:00:00,5461.0
2014-10-13 19:00:00,5765.0
2014-10-13 20:00:00,5766.0
2014-10-13 21:00:00,5816.0
2014-10-13 22:00:00,5565.0
2014-10-13 23:00:00,4735.0
2014-10-14 00:00:00,3758.0
2014-10-14 01:00:00,3838.0
2014-10-14 02:00:00,3779.0
2014-10-14 03:00:00,3054.0
2014-10-14 04:00:00,2336.0
2014-10-14 05:00:00,2291.0
2014-10-14 06:00:00,2165.0
2014-10-14 07:00:00,3854.0
2014-10-14 08:00:00,4136.0
2014-10-14 09:00:00,4921.0
2014-10-14 10:00:00,5299.0
2014-10-14 11:00:00,5817.0
2014-10-14 12:00:00,5765.0
2014-10-14 13:00:00,5313.0
2014-10-14 14:00:00,5327.0
2014-10-14 15:00:00,5225.0
2014-10-14 16:00:00,5417.0
2014-10-14 17:00:00,5839.0
2014-10-14 18:00:00,5773.0
2014-10-14 19:00:00,5883.0
2014-10-14 20:00:00,5794.0
2014-10-14 21:00:00,5780.0
2014-10-14 22:00:00,5580.0
2014-10-14 23:00:00,4491.0
2014-10-15 00:00:00,2624.0
2014-10-15 01:00:00,2506.0
2014-10-15 02:00:00,2350.0
2014-10-15 03:00:00,2336.0
2014-10-15 04:00:00,2305.0
2014-10-15 05:00:00,2290.0
2014-10-15 06:00:00,2120.0
2014-10-15 07:00:00,4076.0
2014-10-15 08:00:00,4587.0
2014-10-15 09:00:00,5365.0
2014-10-15 10:00:00,5491.0
2014-10-15 11:00:00,5795.0
2014-10-15 12:00:00,5898.0
2014-10-15 13:00:00,5765.0
2014-10-15 14:00:00,5610.0
2014-10-15 15:00:00,5795.0
2014-10-15 16:00:00,5372.0
2014-10-15 17:00:00,6217.0
2014-10-15 18:00:00,5706.0
2014-10-15 19:00:00,5988.0
2014-10-15 20:00:00,6127.0
2014-10-15 21:00:00,6092.0
2014-10-15 22:00:00,5713.0
2014-10-15 23:00:00,4601.0
2014-10-16 00:00:00,2743.0
2014-10-16 01:00:00,2647.0
2014-10-16 02:00:00,2476.0
2014-10-16 03:00:00,2476.0
2014-10-16 04:00:00,2423.0
2014-10-16 05:00:00,2424.0
2014-10-16 06:00:00,2335.0
2014-10-16 07:00:00,4003.0
2014-10-16 08:00:00,4387.0
2014-10-16 09:00:00,5173.0
2014-10-16 10:00:00,5498.0
2014-10-16 11:00:00,6165.0
2014-10-16 12:00:00,6113.0
2014-10-16 13:00:00,5780.0
2014-10-16 14:00:00,5639.0
2014-10-16 15:00:00,5773.0
2014-10-16 16:00:00,6106.0
2014-10-16 17:00:00,6683.0
2014-10-16 18:00:00,6240.0
2014-10-16 19:00:00,6617.0
2014-10-16 20:00:00,6447.0
2014-10-16 21:00:00,6336.0
2014-10-16 22:00:00,5921.0
2014-10-16 23:00:00,5283.0
2014-10-17 00:00:00,4483.0
2014-10-17 01:00:00,4127.0
2014-10-17 02:00:00,2609.0
2014-10-17 03:00:00,2558.0
2014-10-17 04:00:00,2476.0
2014-10-17 05:00:00,2468.0
2014-10-17 06:00:00,2238.0
2014-10-17 07:00:00,4024.0
2014-10-17 08:00:00,4535.0
2014-10-17 09:00:00,5631.0
2014-10-17 10:00:00,6179.0
2014-10-17 11:00:00,6572.0
2014-10-17 12:00:00,6721.0
2014-10-17 13:00:00,6394.0
2014-10-17 14:00:00,6550.0
2014-10-17 15:00:00,6594.0
2014-10-17 16:00:00,6720.0
2014-10-17 17:00:00,6661.0
2014-10-17 18:00:00,6853.0
2014-10-17 19:00:00,6780.0
2014-10-17 20:00:00,6980.0
2014-10-17 21:00:00,6588.0
2014-10-17 22:00:00,6002.0
2014-10-17 23:00:00,5083.0
2014-10-18 00:00:00,2809.0
2014-10-18 01:00:00,2676.0
2014-10-18 02:00:00,2535.0
2014-10-18 03:00:00,2536.0
2014-10-18 04:00:00,2506.0
2014-10-18 05:00:00,2432.0
2014-10-18 06:00:00,2372.0
2014-10-18 07:00:00,4068.0
2014-10-18 08:00:00,4736.0
2014-10-18 09:00:00,5461.0
2014-10-18 10:00:00,6062.0
2014-10-18 11:00:00,6824.0
2014-10-18 12:00:00,6787.0
2014-10-18 13:00:00,6735.0
2014-10-18 14:00:00,6305.0
2014-10-18 15:00:00,6225.0
2014-10-18 16:00:00,6646.0
2014-10-18 17:00:00,6698.0
2014-10-18 18:00:00,6387.0
2014-10-18 19:00:00,6979.0
2014-10-18 20:00:00,6825.0
2014-10-18 21:00:00,6202.0
2014-10-18 22:00:00,5713.0
2014-10-18 23:00:00,4587.0
2014-10-19 00:00:00,3018.0
2014-10-19 01:00:00,2595.0
2014-10-19 02:00:00,2446.0
2014-10-19 03:00:00,2483.0
2014-10-19 04:00:00,2379.0
2014-10-19 05:00:00,2319.0
2014-10-19 06:00:00,2290.0
2014-10-19 07:00:00,3534.0
2014-10-19 08:00:00,4224.0
2014-10-19 09:00:00,5483.0
2014-10-19 10:00:00,6202.0
2014-10-19 11:00:00,6676.0
2014-10-19 12:00:00,6520.0
2014-10-19 13:00:00,6877.0
2014-10-19 14:00:00,6831.0
2014-10-19 15:00:00,6854.0
2014-10-19 16:00:00,6691.0
2014-10-19 17:00:00,7135.0
2014-10-19 18:00:00,7075.0
2014-10-19 19:00:00,7298.0
2014-10-19 20:00:00,7008.0
2014-10-19 21:00:00,6891.0
2014-10-19 22:00:00,6143.0
2014-10-19 23:00:00,4810.0
2014-10-20 00:00:00,3209.0
2014-10-20 01:00:00,2661.0
2014-10-20 02:00:00,2498.0
2014-10-20 03:00:00,2484.0
2014-10-20 04:00:00,2394.0
2014-10-20 05:00:00,2364.0
2014-10-20 06:00:00,2312.0
2014-10-20 07:00:00,3950.0
2014-10-20 08:00:00,4157.0
2014-10-20 09:00:00,5394.0
2014-10-20 10:00:00,5513.0
2014-10-20 11:00:00,5957.0
2014-10-20 12:00:00,5906.0
2014-10-20 13:00:00,5749.0
2014-10-20 14:00:00,5979.0
2014-10-20 15:00:00,6476.0
2014-10-20 16:00:00,6565.0
2014-10-20 17:00:00,7113.0
2014-10-20 18:00:00,6854.0
2014-10-20 19:00:00,7261.0
2014-10-20 20:00:00,6913.0
2014-10-20 21:00:00,6713.0
2014-10-20 22:00:00,6217.0
2014-10-20 23:00:00,5335.0
2014-10-21 00:00:00,4469.0
2014-10-21 01:00:00,4261.0
2014-10-21 02:00:00,3987.0
2014-10-21 03:00:00,3965.0
2014-10-21 04:00:00,3964.0
2014-10-21 05:00:00,3957.0
2014-10-21 06:00:00,3825.0
2014-10-21 07:00:00,5350.0
2014-10-21 08:00:00,4847.0
2014-10-21 09:00:00,5550.0
2014-10-21 10:00:00,5883.0
2014-10-21 11:00:00,6403.0
2014-10-21 12:00:00,6372.0
2014-10-21 13:00:00,6506.0
2014-10-21 14:00:00,6425.0
2014-10-21 15:00:00,6595.0
2014-10-21 16:00:00,6705.0
2014-10-21 17:00:00,7210.0
2014-10-21 18:00:00,6654.0
2014-10-21 19:00:00,6883.0
2014-10-21 20:00:00,6802.0
2014-10-21 21:00:00,6662.0
2014-10-21 22:00:00,5980.0
2014-10-21 23:00:00,4691.0
2014-10-22 00:00:00,3031.0
2014-10-22 01:00:00,2736.0
2014-10-22 02:00:00,2513.0
2014-10-22 03:00:00,2551.0
2014-10-22 04:00:00,2453.0
2014-10-22 05:00:00,2498.0
2014-10-22 06:00:00,2372.0
2014-10-22 07:00:00,4135.0
2014-10-22 08:00:00,4557.0
2014-10-22 09:00:00,5506.0
2014-10-22 10:00:00,5817.0
2014-10-22 11:00:00,6401.0
2014-10-22 12:00:00,6120.0
2014-10-22 13:00:00,6305.0
2014-10-22 14:00:00,6379.0
2014-10-22 15:00:00,6424.0
2014-10-22 16:00:00,6706.0
2014-10-22 17:00:00,7076.0
2014-10-22 18:00:00,6750.0
2014-10-22 19:00:00,7017.0
2014-10-22 20:00:00,6965.0
2014-10-22 21:00:00,6854.0
2014-10-22 22:00:00,6010.0
2014-10-22 23:00:00,4676.0
2014-10-23 00:00:00,2994.0
2014-10-23 01:00:00,2698.0
2014-10-23 02:00:00,2483.0
2014-10-23 03:00:00,2468.0
2014-10-23 04:00:00,2410.0
2014-10-23 05:00:00,2357.0
2014-10-23 06:00:00,2312.0
2014-10-23 07:00:00,4002.0
2014-10-23 08:00:00,4595.0
2014-10-23 09:00:00,5551.0
2014-10-23 10:00:00,5758.0
2014-10-23 11:00:00,5957.0
2014-10-23 12:00:00,6432.0
2014-10-23 13:00:00,6432.0
2014-10-23 14:00:00,6172.0
2014-10-23 15:00:00,6373.0
2014-10-23 16:00:00,6239.0
2014-10-23 17:00:00,6661.0
2014-10-23 18:00:00,6714.0
2014-10-23 19:00:00,6988.0
2014-10-23 20:00:00,6588.0
2014-10-23 21:00:00,6158.0
2014-10-23 22:00:00,5639.0
2014-10-23 23:00:00,4579.0
2014-10-24 00:00:00,3061.0
2014-10-24 01:00:00,2706.0
2014-10-24 02:00:00,2327.0
2014-10-24 03:00:00,2386.0
2014-10-24 04:00:00,2260.0
2014-10-24 05:00:00,2268.0
2014-10-24 06:00:00,2172.0
2014-10-24 07:00:00,3750.0
2014-10-24 08:00:00,4231.0
2014-10-24 09:00:00,5054.0
2014-10-24 10:00:00,5929.0
2014-10-24 11:00:00,6128.0
2014-10-24 12:00:00,6261.0
2014-10-24 13:00:00,6239.0
2014-10-24 14:00:00,6017.0
2014-10-24 15:00:00,6372.0
2014-10-24 16:00:00,6432.0
2014-10-24 17:00:00,6758.0
2014-10-24 18:00:00,6676.0
2014-10-24 19:00:00,6957.0
2014-10-24 20:00:00,6840.0
2014-10-24 21:00:00,6498.0
2014-10-24 22:00:00,6083.0
2014-10-24 23:00:00,4890.0
2014-10-25 00:00:00,3646.0
2014-10-25 01:00:00,3409.0
2014-10-25 02:00:00,3098.0
2014-10-25 03:00:00,2557.0
2014-10-25 04:00:00,2357.0
2014-10-25 05:00:00,2313.0
2014-10-25 06:00:00,2254.0
2014-10-25 07:00:00,3795.0
2014-10-25 08:00:00,4320.0
2014-10-25 09:00:00,5498.0
2014-10-25 10:00:00,5691.0
2014-10-25 11:00:00,6603.0
2014-10-25 12:00:00,6202.0
2014-10-25 13:00:00,6292.0
2014-10-25 14:00:00,5949.0
2014-10-25 15:00:00,6046.0
2014-10-25 16:00:00,6254.0
2014-10-25 17:00:00,6691.0
2014-10-25 18:00:00,6802.0
2014-10-25 19:00:00,6934.0
2014-10-25 20:00:00,6958.0
2014-10-25 21:00:00,6268.0
2014-10-25 22:00:00,5824.0
2014-10-25 23:00:00,4794.0
2014-10-26 00:00:00,3106.0
2014-10-26 01:00:00,5298.0
2014-10-26 02:00:00,2291.0
2014-10-26 03:00:00,2350.0
2014-10-26 04:00:00,2261.0
2014-10-26 05:00:00,2253.0
2014-10-26 06:00:00,2209.0
2014-10-26 07:00:00,4121.0
2014-10-26 08:00:00,4298.0
2014-10-26 09:00:00,5440.0
2014-10-26 10:00:00,5506.0
2014-10-26 11:00:00,6158.0
2014-10-26 12:00:00,6017.0
2014-10-26 13:00:00,5927.0
2014-10-26 14:00:00,5921.0
2014-10-26 15:00:00,5846.0
2014-10-26 16:00:00,6076.0
2014-10-26 17:00:00,6164.0
2014-10-26 18:00:00,6320.0
2014-10-26 19:00:00,6587.0
2014-10-26 20:00:00,5951.0
2014-10-26 21:00:00,5950.0
2014-10-26 22:00:00,5513.0
2014-10-26 23:00:00,4447.0
2014-10-27 00:00:00,3646.0
2014-10-27 01:00:00,3839.0
2014-10-27 02:00:00,3751.0
2014-10-27 03:00:00,3054.0
2014-10-27 04:00:00,2268.0
2014-10-27 05:00:00,2313.0
2014-10-27 06:00:00,2283.0
2014-10-27 07:00:00,3898.0
2014-10-27 08:00:00,4194.0
2014-10-27 09:00:00,5498.0
2014-10-27 10:00:00,5520.0
2014-10-27 11:00:00,6010.0
2014-10-27 12:00:00,6024.0
2014-10-27 13:00:00,6113.0
2014-10-27 14:00:00,5973.0
2014-10-27 15:00:00,5899.0
2014-10-27 16:00:00,5617.0
2014-10-27 17:00:00,6017.0
2014-10-27 18:00:00,5995.0
2014-10-27 19:00:00,6468.0
2014-10-27 20:00:00,5846.0
2014-10-27 21:00:00,5788.0
2014-10-27 22:00:00,5424.0
2014-10-27 23:00:00,4491.0
2014-10-28 00:00:00,2868.0
2014-10-28 01:00:00,2498.0
2014-10-28 02:00:00,2290.0
2014-10-28 03:00:00,2350.0
2014-10-28 04:00:00,2291.0
2014-10-28 05:00:00,2275.0
2014-10-28 06:00:00,2202.0
2014-10-28 07:00:00,3883.0
2014-10-28 08:00:00,4358.0
2014-10-28 09:00:00,5194.0
2014-10-28 10:00:00,5210.0
2014-10-28 11:00:00,5743.0
2014-10-28 12:00:00,5750.0
2014-10-28 13:00:00,5654.0
2014-10-28 14:00:00,5832.0
2014-10-28 15:00:00,6016.0
2014-10-28 16:00:00,6334.0
2014-10-28 17:00:00,6136.0
2014-10-28 18:00:00,6469.0
2014-10-28 19:00:00,6454.0
2014-10-28 20:00:00,6128.0
2014-10-28 21:00:00,6127.0
2014-10-28 22:00:00,5824.0
2014-10-28 23:00:00,4920.0
2014-10-29 00:00:00,3282.0
2014-10-29 01:00:00,2676.0
2014-10-29 02:00:00,2313.0
2014-10-29 03:00:00,2358.0
2014-10-29 04:00:00,2290.0
2014-10-29 05:00:00,2298.0
2014-10-29 06:00:00,2260.0
2014-10-29 07:00:00,4313.0
2014-10-29 08:00:00,4424.0
2014-10-29 09:00:00,5336.0
2014-10-29 10:00:00,5861.0
2014-10-29 11:00:00,5951.0
2014-10-29 12:00:00,5846.0
2014-10-29 13:00:00,6113.0
2014-10-29 14:00:00,6076.0
2014-10-29 15:00:00,6409.0
2014-10-29 16:00:00,6172.0
2014-10-29 17:00:00,6713.0
2014-10-29 18:00:00,7172.0
2014-10-29 19:00:00,6771.0
2014-10-29 20:00:00,6417.0
2014-10-29 21:00:00,6053.0
2014-10-29 22:00:00,5987.0
2014-10-29 23:00:00,4846.0
2014-10-30 00:00:00,3461.0
2014-10-30 01:00:00,4038.0
2014-10-30 02:00:00,3950.0
2014-10-30 03:00:00,3973.0
2014-10-30 04:00:00,3935.0
2014-10-30 05:00:00,3934.0
2014-10-30 06:00:00,3979.0
2014-10-30 07:00:00,4550.0
2014-10-30 08:00:00,4276.0
2014-10-30 09:00:00,5601.0
2014-10-30 10:00:00,6253.0
2014-10-30 11:00:00,6690.0
2014-10-30 12:00:00,6321.0
2014-10-30 13:00:00,6713.0
2014-10-30 14:00:00,6440.0
2014-10-30 15:00:00,6499.0
2014-10-30 16:00:00,6720.0
2014-10-30 17:00:00,7112.0
2014-10-30 18:00:00,7379.0
2014-10-30 19:00:00,7246.0
2014-10-30 20:00:00,6587.0
2014-10-30 21:00:00,6543.0
2014-10-30 22:00:00,6031.0
2014-10-30 23:00:00,4698.0
2014-10-31 00:00:00,3128.0
2014-10-31 01:00:00,3106.0
2014-10-31 02:00:00,2980.0
2014-10-31 03:00:00,2809.0
2014-10-31 04:00:00,2328.0
2014-10-31 05:00:00,2304.0
2014-10-31 06:00:00,2164.0
2014-10-31 07:00:00,3869.0
2014-10-31 08:00:00,2772.0
2014-10-31 09:00:00,5164.0
2014-10-31 10:00:00,6061.0
2014-10-31 11:00:00,6328.0
2014-10-31 12:00:00,5913.0
2014-10-31 13:00:00,5773.0
2014-10-31 14:00:00,5758.0
2014-10-31 15:00:00,5594.0
2014-10-31 16:00:00,5987.0
2014-10-31 17:00:00,5979.0
2014-10-31 18:00:00,6742.0
2014-10-31 19:00:00,6633.0
2014-10-31 20:00:00,6321.0
2014-10-31 21:00:00,6076.0
2014-10-31 22:00:00,5839.0
2014-10-31 23:00:00,4537.0
2014-11-01 00:00:00,3083.0
2014-11-01 01:00:00,3683.0
2014-11-01 02:00:00,2424.0
2014-11-01 03:00:00,2395.0
2014-11-01 04:00:00,2284.0
2014-11-01 05:00:00,2306.0
2014-11-01 06:00:00,2313.0
2014-11-01 07:00:00,4224.0
2014-11-01 08:00:00,4306.0
2014-11-01 09:00:00,5610.0
2014-11-01 10:00:00,6083.0
2014-11-01 11:00:00,6224.0
2014-11-01 12:00:00,6158.0
2014-11-01 13:00:00,6535.0
2014-11-01 14:00:00,6246.0
2014-11-01 15:00:00,6268.0
2014-11-01 16:00:00,6401.0
2014-11-01 17:00:00,6350.0
2014-11-01 18:00:00,6787.0
2014-11-01 19:00:00,6587.0
2014-11-01 20:00:00,6054.0
2014-11-01 21:00:00,6017.0
2014-11-01 22:00:00,5646.0
2014-11-01 23:00:00,4713.0
2014-11-02 00:00:00,2743.0
2014-11-02 01:00:00,2432.0
2014-11-02 02:00:00,2276.0
2014-11-02 03:00:00,2261.0
2014-11-02 04:00:00,2224.0
2014-11-02 05:00:00,2135.0
2014-11-02 06:00:00,2091.0
2014-11-02 07:00:00,3913.0
2014-11-02 08:00:00,3765.0
2014-11-02 09:00:00,5225.0
2014-11-02 10:00:00,5513.0
2014-11-02 11:00:00,5579.0
2014-11-02 12:00:00,5899.0
2014-11-02 13:00:00,5809.0
2014-11-02 14:00:00,5122.0
2014-11-02 15:00:00,5380.0
2014-11-02 16:00:00,5209.0
2014-11-02 17:00:00,6024.0
2014-11-02 18:00:00,6306.0
2014-11-02 19:00:00,6365.0
2014-11-02 20:00:00,5794.0
2014-11-02 21:00:00,5788.0
2014-11-02 22:00:00,5535.0
2014-11-02 23:00:00,4336.0
2014-11-03 00:00:00,2713.0
2014-11-03 01:00:00,2276.0
2014-11-03 02:00:00,2142.0
2014-11-03 03:00:00,2120.0
2014-11-03 04:00:00,2092.0
2014-11-03 05:00:00,2105.0
2014-11-03 06:00:00,2009.0
2014-11-03 07:00:00,4128.0
2014-11-03 08:00:00,4254.0
2014-11-03 09:00:00,5298.0
2014-11-03 10:00:00,5506.0
2014-11-03 11:00:00,5824.0
2014-11-03 12:00:00,5876.0
2014-11-03 13:00:00,5498.0
2014-11-03 14:00:00,5113.0
2014-11-03 15:00:00,5195.0
2014-11-03 16:00:00,5387.0
2014-11-03 17:00:00,5862.0
2014-11-03 18:00:00,5921.0
2014-11-03 19:00:00,6157.0
2014-11-03 20:00:00,6018.0
2014-11-03 21:00:00,5838.0
2014-11-03 22:00:00,5698.0
2014-11-03 23:00:00,4624.0
2014-11-04 00:00:00,2884.0
2014-11-04 01:00:00,2535.0
2014-11-04 02:00:00,2157.0
2014-11-04 03:00:00,2217.0
2014-11-04 04:00:00,2084.0
2014-11-04 05:00:00,2106.0
2014-11-04 06:00:00,1988.0
2014-11-04 07:00:00,3838.0
2014-11-04 08:00:00,4099.0
2014-11-04 09:00:00,4920.0
2014-11-04 10:00:00,5158.0
2014-11-04 11:00:00,5284.0
2014-11-04 12:00:00,4934.0
2014-11-04 13:00:00,4906.0
2014-11-04 14:00:00,4772.0
2014-11-04 15:00:00,4809.0
2014-11-04 16:00:00,4898.0
2014-11-04 17:00:00,5587.0
2014-11-04 18:00:00,5705.0
2014-11-04 19:00:00,5868.0
2014-11-04 20:00:00,5557.0
2014-11-04 21:00:00,5609.0
2014-11-04 22:00:00,5203.0
2014-11-04 23:00:00,4417.0
2014-11-05 00:00:00,2950.0
2014-11-05 01:00:00,2735.0
2014-11-05 02:00:00,2128.0
2014-11-05 03:00:00,2097.0
2014-11-05 04:00:00,2128.0
2014-11-05 05:00:00,2053.0
2014-11-05 06:00:00,2076.0
2014-11-05 07:00:00,3617.0
2014-11-05 08:00:00,3758.0
2014-11-05 09:00:00,4869.0
2014-11-05 10:00:00,5188.0
2014-11-05 11:00:00,5351.0
2014-11-05 12:00:00,5365.0
2014-11-05 13:00:00,5046.0
2014-11-05 14:00:00,4853.0
2014-11-05 15:00:00,5180.0
2014-11-05 16:00:00,4876.0
2014-11-05 17:00:00,5469.0
2014-11-05 18:00:00,6188.0
2014-11-05 19:00:00,6098.0
2014-11-05 20:00:00,5794.0
2014-11-05 21:00:00,5653.0
2014-11-05 22:00:00,5386.0
2014-11-05 23:00:00,4402.0
2014-11-06 00:00:00,2824.0
2014-11-06 01:00:00,2951.0
2014-11-06 02:00:00,2180.0
2014-11-06 03:00:00,2232.0
2014-11-06 04:00:00,2142.0
2014-11-06 05:00:00,2128.0
2014-11-06 06:00:00,2091.0
2014-11-06 07:00:00,3913.0
2014-11-06 08:00:00,3958.0
2014-11-06 09:00:00,4765.0
2014-11-06 10:00:00,5239.0
2014-11-06 11:00:00,5557.0
2014-11-06 12:00:00,5269.0
2014-11-06 13:00:00,5364.0
2014-11-06 14:00:00,5143.0
2014-11-06 15:00:00,5328.0
2014-11-06 16:00:00,5216.0
2014-11-06 17:00:00,5595.0
2014-11-06 18:00:00,6165.0
2014-11-06 19:00:00,6238.0
2014-11-06 20:00:00,5958.0
2014-11-06 21:00:00,5914.0
2014-11-06 22:00:00,5588.0
2014-11-06 23:00:00,4602.0
2014-11-07 00:00:00,2987.0
2014-11-07 01:00:00,3024.0
2014-11-07 02:00:00,2431.0
2014-11-07 03:00:00,2320.0
2014-11-07 04:00:00,2275.0
2014-11-07 05:00:00,2275.0
2014-11-07 06:00:00,2061.0
2014-11-07 07:00:00,3802.0
2014-11-07 08:00:00,4032.0
2014-11-07 09:00:00,5195.0
2014-11-07 10:00:00,5364.0
2014-11-07 11:00:00,5588.0
2014-11-07 12:00:00,6069.0
2014-11-07 13:00:00,5505.0
2014-11-07 14:00:00,5306.0
2014-11-07 15:00:00,5921.0
2014-11-07 16:00:00,5706.0
2014-11-07 17:00:00,6040.0
2014-11-07 18:00:00,6410.0
2014-11-07 19:00:00,6416.0
2014-11-07 20:00:00,6091.0
2014-11-07 21:00:00,5980.0
2014-11-07 22:00:00,5653.0
2014-11-07 23:00:00,4343.0
2014-11-08 00:00:00,2891.0
2014-11-08 01:00:00,2736.0
2014-11-08 02:00:00,2505.0
2014-11-08 03:00:00,2054.0
2014-11-08 04:00:00,1980.0
2014-11-08 05:00:00,1951.0
2014-11-08 06:00:00,1854.0
2014-11-08 07:00:00,3743.0
2014-11-08 08:00:00,4202.0
2014-11-08 09:00:00,5409.0
2014-11-08 10:00:00,5727.0
2014-11-08 11:00:00,6113.0
2014-11-08 12:00:00,5801.0
2014-11-08 13:00:00,5624.0
2014-11-08 14:00:00,5809.0
2014-11-08 15:00:00,5551.0
2014-11-08 16:00:00,5557.0
2014-11-08 17:00:00,5906.0
2014-11-08 18:00:00,6476.0
2014-11-08 19:00:00,6506.0
2014-11-08 20:00:00,6002.0
2014-11-08 21:00:00,5921.0
2014-11-08 22:00:00,5476.0
2014-11-08 23:00:00,4209.0
2014-11-09 00:00:00,2566.0
2014-11-09 01:00:00,2202.0
2014-11-09 02:00:00,2061.0
2014-11-09 03:00:00,2098.0
2014-11-09 04:00:00,2017.0
2014-11-09 05:00:00,1966.0
2014-11-09 06:00:00,1964.0
2014-11-09 07:00:00,3735.0
2014-11-09 08:00:00,4120.0
2014-11-09 09:00:00,5209.0
2014-11-09 10:00:00,5284.0
2014-11-09 11:00:00,5358.0
2014-11-09 12:00:00,5076.0
2014-11-09 13:00:00,5017.0
2014-11-09 14:00:00,4980.0
2014-11-09 15:00:00,5090.0
2014-11-09 16:00:00,5143.0
2014-11-09 17:00:00,5809.0
2014-11-09 18:00:00,5690.0
2014-11-09 19:00:00,5757.0
2014-11-09 20:00:00,5624.0
2014-11-09 21:00:00,5571.0
2014-11-09 22:00:00,5291.0
2014-11-09 23:00:00,4275.0
2014-11-10 00:00:00,2505.0
2014-11-10 01:00:00,2061.0
2014-11-10 02:00:00,1891.0
2014-11-10 03:00:00,1966.0
2014-11-10 04:00:00,1877.0
2014-11-10 05:00:00,1846.0
2014-11-10 06:00:00,1831.0
2014-11-10 07:00:00,3529.0
2014-11-10 08:00:00,4143.0
2014-11-10 09:00:00,4994.0
2014-11-10 10:00:00,5180.0
2014-11-10 11:00:00,5298.0
2014-11-10 12:00:00,5394.0
2014-11-10 13:00:00,5046.0
2014-11-10 14:00:00,5143.0
2014-11-10 15:00:00,5335.0
2014-11-10 16:00:00,5306.0
2014-11-10 17:00:00,6232.0
2014-11-10 18:00:00,6447.0
2014-11-10 19:00:00,6305.0
2014-11-10 20:00:00,6068.0
2014-11-10 21:00:00,6106.0
2014-11-10 22:00:00,5877.0
2014-11-10 23:00:00,4913.0
2014-11-11 00:00:00,3580.0
2014-11-11 01:00:00,2795.0
2014-11-11 02:00:00,2305.0
2014-11-11 03:00:00,2335.0
2014-11-11 04:00:00,2283.0
2014-11-11 05:00:00,2246.0
2014-11-11 06:00:00,2180.0
2014-11-11 07:00:00,4017.0
2014-11-11 08:00:00,3995.0
2014-11-11 09:00:00,5209.0
2014-11-11 10:00:00,5305.0
2014-11-11 11:00:00,5788.0
2014-11-11 12:00:00,5313.0
2014-11-11 13:00:00,5224.0
2014-11-11 14:00:00,5224.0
2014-11-11 15:00:00,5336.0
2014-11-11 16:00:00,5394.0
2014-11-11 17:00:00,5832.0
2014-11-11 18:00:00,6105.0
2014-11-11 19:00:00,5935.0
2014-11-11 20:00:00,5906.0
2014-11-11 21:00:00,5883.0
2014-11-11 22:00:00,5632.0
2014-11-11 23:00:00,4587.0
2014-11-12 00:00:00,3038.0
2014-11-12 01:00:00,2424.0
2014-11-12 02:00:00,2172.0
2014-11-12 03:00:00,2180.0
2014-11-12 04:00:00,2135.0
2014-11-12 05:00:00,2172.0
2014-11-12 06:00:00,2083.0
2014-11-12 07:00:00,3662.0
2014-11-12 08:00:00,3876.0
2014-11-12 09:00:00,5121.0
2014-11-12 10:00:00,5358.0
2014-11-12 11:00:00,5601.0
2014-11-12 12:00:00,5587.0
2014-11-12 13:00:00,5181.0
2014-11-12 14:00:00,5171.0
2014-11-12 15:00:00,5668.0
2014-11-12 16:00:00,5401.0
2014-11-12 17:00:00,5788.0
2014-11-12 18:00:00,6150.0
2014-11-12 19:00:00,6003.0
2014-11-12 20:00:00,5751.0
2014-11-12 21:00:00,5817.0
2014-11-12 22:00:00,5706.0
2014-11-12 23:00:00,5090.0
2014-11-13 00:00:00,3387.0
2014-11-13 01:00:00,3149.0
2014-11-13 02:00:00,2787.0
2014-11-13 03:00:00,2780.0
2014-11-13 04:00:00,2764.0
2014-11-13 05:00:00,2691.0
2014-11-13 06:00:00,2603.0
2014-11-13 07:00:00,4046.0
2014-11-13 08:00:00,4046.0
2014-11-13 09:00:00,5499.0
2014-11-13 10:00:00,5624.0
2014-11-13 11:00:00,5943.0
2014-11-13 12:00:00,5891.0
2014-11-13 13:00:00,5906.0
2014-11-13 14:00:00,5573.0
2014-11-13 15:00:00,5869.0
2014-11-13 16:00:00,5572.0
2014-11-13 17:00:00,6106.0
2014-11-13 18:00:00,6447.0
2014-11-13 19:00:00,6410.0
2014-11-13 20:00:00,6120.0
2014-11-13 21:00:00,6091.0
2014-11-13 22:00:00,5877.0
2014-11-13 23:00:00,5210.0
2014-11-14 00:00:00,3995.0
2014-11-14 01:00:00,3669.0
2014-11-14 02:00:00,3461.0
2014-11-14 03:00:00,2987.0
2014-11-14 04:00:00,2846.0
2014-11-14 05:00:00,2876.0
2014-11-14 06:00:00,2720.0
2014-11-14 07:00:00,4230.0
2014-11-14 08:00:00,4031.0
2014-11-14 09:00:00,5238.0
2014-11-14 10:00:00,5527.0
2014-11-14 11:00:00,5875.0
2014-11-14 12:00:00,5394.0
2014-11-14 13:00:00,5587.0
2014-11-14 14:00:00,5298.0
2014-11-14 15:00:00,5602.0
2014-11-14 16:00:00,5217.0
2014-11-14 17:00:00,5565.0
2014-11-14 18:00:00,6209.0
2014-11-14 19:00:00,6143.0
2014-11-14 20:00:00,5971.0
2014-11-14 21:00:00,5958.0
2014-11-14 22:00:00,5713.0
2014-11-14 23:00:00,4691.0
2014-11-15 00:00:00,3151.0
2014-11-15 01:00:00,2995.0
2014-11-15 02:00:00,2676.0
2014-11-15 03:00:00,2661.0
2014-11-15 04:00:00,2543.0
2014-11-15 05:00:00,2520.0
2014-11-15 06:00:00,2424.0
2014-11-15 07:00:00,4128.0
2014-11-15 08:00:00,4632.0
2014-11-15 09:00:00,5610.0
2014-11-15 10:00:00,5513.0
2014-11-15 11:00:00,6344.0
2014-11-15 12:00:00,5713.0
2014-11-15 13:00:00,5431.0
2014-11-15 14:00:00,5158.0
2014-11-15 15:00:00,5129.0
2014-11-15 16:00:00,5210.0
2014-11-15 17:00:00,5602.0
2014-11-15 18:00:00,5684.0
2014-11-15 19:00:00,6025.0
2014-11-15 20:00:00,5498.0
2014-11-15 21:00:00,5408.0
2014-11-15 22:00:00,5186.0
2014-11-15 23:00:00,4388.0
2014-11-16 00:00:00,3186.0
2014-11-16 01:00:00,2883.0
2014-11-16 02:00:00,2705.0
2014-11-16 03:00:00,2684.0
2014-11-16 04:00:00,2602.0
2014-11-16 05:00:00,2491.0
2014-11-16 06:00:00,2513.0
2014-11-16 07:00:00,3995.0
2014-11-16 08:00:00,4394.0
2014-11-16 09:00:00,5336.0
2014-11-16 10:00:00,5506.0
2014-11-16 11:00:00,5772.0
2014-11-16 12:00:00,5690.0
2014-11-16 13:00:00,5498.0
2014-11-16 14:00:00,5180.0
2014-11-16 15:00:00,5617.0
2014-11-16 16:00:00,5557.0
2014-11-16 17:00:00,5328.0
2014-11-16 18:00:00,6142.0
2014-11-16 19:00:00,6002.0
2014-11-16 20:00:00,5869.0
2014-11-16 21:00:00,5602.0
2014-11-16 22:00:00,5535.0
2014-11-16 23:00:00,4831.0
2014-11-17 00:00:00,3202.0
2014-11-17 01:00:00,2883.0
2014-11-17 02:00:00,2750.0
2014-11-17 03:00:00,2721.0
2014-11-17 04:00:00,2653.0
2014-11-17 05:00:00,2646.0
2014-11-17 06:00:00,2588.0
2014-11-17 07:00:00,3920.0
2014-11-17 08:00:00,4461.0
2014-11-17 09:00:00,4847.0
2014-11-17 10:00:00,5513.0
2014-11-17 11:00:00,5661.0
2014-11-17 12:00:00,5386.0
2014-11-17 13:00:00,5157.0
2014-11-17 14:00:00,5121.0
2014-11-17 15:00:00,5165.0
2014-11-17 16:00:00,5135.0
2014-11-17 17:00:00,5499.0
2014-11-17 18:00:00,6017.0
2014-11-17 19:00:00,5988.0
2014-11-17 20:00:00,5609.0
2014-11-17 21:00:00,5536.0
2014-11-17 22:00:00,5351.0
2014-11-17 23:00:00,4535.0
2014-11-18 00:00:00,3224.0
2014-11-18 01:00:00,3261.0
2014-11-18 02:00:00,3232.0
2014-11-18 03:00:00,3099.0
2014-11-18 04:00:00,2661.0
2014-11-18 05:00:00,2565.0
2014-11-18 06:00:00,2484.0
2014-11-18 07:00:00,4158.0
2014-11-18 08:00:00,4143.0
2014-11-18 09:00:00,4891.0
2014-11-18 10:00:00,5247.0
2014-11-18 11:00:00,5260.0
2014-11-18 12:00:00,5165.0
2014-11-18 13:00:00,5142.0
2014-11-18 14:00:00,4980.0
2014-11-18 15:00:00,5113.0
2014-11-18 16:00:00,5284.0
2014-11-18 17:00:00,5587.0
2014-11-18 18:00:00,5965.0
2014-11-18 19:00:00,6062.0
2014-11-18 20:00:00,5661.0
2014-11-18 21:00:00,5505.0
2014-11-18 22:00:00,5439.0
2014-11-18 23:00:00,4602.0
2014-11-19 00:00:00,2913.0
2014-11-19 01:00:00,2906.0
2014-11-19 02:00:00,2787.0
2014-11-19 03:00:00,2824.0
2014-11-19 04:00:00,2668.0
2014-11-19 05:00:00,2713.0
2014-11-19 06:00:00,2661.0
2014-11-19 07:00:00,4054.0
2014-11-19 08:00:00,4239.0
2014-11-19 09:00:00,4832.0
2014-11-19 10:00:00,5416.0
2014-11-19 11:00:00,5328.0
2014-11-19 12:00:00,5164.0
2014-11-19 13:00:00,5164.0
2014-11-19 14:00:00,5061.0
2014-11-19 15:00:00,5085.0
2014-11-19 16:00:00,5216.0
2014-11-19 17:00:00,5817.0
2014-11-19 18:00:00,6025.0
2014-11-19 19:00:00,6031.0
2014-11-19 20:00:00,5817.0
2014-11-19 21:00:00,5876.0
2014-11-19 22:00:00,5677.0
2014-11-19 23:00:00,4810.0
2014-11-20 00:00:00,3121.0
2014-11-20 01:00:00,2957.0
2014-11-20 02:00:00,3239.0
2014-11-20 03:00:00,3653.0
2014-11-20 04:00:00,3558.0
2014-11-20 05:00:00,3587.0
2014-11-20 06:00:00,3418.0
2014-11-20 07:00:00,5202.0
2014-11-20 08:00:00,4720.0
2014-11-20 09:00:00,5469.0
2014-11-20 10:00:00,5328.0
2014-11-20 11:00:00,5380.0
2014-11-20 12:00:00,5098.0
2014-11-20 13:00:00,5165.0
2014-11-20 14:00:00,5135.0
2014-11-20 15:00:00,5002.0
2014-11-20 16:00:00,5246.0
2014-11-20 17:00:00,5750.0
2014-11-20 18:00:00,5920.0
2014-11-20 19:00:00,5928.0
2014-11-20 20:00:00,5757.0
2014-11-20 21:00:00,5697.0
2014-11-20 22:00:00,5528.0
2014-11-20 23:00:00,4646.0
2014-11-21 00:00:00,3372.0
2014-11-21 01:00:00,3446.0
2014-11-21 02:00:00,2995.0
2014-11-21 03:00:00,3017.0
2014-11-21 04:00:00,2883.0
2014-11-21 05:00:00,2803.0
2014-11-21 06:00:00,2786.0
2014-11-21 07:00:00,4312.0
2014-11-21 08:00:00,4373.0
2014-11-21 09:00:00,5305.0
2014-11-21 10:00:00,5675.0
2014-11-21 11:00:00,5498.0
2014-11-21 12:00:00,5913.0
2014-11-21 13:00:00,5757.0
2014-11-21 14:00:00,5943.0
2014-11-21 15:00:00,5861.0
2014-11-21 16:00:00,5520.0
2014-11-21 17:00:00,6587.0
2014-11-21 18:00:00,6757.0
2014-11-21 19:00:00,6564.0
2014-11-21 20:00:00,6313.0
2014-11-21 21:00:00,6032.0
2014-11-21 22:00:00,5699.0
2014-11-21 23:00:00,4691.0
2014-11-22 00:00:00,3254.0
2014-11-22 01:00:00,3269.0
2014-11-22 02:00:00,3068.0
2014-11-22 03:00:00,3157.0
2014-11-22 04:00:00,3002.0
2014-11-22 05:00:00,3149.0
2014-11-22 06:00:00,3372.0
2014-11-22 07:00:00,5395.0
2014-11-22 08:00:00,5002.0
2014-11-22 09:00:00,5617.0
2014-11-22 10:00:00,5825.0
2014-11-22 11:00:00,6083.0
2014-11-22 12:00:00,6209.0
2014-11-22 13:00:00,6091.0
2014-11-22 14:00:00,5906.0
2014-11-22 15:00:00,5720.0
2014-11-22 16:00:00,5935.0
2014-11-22 17:00:00,6639.0
2014-11-22 18:00:00,6424.0
2014-11-22 19:00:00,6372.0
2014-11-22 20:00:00,6098.0
2014-11-22 21:00:00,6083.0
2014-11-22 22:00:00,5668.0
2014-11-22 23:00:00,4706.0
2014-11-23 00:00:00,3099.0
2014-11-23 01:00:00,2906.0
2014-11-23 02:00:00,2965.0
2014-11-23 03:00:00,3001.0
2014-11-23 04:00:00,2980.0
2014-11-23 05:00:00,2883.0
2014-11-23 06:00:00,2906.0
2014-11-23 07:00:00,4587.0
2014-11-23 08:00:00,4810.0
2014-11-23 09:00:00,5409.0
2014-11-23 10:00:00,5920.0
2014-11-23 11:00:00,6084.0
2014-11-23 12:00:00,5891.0
2014-11-23 13:00:00,5906.0
2014-11-23 14:00:00,5477.0
2014-11-23 15:00:00,5647.0
2014-11-23 16:00:00,5565.0
2014-11-23 17:00:00,6350.0
2014-11-23 18:00:00,6373.0
2014-11-23 19:00:00,6069.0
2014-11-23 20:00:00,5950.0
2014-11-23 21:00:00,5831.0
2014-11-23 22:00:00,5521.0
2014-11-23 23:00:00,4632.0
2014-11-24 00:00:00,3157.0
2014-11-24 01:00:00,3068.0
2014-11-24 02:00:00,2906.0
2014-11-24 03:00:00,2891.0
2014-11-24 04:00:00,2832.0
2014-11-24 05:00:00,2847.0
2014-11-24 06:00:00,2973.0
2014-11-24 07:00:00,4469.0
2014-11-24 08:00:00,4535.0
2014-11-24 09:00:00,4965.0
2014-11-24 10:00:00,5616.0
2014-11-24 11:00:00,5638.0
2014-11-24 12:00:00,5617.0
2014-11-24 13:00:00,5572.0
2014-11-24 14:00:00,5416.0
2014-11-24 15:00:00,5676.0
2014-11-24 16:00:00,5927.0
2014-11-24 17:00:00,6491.0
2014-11-24 18:00:00,6261.0
2014-11-24 19:00:00,6403.0
2014-11-24 20:00:00,5890.0
2014-11-24 21:00:00,5794.0
2014-11-24 22:00:00,5684.0
2014-11-24 23:00:00,4691.0
2014-11-25 00:00:00,3602.0
2014-11-25 01:00:00,3676.0
2014-11-25 02:00:00,3409.0
2014-11-25 03:00:00,3499.0
2014-11-25 04:00:00,3468.0
2014-11-25 05:00:00,4046.0
2014-11-25 06:00:00,4780.0
2014-11-25 07:00:00,5913.0
2014-11-25 08:00:00,5210.0
2014-11-25 09:00:00,6039.0
2014-11-25 10:00:00,6047.0
2014-11-25 11:00:00,5468.0
2014-11-25 12:00:00,5121.0
2014-11-25 13:00:00,5521.0
2014-11-25 14:00:00,5564.0
2014-11-25 15:00:00,5572.0
2014-11-25 16:00:00,5839.0
2014-11-25 17:00:00,6231.0
2014-11-25 18:00:00,6299.0
2014-11-25 19:00:00,6320.0
2014-11-25 20:00:00,5795.0
2014-11-25 21:00:00,5684.0
2014-11-25 22:00:00,5506.0
2014-11-25 23:00:00,4410.0
2014-11-26 00:00:00,3016.0
2014-11-26 01:00:00,2899.0
2014-11-26 02:00:00,2669.0
2014-11-26 03:00:00,2700.0
2014-11-26 04:00:00,2609.0
2014-11-26 05:00:00,2617.0
2014-11-26 06:00:00,2595.0
2014-11-26 07:00:00,4232.0
2014-11-26 08:00:00,4328.0
2014-11-26 09:00:00,4794.0
2014-11-26 10:00:00,5298.0
2014-11-26 11:00:00,5364.0
2014-11-26 12:00:00,5306.0
2014-11-26 13:00:00,5209.0
2014-11-26 14:00:00,5134.0
2014-11-26 15:00:00,4742.0
2014-11-26 16:00:00,5586.0
2014-11-26 17:00:00,6090.0
2014-11-26 18:00:00,6113.0
2014-11-26 19:00:00,6113.0
2014-11-26 20:00:00,5883.0
2014-11-26 21:00:00,5772.0
2014-11-26 22:00:00,5484.0
2014-11-26 23:00:00,4410.0
2014-11-27 00:00:00,2994.0
2014-11-27 01:00:00,2920.0
2014-11-27 02:00:00,2853.0
2014-11-27 03:00:00,2876.0
2014-11-27 04:00:00,2832.0
2014-11-27 05:00:00,2780.0
2014-11-27 06:00:00,2742.0
2014-11-27 07:00:00,4127.0
2014-11-27 08:00:00,4305.0
2014-11-27 09:00:00,4876.0
2014-11-27 10:00:00,5201.0
2014-11-27 11:00:00,4616.0
2014-11-27 12:00:00,5120.0
2014-11-27 13:00:00,5313.0
2014-11-27 14:00:00,5238.0
2014-11-27 15:00:00,5232.0
2014-11-27 16:00:00,5461.0
2014-11-27 17:00:00,6046.0
2014-11-27 18:00:00,5854.0
2014-11-27 19:00:00,6003.0
2014-11-27 20:00:00,5660.0
2014-11-27 21:00:00,5587.0
2014-11-27 22:00:00,5321.0
2014-11-27 23:00:00,4128.0
2014-11-28 00:00:00,2898.0
2014-11-28 01:00:00,2816.0
2014-11-28 02:00:00,2728.0
2014-11-28 03:00:00,2758.0
2014-11-28 04:00:00,2677.0
2014-11-28 05:00:00,2684.0
2014-11-28 06:00:00,2543.0
2014-11-28 07:00:00,4076.0
2014-11-28 08:00:00,4395.0
2014-11-28 09:00:00,4972.0
2014-11-28 10:00:00,5203.0
2014-11-28 11:00:00,5231.0
2014-11-28 12:00:00,5342.0
2014-11-28 13:00:00,5327.0
2014-11-28 14:00:00,5261.0
2014-11-28 15:00:00,5291.0
2014-11-28 16:00:00,5225.0
2014-11-28 17:00:00,6003.0
2014-11-28 18:00:00,6150.0
2014-11-28 19:00:00,6188.0
2014-11-28 20:00:00,5972.0
2014-11-28 21:00:00,5692.0
2014-11-28 22:00:00,5550.0
2014-11-28 23:00:00,4647.0
2014-11-29 00:00:00,2802.0
2014-11-29 01:00:00,2654.0
2014-11-29 02:00:00,2395.0
2014-11-29 03:00:00,2394.0
2014-11-29 04:00:00,2364.0
2014-11-29 05:00:00,2327.0
2014-11-29 06:00:00,2239.0
2014-11-29 07:00:00,3772.0
2014-11-29 08:00:00,3973.0
2014-11-29 09:00:00,4831.0
2014-11-29 10:00:00,5498.0
2014-11-29 11:00:00,5810.0
2014-11-29 12:00:00,5640.0
2014-11-29 13:00:00,5513.0
2014-11-29 14:00:00,5143.0
2014-11-29 15:00:00,5418.0
2014-11-29 16:00:00,5277.0
2014-11-29 17:00:00,5958.0
2014-11-29 18:00:00,5897.0
2014-11-29 19:00:00,6061.0
2014-11-29 20:00:00,5780.0
2014-11-29 21:00:00,5565.0
2014-11-29 22:00:00,5379.0
2014-11-29 23:00:00,4483.0
2014-11-30 00:00:00,2743.0
2014-11-30 01:00:00,2565.0
2014-11-30 02:00:00,2418.0
2014-11-30 03:00:00,2461.0
2014-11-30 04:00:00,2401.0
2014-11-30 05:00:00,2439.0
2014-11-30 06:00:00,2306.0
2014-11-30 07:00:00,3847.0
2014-11-30 08:00:00,3958.0
2014-11-30 09:00:00,5395.0
2014-11-30 10:00:00,5713.0
2014-11-30 11:00:00,5676.0
2014-11-30 12:00:00,5683.0
2014-11-30 13:00:00,5825.0
2014-11-30 14:00:00,5453.0
2014-11-30 15:00:00,5483.0
2014-11-30 16:00:00,5550.0
2014-11-30 17:00:00,6150.0
2014-11-30 18:00:00,6269.0
2014-11-30 19:00:00,6350.0
2014-11-30 20:00:00,5735.0
2014-11-30 21:00:00,5676.0
2014-11-30 22:00:00,5580.0
2014-11-30 23:00:00,4786.0
2014-12-01 00:00:00,2773.0
2014-12-01 01:00:00,2831.0
2014-12-01 02:00:00,2713.0
2014-12-01 03:00:00,2631.0
2014-12-01 04:00:00,2403.0
2014-12-01 05:00:00,2408.0
2014-12-01 06:00:00,2351.0
2014-12-01 07:00:00,4135.0
2014-12-01 08:00:00,3972.0
2014-12-01 09:00:00,5424.0
2014-12-01 10:00:00,5735.0
2014-12-01 11:00:00,5928.0
2014-12-01 12:00:00,5638.0
2014-12-01 13:00:00,5728.0
2014-12-01 14:00:00,5838.0
2014-12-01 15:00:00,5706.0
2014-12-01 16:00:00,5810.0
2014-12-01 17:00:00,6297.0
2014-12-01 18:00:00,6083.0
2014-12-01 19:00:00,6364.0
2014-12-01 20:00:00,6172.0
2014-12-01 21:00:00,5787.0
2014-12-01 22:00:00,5490.0
2014-12-01 23:00:00,4490.0
2014-12-02 00:00:00,3157.0
2014-12-02 01:00:00,3135.0
2014-12-02 02:00:00,2832.0
2014-12-02 03:00:00,2839.0
2014-12-02 04:00:00,2854.0
2014-12-02 05:00:00,2809.0
2014-12-02 06:00:00,2750.0
2014-12-02 07:00:00,4239.0
2014-12-02 08:00:00,4180.0
2014-12-02 09:00:00,5068.0
2014-12-02 10:00:00,5394.0
2014-12-02 11:00:00,5423.0
2014-12-02 12:00:00,5277.0
2014-12-02 13:00:00,5343.0
2014-12-02 14:00:00,5262.0
2014-12-02 15:00:00,5261.0
2014-12-02 16:00:00,5460.0
2014-12-02 17:00:00,6151.0
2014-12-02 18:00:00,6232.0
2014-12-02 19:00:00,6113.0
2014-12-02 20:00:00,5810.0
2014-12-02 21:00:00,5862.0
2014-12-02 22:00:00,5572.0
2014-12-02 23:00:00,4528.0
2014-12-03 00:00:00,3195.0
2014-12-03 01:00:00,2987.0
2014-12-03 02:00:00,2794.0
2014-12-03 03:00:00,2935.0
2014-12-03 04:00:00,2892.0
2014-12-03 05:00:00,2868.0
2014-12-03 06:00:00,2861.0
2014-12-03 07:00:00,4409.0
2014-12-03 08:00:00,1402.0
2014-12-03 09:00:00,4950.0
2014-12-03 10:00:00,5335.0
2014-12-03 11:00:00,5549.0
2014-12-03 12:00:00,5410.0
2014-12-03 13:00:00,5475.0
2014-12-03 14:00:00,5327.0
2014-12-03 15:00:00,5520.0
2014-12-03 16:00:00,5654.0
2014-12-03 17:00:00,6128.0
2014-12-03 18:00:00,5965.0
2014-12-03 19:00:00,6210.0
2014-12-03 20:00:00,6142.0
2014-12-03 21:00:00,5823.0
2014-12-03 22:00:00,5594.0
2014-12-03 23:00:00,4431.0
2014-12-04 00:00:00,3076.0
2014-12-04 01:00:00,2884.0
2014-12-04 02:00:00,2735.0
2014-12-04 03:00:00,2780.0
2014-12-04 04:00:00,2698.0
2014-12-04 05:00:00,2809.0
2014-12-04 06:00:00,2722.0
2014-12-04 07:00:00,4535.0
2014-12-04 08:00:00,4277.0
2014-12-04 09:00:00,5031.0
2014-12-04 10:00:00,5542.0
2014-12-04 11:00:00,5714.0
2014-12-04 12:00:00,5691.0
2014-12-04 13:00:00,5467.0
2014-12-04 14:00:00,5158.0
2014-12-04 15:00:00,5187.0
2014-12-04 16:00:00,6238.0
2014-12-04 17:00:00,6847.0
2014-12-04 18:00:00,7002.0
2014-12-04 19:00:00,6862.0
2014-12-04 20:00:00,6514.0
2014-12-04 21:00:00,6535.0
2014-12-04 22:00:00,6290.0
2014-12-04 23:00:00,5291.0
2014-12-05 00:00:00,3810.0
2014-12-05 01:00:00,3698.0
2014-12-05 02:00:00,3572.0
2014-12-05 03:00:00,3609.0
2014-12-05 04:00:00,3491.0
2014-12-05 05:00:00,3602.0
2014-12-05 06:00:00,3521.0
2014-12-05 07:00:00,4973.0
2014-12-05 08:00:00,3950.0
2014-12-05 09:00:00,5031.0
2014-12-05 10:00:00,5572.0
2014-12-05 11:00:00,5669.0
2014-12-05 12:00:00,5402.0
2014-12-05 13:00:00,5268.0
2014-12-05 14:00:00,5247.0
2014-12-05 15:00:00,5453.0
2014-12-05 16:00:00,5838.0
2014-12-05 17:00:00,6210.0
2014-12-05 18:00:00,6194.0
2014-12-05 19:00:00,6025.0
2014-12-05 20:00:00,6039.0
2014-12-05 21:00:00,5802.0
2014-12-05 22:00:00,5572.0
2014-12-05 23:00:00,4802.0
2014-12-06 00:00:00,2905.0
2014-12-06 01:00:00,2779.0
2014-12-06 02:00:00,2632.0
2014-12-06 03:00:00,2683.0
2014-12-06 04:00:00,2543.0
2014-12-06 05:00:00,2647.0
2014-12-06 06:00:00,2490.0
2014-12-06 07:00:00,4165.0
2014-12-06 08:00:00,4038.0
2014-12-06 09:00:00,5142.0
2014-12-06 10:00:00,5506.0
2014-12-06 11:00:00,5602.0
2014-12-06 12:00:00,5772.0
2014-12-06 13:00:00,5617.0
2014-12-06 14:00:00,5432.0
2014-12-06 15:00:00,5365.0
2014-12-06 16:00:00,5491.0
2014-12-06 17:00:00,6023.0
2014-12-06 18:00:00,5913.0
2014-12-06 19:00:00,5876.0
2014-12-06 20:00:00,5683.0
2014-12-06 21:00:00,5646.0
2014-12-06 22:00:00,5409.0
2014-12-06 23:00:00,4099.0
2014-12-07 00:00:00,2521.0
2014-12-07 01:00:00,2461.0
2014-12-07 02:00:00,2209.0
2014-12-07 03:00:00,2158.0
2014-12-07 04:00:00,2136.0
2014-12-07 05:00:00,2188.0
2014-12-07 06:00:00,2150.0
2014-12-07 07:00:00,3831.0
2014-12-07 08:00:00,4061.0
2014-12-07 09:00:00,5246.0
2014-12-07 10:00:00,5380.0
2014-12-07 11:00:00,5558.0
2014-12-07 12:00:00,5513.0
2014-12-07 13:00:00,5513.0
2014-12-07 14:00:00,5401.0
2014-12-07 15:00:00,5202.0
2014-12-07 16:00:00,5691.0
2014-12-07 17:00:00,6025.0
2014-12-07 18:00:00,6106.0
2014-12-07 19:00:00,5935.0
2014-12-07 20:00:00,5660.0
2014-12-07 21:00:00,6341.0
2014-12-07 22:00:00,6180.0
2014-12-07 23:00:00,5268.0
2014-12-08 00:00:00,2439.0
2014-12-08 01:00:00,2498.0
2014-12-08 02:00:00,2232.0
2014-12-08 03:00:00,2313.0
2014-12-08 04:00:00,2238.0
2014-12-08 05:00:00,2312.0
2014-12-08 06:00:00,2254.0
2014-12-08 07:00:00,4031.0
2014-12-08 08:00:00,4232.0
2014-12-08 09:00:00,4995.0
2014-12-08 10:00:00,5424.0
2014-12-08 11:00:00,5454.0
2014-12-08 12:00:00,5409.0
2014-12-08 13:00:00,5521.0
2014-12-08 14:00:00,5454.0
2014-12-08 15:00:00,5282.0
2014-12-08 16:00:00,5483.0
2014-12-08 17:00:00,6150.0
2014-12-08 18:00:00,6225.0
2014-12-08 19:00:00,6061.0
2014-12-08 20:00:00,5765.0
2014-12-08 21:00:00,5861.0
2014-12-08 22:00:00,5587.0
2014-12-08 23:00:00,4446.0
2014-12-09 00:00:00,2913.0
2014-12-09 01:00:00,2913.0
2014-12-09 02:00:00,2484.0
2014-12-09 03:00:00,2165.0
2014-12-09 04:00:00,1980.0
2014-12-09 05:00:00,2016.0
2014-12-09 06:00:00,1914.0
2014-12-09 07:00:00,4025.0
2014-12-09 08:00:00,4246.0
2014-12-09 09:00:00,5201.0
2014-12-09 10:00:00,5358.0
2014-12-09 11:00:00,5127.0
2014-12-09 12:00:00,5356.0
2014-12-09 13:00:00,5246.0
2014-12-09 14:00:00,5210.0
2014-12-09 15:00:00,5210.0
2014-12-09 16:00:00,5305.0
2014-12-09 17:00:00,5950.0
2014-12-09 18:00:00,5817.0
2014-12-09 19:00:00,5676.0
2014-12-09 20:00:00,5424.0
2014-12-09 21:00:00,5498.0
2014-12-09 22:00:00,4661.0
2014-12-09 23:00:00,3313.0
2014-12-10 00:00:00,2380.0
2014-12-10 01:00:00,2408.0
2014-12-10 02:00:00,2291.0
2014-12-10 03:00:00,2425.0
2014-12-10 04:00:00,2180.0
2014-12-10 05:00:00,2186.0
2014-12-10 06:00:00,2149.0
2014-12-10 07:00:00,3839.0
2014-12-10 08:00:00,4432.0
2014-12-10 09:00:00,4832.0
2014-12-10 10:00:00,5320.0
2014-12-10 11:00:00,5394.0
2014-12-10 12:00:00,5483.0
2014-12-10 13:00:00,5262.0
2014-12-10 14:00:00,5253.0
2014-12-10 15:00:00,5217.0
2014-12-10 16:00:00,5194.0
2014-12-10 17:00:00,5965.0
2014-12-10 18:00:00,6069.0
2014-12-10 19:00:00,5943.0
2014-12-10 20:00:00,5676.0
2014-12-10 21:00:00,5625.0
2014-12-10 22:00:00,5358.0
2014-12-10 23:00:00,4284.0
2014-12-11 00:00:00,2453.0
2014-12-11 01:00:00,2527.0
2014-12-11 02:00:00,2298.0
2014-12-11 03:00:00,2379.0
2014-12-11 04:00:00,2238.0
2014-12-11 05:00:00,2372.0
2014-12-11 06:00:00,2261.0
2014-12-11 07:00:00,4040.0
2014-12-11 08:00:00,4040.0
2014-12-11 09:00:00,4868.0
2014-12-11 10:00:00,5172.0
2014-12-11 11:00:00,5306.0
2014-12-11 12:00:00,5305.0
2014-12-11 13:00:00,5151.0
2014-12-11 14:00:00,5098.0
2014-12-11 15:00:00,5173.0
2014-12-11 16:00:00,5609.0
2014-12-11 17:00:00,6001.0
2014-12-11 18:00:00,6084.0
2014-12-11 19:00:00,6016.0
2014-12-11 20:00:00,5601.0
2014-12-11 21:00:00,5594.0
2014-12-11 22:00:00,5498.0
2014-12-11 23:00:00,4676.0
2014-12-12 00:00:00,2987.0
2014-12-12 01:00:00,2854.0
2014-12-12 02:00:00,2632.0
2014-12-12 03:00:00,2750.0
2014-12-12 04:00:00,2624.0
2014-12-12 05:00:00,2616.0
2014-12-12 06:00:00,2528.0
2014-12-12 07:00:00,3964.0
2014-12-12 08:00:00,4077.0
2014-12-12 09:00:00,5142.0
2014-12-12 10:00:00,5327.0
2014-12-12 11:00:00,5210.0
2014-12-12 12:00:00,5232.0
2014-12-12 13:00:00,4980.0
2014-12-12 14:00:00,5077.0
2014-12-12 15:00:00,5187.0
2014-12-12 16:00:00,5483.0
2014-12-12 17:00:00,5860.0
2014-12-12 18:00:00,6223.0
2014-12-12 19:00:00,6232.0
2014-12-12 20:00:00,5839.0
2014-12-12 21:00:00,5750.0
2014-12-12 22:00:00,5617.0
2014-12-12 23:00:00,4565.0
2014-12-13 00:00:00,2647.0
2014-12-13 01:00:00,2505.0
2014-12-13 02:00:00,2335.0
2014-12-13 03:00:00,2336.0
2014-12-13 04:00:00,2246.0
2014-12-13 05:00:00,2283.0
2014-12-13 06:00:00,2195.0
2014-12-13 07:00:00,3883.0
2014-12-13 08:00:00,4365.0
2014-12-13 09:00:00,5372.0
2014-12-13 10:00:00,5424.0
2014-12-13 11:00:00,5631.0
2014-12-13 12:00:00,5469.0
2014-12-13 13:00:00,5602.0
2014-12-13 14:00:00,5439.0
2014-12-13 15:00:00,5239.0
2014-12-13 16:00:00,5320.0
2014-12-13 17:00:00,6107.0
2014-12-13 18:00:00,5980.0
2014-12-13 19:00:00,6106.0
2014-12-13 20:00:00,5661.0
2014-12-13 21:00:00,5706.0
2014-12-13 22:00:00,5534.0
2014-12-13 23:00:00,4520.0
2014-12-14 00:00:00,2625.0
2014-12-14 01:00:00,2601.0
2014-12-14 02:00:00,2379.0
2014-12-14 03:00:00,2468.0
2014-12-14 04:00:00,2319.0
2014-12-14 05:00:00,2447.0
2014-12-14 06:00:00,2366.0
2014-12-14 07:00:00,4321.0
2014-12-14 08:00:00,4802.0
2014-12-14 09:00:00,5379.0
2014-12-14 10:00:00,5239.0
2014-12-14 11:00:00,5439.0
2014-12-14 12:00:00,5543.0
2014-12-14 13:00:00,5321.0
2014-12-14 14:00:00,5238.0
2014-12-14 15:00:00,5380.0
2014-12-14 16:00:00,5550.0
2014-12-14 17:00:00,5949.0
2014-12-14 18:00:00,5995.0
2014-12-14 19:00:00,6069.0
2014-12-14 20:00:00,5705.0
2014-12-14 21:00:00,5669.0
2014-12-14 22:00:00,5594.0
2014-12-14 23:00:00,4380.0
2014-12-15 00:00:00,2475.0
2014-12-15 01:00:00,2313.0
2014-12-15 02:00:00,2090.0
2014-12-15 03:00:00,2114.0
2014-12-15 04:00:00,2157.0
2014-12-15 05:00:00,2209.0
2014-12-15 06:00:00,2090.0
2014-12-15 07:00:00,3876.0
2014-12-15 08:00:00,4187.0
2014-12-15 09:00:00,5113.0
2014-12-15 10:00:00,5528.0
2014-12-15 11:00:00,4098.0
2014-12-15 12:00:00,4958.0
2014-12-15 13:00:00,5076.0
2014-12-15 14:00:00,4950.0
2014-12-15 15:00:00,5262.0
2014-12-15 16:00:00,5431.0
2014-12-15 17:00:00,6172.0
2014-12-15 18:00:00,6232.0
2014-12-15 19:00:00,6032.0
2014-12-15 20:00:00,5788.0
2014-12-15 21:00:00,5714.0
2014-12-15 22:00:00,5624.0
2014-12-15 23:00:00,4454.0
2014-12-16 00:00:00,2617.0
2014-12-16 01:00:00,2342.0
2014-12-16 02:00:00,2253.0
2014-12-16 03:00:00,2284.0
2014-12-16 04:00:00,2157.0
2014-12-16 05:00:00,2290.0
2014-12-16 06:00:00,2180.0
2014-12-16 07:00:00,4283.0
2014-12-16 08:00:00,4610.0
2014-12-16 09:00:00,5061.0
2014-12-16 10:00:00,5847.0
2014-12-16 11:00:00,5595.0
2014-12-16 12:00:00,5542.0
2014-12-16 13:00:00,5306.0
2014-12-16 14:00:00,5188.0
2014-12-16 15:00:00,5357.0
2014-12-16 16:00:00,5424.0
2014-12-16 17:00:00,6054.0
2014-12-16 18:00:00,6195.0
2014-12-16 19:00:00,6231.0
2014-12-16 20:00:00,5802.0
2014-12-16 21:00:00,5854.0
2014-12-16 22:00:00,5781.0
2014-12-16 23:00:00,4402.0
2014-12-17 00:00:00,2490.0
2014-12-17 01:00:00,2528.0
2014-12-17 02:00:00,2335.0
2014-12-17 03:00:00,2394.0
2014-12-17 04:00:00,2291.0
2014-12-17 05:00:00,2290.0
2014-12-17 06:00:00,2231.0
2014-12-17 07:00:00,3825.0
2014-12-17 08:00:00,4276.0
2014-12-17 09:00:00,5320.0
2014-12-17 10:00:00,5535.0
2014-12-17 11:00:00,5640.0
2014-12-17 12:00:00,5491.0
2014-12-17 13:00:00,5572.0
2014-12-17 14:00:00,5216.0
2014-12-17 15:00:00,5401.0
2014-12-17 16:00:00,5475.0
2014-12-17 17:00:00,6365.0
2014-12-17 18:00:00,6313.0
2014-12-17 19:00:00,6261.0
2014-12-17 20:00:00,5892.0
2014-12-17 21:00:00,5809.0
2014-12-17 22:00:00,5640.0
2014-12-17 23:00:00,4292.0
2014-12-18 00:00:00,3299.0
2014-12-18 01:00:00,3454.0
2014-12-18 02:00:00,3313.0
2014-12-18 03:00:00,3364.0
2014-12-18 04:00:00,2476.0
2014-12-18 05:00:00,2120.0
2014-12-18 06:00:00,2047.0
2014-12-18 07:00:00,3972.0
2014-12-18 08:00:00,4003.0
2014-12-18 09:00:00,5240.0
2014-12-18 10:00:00,5461.0
2014-12-18 11:00:00,5335.0
2014-12-18 12:00:00,5343.0
2014-12-18 13:00:00,5143.0
2014-12-18 14:00:00,5107.0
2014-12-18 15:00:00,5209.0
2014-12-18 16:00:00,5535.0
2014-12-18 17:00:00,5994.0
2014-12-18 18:00:00,6232.0
2014-12-18 19:00:00,6038.0
2014-12-18 20:00:00,5788.0
2014-12-18 21:00:00,5713.0
2014-12-18 22:00:00,5551.0
2014-12-18 23:00:00,4446.0
2014-12-19 00:00:00,2750.0
2014-12-19 01:00:00,2646.0
2014-12-19 02:00:00,2506.0
2014-12-19 03:00:00,2239.0
2014-12-19 04:00:00,2018.0
2014-12-19 05:00:00,2112.0
2014-12-19 06:00:00,2047.0
2014-12-19 07:00:00,3876.0
2014-12-19 08:00:00,4113.0
2014-12-19 09:00:00,5017.0
2014-12-19 10:00:00,5580.0
2014-12-19 11:00:00,5292.0
2014-12-19 12:00:00,5357.0
2014-12-19 13:00:00,5380.0
2014-12-19 14:00:00,5113.0
2014-12-19 15:00:00,5069.0
2014-12-19 16:00:00,5254.0
2014-12-19 17:00:00,6062.0
2014-12-19 18:00:00,6298.0
2014-12-19 19:00:00,6232.0
2014-12-19 20:00:00,5979.0
2014-12-19 21:00:00,5728.0
2014-12-19 22:00:00,5498.0
2014-12-19 23:00:00,4114.0
2014-12-20 00:00:00,2543.0
2014-12-20 01:00:00,2558.0
2014-12-20 02:00:00,2446.0
2014-12-20 03:00:00,2373.0
2014-12-20 04:00:00,2217.0
2014-12-20 05:00:00,2261.0
2014-12-20 06:00:00,2187.0
2014-12-20 07:00:00,3832.0
2014-12-20 08:00:00,3965.0
2014-12-20 09:00:00,5076.0
2014-12-20 10:00:00,5765.0
2014-12-20 11:00:00,5602.0
2014-12-20 12:00:00,5425.0
2014-12-20 13:00:00,5246.0
2014-12-20 14:00:00,5173.0
2014-12-20 15:00:00,5632.0
2014-12-20 16:00:00,5520.0
2014-12-20 17:00:00,5920.0
2014-12-20 18:00:00,6046.0
2014-12-20 19:00:00,5883.0
2014-12-20 20:00:00,5602.0
2014-12-20 21:00:00,5573.0
2014-12-20 22:00:00,5350.0
2014-12-20 23:00:00,4061.0
2014-12-21 00:00:00,2558.0
2014-12-21 01:00:00,2594.0
2014-12-21 02:00:00,2587.0
2014-12-21 03:00:00,2558.0
2014-12-21 04:00:00,2239.0
2014-12-21 05:00:00,2202.0
2014-12-21 06:00:00,2099.0
2014-12-21 07:00:00,3854.0
2014-12-21 08:00:00,4283.0
2014-12-21 09:00:00,4758.0
2014-12-21 10:00:00,5536.0
2014-12-21 11:00:00,5417.0
2014-12-21 12:00:00,5602.0
2014-12-21 13:00:00,5617.0
2014-12-21 14:00:00,5394.0
2014-12-21 15:00:00,5676.0
2014-12-21 16:00:00,5498.0
2014-12-21 17:00:00,6165.0
2014-12-21 18:00:00,6328.0
2014-12-21 19:00:00,6202.0
2014-12-21 20:00:00,5780.0
2014-12-21 21:00:00,5876.0
2014-12-21 22:00:00,5646.0
2014-12-21 23:00:00,4446.0
2014-12-22 00:00:00,2602.0
2014-12-22 01:00:00,2668.0
2014-12-22 02:00:00,2609.0
2014-12-22 03:00:00,2564.0
2014-12-22 04:00:00,2238.0
2014-12-22 05:00:00,2276.0
2014-12-22 06:00:00,2246.0
2014-12-22 07:00:00,3801.0
2014-12-22 08:00:00,4143.0
2014-12-22 09:00:00,4958.0
2014-12-22 10:00:00,5409.0
2014-12-22 11:00:00,5461.0
2014-12-22 12:00:00,5320.0
2014-12-22 13:00:00,5490.0
2014-12-22 14:00:00,5084.0
2014-12-22 15:00:00,5298.0
2014-12-22 16:00:00,5579.0
2014-12-22 17:00:00,6239.0
2014-12-22 18:00:00,6505.0
2014-12-22 19:00:00,6401.0
2014-12-22 20:00:00,6039.0
2014-12-22 21:00:00,5944.0
2014-12-22 22:00:00,5720.0
2014-12-22 23:00:00,4676.0
2014-12-23 00:00:00,3143.0
2014-12-23 01:00:00,2795.0
2014-12-23 02:00:00,2654.0
2014-12-23 03:00:00,2514.0
2014-12-23 04:00:00,2387.0
2014-12-23 05:00:00,2439.0
2014-12-23 06:00:00,2410.0
2014-12-23 07:00:00,4002.0
2014-12-23 08:00:00,4313.0
2014-12-23 09:00:00,5364.0
2014-12-23 10:00:00,5513.0
2014-12-23 11:00:00,5832.0
2014-12-23 12:00:00,5854.0
2014-12-23 13:00:00,5735.0
2014-12-23 14:00:00,5460.0
2014-12-23 15:00:00,5572.0
2014-12-23 16:00:00,5735.0
2014-12-23 17:00:00,6232.0
2014-12-23 18:00:00,6335.0
2014-12-23 19:00:00,6483.0
2014-12-23 20:00:00,6084.0
2014-12-23 21:00:00,6053.0
2014-12-23 22:00:00,5765.0
2014-12-23 23:00:00,4735.0
2014-12-24 00:00:00,3173.0
2014-12-24 01:00:00,2846.0
2014-12-24 02:00:00,2490.0
2014-12-24 03:00:00,2469.0
2014-12-24 04:00:00,2365.0
2014-12-24 05:00:00,2454.0
2014-12-24 06:00:00,2349.0
2014-12-24 07:00:00,3980.0
2014-12-24 08:00:00,4172.0
2014-12-24 09:00:00,5372.0
2014-12-24 10:00:00,5483.0
2014-12-24 11:00:00,5409.0
2014-12-24 12:00:00,5439.0
2014-12-24 13:00:00,5609.0
2014-12-24 14:00:00,5498.0
2014-12-24 15:00:00,5313.0
2014-12-24 16:00:00,5121.0
2014-12-24 17:00:00,5683.0
2014-12-24 18:00:00,4935.0
2014-12-24 19:00:00,2781.0
2014-12-24 20:00:00,2661.0
2014-12-24 21:00:00,2639.0
2014-12-24 22:00:00,2446.0
2014-12-24 23:00:00,2202.0
2014-12-25 00:00:00,1994.0
2014-12-25 01:00:00,2075.0
2014-12-25 02:00:00,1957.0
2014-12-25 03:00:00,2039.0
2014-12-25 04:00:00,1936.0
2014-12-25 05:00:00,2010.0
2014-12-25 06:00:00,1943.0
2014-12-25 07:00:00,1964.0
2014-12-25 08:00:00,2083.0
2014-12-25 09:00:00,2157.0
2014-12-25 10:00:00,2484.0
2014-12-25 11:00:00,2447.0
2014-12-25 12:00:00,2373.0
2014-12-25 13:00:00,2497.0
2014-12-25 14:00:00,2432.0
2014-12-25 15:00:00,2446.0
2014-12-25 16:00:00,2446.0
2014-12-25 17:00:00,2535.0
2014-12-25 18:00:00,2565.0
2014-12-25 19:00:00,2713.0
2014-12-25 20:00:00,2662.0
2014-12-25 21:00:00,2661.0
2014-12-25 22:00:00,2440.0
2014-12-25 23:00:00,2127.0
2014-12-26 00:00:00,2550.0
2014-12-26 01:00:00,2646.0
2014-12-26 02:00:00,2506.0
2014-12-26 03:00:00,2239.0
2014-12-26 04:00:00,2018.0
2014-12-26 05:00:00,2112.0
2014-12-26 06:00:00,2047.0
2014-12-26 07:00:00,3876.0
2014-12-26 08:00:00,4113.0
2014-12-26 09:00:00,5017.0
2014-12-26 10:00:00,5580.0
2014-12-26 11:00:00,5292.0
2014-12-26 12:00:00,5357.0
2014-12-26 13:00:00,5380.0
2014-12-26 14:00:00,5113.0
2014-12-26 15:00:00,5069.0
2014-12-26 16:00:00,5254.0
2014-12-26 17:00:00,6062.0
2014-12-26 18:00:00,6298.0
2014-12-26 19:00:00,6232.0
2014-12-26 20:00:00,5979.0
2014-12-26 21:00:00,5728.0
2014-12-26 22:00:00,5498.0
2014-12-26 23:00:00,4114.0
2014-12-27 00:00:00,2386.0
2014-12-27 01:00:00,2342.0
2014-12-27 02:00:00,2202.0
2014-12-27 03:00:00,2231.0
2014-12-27 04:00:00,2142.0
2014-12-27 05:00:00,2246.0
2014-12-27 06:00:00,2157.0
2014-12-27 07:00:00,3565.0
2014-12-27 08:00:00,4075.0
2014-12-27 09:00:00,5260.0
2014-12-27 10:00:00,5439.0
2014-12-27 11:00:00,5498.0
2014-12-27 12:00:00,5246.0
2014-12-27 13:00:00,5031.0
2014-12-27 14:00:00,5098.0
2014-12-27 15:00:00,5439.0
2014-12-27 16:00:00,5299.0
2014-12-27 17:00:00,5765.0
2014-12-27 18:00:00,6062.0
2014-12-27 19:00:00,6217.0
2014-12-27 20:00:00,5832.0
2014-12-27 21:00:00,5714.0
2014-12-27 22:00:00,5587.0
2014-12-27 23:00:00,4358.0
2014-12-28 00:00:00,2543.0
2014-12-28 01:00:00,2386.0
2014-12-28 02:00:00,2276.0
2014-12-28 03:00:00,2284.0
2014-12-28 04:00:00,2209.0
2014-12-28 05:00:00,2305.0
2014-12-28 06:00:00,2253.0
2014-12-28 07:00:00,3742.0
2014-12-28 08:00:00,4076.0
2014-12-28 09:00:00,5217.0
2014-12-28 10:00:00,5490.0
2014-12-28 11:00:00,5536.0
2014-12-28 12:00:00,5409.0
2014-12-28 13:00:00,5359.0
2014-12-28 14:00:00,5128.0
2014-12-28 15:00:00,5291.0
2014-12-28 16:00:00,5410.0
2014-12-28 17:00:00,6165.0
2014-12-28 18:00:00,6106.0
2014-12-28 19:00:00,5817.0
2014-12-28 20:00:00,5661.0
2014-12-28 21:00:00,5743.0
2014-12-28 22:00:00,5535.0
2014-12-28 23:00:00,3913.0
2014-12-29 00:00:00,2350.0
2014-12-29 01:00:00,2358.0
2014-12-29 02:00:00,2180.0
2014-12-29 03:00:00,2283.0
2014-12-29 04:00:00,2143.0
2014-12-29 05:00:00,2224.0
2014-12-29 06:00:00,2149.0
2014-12-29 07:00:00,3187.0
2014-12-29 08:00:00,1935.0
2014-12-29 09:00:00,4861.0
2014-12-29 10:00:00,5187.0
2014-12-29 11:00:00,5210.0
2014-12-29 12:00:00,5173.0
2014-12-29 13:00:00,5253.0
2014-12-29 14:00:00,4966.0
2014-12-29 15:00:00,5150.0
2014-12-29 16:00:00,5506.0
2014-12-29 17:00:00,5793.0
2014-12-29 18:00:00,6002.0
2014-12-29 19:00:00,5876.0
2014-12-29 20:00:00,5579.0
2014-12-29 21:00:00,5572.0
2014-12-29 22:00:00,5350.0
2014-12-29 23:00:00,4373.0
2014-12-30 00:00:00,2462.0
2014-12-30 01:00:00,2277.0
2014-12-30 02:00:00,2136.0
2014-12-30 03:00:00,2157.0
2014-12-30 04:00:00,2032.0
2014-12-30 05:00:00,2127.0
2014-12-30 06:00:00,2002.0
2014-12-30 07:00:00,3549.0
2014-12-30 08:00:00,3713.0
2014-12-30 09:00:00,4862.0
2014-12-30 10:00:00,5343.0
2014-12-30 11:00:00,5261.0
2014-12-30 12:00:00,5277.0
2014-12-30 13:00:00,5165.0
2014-12-30 14:00:00,5032.0
2014-12-30 15:00:00,5061.0
2014-12-30 16:00:00,5143.0
2014-12-30 17:00:00,5921.0
2014-12-30 18:00:00,6077.0
2014-12-30 19:00:00,6238.0
2014-12-30 20:00:00,5691.0
2014-12-30 21:00:00,5817.0
2014-12-30 22:00:00,5520.0
2014-12-30 23:00:00,4386.0
2014-12-31 00:00:00,2430.0
2014-12-31 01:00:00,2453.0
2014-12-31 02:00:00,2380.0
2014-12-31 03:00:00,2216.0
2014-12-31 04:00:00,1979.0
2014-12-31 05:00:00,2025.0
2014-12-31 06:00:00,1883.0
2014-12-31 07:00:00,3632.0
2014-12-31 08:00:00,4062.0
2014-12-31 09:00:00,5091.0
2014-12-31 10:00:00,5232.0
2014-12-31 11:00:00,5246.0
2014-12-31 12:00:00,5305.0
2014-12-31 13:00:00,5225.0
2014-12-31 14:00:00,5321.0
2014-12-31 15:00:00,5617.0
2014-12-31 16:00:00,5632.0
2014-12-31 17:00:00,5987.0
2014-12-31 18:00:00,5735.0
2014-12-31 19:00:00,4839.0
2014-12-31 20:00:00,2654.0
2014-12-31 21:00:00,2543.0
2014-12-31 22:00:00,2284.0
2014-12-31 23:00:00,2032.0
