datetime,target
2012-01-01 00:00:00,4770.0
2012-01-01 01:00:00,4189.0
2012-01-01 02:00:00,4041.0
2012-01-01 03:00:00,4031.0
2012-01-01 04:00:00,4056.0
2012-01-01 05:00:00,4005.0
2012-01-01 06:00:00,4021.0
2012-01-01 07:00:00,4007.0
2012-01-01 08:00:00,4028.0
2012-01-01 09:00:00,4737.0
2012-01-01 10:00:00,5104.0
2012-01-01 11:00:00,4525.0
2012-01-01 12:00:00,4462.0
2012-01-01 13:00:00,4444.0
2012-01-01 14:00:00,4456.0
2012-01-01 15:00:00,4498.0
2012-01-01 16:00:00,4453.0
2012-01-01 17:00:00,4533.0
2012-01-01 18:00:00,5169.0
2012-01-01 19:00:00,5221.0
2012-01-01 20:00:00,5222.0
2012-01-01 21:00:00,5219.0
2012-01-01 22:00:00,5189.0
2012-01-01 23:00:00,5133.0
2012-01-02 00:00:00,5086.0
2012-01-02 01:00:00,5218.0
2012-01-02 02:00:00,4980.0
2012-01-02 03:00:00,4977.0
2012-01-02 04:00:00,4918.0
2012-01-02 05:00:00,4827.0
2012-01-02 06:00:00,4862.0
2012-01-02 07:00:00,6142.0
2012-01-02 08:00:00,5703.0
2012-01-02 09:00:00,9870.0
2012-01-02 10:00:00,13477.0
2012-01-02 11:00:00,14384.0
2012-01-02 12:00:00,14806.0
2012-01-02 13:00:00,14888.0
2012-01-02 14:00:00,14963.0
2012-01-02 15:00:00,14906.0
2012-01-02 16:00:00,15223.0
2012-01-02 17:00:00,16284.0
2012-01-02 18:00:00,16550.0
2012-01-02 19:00:00,16348.0
2012-01-02 20:00:00,16157.0
2012-01-02 21:00:00,16163.0
2012-01-02 22:00:00,15879.0
2012-01-02 23:00:00,12865.0
2012-01-03 00:00:00,10025.0
2012-01-03 01:00:00,5355.0
2012-01-03 02:00:00,5385.0
2012-01-03 03:00:00,4895.0
2012-01-03 04:00:00,4804.0
2012-01-03 05:00:00,4669.0
2012-01-03 06:00:00,4628.0
2012-01-03 07:00:00,6533.0
2012-01-03 08:00:00,6872.0
2012-01-03 09:00:00,9536.0
2012-01-03 10:00:00,12947.0
2012-01-03 11:00:00,14217.0
2012-01-03 12:00:00,14674.0
2012-01-03 13:00:00,15288.0
2012-01-03 14:00:00,15424.0
2012-01-03 15:00:00,15683.0
2012-01-03 16:00:00,15625.0
2012-01-03 17:00:00,16179.0
2012-01-03 18:00:00,16974.0
2012-01-03 19:00:00,17044.0
2012-01-03 20:00:00,16863.0
2012-01-03 21:00:00,16694.0
2012-01-03 22:00:00,16632.0
2012-01-03 23:00:00,13386.0
2012-01-04 00:00:00,9835.0
2012-01-04 01:00:00,5106.0
2012-01-04 02:00:00,5016.0
2012-01-04 03:00:00,4607.0
2012-01-04 04:00:00,4496.0
2012-01-04 05:00:00,4556.0
2012-01-04 06:00:00,4479.0
2012-01-04 07:00:00,6776.0
2012-01-04 08:00:00,7197.0
2012-01-04 09:00:00,9667.0
2012-01-04 10:00:00,12609.0
2012-01-04 11:00:00,13477.0
2012-01-04 12:00:00,13996.0
2012-01-04 13:00:00,14079.0
2012-01-04 14:00:00,13839.0
2012-01-04 15:00:00,13532.0
2012-01-04 16:00:00,14151.0
2012-01-04 17:00:00,15443.0
2012-01-04 18:00:00,16247.0
2012-01-04 19:00:00,16310.0
2012-01-04 20:00:00,16085.0
2012-01-04 21:00:00,15907.0
2012-01-04 22:00:00,15476.0
2012-01-04 23:00:00,12542.0
2012-01-05 00:00:00,9829.0
2012-01-05 01:00:00,5282.0
2012-01-05 02:00:00,5494.0
2012-01-05 03:00:00,5053.0
2012-01-05 04:00:00,4905.0
2012-01-05 05:00:00,4927.0
2012-01-05 06:00:00,4853.0
2012-01-05 07:00:00,5807.0
2012-01-05 08:00:00,6574.0
2012-01-05 09:00:00,9600.0
2012-01-05 10:00:00,12461.0
2012-01-05 11:00:00,13669.0
2012-01-05 12:00:00,14136.0
2012-01-05 13:00:00,14286.0
2012-01-05 14:00:00,14206.0
2012-01-05 15:00:00,14335.0
2012-01-05 16:00:00,14913.0
2012-01-05 17:00:00,14842.0
2012-01-05 18:00:00,15413.0
2012-01-05 19:00:00,15546.0
2012-01-05 20:00:00,15528.0
2012-01-05 21:00:00,15509.0
2012-01-05 22:00:00,14897.0
2012-01-05 23:00:00,12502.0
2012-01-06 00:00:00,9747.0
2012-01-06 01:00:00,5317.0
2012-01-06 02:00:00,5232.0
2012-01-06 03:00:00,4707.0
2012-01-06 04:00:00,4571.0
2012-01-06 05:00:00,4641.0
2012-01-06 06:00:00,4553.0
2012-01-06 07:00:00,5365.0
2012-01-06 08:00:00,6268.0
2012-01-06 09:00:00,9413.0
2012-01-06 10:00:00,12740.0
2012-01-06 11:00:00,13831.0
2012-01-06 12:00:00,14423.0
2012-01-06 13:00:00,14521.0
2012-01-06 14:00:00,14919.0
2012-01-06 15:00:00,14686.0
2012-01-06 16:00:00,14662.0
2012-01-06 17:00:00,15350.0
2012-01-06 18:00:00,16163.0
2012-01-06 19:00:00,16143.0
2012-01-06 20:00:00,16139.0
2012-01-06 21:00:00,16133.0
2012-01-06 22:00:00,15655.0
2012-01-06 23:00:00,13267.0
2012-01-07 00:00:00,10139.0
2012-01-07 01:00:00,5306.0
2012-01-07 02:00:00,5109.0
2012-01-07 03:00:00,4570.0
2012-01-07 04:00:00,4504.0
2012-01-07 05:00:00,4482.0
2012-01-07 06:00:00,4422.0
2012-01-07 07:00:00,4955.0
2012-01-07 08:00:00,4614.0
2012-01-07 09:00:00,7934.0
2012-01-07 10:00:00,12057.0
2012-01-07 11:00:00,14124.0
2012-01-07 12:00:00,14968.0
2012-01-07 13:00:00,14341.0
2012-01-07 14:00:00,14392.0
2012-01-07 15:00:00,14424.0
2012-01-07 16:00:00,14473.0
2012-01-07 17:00:00,15273.0
2012-01-07 18:00:00,15807.0
2012-01-07 19:00:00,15989.0
2012-01-07 20:00:00,16010.0
2012-01-07 21:00:00,15909.0
2012-01-07 22:00:00,15579.0
2012-01-07 23:00:00,12508.0
2012-01-08 00:00:00,9352.0
2012-01-08 01:00:00,5252.0
2012-01-08 02:00:00,4991.0
2012-01-08 03:00:00,4619.0
2012-01-08 04:00:00,4486.0
2012-01-08 05:00:00,4480.0
2012-01-08 06:00:00,4435.0
2012-01-08 07:00:00,4832.0
2012-01-08 08:00:00,4740.0
2012-01-08 09:00:00,7674.0
2012-01-08 10:00:00,14884.0
2012-01-08 11:00:00,16324.0
2012-01-08 12:00:00,16102.0
2012-01-08 13:00:00,16218.0
2012-01-08 14:00:00,16804.0
2012-01-08 15:00:00,16766.0
2012-01-08 16:00:00,16705.0
2012-01-08 17:00:00,17623.0
2012-01-08 18:00:00,18519.0
2012-01-08 19:00:00,18457.0
2012-01-08 20:00:00,18131.0
2012-01-08 21:00:00,18120.0
2012-01-08 22:00:00,17920.0
2012-01-08 23:00:00,14056.0
2012-01-09 00:00:00,8599.0
2012-01-09 01:00:00,5379.0
2012-01-09 02:00:00,5203.0
2012-01-09 03:00:00,4756.0
2012-01-09 04:00:00,4605.0
2012-01-09 05:00:00,4680.0
2012-01-09 06:00:00,4706.0
2012-01-09 07:00:00,6582.0
2012-01-09 08:00:00,6662.0
2012-01-09 09:00:00,9338.0
2012-01-09 10:00:00,12816.0
2012-01-09 11:00:00,13918.0
2012-01-09 12:00:00,14558.0
2012-01-09 13:00:00,15006.0
2012-01-09 14:00:00,14920.0
2012-01-09 15:00:00,15199.0
2012-01-09 16:00:00,15149.0
2012-01-09 17:00:00,15514.0
2012-01-09 18:00:00,16431.0
2012-01-09 19:00:00,16653.0
2012-01-09 20:00:00,16618.0
2012-01-09 21:00:00,16558.0
2012-01-09 22:00:00,16354.0
2012-01-09 23:00:00,13907.0
2012-01-10 00:00:00,10379.0
2012-01-10 01:00:00,5269.0
2012-01-10 02:00:00,5385.0
2012-01-10 03:00:00,4895.0
2012-01-10 04:00:00,4478.0
2012-01-10 05:00:00,4350.0
2012-01-10 06:00:00,4140.0
2012-01-10 07:00:00,7001.0
2012-01-10 08:00:00,7480.0
2012-01-10 09:00:00,10565.0
2012-01-10 10:00:00,13944.0
2012-01-10 11:00:00,14947.0
2012-01-10 12:00:00,15013.0
2012-01-10 13:00:00,14993.0
2012-01-10 14:00:00,14836.0
2012-01-10 15:00:00,14729.0
2012-01-10 16:00:00,14405.0
2012-01-10 17:00:00,15004.0
2012-01-10 18:00:00,15480.0
2012-01-10 19:00:00,15574.0
2012-01-10 20:00:00,15486.0
2012-01-10 21:00:00,15430.0
2012-01-10 22:00:00,15287.0
2012-01-10 23:00:00,12842.0
2012-01-11 00:00:00,10044.0
2012-01-11 01:00:00,5264.0
2012-01-11 02:00:00,5083.0
2012-01-11 03:00:00,4730.0
2012-01-11 04:00:00,4442.0
2012-01-11 05:00:00,4518.0
2012-01-11 06:00:00,4452.0
2012-01-11 07:00:00,5820.0
2012-01-11 08:00:00,6725.0
2012-01-11 09:00:00,9784.0
2012-01-11 10:00:00,12791.0
2012-01-11 11:00:00,14699.0
2012-01-11 12:00:00,14967.0
2012-01-11 13:00:00,15093.0
2012-01-11 14:00:00,14983.0
2012-01-11 15:00:00,15006.0
2012-01-11 16:00:00,14844.0
2012-01-11 17:00:00,15287.0
2012-01-11 18:00:00,16097.0
2012-01-11 19:00:00,16251.0
2012-01-11 20:00:00,16277.0
2012-01-11 21:00:00,16372.0
2012-01-11 22:00:00,16001.0
2012-01-11 23:00:00,13417.0
2012-01-12 00:00:00,10098.0
2012-01-12 01:00:00,5253.0
2012-01-12 02:00:00,5172.0
2012-01-12 03:00:00,4718.0
2012-01-12 04:00:00,4526.0
2012-01-12 05:00:00,4420.0
2012-01-12 06:00:00,4324.0
2012-01-12 07:00:00,5700.0
2012-01-12 08:00:00,6521.0
2012-01-12 09:00:00,9206.0
2012-01-12 10:00:00,12865.0
2012-01-12 11:00:00,13830.0
2012-01-12 12:00:00,13915.0
2012-01-12 13:00:00,13906.0
2012-01-12 14:00:00,13904.0
2012-01-12 15:00:00,13821.0
2012-01-12 16:00:00,14078.0
2012-01-12 17:00:00,14750.0
2012-01-12 18:00:00,15202.0
2012-01-12 19:00:00,15275.0
2012-01-12 20:00:00,15349.0
2012-01-12 21:00:00,15328.0
2012-01-12 22:00:00,15184.0
2012-01-12 23:00:00,12577.0
2012-01-13 00:00:00,9883.0
2012-01-13 01:00:00,5314.0
2012-01-13 02:00:00,5327.0
2012-01-13 03:00:00,4820.0
2012-01-13 04:00:00,4676.0
2012-01-13 05:00:00,4701.0
2012-01-13 06:00:00,4733.0
2012-01-13 07:00:00,6397.0
2012-01-13 08:00:00,6500.0
2012-01-13 09:00:00,9596.0
2012-01-13 10:00:00,12573.0
2012-01-13 11:00:00,13288.0
2012-01-13 12:00:00,13486.0
2012-01-13 13:00:00,13509.0
2012-01-13 14:00:00,13819.0
2012-01-13 15:00:00,13833.0
2012-01-13 16:00:00,13458.0
2012-01-13 17:00:00,14307.0
2012-01-13 18:00:00,14720.0
2012-01-13 19:00:00,14974.0
2012-01-13 20:00:00,15012.0
2012-01-13 21:00:00,14949.0
2012-01-13 22:00:00,14798.0
2012-01-13 23:00:00,12247.0
2012-01-14 00:00:00,9701.0
2012-01-14 01:00:00,4967.0
2012-01-14 02:00:00,4745.0
2012-01-14 03:00:00,4243.0
2012-01-14 04:00:00,4080.0
2012-01-14 05:00:00,4013.0
2012-01-14 06:00:00,4081.0
2012-01-14 07:00:00,4352.0
2012-01-14 08:00:00,4446.0
2012-01-14 09:00:00,7952.0
2012-01-14 10:00:00,12672.0
2012-01-14 11:00:00,13989.0
2012-01-14 12:00:00,14025.0
2012-01-14 13:00:00,13921.0
2012-01-14 14:00:00,13943.0
2012-01-14 15:00:00,14238.0
2012-01-14 16:00:00,14681.0
2012-01-14 17:00:00,15208.0
2012-01-14 18:00:00,16169.0
2012-01-14 19:00:00,16313.0
2012-01-14 20:00:00,21104.0
2012-01-14 21:00:00,27444.0
2012-01-14 22:00:00,26926.0
2012-01-14 23:00:00,15359.0
2012-01-15 00:00:00,9446.0
2012-01-15 01:00:00,4753.0
2012-01-15 02:00:00,4605.0
2012-01-15 03:00:00,4100.0
2012-01-15 04:00:00,3984.0
2012-01-15 05:00:00,4108.0
2012-01-15 06:00:00,4096.0
2012-01-15 07:00:00,4470.0
2012-01-15 08:00:00,4661.0
2012-01-15 09:00:00,12336.0
2012-01-15 10:00:00,14670.0
2012-01-15 11:00:00,15548.0
2012-01-15 12:00:00,15623.0
2012-01-15 13:00:00,15856.0
2012-01-15 14:00:00,15817.0
2012-01-15 15:00:00,16071.0
2012-01-15 16:00:00,16015.0
2012-01-15 17:00:00,17087.0
2012-01-15 18:00:00,17422.0
2012-01-15 19:00:00,17495.0
2012-01-15 20:00:00,17446.0
2012-01-15 21:00:00,17272.0
2012-01-15 22:00:00,17062.0
2012-01-15 23:00:00,12957.0
2012-01-16 00:00:00,8590.0
2012-01-16 01:00:00,5176.0
2012-01-16 02:00:00,4972.0
2012-01-16 03:00:00,4445.0
2012-01-16 04:00:00,4274.0
2012-01-16 05:00:00,4231.0
2012-01-16 06:00:00,4224.0
2012-01-16 07:00:00,6227.0
2012-01-16 08:00:00,6487.0
2012-01-16 09:00:00,9271.0
2012-01-16 10:00:00,12545.0
2012-01-16 11:00:00,13605.0
2012-01-16 12:00:00,14176.0
2012-01-16 13:00:00,14062.0
2012-01-16 14:00:00,14052.0
2012-01-16 15:00:00,14533.0
2012-01-16 16:00:00,14019.0
2012-01-16 17:00:00,13558.0
2012-01-16 18:00:00,14512.0
2012-01-16 19:00:00,14770.0
2012-01-16 20:00:00,14761.0
2012-01-16 21:00:00,14688.0
2012-01-16 22:00:00,14553.0
2012-01-16 23:00:00,12116.0
2012-01-17 00:00:00,9354.0
2012-01-17 01:00:00,5222.0
2012-01-17 02:00:00,5108.0
2012-01-17 03:00:00,4568.0
2012-01-17 04:00:00,4376.0
2012-01-17 05:00:00,4335.0
2012-01-17 06:00:00,4444.0
2012-01-17 07:00:00,5687.0
2012-01-17 08:00:00,5982.0
2012-01-17 09:00:00,9210.0
2012-01-17 10:00:00,12554.0
2012-01-17 11:00:00,13193.0
2012-01-17 12:00:00,13240.0
2012-01-17 13:00:00,13222.0
2012-01-17 14:00:00,13238.0
2012-01-17 15:00:00,13111.0
2012-01-17 16:00:00,13026.0
2012-01-17 17:00:00,13691.0
2012-01-17 18:00:00,14768.0
2012-01-17 19:00:00,14962.0
2012-01-17 20:00:00,14956.0
2012-01-17 21:00:00,15051.0
2012-01-17 22:00:00,14860.0
2012-01-17 23:00:00,12291.0
2012-01-18 00:00:00,9679.0
2012-01-18 01:00:00,4889.0
2012-01-18 02:00:00,4808.0
2012-01-18 03:00:00,4326.0
2012-01-18 04:00:00,4162.0
2012-01-18 05:00:00,4186.0
2012-01-18 06:00:00,4194.0
2012-01-18 07:00:00,5617.0
2012-01-18 08:00:00,6333.0
2012-01-18 09:00:00,9421.0
2012-01-18 10:00:00,12297.0
2012-01-18 11:00:00,13092.0
2012-01-18 12:00:00,13213.0
2012-01-18 13:00:00,13202.0
2012-01-18 14:00:00,13169.0
2012-01-18 15:00:00,13541.0
2012-01-18 16:00:00,13217.0
2012-01-18 17:00:00,13203.0
2012-01-18 18:00:00,14212.0
2012-01-18 19:00:00,14805.0
2012-01-18 20:00:00,14678.0
2012-01-18 21:00:00,14626.0
2012-01-18 22:00:00,15216.0
2012-01-18 23:00:00,12894.0
2012-01-19 00:00:00,9252.0
2012-01-19 01:00:00,4752.0
2012-01-19 02:00:00,4822.0
2012-01-19 03:00:00,4332.0
2012-01-19 04:00:00,4164.0
2012-01-19 05:00:00,4201.0
2012-01-19 06:00:00,4140.0
2012-01-19 07:00:00,6105.0
2012-01-19 08:00:00,6467.0
2012-01-19 09:00:00,9197.0
2012-01-19 10:00:00,12158.0
2012-01-19 11:00:00,12964.0
2012-01-19 12:00:00,13173.0
2012-01-19 13:00:00,13172.0
2012-01-19 14:00:00,13181.0
2012-01-19 15:00:00,13187.0
2012-01-19 16:00:00,13108.0
2012-01-19 17:00:00,13298.0
2012-01-19 18:00:00,14304.0
2012-01-19 19:00:00,14560.0
2012-01-19 20:00:00,14616.0
2012-01-19 21:00:00,14611.0
2012-01-19 22:00:00,14510.0
2012-01-19 23:00:00,12078.0
2012-01-20 00:00:00,9615.0
2012-01-20 01:00:00,5063.0
2012-01-20 02:00:00,5173.0
2012-01-20 03:00:00,4708.0
2012-01-20 04:00:00,4519.0
2012-01-20 05:00:00,4523.0
2012-01-20 06:00:00,4486.0
2012-01-20 07:00:00,6451.0
2012-01-20 08:00:00,6519.0
2012-01-20 09:00:00,9266.0
2012-01-20 10:00:00,11678.0
2012-01-20 11:00:00,12575.0
2012-01-20 12:00:00,12625.0
2012-01-20 13:00:00,12828.0
2012-01-20 14:00:00,12867.0
2012-01-20 15:00:00,13095.0
2012-01-20 16:00:00,12499.0
2012-01-20 17:00:00,12670.0
2012-01-20 18:00:00,13725.0
2012-01-20 19:00:00,13967.0
2012-01-20 20:00:00,14039.0
2012-01-20 21:00:00,14005.0
2012-01-20 22:00:00,13915.0
2012-01-20 23:00:00,11827.0
2012-01-21 00:00:00,9431.0
2012-01-21 01:00:00,5193.0
2012-01-21 02:00:00,5119.0
2012-01-21 03:00:00,4598.0
2012-01-21 04:00:00,4433.0
2012-01-21 05:00:00,4444.0
2012-01-21 06:00:00,4395.0
2012-01-21 07:00:00,4903.0
2012-01-21 08:00:00,4459.0
2012-01-21 09:00:00,8307.0
2012-01-21 10:00:00,12149.0
2012-01-21 11:00:00,12936.0
2012-01-21 12:00:00,13225.0
2012-01-21 13:00:00,13235.0
2012-01-21 14:00:00,13275.0
2012-01-21 15:00:00,13317.0
2012-01-21 16:00:00,13366.0
2012-01-21 17:00:00,13602.0
2012-01-21 18:00:00,14682.0
2012-01-21 19:00:00,14940.0
2012-01-21 20:00:00,14979.0
2012-01-21 21:00:00,14810.0
2012-01-21 22:00:00,14519.0
2012-01-21 23:00:00,11615.0
2012-01-22 00:00:00,8728.0
2012-01-22 01:00:00,4769.0
2012-01-22 02:00:00,4590.0
2012-01-22 03:00:00,4148.0
2012-01-22 04:00:00,4010.0
2012-01-22 05:00:00,3947.0
2012-01-22 06:00:00,3915.0
2012-01-22 07:00:00,4284.0
2012-01-22 08:00:00,4508.0
2012-01-22 09:00:00,11797.0
2012-01-22 10:00:00,14221.0
2012-01-22 11:00:00,14955.0
2012-01-22 12:00:00,15057.0
2012-01-22 13:00:00,15342.0
2012-01-22 14:00:00,15644.0
2012-01-22 15:00:00,15680.0
2012-01-22 16:00:00,15774.0
2012-01-22 17:00:00,16581.0
2012-01-22 18:00:00,17908.0
2012-01-22 19:00:00,17957.0
2012-01-22 20:00:00,17741.0
2012-01-22 21:00:00,17656.0
2012-01-22 22:00:00,25248.0
2012-01-22 23:00:00,19321.0
2012-01-23 00:00:00,9166.0
2012-01-23 01:00:00,5013.0
2012-01-23 02:00:00,4824.0
2012-01-23 03:00:00,4328.0
2012-01-23 04:00:00,4122.0
2012-01-23 05:00:00,3905.0
2012-01-23 06:00:00,4068.0
2012-01-23 07:00:00,5468.0
2012-01-23 08:00:00,6381.0
2012-01-23 09:00:00,9253.0
2012-01-23 10:00:00,12189.0
2012-01-23 11:00:00,12962.0
2012-01-23 12:00:00,13020.0
2012-01-23 13:00:00,13005.0
2012-01-23 14:00:00,12942.0
2012-01-23 15:00:00,12937.0
2012-01-23 16:00:00,13043.0
2012-01-23 17:00:00,13425.0
2012-01-23 18:00:00,14305.0
2012-01-23 19:00:00,14632.0
2012-01-23 20:00:00,14566.0
2012-01-23 21:00:00,14462.0
2012-01-23 22:00:00,14401.0
2012-01-23 23:00:00,12054.0
2012-01-24 00:00:00,9612.0
2012-01-24 01:00:00,5342.0
2012-01-24 02:00:00,5256.0
2012-01-24 03:00:00,4783.0
2012-01-24 04:00:00,4359.0
2012-01-24 05:00:00,4356.0
2012-01-24 06:00:00,4320.0
2012-01-24 07:00:00,5928.0
2012-01-24 08:00:00,6205.0
2012-01-24 09:00:00,9002.0
2012-01-24 10:00:00,12013.0
2012-01-24 11:00:00,12905.0
2012-01-24 12:00:00,12906.0
2012-01-24 13:00:00,13074.0
2012-01-24 14:00:00,12963.0
2012-01-24 15:00:00,12926.0
2012-01-24 16:00:00,12922.0
2012-01-24 17:00:00,13191.0
2012-01-24 18:00:00,14317.0
2012-01-24 19:00:00,14398.0
2012-01-24 20:00:00,14409.0
2012-01-24 21:00:00,14433.0
2012-01-24 22:00:00,14324.0
2012-01-24 23:00:00,12019.0
2012-01-25 00:00:00,9398.0
2012-01-25 01:00:00,5035.0
2012-01-25 02:00:00,4901.0
2012-01-25 03:00:00,4410.0
2012-01-25 04:00:00,4159.0
2012-01-25 05:00:00,4176.0
2012-01-25 06:00:00,4205.0
2012-01-25 07:00:00,6055.0
2012-01-25 08:00:00,6088.0
2012-01-25 09:00:00,9094.0
2012-01-25 10:00:00,12112.0
2012-01-25 11:00:00,12825.0
2012-01-25 12:00:00,12979.0
2012-01-25 13:00:00,13045.0
2012-01-25 14:00:00,13810.0
2012-01-25 15:00:00,14263.0
2012-01-25 16:00:00,13184.0
2012-01-25 17:00:00,13425.0
2012-01-25 18:00:00,14257.0
2012-01-25 19:00:00,14472.0
2012-01-25 20:00:00,14551.0
2012-01-25 21:00:00,14547.0
2012-01-25 22:00:00,14508.0
2012-01-25 23:00:00,12184.0
2012-01-26 00:00:00,9541.0
2012-01-26 01:00:00,4865.0
2012-01-26 02:00:00,4927.0
2012-01-26 03:00:00,4474.0
2012-01-26 04:00:00,4322.0
2012-01-26 05:00:00,4314.0
2012-01-26 06:00:00,4295.0
2012-01-26 07:00:00,6410.0
2012-01-26 08:00:00,6362.0
2012-01-26 09:00:00,9273.0
2012-01-26 10:00:00,12044.0
2012-01-26 11:00:00,12874.0
2012-01-26 12:00:00,12991.0
2012-01-26 13:00:00,13121.0
2012-01-26 14:00:00,13166.0
2012-01-26 15:00:00,12900.0
2012-01-26 16:00:00,12947.0
2012-01-26 17:00:00,13746.0
2012-01-26 18:00:00,14603.0
2012-01-26 19:00:00,14820.0
2012-01-26 20:00:00,14567.0
2012-01-26 21:00:00,14562.0
2012-01-26 22:00:00,14399.0
2012-01-26 23:00:00,12117.0
2012-01-27 00:00:00,9763.0
2012-01-27 01:00:00,4940.0
2012-01-27 02:00:00,4859.0
2012-01-27 03:00:00,4324.0
2012-01-27 04:00:00,4189.0
2012-01-27 05:00:00,4175.0
2012-01-27 06:00:00,4080.0
2012-01-27 07:00:00,6020.0
2012-01-27 08:00:00,6666.0
2012-01-27 09:00:00,9307.0
2012-01-27 10:00:00,12079.0
2012-01-27 11:00:00,12814.0
2012-01-27 12:00:00,12919.0
2012-01-27 13:00:00,12706.0
2012-01-27 14:00:00,13038.0
2012-01-27 15:00:00,12828.0
2012-01-27 16:00:00,12990.0
2012-01-27 17:00:00,12716.0
2012-01-27 18:00:00,13833.0
2012-01-27 19:00:00,14217.0
2012-01-27 20:00:00,14234.0
2012-01-27 21:00:00,14311.0
2012-01-27 22:00:00,14159.0
2012-01-27 23:00:00,12090.0
2012-01-28 00:00:00,9650.0
2012-01-28 01:00:00,5239.0
2012-01-28 02:00:00,5080.0
2012-01-28 03:00:00,4555.0
2012-01-28 04:00:00,4404.0
2012-01-28 05:00:00,4397.0
2012-01-28 06:00:00,4431.0
2012-01-28 07:00:00,4372.0
2012-01-28 08:00:00,4462.0
2012-01-28 09:00:00,7813.0
2012-01-28 10:00:00,12161.0
2012-01-28 11:00:00,12805.0
2012-01-28 12:00:00,12921.0
2012-01-28 13:00:00,12938.0
2012-01-28 14:00:00,13041.0
2012-01-28 15:00:00,13142.0
2012-01-28 16:00:00,13678.0
2012-01-28 17:00:00,13769.0
2012-01-28 18:00:00,14884.0
2012-01-28 19:00:00,15313.0
2012-01-28 20:00:00,15178.0
2012-01-28 21:00:00,14862.0
2012-01-28 22:00:00,14768.0
2012-01-28 23:00:00,12239.0
2012-01-29 00:00:00,9137.0
2012-01-29 01:00:00,4833.0
2012-01-29 02:00:00,4703.0
2012-01-29 03:00:00,4279.0
2012-01-29 04:00:00,4124.0
2012-01-29 05:00:00,4162.0
2012-01-29 06:00:00,4120.0
2012-01-29 07:00:00,4595.0
2012-01-29 08:00:00,4426.0
2012-01-29 09:00:00,7198.0
2012-01-29 10:00:00,14691.0
2012-01-29 11:00:00,15709.0
2012-01-29 12:00:00,15370.0
2012-01-29 13:00:00,15438.0
2012-01-29 14:00:00,15602.0
2012-01-29 15:00:00,15664.0
2012-01-29 16:00:00,15687.0
2012-01-29 17:00:00,15708.0
2012-01-29 18:00:00,17005.0
2012-01-29 19:00:00,17156.0
2012-01-29 20:00:00,17197.0
2012-01-29 21:00:00,17104.0
2012-01-29 22:00:00,16955.0
2012-01-29 23:00:00,14462.0
2012-01-30 00:00:00,9103.0
2012-01-30 01:00:00,4885.0
2012-01-30 02:00:00,4676.0
2012-01-30 03:00:00,4296.0
2012-01-30 04:00:00,4033.0
2012-01-30 05:00:00,4028.0
2012-01-30 06:00:00,3852.0
2012-01-30 07:00:00,5536.0
2012-01-30 08:00:00,6410.0
2012-01-30 09:00:00,9317.0
2012-01-30 10:00:00,11998.0
2012-01-30 11:00:00,12702.0
2012-01-30 12:00:00,12867.0
2012-01-30 13:00:00,12893.0
2012-01-30 14:00:00,12857.0
2012-01-30 15:00:00,12880.0
2012-01-30 16:00:00,12877.0
2012-01-30 17:00:00,12849.0
2012-01-30 18:00:00,14105.0
2012-01-30 19:00:00,14396.0
2012-01-30 20:00:00,14368.0
2012-01-30 21:00:00,14373.0
2012-01-30 22:00:00,14207.0
2012-01-30 23:00:00,12018.0
2012-01-31 00:00:00,9556.0
2012-01-31 01:00:00,4875.0
2012-01-31 02:00:00,4701.0
2012-01-31 03:00:00,4227.0
2012-01-31 04:00:00,4146.0
2012-01-31 05:00:00,4023.0
2012-01-31 06:00:00,3850.0
2012-01-31 07:00:00,5605.0
2012-01-31 08:00:00,6332.0
2012-01-31 09:00:00,9327.0
2012-01-31 10:00:00,12281.0
2012-01-31 11:00:00,13055.0
2012-01-31 12:00:00,13132.0
2012-01-31 13:00:00,13216.0
2012-01-31 14:00:00,13171.0
2012-01-31 15:00:00,13196.0
2012-01-31 16:00:00,13162.0
2012-01-31 17:00:00,13128.0
2012-01-31 18:00:00,14350.0
2012-01-31 19:00:00,14626.0
2012-01-31 20:00:00,14649.0
2012-01-31 21:00:00,14596.0
2012-01-31 22:00:00,14533.0
2012-01-31 23:00:00,12079.0
2012-02-01 00:00:00,9652.0
2012-02-01 01:00:00,4981.0
2012-02-01 02:00:00,4915.0
2012-02-01 03:00:00,4340.0
2012-02-01 04:00:00,4254.0
2012-02-01 05:00:00,4304.0
2012-02-01 06:00:00,4233.0
2012-02-01 07:00:00,5984.0
2012-02-01 08:00:00,6067.0
2012-02-01 09:00:00,9019.0
2012-02-01 10:00:00,12160.0
2012-02-01 11:00:00,12959.0
2012-02-01 12:00:00,13027.0
2012-02-01 13:00:00,13116.0
2012-02-01 14:00:00,13035.0
2012-02-01 15:00:00,13023.0
2012-02-01 16:00:00,13026.0
2012-02-01 17:00:00,13460.0
2012-02-01 18:00:00,14291.0
2012-02-01 19:00:00,14761.0
2012-02-01 20:00:00,14680.0
2012-02-01 21:00:00,14673.0
2012-02-01 22:00:00,14567.0
2012-02-01 23:00:00,12319.0
2012-02-02 00:00:00,9773.0
2012-02-02 01:00:00,4984.0
2012-02-02 02:00:00,4889.0
2012-02-02 03:00:00,4507.0
2012-02-02 04:00:00,4203.0
2012-02-02 05:00:00,4270.0
2012-02-02 06:00:00,4211.0
2012-02-02 07:00:00,4992.0
2012-02-02 08:00:00,6168.0
2012-02-02 09:00:00,9406.0
2012-02-02 10:00:00,12225.0
2012-02-02 11:00:00,12772.0
2012-02-02 12:00:00,13364.0
2012-02-02 13:00:00,13361.0
2012-02-02 14:00:00,14107.0
2012-02-02 15:00:00,13784.0
2012-02-02 16:00:00,12995.0
2012-02-02 17:00:00,13216.0
2012-02-02 18:00:00,14446.0
2012-02-02 19:00:00,14841.0
2012-02-02 20:00:00,14859.0
2012-02-02 21:00:00,14665.0
2012-02-02 22:00:00,14520.0
2012-02-02 23:00:00,11993.0
2012-02-03 00:00:00,9988.0
2012-02-03 01:00:00,4739.0
2012-02-03 02:00:00,4801.0
2012-02-03 03:00:00,4328.0
2012-02-03 04:00:00,4143.0
2012-02-03 05:00:00,4132.0
2012-02-03 06:00:00,4213.0
2012-02-03 07:00:00,6290.0
2012-02-03 08:00:00,6520.0
2012-02-03 09:00:00,9290.0
2012-02-03 10:00:00,12005.0
2012-02-03 11:00:00,12673.0
2012-02-03 12:00:00,12978.0
2012-02-03 13:00:00,13178.0
2012-02-03 14:00:00,13028.0
2012-02-03 15:00:00,13345.0
2012-02-03 16:00:00,13130.0
2012-02-03 17:00:00,13120.0
2012-02-03 18:00:00,14047.0
2012-02-03 19:00:00,14558.0
2012-02-03 20:00:00,14484.0
2012-02-03 21:00:00,14519.0
2012-02-03 22:00:00,14411.0
2012-02-03 23:00:00,12280.0
2012-02-04 00:00:00,9341.0
2012-02-04 01:00:00,4814.0
2012-02-04 02:00:00,4728.0
2012-02-04 03:00:00,4218.0
2012-02-04 04:00:00,4065.0
2012-02-04 05:00:00,4058.0
2012-02-04 06:00:00,4117.0
2012-02-04 07:00:00,4477.0
2012-02-04 08:00:00,4426.0
2012-02-04 09:00:00,7587.0
2012-02-04 10:00:00,12180.0
2012-02-04 11:00:00,14278.0
2012-02-04 12:00:00,13327.0
2012-02-04 13:00:00,13409.0
2012-02-04 14:00:00,13484.0
2012-02-04 15:00:00,13560.0
2012-02-04 16:00:00,13980.0
2012-02-04 17:00:00,14069.0
2012-02-04 18:00:00,15296.0
2012-02-04 19:00:00,15804.0
2012-02-04 20:00:00,15875.0
2012-02-04 21:00:00,15770.0
2012-02-04 22:00:00,15468.0
2012-02-04 23:00:00,12668.0
2012-02-05 00:00:00,9576.0
2012-02-05 01:00:00,4719.0
2012-02-05 02:00:00,4667.0
2012-02-05 03:00:00,4249.0
2012-02-05 04:00:00,4072.0
2012-02-05 05:00:00,4055.0
2012-02-05 06:00:00,4120.0
2012-02-05 07:00:00,4468.0
2012-02-05 08:00:00,4371.0
2012-02-05 09:00:00,7634.0
2012-02-05 10:00:00,14558.0
2012-02-05 11:00:00,14788.0
2012-02-05 12:00:00,14831.0
2012-02-05 13:00:00,15041.0
2012-02-05 14:00:00,15589.0
2012-02-05 15:00:00,15583.0
2012-02-05 16:00:00,15619.0
2012-02-05 17:00:00,16608.0
2012-02-05 18:00:00,17694.0
2012-02-05 19:00:00,18046.0
2012-02-05 20:00:00,16811.0
2012-02-05 21:00:00,16889.0
2012-02-05 22:00:00,16734.0
2012-02-05 23:00:00,14026.0
2012-02-06 00:00:00,8749.0
2012-02-06 01:00:00,4883.0
2012-02-06 02:00:00,4806.0
2012-02-06 03:00:00,4343.0
2012-02-06 04:00:00,4160.0
2012-02-06 05:00:00,4141.0
2012-02-06 06:00:00,4166.0
2012-02-06 07:00:00,5480.0
2012-02-06 08:00:00,6337.0
2012-02-06 09:00:00,9202.0
2012-02-06 10:00:00,12141.0
2012-02-06 11:00:00,13062.0
2012-02-06 12:00:00,13077.0
2012-02-06 13:00:00,13080.0
2012-02-06 14:00:00,13026.0
2012-02-06 15:00:00,13140.0
2012-02-06 16:00:00,13020.0
2012-02-06 17:00:00,12989.0
2012-02-06 18:00:00,14214.0
2012-02-06 19:00:00,14812.0
2012-02-06 20:00:00,14719.0
2012-02-06 21:00:00,14638.0
2012-02-06 22:00:00,14680.0
2012-02-06 23:00:00,12243.0
2012-02-07 00:00:00,9609.0
2012-02-07 01:00:00,4864.0
2012-02-07 02:00:00,4678.0
2012-02-07 03:00:00,4204.0
2012-02-07 04:00:00,3904.0
2012-02-07 05:00:00,3950.0
2012-02-07 06:00:00,3709.0
2012-02-07 07:00:00,4760.0
2012-02-07 08:00:00,6149.0
2012-02-07 09:00:00,9209.0
2012-02-07 10:00:00,11924.0
2012-02-07 11:00:00,13394.0
2012-02-07 12:00:00,12695.0
2012-02-07 13:00:00,12754.0
2012-02-07 14:00:00,12970.0
2012-02-07 15:00:00,12818.0
2012-02-07 16:00:00,12680.0
2012-02-07 17:00:00,12660.0
2012-02-07 18:00:00,13844.0
2012-02-07 19:00:00,14519.0
2012-02-07 20:00:00,14503.0
2012-02-07 21:00:00,14347.0
2012-02-07 22:00:00,13762.0
2012-02-07 23:00:00,11497.0
2012-02-08 00:00:00,9499.0
2012-02-08 01:00:00,4616.0
2012-02-08 02:00:00,4477.0
2012-02-08 03:00:00,3968.0
2012-02-08 04:00:00,3732.0
2012-02-08 05:00:00,3715.0
2012-02-08 06:00:00,3699.0
2012-02-08 07:00:00,5104.0
2012-02-08 08:00:00,6178.0
2012-02-08 09:00:00,8888.0
2012-02-08 10:00:00,11781.0
2012-02-08 11:00:00,12603.0
2012-02-08 12:00:00,12946.0
2012-02-08 13:00:00,13074.0
2012-02-08 14:00:00,13005.0
2012-02-08 15:00:00,13095.0
2012-02-08 16:00:00,12912.0
2012-02-08 17:00:00,12945.0
2012-02-08 18:00:00,14133.0
2012-02-08 19:00:00,14623.0
2012-02-08 20:00:00,14620.0
2012-02-08 21:00:00,14581.0
2012-02-08 22:00:00,13895.0
2012-02-08 23:00:00,11455.0
2012-02-09 00:00:00,9050.0
2012-02-09 01:00:00,4856.0
2012-02-09 02:00:00,4701.0
2012-02-09 03:00:00,4302.0
2012-02-09 04:00:00,4198.0
2012-02-09 05:00:00,4311.0
2012-02-09 06:00:00,4253.0
2012-02-09 07:00:00,5323.0
2012-02-09 08:00:00,6228.0
2012-02-09 09:00:00,9000.0
2012-02-09 10:00:00,11925.0
2012-02-09 11:00:00,12708.0
2012-02-09 12:00:00,12783.0
2012-02-09 13:00:00,12842.0
2012-02-09 14:00:00,12862.0
2012-02-09 15:00:00,12825.0
2012-02-09 16:00:00,12799.0
2012-02-09 17:00:00,12765.0
2012-02-09 18:00:00,14004.0
2012-02-09 19:00:00,14658.0
2012-02-09 20:00:00,14608.0
2012-02-09 21:00:00,14566.0
2012-02-09 22:00:00,13801.0
2012-02-09 23:00:00,11607.0
2012-02-10 00:00:00,9525.0
2012-02-10 01:00:00,4986.0
2012-02-10 02:00:00,4905.0
2012-02-10 03:00:00,4428.0
2012-02-10 04:00:00,4321.0
2012-02-10 05:00:00,4398.0
2012-02-10 06:00:00,4337.0
2012-02-10 07:00:00,5434.0
2012-02-10 08:00:00,6434.0
2012-02-10 09:00:00,9104.0
2012-02-10 10:00:00,12156.0
2012-02-10 11:00:00,13047.0
2012-02-10 12:00:00,12859.0
2012-02-10 13:00:00,12915.0
2012-02-10 14:00:00,13223.0
2012-02-10 15:00:00,17326.0
2012-02-10 16:00:00,17414.0
2012-02-10 17:00:00,16979.0
2012-02-10 18:00:00,14022.0
2012-02-10 19:00:00,14864.0
2012-02-10 20:00:00,14864.0
2012-02-10 21:00:00,14197.0
2012-02-10 22:00:00,12821.0
2012-02-10 23:00:00,11795.0
2012-02-11 00:00:00,9970.0
2012-02-11 01:00:00,5075.0
2012-02-11 02:00:00,4802.0
2012-02-11 03:00:00,4300.0
2012-02-11 04:00:00,4184.0
2012-02-11 05:00:00,4167.0
2012-02-11 06:00:00,4152.0
2012-02-11 07:00:00,4629.0
2012-02-11 08:00:00,4456.0
2012-02-11 09:00:00,7675.0
2012-02-11 10:00:00,11327.0
2012-02-11 11:00:00,12753.0
2012-02-11 12:00:00,13016.0
2012-02-11 13:00:00,13032.0
2012-02-11 14:00:00,13035.0
2012-02-11 15:00:00,12902.0
2012-02-11 16:00:00,13596.0
2012-02-11 17:00:00,13843.0
2012-02-11 18:00:00,15192.0
2012-02-11 19:00:00,15814.0
2012-02-11 20:00:00,15598.0
2012-02-11 21:00:00,14953.0
2012-02-11 22:00:00,17219.0
2012-02-11 23:00:00,19464.0
2012-02-12 00:00:00,10936.0
2012-02-12 01:00:00,5078.0
2012-02-12 02:00:00,4796.0
2012-02-12 03:00:00,4376.0
2012-02-12 04:00:00,4192.0
2012-02-12 05:00:00,4291.0
2012-02-12 06:00:00,4291.0
2012-02-12 07:00:00,4458.0
2012-02-12 08:00:00,4307.0
2012-02-12 09:00:00,7173.0
2012-02-12 10:00:00,13635.0
2012-02-12 11:00:00,15072.0
2012-02-12 12:00:00,15141.0
2012-02-12 13:00:00,15114.0
2012-02-12 14:00:00,15176.0
2012-02-12 15:00:00,15409.0
2012-02-12 16:00:00,15231.0
2012-02-12 17:00:00,15267.0
2012-02-12 18:00:00,16326.0
2012-02-12 19:00:00,17005.0
2012-02-12 20:00:00,16859.0
2012-02-12 21:00:00,16061.0
2012-02-12 22:00:00,14686.0
2012-02-12 23:00:00,12760.0
2012-02-13 00:00:00,8804.0
2012-02-13 01:00:00,4805.0
2012-02-13 02:00:00,4651.0
2012-02-13 03:00:00,4217.0
2012-02-13 04:00:00,4034.0
2012-02-13 05:00:00,4036.0
2012-02-13 06:00:00,4018.0
2012-02-13 07:00:00,5819.0
2012-02-13 08:00:00,6085.0
2012-02-13 09:00:00,8778.0
2012-02-13 10:00:00,11050.0
2012-02-13 11:00:00,12363.0
2012-02-13 12:00:00,12803.0
2012-02-13 13:00:00,12807.0
2012-02-13 14:00:00,12785.0
2012-02-13 15:00:00,12838.0
2012-02-13 16:00:00,12649.0
2012-02-13 17:00:00,12638.0
2012-02-13 18:00:00,13780.0
2012-02-13 19:00:00,14487.0
2012-02-13 20:00:00,14460.0
2012-02-13 21:00:00,13998.0
2012-02-13 22:00:00,12675.0
2012-02-13 23:00:00,11516.0
2012-02-14 00:00:00,9064.0
2012-02-14 01:00:00,5150.0
2012-02-14 02:00:00,5048.0
2012-02-14 03:00:00,4549.0
2012-02-14 04:00:00,4376.0
2012-02-14 05:00:00,4359.0
2012-02-14 06:00:00,4355.0
2012-02-14 07:00:00,5611.0
2012-02-14 08:00:00,6242.0
2012-02-14 09:00:00,9018.0
2012-02-14 10:00:00,11127.0
2012-02-14 11:00:00,12030.0
2012-02-14 12:00:00,12415.0
2012-02-14 13:00:00,12611.0
2012-02-14 14:00:00,12524.0
2012-02-14 15:00:00,12542.0
2012-02-14 16:00:00,12576.0
2012-02-14 17:00:00,12503.0
2012-02-14 18:00:00,13632.0
2012-02-14 19:00:00,14338.0
2012-02-14 20:00:00,14409.0
2012-02-14 21:00:00,13862.0
2012-02-14 22:00:00,12392.0
2012-02-14 23:00:00,11676.0
2012-02-15 00:00:00,9259.0
2012-02-15 01:00:00,4819.0
2012-02-15 02:00:00,4765.0
2012-02-15 03:00:00,4282.0
2012-02-15 04:00:00,4172.0
2012-02-15 05:00:00,5125.0
2012-02-15 06:00:00,4010.0
2012-02-15 07:00:00,5148.0
2012-02-15 08:00:00,6441.0
2012-02-15 09:00:00,8987.0
2012-02-15 10:00:00,11591.0
2012-02-15 11:00:00,12703.0
2012-02-15 12:00:00,12971.0
2012-02-15 13:00:00,12989.0
2012-02-15 14:00:00,12981.0
2012-02-15 15:00:00,12771.0
2012-02-15 16:00:00,12703.0
2012-02-15 17:00:00,12916.0
2012-02-15 18:00:00,13874.0
2012-02-15 19:00:00,14399.0
2012-02-15 20:00:00,14595.0
2012-02-15 21:00:00,13955.0
2012-02-15 22:00:00,12476.0
2012-02-15 23:00:00,11480.0
2012-02-16 00:00:00,9123.0
2012-02-16 01:00:00,4716.0
2012-02-16 02:00:00,4499.0
2012-02-16 03:00:00,3995.0
2012-02-16 04:00:00,3862.0
2012-02-16 05:00:00,3803.0
2012-02-16 06:00:00,3722.0
2012-02-16 07:00:00,5412.0
2012-02-16 08:00:00,6009.0
2012-02-16 09:00:00,8524.0
2012-02-16 10:00:00,11172.0
2012-02-16 11:00:00,12419.0
2012-02-16 12:00:00,12615.0
2012-02-16 13:00:00,12712.0
2012-02-16 14:00:00,12630.0
2012-02-16 15:00:00,12620.0
2012-02-16 16:00:00,12683.0
2012-02-16 17:00:00,12594.0
2012-02-16 18:00:00,13574.0
2012-02-16 19:00:00,14370.0
2012-02-16 20:00:00,14410.0
2012-02-16 21:00:00,13975.0
2012-02-16 22:00:00,12660.0
2012-02-16 23:00:00,11707.0
2012-02-17 00:00:00,9439.0
2012-02-17 01:00:00,5064.0
2012-02-17 02:00:00,4877.0
2012-02-17 03:00:00,4335.0
2012-02-17 04:00:00,4206.0
2012-02-17 05:00:00,4276.0
2012-02-17 06:00:00,4260.0
2012-02-17 07:00:00,6036.0
2012-02-17 08:00:00,6339.0
2012-02-17 09:00:00,8892.0
2012-02-17 10:00:00,11190.0
2012-02-17 11:00:00,12176.0
2012-02-17 12:00:00,12536.0
2012-02-17 13:00:00,12666.0
2012-02-17 14:00:00,13016.0
2012-02-17 15:00:00,12568.0
2012-02-17 16:00:00,12482.0
2012-02-17 17:00:00,12576.0
2012-02-17 18:00:00,13532.0
2012-02-17 19:00:00,14370.0
2012-02-17 20:00:00,14419.0
2012-02-17 21:00:00,13795.0
2012-02-17 22:00:00,12440.0
2012-02-17 23:00:00,11631.0
2012-02-18 00:00:00,9354.0
2012-02-18 01:00:00,5070.0
2012-02-18 02:00:00,4985.0
2012-02-18 03:00:00,4493.0
2012-02-18 04:00:00,4072.0
2012-02-18 05:00:00,4087.0
2012-02-18 06:00:00,4040.0
2012-02-18 07:00:00,4310.0
2012-02-18 08:00:00,4283.0
2012-02-18 09:00:00,7740.0
2012-02-18 10:00:00,11352.0
2012-02-18 11:00:00,12664.0
2012-02-18 12:00:00,12979.0
2012-02-18 13:00:00,13111.0
2012-02-18 14:00:00,13247.0
2012-02-18 15:00:00,13241.0
2012-02-18 16:00:00,13209.0
2012-02-18 17:00:00,13269.0
2012-02-18 18:00:00,14119.0
2012-02-18 19:00:00,15116.0
2012-02-18 20:00:00,15064.0
2012-02-18 21:00:00,14405.0
2012-02-18 22:00:00,12679.0
2012-02-18 23:00:00,11302.0
2012-02-19 00:00:00,8950.0
2012-02-19 01:00:00,4725.0
2012-02-19 02:00:00,4542.0
2012-02-19 03:00:00,4170.0
2012-02-19 04:00:00,4062.0
2012-02-19 05:00:00,4058.0
2012-02-19 06:00:00,4008.0
2012-02-19 07:00:00,4312.0
2012-02-19 08:00:00,4165.0
2012-02-19 09:00:00,10856.0
2012-02-19 10:00:00,13805.0
2012-02-19 11:00:00,14230.0
2012-02-19 12:00:00,14918.0
2012-02-19 13:00:00,14773.0
2012-02-19 14:00:00,14823.0
2012-02-19 15:00:00,15033.0
2012-02-19 16:00:00,15088.0
2012-02-19 17:00:00,15140.0
2012-02-19 18:00:00,15951.0
2012-02-19 19:00:00,16753.0
2012-02-19 20:00:00,16709.0
2012-02-19 21:00:00,16129.0
2012-02-19 22:00:00,14984.0
2012-02-19 23:00:00,12009.0
2012-02-20 00:00:00,8786.0
2012-02-20 01:00:00,4809.0
2012-02-20 02:00:00,4577.0
2012-02-20 03:00:00,4104.0
2012-02-20 04:00:00,4010.0
2012-02-20 05:00:00,4020.0
2012-02-20 06:00:00,4015.0
2012-02-20 07:00:00,5755.0
2012-02-20 08:00:00,6023.0
2012-02-20 09:00:00,8574.0
2012-02-20 10:00:00,11192.0
2012-02-20 11:00:00,12464.0
2012-02-20 12:00:00,12854.0
2012-02-20 13:00:00,13326.0
2012-02-20 14:00:00,13467.0
2012-02-20 15:00:00,13493.0
2012-02-20 16:00:00,13302.0
2012-02-20 17:00:00,12886.0
2012-02-20 18:00:00,13819.0
2012-02-20 19:00:00,14680.0
2012-02-20 20:00:00,14690.0
2012-02-20 21:00:00,14023.0
2012-02-20 22:00:00,12526.0
2012-02-20 23:00:00,11547.0
2012-02-21 00:00:00,9418.0
2012-02-21 01:00:00,4532.0
2012-02-21 02:00:00,4395.0
2012-02-21 03:00:00,3849.0
2012-02-21 04:00:00,3820.0
2012-02-21 05:00:00,3778.0
2012-02-21 06:00:00,3768.0
2012-02-21 07:00:00,5582.0
2012-02-21 08:00:00,5986.0
2012-02-21 09:00:00,8324.0
2012-02-21 10:00:00,10784.0
2012-02-21 11:00:00,12319.0
2012-02-21 12:00:00,12625.0
2012-02-21 13:00:00,12588.0
2012-02-21 14:00:00,13310.0
2012-02-21 15:00:00,13432.0
2012-02-21 16:00:00,13438.0
2012-02-21 17:00:00,13264.0
2012-02-21 18:00:00,14057.0
2012-02-21 19:00:00,14678.0
2012-02-21 20:00:00,14557.0
2012-02-21 21:00:00,14185.0
2012-02-21 22:00:00,12544.0
2012-02-21 23:00:00,11658.0
2012-02-22 00:00:00,9475.0
2012-02-22 01:00:00,4878.0
2012-02-22 02:00:00,4685.0
2012-02-22 03:00:00,4222.0
2012-02-22 04:00:00,4131.0
2012-02-22 05:00:00,4147.0
2012-02-22 06:00:00,4075.0
2012-02-22 07:00:00,5969.0
2012-02-22 08:00:00,6516.0
2012-02-22 09:00:00,9110.0
2012-02-22 10:00:00,11117.0
2012-02-22 11:00:00,12402.0
2012-02-22 12:00:00,12872.0
2012-02-22 13:00:00,13311.0
2012-02-22 14:00:00,13217.0
2012-02-22 15:00:00,13223.0
2012-02-22 16:00:00,13275.0
2012-02-22 17:00:00,13256.0
2012-02-22 18:00:00,14141.0
2012-02-22 19:00:00,14822.0
2012-02-22 20:00:00,14853.0
2012-02-22 21:00:00,14095.0
2012-02-22 22:00:00,12301.0
2012-02-22 23:00:00,11498.0
2012-02-23 00:00:00,9472.0
2012-02-23 01:00:00,4518.0
2012-02-23 02:00:00,4245.0
2012-02-23 03:00:00,3729.0
2012-02-23 04:00:00,3643.0
2012-02-23 05:00:00,3614.0
2012-02-23 06:00:00,3578.0
2012-02-23 07:00:00,5310.0
2012-02-23 08:00:00,5643.0
2012-02-23 09:00:00,8659.0
2012-02-23 10:00:00,11010.0
2012-02-23 11:00:00,12096.0
2012-02-23 12:00:00,12345.0
2012-02-23 13:00:00,12499.0
2012-02-23 14:00:00,12498.0
2012-02-23 15:00:00,12571.0
2012-02-23 16:00:00,12472.0
2012-02-23 17:00:00,12434.0
2012-02-23 18:00:00,13285.0
2012-02-23 19:00:00,14184.0
2012-02-23 20:00:00,14206.0
2012-02-23 21:00:00,13536.0
2012-02-23 22:00:00,12160.0
2012-02-23 23:00:00,11521.0
2012-02-24 00:00:00,9359.0
2012-02-24 01:00:00,4550.0
2012-02-24 02:00:00,4466.0
2012-02-24 03:00:00,4048.0
2012-02-24 04:00:00,3876.0
2012-02-24 05:00:00,3741.0
2012-02-24 06:00:00,3726.0
2012-02-24 07:00:00,5348.0
2012-02-24 08:00:00,5795.0
2012-02-24 09:00:00,8898.0
2012-02-24 10:00:00,11075.0
2012-02-24 11:00:00,12179.0
2012-02-24 12:00:00,12589.0
2012-02-24 13:00:00,12621.0
2012-02-24 14:00:00,12715.0
2012-02-24 15:00:00,12952.0
2012-02-24 16:00:00,12861.0
2012-02-24 17:00:00,12849.0
2012-02-24 18:00:00,13786.0
2012-02-24 19:00:00,14659.0
2012-02-24 20:00:00,14782.0
2012-02-24 21:00:00,13949.0
2012-02-24 22:00:00,12555.0
2012-02-24 23:00:00,11521.0
2012-02-25 00:00:00,9369.0
2012-02-25 01:00:00,4825.0
2012-02-25 02:00:00,4512.0
2012-02-25 03:00:00,4082.0
2012-02-25 04:00:00,3954.0
2012-02-25 05:00:00,3916.0
2012-02-25 06:00:00,3931.0
2012-02-25 07:00:00,4284.0
2012-02-25 08:00:00,4159.0
2012-02-25 09:00:00,7613.0
2012-02-25 10:00:00,11246.0
2012-02-25 11:00:00,12468.0
2012-02-25 12:00:00,12903.0
2012-02-25 13:00:00,13574.0
2012-02-25 14:00:00,13449.0
2012-02-25 15:00:00,13442.0
2012-02-25 16:00:00,13545.0
2012-02-25 17:00:00,13483.0
2012-02-25 18:00:00,14288.0
2012-02-25 19:00:00,15232.0
2012-02-25 20:00:00,15083.0
2012-02-25 21:00:00,14119.0
2012-02-25 22:00:00,12324.0
2012-02-25 23:00:00,10919.0
2012-02-26 00:00:00,8809.0
2012-02-26 01:00:00,4732.0
2012-02-26 02:00:00,4457.0
2012-02-26 03:00:00,4015.0
2012-02-26 04:00:00,3985.0
2012-02-26 05:00:00,4013.0
2012-02-26 06:00:00,3952.0
2012-02-26 07:00:00,4404.0
2012-02-26 08:00:00,4224.0
2012-02-26 09:00:00,7092.0
2012-02-26 10:00:00,15513.0
2012-02-26 11:00:00,15462.0
2012-02-26 12:00:00,15749.0
2012-02-26 13:00:00,15791.0
2012-02-26 14:00:00,15883.0
2012-02-26 15:00:00,16264.0
2012-02-26 16:00:00,16283.0
2012-02-26 17:00:00,16139.0
2012-02-26 18:00:00,16834.0
2012-02-26 19:00:00,17627.0
2012-02-26 20:00:00,17559.0
2012-02-26 21:00:00,16418.0
2012-02-26 22:00:00,14886.0
2012-02-26 23:00:00,13633.0
2012-02-27 00:00:00,8546.0
2012-02-27 01:00:00,4162.0
2012-02-27 02:00:00,4238.0
2012-02-27 03:00:00,3981.0
2012-02-27 04:00:00,3859.0
2012-02-27 05:00:00,3863.0
2012-02-27 06:00:00,3938.0
2012-02-27 07:00:00,5546.0
2012-02-27 08:00:00,6281.0
2012-02-27 09:00:00,9107.0
2012-02-27 10:00:00,11590.0
2012-02-27 11:00:00,12914.0
2012-02-27 12:00:00,13174.0
2012-02-27 13:00:00,13287.0
2012-02-27 14:00:00,13234.0
2012-02-27 15:00:00,14059.0
2012-02-27 16:00:00,13285.0
2012-02-27 17:00:00,13062.0
2012-02-27 18:00:00,13959.0
2012-02-27 19:00:00,14860.0
2012-02-27 20:00:00,14411.0
2012-02-27 21:00:00,13842.0
2012-02-27 22:00:00,12381.0
2012-02-27 23:00:00,11545.0
2012-02-28 00:00:00,9332.0
2012-02-28 01:00:00,4681.0
2012-02-28 02:00:00,4871.0
2012-02-28 03:00:00,4420.0
2012-02-28 04:00:00,4298.0
2012-02-28 05:00:00,4264.0
2012-02-28 06:00:00,4298.0
2012-02-28 07:00:00,5959.0
2012-02-28 08:00:00,5945.0
2012-02-28 09:00:00,8888.0
2012-02-28 10:00:00,11151.0
2012-02-28 11:00:00,12183.0
2012-02-28 12:00:00,12604.0
2012-02-28 13:00:00,12764.0
2012-02-28 14:00:00,12725.0
2012-02-28 15:00:00,12654.0
2012-02-28 16:00:00,12687.0
2012-02-28 17:00:00,12681.0
2012-02-28 18:00:00,13427.0
2012-02-28 19:00:00,14276.0
2012-02-28 20:00:00,14409.0
2012-02-28 21:00:00,13981.0
2012-02-28 22:00:00,12476.0
2012-02-28 23:00:00,11608.0
2012-02-29 00:00:00,9361.0
2012-02-29 01:00:00,4821.0
2012-02-29 02:00:00,4700.0
2012-02-29 03:00:00,4275.0
2012-02-29 04:00:00,4174.0
2012-02-29 05:00:00,4197.0
2012-02-29 06:00:00,4186.0
2012-02-29 07:00:00,5347.0
2012-02-29 08:00:00,5630.0
2012-02-29 09:00:00,8882.0
2012-02-29 10:00:00,11152.0
2012-02-29 11:00:00,12113.0
2012-02-29 12:00:00,12467.0
2012-02-29 13:00:00,12536.0
2012-02-29 14:00:00,12615.0
2012-02-29 15:00:00,12671.0
2012-02-29 16:00:00,12625.0
2012-02-29 17:00:00,12517.0
2012-02-29 18:00:00,13307.0
2012-02-29 19:00:00,14239.0
2012-02-29 20:00:00,14390.0
2012-02-29 21:00:00,13815.0
2012-02-29 22:00:00,12523.0
2012-02-29 23:00:00,11659.0
2012-03-01 00:00:00,9364.0
2012-03-01 01:00:00,4414.0
2012-03-01 02:00:00,4713.0
2012-03-01 03:00:00,4812.0
2012-03-01 04:00:00,4185.0
2012-03-01 05:00:00,4033.0
2012-03-01 06:00:00,3841.0
2012-03-01 07:00:00,5771.0
2012-03-01 08:00:00,6254.0
2012-03-01 09:00:00,8908.0
2012-03-01 10:00:00,11162.0
2012-03-01 11:00:00,12397.0
2012-03-01 12:00:00,12690.0
2012-03-01 13:00:00,12792.0
2012-03-01 14:00:00,12779.0
2012-03-01 15:00:00,12743.0
2012-03-01 16:00:00,13623.0
2012-03-01 17:00:00,13851.0
2012-03-01 18:00:00,13865.0
2012-03-01 19:00:00,14529.0
2012-03-01 20:00:00,14516.0
2012-03-01 21:00:00,14005.0
2012-03-01 22:00:00,12418.0
2012-03-01 23:00:00,11480.0
2012-03-02 00:00:00,9184.0
2012-03-02 01:00:00,4540.0
2012-03-02 02:00:00,4036.0
2012-03-02 03:00:00,4063.0
2012-03-02 04:00:00,3869.0
2012-03-02 05:00:00,3835.0
2012-03-02 06:00:00,3692.0
2012-03-02 07:00:00,5400.0
2012-03-02 08:00:00,6293.0
2012-03-02 09:00:00,9002.0
2012-03-02 10:00:00,11257.0
2012-03-02 11:00:00,12449.0
2012-03-02 12:00:00,12806.0
2012-03-02 13:00:00,13003.0
2012-03-02 14:00:00,12859.0
2012-03-02 15:00:00,13273.0
2012-03-02 16:00:00,13229.0
2012-03-02 17:00:00,13566.0
2012-03-02 18:00:00,14741.0
2012-03-02 19:00:00,15328.0
2012-03-02 20:00:00,15243.0
2012-03-02 21:00:00,15047.0
2012-03-02 22:00:00,25159.0
2012-03-02 23:00:00,20501.0
2012-03-03 00:00:00,9886.0
2012-03-03 01:00:00,4539.0
2012-03-03 02:00:00,4312.0
2012-03-03 03:00:00,3773.0
2012-03-03 04:00:00,3595.0
2012-03-03 05:00:00,3562.0
2012-03-03 06:00:00,3558.0
2012-03-03 07:00:00,4057.0
2012-03-03 08:00:00,4196.0
2012-03-03 09:00:00,7291.0
2012-03-03 10:00:00,11486.0
2012-03-03 11:00:00,13496.0
2012-03-03 12:00:00,13413.0
2012-03-03 13:00:00,13420.0
2012-03-03 14:00:00,13545.0
2012-03-03 15:00:00,13579.0
2012-03-03 16:00:00,13638.0
2012-03-03 17:00:00,13695.0
2012-03-03 18:00:00,14997.0
2012-03-03 19:00:00,15462.0
2012-03-03 20:00:00,15529.0
2012-03-03 21:00:00,14883.0
2012-03-03 22:00:00,12884.0
2012-03-03 23:00:00,11206.0
2012-03-04 00:00:00,8891.0
2012-03-04 01:00:00,4444.0
2012-03-04 02:00:00,4114.0
2012-03-04 03:00:00,3713.0
2012-03-04 04:00:00,3585.0
2012-03-04 05:00:00,3548.0
2012-03-04 06:00:00,3546.0
2012-03-04 07:00:00,3995.0
2012-03-04 08:00:00,5259.0
2012-03-04 09:00:00,12326.0
2012-03-04 10:00:00,13755.0
2012-03-04 11:00:00,15928.0
2012-03-04 12:00:00,16314.0
2012-03-04 13:00:00,16334.0
2012-03-04 14:00:00,16303.0
2012-03-04 15:00:00,16495.0
2012-03-04 16:00:00,16726.0
2012-03-04 17:00:00,16680.0
2012-03-04 18:00:00,17054.0
2012-03-04 19:00:00,18014.0
2012-03-04 20:00:00,18010.0
2012-03-04 21:00:00,17040.0
2012-03-04 22:00:00,15394.0
2012-03-04 23:00:00,14044.0
2012-03-05 00:00:00,8749.0
2012-03-05 01:00:00,4618.0
2012-03-05 02:00:00,4444.0
2012-03-05 03:00:00,3964.0
2012-03-05 04:00:00,3770.0
2012-03-05 05:00:00,3756.0
2012-03-05 06:00:00,3784.0
2012-03-05 07:00:00,5118.0
2012-03-05 08:00:00,5514.0
2012-03-05 09:00:00,8282.0
2012-03-05 10:00:00,10635.0
2012-03-05 11:00:00,12394.0
2012-03-05 12:00:00,12958.0
2012-03-05 13:00:00,13430.0
2012-03-05 14:00:00,13132.0
2012-03-05 15:00:00,13424.0
2012-03-05 16:00:00,13206.0
2012-03-05 17:00:00,13145.0
2012-03-05 18:00:00,13791.0
2012-03-05 19:00:00,14784.0
2012-03-05 20:00:00,14582.0
2012-03-05 21:00:00,13870.0
2012-03-05 22:00:00,12541.0
2012-03-05 23:00:00,11552.0
2012-03-06 00:00:00,9169.0
2012-03-06 01:00:00,4451.0
2012-03-06 02:00:00,4283.0
2012-03-06 03:00:00,4071.0
2012-03-06 04:00:00,3962.0
2012-03-06 05:00:00,4255.0
2012-03-06 06:00:00,4213.0
2012-03-06 07:00:00,5714.0
2012-03-06 08:00:00,6326.0
2012-03-06 09:00:00,8868.0
2012-03-06 10:00:00,11361.0
2012-03-06 11:00:00,12421.0
2012-03-06 12:00:00,12753.0
2012-03-06 13:00:00,12827.0
2012-03-06 14:00:00,13415.0
2012-03-06 15:00:00,13522.0
2012-03-06 16:00:00,13206.0
2012-03-06 17:00:00,14156.0
2012-03-06 18:00:00,15156.0
2012-03-06 19:00:00,15480.0
2012-03-06 20:00:00,15463.0
2012-03-06 21:00:00,20238.0
2012-03-06 22:00:00,23053.0
2012-03-06 23:00:00,20380.0
2012-03-07 00:00:00,10082.0
2012-03-07 01:00:00,4779.0
2012-03-07 02:00:00,4700.0
2012-03-07 03:00:00,4275.0
2012-03-07 04:00:00,4174.0
2012-03-07 05:00:00,3839.0
2012-03-07 06:00:00,3689.0
2012-03-07 07:00:00,5637.0
2012-03-07 08:00:00,6213.0
2012-03-07 09:00:00,8853.0
2012-03-07 10:00:00,11299.0
2012-03-07 11:00:00,12572.0
2012-03-07 12:00:00,13326.0
2012-03-07 13:00:00,13487.0
2012-03-07 14:00:00,13330.0
2012-03-07 15:00:00,13570.0
2012-03-07 16:00:00,13429.0
2012-03-07 17:00:00,13384.0
2012-03-07 18:00:00,14042.0
2012-03-07 19:00:00,14909.0
2012-03-07 20:00:00,15044.0
2012-03-07 21:00:00,14268.0
2012-03-07 22:00:00,12534.0
2012-03-07 23:00:00,11452.0
2012-03-08 00:00:00,9269.0
2012-03-08 01:00:00,4537.0
2012-03-08 02:00:00,4550.0
2012-03-08 03:00:00,4021.0
2012-03-08 04:00:00,3931.0
2012-03-08 05:00:00,3920.0
2012-03-08 06:00:00,3789.0
2012-03-08 07:00:00,5228.0
2012-03-08 08:00:00,6222.0
2012-03-08 09:00:00,8878.0
2012-03-08 10:00:00,11331.0
2012-03-08 11:00:00,12565.0
2012-03-08 12:00:00,13521.0
2012-03-08 13:00:00,13813.0
2012-03-08 14:00:00,13581.0
2012-03-08 15:00:00,13388.0
2012-03-08 16:00:00,16392.0
2012-03-08 17:00:00,13885.0
2012-03-08 18:00:00,14114.0
2012-03-08 19:00:00,14988.0
2012-03-08 20:00:00,15218.0
2012-03-08 21:00:00,14581.0
2012-03-08 22:00:00,13015.0
2012-03-08 23:00:00,12026.0
2012-03-09 00:00:00,9705.0
2012-03-09 01:00:00,4547.0
2012-03-09 02:00:00,4036.0
2012-03-09 03:00:00,4063.0
2012-03-09 04:00:00,4013.0
2012-03-09 05:00:00,4124.0
2012-03-09 06:00:00,4083.0
2012-03-09 07:00:00,5314.0
2012-03-09 08:00:00,6279.0
2012-03-09 09:00:00,8977.0
2012-03-09 10:00:00,11342.0
2012-03-09 11:00:00,12971.0
2012-03-09 12:00:00,13635.0
2012-03-09 13:00:00,13665.0
2012-03-09 14:00:00,14783.0
2012-03-09 15:00:00,15766.0
2012-03-09 16:00:00,13986.0
2012-03-09 17:00:00,13719.0
2012-03-09 18:00:00,14099.0
2012-03-09 19:00:00,15030.0
2012-03-09 20:00:00,15226.0
2012-03-09 21:00:00,14733.0
2012-03-09 22:00:00,13208.0
2012-03-09 23:00:00,12123.0
2012-03-10 00:00:00,9518.0
2012-03-10 01:00:00,4523.0
2012-03-10 02:00:00,4280.0
2012-03-10 03:00:00,3750.0
2012-03-10 04:00:00,3526.0
2012-03-10 05:00:00,3587.0
2012-03-10 06:00:00,3539.0
2012-03-10 07:00:00,4030.0
2012-03-10 08:00:00,4038.0
2012-03-10 09:00:00,7629.0
2012-03-10 10:00:00,11746.0
2012-03-10 11:00:00,13270.0
2012-03-10 12:00:00,13639.0
2012-03-10 13:00:00,13823.0
2012-03-10 14:00:00,13869.0
2012-03-10 15:00:00,13929.0
2012-03-10 16:00:00,13835.0
2012-03-10 17:00:00,13907.0
2012-03-10 18:00:00,14344.0
2012-03-10 19:00:00,15332.0
2012-03-10 20:00:00,15509.0
2012-03-10 21:00:00,14771.0
2012-03-10 22:00:00,12554.0
2012-03-10 23:00:00,11021.0
2012-03-11 00:00:00,8630.0
2012-03-11 01:00:00,4383.0
2012-03-11 02:00:00,4070.0
2012-03-11 03:00:00,3613.0
2012-03-11 04:00:00,3461.0
2012-03-11 05:00:00,3501.0
2012-03-11 06:00:00,3485.0
2012-03-11 07:00:00,3968.0
2012-03-11 08:00:00,4137.0
2012-03-11 09:00:00,8113.0
2012-03-11 10:00:00,16020.0
2012-03-11 11:00:00,17023.0
2012-03-11 12:00:00,17382.0
2012-03-11 13:00:00,17569.0
2012-03-11 14:00:00,17662.0
2012-03-11 15:00:00,17900.0
2012-03-11 16:00:00,18220.0
2012-03-11 17:00:00,18158.0
2012-03-11 18:00:00,18465.0
2012-03-11 19:00:00,19527.0
2012-03-11 20:00:00,19414.0
2012-03-11 21:00:00,18433.0
2012-03-11 22:00:00,16532.0
2012-03-11 23:00:00,11355.0
2012-03-12 00:00:00,8429.0
2012-03-12 01:00:00,5082.0
2012-03-12 02:00:00,4923.0
2012-03-12 03:00:00,4426.0
2012-03-12 04:00:00,4210.0
2012-03-12 05:00:00,4202.0
2012-03-12 06:00:00,4184.0
2012-03-12 07:00:00,5644.0
2012-03-12 08:00:00,6212.0
2012-03-12 09:00:00,9156.0
2012-03-12 10:00:00,11803.0
2012-03-12 11:00:00,13384.0
2012-03-12 12:00:00,14100.0
2012-03-12 13:00:00,14280.0
2012-03-12 14:00:00,14375.0
2012-03-12 15:00:00,14168.0
2012-03-12 16:00:00,14755.0
2012-03-12 17:00:00,14856.0
2012-03-12 18:00:00,15051.0
2012-03-12 19:00:00,15855.0
2012-03-12 20:00:00,15565.0
2012-03-12 21:00:00,15010.0
2012-03-12 22:00:00,13203.0
2012-03-12 23:00:00,11643.0
2012-03-13 00:00:00,9071.0
2012-03-13 01:00:00,4966.0
2012-03-13 02:00:00,4808.0
2012-03-13 03:00:00,4303.0
2012-03-13 04:00:00,4117.0
2012-03-13 05:00:00,4093.0
2012-03-13 06:00:00,4213.0
2012-03-13 07:00:00,5099.0
2012-03-13 08:00:00,6200.0
2012-03-13 09:00:00,8912.0
2012-03-13 10:00:00,11390.0
2012-03-13 11:00:00,13406.0
2012-03-13 12:00:00,13838.0
2012-03-13 13:00:00,14518.0
2012-03-13 14:00:00,14492.0
2012-03-13 15:00:00,14446.0
2012-03-13 16:00:00,14565.0
2012-03-13 17:00:00,14537.0
2012-03-13 18:00:00,14833.0
2012-03-13 19:00:00,15537.0
2012-03-13 20:00:00,15633.0
2012-03-13 21:00:00,14942.0
2012-03-13 22:00:00,13280.0
2012-03-13 23:00:00,11581.0
2012-03-14 00:00:00,9068.0
2012-03-14 01:00:00,4738.0
2012-03-14 02:00:00,4819.0
2012-03-14 03:00:00,4233.0
2012-03-14 04:00:00,4097.0
2012-03-14 05:00:00,4058.0
2012-03-14 06:00:00,4059.0
2012-03-14 07:00:00,5296.0
2012-03-14 08:00:00,6470.0
2012-03-14 09:00:00,8949.0
2012-03-14 10:00:00,11457.0
2012-03-14 11:00:00,13065.0
2012-03-14 12:00:00,13680.0
2012-03-14 13:00:00,13845.0
2012-03-14 14:00:00,14077.0
2012-03-14 15:00:00,14456.0
2012-03-14 16:00:00,14651.0
2012-03-14 17:00:00,14527.0
2012-03-14 18:00:00,14955.0
2012-03-14 19:00:00,15825.0
2012-03-14 20:00:00,15644.0
2012-03-14 21:00:00,14915.0
2012-03-14 22:00:00,13255.0
2012-03-14 23:00:00,11591.0
2012-03-15 00:00:00,9078.0
2012-03-15 01:00:00,4793.0
2012-03-15 02:00:00,4723.0
2012-03-15 03:00:00,4166.0
2012-03-15 04:00:00,3994.0
2012-03-15 05:00:00,4011.0
2012-03-15 06:00:00,3963.0
2012-03-15 07:00:00,6065.0
2012-03-15 08:00:00,6599.0
2012-03-15 09:00:00,9123.0
2012-03-15 10:00:00,11549.0
2012-03-15 11:00:00,13607.0
2012-03-15 12:00:00,14290.0
2012-03-15 13:00:00,14296.0
2012-03-15 14:00:00,14213.0
2012-03-15 15:00:00,14093.0
2012-03-15 16:00:00,14802.0
2012-03-15 17:00:00,15188.0
2012-03-15 18:00:00,15094.0
2012-03-15 19:00:00,15489.0
2012-03-15 20:00:00,15594.0
2012-03-15 21:00:00,14839.0
2012-03-15 22:00:00,12909.0
2012-03-15 23:00:00,11616.0
2012-03-16 00:00:00,9290.0
2012-03-16 01:00:00,4819.0
2012-03-16 02:00:00,4658.0
2012-03-16 03:00:00,4095.0
2012-03-16 04:00:00,3903.0
2012-03-16 05:00:00,3889.0
2012-03-16 06:00:00,3913.0
2012-03-16 07:00:00,6023.0
2012-03-16 08:00:00,6517.0
2012-03-16 09:00:00,9232.0
2012-03-16 10:00:00,11618.0
2012-03-16 11:00:00,12923.0
2012-03-16 12:00:00,13323.0
2012-03-16 13:00:00,13476.0
2012-03-16 14:00:00,13359.0
2012-03-16 15:00:00,13537.0
2012-03-16 16:00:00,14175.0
2012-03-16 17:00:00,13887.0
2012-03-16 18:00:00,15075.0
2012-03-16 19:00:00,16251.0
2012-03-16 20:00:00,16581.0
2012-03-16 21:00:00,15736.0
2012-03-16 22:00:00,14252.0
2012-03-16 23:00:00,23859.0
2012-03-17 00:00:00,12940.0
2012-03-17 01:00:00,4564.0
2012-03-17 02:00:00,4483.0
2012-03-17 03:00:00,3928.0
2012-03-17 04:00:00,3770.0
2012-03-17 05:00:00,3750.0
2012-03-17 06:00:00,3760.0
2012-03-17 07:00:00,4256.0
2012-03-17 08:00:00,4172.0
2012-03-17 09:00:00,8103.0
2012-03-17 10:00:00,12575.0
2012-03-17 11:00:00,14199.0
2012-03-17 12:00:00,14238.0
2012-03-17 13:00:00,14006.0
2012-03-17 14:00:00,14051.0
2012-03-17 15:00:00,14095.0
2012-03-17 16:00:00,14199.0
2012-03-17 17:00:00,14084.0
2012-03-17 18:00:00,14742.0
2012-03-17 19:00:00,15589.0
2012-03-17 20:00:00,15864.0
2012-03-17 21:00:00,14897.0
2012-03-17 22:00:00,13019.0
2012-03-17 23:00:00,11384.0
2012-03-18 00:00:00,8818.0
2012-03-18 01:00:00,4643.0
2012-03-18 02:00:00,4399.0
2012-03-18 03:00:00,3905.0
2012-03-18 04:00:00,3741.0
2012-03-18 05:00:00,3725.0
2012-03-18 06:00:00,3740.0
2012-03-18 07:00:00,4135.0
2012-03-18 08:00:00,4207.0
2012-03-18 09:00:00,12697.0
2012-03-18 10:00:00,14544.0
2012-03-18 11:00:00,16085.0
2012-03-18 12:00:00,17479.0
2012-03-18 13:00:00,17379.0
2012-03-18 14:00:00,17525.0
2012-03-18 15:00:00,17641.0
2012-03-18 16:00:00,17724.0
2012-03-18 17:00:00,17687.0
2012-03-18 18:00:00,17981.0
2012-03-18 19:00:00,19058.0
2012-03-18 20:00:00,19183.0
2012-03-18 21:00:00,17267.0
2012-03-18 22:00:00,15657.0
2012-03-18 23:00:00,13204.0
2012-03-19 00:00:00,8651.0
2012-03-19 01:00:00,4522.0
2012-03-19 02:00:00,4355.0
2012-03-19 03:00:00,3728.0
2012-03-19 04:00:00,3532.0
2012-03-19 05:00:00,3489.0
2012-03-19 06:00:00,3544.0
2012-03-19 07:00:00,5726.0
2012-03-19 08:00:00,6061.0
2012-03-19 09:00:00,9113.0
2012-03-19 10:00:00,11338.0
2012-03-19 11:00:00,13079.0
2012-03-19 12:00:00,13655.0
2012-03-19 13:00:00,13773.0
2012-03-19 14:00:00,14405.0
2012-03-19 15:00:00,15343.0
2012-03-19 16:00:00,13899.0
2012-03-19 17:00:00,13802.0
2012-03-19 18:00:00,14098.0
2012-03-19 19:00:00,15017.0
2012-03-19 20:00:00,15276.0
2012-03-19 21:00:00,14580.0
2012-03-19 22:00:00,12734.0
2012-03-19 23:00:00,11603.0
2012-03-20 00:00:00,9105.0
2012-03-20 01:00:00,4863.0
2012-03-20 02:00:00,4717.0
2012-03-20 03:00:00,4164.0
2012-03-20 04:00:00,3973.0
2012-03-20 05:00:00,3957.0
2012-03-20 06:00:00,3916.0
2012-03-20 07:00:00,5525.0
2012-03-20 08:00:00,6269.0
2012-03-20 09:00:00,9062.0
2012-03-20 10:00:00,11354.0
2012-03-20 11:00:00,12805.0
2012-03-20 12:00:00,13176.0
2012-03-20 13:00:00,13701.0
2012-03-20 14:00:00,13684.0
2012-03-20 15:00:00,13686.0
2012-03-20 16:00:00,13798.0
2012-03-20 17:00:00,13650.0
2012-03-20 18:00:00,14593.0
2012-03-20 19:00:00,15989.0
2012-03-20 20:00:00,16083.0
2012-03-20 21:00:00,15410.0
2012-03-20 22:00:00,13909.0
2012-03-20 23:00:00,14508.0
2012-03-21 00:00:00,10165.0
2012-03-21 01:00:00,4918.0
2012-03-21 02:00:00,4678.0
2012-03-21 03:00:00,4107.0
2012-03-21 04:00:00,3945.0
2012-03-21 05:00:00,3920.0
2012-03-21 06:00:00,3961.0
2012-03-21 07:00:00,5927.0
2012-03-21 08:00:00,6341.0
2012-03-21 09:00:00,9194.0
2012-03-21 10:00:00,11527.0
2012-03-21 11:00:00,13086.0
2012-03-21 12:00:00,13680.0
2012-03-21 13:00:00,13682.0
2012-03-21 14:00:00,13637.0
2012-03-21 15:00:00,13571.0
2012-03-21 16:00:00,13423.0
2012-03-21 17:00:00,13220.0
2012-03-21 18:00:00,13590.0
2012-03-21 19:00:00,14569.0
2012-03-21 20:00:00,14841.0
2012-03-21 21:00:00,14115.0
2012-03-21 22:00:00,12482.0
2012-03-21 23:00:00,11482.0
2012-03-22 00:00:00,9417.0
2012-03-22 01:00:00,4561.0
2012-03-22 02:00:00,4335.0
2012-03-22 03:00:00,3806.0
2012-03-22 04:00:00,3652.0
2012-03-22 05:00:00,3623.0
2012-03-22 06:00:00,3611.0
2012-03-22 07:00:00,5800.0
2012-03-22 08:00:00,6212.0
2012-03-22 09:00:00,9090.0
2012-03-22 10:00:00,11264.0
2012-03-22 11:00:00,12527.0
2012-03-22 12:00:00,13360.0
2012-03-22 13:00:00,13418.0
2012-03-22 14:00:00,13431.0
2012-03-22 15:00:00,13479.0
2012-03-22 16:00:00,13422.0
2012-03-22 17:00:00,13460.0
2012-03-22 18:00:00,14238.0
2012-03-22 19:00:00,14995.0
2012-03-22 20:00:00,15260.0
2012-03-22 21:00:00,14349.0
2012-03-22 22:00:00,12596.0
2012-03-22 23:00:00,11475.0
2012-03-23 00:00:00,9415.0
2012-03-23 01:00:00,4710.0
2012-03-23 02:00:00,4437.0
2012-03-23 03:00:00,3886.0
2012-03-23 04:00:00,3747.0
2012-03-23 05:00:00,3750.0
2012-03-23 06:00:00,3734.0
2012-03-23 07:00:00,5854.0
2012-03-23 08:00:00,6230.0
2012-03-23 09:00:00,9909.0
2012-03-23 10:00:00,11874.0
2012-03-23 11:00:00,12911.0
2012-03-23 12:00:00,13893.0
2012-03-23 13:00:00,14572.0
2012-03-23 14:00:00,14583.0
2012-03-23 15:00:00,15034.0
2012-03-23 16:00:00,15125.0
2012-03-23 17:00:00,14842.0
2012-03-23 18:00:00,15172.0
2012-03-23 19:00:00,16063.0
2012-03-23 20:00:00,16355.0
2012-03-23 21:00:00,15360.0
2012-03-23 22:00:00,13576.0
2012-03-23 23:00:00,11903.0
2012-03-24 00:00:00,9453.0
2012-03-24 01:00:00,4943.0
2012-03-24 02:00:00,4898.0
2012-03-24 03:00:00,4257.0
2012-03-24 04:00:00,4108.0
2012-03-24 05:00:00,4136.0
2012-03-24 06:00:00,4100.0
2012-03-24 07:00:00,4254.0
2012-03-24 08:00:00,4252.0
2012-03-24 09:00:00,7664.0
2012-03-24 10:00:00,12253.0
2012-03-24 11:00:00,13736.0
2012-03-24 12:00:00,13897.0
2012-03-24 13:00:00,14269.0
2012-03-24 14:00:00,14253.0
2012-03-24 15:00:00,14412.0
2012-03-24 16:00:00,15190.0
2012-03-24 17:00:00,15408.0
2012-03-24 18:00:00,16036.0
2012-03-24 19:00:00,16805.0
2012-03-24 20:00:00,16894.0
2012-03-24 21:00:00,16418.0
2012-03-24 22:00:00,14654.0
2012-03-24 23:00:00,13242.0
2012-03-25 00:00:00,9312.0
2012-03-25 01:00:00,0.0
2012-03-25 02:00:00,4943.0
2012-03-25 03:00:00,4293.0
2012-03-25 04:00:00,4080.0
2012-03-25 05:00:00,4024.0
2012-03-25 06:00:00,4051.0
2012-03-25 07:00:00,4464.0
2012-03-25 08:00:00,4212.0
2012-03-25 09:00:00,8020.0
2012-03-25 10:00:00,15146.0
2012-03-25 11:00:00,16112.0
2012-03-25 12:00:00,17339.0
2012-03-25 13:00:00,17245.0
2012-03-25 14:00:00,17669.0
2012-03-25 15:00:00,17297.0
2012-03-25 16:00:00,21289.0
2012-03-25 17:00:00,23521.0
2012-03-25 18:00:00,23267.0
2012-03-25 19:00:00,22964.0
2012-03-25 20:00:00,23102.0
2012-03-25 21:00:00,20716.0
2012-03-25 22:00:00,16324.0
2012-03-25 23:00:00,14611.0
2012-03-26 00:00:00,8812.0
2012-03-26 01:00:00,4644.0
2012-03-26 02:00:00,4387.0
2012-03-26 03:00:00,3871.0
2012-03-26 04:00:00,3672.0
2012-03-26 05:00:00,3612.0
2012-03-26 06:00:00,3574.0
2012-03-26 07:00:00,5678.0
2012-03-26 08:00:00,6392.0
2012-03-26 09:00:00,9232.0
2012-03-26 10:00:00,11704.0
2012-03-26 11:00:00,13267.0
2012-03-26 12:00:00,13971.0
2012-03-26 13:00:00,14300.0
2012-03-26 14:00:00,14262.0
2012-03-26 15:00:00,14557.0
2012-03-26 16:00:00,16152.0
2012-03-26 17:00:00,16196.0
2012-03-26 18:00:00,16181.0
2012-03-26 19:00:00,16331.0
2012-03-26 20:00:00,16499.0
2012-03-26 21:00:00,15064.0
2012-03-26 22:00:00,13034.0
2012-03-26 23:00:00,11817.0
2012-03-27 00:00:00,9159.0
2012-03-27 01:00:00,4513.0
2012-03-27 02:00:00,4451.0
2012-03-27 03:00:00,3921.0
2012-03-27 04:00:00,3713.0
2012-03-27 05:00:00,3674.0
2012-03-27 06:00:00,3608.0
2012-03-27 07:00:00,6066.0
2012-03-27 08:00:00,6635.0
2012-03-27 09:00:00,9793.0
2012-03-27 10:00:00,11946.0
2012-03-27 11:00:00,13557.0
2012-03-27 12:00:00,14815.0
2012-03-27 13:00:00,15551.0
2012-03-27 14:00:00,16280.0
2012-03-27 15:00:00,16260.0
2012-03-27 16:00:00,16551.0
2012-03-27 17:00:00,17189.0
2012-03-27 18:00:00,17298.0
2012-03-27 19:00:00,17440.0
2012-03-27 20:00:00,18568.0
2012-03-27 21:00:00,20286.0
2012-03-27 22:00:00,26264.0
2012-03-27 23:00:00,18119.0
2012-03-28 00:00:00,10112.0
2012-03-28 01:00:00,5071.0
2012-03-28 02:00:00,4800.0
2012-03-28 03:00:00,4339.0
2012-03-28 04:00:00,4076.0
2012-03-28 05:00:00,4124.0
2012-03-28 06:00:00,4043.0
2012-03-28 07:00:00,6294.0
2012-03-28 08:00:00,6837.0
2012-03-28 09:00:00,9742.0
2012-03-28 10:00:00,11818.0
2012-03-28 11:00:00,14484.0
2012-03-28 12:00:00,15558.0
2012-03-28 13:00:00,16172.0
2012-03-28 14:00:00,16290.0
2012-03-28 15:00:00,16252.0
2012-03-28 16:00:00,16307.0
2012-03-28 17:00:00,16728.0
2012-03-28 18:00:00,16845.0
2012-03-28 19:00:00,17171.0
2012-03-28 20:00:00,18011.0
2012-03-28 21:00:00,16475.0
2012-03-28 22:00:00,13745.0
2012-03-28 23:00:00,11966.0
2012-03-29 00:00:00,9349.0
2012-03-29 01:00:00,4688.0
2012-03-29 02:00:00,4559.0
2012-03-29 03:00:00,4039.0
2012-03-29 04:00:00,3833.0
2012-03-29 05:00:00,3802.0
2012-03-29 06:00:00,3852.0
2012-03-29 07:00:00,5818.0
2012-03-29 08:00:00,6484.0
2012-03-29 09:00:00,9233.0
2012-03-29 10:00:00,13338.0
2012-03-29 11:00:00,15668.0
2012-03-29 12:00:00,15657.0
2012-03-29 13:00:00,16102.0
2012-03-29 14:00:00,16269.0
2012-03-29 15:00:00,16193.0
2012-03-29 16:00:00,16150.0
2012-03-29 17:00:00,16306.0
2012-03-29 18:00:00,15965.0
2012-03-29 19:00:00,16343.0
2012-03-29 20:00:00,16374.0
2012-03-29 21:00:00,15870.0
2012-03-29 22:00:00,13466.0
2012-03-29 23:00:00,12232.0
2012-03-30 00:00:00,9330.0
2012-03-30 01:00:00,4740.0
2012-03-30 02:00:00,4650.0
2012-03-30 03:00:00,4155.0
2012-03-30 04:00:00,3965.0
2012-03-30 05:00:00,4007.0
2012-03-30 06:00:00,4003.0
2012-03-30 07:00:00,6334.0
2012-03-30 08:00:00,6629.0
2012-03-30 09:00:00,9304.0
2012-03-30 10:00:00,12654.0
2012-03-30 11:00:00,14745.0
2012-03-30 12:00:00,14944.0
2012-03-30 13:00:00,15233.0
2012-03-30 14:00:00,15268.0
2012-03-30 15:00:00,15714.0
2012-03-30 16:00:00,15558.0
2012-03-30 17:00:00,16310.0
2012-03-30 18:00:00,16257.0
2012-03-30 19:00:00,15527.0
2012-03-30 20:00:00,16474.0
2012-03-30 21:00:00,15628.0
2012-03-30 22:00:00,13673.0
2012-03-30 23:00:00,12519.0
2012-03-31 00:00:00,9355.0
2012-03-31 01:00:00,4865.0
2012-03-31 02:00:00,4815.0
2012-03-31 03:00:00,4218.0
2012-03-31 04:00:00,4134.0
2012-03-31 05:00:00,4173.0
2012-03-31 06:00:00,4119.0
2012-03-31 07:00:00,4516.0
2012-03-31 08:00:00,4401.0
2012-03-31 09:00:00,8648.0
2012-03-31 10:00:00,13707.0
2012-03-31 11:00:00,14763.0
2012-03-31 12:00:00,15041.0
2012-03-31 13:00:00,15227.0
2012-03-31 14:00:00,15242.0
2012-03-31 15:00:00,15581.0
2012-03-31 16:00:00,15988.0
2012-03-31 17:00:00,16861.0
2012-03-31 18:00:00,16830.0
2012-03-31 19:00:00,17624.0
2012-03-31 20:00:00,18366.0
2012-03-31 21:00:00,17380.0
2012-03-31 22:00:00,15891.0
2012-03-31 23:00:00,24276.0
2012-04-01 00:00:00,13371.0
2012-04-01 01:00:00,5146.0
2012-04-01 02:00:00,4847.0
2012-04-01 03:00:00,4339.0
2012-04-01 04:00:00,4223.0
2012-04-01 05:00:00,4171.0
2012-04-01 06:00:00,4086.0
2012-04-01 07:00:00,4465.0
2012-04-01 08:00:00,4524.0
2012-04-01 09:00:00,8741.0
2012-04-01 10:00:00,17210.0
2012-04-01 11:00:00,17672.0
2012-04-01 12:00:00,17573.0
2012-04-01 13:00:00,18052.0
2012-04-01 14:00:00,18201.0
2012-04-01 15:00:00,18751.0
2012-04-01 16:00:00,19240.0
2012-04-01 17:00:00,19391.0
2012-04-01 18:00:00,19087.0
2012-04-01 19:00:00,19712.0
2012-04-01 20:00:00,18097.0
2012-04-01 21:00:00,17937.0
2012-04-01 22:00:00,16283.0
2012-04-01 23:00:00,15177.0
2012-04-02 00:00:00,9605.0
2012-04-02 01:00:00,4645.0
2012-04-02 02:00:00,4653.0
2012-04-02 03:00:00,4145.0
2012-04-02 04:00:00,4020.0
2012-04-02 05:00:00,3997.0
2012-04-02 06:00:00,3981.0
2012-04-02 07:00:00,5605.0
2012-04-02 08:00:00,6356.0
2012-04-02 09:00:00,9419.0
2012-04-02 10:00:00,12927.0
2012-04-02 11:00:00,14437.0
2012-04-02 12:00:00,15314.0
2012-04-02 13:00:00,14844.0
2012-04-02 14:00:00,15014.0
2012-04-02 15:00:00,15456.0
2012-04-02 16:00:00,15303.0
2012-04-02 17:00:00,15148.0
2012-04-02 18:00:00,14982.0
2012-04-02 19:00:00,15476.0
2012-04-02 20:00:00,15797.0
2012-04-02 21:00:00,14770.0
2012-04-02 22:00:00,13192.0
2012-04-02 23:00:00,12003.0
2012-04-03 00:00:00,9297.0
2012-04-03 01:00:00,4499.0
2012-04-03 02:00:00,4173.0
2012-04-03 03:00:00,3669.0
2012-04-03 04:00:00,3614.0
2012-04-03 05:00:00,3619.0
2012-04-03 06:00:00,3553.0
2012-04-03 07:00:00,5679.0
2012-04-03 08:00:00,6327.0
2012-04-03 09:00:00,9412.0
2012-04-03 10:00:00,12377.0
2012-04-03 11:00:00,14048.0
2012-04-03 12:00:00,14021.0
2012-04-03 13:00:00,13873.0
2012-04-03 14:00:00,13820.0
2012-04-03 15:00:00,13814.0
2012-04-03 16:00:00,13823.0
2012-04-03 17:00:00,13817.0
2012-04-03 18:00:00,13684.0
2012-04-03 19:00:00,14687.0
2012-04-03 20:00:00,15177.0
2012-04-03 21:00:00,14710.0
2012-04-03 22:00:00,13263.0
2012-04-03 23:00:00,11763.0
2012-04-04 00:00:00,9387.0
2012-04-04 01:00:00,4617.0
2012-04-04 02:00:00,4444.0
2012-04-04 03:00:00,4005.0
2012-04-04 04:00:00,3778.0
2012-04-04 05:00:00,3882.0
2012-04-04 06:00:00,3887.0
2012-04-04 07:00:00,6191.0
2012-04-04 08:00:00,6498.0
2012-04-04 09:00:00,9443.0
2012-04-04 10:00:00,12285.0
2012-04-04 11:00:00,13127.0
2012-04-04 12:00:00,13426.0
2012-04-04 13:00:00,13579.0
2012-04-04 14:00:00,13592.0
2012-04-04 15:00:00,14426.0
2012-04-04 16:00:00,14843.0
2012-04-04 17:00:00,14799.0
2012-04-04 18:00:00,14763.0
2012-04-04 19:00:00,14436.0
2012-04-04 20:00:00,15310.0
2012-04-04 21:00:00,14778.0
2012-04-04 22:00:00,13082.0
2012-04-04 23:00:00,11833.0
2012-04-05 00:00:00,9509.0
2012-04-05 01:00:00,4708.0
2012-04-05 02:00:00,4491.0
2012-04-05 03:00:00,3998.0
2012-04-05 04:00:00,3842.0
2012-04-05 05:00:00,3855.0
2012-04-05 06:00:00,3850.0
2012-04-05 07:00:00,5538.0
2012-04-05 08:00:00,6661.0
2012-04-05 09:00:00,9439.0
2012-04-05 10:00:00,12287.0
2012-04-05 11:00:00,13135.0
2012-04-05 12:00:00,13515.0
2012-04-05 13:00:00,13432.0
2012-04-05 14:00:00,13409.0
2012-04-05 15:00:00,13380.0
2012-04-05 16:00:00,13599.0
2012-04-05 17:00:00,13496.0
2012-04-05 18:00:00,13416.0
2012-04-05 19:00:00,13626.0
2012-04-05 20:00:00,14671.0
2012-04-05 21:00:00,14709.0
2012-04-05 22:00:00,13033.0
2012-04-05 23:00:00,12036.0
2012-04-06 00:00:00,10018.0
2012-04-06 01:00:00,5035.0
2012-04-06 02:00:00,4763.0
2012-04-06 03:00:00,4279.0
2012-04-06 04:00:00,4113.0
2012-04-06 05:00:00,4100.0
2012-04-06 06:00:00,4049.0
2012-04-06 07:00:00,4407.0
2012-04-06 08:00:00,4473.0
2012-04-06 09:00:00,7314.0
2012-04-06 10:00:00,15666.0
2012-04-06 11:00:00,16788.0
2012-04-06 12:00:00,16420.0
2012-04-06 13:00:00,16555.0
2012-04-06 14:00:00,16491.0
2012-04-06 15:00:00,16530.0
2012-04-06 16:00:00,16688.0
2012-04-06 17:00:00,16831.0
2012-04-06 18:00:00,17295.0
2012-04-06 19:00:00,17366.0
2012-04-06 20:00:00,18124.0
2012-04-06 21:00:00,17283.0
2012-04-06 22:00:00,15657.0
2012-04-06 23:00:00,13755.0
2012-04-07 00:00:00,8597.0
2012-04-07 01:00:00,4662.0
2012-04-07 02:00:00,4456.0
2012-04-07 03:00:00,4064.0
2012-04-07 04:00:00,4800.0
2012-04-07 05:00:00,4002.0
2012-04-07 06:00:00,3950.0
2012-04-07 07:00:00,4455.0
2012-04-07 08:00:00,4336.0
2012-04-07 09:00:00,9061.0
2012-04-07 10:00:00,12295.0
2012-04-07 11:00:00,13204.0
2012-04-07 12:00:00,13738.0
2012-04-07 13:00:00,13647.0
2012-04-07 14:00:00,13572.0
2012-04-07 15:00:00,13568.0
2012-04-07 16:00:00,13622.0
2012-04-07 17:00:00,13562.0
2012-04-07 18:00:00,13475.0
2012-04-07 19:00:00,13760.0
2012-04-07 20:00:00,14950.0
2012-04-07 21:00:00,14979.0
2012-04-07 22:00:00,12934.0
2012-04-07 23:00:00,11351.0
2012-04-08 00:00:00,8951.0
2012-04-08 01:00:00,4869.0
2012-04-08 02:00:00,4665.0
2012-04-08 03:00:00,4142.0
2012-04-08 04:00:00,4033.0
2012-04-08 05:00:00,3998.0
2012-04-08 06:00:00,4042.0
2012-04-08 07:00:00,4388.0
2012-04-08 08:00:00,4517.0
2012-04-08 09:00:00,10684.0
2012-04-08 10:00:00,16072.0
2012-04-08 11:00:00,16073.0
2012-04-08 12:00:00,16395.0
2012-04-08 13:00:00,16470.0
2012-04-08 14:00:00,16586.0
2012-04-08 15:00:00,16885.0
2012-04-08 16:00:00,17560.0
2012-04-08 17:00:00,17800.0
2012-04-08 18:00:00,17904.0
2012-04-08 19:00:00,17955.0
2012-04-08 20:00:00,18657.0
2012-04-08 21:00:00,18247.0
2012-04-08 22:00:00,16438.0
2012-04-08 23:00:00,14416.0
2012-04-09 00:00:00,8963.0
2012-04-09 01:00:00,5223.0
2012-04-09 02:00:00,4982.0
2012-04-09 03:00:00,4492.0
2012-04-09 04:00:00,4348.0
2012-04-09 05:00:00,4330.0
2012-04-09 06:00:00,4299.0
2012-04-09 07:00:00,5687.0
2012-04-09 08:00:00,6749.0
2012-04-09 09:00:00,9344.0
2012-04-09 10:00:00,12351.0
2012-04-09 11:00:00,13931.0
2012-04-09 12:00:00,14371.0
2012-04-09 13:00:00,14464.0
2012-04-09 14:00:00,14565.0
2012-04-09 15:00:00,14830.0
2012-04-09 16:00:00,15313.0
2012-04-09 17:00:00,15110.0
2012-04-09 18:00:00,14859.0
2012-04-09 19:00:00,14709.0
2012-04-09 20:00:00,15625.0
2012-04-09 21:00:00,15342.0
2012-04-09 22:00:00,13509.0
2012-04-09 23:00:00,12313.0
2012-04-10 00:00:00,9367.0
2012-04-10 01:00:00,5231.0
2012-04-10 02:00:00,5323.0
2012-04-10 03:00:00,4817.0
2012-04-10 04:00:00,4624.0
2012-04-10 05:00:00,4545.0
2012-04-10 06:00:00,4532.0
2012-04-10 07:00:00,5586.0
2012-04-10 08:00:00,6691.0
2012-04-10 09:00:00,9412.0
2012-04-10 10:00:00,12576.0
2012-04-10 11:00:00,13641.0
2012-04-10 12:00:00,14008.0
2012-04-10 13:00:00,13877.0
2012-04-10 14:00:00,13790.0
2012-04-10 15:00:00,13703.0
2012-04-10 16:00:00,13728.0
2012-04-10 17:00:00,13832.0
2012-04-10 18:00:00,13842.0
2012-04-10 19:00:00,13869.0
2012-04-10 20:00:00,14702.0
2012-04-10 21:00:00,14681.0
2012-04-10 22:00:00,13230.0
2012-04-10 23:00:00,12020.0
2012-04-11 00:00:00,9425.0
2012-04-11 01:00:00,4666.0
2012-04-11 02:00:00,4354.0
2012-04-11 03:00:00,3865.0
2012-04-11 04:00:00,3642.0
2012-04-11 05:00:00,3684.0
2012-04-11 06:00:00,3663.0
2012-04-11 07:00:00,5222.0
2012-04-11 08:00:00,6416.0
2012-04-11 09:00:00,9187.0
2012-04-11 10:00:00,11985.0
2012-04-11 11:00:00,12813.0
2012-04-11 12:00:00,13408.0
2012-04-11 13:00:00,14655.0
2012-04-11 14:00:00,13807.0
2012-04-11 15:00:00,13757.0
2012-04-11 16:00:00,13820.0
2012-04-11 17:00:00,13844.0
2012-04-11 18:00:00,13833.0
2012-04-11 19:00:00,14053.0
2012-04-11 20:00:00,14961.0
2012-04-11 21:00:00,14931.0
2012-04-11 22:00:00,13663.0
2012-04-11 23:00:00,12516.0
2012-04-12 00:00:00,9820.0
2012-04-12 01:00:00,4785.0
2012-04-12 02:00:00,4615.0
2012-04-12 03:00:00,4103.0
2012-04-12 04:00:00,3844.0
2012-04-12 05:00:00,3774.0
2012-04-12 06:00:00,3715.0
2012-04-12 07:00:00,5865.0
2012-04-12 08:00:00,6342.0
2012-04-12 09:00:00,9034.0
2012-04-12 10:00:00,12186.0
2012-04-12 11:00:00,13345.0
2012-04-12 12:00:00,13441.0
2012-04-12 13:00:00,13251.0
2012-04-12 14:00:00,13184.0
2012-04-12 15:00:00,13247.0
2012-04-12 16:00:00,13485.0
2012-04-12 17:00:00,13419.0
2012-04-12 18:00:00,13210.0
2012-04-12 19:00:00,13290.0
2012-04-12 20:00:00,14231.0
2012-04-12 21:00:00,14070.0
2012-04-12 22:00:00,12476.0
2012-04-12 23:00:00,11454.0
2012-04-13 00:00:00,9030.0
2012-04-13 01:00:00,4862.0
2012-04-13 02:00:00,4689.0
2012-04-13 03:00:00,4170.0
2012-04-13 04:00:00,3982.0
2012-04-13 05:00:00,3778.0
2012-04-13 06:00:00,3760.0
2012-04-13 07:00:00,5594.0
2012-04-13 08:00:00,6358.0
2012-04-13 09:00:00,9250.0
2012-04-13 10:00:00,11840.0
2012-04-13 11:00:00,13033.0
2012-04-13 12:00:00,13571.0
2012-04-13 13:00:00,13708.0
2012-04-13 14:00:00,13633.0
2012-04-13 15:00:00,13610.0
2012-04-13 16:00:00,13752.0
2012-04-13 17:00:00,13623.0
2012-04-13 18:00:00,14070.0
2012-04-13 19:00:00,14418.0
2012-04-13 20:00:00,14704.0
2012-04-13 21:00:00,14525.0
2012-04-13 22:00:00,12623.0
2012-04-13 23:00:00,11621.0
2012-04-14 00:00:00,8940.0
2012-04-14 01:00:00,4762.0
2012-04-14 02:00:00,4524.0
2012-04-14 03:00:00,4025.0
2012-04-14 04:00:00,3782.0
2012-04-14 05:00:00,3718.0
2012-04-14 06:00:00,3651.0
2012-04-14 07:00:00,4131.0
2012-04-14 08:00:00,4218.0
2012-04-14 09:00:00,8869.0
2012-04-14 10:00:00,12612.0
2012-04-14 11:00:00,13605.0
2012-04-14 12:00:00,13686.0
2012-04-14 13:00:00,13758.0
2012-04-14 14:00:00,15072.0
2012-04-14 15:00:00,16493.0
2012-04-14 16:00:00,16496.0
2012-04-14 17:00:00,16676.0
2012-04-14 18:00:00,16638.0
2012-04-14 19:00:00,16638.0
2012-04-14 20:00:00,17562.0
2012-04-14 21:00:00,17218.0
2012-04-14 22:00:00,15525.0
2012-04-14 23:00:00,13993.0
2012-04-15 00:00:00,9018.0
2012-04-15 01:00:00,4499.0
2012-04-15 02:00:00,4384.0
2012-04-15 03:00:00,3932.0
2012-04-15 04:00:00,3762.0
2012-04-15 05:00:00,3747.0
2012-04-15 06:00:00,3712.0
2012-04-15 07:00:00,3887.0
2012-04-15 08:00:00,4152.0
2012-04-15 09:00:00,10216.0
2012-04-15 10:00:00,14318.0
2012-04-15 11:00:00,15203.0
2012-04-15 12:00:00,15485.0
2012-04-15 13:00:00,15925.0
2012-04-15 14:00:00,15586.0
2012-04-15 15:00:00,15686.0
2012-04-15 16:00:00,15857.0
2012-04-15 17:00:00,15842.0
2012-04-15 18:00:00,15768.0
2012-04-15 19:00:00,15711.0
2012-04-15 20:00:00,16538.0
2012-04-15 21:00:00,16351.0
2012-04-15 22:00:00,14525.0
2012-04-15 23:00:00,12843.0
2012-04-16 00:00:00,8597.0
2012-04-16 01:00:00,4801.0
2012-04-16 02:00:00,4624.0
2012-04-16 03:00:00,4085.0
2012-04-16 04:00:00,3925.0
2012-04-16 05:00:00,3882.0
2012-04-16 06:00:00,3787.0
2012-04-16 07:00:00,5964.0
2012-04-16 08:00:00,6391.0
2012-04-16 09:00:00,9012.0
2012-04-16 10:00:00,12686.0
2012-04-16 11:00:00,13770.0
2012-04-16 12:00:00,13921.0
2012-04-16 13:00:00,14071.0
2012-04-16 14:00:00,14123.0
2012-04-16 15:00:00,13933.0
2012-04-16 16:00:00,13919.0
2012-04-16 17:00:00,13901.0
2012-04-16 18:00:00,13710.0
2012-04-16 19:00:00,13591.0
2012-04-16 20:00:00,14396.0
2012-04-16 21:00:00,14379.0
2012-04-16 22:00:00,12664.0
2012-04-16 23:00:00,11605.0
2012-04-17 00:00:00,9305.0
2012-04-17 01:00:00,4839.0
2012-04-17 02:00:00,4651.0
2012-04-17 03:00:00,4300.0
2012-04-17 04:00:00,4553.0
2012-04-17 05:00:00,4484.0
2012-04-17 06:00:00,4098.0
2012-04-17 07:00:00,5748.0
2012-04-17 08:00:00,6310.0
2012-04-17 09:00:00,8877.0
2012-04-17 10:00:00,11750.0
2012-04-17 11:00:00,12851.0
2012-04-17 12:00:00,13032.0
2012-04-17 13:00:00,13145.0
2012-04-17 14:00:00,13119.0
2012-04-17 15:00:00,14293.0
2012-04-17 16:00:00,13848.0
2012-04-17 17:00:00,13897.0
2012-04-17 18:00:00,13650.0
2012-04-17 19:00:00,14025.0
2012-04-17 20:00:00,14525.0
2012-04-17 21:00:00,14159.0
2012-04-17 22:00:00,12565.0
2012-04-17 23:00:00,11523.0
2012-04-18 00:00:00,9538.0
2012-04-18 01:00:00,4665.0
2012-04-18 02:00:00,4567.0
2012-04-18 03:00:00,4078.0
2012-04-18 04:00:00,3817.0
2012-04-18 05:00:00,3798.0
2012-04-18 06:00:00,3748.0
2012-04-18 07:00:00,5718.0
2012-04-18 08:00:00,6215.0
2012-04-18 09:00:00,8864.0
2012-04-18 10:00:00,12190.0
2012-04-18 11:00:00,13315.0
2012-04-18 12:00:00,13589.0
2012-04-18 13:00:00,13438.0
2012-04-18 14:00:00,13391.0
2012-04-18 15:00:00,13305.0
2012-04-18 16:00:00,13316.0
2012-04-18 17:00:00,13231.0
2012-04-18 18:00:00,13491.0
2012-04-18 19:00:00,13866.0
2012-04-18 20:00:00,14384.0
2012-04-18 21:00:00,14178.0
2012-04-18 22:00:00,12681.0
2012-04-18 23:00:00,11718.0
2012-04-19 00:00:00,9466.0
2012-04-19 01:00:00,4716.0
2012-04-19 02:00:00,4450.0
2012-04-19 03:00:00,3897.0
2012-04-19 04:00:00,3709.0
2012-04-19 05:00:00,3647.0
2012-04-19 06:00:00,3503.0
2012-04-19 07:00:00,5727.0
2012-04-19 08:00:00,6274.0
2012-04-19 09:00:00,8936.0
2012-04-19 10:00:00,12272.0
2012-04-19 11:00:00,12870.0
2012-04-19 12:00:00,13312.0
2012-04-19 13:00:00,13463.0
2012-04-19 14:00:00,13382.0
2012-04-19 15:00:00,13644.0
2012-04-19 16:00:00,13741.0
2012-04-19 17:00:00,13763.0
2012-04-19 18:00:00,13698.0
2012-04-19 19:00:00,13424.0
2012-04-19 20:00:00,14210.0
2012-04-19 21:00:00,14147.0
2012-04-19 22:00:00,12621.0
2012-04-19 23:00:00,11607.0
2012-04-20 00:00:00,9105.0
2012-04-20 01:00:00,4861.0
2012-04-20 02:00:00,4648.0
2012-04-20 03:00:00,4019.0
2012-04-20 04:00:00,3764.0
2012-04-20 05:00:00,3711.0
2012-04-20 06:00:00,3627.0
2012-04-20 07:00:00,6013.0
2012-04-20 08:00:00,6419.0
2012-04-20 09:00:00,9430.0
2012-04-20 10:00:00,12672.0
2012-04-20 11:00:00,13231.0
2012-04-20 12:00:00,13545.0
2012-04-20 13:00:00,14017.0
2012-04-20 14:00:00,13856.0
2012-04-20 15:00:00,13903.0
2012-04-20 16:00:00,13948.0
2012-04-20 17:00:00,13952.0
2012-04-20 18:00:00,13931.0
2012-04-20 19:00:00,14837.0
2012-04-20 20:00:00,14972.0
2012-04-20 21:00:00,14813.0
2012-04-20 22:00:00,13219.0
2012-04-20 23:00:00,11781.0
2012-04-21 00:00:00,9048.0
2012-04-21 01:00:00,4621.0
2012-04-21 02:00:00,4599.0
2012-04-21 03:00:00,4119.0
2012-04-21 04:00:00,4029.0
2012-04-21 05:00:00,4008.0
2012-04-21 06:00:00,4033.0
2012-04-21 07:00:00,4303.0
2012-04-21 08:00:00,4145.0
2012-04-21 09:00:00,8773.0
2012-04-21 10:00:00,12034.0
2012-04-21 11:00:00,13192.0
2012-04-21 12:00:00,13745.0
2012-04-21 13:00:00,13762.0
2012-04-21 14:00:00,14225.0
2012-04-21 15:00:00,15043.0
2012-04-21 16:00:00,15164.0
2012-04-21 17:00:00,15226.0
2012-04-21 18:00:00,17873.0
2012-04-21 19:00:00,26081.0
2012-04-21 20:00:00,16385.0
2012-04-21 21:00:00,16147.0
2012-04-21 22:00:00,14446.0
2012-04-21 23:00:00,12797.0
2012-04-22 00:00:00,9337.0
2012-04-22 01:00:00,4394.0
2012-04-22 02:00:00,4232.0
2012-04-22 03:00:00,3778.0
2012-04-22 04:00:00,3660.0
2012-04-22 05:00:00,3663.0
2012-04-22 06:00:00,3667.0
2012-04-22 07:00:00,4058.0
2012-04-22 08:00:00,4113.0
2012-04-22 09:00:00,6916.0
2012-04-22 10:00:00,15155.0
2012-04-22 11:00:00,16974.0
2012-04-22 12:00:00,16686.0
2012-04-22 13:00:00,16859.0
2012-04-22 14:00:00,16804.0
2012-04-22 15:00:00,16915.0
2012-04-22 16:00:00,17146.0
2012-04-22 17:00:00,17118.0
2012-04-22 18:00:00,17265.0
2012-04-22 19:00:00,16624.0
2012-04-22 20:00:00,17450.0
2012-04-22 21:00:00,17293.0
2012-04-22 22:00:00,15288.0
2012-04-22 23:00:00,13801.0
2012-04-23 00:00:00,8592.0
2012-04-23 01:00:00,4687.0
2012-04-23 02:00:00,4545.0
2012-04-23 03:00:00,4052.0
2012-04-23 04:00:00,3852.0
2012-04-23 05:00:00,3879.0
2012-04-23 06:00:00,3977.0
2012-04-23 07:00:00,6184.0
2012-04-23 08:00:00,6603.0
2012-04-23 09:00:00,9243.0
2012-04-23 10:00:00,12562.0
2012-04-23 11:00:00,13709.0
2012-04-23 12:00:00,13859.0
2012-04-23 13:00:00,13960.0
2012-04-23 14:00:00,14145.0
2012-04-23 15:00:00,14287.0
2012-04-23 16:00:00,14269.0
2012-04-23 17:00:00,14391.0
2012-04-23 18:00:00,14251.0
2012-04-23 19:00:00,14240.0
2012-04-23 20:00:00,14955.0
2012-04-23 21:00:00,14323.0
2012-04-23 22:00:00,12678.0
2012-04-23 23:00:00,11587.0
2012-04-24 00:00:00,9154.0
2012-04-24 01:00:00,4820.0
2012-04-24 02:00:00,4833.0
2012-04-24 03:00:00,4415.0
2012-04-24 04:00:00,4186.0
2012-04-24 05:00:00,4241.0
2012-04-24 06:00:00,4181.0
2012-04-24 07:00:00,6031.0
2012-04-24 08:00:00,5992.0
2012-04-24 09:00:00,8813.0
2012-04-24 10:00:00,12297.0
2012-04-24 11:00:00,13602.0
2012-04-24 12:00:00,14137.0
2012-04-24 13:00:00,14453.0
2012-04-24 14:00:00,14328.0
2012-04-24 15:00:00,14248.0
2012-04-24 16:00:00,14332.0
2012-04-24 17:00:00,14264.0
2012-04-24 18:00:00,14233.0
2012-04-24 19:00:00,14217.0
2012-04-24 20:00:00,14518.0
2012-04-24 21:00:00,14117.0
2012-04-24 22:00:00,12774.0
2012-04-24 23:00:00,11648.0
2012-04-25 00:00:00,9231.0
2012-04-25 01:00:00,4707.0
2012-04-25 02:00:00,4545.0
2012-04-25 03:00:00,4119.0
2012-04-25 04:00:00,3904.0
2012-04-25 05:00:00,3976.0
2012-04-25 06:00:00,3900.0
2012-04-25 07:00:00,4045.0
2012-04-25 08:00:00,4106.0
2012-04-25 09:00:00,6933.0
2012-04-25 10:00:00,15781.0
2012-04-25 11:00:00,17101.0
2012-04-25 12:00:00,17037.0
2012-04-25 13:00:00,17416.0
2012-04-25 14:00:00,17298.0
2012-04-25 15:00:00,18029.0
2012-04-25 16:00:00,19320.0
2012-04-25 17:00:00,19222.0
2012-04-25 18:00:00,18257.0
2012-04-25 19:00:00,18586.0
2012-04-25 20:00:00,18223.0
2012-04-25 21:00:00,17941.0
2012-04-25 22:00:00,16509.0
2012-04-25 23:00:00,15588.0
2012-04-26 00:00:00,9728.0
2012-04-26 01:00:00,5061.0
2012-04-26 02:00:00,4962.0
2012-04-26 03:00:00,4455.0
2012-04-26 04:00:00,4230.0
2012-04-26 05:00:00,4291.0
2012-04-26 06:00:00,4023.0
2012-04-26 07:00:00,5876.0
2012-04-26 08:00:00,6500.0
2012-04-26 09:00:00,9659.0
2012-04-26 10:00:00,12918.0
2012-04-26 11:00:00,14045.0
2012-04-26 12:00:00,14106.0
2012-04-26 13:00:00,13833.0
2012-04-26 14:00:00,14430.0
2012-04-26 15:00:00,14222.0
2012-04-26 16:00:00,14236.0
2012-04-26 17:00:00,14375.0
2012-04-26 18:00:00,14404.0
2012-04-26 19:00:00,15365.0
2012-04-26 20:00:00,14998.0
2012-04-26 21:00:00,14586.0
2012-04-26 22:00:00,13262.0
2012-04-26 23:00:00,11724.0
2012-04-27 00:00:00,9559.0
2012-04-27 01:00:00,4657.0
2012-04-27 02:00:00,4436.0
2012-04-27 03:00:00,3980.0
2012-04-27 04:00:00,3780.0
2012-04-27 05:00:00,3880.0
2012-04-27 06:00:00,3681.0
2012-04-27 07:00:00,5617.0
2012-04-27 08:00:00,6402.0
2012-04-27 09:00:00,9481.0
2012-04-27 10:00:00,13222.0
2012-04-27 11:00:00,14180.0
2012-04-27 12:00:00,14346.0
2012-04-27 13:00:00,14546.0
2012-04-27 14:00:00,14660.0
2012-04-27 15:00:00,14672.0
2012-04-27 16:00:00,14579.0
2012-04-27 17:00:00,14371.0
2012-04-27 18:00:00,14348.0
2012-04-27 19:00:00,14337.0
2012-04-27 20:00:00,14918.0
2012-04-27 21:00:00,14729.0
2012-04-27 22:00:00,13402.0
2012-04-27 23:00:00,12163.0
2012-04-28 00:00:00,9357.0
2012-04-28 01:00:00,4395.0
2012-04-28 02:00:00,4196.0
2012-04-28 03:00:00,3727.0
2012-04-28 04:00:00,3514.0
2012-04-28 05:00:00,3524.0
2012-04-28 06:00:00,3541.0
2012-04-28 07:00:00,3948.0
2012-04-28 08:00:00,4126.0
2012-04-28 09:00:00,8706.0
2012-04-28 10:00:00,13456.0
2012-04-28 11:00:00,14041.0
2012-04-28 12:00:00,14450.0
2012-04-28 13:00:00,14359.0
2012-04-28 14:00:00,16060.0
2012-04-28 15:00:00,17449.0
2012-04-28 16:00:00,17220.0
2012-04-28 17:00:00,17371.0
2012-04-28 18:00:00,17633.0
2012-04-28 19:00:00,18200.0
2012-04-28 20:00:00,17924.0
2012-04-28 21:00:00,17654.0
2012-04-28 22:00:00,15960.0
2012-04-28 23:00:00,13965.0
2012-04-29 00:00:00,8563.0
2012-04-29 01:00:00,4715.0
2012-04-29 02:00:00,4552.0
2012-04-29 03:00:00,4108.0
2012-04-29 04:00:00,3971.0
2012-04-29 05:00:00,3880.0
2012-04-29 06:00:00,3887.0
2012-04-29 07:00:00,4100.0
2012-04-29 08:00:00,4215.0
2012-04-29 09:00:00,7018.0
2012-04-29 10:00:00,15745.0
2012-04-29 11:00:00,16430.0
2012-04-29 12:00:00,16371.0
2012-04-29 13:00:00,16418.0
2012-04-29 14:00:00,16515.0
2012-04-29 15:00:00,16601.0
2012-04-29 16:00:00,17064.0
2012-04-29 17:00:00,18413.0
2012-04-29 18:00:00,18970.0
2012-04-29 19:00:00,18312.0
2012-04-29 20:00:00,17287.0
2012-04-29 21:00:00,16886.0
2012-04-29 22:00:00,15498.0
2012-04-29 23:00:00,14263.0
2012-04-30 00:00:00,8583.0
2012-04-30 01:00:00,5033.0
2012-04-30 02:00:00,4744.0
2012-04-30 03:00:00,4275.0
2012-04-30 04:00:00,4108.0
2012-04-30 05:00:00,4063.0
2012-04-30 06:00:00,4142.0
2012-04-30 07:00:00,4938.0
2012-04-30 08:00:00,6053.0
2012-04-30 09:00:00,9042.0
2012-04-30 10:00:00,12563.0
2012-04-30 11:00:00,13354.0
2012-04-30 12:00:00,13402.0
2012-04-30 13:00:00,13921.0
2012-04-30 14:00:00,13856.0
2012-04-30 15:00:00,14807.0
2012-04-30 16:00:00,14453.0
2012-04-30 17:00:00,14405.0
2012-04-30 18:00:00,14130.0
2012-04-30 19:00:00,13908.0
2012-04-30 20:00:00,14556.0
2012-04-30 21:00:00,14470.0
2012-04-30 22:00:00,12584.0
2012-04-30 23:00:00,11556.0
2012-05-01 00:00:00,9050.0
2012-05-01 01:00:00,4624.0
2012-05-01 02:00:00,4761.0
2012-05-01 03:00:00,4236.0
2012-05-01 04:00:00,4069.0
2012-05-01 05:00:00,4065.0
2012-05-01 06:00:00,4038.0
2012-05-01 07:00:00,4358.0
2012-05-01 08:00:00,4060.0
2012-05-01 09:00:00,8334.0
2012-05-01 10:00:00,15238.0
2012-05-01 11:00:00,16201.0
2012-05-01 12:00:00,16639.0
2012-05-01 13:00:00,16696.0
2012-05-01 14:00:00,17157.0
2012-05-01 15:00:00,17294.0
2012-05-01 16:00:00,17885.0
2012-05-01 17:00:00,18172.0
2012-05-01 18:00:00,18109.0
2012-05-01 19:00:00,17937.0
2012-05-01 20:00:00,17777.0
2012-05-01 21:00:00,17402.0
2012-05-01 22:00:00,15611.0
2012-05-01 23:00:00,13403.0
2012-05-02 00:00:00,8384.0
2012-05-02 01:00:00,4527.0
2012-05-02 02:00:00,4514.0
2012-05-02 03:00:00,3972.0
2012-05-02 04:00:00,3798.0
2012-05-02 05:00:00,3765.0
2012-05-02 06:00:00,3756.0
2012-05-02 07:00:00,5580.0
2012-05-02 08:00:00,6474.0
2012-05-02 09:00:00,9039.0
2012-05-02 10:00:00,12468.0
2012-05-02 11:00:00,14045.0
2012-05-02 12:00:00,14070.0
2012-05-02 13:00:00,14337.0
2012-05-02 14:00:00,14441.0
2012-05-02 15:00:00,14600.0
2012-05-02 16:00:00,14360.0
2012-05-02 17:00:00,13965.0
2012-05-02 18:00:00,13916.0
2012-05-02 19:00:00,14084.0
2012-05-02 20:00:00,14550.0
2012-05-02 21:00:00,14445.0
2012-05-02 22:00:00,12892.0
2012-05-02 23:00:00,11619.0
2012-05-03 00:00:00,9455.0
2012-05-03 01:00:00,4563.0
2012-05-03 02:00:00,4465.0
2012-05-03 03:00:00,4129.0
2012-05-03 04:00:00,3888.0
2012-05-03 05:00:00,3840.0
2012-05-03 06:00:00,4040.0
2012-05-03 07:00:00,5091.0
2012-05-03 08:00:00,6380.0
2012-05-03 09:00:00,9228.0
2012-05-03 10:00:00,12106.0
2012-05-03 11:00:00,13736.0
2012-05-03 12:00:00,13917.0
2012-05-03 13:00:00,14256.0
2012-05-03 14:00:00,14631.0
2012-05-03 15:00:00,14796.0
2012-05-03 16:00:00,14567.0
2012-05-03 17:00:00,14325.0
2012-05-03 18:00:00,14940.0
2012-05-03 19:00:00,14875.0
2012-05-03 20:00:00,15006.0
2012-05-03 21:00:00,14341.0
2012-05-03 22:00:00,12819.0
2012-05-03 23:00:00,11606.0
2012-05-04 00:00:00,9772.0
2012-05-04 01:00:00,4504.0
2012-05-04 02:00:00,4367.0
2012-05-04 03:00:00,3980.0
2012-05-04 04:00:00,3786.0
2012-05-04 05:00:00,3836.0
2012-05-04 06:00:00,3868.0
2012-05-04 07:00:00,5062.0
2012-05-04 08:00:00,6531.0
2012-05-04 09:00:00,9146.0
2012-05-04 10:00:00,12671.0
2012-05-04 11:00:00,14164.0
2012-05-04 12:00:00,14248.0
2012-05-04 13:00:00,14255.0
2012-05-04 14:00:00,13841.0
2012-05-04 15:00:00,13935.0
2012-05-04 16:00:00,13871.0
2012-05-04 17:00:00,14014.0
2012-05-04 18:00:00,13880.0
2012-05-04 19:00:00,13857.0
2012-05-04 20:00:00,14609.0
2012-05-04 21:00:00,14322.0
2012-05-04 22:00:00,12863.0
2012-05-04 23:00:00,12073.0
2012-05-05 00:00:00,9603.0
2012-05-05 01:00:00,4485.0
2012-05-05 02:00:00,4251.0
2012-05-05 03:00:00,3767.0
2012-05-05 04:00:00,3552.0
2012-05-05 05:00:00,3502.0
2012-05-05 06:00:00,3442.0
2012-05-05 07:00:00,3921.0
2012-05-05 08:00:00,3996.0
2012-05-05 09:00:00,8714.0
2012-05-05 10:00:00,12103.0
2012-05-05 11:00:00,14173.0
2012-05-05 12:00:00,14366.0
2012-05-05 13:00:00,14888.0
2012-05-05 14:00:00,16025.0
2012-05-05 15:00:00,15973.0
2012-05-05 16:00:00,16261.0
2012-05-05 17:00:00,16750.0
2012-05-05 18:00:00,16776.0
2012-05-05 19:00:00,16745.0
2012-05-05 20:00:00,17407.0
2012-05-05 21:00:00,16607.0
2012-05-05 22:00:00,17764.0
2012-05-05 23:00:00,22928.0
2012-05-06 00:00:00,11951.0
2012-05-06 01:00:00,4558.0
2012-05-06 02:00:00,4235.0
2012-05-06 03:00:00,3754.0
2012-05-06 04:00:00,3576.0
2012-05-06 05:00:00,3508.0
2012-05-06 06:00:00,3485.0
2012-05-06 07:00:00,3869.0
2012-05-06 08:00:00,4047.0
2012-05-06 09:00:00,11468.0
2012-05-06 10:00:00,15985.0
2012-05-06 11:00:00,17134.0
2012-05-06 12:00:00,17693.0
2012-05-06 13:00:00,17924.0
2012-05-06 14:00:00,20051.0
2012-05-06 15:00:00,20324.0
2012-05-06 16:00:00,20436.0
2012-05-06 17:00:00,20431.0
2012-05-06 18:00:00,20269.0
2012-05-06 19:00:00,20028.0
2012-05-06 20:00:00,18532.0
2012-05-06 21:00:00,18025.0
2012-05-06 22:00:00,16106.0
2012-05-06 23:00:00,14212.0
2012-05-07 00:00:00,8506.0
2012-05-07 01:00:00,4709.0
2012-05-07 02:00:00,4451.0
2012-05-07 03:00:00,4015.0
2012-05-07 04:00:00,3816.0
2012-05-07 05:00:00,3821.0
2012-05-07 06:00:00,3774.0
2012-05-07 07:00:00,5771.0
2012-05-07 08:00:00,6640.0
2012-05-07 09:00:00,9068.0
2012-05-07 10:00:00,12291.0
2012-05-07 11:00:00,15141.0
2012-05-07 12:00:00,15479.0
2012-05-07 13:00:00,15469.0
2012-05-07 14:00:00,15484.0
2012-05-07 15:00:00,15795.0
2012-05-07 16:00:00,15796.0
2012-05-07 17:00:00,16148.0
2012-05-07 18:00:00,16589.0
2012-05-07 19:00:00,16599.0
2012-05-07 20:00:00,16225.0
2012-05-07 21:00:00,15632.0
2012-05-07 22:00:00,13789.0
2012-05-07 23:00:00,12383.0
2012-05-08 00:00:00,9623.0
2012-05-08 01:00:00,4483.0
2012-05-08 02:00:00,4463.0
2012-05-08 03:00:00,4003.0
2012-05-08 04:00:00,3787.0
2012-05-08 05:00:00,3815.0
2012-05-08 06:00:00,3852.0
2012-05-08 07:00:00,4956.0
2012-05-08 08:00:00,6470.0
2012-05-08 09:00:00,9164.0
2012-05-08 10:00:00,12717.0
2012-05-08 11:00:00,14949.0
2012-05-08 12:00:00,15443.0
2012-05-08 13:00:00,15427.0
2012-05-08 14:00:00,15482.0
2012-05-08 15:00:00,15626.0
2012-05-08 16:00:00,15489.0
2012-05-08 17:00:00,15755.0
2012-05-08 18:00:00,15728.0
2012-05-08 19:00:00,15948.0
2012-05-08 20:00:00,16321.0
2012-05-08 21:00:00,15704.0
2012-05-08 22:00:00,14108.0
2012-05-08 23:00:00,12680.0
2012-05-09 00:00:00,9350.0
2012-05-09 01:00:00,4462.0
2012-05-09 02:00:00,4335.0
2012-05-09 03:00:00,3874.0
2012-05-09 04:00:00,3687.0
2012-05-09 05:00:00,3701.0
2012-05-09 06:00:00,3668.0
2012-05-09 07:00:00,4927.0
2012-05-09 08:00:00,6588.0
2012-05-09 09:00:00,9234.0
2012-05-09 10:00:00,12849.0
2012-05-09 11:00:00,15684.0
2012-05-09 12:00:00,16082.0
2012-05-09 13:00:00,19347.0
2012-05-09 14:00:00,20661.0
2012-05-09 15:00:00,22136.0
2012-05-09 16:00:00,24653.0
2012-05-09 17:00:00,25288.0
2012-05-09 18:00:00,25228.0
2012-05-09 19:00:00,24127.0
2012-05-09 20:00:00,21753.0
2012-05-09 21:00:00,19843.0
2012-05-09 22:00:00,17688.0
2012-05-09 23:00:00,13791.0
2012-05-10 00:00:00,9608.0
2012-05-10 01:00:00,4450.0
2012-05-10 02:00:00,4411.0
2012-05-10 03:00:00,4006.0
2012-05-10 04:00:00,3740.0
2012-05-10 05:00:00,3794.0
2012-05-10 06:00:00,3771.0
2012-05-10 07:00:00,6708.0
2012-05-10 08:00:00,7343.0
2012-05-10 09:00:00,10852.0
2012-05-10 10:00:00,18396.0
2012-05-10 11:00:00,25423.0
2012-05-10 12:00:00,26359.0
2012-05-10 13:00:00,27634.0
2012-05-10 14:00:00,26870.0
2012-05-10 15:00:00,25233.0
2012-05-10 16:00:00,24330.0
2012-05-10 17:00:00,24211.0
2012-05-10 18:00:00,24267.0
2012-05-10 19:00:00,24096.0
2012-05-10 20:00:00,23134.0
2012-05-10 21:00:00,16810.0
2012-05-10 22:00:00,14896.0
2012-05-10 23:00:00,12493.0
2012-05-11 00:00:00,9293.0
2012-05-11 01:00:00,5104.0
2012-05-11 02:00:00,5137.0
2012-05-11 03:00:00,4435.0
2012-05-11 04:00:00,4306.0
2012-05-11 05:00:00,4284.0
2012-05-11 06:00:00,4261.0
2012-05-11 07:00:00,6420.0
2012-05-11 08:00:00,7311.0
2012-05-11 09:00:00,10591.0
2012-05-11 10:00:00,18716.0
2012-05-11 11:00:00,20654.0
2012-05-11 12:00:00,21562.0
2012-05-11 13:00:00,23154.0
2012-05-11 14:00:00,22893.0
2012-05-11 15:00:00,22893.0
2012-05-11 16:00:00,23231.0
2012-05-11 17:00:00,22793.0
2012-05-11 18:00:00,22706.0
2012-05-11 19:00:00,21306.0
2012-05-11 20:00:00,20471.0
2012-05-11 21:00:00,19533.0
2012-05-11 22:00:00,14944.0
2012-05-11 23:00:00,12519.0
2012-05-12 00:00:00,9692.0
2012-05-12 01:00:00,4840.0
2012-05-12 02:00:00,4900.0
2012-05-12 03:00:00,4534.0
2012-05-12 04:00:00,4422.0
2012-05-12 05:00:00,4357.0
2012-05-12 06:00:00,3929.0
2012-05-12 07:00:00,3968.0
2012-05-12 08:00:00,4309.0
2012-05-12 09:00:00,11080.0
2012-05-12 10:00:00,17956.0
2012-05-12 11:00:00,20871.0
2012-05-12 12:00:00,23148.0
2012-05-12 13:00:00,24170.0
2012-05-12 14:00:00,24247.0
2012-05-12 15:00:00,24478.0
2012-05-12 16:00:00,24452.0
2012-05-12 17:00:00,24439.0
2012-05-12 18:00:00,24345.0
2012-05-12 19:00:00,24386.0
2012-05-12 20:00:00,24478.0
2012-05-12 21:00:00,23180.0
2012-05-12 22:00:00,23476.0
2012-05-12 23:00:00,17217.0
2012-05-13 00:00:00,8901.0
2012-05-13 01:00:00,4294.0
2012-05-13 02:00:00,4131.0
2012-05-13 03:00:00,3582.0
2012-05-13 04:00:00,3473.0
2012-05-13 05:00:00,3452.0
2012-05-13 06:00:00,3434.0
2012-05-13 07:00:00,3868.0
2012-05-13 08:00:00,5929.0
2012-05-13 09:00:00,16511.0
2012-05-13 10:00:00,23046.0
2012-05-13 11:00:00,24448.0
2012-05-13 12:00:00,26106.0
2012-05-13 13:00:00,27264.0
2012-05-13 14:00:00,27113.0
2012-05-13 15:00:00,26624.0
2012-05-13 16:00:00,26960.0
2012-05-13 17:00:00,26854.0
2012-05-13 18:00:00,26712.0
2012-05-13 19:00:00,26031.0
2012-05-13 20:00:00,25313.0
2012-05-13 21:00:00,25302.0
2012-05-13 22:00:00,25011.0
2012-05-13 23:00:00,17600.0
2012-05-14 00:00:00,8719.0
2012-05-14 01:00:00,4536.0
2012-05-14 02:00:00,4422.0
2012-05-14 03:00:00,3895.0
2012-05-14 04:00:00,3852.0
2012-05-14 05:00:00,3740.0
2012-05-14 06:00:00,3648.0
2012-05-14 07:00:00,6993.0
2012-05-14 08:00:00,7350.0
2012-05-14 09:00:00,11499.0
2012-05-14 10:00:00,19208.0
2012-05-14 11:00:00,22644.0
2012-05-14 12:00:00,24878.0
2012-05-14 13:00:00,25205.0
2012-05-14 14:00:00,25404.0
2012-05-14 15:00:00,25118.0
2012-05-14 16:00:00,25866.0
2012-05-14 17:00:00,25684.0
2012-05-14 18:00:00,24618.0
2012-05-14 19:00:00,22677.0
2012-05-14 20:00:00,22099.0
2012-05-14 21:00:00,22232.0
2012-05-14 22:00:00,20052.0
2012-05-14 23:00:00,15787.0
2012-05-15 00:00:00,10768.0
2012-05-15 01:00:00,5261.0
2012-05-15 02:00:00,5240.0
2012-05-15 03:00:00,4814.0
2012-05-15 04:00:00,4628.0
2012-05-15 05:00:00,4518.0
2012-05-15 06:00:00,4467.0
2012-05-15 07:00:00,6230.0
2012-05-15 08:00:00,7553.0
2012-05-15 09:00:00,10946.0
2012-05-15 10:00:00,19229.0
2012-05-15 11:00:00,20876.0
2012-05-15 12:00:00,21844.0
2012-05-15 13:00:00,23511.0
2012-05-15 14:00:00,26387.0
2012-05-15 15:00:00,28295.0
2012-05-15 16:00:00,29072.0
2012-05-15 17:00:00,29797.0
2012-05-15 18:00:00,29506.0
2012-05-15 19:00:00,26974.0
2012-05-15 20:00:00,25549.0
2012-05-15 21:00:00,24513.0
2012-05-15 22:00:00,23207.0
2012-05-15 23:00:00,17200.0
2012-05-16 00:00:00,10994.0
2012-05-16 01:00:00,4799.0
2012-05-16 02:00:00,4571.0
2012-05-16 03:00:00,4176.0
2012-05-16 04:00:00,4022.0
2012-05-16 05:00:00,3988.0
2012-05-16 06:00:00,3928.0
2012-05-16 07:00:00,6031.0
2012-05-16 08:00:00,7317.0
2012-05-16 09:00:00,10714.0
2012-05-16 10:00:00,20797.0
2012-05-16 11:00:00,22631.0
2012-05-16 12:00:00,25563.0
2012-05-16 13:00:00,28319.0
2012-05-16 14:00:00,28905.0
2012-05-16 15:00:00,28472.0
2012-05-16 16:00:00,28299.0
2012-05-16 17:00:00,26506.0
2012-05-16 18:00:00,24683.0
2012-05-16 19:00:00,23939.0
2012-05-16 20:00:00,23500.0
2012-05-16 21:00:00,23500.0
2012-05-16 22:00:00,20220.0
2012-05-16 23:00:00,16258.0
2012-05-17 00:00:00,10940.0
2012-05-17 01:00:00,4780.0
2012-05-17 02:00:00,4895.0
2012-05-17 03:00:00,4412.0
2012-05-17 04:00:00,4225.0
2012-05-17 05:00:00,4313.0
2012-05-17 06:00:00,4466.0
2012-05-17 07:00:00,7665.0
2012-05-17 08:00:00,8389.0
2012-05-17 09:00:00,11299.0
2012-05-17 10:00:00,15246.0
2012-05-17 11:00:00,20949.0
2012-05-17 12:00:00,21586.0
2012-05-17 13:00:00,22289.0
2012-05-17 14:00:00,23118.0
2012-05-17 15:00:00,23503.0
2012-05-17 16:00:00,23111.0
2012-05-17 17:00:00,22961.0
2012-05-17 18:00:00,22461.0
2012-05-17 19:00:00,18227.0
2012-05-17 20:00:00,17767.0
2012-05-17 21:00:00,18241.0
2012-05-17 22:00:00,18294.0
2012-05-17 23:00:00,14477.0
2012-05-18 00:00:00,9970.0
2012-05-18 01:00:00,4987.0
2012-05-18 02:00:00,4891.0
2012-05-18 03:00:00,4414.0
2012-05-18 04:00:00,4267.0
2012-05-18 05:00:00,4535.0
2012-05-18 06:00:00,5392.0
2012-05-18 07:00:00,8212.0
2012-05-18 08:00:00,9175.0
2012-05-18 09:00:00,12451.0
2012-05-18 10:00:00,16348.0
2012-05-18 11:00:00,17406.0
2012-05-18 12:00:00,20525.0
2012-05-18 13:00:00,21494.0
2012-05-18 14:00:00,21538.0
2012-05-18 15:00:00,21491.0
2012-05-18 16:00:00,22404.0
2012-05-18 17:00:00,21328.0
2012-05-18 18:00:00,20975.0
2012-05-18 19:00:00,19298.0
2012-05-18 20:00:00,17756.0
2012-05-18 21:00:00,18209.0
2012-05-18 22:00:00,18230.0
2012-05-18 23:00:00,14734.0
2012-05-19 00:00:00,10042.0
2012-05-19 01:00:00,4820.0
2012-05-19 02:00:00,4822.0
2012-05-19 03:00:00,4445.0
2012-05-19 04:00:00,4314.0
2012-05-19 05:00:00,4263.0
2012-05-19 06:00:00,4149.0
2012-05-19 07:00:00,3973.0
2012-05-19 08:00:00,4201.0
2012-05-19 09:00:00,9830.0
2012-05-19 10:00:00,14797.0
2012-05-19 11:00:00,15325.0
2012-05-19 12:00:00,15585.0
2012-05-19 13:00:00,15775.0
2012-05-19 14:00:00,15971.0
2012-05-19 15:00:00,16413.0
2012-05-19 16:00:00,16632.0
2012-05-19 17:00:00,16720.0
2012-05-19 18:00:00,16628.0
2012-05-19 19:00:00,16359.0
2012-05-19 20:00:00,16714.0
2012-05-19 21:00:00,16770.0
2012-05-19 22:00:00,16002.0
2012-05-19 23:00:00,13711.0
2012-05-20 00:00:00,10023.0
2012-05-20 01:00:00,4600.0
2012-05-20 02:00:00,4345.0
2012-05-20 03:00:00,3901.0
2012-05-20 04:00:00,3790.0
2012-05-20 05:00:00,3792.0
2012-05-20 06:00:00,3625.0
2012-05-20 07:00:00,4028.0
2012-05-20 08:00:00,4210.0
2012-05-20 09:00:00,7594.0
2012-05-20 10:00:00,17852.0
2012-05-20 11:00:00,18653.0
2012-05-20 12:00:00,18224.0
2012-05-20 13:00:00,17923.0
2012-05-20 14:00:00,17943.0
2012-05-20 15:00:00,18405.0
2012-05-20 16:00:00,19815.0
2012-05-20 17:00:00,20129.0
2012-05-20 18:00:00,19951.0
2012-05-20 19:00:00,19945.0
2012-05-20 20:00:00,19341.0
2012-05-20 21:00:00,19298.0
2012-05-20 22:00:00,18931.0
2012-05-20 23:00:00,15791.0
2012-05-21 00:00:00,8942.0
2012-05-21 01:00:00,4674.0
2012-05-21 02:00:00,4332.0
2012-05-21 03:00:00,3843.0
2012-05-21 04:00:00,3631.0
2012-05-21 05:00:00,3628.0
2012-05-21 06:00:00,3540.0
2012-05-21 07:00:00,5774.0
2012-05-21 08:00:00,6657.0
2012-05-21 09:00:00,9773.0
2012-05-21 10:00:00,13954.0
2012-05-21 11:00:00,14782.0
2012-05-21 12:00:00,14984.0
2012-05-21 13:00:00,15319.0
2012-05-21 14:00:00,15217.0
2012-05-21 15:00:00,15424.0
2012-05-21 16:00:00,15612.0
2012-05-21 17:00:00,15434.0
2012-05-21 18:00:00,15392.0
2012-05-21 19:00:00,15461.0
2012-05-21 20:00:00,16053.0
2012-05-21 21:00:00,16272.0
2012-05-21 22:00:00,16435.0
2012-05-21 23:00:00,13517.0
2012-05-22 00:00:00,9939.0
2012-05-22 01:00:00,4568.0
2012-05-22 02:00:00,4452.0
2012-05-22 03:00:00,3920.0
2012-05-22 04:00:00,3701.0
2012-05-22 05:00:00,3700.0
2012-05-22 06:00:00,3685.0
2012-05-22 07:00:00,6309.0
2012-05-22 08:00:00,6591.0
2012-05-22 09:00:00,10217.0
2012-05-22 10:00:00,14172.0
2012-05-22 11:00:00,15235.0
2012-05-22 12:00:00,15736.0
2012-05-22 13:00:00,16218.0
2012-05-22 14:00:00,17502.0
2012-05-22 15:00:00,20532.0
2012-05-22 16:00:00,20993.0
2012-05-22 17:00:00,21122.0
2012-05-22 18:00:00,20342.0
2012-05-22 19:00:00,16293.0
2012-05-22 20:00:00,16299.0
2012-05-22 21:00:00,16768.0
2012-05-22 22:00:00,16886.0
2012-05-22 23:00:00,13763.0
2012-05-23 00:00:00,9975.0
2012-05-23 01:00:00,5103.0
2012-05-23 02:00:00,4852.0
2012-05-23 03:00:00,4434.0
2012-05-23 04:00:00,4131.0
2012-05-23 05:00:00,4142.0
2012-05-23 06:00:00,4210.0
2012-05-23 07:00:00,6639.0
2012-05-23 08:00:00,7684.0
2012-05-23 09:00:00,11354.0
2012-05-23 10:00:00,15619.0
2012-05-23 11:00:00,19633.0
2012-05-23 12:00:00,21298.0
2012-05-23 13:00:00,22253.0
2012-05-23 14:00:00,22742.0
2012-05-23 15:00:00,23103.0
2012-05-23 16:00:00,25048.0
2012-05-23 17:00:00,25230.0
2012-05-23 18:00:00,23696.0
2012-05-23 19:00:00,22237.0
2012-05-23 20:00:00,20625.0
2012-05-23 21:00:00,18030.0
2012-05-23 22:00:00,18232.0
2012-05-23 23:00:00,14626.0
2012-05-24 00:00:00,10188.0
2012-05-24 01:00:00,5002.0
2012-05-24 02:00:00,4774.0
2012-05-24 03:00:00,4222.0
2012-05-24 04:00:00,4056.0
2012-05-24 05:00:00,4015.0
2012-05-24 06:00:00,4017.0
2012-05-24 07:00:00,6859.0
2012-05-24 08:00:00,7838.0
2012-05-24 09:00:00,10961.0
2012-05-24 10:00:00,17601.0
2012-05-24 11:00:00,21900.0
2012-05-24 12:00:00,24563.0
2012-05-24 13:00:00,25024.0
2012-05-24 14:00:00,24228.0
2012-05-24 15:00:00,24035.0
2012-05-24 16:00:00,23789.0
2012-05-24 17:00:00,23053.0
2012-05-24 18:00:00,21833.0
2012-05-24 19:00:00,21686.0
2012-05-24 20:00:00,20319.0
2012-05-24 21:00:00,18749.0
2012-05-24 22:00:00,18671.0
2012-05-24 23:00:00,14964.0
2012-05-25 00:00:00,10390.0
2012-05-25 01:00:00,5041.0
2012-05-25 02:00:00,4815.0
2012-05-25 03:00:00,4295.0
2012-05-25 04:00:00,4126.0
2012-05-25 05:00:00,4071.0
2012-05-25 06:00:00,4044.0
2012-05-25 07:00:00,6158.0
2012-05-25 08:00:00,6687.0
2012-05-25 09:00:00,10909.0
2012-05-25 10:00:00,14740.0
2012-05-25 11:00:00,15959.0
2012-05-25 12:00:00,16300.0
2012-05-25 13:00:00,16895.0
2012-05-25 14:00:00,21503.0
2012-05-25 15:00:00,17395.0
2012-05-25 16:00:00,17432.0
2012-05-25 17:00:00,20095.0
2012-05-25 18:00:00,17165.0
2012-05-25 19:00:00,17178.0
2012-05-25 20:00:00,17300.0
2012-05-25 21:00:00,17818.0
2012-05-25 22:00:00,17987.0
2012-05-25 23:00:00,14598.0
2012-05-26 00:00:00,10433.0
2012-05-26 01:00:00,4758.0
2012-05-26 02:00:00,4436.0
2012-05-26 03:00:00,3991.0
2012-05-26 04:00:00,3783.0
2012-05-26 05:00:00,3801.0
2012-05-26 06:00:00,3652.0
2012-05-26 07:00:00,3909.0
2012-05-26 08:00:00,4222.0
2012-05-26 09:00:00,9872.0
2012-05-26 10:00:00,15578.0
2012-05-26 11:00:00,16165.0
2012-05-26 12:00:00,16452.0
2012-05-26 13:00:00,16679.0
2012-05-26 14:00:00,16781.0
2012-05-26 15:00:00,17118.0
2012-05-26 16:00:00,17189.0
2012-05-26 17:00:00,17434.0
2012-05-26 18:00:00,17270.0
2012-05-26 19:00:00,17084.0
2012-05-26 20:00:00,17364.0
2012-05-26 21:00:00,18220.0
2012-05-26 22:00:00,18016.0
2012-05-26 23:00:00,12996.0
2012-05-27 00:00:00,9005.0
2012-05-27 01:00:00,4672.0
2012-05-27 02:00:00,4408.0
2012-05-27 03:00:00,4043.0
2012-05-27 04:00:00,3921.0
2012-05-27 05:00:00,4002.0
2012-05-27 06:00:00,3899.0
2012-05-27 07:00:00,4045.0
2012-05-27 08:00:00,4279.0
2012-05-27 09:00:00,12619.0
2012-05-27 10:00:00,18541.0
2012-05-27 11:00:00,20059.0
2012-05-27 12:00:00,23053.0
2012-05-27 13:00:00,22405.0
2012-05-27 14:00:00,22575.0
2012-05-27 15:00:00,22786.0
2012-05-27 16:00:00,23016.0
2012-05-27 17:00:00,23049.0
2012-05-27 18:00:00,23111.0
2012-05-27 19:00:00,22887.0
2012-05-27 20:00:00,21310.0
2012-05-27 21:00:00,21636.0
2012-05-27 22:00:00,21412.0
2012-05-27 23:00:00,17623.0
2012-05-28 00:00:00,9738.0
2012-05-28 01:00:00,4668.0
2012-05-28 02:00:00,4480.0
2012-05-28 03:00:00,4013.0
2012-05-28 04:00:00,3842.0
2012-05-28 05:00:00,3740.0
2012-05-28 06:00:00,3616.0
2012-05-28 07:00:00,5340.0
2012-05-28 08:00:00,6631.0
2012-05-28 09:00:00,9692.0
2012-05-28 10:00:00,15603.0
2012-05-28 11:00:00,16563.0
2012-05-28 12:00:00,18817.0
2012-05-28 13:00:00,21765.0
2012-05-28 14:00:00,22093.0
2012-05-28 15:00:00,22366.0
2012-05-28 16:00:00,22563.0
2012-05-28 17:00:00,21925.0
2012-05-28 18:00:00,21342.0
2012-05-28 19:00:00,20709.0
2012-05-28 20:00:00,20299.0
2012-05-28 21:00:00,17882.0
2012-05-28 22:00:00,17851.0
2012-05-28 23:00:00,14251.0
2012-05-29 00:00:00,9570.0
2012-05-29 01:00:00,4771.0
2012-05-29 02:00:00,4529.0
2012-05-29 03:00:00,3927.0
2012-05-29 04:00:00,3763.0
2012-05-29 05:00:00,4620.0
2012-05-29 06:00:00,5633.0
2012-05-29 07:00:00,8257.0
2012-05-29 08:00:00,9073.0
2012-05-29 09:00:00,11419.0
2012-05-29 10:00:00,15098.0
2012-05-29 11:00:00,16400.0
2012-05-29 12:00:00,17539.0
2012-05-29 13:00:00,20817.0
2012-05-29 14:00:00,21140.0
2012-05-29 15:00:00,21257.0
2012-05-29 16:00:00,21339.0
2012-05-29 17:00:00,21455.0
2012-05-29 18:00:00,21290.0
2012-05-29 19:00:00,17516.0
2012-05-29 20:00:00,18010.0
2012-05-29 21:00:00,18473.0
2012-05-29 22:00:00,18532.0
2012-05-29 23:00:00,14727.0
2012-05-30 00:00:00,10104.0
2012-05-30 01:00:00,4589.0
2012-05-30 02:00:00,4352.0
2012-05-30 03:00:00,3881.0
2012-05-30 04:00:00,3677.0
2012-05-30 05:00:00,4846.0
2012-05-30 06:00:00,5994.0
2012-05-30 07:00:00,8852.0
2012-05-30 08:00:00,10811.0
2012-05-30 09:00:00,12882.0
2012-05-30 10:00:00,16657.0
2012-05-30 11:00:00,19390.0
2012-05-30 12:00:00,20940.0
2012-05-30 13:00:00,21655.0
2012-05-30 14:00:00,22197.0
2012-05-30 15:00:00,22757.0
2012-05-30 16:00:00,22594.0
2012-05-30 17:00:00,22746.0
2012-05-30 18:00:00,22156.0
2012-05-30 19:00:00,21595.0
2012-05-30 20:00:00,20896.0
2012-05-30 21:00:00,18824.0
2012-05-30 22:00:00,18444.0
2012-05-30 23:00:00,14729.0
2012-05-31 00:00:00,9882.0
2012-05-31 01:00:00,4908.0
2012-05-31 02:00:00,4703.0
2012-05-31 03:00:00,4148.0
2012-05-31 04:00:00,3957.0
2012-05-31 05:00:00,5113.0
2012-05-31 06:00:00,6313.0
2012-05-31 07:00:00,8444.0
2012-05-31 08:00:00,10010.0
2012-05-31 09:00:00,13193.0
2012-05-31 10:00:00,15155.0
2012-05-31 11:00:00,18951.0
2012-05-31 12:00:00,25908.0
2012-05-31 13:00:00,26123.0
2012-05-31 14:00:00,26404.0
2012-05-31 15:00:00,26343.0
2012-05-31 16:00:00,26596.0
2012-05-31 17:00:00,26735.0
2012-05-31 18:00:00,25849.0
2012-05-31 19:00:00,25828.0
2012-05-31 20:00:00,25160.0
2012-05-31 21:00:00,24568.0
2012-05-31 22:00:00,24679.0
2012-05-31 23:00:00,17555.0
2012-06-01 00:00:00,11469.0
2012-06-01 01:00:00,5098.0
2012-06-01 02:00:00,4925.0
2012-06-01 03:00:00,4453.0
2012-06-01 04:00:00,4236.0
2012-06-01 05:00:00,4121.0
2012-06-01 06:00:00,5105.0
2012-06-01 07:00:00,7446.0
2012-06-01 08:00:00,10489.0
2012-06-01 09:00:00,12696.0
2012-06-01 10:00:00,21941.0
2012-06-01 11:00:00,23070.0
2012-06-01 12:00:00,23750.0
2012-06-01 13:00:00,24422.0
2012-06-01 14:00:00,25193.0
2012-06-01 15:00:00,25032.0
2012-06-01 16:00:00,24708.0
2012-06-01 17:00:00,23942.0
2012-06-01 18:00:00,24071.0
2012-06-01 19:00:00,23639.0
2012-06-01 20:00:00,23439.0
2012-06-01 21:00:00,19907.0
2012-06-01 22:00:00,19785.0
2012-06-01 23:00:00,16346.0
2012-06-02 00:00:00,10886.0
2012-06-02 01:00:00,4799.0
2012-06-02 02:00:00,4657.0
2012-06-02 03:00:00,4210.0
2012-06-02 04:00:00,4039.0
2012-06-02 05:00:00,4065.0
2012-06-02 06:00:00,4851.0
2012-06-02 07:00:00,5411.0
2012-06-02 08:00:00,5519.0
2012-06-02 09:00:00,11087.0
2012-06-02 10:00:00,15747.0
2012-06-02 11:00:00,18810.0
2012-06-02 12:00:00,21175.0
2012-06-02 13:00:00,21254.0
2012-06-02 14:00:00,21233.0
2012-06-02 15:00:00,21503.0
2012-06-02 16:00:00,22495.0
2012-06-02 17:00:00,22659.0
2012-06-02 18:00:00,22997.0
2012-06-02 19:00:00,22684.0
2012-06-02 20:00:00,21983.0
2012-06-02 21:00:00,23423.0
2012-06-02 22:00:00,30826.0
2012-06-02 23:00:00,19978.0
2012-06-03 00:00:00,10811.0
2012-06-03 01:00:00,4947.0
2012-06-03 02:00:00,4610.0
2012-06-03 03:00:00,4141.0
2012-06-03 04:00:00,3882.0
2012-06-03 05:00:00,3808.0
2012-06-03 06:00:00,4680.0
2012-06-03 07:00:00,5176.0
2012-06-03 08:00:00,5409.0
2012-06-03 09:00:00,12463.0
2012-06-03 10:00:00,22127.0
2012-06-03 11:00:00,22984.0
2012-06-03 12:00:00,23450.0
2012-06-03 13:00:00,23766.0
2012-06-03 14:00:00,23903.0
2012-06-03 15:00:00,24879.0
2012-06-03 16:00:00,24948.0
2012-06-03 17:00:00,25113.0
2012-06-03 18:00:00,24864.0
2012-06-03 19:00:00,24185.0
2012-06-03 20:00:00,23383.0
2012-06-03 21:00:00,23667.0
2012-06-03 22:00:00,22620.0
2012-06-03 23:00:00,16332.0
2012-06-04 00:00:00,9139.0
2012-06-04 01:00:00,4982.0
2012-06-04 02:00:00,4547.0
2012-06-04 03:00:00,3996.0
2012-06-04 04:00:00,3900.0
2012-06-04 05:00:00,4010.0
2012-06-04 06:00:00,4643.0
2012-06-04 07:00:00,6890.0
2012-06-04 08:00:00,7961.0
2012-06-04 09:00:00,11153.0
2012-06-04 10:00:00,20148.0
2012-06-04 11:00:00,22372.0
2012-06-04 12:00:00,22956.0
2012-06-04 13:00:00,23279.0
2012-06-04 14:00:00,23416.0
2012-06-04 15:00:00,23790.0
2012-06-04 16:00:00,23924.0
2012-06-04 17:00:00,23626.0
2012-06-04 18:00:00,23468.0
2012-06-04 19:00:00,22946.0
2012-06-04 20:00:00,22604.0
2012-06-04 21:00:00,19355.0
2012-06-04 22:00:00,19353.0
2012-06-04 23:00:00,15916.0
2012-06-05 00:00:00,10948.0
2012-06-05 01:00:00,4965.0
2012-06-05 02:00:00,4697.0
2012-06-05 03:00:00,4209.0
2012-06-05 04:00:00,3992.0
2012-06-05 05:00:00,3961.0
2012-06-05 06:00:00,4002.0
2012-06-05 07:00:00,5605.0
2012-06-05 08:00:00,7434.0
2012-06-05 09:00:00,11737.0
2012-06-05 10:00:00,19857.0
2012-06-05 11:00:00,21860.0
2012-06-05 12:00:00,22603.0
2012-06-05 13:00:00,23288.0
2012-06-05 14:00:00,24094.0
2012-06-05 15:00:00,24876.0
2012-06-05 16:00:00,24789.0
2012-06-05 17:00:00,24340.0
2012-06-05 18:00:00,23611.0
2012-06-05 19:00:00,23310.0
2012-06-05 20:00:00,19269.0
2012-06-05 21:00:00,18838.0
2012-06-05 22:00:00,18928.0
2012-06-05 23:00:00,15410.0
2012-06-06 00:00:00,10420.0
2012-06-06 01:00:00,4752.0
2012-06-06 02:00:00,4427.0
2012-06-06 03:00:00,3952.0
2012-06-06 04:00:00,3780.0
2012-06-06 05:00:00,3707.0
2012-06-06 06:00:00,3712.0
2012-06-06 07:00:00,5346.0
2012-06-06 08:00:00,7781.0
2012-06-06 09:00:00,12019.0
2012-06-06 10:00:00,19157.0
2012-06-06 11:00:00,22349.0
2012-06-06 12:00:00,22727.0
2012-06-06 13:00:00,22461.0
2012-06-06 14:00:00,22382.0
2012-06-06 15:00:00,22210.0
2012-06-06 16:00:00,22445.0
2012-06-06 17:00:00,22335.0
2012-06-06 18:00:00,22203.0
2012-06-06 19:00:00,22044.0
2012-06-06 20:00:00,21375.0
2012-06-06 21:00:00,18529.0
2012-06-06 22:00:00,18635.0
2012-06-06 23:00:00,15136.0
2012-06-07 00:00:00,10526.0
2012-06-07 01:00:00,4749.0
2012-06-07 02:00:00,4486.0
2012-06-07 03:00:00,4002.0
2012-06-07 04:00:00,3797.0
2012-06-07 05:00:00,3762.0
2012-06-07 06:00:00,3764.0
2012-06-07 07:00:00,4136.0
2012-06-07 08:00:00,4247.0
2012-06-07 09:00:00,9868.0
2012-06-07 10:00:00,23237.0
2012-06-07 11:00:00,23796.0
2012-06-07 12:00:00,23809.0
2012-06-07 13:00:00,24485.0
2012-06-07 14:00:00,24440.0
2012-06-07 15:00:00,24230.0
2012-06-07 16:00:00,24502.0
2012-06-07 17:00:00,24554.0
2012-06-07 18:00:00,24391.0
2012-06-07 19:00:00,24153.0
2012-06-07 20:00:00,23909.0
2012-06-07 21:00:00,23206.0
2012-06-07 22:00:00,21629.0
2012-06-07 23:00:00,18564.0
2012-06-08 00:00:00,9980.0
2012-06-08 01:00:00,5115.0
2012-06-08 02:00:00,4840.0
2012-06-08 03:00:00,4316.0
2012-06-08 04:00:00,4216.0
2012-06-08 05:00:00,4188.0
2012-06-08 06:00:00,4188.0
2012-06-08 07:00:00,6252.0
2012-06-08 08:00:00,6840.0
2012-06-08 09:00:00,9878.0
2012-06-08 10:00:00,14999.0
2012-06-08 11:00:00,15574.0
2012-06-08 12:00:00,15876.0
2012-06-08 13:00:00,16124.0
2012-06-08 14:00:00,16184.0
2012-06-08 15:00:00,16563.0
2012-06-08 16:00:00,16522.0
2012-06-08 17:00:00,16480.0
2012-06-08 18:00:00,16298.0
2012-06-08 19:00:00,16412.0
2012-06-08 20:00:00,16290.0
2012-06-08 21:00:00,17017.0
2012-06-08 22:00:00,17266.0
2012-06-08 23:00:00,14399.0
2012-06-09 00:00:00,10093.0
2012-06-09 01:00:00,4988.0
2012-06-09 02:00:00,4757.0
2012-06-09 03:00:00,4306.0
2012-06-09 04:00:00,4103.0
2012-06-09 05:00:00,3920.0
2012-06-09 06:00:00,3765.0
2012-06-09 07:00:00,3880.0
2012-06-09 08:00:00,4311.0
2012-06-09 09:00:00,10601.0
2012-06-09 10:00:00,15458.0
2012-06-09 11:00:00,16197.0
2012-06-09 12:00:00,16774.0
2012-06-09 13:00:00,18620.0
2012-06-09 14:00:00,21396.0
2012-06-09 15:00:00,21269.0
2012-06-09 16:00:00,21407.0
2012-06-09 17:00:00,21436.0
2012-06-09 18:00:00,21984.0
2012-06-09 19:00:00,21839.0
2012-06-09 20:00:00,22181.0
2012-06-09 21:00:00,22094.0
2012-06-09 22:00:00,18639.0
2012-06-09 23:00:00,14604.0
2012-06-10 00:00:00,8900.0
2012-06-10 01:00:00,4734.0
2012-06-10 02:00:00,4460.0
2012-06-10 03:00:00,3983.0
2012-06-10 04:00:00,3815.0
2012-06-10 05:00:00,3779.0
2012-06-10 06:00:00,3743.0
2012-06-10 07:00:00,4200.0
2012-06-10 08:00:00,4230.0
2012-06-10 09:00:00,11054.0
2012-06-10 10:00:00,19536.0
2012-06-10 11:00:00,23562.0
2012-06-10 12:00:00,23423.0
2012-06-10 13:00:00,23897.0
2012-06-10 14:00:00,23351.0
2012-06-10 15:00:00,23311.0
2012-06-10 16:00:00,24066.0
2012-06-10 17:00:00,24366.0
2012-06-10 18:00:00,24112.0
2012-06-10 19:00:00,23266.0
2012-06-10 20:00:00,22427.0
2012-06-10 21:00:00,22641.0
2012-06-10 22:00:00,23005.0
2012-06-10 23:00:00,16363.0
2012-06-11 00:00:00,8837.0
2012-06-11 01:00:00,4975.0
2012-06-11 02:00:00,4767.0
2012-06-11 03:00:00,4269.0
2012-06-11 04:00:00,3993.0
2012-06-11 05:00:00,3871.0
2012-06-11 06:00:00,3831.0
2012-06-11 07:00:00,5977.0
2012-06-11 08:00:00,7419.0
2012-06-11 09:00:00,11046.0
2012-06-11 10:00:00,15827.0
2012-06-11 11:00:00,16612.0
2012-06-11 12:00:00,16681.0
2012-06-11 13:00:00,19930.0
2012-06-11 14:00:00,20604.0
2012-06-11 15:00:00,20842.0
2012-06-11 16:00:00,20859.0
2012-06-11 17:00:00,17861.0
2012-06-11 18:00:00,16888.0
2012-06-11 19:00:00,16800.0
2012-06-11 20:00:00,16892.0
2012-06-11 21:00:00,17676.0
2012-06-11 22:00:00,17913.0
2012-06-11 23:00:00,14688.0
2012-06-12 00:00:00,10259.0
2012-06-12 01:00:00,4666.0
2012-06-12 02:00:00,4539.0
2012-06-12 03:00:00,4039.0
2012-06-12 04:00:00,3839.0
2012-06-12 05:00:00,3737.0
2012-06-12 06:00:00,3628.0
2012-06-12 07:00:00,5357.0
2012-06-12 08:00:00,6903.0
2012-06-12 09:00:00,10691.0
2012-06-12 10:00:00,15068.0
2012-06-12 11:00:00,15988.0
2012-06-12 12:00:00,16209.0
2012-06-12 13:00:00,16478.0
2012-06-12 14:00:00,16389.0
2012-06-12 15:00:00,16521.0
2012-06-12 16:00:00,16492.0
2012-06-12 17:00:00,16454.0
2012-06-12 18:00:00,16200.0
2012-06-12 19:00:00,16137.0
2012-06-12 20:00:00,16431.0
2012-06-12 21:00:00,16729.0
2012-06-12 22:00:00,16883.0
2012-06-12 23:00:00,13976.0
2012-06-13 00:00:00,10136.0
2012-06-13 01:00:00,4619.0
2012-06-13 02:00:00,4399.0
2012-06-13 03:00:00,3839.0
2012-06-13 04:00:00,3632.0
2012-06-13 05:00:00,3629.0
2012-06-13 06:00:00,3668.0
2012-06-13 07:00:00,5457.0
2012-06-13 08:00:00,6602.0
2012-06-13 09:00:00,9895.0
2012-06-13 10:00:00,14424.0
2012-06-13 11:00:00,16324.0
2012-06-13 12:00:00,19800.0
2012-06-13 13:00:00,20747.0
2012-06-13 14:00:00,20902.0
2012-06-13 15:00:00,21596.0
2012-06-13 16:00:00,21743.0
2012-06-13 17:00:00,21530.0
2012-06-13 18:00:00,21151.0
2012-06-13 19:00:00,20592.0
2012-06-13 20:00:00,19060.0
2012-06-13 21:00:00,17284.0
2012-06-13 22:00:00,17384.0
2012-06-13 23:00:00,14316.0
2012-06-14 00:00:00,10509.0
2012-06-14 01:00:00,4693.0
2012-06-14 02:00:00,4371.0
2012-06-14 03:00:00,3859.0
2012-06-14 04:00:00,3686.0
2012-06-14 05:00:00,3659.0
2012-06-14 06:00:00,3575.0
2012-06-14 07:00:00,6285.0
2012-06-14 08:00:00,7388.0
2012-06-14 09:00:00,11720.0
2012-06-14 10:00:00,16669.0
2012-06-14 11:00:00,17569.0
2012-06-14 12:00:00,17696.0
2012-06-14 13:00:00,17498.0
2012-06-14 14:00:00,17469.0
2012-06-14 15:00:00,21114.0
2012-06-14 16:00:00,21533.0
2012-06-14 17:00:00,18431.0
2012-06-14 18:00:00,17720.0
2012-06-14 19:00:00,17577.0
2012-06-14 20:00:00,17545.0
2012-06-14 21:00:00,18073.0
2012-06-14 22:00:00,18271.0
2012-06-14 23:00:00,14464.0
2012-06-15 00:00:00,10459.0
2012-06-15 01:00:00,4998.0
2012-06-15 02:00:00,4752.0
2012-06-15 03:00:00,4246.0
2012-06-15 04:00:00,4103.0
2012-06-15 05:00:00,4052.0
2012-06-15 06:00:00,3767.0
2012-06-15 07:00:00,6595.0
2012-06-15 08:00:00,8177.0
2012-06-15 09:00:00,11743.0
2012-06-15 10:00:00,16355.0
2012-06-15 11:00:00,17280.0
2012-06-15 12:00:00,17064.0
2012-06-15 13:00:00,19214.0
2012-06-15 14:00:00,21429.0
2012-06-15 15:00:00,21732.0
2012-06-15 16:00:00,21729.0
2012-06-15 17:00:00,21434.0
2012-06-15 18:00:00,17802.0
2012-06-15 19:00:00,17514.0
2012-06-15 20:00:00,17337.0
2012-06-15 21:00:00,18630.0
2012-06-15 22:00:00,18935.0
2012-06-15 23:00:00,15014.0
2012-06-16 00:00:00,10425.0
2012-06-16 01:00:00,4617.0
2012-06-16 02:00:00,4259.0
2012-06-16 03:00:00,3680.0
2012-06-16 04:00:00,3599.0
2012-06-16 05:00:00,3464.0
2012-06-16 06:00:00,3480.0
2012-06-16 07:00:00,3973.0
2012-06-16 08:00:00,4224.0
2012-06-16 09:00:00,10657.0
2012-06-16 10:00:00,16714.0
2012-06-16 11:00:00,17511.0
2012-06-16 12:00:00,18620.0
2012-06-16 13:00:00,22631.0
2012-06-16 14:00:00,22368.0
2012-06-16 15:00:00,22503.0
2012-06-16 16:00:00,22612.0
2012-06-16 17:00:00,22993.0
2012-06-16 18:00:00,22827.0
2012-06-16 19:00:00,22448.0
2012-06-16 20:00:00,22116.0
2012-06-16 21:00:00,22375.0
2012-06-16 22:00:00,22004.0
2012-06-16 23:00:00,18695.0
2012-06-17 00:00:00,10129.0
2012-06-17 01:00:00,4551.0
2012-06-17 02:00:00,4336.0
2012-06-17 03:00:00,3827.0
2012-06-17 04:00:00,3720.0
2012-06-17 05:00:00,3643.0
2012-06-17 06:00:00,3643.0
2012-06-17 07:00:00,4067.0
2012-06-17 08:00:00,4232.0
2012-06-17 09:00:00,9568.0
2012-06-17 10:00:00,24720.0
2012-06-17 11:00:00,25494.0
2012-06-17 12:00:00,25723.0
2012-06-17 13:00:00,25429.0
2012-06-17 14:00:00,25475.0
2012-06-17 15:00:00,25506.0
2012-06-17 16:00:00,26051.0
2012-06-17 17:00:00,25844.0
2012-06-17 18:00:00,25909.0
2012-06-17 19:00:00,25927.0
2012-06-17 20:00:00,25822.0
2012-06-17 21:00:00,25844.0
2012-06-17 22:00:00,22406.0
2012-06-17 23:00:00,18956.0
2012-06-18 00:00:00,10753.0
2012-06-18 01:00:00,4803.0
2012-06-18 02:00:00,4651.0
2012-06-18 03:00:00,4272.0
2012-06-18 04:00:00,4102.0
2012-06-18 05:00:00,3996.0
2012-06-18 06:00:00,3916.0
2012-06-18 07:00:00,5183.0
2012-06-18 08:00:00,6692.0
2012-06-18 09:00:00,10558.0
2012-06-18 10:00:00,19513.0
2012-06-18 11:00:00,20622.0
2012-06-18 12:00:00,20413.0
2012-06-18 13:00:00,19239.0
2012-06-18 14:00:00,19163.0
2012-06-18 15:00:00,18993.0
2012-06-18 16:00:00,19291.0
2012-06-18 17:00:00,18982.0
2012-06-18 18:00:00,19022.0
2012-06-18 19:00:00,18693.0
2012-06-18 20:00:00,18157.0
2012-06-18 21:00:00,16922.0
2012-06-18 22:00:00,16833.0
2012-06-18 23:00:00,14019.0
2012-06-19 00:00:00,10002.0
2012-06-19 01:00:00,4861.0
2012-06-19 02:00:00,4675.0
2012-06-19 03:00:00,4134.0
2012-06-19 04:00:00,3951.0
2012-06-19 05:00:00,3904.0
2012-06-19 06:00:00,3933.0
2012-06-19 07:00:00,6559.0
2012-06-19 08:00:00,7808.0
2012-06-19 09:00:00,11644.0
2012-06-19 10:00:00,15171.0
2012-06-19 11:00:00,16111.0
2012-06-19 12:00:00,16240.0
2012-06-19 13:00:00,16221.0
2012-06-19 14:00:00,16287.0
2012-06-19 15:00:00,16308.0
2012-06-19 16:00:00,16206.0
2012-06-19 17:00:00,16315.0
2012-06-19 18:00:00,16157.0
2012-06-19 19:00:00,16132.0
2012-06-19 20:00:00,16257.0
2012-06-19 21:00:00,16852.0
2012-06-19 22:00:00,17112.0
2012-06-19 23:00:00,14166.0
2012-06-20 00:00:00,10447.0
2012-06-20 01:00:00,5139.0
2012-06-20 02:00:00,4814.0
2012-06-20 03:00:00,4242.0
2012-06-20 04:00:00,4110.0
2012-06-20 05:00:00,4078.0
2012-06-20 06:00:00,4141.0
2012-06-20 07:00:00,6359.0
2012-06-20 08:00:00,7912.0
2012-06-20 09:00:00,11770.0
2012-06-20 10:00:00,15289.0
2012-06-20 11:00:00,16078.0
2012-06-20 12:00:00,16162.0
2012-06-20 13:00:00,16080.0
2012-06-20 14:00:00,16181.0
2012-06-20 15:00:00,16284.0
2012-06-20 16:00:00,16313.0
2012-06-20 17:00:00,16439.0
2012-06-20 18:00:00,16600.0
2012-06-20 19:00:00,16918.0
2012-06-20 20:00:00,17519.0
2012-06-20 21:00:00,17923.0
2012-06-20 22:00:00,18075.0
2012-06-20 23:00:00,15216.0
2012-06-21 00:00:00,10426.0
2012-06-21 01:00:00,5017.0
2012-06-21 02:00:00,4709.0
2012-06-21 03:00:00,4259.0
2012-06-21 04:00:00,4066.0
2012-06-21 05:00:00,3878.0
2012-06-21 06:00:00,3859.0
2012-06-21 07:00:00,5418.0
2012-06-21 08:00:00,6626.0
2012-06-21 09:00:00,10419.0
2012-06-21 10:00:00,18550.0
2012-06-21 11:00:00,19195.0
2012-06-21 12:00:00,20493.0
2012-06-21 13:00:00,20385.0
2012-06-21 14:00:00,20920.0
2012-06-21 15:00:00,21651.0
2012-06-21 16:00:00,22594.0
2012-06-21 17:00:00,22220.0
2012-06-21 18:00:00,21621.0
2012-06-21 19:00:00,20661.0
2012-06-21 20:00:00,19312.0
2012-06-21 21:00:00,19524.0
2012-06-21 22:00:00,17849.0
2012-06-21 23:00:00,13981.0
2012-06-22 00:00:00,10419.0
2012-06-22 01:00:00,5163.0
2012-06-22 02:00:00,4794.0
2012-06-22 03:00:00,4329.0
2012-06-22 04:00:00,4109.0
2012-06-22 05:00:00,4014.0
2012-06-22 06:00:00,3962.0
2012-06-22 07:00:00,6097.0
2012-06-22 08:00:00,7352.0
2012-06-22 09:00:00,13114.0
2012-06-22 10:00:00,18242.0
2012-06-22 11:00:00,19783.0
2012-06-22 12:00:00,19978.0
2012-06-22 13:00:00,20215.0
2012-06-22 14:00:00,20978.0
2012-06-22 15:00:00,21015.0
2012-06-22 16:00:00,20923.0
2012-06-22 17:00:00,20816.0
2012-06-22 18:00:00,20452.0
2012-06-22 19:00:00,20137.0
2012-06-22 20:00:00,19631.0
2012-06-22 21:00:00,20046.0
2012-06-22 22:00:00,18730.0
2012-06-22 23:00:00,13859.0
2012-06-23 00:00:00,10174.0
2012-06-23 01:00:00,4790.0
2012-06-23 02:00:00,4570.0
2012-06-23 03:00:00,4052.0
2012-06-23 04:00:00,3907.0
2012-06-23 05:00:00,3831.0
2012-06-23 06:00:00,3838.0
2012-06-23 07:00:00,4085.0
2012-06-23 08:00:00,7140.0
2012-06-23 09:00:00,14246.0
2012-06-23 10:00:00,18721.0
2012-06-23 11:00:00,20538.0
2012-06-23 12:00:00,21706.0
2012-06-23 13:00:00,21806.0
2012-06-23 14:00:00,22109.0
2012-06-23 15:00:00,22581.0
2012-06-23 16:00:00,23917.0
2012-06-23 17:00:00,23601.0
2012-06-23 18:00:00,23037.0
2012-06-23 19:00:00,21525.0
2012-06-23 20:00:00,20815.0
2012-06-23 21:00:00,21101.0
2012-06-23 22:00:00,21186.0
2012-06-23 23:00:00,17874.0
2012-06-24 00:00:00,10744.0
2012-06-24 01:00:00,4960.0
2012-06-24 02:00:00,4697.0
2012-06-24 03:00:00,4214.0
2012-06-24 04:00:00,4103.0
2012-06-24 05:00:00,4073.0
2012-06-24 06:00:00,4830.0
2012-06-24 07:00:00,5030.0
2012-06-24 08:00:00,8162.0
2012-06-24 09:00:00,14624.0
2012-06-24 10:00:00,22932.0
2012-06-24 11:00:00,26147.0
2012-06-24 12:00:00,27833.0
2012-06-24 13:00:00,28124.0
2012-06-24 14:00:00,28680.0
2012-06-24 15:00:00,28716.0
2012-06-24 16:00:00,28751.0
2012-06-24 17:00:00,28889.0
2012-06-24 18:00:00,32669.0
2012-06-24 19:00:00,30295.0
2012-06-24 20:00:00,25496.0
2012-06-24 21:00:00,25208.0
2012-06-24 22:00:00,25022.0
2012-06-24 23:00:00,17744.0
2012-06-25 00:00:00,10448.0
2012-06-25 01:00:00,5079.0
2012-06-25 02:00:00,4880.0
2012-06-25 03:00:00,4379.0
2012-06-25 04:00:00,4206.0
2012-06-25 05:00:00,4173.0
2012-06-25 06:00:00,5017.0
2012-06-25 07:00:00,7150.0
2012-06-25 08:00:00,14306.0
2012-06-25 09:00:00,15707.0
2012-06-25 10:00:00,24404.0
2012-06-25 11:00:00,29717.0
2012-06-25 12:00:00,30083.0
2012-06-25 13:00:00,30180.0
2012-06-25 14:00:00,30584.0
2012-06-25 15:00:00,31327.0
2012-06-25 16:00:00,33872.0
2012-06-25 17:00:00,33678.0
2012-06-25 18:00:00,32797.0
2012-06-25 19:00:00,29542.0
2012-06-25 20:00:00,28112.0
2012-06-25 21:00:00,27402.0
2012-06-25 22:00:00,25350.0
2012-06-25 23:00:00,19182.0
2012-06-26 00:00:00,10427.0
2012-06-26 01:00:00,4920.0
2012-06-26 02:00:00,4810.0
2012-06-26 03:00:00,4241.0
2012-06-26 04:00:00,4025.0
2012-06-26 05:00:00,3971.0
2012-06-26 06:00:00,4637.0
2012-06-26 07:00:00,8683.0
2012-06-26 08:00:00,15744.0
2012-06-26 09:00:00,19940.0
2012-06-26 10:00:00,28579.0
2012-06-26 11:00:00,30100.0
2012-06-26 12:00:00,30908.0
2012-06-26 13:00:00,30546.0
2012-06-26 14:00:00,29857.0
2012-06-26 15:00:00,30497.0
2012-06-26 16:00:00,30749.0
2012-06-26 17:00:00,31844.0
2012-06-26 18:00:00,32332.0
2012-06-26 19:00:00,32209.0
2012-06-26 20:00:00,31913.0
2012-06-26 21:00:00,29581.0
2012-06-26 22:00:00,27128.0
2012-06-26 23:00:00,19166.0
2012-06-27 00:00:00,10813.0
2012-06-27 01:00:00,5058.0
2012-06-27 02:00:00,4774.0
2012-06-27 03:00:00,4250.0
2012-06-27 04:00:00,4028.0
2012-06-27 05:00:00,3963.0
2012-06-27 06:00:00,4904.0
2012-06-27 07:00:00,8197.0
2012-06-27 08:00:00,11684.0
2012-06-27 09:00:00,20179.0
2012-06-27 10:00:00,25693.0
2012-06-27 11:00:00,29020.0
2012-06-27 12:00:00,29603.0
2012-06-27 13:00:00,29553.0
2012-06-27 14:00:00,29524.0
2012-06-27 15:00:00,29426.0
2012-06-27 16:00:00,29472.0
2012-06-27 17:00:00,29283.0
2012-06-27 18:00:00,26134.0
2012-06-27 19:00:00,24766.0
2012-06-27 20:00:00,24495.0
2012-06-27 21:00:00,24757.0
2012-06-27 22:00:00,24793.0
2012-06-27 23:00:00,16884.0
2012-06-28 00:00:00,10182.0
2012-06-28 01:00:00,4971.0
2012-06-28 02:00:00,4775.0
2012-06-28 03:00:00,4248.0
2012-06-28 04:00:00,4061.0
2012-06-28 05:00:00,4088.0
2012-06-28 06:00:00,4883.0
2012-06-28 07:00:00,6971.0
2012-06-28 08:00:00,8110.0
2012-06-28 09:00:00,13376.0
2012-06-28 10:00:00,21083.0
2012-06-28 11:00:00,26424.0
2012-06-28 12:00:00,27254.0
2012-06-28 13:00:00,27294.0
2012-06-28 14:00:00,27588.0
2012-06-28 15:00:00,27248.0
2012-06-28 16:00:00,26677.0
2012-06-28 17:00:00,26458.0
2012-06-28 18:00:00,26199.0
2012-06-28 19:00:00,25856.0
2012-06-28 20:00:00,24649.0
2012-06-28 21:00:00,21857.0
2012-06-28 22:00:00,22214.0
2012-06-28 23:00:00,17044.0
2012-06-29 00:00:00,10807.0
2012-06-29 01:00:00,5112.0
2012-06-29 02:00:00,4725.0
2012-06-29 03:00:00,4260.0
2012-06-29 04:00:00,4068.0
2012-06-29 05:00:00,4012.0
2012-06-29 06:00:00,4760.0
2012-06-29 07:00:00,7067.0
2012-06-29 08:00:00,8267.0
2012-06-29 09:00:00,14626.0
2012-06-29 10:00:00,19865.0
2012-06-29 11:00:00,22345.0
2012-06-29 12:00:00,22751.0
2012-06-29 13:00:00,22557.0
2012-06-29 14:00:00,22531.0
2012-06-29 15:00:00,22616.0
2012-06-29 16:00:00,23023.0
2012-06-29 17:00:00,22773.0
2012-06-29 18:00:00,22102.0
2012-06-29 19:00:00,21554.0
2012-06-29 20:00:00,21262.0
2012-06-29 21:00:00,21987.0
2012-06-29 22:00:00,19139.0
2012-06-29 23:00:00,16009.0
2012-06-30 00:00:00,10344.0
2012-06-30 01:00:00,5028.0
2012-06-30 02:00:00,4653.0
2012-06-30 03:00:00,4135.0
2012-06-30 04:00:00,3948.0
2012-06-30 05:00:00,3913.0
2012-06-30 06:00:00,3888.0
2012-06-30 07:00:00,4002.0
2012-06-30 08:00:00,7301.0
2012-06-30 09:00:00,14826.0
2012-06-30 10:00:00,21823.0
2012-06-30 11:00:00,24406.0
2012-06-30 12:00:00,24233.0
2012-06-30 13:00:00,25181.0
2012-06-30 14:00:00,24918.0
2012-06-30 15:00:00,24701.0
2012-06-30 16:00:00,24637.0
2012-06-30 17:00:00,24823.0
2012-06-30 18:00:00,21874.0
2012-06-30 19:00:00,21282.0
2012-06-30 20:00:00,20403.0
2012-06-30 21:00:00,20714.0
2012-06-30 22:00:00,19957.0
2012-06-30 23:00:00,16739.0
2012-07-01 00:00:00,9348.0
2012-07-01 01:00:00,4685.0
2012-07-01 02:00:00,4441.0
2012-07-01 03:00:00,3911.0
2012-07-01 04:00:00,3717.0
2012-07-01 05:00:00,3679.0
2012-07-01 06:00:00,3697.0
2012-07-01 07:00:00,4094.0
2012-07-01 08:00:00,4376.0
2012-07-01 09:00:00,9116.0
2012-07-01 10:00:00,23287.0
2012-07-01 11:00:00,24898.0
2012-07-01 12:00:00,25040.0
2012-07-01 13:00:00,24919.0
2012-07-01 14:00:00,25206.0
2012-07-01 15:00:00,25306.0
2012-07-01 16:00:00,25457.0
2012-07-01 17:00:00,25251.0
2012-07-01 18:00:00,24913.0
2012-07-01 19:00:00,24730.0
2012-07-01 20:00:00,23438.0
2012-07-01 21:00:00,23836.0
2012-07-01 22:00:00,23059.0
2012-07-01 23:00:00,17296.0
2012-07-02 00:00:00,9413.0
2012-07-02 01:00:00,4973.0
2012-07-02 02:00:00,4753.0
2012-07-02 03:00:00,4256.0
2012-07-02 04:00:00,3998.0
2012-07-02 05:00:00,4011.0
2012-07-02 06:00:00,3946.0
2012-07-02 07:00:00,5719.0
2012-07-02 08:00:00,6628.0
2012-07-02 09:00:00,10283.0
2012-07-02 10:00:00,19659.0
2012-07-02 11:00:00,22469.0
2012-07-02 12:00:00,25703.0
2012-07-02 13:00:00,25698.0
2012-07-02 14:00:00,27268.0
2012-07-02 15:00:00,27514.0
2012-07-02 16:00:00,27923.0
2012-07-02 17:00:00,27457.0
2012-07-02 18:00:00,25994.0
2012-07-02 19:00:00,23948.0
2012-07-02 20:00:00,21817.0
2012-07-02 21:00:00,21370.0
2012-07-02 22:00:00,21373.0
2012-07-02 23:00:00,15800.0
2012-07-03 00:00:00,10285.0
2012-07-03 01:00:00,4942.0
2012-07-03 02:00:00,4909.0
2012-07-03 03:00:00,4311.0
2012-07-03 04:00:00,4011.0
2012-07-03 05:00:00,3964.0
2012-07-03 06:00:00,4041.0
2012-07-03 07:00:00,6167.0
2012-07-03 08:00:00,7007.0
2012-07-03 09:00:00,12038.0
2012-07-03 10:00:00,20509.0
2012-07-03 11:00:00,22902.0
2012-07-03 12:00:00,27938.0
2012-07-03 13:00:00,27242.0
2012-07-03 14:00:00,27392.0
2012-07-03 15:00:00,27464.0
2012-07-03 16:00:00,26978.0
2012-07-03 17:00:00,26713.0
2012-07-03 18:00:00,26575.0
2012-07-03 19:00:00,24096.0
2012-07-03 20:00:00,22711.0
2012-07-03 21:00:00,22962.0
2012-07-03 22:00:00,22586.0
2012-07-03 23:00:00,16395.0
2012-07-04 00:00:00,10107.0
2012-07-04 01:00:00,4908.0
2012-07-04 02:00:00,4689.0
2012-07-04 03:00:00,4243.0
2012-07-04 04:00:00,4000.0
2012-07-04 05:00:00,3963.0
2012-07-04 06:00:00,4006.0
2012-07-04 07:00:00,6057.0
2012-07-04 08:00:00,7108.0
2012-07-04 09:00:00,10618.0
2012-07-04 10:00:00,20449.0
2012-07-04 11:00:00,22172.0
2012-07-04 12:00:00,23292.0
2012-07-04 13:00:00,26253.0
2012-07-04 14:00:00,26585.0
2012-07-04 15:00:00,26604.0
2012-07-04 16:00:00,26489.0
2012-07-04 17:00:00,26311.0
2012-07-04 18:00:00,25770.0
2012-07-04 19:00:00,22138.0
2012-07-04 20:00:00,21799.0
2012-07-04 21:00:00,21757.0
2012-07-04 22:00:00,21809.0
2012-07-04 23:00:00,15226.0
2012-07-05 00:00:00,10259.0
2012-07-05 01:00:00,5115.0
2012-07-05 02:00:00,4849.0
2012-07-05 03:00:00,4344.0
2012-07-05 04:00:00,4133.0
2012-07-05 05:00:00,4086.0
2012-07-05 06:00:00,4122.0
2012-07-05 07:00:00,5631.0
2012-07-05 08:00:00,7014.0
2012-07-05 09:00:00,10361.0
2012-07-05 10:00:00,18180.0
2012-07-05 11:00:00,20610.0
2012-07-05 12:00:00,21216.0
2012-07-05 13:00:00,22071.0
2012-07-05 14:00:00,22192.0
2012-07-05 15:00:00,22337.0
2012-07-05 16:00:00,22593.0
2012-07-05 17:00:00,22192.0
2012-07-05 18:00:00,21958.0
2012-07-05 19:00:00,21702.0
2012-07-05 20:00:00,19735.0
2012-07-05 21:00:00,19531.0
2012-07-05 22:00:00,16615.0
2012-07-05 23:00:00,13703.0
2012-07-06 00:00:00,10300.0
2012-07-06 01:00:00,5127.0
2012-07-06 02:00:00,4830.0
2012-07-06 03:00:00,4359.0
2012-07-06 04:00:00,4111.0
2012-07-06 05:00:00,3991.0
2012-07-06 06:00:00,4027.0
2012-07-06 07:00:00,5916.0
2012-07-06 08:00:00,7104.0
2012-07-06 09:00:00,10315.0
2012-07-06 10:00:00,16625.0
2012-07-06 11:00:00,20647.0
2012-07-06 12:00:00,20819.0
2012-07-06 13:00:00,21276.0
2012-07-06 14:00:00,21664.0
2012-07-06 15:00:00,22115.0
2012-07-06 16:00:00,22004.0
2012-07-06 17:00:00,22010.0
2012-07-06 18:00:00,22066.0
2012-07-06 19:00:00,21913.0
2012-07-06 20:00:00,21207.0
2012-07-06 21:00:00,21812.0
2012-07-06 22:00:00,19318.0
2012-07-06 23:00:00,18118.0
2012-07-07 00:00:00,10319.0
2012-07-07 01:00:00,5076.0
2012-07-07 02:00:00,4919.0
2012-07-07 03:00:00,4333.0
2012-07-07 04:00:00,4113.0
2012-07-07 05:00:00,4043.0
2012-07-07 06:00:00,3924.0
2012-07-07 07:00:00,4222.0
2012-07-07 08:00:00,5576.0
2012-07-07 09:00:00,13866.0
2012-07-07 10:00:00,22012.0
2012-07-07 11:00:00,26051.0
2012-07-07 12:00:00,25733.0
2012-07-07 13:00:00,25373.0
2012-07-07 14:00:00,25792.0
2012-07-07 15:00:00,25747.0
2012-07-07 16:00:00,25716.0
2012-07-07 17:00:00,25931.0
2012-07-07 18:00:00,25087.0
2012-07-07 19:00:00,21985.0
2012-07-07 20:00:00,21510.0
2012-07-07 21:00:00,21687.0
2012-07-07 22:00:00,21796.0
2012-07-07 23:00:00,16970.0
2012-07-08 00:00:00,9015.0
2012-07-08 01:00:00,4795.0
2012-07-08 02:00:00,4605.0
2012-07-08 03:00:00,4077.0
2012-07-08 04:00:00,3883.0
2012-07-08 05:00:00,3809.0
2012-07-08 06:00:00,3835.0
2012-07-08 07:00:00,4221.0
2012-07-08 08:00:00,4538.0
2012-07-08 09:00:00,12033.0
2012-07-08 10:00:00,20695.0
2012-07-08 11:00:00,25614.0
2012-07-08 12:00:00,25420.0
2012-07-08 13:00:00,25246.0
2012-07-08 14:00:00,25228.0
2012-07-08 15:00:00,25342.0
2012-07-08 16:00:00,25473.0
2012-07-08 17:00:00,25718.0
2012-07-08 18:00:00,25243.0
2012-07-08 19:00:00,24929.0
2012-07-08 20:00:00,24117.0
2012-07-08 21:00:00,24580.0
2012-07-08 22:00:00,24844.0
2012-07-08 23:00:00,17729.0
2012-07-09 00:00:00,10466.0
2012-07-09 01:00:00,4830.0
2012-07-09 02:00:00,4578.0
2012-07-09 03:00:00,4083.0
2012-07-09 04:00:00,3848.0
2012-07-09 05:00:00,3784.0
2012-07-09 06:00:00,3739.0
2012-07-09 07:00:00,5602.0
2012-07-09 08:00:00,6500.0
2012-07-09 09:00:00,12369.0
2012-07-09 10:00:00,19563.0
2012-07-09 11:00:00,21324.0
2012-07-09 12:00:00,22125.0
2012-07-09 13:00:00,22075.0
2012-07-09 14:00:00,22383.0
2012-07-09 15:00:00,22326.0
2012-07-09 16:00:00,22556.0
2012-07-09 17:00:00,21979.0
2012-07-09 18:00:00,21822.0
2012-07-09 19:00:00,21561.0
2012-07-09 20:00:00,21081.0
2012-07-09 21:00:00,21666.0
2012-07-09 22:00:00,21820.0
2012-07-09 23:00:00,15235.0
2012-07-10 00:00:00,10344.0
2012-07-10 01:00:00,5138.0
2012-07-10 02:00:00,4932.0
2012-07-10 03:00:00,4438.0
2012-07-10 04:00:00,4231.0
2012-07-10 05:00:00,4083.0
2012-07-10 06:00:00,4108.0
2012-07-10 07:00:00,5806.0
2012-07-10 08:00:00,6975.0
2012-07-10 09:00:00,10623.0
2012-07-10 10:00:00,18771.0
2012-07-10 11:00:00,21018.0
2012-07-10 12:00:00,20892.0
2012-07-10 13:00:00,21086.0
2012-07-10 14:00:00,21227.0
2012-07-10 15:00:00,21623.0
2012-07-10 16:00:00,19952.0
2012-07-10 17:00:00,19988.0
2012-07-10 18:00:00,19770.0
2012-07-10 19:00:00,19474.0
2012-07-10 20:00:00,19148.0
2012-07-10 21:00:00,19775.0
2012-07-10 22:00:00,19887.0
2012-07-10 23:00:00,15852.0
2012-07-11 00:00:00,10119.0
2012-07-11 01:00:00,5240.0
2012-07-11 02:00:00,5047.0
2012-07-11 03:00:00,4543.0
2012-07-11 04:00:00,4272.0
2012-07-11 05:00:00,4232.0
2012-07-11 06:00:00,4230.0
2012-07-11 07:00:00,6166.0
2012-07-11 08:00:00,7163.0
2012-07-11 09:00:00,10331.0
2012-07-11 10:00:00,17348.0
2012-07-11 11:00:00,18758.0
2012-07-11 12:00:00,19471.0
2012-07-11 13:00:00,19424.0
2012-07-11 14:00:00,19675.0
2012-07-11 15:00:00,19800.0
2012-07-11 16:00:00,20047.0
2012-07-11 17:00:00,20726.0
2012-07-11 18:00:00,20454.0
2012-07-11 19:00:00,20432.0
2012-07-11 20:00:00,20167.0
2012-07-11 21:00:00,20623.0
2012-07-11 22:00:00,20870.0
2012-07-11 23:00:00,17023.0
2012-07-12 00:00:00,10641.0
2012-07-12 01:00:00,4901.0
2012-07-12 02:00:00,4797.0
2012-07-12 03:00:00,4358.0
2012-07-12 04:00:00,4127.0
2012-07-12 05:00:00,4034.0
2012-07-12 06:00:00,4063.0
2012-07-12 07:00:00,6570.0
2012-07-12 08:00:00,7455.0
2012-07-12 09:00:00,11142.0
2012-07-12 10:00:00,19408.0
2012-07-12 11:00:00,20686.0
2012-07-12 12:00:00,21921.0
2012-07-12 13:00:00,21726.0
2012-07-12 14:00:00,21855.0
2012-07-12 15:00:00,21861.0
2012-07-12 16:00:00,21902.0
2012-07-12 17:00:00,21988.0
2012-07-12 18:00:00,21816.0
2012-07-12 19:00:00,21381.0
2012-07-12 20:00:00,20639.0
2012-07-12 21:00:00,20684.0
2012-07-12 22:00:00,18820.0
2012-07-12 23:00:00,13863.0
2012-07-13 00:00:00,10184.0
2012-07-13 01:00:00,4905.0
2012-07-13 02:00:00,4719.0
2012-07-13 03:00:00,4241.0
2012-07-13 04:00:00,4010.0
2012-07-13 05:00:00,4035.0
2012-07-13 06:00:00,4042.0
2012-07-13 07:00:00,5961.0
2012-07-13 08:00:00,7229.0
2012-07-13 09:00:00,11412.0
2012-07-13 10:00:00,19565.0
2012-07-13 11:00:00,21560.0
2012-07-13 12:00:00,22533.0
2012-07-13 13:00:00,22785.0
2012-07-13 14:00:00,23148.0
2012-07-13 15:00:00,23805.0
2012-07-13 16:00:00,27455.0
2012-07-13 17:00:00,26689.0
2012-07-13 18:00:00,25786.0
2012-07-13 19:00:00,23313.0
2012-07-13 20:00:00,23724.0
2012-07-13 21:00:00,23488.0
2012-07-13 22:00:00,23712.0
2012-07-13 23:00:00,16902.0
2012-07-14 00:00:00,10449.0
2012-07-14 01:00:00,5107.0
2012-07-14 02:00:00,4918.0
2012-07-14 03:00:00,4534.0
2012-07-14 04:00:00,4431.0
2012-07-14 05:00:00,4479.0
2012-07-14 06:00:00,4462.0
2012-07-14 07:00:00,4392.0
2012-07-14 08:00:00,4737.0
2012-07-14 09:00:00,9666.0
2012-07-14 10:00:00,19812.0
2012-07-14 11:00:00,21932.0
2012-07-14 12:00:00,21952.0
2012-07-14 13:00:00,21750.0
2012-07-14 14:00:00,21766.0
2012-07-14 15:00:00,22129.0
2012-07-14 16:00:00,22262.0
2012-07-14 17:00:00,21762.0
2012-07-14 18:00:00,21604.0
2012-07-14 19:00:00,21097.0
2012-07-14 20:00:00,20591.0
2012-07-14 21:00:00,20987.0
2012-07-14 22:00:00,21454.0
2012-07-14 23:00:00,18246.0
2012-07-15 00:00:00,10273.0
2012-07-15 01:00:00,4684.0
2012-07-15 02:00:00,4357.0
2012-07-15 03:00:00,3984.0
2012-07-15 04:00:00,3787.0
2012-07-15 05:00:00,3699.0
2012-07-15 06:00:00,3762.0
2012-07-15 07:00:00,4111.0
2012-07-15 08:00:00,4377.0
2012-07-15 09:00:00,11539.0
2012-07-15 10:00:00,22082.0
2012-07-15 11:00:00,23051.0
2012-07-15 12:00:00,23653.0
2012-07-15 13:00:00,24245.0
2012-07-15 14:00:00,25222.0
2012-07-15 15:00:00,26076.0
2012-07-15 16:00:00,25910.0
2012-07-15 17:00:00,26001.0
2012-07-15 18:00:00,25605.0
2012-07-15 19:00:00,25243.0
2012-07-15 20:00:00,24583.0
2012-07-15 21:00:00,24598.0
2012-07-15 22:00:00,23386.0
2012-07-15 23:00:00,18173.0
2012-07-16 00:00:00,10600.0
2012-07-16 01:00:00,4790.0
2012-07-16 02:00:00,4527.0
2012-07-16 03:00:00,4035.0
2012-07-16 04:00:00,3801.0
2012-07-16 05:00:00,3748.0
2012-07-16 06:00:00,4458.0
2012-07-16 07:00:00,6889.0
2012-07-16 08:00:00,7916.0
2012-07-16 09:00:00,16202.0
2012-07-16 10:00:00,22444.0
2012-07-16 11:00:00,24513.0
2012-07-16 12:00:00,29716.0
2012-07-16 13:00:00,29601.0
2012-07-16 14:00:00,30447.0
2012-07-16 15:00:00,30663.0
2012-07-16 16:00:00,31250.0
2012-07-16 17:00:00,30997.0
2012-07-16 18:00:00,30999.0
2012-07-16 19:00:00,30786.0
2012-07-16 20:00:00,29384.0
2012-07-16 21:00:00,26725.0
2012-07-16 22:00:00,26639.0
2012-07-16 23:00:00,18670.0
2012-07-17 00:00:00,10344.0
2012-07-17 01:00:00,4888.0
2012-07-17 02:00:00,4822.0
2012-07-17 03:00:00,4392.0
2012-07-17 04:00:00,4197.0
2012-07-17 05:00:00,4079.0
2012-07-17 06:00:00,4974.0
2012-07-17 07:00:00,8865.0
2012-07-17 08:00:00,14827.0
2012-07-17 09:00:00,18493.0
2012-07-17 10:00:00,22362.0
2012-07-17 11:00:00,30780.0
2012-07-17 12:00:00,30974.0
2012-07-17 13:00:00,31430.0
2012-07-17 14:00:00,31667.0
2012-07-17 15:00:00,32647.0
2012-07-17 16:00:00,36358.0
2012-07-17 17:00:00,36933.0
2012-07-17 18:00:00,36148.0
2012-07-17 19:00:00,35506.0
2012-07-17 20:00:00,32164.0
2012-07-17 21:00:00,30249.0
2012-07-17 22:00:00,29588.0
2012-07-17 23:00:00,21623.0
2012-07-18 00:00:00,10866.0
2012-07-18 01:00:00,5219.0
2012-07-18 02:00:00,5020.0
2012-07-18 03:00:00,4606.0
2012-07-18 04:00:00,4422.0
2012-07-18 05:00:00,4345.0
2012-07-18 06:00:00,5211.0
2012-07-18 07:00:00,13075.0
2012-07-18 08:00:00,13235.0
2012-07-18 09:00:00,18196.0
2012-07-18 10:00:00,26949.0
2012-07-18 11:00:00,30915.0
2012-07-18 12:00:00,31674.0
2012-07-18 13:00:00,33330.0
2012-07-18 14:00:00,35764.0
2012-07-18 15:00:00,36415.0
2012-07-18 16:00:00,36821.0
2012-07-18 17:00:00,34745.0
2012-07-18 18:00:00,37921.0
2012-07-18 19:00:00,34776.0
2012-07-18 20:00:00,30353.0
2012-07-18 21:00:00,28137.0
2012-07-18 22:00:00,29916.0
2012-07-18 23:00:00,29523.0
2012-07-19 00:00:00,14286.0
2012-07-19 01:00:00,5436.0
2012-07-19 02:00:00,5265.0
2012-07-19 03:00:00,4845.0
2012-07-19 04:00:00,4621.0
2012-07-19 05:00:00,4554.0
2012-07-19 06:00:00,5457.0
2012-07-19 07:00:00,6049.0
2012-07-19 08:00:00,12610.0
2012-07-19 09:00:00,19024.0
2012-07-19 10:00:00,24902.0
2012-07-19 11:00:00,27179.0
2012-07-19 12:00:00,33135.0
2012-07-19 13:00:00,32820.0
2012-07-19 14:00:00,33546.0
2012-07-19 15:00:00,35061.0
2012-07-19 16:00:00,32150.0
2012-07-19 17:00:00,31183.0
2012-07-19 18:00:00,29864.0
2012-07-19 19:00:00,27441.0
2012-07-19 20:00:00,25308.0
2012-07-19 21:00:00,24873.0
2012-07-19 22:00:00,21165.0
2012-07-19 23:00:00,17091.0
2012-07-20 00:00:00,11386.0
2012-07-20 01:00:00,5412.0
2012-07-20 02:00:00,5189.0
2012-07-20 03:00:00,4805.0
2012-07-20 04:00:00,4593.0
2012-07-20 05:00:00,4540.0
2012-07-20 06:00:00,5236.0
2012-07-20 07:00:00,8837.0
2012-07-20 08:00:00,10210.0
2012-07-20 09:00:00,13224.0
2012-07-20 10:00:00,18662.0
2012-07-20 11:00:00,22721.0
2012-07-20 12:00:00,23805.0
2012-07-20 13:00:00,24212.0
2012-07-20 14:00:00,25998.0
2012-07-20 15:00:00,26127.0
2012-07-20 16:00:00,26548.0
2012-07-20 17:00:00,25188.0
2012-07-20 18:00:00,24416.0
2012-07-20 19:00:00,24071.0
2012-07-20 20:00:00,23751.0
2012-07-20 21:00:00,23548.0
2012-07-20 22:00:00,20777.0
2012-07-20 23:00:00,15625.0
2012-07-21 00:00:00,10685.0
2012-07-21 01:00:00,5252.0
2012-07-21 02:00:00,5017.0
2012-07-21 03:00:00,4694.0
2012-07-21 04:00:00,4451.0
2012-07-21 05:00:00,4361.0
2012-07-21 06:00:00,5222.0
2012-07-21 07:00:00,5667.0
2012-07-21 08:00:00,9331.0
2012-07-21 09:00:00,16475.0
2012-07-21 10:00:00,22089.0
2012-07-21 11:00:00,24286.0
2012-07-21 12:00:00,26135.0
2012-07-21 13:00:00,26511.0
2012-07-21 14:00:00,26945.0
2012-07-21 15:00:00,27484.0
2012-07-21 16:00:00,27682.0
2012-07-21 17:00:00,25620.0
2012-07-21 18:00:00,26121.0
2012-07-21 19:00:00,24976.0
2012-07-21 20:00:00,24549.0
2012-07-21 21:00:00,24661.0
2012-07-21 22:00:00,21046.0
2012-07-21 23:00:00,16912.0
2012-07-22 00:00:00,10587.0
2012-07-22 01:00:00,4920.0
2012-07-22 02:00:00,4545.0
2012-07-22 03:00:00,4297.0
2012-07-22 04:00:00,4108.0
2012-07-22 05:00:00,4094.0
2012-07-22 06:00:00,4775.0
2012-07-22 07:00:00,5288.0
2012-07-22 08:00:00,9104.0
2012-07-22 09:00:00,15833.0
2012-07-22 10:00:00,24576.0
2012-07-22 11:00:00,27071.0
2012-07-22 12:00:00,32369.0
2012-07-22 13:00:00,31585.0
2012-07-22 14:00:00,31013.0
2012-07-22 15:00:00,31466.0
2012-07-22 16:00:00,32030.0
2012-07-22 17:00:00,30151.0
2012-07-22 18:00:00,26974.0
2012-07-22 19:00:00,26111.0
2012-07-22 20:00:00,25999.0
2012-07-22 21:00:00,26014.0
2012-07-22 22:00:00,25397.0
2012-07-22 23:00:00,18633.0
2012-07-23 00:00:00,11395.0
2012-07-23 01:00:00,5228.0
2012-07-23 02:00:00,4942.0
2012-07-23 03:00:00,4505.0
2012-07-23 04:00:00,4326.0
2012-07-23 05:00:00,4377.0
2012-07-23 06:00:00,5158.0
2012-07-23 07:00:00,7205.0
2012-07-23 08:00:00,9188.0
2012-07-23 09:00:00,12065.0
2012-07-23 10:00:00,20464.0
2012-07-23 11:00:00,23311.0
2012-07-23 12:00:00,24114.0
2012-07-23 13:00:00,24408.0
2012-07-23 14:00:00,24813.0
2012-07-23 15:00:00,25132.0
2012-07-23 16:00:00,25628.0
2012-07-23 17:00:00,25330.0
2012-07-23 18:00:00,24810.0
2012-07-23 19:00:00,24080.0
2012-07-23 20:00:00,20497.0
2012-07-23 21:00:00,19792.0
2012-07-23 22:00:00,19784.0
2012-07-23 23:00:00,16436.0
2012-07-24 00:00:00,11071.0
2012-07-24 01:00:00,5233.0
2012-07-24 02:00:00,4955.0
2012-07-24 03:00:00,4476.0
2012-07-24 04:00:00,4322.0
2012-07-24 05:00:00,4271.0
2012-07-24 06:00:00,5045.0
2012-07-24 07:00:00,8373.0
2012-07-24 08:00:00,9861.0
2012-07-24 09:00:00,13358.0
2012-07-24 10:00:00,19833.0
2012-07-24 11:00:00,23225.0
2012-07-24 12:00:00,24108.0
2012-07-24 13:00:00,25063.0
2012-07-24 14:00:00,25303.0
2012-07-24 15:00:00,26253.0
2012-07-24 16:00:00,26998.0
2012-07-24 17:00:00,27498.0
2012-07-24 18:00:00,26928.0
2012-07-24 19:00:00,25057.0
2012-07-24 20:00:00,24624.0
2012-07-24 21:00:00,24766.0
2012-07-24 22:00:00,20182.0
2012-07-24 23:00:00,15858.0
2012-07-25 00:00:00,11238.0
2012-07-25 01:00:00,5361.0
2012-07-25 02:00:00,5202.0
2012-07-25 03:00:00,4726.0
2012-07-25 04:00:00,4539.0
2012-07-25 05:00:00,4607.0
2012-07-25 06:00:00,5323.0
2012-07-25 07:00:00,8180.0
2012-07-25 08:00:00,9837.0
2012-07-25 09:00:00,13635.0
2012-07-25 10:00:00,22680.0
2012-07-25 11:00:00,24652.0
2012-07-25 12:00:00,25050.0
2012-07-25 13:00:00,25090.0
2012-07-25 14:00:00,25028.0
2012-07-25 15:00:00,25006.0
2012-07-25 16:00:00,25900.0
2012-07-25 17:00:00,26556.0
2012-07-25 18:00:00,25067.0
2012-07-25 19:00:00,24901.0
2012-07-25 20:00:00,24091.0
2012-07-25 21:00:00,24494.0
2012-07-25 22:00:00,20371.0
2012-07-25 23:00:00,16000.0
2012-07-26 00:00:00,10933.0
2012-07-26 01:00:00,4989.0
2012-07-26 02:00:00,4988.0
2012-07-26 03:00:00,4574.0
2012-07-26 04:00:00,4445.0
2012-07-26 05:00:00,4418.0
2012-07-26 06:00:00,5161.0
2012-07-26 07:00:00,7638.0
2012-07-26 08:00:00,9504.0
2012-07-26 09:00:00,12670.0
2012-07-26 10:00:00,21717.0
2012-07-26 11:00:00,23225.0
2012-07-26 12:00:00,23899.0
2012-07-26 13:00:00,24923.0
2012-07-26 14:00:00,26718.0
2012-07-26 15:00:00,26711.0
2012-07-26 16:00:00,28293.0
2012-07-26 17:00:00,28167.0
2012-07-26 18:00:00,26077.0
2012-07-26 19:00:00,24607.0
2012-07-26 20:00:00,24090.0
2012-07-26 21:00:00,24032.0
2012-07-26 22:00:00,20509.0
2012-07-26 23:00:00,19744.0
2012-07-27 00:00:00,13739.0
2012-07-27 01:00:00,5685.0
2012-07-27 02:00:00,5444.0
2012-07-27 03:00:00,5143.0
2012-07-27 04:00:00,4974.0
2012-07-27 05:00:00,4961.0
2012-07-27 06:00:00,6497.0
2012-07-27 07:00:00,10211.0
2012-07-27 08:00:00,11069.0
2012-07-27 09:00:00,13212.0
2012-07-27 10:00:00,20123.0
2012-07-27 11:00:00,23733.0
2012-07-27 12:00:00,23703.0
2012-07-27 13:00:00,24179.0
2012-07-27 14:00:00,24349.0
2012-07-27 15:00:00,24588.0
2012-07-27 16:00:00,25067.0
2012-07-27 17:00:00,25199.0
2012-07-27 18:00:00,24942.0
2012-07-27 19:00:00,24390.0
2012-07-27 20:00:00,24120.0
2012-07-27 21:00:00,32702.0
2012-07-27 22:00:00,31486.0
2012-07-27 23:00:00,20794.0
2012-07-28 00:00:00,12957.0
2012-07-28 01:00:00,5690.0
2012-07-28 02:00:00,5374.0
2012-07-28 03:00:00,4740.0
2012-07-28 04:00:00,4573.0
2012-07-28 05:00:00,4517.0
2012-07-28 06:00:00,5269.0
2012-07-28 07:00:00,5555.0
2012-07-28 08:00:00,5631.0
2012-07-28 09:00:00,11351.0
2012-07-28 10:00:00,15360.0
2012-07-28 11:00:00,21113.0
2012-07-28 12:00:00,22176.0
2012-07-28 13:00:00,22710.0
2012-07-28 14:00:00,22960.0
2012-07-28 15:00:00,23467.0
2012-07-28 16:00:00,23593.0
2012-07-28 17:00:00,23563.0
2012-07-28 18:00:00,23186.0
2012-07-28 19:00:00,22959.0
2012-07-28 20:00:00,22834.0
2012-07-28 21:00:00,22196.0
2012-07-28 22:00:00,21267.0
2012-07-28 23:00:00,14766.0
2012-07-29 00:00:00,9864.0
2012-07-29 01:00:00,4951.0
2012-07-29 02:00:00,4885.0
2012-07-29 03:00:00,4436.0
2012-07-29 04:00:00,4319.0
2012-07-29 05:00:00,4372.0
2012-07-29 06:00:00,4422.0
2012-07-29 07:00:00,4579.0
2012-07-29 08:00:00,8600.0
2012-07-29 09:00:00,19040.0
2012-07-29 10:00:00,22579.0
2012-07-29 11:00:00,24436.0
2012-07-29 12:00:00,25056.0
2012-07-29 13:00:00,25557.0
2012-07-29 14:00:00,25636.0
2012-07-29 15:00:00,25725.0
2012-07-29 16:00:00,25710.0
2012-07-29 17:00:00,25571.0
2012-07-29 18:00:00,25518.0
2012-07-29 19:00:00,25390.0
2012-07-29 20:00:00,24712.0
2012-07-29 21:00:00,25153.0
2012-07-29 22:00:00,24407.0
2012-07-29 23:00:00,16198.0
2012-07-30 00:00:00,8846.0
2012-07-30 01:00:00,5021.0
2012-07-30 02:00:00,4808.0
2012-07-30 03:00:00,4345.0
2012-07-30 04:00:00,4171.0
2012-07-30 05:00:00,4205.0
2012-07-30 06:00:00,4222.0
2012-07-30 07:00:00,7200.0
2012-07-30 08:00:00,8843.0
2012-07-30 09:00:00,12747.0
2012-07-30 10:00:00,16622.0
2012-07-30 11:00:00,21534.0
2012-07-30 12:00:00,21961.0
2012-07-30 13:00:00,22480.0
2012-07-30 14:00:00,24569.0
2012-07-30 15:00:00,24639.0
2012-07-30 16:00:00,25011.0
2012-07-30 17:00:00,23410.0
2012-07-30 18:00:00,23175.0
2012-07-30 19:00:00,22572.0
2012-07-30 20:00:00,22319.0
2012-07-30 21:00:00,20233.0
2012-07-30 22:00:00,18180.0
2012-07-30 23:00:00,14680.0
2012-07-31 00:00:00,10808.0
2012-07-31 01:00:00,5120.0
2012-07-31 02:00:00,5090.0
2012-07-31 03:00:00,4638.0
2012-07-31 04:00:00,4584.0
2012-07-31 05:00:00,4541.0
2012-07-31 06:00:00,4460.0
2012-07-31 07:00:00,6769.0
2012-07-31 08:00:00,8332.0
2012-07-31 09:00:00,11632.0
2012-07-31 10:00:00,19103.0
2012-07-31 11:00:00,21832.0
2012-07-31 12:00:00,22684.0
2012-07-31 13:00:00,23683.0
2012-07-31 14:00:00,25161.0
2012-07-31 15:00:00,25746.0
2012-07-31 16:00:00,23130.0
2012-07-31 17:00:00,23073.0
2012-07-31 18:00:00,22515.0
2012-07-31 19:00:00,22078.0
2012-07-31 20:00:00,21999.0
2012-07-31 21:00:00,19128.0
2012-07-31 22:00:00,18311.0
2012-07-31 23:00:00,14803.0
2012-08-01 00:00:00,10781.0
2012-08-01 01:00:00,5365.0
2012-08-01 02:00:00,5326.0
2012-08-01 03:00:00,4875.0
2012-08-01 04:00:00,4735.0
2012-08-01 05:00:00,4856.0
2012-08-01 06:00:00,4904.0
2012-08-01 07:00:00,7266.0
2012-08-01 08:00:00,8141.0
2012-08-01 09:00:00,11891.0
2012-08-01 10:00:00,19129.0
2012-08-01 11:00:00,22305.0
2012-08-01 12:00:00,22549.0
2012-08-01 13:00:00,22572.0
2012-08-01 14:00:00,24780.0
2012-08-01 15:00:00,24996.0
2012-08-01 16:00:00,23692.0
2012-08-01 17:00:00,23628.0
2012-08-01 18:00:00,23662.0
2012-08-01 19:00:00,23394.0
2012-08-01 20:00:00,22953.0
2012-08-01 21:00:00,23461.0
2012-08-01 22:00:00,22827.0
2012-08-01 23:00:00,15569.0
2012-08-02 00:00:00,11602.0
2012-08-02 01:00:00,5434.0
2012-08-02 02:00:00,5227.0
2012-08-02 03:00:00,4781.0
2012-08-02 04:00:00,4558.0
2012-08-02 05:00:00,4511.0
2012-08-02 06:00:00,4636.0
2012-08-02 07:00:00,8861.0
2012-08-02 08:00:00,9442.0
2012-08-02 09:00:00,12879.0
2012-08-02 10:00:00,20350.0
2012-08-02 11:00:00,21550.0
2012-08-02 12:00:00,22164.0
2012-08-02 13:00:00,22842.0
2012-08-02 14:00:00,20945.0
2012-08-02 15:00:00,23634.0
2012-08-02 16:00:00,23430.0
2012-08-02 17:00:00,23783.0
2012-08-02 18:00:00,23342.0
2012-08-02 19:00:00,22491.0
2012-08-02 20:00:00,20126.0
2012-08-02 21:00:00,20818.0
2012-08-02 22:00:00,19644.0
2012-08-02 23:00:00,14994.0
2012-08-03 00:00:00,10920.0
2012-08-03 01:00:00,5439.0
2012-08-03 02:00:00,5243.0
2012-08-03 03:00:00,4900.0
2012-08-03 04:00:00,5022.0
2012-08-03 05:00:00,4952.0
2012-08-03 06:00:00,4991.0
2012-08-03 07:00:00,8883.0
2012-08-03 08:00:00,9129.0
2012-08-03 09:00:00,12125.0
2012-08-03 10:00:00,19914.0
2012-08-03 11:00:00,22051.0
2012-08-03 12:00:00,22801.0
2012-08-03 13:00:00,23099.0
2012-08-03 14:00:00,24816.0
2012-08-03 15:00:00,25115.0
2012-08-03 16:00:00,23273.0
2012-08-03 17:00:00,22994.0
2012-08-03 18:00:00,22808.0
2012-08-03 19:00:00,22448.0
2012-08-03 20:00:00,22592.0
2012-08-03 21:00:00,22891.0
2012-08-03 22:00:00,18942.0
2012-08-03 23:00:00,15322.0
2012-08-04 00:00:00,10540.0
2012-08-04 01:00:00,5169.0
2012-08-04 02:00:00,5088.0
2012-08-04 03:00:00,4652.0
2012-08-04 04:00:00,4472.0
2012-08-04 05:00:00,4369.0
2012-08-04 06:00:00,4474.0
2012-08-04 07:00:00,4707.0
2012-08-04 08:00:00,5864.0
2012-08-04 09:00:00,16054.0
2012-08-04 10:00:00,21683.0
2012-08-04 11:00:00,23669.0
2012-08-04 12:00:00,23283.0
2012-08-04 13:00:00,23181.0
2012-08-04 14:00:00,23306.0
2012-08-04 15:00:00,23292.0
2012-08-04 16:00:00,23370.0
2012-08-04 17:00:00,23155.0
2012-08-04 18:00:00,22901.0
2012-08-04 19:00:00,22726.0
2012-08-04 20:00:00,23260.0
2012-08-04 21:00:00,23674.0
2012-08-04 22:00:00,19701.0
2012-08-04 23:00:00,16500.0
2012-08-05 00:00:00,10878.0
2012-08-05 01:00:00,4869.0
2012-08-05 02:00:00,4819.0
2012-08-05 03:00:00,4421.0
2012-08-05 04:00:00,4142.0
2012-08-05 05:00:00,4023.0
2012-08-05 06:00:00,4117.0
2012-08-05 07:00:00,4337.0
2012-08-05 08:00:00,4568.0
2012-08-05 09:00:00,9863.0
2012-08-05 10:00:00,23217.0
2012-08-05 11:00:00,25599.0
2012-08-05 12:00:00,25716.0
2012-08-05 13:00:00,25801.0
2012-08-05 14:00:00,25870.0
2012-08-05 15:00:00,25964.0
2012-08-05 16:00:00,25945.0
2012-08-05 17:00:00,25434.0
2012-08-05 18:00:00,24684.0
2012-08-05 19:00:00,25183.0
2012-08-05 20:00:00,25141.0
2012-08-05 21:00:00,24865.0
2012-08-05 22:00:00,24893.0
2012-08-05 23:00:00,18266.0
2012-08-06 00:00:00,9292.0
2012-08-06 01:00:00,5133.0
2012-08-06 02:00:00,4910.0
2012-08-06 03:00:00,4519.0
2012-08-06 04:00:00,4384.0
2012-08-06 05:00:00,4443.0
2012-08-06 06:00:00,4511.0
2012-08-06 07:00:00,7603.0
2012-08-06 08:00:00,9082.0
2012-08-06 09:00:00,13245.0
2012-08-06 10:00:00,17747.0
2012-08-06 11:00:00,21568.0
2012-08-06 12:00:00,21807.0
2012-08-06 13:00:00,21965.0
2012-08-06 14:00:00,21718.0
2012-08-06 15:00:00,22715.0
2012-08-06 16:00:00,19954.0
2012-08-06 17:00:00,22376.0
2012-08-06 18:00:00,23735.0
2012-08-06 19:00:00,27246.0
2012-08-06 20:00:00,25895.0
2012-08-06 21:00:00,22042.0
2012-08-06 22:00:00,22073.0
2012-08-06 23:00:00,16539.0
2012-08-07 00:00:00,10031.0
2012-08-07 01:00:00,4985.0
2012-08-07 02:00:00,4689.0
2012-08-07 03:00:00,4224.0
2012-08-07 04:00:00,3970.0
2012-08-07 05:00:00,3966.0
2012-08-07 06:00:00,4119.0
2012-08-07 07:00:00,6178.0
2012-08-07 08:00:00,6723.0
2012-08-07 09:00:00,12880.0
2012-08-07 10:00:00,20835.0
2012-08-07 11:00:00,23004.0
2012-08-07 12:00:00,27531.0
2012-08-07 13:00:00,27808.0
2012-08-07 14:00:00,27981.0
2012-08-07 15:00:00,28707.0
2012-08-07 16:00:00,29137.0
2012-08-07 17:00:00,29142.0
2012-08-07 18:00:00,28814.0
2012-08-07 19:00:00,27176.0
2012-08-07 20:00:00,26036.0
2012-08-07 21:00:00,23198.0
2012-08-07 22:00:00,22939.0
2012-08-07 23:00:00,17130.0
2012-08-08 00:00:00,10545.0
2012-08-08 01:00:00,4840.0
2012-08-08 02:00:00,4895.0
2012-08-08 03:00:00,4462.0
2012-08-08 04:00:00,4204.0
2012-08-08 05:00:00,4001.0
2012-08-08 06:00:00,4859.0
2012-08-08 07:00:00,7591.0
2012-08-08 08:00:00,7670.0
2012-08-08 09:00:00,12368.0
2012-08-08 10:00:00,19567.0
2012-08-08 11:00:00,25183.0
2012-08-08 12:00:00,28564.0
2012-08-08 13:00:00,28041.0
2012-08-08 14:00:00,28164.0
2012-08-08 15:00:00,27633.0
2012-08-08 16:00:00,26577.0
2012-08-08 17:00:00,28247.0
2012-08-08 18:00:00,26372.0
2012-08-08 19:00:00,24236.0
2012-08-08 20:00:00,23954.0
2012-08-08 21:00:00,22935.0
2012-08-08 22:00:00,22785.0
2012-08-08 23:00:00,15363.0
2012-08-09 00:00:00,10707.0
2012-08-09 01:00:00,4917.0
2012-08-09 02:00:00,4835.0
2012-08-09 03:00:00,4346.0
2012-08-09 04:00:00,4155.0
2012-08-09 05:00:00,4013.0
2012-08-09 06:00:00,4638.0
2012-08-09 07:00:00,7535.0
2012-08-09 08:00:00,8326.0
2012-08-09 09:00:00,11945.0
2012-08-09 10:00:00,25607.0
2012-08-09 11:00:00,26532.0
2012-08-09 12:00:00,25125.0
2012-08-09 13:00:00,28474.0
2012-08-09 14:00:00,29761.0
2012-08-09 15:00:00,30069.0
2012-08-09 16:00:00,30568.0
2012-08-09 17:00:00,31026.0
2012-08-09 18:00:00,30955.0
2012-08-09 19:00:00,33180.0
2012-08-09 20:00:00,33482.0
2012-08-09 21:00:00,32580.0
2012-08-09 22:00:00,30740.0
2012-08-09 23:00:00,23069.0
2012-08-10 00:00:00,11623.0
2012-08-10 01:00:00,5331.0
2012-08-10 02:00:00,5131.0
2012-08-10 03:00:00,4667.0
2012-08-10 04:00:00,4434.0
2012-08-10 05:00:00,4396.0
2012-08-10 06:00:00,5330.0
2012-08-10 07:00:00,7764.0
2012-08-10 08:00:00,8640.0
2012-08-10 09:00:00,15093.0
2012-08-10 10:00:00,27676.0
2012-08-10 11:00:00,30105.0
2012-08-10 12:00:00,30219.0
2012-08-10 13:00:00,29495.0
2012-08-10 14:00:00,29232.0
2012-08-10 15:00:00,29506.0
2012-08-10 16:00:00,30873.0
2012-08-10 17:00:00,31154.0
2012-08-10 18:00:00,30025.0
2012-08-10 19:00:00,28428.0
2012-08-10 20:00:00,27791.0
2012-08-10 21:00:00,25662.0
2012-08-10 22:00:00,24638.0
2012-08-10 23:00:00,17855.0
2012-08-11 00:00:00,11072.0
2012-08-11 01:00:00,5191.0
2012-08-11 02:00:00,5065.0
2012-08-11 03:00:00,4576.0
2012-08-11 04:00:00,4370.0
2012-08-11 05:00:00,4350.0
2012-08-11 06:00:00,5032.0
2012-08-11 07:00:00,5560.0
2012-08-11 08:00:00,5422.0
2012-08-11 09:00:00,15768.0
2012-08-11 10:00:00,22141.0
2012-08-11 11:00:00,24872.0
2012-08-11 12:00:00,27362.0
2012-08-11 13:00:00,26519.0
2012-08-11 14:00:00,26294.0
2012-08-11 15:00:00,26803.0
2012-08-11 16:00:00,26282.0
2012-08-11 17:00:00,25649.0
2012-08-11 18:00:00,25326.0
2012-08-11 19:00:00,24545.0
2012-08-11 20:00:00,24186.0
2012-08-11 21:00:00,24637.0
2012-08-11 22:00:00,20524.0
2012-08-11 23:00:00,17260.0
2012-08-12 00:00:00,10809.0
2012-08-12 01:00:00,5042.0
2012-08-12 02:00:00,4740.0
2012-08-12 03:00:00,4290.0
2012-08-12 04:00:00,4056.0
2012-08-12 05:00:00,3979.0
2012-08-12 06:00:00,4836.0
2012-08-12 07:00:00,5371.0
2012-08-12 08:00:00,5589.0
2012-08-12 09:00:00,16176.0
2012-08-12 10:00:00,25003.0
2012-08-12 11:00:00,26722.0
2012-08-12 12:00:00,27102.0
2012-08-12 13:00:00,27133.0
2012-08-12 14:00:00,27347.0
2012-08-12 15:00:00,27268.0
2012-08-12 16:00:00,27042.0
2012-08-12 17:00:00,27060.0
2012-08-12 18:00:00,26393.0
2012-08-12 19:00:00,26028.0
2012-08-12 20:00:00,25860.0
2012-08-12 21:00:00,26283.0
2012-08-12 22:00:00,23253.0
2012-08-12 23:00:00,18935.0
2012-08-13 00:00:00,9698.0
2012-08-13 01:00:00,5053.0
2012-08-13 02:00:00,4717.0
2012-08-13 03:00:00,4371.0
2012-08-13 04:00:00,4207.0
2012-08-13 05:00:00,4297.0
2012-08-13 06:00:00,5004.0
2012-08-13 07:00:00,7049.0
2012-08-13 08:00:00,8317.0
2012-08-13 09:00:00,11716.0
2012-08-13 10:00:00,21642.0
2012-08-13 11:00:00,25337.0
2012-08-13 12:00:00,26902.0
2012-08-13 13:00:00,27002.0
2012-08-13 14:00:00,27003.0
2012-08-13 15:00:00,27611.0
2012-08-13 16:00:00,27547.0
2012-08-13 17:00:00,27626.0
2012-08-13 18:00:00,26651.0
2012-08-13 19:00:00,26172.0
2012-08-13 20:00:00,24194.0
2012-08-13 21:00:00,24256.0
2012-08-13 22:00:00,23596.0
2012-08-13 23:00:00,17444.0
2012-08-14 00:00:00,10268.0
2012-08-14 01:00:00,5272.0
2012-08-14 02:00:00,4984.0
2012-08-14 03:00:00,4624.0
2012-08-14 04:00:00,4349.0
2012-08-14 05:00:00,4363.0
2012-08-14 06:00:00,5240.0
2012-08-14 07:00:00,7787.0
2012-08-14 08:00:00,13256.0
2012-08-14 09:00:00,16868.0
2012-08-14 10:00:00,23601.0
2012-08-14 11:00:00,27196.0
2012-08-14 12:00:00,27296.0
2012-08-14 13:00:00,27347.0
2012-08-14 14:00:00,27498.0
2012-08-14 15:00:00,27639.0
2012-08-14 16:00:00,27988.0
2012-08-14 17:00:00,28316.0
2012-08-14 18:00:00,27768.0
2012-08-14 19:00:00,28898.0
2012-08-14 20:00:00,28608.0
2012-08-14 21:00:00,28964.0
2012-08-14 22:00:00,26815.0
2012-08-14 23:00:00,19312.0
2012-08-15 00:00:00,10634.0
2012-08-15 01:00:00,5129.0
2012-08-15 02:00:00,5003.0
2012-08-15 03:00:00,4542.0
2012-08-15 04:00:00,4263.0
2012-08-15 05:00:00,4197.0
2012-08-15 06:00:00,4960.0
2012-08-15 07:00:00,5506.0
2012-08-15 08:00:00,7474.0
2012-08-15 09:00:00,16088.0
2012-08-15 10:00:00,23951.0
2012-08-15 11:00:00,26398.0
2012-08-15 12:00:00,27072.0
2012-08-15 13:00:00,27158.0
2012-08-15 14:00:00,28286.0
2012-08-15 15:00:00,29718.0
2012-08-15 16:00:00,29190.0
2012-08-15 17:00:00,28635.0
2012-08-15 18:00:00,28179.0
2012-08-15 19:00:00,26864.0
2012-08-15 20:00:00,26389.0
2012-08-15 21:00:00,26543.0
2012-08-15 22:00:00,25974.0
2012-08-15 23:00:00,19748.0
2012-08-16 00:00:00,10836.0
2012-08-16 01:00:00,5025.0
2012-08-16 02:00:00,4781.0
2012-08-16 03:00:00,4346.0
2012-08-16 04:00:00,4144.0
2012-08-16 05:00:00,4109.0
2012-08-16 06:00:00,4865.0
2012-08-16 07:00:00,7071.0
2012-08-16 08:00:00,8334.0
2012-08-16 09:00:00,13855.0
2012-08-16 10:00:00,20723.0
2012-08-16 11:00:00,23550.0
2012-08-16 12:00:00,25669.0
2012-08-16 13:00:00,25819.0
2012-08-16 14:00:00,26237.0
2012-08-16 15:00:00,26594.0
2012-08-16 16:00:00,26537.0
2012-08-16 17:00:00,26575.0
2012-08-16 18:00:00,26376.0
2012-08-16 19:00:00,25968.0
2012-08-16 20:00:00,25401.0
2012-08-16 21:00:00,22759.0
2012-08-16 22:00:00,22529.0
2012-08-16 23:00:00,17830.0
2012-08-17 00:00:00,10700.0
2012-08-17 01:00:00,4943.0
2012-08-17 02:00:00,4628.0
2012-08-17 03:00:00,4192.0
2012-08-17 04:00:00,3934.0
2012-08-17 05:00:00,4003.0
2012-08-17 06:00:00,4628.0
2012-08-17 07:00:00,7054.0
2012-08-17 08:00:00,8380.0
2012-08-17 09:00:00,13619.0
2012-08-17 10:00:00,21365.0
2012-08-17 11:00:00,23778.0
2012-08-17 12:00:00,27077.0
2012-08-17 13:00:00,28687.0
2012-08-17 14:00:00,28337.0
2012-08-17 15:00:00,28916.0
2012-08-17 16:00:00,28712.0
2012-08-17 17:00:00,29190.0
2012-08-17 18:00:00,28715.0
2012-08-17 19:00:00,26903.0
2012-08-17 20:00:00,27285.0
2012-08-17 21:00:00,27814.0
2012-08-17 22:00:00,25588.0
2012-08-17 23:00:00,18880.0
2012-08-18 00:00:00,10832.0
2012-08-18 01:00:00,4995.0
2012-08-18 02:00:00,4663.0
2012-08-18 03:00:00,4205.0
2012-08-18 04:00:00,3956.0
2012-08-18 05:00:00,3900.0
2012-08-18 06:00:00,4827.0
2012-08-18 07:00:00,5576.0
2012-08-18 08:00:00,5809.0
2012-08-18 09:00:00,18214.0
2012-08-18 10:00:00,24869.0
2012-08-18 11:00:00,29310.0
2012-08-18 12:00:00,29398.0
2012-08-18 13:00:00,29267.0
2012-08-18 14:00:00,29298.0
2012-08-18 15:00:00,29552.0
2012-08-18 16:00:00,29729.0
2012-08-18 17:00:00,30881.0
2012-08-18 18:00:00,30928.0
2012-08-18 19:00:00,30885.0
2012-08-18 20:00:00,30682.0
2012-08-18 21:00:00,30107.0
2012-08-18 22:00:00,33592.0
2012-08-18 23:00:00,27010.0
2012-08-19 00:00:00,12869.0
2012-08-19 01:00:00,4961.0
2012-08-19 02:00:00,4558.0
2012-08-19 03:00:00,4097.0
2012-08-19 04:00:00,3900.0
2012-08-19 05:00:00,3833.0
2012-08-19 06:00:00,4514.0
2012-08-19 07:00:00,5197.0
2012-08-19 08:00:00,6790.0
2012-08-19 09:00:00,18312.0
2012-08-19 10:00:00,24891.0
2012-08-19 11:00:00,29890.0
2012-08-19 12:00:00,32178.0
2012-08-19 13:00:00,33210.0
2012-08-19 14:00:00,33332.0
2012-08-19 15:00:00,32848.0
2012-08-19 16:00:00,33015.0
2012-08-19 17:00:00,33688.0
2012-08-19 18:00:00,34118.0
2012-08-19 19:00:00,33340.0
2012-08-19 20:00:00,32941.0
2012-08-19 21:00:00,31112.0
2012-08-19 22:00:00,29882.0
2012-08-19 23:00:00,20673.0
2012-08-20 00:00:00,9174.0
2012-08-20 01:00:00,5067.0
2012-08-20 02:00:00,4743.0
2012-08-20 03:00:00,4387.0
2012-08-20 04:00:00,4110.0
2012-08-20 05:00:00,4073.0
2012-08-20 06:00:00,4886.0
2012-08-20 07:00:00,7175.0
2012-08-20 08:00:00,10053.0
2012-08-20 09:00:00,17973.0
2012-08-20 10:00:00,26862.0
2012-08-20 11:00:00,30226.0
2012-08-20 12:00:00,30363.0
2012-08-20 13:00:00,30206.0
2012-08-20 14:00:00,30199.0
2012-08-20 15:00:00,30812.0
2012-08-20 16:00:00,31021.0
2012-08-20 17:00:00,30999.0
2012-08-20 18:00:00,31440.0
2012-08-20 19:00:00,33597.0
2012-08-20 20:00:00,32959.0
2012-08-20 21:00:00,32477.0
2012-08-20 22:00:00,28380.0
2012-08-20 23:00:00,22334.0
2012-08-21 00:00:00,11606.0
2012-08-21 01:00:00,5269.0
2012-08-21 02:00:00,4993.0
2012-08-21 03:00:00,4530.0
2012-08-21 04:00:00,4293.0
2012-08-21 05:00:00,4220.0
2012-08-21 06:00:00,4966.0
2012-08-21 07:00:00,7396.0
2012-08-21 08:00:00,11548.0
2012-08-21 09:00:00,17158.0
2012-08-21 10:00:00,26111.0
2012-08-21 11:00:00,30069.0
2012-08-21 12:00:00,30709.0
2012-08-21 13:00:00,30691.0
2012-08-21 14:00:00,30358.0
2012-08-21 15:00:00,30471.0
2012-08-21 16:00:00,30668.0
2012-08-21 17:00:00,34461.0
2012-08-21 18:00:00,34034.0
2012-08-21 19:00:00,28174.0
2012-08-21 20:00:00,27017.0
2012-08-21 21:00:00,25175.0
2012-08-21 22:00:00,21640.0
2012-08-21 23:00:00,18054.0
2012-08-22 00:00:00,11959.0
2012-08-22 01:00:00,5221.0
2012-08-22 02:00:00,4831.0
2012-08-22 03:00:00,4319.0
2012-08-22 04:00:00,4065.0
2012-08-22 05:00:00,4086.0
2012-08-22 06:00:00,4966.0
2012-08-22 07:00:00,8164.0
2012-08-22 08:00:00,9726.0
2012-08-22 09:00:00,13227.0
2012-08-22 10:00:00,21090.0
2012-08-22 11:00:00,23748.0
2012-08-22 12:00:00,25536.0
2012-08-22 13:00:00,26482.0
2012-08-22 14:00:00,26561.0
2012-08-22 15:00:00,26543.0
2012-08-22 16:00:00,25781.0
2012-08-22 17:00:00,25713.0
2012-08-22 18:00:00,25676.0
2012-08-22 19:00:00,25474.0
2012-08-22 20:00:00,25901.0
2012-08-22 21:00:00,26249.0
2012-08-22 22:00:00,20435.0
2012-08-22 23:00:00,16805.0
2012-08-23 00:00:00,11251.0
2012-08-23 01:00:00,5110.0
2012-08-23 02:00:00,4824.0
2012-08-23 03:00:00,4368.0
2012-08-23 04:00:00,4158.0
2012-08-23 05:00:00,4064.0
2012-08-23 06:00:00,4829.0
2012-08-23 07:00:00,8248.0
2012-08-23 08:00:00,9146.0
2012-08-23 09:00:00,12941.0
2012-08-23 10:00:00,21071.0
2012-08-23 11:00:00,23962.0
2012-08-23 12:00:00,23895.0
2012-08-23 13:00:00,24491.0
2012-08-23 14:00:00,24502.0
2012-08-23 15:00:00,24657.0
2012-08-23 16:00:00,24652.0
2012-08-23 17:00:00,24507.0
2012-08-23 18:00:00,23920.0
2012-08-23 19:00:00,23518.0
2012-08-23 20:00:00,24352.0
2012-08-23 21:00:00,21409.0
2012-08-23 22:00:00,21899.0
2012-08-23 23:00:00,15447.0
2012-08-24 00:00:00,10669.0
2012-08-24 01:00:00,5166.0
2012-08-24 02:00:00,4949.0
2012-08-24 03:00:00,4581.0
2012-08-24 04:00:00,4240.0
2012-08-24 05:00:00,4244.0
2012-08-24 06:00:00,5070.0
2012-08-24 07:00:00,8104.0
2012-08-24 08:00:00,9943.0
2012-08-24 09:00:00,12976.0
2012-08-24 10:00:00,19935.0
2012-08-24 11:00:00,23156.0
2012-08-24 12:00:00,23781.0
2012-08-24 13:00:00,23782.0
2012-08-24 14:00:00,23794.0
2012-08-24 15:00:00,23888.0
2012-08-24 16:00:00,24731.0
2012-08-24 17:00:00,24573.0
2012-08-24 18:00:00,24236.0
2012-08-24 19:00:00,23627.0
2012-08-24 20:00:00,24489.0
2012-08-24 21:00:00,24654.0
2012-08-24 22:00:00,24251.0
2012-08-24 23:00:00,18428.0
2012-08-25 00:00:00,10790.0
2012-08-25 01:00:00,4869.0
2012-08-25 02:00:00,4511.0
2012-08-25 03:00:00,4089.0
2012-08-25 04:00:00,3902.0
2012-08-25 05:00:00,3804.0
2012-08-25 06:00:00,4581.0
2012-08-25 07:00:00,5235.0
2012-08-25 08:00:00,5526.0
2012-08-25 09:00:00,12222.0
2012-08-25 10:00:00,20425.0
2012-08-25 11:00:00,25187.0
2012-08-25 12:00:00,27717.0
2012-08-25 13:00:00,27334.0
2012-08-25 14:00:00,27295.0
2012-08-25 15:00:00,28426.0
2012-08-25 16:00:00,26026.0
2012-08-25 17:00:00,23854.0
2012-08-25 18:00:00,23604.0
2012-08-25 19:00:00,22111.0
2012-08-25 20:00:00,18681.0
2012-08-25 21:00:00,19127.0
2012-08-25 22:00:00,18841.0
2012-08-25 23:00:00,18785.0
2012-08-26 00:00:00,10024.0
2012-08-26 01:00:00,4832.0
2012-08-26 02:00:00,4445.0
2012-08-26 03:00:00,4033.0
2012-08-26 04:00:00,3778.0
2012-08-26 05:00:00,3743.0
2012-08-26 06:00:00,4644.0
2012-08-26 07:00:00,5387.0
2012-08-26 08:00:00,5539.0
2012-08-26 09:00:00,16441.0
2012-08-26 10:00:00,24538.0
2012-08-26 11:00:00,25501.0
2012-08-26 12:00:00,26834.0
2012-08-26 13:00:00,26937.0
2012-08-26 14:00:00,26970.0
2012-08-26 15:00:00,27087.0
2012-08-26 16:00:00,27243.0
2012-08-26 17:00:00,27744.0
2012-08-26 18:00:00,27385.0
2012-08-26 19:00:00,26902.0
2012-08-26 20:00:00,26465.0
2012-08-26 21:00:00,26600.0
2012-08-26 22:00:00,25599.0
2012-08-26 23:00:00,18135.0
2012-08-27 00:00:00,9903.0
2012-08-27 01:00:00,5023.0
2012-08-27 02:00:00,4771.0
2012-08-27 03:00:00,4367.0
2012-08-27 04:00:00,4195.0
2012-08-27 05:00:00,4088.0
2012-08-27 06:00:00,4838.0
2012-08-27 07:00:00,7836.0
2012-08-27 08:00:00,9113.0
2012-08-27 09:00:00,12294.0
2012-08-27 10:00:00,20274.0
2012-08-27 11:00:00,21560.0
2012-08-27 12:00:00,22305.0
2012-08-27 13:00:00,22327.0
2012-08-27 14:00:00,22768.0
2012-08-27 15:00:00,22578.0
2012-08-27 16:00:00,22466.0
2012-08-27 17:00:00,22644.0
2012-08-27 18:00:00,22804.0
2012-08-27 19:00:00,23130.0
2012-08-27 20:00:00,23702.0
2012-08-27 21:00:00,22635.0
2012-08-27 22:00:00,21574.0
2012-08-27 23:00:00,16065.0
2012-08-28 00:00:00,10696.0
2012-08-28 01:00:00,5082.0
2012-08-28 02:00:00,4822.0
2012-08-28 03:00:00,4495.0
2012-08-28 04:00:00,4274.0
2012-08-28 05:00:00,4175.0
2012-08-28 06:00:00,4986.0
2012-08-28 07:00:00,9346.0
2012-08-28 08:00:00,10336.0
2012-08-28 09:00:00,13467.0
2012-08-28 10:00:00,22767.0
2012-08-28 11:00:00,24536.0
2012-08-28 12:00:00,25355.0
2012-08-28 13:00:00,25450.0
2012-08-28 14:00:00,25314.0
2012-08-28 15:00:00,25064.0
2012-08-28 16:00:00,25149.0
2012-08-28 17:00:00,25477.0
2012-08-28 18:00:00,24659.0
2012-08-28 19:00:00,23649.0
2012-08-28 20:00:00,23773.0
2012-08-28 21:00:00,23597.0
2012-08-28 22:00:00,19317.0
2012-08-28 23:00:00,15782.0
2012-08-29 00:00:00,10756.0
2012-08-29 01:00:00,5044.0
2012-08-29 02:00:00,4680.0
2012-08-29 03:00:00,4156.0
2012-08-29 04:00:00,3870.0
2012-08-29 05:00:00,4026.0
2012-08-29 06:00:00,4998.0
2012-08-29 07:00:00,8223.0
2012-08-29 08:00:00,9258.0
2012-08-29 09:00:00,12862.0
2012-08-29 10:00:00,20605.0
2012-08-29 11:00:00,21771.0
2012-08-29 12:00:00,22419.0
2012-08-29 13:00:00,22373.0
2012-08-29 14:00:00,22558.0
2012-08-29 15:00:00,22782.0
2012-08-29 16:00:00,22574.0
2012-08-29 17:00:00,22503.0
2012-08-29 18:00:00,22290.0
2012-08-29 19:00:00,22378.0
2012-08-29 20:00:00,23325.0
2012-08-29 21:00:00,20893.0
2012-08-29 22:00:00,19271.0
2012-08-29 23:00:00,15557.0
2012-08-30 00:00:00,10620.0
2012-08-30 01:00:00,5040.0
2012-08-30 02:00:00,4711.0
2012-08-30 03:00:00,4186.0
2012-08-30 04:00:00,3950.0
2012-08-30 05:00:00,4031.0
2012-08-30 06:00:00,5033.0
2012-08-30 07:00:00,8561.0
2012-08-30 08:00:00,9457.0
2012-08-30 09:00:00,12591.0
2012-08-30 10:00:00,21167.0
2012-08-30 11:00:00,22909.0
2012-08-30 12:00:00,23393.0
2012-08-30 13:00:00,23433.0
2012-08-30 14:00:00,22933.0
2012-08-30 15:00:00,22483.0
2012-08-30 16:00:00,22416.0
2012-08-30 17:00:00,22164.0
2012-08-30 18:00:00,21954.0
2012-08-30 19:00:00,21612.0
2012-08-30 20:00:00,22259.0
2012-08-30 21:00:00,20086.0
2012-08-30 22:00:00,19044.0
2012-08-30 23:00:00,15540.0
2012-08-31 00:00:00,10508.0
2012-08-31 01:00:00,5310.0
2012-08-31 02:00:00,5122.0
2012-08-31 03:00:00,4712.0
2012-08-31 04:00:00,4492.0
2012-08-31 05:00:00,4405.0
2012-08-31 06:00:00,5191.0
2012-08-31 07:00:00,8203.0
2012-08-31 08:00:00,9009.0
2012-08-31 09:00:00,12290.0
2012-08-31 10:00:00,18902.0
2012-08-31 11:00:00,21408.0
2012-08-31 12:00:00,23975.0
2012-08-31 13:00:00,23842.0
2012-08-31 14:00:00,24685.0
2012-08-31 15:00:00,25028.0
2012-08-31 16:00:00,25304.0
2012-08-31 17:00:00,25382.0
2012-08-31 18:00:00,25769.0
2012-08-31 19:00:00,25158.0
2012-08-31 20:00:00,23857.0
2012-08-31 21:00:00,21627.0
2012-08-31 22:00:00,19882.0
2012-08-31 23:00:00,16071.0
2012-09-01 00:00:00,10761.0
2012-09-01 01:00:00,4968.0
2012-09-01 02:00:00,4951.0
2012-09-01 03:00:00,4522.0
2012-09-01 04:00:00,4322.0
2012-09-01 05:00:00,4165.0
2012-09-01 06:00:00,5226.0
2012-09-01 07:00:00,5745.0
2012-09-01 08:00:00,5911.0
2012-09-01 09:00:00,16205.0
2012-09-01 10:00:00,21026.0
2012-09-01 11:00:00,22180.0
2012-09-01 12:00:00,24416.0
2012-09-01 13:00:00,24902.0
2012-09-01 14:00:00,25187.0
2012-09-01 15:00:00,25148.0
2012-09-01 16:00:00,25437.0
2012-09-01 17:00:00,25438.0
2012-09-01 18:00:00,25343.0
2012-09-01 19:00:00,26004.0
2012-09-01 20:00:00,27159.0
2012-09-01 21:00:00,26318.0
2012-09-01 22:00:00,23824.0
2012-09-01 23:00:00,19070.0
2012-09-02 00:00:00,9757.0
2012-09-02 01:00:00,4957.0
2012-09-02 02:00:00,4690.0
2012-09-02 03:00:00,4269.0
2012-09-02 04:00:00,4047.0
2012-09-02 05:00:00,3966.0
2012-09-02 06:00:00,4607.0
2012-09-02 07:00:00,5253.0
2012-09-02 08:00:00,6981.0
2012-09-02 09:00:00,20653.0
2012-09-02 10:00:00,24341.0
2012-09-02 11:00:00,26308.0
2012-09-02 12:00:00,28160.0
2012-09-02 13:00:00,27994.0
2012-09-02 14:00:00,27980.0
2012-09-02 15:00:00,31016.0
2012-09-02 16:00:00,31078.0
2012-09-02 17:00:00,31307.0
2012-09-02 18:00:00,31334.0
2012-09-02 19:00:00,31920.0
2012-09-02 20:00:00,33319.0
2012-09-02 21:00:00,34232.0
2012-09-02 22:00:00,37517.0
2012-09-02 23:00:00,29387.0
2012-09-03 00:00:00,12459.0
2012-09-03 01:00:00,5036.0
2012-09-03 02:00:00,4668.0
2012-09-03 03:00:00,4189.0
2012-09-03 04:00:00,4031.0
2012-09-03 05:00:00,3941.0
2012-09-03 06:00:00,4736.0
2012-09-03 07:00:00,7978.0
2012-09-03 08:00:00,9791.0
2012-09-03 09:00:00,13288.0
2012-09-03 10:00:00,20877.0
2012-09-03 11:00:00,22084.0
2012-09-03 12:00:00,23101.0
2012-09-03 13:00:00,25208.0
2012-09-03 14:00:00,25215.0
2012-09-03 15:00:00,25156.0
2012-09-03 16:00:00,25476.0
2012-09-03 17:00:00,27646.0
2012-09-03 18:00:00,27879.0
2012-09-03 19:00:00,28437.0
2012-09-03 20:00:00,25902.0
2012-09-03 21:00:00,27122.0
2012-09-03 22:00:00,24465.0
2012-09-03 23:00:00,16882.0
2012-09-04 00:00:00,10562.0
2012-09-04 01:00:00,5291.0
2012-09-04 02:00:00,5012.0
2012-09-04 03:00:00,4579.0
2012-09-04 04:00:00,4358.0
2012-09-04 05:00:00,4336.0
2012-09-04 06:00:00,4328.0
2012-09-04 07:00:00,7355.0
2012-09-04 08:00:00,7739.0
2012-09-04 09:00:00,10877.0
2012-09-04 10:00:00,17562.0
2012-09-04 11:00:00,22691.0
2012-09-04 12:00:00,24153.0
2012-09-04 13:00:00,24945.0
2012-09-04 14:00:00,24637.0
2012-09-04 15:00:00,25333.0
2012-09-04 16:00:00,26064.0
2012-09-04 17:00:00,28402.0
2012-09-04 18:00:00,28802.0
2012-09-04 19:00:00,28742.0
2012-09-04 20:00:00,28573.0
2012-09-04 21:00:00,27004.0
2012-09-04 22:00:00,26058.0
2012-09-04 23:00:00,18271.0
2012-09-05 00:00:00,11163.0
2012-09-05 01:00:00,5155.0
2012-09-05 02:00:00,4912.0
2012-09-05 03:00:00,4510.0
2012-09-05 04:00:00,4280.0
2012-09-05 05:00:00,4232.0
2012-09-05 06:00:00,4211.0
2012-09-05 07:00:00,6079.0
2012-09-05 08:00:00,7285.0
2012-09-05 09:00:00,10769.0
2012-09-05 10:00:00,18963.0
2012-09-05 11:00:00,22607.0
2012-09-05 12:00:00,25526.0
2012-09-05 13:00:00,25388.0
2012-09-05 14:00:00,25435.0
2012-09-05 15:00:00,28536.0
2012-09-05 16:00:00,29418.0
2012-09-05 17:00:00,29448.0
2012-09-05 18:00:00,29470.0
2012-09-05 19:00:00,28409.0
2012-09-05 20:00:00,27359.0
2012-09-05 21:00:00,27140.0
2012-09-05 22:00:00,23103.0
2012-09-05 23:00:00,18510.0
2012-09-06 00:00:00,11548.0
2012-09-06 01:00:00,5040.0
2012-09-06 02:00:00,4794.0
2012-09-06 03:00:00,4418.0
2012-09-06 04:00:00,4225.0
2012-09-06 05:00:00,4223.0
2012-09-06 06:00:00,4197.0
2012-09-06 07:00:00,6555.0
2012-09-06 08:00:00,7552.0
2012-09-06 09:00:00,10868.0
2012-09-06 10:00:00,20865.0
2012-09-06 11:00:00,24178.0
2012-09-06 12:00:00,25882.0
2012-09-06 13:00:00,26635.0
2012-09-06 14:00:00,26520.0
2012-09-06 15:00:00,27740.0
2012-09-06 16:00:00,28749.0
2012-09-06 17:00:00,27088.0
2012-09-06 18:00:00,30809.0
2012-09-06 19:00:00,29767.0
2012-09-06 20:00:00,29798.0
2012-09-06 21:00:00,28923.0
2012-09-06 22:00:00,24436.0
2012-09-06 23:00:00,18822.0
2012-09-07 00:00:00,12140.0
2012-09-07 01:00:00,5278.0
2012-09-07 02:00:00,5104.0
2012-09-07 03:00:00,4595.0
2012-09-07 04:00:00,4370.0
2012-09-07 05:00:00,4255.0
2012-09-07 06:00:00,4304.0
2012-09-07 07:00:00,7377.0
2012-09-07 08:00:00,7784.0
2012-09-07 09:00:00,12047.0
2012-09-07 10:00:00,22783.0
2012-09-07 11:00:00,25005.0
2012-09-07 12:00:00,25771.0
2012-09-07 13:00:00,26010.0
2012-09-07 14:00:00,25919.0
2012-09-07 15:00:00,27423.0
2012-09-07 16:00:00,28185.0
2012-09-07 17:00:00,28066.0
2012-09-07 18:00:00,28235.0
2012-09-07 19:00:00,28723.0
2012-09-07 20:00:00,29279.0
2012-09-07 21:00:00,29445.0
2012-09-07 22:00:00,27184.0
2012-09-07 23:00:00,18795.0
2012-09-08 00:00:00,11965.0
2012-09-08 01:00:00,4891.0
2012-09-08 02:00:00,4682.0
2012-09-08 03:00:00,4367.0
2012-09-08 04:00:00,4120.0
2012-09-08 05:00:00,4040.0
2012-09-08 06:00:00,4066.0
2012-09-08 07:00:00,4379.0
2012-09-08 08:00:00,5015.0
2012-09-08 09:00:00,12129.0
2012-09-08 10:00:00,22704.0
2012-09-08 11:00:00,23904.0
2012-09-08 12:00:00,24934.0
2012-09-08 13:00:00,24979.0
2012-09-08 14:00:00,24906.0
2012-09-08 15:00:00,25669.0
2012-09-08 16:00:00,27146.0
2012-09-08 17:00:00,28233.0
2012-09-08 18:00:00,28202.0
2012-09-08 19:00:00,28261.0
2012-09-08 20:00:00,28422.0
2012-09-08 21:00:00,28231.0
2012-09-08 22:00:00,27047.0
2012-09-08 23:00:00,21006.0
2012-09-09 00:00:00,10826.0
2012-09-09 01:00:00,4780.0
2012-09-09 02:00:00,4566.0
2012-09-09 03:00:00,4088.0
2012-09-09 04:00:00,3907.0
2012-09-09 05:00:00,3859.0
2012-09-09 06:00:00,3854.0
2012-09-09 07:00:00,4202.0
2012-09-09 08:00:00,6181.0
2012-09-09 09:00:00,14985.0
2012-09-09 10:00:00,25524.0
2012-09-09 11:00:00,27301.0
2012-09-09 12:00:00,27626.0
2012-09-09 13:00:00,27601.0
2012-09-09 14:00:00,27907.0
2012-09-09 15:00:00,28114.0
2012-09-09 16:00:00,28015.0
2012-09-09 17:00:00,27820.0
2012-09-09 18:00:00,27962.0
2012-09-09 19:00:00,28215.0
2012-09-09 20:00:00,29126.0
2012-09-09 21:00:00,29066.0
2012-09-09 22:00:00,27505.0
2012-09-09 23:00:00,18722.0
2012-09-10 00:00:00,9367.0
2012-09-10 01:00:00,4937.0
2012-09-10 02:00:00,4611.0
2012-09-10 03:00:00,4192.0
2012-09-10 04:00:00,3918.0
2012-09-10 05:00:00,3874.0
2012-09-10 06:00:00,3844.0
2012-09-10 07:00:00,6754.0
2012-09-10 08:00:00,8539.0
2012-09-10 09:00:00,11580.0
2012-09-10 10:00:00,20573.0
2012-09-10 11:00:00,22934.0
2012-09-10 12:00:00,23441.0
2012-09-10 13:00:00,23591.0
2012-09-10 14:00:00,23880.0
2012-09-10 15:00:00,23732.0
2012-09-10 16:00:00,23828.0
2012-09-10 17:00:00,23800.0
2012-09-10 18:00:00,23623.0
2012-09-10 19:00:00,23781.0
2012-09-10 20:00:00,21116.0
2012-09-10 21:00:00,20391.0
2012-09-10 22:00:00,20084.0
2012-09-10 23:00:00,16426.0
2012-09-11 00:00:00,11188.0
2012-09-11 01:00:00,5006.0
2012-09-11 02:00:00,4647.0
2012-09-11 03:00:00,4238.0
2012-09-11 04:00:00,3953.0
2012-09-11 05:00:00,3871.0
2012-09-11 06:00:00,3882.0
2012-09-11 07:00:00,7303.0
2012-09-11 08:00:00,8698.0
2012-09-11 09:00:00,11891.0
2012-09-11 10:00:00,20131.0
2012-09-11 11:00:00,23478.0
2012-09-11 12:00:00,23906.0
2012-09-11 13:00:00,24147.0
2012-09-11 14:00:00,23981.0
2012-09-11 15:00:00,24015.0
2012-09-11 16:00:00,24111.0
2012-09-11 17:00:00,24360.0
2012-09-11 18:00:00,24489.0
2012-09-11 19:00:00,24856.0
2012-09-11 20:00:00,25840.0
2012-09-11 21:00:00,25947.0
2012-09-11 22:00:00,24266.0
2012-09-11 23:00:00,16887.0
2012-09-12 00:00:00,11195.0
2012-09-12 01:00:00,5194.0
2012-09-12 02:00:00,4978.0
2012-09-12 03:00:00,4641.0
2012-09-12 04:00:00,4392.0
2012-09-12 05:00:00,4363.0
2012-09-12 06:00:00,4386.0
2012-09-12 07:00:00,6775.0
2012-09-12 08:00:00,8030.0
2012-09-12 09:00:00,11515.0
2012-09-12 10:00:00,20376.0
2012-09-12 11:00:00,23971.0
2012-09-12 12:00:00,26026.0
2012-09-12 13:00:00,29110.0
2012-09-12 14:00:00,29825.0
2012-09-12 15:00:00,30414.0
2012-09-12 16:00:00,31281.0
2012-09-12 17:00:00,31137.0
2012-09-12 18:00:00,29461.0
2012-09-12 19:00:00,29240.0
2012-09-12 20:00:00,29151.0
2012-09-12 21:00:00,27543.0
2012-09-12 22:00:00,24268.0
2012-09-12 23:00:00,18189.0
2012-09-13 00:00:00,10502.0
2012-09-13 01:00:00,4936.0
2012-09-13 02:00:00,4660.0
2012-09-13 03:00:00,4299.0
2012-09-13 04:00:00,4041.0
2012-09-13 05:00:00,4010.0
2012-09-13 06:00:00,4118.0
2012-09-13 07:00:00,6030.0
2012-09-13 08:00:00,6522.0
2012-09-13 09:00:00,12476.0
2012-09-13 10:00:00,22324.0
2012-09-13 11:00:00,26387.0
2012-09-13 12:00:00,28083.0
2012-09-13 13:00:00,28128.0
2012-09-13 14:00:00,28869.0
2012-09-13 15:00:00,29893.0
2012-09-13 16:00:00,30245.0
2012-09-13 17:00:00,30784.0
2012-09-13 18:00:00,30415.0
2012-09-13 19:00:00,28462.0
2012-09-13 20:00:00,27116.0
2012-09-13 21:00:00,25050.0
2012-09-13 22:00:00,24664.0
2012-09-13 23:00:00,19622.0
2012-09-14 00:00:00,11536.0
2012-09-14 01:00:00,5133.0
2012-09-14 02:00:00,4785.0
2012-09-14 03:00:00,4521.0
2012-09-14 04:00:00,4494.0
2012-09-14 05:00:00,4368.0
2012-09-14 06:00:00,4430.0
2012-09-14 07:00:00,6467.0
2012-09-14 08:00:00,7189.0
2012-09-14 09:00:00,11220.0
2012-09-14 10:00:00,20394.0
2012-09-14 11:00:00,24532.0
2012-09-14 12:00:00,26629.0
2012-09-14 13:00:00,27477.0
2012-09-14 14:00:00,27417.0
2012-09-14 15:00:00,27567.0
2012-09-14 16:00:00,27970.0
2012-09-14 17:00:00,26689.0
2012-09-14 18:00:00,26891.0
2012-09-14 19:00:00,27119.0
2012-09-14 20:00:00,26978.0
2012-09-14 21:00:00,25441.0
2012-09-14 22:00:00,24603.0
2012-09-14 23:00:00,18988.0
2012-09-15 00:00:00,11741.0
2012-09-15 01:00:00,4876.0
2012-09-15 02:00:00,4751.0
2012-09-15 03:00:00,4300.0
2012-09-15 04:00:00,4056.0
2012-09-15 05:00:00,3996.0
2012-09-15 06:00:00,4048.0
2012-09-15 07:00:00,4225.0
2012-09-15 08:00:00,4439.0
2012-09-15 09:00:00,10245.0
2012-09-15 10:00:00,19546.0
2012-09-15 11:00:00,21874.0
2012-09-15 12:00:00,23346.0
2012-09-15 13:00:00,24454.0
2012-09-15 14:00:00,25061.0
2012-09-15 15:00:00,25076.0
2012-09-15 16:00:00,26369.0
2012-09-15 17:00:00,26991.0
2012-09-15 18:00:00,26802.0
2012-09-15 19:00:00,25776.0
2012-09-15 20:00:00,21741.0
2012-09-15 21:00:00,22694.0
2012-09-15 22:00:00,24814.0
2012-09-15 23:00:00,17968.0
2012-09-16 00:00:00,10935.0
2012-09-16 01:00:00,4782.0
2012-09-16 02:00:00,4393.0
2012-09-16 03:00:00,3951.0
2012-09-16 04:00:00,3798.0
2012-09-16 05:00:00,3727.0
2012-09-16 06:00:00,3804.0
2012-09-16 07:00:00,4208.0
2012-09-16 08:00:00,4441.0
2012-09-16 09:00:00,12263.0
2012-09-16 10:00:00,25012.0
2012-09-16 11:00:00,26048.0
2012-09-16 12:00:00,26479.0
2012-09-16 13:00:00,26348.0
2012-09-16 14:00:00,27322.0
2012-09-16 15:00:00,27483.0
2012-09-16 16:00:00,27566.0
2012-09-16 17:00:00,27886.0
2012-09-16 18:00:00,27827.0
2012-09-16 19:00:00,27733.0
2012-09-16 20:00:00,28109.0
2012-09-16 21:00:00,27848.0
2012-09-16 22:00:00,27085.0
2012-09-16 23:00:00,19887.0
2012-09-17 00:00:00,10986.0
2012-09-17 01:00:00,4956.0
2012-09-17 02:00:00,4656.0
2012-09-17 03:00:00,4156.0
2012-09-17 04:00:00,4018.0
2012-09-17 05:00:00,3959.0
2012-09-17 06:00:00,3957.0
2012-09-17 07:00:00,6282.0
2012-09-17 08:00:00,8286.0
2012-09-17 09:00:00,12593.0
2012-09-17 10:00:00,16908.0
2012-09-17 11:00:00,21922.0
2012-09-17 12:00:00,22758.0
2012-09-17 13:00:00,22929.0
2012-09-17 14:00:00,22939.0
2012-09-17 15:00:00,22866.0
2012-09-17 16:00:00,23201.0
2012-09-17 17:00:00,23588.0
2012-09-17 18:00:00,23638.0
2012-09-17 19:00:00,24596.0
2012-09-17 20:00:00,23922.0
2012-09-17 21:00:00,24224.0
2012-09-17 22:00:00,21603.0
2012-09-17 23:00:00,15744.0
2012-09-18 00:00:00,10815.0
2012-09-18 01:00:00,4759.0
2012-09-18 02:00:00,4540.0
2012-09-18 03:00:00,4138.0
2012-09-18 04:00:00,3924.0
2012-09-18 05:00:00,3937.0
2012-09-18 06:00:00,3877.0
2012-09-18 07:00:00,6675.0
2012-09-18 08:00:00,8129.0
2012-09-18 09:00:00,11175.0
2012-09-18 10:00:00,17110.0
2012-09-18 11:00:00,21524.0
2012-09-18 12:00:00,23447.0
2012-09-18 13:00:00,23509.0
2012-09-18 14:00:00,24243.0
2012-09-18 15:00:00,25235.0
2012-09-18 16:00:00,24832.0
2012-09-18 17:00:00,25772.0
2012-09-18 18:00:00,25301.0
2012-09-18 19:00:00,24940.0
2012-09-18 20:00:00,24493.0
2012-09-18 21:00:00,19800.0
2012-09-18 22:00:00,19166.0
2012-09-18 23:00:00,15595.0
2012-09-19 00:00:00,10759.0
2012-09-19 01:00:00,5146.0
2012-09-19 02:00:00,5065.0
2012-09-19 03:00:00,4563.0
2012-09-19 04:00:00,4407.0
2012-09-19 05:00:00,4276.0
2012-09-19 06:00:00,4208.0
2012-09-19 07:00:00,6448.0
2012-09-19 08:00:00,8060.0
2012-09-19 09:00:00,11450.0
2012-09-19 10:00:00,17020.0
2012-09-19 11:00:00,22365.0
2012-09-19 12:00:00,23667.0
2012-09-19 13:00:00,24072.0
2012-09-19 14:00:00,24043.0
2012-09-19 15:00:00,24080.0
2012-09-19 16:00:00,24404.0
2012-09-19 17:00:00,24230.0
2012-09-19 18:00:00,24567.0
2012-09-19 19:00:00,25321.0
2012-09-19 20:00:00,23468.0
2012-09-19 21:00:00,19804.0
2012-09-19 22:00:00,19339.0
2012-09-19 23:00:00,15856.0
2012-09-20 00:00:00,10841.0
2012-09-20 01:00:00,5349.0
2012-09-20 02:00:00,5062.0
2012-09-20 03:00:00,4642.0
2012-09-20 04:00:00,4564.0
2012-09-20 05:00:00,4505.0
2012-09-20 06:00:00,4503.0
2012-09-20 07:00:00,7573.0
2012-09-20 08:00:00,9183.0
2012-09-20 09:00:00,12165.0
2012-09-20 10:00:00,17383.0
2012-09-20 11:00:00,22651.0
2012-09-20 12:00:00,24691.0
2012-09-20 13:00:00,24446.0
2012-09-20 14:00:00,24673.0
2012-09-20 15:00:00,24508.0
2012-09-20 16:00:00,25150.0
2012-09-20 17:00:00,24481.0
2012-09-20 18:00:00,24256.0
2012-09-20 19:00:00,25077.0
2012-09-20 20:00:00,24369.0
2012-09-20 21:00:00,20013.0
2012-09-20 22:00:00,19626.0
2012-09-20 23:00:00,16094.0
2012-09-21 00:00:00,11536.0
2012-09-21 01:00:00,5521.0
2012-09-21 02:00:00,5290.0
2012-09-21 03:00:00,4891.0
2012-09-21 04:00:00,4663.0
2012-09-21 05:00:00,4644.0
2012-09-21 06:00:00,4604.0
2012-09-21 07:00:00,6762.0
2012-09-21 08:00:00,7963.0
2012-09-21 09:00:00,11372.0
2012-09-21 10:00:00,16958.0
2012-09-21 11:00:00,18071.0
2012-09-21 12:00:00,21996.0
2012-09-21 13:00:00,23027.0
2012-09-21 14:00:00,23386.0
2012-09-21 15:00:00,23513.0
2012-09-21 16:00:00,23315.0
2012-09-21 17:00:00,23069.0
2012-09-21 18:00:00,22853.0
2012-09-21 19:00:00,23904.0
2012-09-21 20:00:00,23860.0
2012-09-21 21:00:00,21516.0
2012-09-21 22:00:00,19412.0
2012-09-21 23:00:00,15939.0
2012-09-22 00:00:00,11313.0
2012-09-22 01:00:00,5681.0
2012-09-22 02:00:00,5332.0
2012-09-22 03:00:00,4907.0
2012-09-22 04:00:00,4700.0
2012-09-22 05:00:00,4585.0
2012-09-22 06:00:00,4597.0
2012-09-22 07:00:00,5005.0
2012-09-22 08:00:00,4601.0
2012-09-22 09:00:00,12012.0
2012-09-22 10:00:00,22560.0
2012-09-22 11:00:00,23506.0
2012-09-22 12:00:00,23586.0
2012-09-22 13:00:00,23800.0
2012-09-22 14:00:00,23677.0
2012-09-22 15:00:00,23444.0
2012-09-22 16:00:00,23580.0
2012-09-22 17:00:00,23477.0
2012-09-22 18:00:00,23564.0
2012-09-22 19:00:00,24989.0
2012-09-22 20:00:00,24777.0
2012-09-22 21:00:00,24540.0
2012-09-22 22:00:00,24174.0
2012-09-22 23:00:00,17847.0
2012-09-23 00:00:00,9597.0
2012-09-23 01:00:00,5222.0
2012-09-23 02:00:00,5053.0
2012-09-23 03:00:00,4522.0
2012-09-23 04:00:00,4337.0
2012-09-23 05:00:00,4236.0
2012-09-23 06:00:00,4064.0
2012-09-23 07:00:00,4548.0
2012-09-23 08:00:00,4478.0
2012-09-23 09:00:00,11177.0
2012-09-23 10:00:00,22263.0
2012-09-23 11:00:00,26399.0
2012-09-23 12:00:00,25748.0
2012-09-23 13:00:00,25164.0
2012-09-23 14:00:00,25070.0
2012-09-23 15:00:00,25025.0
2012-09-23 16:00:00,25117.0
2012-09-23 17:00:00,24968.0
2012-09-23 18:00:00,24627.0
2012-09-23 19:00:00,25618.0
2012-09-23 20:00:00,26195.0
2012-09-23 21:00:00,25823.0
2012-09-23 22:00:00,24864.0
2012-09-23 23:00:00,17912.0
2012-09-24 00:00:00,9597.0
2012-09-24 01:00:00,5125.0
2012-09-24 02:00:00,4906.0
2012-09-24 03:00:00,4450.0
2012-09-24 04:00:00,4256.0
2012-09-24 05:00:00,4189.0
2012-09-24 06:00:00,4144.0
2012-09-24 07:00:00,6903.0
2012-09-24 08:00:00,8589.0
2012-09-24 09:00:00,11278.0
2012-09-24 10:00:00,16597.0
2012-09-24 11:00:00,19085.0
2012-09-24 12:00:00,21589.0
2012-09-24 13:00:00,17841.0
2012-09-24 14:00:00,17832.0
2012-09-24 15:00:00,17880.0
2012-09-24 16:00:00,17857.0
2012-09-24 17:00:00,17967.0
2012-09-24 18:00:00,17527.0
2012-09-24 19:00:00,18175.0
2012-09-24 20:00:00,18675.0
2012-09-24 21:00:00,18745.0
2012-09-24 22:00:00,18224.0
2012-09-24 23:00:00,14804.0
2012-09-25 00:00:00,10315.0
2012-09-25 01:00:00,4974.0
2012-09-25 02:00:00,4792.0
2012-09-25 03:00:00,4299.0
2012-09-25 04:00:00,4178.0
2012-09-25 05:00:00,4051.0
2012-09-25 06:00:00,4060.0
2012-09-25 07:00:00,6285.0
2012-09-25 08:00:00,7564.0
2012-09-25 09:00:00,10794.0
2012-09-25 10:00:00,15756.0
2012-09-25 11:00:00,17104.0
2012-09-25 12:00:00,17370.0
2012-09-25 13:00:00,17589.0
2012-09-25 14:00:00,17208.0
2012-09-25 15:00:00,17254.0
2012-09-25 16:00:00,17310.0
2012-09-25 17:00:00,17219.0
2012-09-25 18:00:00,18133.0
2012-09-25 19:00:00,18071.0
2012-09-25 20:00:00,18291.0
2012-09-25 21:00:00,18064.0
2012-09-25 22:00:00,17350.0
2012-09-25 23:00:00,14360.0
2012-09-26 00:00:00,10223.0
2012-09-26 01:00:00,5000.0
2012-09-26 02:00:00,4963.0
2012-09-26 03:00:00,4477.0
2012-09-26 04:00:00,4236.0
2012-09-26 05:00:00,4227.0
2012-09-26 06:00:00,4038.0
2012-09-26 07:00:00,5810.0
2012-09-26 08:00:00,6788.0
2012-09-26 09:00:00,10500.0
2012-09-26 10:00:00,15592.0
2012-09-26 11:00:00,16670.0
2012-09-26 12:00:00,16456.0
2012-09-26 13:00:00,16633.0
2012-09-26 14:00:00,16693.0
2012-09-26 15:00:00,16713.0
2012-09-26 16:00:00,16525.0
2012-09-26 17:00:00,16481.0
2012-09-26 18:00:00,16258.0
2012-09-26 19:00:00,17090.0
2012-09-26 20:00:00,17642.0
2012-09-26 21:00:00,17478.0
2012-09-26 22:00:00,17255.0
2012-09-26 23:00:00,14056.0
2012-09-27 00:00:00,9820.0
2012-09-27 01:00:00,4943.0
2012-09-27 02:00:00,4799.0
2012-09-27 03:00:00,4321.0
2012-09-27 04:00:00,4154.0
2012-09-27 05:00:00,4087.0
2012-09-27 06:00:00,4096.0
2012-09-27 07:00:00,6735.0
2012-09-27 08:00:00,7519.0
2012-09-27 09:00:00,10300.0
2012-09-27 10:00:00,15017.0
2012-09-27 11:00:00,16215.0
2012-09-27 12:00:00,16529.0
2012-09-27 13:00:00,16875.0
2012-09-27 14:00:00,16811.0
2012-09-27 15:00:00,16826.0
2012-09-27 16:00:00,16792.0
2012-09-27 17:00:00,16827.0
2012-09-27 18:00:00,17791.0
2012-09-27 19:00:00,17651.0
2012-09-27 20:00:00,18041.0
2012-09-27 21:00:00,17962.0
2012-09-27 22:00:00,17547.0
2012-09-27 23:00:00,14095.0
2012-09-28 00:00:00,9785.0
2012-09-28 01:00:00,5331.0
2012-09-28 02:00:00,5079.0
2012-09-28 03:00:00,4652.0
2012-09-28 04:00:00,4444.0
2012-09-28 05:00:00,4343.0
2012-09-28 06:00:00,4276.0
2012-09-28 07:00:00,6703.0
2012-09-28 08:00:00,7026.0
2012-09-28 09:00:00,9636.0
2012-09-28 10:00:00,14150.0
2012-09-28 11:00:00,15415.0
2012-09-28 12:00:00,15840.0
2012-09-28 13:00:00,16109.0
2012-09-28 14:00:00,16300.0
2012-09-28 15:00:00,16700.0
2012-09-28 16:00:00,16912.0
2012-09-28 17:00:00,17322.0
2012-09-28 18:00:00,17610.0
2012-09-28 19:00:00,17680.0
2012-09-28 20:00:00,17673.0
2012-09-28 21:00:00,17127.0
2012-09-28 22:00:00,16801.0
2012-09-28 23:00:00,13879.0
2012-09-29 00:00:00,9804.0
2012-09-29 01:00:00,5160.0
2012-09-29 02:00:00,4953.0
2012-09-29 03:00:00,4506.0
2012-09-29 04:00:00,4331.0
2012-09-29 05:00:00,4281.0
2012-09-29 06:00:00,4298.0
2012-09-29 07:00:00,4261.0
2012-09-29 08:00:00,4670.0
2012-09-29 09:00:00,10682.0
2012-09-29 10:00:00,14693.0
2012-09-29 11:00:00,15709.0
2012-09-29 12:00:00,16412.0
2012-09-29 13:00:00,16623.0
2012-09-29 14:00:00,16733.0
2012-09-29 15:00:00,17150.0
2012-09-29 16:00:00,17249.0
2012-09-29 17:00:00,17174.0
2012-09-29 18:00:00,17031.0
2012-09-29 19:00:00,17782.0
2012-09-29 20:00:00,18601.0
2012-09-29 21:00:00,18514.0
2012-09-29 22:00:00,17783.0
2012-09-29 23:00:00,13766.0
2012-09-30 00:00:00,9197.0
2012-09-30 01:00:00,4760.0
2012-09-30 02:00:00,4488.0
2012-09-30 03:00:00,4065.0
2012-09-30 04:00:00,3940.0
2012-09-30 05:00:00,3902.0
2012-09-30 06:00:00,3888.0
2012-09-30 07:00:00,4311.0
2012-09-30 08:00:00,5215.0
2012-09-30 09:00:00,13863.0
2012-09-30 10:00:00,19493.0
2012-09-30 11:00:00,20694.0
2012-09-30 12:00:00,22245.0
2012-09-30 13:00:00,22967.0
2012-09-30 14:00:00,23627.0
2012-09-30 15:00:00,24659.0
2012-09-30 16:00:00,24575.0
2012-09-30 17:00:00,24342.0
2012-09-30 18:00:00,23776.0
2012-09-30 19:00:00,24102.0
2012-09-30 20:00:00,24321.0
2012-09-30 21:00:00,23968.0
2012-09-30 22:00:00,21040.0
2012-09-30 23:00:00,16331.0
2012-10-01 00:00:00,9162.0
2012-10-01 01:00:00,4856.0
2012-10-01 02:00:00,4682.0
2012-10-01 03:00:00,4164.0
2012-10-01 04:00:00,3992.0
2012-10-01 05:00:00,3993.0
2012-10-01 06:00:00,4233.0
2012-10-01 07:00:00,5819.0
2012-10-01 08:00:00,8125.0
2012-10-01 09:00:00,11465.0
2012-10-01 10:00:00,14531.0
2012-10-01 11:00:00,15924.0
2012-10-01 12:00:00,16407.0
2012-10-01 13:00:00,16522.0
2012-10-01 14:00:00,16773.0
2012-10-01 15:00:00,16778.0
2012-10-01 16:00:00,17806.0
2012-10-01 17:00:00,18998.0
2012-10-01 18:00:00,16858.0
2012-10-01 19:00:00,17949.0
2012-10-01 20:00:00,18120.0
2012-10-01 21:00:00,17945.0
2012-10-01 22:00:00,17101.0
2012-10-01 23:00:00,14135.0
2012-10-02 00:00:00,10643.0
2012-10-02 01:00:00,4983.0
2012-10-02 02:00:00,4734.0
2012-10-02 03:00:00,4315.0
2012-10-02 04:00:00,4114.0
2012-10-02 05:00:00,4035.0
2012-10-02 06:00:00,4027.0
2012-10-02 07:00:00,6153.0
2012-10-02 08:00:00,6612.0
2012-10-02 09:00:00,9453.0
2012-10-02 10:00:00,14122.0
2012-10-02 11:00:00,15367.0
2012-10-02 12:00:00,15969.0
2012-10-02 13:00:00,16405.0
2012-10-02 14:00:00,16395.0
2012-10-02 15:00:00,16491.0
2012-10-02 16:00:00,17475.0
2012-10-02 17:00:00,17948.0
2012-10-02 18:00:00,18034.0
2012-10-02 19:00:00,18890.0
2012-10-02 20:00:00,19106.0
2012-10-02 21:00:00,18978.0
2012-10-02 22:00:00,26008.0
2012-10-02 23:00:00,23217.0
2012-10-03 00:00:00,14241.0
2012-10-03 01:00:00,5365.0
2012-10-03 02:00:00,5105.0
2012-10-03 03:00:00,4614.0
2012-10-03 04:00:00,4354.0
2012-10-03 05:00:00,4134.0
2012-10-03 06:00:00,4149.0
2012-10-03 07:00:00,5858.0
2012-10-03 08:00:00,6473.0
2012-10-03 09:00:00,9338.0
2012-10-03 10:00:00,14380.0
2012-10-03 11:00:00,15484.0
2012-10-03 12:00:00,16188.0
2012-10-03 13:00:00,16472.0
2012-10-03 14:00:00,16303.0
2012-10-03 15:00:00,16357.0
2012-10-03 16:00:00,16347.0
2012-10-03 17:00:00,16458.0
2012-10-03 18:00:00,16377.0
2012-10-03 19:00:00,16337.0
2012-10-03 20:00:00,17327.0
2012-10-03 21:00:00,17103.0
2012-10-03 22:00:00,16664.0
2012-10-03 23:00:00,13817.0
2012-10-04 00:00:00,10377.0
2012-10-04 01:00:00,4922.0
2012-10-04 02:00:00,4758.0
2012-10-04 03:00:00,4410.0
2012-10-04 04:00:00,4314.0
2012-10-04 05:00:00,4279.0
2012-10-04 06:00:00,4327.0
2012-10-04 07:00:00,6623.0
2012-10-04 08:00:00,7208.0
2012-10-04 09:00:00,10856.0
2012-10-04 10:00:00,14190.0
2012-10-04 11:00:00,15300.0
2012-10-04 12:00:00,15779.0
2012-10-04 13:00:00,16074.0
2012-10-04 14:00:00,16140.0
2012-10-04 15:00:00,16477.0
2012-10-04 16:00:00,16368.0
2012-10-04 17:00:00,16264.0
2012-10-04 18:00:00,16101.0
2012-10-04 19:00:00,17394.0
2012-10-04 20:00:00,17629.0
2012-10-04 21:00:00,17472.0
2012-10-04 22:00:00,17222.0
2012-10-04 23:00:00,14311.0
2012-10-05 00:00:00,9926.0
2012-10-05 01:00:00,5008.0
2012-10-05 02:00:00,4942.0
2012-10-05 03:00:00,4538.0
2012-10-05 04:00:00,4362.0
2012-10-05 05:00:00,4320.0
2012-10-05 06:00:00,4317.0
2012-10-05 07:00:00,4647.0
2012-10-05 08:00:00,6008.0
2012-10-05 09:00:00,13450.0
2012-10-05 10:00:00,18041.0
2012-10-05 11:00:00,22164.0
2012-10-05 12:00:00,22982.0
2012-10-05 13:00:00,23931.0
2012-10-05 14:00:00,24755.0
2012-10-05 15:00:00,25187.0
2012-10-05 16:00:00,25385.0
2012-10-05 17:00:00,24889.0
2012-10-05 18:00:00,24023.0
2012-10-05 19:00:00,25334.0
2012-10-05 20:00:00,24817.0
2012-10-05 21:00:00,24439.0
2012-10-05 22:00:00,24256.0
2012-10-05 23:00:00,17429.0
2012-10-06 00:00:00,9373.0
2012-10-06 01:00:00,5225.0
2012-10-06 02:00:00,5005.0
2012-10-06 03:00:00,4497.0
2012-10-06 04:00:00,4398.0
2012-10-06 05:00:00,4335.0
2012-10-06 06:00:00,4338.0
2012-10-06 07:00:00,4650.0
2012-10-06 08:00:00,4495.0
2012-10-06 09:00:00,10123.0
2012-10-06 10:00:00,15261.0
2012-10-06 11:00:00,16403.0
2012-10-06 12:00:00,16852.0
2012-10-06 13:00:00,16867.0
2012-10-06 14:00:00,16856.0
2012-10-06 15:00:00,17129.0
2012-10-06 16:00:00,17794.0
2012-10-06 17:00:00,21182.0
2012-10-06 18:00:00,20968.0
2012-10-06 19:00:00,20243.0
2012-10-06 20:00:00,19453.0
2012-10-06 21:00:00,19273.0
2012-10-06 22:00:00,19051.0
2012-10-06 23:00:00,20702.0
2012-10-07 00:00:00,11730.0
2012-10-07 01:00:00,5365.0
2012-10-07 02:00:00,5010.0
2012-10-07 03:00:00,4425.0
2012-10-07 04:00:00,4228.0
2012-10-07 05:00:00,4150.0
2012-10-07 06:00:00,4185.0
2012-10-07 07:00:00,4677.0
2012-10-07 08:00:00,4539.0
2012-10-07 09:00:00,12413.0
2012-10-07 10:00:00,19927.0
2012-10-07 11:00:00,21699.0
2012-10-07 12:00:00,22522.0
2012-10-07 13:00:00,23870.0
2012-10-07 14:00:00,24733.0
2012-10-07 15:00:00,25654.0
2012-10-07 16:00:00,25493.0
2012-10-07 17:00:00,23815.0
2012-10-07 18:00:00,23926.0
2012-10-07 19:00:00,25007.0
2012-10-07 20:00:00,24387.0
2012-10-07 21:00:00,24147.0
2012-10-07 22:00:00,21058.0
2012-10-07 23:00:00,18704.0
2012-10-08 00:00:00,9962.0
2012-10-08 01:00:00,5140.0
2012-10-08 02:00:00,4926.0
2012-10-08 03:00:00,4430.0
2012-10-08 04:00:00,4311.0
2012-10-08 05:00:00,4364.0
2012-10-08 06:00:00,4334.0
2012-10-08 07:00:00,6551.0
2012-10-08 08:00:00,7692.0
2012-10-08 09:00:00,10203.0
2012-10-08 10:00:00,14921.0
2012-10-08 11:00:00,16327.0
2012-10-08 12:00:00,21145.0
2012-10-08 13:00:00,23575.0
2012-10-08 14:00:00,24629.0
2012-10-08 15:00:00,24610.0
2012-10-08 16:00:00,25832.0
2012-10-08 17:00:00,22153.0
2012-10-08 18:00:00,24127.0
2012-10-08 19:00:00,25927.0
2012-10-08 20:00:00,22081.0
2012-10-08 21:00:00,24844.0
2012-10-08 22:00:00,20281.0
2012-10-08 23:00:00,16360.0
2012-10-09 00:00:00,10705.0
2012-10-09 01:00:00,4996.0
2012-10-09 02:00:00,4826.0
2012-10-09 03:00:00,4443.0
2012-10-09 04:00:00,4230.0
2012-10-09 05:00:00,4164.0
2012-10-09 06:00:00,4217.0
2012-10-09 07:00:00,6050.0
2012-10-09 08:00:00,7124.0
2012-10-09 09:00:00,12373.0
2012-10-09 10:00:00,18394.0
2012-10-09 11:00:00,22979.0
2012-10-09 12:00:00,23138.0
2012-10-09 13:00:00,23311.0
2012-10-09 14:00:00,23059.0
2012-10-09 15:00:00,23151.0
2012-10-09 16:00:00,23350.0
2012-10-09 17:00:00,23450.0
2012-10-09 18:00:00,24259.0
2012-10-09 19:00:00,24272.0
2012-10-09 20:00:00,24861.0
2012-10-09 21:00:00,24089.0
2012-10-09 22:00:00,20103.0
2012-10-09 23:00:00,15575.0
2012-10-10 00:00:00,10215.0
2012-10-10 01:00:00,4948.0
2012-10-10 02:00:00,4854.0
2012-10-10 03:00:00,4378.0
2012-10-10 04:00:00,4208.0
2012-10-10 05:00:00,4116.0
2012-10-10 06:00:00,4023.0
2012-10-10 07:00:00,5907.0
2012-10-10 08:00:00,6965.0
2012-10-10 09:00:00,10463.0
2012-10-10 10:00:00,15711.0
2012-10-10 11:00:00,16998.0
2012-10-10 12:00:00,18948.0
2012-10-10 13:00:00,21869.0
2012-10-10 14:00:00,21986.0
2012-10-10 15:00:00,22134.0
2012-10-10 16:00:00,21979.0
2012-10-10 17:00:00,21894.0
2012-10-10 18:00:00,23107.0
2012-10-10 19:00:00,23788.0
2012-10-10 20:00:00,23743.0
2012-10-10 21:00:00,23467.0
2012-10-10 22:00:00,19326.0
2012-10-10 23:00:00,15762.0
2012-10-11 00:00:00,10342.0
2012-10-11 01:00:00,5359.0
2012-10-11 02:00:00,5329.0
2012-10-11 03:00:00,4862.0
2012-10-11 04:00:00,4690.0
2012-10-11 05:00:00,4643.0
2012-10-11 06:00:00,4120.0
2012-10-11 07:00:00,5574.0
2012-10-11 08:00:00,6810.0
2012-10-11 09:00:00,10491.0
2012-10-11 10:00:00,15708.0
2012-10-11 11:00:00,16745.0
2012-10-11 12:00:00,18370.0
2012-10-11 13:00:00,20730.0
2012-10-11 14:00:00,21023.0
2012-10-11 15:00:00,20980.0
2012-10-11 16:00:00,20949.0
2012-10-11 17:00:00,17089.0
2012-10-11 18:00:00,17467.0
2012-10-11 19:00:00,18498.0
2012-10-11 20:00:00,18469.0
2012-10-11 21:00:00,18306.0
2012-10-11 22:00:00,17898.0
2012-10-11 23:00:00,14430.0
2012-10-12 00:00:00,10214.0
2012-10-12 01:00:00,5618.0
2012-10-12 02:00:00,5667.0
2012-10-12 03:00:00,4836.0
2012-10-12 04:00:00,4402.0
2012-10-12 05:00:00,4336.0
2012-10-12 06:00:00,4391.0
2012-10-12 07:00:00,5846.0
2012-10-12 08:00:00,6543.0
2012-10-12 09:00:00,9839.0
2012-10-12 10:00:00,14662.0
2012-10-12 11:00:00,16379.0
2012-10-12 12:00:00,16555.0
2012-10-12 13:00:00,16701.0
2012-10-12 14:00:00,16756.0
2012-10-12 15:00:00,16973.0
2012-10-12 16:00:00,16833.0
2012-10-12 17:00:00,16855.0
2012-10-12 18:00:00,17397.0
2012-10-12 19:00:00,18418.0
2012-10-12 20:00:00,18162.0
2012-10-12 21:00:00,18139.0
2012-10-12 22:00:00,17624.0
2012-10-12 23:00:00,14298.0
2012-10-13 00:00:00,9796.0
2012-10-13 01:00:00,5285.0
2012-10-13 02:00:00,5171.0
2012-10-13 03:00:00,5297.0
2012-10-13 04:00:00,4481.0
2012-10-13 05:00:00,3911.0
2012-10-13 06:00:00,3927.0
2012-10-13 07:00:00,4327.0
2012-10-13 08:00:00,4387.0
2012-10-13 09:00:00,10072.0
2012-10-13 10:00:00,15135.0
2012-10-13 11:00:00,15895.0
2012-10-13 12:00:00,16477.0
2012-10-13 13:00:00,16659.0
2012-10-13 14:00:00,16832.0
2012-10-13 15:00:00,16806.0
2012-10-13 16:00:00,16905.0
2012-10-13 17:00:00,16844.0
2012-10-13 18:00:00,17075.0
2012-10-13 19:00:00,18305.0
2012-10-13 20:00:00,18418.0
2012-10-13 21:00:00,18262.0
2012-10-13 22:00:00,17403.0
2012-10-13 23:00:00,13619.0
2012-10-14 00:00:00,9652.0
2012-10-14 01:00:00,5140.0
2012-10-14 02:00:00,4799.0
2012-10-14 03:00:00,4376.0
2012-10-14 04:00:00,4328.0
2012-10-14 05:00:00,4349.0
2012-10-14 06:00:00,4318.0
2012-10-14 07:00:00,4679.0
2012-10-14 08:00:00,5867.0
2012-10-14 09:00:00,13520.0
2012-10-14 10:00:00,18617.0
2012-10-14 11:00:00,21503.0
2012-10-14 12:00:00,22517.0
2012-10-14 13:00:00,22455.0
2012-10-14 14:00:00,22073.0
2012-10-14 15:00:00,22119.0
2012-10-14 16:00:00,22381.0
2012-10-14 17:00:00,23266.0
2012-10-14 18:00:00,23613.0
2012-10-14 19:00:00,23298.0
2012-10-14 20:00:00,20486.0
2012-10-14 21:00:00,20077.0
2012-10-14 22:00:00,19021.0
2012-10-14 23:00:00,16871.0
2012-10-15 00:00:00,10332.0
2012-10-15 01:00:00,5080.0
2012-10-15 02:00:00,4713.0
2012-10-15 03:00:00,4236.0
2012-10-15 04:00:00,4061.0
2012-10-15 05:00:00,4050.0
2012-10-15 06:00:00,4079.0
2012-10-15 07:00:00,5797.0
2012-10-15 08:00:00,6936.0
2012-10-15 09:00:00,9993.0
2012-10-15 10:00:00,13822.0
2012-10-15 11:00:00,14978.0
2012-10-15 12:00:00,15492.0
2012-10-15 13:00:00,15408.0
2012-10-15 14:00:00,15646.0
2012-10-15 15:00:00,15621.0
2012-10-15 16:00:00,15583.0
2012-10-15 17:00:00,15753.0
2012-10-15 18:00:00,15879.0
2012-10-15 19:00:00,16935.0
2012-10-15 20:00:00,16452.0
2012-10-15 21:00:00,16258.0
2012-10-15 22:00:00,15956.0
2012-10-15 23:00:00,13983.0
2012-10-16 00:00:00,10075.0
2012-10-16 01:00:00,5204.0
2012-10-16 02:00:00,4832.0
2012-10-16 03:00:00,4287.0
2012-10-16 04:00:00,4096.0
2012-10-16 05:00:00,4004.0
2012-10-16 06:00:00,4025.0
2012-10-16 07:00:00,5870.0
2012-10-16 08:00:00,6591.0
2012-10-16 09:00:00,9347.0
2012-10-16 10:00:00,13063.0
2012-10-16 11:00:00,14070.0
2012-10-16 12:00:00,15410.0
2012-10-16 13:00:00,15750.0
2012-10-16 14:00:00,15658.0
2012-10-16 15:00:00,15729.0
2012-10-16 16:00:00,15504.0
2012-10-16 17:00:00,15514.0
2012-10-16 18:00:00,16391.0
2012-10-16 19:00:00,17307.0
2012-10-16 20:00:00,17171.0
2012-10-16 21:00:00,16986.0
2012-10-16 22:00:00,16628.0
2012-10-16 23:00:00,13820.0
2012-10-17 00:00:00,9737.0
2012-10-17 01:00:00,4730.0
2012-10-17 02:00:00,3785.0
2012-10-17 03:00:00,5760.0
2012-10-17 04:00:00,5634.0
2012-10-17 05:00:00,4896.0
2012-10-17 06:00:00,4305.0
2012-10-17 07:00:00,5587.0
2012-10-17 08:00:00,6592.0
2012-10-17 09:00:00,9530.0
2012-10-17 10:00:00,14364.0
2012-10-17 11:00:00,15493.0
2012-10-17 12:00:00,15579.0
2012-10-17 13:00:00,15745.0
2012-10-17 14:00:00,16232.0
2012-10-17 15:00:00,16306.0
2012-10-17 16:00:00,16294.0
2012-10-17 17:00:00,16351.0
2012-10-17 18:00:00,16517.0
2012-10-17 19:00:00,17053.0
2012-10-17 20:00:00,17438.0
2012-10-17 21:00:00,16910.0
2012-10-17 22:00:00,16749.0
2012-10-17 23:00:00,13915.0
2012-10-18 00:00:00,10547.0
2012-10-18 01:00:00,6141.0
2012-10-18 02:00:00,5947.0
2012-10-18 03:00:00,5872.0
2012-10-18 04:00:00,5876.0
2012-10-18 05:00:00,5905.0
2012-10-18 06:00:00,5705.0
2012-10-18 07:00:00,5830.0
2012-10-18 08:00:00,6432.0
2012-10-18 09:00:00,8661.0
2012-10-18 10:00:00,13281.0
2012-10-18 11:00:00,16209.0
2012-10-18 12:00:00,16232.0
2012-10-18 13:00:00,15858.0
2012-10-18 14:00:00,14820.0
2012-10-18 15:00:00,15267.0
2012-10-18 16:00:00,15338.0
2012-10-18 17:00:00,15511.0
2012-10-18 18:00:00,15866.0
2012-10-18 19:00:00,15827.0
2012-10-18 20:00:00,14997.0
2012-10-18 21:00:00,14947.0
2012-10-18 22:00:00,14578.0
2012-10-18 23:00:00,12212.0
2012-10-19 00:00:00,10440.0
2012-10-19 01:00:00,5569.0
2012-10-19 02:00:00,5562.0
2012-10-19 03:00:00,4979.0
2012-10-19 04:00:00,4914.0
2012-10-19 05:00:00,4929.0
2012-10-19 06:00:00,4833.0
2012-10-19 07:00:00,6251.0
2012-10-19 08:00:00,6150.0
2012-10-19 09:00:00,9347.0
2012-10-19 10:00:00,12336.0
2012-10-19 11:00:00,13166.0
2012-10-19 12:00:00,13840.0
2012-10-19 13:00:00,14391.0
2012-10-19 14:00:00,14313.0
2012-10-19 15:00:00,14672.0
2012-10-19 16:00:00,14369.0
2012-10-19 17:00:00,14387.0
2012-10-19 18:00:00,15675.0
2012-10-19 19:00:00,15961.0
2012-10-19 20:00:00,15705.0
2012-10-19 21:00:00,15650.0
2012-10-19 22:00:00,15257.0
2012-10-19 23:00:00,12598.0
2012-10-20 00:00:00,10593.0
2012-10-20 01:00:00,5445.0
2012-10-20 02:00:00,5226.0
2012-10-20 03:00:00,4816.0
2012-10-20 04:00:00,4692.0
2012-10-20 05:00:00,4719.0
2012-10-20 06:00:00,4656.0
2012-10-20 07:00:00,5028.0
2012-10-20 08:00:00,4769.0
2012-10-20 09:00:00,9096.0
2012-10-20 10:00:00,12218.0
2012-10-20 11:00:00,12797.0
2012-10-20 12:00:00,12952.0
2012-10-20 13:00:00,13474.0
2012-10-20 14:00:00,13396.0
2012-10-20 15:00:00,13369.0
2012-10-20 16:00:00,13694.0
2012-10-20 17:00:00,13658.0
2012-10-20 18:00:00,14155.0
2012-10-20 19:00:00,15161.0
2012-10-20 20:00:00,15383.0
2012-10-20 21:00:00,15195.0
2012-10-20 22:00:00,14393.0
2012-10-20 23:00:00,11298.0
2012-10-21 00:00:00,9196.0
2012-10-21 01:00:00,5369.0
2012-10-21 02:00:00,4928.0
2012-10-21 03:00:00,4495.0
2012-10-21 04:00:00,4408.0
2012-10-21 05:00:00,4499.0
2012-10-21 06:00:00,4477.0
2012-10-21 07:00:00,4674.0
2012-10-21 08:00:00,4614.0
2012-10-21 09:00:00,7547.0
2012-10-21 10:00:00,16670.0
2012-10-21 11:00:00,16762.0
2012-10-21 12:00:00,17143.0
2012-10-21 13:00:00,17406.0
2012-10-21 14:00:00,18014.0
2012-10-21 15:00:00,18433.0
2012-10-21 16:00:00,21143.0
2012-10-21 17:00:00,22203.0
2012-10-21 18:00:00,21564.0
2012-10-21 19:00:00,20486.0
2012-10-21 20:00:00,20590.0
2012-10-21 21:00:00,20397.0
2012-10-21 22:00:00,20193.0
2012-10-21 23:00:00,14979.0
2012-10-22 00:00:00,9246.0
2012-10-22 01:00:00,5514.0
2012-10-22 02:00:00,5324.0
2012-10-22 03:00:00,4781.0
2012-10-22 04:00:00,4650.0
2012-10-22 05:00:00,4568.0
2012-10-22 06:00:00,4563.0
2012-10-22 07:00:00,7083.0
2012-10-22 08:00:00,8119.0
2012-10-22 09:00:00,10362.0
2012-10-22 10:00:00,14571.0
2012-10-22 11:00:00,15499.0
2012-10-22 12:00:00,15881.0
2012-10-22 13:00:00,15958.0
2012-10-22 14:00:00,15796.0
2012-10-22 15:00:00,15735.0
2012-10-22 16:00:00,15757.0
2012-10-22 17:00:00,15777.0
2012-10-22 18:00:00,16370.0
2012-10-22 19:00:00,17182.0
2012-10-22 20:00:00,17144.0
2012-10-22 21:00:00,17013.0
2012-10-22 22:00:00,16682.0
2012-10-22 23:00:00,13829.0
2012-10-23 00:00:00,10111.0
2012-10-23 01:00:00,4625.0
2012-10-23 02:00:00,3928.0
2012-10-23 03:00:00,3546.0
2012-10-23 04:00:00,4330.0
2012-10-23 05:00:00,4499.0
2012-10-23 06:00:00,4450.0
2012-10-23 07:00:00,5858.0
2012-10-23 08:00:00,6391.0
2012-10-23 09:00:00,9721.0
2012-10-23 10:00:00,14574.0
2012-10-23 11:00:00,15633.0
2012-10-23 12:00:00,15867.0
2012-10-23 13:00:00,16076.0
2012-10-23 14:00:00,15984.0
2012-10-23 15:00:00,15964.0
2012-10-23 16:00:00,15899.0
2012-10-23 17:00:00,15932.0
2012-10-23 18:00:00,17273.0
2012-10-23 19:00:00,17483.0
2012-10-23 20:00:00,17488.0
2012-10-23 21:00:00,17310.0
2012-10-23 22:00:00,16956.0
2012-10-23 23:00:00,14251.0
2012-10-24 00:00:00,10380.0
2012-10-24 01:00:00,5088.0
2012-10-24 02:00:00,4838.0
2012-10-24 03:00:00,4642.0
2012-10-24 04:00:00,4566.0
2012-10-24 05:00:00,4577.0
2012-10-24 06:00:00,4337.0
2012-10-24 07:00:00,6087.0
2012-10-24 08:00:00,6358.0
2012-10-24 09:00:00,9343.0
2012-10-24 10:00:00,14156.0
2012-10-24 11:00:00,15038.0
2012-10-24 12:00:00,15699.0
2012-10-24 13:00:00,16044.0
2012-10-24 14:00:00,15974.0
2012-10-24 15:00:00,15967.0
2012-10-24 16:00:00,15933.0
2012-10-24 17:00:00,15888.0
2012-10-24 18:00:00,16953.0
2012-10-24 19:00:00,17282.0
2012-10-24 20:00:00,17261.0
2012-10-24 21:00:00,16929.0
2012-10-24 22:00:00,16569.0
2012-10-24 23:00:00,13717.0
2012-10-25 00:00:00,10141.0
2012-10-25 01:00:00,5096.0
2012-10-25 02:00:00,4973.0
2012-10-25 03:00:00,4610.0
2012-10-25 04:00:00,4451.0
2012-10-25 05:00:00,4554.0
2012-10-25 06:00:00,4440.0
2012-10-25 07:00:00,5863.0
2012-10-25 08:00:00,6847.0
2012-10-25 09:00:00,10440.0
2012-10-25 10:00:00,14151.0
2012-10-25 11:00:00,14923.0
2012-10-25 12:00:00,15412.0
2012-10-25 13:00:00,15764.0
2012-10-25 14:00:00,15883.0
2012-10-25 15:00:00,15940.0
2012-10-25 16:00:00,15957.0
2012-10-25 17:00:00,15713.0
2012-10-25 18:00:00,16081.0
2012-10-25 19:00:00,16849.0
2012-10-25 20:00:00,16944.0
2012-10-25 21:00:00,16821.0
2012-10-25 22:00:00,16462.0
2012-10-25 23:00:00,13385.0
2012-10-26 00:00:00,9712.0
2012-10-26 01:00:00,5324.0
2012-10-26 02:00:00,5315.0
2012-10-26 03:00:00,4836.0
2012-10-26 04:00:00,4673.0
2012-10-26 05:00:00,4496.0
2012-10-26 06:00:00,4455.0
2012-10-26 07:00:00,6834.0
2012-10-26 08:00:00,7463.0
2012-10-26 09:00:00,10063.0
2012-10-26 10:00:00,13874.0
2012-10-26 11:00:00,14820.0
2012-10-26 12:00:00,14777.0
2012-10-26 13:00:00,14088.0
2012-10-26 14:00:00,16363.0
2012-10-26 15:00:00,18251.0
2012-10-26 16:00:00,17882.0
2012-10-26 17:00:00,17593.0
2012-10-26 18:00:00,18386.0
2012-10-26 19:00:00,18867.0
2012-10-26 20:00:00,18805.0
2012-10-26 21:00:00,18702.0
2012-10-26 22:00:00,18249.0
2012-10-26 23:00:00,14067.0
2012-10-27 00:00:00,9234.0
2012-10-27 01:00:00,5161.0
2012-10-27 02:00:00,4927.0
2012-10-27 03:00:00,4410.0
2012-10-27 04:00:00,4355.0
2012-10-27 05:00:00,4374.0
2012-10-27 06:00:00,4347.0
2012-10-27 07:00:00,4676.0
2012-10-27 08:00:00,4682.0
2012-10-27 09:00:00,9430.0
2012-10-27 10:00:00,16471.0
2012-10-27 11:00:00,17444.0
2012-10-27 12:00:00,17506.0
2012-10-27 13:00:00,17530.0
2012-10-27 14:00:00,18910.0
2012-10-27 15:00:00,20448.0
2012-10-27 16:00:00,20363.0
2012-10-27 17:00:00,20060.0
2012-10-27 18:00:00,20389.0
2012-10-27 19:00:00,21397.0
2012-10-27 20:00:00,21260.0
2012-10-27 21:00:00,21081.0
2012-10-27 22:00:00,20335.0
2012-10-27 23:00:00,15064.0
2012-10-28 00:00:00,8491.0
2012-10-28 01:00:00,11256.0
2012-10-28 02:00:00,4581.0
2012-10-28 03:00:00,4211.0
2012-10-28 04:00:00,4082.0
2012-10-28 05:00:00,4212.0
2012-10-28 06:00:00,4171.0
2012-10-28 07:00:00,4560.0
2012-10-28 08:00:00,4638.0
2012-10-28 09:00:00,13579.0
2012-10-28 10:00:00,15427.0
2012-10-28 11:00:00,16152.0
2012-10-28 12:00:00,16697.0
2012-10-28 13:00:00,17220.0
2012-10-28 14:00:00,17499.0
2012-10-28 15:00:00,17503.0
2012-10-28 16:00:00,17568.0
2012-10-28 17:00:00,17726.0
2012-10-28 18:00:00,18736.0
2012-10-28 19:00:00,18412.0
2012-10-28 20:00:00,17946.0
2012-10-28 21:00:00,17697.0
2012-10-28 22:00:00,17274.0
2012-10-28 23:00:00,13461.0
2012-10-29 00:00:00,8683.0
2012-10-29 01:00:00,5049.0
2012-10-29 02:00:00,4903.0
2012-10-29 03:00:00,4446.0
2012-10-29 04:00:00,4437.0
2012-10-29 05:00:00,4426.0
2012-10-29 06:00:00,4425.0
2012-10-29 07:00:00,5734.0
2012-10-29 08:00:00,6121.0
2012-10-29 09:00:00,9978.0
2012-10-29 10:00:00,12922.0
2012-10-29 11:00:00,13729.0
2012-10-29 12:00:00,13903.0
2012-10-29 13:00:00,14083.0
2012-10-29 14:00:00,13987.0
2012-10-29 15:00:00,14052.0
2012-10-29 16:00:00,15083.0
2012-10-29 17:00:00,14850.0
2012-10-29 18:00:00,15925.0
2012-10-29 19:00:00,15866.0
2012-10-29 20:00:00,15560.0
2012-10-29 21:00:00,15425.0
2012-10-29 22:00:00,15176.0
2012-10-29 23:00:00,12354.0
2012-10-30 00:00:00,9660.0
2012-10-30 01:00:00,5253.0
2012-10-30 02:00:00,5137.0
2012-10-30 03:00:00,4641.0
2012-10-30 04:00:00,4404.0
2012-10-30 05:00:00,4375.0
2012-10-30 06:00:00,4300.0
2012-10-30 07:00:00,5778.0
2012-10-30 08:00:00,6153.0
2012-10-30 09:00:00,9779.0
2012-10-30 10:00:00,12750.0
2012-10-30 11:00:00,13571.0
2012-10-30 12:00:00,13785.0
2012-10-30 13:00:00,13809.0
2012-10-30 14:00:00,16274.0
2012-10-30 15:00:00,16236.0
2012-10-30 16:00:00,16254.0
2012-10-30 17:00:00,16522.0
2012-10-30 18:00:00,16477.0
2012-10-30 19:00:00,15213.0
2012-10-30 20:00:00,15118.0
2012-10-30 21:00:00,15040.0
2012-10-30 22:00:00,14784.0
2012-10-30 23:00:00,12181.0
2012-10-31 00:00:00,9409.0
2012-10-31 01:00:00,4937.0
2012-10-31 02:00:00,4726.0
2012-10-31 03:00:00,4208.0
2012-10-31 04:00:00,4119.0
2012-10-31 05:00:00,4034.0
2012-10-31 06:00:00,4091.0
2012-10-31 07:00:00,5503.0
2012-10-31 08:00:00,6857.0
2012-10-31 09:00:00,9734.0
2012-10-31 10:00:00,12943.0
2012-10-31 11:00:00,13538.0
2012-10-31 12:00:00,13764.0
2012-10-31 13:00:00,13846.0
2012-10-31 14:00:00,13815.0
2012-10-31 15:00:00,14755.0
2012-10-31 16:00:00,14628.0
2012-10-31 17:00:00,15717.0
2012-10-31 18:00:00,16220.0
2012-10-31 19:00:00,15480.0
2012-10-31 20:00:00,15671.0
2012-10-31 21:00:00,15425.0
2012-10-31 22:00:00,15057.0
2012-10-31 23:00:00,12331.0
2012-11-01 00:00:00,9847.0
2012-11-01 01:00:00,4823.0
2012-11-01 02:00:00,4576.0
2012-11-01 03:00:00,4185.0
2012-11-01 04:00:00,4001.0
2012-11-01 05:00:00,4010.0
2012-11-01 06:00:00,4043.0
2012-11-01 07:00:00,4457.0
2012-11-01 08:00:00,4369.0
2012-11-01 09:00:00,10958.0
2012-11-01 10:00:00,15040.0
2012-11-01 11:00:00,17292.0
2012-11-01 12:00:00,16888.0
2012-11-01 13:00:00,16582.0
2012-11-01 14:00:00,16379.0
2012-11-01 15:00:00,16246.0
2012-11-01 16:00:00,16643.0
2012-11-01 17:00:00,17136.0
2012-11-01 18:00:00,18461.0
2012-11-01 19:00:00,18431.0
2012-11-01 20:00:00,18307.0
2012-11-01 21:00:00,18124.0
2012-11-01 22:00:00,17825.0
2012-11-01 23:00:00,14130.0
2012-11-02 00:00:00,8477.0
2012-11-02 01:00:00,4974.0
2012-11-02 02:00:00,4771.0
2012-11-02 03:00:00,4276.0
2012-11-02 04:00:00,4153.0
2012-11-02 05:00:00,4199.0
2012-11-02 06:00:00,4207.0
2012-11-02 07:00:00,5585.0
2012-11-02 08:00:00,6412.0
2012-11-02 09:00:00,9803.0
2012-11-02 10:00:00,13837.0
2012-11-02 11:00:00,15309.0
2012-11-02 12:00:00,15430.0
2012-11-02 13:00:00,15460.0
2012-11-02 14:00:00,15850.0
2012-11-02 15:00:00,16015.0
2012-11-02 16:00:00,16272.0
2012-11-02 17:00:00,16553.0
2012-11-02 18:00:00,17158.0
2012-11-02 19:00:00,17273.0
2012-11-02 20:00:00,17136.0
2012-11-02 21:00:00,16777.0
2012-11-02 22:00:00,16438.0
2012-11-02 23:00:00,13005.0
2012-11-03 00:00:00,9366.0
2012-11-03 01:00:00,4983.0
2012-11-03 02:00:00,4724.0
2012-11-03 03:00:00,4233.0
2012-11-03 04:00:00,4127.0
2012-11-03 05:00:00,4072.0
2012-11-03 06:00:00,4023.0
2012-11-03 07:00:00,4231.0
2012-11-03 08:00:00,4349.0
2012-11-03 09:00:00,8629.0
2012-11-03 10:00:00,14977.0
2012-11-03 11:00:00,15314.0
2012-11-03 12:00:00,15184.0
2012-11-03 13:00:00,15187.0
2012-11-03 14:00:00,15293.0
2012-11-03 15:00:00,15356.0
2012-11-03 16:00:00,15516.0
2012-11-03 17:00:00,16511.0
2012-11-03 18:00:00,17546.0
2012-11-03 19:00:00,17560.0
2012-11-03 20:00:00,17431.0
2012-11-03 21:00:00,17284.0
2012-11-03 22:00:00,22229.0
2012-11-03 23:00:00,22114.0
2012-11-04 00:00:00,12992.0
2012-11-04 01:00:00,4876.0
2012-11-04 02:00:00,5037.0
2012-11-04 03:00:00,4645.0
2012-11-04 04:00:00,4465.0
2012-11-04 05:00:00,4247.0
2012-11-04 06:00:00,4029.0
2012-11-04 07:00:00,4321.0
2012-11-04 08:00:00,4422.0
2012-11-04 09:00:00,7962.0
2012-11-04 10:00:00,16476.0
2012-11-04 11:00:00,17102.0
2012-11-04 12:00:00,17292.0
2012-11-04 13:00:00,17648.0
2012-11-04 14:00:00,17617.0
2012-11-04 15:00:00,17493.0
2012-11-04 16:00:00,17766.0
2012-11-04 17:00:00,18083.0
2012-11-04 18:00:00,18425.0
2012-11-04 19:00:00,18464.0
2012-11-04 20:00:00,18181.0
2012-11-04 21:00:00,18052.0
2012-11-04 22:00:00,17692.0
2012-11-04 23:00:00,14457.0
2012-11-05 00:00:00,9010.0
2012-11-05 01:00:00,4807.0
2012-11-05 02:00:00,4652.0
2012-11-05 03:00:00,4210.0
2012-11-05 04:00:00,4083.0
2012-11-05 05:00:00,4037.0
2012-11-05 06:00:00,4073.0
2012-11-05 07:00:00,5435.0
2012-11-05 08:00:00,6520.0
2012-11-05 09:00:00,9579.0
2012-11-05 10:00:00,12529.0
2012-11-05 11:00:00,13793.0
2012-11-05 12:00:00,14041.0
2012-11-05 13:00:00,14241.0
2012-11-05 14:00:00,14033.0
2012-11-05 15:00:00,14153.0
2012-11-05 16:00:00,14402.0
2012-11-05 17:00:00,15394.0
2012-11-05 18:00:00,15524.0
2012-11-05 19:00:00,15490.0
2012-11-05 20:00:00,15179.0
2012-11-05 21:00:00,14663.0
2012-11-05 22:00:00,14401.0
2012-11-05 23:00:00,12024.0
2012-11-06 00:00:00,9361.0
2012-11-06 01:00:00,4950.0
2012-11-06 02:00:00,4568.0
2012-11-06 03:00:00,4275.0
2012-11-06 04:00:00,4114.0
2012-11-06 05:00:00,4150.0
2012-11-06 06:00:00,4150.0
2012-11-06 07:00:00,5997.0
2012-11-06 08:00:00,6303.0
2012-11-06 09:00:00,9508.0
2012-11-06 10:00:00,13076.0
2012-11-06 11:00:00,14208.0
2012-11-06 12:00:00,14299.0
2012-11-06 13:00:00,14335.0
2012-11-06 14:00:00,14422.0
2012-11-06 15:00:00,14519.0
2012-11-06 16:00:00,14575.0
2012-11-06 17:00:00,14965.0
2012-11-06 18:00:00,15999.0
2012-11-06 19:00:00,15610.0
2012-11-06 20:00:00,15139.0
2012-11-06 21:00:00,15022.0
2012-11-06 22:00:00,14721.0
2012-11-06 23:00:00,11998.0
2012-11-07 00:00:00,9230.0
2012-11-07 01:00:00,6059.0
2012-11-07 02:00:00,5980.0
2012-11-07 03:00:00,5819.0
2012-11-07 04:00:00,5911.0
2012-11-07 05:00:00,5258.0
2012-11-07 06:00:00,5202.0
2012-11-07 07:00:00,6905.0
2012-11-07 08:00:00,6653.0
2012-11-07 09:00:00,9770.0
2012-11-07 10:00:00,12417.0
2012-11-07 11:00:00,12699.0
2012-11-07 12:00:00,12843.0
2012-11-07 13:00:00,12903.0
2012-11-07 14:00:00,13203.0
2012-11-07 15:00:00,13751.0
2012-11-07 16:00:00,14028.0
2012-11-07 17:00:00,17171.0
2012-11-07 18:00:00,17757.0
2012-11-07 19:00:00,16098.0
2012-11-07 20:00:00,14950.0
2012-11-07 21:00:00,14884.0
2012-11-07 22:00:00,23798.0
2012-11-07 23:00:00,14376.0
2012-11-08 00:00:00,9786.0
2012-11-08 01:00:00,6348.0
2012-11-08 02:00:00,6153.0
2012-11-08 03:00:00,5809.0
2012-11-08 04:00:00,5526.0
2012-11-08 05:00:00,5743.0
2012-11-08 06:00:00,5545.0
2012-11-08 07:00:00,5557.0
2012-11-08 08:00:00,6419.0
2012-11-08 09:00:00,9627.0
2012-11-08 10:00:00,12764.0
2012-11-08 11:00:00,13211.0
2012-11-08 12:00:00,13434.0
2012-11-08 13:00:00,14094.0
2012-11-08 14:00:00,14297.0
2012-11-08 15:00:00,14231.0
2012-11-08 16:00:00,14250.0
2012-11-08 17:00:00,15187.0
2012-11-08 18:00:00,15756.0
2012-11-08 19:00:00,15714.0
2012-11-08 20:00:00,15607.0
2012-11-08 21:00:00,15397.0
2012-11-08 22:00:00,14506.0
2012-11-08 23:00:00,11626.0
2012-11-09 00:00:00,9263.0
2012-11-09 01:00:00,5035.0
2012-11-09 02:00:00,5068.0
2012-11-09 03:00:00,4592.0
2012-11-09 04:00:00,4510.0
2012-11-09 05:00:00,4532.0
2012-11-09 06:00:00,4488.0
2012-11-09 07:00:00,5731.0
2012-11-09 08:00:00,6126.0
2012-11-09 09:00:00,9433.0
2012-11-09 10:00:00,12318.0
2012-11-09 11:00:00,12895.0
2012-11-09 12:00:00,13196.0
2012-11-09 13:00:00,13424.0
2012-11-09 14:00:00,13382.0
2012-11-09 15:00:00,13633.0
2012-11-09 16:00:00,13644.0
2012-11-09 17:00:00,14043.0
2012-11-09 18:00:00,15053.0
2012-11-09 19:00:00,15039.0
2012-11-09 20:00:00,14881.0
2012-11-09 21:00:00,14798.0
2012-11-09 22:00:00,14214.0
2012-11-09 23:00:00,11570.0
2012-11-10 00:00:00,9125.0
2012-11-10 01:00:00,5872.0
2012-11-10 02:00:00,5893.0
2012-11-10 03:00:00,5476.0
2012-11-10 04:00:00,5376.0
2012-11-10 05:00:00,5391.0
2012-11-10 06:00:00,5469.0
2012-11-10 07:00:00,5869.0
2012-11-10 08:00:00,4604.0
2012-11-10 09:00:00,7544.0
2012-11-10 10:00:00,15358.0
2012-11-10 11:00:00,16402.0
2012-11-10 12:00:00,16353.0
2012-11-10 13:00:00,16634.0
2012-11-10 14:00:00,16834.0
2012-11-10 15:00:00,17247.0
2012-11-10 16:00:00,17643.0
2012-11-10 17:00:00,18486.0
2012-11-10 18:00:00,19234.0
2012-11-10 19:00:00,19970.0
2012-11-10 20:00:00,19040.0
2012-11-10 21:00:00,16507.0
2012-11-10 22:00:00,15557.0
2012-11-10 23:00:00,12386.0
2012-11-11 00:00:00,9108.0
2012-11-11 01:00:00,4716.0
2012-11-11 02:00:00,4470.0
2012-11-11 03:00:00,3944.0
2012-11-11 04:00:00,3843.0
2012-11-11 05:00:00,3752.0
2012-11-11 06:00:00,3803.0
2012-11-11 07:00:00,4201.0
2012-11-11 08:00:00,4364.0
2012-11-11 09:00:00,7722.0
2012-11-11 10:00:00,15376.0
2012-11-11 11:00:00,15684.0
2012-11-11 12:00:00,15977.0
2012-11-11 13:00:00,15973.0
2012-11-11 14:00:00,16006.0
2012-11-11 15:00:00,15976.0
2012-11-11 16:00:00,16024.0
2012-11-11 17:00:00,16886.0
2012-11-11 18:00:00,17792.0
2012-11-11 19:00:00,17544.0
2012-11-11 20:00:00,17474.0
2012-11-11 21:00:00,17318.0
2012-11-11 22:00:00,16940.0
2012-11-11 23:00:00,14068.0
2012-11-12 00:00:00,9013.0
2012-11-12 01:00:00,4884.0
2012-11-12 02:00:00,4554.0
2012-11-12 03:00:00,4034.0
2012-11-12 04:00:00,3833.0
2012-11-12 05:00:00,3918.0
2012-11-12 06:00:00,3878.0
2012-11-12 07:00:00,5164.0
2012-11-12 08:00:00,6025.0
2012-11-12 09:00:00,9408.0
2012-11-12 10:00:00,12413.0
2012-11-12 11:00:00,13076.0
2012-11-12 12:00:00,13857.0
2012-11-12 13:00:00,14478.0
2012-11-12 14:00:00,14077.0
2012-11-12 15:00:00,13908.0
2012-11-12 16:00:00,13892.0
2012-11-12 17:00:00,14329.0
2012-11-12 18:00:00,15452.0
2012-11-12 19:00:00,15506.0
2012-11-12 20:00:00,15264.0
2012-11-12 21:00:00,15001.0
2012-11-12 22:00:00,14633.0
2012-11-12 23:00:00,11677.0
2012-11-13 00:00:00,9265.0
2012-11-13 01:00:00,5186.0
2012-11-13 02:00:00,4873.0
2012-11-13 03:00:00,4466.0
2012-11-13 04:00:00,4219.0
2012-11-13 05:00:00,4362.0
2012-11-13 06:00:00,4261.0
2012-11-13 07:00:00,5083.0
2012-11-13 08:00:00,5977.0
2012-11-13 09:00:00,9514.0
2012-11-13 10:00:00,12792.0
2012-11-13 11:00:00,13418.0
2012-11-13 12:00:00,13668.0
2012-11-13 13:00:00,13790.0
2012-11-13 14:00:00,13640.0
2012-11-13 15:00:00,13655.0
2012-11-13 16:00:00,13673.0
2012-11-13 17:00:00,14209.0
2012-11-13 18:00:00,15315.0
2012-11-13 19:00:00,15139.0
2012-11-13 20:00:00,15072.0
2012-11-13 21:00:00,15074.0
2012-11-13 22:00:00,14624.0
2012-11-13 23:00:00,11687.0
2012-11-14 00:00:00,9283.0
2012-11-14 01:00:00,5306.0
2012-11-14 02:00:00,4973.0
2012-11-14 03:00:00,4544.0
2012-11-14 04:00:00,4393.0
2012-11-14 05:00:00,4355.0
2012-11-14 06:00:00,4334.0
2012-11-14 07:00:00,5123.0
2012-11-14 08:00:00,5467.0
2012-11-14 09:00:00,9540.0
2012-11-14 10:00:00,12574.0
2012-11-14 11:00:00,13229.0
2012-11-14 12:00:00,13526.0
2012-11-14 13:00:00,13943.0
2012-11-14 14:00:00,14067.0
2012-11-14 15:00:00,14884.0
2012-11-14 16:00:00,15036.0
2012-11-14 17:00:00,16434.0
2012-11-14 18:00:00,15988.0
2012-11-14 19:00:00,15725.0
2012-11-14 20:00:00,15292.0
2012-11-14 21:00:00,14270.0
2012-11-14 22:00:00,12552.0
2012-11-14 23:00:00,11748.0
2012-11-15 00:00:00,9459.0
2012-11-15 01:00:00,5406.0
2012-11-15 02:00:00,5179.0
2012-11-15 03:00:00,4610.0
2012-11-15 04:00:00,4468.0
2012-11-15 05:00:00,4371.0
2012-11-15 06:00:00,4446.0
2012-11-15 07:00:00,5689.0
2012-11-15 08:00:00,6068.0
2012-11-15 09:00:00,8729.0
2012-11-15 10:00:00,11023.0
2012-11-15 11:00:00,13373.0
2012-11-15 12:00:00,14626.0
2012-11-15 13:00:00,14990.0
2012-11-15 14:00:00,15324.0
2012-11-15 15:00:00,15350.0
2012-11-15 16:00:00,14000.0
2012-11-15 17:00:00,15527.0
2012-11-15 18:00:00,15824.0
2012-11-15 19:00:00,15859.0
2012-11-15 20:00:00,15523.0
2012-11-15 21:00:00,14208.0
2012-11-15 22:00:00,12326.0
2012-11-15 23:00:00,11178.0
2012-11-16 00:00:00,9356.0
2012-11-16 01:00:00,5824.0
2012-11-16 02:00:00,5545.0
2012-11-16 03:00:00,5093.0
2012-11-16 04:00:00,4958.0
2012-11-16 05:00:00,4849.0
2012-11-16 06:00:00,4718.0
2012-11-16 07:00:00,5576.0
2012-11-16 08:00:00,6659.0
2012-11-16 09:00:00,9263.0
2012-11-16 10:00:00,11385.0
2012-11-16 11:00:00,13485.0
2012-11-16 12:00:00,14095.0
2012-11-16 13:00:00,14277.0
2012-11-16 14:00:00,14190.0
2012-11-16 15:00:00,14478.0
2012-11-16 16:00:00,15125.0
2012-11-16 17:00:00,15081.0
2012-11-16 18:00:00,15288.0
2012-11-16 19:00:00,15303.0
2012-11-16 20:00:00,15122.0
2012-11-16 21:00:00,13944.0
2012-11-16 22:00:00,12361.0
2012-11-16 23:00:00,11795.0
2012-11-17 00:00:00,9928.0
2012-11-17 01:00:00,5365.0
2012-11-17 02:00:00,5051.0
2012-11-17 03:00:00,4561.0
2012-11-17 04:00:00,4521.0
2012-11-17 05:00:00,4395.0
2012-11-17 06:00:00,4412.0
2012-11-17 07:00:00,4927.0
2012-11-17 08:00:00,4855.0
2012-11-17 09:00:00,7719.0
2012-11-17 10:00:00,11444.0
2012-11-17 11:00:00,13763.0
2012-11-17 12:00:00,14217.0
2012-11-17 13:00:00,14937.0
2012-11-17 14:00:00,15618.0
2012-11-17 15:00:00,15569.0
2012-11-17 16:00:00,16228.0
2012-11-17 17:00:00,17392.0
2012-11-17 18:00:00,17499.0
2012-11-17 19:00:00,17492.0
2012-11-17 20:00:00,17119.0
2012-11-17 21:00:00,15156.0
2012-11-17 22:00:00,12626.0
2012-11-17 23:00:00,11428.0
2012-11-18 00:00:00,8995.0
2012-11-18 01:00:00,5167.0
2012-11-18 02:00:00,4839.0
2012-11-18 03:00:00,4434.0
2012-11-18 04:00:00,4288.0
2012-11-18 05:00:00,4299.0
2012-11-18 06:00:00,4201.0
2012-11-18 07:00:00,4414.0
2012-11-18 08:00:00,4945.0
2012-11-18 09:00:00,10359.0
2012-11-18 10:00:00,13976.0
2012-11-18 11:00:00,15937.0
2012-11-18 12:00:00,16859.0
2012-11-18 13:00:00,17093.0
2012-11-18 14:00:00,16995.0
2012-11-18 15:00:00,17035.0
2012-11-18 16:00:00,17140.0
2012-11-18 17:00:00,17630.0
2012-11-18 18:00:00,18536.0
2012-11-18 19:00:00,18439.0
2012-11-18 20:00:00,18341.0
2012-11-18 21:00:00,17086.0
2012-11-18 22:00:00,15127.0
2012-11-18 23:00:00,12502.0
2012-11-19 00:00:00,8515.0
2012-11-19 01:00:00,5627.0
2012-11-19 02:00:00,5319.0
2012-11-19 03:00:00,4822.0
2012-11-19 04:00:00,4727.0
2012-11-19 05:00:00,4622.0
2012-11-19 06:00:00,4411.0
2012-11-19 07:00:00,6318.0
2012-11-19 08:00:00,7117.0
2012-11-19 09:00:00,9044.0
2012-11-19 10:00:00,11559.0
2012-11-19 11:00:00,13924.0
2012-11-19 12:00:00,14307.0
2012-11-19 13:00:00,13837.0
2012-11-19 14:00:00,13725.0
2012-11-19 15:00:00,13763.0
2012-11-19 16:00:00,13727.0
2012-11-19 17:00:00,14940.0
2012-11-19 18:00:00,15204.0
2012-11-19 19:00:00,15088.0
2012-11-19 20:00:00,15001.0
2012-11-19 21:00:00,13889.0
2012-11-19 22:00:00,12135.0
2012-11-19 23:00:00,11189.0
2012-11-20 00:00:00,9070.0
2012-11-20 01:00:00,5786.0
2012-11-20 02:00:00,5905.0
2012-11-20 03:00:00,5441.0
2012-11-20 04:00:00,4760.0
2012-11-20 05:00:00,4641.0
2012-11-20 06:00:00,4676.0
2012-11-20 07:00:00,6066.0
2012-11-20 08:00:00,6742.0
2012-11-20 09:00:00,9145.0
2012-11-20 10:00:00,11388.0
2012-11-20 11:00:00,13594.0
2012-11-20 12:00:00,14348.0
2012-11-20 13:00:00,14589.0
2012-11-20 14:00:00,14408.0
2012-11-20 15:00:00,14514.0
2012-11-20 16:00:00,16006.0
2012-11-20 17:00:00,17681.0
2012-11-20 18:00:00,17793.0
2012-11-20 19:00:00,17755.0
2012-11-20 20:00:00,17667.0
2012-11-20 21:00:00,19110.0
2012-11-20 22:00:00,23020.0
2012-11-20 23:00:00,17037.0
2012-11-21 00:00:00,10121.0
2012-11-21 01:00:00,5412.0
2012-11-21 02:00:00,5348.0
2012-11-21 03:00:00,4866.0
2012-11-21 04:00:00,4662.0
2012-11-21 05:00:00,4571.0
2012-11-21 06:00:00,4520.0
2012-11-21 07:00:00,5943.0
2012-11-21 08:00:00,6632.0
2012-11-21 09:00:00,9020.0
2012-11-21 10:00:00,11312.0
2012-11-21 11:00:00,13536.0
2012-11-21 12:00:00,14612.0
2012-11-21 13:00:00,14667.0
2012-11-21 14:00:00,14432.0
2012-11-21 15:00:00,14472.0
2012-11-21 16:00:00,14444.0
2012-11-21 17:00:00,15447.0
2012-11-21 18:00:00,15948.0
2012-11-21 19:00:00,15777.0
2012-11-21 20:00:00,15461.0
2012-11-21 21:00:00,14183.0
2012-11-21 22:00:00,12405.0
2012-11-21 23:00:00,11591.0
2012-11-22 00:00:00,9645.0
2012-11-22 01:00:00,5737.0
2012-11-22 02:00:00,5586.0
2012-11-22 03:00:00,5482.0
2012-11-22 04:00:00,5330.0
2012-11-22 05:00:00,5343.0
2012-11-22 06:00:00,4998.0
2012-11-22 07:00:00,5956.0
2012-11-22 08:00:00,6240.0
2012-11-22 09:00:00,8600.0
2012-11-22 10:00:00,11105.0
2012-11-22 11:00:00,13457.0
2012-11-22 12:00:00,14063.0
2012-11-22 13:00:00,14252.0
2012-11-22 14:00:00,14557.0
2012-11-22 15:00:00,14609.0
2012-11-22 16:00:00,14760.0
2012-11-22 17:00:00,15618.0
2012-11-22 18:00:00,16229.0
2012-11-22 19:00:00,16181.0
2012-11-22 20:00:00,16007.0
2012-11-22 21:00:00,14547.0
2012-11-22 22:00:00,12621.0
2012-11-22 23:00:00,11538.0
2012-11-23 00:00:00,9668.0
2012-11-23 01:00:00,5664.0
2012-11-23 02:00:00,5533.0
2012-11-23 03:00:00,5106.0
2012-11-23 04:00:00,4877.0
2012-11-23 05:00:00,4832.0
2012-11-23 06:00:00,4805.0
2012-11-23 07:00:00,6307.0
2012-11-23 08:00:00,6326.0
2012-11-23 09:00:00,8518.0
2012-11-23 10:00:00,11255.0
2012-11-23 11:00:00,12559.0
2012-11-23 12:00:00,12992.0
2012-11-23 13:00:00,13162.0
2012-11-23 14:00:00,13103.0
2012-11-23 15:00:00,13298.0
2012-11-23 16:00:00,14471.0
2012-11-23 17:00:00,15565.0
2012-11-23 18:00:00,15989.0
2012-11-23 19:00:00,15852.0
2012-11-23 20:00:00,16034.0
2012-11-23 21:00:00,15207.0
2012-11-23 22:00:00,13597.0
2012-11-23 23:00:00,12111.0
2012-11-24 00:00:00,9753.0
2012-11-24 01:00:00,5733.0
2012-11-24 02:00:00,5580.0
2012-11-24 03:00:00,5220.0
2012-11-24 04:00:00,5083.0
2012-11-24 05:00:00,5033.0
2012-11-24 06:00:00,5011.0
2012-11-24 07:00:00,5174.0
2012-11-24 08:00:00,4948.0
2012-11-24 09:00:00,8216.0
2012-11-24 10:00:00,12230.0
2012-11-24 11:00:00,13819.0
2012-11-24 12:00:00,15285.0
2012-11-24 13:00:00,15499.0
2012-11-24 14:00:00,16242.0
2012-11-24 15:00:00,16706.0
2012-11-24 16:00:00,16705.0
2012-11-24 17:00:00,16722.0
2012-11-24 18:00:00,17505.0
2012-11-24 19:00:00,17650.0
2012-11-24 20:00:00,17523.0
2012-11-24 21:00:00,16400.0
2012-11-24 22:00:00,16523.0
2012-11-24 23:00:00,21132.0
2012-11-25 00:00:00,12431.0
2012-11-25 01:00:00,5153.0
2012-11-25 02:00:00,4943.0
2012-11-25 03:00:00,4616.0
2012-11-25 04:00:00,4342.0
2012-11-25 05:00:00,4174.0
2012-11-25 06:00:00,4200.0
2012-11-25 07:00:00,4616.0
2012-11-25 08:00:00,4727.0
2012-11-25 09:00:00,10540.0
2012-11-25 10:00:00,14258.0
2012-11-25 11:00:00,15907.0
2012-11-25 12:00:00,16860.0
2012-11-25 13:00:00,17203.0
2012-11-25 14:00:00,17521.0
2012-11-25 15:00:00,18034.0
2012-11-25 16:00:00,19100.0
2012-11-25 17:00:00,19176.0
2012-11-25 18:00:00,19550.0
2012-11-25 19:00:00,19377.0
2012-11-25 20:00:00,19020.0
2012-11-25 21:00:00,17786.0
2012-11-25 22:00:00,15853.0
2012-11-25 23:00:00,13534.0
2012-11-26 00:00:00,8887.0
2012-11-26 01:00:00,5190.0
2012-11-26 02:00:00,4976.0
2012-11-26 03:00:00,4452.0
2012-11-26 04:00:00,4296.0
2012-11-26 05:00:00,4199.0
2012-11-26 06:00:00,4252.0
2012-11-26 07:00:00,5817.0
2012-11-26 08:00:00,6709.0
2012-11-26 09:00:00,8943.0
2012-11-26 10:00:00,12266.0
2012-11-26 11:00:00,14189.0
2012-11-26 12:00:00,14786.0
2012-11-26 13:00:00,14963.0
2012-11-26 14:00:00,14941.0
2012-11-26 15:00:00,15467.0
2012-11-26 16:00:00,15686.0
2012-11-26 17:00:00,16541.0
2012-11-26 18:00:00,17013.0
2012-11-26 19:00:00,16990.0
2012-11-26 20:00:00,16838.0
2012-11-26 21:00:00,15571.0
2012-11-26 22:00:00,13416.0
2012-11-26 23:00:00,12198.0
2012-11-27 00:00:00,9802.0
2012-11-27 01:00:00,5397.0
2012-11-27 02:00:00,5387.0
2012-11-27 03:00:00,5035.0
2012-11-27 04:00:00,4759.0
2012-11-27 05:00:00,4725.0
2012-11-27 06:00:00,4699.0
2012-11-27 07:00:00,6314.0
2012-11-27 08:00:00,6660.0
2012-11-27 09:00:00,9010.0
2012-11-27 10:00:00,11885.0
2012-11-27 11:00:00,14639.0
2012-11-27 12:00:00,15415.0
2012-11-27 13:00:00,15263.0
2012-11-27 14:00:00,15100.0
2012-11-27 15:00:00,15139.0
2012-11-27 16:00:00,15502.0
2012-11-27 17:00:00,16527.0
2012-11-27 18:00:00,17390.0
2012-11-27 19:00:00,16683.0
2012-11-27 20:00:00,16517.0
2012-11-27 21:00:00,14980.0
2012-11-27 22:00:00,13117.0
2012-11-27 23:00:00,12077.0
2012-11-28 00:00:00,9785.0
2012-11-28 01:00:00,5522.0
2012-11-28 02:00:00,5358.0
2012-11-28 03:00:00,4868.0
2012-11-28 04:00:00,4771.0
2012-11-28 05:00:00,4878.0
2012-11-28 06:00:00,4915.0
2012-11-28 07:00:00,6831.0
2012-11-28 08:00:00,7223.0
2012-11-28 09:00:00,9950.0
2012-11-28 10:00:00,12311.0
2012-11-28 11:00:00,14633.0
2012-11-28 12:00:00,15385.0
2012-11-28 13:00:00,15445.0
2012-11-28 14:00:00,15169.0
2012-11-28 15:00:00,14493.0
2012-11-28 16:00:00,14249.0
2012-11-28 17:00:00,15197.0
2012-11-28 18:00:00,15312.0
2012-11-28 19:00:00,15204.0
2012-11-28 20:00:00,15088.0
2012-11-28 21:00:00,14583.0
2012-11-28 22:00:00,13076.0
2012-11-28 23:00:00,12118.0
2012-11-29 00:00:00,10169.0
2012-11-29 01:00:00,5551.0
2012-11-29 02:00:00,5470.0
2012-11-29 03:00:00,4854.0
2012-11-29 04:00:00,4612.0
2012-11-29 05:00:00,4516.0
2012-11-29 06:00:00,4589.0
2012-11-29 07:00:00,6575.0
2012-11-29 08:00:00,6550.0
2012-11-29 09:00:00,9025.0
2012-11-29 10:00:00,11898.0
2012-11-29 11:00:00,14002.0
2012-11-29 12:00:00,14451.0
2012-11-29 13:00:00,14366.0
2012-11-29 14:00:00,14365.0
2012-11-29 15:00:00,14371.0
2012-11-29 16:00:00,14241.0
2012-11-29 17:00:00,15531.0
2012-11-29 18:00:00,15671.0
2012-11-29 19:00:00,15351.0
2012-11-29 20:00:00,15124.0
2012-11-29 21:00:00,14332.0
2012-11-29 22:00:00,12773.0
2012-11-29 23:00:00,11958.0
2012-11-30 00:00:00,9687.0
2012-11-30 01:00:00,5375.0
2012-11-30 02:00:00,6051.0
2012-11-30 03:00:00,5268.0
2012-11-30 04:00:00,4583.0
2012-11-30 05:00:00,4731.0
2012-11-30 06:00:00,4958.0
2012-11-30 07:00:00,6176.0
2012-11-30 08:00:00,6638.0
2012-11-30 09:00:00,9085.0
2012-11-30 10:00:00,11737.0
2012-11-30 11:00:00,13540.0
2012-11-30 12:00:00,14009.0
2012-11-30 13:00:00,14154.0
2012-11-30 14:00:00,14623.0
2012-11-30 15:00:00,15418.0
2012-11-30 16:00:00,15519.0
2012-11-30 17:00:00,15639.0
2012-11-30 18:00:00,15756.0
2012-11-30 19:00:00,15296.0
2012-11-30 20:00:00,14919.0
2012-11-30 21:00:00,14155.0
2012-11-30 22:00:00,12745.0
2012-11-30 23:00:00,11758.0
2012-12-01 00:00:00,9530.0
2012-12-01 01:00:00,5319.0
2012-12-01 02:00:00,5142.0
2012-12-01 03:00:00,4697.0
2012-12-01 04:00:00,4538.0
2012-12-01 05:00:00,4506.0
2012-12-01 06:00:00,4584.0
2012-12-01 07:00:00,4995.0
2012-12-01 08:00:00,4633.0
2012-12-01 09:00:00,7120.0
2012-12-01 10:00:00,13223.0
2012-12-01 11:00:00,15157.0
2012-12-01 12:00:00,16933.0
2012-12-01 13:00:00,17204.0
2012-12-01 14:00:00,17209.0
2012-12-01 15:00:00,17251.0
2012-12-01 16:00:00,17290.0
2012-12-01 17:00:00,18744.0
2012-12-01 18:00:00,19082.0
2012-12-01 19:00:00,18991.0
2012-12-01 20:00:00,18783.0
2012-12-01 21:00:00,17770.0
2012-12-01 22:00:00,16070.0
2012-12-01 23:00:00,14778.0
2012-12-02 00:00:00,10345.0
2012-12-02 01:00:00,5426.0
2012-12-02 02:00:00,5087.0
2012-12-02 03:00:00,4656.0
2012-12-02 04:00:00,4466.0
2012-12-02 05:00:00,5106.0
2012-12-02 06:00:00,5175.0
2012-12-02 07:00:00,5609.0
2012-12-02 08:00:00,4950.0
2012-12-02 09:00:00,7101.0
2012-12-02 10:00:00,14231.0
2012-12-02 11:00:00,15322.0
2012-12-02 12:00:00,15994.0
2012-12-02 13:00:00,16304.0
2012-12-02 14:00:00,16792.0
2012-12-02 15:00:00,16830.0
2012-12-02 16:00:00,17313.0
2012-12-02 17:00:00,18669.0
2012-12-02 18:00:00,19125.0
2012-12-02 19:00:00,18945.0
2012-12-02 20:00:00,18644.0
2012-12-02 21:00:00,17286.0
2012-12-02 22:00:00,15449.0
2012-12-02 23:00:00,14157.0
2012-12-03 00:00:00,9667.0
2012-12-03 01:00:00,5938.0
2012-12-03 02:00:00,5177.0
2012-12-03 03:00:00,4656.0
2012-12-03 04:00:00,4929.0
2012-12-03 05:00:00,4527.0
2012-12-03 06:00:00,4287.0
2012-12-03 07:00:00,4804.0
2012-12-03 08:00:00,5322.0
2012-12-03 09:00:00,8543.0
2012-12-03 10:00:00,11408.0
2012-12-03 11:00:00,13202.0
2012-12-03 12:00:00,14157.0
2012-12-03 13:00:00,14518.0
2012-12-03 14:00:00,14520.0
2012-12-03 15:00:00,14582.0
2012-12-03 16:00:00,14781.0
2012-12-03 17:00:00,15928.0
2012-12-03 18:00:00,16151.0
2012-12-03 19:00:00,16176.0
2012-12-03 20:00:00,16018.0
2012-12-03 21:00:00,14919.0
2012-12-03 22:00:00,13226.0
2012-12-03 23:00:00,11873.0
2012-12-04 00:00:00,9561.0
2012-12-04 01:00:00,5303.0
2012-12-04 02:00:00,5097.0
2012-12-04 03:00:00,4693.0
2012-12-04 04:00:00,4462.0
2012-12-04 05:00:00,4423.0
2012-12-04 06:00:00,4400.0
2012-12-04 07:00:00,6165.0
2012-12-04 08:00:00,6762.0
2012-12-04 09:00:00,9166.0
2012-12-04 10:00:00,11889.0
2012-12-04 11:00:00,13890.0
2012-12-04 12:00:00,14651.0
2012-12-04 13:00:00,14802.0
2012-12-04 14:00:00,14703.0
2012-12-04 15:00:00,15312.0
2012-12-04 16:00:00,15762.0
2012-12-04 17:00:00,16262.0
2012-12-04 18:00:00,16391.0
2012-12-04 19:00:00,16176.0
2012-12-04 20:00:00,15813.0
2012-12-04 21:00:00,14769.0
2012-12-04 22:00:00,12693.0
2012-12-04 23:00:00,11748.0
2012-12-05 00:00:00,9378.0
2012-12-05 01:00:00,5172.0
2012-12-05 02:00:00,4947.0
2012-12-05 03:00:00,4463.0
2012-12-05 04:00:00,4566.0
2012-12-05 05:00:00,4838.0
2012-12-05 06:00:00,5252.0
2012-12-05 07:00:00,6621.0
2012-12-05 08:00:00,6808.0
2012-12-05 09:00:00,9137.0
2012-12-05 10:00:00,11577.0
2012-12-05 11:00:00,14276.0
2012-12-05 12:00:00,14998.0
2012-12-05 13:00:00,14972.0
2012-12-05 14:00:00,14937.0
2012-12-05 15:00:00,14833.0
2012-12-05 16:00:00,16017.0
2012-12-05 17:00:00,16201.0
2012-12-05 18:00:00,16053.0
2012-12-05 19:00:00,16008.0
2012-12-05 20:00:00,15899.0
2012-12-05 21:00:00,14829.0
2012-12-05 22:00:00,12856.0
2012-12-05 23:00:00,11837.0
2012-12-06 00:00:00,9514.0
2012-12-06 01:00:00,5300.0
2012-12-06 02:00:00,5184.0
2012-12-06 03:00:00,4568.0
2012-12-06 04:00:00,5328.0
2012-12-06 05:00:00,7190.0
2012-12-06 06:00:00,7096.0
2012-12-06 07:00:00,6362.0
2012-12-06 08:00:00,6742.0
2012-12-06 09:00:00,9274.0
2012-12-06 10:00:00,11674.0
2012-12-06 11:00:00,13552.0
2012-12-06 12:00:00,14373.0
2012-12-06 13:00:00,14410.0
2012-12-06 14:00:00,14924.0
2012-12-06 15:00:00,15604.0
2012-12-06 16:00:00,15916.0
2012-12-06 17:00:00,16313.0
2012-12-06 18:00:00,16602.0
2012-12-06 19:00:00,16471.0
2012-12-06 20:00:00,16294.0
2012-12-06 21:00:00,14719.0
2012-12-06 22:00:00,12740.0
2012-12-06 23:00:00,11312.0
2012-12-07 00:00:00,9356.0
2012-12-07 01:00:00,5204.0
2012-12-07 02:00:00,5009.0
2012-12-07 03:00:00,4813.0
2012-12-07 04:00:00,4468.0
2012-12-07 05:00:00,4407.0
2012-12-07 06:00:00,4399.0
2012-12-07 07:00:00,6352.0
2012-12-07 08:00:00,6901.0
2012-12-07 09:00:00,9338.0
2012-12-07 10:00:00,11602.0
2012-12-07 11:00:00,14075.0
2012-12-07 12:00:00,14680.0
2012-12-07 13:00:00,15033.0
2012-12-07 14:00:00,15037.0
2012-12-07 15:00:00,15992.0
2012-12-07 16:00:00,16626.0
2012-12-07 17:00:00,17586.0
2012-12-07 18:00:00,17142.0
2012-12-07 19:00:00,16858.0
2012-12-07 20:00:00,16664.0
2012-12-07 21:00:00,15121.0
2012-12-07 22:00:00,13104.0
2012-12-07 23:00:00,12106.0
2012-12-08 00:00:00,9613.0
2012-12-08 01:00:00,4911.0
2012-12-08 02:00:00,4837.0
2012-12-08 03:00:00,4444.0
2012-12-08 04:00:00,4177.0
2012-12-08 05:00:00,4071.0
2012-12-08 06:00:00,4093.0
2012-12-08 07:00:00,4592.0
2012-12-08 08:00:00,4641.0
2012-12-08 09:00:00,6990.0
2012-12-08 10:00:00,14141.0
2012-12-08 11:00:00,16238.0
2012-12-08 12:00:00,18281.0
2012-12-08 13:00:00,18561.0
2012-12-08 14:00:00,18757.0
2012-12-08 15:00:00,18747.0
2012-12-08 16:00:00,18870.0
2012-12-08 17:00:00,20365.0
2012-12-08 18:00:00,20703.0
2012-12-08 19:00:00,20599.0
2012-12-08 20:00:00,20347.0
2012-12-08 21:00:00,18310.0
2012-12-08 22:00:00,16456.0
2012-12-08 23:00:00,15230.0
2012-12-09 00:00:00,10157.0
2012-12-09 01:00:00,5416.0
2012-12-09 02:00:00,5049.0
2012-12-09 03:00:00,4563.0
2012-12-09 04:00:00,4358.0
2012-12-09 05:00:00,4273.0
2012-12-09 06:00:00,4305.0
2012-12-09 07:00:00,4702.0
2012-12-09 08:00:00,4790.0
2012-12-09 09:00:00,7195.0
2012-12-09 10:00:00,14140.0
2012-12-09 11:00:00,15801.0
2012-12-09 12:00:00,16854.0
2012-12-09 13:00:00,17140.0
2012-12-09 14:00:00,17397.0
2012-12-09 15:00:00,17918.0
2012-12-09 16:00:00,18360.0
2012-12-09 17:00:00,19819.0
2012-12-09 18:00:00,19995.0
2012-12-09 19:00:00,19986.0
2012-12-09 20:00:00,19656.0
2012-12-09 21:00:00,17952.0
2012-12-09 22:00:00,16027.0
2012-12-09 23:00:00,14908.0
2012-12-10 00:00:00,10122.0
2012-12-10 01:00:00,4881.0
2012-12-10 02:00:00,4553.0
2012-12-10 03:00:00,4187.0
2012-12-10 04:00:00,4139.0
2012-12-10 05:00:00,4303.0
2012-12-10 06:00:00,4287.0
2012-12-10 07:00:00,5789.0
2012-12-10 08:00:00,6552.0
2012-12-10 09:00:00,9135.0
2012-12-10 10:00:00,11536.0
2012-12-10 11:00:00,13747.0
2012-12-10 12:00:00,15486.0
2012-12-10 13:00:00,15571.0
2012-12-10 14:00:00,15480.0
2012-12-10 15:00:00,15507.0
2012-12-10 16:00:00,15588.0
2012-12-10 17:00:00,16716.0
2012-12-10 18:00:00,16907.0
2012-12-10 19:00:00,16987.0
2012-12-10 20:00:00,16665.0
2012-12-10 21:00:00,15263.0
2012-12-10 22:00:00,13290.0
2012-12-10 23:00:00,10912.0
2012-12-11 00:00:00,8995.0
2012-12-11 01:00:00,4842.0
2012-12-11 02:00:00,4242.0
2012-12-11 03:00:00,3768.0
2012-12-11 04:00:00,3833.0
2012-12-11 05:00:00,3849.0
2012-12-11 06:00:00,3900.0
2012-12-11 07:00:00,5596.0
2012-12-11 08:00:00,6475.0
2012-12-11 09:00:00,9030.0
2012-12-11 10:00:00,11544.0
2012-12-11 11:00:00,14187.0
2012-12-11 12:00:00,15067.0
2012-12-11 13:00:00,15386.0
2012-12-11 14:00:00,15069.0
2012-12-11 15:00:00,15162.0
2012-12-11 16:00:00,14936.0
2012-12-11 17:00:00,15952.0
2012-12-11 18:00:00,16148.0
2012-12-11 19:00:00,16199.0
2012-12-11 20:00:00,16109.0
2012-12-11 21:00:00,14913.0
2012-12-11 22:00:00,12658.0
2012-12-11 23:00:00,11661.0
2012-12-12 00:00:00,9613.0
2012-12-12 01:00:00,5236.0
2012-12-12 02:00:00,4440.0
2012-12-12 03:00:00,4139.0
2012-12-12 04:00:00,4291.0
2012-12-12 05:00:00,4497.0
2012-12-12 06:00:00,4561.0
2012-12-12 07:00:00,5758.0
2012-12-12 08:00:00,6774.0
2012-12-12 09:00:00,9218.0
2012-12-12 10:00:00,11469.0
2012-12-12 11:00:00,13252.0
2012-12-12 12:00:00,14613.0
2012-12-12 13:00:00,14906.0
2012-12-12 14:00:00,14848.0
2012-12-12 15:00:00,14403.0
2012-12-12 16:00:00,14055.0
2012-12-12 17:00:00,14937.0
2012-12-12 18:00:00,14978.0
2012-12-12 19:00:00,14977.0
2012-12-12 20:00:00,15040.0
2012-12-12 21:00:00,14394.0
2012-12-12 22:00:00,12291.0
2012-12-12 23:00:00,11209.0
2012-12-13 00:00:00,9197.0
2012-12-13 01:00:00,5090.0
2012-12-13 02:00:00,4619.0
2012-12-13 03:00:00,4255.0
2012-12-13 04:00:00,4051.0
2012-12-13 05:00:00,4381.0
2012-12-13 06:00:00,3991.0
2012-12-13 07:00:00,5652.0
2012-12-13 08:00:00,6644.0
2012-12-13 09:00:00,9129.0
2012-12-13 10:00:00,11417.0
2012-12-13 11:00:00,13379.0
2012-12-13 12:00:00,14819.0
2012-12-13 13:00:00,15161.0
2012-12-13 14:00:00,15000.0
2012-12-13 15:00:00,14721.0
2012-12-13 16:00:00,16311.0
2012-12-13 17:00:00,17153.0
2012-12-13 18:00:00,17269.0
2012-12-13 19:00:00,17419.0
2012-12-13 20:00:00,17052.0
2012-12-13 21:00:00,15862.0
2012-12-13 22:00:00,13816.0
2012-12-13 23:00:00,12607.0
2012-12-14 00:00:00,9793.0
2012-12-14 01:00:00,5276.0
2012-12-14 02:00:00,4956.0
2012-12-14 03:00:00,5201.0
2012-12-14 04:00:00,4800.0
2012-12-14 05:00:00,4250.0
2012-12-14 06:00:00,4236.0
2012-12-14 07:00:00,6379.0
2012-12-14 08:00:00,6998.0
2012-12-14 09:00:00,9311.0
2012-12-14 10:00:00,12078.0
2012-12-14 11:00:00,14395.0
2012-12-14 12:00:00,15558.0
2012-12-14 13:00:00,16607.0
2012-12-14 14:00:00,17949.0
2012-12-14 15:00:00,18384.0
2012-12-14 16:00:00,18511.0
2012-12-14 17:00:00,18557.0
2012-12-14 18:00:00,18624.0
2012-12-14 19:00:00,18598.0
2012-12-14 20:00:00,18488.0
2012-12-14 21:00:00,16680.0
2012-12-14 22:00:00,14334.0
2012-12-14 23:00:00,13625.0
2012-12-15 00:00:00,11002.0
2012-12-15 01:00:00,5052.0
2012-12-15 02:00:00,5126.0
2012-12-15 03:00:00,4745.0
2012-12-15 04:00:00,4496.0
2012-12-15 05:00:00,4418.0
2012-12-15 06:00:00,4436.0
2012-12-15 07:00:00,4895.0
2012-12-15 08:00:00,4724.0
2012-12-15 09:00:00,7852.0
2012-12-15 10:00:00,12711.0
2012-12-15 11:00:00,14814.0
2012-12-15 12:00:00,16354.0
2012-12-15 13:00:00,16856.0
2012-12-15 14:00:00,16775.0
2012-12-15 15:00:00,16717.0
2012-12-15 16:00:00,18091.0
2012-12-15 17:00:00,19159.0
2012-12-15 18:00:00,18956.0
2012-12-15 19:00:00,18849.0
2012-12-15 20:00:00,18636.0
2012-12-15 21:00:00,17065.0
2012-12-15 22:00:00,19839.0
2012-12-15 23:00:00,22249.0
2012-12-16 00:00:00,9928.0
2012-12-16 01:00:00,5589.0
2012-12-16 02:00:00,5421.0
2012-12-16 03:00:00,4963.0
2012-12-16 04:00:00,4690.0
2012-12-16 05:00:00,4652.0
2012-12-16 06:00:00,4625.0
2012-12-16 07:00:00,5127.0
2012-12-16 08:00:00,4967.0
2012-12-16 09:00:00,7342.0
2012-12-16 10:00:00,12957.0
2012-12-16 11:00:00,19981.0
2012-12-16 12:00:00,22434.0
2012-12-16 13:00:00,21564.0
2012-12-16 14:00:00,21979.0
2012-12-16 15:00:00,21606.0
2012-12-16 16:00:00,23074.0
2012-12-16 17:00:00,23220.0
2012-12-16 18:00:00,23636.0
2012-12-16 19:00:00,23451.0
2012-12-16 20:00:00,20150.0
2012-12-16 21:00:00,20042.0
2012-12-16 22:00:00,17137.0
2012-12-16 23:00:00,14048.0
2012-12-17 00:00:00,9295.0
2012-12-17 01:00:00,5069.0
2012-12-17 02:00:00,4732.0
2012-12-17 03:00:00,4243.0
2012-12-17 04:00:00,4057.0
2012-12-17 05:00:00,3979.0
2012-12-17 06:00:00,4103.0
2012-12-17 07:00:00,5861.0
2012-12-17 08:00:00,7318.0
2012-12-17 09:00:00,9682.0
2012-12-17 10:00:00,13094.0
2012-12-17 11:00:00,15504.0
2012-12-17 12:00:00,16280.0
2012-12-17 13:00:00,17106.0
2012-12-17 14:00:00,17034.0
2012-12-17 15:00:00,17069.0
2012-12-17 16:00:00,17558.0
2012-12-17 17:00:00,18495.0
2012-12-17 18:00:00,18647.0
2012-12-17 19:00:00,18609.0
2012-12-17 20:00:00,18535.0
2012-12-17 21:00:00,17233.0
2012-12-17 22:00:00,14925.0
2012-12-17 23:00:00,13673.0
2012-12-18 00:00:00,10815.0
2012-12-18 01:00:00,5645.0
2012-12-18 02:00:00,5385.0
2012-12-18 03:00:00,4813.0
2012-12-18 04:00:00,4421.0
2012-12-18 05:00:00,4333.0
2012-12-18 06:00:00,4348.0
2012-12-18 07:00:00,6152.0
2012-12-18 08:00:00,7286.0
2012-12-18 09:00:00,9584.0
2012-12-18 10:00:00,12895.0
2012-12-18 11:00:00,15372.0
2012-12-18 12:00:00,16630.0
2012-12-18 13:00:00,16953.0
2012-12-18 14:00:00,16831.0
2012-12-18 15:00:00,16734.0
2012-12-18 16:00:00,16864.0
2012-12-18 17:00:00,18203.0
2012-12-18 18:00:00,18332.0
2012-12-18 19:00:00,18331.0
2012-12-18 20:00:00,18282.0
2012-12-18 21:00:00,16972.0
2012-12-18 22:00:00,14431.0
2012-12-18 23:00:00,12946.0
2012-12-19 00:00:00,9755.0
2012-12-19 01:00:00,5230.0
2012-12-19 02:00:00,4963.0
2012-12-19 03:00:00,4424.0
2012-12-19 04:00:00,4427.0
2012-12-19 05:00:00,4619.0
2012-12-19 06:00:00,4609.0
2012-12-19 07:00:00,5443.0
2012-12-19 08:00:00,6797.0
2012-12-19 09:00:00,9458.0
2012-12-19 10:00:00,12714.0
2012-12-19 11:00:00,14776.0
2012-12-19 12:00:00,16779.0
2012-12-19 13:00:00,16909.0
2012-12-19 14:00:00,16854.0
2012-12-19 15:00:00,16843.0
2012-12-19 16:00:00,17752.0
2012-12-19 17:00:00,18591.0
2012-12-19 18:00:00,18577.0
2012-12-19 19:00:00,18578.0
2012-12-19 20:00:00,18586.0
2012-12-19 21:00:00,17213.0
2012-12-19 22:00:00,14697.0
2012-12-19 23:00:00,13541.0
2012-12-20 00:00:00,10661.0
2012-12-20 01:00:00,5465.0
2012-12-20 02:00:00,5012.0
2012-12-20 03:00:00,4773.0
2012-12-20 04:00:00,4698.0
2012-12-20 05:00:00,4870.0
2012-12-20 06:00:00,5118.0
2012-12-20 07:00:00,7011.0
2012-12-20 08:00:00,7291.0
2012-12-20 09:00:00,9701.0
2012-12-20 10:00:00,12498.0
2012-12-20 11:00:00,15161.0
2012-12-20 12:00:00,16266.0
2012-12-20 13:00:00,16695.0
2012-12-20 14:00:00,16799.0
2012-12-20 15:00:00,16568.0
2012-12-20 16:00:00,16693.0
2012-12-20 17:00:00,17701.0
2012-12-20 18:00:00,18307.0
2012-12-20 19:00:00,18263.0
2012-12-20 20:00:00,18311.0
2012-12-20 21:00:00,16953.0
2012-12-20 22:00:00,14686.0
2012-12-20 23:00:00,13639.0
2012-12-21 00:00:00,10966.0
2012-12-21 01:00:00,5639.0
2012-12-21 02:00:00,5376.0
2012-12-21 03:00:00,4890.0
2012-12-21 04:00:00,4848.0
2012-12-21 05:00:00,4831.0
2012-12-21 06:00:00,4860.0
2012-12-21 07:00:00,6755.0
2012-12-21 08:00:00,7539.0
2012-12-21 09:00:00,10417.0
2012-12-21 10:00:00,12808.0
2012-12-21 11:00:00,15801.0
2012-12-21 12:00:00,17049.0
2012-12-21 13:00:00,17107.0
2012-12-21 14:00:00,16956.0
2012-12-21 15:00:00,17003.0
2012-12-21 16:00:00,17431.0
2012-12-21 17:00:00,18453.0
2012-12-21 18:00:00,19111.0
2012-12-21 19:00:00,19127.0
2012-12-21 20:00:00,19091.0
2012-12-21 21:00:00,19081.0
2012-12-21 22:00:00,16845.0
2012-12-21 23:00:00,13846.0
2012-12-22 00:00:00,10814.0
2012-12-22 01:00:00,5641.0
2012-12-22 02:00:00,5229.0
2012-12-22 03:00:00,4777.0
2012-12-22 04:00:00,4588.0
2012-12-22 05:00:00,4610.0
2012-12-22 06:00:00,4540.0
2012-12-22 07:00:00,4800.0
2012-12-22 08:00:00,4943.0
2012-12-22 09:00:00,8322.0
2012-12-22 10:00:00,13444.0
2012-12-22 11:00:00,16129.0
2012-12-22 12:00:00,16858.0
2012-12-22 13:00:00,16687.0
2012-12-22 14:00:00,16788.0
2012-12-22 15:00:00,16764.0
2012-12-22 16:00:00,18275.0
2012-12-22 17:00:00,18615.0
2012-12-22 18:00:00,18428.0
2012-12-22 19:00:00,18509.0
2012-12-22 20:00:00,18393.0
2012-12-22 21:00:00,18175.0
2012-12-22 22:00:00,16328.0
2012-12-22 23:00:00,13049.0
2012-12-23 00:00:00,9638.0
2012-12-23 01:00:00,5136.0
2012-12-23 02:00:00,4797.0
2012-12-23 03:00:00,4309.0
2012-12-23 04:00:00,4197.0
2012-12-23 05:00:00,4132.0
2012-12-23 06:00:00,4162.0
2012-12-23 07:00:00,4616.0
2012-12-23 08:00:00,4780.0
2012-12-23 09:00:00,12045.0
2012-12-23 10:00:00,13897.0
2012-12-23 11:00:00,16735.0
2012-12-23 12:00:00,18282.0
2012-12-23 13:00:00,18393.0
2012-12-23 14:00:00,18515.0
2012-12-23 15:00:00,18733.0
2012-12-23 16:00:00,18819.0
2012-12-23 17:00:00,20286.0
2012-12-23 18:00:00,20380.0
2012-12-23 19:00:00,20415.0
2012-12-23 20:00:00,20482.0
2012-12-23 21:00:00,20429.0
2012-12-23 22:00:00,18713.0
2012-12-23 23:00:00,16072.0
2012-12-24 00:00:00,9720.0
2012-12-24 01:00:00,5501.0
2012-12-24 02:00:00,5016.0
2012-12-24 03:00:00,4666.0
2012-12-24 04:00:00,4535.0
2012-12-24 05:00:00,4544.0
2012-12-24 06:00:00,4535.0
2012-12-24 07:00:00,6248.0
2012-12-24 08:00:00,7031.0
2012-12-24 09:00:00,10103.0
2012-12-24 10:00:00,13152.0
2012-12-24 11:00:00,15213.0
2012-12-24 12:00:00,16200.0
2012-12-24 13:00:00,16488.0
2012-12-24 14:00:00,16491.0
2012-12-24 15:00:00,16510.0
2012-12-24 16:00:00,17226.0
2012-12-24 17:00:00,17935.0
2012-12-24 18:00:00,17285.0
2012-12-24 19:00:00,11176.0
2012-12-24 20:00:00,8116.0
2012-12-24 21:00:00,7639.0
2012-12-24 22:00:00,7002.0
2012-12-24 23:00:00,6811.0
2012-12-25 00:00:00,6406.0
2012-12-25 01:00:00,4386.0
2012-12-25 02:00:00,4044.0
2012-12-25 03:00:00,4026.0
2012-12-25 04:00:00,4030.0
2012-12-25 05:00:00,3976.0
2012-12-25 06:00:00,3996.0
2012-12-25 07:00:00,3881.0
2012-12-25 08:00:00,3951.0
2012-12-25 09:00:00,4841.0
2012-12-25 10:00:00,4705.0
2012-12-25 11:00:00,4569.0
2012-12-25 12:00:00,4602.0
2012-12-25 13:00:00,4654.0
2012-12-25 14:00:00,4699.0
2012-12-25 15:00:00,4722.0
2012-12-25 16:00:00,4669.0
2012-12-25 17:00:00,5324.0
2012-12-25 18:00:00,5566.0
2012-12-25 19:00:00,5598.0
2012-12-25 20:00:00,5613.0
2012-12-25 21:00:00,5581.0
2012-12-25 22:00:00,5248.0
2012-12-25 23:00:00,5126.0
2012-12-26 00:00:00,4898.0
2012-12-26 01:00:00,4063.0
2012-12-26 02:00:00,3800.0
2012-12-26 03:00:00,3734.0
2012-12-26 04:00:00,3708.0
2012-12-26 05:00:00,3678.0
2012-12-26 06:00:00,3625.0
2012-12-26 07:00:00,5486.0
2012-12-26 08:00:00,6960.0
2012-12-26 09:00:00,9288.0
2012-12-26 10:00:00,11997.0
2012-12-26 11:00:00,14090.0
2012-12-26 12:00:00,15001.0
2012-12-26 13:00:00,15216.0
2012-12-26 14:00:00,15709.0
2012-12-26 15:00:00,15812.0
2012-12-26 16:00:00,15943.0
2012-12-26 17:00:00,16672.0
2012-12-26 18:00:00,17405.0
2012-12-26 19:00:00,17474.0
2012-12-26 20:00:00,17219.0
2012-12-26 21:00:00,15980.0
2012-12-26 22:00:00,14067.0
2012-12-26 23:00:00,13095.0
2012-12-27 00:00:00,10361.0
2012-12-27 01:00:00,4969.0
2012-12-27 02:00:00,4772.0
2012-12-27 03:00:00,4303.0
2012-12-27 04:00:00,3992.0
2012-12-27 05:00:00,3990.0
2012-12-27 06:00:00,3997.0
2012-12-27 07:00:00,6000.0
2012-12-27 08:00:00,6528.0
2012-12-27 09:00:00,8874.0
2012-12-27 10:00:00,11374.0
2012-12-27 11:00:00,14529.0
2012-12-27 12:00:00,15533.0
2012-12-27 13:00:00,15738.0
2012-12-27 14:00:00,15998.0
2012-12-27 15:00:00,16117.0
2012-12-27 16:00:00,16011.0
2012-12-27 17:00:00,17014.0
2012-12-27 18:00:00,17628.0
2012-12-27 19:00:00,17571.0
2012-12-27 20:00:00,17643.0
2012-12-27 21:00:00,16139.0
2012-12-27 22:00:00,14039.0
2012-12-27 23:00:00,12556.0
2012-12-28 00:00:00,9934.0
2012-12-28 01:00:00,5418.0
2012-12-28 02:00:00,5098.0
2012-12-28 03:00:00,4591.0
2012-12-28 04:00:00,4293.0
2012-12-28 05:00:00,4266.0
2012-12-28 06:00:00,4216.0
2012-12-28 07:00:00,6010.0
2012-12-28 08:00:00,6587.0
2012-12-28 09:00:00,9024.0
2012-12-28 10:00:00,12060.0
2012-12-28 11:00:00,14057.0
2012-12-28 12:00:00,14893.0
2012-12-28 13:00:00,15637.0
2012-12-28 14:00:00,16104.0
2012-12-28 15:00:00,16424.0
2012-12-28 16:00:00,16638.0
2012-12-28 17:00:00,17458.0
2012-12-28 18:00:00,17594.0
2012-12-28 19:00:00,17624.0
2012-12-28 20:00:00,17637.0
2012-12-28 21:00:00,16425.0
2012-12-28 22:00:00,14261.0
2012-12-28 23:00:00,12893.0
2012-12-29 00:00:00,10049.0
2012-12-29 01:00:00,5229.0
2012-12-29 02:00:00,4777.0
2012-12-29 03:00:00,4544.0
2012-12-29 04:00:00,4420.0
2012-12-29 05:00:00,4392.0
2012-12-29 06:00:00,4403.0
2012-12-29 07:00:00,4514.0
2012-12-29 08:00:00,4635.0
2012-12-29 09:00:00,7916.0
2012-12-29 10:00:00,11780.0
2012-12-29 11:00:00,14464.0
2012-12-29 12:00:00,15579.0
2012-12-29 13:00:00,15944.0
2012-12-29 14:00:00,15797.0
2012-12-29 15:00:00,15815.0
2012-12-29 16:00:00,16034.0
2012-12-29 17:00:00,17211.0
2012-12-29 18:00:00,17615.0
2012-12-29 19:00:00,17583.0
2012-12-29 20:00:00,17620.0
2012-12-29 21:00:00,16366.0
2012-12-29 22:00:00,14341.0
2012-12-29 23:00:00,13334.0
2012-12-30 00:00:00,10917.0
2012-12-30 01:00:00,4949.0
2012-12-30 02:00:00,4592.0
2012-12-30 03:00:00,4138.0
2012-12-30 04:00:00,3908.0
2012-12-30 05:00:00,3784.0
2012-12-30 06:00:00,3722.0
2012-12-30 07:00:00,4168.0
2012-12-30 08:00:00,4534.0
2012-12-30 09:00:00,7053.0
2012-12-30 10:00:00,14405.0
2012-12-30 11:00:00,16492.0
2012-12-30 12:00:00,16915.0
2012-12-30 13:00:00,17034.0
2012-12-30 14:00:00,17162.0
2012-12-30 15:00:00,17437.0
2012-12-30 16:00:00,17915.0
2012-12-30 17:00:00,18916.0
2012-12-30 18:00:00,19186.0
2012-12-30 19:00:00,19003.0
2012-12-30 20:00:00,19093.0
2012-12-30 21:00:00,17751.0
2012-12-30 22:00:00,15659.0
2012-12-30 23:00:00,14519.0
2012-12-31 00:00:00,9607.0
2012-12-31 01:00:00,4989.0
2012-12-31 02:00:00,4807.0
2012-12-31 03:00:00,4491.0
2012-12-31 04:00:00,4532.0
2012-12-31 05:00:00,4569.0
2012-12-31 06:00:00,4585.0
2012-12-31 07:00:00,5286.0
2012-12-31 08:00:00,6253.0
2012-12-31 09:00:00,9352.0
2012-12-31 10:00:00,11882.0
2012-12-31 11:00:00,14069.0
2012-12-31 12:00:00,15193.0
2012-12-31 13:00:00,15317.0
2012-12-31 14:00:00,15147.0
2012-12-31 15:00:00,15860.0
2012-12-31 16:00:00,16729.0
2012-12-31 17:00:00,16717.0
2012-12-31 18:00:00,16081.0
2012-12-31 19:00:00,10604.0
2012-12-31 20:00:00,8106.0
2012-12-31 21:00:00,7499.0
2012-12-31 22:00:00,6949.0
2012-12-31 23:00:00,6723.0
2013-01-01 00:00:00,6321.0
2013-01-01 01:00:00,4242.0
2013-01-01 02:00:00,3970.0
2013-01-01 03:00:00,3893.0
2013-01-01 04:00:00,3927.0
2013-01-01 05:00:00,3825.0
2013-01-01 06:00:00,3761.0
2013-01-01 07:00:00,3794.0
2013-01-01 08:00:00,3839.0
2013-01-01 09:00:00,4649.0
2013-01-01 10:00:00,4897.0
2013-01-01 11:00:00,5074.0
2013-01-01 12:00:00,5162.0
2013-01-01 13:00:00,5150.0
2013-01-01 14:00:00,5211.0
2013-01-01 15:00:00,5220.0
2013-01-01 16:00:00,5181.0
2013-01-01 17:00:00,5490.0
2013-01-01 18:00:00,5880.0
2013-01-01 19:00:00,5843.0
2013-01-01 20:00:00,5878.0
2013-01-01 21:00:00,5900.0
2013-01-01 22:00:00,5724.0
2013-01-01 23:00:00,5681.0
2013-01-02 00:00:00,5341.0
2013-01-02 01:00:00,4783.0
2013-01-02 02:00:00,4458.0
2013-01-02 03:00:00,4461.0
2013-01-02 04:00:00,4485.0
2013-01-02 05:00:00,4440.0
2013-01-02 06:00:00,4378.0
2013-01-02 07:00:00,6072.0
2013-01-02 08:00:00,7547.0
2013-01-02 09:00:00,9979.0
2013-01-02 10:00:00,12302.0
2013-01-02 11:00:00,14337.0
2013-01-02 12:00:00,15344.0
2013-01-02 13:00:00,15424.0
2013-01-02 14:00:00,15524.0
2013-01-02 15:00:00,15794.0
2013-01-02 16:00:00,16211.0
2013-01-02 17:00:00,17141.0
2013-01-02 18:00:00,17676.0
2013-01-02 19:00:00,17615.0
2013-01-02 20:00:00,17672.0
2013-01-02 21:00:00,16220.0
2013-01-02 22:00:00,21078.0
2013-01-02 23:00:00,13018.0
2013-01-03 00:00:00,10742.0
2013-01-03 01:00:00,5453.0
2013-01-03 02:00:00,5189.0
2013-01-03 03:00:00,4739.0
2013-01-03 04:00:00,4445.0
2013-01-03 05:00:00,4410.0
2013-01-03 06:00:00,4327.0
2013-01-03 07:00:00,6877.0
2013-01-03 08:00:00,7301.0
2013-01-03 09:00:00,9937.0
2013-01-03 10:00:00,12031.0
2013-01-03 11:00:00,14170.0
2013-01-03 12:00:00,15207.0
2013-01-03 13:00:00,15303.0
2013-01-03 14:00:00,15380.0
2013-01-03 15:00:00,15117.0
2013-01-03 16:00:00,15057.0
2013-01-03 17:00:00,15776.0
2013-01-03 18:00:00,16500.0
2013-01-03 19:00:00,16566.0
2013-01-03 20:00:00,16485.0
2013-01-03 21:00:00,15046.0
2013-01-03 22:00:00,12858.0
2013-01-03 23:00:00,11970.0
2013-01-04 00:00:00,9479.0
2013-01-04 01:00:00,5266.0
2013-01-04 02:00:00,4848.0
2013-01-04 03:00:00,4446.0
2013-01-04 04:00:00,4238.0
2013-01-04 05:00:00,4238.0
2013-01-04 06:00:00,4545.0
2013-01-04 07:00:00,7157.0
2013-01-04 08:00:00,7295.0
2013-01-04 09:00:00,9515.0
2013-01-04 10:00:00,12156.0
2013-01-04 11:00:00,14482.0
2013-01-04 12:00:00,15381.0
2013-01-04 13:00:00,15537.0
2013-01-04 14:00:00,15465.0
2013-01-04 15:00:00,15468.0
2013-01-04 16:00:00,15372.0
2013-01-04 17:00:00,15961.0
2013-01-04 18:00:00,16951.0
2013-01-04 19:00:00,16844.0
2013-01-04 20:00:00,16835.0
2013-01-04 21:00:00,15454.0
2013-01-04 22:00:00,13250.0
2013-01-04 23:00:00,11482.0
2013-01-05 00:00:00,9562.0
2013-01-05 01:00:00,5036.0
2013-01-05 02:00:00,4628.0
2013-01-05 03:00:00,4118.0
2013-01-05 04:00:00,3947.0
2013-01-05 05:00:00,3929.0
2013-01-05 06:00:00,3935.0
2013-01-05 07:00:00,4218.0
2013-01-05 08:00:00,5002.0
2013-01-05 09:00:00,8377.0
2013-01-05 10:00:00,11978.0
2013-01-05 11:00:00,13896.0
2013-01-05 12:00:00,14714.0
2013-01-05 13:00:00,14987.0
2013-01-05 14:00:00,14967.0
2013-01-05 15:00:00,15143.0
2013-01-05 16:00:00,15794.0
2013-01-05 17:00:00,17324.0
2013-01-05 18:00:00,17482.0
2013-01-05 19:00:00,17469.0
2013-01-05 20:00:00,17340.0
2013-01-05 21:00:00,16246.0
2013-01-05 22:00:00,14324.0
2013-01-05 23:00:00,12847.0
2013-01-06 00:00:00,9509.0
2013-01-06 01:00:00,5383.0
2013-01-06 02:00:00,5218.0
2013-01-06 03:00:00,4791.0
2013-01-06 04:00:00,4534.0
2013-01-06 05:00:00,4879.0
2013-01-06 06:00:00,5031.0
2013-01-06 07:00:00,4892.0
2013-01-06 08:00:00,4631.0
2013-01-06 09:00:00,7737.0
2013-01-06 10:00:00,15071.0
2013-01-06 11:00:00,14871.0
2013-01-06 12:00:00,17014.0
2013-01-06 13:00:00,16917.0
2013-01-06 14:00:00,16493.0
2013-01-06 15:00:00,16766.0
2013-01-06 16:00:00,17865.0
2013-01-06 17:00:00,18448.0
2013-01-06 18:00:00,18275.0
2013-01-06 19:00:00,18168.0
2013-01-06 20:00:00,18204.0
2013-01-06 21:00:00,16693.0
2013-01-06 22:00:00,14720.0
2013-01-06 23:00:00,13196.0
2013-01-07 00:00:00,8550.0
2013-01-07 01:00:00,4977.0
2013-01-07 02:00:00,4504.0
2013-01-07 03:00:00,4258.0
2013-01-07 04:00:00,4133.0
2013-01-07 05:00:00,4140.0
2013-01-07 06:00:00,4149.0
2013-01-07 07:00:00,5162.0
2013-01-07 08:00:00,6564.0
2013-01-07 09:00:00,9756.0
2013-01-07 10:00:00,11958.0
2013-01-07 11:00:00,14192.0
2013-01-07 12:00:00,15010.0
2013-01-07 13:00:00,15029.0
2013-01-07 14:00:00,14990.0
2013-01-07 15:00:00,15089.0
2013-01-07 16:00:00,15245.0
2013-01-07 17:00:00,16744.0
2013-01-07 18:00:00,16847.0
2013-01-07 19:00:00,16873.0
2013-01-07 20:00:00,16789.0
2013-01-07 21:00:00,15405.0
2013-01-07 22:00:00,13454.0
2013-01-07 23:00:00,12492.0
2013-01-08 00:00:00,9889.0
2013-01-08 01:00:00,5119.0
2013-01-08 02:00:00,4739.0
2013-01-08 03:00:00,4316.0
2013-01-08 04:00:00,4069.0
2013-01-08 05:00:00,4241.0
2013-01-08 06:00:00,4184.0
2013-01-08 07:00:00,6128.0
2013-01-08 08:00:00,6737.0
2013-01-08 09:00:00,9166.0
2013-01-08 10:00:00,11923.0
2013-01-08 11:00:00,14103.0
2013-01-08 12:00:00,15181.0
2013-01-08 13:00:00,15271.0
2013-01-08 14:00:00,15200.0
2013-01-08 15:00:00,15098.0
2013-01-08 16:00:00,15380.0
2013-01-08 17:00:00,16804.0
2013-01-08 18:00:00,16702.0
2013-01-08 19:00:00,16492.0
2013-01-08 20:00:00,16527.0
2013-01-08 21:00:00,15185.0
2013-01-08 22:00:00,13059.0
2013-01-08 23:00:00,11994.0
2013-01-09 00:00:00,9540.0
2013-01-09 01:00:00,5018.0
2013-01-09 02:00:00,4981.0
2013-01-09 03:00:00,4517.0
2013-01-09 04:00:00,4273.0
2013-01-09 05:00:00,4254.0
2013-01-09 06:00:00,4344.0
2013-01-09 07:00:00,6524.0
2013-01-09 08:00:00,6809.0
2013-01-09 09:00:00,9127.0
2013-01-09 10:00:00,11931.0
2013-01-09 11:00:00,14314.0
2013-01-09 12:00:00,15332.0
2013-01-09 13:00:00,15538.0
2013-01-09 14:00:00,15525.0
2013-01-09 15:00:00,15382.0
2013-01-09 16:00:00,16292.0
2013-01-09 17:00:00,17640.0
2013-01-09 18:00:00,19862.0
2013-01-09 19:00:00,19638.0
2013-01-09 20:00:00,19216.0
2013-01-09 21:00:00,17814.0
2013-01-09 22:00:00,15617.0
2013-01-09 23:00:00,11569.0
2013-01-10 00:00:00,9428.0
2013-01-10 01:00:00,5843.0
2013-01-10 02:00:00,5685.0
2013-01-10 03:00:00,5235.0
2013-01-10 04:00:00,4986.0
2013-01-10 05:00:00,4907.0
2013-01-10 06:00:00,4868.0
2013-01-10 07:00:00,6657.0
2013-01-10 08:00:00,7086.0
2013-01-10 09:00:00,9113.0
2013-01-10 10:00:00,11426.0
2013-01-10 11:00:00,14403.0
2013-01-10 12:00:00,17518.0
2013-01-10 13:00:00,17330.0
2013-01-10 14:00:00,17310.0
2013-01-10 15:00:00,17598.0
2013-01-10 16:00:00,17607.0
2013-01-10 17:00:00,18604.0
2013-01-10 18:00:00,19228.0
2013-01-10 19:00:00,18149.0
2013-01-10 20:00:00,15945.0
2013-01-10 21:00:00,14538.0
2013-01-10 22:00:00,12635.0
2013-01-10 23:00:00,11691.0
2013-01-11 00:00:00,9907.0
2013-01-11 01:00:00,5446.0
2013-01-11 02:00:00,5104.0
2013-01-11 03:00:00,4739.0
2013-01-11 04:00:00,4476.0
2013-01-11 05:00:00,4509.0
2013-01-11 06:00:00,4471.0
2013-01-11 07:00:00,5992.0
2013-01-11 08:00:00,6568.0
2013-01-11 09:00:00,8961.0
2013-01-11 10:00:00,11723.0
2013-01-11 11:00:00,13752.0
2013-01-11 12:00:00,14458.0
2013-01-11 13:00:00,14510.0
2013-01-11 14:00:00,14322.0
2013-01-11 15:00:00,15091.0
2013-01-11 16:00:00,15182.0
2013-01-11 17:00:00,16073.0
2013-01-11 18:00:00,15984.0
2013-01-11 19:00:00,15927.0
2013-01-11 20:00:00,16107.0
2013-01-11 21:00:00,14970.0
2013-01-11 22:00:00,12798.0
2013-01-11 23:00:00,11578.0
2013-01-12 00:00:00,9876.0
2013-01-12 01:00:00,4883.0
2013-01-12 02:00:00,4621.0
2013-01-12 03:00:00,4072.0
2013-01-12 04:00:00,3975.0
2013-01-12 05:00:00,3893.0
2013-01-12 06:00:00,3816.0
2013-01-12 07:00:00,4076.0
2013-01-12 08:00:00,4366.0
2013-01-12 09:00:00,7319.0
2013-01-12 10:00:00,11187.0
2013-01-12 11:00:00,13234.0
2013-01-12 12:00:00,17214.0
2013-01-12 13:00:00,16628.0
2013-01-12 14:00:00,16914.0
2013-01-12 15:00:00,16982.0
2013-01-12 16:00:00,17611.0
2013-01-12 17:00:00,18289.0
2013-01-12 18:00:00,19190.0
2013-01-12 19:00:00,16246.0
2013-01-12 20:00:00,16227.0
2013-01-12 21:00:00,14941.0
2013-01-12 22:00:00,13042.0
2013-01-12 23:00:00,12027.0
2013-01-13 00:00:00,9792.0
2013-01-13 01:00:00,4992.0
2013-01-13 02:00:00,4532.0
2013-01-13 03:00:00,4111.0
2013-01-13 04:00:00,3927.0
2013-01-13 05:00:00,3913.0
2013-01-13 06:00:00,3902.0
2013-01-13 07:00:00,4234.0
2013-01-13 08:00:00,4515.0
2013-01-13 09:00:00,8086.0
2013-01-13 10:00:00,14143.0
2013-01-13 11:00:00,15276.0
2013-01-13 12:00:00,16005.0
2013-01-13 13:00:00,16084.0
2013-01-13 14:00:00,16165.0
2013-01-13 15:00:00,15926.0
2013-01-13 16:00:00,17108.0
2013-01-13 17:00:00,18295.0
2013-01-13 18:00:00,19433.0
2013-01-13 19:00:00,19262.0
2013-01-13 20:00:00,19034.0
2013-01-13 21:00:00,17529.0
2013-01-13 22:00:00,19405.0
2013-01-13 23:00:00,20356.0
2013-01-14 00:00:00,13947.0
2013-01-14 01:00:00,5273.0
2013-01-14 02:00:00,4944.0
2013-01-14 03:00:00,4497.0
2013-01-14 04:00:00,4279.0
2013-01-14 05:00:00,4251.0
2013-01-14 06:00:00,4182.0
2013-01-14 07:00:00,5649.0
2013-01-14 08:00:00,6434.0
2013-01-14 09:00:00,8672.0
2013-01-14 10:00:00,11860.0
2013-01-14 11:00:00,13943.0
2013-01-14 12:00:00,14910.0
2013-01-14 13:00:00,14974.0
2013-01-14 14:00:00,14931.0
2013-01-14 15:00:00,14897.0
2013-01-14 16:00:00,14868.0
2013-01-14 17:00:00,15709.0
2013-01-14 18:00:00,16213.0
2013-01-14 19:00:00,16305.0
2013-01-14 20:00:00,15789.0
2013-01-14 21:00:00,14586.0
2013-01-14 22:00:00,12594.0
2013-01-14 23:00:00,11641.0
2013-01-15 00:00:00,9958.0
2013-01-15 01:00:00,5685.0
2013-01-15 02:00:00,5448.0
2013-01-15 03:00:00,5058.0
2013-01-15 04:00:00,4777.0
2013-01-15 05:00:00,4848.0
2013-01-15 06:00:00,4762.0
2013-01-15 07:00:00,5470.0
2013-01-15 08:00:00,6743.0
2013-01-15 09:00:00,9199.0
2013-01-15 10:00:00,11439.0
2013-01-15 11:00:00,13557.0
2013-01-15 12:00:00,14608.0
2013-01-15 13:00:00,14762.0
2013-01-15 14:00:00,14791.0
2013-01-15 15:00:00,14938.0
2013-01-15 16:00:00,15261.0
2013-01-15 17:00:00,16576.0
2013-01-15 18:00:00,16203.0
2013-01-15 19:00:00,15896.0
2013-01-15 20:00:00,15881.0
2013-01-15 21:00:00,14642.0
2013-01-15 22:00:00,12600.0
2013-01-15 23:00:00,11324.0
2013-01-16 00:00:00,9684.0
2013-01-16 01:00:00,5172.0
2013-01-16 02:00:00,5400.0
2013-01-16 03:00:00,4925.0
2013-01-16 04:00:00,4539.0
2013-01-16 05:00:00,4485.0
2013-01-16 06:00:00,4479.0
2013-01-16 07:00:00,5419.0
2013-01-16 08:00:00,6283.0
2013-01-16 09:00:00,9197.0
2013-01-16 10:00:00,11541.0
2013-01-16 11:00:00,14110.0
2013-01-16 12:00:00,14991.0
2013-01-16 13:00:00,15195.0
2013-01-16 14:00:00,15553.0
2013-01-16 15:00:00,16199.0
2013-01-16 16:00:00,16690.0
2013-01-16 17:00:00,16987.0
2013-01-16 18:00:00,16868.0
2013-01-16 19:00:00,16936.0
2013-01-16 20:00:00,16865.0
2013-01-16 21:00:00,15433.0
2013-01-16 22:00:00,12838.0
2013-01-16 23:00:00,11560.0
2013-01-17 00:00:00,9967.0
2013-01-17 01:00:00,5193.0
2013-01-17 02:00:00,4883.0
2013-01-17 03:00:00,4650.0
2013-01-17 04:00:00,4523.0
2013-01-17 05:00:00,4472.0
2013-01-17 06:00:00,4412.0
2013-01-17 07:00:00,5549.0
2013-01-17 08:00:00,6449.0
2013-01-17 09:00:00,9266.0
2013-01-17 10:00:00,11688.0
2013-01-17 11:00:00,14200.0
2013-01-17 12:00:00,14960.0
2013-01-17 13:00:00,15018.0
2013-01-17 14:00:00,15584.0
2013-01-17 15:00:00,15434.0
2013-01-17 16:00:00,16251.0
2013-01-17 17:00:00,17183.0
2013-01-17 18:00:00,17072.0
2013-01-17 19:00:00,16867.0
2013-01-17 20:00:00,16827.0
2013-01-17 21:00:00,15334.0
2013-01-17 22:00:00,12926.0
2013-01-17 23:00:00,11862.0
2013-01-18 00:00:00,10013.0
2013-01-18 01:00:00,5407.0
2013-01-18 02:00:00,4903.0
2013-01-18 03:00:00,4582.0
2013-01-18 04:00:00,4553.0
2013-01-18 05:00:00,4359.0
2013-01-18 06:00:00,4356.0
2013-01-18 07:00:00,6042.0
2013-01-18 08:00:00,6935.0
2013-01-18 09:00:00,9218.0
2013-01-18 10:00:00,12132.0
2013-01-18 11:00:00,14333.0
2013-01-18 12:00:00,15176.0
2013-01-18 13:00:00,14617.0
2013-01-18 14:00:00,14554.0
2013-01-18 15:00:00,15859.0
2013-01-18 16:00:00,15534.0
2013-01-18 17:00:00,15532.0
2013-01-18 18:00:00,15436.0
2013-01-18 19:00:00,15376.0
2013-01-18 20:00:00,15451.0
2013-01-18 21:00:00,14689.0
2013-01-18 22:00:00,12642.0
2013-01-18 23:00:00,11576.0
2013-01-19 00:00:00,10049.0
2013-01-19 01:00:00,5189.0
2013-01-19 02:00:00,4628.0
2013-01-19 03:00:00,4239.0
2013-01-19 04:00:00,4083.0
2013-01-19 05:00:00,4053.0
2013-01-19 06:00:00,4165.0
2013-01-19 07:00:00,4501.0
2013-01-19 08:00:00,4584.0
2013-01-19 09:00:00,7670.0
2013-01-19 10:00:00,11053.0
2013-01-19 11:00:00,12295.0
2013-01-19 12:00:00,12694.0
2013-01-19 13:00:00,12262.0
2013-01-19 14:00:00,12070.0
2013-01-19 15:00:00,12177.0
2013-01-19 16:00:00,12243.0
2013-01-19 17:00:00,13301.0
2013-01-19 18:00:00,13863.0
2013-01-19 19:00:00,13888.0
2013-01-19 20:00:00,13939.0
2013-01-19 21:00:00,12786.0
2013-01-19 22:00:00,11581.0
2013-01-19 23:00:00,10683.0
2013-01-20 00:00:00,8621.0
2013-01-20 01:00:00,4899.0
2013-01-20 02:00:00,4815.0
2013-01-20 03:00:00,4468.0
2013-01-20 04:00:00,4147.0
2013-01-20 05:00:00,4037.0
2013-01-20 06:00:00,4016.0
2013-01-20 07:00:00,4288.0
2013-01-20 08:00:00,4387.0
2013-01-20 09:00:00,9038.0
2013-01-20 10:00:00,13651.0
2013-01-20 11:00:00,14495.0
2013-01-20 12:00:00,14761.0
2013-01-20 13:00:00,14898.0
2013-01-20 14:00:00,14998.0
2013-01-20 15:00:00,15095.0
2013-01-20 16:00:00,18319.0
2013-01-20 17:00:00,17839.0
2013-01-20 18:00:00,17581.0
2013-01-20 19:00:00,17278.0
2013-01-20 20:00:00,17306.0
2013-01-20 21:00:00,16676.0
2013-01-20 22:00:00,15095.0
2013-01-20 23:00:00,12509.0
2013-01-21 00:00:00,9036.0
2013-01-21 01:00:00,4954.0
2013-01-21 02:00:00,4545.0
2013-01-21 03:00:00,4179.0
2013-01-21 04:00:00,3988.0
2013-01-21 05:00:00,3965.0
2013-01-21 06:00:00,3957.0
2013-01-21 07:00:00,5534.0
2013-01-21 08:00:00,6427.0
2013-01-21 09:00:00,8630.0
2013-01-21 10:00:00,11213.0
2013-01-21 11:00:00,12850.0
2013-01-21 12:00:00,13181.0
2013-01-21 13:00:00,13310.0
2013-01-21 14:00:00,13238.0
2013-01-21 15:00:00,13309.0
2013-01-21 16:00:00,13180.0
2013-01-21 17:00:00,13841.0
2013-01-21 18:00:00,15327.0
2013-01-21 19:00:00,14914.0
2013-01-21 20:00:00,14880.0
2013-01-21 21:00:00,14170.0
2013-01-21 22:00:00,12487.0
2013-01-21 23:00:00,11719.0
2013-01-22 00:00:00,9931.0
2013-01-22 01:00:00,4733.0
2013-01-22 02:00:00,4332.0
2013-01-22 03:00:00,4202.0
2013-01-22 04:00:00,4022.0
2013-01-22 05:00:00,3956.0
2013-01-22 06:00:00,3942.0
2013-01-22 07:00:00,5677.0
2013-01-22 08:00:00,6290.0
2013-01-22 09:00:00,8926.0
2013-01-22 10:00:00,11330.0
2013-01-22 11:00:00,12798.0
2013-01-22 12:00:00,13376.0
2013-01-22 13:00:00,13815.0
2013-01-22 14:00:00,13764.0
2013-01-22 15:00:00,13654.0
2013-01-22 16:00:00,13098.0
2013-01-22 17:00:00,13560.0
2013-01-22 18:00:00,14412.0
2013-01-22 19:00:00,14547.0
2013-01-22 20:00:00,14490.0
2013-01-22 21:00:00,13624.0
2013-01-22 22:00:00,12027.0
2013-01-22 23:00:00,11372.0
2013-01-23 00:00:00,9692.0
2013-01-23 01:00:00,5150.0
2013-01-23 02:00:00,4834.0
2013-01-23 03:00:00,4465.0
2013-01-23 04:00:00,4248.0
2013-01-23 05:00:00,4238.0
2013-01-23 06:00:00,4259.0
2013-01-23 07:00:00,5620.0
2013-01-23 08:00:00,6219.0
2013-01-23 09:00:00,8979.0
2013-01-23 10:00:00,11224.0
2013-01-23 11:00:00,12533.0
2013-01-23 12:00:00,13062.0
2013-01-23 13:00:00,13151.0
2013-01-23 14:00:00,13120.0
2013-01-23 15:00:00,13608.0
2013-01-23 16:00:00,14293.0
2013-01-23 17:00:00,14772.0
2013-01-23 18:00:00,14741.0
2013-01-23 19:00:00,14874.0
2013-01-23 20:00:00,14827.0
2013-01-23 21:00:00,14081.0
2013-01-23 22:00:00,12435.0
2013-01-23 23:00:00,11531.0
2013-01-24 00:00:00,9748.0
2013-01-24 01:00:00,5335.0
2013-01-24 02:00:00,5110.0
2013-01-24 03:00:00,4747.0
2013-01-24 04:00:00,4556.0
2013-01-24 05:00:00,4521.0
2013-01-24 06:00:00,4454.0
2013-01-24 07:00:00,5846.0
2013-01-24 08:00:00,6111.0
2013-01-24 09:00:00,8543.0
2013-01-24 10:00:00,11155.0
2013-01-24 11:00:00,12645.0
2013-01-24 12:00:00,13133.0
2013-01-24 13:00:00,13164.0
2013-01-24 14:00:00,13059.0
2013-01-24 15:00:00,13487.0
2013-01-24 16:00:00,14104.0
2013-01-24 17:00:00,14521.0
2013-01-24 18:00:00,14673.0
2013-01-24 19:00:00,14651.0
2013-01-24 20:00:00,14706.0
2013-01-24 21:00:00,14084.0
2013-01-24 22:00:00,12379.0
2013-01-24 23:00:00,11526.0
2013-01-25 00:00:00,9590.0
2013-01-25 01:00:00,5028.0
2013-01-25 02:00:00,4862.0
2013-01-25 03:00:00,4482.0
2013-01-25 04:00:00,4306.0
2013-01-25 05:00:00,4178.0
2013-01-25 06:00:00,4231.0
2013-01-25 07:00:00,5849.0
2013-01-25 08:00:00,6280.0
2013-01-25 09:00:00,8792.0
2013-01-25 10:00:00,11317.0
2013-01-25 11:00:00,13003.0
2013-01-25 12:00:00,13258.0
2013-01-25 13:00:00,13079.0
2013-01-25 14:00:00,13581.0
2013-01-25 15:00:00,14259.0
2013-01-25 16:00:00,13777.0
2013-01-25 17:00:00,14488.0
2013-01-25 18:00:00,15085.0
2013-01-25 19:00:00,14980.0
2013-01-25 20:00:00,14948.0
2013-01-25 21:00:00,14298.0
2013-01-25 22:00:00,12459.0
2013-01-25 23:00:00,11200.0
2013-01-26 00:00:00,9357.0
2013-01-26 01:00:00,4905.0
2013-01-26 02:00:00,4462.0
2013-01-26 03:00:00,4080.0
2013-01-26 04:00:00,3961.0
2013-01-26 05:00:00,3902.0
2013-01-26 06:00:00,3963.0
2013-01-26 07:00:00,4283.0
2013-01-26 08:00:00,4409.0
2013-01-26 09:00:00,7535.0
2013-01-26 10:00:00,11398.0
2013-01-26 11:00:00,12911.0
2013-01-26 12:00:00,13209.0
2013-01-26 13:00:00,13177.0
2013-01-26 14:00:00,12960.0
2013-01-26 15:00:00,13016.0
2013-01-26 16:00:00,13182.0
2013-01-26 17:00:00,13753.0
2013-01-26 18:00:00,15300.0
2013-01-26 19:00:00,15351.0
2013-01-26 20:00:00,15267.0
2013-01-26 21:00:00,14638.0
2013-01-26 22:00:00,12723.0
2013-01-26 23:00:00,11694.0
2013-01-27 00:00:00,9481.0
2013-01-27 01:00:00,4901.0
2013-01-27 02:00:00,4571.0
2013-01-27 03:00:00,4226.0
2013-01-27 04:00:00,3955.0
2013-01-27 05:00:00,3981.0
2013-01-27 06:00:00,3985.0
2013-01-27 07:00:00,4265.0
2013-01-27 08:00:00,4237.0
2013-01-27 09:00:00,10512.0
2013-01-27 10:00:00,13624.0
2013-01-27 11:00:00,14963.0
2013-01-27 12:00:00,15486.0
2013-01-27 13:00:00,15650.0
2013-01-27 14:00:00,15654.0
2013-01-27 15:00:00,16940.0
2013-01-27 16:00:00,15743.0
2013-01-27 17:00:00,16095.0
2013-01-27 18:00:00,17114.0
2013-01-27 19:00:00,16942.0
2013-01-27 20:00:00,16972.0
2013-01-27 21:00:00,15935.0
2013-01-27 22:00:00,14311.0
2013-01-27 23:00:00,13129.0
2013-01-28 00:00:00,8647.0
2013-01-28 01:00:00,4969.0
2013-01-28 02:00:00,4779.0
2013-01-28 03:00:00,4333.0
2013-01-28 04:00:00,4113.0
2013-01-28 05:00:00,4081.0
2013-01-28 06:00:00,4022.0
2013-01-28 07:00:00,5600.0
2013-01-28 08:00:00,6270.0
2013-01-28 09:00:00,9072.0
2013-01-28 10:00:00,11486.0
2013-01-28 11:00:00,12658.0
2013-01-28 12:00:00,13173.0
2013-01-28 13:00:00,13262.0
2013-01-28 14:00:00,13672.0
2013-01-28 15:00:00,13851.0
2013-01-28 16:00:00,13921.0
2013-01-28 17:00:00,14135.0
2013-01-28 18:00:00,15168.0
2013-01-28 19:00:00,15149.0
2013-01-28 20:00:00,15099.0
2013-01-28 21:00:00,14363.0
2013-01-28 22:00:00,12603.0
2013-01-28 23:00:00,11440.0
2013-01-29 00:00:00,9720.0
2013-01-29 01:00:00,5234.0
2013-01-29 02:00:00,5120.0
2013-01-29 03:00:00,4671.0
2013-01-29 04:00:00,4422.0
2013-01-29 05:00:00,4348.0
2013-01-29 06:00:00,4377.0
2013-01-29 07:00:00,5749.0
2013-01-29 08:00:00,6350.0
2013-01-29 09:00:00,9039.0
2013-01-29 10:00:00,11285.0
2013-01-29 11:00:00,12804.0
2013-01-29 12:00:00,13355.0
2013-01-29 13:00:00,13456.0
2013-01-29 14:00:00,13452.0
2013-01-29 15:00:00,13950.0
2013-01-29 16:00:00,13888.0
2013-01-29 17:00:00,14237.0
2013-01-29 18:00:00,15572.0
2013-01-29 19:00:00,15401.0
2013-01-29 20:00:00,15179.0
2013-01-29 21:00:00,14391.0
2013-01-29 22:00:00,12677.0
2013-01-29 23:00:00,11645.0
2013-01-30 00:00:00,9872.0
2013-01-30 01:00:00,5154.0
2013-01-30 02:00:00,4728.0
2013-01-30 03:00:00,4386.0
2013-01-30 04:00:00,4237.0
2013-01-30 05:00:00,4243.0
2013-01-30 06:00:00,4342.0
2013-01-30 07:00:00,5667.0
2013-01-30 08:00:00,6128.0
2013-01-30 09:00:00,9121.0
2013-01-30 10:00:00,11645.0
2013-01-30 11:00:00,13079.0
2013-01-30 12:00:00,13610.0
2013-01-30 13:00:00,13755.0
2013-01-30 14:00:00,14392.0
2013-01-30 15:00:00,14363.0
2013-01-30 16:00:00,14279.0
2013-01-30 17:00:00,14389.0
2013-01-30 18:00:00,15829.0
2013-01-30 19:00:00,15540.0
2013-01-30 20:00:00,15346.0
2013-01-30 21:00:00,14560.0
2013-01-30 22:00:00,12933.0
2013-01-30 23:00:00,11822.0
2013-01-31 00:00:00,10078.0
2013-01-31 01:00:00,5391.0
2013-01-31 02:00:00,4958.0
2013-01-31 03:00:00,4533.0
2013-01-31 04:00:00,4305.0
2013-01-31 05:00:00,4285.0
2013-01-31 06:00:00,4254.0
2013-01-31 07:00:00,5626.0
2013-01-31 08:00:00,6026.0
2013-01-31 09:00:00,9154.0
2013-01-31 10:00:00,11487.0
2013-01-31 11:00:00,12955.0
2013-01-31 12:00:00,13838.0
2013-01-31 13:00:00,14257.0
2013-01-31 14:00:00,14517.0
2013-01-31 15:00:00,14495.0
2013-01-31 16:00:00,14845.0
2013-01-31 17:00:00,15017.0
2013-01-31 18:00:00,16427.0
2013-01-31 19:00:00,16262.0
2013-01-31 20:00:00,16242.0
2013-01-31 21:00:00,14760.0
2013-01-31 22:00:00,12821.0
2013-01-31 23:00:00,11857.0
2013-02-01 00:00:00,9762.0
2013-02-01 01:00:00,5336.0
2013-02-01 02:00:00,5087.0
2013-02-01 03:00:00,4771.0
2013-02-01 04:00:00,4563.0
2013-02-01 05:00:00,4518.0
2013-02-01 06:00:00,4475.0
2013-02-01 07:00:00,5387.0
2013-02-01 08:00:00,6521.0
2013-02-01 09:00:00,9144.0
2013-02-01 10:00:00,11669.0
2013-02-01 11:00:00,13605.0
2013-02-01 12:00:00,14737.0
2013-02-01 13:00:00,14800.0
2013-02-01 14:00:00,14744.0
2013-02-01 15:00:00,14754.0
2013-02-01 16:00:00,14710.0
2013-02-01 17:00:00,15741.0
2013-02-01 18:00:00,16350.0
2013-02-01 19:00:00,16346.0
2013-02-01 20:00:00,16413.0
2013-02-01 21:00:00,15045.0
2013-02-01 22:00:00,13093.0
2013-02-01 23:00:00,11914.0
2013-02-02 00:00:00,9808.0
2013-02-02 01:00:00,5115.0
2013-02-02 02:00:00,4867.0
2013-02-02 03:00:00,4445.0
2013-02-02 04:00:00,4282.0
2013-02-02 05:00:00,4152.0
2013-02-02 06:00:00,4169.0
2013-02-02 07:00:00,4459.0
2013-02-02 08:00:00,4372.0
2013-02-02 09:00:00,7961.0
2013-02-02 10:00:00,11447.0
2013-02-02 11:00:00,13776.0
2013-02-02 12:00:00,14162.0
2013-02-02 13:00:00,14088.0
2013-02-02 14:00:00,13801.0
2013-02-02 15:00:00,13833.0
2013-02-02 16:00:00,13828.0
2013-02-02 17:00:00,13878.0
2013-02-02 18:00:00,15459.0
2013-02-02 19:00:00,15451.0
2013-02-02 20:00:00,15511.0
2013-02-02 21:00:00,14284.0
2013-02-02 22:00:00,12389.0
2013-02-02 23:00:00,10732.0
2013-02-03 00:00:00,8610.0
2013-02-03 01:00:00,5148.0
2013-02-03 02:00:00,4856.0
2013-02-03 03:00:00,4472.0
2013-02-03 04:00:00,4230.0
2013-02-03 05:00:00,4123.0
2013-02-03 06:00:00,4104.0
2013-02-03 07:00:00,4388.0
2013-02-03 08:00:00,4515.0
2013-02-03 09:00:00,7217.0
2013-02-03 10:00:00,14558.0
2013-02-03 11:00:00,15166.0
2013-02-03 12:00:00,15830.0
2013-02-03 13:00:00,15934.0
2013-02-03 14:00:00,15976.0
2013-02-03 15:00:00,15866.0
2013-02-03 16:00:00,16065.0
2013-02-03 17:00:00,16232.0
2013-02-03 18:00:00,17968.0
2013-02-03 19:00:00,18353.0
2013-02-03 20:00:00,18320.0
2013-02-03 21:00:00,17336.0
2013-02-03 22:00:00,23549.0
2013-02-03 23:00:00,20364.0
2013-02-04 00:00:00,9625.0
2013-02-04 01:00:00,5493.0
2013-02-04 02:00:00,5197.0
2013-02-04 03:00:00,4834.0
2013-02-04 04:00:00,4668.0
2013-02-04 05:00:00,4622.0
2013-02-04 06:00:00,4638.0
2013-02-04 07:00:00,5577.0
2013-02-04 08:00:00,6034.0
2013-02-04 09:00:00,8794.0
2013-02-04 10:00:00,11574.0
2013-02-04 11:00:00,13262.0
2013-02-04 12:00:00,13973.0
2013-02-04 13:00:00,14268.0
2013-02-04 14:00:00,14434.0
2013-02-04 15:00:00,14544.0
2013-02-04 16:00:00,14584.0
2013-02-04 17:00:00,14366.0
2013-02-04 18:00:00,15754.0
2013-02-04 19:00:00,15593.0
2013-02-04 20:00:00,15584.0
2013-02-04 21:00:00,14380.0
2013-02-04 22:00:00,12570.0
2013-02-04 23:00:00,11653.0
2013-02-05 00:00:00,9815.0
2013-02-05 01:00:00,5184.0
2013-02-05 02:00:00,4861.0
2013-02-05 03:00:00,4495.0
2013-02-05 04:00:00,4238.0
2013-02-05 05:00:00,4187.0
2013-02-05 06:00:00,4138.0
2013-02-05 07:00:00,5931.0
2013-02-05 08:00:00,6341.0
2013-02-05 09:00:00,9026.0
2013-02-05 10:00:00,11502.0
2013-02-05 11:00:00,13526.0
2013-02-05 12:00:00,14294.0
2013-02-05 13:00:00,14927.0
2013-02-05 14:00:00,14938.0
2013-02-05 15:00:00,14882.0
2013-02-05 16:00:00,14865.0
2013-02-05 17:00:00,14949.0
2013-02-05 18:00:00,16097.0
2013-02-05 19:00:00,16006.0
2013-02-05 20:00:00,15945.0
2013-02-05 21:00:00,14498.0
2013-02-05 22:00:00,12600.0
2013-02-05 23:00:00,11652.0
2013-02-06 00:00:00,9796.0
2013-02-06 01:00:00,5268.0
2013-02-06 02:00:00,5005.0
2013-02-06 03:00:00,4611.0
2013-02-06 04:00:00,4400.0
2013-02-06 05:00:00,4355.0
2013-02-06 06:00:00,4320.0
2013-02-06 07:00:00,5816.0
2013-02-06 08:00:00,6158.0
2013-02-06 09:00:00,9172.0
2013-02-06 10:00:00,11565.0
2013-02-06 11:00:00,13419.0
2013-02-06 12:00:00,13881.0
2013-02-06 13:00:00,13915.0
2013-02-06 14:00:00,13745.0
2013-02-06 15:00:00,13800.0
2013-02-06 16:00:00,13747.0
2013-02-06 17:00:00,14012.0
2013-02-06 18:00:00,15636.0
2013-02-06 19:00:00,15729.0
2013-02-06 20:00:00,16294.0
2013-02-06 21:00:00,14390.0
2013-02-06 22:00:00,12453.0
2013-02-06 23:00:00,11552.0
2013-02-07 00:00:00,9592.0
2013-02-07 01:00:00,5276.0
2013-02-07 02:00:00,5181.0
2013-02-07 03:00:00,4780.0
2013-02-07 04:00:00,4582.0
2013-02-07 05:00:00,4537.0
2013-02-07 06:00:00,4540.0
2013-02-07 07:00:00,5733.0
2013-02-07 08:00:00,6258.0
2013-02-07 09:00:00,9137.0
2013-02-07 10:00:00,11423.0
2013-02-07 11:00:00,13297.0
2013-02-07 12:00:00,13964.0
2013-02-07 13:00:00,14003.0
2013-02-07 14:00:00,13818.0
2013-02-07 15:00:00,13695.0
2013-02-07 16:00:00,13608.0
2013-02-07 17:00:00,13566.0
2013-02-07 18:00:00,15125.0
2013-02-07 19:00:00,15295.0
2013-02-07 20:00:00,15174.0
2013-02-07 21:00:00,14042.0
2013-02-07 22:00:00,12441.0
2013-02-07 23:00:00,11568.0
2013-02-08 00:00:00,9706.0
2013-02-08 01:00:00,5370.0
2013-02-08 02:00:00,5146.0
2013-02-08 03:00:00,4766.0
2013-02-08 04:00:00,4513.0
2013-02-08 05:00:00,4394.0
2013-02-08 06:00:00,4426.0
2013-02-08 07:00:00,5247.0
2013-02-08 08:00:00,6237.0
2013-02-08 09:00:00,9186.0
2013-02-08 10:00:00,11443.0
2013-02-08 11:00:00,13349.0
2013-02-08 12:00:00,14144.0
2013-02-08 13:00:00,14105.0
2013-02-08 14:00:00,14170.0
2013-02-08 15:00:00,14764.0
2013-02-08 16:00:00,13818.0
2013-02-08 17:00:00,13706.0
2013-02-08 18:00:00,15425.0
2013-02-08 19:00:00,15503.0
2013-02-08 20:00:00,15486.0
2013-02-08 21:00:00,14126.0
2013-02-08 22:00:00,12392.0
2013-02-08 23:00:00,11584.0
2013-02-09 00:00:00,9716.0
2013-02-09 01:00:00,4883.0
2013-02-09 02:00:00,4454.0
2013-02-09 03:00:00,4103.0
2013-02-09 04:00:00,3915.0
2013-02-09 05:00:00,3854.0
2013-02-09 06:00:00,3869.0
2013-02-09 07:00:00,4206.0
2013-02-09 08:00:00,4429.0
2013-02-09 09:00:00,8068.0
2013-02-09 10:00:00,11360.0
2013-02-09 11:00:00,13376.0
2013-02-09 12:00:00,14037.0
2013-02-09 13:00:00,14074.0
2013-02-09 14:00:00,14013.0
2013-02-09 15:00:00,14007.0
2013-02-09 16:00:00,14104.0
2013-02-09 17:00:00,14226.0
2013-02-09 18:00:00,16069.0
2013-02-09 19:00:00,16019.0
2013-02-09 20:00:00,15798.0
2013-02-09 21:00:00,14298.0
2013-02-09 22:00:00,12545.0
2013-02-09 23:00:00,11639.0
2013-02-10 00:00:00,9938.0
2013-02-10 01:00:00,4939.0
2013-02-10 02:00:00,4577.0
2013-02-10 03:00:00,4173.0
2013-02-10 04:00:00,3929.0
2013-02-10 05:00:00,3865.0
2013-02-10 06:00:00,3918.0
2013-02-10 07:00:00,4265.0
2013-02-10 08:00:00,4500.0
2013-02-10 09:00:00,7139.0
2013-02-10 10:00:00,12990.0
2013-02-10 11:00:00,15125.0
2013-02-10 12:00:00,15754.0
2013-02-10 13:00:00,15893.0
2013-02-10 14:00:00,15731.0
2013-02-10 15:00:00,15797.0
2013-02-10 16:00:00,16603.0
2013-02-10 17:00:00,17276.0
2013-02-10 18:00:00,17668.0
2013-02-10 19:00:00,17589.0
2013-02-10 20:00:00,17239.0
2013-02-10 21:00:00,16194.0
2013-02-10 22:00:00,14311.0
2013-02-10 23:00:00,13451.0
2013-02-11 00:00:00,9207.0
2013-02-11 01:00:00,5398.0
2013-02-11 02:00:00,5218.0
2013-02-11 03:00:00,4782.0
2013-02-11 04:00:00,4530.0
2013-02-11 05:00:00,4534.0
2013-02-11 06:00:00,4612.0
2013-02-11 07:00:00,5772.0
2013-02-11 08:00:00,6133.0
2013-02-11 09:00:00,9192.0
2013-02-11 10:00:00,11569.0
2013-02-11 11:00:00,13313.0
2013-02-11 12:00:00,13932.0
2013-02-11 13:00:00,13961.0
2013-02-11 14:00:00,13985.0
2013-02-11 15:00:00,13896.0
2013-02-11 16:00:00,13953.0
2013-02-11 17:00:00,14551.0
2013-02-11 18:00:00,15642.0
2013-02-11 19:00:00,15760.0
2013-02-11 20:00:00,15686.0
2013-02-11 21:00:00,14280.0
2013-02-11 22:00:00,12402.0
2013-02-11 23:00:00,11756.0
2013-02-12 00:00:00,9737.0
2013-02-12 01:00:00,5336.0
2013-02-12 02:00:00,5099.0
2013-02-12 03:00:00,4636.0
2013-02-12 04:00:00,4453.0
2013-02-12 05:00:00,4404.0
2013-02-12 06:00:00,4375.0
2013-02-12 07:00:00,5422.0
2013-02-12 08:00:00,6065.0
2013-02-12 09:00:00,8985.0
2013-02-12 10:00:00,11285.0
2013-02-12 11:00:00,13362.0
2013-02-12 12:00:00,14002.0
2013-02-12 13:00:00,14263.0
2013-02-12 14:00:00,14406.0
2013-02-12 15:00:00,14165.0
2013-02-12 16:00:00,14217.0
2013-02-12 17:00:00,14520.0
2013-02-12 18:00:00,15862.0
2013-02-12 19:00:00,15994.0
2013-02-12 20:00:00,16087.0
2013-02-12 21:00:00,14722.0
2013-02-12 22:00:00,12883.0
2013-02-12 23:00:00,11940.0
2013-02-13 00:00:00,10022.0
2013-02-13 01:00:00,5175.0
2013-02-13 02:00:00,4854.0
2013-02-13 03:00:00,4541.0
2013-02-13 04:00:00,4218.0
2013-02-13 05:00:00,4239.0
2013-02-13 06:00:00,4243.0
2013-02-13 07:00:00,5404.0
2013-02-13 08:00:00,6128.0
2013-02-13 09:00:00,9652.0
2013-02-13 10:00:00,12584.0
2013-02-13 11:00:00,14412.0
2013-02-13 12:00:00,14584.0
2013-02-13 13:00:00,14971.0
2013-02-13 14:00:00,15669.0
2013-02-13 15:00:00,15455.0
2013-02-13 16:00:00,14433.0
2013-02-13 17:00:00,14407.0
2013-02-13 18:00:00,15803.0
2013-02-13 19:00:00,16028.0
2013-02-13 20:00:00,16101.0
2013-02-13 21:00:00,14700.0
2013-02-13 22:00:00,12794.0
2013-02-13 23:00:00,11846.0
2013-02-14 00:00:00,9823.0
2013-02-14 01:00:00,4984.0
2013-02-14 02:00:00,4747.0
2013-02-14 03:00:00,4370.0
2013-02-14 04:00:00,4148.0
2013-02-14 05:00:00,4103.0
2013-02-14 06:00:00,4100.0
2013-02-14 07:00:00,5557.0
2013-02-14 08:00:00,6079.0
2013-02-14 09:00:00,10280.0
2013-02-14 10:00:00,13156.0
2013-02-14 11:00:00,14073.0
2013-02-14 12:00:00,14835.0
2013-02-14 13:00:00,15148.0
2013-02-14 14:00:00,16851.0
2013-02-14 15:00:00,16223.0
2013-02-14 16:00:00,15154.0
2013-02-14 17:00:00,15040.0
2013-02-14 18:00:00,16666.0
2013-02-14 19:00:00,17416.0
2013-02-14 20:00:00,17117.0
2013-02-14 21:00:00,15791.0
2013-02-14 22:00:00,14026.0
2013-02-14 23:00:00,12479.0
2013-02-15 00:00:00,10416.0
2013-02-15 01:00:00,5491.0
2013-02-15 02:00:00,5330.0
2013-02-15 03:00:00,4987.0
2013-02-15 04:00:00,4857.0
2013-02-15 05:00:00,4854.0
2013-02-15 06:00:00,4730.0
2013-02-15 07:00:00,5802.0
2013-02-15 08:00:00,6405.0
2013-02-15 09:00:00,9895.0
2013-02-15 10:00:00,12297.0
2013-02-15 11:00:00,13552.0
2013-02-15 12:00:00,14759.0
2013-02-15 13:00:00,15142.0
2013-02-15 14:00:00,14997.0
2013-02-15 15:00:00,15421.0
2013-02-15 16:00:00,14951.0
2013-02-15 17:00:00,14943.0
2013-02-15 18:00:00,16296.0
2013-02-15 19:00:00,16392.0
2013-02-15 20:00:00,16127.0
2013-02-15 21:00:00,14732.0
2013-02-15 22:00:00,13121.0
2013-02-15 23:00:00,12016.0
2013-02-16 00:00:00,10315.0
2013-02-16 01:00:00,5048.0
2013-02-16 02:00:00,4545.0
2013-02-16 03:00:00,4143.0
2013-02-16 04:00:00,3886.0
2013-02-16 05:00:00,4224.0
2013-02-16 06:00:00,4247.0
2013-02-16 07:00:00,4591.0
2013-02-16 08:00:00,4479.0
2013-02-16 09:00:00,7917.0
2013-02-16 10:00:00,11400.0
2013-02-16 11:00:00,13564.0
2013-02-16 12:00:00,14579.0
2013-02-16 13:00:00,14412.0
2013-02-16 14:00:00,14530.0
2013-02-16 15:00:00,14323.0
2013-02-16 16:00:00,15080.0
2013-02-16 17:00:00,16110.0
2013-02-16 18:00:00,16058.0
2013-02-16 19:00:00,16021.0
2013-02-16 20:00:00,16046.0
2013-02-16 21:00:00,14537.0
2013-02-16 22:00:00,12802.0
2013-02-16 23:00:00,11076.0
2013-02-17 00:00:00,8658.0
2013-02-17 01:00:00,4753.0
2013-02-17 02:00:00,4581.0
2013-02-17 03:00:00,4122.0
2013-02-17 04:00:00,3919.0
2013-02-17 05:00:00,3889.0
2013-02-17 06:00:00,3897.0
2013-02-17 07:00:00,4246.0
2013-02-17 08:00:00,4414.0
2013-02-17 09:00:00,7674.0
2013-02-17 10:00:00,12984.0
2013-02-17 11:00:00,16822.0
2013-02-17 12:00:00,16487.0
2013-02-17 13:00:00,16404.0
2013-02-17 14:00:00,17149.0
2013-02-17 15:00:00,17815.0
2013-02-17 16:00:00,17813.0
2013-02-17 17:00:00,17512.0
2013-02-17 18:00:00,18934.0
2013-02-17 19:00:00,18921.0
2013-02-17 20:00:00,18823.0
2013-02-17 21:00:00,17284.0
2013-02-17 22:00:00,20511.0
2013-02-17 23:00:00,22650.0
2013-02-18 00:00:00,12749.0
2013-02-18 01:00:00,5449.0
2013-02-18 02:00:00,4967.0
2013-02-18 03:00:00,4529.0
2013-02-18 04:00:00,4312.0
2013-02-18 05:00:00,4225.0
2013-02-18 06:00:00,4202.0
2013-02-18 07:00:00,5475.0
2013-02-18 08:00:00,6471.0
2013-02-18 09:00:00,9125.0
2013-02-18 10:00:00,11479.0
2013-02-18 11:00:00,13461.0
2013-02-18 12:00:00,14588.0
2013-02-18 13:00:00,15049.0
2013-02-18 14:00:00,14936.0
2013-02-18 15:00:00,14951.0
2013-02-18 16:00:00,15000.0
2013-02-18 17:00:00,15667.0
2013-02-18 18:00:00,16908.0
2013-02-18 19:00:00,16592.0
2013-02-18 20:00:00,16333.0
2013-02-18 21:00:00,14664.0
2013-02-18 22:00:00,12890.0
2013-02-18 23:00:00,11876.0
2013-02-19 00:00:00,10084.0
2013-02-19 01:00:00,5433.0
2013-02-19 02:00:00,5264.0
2013-02-19 03:00:00,4812.0
2013-02-19 04:00:00,4631.0
2013-02-19 05:00:00,4519.0
2013-02-19 06:00:00,4481.0
2013-02-19 07:00:00,5426.0
2013-02-19 08:00:00,6163.0
2013-02-19 09:00:00,9360.0
2013-02-19 10:00:00,11944.0
2013-02-19 11:00:00,13869.0
2013-02-19 12:00:00,14068.0
2013-02-19 13:00:00,14205.0
2013-02-19 14:00:00,14263.0
2013-02-19 15:00:00,14696.0
2013-02-19 16:00:00,14569.0
2013-02-19 17:00:00,14483.0
2013-02-19 18:00:00,15506.0
2013-02-19 19:00:00,15672.0
2013-02-19 20:00:00,15637.0
2013-02-19 21:00:00,14321.0
2013-02-19 22:00:00,12690.0
2013-02-19 23:00:00,11701.0
2013-02-20 00:00:00,9944.0
2013-02-20 01:00:00,5187.0
2013-02-20 02:00:00,5122.0
2013-02-20 03:00:00,4706.0
2013-02-20 04:00:00,4520.0
2013-02-20 05:00:00,4449.0
2013-02-20 06:00:00,4441.0
2013-02-20 07:00:00,5670.0
2013-02-20 08:00:00,6171.0
2013-02-20 09:00:00,9173.0
2013-02-20 10:00:00,11571.0
2013-02-20 11:00:00,13309.0
2013-02-20 12:00:00,14048.0
2013-02-20 13:00:00,14237.0
2013-02-20 14:00:00,14250.0
2013-02-20 15:00:00,14254.0
2013-02-20 16:00:00,14707.0
2013-02-20 17:00:00,15170.0
2013-02-20 18:00:00,15722.0
2013-02-20 19:00:00,15662.0
2013-02-20 20:00:00,15587.0
2013-02-20 21:00:00,14709.0
2013-02-20 22:00:00,12937.0
2013-02-20 23:00:00,11975.0
2013-02-21 00:00:00,9934.0
2013-02-21 01:00:00,4407.0
2013-02-21 02:00:00,4136.0
2013-02-21 03:00:00,3749.0
2013-02-21 04:00:00,3538.0
2013-02-21 05:00:00,3444.0
2013-02-21 06:00:00,3365.0
2013-02-21 07:00:00,5623.0
2013-02-21 08:00:00,6550.0
2013-02-21 09:00:00,9318.0
2013-02-21 10:00:00,11737.0
2013-02-21 11:00:00,13718.0
2013-02-21 12:00:00,14979.0
2013-02-21 13:00:00,15179.0
2013-02-21 14:00:00,14829.0
2013-02-21 15:00:00,14694.0
2013-02-21 16:00:00,14263.0
2013-02-21 17:00:00,15950.0
2013-02-21 18:00:00,16719.0
2013-02-21 19:00:00,16921.0
2013-02-21 20:00:00,16822.0
2013-02-21 21:00:00,15964.0
2013-02-21 22:00:00,23277.0
2013-02-21 23:00:00,17909.0
2013-02-22 00:00:00,10801.0
2013-02-22 01:00:00,5224.0
2013-02-22 02:00:00,4981.0
2013-02-22 03:00:00,4549.0
2013-02-22 04:00:00,4517.0
2013-02-22 05:00:00,4248.0
2013-02-22 06:00:00,4240.0
2013-02-22 07:00:00,5958.0
2013-02-22 08:00:00,6812.0
2013-02-22 09:00:00,9075.0
2013-02-22 10:00:00,11478.0
2013-02-22 11:00:00,13157.0
2013-02-22 12:00:00,13752.0
2013-02-22 13:00:00,14142.0
2013-02-22 14:00:00,14175.0
2013-02-22 15:00:00,14451.0
2013-02-22 16:00:00,13877.0
2013-02-22 17:00:00,14031.0
2013-02-22 18:00:00,15275.0
2013-02-22 19:00:00,14774.0
2013-02-22 20:00:00,14656.0
2013-02-22 21:00:00,14024.0
2013-02-22 22:00:00,12540.0
2013-02-22 23:00:00,11788.0
2013-02-23 00:00:00,9816.0
2013-02-23 01:00:00,4737.0
2013-02-23 02:00:00,4776.0
2013-02-23 03:00:00,4335.0
2013-02-23 04:00:00,4148.0
2013-02-23 05:00:00,4270.0
2013-02-23 06:00:00,4215.0
2013-02-23 07:00:00,4778.0
2013-02-23 08:00:00,4578.0
2013-02-23 09:00:00,8300.0
2013-02-23 10:00:00,11194.0
2013-02-23 11:00:00,12427.0
2013-02-23 12:00:00,12903.0
2013-02-23 13:00:00,12911.0
2013-02-23 14:00:00,12892.0
2013-02-23 15:00:00,12829.0
2013-02-23 16:00:00,12820.0
2013-02-23 17:00:00,13167.0
2013-02-23 18:00:00,14571.0
2013-02-23 19:00:00,14678.0
2013-02-23 20:00:00,14721.0
2013-02-23 21:00:00,13958.0
2013-02-23 22:00:00,12464.0
2013-02-23 23:00:00,11482.0
2013-02-24 00:00:00,8918.0
2013-02-24 01:00:00,5235.0
2013-02-24 02:00:00,5073.0
2013-02-24 03:00:00,4654.0
2013-02-24 04:00:00,4440.0
2013-02-24 05:00:00,4302.0
2013-02-24 06:00:00,4259.0
2013-02-24 07:00:00,4110.0
2013-02-24 08:00:00,4398.0
2013-02-24 09:00:00,8766.0
2013-02-24 10:00:00,13570.0
2013-02-24 11:00:00,14094.0
2013-02-24 12:00:00,14767.0
2013-02-24 13:00:00,14702.0
2013-02-24 14:00:00,14573.0
2013-02-24 15:00:00,14560.0
2013-02-24 16:00:00,15124.0
2013-02-24 17:00:00,15512.0
2013-02-24 18:00:00,16824.0
2013-02-24 19:00:00,17269.0
2013-02-24 20:00:00,17211.0
2013-02-24 21:00:00,23673.0
2013-02-24 22:00:00,19290.0
2013-02-24 23:00:00,13540.0
2013-02-25 00:00:00,9283.0
2013-02-25 01:00:00,5039.0
2013-02-25 02:00:00,4872.0
2013-02-25 03:00:00,4461.0
2013-02-25 04:00:00,4208.0
2013-02-25 05:00:00,4160.0
2013-02-25 06:00:00,4159.0
2013-02-25 07:00:00,5737.0
2013-02-25 08:00:00,6171.0
2013-02-25 09:00:00,9093.0
2013-02-25 10:00:00,11241.0
2013-02-25 11:00:00,12758.0
2013-02-25 12:00:00,14476.0
2013-02-25 13:00:00,13771.0
2013-02-25 14:00:00,13719.0
2013-02-25 15:00:00,13592.0
2013-02-25 16:00:00,13453.0
2013-02-25 17:00:00,13692.0
2013-02-25 18:00:00,14634.0
2013-02-25 19:00:00,14880.0
2013-02-25 20:00:00,14883.0
2013-02-25 21:00:00,14041.0
2013-02-25 22:00:00,12297.0
2013-02-25 23:00:00,11617.0
2013-02-26 00:00:00,9779.0
2013-02-26 01:00:00,4802.0
2013-02-26 02:00:00,4446.0
2013-02-26 03:00:00,4033.0
2013-02-26 04:00:00,3882.0
2013-02-26 05:00:00,3996.0
2013-02-26 06:00:00,4118.0
2013-02-26 07:00:00,5342.0
2013-02-26 08:00:00,5978.0
2013-02-26 09:00:00,8630.0
2013-02-26 10:00:00,10841.0
2013-02-26 11:00:00,12531.0
2013-02-26 12:00:00,13694.0
2013-02-26 13:00:00,13724.0
2013-02-26 14:00:00,13652.0
2013-02-26 15:00:00,13576.0
2013-02-26 16:00:00,13621.0
2013-02-26 17:00:00,13730.0
2013-02-26 18:00:00,15037.0
2013-02-26 19:00:00,15340.0
2013-02-26 20:00:00,15128.0
2013-02-26 21:00:00,14393.0
2013-02-26 22:00:00,12727.0
2013-02-26 23:00:00,11936.0
2013-02-27 00:00:00,10176.0
2013-02-27 01:00:00,5448.0
2013-02-27 02:00:00,4982.0
2013-02-27 03:00:00,4546.0
2013-02-27 04:00:00,4344.0
2013-02-27 05:00:00,4381.0
2013-02-27 06:00:00,4386.0
2013-02-27 07:00:00,5770.0
2013-02-27 08:00:00,6188.0
2013-02-27 09:00:00,8589.0
2013-02-27 10:00:00,11085.0
2013-02-27 11:00:00,12944.0
2013-02-27 12:00:00,13508.0
2013-02-27 13:00:00,13610.0
2013-02-27 14:00:00,13688.0
2013-02-27 15:00:00,13794.0
2013-02-27 16:00:00,14163.0
2013-02-27 17:00:00,14276.0
2013-02-27 18:00:00,15341.0
2013-02-27 19:00:00,15637.0
2013-02-27 20:00:00,15476.0
2013-02-27 21:00:00,14364.0
2013-02-27 22:00:00,12657.0
2013-02-27 23:00:00,11855.0
2013-02-28 00:00:00,10101.0
2013-02-28 01:00:00,5380.0
2013-02-28 02:00:00,4753.0
2013-02-28 03:00:00,4447.0
2013-02-28 04:00:00,4228.0
2013-02-28 05:00:00,4226.0
2013-02-28 06:00:00,4159.0
2013-02-28 07:00:00,5648.0
2013-02-28 08:00:00,6090.0
2013-02-28 09:00:00,8777.0
2013-02-28 10:00:00,11442.0
2013-02-28 11:00:00,13150.0
2013-02-28 12:00:00,13745.0
2013-02-28 13:00:00,13695.0
2013-02-28 14:00:00,13914.0
2013-02-28 15:00:00,14469.0
2013-02-28 16:00:00,14485.0
2013-02-28 17:00:00,13817.0
2013-02-28 18:00:00,15152.0
2013-02-28 19:00:00,15220.0
2013-02-28 20:00:00,15152.0
2013-02-28 21:00:00,14194.0
2013-02-28 22:00:00,12577.0
2013-02-28 23:00:00,11657.0
2013-03-01 00:00:00,9426.0
2013-03-01 01:00:00,4895.0
2013-03-01 02:00:00,4895.0
2013-03-01 03:00:00,4555.0
2013-03-01 04:00:00,4205.0
2013-03-01 05:00:00,4534.0
2013-03-01 06:00:00,4632.0
2013-03-01 07:00:00,6267.0
2013-03-01 08:00:00,6229.0
2013-03-01 09:00:00,9017.0
2013-03-01 10:00:00,11550.0
2013-03-01 11:00:00,13518.0
2013-03-01 12:00:00,13597.0
2013-03-01 13:00:00,13645.0
2013-03-01 14:00:00,13587.0
2013-03-01 15:00:00,14116.0
2013-03-01 16:00:00,14111.0
2013-03-01 17:00:00,13784.0
2013-03-01 18:00:00,14828.0
2013-03-01 19:00:00,15183.0
2013-03-01 20:00:00,15200.0
2013-03-01 21:00:00,14381.0
2013-03-01 22:00:00,12751.0
2013-03-01 23:00:00,11787.0
2013-03-02 00:00:00,9742.0
2013-03-02 01:00:00,4930.0
2013-03-02 02:00:00,4583.0
2013-03-02 03:00:00,4201.0
2013-03-02 04:00:00,4041.0
2013-03-02 05:00:00,4143.0
2013-03-02 06:00:00,4087.0
2013-03-02 07:00:00,4323.0
2013-03-02 08:00:00,4429.0
2013-03-02 09:00:00,7468.0
2013-03-02 10:00:00,11590.0
2013-03-02 11:00:00,13323.0
2013-03-02 12:00:00,13815.0
2013-03-02 13:00:00,13858.0
2013-03-02 14:00:00,13790.0
2013-03-02 15:00:00,13801.0
2013-03-02 16:00:00,13774.0
2013-03-02 17:00:00,13485.0
2013-03-02 18:00:00,14994.0
2013-03-02 19:00:00,15253.0
2013-03-02 20:00:00,15235.0
2013-03-02 21:00:00,14260.0
2013-03-02 22:00:00,12469.0
2013-03-02 23:00:00,11069.0
2013-03-03 00:00:00,8344.0
2013-03-03 01:00:00,4796.0
2013-03-03 02:00:00,4460.0
2013-03-03 03:00:00,4036.0
2013-03-03 04:00:00,3785.0
2013-03-03 05:00:00,3780.0
2013-03-03 06:00:00,3744.0
2013-03-03 07:00:00,4145.0
2013-03-03 08:00:00,4350.0
2013-03-03 09:00:00,7231.0
2013-03-03 10:00:00,14971.0
2013-03-03 11:00:00,14575.0
2013-03-03 12:00:00,15124.0
2013-03-03 13:00:00,15538.0
2013-03-03 14:00:00,15613.0
2013-03-03 15:00:00,15506.0
2013-03-03 16:00:00,15535.0
2013-03-03 17:00:00,16067.0
2013-03-03 18:00:00,17070.0
2013-03-03 19:00:00,17067.0
2013-03-03 20:00:00,17118.0
2013-03-03 21:00:00,16241.0
2013-03-03 22:00:00,14541.0
2013-03-03 23:00:00,13316.0
2013-03-04 00:00:00,8764.0
2013-03-04 01:00:00,5099.0
2013-03-04 02:00:00,4786.0
2013-03-04 03:00:00,4411.0
2013-03-04 04:00:00,4125.0
2013-03-04 05:00:00,4149.0
2013-03-04 06:00:00,4147.0
2013-03-04 07:00:00,5729.0
2013-03-04 08:00:00,6366.0
2013-03-04 09:00:00,9024.0
2013-03-04 10:00:00,11314.0
2013-03-04 11:00:00,12684.0
2013-03-04 12:00:00,14131.0
2013-03-04 13:00:00,14518.0
2013-03-04 14:00:00,14540.0
2013-03-04 15:00:00,14789.0
2013-03-04 16:00:00,15145.0
2013-03-04 17:00:00,15629.0
2013-03-04 18:00:00,15625.0
2013-03-04 19:00:00,15335.0
2013-03-04 20:00:00,15366.0
2013-03-04 21:00:00,14259.0
2013-03-04 22:00:00,12526.0
2013-03-04 23:00:00,11701.0
2013-03-05 00:00:00,9817.0
2013-03-05 01:00:00,4754.0
2013-03-05 02:00:00,4543.0
2013-03-05 03:00:00,4244.0
2013-03-05 04:00:00,4179.0
2013-03-05 05:00:00,4322.0
2013-03-05 06:00:00,4150.0
2013-03-05 07:00:00,5889.0
2013-03-05 08:00:00,6514.0
2013-03-05 09:00:00,9299.0
2013-03-05 10:00:00,11532.0
2013-03-05 11:00:00,13555.0
2013-03-05 12:00:00,13909.0
2013-03-05 13:00:00,14826.0
2013-03-05 14:00:00,15119.0
2013-03-05 15:00:00,14997.0
2013-03-05 16:00:00,14742.0
2013-03-05 17:00:00,15647.0
2013-03-05 18:00:00,15876.0
2013-03-05 19:00:00,15747.0
2013-03-05 20:00:00,15722.0
2013-03-05 21:00:00,14742.0
2013-03-05 22:00:00,13038.0
2013-03-05 23:00:00,12035.0
2013-03-06 00:00:00,9978.0
2013-03-06 01:00:00,5329.0
2013-03-06 02:00:00,5017.0
2013-03-06 03:00:00,4578.0
2013-03-06 04:00:00,4381.0
2013-03-06 05:00:00,4304.0
2013-03-06 06:00:00,4267.0
2013-03-06 07:00:00,5815.0
2013-03-06 08:00:00,6264.0
2013-03-06 09:00:00,9186.0
2013-03-06 10:00:00,11598.0
2013-03-06 11:00:00,13423.0
2013-03-06 12:00:00,14171.0
2013-03-06 13:00:00,14545.0
2013-03-06 14:00:00,14803.0
2013-03-06 15:00:00,14648.0
2013-03-06 16:00:00,15048.0
2013-03-06 17:00:00,15505.0
2013-03-06 18:00:00,15554.0
2013-03-06 19:00:00,15405.0
2013-03-06 20:00:00,15448.0
2013-03-06 21:00:00,14409.0
2013-03-06 22:00:00,12663.0
2013-03-06 23:00:00,11831.0
2013-03-07 00:00:00,9933.0
2013-03-07 01:00:00,5428.0
2013-03-07 02:00:00,5062.0
2013-03-07 03:00:00,4733.0
2013-03-07 04:00:00,4536.0
2013-03-07 05:00:00,4483.0
2013-03-07 06:00:00,4472.0
2013-03-07 07:00:00,5828.0
2013-03-07 08:00:00,6515.0
2013-03-07 09:00:00,9251.0
2013-03-07 10:00:00,12011.0
2013-03-07 11:00:00,13338.0
2013-03-07 12:00:00,14753.0
2013-03-07 13:00:00,14978.0
2013-03-07 14:00:00,14761.0
2013-03-07 15:00:00,14483.0
2013-03-07 16:00:00,14598.0
2013-03-07 17:00:00,15951.0
2013-03-07 18:00:00,16309.0
2013-03-07 19:00:00,16987.0
2013-03-07 20:00:00,16808.0
2013-03-07 21:00:00,15777.0
2013-03-07 22:00:00,19471.0
2013-03-07 23:00:00,15001.0
2013-03-08 00:00:00,10952.0
2013-03-08 01:00:00,5702.0
2013-03-08 02:00:00,5426.0
2013-03-08 03:00:00,4954.0
2013-03-08 04:00:00,4797.0
2013-03-08 05:00:00,4824.0
2013-03-08 06:00:00,4908.0
2013-03-08 07:00:00,6235.0
2013-03-08 08:00:00,6545.0
2013-03-08 09:00:00,9563.0
2013-03-08 10:00:00,12076.0
2013-03-08 11:00:00,14569.0
2013-03-08 12:00:00,15797.0
2013-03-08 13:00:00,15537.0
2013-03-08 14:00:00,15053.0
2013-03-08 15:00:00,15900.0
2013-03-08 16:00:00,15151.0
2013-03-08 17:00:00,16104.0
2013-03-08 18:00:00,16648.0
2013-03-08 19:00:00,16513.0
2013-03-08 20:00:00,16542.0
2013-03-08 21:00:00,15479.0
2013-03-08 22:00:00,13409.0
2013-03-08 23:00:00,12360.0
2013-03-09 00:00:00,10326.0
2013-03-09 01:00:00,5045.0
2013-03-09 02:00:00,4620.0
2013-03-09 03:00:00,4297.0
2013-03-09 04:00:00,4032.0
2013-03-09 05:00:00,3973.0
2013-03-09 06:00:00,3990.0
2013-03-09 07:00:00,4350.0
2013-03-09 08:00:00,4561.0
2013-03-09 09:00:00,8557.0
2013-03-09 10:00:00,12052.0
2013-03-09 11:00:00,14153.0
2013-03-09 12:00:00,15015.0
2013-03-09 13:00:00,15012.0
2013-03-09 14:00:00,14994.0
2013-03-09 15:00:00,14924.0
2013-03-09 16:00:00,14896.0
2013-03-09 17:00:00,14929.0
2013-03-09 18:00:00,16349.0
2013-03-09 19:00:00,16500.0
2013-03-09 20:00:00,16535.0
2013-03-09 21:00:00,15332.0
2013-03-09 22:00:00,13495.0
2013-03-09 23:00:00,11989.0
2013-03-10 00:00:00,10080.0
2013-03-10 01:00:00,5263.0
2013-03-10 02:00:00,4936.0
2013-03-10 03:00:00,4493.0
2013-03-10 04:00:00,4290.0
2013-03-10 05:00:00,4306.0
2013-03-10 06:00:00,4321.0
2013-03-10 07:00:00,4671.0
2013-03-10 08:00:00,4621.0
2013-03-10 09:00:00,7069.0
2013-03-10 10:00:00,14454.0
2013-03-10 11:00:00,15587.0
2013-03-10 12:00:00,16681.0
2013-03-10 13:00:00,16908.0
2013-03-10 14:00:00,16837.0
2013-03-10 15:00:00,16807.0
2013-03-10 16:00:00,16923.0
2013-03-10 17:00:00,17669.0
2013-03-10 18:00:00,18951.0
2013-03-10 19:00:00,19439.0
2013-03-10 20:00:00,19507.0
2013-03-10 21:00:00,18163.0
2013-03-10 22:00:00,17275.0
2013-03-10 23:00:00,15938.0
2013-03-11 00:00:00,10532.0
2013-03-11 01:00:00,5389.0
2013-03-11 02:00:00,5273.0
2013-03-11 03:00:00,4768.0
2013-03-11 04:00:00,4594.0
2013-03-11 05:00:00,4505.0
2013-03-11 06:00:00,4459.0
2013-03-11 07:00:00,5767.0
2013-03-11 08:00:00,6407.0
2013-03-11 09:00:00,9233.0
2013-03-11 10:00:00,11380.0
2013-03-11 11:00:00,13245.0
2013-03-11 12:00:00,13997.0
2013-03-11 13:00:00,14320.0
2013-03-11 14:00:00,14414.0
2013-03-11 15:00:00,14252.0
2013-03-11 16:00:00,14210.0
2013-03-11 17:00:00,14864.0
2013-03-11 18:00:00,15881.0
2013-03-11 19:00:00,15717.0
2013-03-11 20:00:00,15791.0
2013-03-11 21:00:00,14840.0
2013-03-11 22:00:00,13038.0
2013-03-11 23:00:00,12231.0
2013-03-12 00:00:00,10037.0
2013-03-12 01:00:00,5133.0
2013-03-12 02:00:00,5109.0
2013-03-12 03:00:00,4717.0
2013-03-12 04:00:00,4656.0
2013-03-12 05:00:00,4641.0
2013-03-12 06:00:00,4604.0
2013-03-12 07:00:00,5910.0
2013-03-12 08:00:00,6326.0
2013-03-12 09:00:00,9266.0
2013-03-12 10:00:00,11595.0
2013-03-12 11:00:00,13797.0
2013-03-12 12:00:00,14102.0
2013-03-12 13:00:00,14317.0
2013-03-12 14:00:00,14330.0
2013-03-12 15:00:00,14449.0
2013-03-12 16:00:00,14493.0
2013-03-12 17:00:00,14754.0
2013-03-12 18:00:00,15284.0
2013-03-12 19:00:00,15951.0
2013-03-12 20:00:00,15949.0
2013-03-12 21:00:00,14878.0
2013-03-12 22:00:00,12974.0
2013-03-12 23:00:00,12066.0
2013-03-13 00:00:00,10230.0
2013-03-13 01:00:00,5132.0
2013-03-13 02:00:00,4790.0
2013-03-13 03:00:00,4296.0
2013-03-13 04:00:00,4162.0
2013-03-13 05:00:00,4179.0
2013-03-13 06:00:00,4216.0
2013-03-13 07:00:00,5563.0
2013-03-13 08:00:00,5893.0
2013-03-13 09:00:00,8979.0
2013-03-13 10:00:00,11590.0
2013-03-13 11:00:00,13321.0
2013-03-13 12:00:00,14222.0
2013-03-13 13:00:00,14197.0
2013-03-13 14:00:00,14027.0
2013-03-13 15:00:00,14150.0
2013-03-13 16:00:00,14159.0
2013-03-13 17:00:00,14138.0
2013-03-13 18:00:00,14569.0
2013-03-13 19:00:00,15065.0
2013-03-13 20:00:00,14994.0
2013-03-13 21:00:00,14342.0
2013-03-13 22:00:00,12729.0
2013-03-13 23:00:00,11725.0
2013-03-14 00:00:00,9741.0
2013-03-14 01:00:00,4957.0
2013-03-14 02:00:00,4750.0
2013-03-14 03:00:00,4335.0
2013-03-14 04:00:00,4270.0
2013-03-14 05:00:00,4109.0
2013-03-14 06:00:00,4115.0
2013-03-14 07:00:00,5223.0
2013-03-14 08:00:00,6104.0
2013-03-14 09:00:00,8955.0
2013-03-14 10:00:00,11379.0
2013-03-14 11:00:00,12734.0
2013-03-14 12:00:00,13437.0
2013-03-14 13:00:00,13545.0
2013-03-14 14:00:00,13422.0
2013-03-14 15:00:00,13437.0
2013-03-14 16:00:00,13590.0
2013-03-14 17:00:00,13649.0
2013-03-14 18:00:00,14484.0
2013-03-14 19:00:00,15130.0
2013-03-14 20:00:00,15107.0
2013-03-14 21:00:00,14330.0
2013-03-14 22:00:00,12716.0
2013-03-14 23:00:00,11609.0
2013-03-15 00:00:00,10096.0
2013-03-15 01:00:00,5633.0
2013-03-15 02:00:00,5260.0
2013-03-15 03:00:00,4868.0
2013-03-15 04:00:00,4725.0
2013-03-15 05:00:00,4654.0
2013-03-15 06:00:00,4646.0
2013-03-15 07:00:00,5693.0
2013-03-15 08:00:00,6236.0
2013-03-15 09:00:00,9023.0
2013-03-15 10:00:00,11425.0
2013-03-15 11:00:00,12985.0
2013-03-15 12:00:00,13740.0
2013-03-15 13:00:00,13809.0
2013-03-15 14:00:00,13831.0
2013-03-15 15:00:00,13833.0
2013-03-15 16:00:00,13727.0
2013-03-15 17:00:00,13858.0
2013-03-15 18:00:00,15036.0
2013-03-15 19:00:00,15131.0
2013-03-15 20:00:00,15158.0
2013-03-15 21:00:00,14354.0
2013-03-15 22:00:00,12695.0
2013-03-15 23:00:00,11693.0
2013-03-16 00:00:00,10042.0
2013-03-16 01:00:00,5382.0
2013-03-16 02:00:00,5016.0
2013-03-16 03:00:00,4598.0
2013-03-16 04:00:00,4413.0
2013-03-16 05:00:00,4401.0
2013-03-16 06:00:00,4430.0
2013-03-16 07:00:00,4623.0
2013-03-16 08:00:00,4426.0
2013-03-16 09:00:00,7685.0
2013-03-16 10:00:00,11305.0
2013-03-16 11:00:00,12950.0
2013-03-16 12:00:00,14009.0
2013-03-16 13:00:00,13620.0
2013-03-16 14:00:00,13952.0
2013-03-16 15:00:00,13972.0
2013-03-16 16:00:00,14101.0
2013-03-16 17:00:00,14241.0
2013-03-16 18:00:00,15397.0
2013-03-16 19:00:00,15643.0
2013-03-16 20:00:00,15598.0
2013-03-16 21:00:00,14687.0
2013-03-16 22:00:00,12735.0
2013-03-16 23:00:00,10847.0
2013-03-17 00:00:00,8628.0
2013-03-17 01:00:00,5088.0
2013-03-17 02:00:00,4854.0
2013-03-17 03:00:00,4509.0
2013-03-17 04:00:00,4122.0
2013-03-17 05:00:00,3817.0
2013-03-17 06:00:00,3918.0
2013-03-17 07:00:00,4197.0
2013-03-17 08:00:00,4404.0
2013-03-17 09:00:00,7133.0
2013-03-17 10:00:00,14669.0
2013-03-17 11:00:00,15407.0
2013-03-17 12:00:00,16078.0
2013-03-17 13:00:00,16259.0
2013-03-17 14:00:00,16121.0
2013-03-17 15:00:00,15881.0
2013-03-17 16:00:00,15758.0
2013-03-17 17:00:00,15559.0
2013-03-17 18:00:00,17622.0
2013-03-17 19:00:00,17474.0
2013-03-17 20:00:00,16893.0
2013-03-17 21:00:00,16047.0
2013-03-17 22:00:00,14373.0
2013-03-17 23:00:00,12226.0
2013-03-18 00:00:00,8620.0
2013-03-18 01:00:00,5369.0
2013-03-18 02:00:00,5197.0
2013-03-18 03:00:00,4730.0
2013-03-18 04:00:00,4393.0
2013-03-18 05:00:00,4305.0
2013-03-18 06:00:00,4356.0
2013-03-18 07:00:00,5595.0
2013-03-18 08:00:00,5940.0
2013-03-18 09:00:00,8506.0
2013-03-18 10:00:00,11393.0
2013-03-18 11:00:00,12915.0
2013-03-18 12:00:00,13703.0
2013-03-18 13:00:00,14113.0
2013-03-18 14:00:00,14011.0
2013-03-18 15:00:00,14087.0
2013-03-18 16:00:00,13930.0
2013-03-18 17:00:00,13850.0
2013-03-18 18:00:00,14029.0
2013-03-18 19:00:00,15112.0
2013-03-18 20:00:00,15130.0
2013-03-18 21:00:00,14204.0
2013-03-18 22:00:00,12532.0
2013-03-18 23:00:00,11614.0
2013-03-19 00:00:00,9802.0
2013-03-19 01:00:00,5490.0
2013-03-19 02:00:00,5334.0
2013-03-19 03:00:00,5024.0
2013-03-19 04:00:00,5173.0
2013-03-19 05:00:00,4970.0
2013-03-19 06:00:00,4905.0
2013-03-19 07:00:00,5205.0
2013-03-19 08:00:00,5927.0
2013-03-19 09:00:00,8754.0
2013-03-19 10:00:00,11505.0
2013-03-19 11:00:00,13054.0
2013-03-19 12:00:00,13574.0
2013-03-19 13:00:00,13562.0
2013-03-19 14:00:00,13672.0
2013-03-19 15:00:00,13586.0
2013-03-19 16:00:00,13597.0
2013-03-19 17:00:00,13624.0
2013-03-19 18:00:00,14250.0
2013-03-19 19:00:00,15154.0
2013-03-19 20:00:00,15178.0
2013-03-19 21:00:00,14427.0
2013-03-19 22:00:00,12808.0
2013-03-19 23:00:00,11842.0
2013-03-20 00:00:00,9842.0
2013-03-20 01:00:00,5012.0
2013-03-20 02:00:00,5003.0
2013-03-20 03:00:00,4631.0
2013-03-20 04:00:00,4464.0
2013-03-20 05:00:00,4419.0
2013-03-20 06:00:00,4427.0
2013-03-20 07:00:00,5535.0
2013-03-20 08:00:00,6129.0
2013-03-20 09:00:00,8985.0
2013-03-20 10:00:00,11489.0
2013-03-20 11:00:00,13080.0
2013-03-20 12:00:00,13877.0
2013-03-20 13:00:00,13943.0
2013-03-20 14:00:00,14256.0
2013-03-20 15:00:00,14214.0
2013-03-20 16:00:00,14160.0
2013-03-20 17:00:00,13770.0
2013-03-20 18:00:00,14858.0
2013-03-20 19:00:00,15209.0
2013-03-20 20:00:00,15314.0
2013-03-20 21:00:00,14503.0
2013-03-20 22:00:00,12821.0
2013-03-20 23:00:00,11755.0
2013-03-21 00:00:00,9755.0
2013-03-21 01:00:00,4910.0
2013-03-21 02:00:00,5014.0
2013-03-21 03:00:00,4655.0
2013-03-21 04:00:00,4466.0
2013-03-21 05:00:00,4383.0
2013-03-21 06:00:00,4395.0
2013-03-21 07:00:00,6126.0
2013-03-21 08:00:00,6458.0
2013-03-21 09:00:00,8983.0
2013-03-21 10:00:00,11371.0
2013-03-21 11:00:00,12886.0
2013-03-21 12:00:00,13477.0
2013-03-21 13:00:00,13567.0
2013-03-21 14:00:00,14093.0
2013-03-21 15:00:00,15163.0
2013-03-21 16:00:00,13659.0
2013-03-21 17:00:00,13555.0
2013-03-21 18:00:00,14055.0
2013-03-21 19:00:00,15193.0
2013-03-21 20:00:00,15151.0
2013-03-21 21:00:00,14499.0
2013-03-21 22:00:00,12977.0
2013-03-21 23:00:00,11882.0
2013-03-22 00:00:00,10108.0
2013-03-22 01:00:00,5123.0
2013-03-22 02:00:00,5046.0
2013-03-22 03:00:00,4597.0
2013-03-22 04:00:00,4400.0
2013-03-22 05:00:00,4376.0
2013-03-22 06:00:00,4397.0
2013-03-22 07:00:00,5843.0
2013-03-22 08:00:00,6548.0
2013-03-22 09:00:00,9173.0
2013-03-22 10:00:00,11524.0
2013-03-22 11:00:00,13077.0
2013-03-22 12:00:00,13401.0
2013-03-22 13:00:00,13825.0
2013-03-22 14:00:00,14463.0
2013-03-22 15:00:00,14901.0
2013-03-22 16:00:00,14439.0
2013-03-22 17:00:00,14129.0
2013-03-22 18:00:00,15120.0
2013-03-22 19:00:00,15716.0
2013-03-22 20:00:00,15713.0
2013-03-22 21:00:00,14657.0
2013-03-22 22:00:00,12832.0
2013-03-22 23:00:00,11793.0
2013-03-23 00:00:00,9885.0
2013-03-23 01:00:00,5225.0
2013-03-23 02:00:00,4914.0
2013-03-23 03:00:00,4402.0
2013-03-23 04:00:00,4281.0
2013-03-23 05:00:00,4272.0
2013-03-23 06:00:00,4235.0
2013-03-23 07:00:00,4615.0
2013-03-23 08:00:00,4648.0
2013-03-23 09:00:00,8098.0
2013-03-23 10:00:00,11042.0
2013-03-23 11:00:00,12547.0
2013-03-23 12:00:00,13493.0
2013-03-23 13:00:00,13995.0
2013-03-23 14:00:00,14133.0
2013-03-23 15:00:00,14173.0
2013-03-23 16:00:00,14278.0
2013-03-23 17:00:00,14945.0
2013-03-23 18:00:00,15498.0
2013-03-23 19:00:00,16480.0
2013-03-23 20:00:00,16439.0
2013-03-23 21:00:00,15330.0
2013-03-23 22:00:00,13402.0
2013-03-23 23:00:00,11899.0
2013-03-24 00:00:00,9042.0
2013-03-24 01:00:00,5184.0
2013-03-24 02:00:00,4916.0
2013-03-24 03:00:00,4450.0
2013-03-24 04:00:00,4276.0
2013-03-24 05:00:00,4218.0
2013-03-24 06:00:00,4250.0
2013-03-24 07:00:00,4598.0
2013-03-24 08:00:00,4352.0
2013-03-24 09:00:00,11879.0
2013-03-24 10:00:00,13124.0
2013-03-24 11:00:00,15062.0
2013-03-24 12:00:00,15862.0
2013-03-24 13:00:00,15885.0
2013-03-24 14:00:00,15854.0
2013-03-24 15:00:00,16007.0
2013-03-24 16:00:00,16093.0
2013-03-24 17:00:00,16224.0
2013-03-24 18:00:00,17072.0
2013-03-24 19:00:00,17741.0
2013-03-24 20:00:00,17589.0
2013-03-24 21:00:00,16643.0
2013-03-24 22:00:00,14879.0
2013-03-24 23:00:00,12650.0
2013-03-25 00:00:00,8578.0
2013-03-25 01:00:00,5087.0
2013-03-25 02:00:00,4714.0
2013-03-25 03:00:00,4253.0
2013-03-25 04:00:00,4035.0
2013-03-25 05:00:00,3961.0
2013-03-25 06:00:00,3959.0
2013-03-25 07:00:00,6020.0
2013-03-25 08:00:00,6545.0
2013-03-25 09:00:00,9011.0
2013-03-25 10:00:00,11461.0
2013-03-25 11:00:00,13334.0
2013-03-25 12:00:00,14323.0
2013-03-25 13:00:00,14871.0
2013-03-25 14:00:00,14744.0
2013-03-25 15:00:00,15037.0
2013-03-25 16:00:00,15510.0
2013-03-25 17:00:00,15964.0
2013-03-25 18:00:00,15749.0
2013-03-25 19:00:00,15581.0
2013-03-25 20:00:00,15501.0
2013-03-25 21:00:00,14711.0
2013-03-25 22:00:00,13078.0
2013-03-25 23:00:00,11982.0
2013-03-26 00:00:00,10114.0
2013-03-26 01:00:00,5433.0
2013-03-26 02:00:00,5159.0
2013-03-26 03:00:00,4706.0
2013-03-26 04:00:00,4509.0
2013-03-26 05:00:00,4480.0
2013-03-26 06:00:00,4500.0
2013-03-26 07:00:00,6058.0
2013-03-26 08:00:00,6672.0
2013-03-26 09:00:00,9145.0
2013-03-26 10:00:00,11449.0
2013-03-26 11:00:00,13441.0
2013-03-26 12:00:00,14670.0
2013-03-26 13:00:00,15554.0
2013-03-26 14:00:00,14640.0
2013-03-26 15:00:00,14609.0
2013-03-26 16:00:00,14520.0
2013-03-26 17:00:00,15045.0
2013-03-26 18:00:00,15792.0
2013-03-26 19:00:00,15697.0
2013-03-26 20:00:00,15647.0
2013-03-26 21:00:00,14927.0
2013-03-26 22:00:00,13224.0
2013-03-26 23:00:00,12060.0
2013-03-27 00:00:00,10103.0
2013-03-27 01:00:00,5636.0
2013-03-27 02:00:00,5392.0
2013-03-27 03:00:00,5027.0
2013-03-27 04:00:00,4855.0
2013-03-27 05:00:00,4779.0
2013-03-27 06:00:00,4799.0
2013-03-27 07:00:00,6556.0
2013-03-27 08:00:00,6758.0
2013-03-27 09:00:00,9051.0
2013-03-27 10:00:00,11433.0
2013-03-27 11:00:00,12879.0
2013-03-27 12:00:00,13443.0
2013-03-27 13:00:00,13993.0
2013-03-27 14:00:00,14127.0
2013-03-27 15:00:00,14112.0
2013-03-27 16:00:00,14050.0
2013-03-27 17:00:00,14115.0
2013-03-27 18:00:00,14801.0
2013-03-27 19:00:00,15671.0
2013-03-27 20:00:00,15703.0
2013-03-27 21:00:00,14950.0
2013-03-27 22:00:00,13353.0
2013-03-27 23:00:00,12409.0
2013-03-28 00:00:00,10571.0
2013-03-28 01:00:00,5247.0
2013-03-28 02:00:00,4962.0
2013-03-28 03:00:00,4512.0
2013-03-28 04:00:00,4468.0
2013-03-28 05:00:00,4478.0
2013-03-28 06:00:00,4446.0
2013-03-28 07:00:00,5600.0
2013-03-28 08:00:00,6082.0
2013-03-28 09:00:00,8968.0
2013-03-28 10:00:00,11563.0
2013-03-28 11:00:00,13143.0
2013-03-28 12:00:00,14162.0
2013-03-28 13:00:00,14078.0
2013-03-28 14:00:00,14048.0
2013-03-28 15:00:00,14641.0
2013-03-28 16:00:00,14329.0
2013-03-28 17:00:00,14115.0
2013-03-28 18:00:00,15267.0
2013-03-28 19:00:00,15491.0
2013-03-28 20:00:00,15478.0
2013-03-28 21:00:00,14698.0
2013-03-28 22:00:00,13168.0
2013-03-28 23:00:00,12066.0
2013-03-29 00:00:00,10189.0
2013-03-29 01:00:00,5407.0
2013-03-29 02:00:00,5052.0
2013-03-29 03:00:00,4844.0
2013-03-29 04:00:00,4606.0
2013-03-29 05:00:00,4598.0
2013-03-29 06:00:00,4563.0
2013-03-29 07:00:00,4679.0
2013-03-29 08:00:00,4601.0
2013-03-29 09:00:00,10041.0
2013-03-29 10:00:00,15703.0
2013-03-29 11:00:00,16738.0
2013-03-29 12:00:00,17193.0
2013-03-29 13:00:00,17159.0
2013-03-29 14:00:00,17274.0
2013-03-29 15:00:00,16258.0
2013-03-29 16:00:00,16824.0
2013-03-29 17:00:00,21191.0
2013-03-29 18:00:00,23731.0
2013-03-29 19:00:00,23286.0
2013-03-29 20:00:00,22284.0
2013-03-29 21:00:00,17737.0
2013-03-29 22:00:00,16026.0
2013-03-29 23:00:00,13267.0
2013-03-30 00:00:00,9028.0
2013-03-30 01:00:00,5102.0
2013-03-30 02:00:00,4666.0
2013-03-30 03:00:00,4377.0
2013-03-30 04:00:00,4172.0
2013-03-30 05:00:00,4101.0
2013-03-30 06:00:00,4180.0
2013-03-30 07:00:00,4292.0
2013-03-30 08:00:00,4408.0
2013-03-30 09:00:00,7541.0
2013-03-30 10:00:00,11202.0
2013-03-30 11:00:00,12923.0
2013-03-30 12:00:00,13367.0
2013-03-30 13:00:00,17923.0
2013-03-30 14:00:00,18523.0
2013-03-30 15:00:00,18454.0
2013-03-30 16:00:00,18276.0
2013-03-30 17:00:00,18621.0
2013-03-30 18:00:00,20471.0
2013-03-30 19:00:00,20574.0
2013-03-30 20:00:00,19341.0
2013-03-30 21:00:00,15679.0
2013-03-30 22:00:00,20162.0
2013-03-30 23:00:00,23116.0
2013-03-31 00:00:00,14425.0
2013-03-31 01:00:00,0.0
2013-03-31 02:00:00,5164.0
2013-03-31 03:00:00,4684.0
2013-03-31 04:00:00,4513.0
2013-03-31 05:00:00,4414.0
2013-03-31 06:00:00,4369.0
2013-03-31 07:00:00,4531.0
2013-03-31 08:00:00,4451.0
2013-03-31 09:00:00,6974.0
2013-03-31 10:00:00,15391.0
2013-03-31 11:00:00,17030.0
2013-03-31 12:00:00,17447.0
2013-03-31 13:00:00,17745.0
2013-03-31 14:00:00,17467.0
2013-03-31 15:00:00,17546.0
2013-03-31 16:00:00,17623.0
2013-03-31 17:00:00,17830.0
2013-03-31 18:00:00,17779.0
2013-03-31 19:00:00,17475.0
2013-03-31 20:00:00,17545.0
2013-03-31 21:00:00,16807.0
2013-03-31 22:00:00,15086.0
2013-03-31 23:00:00,13796.0
2013-04-01 00:00:00,8861.0
2013-04-01 01:00:00,5382.0
2013-04-01 02:00:00,5052.0
2013-04-01 03:00:00,4658.0
2013-04-01 04:00:00,4542.0
2013-04-01 05:00:00,4454.0
2013-04-01 06:00:00,4555.0
2013-04-01 07:00:00,6260.0
2013-04-01 08:00:00,6438.0
2013-04-01 09:00:00,9050.0
2013-04-01 10:00:00,11570.0
2013-04-01 11:00:00,13139.0
2013-04-01 12:00:00,14005.0
2013-04-01 13:00:00,14109.0
2013-04-01 14:00:00,13942.0
2013-04-01 15:00:00,14285.0
2013-04-01 16:00:00,14622.0
2013-04-01 17:00:00,13506.0
2013-04-01 18:00:00,13280.0
2013-04-01 19:00:00,14091.0
2013-04-01 20:00:00,14994.0
2013-04-01 21:00:00,14340.0
2013-04-01 22:00:00,12829.0
2013-04-01 23:00:00,11914.0
2013-04-02 00:00:00,10058.0
2013-04-02 01:00:00,5181.0
2013-04-02 02:00:00,4914.0
2013-04-02 03:00:00,4530.0
2013-04-02 04:00:00,4295.0
2013-04-02 05:00:00,4220.0
2013-04-02 06:00:00,4191.0
2013-04-02 07:00:00,5804.0
2013-04-02 08:00:00,6144.0
2013-04-02 09:00:00,8990.0
2013-04-02 10:00:00,11353.0
2013-04-02 11:00:00,12932.0
2013-04-02 12:00:00,13464.0
2013-04-02 13:00:00,13466.0
2013-04-02 14:00:00,14226.0
2013-04-02 15:00:00,14148.0
2013-04-02 16:00:00,14254.0
2013-04-02 17:00:00,14204.0
2013-04-02 18:00:00,14165.0
2013-04-02 19:00:00,14421.0
2013-04-02 20:00:00,15329.0
2013-04-02 21:00:00,14522.0
2013-04-02 22:00:00,12920.0
2013-04-02 23:00:00,11849.0
2013-04-03 00:00:00,9643.0
2013-04-03 01:00:00,5101.0
2013-04-03 02:00:00,4995.0
2013-04-03 03:00:00,4793.0
2013-04-03 04:00:00,4606.0
2013-04-03 05:00:00,4529.0
2013-04-03 06:00:00,4497.0
2013-04-03 07:00:00,5855.0
2013-04-03 08:00:00,6077.0
2013-04-03 09:00:00,9108.0
2013-04-03 10:00:00,11560.0
2013-04-03 11:00:00,13164.0
2013-04-03 12:00:00,14183.0
2013-04-03 13:00:00,13229.0
2013-04-03 14:00:00,13233.0
2013-04-03 15:00:00,13240.0
2013-04-03 16:00:00,13298.0
2013-04-03 17:00:00,13171.0
2013-04-03 18:00:00,13143.0
2013-04-03 19:00:00,13717.0
2013-04-03 20:00:00,14728.0
2013-04-03 21:00:00,13926.0
2013-04-03 22:00:00,12457.0
2013-04-03 23:00:00,11329.0
2013-04-04 00:00:00,8821.0
2013-04-04 01:00:00,5317.0
2013-04-04 02:00:00,5068.0
2013-04-04 03:00:00,4797.0
2013-04-04 04:00:00,4578.0
2013-04-04 05:00:00,4571.0
2013-04-04 06:00:00,4528.0
2013-04-04 07:00:00,5601.0
2013-04-04 08:00:00,6393.0
2013-04-04 09:00:00,9030.0
2013-04-04 10:00:00,11400.0
2013-04-04 11:00:00,12964.0
2013-04-04 12:00:00,13667.0
2013-04-04 13:00:00,13708.0
2013-04-04 14:00:00,13917.0
2013-04-04 15:00:00,14555.0
2013-04-04 16:00:00,13813.0
2013-04-04 17:00:00,14206.0
2013-04-04 18:00:00,15186.0
2013-04-04 19:00:00,16684.0
2013-04-04 20:00:00,17155.0
2013-04-04 21:00:00,15840.0
2013-04-04 22:00:00,22461.0
2013-04-04 23:00:00,23153.0
2013-04-05 00:00:00,12874.0
2013-04-05 01:00:00,5736.0
2013-04-05 02:00:00,5389.0
2013-04-05 03:00:00,5098.0
2013-04-05 04:00:00,4818.0
2013-04-05 05:00:00,4744.0
2013-04-05 06:00:00,4717.0
2013-04-05 07:00:00,5551.0
2013-04-05 08:00:00,6363.0
2013-04-05 09:00:00,9110.0
2013-04-05 10:00:00,11379.0
2013-04-05 11:00:00,13039.0
2013-04-05 12:00:00,13569.0
2013-04-05 13:00:00,13326.0
2013-04-05 14:00:00,13273.0
2013-04-05 15:00:00,13223.0
2013-04-05 16:00:00,13432.0
2013-04-05 17:00:00,13052.0
2013-04-05 18:00:00,13039.0
2013-04-05 19:00:00,13254.0
2013-04-05 20:00:00,14631.0
2013-04-05 21:00:00,13811.0
2013-04-05 22:00:00,12293.0
2013-04-05 23:00:00,11607.0
2013-04-06 00:00:00,9796.0
2013-04-06 01:00:00,5247.0
2013-04-06 02:00:00,4922.0
2013-04-06 03:00:00,4584.0
2013-04-06 04:00:00,4395.0
2013-04-06 05:00:00,4347.0
2013-04-06 06:00:00,4414.0
2013-04-06 07:00:00,4697.0
2013-04-06 08:00:00,4768.0
2013-04-06 09:00:00,8382.0
2013-04-06 10:00:00,11120.0
2013-04-06 11:00:00,12573.0
2013-04-06 12:00:00,13217.0
2013-04-06 13:00:00,13257.0
2013-04-06 14:00:00,13146.0
2013-04-06 15:00:00,13203.0
2013-04-06 16:00:00,13148.0
2013-04-06 17:00:00,12997.0
2013-04-06 18:00:00,12952.0
2013-04-06 19:00:00,13536.0
2013-04-06 20:00:00,14612.0
2013-04-06 21:00:00,13981.0
2013-04-06 22:00:00,12535.0
2013-04-06 23:00:00,11563.0
2013-04-07 00:00:00,9941.0
2013-04-07 01:00:00,5292.0
2013-04-07 02:00:00,4885.0
2013-04-07 03:00:00,4525.0
2013-04-07 04:00:00,4362.0
2013-04-07 05:00:00,4387.0
2013-04-07 06:00:00,4381.0
2013-04-07 07:00:00,4634.0
2013-04-07 08:00:00,4642.0
2013-04-07 09:00:00,7204.0
2013-04-07 10:00:00,14319.0
2013-04-07 11:00:00,14984.0
2013-04-07 12:00:00,15519.0
2013-04-07 13:00:00,15599.0
2013-04-07 14:00:00,15953.0
2013-04-07 15:00:00,15948.0
2013-04-07 16:00:00,16004.0
2013-04-07 17:00:00,15995.0
2013-04-07 18:00:00,16092.0
2013-04-07 19:00:00,17032.0
2013-04-07 20:00:00,17483.0
2013-04-07 21:00:00,16936.0
2013-04-07 22:00:00,15420.0
2013-04-07 23:00:00,14420.0
2013-04-08 00:00:00,9879.0
2013-04-08 01:00:00,5379.0
2013-04-08 02:00:00,5239.0
2013-04-08 03:00:00,4891.0
2013-04-08 04:00:00,4701.0
2013-04-08 05:00:00,4627.0
2013-04-08 06:00:00,4598.0
2013-04-08 07:00:00,5833.0
2013-04-08 08:00:00,6595.0
2013-04-08 09:00:00,8906.0
2013-04-08 10:00:00,11260.0
2013-04-08 11:00:00,12910.0
2013-04-08 12:00:00,13540.0
2013-04-08 13:00:00,13316.0
2013-04-08 14:00:00,13152.0
2013-04-08 15:00:00,13207.0
2013-04-08 16:00:00,13350.0
2013-04-08 17:00:00,13398.0
2013-04-08 18:00:00,13305.0
2013-04-08 19:00:00,13857.0
2013-04-08 20:00:00,14889.0
2013-04-08 21:00:00,14218.0
2013-04-08 22:00:00,12690.0
2013-04-08 23:00:00,11585.0
2013-04-09 00:00:00,9665.0
2013-04-09 01:00:00,5782.0
2013-04-09 02:00:00,5545.0
2013-04-09 03:00:00,5220.0
2013-04-09 04:00:00,5078.0
2013-04-09 05:00:00,4971.0
2013-04-09 06:00:00,4882.0
2013-04-09 07:00:00,6605.0
2013-04-09 08:00:00,6676.0
2013-04-09 09:00:00,9060.0
2013-04-09 10:00:00,10948.0
2013-04-09 11:00:00,12644.0
2013-04-09 12:00:00,15729.0
2013-04-09 13:00:00,16913.0
2013-04-09 14:00:00,13978.0
2013-04-09 15:00:00,14935.0
2013-04-09 16:00:00,15915.0
2013-04-09 17:00:00,14315.0
2013-04-09 18:00:00,13747.0
2013-04-09 19:00:00,14793.0
2013-04-09 20:00:00,14878.0
2013-04-09 21:00:00,14174.0
2013-04-09 22:00:00,12715.0
2013-04-09 23:00:00,11697.0
2013-04-10 00:00:00,9724.0
2013-04-10 01:00:00,5975.0
2013-04-10 02:00:00,5777.0
2013-04-10 03:00:00,5460.0
2013-04-10 04:00:00,5257.0
2013-04-10 05:00:00,4988.0
2013-04-10 06:00:00,4617.0
2013-04-10 07:00:00,5814.0
2013-04-10 08:00:00,6468.0
2013-04-10 09:00:00,9090.0
2013-04-10 10:00:00,11500.0
2013-04-10 11:00:00,13112.0
2013-04-10 12:00:00,13497.0
2013-04-10 13:00:00,17028.0
2013-04-10 14:00:00,15441.0
2013-04-10 15:00:00,13612.0
2013-04-10 16:00:00,14409.0
2013-04-10 17:00:00,14936.0
2013-04-10 18:00:00,15675.0
2013-04-10 19:00:00,16200.0
2013-04-10 20:00:00,16356.0
2013-04-10 21:00:00,15113.0
2013-04-10 22:00:00,12898.0
2013-04-10 23:00:00,12007.0
2013-04-11 00:00:00,9495.0
2013-04-11 01:00:00,5528.0
2013-04-11 02:00:00,5344.0
2013-04-11 03:00:00,5027.0
2013-04-11 04:00:00,4921.0
2013-04-11 05:00:00,4923.0
2013-04-11 06:00:00,4889.0
2013-04-11 07:00:00,6321.0
2013-04-11 08:00:00,6823.0
2013-04-11 09:00:00,9579.0
2013-04-11 10:00:00,12974.0
2013-04-11 11:00:00,14377.0
2013-04-11 12:00:00,14852.0
2013-04-11 13:00:00,14838.0
2013-04-11 14:00:00,14761.0
2013-04-11 15:00:00,14974.0
2013-04-11 16:00:00,15142.0
2013-04-11 17:00:00,14900.0
2013-04-11 18:00:00,14819.0
2013-04-11 19:00:00,14956.0
2013-04-11 20:00:00,16051.0
2013-04-11 21:00:00,15200.0
2013-04-11 22:00:00,13468.0
2013-04-11 23:00:00,12625.0
2013-04-12 00:00:00,10236.0
2013-04-12 01:00:00,5266.0
2013-04-12 02:00:00,5038.0
2013-04-12 03:00:00,4813.0
2013-04-12 04:00:00,4740.0
2013-04-12 05:00:00,4504.0
2013-04-12 06:00:00,4426.0
2013-04-12 07:00:00,5647.0
2013-04-12 08:00:00,6937.0
2013-04-12 09:00:00,9300.0
2013-04-12 10:00:00,12158.0
2013-04-12 11:00:00,13985.0
2013-04-12 12:00:00,14541.0
2013-04-12 13:00:00,15087.0
2013-04-12 14:00:00,15000.0
2013-04-12 15:00:00,15511.0
2013-04-12 16:00:00,15050.0
2013-04-12 17:00:00,14987.0
2013-04-12 18:00:00,14944.0
2013-04-12 19:00:00,15098.0
2013-04-12 20:00:00,16153.0
2013-04-12 21:00:00,15162.0
2013-04-12 22:00:00,13432.0
2013-04-12 23:00:00,12479.0
2013-04-13 00:00:00,9594.0
2013-04-13 01:00:00,4849.0
2013-04-13 02:00:00,4609.0
2013-04-13 03:00:00,4262.0
2013-04-13 04:00:00,4166.0
2013-04-13 05:00:00,4111.0
2013-04-13 06:00:00,4144.0
2013-04-13 07:00:00,4347.0
2013-04-13 08:00:00,4463.0
2013-04-13 09:00:00,9234.0
2013-04-13 10:00:00,12225.0
2013-04-13 11:00:00,13549.0
2013-04-13 12:00:00,14523.0
2013-04-13 13:00:00,14546.0
2013-04-13 14:00:00,15497.0
2013-04-13 15:00:00,16131.0
2013-04-13 16:00:00,16137.0
2013-04-13 17:00:00,16070.0
2013-04-13 18:00:00,16126.0
2013-04-13 19:00:00,16157.0
2013-04-13 20:00:00,17214.0
2013-04-13 21:00:00,15394.0
2013-04-13 22:00:00,13075.0
2013-04-13 23:00:00,11292.0
2013-04-14 00:00:00,8222.0
2013-04-14 01:00:00,4602.0
2013-04-14 02:00:00,4546.0
2013-04-14 03:00:00,4105.0
2013-04-14 04:00:00,3982.0
2013-04-14 05:00:00,3941.0
2013-04-14 06:00:00,3910.0
2013-04-14 07:00:00,4323.0
2013-04-14 08:00:00,4450.0
2013-04-14 09:00:00,7878.0
2013-04-14 10:00:00,15424.0
2013-04-14 11:00:00,16080.0
2013-04-14 12:00:00,17358.0
2013-04-14 13:00:00,20251.0
2013-04-14 14:00:00,20713.0
2013-04-14 15:00:00,20888.0
2013-04-14 16:00:00,20901.0
2013-04-14 17:00:00,20952.0
2013-04-14 18:00:00,20520.0
2013-04-14 19:00:00,19014.0
2013-04-14 20:00:00,19560.0
2013-04-14 21:00:00,17797.0
2013-04-14 22:00:00,15309.0
2013-04-14 23:00:00,13111.0
2013-04-15 00:00:00,8250.0
2013-04-15 01:00:00,4825.0
2013-04-15 02:00:00,4840.0
2013-04-15 03:00:00,4482.0
2013-04-15 04:00:00,4380.0
2013-04-15 05:00:00,4250.0
2013-04-15 06:00:00,4288.0
2013-04-15 07:00:00,6130.0
2013-04-15 08:00:00,7001.0
2013-04-15 09:00:00,9752.0
2013-04-15 10:00:00,11942.0
2013-04-15 11:00:00,14482.0
2013-04-15 12:00:00,15821.0
2013-04-15 13:00:00,15615.0
2013-04-15 14:00:00,15566.0
2013-04-15 15:00:00,16330.0
2013-04-15 16:00:00,16480.0
2013-04-15 17:00:00,16601.0
2013-04-15 18:00:00,16437.0
2013-04-15 19:00:00,16303.0
2013-04-15 20:00:00,17255.0
2013-04-15 21:00:00,15576.0
2013-04-15 22:00:00,18039.0
2013-04-15 23:00:00,12807.0
2013-04-16 00:00:00,9447.0
2013-04-16 01:00:00,5245.0
2013-04-16 02:00:00,5065.0
2013-04-16 03:00:00,4792.0
2013-04-16 04:00:00,4661.0
2013-04-16 05:00:00,4595.0
2013-04-16 06:00:00,4595.0
2013-04-16 07:00:00,6399.0
2013-04-16 08:00:00,6807.0
2013-04-16 09:00:00,9687.0
2013-04-16 10:00:00,12999.0
2013-04-16 11:00:00,14838.0
2013-04-16 12:00:00,15882.0
2013-04-16 13:00:00,15902.0
2013-04-16 14:00:00,16011.0
2013-04-16 15:00:00,16217.0
2013-04-16 16:00:00,16349.0
2013-04-16 17:00:00,16356.0
2013-04-16 18:00:00,16362.0
2013-04-16 19:00:00,16224.0
2013-04-16 20:00:00,17219.0
2013-04-16 21:00:00,15883.0
2013-04-16 22:00:00,13466.0
2013-04-16 23:00:00,12176.0
2013-04-17 00:00:00,9625.0
2013-04-17 01:00:00,5210.0
2013-04-17 02:00:00,5182.0
2013-04-17 03:00:00,4819.0
2013-04-17 04:00:00,4635.0
2013-04-17 05:00:00,4624.0
2013-04-17 06:00:00,4569.0
2013-04-17 07:00:00,6462.0
2013-04-17 08:00:00,6935.0
2013-04-17 09:00:00,9489.0
2013-04-17 10:00:00,12812.0
2013-04-17 11:00:00,15111.0
2013-04-17 12:00:00,16171.0
2013-04-17 13:00:00,16161.0
2013-04-17 14:00:00,16110.0
2013-04-17 15:00:00,16176.0
2013-04-17 16:00:00,15529.0
2013-04-17 17:00:00,19083.0
2013-04-17 18:00:00,18808.0
2013-04-17 19:00:00,16230.0
2013-04-17 20:00:00,16472.0
2013-04-17 21:00:00,15622.0
2013-04-17 22:00:00,13394.0
2013-04-17 23:00:00,12226.0
2013-04-18 00:00:00,9639.0
2013-04-18 01:00:00,4979.0
2013-04-18 02:00:00,4846.0
2013-04-18 03:00:00,4597.0
2013-04-18 04:00:00,4554.0
2013-04-18 05:00:00,4515.0
2013-04-18 06:00:00,4478.0
2013-04-18 07:00:00,6422.0
2013-04-18 08:00:00,6760.0
2013-04-18 09:00:00,9564.0
2013-04-18 10:00:00,13467.0
2013-04-18 11:00:00,14493.0
2013-04-18 12:00:00,14595.0
2013-04-18 13:00:00,15372.0
2013-04-18 14:00:00,15345.0
2013-04-18 15:00:00,15394.0
2013-04-18 16:00:00,15429.0
2013-04-18 17:00:00,15191.0
2013-04-18 18:00:00,14986.0
2013-04-18 19:00:00,15082.0
2013-04-18 20:00:00,16339.0
2013-04-18 21:00:00,15125.0
2013-04-18 22:00:00,12993.0
2013-04-18 23:00:00,11974.0
2013-04-19 00:00:00,9832.0
2013-04-19 01:00:00,5152.0
2013-04-19 02:00:00,5112.0
2013-04-19 03:00:00,4859.0
2013-04-19 04:00:00,4831.0
2013-04-19 05:00:00,4693.0
2013-04-19 06:00:00,4571.0
2013-04-19 07:00:00,6473.0
2013-04-19 08:00:00,7113.0
2013-04-19 09:00:00,9613.0
2013-04-19 10:00:00,13554.0
2013-04-19 11:00:00,15122.0
2013-04-19 12:00:00,15684.0
2013-04-19 13:00:00,15730.0
2013-04-19 14:00:00,15725.0
2013-04-19 15:00:00,16173.0
2013-04-19 16:00:00,16062.0
2013-04-19 17:00:00,16032.0
2013-04-19 18:00:00,15965.0
2013-04-19 19:00:00,15905.0
2013-04-19 20:00:00,16926.0
2013-04-19 21:00:00,15581.0
2013-04-19 22:00:00,13490.0
2013-04-19 23:00:00,12274.0
2013-04-20 00:00:00,9686.0
2013-04-20 01:00:00,4794.0
2013-04-20 02:00:00,4604.0
2013-04-20 03:00:00,4389.0
2013-04-20 04:00:00,4349.0
2013-04-20 05:00:00,4253.0
2013-04-20 06:00:00,4247.0
2013-04-20 07:00:00,4433.0
2013-04-20 08:00:00,4761.0
2013-04-20 09:00:00,8955.0
2013-04-20 10:00:00,12992.0
2013-04-20 11:00:00,17486.0
2013-04-20 12:00:00,17187.0
2013-04-20 13:00:00,17977.0
2013-04-20 14:00:00,17955.0
2013-04-20 15:00:00,18220.0
2013-04-20 16:00:00,18379.0
2013-04-20 17:00:00,18508.0
2013-04-20 18:00:00,18499.0
2013-04-20 19:00:00,18358.0
2013-04-20 20:00:00,19421.0
2013-04-20 21:00:00,17032.0
2013-04-20 22:00:00,13215.0
2013-04-20 23:00:00,11882.0
2013-04-21 00:00:00,8236.0
2013-04-21 01:00:00,4663.0
2013-04-21 02:00:00,4451.0
2013-04-21 03:00:00,4225.0
2013-04-21 04:00:00,4135.0
2013-04-21 05:00:00,4054.0
2013-04-21 06:00:00,4072.0
2013-04-21 07:00:00,4316.0
2013-04-21 08:00:00,4500.0
2013-04-21 09:00:00,10178.0
2013-04-21 10:00:00,16473.0
2013-04-21 11:00:00,17904.0
2013-04-21 12:00:00,20991.0
2013-04-21 13:00:00,20621.0
2013-04-21 14:00:00,20388.0
2013-04-21 15:00:00,20557.0
2013-04-21 16:00:00,21882.0
2013-04-21 17:00:00,22531.0
2013-04-21 18:00:00,22290.0
2013-04-21 19:00:00,22079.0
2013-04-21 20:00:00,22818.0
2013-04-21 21:00:00,20859.0
2013-04-21 22:00:00,27711.0
2013-04-21 23:00:00,24445.0
2013-04-22 00:00:00,11448.0
2013-04-22 01:00:00,5258.0
2013-04-22 02:00:00,5111.0
2013-04-22 03:00:00,4829.0
2013-04-22 04:00:00,4705.0
2013-04-22 05:00:00,4645.0
2013-04-22 06:00:00,4718.0
2013-04-22 07:00:00,6603.0
2013-04-22 08:00:00,7368.0
2013-04-22 09:00:00,9808.0
2013-04-22 10:00:00,13355.0
2013-04-22 11:00:00,15597.0
2013-04-22 12:00:00,16036.0
2013-04-22 13:00:00,15954.0
2013-04-22 14:00:00,16033.0
2013-04-22 15:00:00,16061.0
2013-04-22 16:00:00,16272.0
2013-04-22 17:00:00,16250.0
2013-04-22 18:00:00,16128.0
2013-04-22 19:00:00,15877.0
2013-04-22 20:00:00,16956.0
2013-04-22 21:00:00,16071.0
2013-04-22 22:00:00,13844.0
2013-04-22 23:00:00,12749.0
2013-04-23 00:00:00,10074.0
2013-04-23 01:00:00,5095.0
2013-04-23 02:00:00,4996.0
2013-04-23 03:00:00,4706.0
2013-04-23 04:00:00,4594.0
2013-04-23 05:00:00,4656.0
2013-04-23 06:00:00,4538.0
2013-04-23 07:00:00,6278.0
2013-04-23 08:00:00,6897.0
2013-04-23 09:00:00,9863.0
2013-04-23 10:00:00,14084.0
2013-04-23 11:00:00,15751.0
2013-04-23 12:00:00,15801.0
2013-04-23 13:00:00,16084.0
2013-04-23 14:00:00,16043.0
2013-04-23 15:00:00,16035.0
2013-04-23 16:00:00,15959.0
2013-04-23 17:00:00,15996.0
2013-04-23 18:00:00,15905.0
2013-04-23 19:00:00,15805.0
2013-04-23 20:00:00,16870.0
2013-04-23 21:00:00,15762.0
2013-04-23 22:00:00,13492.0
2013-04-23 23:00:00,12415.0
2013-04-24 00:00:00,10098.0
2013-04-24 01:00:00,5176.0
2013-04-24 02:00:00,4945.0
2013-04-24 03:00:00,4677.0
2013-04-24 04:00:00,4684.0
2013-04-24 05:00:00,4569.0
2013-04-24 06:00:00,4575.0
2013-04-24 07:00:00,6393.0
2013-04-24 08:00:00,7270.0
2013-04-24 09:00:00,10225.0
2013-04-24 10:00:00,14389.0
2013-04-24 11:00:00,16118.0
2013-04-24 12:00:00,16370.0
2013-04-24 13:00:00,16370.0
2013-04-24 14:00:00,16790.0
2013-04-24 15:00:00,16492.0
2013-04-24 16:00:00,16646.0
2013-04-24 17:00:00,16641.0
2013-04-24 18:00:00,16506.0
2013-04-24 19:00:00,16470.0
2013-04-24 20:00:00,17551.0
2013-04-24 21:00:00,16527.0
2013-04-24 22:00:00,14242.0
2013-04-24 23:00:00,12642.0
2013-04-25 00:00:00,9865.0
2013-04-25 01:00:00,5311.0
2013-04-25 02:00:00,5123.0
2013-04-25 03:00:00,4883.0
2013-04-25 04:00:00,4849.0
2013-04-25 05:00:00,4830.0
2013-04-25 06:00:00,4771.0
2013-04-25 07:00:00,4989.0
2013-04-25 08:00:00,5952.0
2013-04-25 09:00:00,13601.0
2013-04-25 10:00:00,17904.0
2013-04-25 11:00:00,21130.0
2013-04-25 12:00:00,21418.0
2013-04-25 13:00:00,22378.0
2013-04-25 14:00:00,23031.0
2013-04-25 15:00:00,23394.0
2013-04-25 16:00:00,22919.0
2013-04-25 17:00:00,22457.0
2013-04-25 18:00:00,22203.0
2013-04-25 19:00:00,21704.0
2013-04-25 20:00:00,22410.0
2013-04-25 21:00:00,20983.0
2013-04-25 22:00:00,17057.0
2013-04-25 23:00:00,14088.0
2013-04-26 00:00:00,8628.0
2013-04-26 01:00:00,5379.0
2013-04-26 02:00:00,5291.0
2013-04-26 03:00:00,5043.0
2013-04-26 04:00:00,4882.0
2013-04-26 05:00:00,4755.0
2013-04-26 06:00:00,4903.0
2013-04-26 07:00:00,8101.0
2013-04-26 08:00:00,8307.0
2013-04-26 09:00:00,10595.0
2013-04-26 10:00:00,14361.0
2013-04-26 11:00:00,15775.0
2013-04-26 12:00:00,16052.0
2013-04-26 13:00:00,16126.0
2013-04-26 14:00:00,16125.0
2013-04-26 15:00:00,16100.0
2013-04-26 16:00:00,16108.0
2013-04-26 17:00:00,16068.0
2013-04-26 18:00:00,15942.0
2013-04-26 19:00:00,16282.0
2013-04-26 20:00:00,17027.0
2013-04-26 21:00:00,15828.0
2013-04-26 22:00:00,13744.0
2013-04-26 23:00:00,12379.0
2013-04-27 00:00:00,9767.0
2013-04-27 01:00:00,4931.0
2013-04-27 02:00:00,4785.0
2013-04-27 03:00:00,4449.0
2013-04-27 04:00:00,4365.0
2013-04-27 05:00:00,4266.0
2013-04-27 06:00:00,4290.0
2013-04-27 07:00:00,4368.0
2013-04-27 08:00:00,4545.0
2013-04-27 09:00:00,8810.0
2013-04-27 10:00:00,12735.0
2013-04-27 11:00:00,13839.0
2013-04-27 12:00:00,13808.0
2013-04-27 13:00:00,13980.0
2013-04-27 14:00:00,14575.0
2013-04-27 15:00:00,14888.0
2013-04-27 16:00:00,14954.0
2013-04-27 17:00:00,14804.0
2013-04-27 18:00:00,14710.0
2013-04-27 19:00:00,14660.0
2013-04-27 20:00:00,15740.0
2013-04-27 21:00:00,14881.0
2013-04-27 22:00:00,12828.0
2013-04-27 23:00:00,11415.0
2013-04-28 00:00:00,9106.0
2013-04-28 01:00:00,4845.0
2013-04-28 02:00:00,4618.0
2013-04-28 03:00:00,4306.0
2013-04-28 04:00:00,4189.0
2013-04-28 05:00:00,4145.0
2013-04-28 06:00:00,4119.0
2013-04-28 07:00:00,4295.0
2013-04-28 08:00:00,4559.0
2013-04-28 09:00:00,10115.0
2013-04-28 10:00:00,15079.0
2013-04-28 11:00:00,16109.0
2013-04-28 12:00:00,16404.0
2013-04-28 13:00:00,16506.0
2013-04-28 14:00:00,16618.0
2013-04-28 15:00:00,16850.0
2013-04-28 16:00:00,16870.0
2013-04-28 17:00:00,16801.0
2013-04-28 18:00:00,16685.0
2013-04-28 19:00:00,16367.0
2013-04-28 20:00:00,17145.0
2013-04-28 21:00:00,16215.0
2013-04-28 22:00:00,14462.0
2013-04-28 23:00:00,13264.0
2013-04-29 00:00:00,8433.0
2013-04-29 01:00:00,5080.0
2013-04-29 02:00:00,4823.0
2013-04-29 03:00:00,4438.0
2013-04-29 04:00:00,4332.0
2013-04-29 05:00:00,4322.0
2013-04-29 06:00:00,4276.0
2013-04-29 07:00:00,5645.0
2013-04-29 08:00:00,6545.0
2013-04-29 09:00:00,9297.0
2013-04-29 10:00:00,13104.0
2013-04-29 11:00:00,14580.0
2013-04-29 12:00:00,14777.0
2013-04-29 13:00:00,14760.0
2013-04-29 14:00:00,14895.0
2013-04-29 15:00:00,15023.0
2013-04-29 16:00:00,14989.0
2013-04-29 17:00:00,14968.0
2013-04-29 18:00:00,14867.0
2013-04-29 19:00:00,14775.0
2013-04-29 20:00:00,15910.0
2013-04-29 21:00:00,15347.0
2013-04-29 22:00:00,13480.0
2013-04-29 23:00:00,11837.0
2013-04-30 00:00:00,9498.0
2013-04-30 01:00:00,5153.0
2013-04-30 02:00:00,5106.0
2013-04-30 03:00:00,4828.0
2013-04-30 04:00:00,4651.0
2013-04-30 05:00:00,4654.0
2013-04-30 06:00:00,4621.0
2013-04-30 07:00:00,6575.0
2013-04-30 08:00:00,6823.0
2013-04-30 09:00:00,9330.0
2013-04-30 10:00:00,13245.0
2013-04-30 11:00:00,14675.0
2013-04-30 12:00:00,14832.0
2013-04-30 13:00:00,14804.0
2013-04-30 14:00:00,15146.0
2013-04-30 15:00:00,15132.0
2013-04-30 16:00:00,14975.0
2013-04-30 17:00:00,15062.0
2013-04-30 18:00:00,15025.0
2013-04-30 19:00:00,15056.0
2013-04-30 20:00:00,16100.0
2013-04-30 21:00:00,15225.0
2013-04-30 22:00:00,13117.0
2013-04-30 23:00:00,11618.0
2013-05-01 00:00:00,9352.0
2013-05-01 01:00:00,5283.0
2013-05-01 02:00:00,5031.0
2013-05-01 03:00:00,4747.0
2013-05-01 04:00:00,4591.0
2013-05-01 05:00:00,5612.0
2013-05-01 06:00:00,5917.0
2013-05-01 07:00:00,5069.0
2013-05-01 08:00:00,5154.0
2013-05-01 09:00:00,12183.0
2013-05-01 10:00:00,14334.0
2013-05-01 11:00:00,16066.0
2013-05-01 12:00:00,16521.0
2013-05-01 13:00:00,16566.0
2013-05-01 14:00:00,16550.0
2013-05-01 15:00:00,16741.0
2013-05-01 16:00:00,17373.0
2013-05-01 17:00:00,17754.0
2013-05-01 18:00:00,17418.0
2013-05-01 19:00:00,17593.0
2013-05-01 20:00:00,18521.0
2013-05-01 21:00:00,17419.0
2013-05-01 22:00:00,15545.0
2013-05-01 23:00:00,12098.0
2013-05-02 00:00:00,8332.0
2013-05-02 01:00:00,5262.0
2013-05-02 02:00:00,5051.0
2013-05-02 03:00:00,4676.0
2013-05-02 04:00:00,4541.0
2013-05-02 05:00:00,5583.0
2013-05-02 06:00:00,5884.0
2013-05-02 07:00:00,6762.0
2013-05-02 08:00:00,6968.0
2013-05-02 09:00:00,9352.0
2013-05-02 10:00:00,13771.0
2013-05-02 11:00:00,15763.0
2013-05-02 12:00:00,16033.0
2013-05-02 13:00:00,15916.0
2013-05-02 14:00:00,15859.0
2013-05-02 15:00:00,15891.0
2013-05-02 16:00:00,15691.0
2013-05-02 17:00:00,17066.0
2013-05-02 18:00:00,17424.0
2013-05-02 19:00:00,17414.0
2013-05-02 20:00:00,18288.0
2013-05-02 21:00:00,16710.0
2013-05-02 22:00:00,22329.0
2013-05-02 23:00:00,24367.0
2013-05-03 00:00:00,13426.0
2013-05-03 01:00:00,5504.0
2013-05-03 02:00:00,5295.0
2013-05-03 03:00:00,4854.0
2013-05-03 04:00:00,4787.0
2013-05-03 05:00:00,5774.0
2013-05-03 06:00:00,6075.0
2013-05-03 07:00:00,6753.0
2013-05-03 08:00:00,7032.0
2013-05-03 09:00:00,9924.0
2013-05-03 10:00:00,13917.0
2013-05-03 11:00:00,15707.0
2013-05-03 12:00:00,16229.0
2013-05-03 13:00:00,16238.0
2013-05-03 14:00:00,16076.0
2013-05-03 15:00:00,16410.0
2013-05-03 16:00:00,16455.0
2013-05-03 17:00:00,16300.0
2013-05-03 18:00:00,16203.0
2013-05-03 19:00:00,16020.0
2013-05-03 20:00:00,16904.0
2013-05-03 21:00:00,15977.0
2013-05-03 22:00:00,13746.0
2013-05-03 23:00:00,12517.0
2013-05-04 00:00:00,10050.0
2013-05-04 01:00:00,5134.0
2013-05-04 02:00:00,4784.0
2013-05-04 03:00:00,4418.0
2013-05-04 04:00:00,4297.0
2013-05-04 05:00:00,5292.0
2013-05-04 06:00:00,5629.0
2013-05-04 07:00:00,4628.0
2013-05-04 08:00:00,4673.0
2013-05-04 09:00:00,8994.0
2013-05-04 10:00:00,14052.0
2013-05-04 11:00:00,15675.0
2013-05-04 12:00:00,15643.0
2013-05-04 13:00:00,15833.0
2013-05-04 14:00:00,16021.0
2013-05-04 15:00:00,16111.0
2013-05-04 16:00:00,16063.0
2013-05-04 17:00:00,16080.0
2013-05-04 18:00:00,16211.0
2013-05-04 19:00:00,16287.0
2013-05-04 20:00:00,17152.0
2013-05-04 21:00:00,16014.0
2013-05-04 22:00:00,13526.0
2013-05-04 23:00:00,12219.0
2013-05-05 00:00:00,9578.0
2013-05-05 01:00:00,4850.0
2013-05-05 02:00:00,4494.0
2013-05-05 03:00:00,4255.0
2013-05-05 04:00:00,4130.0
2013-05-05 05:00:00,5220.0
2013-05-05 06:00:00,5535.0
2013-05-05 07:00:00,4451.0
2013-05-05 08:00:00,5955.0
2013-05-05 09:00:00,12613.0
2013-05-05 10:00:00,16334.0
2013-05-05 11:00:00,19550.0
2013-05-05 12:00:00,21452.0
2013-05-05 13:00:00,21427.0
2013-05-05 14:00:00,21338.0
2013-05-05 15:00:00,21511.0
2013-05-05 16:00:00,21919.0
2013-05-05 17:00:00,22211.0
2013-05-05 18:00:00,22021.0
2013-05-05 19:00:00,19762.0
2013-05-05 20:00:00,19910.0
2013-05-05 21:00:00,18979.0
2013-05-05 22:00:00,16274.0
2013-05-05 23:00:00,14813.0
2013-05-06 00:00:00,9896.0
2013-05-06 01:00:00,5216.0
2013-05-06 02:00:00,4908.0
2013-05-06 03:00:00,4596.0
2013-05-06 04:00:00,4497.0
2013-05-06 05:00:00,5552.0
2013-05-06 06:00:00,5700.0
2013-05-06 07:00:00,6078.0
2013-05-06 08:00:00,6884.0
2013-05-06 09:00:00,10033.0
2013-05-06 10:00:00,13947.0
2013-05-06 11:00:00,15980.0
2013-05-06 12:00:00,16262.0
2013-05-06 13:00:00,16207.0
2013-05-06 14:00:00,16157.0
2013-05-06 15:00:00,16059.0
2013-05-06 16:00:00,16124.0
2013-05-06 17:00:00,16853.0
2013-05-06 18:00:00,16886.0
2013-05-06 19:00:00,17712.0
2013-05-06 20:00:00,18229.0
2013-05-06 21:00:00,16500.0
2013-05-06 22:00:00,19943.0
2013-05-06 23:00:00,21664.0
2013-05-07 00:00:00,12935.0
2013-05-07 01:00:00,5036.0
2013-05-07 02:00:00,4852.0
2013-05-07 03:00:00,4510.0
2013-05-07 04:00:00,4390.0
2013-05-07 05:00:00,5410.0
2013-05-07 06:00:00,5608.0
2013-05-07 07:00:00,6555.0
2013-05-07 08:00:00,7584.0
2013-05-07 09:00:00,10288.0
2013-05-07 10:00:00,13888.0
2013-05-07 11:00:00,15730.0
2013-05-07 12:00:00,15867.0
2013-05-07 13:00:00,15848.0
2013-05-07 14:00:00,15817.0
2013-05-07 15:00:00,16039.0
2013-05-07 16:00:00,16020.0
2013-05-07 17:00:00,16156.0
2013-05-07 18:00:00,16001.0
2013-05-07 19:00:00,16306.0
2013-05-07 20:00:00,17231.0
2013-05-07 21:00:00,16009.0
2013-05-07 22:00:00,13818.0
2013-05-07 23:00:00,12493.0
2013-05-08 00:00:00,9960.0
2013-05-08 01:00:00,4863.0
2013-05-08 02:00:00,4945.0
2013-05-08 03:00:00,4696.0
2013-05-08 04:00:00,4631.0
2013-05-08 05:00:00,5675.0
2013-05-08 06:00:00,5791.0
2013-05-08 07:00:00,6353.0
2013-05-08 08:00:00,6923.0
2013-05-08 09:00:00,10012.0
2013-05-08 10:00:00,13616.0
2013-05-08 11:00:00,15437.0
2013-05-08 12:00:00,15965.0
2013-05-08 13:00:00,16025.0
2013-05-08 14:00:00,16260.0
2013-05-08 15:00:00,16548.0
2013-05-08 16:00:00,17369.0
2013-05-08 17:00:00,17065.0
2013-05-08 18:00:00,16723.0
2013-05-08 19:00:00,16485.0
2013-05-08 20:00:00,17903.0
2013-05-08 21:00:00,16711.0
2013-05-08 22:00:00,14261.0
2013-05-08 23:00:00,12901.0
2013-05-09 00:00:00,9929.0
2013-05-09 01:00:00,5258.0
2013-05-09 02:00:00,5099.0
2013-05-09 03:00:00,4784.0
2013-05-09 04:00:00,4645.0
2013-05-09 05:00:00,5397.0
2013-05-09 06:00:00,5503.0
2013-05-09 07:00:00,6111.0
2013-05-09 08:00:00,7198.0
2013-05-09 09:00:00,10149.0
2013-05-09 10:00:00,14089.0
2013-05-09 11:00:00,15784.0
2013-05-09 12:00:00,16460.0
2013-05-09 13:00:00,19315.0
2013-05-09 14:00:00,19901.0
2013-05-09 15:00:00,20270.0
2013-05-09 16:00:00,20940.0
2013-05-09 17:00:00,20944.0
2013-05-09 18:00:00,20722.0
2013-05-09 19:00:00,17844.0
2013-05-09 20:00:00,17890.0
2013-05-09 21:00:00,16776.0
2013-05-09 22:00:00,14476.0
2013-05-09 23:00:00,13254.0
2013-05-10 00:00:00,10616.0
2013-05-10 01:00:00,5767.0
2013-05-10 02:00:00,5467.0
2013-05-10 03:00:00,5117.0
2013-05-10 04:00:00,5054.0
2013-05-10 05:00:00,6202.0
2013-05-10 06:00:00,6452.0
2013-05-10 07:00:00,6807.0
2013-05-10 08:00:00,7199.0
2013-05-10 09:00:00,10343.0
2013-05-10 10:00:00,14699.0
2013-05-10 11:00:00,16181.0
2013-05-10 12:00:00,16425.0
2013-05-10 13:00:00,16532.0
2013-05-10 14:00:00,16797.0
2013-05-10 15:00:00,16795.0
2013-05-10 16:00:00,16865.0
2013-05-10 17:00:00,16911.0
2013-05-10 18:00:00,16836.0
2013-05-10 19:00:00,16601.0
2013-05-10 20:00:00,17295.0
2013-05-10 21:00:00,16126.0
2013-05-10 22:00:00,14262.0
2013-05-10 23:00:00,12866.0
2013-05-11 00:00:00,10285.0
2013-05-11 01:00:00,5671.0
2013-05-11 02:00:00,5178.0
2013-05-11 03:00:00,4859.0
2013-05-11 04:00:00,4733.0
2013-05-11 05:00:00,5730.0
2013-05-11 06:00:00,6028.0
2013-05-11 07:00:00,4811.0
2013-05-11 08:00:00,4914.0
2013-05-11 09:00:00,10064.0
2013-05-11 10:00:00,13882.0
2013-05-11 11:00:00,15374.0
2013-05-11 12:00:00,15393.0
2013-05-11 13:00:00,15458.0
2013-05-11 14:00:00,15459.0
2013-05-11 15:00:00,15934.0
2013-05-11 16:00:00,15953.0
2013-05-11 17:00:00,15925.0
2013-05-11 18:00:00,15886.0
2013-05-11 19:00:00,15651.0
2013-05-11 20:00:00,16205.0
2013-05-11 21:00:00,15606.0
2013-05-11 22:00:00,13290.0
2013-05-11 23:00:00,11437.0
2013-05-12 00:00:00,8390.0
2013-05-12 01:00:00,4844.0
2013-05-12 02:00:00,4503.0
2013-05-12 03:00:00,4109.0
2013-05-12 04:00:00,4046.0
2013-05-12 05:00:00,5107.0
2013-05-12 06:00:00,5399.0
2013-05-12 07:00:00,4573.0
2013-05-12 08:00:00,4500.0
2013-05-12 09:00:00,10721.0
2013-05-12 10:00:00,17223.0
2013-05-12 11:00:00,20353.0
2013-05-12 12:00:00,20565.0
2013-05-12 13:00:00,20952.0
2013-05-12 14:00:00,21195.0
2013-05-12 15:00:00,21595.0
2013-05-12 16:00:00,22000.0
2013-05-12 17:00:00,22283.0
2013-05-12 18:00:00,21848.0
2013-05-12 19:00:00,21230.0
2013-05-12 20:00:00,21794.0
2013-05-12 21:00:00,18400.0
2013-05-12 22:00:00,15670.0
2013-05-12 23:00:00,13218.0
2013-05-13 00:00:00,8506.0
2013-05-13 01:00:00,4998.0
2013-05-13 02:00:00,4715.0
2013-05-13 03:00:00,4441.0
2013-05-13 04:00:00,4248.0
2013-05-13 05:00:00,5310.0
2013-05-13 06:00:00,5566.0
2013-05-13 07:00:00,6861.0
2013-05-13 08:00:00,8137.0
2013-05-13 09:00:00,10870.0
2013-05-13 10:00:00,14591.0
2013-05-13 11:00:00,16026.0
2013-05-13 12:00:00,16872.0
2013-05-13 13:00:00,20218.0
2013-05-13 14:00:00,22288.0
2013-05-13 15:00:00,22445.0
2013-05-13 16:00:00,21508.0
2013-05-13 17:00:00,17697.0
2013-05-13 18:00:00,17391.0
2013-05-13 19:00:00,17235.0
2013-05-13 20:00:00,17712.0
2013-05-13 21:00:00,16810.0
2013-05-13 22:00:00,14642.0
2013-05-13 23:00:00,13158.0
2013-05-14 00:00:00,10215.0
2013-05-14 01:00:00,5484.0
2013-05-14 02:00:00,5336.0
2013-05-14 03:00:00,4996.0
2013-05-14 04:00:00,4782.0
2013-05-14 05:00:00,5725.0
2013-05-14 06:00:00,6005.0
2013-05-14 07:00:00,6362.0
2013-05-14 08:00:00,6961.0
2013-05-14 09:00:00,9912.0
2013-05-14 10:00:00,13695.0
2013-05-14 11:00:00,15663.0
2013-05-14 12:00:00,15915.0
2013-05-14 13:00:00,16134.0
2013-05-14 14:00:00,16231.0
2013-05-14 15:00:00,16148.0
2013-05-14 16:00:00,16283.0
2013-05-14 17:00:00,16349.0
2013-05-14 18:00:00,16116.0
2013-05-14 19:00:00,15677.0
2013-05-14 20:00:00,16461.0
2013-05-14 21:00:00,15362.0
2013-05-14 22:00:00,13644.0
2013-05-14 23:00:00,12826.0
2013-05-15 00:00:00,10003.0
2013-05-15 01:00:00,5169.0
2013-05-15 02:00:00,5080.0
2013-05-15 03:00:00,4681.0
2013-05-15 04:00:00,4585.0
2013-05-15 05:00:00,5547.0
2013-05-15 06:00:00,5072.0
2013-05-15 07:00:00,5866.0
2013-05-15 08:00:00,6841.0
2013-05-15 09:00:00,9679.0
2013-05-15 10:00:00,13481.0
2013-05-15 11:00:00,14750.0
2013-05-15 12:00:00,14805.0
2013-05-15 13:00:00,14781.0
2013-05-15 14:00:00,15067.0
2013-05-15 15:00:00,15424.0
2013-05-15 16:00:00,15438.0
2013-05-15 17:00:00,15071.0
2013-05-15 18:00:00,14979.0
2013-05-15 19:00:00,14657.0
2013-05-15 20:00:00,15370.0
2013-05-15 21:00:00,14869.0
2013-05-15 22:00:00,13055.0
2013-05-15 23:00:00,11948.0
2013-05-16 00:00:00,9492.0
2013-05-16 01:00:00,4924.0
2013-05-16 02:00:00,4715.0
2013-05-16 03:00:00,4454.0
2013-05-16 04:00:00,4323.0
2013-05-16 05:00:00,5316.0
2013-05-16 06:00:00,5601.0
2013-05-16 07:00:00,6438.0
2013-05-16 08:00:00,6859.0
2013-05-16 09:00:00,9622.0
2013-05-16 10:00:00,13647.0
2013-05-16 11:00:00,14774.0
2013-05-16 12:00:00,14936.0
2013-05-16 13:00:00,14979.0
2013-05-16 14:00:00,14872.0
2013-05-16 15:00:00,14750.0
2013-05-16 16:00:00,14916.0
2013-05-16 17:00:00,15017.0
2013-05-16 18:00:00,14917.0
2013-05-16 19:00:00,15409.0
2013-05-16 20:00:00,16701.0
2013-05-16 21:00:00,15430.0
2013-05-16 22:00:00,13404.0
2013-05-16 23:00:00,12255.0
2013-05-17 00:00:00,9925.0
2013-05-17 01:00:00,5488.0
2013-05-17 02:00:00,5467.0
2013-05-17 03:00:00,5117.0
2013-05-17 04:00:00,5054.0
2013-05-17 05:00:00,6202.0
2013-05-17 06:00:00,6452.0
2013-05-17 07:00:00,6807.0
2013-05-17 08:00:00,7199.0
2013-05-17 09:00:00,10343.0
2013-05-17 10:00:00,14699.0
2013-05-17 11:00:00,16181.0
2013-05-17 12:00:00,16425.0
2013-05-17 13:00:00,16532.0
2013-05-17 14:00:00,16797.0
2013-05-17 15:00:00,16795.0
2013-05-17 16:00:00,16865.0
2013-05-17 17:00:00,16911.0
2013-05-17 18:00:00,16836.0
2013-05-17 19:00:00,16601.0
2013-05-17 20:00:00,17295.0
2013-05-17 21:00:00,16126.0
2013-05-17 22:00:00,14262.0
2013-05-17 23:00:00,12866.0
2013-05-18 00:00:00,10038.0
2013-05-18 01:00:00,5186.0
2013-05-18 02:00:00,4988.0
2013-05-18 03:00:00,4663.0
2013-05-18 04:00:00,4548.0
2013-05-18 05:00:00,5527.0
2013-05-18 06:00:00,5844.0
2013-05-18 07:00:00,4996.0
2013-05-18 08:00:00,4555.0
2013-05-18 09:00:00,9249.0
2013-05-18 10:00:00,13422.0
2013-05-18 11:00:00,15126.0
2013-05-18 12:00:00,15316.0
2013-05-18 13:00:00,15265.0
2013-05-18 14:00:00,15199.0
2013-05-18 15:00:00,15197.0
2013-05-18 16:00:00,15332.0
2013-05-18 17:00:00,15399.0
2013-05-18 18:00:00,15248.0
2013-05-18 19:00:00,15319.0
2013-05-18 20:00:00,16326.0
2013-05-18 21:00:00,15197.0
2013-05-18 22:00:00,12692.0
2013-05-18 23:00:00,11443.0
2013-05-19 00:00:00,8657.0
2013-05-19 01:00:00,4994.0
2013-05-19 02:00:00,4737.0
2013-05-19 03:00:00,4385.0
2013-05-19 04:00:00,4196.0
2013-05-19 05:00:00,5232.0
2013-05-19 06:00:00,5500.0
2013-05-19 07:00:00,4523.0
2013-05-19 08:00:00,4740.0
2013-05-19 09:00:00,12896.0
2013-05-19 10:00:00,15023.0
2013-05-19 11:00:00,16817.0
2013-05-19 12:00:00,17100.0
2013-05-19 13:00:00,17362.0
2013-05-19 14:00:00,17373.0
2013-05-19 15:00:00,17677.0
2013-05-19 16:00:00,18139.0
2013-05-19 17:00:00,18166.0
2013-05-19 18:00:00,18071.0
2013-05-19 19:00:00,17966.0
2013-05-19 20:00:00,23151.0
2013-05-19 21:00:00,26553.0
2013-05-19 22:00:00,17979.0
2013-05-19 23:00:00,13348.0
2013-05-20 00:00:00,9028.0
2013-05-20 01:00:00,5133.0
2013-05-20 02:00:00,4974.0
2013-05-20 03:00:00,4648.0
2013-05-20 04:00:00,4398.0
2013-05-20 05:00:00,5319.0
2013-05-20 06:00:00,5609.0
2013-05-20 07:00:00,6280.0
2013-05-20 08:00:00,6604.0
2013-05-20 09:00:00,9321.0
2013-05-20 10:00:00,13682.0
2013-05-20 11:00:00,15158.0
2013-05-20 12:00:00,15345.0
2013-05-20 13:00:00,15414.0
2013-05-20 14:00:00,15402.0
2013-05-20 15:00:00,15328.0
2013-05-20 16:00:00,15336.0
2013-05-20 17:00:00,15365.0
2013-05-20 18:00:00,15369.0
2013-05-20 19:00:00,15273.0
2013-05-20 20:00:00,16210.0
2013-05-20 21:00:00,15309.0
2013-05-20 22:00:00,13406.0
2013-05-20 23:00:00,12286.0
2013-05-21 00:00:00,9927.0
2013-05-21 01:00:00,5243.0
2013-05-21 02:00:00,5006.0
2013-05-21 03:00:00,4885.0
2013-05-21 04:00:00,4686.0
2013-05-21 05:00:00,5595.0
2013-05-21 06:00:00,5538.0
2013-05-21 07:00:00,6331.0
2013-05-21 08:00:00,7075.0
2013-05-21 09:00:00,9616.0
2013-05-21 10:00:00,13569.0
2013-05-21 11:00:00,15197.0
2013-05-21 12:00:00,15742.0
2013-05-21 13:00:00,16084.0
2013-05-21 14:00:00,15981.0
2013-05-21 15:00:00,15998.0
2013-05-21 16:00:00,16055.0
2013-05-21 17:00:00,15525.0
2013-05-21 18:00:00,15216.0
2013-05-21 19:00:00,15099.0
2013-05-21 20:00:00,15638.0
2013-05-21 21:00:00,15204.0
2013-05-21 22:00:00,13176.0
2013-05-21 23:00:00,12159.0
2013-05-22 00:00:00,10100.0
2013-05-22 01:00:00,5296.0
2013-05-22 02:00:00,4999.0
2013-05-22 03:00:00,4704.0
2013-05-22 04:00:00,4646.0
2013-05-22 05:00:00,5629.0
2013-05-22 06:00:00,6029.0
2013-05-22 07:00:00,6171.0
2013-05-22 08:00:00,7151.0
2013-05-22 09:00:00,10142.0
2013-05-22 10:00:00,13986.0
2013-05-22 11:00:00,16235.0
2013-05-22 12:00:00,16673.0
2013-05-22 13:00:00,16719.0
2013-05-22 14:00:00,16584.0
2013-05-22 15:00:00,16588.0
2013-05-22 16:00:00,16509.0
2013-05-22 17:00:00,16449.0
2013-05-22 18:00:00,16335.0
2013-05-22 19:00:00,16078.0
2013-05-22 20:00:00,16254.0
2013-05-22 21:00:00,15640.0
2013-05-22 22:00:00,13729.0
2013-05-22 23:00:00,12633.0
2013-05-23 00:00:00,10483.0
2013-05-23 01:00:00,5578.0
2013-05-23 02:00:00,5418.0
2013-05-23 03:00:00,5160.0
2013-05-23 04:00:00,5044.0
2013-05-23 05:00:00,5985.0
2013-05-23 06:00:00,6311.0
2013-05-23 07:00:00,6826.0
2013-05-23 08:00:00,6953.0
2013-05-23 09:00:00,9993.0
2013-05-23 10:00:00,13555.0
2013-05-23 11:00:00,15589.0
2013-05-23 12:00:00,15949.0
2013-05-23 13:00:00,16084.0
2013-05-23 14:00:00,16219.0
2013-05-23 15:00:00,16358.0
2013-05-23 16:00:00,16467.0
2013-05-23 17:00:00,16411.0
2013-05-23 18:00:00,16309.0
2013-05-23 19:00:00,16037.0
2013-05-23 20:00:00,16685.0
2013-05-23 21:00:00,16103.0
2013-05-23 22:00:00,14161.0
2013-05-23 23:00:00,12819.0
2013-05-24 00:00:00,10007.0
2013-05-24 01:00:00,5361.0
2013-05-24 02:00:00,5246.0
2013-05-24 03:00:00,4955.0
2013-05-24 04:00:00,4811.0
2013-05-24 05:00:00,5647.0
2013-05-24 06:00:00,6030.0
2013-05-24 07:00:00,7042.0
2013-05-24 08:00:00,6956.0
2013-05-24 09:00:00,10999.0
2013-05-24 10:00:00,14106.0
2013-05-24 11:00:00,15578.0
2013-05-24 12:00:00,16512.0
2013-05-24 13:00:00,16639.0
2013-05-24 14:00:00,17089.0
2013-05-24 15:00:00,17192.0
2013-05-24 16:00:00,17416.0
2013-05-24 17:00:00,17398.0
2013-05-24 18:00:00,17178.0
2013-05-24 19:00:00,17001.0
2013-05-24 20:00:00,17436.0
2013-05-24 21:00:00,16208.0
2013-05-24 22:00:00,13777.0
2013-05-24 23:00:00,12618.0
2013-05-25 00:00:00,9932.0
2013-05-25 01:00:00,4758.0
2013-05-25 02:00:00,4544.0
2013-05-25 03:00:00,4345.0
2013-05-25 04:00:00,4213.0
2013-05-25 05:00:00,5076.0
2013-05-25 06:00:00,5491.0
2013-05-25 07:00:00,4851.0
2013-05-25 08:00:00,4581.0
2013-05-25 09:00:00,10030.0
2013-05-25 10:00:00,14485.0
2013-05-25 11:00:00,15826.0
2013-05-25 12:00:00,16133.0
2013-05-25 13:00:00,16181.0
2013-05-25 14:00:00,16253.0
2013-05-25 15:00:00,16221.0
2013-05-25 16:00:00,16480.0
2013-05-25 17:00:00,16519.0
2013-05-25 18:00:00,16412.0
2013-05-25 19:00:00,16347.0
2013-05-25 20:00:00,16816.0
2013-05-25 21:00:00,15989.0
2013-05-25 22:00:00,13529.0
2013-05-25 23:00:00,12122.0
2013-05-26 00:00:00,9672.0
2013-05-26 01:00:00,4911.0
2013-05-26 02:00:00,4620.0
2013-05-26 03:00:00,4306.0
2013-05-26 04:00:00,4198.0
2013-05-26 05:00:00,5021.0
2013-05-26 06:00:00,5413.0
2013-05-26 07:00:00,4586.0
2013-05-26 08:00:00,4405.0
2013-05-26 09:00:00,6675.0
2013-05-26 10:00:00,16250.0
2013-05-26 11:00:00,17076.0
2013-05-26 12:00:00,17503.0
2013-05-26 13:00:00,17911.0
2013-05-26 14:00:00,17776.0
2013-05-26 15:00:00,18275.0
2013-05-26 16:00:00,18090.0
2013-05-26 17:00:00,18034.0
2013-05-26 18:00:00,17767.0
2013-05-26 19:00:00,17554.0
2013-05-26 20:00:00,18296.0
2013-05-26 21:00:00,17604.0
2013-05-26 22:00:00,15379.0
2013-05-26 23:00:00,14054.0
2013-05-27 00:00:00,8587.0
2013-05-27 01:00:00,5059.0
2013-05-27 02:00:00,4868.0
2013-05-27 03:00:00,4516.0
2013-05-27 04:00:00,4376.0
2013-05-27 05:00:00,5270.0
2013-05-27 06:00:00,5594.0
2013-05-27 07:00:00,6226.0
2013-05-27 08:00:00,6810.0
2013-05-27 09:00:00,9376.0
2013-05-27 10:00:00,13011.0
2013-05-27 11:00:00,14744.0
2013-05-27 12:00:00,14961.0
2013-05-27 13:00:00,14935.0
2013-05-27 14:00:00,14864.0
2013-05-27 15:00:00,14833.0
2013-05-27 16:00:00,14973.0
2013-05-27 17:00:00,14862.0
2013-05-27 18:00:00,14832.0
2013-05-27 19:00:00,14807.0
2013-05-27 20:00:00,15639.0
2013-05-27 21:00:00,15032.0
2013-05-27 22:00:00,13068.0
2013-05-27 23:00:00,11998.0
2013-05-28 00:00:00,9859.0
2013-05-28 01:00:00,4973.0
2013-05-28 02:00:00,4682.0
2013-05-28 03:00:00,4435.0
2013-05-28 04:00:00,4490.0
2013-05-28 05:00:00,5568.0
2013-05-28 06:00:00,5948.0
2013-05-28 07:00:00,6879.0
2013-05-28 08:00:00,6761.0
2013-05-28 09:00:00,9750.0
2013-05-28 10:00:00,13422.0
2013-05-28 11:00:00,15220.0
2013-05-28 12:00:00,15803.0
2013-05-28 13:00:00,15511.0
2013-05-28 14:00:00,15166.0
2013-05-28 15:00:00,15097.0
2013-05-28 16:00:00,15109.0
2013-05-28 17:00:00,15002.0
2013-05-28 18:00:00,14751.0
2013-05-28 19:00:00,14599.0
2013-05-28 20:00:00,15121.0
2013-05-28 21:00:00,14933.0
2013-05-28 22:00:00,12871.0
2013-05-28 23:00:00,11570.0
2013-05-29 00:00:00,9554.0
2013-05-29 01:00:00,4954.0
2013-05-29 02:00:00,4681.0
2013-05-29 03:00:00,4460.0
2013-05-29 04:00:00,4349.0
2013-05-29 05:00:00,5254.0
2013-05-29 06:00:00,5635.0
2013-05-29 07:00:00,6895.0
2013-05-29 08:00:00,6692.0
2013-05-29 09:00:00,9163.0
2013-05-29 10:00:00,13091.0
2013-05-29 11:00:00,14734.0
2013-05-29 12:00:00,14971.0
2013-05-29 13:00:00,14935.0
2013-05-29 14:00:00,14847.0
2013-05-29 15:00:00,14781.0
2013-05-29 16:00:00,14930.0
2013-05-29 17:00:00,15057.0
2013-05-29 18:00:00,15031.0
2013-05-29 19:00:00,15799.0
2013-05-29 20:00:00,16313.0
2013-05-29 21:00:00,15359.0
2013-05-29 22:00:00,13621.0
2013-05-29 23:00:00,12486.0
2013-05-30 00:00:00,9510.0
2013-05-30 01:00:00,5109.0
2013-05-30 02:00:00,4841.0
2013-05-30 03:00:00,4537.0
2013-05-30 04:00:00,4390.0
2013-05-30 05:00:00,5419.0
2013-05-30 06:00:00,5772.0
2013-05-30 07:00:00,6334.0
2013-05-30 08:00:00,6622.0
2013-05-30 09:00:00,9197.0
2013-05-30 10:00:00,12471.0
2013-05-30 11:00:00,14735.0
2013-05-30 12:00:00,15162.0
2013-05-30 13:00:00,15253.0
2013-05-30 14:00:00,15156.0
2013-05-30 15:00:00,15712.0
2013-05-30 16:00:00,14848.0
2013-05-30 17:00:00,14844.0
2013-05-30 18:00:00,14660.0
2013-05-30 19:00:00,15365.0
2013-05-30 20:00:00,15241.0
2013-05-30 21:00:00,15124.0
2013-05-30 22:00:00,13506.0
2013-05-30 23:00:00,12316.0
2013-05-31 00:00:00,9694.0
2013-05-31 01:00:00,5129.0
2013-05-31 02:00:00,4890.0
2013-05-31 03:00:00,4553.0
2013-05-31 04:00:00,4520.0
2013-05-31 05:00:00,5413.0
2013-05-31 06:00:00,5662.0
2013-05-31 07:00:00,6205.0
2013-05-31 08:00:00,6744.0
2013-05-31 09:00:00,9614.0
2013-05-31 10:00:00,12890.0
2013-05-31 11:00:00,14636.0
2013-05-31 12:00:00,15658.0
2013-05-31 13:00:00,15691.0
2013-05-31 14:00:00,15634.0
2013-05-31 15:00:00,15994.0
2013-05-31 16:00:00,15532.0
2013-05-31 17:00:00,15848.0
2013-05-31 18:00:00,16031.0
2013-05-31 19:00:00,15921.0
2013-05-31 20:00:00,16502.0
2013-05-31 21:00:00,16293.0
2013-05-31 22:00:00,13579.0
2013-05-31 23:00:00,12291.0
2013-06-01 00:00:00,9934.0
2013-06-01 01:00:00,5078.0
2013-06-01 02:00:00,4861.0
2013-06-01 03:00:00,4610.0
2013-06-01 04:00:00,4536.0
2013-06-01 05:00:00,4532.0
2013-06-01 06:00:00,4535.0
2013-06-01 07:00:00,4629.0
2013-06-01 08:00:00,4451.0
2013-06-01 09:00:00,8973.0
2013-06-01 10:00:00,13909.0
2013-06-01 11:00:00,15846.0
2013-06-01 12:00:00,16222.0
2013-06-01 13:00:00,16709.0
2013-06-01 14:00:00,16909.0
2013-06-01 15:00:00,17308.0
2013-06-01 16:00:00,18798.0
2013-06-01 17:00:00,21524.0
2013-06-01 18:00:00,21056.0
2013-06-01 19:00:00,19233.0
2013-06-01 20:00:00,18161.0
2013-06-01 21:00:00,16919.0
2013-06-01 22:00:00,14327.0
2013-06-01 23:00:00,12407.0
2013-06-02 00:00:00,9816.0
2013-06-02 01:00:00,4859.0
2013-06-02 02:00:00,4468.0
2013-06-02 03:00:00,4224.0
2013-06-02 04:00:00,4007.0
2013-06-02 05:00:00,4008.0
2013-06-02 06:00:00,4021.0
2013-06-02 07:00:00,4359.0
2013-06-02 08:00:00,5701.0
2013-06-02 09:00:00,12866.0
2013-06-02 10:00:00,16737.0
2013-06-02 11:00:00,22527.0
2013-06-02 12:00:00,23576.0
2013-06-02 13:00:00,25460.0
2013-06-02 14:00:00,25579.0
2013-06-02 15:00:00,25799.0
2013-06-02 16:00:00,26146.0
2013-06-02 17:00:00,26350.0
2013-06-02 18:00:00,26033.0
2013-06-02 19:00:00,26333.0
2013-06-02 20:00:00,24894.0
2013-06-02 21:00:00,22066.0
2013-06-02 22:00:00,17684.0
2013-06-02 23:00:00,15904.0
2013-06-03 00:00:00,9737.0
2013-06-03 01:00:00,5353.0
2013-06-03 02:00:00,4979.0
2013-06-03 03:00:00,4650.0
2013-06-03 04:00:00,4529.0
2013-06-03 05:00:00,4526.0
2013-06-03 06:00:00,4471.0
2013-06-03 07:00:00,5934.0
2013-06-03 08:00:00,7674.0
2013-06-03 09:00:00,11468.0
2013-06-03 10:00:00,15957.0
2013-06-03 11:00:00,17291.0
2013-06-03 12:00:00,23199.0
2013-06-03 13:00:00,23490.0
2013-06-03 14:00:00,23601.0
2013-06-03 15:00:00,23713.0
2013-06-03 16:00:00,23670.0
2013-06-03 17:00:00,23691.0
2013-06-03 18:00:00,23792.0
2013-06-03 19:00:00,23861.0
2013-06-03 20:00:00,20966.0
2013-06-03 21:00:00,17994.0
2013-06-03 22:00:00,15441.0
2013-06-03 23:00:00,13749.0
2013-06-04 00:00:00,10331.0
2013-06-04 01:00:00,5162.0
2013-06-04 02:00:00,4999.0
2013-06-04 03:00:00,4798.0
2013-06-04 04:00:00,4692.0
2013-06-04 05:00:00,4556.0
2013-06-04 06:00:00,4532.0
2013-06-04 07:00:00,6217.0
2013-06-04 08:00:00,8558.0
2013-06-04 09:00:00,12637.0
2013-06-04 10:00:00,16094.0
2013-06-04 11:00:00,21163.0
2013-06-04 12:00:00,23099.0
2013-06-04 13:00:00,22825.0
2013-06-04 14:00:00,23045.0
2013-06-04 15:00:00,22765.0
2013-06-04 16:00:00,23090.0
2013-06-04 17:00:00,23629.0
2013-06-04 18:00:00,22523.0
2013-06-04 19:00:00,21698.0
2013-06-04 20:00:00,19543.0
2013-06-04 21:00:00,18153.0
2013-06-04 22:00:00,15564.0
2013-06-04 23:00:00,14139.0
2013-06-05 00:00:00,10550.0
2013-06-05 01:00:00,5101.0
2013-06-05 02:00:00,4810.0
2013-06-05 03:00:00,4553.0
2013-06-05 04:00:00,4460.0
2013-06-05 05:00:00,4543.0
2013-06-05 06:00:00,4506.0
2013-06-05 07:00:00,6255.0
2013-06-05 08:00:00,7369.0
2013-06-05 09:00:00,10989.0
2013-06-05 10:00:00,14479.0
2013-06-05 11:00:00,16484.0
2013-06-05 12:00:00,17784.0
2013-06-05 13:00:00,19508.0
2013-06-05 14:00:00,21728.0
2013-06-05 15:00:00,18740.0
2013-06-05 16:00:00,17285.0
2013-06-05 17:00:00,17285.0
2013-06-05 18:00:00,17844.0
2013-06-05 19:00:00,19473.0
2013-06-05 20:00:00,17413.0
2013-06-05 21:00:00,16702.0
2013-06-05 22:00:00,14203.0
2013-06-05 23:00:00,12856.0
2013-06-06 00:00:00,10206.0
2013-06-06 01:00:00,5164.0
2013-06-06 02:00:00,4955.0
2013-06-06 03:00:00,4533.0
2013-06-06 04:00:00,4458.0
2013-06-06 05:00:00,4450.0
2013-06-06 06:00:00,4371.0
2013-06-06 07:00:00,6036.0
2013-06-06 08:00:00,6701.0
2013-06-06 09:00:00,9900.0
2013-06-06 10:00:00,13804.0
2013-06-06 11:00:00,14863.0
2013-06-06 12:00:00,15230.0
2013-06-06 13:00:00,15957.0
2013-06-06 14:00:00,15890.0
2013-06-06 15:00:00,15694.0
2013-06-06 16:00:00,15465.0
2013-06-06 17:00:00,16716.0
2013-06-06 18:00:00,15396.0
2013-06-06 19:00:00,15759.0
2013-06-06 20:00:00,16794.0
2013-06-06 21:00:00,16186.0
2013-06-06 22:00:00,14459.0
2013-06-06 23:00:00,13016.0
2013-06-07 00:00:00,10682.0
2013-06-07 01:00:00,5640.0
2013-06-07 02:00:00,5330.0
2013-06-07 03:00:00,5105.0
2013-06-07 04:00:00,4914.0
2013-06-07 05:00:00,4880.0
2013-06-07 06:00:00,4643.0
2013-06-07 07:00:00,5758.0
2013-06-07 08:00:00,7036.0
2013-06-07 09:00:00,9244.0
2013-06-07 10:00:00,12712.0
2013-06-07 11:00:00,14779.0
2013-06-07 12:00:00,15495.0
2013-06-07 13:00:00,15426.0
2013-06-07 14:00:00,15505.0
2013-06-07 15:00:00,15402.0
2013-06-07 16:00:00,15306.0
2013-06-07 17:00:00,15620.0
2013-06-07 18:00:00,16035.0
2013-06-07 19:00:00,17257.0
2013-06-07 20:00:00,17110.0
2013-06-07 21:00:00,16377.0
2013-06-07 22:00:00,18453.0
2013-06-07 23:00:00,24956.0
2013-06-08 00:00:00,15292.0
2013-06-08 01:00:00,5214.0
2013-06-08 02:00:00,4800.0
2013-06-08 03:00:00,4427.0
2013-06-08 04:00:00,4277.0
2013-06-08 05:00:00,4158.0
2013-06-08 06:00:00,4200.0
2013-06-08 07:00:00,4461.0
2013-06-08 08:00:00,4535.0
2013-06-08 09:00:00,8922.0
2013-06-08 10:00:00,13011.0
2013-06-08 11:00:00,14146.0
2013-06-08 12:00:00,14522.0
2013-06-08 13:00:00,14177.0
2013-06-08 14:00:00,14238.0
2013-06-08 15:00:00,14238.0
2013-06-08 16:00:00,14619.0
2013-06-08 17:00:00,14474.0
2013-06-08 18:00:00,14244.0
2013-06-08 19:00:00,14237.0
2013-06-08 20:00:00,14828.0
2013-06-08 21:00:00,14888.0
2013-06-08 22:00:00,12867.0
2013-06-08 23:00:00,11057.0
2013-06-09 00:00:00,8489.0
2013-06-09 01:00:00,4721.0
2013-06-09 02:00:00,4399.0
2013-06-09 03:00:00,4136.0
2013-06-09 04:00:00,3942.0
2013-06-09 05:00:00,3892.0
2013-06-09 06:00:00,3921.0
2013-06-09 07:00:00,4155.0
2013-06-09 08:00:00,4341.0
2013-06-09 09:00:00,7266.0
2013-06-09 10:00:00,13802.0
2013-06-09 11:00:00,17994.0
2013-06-09 12:00:00,18688.0
2013-06-09 13:00:00,17927.0
2013-06-09 14:00:00,17303.0
2013-06-09 15:00:00,17514.0
2013-06-09 16:00:00,17618.0
2013-06-09 17:00:00,17628.0
2013-06-09 18:00:00,17678.0
2013-06-09 19:00:00,18960.0
2013-06-09 20:00:00,19062.0
2013-06-09 21:00:00,17900.0
2013-06-09 22:00:00,15912.0
2013-06-09 23:00:00,13211.0
2013-06-10 00:00:00,8489.0
2013-06-10 01:00:00,5231.0
2013-06-10 02:00:00,4888.0
2013-06-10 03:00:00,4524.0
2013-06-10 04:00:00,4425.0
2013-06-10 05:00:00,4431.0
2013-06-10 06:00:00,4437.0
2013-06-10 07:00:00,4722.0
2013-06-10 08:00:00,4529.0
2013-06-10 09:00:00,9356.0
2013-06-10 10:00:00,15897.0
2013-06-10 11:00:00,16789.0
2013-06-10 12:00:00,16737.0
2013-06-10 13:00:00,16857.0
2013-06-10 14:00:00,17006.0
2013-06-10 15:00:00,17188.0
2013-06-10 16:00:00,17257.0
2013-06-10 17:00:00,17530.0
2013-06-10 18:00:00,17402.0
2013-06-10 19:00:00,17331.0
2013-06-10 20:00:00,18567.0
2013-06-10 21:00:00,18123.0
2013-06-10 22:00:00,16181.0
2013-06-10 23:00:00,14574.0
2013-06-11 00:00:00,9013.0
2013-06-11 01:00:00,5013.0
2013-06-11 02:00:00,4706.0
2013-06-11 03:00:00,4419.0
2013-06-11 04:00:00,4324.0
2013-06-11 05:00:00,4170.0
2013-06-11 06:00:00,4213.0
2013-06-11 07:00:00,6067.0
2013-06-11 08:00:00,6766.0
2013-06-11 09:00:00,9481.0
2013-06-11 10:00:00,14871.0
2013-06-11 11:00:00,15959.0
2013-06-11 12:00:00,16230.0
2013-06-11 13:00:00,16719.0
2013-06-11 14:00:00,16795.0
2013-06-11 15:00:00,16893.0
2013-06-11 16:00:00,16953.0
2013-06-11 17:00:00,17346.0
2013-06-11 18:00:00,16652.0
2013-06-11 19:00:00,16522.0
2013-06-11 20:00:00,17422.0
2013-06-11 21:00:00,16632.0
2013-06-11 22:00:00,14173.0
2013-06-11 23:00:00,12414.0
2013-06-12 00:00:00,9666.0
2013-06-12 01:00:00,5044.0
2013-06-12 02:00:00,4791.0
2013-06-12 03:00:00,4520.0
2013-06-12 04:00:00,4300.0
2013-06-12 05:00:00,4332.0
2013-06-12 06:00:00,4351.0
2013-06-12 07:00:00,5761.0
2013-06-12 08:00:00,6897.0
2013-06-12 09:00:00,10491.0
2013-06-12 10:00:00,14379.0
2013-06-12 11:00:00,15961.0
2013-06-12 12:00:00,16762.0
2013-06-12 13:00:00,16925.0
2013-06-12 14:00:00,17369.0
2013-06-12 15:00:00,18184.0
2013-06-12 16:00:00,22025.0
2013-06-12 17:00:00,21244.0
2013-06-12 18:00:00,21067.0
2013-06-12 19:00:00,19909.0
2013-06-12 20:00:00,17842.0
2013-06-12 21:00:00,18779.0
2013-06-12 22:00:00,18262.0
2013-06-12 23:00:00,14654.0
2013-06-13 00:00:00,10000.0
2013-06-13 01:00:00,4756.0
2013-06-13 02:00:00,4497.0
2013-06-13 03:00:00,4171.0
2013-06-13 04:00:00,4101.0
2013-06-13 05:00:00,4202.0
2013-06-13 06:00:00,4226.0
2013-06-13 07:00:00,5931.0
2013-06-13 08:00:00,6771.0
2013-06-13 09:00:00,9939.0
2013-06-13 10:00:00,15340.0
2013-06-13 11:00:00,16351.0
2013-06-13 12:00:00,16613.0
2013-06-13 13:00:00,16543.0
2013-06-13 14:00:00,16835.0
2013-06-13 15:00:00,21216.0
2013-06-13 16:00:00,21265.0
2013-06-13 17:00:00,21261.0
2013-06-13 18:00:00,20859.0
2013-06-13 19:00:00,19716.0
2013-06-13 20:00:00,17740.0
2013-06-13 21:00:00,18351.0
2013-06-13 22:00:00,17698.0
2013-06-13 23:00:00,13922.0
2013-06-14 00:00:00,10162.0
2013-06-14 01:00:00,5148.0
2013-06-14 02:00:00,4870.0
2013-06-14 03:00:00,4498.0
2013-06-14 04:00:00,4355.0
2013-06-14 05:00:00,4242.0
2013-06-14 06:00:00,4302.0
2013-06-14 07:00:00,6102.0
2013-06-14 08:00:00,7012.0
2013-06-14 09:00:00,11072.0
2013-06-14 10:00:00,15832.0
2013-06-14 11:00:00,16473.0
2013-06-14 12:00:00,16775.0
2013-06-14 13:00:00,17093.0
2013-06-14 14:00:00,17341.0
2013-06-14 15:00:00,19745.0
2013-06-14 16:00:00,20928.0
2013-06-14 17:00:00,18221.0
2013-06-14 18:00:00,17468.0
2013-06-14 19:00:00,17377.0
2013-06-14 20:00:00,17574.0
2013-06-14 21:00:00,18153.0
2013-06-14 22:00:00,17614.0
2013-06-14 23:00:00,14185.0
2013-06-15 00:00:00,10088.0
2013-06-15 01:00:00,4803.0
2013-06-15 02:00:00,4448.0
2013-06-15 03:00:00,4166.0
2013-06-15 04:00:00,4005.0
2013-06-15 05:00:00,3964.0
2013-06-15 06:00:00,3926.0
2013-06-15 07:00:00,4166.0
2013-06-15 08:00:00,4526.0
2013-06-15 09:00:00,11315.0
2013-06-15 10:00:00,15307.0
2013-06-15 11:00:00,16037.0
2013-06-15 12:00:00,16377.0
2013-06-15 13:00:00,16606.0
2013-06-15 14:00:00,16752.0
2013-06-15 15:00:00,17228.0
2013-06-15 16:00:00,17323.0
2013-06-15 17:00:00,17362.0
2013-06-15 18:00:00,17415.0
2013-06-15 19:00:00,17210.0
2013-06-15 20:00:00,17363.0
2013-06-15 21:00:00,17757.0
2013-06-15 22:00:00,17134.0
2013-06-15 23:00:00,13799.0
2013-06-16 00:00:00,9798.0
2013-06-16 01:00:00,4853.0
2013-06-16 02:00:00,4445.0
2013-06-16 03:00:00,4099.0
2013-06-16 04:00:00,3940.0
2013-06-16 05:00:00,3887.0
2013-06-16 06:00:00,3951.0
2013-06-16 07:00:00,4127.0
2013-06-16 08:00:00,4403.0
2013-06-16 09:00:00,11794.0
2013-06-16 10:00:00,16703.0
2013-06-16 11:00:00,18227.0
2013-06-16 12:00:00,19364.0
2013-06-16 13:00:00,22585.0
2013-06-16 14:00:00,23070.0
2013-06-16 15:00:00,23303.0
2013-06-16 16:00:00,23466.0
2013-06-16 17:00:00,23687.0
2013-06-16 18:00:00,23569.0
2013-06-16 19:00:00,23251.0
2013-06-16 20:00:00,23921.0
2013-06-16 21:00:00,24012.0
2013-06-16 22:00:00,22397.0
2013-06-16 23:00:00,16233.0
2013-06-17 00:00:00,8750.0
2013-06-17 01:00:00,5246.0
2013-06-17 02:00:00,4985.0
2013-06-17 03:00:00,4660.0
2013-06-17 04:00:00,4501.0
2013-06-17 05:00:00,4448.0
2013-06-17 06:00:00,4565.0
2013-06-17 07:00:00,6923.0
2013-06-17 08:00:00,8002.0
2013-06-17 09:00:00,10968.0
2013-06-17 10:00:00,14976.0
2013-06-17 11:00:00,16585.0
2013-06-17 12:00:00,16170.0
2013-06-17 13:00:00,15652.0
2013-06-17 14:00:00,15145.0
2013-06-17 15:00:00,15048.0
2013-06-17 16:00:00,15338.0
2013-06-17 17:00:00,15363.0
2013-06-17 18:00:00,15374.0
2013-06-17 19:00:00,15330.0
2013-06-17 20:00:00,16038.0
2013-06-17 21:00:00,16315.0
2013-06-17 22:00:00,16176.0
2013-06-17 23:00:00,13529.0
2013-06-18 00:00:00,9831.0
2013-06-18 01:00:00,5099.0
2013-06-18 02:00:00,4912.0
2013-06-18 03:00:00,4675.0
2013-06-18 04:00:00,4523.0
2013-06-18 05:00:00,4501.0
2013-06-18 06:00:00,4538.0
2013-06-18 07:00:00,6262.0
2013-06-18 08:00:00,7100.0
2013-06-18 09:00:00,9980.0
2013-06-18 10:00:00,13891.0
2013-06-18 11:00:00,14348.0
2013-06-18 12:00:00,14467.0
2013-06-18 13:00:00,15497.0
2013-06-18 14:00:00,15803.0
2013-06-18 15:00:00,15461.0
2013-06-18 16:00:00,15140.0
2013-06-18 17:00:00,15044.0
2013-06-18 18:00:00,14894.0
2013-06-18 19:00:00,14873.0
2013-06-18 20:00:00,15179.0
2013-06-18 21:00:00,16135.0
2013-06-18 22:00:00,15870.0
2013-06-18 23:00:00,13260.0
2013-06-19 00:00:00,9738.0
2013-06-19 01:00:00,5111.0
2013-06-19 02:00:00,4964.0
2013-06-19 03:00:00,4610.0
2013-06-19 04:00:00,4522.0
2013-06-19 05:00:00,4490.0
2013-06-19 06:00:00,4472.0
2013-06-19 07:00:00,5267.0
2013-06-19 08:00:00,7114.0
2013-06-19 09:00:00,9980.0
2013-06-19 10:00:00,14236.0
2013-06-19 11:00:00,15255.0
2013-06-19 12:00:00,15202.0
2013-06-19 13:00:00,15291.0
2013-06-19 14:00:00,15241.0
2013-06-19 15:00:00,15926.0
2013-06-19 16:00:00,16150.0
2013-06-19 17:00:00,15740.0
2013-06-19 18:00:00,15447.0
2013-06-19 19:00:00,15326.0
2013-06-19 20:00:00,16460.0
2013-06-19 21:00:00,16659.0
2013-06-19 22:00:00,16491.0
2013-06-19 23:00:00,13512.0
2013-06-20 00:00:00,9793.0
2013-06-20 01:00:00,5231.0
2013-06-20 02:00:00,4944.0
2013-06-20 03:00:00,4670.0
2013-06-20 04:00:00,4573.0
2013-06-20 05:00:00,4676.0
2013-06-20 06:00:00,4781.0
2013-06-20 07:00:00,6674.0
2013-06-20 08:00:00,7285.0
2013-06-20 09:00:00,11122.0
2013-06-20 10:00:00,14298.0
2013-06-20 11:00:00,15005.0
2013-06-20 12:00:00,15932.0
2013-06-20 13:00:00,16624.0
2013-06-20 14:00:00,16819.0
2013-06-20 15:00:00,16998.0
2013-06-20 16:00:00,17197.0
2013-06-20 17:00:00,17075.0
2013-06-20 18:00:00,16961.0
2013-06-20 19:00:00,16836.0
2013-06-20 20:00:00,16612.0
2013-06-20 21:00:00,17254.0
2013-06-20 22:00:00,16943.0
2013-06-20 23:00:00,13865.0
2013-06-21 00:00:00,10131.0
2013-06-21 01:00:00,5282.0
2013-06-21 02:00:00,5009.0
2013-06-21 03:00:00,4702.0
2013-06-21 04:00:00,4534.0
2013-06-21 05:00:00,4409.0
2013-06-21 06:00:00,4465.0
2013-06-21 07:00:00,6622.0
2013-06-21 08:00:00,7222.0
2013-06-21 09:00:00,11417.0
2013-06-21 10:00:00,14691.0
2013-06-21 11:00:00,15975.0
2013-06-21 12:00:00,16954.0
2013-06-21 13:00:00,17196.0
2013-06-21 14:00:00,17350.0
2013-06-21 15:00:00,17698.0
2013-06-21 16:00:00,17247.0
2013-06-21 17:00:00,17229.0
2013-06-21 18:00:00,17216.0
2013-06-21 19:00:00,17210.0
2013-06-21 20:00:00,17160.0
2013-06-21 21:00:00,17607.0
2013-06-21 22:00:00,17069.0
2013-06-21 23:00:00,14147.0
2013-06-22 00:00:00,10117.0
2013-06-22 01:00:00,4780.0
2013-06-22 02:00:00,4538.0
2013-06-22 03:00:00,4128.0
2013-06-22 04:00:00,3995.0
2013-06-22 05:00:00,3963.0
2013-06-22 06:00:00,3989.0
2013-06-22 07:00:00,4036.0
2013-06-22 08:00:00,4738.0
2013-06-22 09:00:00,10988.0
2013-06-22 10:00:00,15719.0
2013-06-22 11:00:00,16452.0
2013-06-22 12:00:00,16673.0
2013-06-22 13:00:00,18577.0
2013-06-22 14:00:00,22130.0
2013-06-22 15:00:00,22651.0
2013-06-22 16:00:00,22908.0
2013-06-22 17:00:00,23211.0
2013-06-22 18:00:00,22649.0
2013-06-22 19:00:00,19210.0
2013-06-22 20:00:00,18366.0
2013-06-22 21:00:00,19298.0
2013-06-22 22:00:00,18949.0
2013-06-22 23:00:00,15372.0
2013-06-23 00:00:00,10220.0
2013-06-23 01:00:00,5071.0
2013-06-23 02:00:00,4795.0
2013-06-23 03:00:00,4431.0
2013-06-23 04:00:00,4298.0
2013-06-23 05:00:00,4341.0
2013-06-23 06:00:00,4398.0
2013-06-23 07:00:00,4364.0
2013-06-23 08:00:00,4401.0
2013-06-23 09:00:00,9081.0
2013-06-23 10:00:00,20498.0
2013-06-23 11:00:00,22713.0
2013-06-23 12:00:00,24012.0
2013-06-23 13:00:00,25402.0
2013-06-23 14:00:00,26093.0
2013-06-23 15:00:00,26285.0
2013-06-23 16:00:00,27251.0
2013-06-23 17:00:00,27294.0
2013-06-23 18:00:00,24399.0
2013-06-23 19:00:00,24092.0
2013-06-23 20:00:00,24023.0
2013-06-23 21:00:00,24687.0
2013-06-23 22:00:00,22774.0
2013-06-23 23:00:00,17799.0
2013-06-24 00:00:00,9312.0
2013-06-24 01:00:00,5299.0
2013-06-24 02:00:00,5193.0
2013-06-24 03:00:00,4740.0
2013-06-24 04:00:00,4647.0
2013-06-24 05:00:00,4540.0
2013-06-24 06:00:00,4576.0
2013-06-24 07:00:00,6390.0
2013-06-24 08:00:00,9481.0
2013-06-24 09:00:00,13477.0
2013-06-24 10:00:00,16790.0
2013-06-24 11:00:00,18020.0
2013-06-24 12:00:00,22369.0
2013-06-24 13:00:00,24011.0
2013-06-24 14:00:00,24235.0
2013-06-24 15:00:00,24673.0
2013-06-24 16:00:00,24874.0
2013-06-24 17:00:00,24992.0
2013-06-24 18:00:00,25293.0
2013-06-24 19:00:00,24956.0
2013-06-24 20:00:00,24695.0
2013-06-24 21:00:00,25184.0
2013-06-24 22:00:00,22047.0
2013-06-24 23:00:00,16131.0
2013-06-25 00:00:00,10596.0
2013-06-25 01:00:00,4972.0
2013-06-25 02:00:00,4720.0
2013-06-25 03:00:00,4412.0
2013-06-25 04:00:00,4319.0
2013-06-25 05:00:00,4194.0
2013-06-25 06:00:00,4984.0
2013-06-25 07:00:00,7015.0
2013-06-25 08:00:00,9765.0
2013-06-25 09:00:00,13596.0
2013-06-25 10:00:00,16935.0
2013-06-25 11:00:00,22667.0
2013-06-25 12:00:00,24420.0
2013-06-25 13:00:00,25239.0
2013-06-25 14:00:00,25860.0
2013-06-25 15:00:00,25607.0
2013-06-25 16:00:00,26522.0
2013-06-25 17:00:00,26696.0
2013-06-25 18:00:00,26476.0
2013-06-25 19:00:00,26056.0
2013-06-25 20:00:00,25470.0
2013-06-25 21:00:00,25490.0
2013-06-25 22:00:00,24522.0
2013-06-25 23:00:00,15824.0
2013-06-26 00:00:00,10548.0
2013-06-26 01:00:00,5012.0
2013-06-26 02:00:00,4780.0
2013-06-26 03:00:00,4477.0
2013-06-26 04:00:00,4281.0
2013-06-26 05:00:00,4210.0
2013-06-26 06:00:00,5201.0
2013-06-26 07:00:00,8164.0
2013-06-26 08:00:00,10170.0
2013-06-26 09:00:00,14469.0
2013-06-26 10:00:00,17854.0
2013-06-26 11:00:00,24187.0
2013-06-26 12:00:00,25171.0
2013-06-26 13:00:00,24928.0
2013-06-26 14:00:00,24868.0
2013-06-26 15:00:00,24965.0
2013-06-26 16:00:00,25122.0
2013-06-26 17:00:00,25395.0
2013-06-26 18:00:00,25659.0
2013-06-26 19:00:00,25798.0
2013-06-26 20:00:00,25933.0
2013-06-26 21:00:00,26528.0
2013-06-26 22:00:00,22445.0
2013-06-26 23:00:00,16547.0
2013-06-27 00:00:00,10772.0
2013-06-27 01:00:00,5129.0
2013-06-27 02:00:00,4846.0
2013-06-27 03:00:00,4607.0
2013-06-27 04:00:00,4450.0
2013-06-27 05:00:00,4467.0
2013-06-27 06:00:00,5417.0
2013-06-27 07:00:00,6970.0
2013-06-27 08:00:00,8089.0
2013-06-27 09:00:00,14407.0
2013-06-27 10:00:00,20514.0
2013-06-27 11:00:00,26755.0
2013-06-27 12:00:00,27774.0
2013-06-27 13:00:00,28548.0
2013-06-27 14:00:00,28932.0
2013-06-27 15:00:00,29263.0
2013-06-27 16:00:00,29520.0
2013-06-27 17:00:00,29697.0
2013-06-27 18:00:00,29610.0
2013-06-27 19:00:00,29747.0
2013-06-27 20:00:00,30559.0
2013-06-27 21:00:00,30149.0
2013-06-27 22:00:00,27316.0
2013-06-27 23:00:00,19826.0
2013-06-28 00:00:00,11012.0
2013-06-28 01:00:00,5384.0
2013-06-28 02:00:00,5205.0
2013-06-28 03:00:00,4911.0
2013-06-28 04:00:00,4825.0
2013-06-28 05:00:00,4760.0
2013-06-28 06:00:00,5698.0
2013-06-28 07:00:00,7811.0
2013-06-28 08:00:00,9918.0
2013-06-28 09:00:00,17533.0
2013-06-28 10:00:00,21383.0
2013-06-28 11:00:00,26521.0
2013-06-28 12:00:00,28155.0
2013-06-28 13:00:00,29224.0
2013-06-28 14:00:00,29859.0
2013-06-28 15:00:00,30472.0
2013-06-28 16:00:00,30302.0
2013-06-28 17:00:00,30593.0
2013-06-28 18:00:00,30376.0
2013-06-28 19:00:00,27383.0
2013-06-28 20:00:00,25742.0
2013-06-28 21:00:00,25435.0
2013-06-28 22:00:00,20199.0
2013-06-28 23:00:00,16179.0
2013-06-29 00:00:00,10271.0
2013-06-29 01:00:00,5257.0
2013-06-29 02:00:00,4909.0
2013-06-29 03:00:00,4736.0
2013-06-29 04:00:00,4575.0
2013-06-29 05:00:00,4375.0
2013-06-29 06:00:00,5053.0
2013-06-29 07:00:00,5231.0
2013-06-29 08:00:00,5975.0
2013-06-29 09:00:00,12295.0
2013-06-29 10:00:00,16630.0
2013-06-29 11:00:00,25149.0
2013-06-29 12:00:00,26254.0
2013-06-29 13:00:00,26077.0
2013-06-29 14:00:00,26269.0
2013-06-29 15:00:00,26337.0
2013-06-29 16:00:00,26445.0
2013-06-29 17:00:00,26541.0
2013-06-29 18:00:00,28353.0
2013-06-29 19:00:00,30643.0
2013-06-29 20:00:00,30514.0
2013-06-29 21:00:00,31024.0
2013-06-29 22:00:00,29721.0
2013-06-29 23:00:00,20296.0
2013-06-30 00:00:00,11838.0
2013-06-30 01:00:00,4919.0
2013-06-30 02:00:00,4585.0
2013-06-30 03:00:00,4360.0
2013-06-30 04:00:00,4200.0
2013-06-30 05:00:00,4153.0
2013-06-30 06:00:00,5119.0
2013-06-30 07:00:00,5708.0
2013-06-30 08:00:00,8917.0
2013-06-30 09:00:00,18727.0
2013-06-30 10:00:00,28432.0
2013-06-30 11:00:00,32807.0
2013-06-30 12:00:00,33015.0
2013-06-30 13:00:00,33202.0
2013-06-30 14:00:00,33900.0
2013-06-30 15:00:00,34310.0
2013-06-30 16:00:00,34188.0
2013-06-30 17:00:00,33877.0
2013-06-30 18:00:00,33264.0
2013-06-30 19:00:00,33127.0
2013-06-30 20:00:00,36093.0
2013-06-30 21:00:00,34870.0
2013-06-30 22:00:00,33386.0
2013-06-30 23:00:00,25423.0
2013-07-01 00:00:00,11400.0
2013-07-01 01:00:00,5024.0
2013-07-01 02:00:00,4849.0
2013-07-01 03:00:00,4633.0
2013-07-01 04:00:00,4477.0
2013-07-01 05:00:00,4512.0
2013-07-01 06:00:00,5466.0
2013-07-01 07:00:00,7612.0
2013-07-01 08:00:00,9327.0
2013-07-01 09:00:00,12990.0
2013-07-01 10:00:00,18567.0
2013-07-01 11:00:00,24909.0
2013-07-01 12:00:00,26366.0
2013-07-01 13:00:00,26586.0
2013-07-01 14:00:00,25503.0
2013-07-01 15:00:00,27607.0
2013-07-01 16:00:00,26374.0
2013-07-01 17:00:00,26607.0
2013-07-01 18:00:00,26446.0
2013-07-01 19:00:00,25847.0
2013-07-01 20:00:00,23203.0
2013-07-01 21:00:00,22415.0
2013-07-01 22:00:00,21069.0
2013-07-01 23:00:00,16569.0
2013-07-02 00:00:00,11109.0
2013-07-02 01:00:00,5265.0
2013-07-02 02:00:00,4991.0
2013-07-02 03:00:00,4706.0
2013-07-02 04:00:00,4541.0
2013-07-02 05:00:00,4573.0
2013-07-02 06:00:00,5508.0
2013-07-02 07:00:00,8205.0
2013-07-02 08:00:00,9477.0
2013-07-02 09:00:00,12943.0
2013-07-02 10:00:00,16366.0
2013-07-02 11:00:00,18356.0
2013-07-02 12:00:00,18773.0
2013-07-02 13:00:00,22176.0
2013-07-02 14:00:00,22885.0
2013-07-02 15:00:00,23018.0
2013-07-02 16:00:00,22977.0
2013-07-02 17:00:00,22808.0
2013-07-02 18:00:00,22766.0
2013-07-02 19:00:00,22585.0
2013-07-02 20:00:00,20982.0
2013-07-02 21:00:00,19548.0
2013-07-02 22:00:00,19206.0
2013-07-02 23:00:00,15726.0
2013-07-03 00:00:00,10536.0
2013-07-03 01:00:00,5135.0
2013-07-03 02:00:00,4842.0
2013-07-03 03:00:00,4526.0
2013-07-03 04:00:00,4330.0
2013-07-03 05:00:00,4300.0
2013-07-03 06:00:00,5099.0
2013-07-03 07:00:00,8119.0
2013-07-03 08:00:00,9193.0
2013-07-03 09:00:00,12593.0
2013-07-03 10:00:00,19451.0
2013-07-03 11:00:00,25561.0
2013-07-03 12:00:00,25905.0
2013-07-03 13:00:00,25775.0
2013-07-03 14:00:00,25526.0
2013-07-03 15:00:00,27055.0
2013-07-03 16:00:00,29871.0
2013-07-03 17:00:00,29457.0
2013-07-03 18:00:00,30464.0
2013-07-03 19:00:00,30886.0
2013-07-03 20:00:00,30765.0
2013-07-03 21:00:00,25794.0
2013-07-03 22:00:00,24520.0
2013-07-03 23:00:00,17868.0
2013-07-04 00:00:00,11122.0
2013-07-04 01:00:00,5104.0
2013-07-04 02:00:00,4774.0
2013-07-04 03:00:00,4509.0
2013-07-04 04:00:00,4294.0
2013-07-04 05:00:00,4218.0
2013-07-04 06:00:00,5189.0
2013-07-04 07:00:00,8809.0
2013-07-04 08:00:00,11371.0
2013-07-04 09:00:00,16443.0
2013-07-04 10:00:00,25282.0
2013-07-04 11:00:00,28864.0
2013-07-04 12:00:00,29882.0
2013-07-04 13:00:00,30237.0
2013-07-04 14:00:00,30410.0
2013-07-04 15:00:00,30460.0
2013-07-04 16:00:00,30637.0
2013-07-04 17:00:00,30696.0
2013-07-04 18:00:00,30498.0
2013-07-04 19:00:00,30475.0
2013-07-04 20:00:00,30312.0
2013-07-04 21:00:00,32887.0
2013-07-04 22:00:00,29127.0
2013-07-04 23:00:00,23960.0
2013-07-05 00:00:00,13211.0
2013-07-05 01:00:00,5495.0
2013-07-05 02:00:00,5308.0
2013-07-05 03:00:00,5005.0
2013-07-05 04:00:00,4812.0
2013-07-05 05:00:00,4675.0
2013-07-05 06:00:00,5430.0
2013-07-05 07:00:00,8852.0
2013-07-05 08:00:00,11335.0
2013-07-05 09:00:00,17013.0
2013-07-05 10:00:00,24473.0
2013-07-05 11:00:00,25980.0
2013-07-05 12:00:00,28968.0
2013-07-05 13:00:00,30322.0
2013-07-05 14:00:00,30365.0
2013-07-05 15:00:00,30907.0
2013-07-05 16:00:00,31397.0
2013-07-05 17:00:00,31368.0
2013-07-05 18:00:00,30807.0
2013-07-05 19:00:00,31352.0
2013-07-05 20:00:00,34316.0
2013-07-05 21:00:00,31776.0
2013-07-05 22:00:00,30566.0
2013-07-05 23:00:00,23000.0
2013-07-06 00:00:00,13036.0
2013-07-06 01:00:00,5015.0
2013-07-06 02:00:00,4628.0
2013-07-06 03:00:00,4320.0
2013-07-06 04:00:00,4106.0
2013-07-06 05:00:00,4011.0
2013-07-06 06:00:00,4964.0
2013-07-06 07:00:00,5464.0
2013-07-06 08:00:00,8142.0
2013-07-06 09:00:00,19373.0
2013-07-06 10:00:00,22913.0
2013-07-06 11:00:00,24863.0
2013-07-06 12:00:00,24985.0
2013-07-06 13:00:00,28475.0
2013-07-06 14:00:00,28907.0
2013-07-06 15:00:00,30849.0
2013-07-06 16:00:00,32330.0
2013-07-06 17:00:00,32924.0
2013-07-06 18:00:00,33825.0
2013-07-06 19:00:00,37919.0
2013-07-06 20:00:00,35992.0
2013-07-06 21:00:00,35613.0
2013-07-06 22:00:00,35849.0
2013-07-06 23:00:00,27582.0
2013-07-07 00:00:00,11511.0
2013-07-07 01:00:00,5154.0
2013-07-07 02:00:00,4733.0
2013-07-07 03:00:00,4459.0
2013-07-07 04:00:00,4262.0
2013-07-07 05:00:00,4187.0
2013-07-07 06:00:00,4948.0
2013-07-07 07:00:00,5532.0
2013-07-07 08:00:00,6105.0
2013-07-07 09:00:00,21023.0
2013-07-07 10:00:00,32172.0
2013-07-07 11:00:00,33048.0
2013-07-07 12:00:00,33296.0
2013-07-07 13:00:00,38648.0
2013-07-07 14:00:00,39407.0
2013-07-07 15:00:00,35307.0
2013-07-07 16:00:00,37677.0
2013-07-07 17:00:00,38825.0
2013-07-07 18:00:00,35826.0
2013-07-07 19:00:00,35901.0
2013-07-07 20:00:00,38086.0
2013-07-07 21:00:00,39529.0
2013-07-07 22:00:00,36628.0
2013-07-07 23:00:00,26990.0
2013-07-08 00:00:00,11114.0
2013-07-08 01:00:00,5283.0
2013-07-08 02:00:00,4971.0
2013-07-08 03:00:00,4646.0
2013-07-08 04:00:00,4439.0
2013-07-08 05:00:00,4405.0
2013-07-08 06:00:00,5207.0
2013-07-08 07:00:00,7967.0
2013-07-08 08:00:00,10985.0
2013-07-08 09:00:00,17244.0
2013-07-08 10:00:00,25514.0
2013-07-08 11:00:00,27385.0
2013-07-08 12:00:00,28959.0
2013-07-08 13:00:00,30684.0
2013-07-08 14:00:00,30996.0
2013-07-08 15:00:00,34397.0
2013-07-08 16:00:00,34824.0
2013-07-08 17:00:00,34594.0
2013-07-08 18:00:00,33050.0
2013-07-08 19:00:00,33053.0
2013-07-08 20:00:00,33173.0
2013-07-08 21:00:00,33290.0
2013-07-08 22:00:00,31635.0
2013-07-08 23:00:00,23845.0
2013-07-09 00:00:00,13470.0
2013-07-09 01:00:00,5439.0
2013-07-09 02:00:00,5229.0
2013-07-09 03:00:00,4984.0
2013-07-09 04:00:00,5628.0
2013-07-09 05:00:00,5689.0
2013-07-09 06:00:00,5808.0
2013-07-09 07:00:00,8727.0
2013-07-09 08:00:00,11134.0
2013-07-09 09:00:00,15367.0
2013-07-09 10:00:00,26242.0
2013-07-09 11:00:00,30312.0
2013-07-09 12:00:00,29526.0
2013-07-09 13:00:00,30061.0
2013-07-09 14:00:00,30849.0
2013-07-09 15:00:00,34113.0
2013-07-09 16:00:00,31204.0
2013-07-09 17:00:00,29860.0
2013-07-09 18:00:00,31650.0
2013-07-09 19:00:00,29411.0
2013-07-09 20:00:00,30202.0
2013-07-09 21:00:00,30604.0
2013-07-09 22:00:00,29151.0
2013-07-09 23:00:00,21320.0
2013-07-10 00:00:00,12661.0
2013-07-10 01:00:00,5305.0
2013-07-10 02:00:00,5129.0
2013-07-10 03:00:00,4857.0
2013-07-10 04:00:00,4657.0
2013-07-10 05:00:00,4553.0
2013-07-10 06:00:00,5596.0
2013-07-10 07:00:00,8713.0
2013-07-10 08:00:00,10888.0
2013-07-10 09:00:00,15064.0
2013-07-10 10:00:00,24690.0
2013-07-10 11:00:00,25724.0
2013-07-10 12:00:00,25501.0
2013-07-10 13:00:00,26405.0
2013-07-10 14:00:00,28724.0
2013-07-10 15:00:00,28898.0
2013-07-10 16:00:00,30049.0
2013-07-10 17:00:00,33421.0
2013-07-10 18:00:00,31875.0
2013-07-10 19:00:00,29832.0
2013-07-10 20:00:00,29133.0
2013-07-10 21:00:00,28992.0
2013-07-10 22:00:00,26819.0
2013-07-10 23:00:00,19128.0
2013-07-11 00:00:00,11842.0
2013-07-11 01:00:00,5533.0
2013-07-11 02:00:00,5213.0
2013-07-11 03:00:00,4894.0
2013-07-11 04:00:00,4674.0
2013-07-11 05:00:00,4573.0
2013-07-11 06:00:00,5524.0
2013-07-11 07:00:00,8681.0
2013-07-11 08:00:00,10165.0
2013-07-11 09:00:00,14195.0
2013-07-11 10:00:00,20063.0
2013-07-11 11:00:00,23284.0
2013-07-11 12:00:00,23616.0
2013-07-11 13:00:00,24015.0
2013-07-11 14:00:00,24714.0
2013-07-11 15:00:00,27556.0
2013-07-11 16:00:00,28572.0
2013-07-11 17:00:00,28638.0
2013-07-11 18:00:00,28441.0
2013-07-11 19:00:00,28063.0
2013-07-11 20:00:00,28751.0
2013-07-11 21:00:00,25771.0
2013-07-11 22:00:00,23191.0
2013-07-11 23:00:00,19173.0
2013-07-12 00:00:00,12593.0
2013-07-12 01:00:00,5495.0
2013-07-12 02:00:00,5308.0
2013-07-12 03:00:00,5005.0
2013-07-12 04:00:00,4812.0
2013-07-12 05:00:00,4675.0
2013-07-12 06:00:00,5430.0
2013-07-12 07:00:00,8852.0
2013-07-12 08:00:00,11335.0
2013-07-12 09:00:00,17013.0
2013-07-12 10:00:00,24473.0
2013-07-12 11:00:00,25980.0
2013-07-12 12:00:00,28968.0
2013-07-12 13:00:00,30322.0
2013-07-12 14:00:00,30365.0
2013-07-12 15:00:00,30907.0
2013-07-12 16:00:00,31397.0
2013-07-12 17:00:00,31368.0
2013-07-12 18:00:00,30807.0
2013-07-12 19:00:00,31352.0
2013-07-12 20:00:00,34316.0
2013-07-12 21:00:00,31776.0
2013-07-12 22:00:00,30566.0
2013-07-12 23:00:00,23000.0
2013-07-13 00:00:00,12421.0
2013-07-13 01:00:00,5219.0
2013-07-13 02:00:00,4978.0
2013-07-13 03:00:00,4669.0
2013-07-13 04:00:00,4563.0
2013-07-13 05:00:00,4478.0
2013-07-13 06:00:00,5208.0
2013-07-13 07:00:00,5654.0
2013-07-13 08:00:00,6107.0
2013-07-13 09:00:00,12777.0
2013-07-13 10:00:00,19134.0
2013-07-13 11:00:00,23455.0
2013-07-13 12:00:00,22563.0
2013-07-13 13:00:00,23253.0
2013-07-13 14:00:00,23533.0
2013-07-13 15:00:00,23461.0
2013-07-13 16:00:00,23414.0
2013-07-13 17:00:00,23543.0
2013-07-13 18:00:00,23475.0
2013-07-13 19:00:00,24301.0
2013-07-13 20:00:00,25096.0
2013-07-13 21:00:00,24812.0
2013-07-13 22:00:00,24353.0
2013-07-13 23:00:00,17701.0
2013-07-14 00:00:00,9276.0
2013-07-14 01:00:00,5225.0
2013-07-14 02:00:00,4926.0
2013-07-14 03:00:00,4638.0
2013-07-14 04:00:00,4533.0
2013-07-14 05:00:00,4495.0
2013-07-14 06:00:00,5474.0
2013-07-14 07:00:00,5931.0
2013-07-14 08:00:00,6462.0
2013-07-14 09:00:00,16059.0
2013-07-14 10:00:00,22347.0
2013-07-14 11:00:00,24826.0
2013-07-14 12:00:00,26051.0
2013-07-14 13:00:00,26200.0
2013-07-14 14:00:00,26220.0
2013-07-14 15:00:00,26468.0
2013-07-14 16:00:00,26766.0
2013-07-14 17:00:00,26676.0
2013-07-14 18:00:00,26635.0
2013-07-14 19:00:00,26528.0
2013-07-14 20:00:00,27383.0
2013-07-14 21:00:00,26875.0
2013-07-14 22:00:00,25679.0
2013-07-14 23:00:00,17274.0
2013-07-15 00:00:00,9138.0
2013-07-15 01:00:00,5197.0
2013-07-15 02:00:00,4889.0
2013-07-15 03:00:00,4602.0
2013-07-15 04:00:00,4399.0
2013-07-15 05:00:00,4348.0
2013-07-15 06:00:00,5230.0
2013-07-15 07:00:00,8405.0
2013-07-15 08:00:00,9969.0
2013-07-15 09:00:00,13722.0
2013-07-15 10:00:00,17401.0
2013-07-15 11:00:00,18830.0
2013-07-15 12:00:00,24339.0
2013-07-15 13:00:00,24380.0
2013-07-15 14:00:00,24300.0
2013-07-15 15:00:00,24514.0
2013-07-15 16:00:00,24869.0
2013-07-15 17:00:00,25674.0
2013-07-15 18:00:00,24704.0
2013-07-15 19:00:00,23741.0
2013-07-15 20:00:00,21687.0
2013-07-15 21:00:00,20477.0
2013-07-15 22:00:00,19808.0
2013-07-15 23:00:00,16232.0
2013-07-16 00:00:00,11083.0
2013-07-16 01:00:00,5279.0
2013-07-16 02:00:00,4999.0
2013-07-16 03:00:00,4695.0
2013-07-16 04:00:00,4509.0
2013-07-16 05:00:00,4469.0
2013-07-16 06:00:00,4121.0
2013-07-16 07:00:00,6882.0
2013-07-16 08:00:00,8322.0
2013-07-16 09:00:00,11063.0
2013-07-16 10:00:00,16160.0
2013-07-16 11:00:00,20321.0
2013-07-16 12:00:00,21596.0
2013-07-16 13:00:00,23166.0
2013-07-16 14:00:00,24748.0
2013-07-16 15:00:00,25932.0
2013-07-16 16:00:00,26351.0
2013-07-16 17:00:00,26353.0
2013-07-16 18:00:00,26739.0
2013-07-16 19:00:00,24503.0
2013-07-16 20:00:00,22220.0
2013-07-16 21:00:00,20338.0
2013-07-16 22:00:00,19559.0
2013-07-16 23:00:00,16372.0
2013-07-17 00:00:00,11272.0
2013-07-17 01:00:00,5280.0
2013-07-17 02:00:00,4958.0
2013-07-17 03:00:00,4733.0
2013-07-17 04:00:00,4548.0
2013-07-17 05:00:00,4458.0
2013-07-17 06:00:00,4439.0
2013-07-17 07:00:00,6440.0
2013-07-17 08:00:00,7406.0
2013-07-17 09:00:00,10758.0
2013-07-17 10:00:00,17467.0
2013-07-17 11:00:00,23315.0
2013-07-17 12:00:00,24508.0
2013-07-17 13:00:00,26219.0
2013-07-17 14:00:00,26199.0
2013-07-17 15:00:00,26163.0
2013-07-17 16:00:00,26397.0
2013-07-17 17:00:00,27050.0
2013-07-17 18:00:00,26899.0
2013-07-17 19:00:00,24618.0
2013-07-17 20:00:00,20742.0
2013-07-17 21:00:00,20766.0
2013-07-17 22:00:00,20211.0
2013-07-17 23:00:00,16486.0
2013-07-18 00:00:00,10937.0
2013-07-18 01:00:00,5045.0
2013-07-18 02:00:00,4823.0
2013-07-18 03:00:00,4508.0
2013-07-18 04:00:00,4273.0
2013-07-18 05:00:00,4247.0
2013-07-18 06:00:00,4329.0
2013-07-18 07:00:00,7784.0
2013-07-18 08:00:00,9127.0
2013-07-18 09:00:00,12202.0
2013-07-18 10:00:00,16398.0
2013-07-18 11:00:00,17771.0
2013-07-18 12:00:00,18147.0
2013-07-18 13:00:00,20748.0
2013-07-18 14:00:00,24196.0
2013-07-18 15:00:00,24817.0
2013-07-18 16:00:00,26056.0
2013-07-18 17:00:00,26500.0
2013-07-18 18:00:00,25226.0
2013-07-18 19:00:00,24635.0
2013-07-18 20:00:00,24573.0
2013-07-18 21:00:00,21130.0
2013-07-18 22:00:00,19696.0
2013-07-18 23:00:00,16415.0
2013-07-19 00:00:00,11273.0
2013-07-19 01:00:00,5440.0
2013-07-19 02:00:00,5205.0
2013-07-19 03:00:00,4925.0
2013-07-19 04:00:00,4747.0
2013-07-19 05:00:00,4689.0
2013-07-19 06:00:00,4662.0
2013-07-19 07:00:00,7469.0
2013-07-19 08:00:00,9402.0
2013-07-19 09:00:00,12364.0
2013-07-19 10:00:00,16433.0
2013-07-19 11:00:00,17842.0
2013-07-19 12:00:00,22808.0
2013-07-19 13:00:00,24582.0
2013-07-19 14:00:00,24472.0
2013-07-19 15:00:00,24942.0
2013-07-19 16:00:00,24933.0
2013-07-19 17:00:00,24236.0
2013-07-19 18:00:00,23275.0
2013-07-19 19:00:00,22173.0
2013-07-19 20:00:00,18491.0
2013-07-19 21:00:00,19206.0
2013-07-19 22:00:00,18781.0
2013-07-19 23:00:00,15798.0
2013-07-20 00:00:00,10886.0
2013-07-20 01:00:00,5356.0
2013-07-20 02:00:00,5100.0
2013-07-20 03:00:00,4815.0
2013-07-20 04:00:00,4744.0
2013-07-20 05:00:00,4683.0
2013-07-20 06:00:00,5699.0
2013-07-20 07:00:00,6360.0
2013-07-20 08:00:00,6297.0
2013-07-20 09:00:00,12497.0
2013-07-20 10:00:00,21144.0
2013-07-20 11:00:00,23254.0
2013-07-20 12:00:00,23410.0
2013-07-20 13:00:00,23608.0
2013-07-20 14:00:00,24069.0
2013-07-20 15:00:00,24135.0
2013-07-20 16:00:00,23948.0
2013-07-20 17:00:00,23821.0
2013-07-20 18:00:00,23639.0
2013-07-20 19:00:00,23194.0
2013-07-20 20:00:00,20108.0
2013-07-20 21:00:00,20139.0
2013-07-20 22:00:00,19639.0
2013-07-20 23:00:00,15654.0
2013-07-21 00:00:00,10509.0
2013-07-21 01:00:00,5427.0
2013-07-21 02:00:00,5122.0
2013-07-21 03:00:00,4791.0
2013-07-21 04:00:00,4649.0
2013-07-21 05:00:00,4602.0
2013-07-21 06:00:00,5314.0
2013-07-21 07:00:00,5631.0
2013-07-21 08:00:00,6153.0
2013-07-21 09:00:00,20155.0
2013-07-21 10:00:00,24691.0
2013-07-21 11:00:00,26842.0
2013-07-21 12:00:00,28022.0
2013-07-21 13:00:00,28050.0
2013-07-21 14:00:00,28251.0
2013-07-21 15:00:00,28709.0
2013-07-21 16:00:00,28671.0
2013-07-21 17:00:00,28533.0
2013-07-21 18:00:00,28192.0
2013-07-21 19:00:00,26319.0
2013-07-21 20:00:00,26282.0
2013-07-21 21:00:00,26568.0
2013-07-21 22:00:00,25831.0
2013-07-21 23:00:00,19195.0
2013-07-22 00:00:00,9682.0
2013-07-22 01:00:00,5521.0
2013-07-22 02:00:00,5230.0
2013-07-22 03:00:00,4910.0
2013-07-22 04:00:00,4795.0
2013-07-22 05:00:00,4766.0
2013-07-22 06:00:00,5149.0
2013-07-22 07:00:00,7325.0
2013-07-22 08:00:00,9259.0
2013-07-22 09:00:00,13404.0
2013-07-22 10:00:00,17035.0
2013-07-22 11:00:00,22630.0
2013-07-22 12:00:00,23628.0
2013-07-22 13:00:00,25190.0
2013-07-22 14:00:00,25886.0
2013-07-22 15:00:00,25365.0
2013-07-22 16:00:00,25850.0
2013-07-22 17:00:00,25490.0
2013-07-22 18:00:00,23775.0
2013-07-22 19:00:00,23996.0
2013-07-22 20:00:00,22973.0
2013-07-22 21:00:00,20071.0
2013-07-22 22:00:00,19728.0
2013-07-22 23:00:00,15990.0
2013-07-23 00:00:00,10916.0
2013-07-23 01:00:00,5348.0
2013-07-23 02:00:00,5012.0
2013-07-23 03:00:00,4758.0
2013-07-23 04:00:00,4597.0
2013-07-23 05:00:00,4536.0
2013-07-23 06:00:00,4448.0
2013-07-23 07:00:00,7695.0
2013-07-23 08:00:00,9141.0
2013-07-23 09:00:00,12706.0
2013-07-23 10:00:00,16555.0
2013-07-23 11:00:00,17709.0
2013-07-23 12:00:00,22086.0
2013-07-23 13:00:00,24168.0
2013-07-23 14:00:00,25086.0
2013-07-23 15:00:00,25172.0
2013-07-23 16:00:00,25771.0
2013-07-23 17:00:00,25726.0
2013-07-23 18:00:00,25388.0
2013-07-23 19:00:00,23525.0
2013-07-23 20:00:00,23580.0
2013-07-23 21:00:00,21365.0
2013-07-23 22:00:00,20243.0
2013-07-23 23:00:00,17470.0
2013-07-24 00:00:00,11096.0
2013-07-24 01:00:00,5426.0
2013-07-24 02:00:00,5171.0
2013-07-24 03:00:00,4941.0
2013-07-24 04:00:00,4747.0
2013-07-24 05:00:00,4664.0
2013-07-24 06:00:00,4608.0
2013-07-24 07:00:00,8046.0
2013-07-24 08:00:00,9766.0
2013-07-24 09:00:00,14264.0
2013-07-24 10:00:00,18129.0
2013-07-24 11:00:00,24430.0
2013-07-24 12:00:00,25633.0
2013-07-24 13:00:00,26117.0
2013-07-24 14:00:00,25744.0
2013-07-24 15:00:00,25950.0
2013-07-24 16:00:00,26274.0
2013-07-24 17:00:00,26738.0
2013-07-24 18:00:00,26183.0
2013-07-24 19:00:00,24272.0
2013-07-24 20:00:00,24688.0
2013-07-24 21:00:00,25541.0
2013-07-24 22:00:00,24735.0
2013-07-24 23:00:00,17013.0
2013-07-25 00:00:00,11183.0
2013-07-25 01:00:00,5669.0
2013-07-25 02:00:00,5541.0
2013-07-25 03:00:00,5291.0
2013-07-25 04:00:00,5212.0
2013-07-25 05:00:00,5132.0
2013-07-25 06:00:00,5682.0
2013-07-25 07:00:00,9438.0
2013-07-25 08:00:00,11763.0
2013-07-25 09:00:00,14982.0
2013-07-25 10:00:00,18360.0
2013-07-25 11:00:00,21121.0
2013-07-25 12:00:00,24568.0
2013-07-25 13:00:00,25053.0
2013-07-25 14:00:00,25343.0
2013-07-25 15:00:00,25509.0
2013-07-25 16:00:00,25619.0
2013-07-25 17:00:00,25413.0
2013-07-25 18:00:00,24333.0
2013-07-25 19:00:00,23796.0
2013-07-25 20:00:00,21556.0
2013-07-25 21:00:00,20554.0
2013-07-25 22:00:00,20007.0
2013-07-25 23:00:00,16432.0
2013-07-26 00:00:00,11212.0
2013-07-26 01:00:00,5588.0
2013-07-26 02:00:00,5297.0
2013-07-26 03:00:00,5123.0
2013-07-26 04:00:00,4983.0
2013-07-26 05:00:00,4946.0
2013-07-26 06:00:00,4889.0
2013-07-26 07:00:00,7179.0
2013-07-26 08:00:00,9249.0
2013-07-26 09:00:00,13252.0
2013-07-26 10:00:00,17188.0
2013-07-26 11:00:00,18315.0
2013-07-26 12:00:00,18529.0
2013-07-26 13:00:00,18412.0
2013-07-26 14:00:00,23032.0
2013-07-26 15:00:00,23373.0
2013-07-26 16:00:00,23106.0
2013-07-26 17:00:00,23340.0
2013-07-26 18:00:00,23220.0
2013-07-26 19:00:00,22948.0
2013-07-26 20:00:00,21883.0
2013-07-26 21:00:00,20441.0
2013-07-26 22:00:00,19277.0
2013-07-26 23:00:00,16345.0
2013-07-27 00:00:00,11586.0
2013-07-27 01:00:00,5054.0
2013-07-27 02:00:00,4552.0
2013-07-27 03:00:00,4284.0
2013-07-27 04:00:00,4093.0
2013-07-27 05:00:00,4032.0
2013-07-27 06:00:00,4034.0
2013-07-27 07:00:00,4297.0
2013-07-27 08:00:00,4568.0
2013-07-27 09:00:00,9809.0
2013-07-27 10:00:00,19264.0
2013-07-27 11:00:00,22393.0
2013-07-27 12:00:00,22814.0
2013-07-27 13:00:00,22826.0
2013-07-27 14:00:00,22723.0
2013-07-27 15:00:00,22872.0
2013-07-27 16:00:00,22384.0
2013-07-27 17:00:00,22417.0
2013-07-27 18:00:00,22318.0
2013-07-27 19:00:00,19114.0
2013-07-27 20:00:00,18888.0
2013-07-27 21:00:00,19487.0
2013-07-27 22:00:00,18859.0
2013-07-27 23:00:00,15413.0
2013-07-28 00:00:00,9942.0
2013-07-28 01:00:00,5020.0
2013-07-28 02:00:00,4629.0
2013-07-28 03:00:00,4308.0
2013-07-28 04:00:00,4128.0
2013-07-28 05:00:00,4082.0
2013-07-28 06:00:00,4094.0
2013-07-28 07:00:00,4251.0
2013-07-28 08:00:00,4596.0
2013-07-28 09:00:00,13285.0
2013-07-28 10:00:00,21863.0
2013-07-28 11:00:00,26923.0
2013-07-28 12:00:00,26943.0
2013-07-28 13:00:00,27006.0
2013-07-28 14:00:00,27090.0
2013-07-28 15:00:00,28208.0
2013-07-28 16:00:00,28215.0
2013-07-28 17:00:00,27930.0
2013-07-28 18:00:00,27676.0
2013-07-28 19:00:00,26709.0
2013-07-28 20:00:00,26645.0
2013-07-28 21:00:00,26799.0
2013-07-28 22:00:00,26571.0
2013-07-28 23:00:00,19849.0
2013-07-29 00:00:00,9384.0
2013-07-29 01:00:00,5351.0
2013-07-29 02:00:00,5015.0
2013-07-29 03:00:00,4799.0
2013-07-29 04:00:00,4577.0
2013-07-29 05:00:00,4547.0
2013-07-29 06:00:00,4504.0
2013-07-29 07:00:00,6431.0
2013-07-29 08:00:00,7552.0
2013-07-29 09:00:00,10512.0
2013-07-29 10:00:00,16083.0
2013-07-29 11:00:00,18999.0
2013-07-29 12:00:00,24009.0
2013-07-29 13:00:00,24100.0
2013-07-29 14:00:00,24446.0
2013-07-29 15:00:00,24596.0
2013-07-29 16:00:00,24235.0
2013-07-29 17:00:00,24428.0
2013-07-29 18:00:00,24169.0
2013-07-29 19:00:00,23494.0
2013-07-29 20:00:00,23732.0
2013-07-29 21:00:00,21289.0
2013-07-29 22:00:00,20201.0
2013-07-29 23:00:00,16479.0
2013-07-30 00:00:00,11106.0
2013-07-30 01:00:00,5646.0
2013-07-30 02:00:00,5435.0
2013-07-30 03:00:00,5170.0
2013-07-30 04:00:00,4987.0
2013-07-30 05:00:00,5138.0
2013-07-30 06:00:00,5129.0
2013-07-30 07:00:00,7766.0
2013-07-30 08:00:00,9662.0
2013-07-30 09:00:00,13577.0
2013-07-30 10:00:00,18050.0
2013-07-30 11:00:00,24982.0
2013-07-30 12:00:00,25054.0
2013-07-30 13:00:00,25630.0
2013-07-30 14:00:00,25742.0
2013-07-30 15:00:00,25875.0
2013-07-30 16:00:00,26745.0
2013-07-30 17:00:00,26775.0
2013-07-30 18:00:00,26727.0
2013-07-30 19:00:00,26236.0
2013-07-30 20:00:00,26517.0
2013-07-30 21:00:00,23406.0
2013-07-30 22:00:00,19815.0
2013-07-30 23:00:00,16327.0
2013-07-31 00:00:00,11041.0
2013-07-31 01:00:00,5269.0
2013-07-31 02:00:00,4972.0
2013-07-31 03:00:00,4681.0
2013-07-31 04:00:00,4558.0
2013-07-31 05:00:00,4412.0
2013-07-31 06:00:00,5202.0
2013-07-31 07:00:00,8278.0
2013-07-31 08:00:00,9537.0
2013-07-31 09:00:00,12770.0
2013-07-31 10:00:00,17737.0
2013-07-31 11:00:00,22788.0
2013-07-31 12:00:00,24612.0
2013-07-31 13:00:00,25836.0
2013-07-31 14:00:00,26316.0
2013-07-31 15:00:00,27838.0
2013-07-31 16:00:00,28506.0
2013-07-31 17:00:00,27608.0
2013-07-31 18:00:00,26514.0
2013-07-31 19:00:00,27056.0
2013-07-31 20:00:00,26262.0
2013-07-31 21:00:00,25462.0
2013-07-31 22:00:00,21533.0
2013-07-31 23:00:00,16858.0
2013-08-01 00:00:00,11702.0
2013-08-01 01:00:00,5621.0
2013-08-01 02:00:00,5517.0
2013-08-01 03:00:00,5120.0
2013-08-01 04:00:00,4936.0
2013-08-01 05:00:00,4835.0
2013-08-01 06:00:00,5512.0
2013-08-01 07:00:00,7769.0
2013-08-01 08:00:00,8053.0
2013-08-01 09:00:00,14155.0
2013-08-01 10:00:00,18502.0
2013-08-01 11:00:00,19985.0
2013-08-01 12:00:00,24424.0
2013-08-01 13:00:00,29485.0
2013-08-01 14:00:00,28909.0
2013-08-01 15:00:00,29247.0
2013-08-01 16:00:00,28736.0
2013-08-01 17:00:00,29323.0
2013-08-01 18:00:00,27631.0
2013-08-01 19:00:00,27683.0
2013-08-01 20:00:00,27226.0
2013-08-01 21:00:00,26271.0
2013-08-01 22:00:00,24835.0
2013-08-01 23:00:00,19987.0
2013-08-02 00:00:00,11311.0
2013-08-02 01:00:00,5717.0
2013-08-02 02:00:00,5454.0
2013-08-02 03:00:00,5088.0
2013-08-02 04:00:00,4971.0
2013-08-02 05:00:00,4952.0
2013-08-02 06:00:00,5764.0
2013-08-02 07:00:00,6854.0
2013-08-02 08:00:00,9129.0
2013-08-02 09:00:00,16342.0
2013-08-02 10:00:00,19768.0
2013-08-02 11:00:00,23592.0
2013-08-02 12:00:00,24151.0
2013-08-02 13:00:00,24219.0
2013-08-02 14:00:00,24236.0
2013-08-02 15:00:00,25901.0
2013-08-02 16:00:00,27501.0
2013-08-02 17:00:00,26506.0
2013-08-02 18:00:00,24569.0
2013-08-02 19:00:00,23511.0
2013-08-02 20:00:00,22418.0
2013-08-02 21:00:00,20736.0
2013-08-02 22:00:00,20232.0
2013-08-02 23:00:00,16523.0
2013-08-03 00:00:00,11051.0
2013-08-03 01:00:00,5166.0
2013-08-03 02:00:00,5159.0
2013-08-03 03:00:00,4831.0
2013-08-03 04:00:00,4644.0
2013-08-03 05:00:00,4579.0
2013-08-03 06:00:00,4637.0
2013-08-03 07:00:00,4545.0
2013-08-03 08:00:00,4688.0
2013-08-03 09:00:00,12181.0
2013-08-03 10:00:00,20814.0
2013-08-03 11:00:00,22936.0
2013-08-03 12:00:00,23672.0
2013-08-03 13:00:00,23966.0
2013-08-03 14:00:00,24119.0
2013-08-03 15:00:00,24238.0
2013-08-03 16:00:00,24289.0
2013-08-03 17:00:00,24523.0
2013-08-03 18:00:00,24781.0
2013-08-03 19:00:00,24310.0
2013-08-03 20:00:00,24505.0
2013-08-03 21:00:00,21872.0
2013-08-03 22:00:00,30561.0
2013-08-03 23:00:00,25326.0
2013-08-04 00:00:00,14164.0
2013-08-04 01:00:00,5084.0
2013-08-04 02:00:00,4796.0
2013-08-04 03:00:00,4402.0
2013-08-04 04:00:00,4273.0
2013-08-04 05:00:00,4213.0
2013-08-04 06:00:00,4234.0
2013-08-04 07:00:00,4411.0
2013-08-04 08:00:00,5700.0
2013-08-04 09:00:00,15117.0
2013-08-04 10:00:00,24867.0
2013-08-04 11:00:00,25730.0
2013-08-04 12:00:00,26702.0
2013-08-04 13:00:00,28683.0
2013-08-04 14:00:00,28738.0
2013-08-04 15:00:00,29134.0
2013-08-04 16:00:00,29909.0
2013-08-04 17:00:00,28795.0
2013-08-04 18:00:00,27740.0
2013-08-04 19:00:00,27264.0
2013-08-04 20:00:00,27022.0
2013-08-04 21:00:00,27136.0
2013-08-04 22:00:00,26072.0
2013-08-04 23:00:00,17047.0
2013-08-05 00:00:00,9412.0
2013-08-05 01:00:00,5368.0
2013-08-05 02:00:00,5102.0
2013-08-05 03:00:00,4686.0
2013-08-05 04:00:00,4563.0
2013-08-05 05:00:00,4476.0
2013-08-05 06:00:00,4454.0
2013-08-05 07:00:00,6539.0
2013-08-05 08:00:00,8508.0
2013-08-05 09:00:00,13684.0
2013-08-05 10:00:00,17195.0
2013-08-05 11:00:00,21055.0
2013-08-05 12:00:00,22823.0
2013-08-05 13:00:00,23404.0
2013-08-05 14:00:00,23786.0
2013-08-05 15:00:00,24373.0
2013-08-05 16:00:00,26228.0
2013-08-05 17:00:00,24942.0
2013-08-05 18:00:00,24026.0
2013-08-05 19:00:00,24137.0
2013-08-05 20:00:00,24025.0
2013-08-05 21:00:00,20547.0
2013-08-05 22:00:00,20196.0
2013-08-05 23:00:00,16689.0
2013-08-06 00:00:00,11633.0
2013-08-06 01:00:00,5654.0
2013-08-06 02:00:00,5327.0
2013-08-06 03:00:00,4941.0
2013-08-06 04:00:00,4802.0
2013-08-06 05:00:00,4730.0
2013-08-06 06:00:00,4796.0
2013-08-06 07:00:00,7485.0
2013-08-06 08:00:00,8607.0
2013-08-06 09:00:00,12269.0
2013-08-06 10:00:00,16733.0
2013-08-06 11:00:00,18025.0
2013-08-06 12:00:00,21163.0
2013-08-06 13:00:00,24128.0
2013-08-06 14:00:00,25027.0
2013-08-06 15:00:00,26232.0
2013-08-06 16:00:00,25668.0
2013-08-06 17:00:00,27495.0
2013-08-06 18:00:00,26361.0
2013-08-06 19:00:00,24834.0
2013-08-06 20:00:00,23464.0
2013-08-06 21:00:00,20570.0
2013-08-06 22:00:00,19827.0
2013-08-06 23:00:00,16204.0
2013-08-07 00:00:00,11177.0
2013-08-07 01:00:00,5421.0
2013-08-07 02:00:00,5235.0
2013-08-07 03:00:00,4902.0
2013-08-07 04:00:00,4767.0
2013-08-07 05:00:00,4723.0
2013-08-07 06:00:00,4726.0
2013-08-07 07:00:00,6808.0
2013-08-07 08:00:00,7509.0
2013-08-07 09:00:00,11298.0
2013-08-07 10:00:00,15757.0
2013-08-07 11:00:00,17026.0
2013-08-07 12:00:00,20367.0
2013-08-07 13:00:00,23807.0
2013-08-07 14:00:00,24021.0
2013-08-07 15:00:00,24628.0
2013-08-07 16:00:00,24656.0
2013-08-07 17:00:00,24728.0
2013-08-07 18:00:00,24714.0
2013-08-07 19:00:00,24379.0
2013-08-07 20:00:00,24411.0
2013-08-07 21:00:00,20890.0
2013-08-07 22:00:00,20381.0
2013-08-07 23:00:00,16976.0
2013-08-08 00:00:00,11662.0
2013-08-08 01:00:00,5446.0
2013-08-08 02:00:00,5117.0
2013-08-08 03:00:00,4735.0
2013-08-08 04:00:00,4540.0
2013-08-08 05:00:00,4439.0
2013-08-08 06:00:00,4391.0
2013-08-08 07:00:00,6839.0
2013-08-08 08:00:00,8008.0
2013-08-08 09:00:00,13432.0
2013-08-08 10:00:00,17303.0
2013-08-08 11:00:00,18488.0
2013-08-08 12:00:00,22537.0
2013-08-08 13:00:00,25662.0
2013-08-08 14:00:00,25413.0
2013-08-08 15:00:00,25743.0
2013-08-08 16:00:00,26125.0
2013-08-08 17:00:00,26303.0
2013-08-08 18:00:00,26484.0
2013-08-08 19:00:00,25347.0
2013-08-08 20:00:00,24756.0
2013-08-08 21:00:00,20601.0
2013-08-08 22:00:00,20017.0
2013-08-08 23:00:00,16699.0
2013-08-09 00:00:00,11381.0
2013-08-09 01:00:00,5355.0
2013-08-09 02:00:00,4978.0
2013-08-09 03:00:00,4647.0
2013-08-09 04:00:00,4465.0
2013-08-09 05:00:00,4433.0
2013-08-09 06:00:00,5284.0
2013-08-09 07:00:00,8935.0
2013-08-09 08:00:00,11001.0
2013-08-09 09:00:00,15367.0
2013-08-09 10:00:00,21898.0
2013-08-09 11:00:00,25320.0
2013-08-09 12:00:00,25899.0
2013-08-09 13:00:00,26036.0
2013-08-09 14:00:00,26432.0
2013-08-09 15:00:00,26361.0
2013-08-09 16:00:00,26248.0
2013-08-09 17:00:00,26311.0
2013-08-09 18:00:00,26272.0
2013-08-09 19:00:00,26181.0
2013-08-09 20:00:00,27157.0
2013-08-09 21:00:00,26631.0
2013-08-09 22:00:00,22290.0
2013-08-09 23:00:00,17346.0
2013-08-10 00:00:00,11330.0
2013-08-10 01:00:00,5202.0
2013-08-10 02:00:00,4969.0
2013-08-10 03:00:00,4641.0
2013-08-10 04:00:00,4466.0
2013-08-10 05:00:00,4386.0
2013-08-10 06:00:00,5221.0
2013-08-10 07:00:00,5833.0
2013-08-10 08:00:00,5877.0
2013-08-10 09:00:00,15436.0
2013-08-10 10:00:00,24697.0
2013-08-10 11:00:00,25633.0
2013-08-10 12:00:00,25918.0
2013-08-10 13:00:00,26017.0
2013-08-10 14:00:00,29340.0
2013-08-10 15:00:00,29538.0
2013-08-10 16:00:00,29559.0
2013-08-10 17:00:00,29603.0
2013-08-10 18:00:00,29275.0
2013-08-10 19:00:00,28757.0
2013-08-10 20:00:00,28622.0
2013-08-10 21:00:00,28282.0
2013-08-10 22:00:00,27242.0
2013-08-10 23:00:00,20722.0
2013-08-11 00:00:00,10068.0
2013-08-11 01:00:00,5340.0
2013-08-11 02:00:00,4929.0
2013-08-11 03:00:00,4561.0
2013-08-11 04:00:00,4473.0
2013-08-11 05:00:00,4376.0
2013-08-11 06:00:00,5318.0
2013-08-11 07:00:00,5619.0
2013-08-11 08:00:00,10189.0
2013-08-11 09:00:00,22169.0
2013-08-11 10:00:00,28877.0
2013-08-11 11:00:00,33010.0
2013-08-11 12:00:00,33172.0
2013-08-11 13:00:00,33818.0
2013-08-11 14:00:00,33978.0
2013-08-11 15:00:00,33905.0
2013-08-11 16:00:00,33612.0
2013-08-11 17:00:00,32701.0
2013-08-11 18:00:00,33207.0
2013-08-11 19:00:00,36843.0
2013-08-11 20:00:00,36440.0
2013-08-11 21:00:00,33367.0
2013-08-11 22:00:00,32000.0
2013-08-11 23:00:00,22939.0
2013-08-12 00:00:00,10634.0
2013-08-12 01:00:00,5091.0
2013-08-12 02:00:00,5115.0
2013-08-12 03:00:00,4705.0
2013-08-12 04:00:00,4494.0
2013-08-12 05:00:00,4452.0
2013-08-12 06:00:00,5257.0
2013-08-12 07:00:00,8128.0
2013-08-12 08:00:00,10639.0
2013-08-12 09:00:00,15110.0
2013-08-12 10:00:00,18538.0
2013-08-12 11:00:00,24708.0
2013-08-12 12:00:00,26061.0
2013-08-12 13:00:00,26980.0
2013-08-12 14:00:00,26961.0
2013-08-12 15:00:00,26688.0
2013-08-12 16:00:00,26923.0
2013-08-12 17:00:00,27153.0
2013-08-12 18:00:00,26643.0
2013-08-12 19:00:00,24583.0
2013-08-12 20:00:00,24508.0
2013-08-12 21:00:00,24686.0
2013-08-12 22:00:00,24405.0
2013-08-12 23:00:00,16990.0
2013-08-13 00:00:00,10793.0
2013-08-13 01:00:00,5324.0
2013-08-13 02:00:00,5074.0
2013-08-13 03:00:00,4756.0
2013-08-13 04:00:00,4532.0
2013-08-13 05:00:00,4472.0
2013-08-13 06:00:00,5334.0
2013-08-13 07:00:00,7857.0
2013-08-13 08:00:00,8931.0
2013-08-13 09:00:00,17512.0
2013-08-13 10:00:00,25944.0
2013-08-13 11:00:00,29788.0
2013-08-13 12:00:00,30187.0
2013-08-13 13:00:00,32207.0
2013-08-13 14:00:00,32526.0
2013-08-13 15:00:00,33003.0
2013-08-13 16:00:00,33280.0
2013-08-13 17:00:00,33261.0
2013-08-13 18:00:00,33124.0
2013-08-13 19:00:00,32168.0
2013-08-13 20:00:00,27991.0
2013-08-13 21:00:00,27405.0
2013-08-13 22:00:00,26876.0
2013-08-13 23:00:00,18945.0
2013-08-14 00:00:00,11555.0
2013-08-14 01:00:00,6318.0
2013-08-14 02:00:00,6141.0
2013-08-14 03:00:00,5746.0
2013-08-14 04:00:00,5561.0
2013-08-14 05:00:00,5519.0
2013-08-14 06:00:00,6293.0
2013-08-14 07:00:00,8564.0
2013-08-14 08:00:00,9907.0
2013-08-14 09:00:00,18667.0
2013-08-14 10:00:00,29977.0
2013-08-14 11:00:00,30910.0
2013-08-14 12:00:00,31192.0
2013-08-14 13:00:00,32099.0
2013-08-14 14:00:00,32498.0
2013-08-14 15:00:00,32416.0
2013-08-14 16:00:00,29805.0
2013-08-14 17:00:00,28584.0
2013-08-14 18:00:00,31810.0
2013-08-14 19:00:00,31459.0
2013-08-14 20:00:00,27719.0
2013-08-14 21:00:00,27482.0
2013-08-14 22:00:00,24540.0
2013-08-14 23:00:00,17450.0
2013-08-15 00:00:00,11894.0
2013-08-15 01:00:00,5678.0
2013-08-15 02:00:00,5365.0
2013-08-15 03:00:00,5001.0
2013-08-15 04:00:00,4890.0
2013-08-15 05:00:00,4859.0
2013-08-15 06:00:00,5901.0
2013-08-15 07:00:00,6413.0
2013-08-15 08:00:00,8666.0
2013-08-15 09:00:00,21937.0
2013-08-15 10:00:00,26276.0
2013-08-15 11:00:00,29481.0
2013-08-15 12:00:00,30885.0
2013-08-15 13:00:00,29255.0
2013-08-15 14:00:00,30026.0
2013-08-15 15:00:00,28838.0
2013-08-15 16:00:00,33563.0
2013-08-15 17:00:00,33576.0
2013-08-15 18:00:00,34555.0
2013-08-15 19:00:00,34733.0
2013-08-15 20:00:00,29687.0
2013-08-15 21:00:00,29852.0
2013-08-15 22:00:00,28852.0
2013-08-15 23:00:00,21274.0
2013-08-16 00:00:00,10951.0
2013-08-16 01:00:00,5543.0
2013-08-16 02:00:00,5177.0
2013-08-16 03:00:00,4820.0
2013-08-16 04:00:00,4696.0
2013-08-16 05:00:00,4585.0
2013-08-16 06:00:00,5210.0
2013-08-16 07:00:00,8140.0
2013-08-16 08:00:00,9536.0
2013-08-16 09:00:00,13658.0
2013-08-16 10:00:00,17565.0
2013-08-16 11:00:00,24306.0
2013-08-16 12:00:00,25637.0
2013-08-16 13:00:00,27059.0
2013-08-16 14:00:00,27963.0
2013-08-16 15:00:00,26521.0
2013-08-16 16:00:00,25705.0
2013-08-16 17:00:00,25579.0
2013-08-16 18:00:00,26595.0
2013-08-16 19:00:00,24590.0
2013-08-16 20:00:00,20608.0
2013-08-16 21:00:00,20614.0
2013-08-16 22:00:00,20209.0
2013-08-16 23:00:00,16840.0
2013-08-17 00:00:00,11325.0
2013-08-17 01:00:00,5144.0
2013-08-17 02:00:00,4772.0
2013-08-17 03:00:00,4471.0
2013-08-17 04:00:00,4327.0
2013-08-17 05:00:00,4232.0
2013-08-17 06:00:00,5100.0
2013-08-17 07:00:00,5545.0
2013-08-17 08:00:00,6692.0
2013-08-17 09:00:00,13250.0
2013-08-17 10:00:00,21181.0
2013-08-17 11:00:00,23412.0
2013-08-17 12:00:00,25437.0
2013-08-17 13:00:00,26315.0
2013-08-17 14:00:00,26251.0
2013-08-17 15:00:00,26672.0
2013-08-17 16:00:00,26707.0
2013-08-17 17:00:00,26911.0
2013-08-17 18:00:00,26101.0
2013-08-17 19:00:00,24646.0
2013-08-17 20:00:00,25064.0
2013-08-17 21:00:00,24891.0
2013-08-17 22:00:00,23865.0
2013-08-17 23:00:00,19908.0
2013-08-18 00:00:00,10282.0
2013-08-18 01:00:00,5163.0
2013-08-18 02:00:00,4854.0
2013-08-18 03:00:00,4529.0
2013-08-18 04:00:00,4339.0
2013-08-18 05:00:00,4306.0
2013-08-18 06:00:00,5083.0
2013-08-18 07:00:00,5663.0
2013-08-18 08:00:00,6703.0
2013-08-18 09:00:00,16960.0
2013-08-18 10:00:00,25539.0
2013-08-18 11:00:00,27909.0
2013-08-18 12:00:00,29405.0
2013-08-18 13:00:00,30498.0
2013-08-18 14:00:00,33667.0
2013-08-18 15:00:00,33951.0
2013-08-18 16:00:00,33364.0
2013-08-18 17:00:00,33063.0
2013-08-18 18:00:00,31703.0
2013-08-18 19:00:00,29436.0
2013-08-18 20:00:00,29563.0
2013-08-18 21:00:00,29522.0
2013-08-18 22:00:00,29107.0
2013-08-18 23:00:00,21427.0
2013-08-19 00:00:00,11203.0
2013-08-19 01:00:00,5742.0
2013-08-19 02:00:00,5509.0
2013-08-19 03:00:00,5200.0
2013-08-19 04:00:00,4979.0
2013-08-19 05:00:00,4750.0
2013-08-19 06:00:00,5617.0
2013-08-19 07:00:00,7529.0
2013-08-19 08:00:00,9688.0
2013-08-19 09:00:00,18374.0
2013-08-19 10:00:00,23872.0
2013-08-19 11:00:00,25086.0
2013-08-19 12:00:00,25881.0
2013-08-19 13:00:00,26429.0
2013-08-19 14:00:00,27645.0
2013-08-19 15:00:00,30365.0
2013-08-19 16:00:00,30380.0
2013-08-19 17:00:00,30369.0
2013-08-19 18:00:00,29556.0
2013-08-19 19:00:00,27769.0
2013-08-19 20:00:00,26858.0
2013-08-19 21:00:00,24848.0
2013-08-19 22:00:00,22671.0
2013-08-19 23:00:00,16234.0
2013-08-20 00:00:00,10962.0
2013-08-20 01:00:00,5049.0
2013-08-20 02:00:00,4737.0
2013-08-20 03:00:00,4452.0
2013-08-20 04:00:00,4233.0
2013-08-20 05:00:00,4205.0
2013-08-20 06:00:00,4953.0
2013-08-20 07:00:00,8150.0
2013-08-20 08:00:00,10759.0
2013-08-20 09:00:00,15161.0
2013-08-20 10:00:00,21019.0
2013-08-20 11:00:00,25943.0
2013-08-20 12:00:00,25870.0
2013-08-20 13:00:00,26059.0
2013-08-20 14:00:00,26077.0
2013-08-20 15:00:00,26158.0
2013-08-20 16:00:00,26142.0
2013-08-20 17:00:00,26164.0
2013-08-20 18:00:00,26133.0
2013-08-20 19:00:00,25945.0
2013-08-20 20:00:00,25792.0
2013-08-20 21:00:00,26518.0
2013-08-20 22:00:00,21988.0
2013-08-20 23:00:00,16983.0
2013-08-21 00:00:00,11750.0
2013-08-21 01:00:00,5523.0
2013-08-21 02:00:00,5231.0
2013-08-21 03:00:00,4889.0
2013-08-21 04:00:00,4782.0
2013-08-21 05:00:00,4670.0
2013-08-21 06:00:00,5434.0
2013-08-21 07:00:00,9909.0
2013-08-21 08:00:00,11540.0
2013-08-21 09:00:00,14624.0
2013-08-21 10:00:00,20379.0
2013-08-21 11:00:00,25760.0
2013-08-21 12:00:00,26851.0
2013-08-21 13:00:00,26584.0
2013-08-21 14:00:00,26172.0
2013-08-21 15:00:00,26356.0
2013-08-21 16:00:00,26553.0
2013-08-21 17:00:00,26564.0
2013-08-21 18:00:00,26937.0
2013-08-21 19:00:00,25468.0
2013-08-21 20:00:00,25821.0
2013-08-21 21:00:00,22513.0
2013-08-21 22:00:00,20777.0
2013-08-21 23:00:00,17132.0
2013-08-22 00:00:00,11812.0
2013-08-22 01:00:00,5354.0
2013-08-22 02:00:00,5016.0
2013-08-22 03:00:00,4746.0
2013-08-22 04:00:00,4511.0
2013-08-22 05:00:00,4469.0
2013-08-22 06:00:00,5256.0
2013-08-22 07:00:00,9598.0
2013-08-22 08:00:00,10984.0
2013-08-22 09:00:00,14355.0
2013-08-22 10:00:00,17920.0
2013-08-22 11:00:00,23243.0
2013-08-22 12:00:00,25857.0
2013-08-22 13:00:00,26191.0
2013-08-22 14:00:00,26107.0
2013-08-22 15:00:00,25792.0
2013-08-22 16:00:00,26095.0
2013-08-22 17:00:00,27130.0
2013-08-22 18:00:00,27174.0
2013-08-22 19:00:00,25346.0
2013-08-22 20:00:00,25680.0
2013-08-22 21:00:00,25512.0
2013-08-22 22:00:00,21387.0
2013-08-22 23:00:00,17119.0
2013-08-23 00:00:00,12135.0
2013-08-23 01:00:00,5676.0
2013-08-23 02:00:00,5475.0
2013-08-23 03:00:00,5139.0
2013-08-23 04:00:00,4957.0
2013-08-23 05:00:00,4904.0
2013-08-23 06:00:00,5972.0
2013-08-23 07:00:00,9946.0
2013-08-23 08:00:00,11081.0
2013-08-23 09:00:00,14485.0
2013-08-23 10:00:00,17728.0
2013-08-23 11:00:00,21741.0
2013-08-23 12:00:00,24649.0
2013-08-23 13:00:00,25720.0
2013-08-23 14:00:00,26056.0
2013-08-23 15:00:00,26308.0
2013-08-23 16:00:00,26284.0
2013-08-23 17:00:00,25079.0
2013-08-23 18:00:00,25004.0
2013-08-23 19:00:00,24667.0
2013-08-23 20:00:00,26283.0
2013-08-23 21:00:00,25434.0
2013-08-23 22:00:00,21053.0
2013-08-23 23:00:00,17690.0
2013-08-24 00:00:00,12463.0
2013-08-24 01:00:00,5495.0
2013-08-24 02:00:00,4980.0
2013-08-24 03:00:00,4692.0
2013-08-24 04:00:00,4516.0
2013-08-24 05:00:00,4403.0
2013-08-24 06:00:00,5212.0
2013-08-24 07:00:00,5695.0
2013-08-24 08:00:00,5980.0
2013-08-24 09:00:00,12514.0
2013-08-24 10:00:00,21134.0
2013-08-24 11:00:00,23700.0
2013-08-24 12:00:00,23869.0
2013-08-24 13:00:00,23842.0
2013-08-24 14:00:00,24357.0
2013-08-24 15:00:00,25491.0
2013-08-24 16:00:00,24510.0
2013-08-24 17:00:00,24324.0
2013-08-24 18:00:00,24224.0
2013-08-24 19:00:00,23719.0
2013-08-24 20:00:00,24773.0
2013-08-24 21:00:00,22679.0
2013-08-24 22:00:00,20011.0
2013-08-24 23:00:00,16517.0
2013-08-25 00:00:00,10698.0
2013-08-25 01:00:00,5238.0
2013-08-25 02:00:00,4907.0
2013-08-25 03:00:00,4583.0
2013-08-25 04:00:00,4454.0
2013-08-25 05:00:00,4342.0
2013-08-25 06:00:00,5345.0
2013-08-25 07:00:00,6001.0
2013-08-25 08:00:00,8880.0
2013-08-25 09:00:00,16408.0
2013-08-25 10:00:00,24425.0
2013-08-25 11:00:00,27374.0
2013-08-25 12:00:00,28761.0
2013-08-25 13:00:00,29416.0
2013-08-25 14:00:00,29609.0
2013-08-25 15:00:00,30055.0
2013-08-25 16:00:00,33725.0
2013-08-25 17:00:00,34049.0
2013-08-25 18:00:00,33567.0
2013-08-25 19:00:00,32479.0
2013-08-25 20:00:00,38284.0
2013-08-25 21:00:00,37521.0
2013-08-25 22:00:00,31857.0
2013-08-25 23:00:00,24130.0
2013-08-26 00:00:00,11689.0
2013-08-26 01:00:00,5847.0
2013-08-26 02:00:00,5529.0
2013-08-26 03:00:00,5223.0
2013-08-26 04:00:00,5082.0
2013-08-26 05:00:00,5017.0
2013-08-26 06:00:00,5730.0
2013-08-26 07:00:00,8362.0
2013-08-26 08:00:00,10709.0
2013-08-26 09:00:00,14594.0
2013-08-26 10:00:00,17678.0
2013-08-26 11:00:00,21394.0
2013-08-26 12:00:00,23860.0
2013-08-26 13:00:00,24068.0
2013-08-26 14:00:00,24725.0
2013-08-26 15:00:00,26042.0
2013-08-26 16:00:00,26096.0
2013-08-26 17:00:00,26046.0
2013-08-26 18:00:00,24502.0
2013-08-26 19:00:00,24080.0
2013-08-26 20:00:00,24065.0
2013-08-26 21:00:00,20818.0
2013-08-26 22:00:00,20248.0
2013-08-26 23:00:00,16793.0
2013-08-27 00:00:00,12099.0
2013-08-27 01:00:00,6217.0
2013-08-27 02:00:00,5737.0
2013-08-27 03:00:00,5384.0
2013-08-27 04:00:00,5291.0
2013-08-27 05:00:00,5200.0
2013-08-27 06:00:00,6243.0
2013-08-27 07:00:00,9661.0
2013-08-27 08:00:00,11264.0
2013-08-27 09:00:00,14848.0
2013-08-27 10:00:00,18004.0
2013-08-27 11:00:00,23098.0
2013-08-27 12:00:00,25021.0
2013-08-27 13:00:00,25686.0
2013-08-27 14:00:00,27129.0
2013-08-27 15:00:00,29299.0
2013-08-27 16:00:00,28718.0
2013-08-27 17:00:00,28088.0
2013-08-27 18:00:00,26298.0
2013-08-27 19:00:00,25772.0
2013-08-27 20:00:00,26115.0
2013-08-27 21:00:00,21064.0
2013-08-27 22:00:00,20183.0
2013-08-27 23:00:00,16744.0
2013-08-28 00:00:00,12239.0
2013-08-28 01:00:00,6527.0
2013-08-28 02:00:00,5196.0
2013-08-28 03:00:00,4924.0
2013-08-28 04:00:00,4763.0
2013-08-28 05:00:00,4658.0
2013-08-28 06:00:00,5466.0
2013-08-28 07:00:00,8804.0
2013-08-28 08:00:00,9785.0
2013-08-28 09:00:00,13666.0
2013-08-28 10:00:00,17101.0
2013-08-28 11:00:00,21227.0
2013-08-28 12:00:00,24344.0
2013-08-28 13:00:00,25413.0
2013-08-28 14:00:00,24118.0
2013-08-28 15:00:00,24138.0
2013-08-28 16:00:00,23977.0
2013-08-28 17:00:00,24554.0
2013-08-28 18:00:00,25442.0
2013-08-28 19:00:00,24542.0
2013-08-28 20:00:00,24903.0
2013-08-28 21:00:00,20384.0
2013-08-28 22:00:00,19759.0
2013-08-28 23:00:00,16397.0
2013-08-29 00:00:00,11783.0
2013-08-29 01:00:00,5462.0
2013-08-29 02:00:00,5171.0
2013-08-29 03:00:00,5053.0
2013-08-29 04:00:00,4943.0
2013-08-29 05:00:00,4813.0
2013-08-29 06:00:00,5738.0
2013-08-29 07:00:00,8501.0
2013-08-29 08:00:00,9500.0
2013-08-29 09:00:00,16603.0
2013-08-29 10:00:00,21162.0
2013-08-29 11:00:00,22990.0
2013-08-29 12:00:00,27222.0
2013-08-29 13:00:00,28356.0
2013-08-29 14:00:00,28092.0
2013-08-29 15:00:00,28387.0
2013-08-29 16:00:00,26648.0
2013-08-29 17:00:00,26204.0
2013-08-29 18:00:00,26733.0
2013-08-29 19:00:00,26762.0
2013-08-29 20:00:00,26075.0
2013-08-29 21:00:00,20851.0
2013-08-29 22:00:00,19794.0
2013-08-29 23:00:00,16411.0
2013-08-30 00:00:00,11565.0
2013-08-30 01:00:00,5641.0
2013-08-30 02:00:00,5319.0
2013-08-30 03:00:00,5028.0
2013-08-30 04:00:00,4835.0
2013-08-30 05:00:00,4710.0
2013-08-30 06:00:00,5536.0
2013-08-30 07:00:00,8435.0
2013-08-30 08:00:00,10772.0
2013-08-30 09:00:00,14701.0
2013-08-30 10:00:00,19579.0
2013-08-30 11:00:00,23555.0
2013-08-30 12:00:00,26000.0
2013-08-30 13:00:00,26774.0
2013-08-30 14:00:00,27432.0
2013-08-30 15:00:00,27680.0
2013-08-30 16:00:00,27581.0
2013-08-30 17:00:00,27487.0
2013-08-30 18:00:00,27884.0
2013-08-30 19:00:00,27623.0
2013-08-30 20:00:00,27084.0
2013-08-30 21:00:00,25679.0
2013-08-30 22:00:00,21936.0
2013-08-30 23:00:00,17525.0
2013-08-31 00:00:00,12643.0
2013-08-31 01:00:00,5286.0
2013-08-31 02:00:00,4866.0
2013-08-31 03:00:00,4553.0
2013-08-31 04:00:00,4516.0
2013-08-31 05:00:00,4548.0
2013-08-31 06:00:00,5807.0
2013-08-31 07:00:00,5926.0
2013-08-31 08:00:00,6234.0
2013-08-31 09:00:00,12688.0
2013-08-31 10:00:00,21238.0
2013-08-31 11:00:00,24365.0
2013-08-31 12:00:00,24238.0
2013-08-31 13:00:00,24264.0
2013-08-31 14:00:00,24754.0
2013-08-31 15:00:00,25130.0
2013-08-31 16:00:00,25109.0
2013-08-31 17:00:00,24934.0
2013-08-31 18:00:00,25315.0
2013-08-31 19:00:00,25711.0
2013-08-31 20:00:00,25031.0
2013-08-31 21:00:00,24145.0
2013-08-31 22:00:00,23447.0
2013-08-31 23:00:00,17739.0
2013-09-01 00:00:00,9666.0
2013-09-01 01:00:00,5241.0
2013-09-01 02:00:00,4970.0
2013-09-01 03:00:00,4718.0
2013-09-01 04:00:00,4565.0
2013-09-01 05:00:00,4426.0
2013-09-01 06:00:00,5194.0
2013-09-01 07:00:00,5724.0
2013-09-01 08:00:00,6114.0
2013-09-01 09:00:00,17024.0
2013-09-01 10:00:00,27457.0
2013-09-01 11:00:00,28909.0
2013-09-01 12:00:00,28903.0
2013-09-01 13:00:00,28891.0
2013-09-01 14:00:00,29717.0
2013-09-01 15:00:00,30205.0
2013-09-01 16:00:00,30225.0
2013-09-01 17:00:00,30336.0
2013-09-01 18:00:00,29679.0
2013-09-01 19:00:00,28190.0
2013-09-01 20:00:00,27828.0
2013-09-01 21:00:00,27717.0
2013-09-01 22:00:00,25888.0
2013-09-01 23:00:00,17004.0
2013-09-02 00:00:00,9472.0
2013-09-02 01:00:00,5319.0
2013-09-02 02:00:00,5006.0
2013-09-02 03:00:00,4769.0
2013-09-02 04:00:00,4615.0
2013-09-02 05:00:00,4486.0
2013-09-02 06:00:00,5485.0
2013-09-02 07:00:00,8018.0
2013-09-02 08:00:00,9977.0
2013-09-02 09:00:00,13319.0
2013-09-02 10:00:00,16628.0
2013-09-02 11:00:00,22981.0
2013-09-02 12:00:00,25773.0
2013-09-02 13:00:00,25836.0
2013-09-02 14:00:00,26600.0
2013-09-02 15:00:00,26795.0
2013-09-02 16:00:00,26869.0
2013-09-02 17:00:00,26575.0
2013-09-02 18:00:00,26360.0
2013-09-02 19:00:00,26722.0
2013-09-02 20:00:00,27222.0
2013-09-02 21:00:00,24829.0
2013-09-02 22:00:00,24813.0
2013-09-02 23:00:00,19288.0
2013-09-03 00:00:00,11897.0
2013-09-03 01:00:00,5636.0
2013-09-03 02:00:00,5442.0
2013-09-03 03:00:00,5120.0
2013-09-03 04:00:00,4997.0
2013-09-03 05:00:00,4855.0
2013-09-03 06:00:00,5432.0
2013-09-03 07:00:00,7936.0
2013-09-03 08:00:00,10213.0
2013-09-03 09:00:00,14913.0
2013-09-03 10:00:00,22368.0
2013-09-03 11:00:00,25428.0
2013-09-03 12:00:00,25401.0
2013-09-03 13:00:00,26360.0
2013-09-03 14:00:00,26776.0
2013-09-03 15:00:00,26932.0
2013-09-03 16:00:00,26300.0
2013-09-03 17:00:00,26642.0
2013-09-03 18:00:00,26731.0
2013-09-03 19:00:00,26695.0
2013-09-03 20:00:00,27727.0
2013-09-03 21:00:00,27166.0
2013-09-03 22:00:00,25781.0
2013-09-03 23:00:00,17061.0
2013-09-04 00:00:00,11954.0
2013-09-04 01:00:00,5718.0
2013-09-04 02:00:00,5540.0
2013-09-04 03:00:00,5154.0
2013-09-04 04:00:00,5097.0
2013-09-04 05:00:00,5022.0
2013-09-04 06:00:00,5794.0
2013-09-04 07:00:00,8088.0
2013-09-04 08:00:00,9958.0
2013-09-04 09:00:00,14312.0
2013-09-04 10:00:00,19605.0
2013-09-04 11:00:00,26063.0
2013-09-04 12:00:00,26110.0
2013-09-04 13:00:00,26318.0
2013-09-04 14:00:00,26415.0
2013-09-04 15:00:00,26284.0
2013-09-04 16:00:00,26812.0
2013-09-04 17:00:00,26811.0
2013-09-04 18:00:00,26721.0
2013-09-04 19:00:00,25498.0
2013-09-04 20:00:00,26041.0
2013-09-04 21:00:00,25928.0
2013-09-04 22:00:00,24851.0
2013-09-04 23:00:00,17809.0
2013-09-05 00:00:00,11468.0
2013-09-05 01:00:00,5486.0
2013-09-05 02:00:00,5199.0
2013-09-05 03:00:00,4845.0
2013-09-05 04:00:00,4750.0
2013-09-05 05:00:00,4689.0
2013-09-05 06:00:00,5440.0
2013-09-05 07:00:00,8325.0
2013-09-05 08:00:00,9609.0
2013-09-05 09:00:00,13747.0
2013-09-05 10:00:00,17124.0
2013-09-05 11:00:00,20084.0
2013-09-05 12:00:00,23591.0
2013-09-05 13:00:00,26658.0
2013-09-05 14:00:00,26751.0
2013-09-05 15:00:00,27256.0
2013-09-05 16:00:00,27469.0
2013-09-05 17:00:00,26213.0
2013-09-05 18:00:00,25490.0
2013-09-05 19:00:00,25267.0
2013-09-05 20:00:00,25335.0
2013-09-05 21:00:00,23697.0
2013-09-05 22:00:00,20726.0
2013-09-05 23:00:00,17024.0
2013-09-06 00:00:00,11573.0
2013-09-06 01:00:00,9423.0
2013-09-06 02:00:00,5540.0
2013-09-06 03:00:00,5147.0
2013-09-06 04:00:00,5001.0
2013-09-06 05:00:00,4947.0
2013-09-06 06:00:00,5785.0
2013-09-06 07:00:00,7672.0
2013-09-06 08:00:00,7463.0
2013-09-06 09:00:00,9220.0
2013-09-06 10:00:00,12252.0
2013-09-06 11:00:00,20437.0
2013-09-06 12:00:00,27443.0
2013-09-06 13:00:00,26012.0
2013-09-06 14:00:00,27606.0
2013-09-06 15:00:00,28000.0
2013-09-06 16:00:00,27769.0
2013-09-06 17:00:00,25154.0
2013-09-06 18:00:00,24766.0
2013-09-06 19:00:00,24304.0
2013-09-06 20:00:00,20290.0
2013-09-06 21:00:00,20029.0
2013-09-06 22:00:00,19418.0
2013-09-06 23:00:00,15546.0
2013-09-07 00:00:00,10817.0
2013-09-07 01:00:00,5339.0
2013-09-07 02:00:00,5158.0
2013-09-07 03:00:00,4903.0
2013-09-07 04:00:00,4735.0
2013-09-07 05:00:00,4786.0
2013-09-07 06:00:00,4823.0
2013-09-07 07:00:00,5110.0
2013-09-07 08:00:00,5562.0
2013-09-07 09:00:00,13430.0
2013-09-07 10:00:00,17240.0
2013-09-07 11:00:00,18419.0
2013-09-07 12:00:00,18946.0
2013-09-07 13:00:00,23271.0
2013-09-07 14:00:00,23488.0
2013-09-07 15:00:00,23229.0
2013-09-07 16:00:00,23278.0
2013-09-07 17:00:00,23015.0
2013-09-07 18:00:00,20950.0
2013-09-07 19:00:00,19289.0
2013-09-07 20:00:00,20396.0
2013-09-07 21:00:00,20471.0
2013-09-07 22:00:00,19670.0
2013-09-07 23:00:00,16058.0
2013-09-08 00:00:00,10784.0
2013-09-08 01:00:00,5296.0
2013-09-08 02:00:00,5027.0
2013-09-08 03:00:00,4771.0
2013-09-08 04:00:00,4608.0
2013-09-08 05:00:00,4620.0
2013-09-08 06:00:00,4614.0
2013-09-08 07:00:00,4879.0
2013-09-08 08:00:00,5243.0
2013-09-08 09:00:00,16088.0
2013-09-08 10:00:00,22140.0
2013-09-08 11:00:00,24415.0
2013-09-08 12:00:00,25763.0
2013-09-08 13:00:00,25815.0
2013-09-08 14:00:00,25874.0
2013-09-08 15:00:00,25800.0
2013-09-08 16:00:00,25773.0
2013-09-08 17:00:00,25572.0
2013-09-08 18:00:00,25026.0
2013-09-08 19:00:00,25593.0
2013-09-08 20:00:00,26249.0
2013-09-08 21:00:00,25897.0
2013-09-08 22:00:00,22815.0
2013-09-08 23:00:00,18365.0
2013-09-09 00:00:00,9723.0
2013-09-09 01:00:00,5213.0
2013-09-09 02:00:00,5011.0
2013-09-09 03:00:00,4673.0
2013-09-09 04:00:00,4575.0
2013-09-09 05:00:00,4566.0
2013-09-09 06:00:00,4558.0
2013-09-09 07:00:00,7712.0
2013-09-09 08:00:00,9133.0
2013-09-09 09:00:00,12835.0
2013-09-09 10:00:00,16441.0
2013-09-09 11:00:00,17786.0
2013-09-09 12:00:00,18158.0
2013-09-09 13:00:00,18999.0
2013-09-09 14:00:00,23420.0
2013-09-09 15:00:00,23926.0
2013-09-09 16:00:00,23443.0
2013-09-09 17:00:00,23352.0
2013-09-09 18:00:00,21787.0
2013-09-09 19:00:00,19372.0
2013-09-09 20:00:00,20191.0
2013-09-09 21:00:00,20143.0
2013-09-09 22:00:00,19512.0
2013-09-09 23:00:00,15959.0
2013-09-10 00:00:00,11530.0
2013-09-10 01:00:00,5340.0
2013-09-10 02:00:00,5072.0
2013-09-10 03:00:00,4827.0
2013-09-10 04:00:00,4650.0
2013-09-10 05:00:00,4606.0
2013-09-10 06:00:00,4608.0
2013-09-10 07:00:00,6885.0
2013-09-10 08:00:00,8984.0
2013-09-10 09:00:00,13396.0
2013-09-10 10:00:00,17899.0
2013-09-10 11:00:00,18842.0
2013-09-10 12:00:00,21549.0
2013-09-10 13:00:00,24944.0
2013-09-10 14:00:00,25898.0
2013-09-10 15:00:00,26167.0
2013-09-10 16:00:00,26196.0
2013-09-10 17:00:00,26141.0
2013-09-10 18:00:00,24281.0
2013-09-10 19:00:00,24308.0
2013-09-10 20:00:00,20845.0
2013-09-10 21:00:00,20486.0
2013-09-10 22:00:00,19876.0
2013-09-10 23:00:00,16251.0
2013-09-11 00:00:00,11114.0
2013-09-11 01:00:00,4873.0
2013-09-11 02:00:00,5124.0
2013-09-11 03:00:00,4800.0
2013-09-11 04:00:00,4663.0
2013-09-11 05:00:00,4597.0
2013-09-11 06:00:00,4531.0
2013-09-11 07:00:00,7339.0
2013-09-11 08:00:00,8735.0
2013-09-11 09:00:00,13456.0
2013-09-11 10:00:00,17736.0
2013-09-11 11:00:00,18753.0
2013-09-11 12:00:00,21034.0
2013-09-11 13:00:00,25035.0
2013-09-11 14:00:00,24724.0
2013-09-11 15:00:00,26632.0
2013-09-11 16:00:00,25576.0
2013-09-11 17:00:00,25616.0
2013-09-11 18:00:00,26166.0
2013-09-11 19:00:00,26579.0
2013-09-11 20:00:00,23449.0
2013-09-11 21:00:00,20431.0
2013-09-11 22:00:00,19867.0
2013-09-11 23:00:00,16373.0
2013-09-12 00:00:00,11451.0
2013-09-12 01:00:00,5078.0
2013-09-12 02:00:00,5431.0
2013-09-12 03:00:00,5128.0
2013-09-12 04:00:00,5066.0
2013-09-12 05:00:00,5000.0
2013-09-12 06:00:00,5512.0
2013-09-12 07:00:00,8159.0
2013-09-12 08:00:00,9548.0
2013-09-12 09:00:00,13259.0
2013-09-12 10:00:00,16868.0
2013-09-12 11:00:00,20812.0
2013-09-12 12:00:00,25818.0
2013-09-12 13:00:00,25044.0
2013-09-12 14:00:00,25036.0
2013-09-12 15:00:00,25232.0
2013-09-12 16:00:00,25238.0
2013-09-12 17:00:00,25397.0
2013-09-12 18:00:00,25590.0
2013-09-12 19:00:00,24924.0
2013-09-12 20:00:00,24647.0
2013-09-12 21:00:00,22971.0
2013-09-12 22:00:00,19650.0
2013-09-12 23:00:00,16322.0
2013-09-13 00:00:00,11059.0
2013-09-13 01:00:00,5229.0
2013-09-13 02:00:00,4883.0
2013-09-13 03:00:00,4580.0
2013-09-13 04:00:00,4488.0
2013-09-13 05:00:00,4436.0
2013-09-13 06:00:00,5205.0
2013-09-13 07:00:00,7784.0
2013-09-13 08:00:00,9177.0
2013-09-13 09:00:00,12876.0
2013-09-13 10:00:00,16447.0
2013-09-13 11:00:00,20676.0
2013-09-13 12:00:00,25781.0
2013-09-13 13:00:00,25964.0
2013-09-13 14:00:00,26098.0
2013-09-13 15:00:00,26547.0
2013-09-13 16:00:00,26411.0
2013-09-13 17:00:00,26697.0
2013-09-13 18:00:00,26199.0
2013-09-13 19:00:00,26140.0
2013-09-13 20:00:00,24991.0
2013-09-13 21:00:00,22122.0
2013-09-13 22:00:00,19534.0
2013-09-13 23:00:00,15877.0
2013-09-14 00:00:00,10893.0
2013-09-14 01:00:00,4995.0
2013-09-14 02:00:00,4697.0
2013-09-14 03:00:00,4399.0
2013-09-14 04:00:00,4301.0
2013-09-14 05:00:00,4235.0
2013-09-14 06:00:00,5229.0
2013-09-14 07:00:00,5929.0
2013-09-14 08:00:00,6108.0
2013-09-14 09:00:00,12054.0
2013-09-14 10:00:00,19138.0
2013-09-14 11:00:00,22179.0
2013-09-14 12:00:00,25796.0
2013-09-14 13:00:00,25777.0
2013-09-14 14:00:00,25268.0
2013-09-14 15:00:00,25009.0
2013-09-14 16:00:00,25768.0
2013-09-14 17:00:00,25499.0
2013-09-14 18:00:00,24675.0
2013-09-14 19:00:00,24499.0
2013-09-14 20:00:00,30339.0
2013-09-14 21:00:00,30869.0
2013-09-14 22:00:00,20815.0
2013-09-14 23:00:00,17412.0
2013-09-15 00:00:00,11291.0
2013-09-15 01:00:00,5090.0
2013-09-15 02:00:00,4777.0
2013-09-15 03:00:00,4422.0
2013-09-15 04:00:00,4319.0
2013-09-15 05:00:00,4219.0
2013-09-15 06:00:00,5028.0
2013-09-15 07:00:00,5649.0
2013-09-15 08:00:00,5707.0
2013-09-15 09:00:00,9295.0
2013-09-15 10:00:00,23049.0
2013-09-15 11:00:00,23668.0
2013-09-15 12:00:00,25083.0
2013-09-15 13:00:00,26191.0
2013-09-15 14:00:00,27619.0
2013-09-15 15:00:00,27322.0
2013-09-15 16:00:00,27281.0
2013-09-15 17:00:00,27706.0
2013-09-15 18:00:00,26885.0
2013-09-15 19:00:00,26539.0
2013-09-15 20:00:00,26857.0
2013-09-15 21:00:00,26602.0
2013-09-15 22:00:00,25518.0
2013-09-15 23:00:00,17897.0
2013-09-16 00:00:00,9564.0
2013-09-16 01:00:00,5032.0
2013-09-16 02:00:00,4750.0
2013-09-16 03:00:00,4424.0
2013-09-16 04:00:00,4268.0
2013-09-16 05:00:00,4061.0
2013-09-16 06:00:00,4736.0
2013-09-16 07:00:00,5850.0
2013-09-16 08:00:00,6917.0
2013-09-16 09:00:00,10991.0
2013-09-16 10:00:00,17521.0
2013-09-16 11:00:00,20864.0
2013-09-16 12:00:00,21304.0
2013-09-16 13:00:00,21685.0
2013-09-16 14:00:00,21705.0
2013-09-16 15:00:00,21635.0
2013-09-16 16:00:00,21633.0
2013-09-16 17:00:00,21492.0
2013-09-16 18:00:00,21419.0
2013-09-16 19:00:00,21583.0
2013-09-16 20:00:00,22658.0
2013-09-16 21:00:00,22679.0
2013-09-16 22:00:00,22318.0
2013-09-16 23:00:00,16641.0
2013-09-17 00:00:00,10648.0
2013-09-17 01:00:00,5122.0
2013-09-17 02:00:00,4815.0
2013-09-17 03:00:00,4528.0
2013-09-17 04:00:00,4418.0
2013-09-17 05:00:00,4364.0
2013-09-17 06:00:00,4272.0
2013-09-17 07:00:00,7738.0
2013-09-17 08:00:00,8920.0
2013-09-17 09:00:00,12351.0
2013-09-17 10:00:00,20209.0
2013-09-17 11:00:00,21979.0
2013-09-17 12:00:00,22773.0
2013-09-17 13:00:00,23531.0
2013-09-17 14:00:00,23484.0
2013-09-17 15:00:00,23493.0
2013-09-17 16:00:00,23835.0
2013-09-17 17:00:00,23997.0
2013-09-17 18:00:00,23650.0
2013-09-17 19:00:00,23844.0
2013-09-17 20:00:00,24072.0
2013-09-17 21:00:00,24976.0
2013-09-17 22:00:00,33477.0
2013-09-17 23:00:00,21994.0
2013-09-18 00:00:00,10965.0
2013-09-18 01:00:00,5160.0
2013-09-18 02:00:00,4892.0
2013-09-18 03:00:00,4553.0
2013-09-18 04:00:00,4466.0
2013-09-18 05:00:00,4367.0
2013-09-18 06:00:00,4379.0
2013-09-18 07:00:00,6044.0
2013-09-18 08:00:00,7977.0
2013-09-18 09:00:00,11870.0
2013-09-18 10:00:00,19007.0
2013-09-18 11:00:00,20722.0
2013-09-18 12:00:00,21530.0
2013-09-18 13:00:00,21562.0
2013-09-18 14:00:00,22079.0
2013-09-18 15:00:00,22188.0
2013-09-18 16:00:00,22197.0
2013-09-18 17:00:00,22169.0
2013-09-18 18:00:00,21757.0
2013-09-18 19:00:00,21940.0
2013-09-18 20:00:00,22730.0
2013-09-18 21:00:00,23623.0
2013-09-18 22:00:00,22620.0
2013-09-18 23:00:00,16344.0
2013-09-19 00:00:00,10375.0
2013-09-19 01:00:00,5191.0
2013-09-19 02:00:00,4878.0
2013-09-19 03:00:00,4579.0
2013-09-19 04:00:00,4467.0
2013-09-19 05:00:00,4398.0
2013-09-19 06:00:00,4454.0
2013-09-19 07:00:00,6023.0
2013-09-19 08:00:00,7022.0
2013-09-19 09:00:00,11212.0
2013-09-19 10:00:00,18818.0
2013-09-19 11:00:00,19680.0
2013-09-19 12:00:00,20159.0
2013-09-19 13:00:00,21191.0
2013-09-19 14:00:00,21815.0
2013-09-19 15:00:00,22623.0
2013-09-19 16:00:00,22434.0
2013-09-19 17:00:00,22373.0
2013-09-19 18:00:00,21595.0
2013-09-19 19:00:00,21853.0
2013-09-19 20:00:00,21406.0
2013-09-19 21:00:00,21058.0
2013-09-19 22:00:00,20740.0
2013-09-19 23:00:00,15381.0
2013-09-20 00:00:00,10452.0
2013-09-20 01:00:00,5264.0
2013-09-20 02:00:00,5090.0
2013-09-20 03:00:00,4805.0
2013-09-20 04:00:00,4653.0
2013-09-20 05:00:00,4599.0
2013-09-20 06:00:00,4507.0
2013-09-20 07:00:00,5925.0
2013-09-20 08:00:00,6795.0
2013-09-20 09:00:00,11679.0
2013-09-20 10:00:00,20719.0
2013-09-20 11:00:00,21605.0
2013-09-20 12:00:00,21666.0
2013-09-20 13:00:00,23276.0
2013-09-20 14:00:00,24861.0
2013-09-20 15:00:00,27297.0
2013-09-20 16:00:00,28698.0
2013-09-20 17:00:00,28186.0
2013-09-20 18:00:00,27216.0
2013-09-20 19:00:00,28542.0
2013-09-20 20:00:00,27460.0
2013-09-20 21:00:00,24328.0
2013-09-20 22:00:00,24943.0
2013-09-20 23:00:00,20957.0
2013-09-21 00:00:00,9574.0
2013-09-21 01:00:00,5419.0
2013-09-21 02:00:00,5420.0
2013-09-21 03:00:00,5077.0
2013-09-21 04:00:00,5045.0
2013-09-21 05:00:00,4981.0
2013-09-21 06:00:00,4974.0
2013-09-21 07:00:00,5287.0
2013-09-21 08:00:00,6860.0
2013-09-21 09:00:00,13576.0
2013-09-21 10:00:00,20791.0
2013-09-21 11:00:00,26793.0
2013-09-21 12:00:00,27878.0
2013-09-21 13:00:00,27938.0
2013-09-21 14:00:00,28558.0
2013-09-21 15:00:00,28500.0
2013-09-21 16:00:00,28525.0
2013-09-21 17:00:00,28788.0
2013-09-21 18:00:00,28929.0
2013-09-21 19:00:00,28528.0
2013-09-21 20:00:00,25767.0
2013-09-21 21:00:00,24271.0
2013-09-21 22:00:00,23867.0
2013-09-21 23:00:00,17073.0
2013-09-22 00:00:00,9158.0
2013-09-22 01:00:00,5132.0
2013-09-22 02:00:00,4823.0
2013-09-22 03:00:00,4548.0
2013-09-22 04:00:00,4456.0
2013-09-22 05:00:00,4617.0
2013-09-22 06:00:00,4635.0
2013-09-22 07:00:00,4644.0
2013-09-22 08:00:00,7882.0
2013-09-22 09:00:00,15810.0
2013-09-22 10:00:00,25828.0
2013-09-22 11:00:00,28071.0
2013-09-22 12:00:00,29018.0
2013-09-22 13:00:00,28477.0
2013-09-22 14:00:00,25933.0
2013-09-22 15:00:00,31114.0
2013-09-22 16:00:00,29277.0
2013-09-22 17:00:00,28728.0
2013-09-22 18:00:00,28987.0
2013-09-22 19:00:00,30726.0
2013-09-22 20:00:00,31155.0
2013-09-22 21:00:00,30800.0
2013-09-22 22:00:00,28007.0
2013-09-22 23:00:00,19397.0
2013-09-23 00:00:00,10605.0
2013-09-23 01:00:00,5424.0
2013-09-23 02:00:00,5141.0
2013-09-23 03:00:00,4813.0
2013-09-23 04:00:00,4638.0
2013-09-23 05:00:00,4630.0
2013-09-23 06:00:00,4621.0
2013-09-23 07:00:00,6264.0
2013-09-23 08:00:00,7617.0
2013-09-23 09:00:00,15049.0
2013-09-23 10:00:00,22215.0
2013-09-23 11:00:00,24723.0
2013-09-23 12:00:00,26277.0
2013-09-23 13:00:00,25033.0
2013-09-23 14:00:00,25430.0
2013-09-23 15:00:00,26125.0
2013-09-23 16:00:00,29815.0
2013-09-23 17:00:00,26995.0
2013-09-23 18:00:00,25880.0
2013-09-23 19:00:00,26625.0
2013-09-23 20:00:00,26457.0
2013-09-23 21:00:00,26060.0
2013-09-23 22:00:00,25584.0
2013-09-23 23:00:00,17983.0
2013-09-24 00:00:00,10886.0
2013-09-24 01:00:00,5409.0
2013-09-24 02:00:00,5111.0
2013-09-24 03:00:00,4781.0
2013-09-24 04:00:00,4712.0
2013-09-24 05:00:00,4621.0
2013-09-24 06:00:00,4546.0
2013-09-24 07:00:00,6190.0
2013-09-24 08:00:00,6951.0
2013-09-24 09:00:00,11326.0
2013-09-24 10:00:00,19323.0
2013-09-24 11:00:00,21862.0
2013-09-24 12:00:00,22189.0
2013-09-24 13:00:00,22978.0
2013-09-24 14:00:00,22877.0
2013-09-24 15:00:00,22893.0
2013-09-24 16:00:00,23154.0
2013-09-24 17:00:00,23512.0
2013-09-24 18:00:00,23530.0
2013-09-24 19:00:00,24677.0
2013-09-24 20:00:00,24510.0
2013-09-24 21:00:00,24433.0
2013-09-24 22:00:00,24121.0
2013-09-24 23:00:00,17197.0
2013-09-25 00:00:00,10814.0
2013-09-25 01:00:00,5242.0
2013-09-25 02:00:00,4899.0
2013-09-25 03:00:00,4624.0
2013-09-25 04:00:00,4490.0
2013-09-25 05:00:00,4461.0
2013-09-25 06:00:00,4415.0
2013-09-25 07:00:00,6040.0
2013-09-25 08:00:00,7604.0
2013-09-25 09:00:00,12664.0
2013-09-25 10:00:00,20550.0
2013-09-25 11:00:00,21644.0
2013-09-25 12:00:00,22014.0
2013-09-25 13:00:00,23500.0
2013-09-25 14:00:00,24253.0
2013-09-25 15:00:00,24131.0
2013-09-25 16:00:00,24839.0
2013-09-25 17:00:00,23139.0
2013-09-25 18:00:00,22961.0
2013-09-25 19:00:00,24292.0
2013-09-25 20:00:00,24487.0
2013-09-25 21:00:00,24427.0
2013-09-25 22:00:00,23982.0
2013-09-25 23:00:00,16197.0
2013-09-26 00:00:00,10430.0
2013-09-26 01:00:00,5330.0
2013-09-26 02:00:00,5100.0
2013-09-26 03:00:00,4784.0
2013-09-26 04:00:00,4659.0
2013-09-26 05:00:00,4683.0
2013-09-26 06:00:00,4469.0
2013-09-26 07:00:00,6090.0
2013-09-26 08:00:00,8352.0
2013-09-26 09:00:00,13607.0
2013-09-26 10:00:00,20909.0
2013-09-26 11:00:00,22197.0
2013-09-26 12:00:00,22752.0
2013-09-26 13:00:00,22825.0
2013-09-26 14:00:00,22782.0
2013-09-26 15:00:00,22694.0
2013-09-26 16:00:00,23311.0
2013-09-26 17:00:00,23948.0
2013-09-26 18:00:00,24577.0
2013-09-26 19:00:00,24881.0
2013-09-26 20:00:00,24685.0
2013-09-26 21:00:00,24902.0
2013-09-26 22:00:00,24222.0
2013-09-26 23:00:00,17780.0
2013-09-27 00:00:00,11262.0
2013-09-27 01:00:00,5780.0
2013-09-27 02:00:00,5048.0
2013-09-27 03:00:00,4783.0
2013-09-27 04:00:00,4804.0
2013-09-27 05:00:00,4764.0
2013-09-27 06:00:00,4578.0
2013-09-27 07:00:00,6554.0
2013-09-27 08:00:00,8709.0
2013-09-27 09:00:00,12482.0
2013-09-27 10:00:00,20394.0
2013-09-27 11:00:00,23624.0
2013-09-27 12:00:00,23988.0
2013-09-27 13:00:00,23216.0
2013-09-27 14:00:00,23138.0
2013-09-27 15:00:00,23546.0
2013-09-27 16:00:00,23466.0
2013-09-27 17:00:00,23639.0
2013-09-27 18:00:00,24251.0
2013-09-27 19:00:00,24900.0
2013-09-27 20:00:00,26425.0
2013-09-27 21:00:00,28551.0
2013-09-27 22:00:00,23179.0
2013-09-27 23:00:00,18148.0
2013-09-28 00:00:00,11379.0
2013-09-28 01:00:00,5397.0
2013-09-28 02:00:00,4852.0
2013-09-28 03:00:00,4412.0
2013-09-28 04:00:00,4401.0
2013-09-28 05:00:00,4301.0
2013-09-28 06:00:00,4245.0
2013-09-28 07:00:00,4603.0
2013-09-28 08:00:00,4754.0
2013-09-28 09:00:00,10067.0
2013-09-28 10:00:00,19017.0
2013-09-28 11:00:00,20284.0
2013-09-28 12:00:00,20322.0
2013-09-28 13:00:00,21499.0
2013-09-28 14:00:00,21396.0
2013-09-28 15:00:00,21344.0
2013-09-28 16:00:00,20336.0
2013-09-28 17:00:00,26051.0
2013-09-28 18:00:00,27175.0
2013-09-28 19:00:00,25154.0
2013-09-28 20:00:00,27828.0
2013-09-28 21:00:00,30062.0
2013-09-28 22:00:00,23205.0
2013-09-28 23:00:00,17353.0
2013-09-29 00:00:00,9576.0
2013-09-29 01:00:00,5582.0
2013-09-29 02:00:00,5444.0
2013-09-29 03:00:00,5018.0
2013-09-29 04:00:00,4940.0
2013-09-29 05:00:00,4843.0
2013-09-29 06:00:00,4870.0
2013-09-29 07:00:00,4612.0
2013-09-29 08:00:00,4686.0
2013-09-29 09:00:00,8576.0
2013-09-29 10:00:00,20574.0
2013-09-29 11:00:00,22642.0
2013-09-29 12:00:00,22568.0
2013-09-29 13:00:00,22779.0
2013-09-29 14:00:00,23391.0
2013-09-29 15:00:00,24184.0
2013-09-29 16:00:00,25059.0
2013-09-29 17:00:00,25187.0
2013-09-29 18:00:00,25995.0
2013-09-29 19:00:00,26333.0
2013-09-29 20:00:00,26574.0
2013-09-29 21:00:00,26299.0
2013-09-29 22:00:00,20893.0
2013-09-29 23:00:00,16760.0
2013-09-30 00:00:00,9460.0
2013-09-30 01:00:00,5101.0
2013-09-30 02:00:00,4812.0
2013-09-30 03:00:00,4450.0
2013-09-30 04:00:00,4397.0
2013-09-30 05:00:00,4271.0
2013-09-30 06:00:00,4218.0
2013-09-30 07:00:00,6406.0
2013-09-30 08:00:00,7977.0
2013-09-30 09:00:00,11714.0
2013-09-30 10:00:00,19155.0
2013-09-30 11:00:00,25780.0
2013-09-30 12:00:00,27666.0
2013-09-30 13:00:00,27797.0
2013-09-30 14:00:00,27772.0
2013-09-30 15:00:00,28076.0
2013-09-30 16:00:00,28404.0
2013-09-30 17:00:00,29093.0
2013-09-30 18:00:00,29193.0
2013-09-30 19:00:00,28996.0
2013-09-30 20:00:00,28454.0
2013-09-30 21:00:00,26147.0
2013-09-30 22:00:00,24009.0
2013-09-30 23:00:00,16606.0
2013-10-01 00:00:00,10866.0
2013-10-01 01:00:00,5579.0
2013-10-01 02:00:00,5327.0
2013-10-01 03:00:00,4856.0
2013-10-01 04:00:00,4802.0
2013-10-01 05:00:00,4755.0
2013-10-01 06:00:00,4770.0
2013-10-01 07:00:00,6667.0
2013-10-01 08:00:00,8157.0
2013-10-01 09:00:00,11873.0
2013-10-01 10:00:00,21211.0
2013-10-01 11:00:00,24275.0
2013-10-01 12:00:00,28275.0
2013-10-01 13:00:00,27719.0
2013-10-01 14:00:00,27462.0
2013-10-01 15:00:00,27454.0
2013-10-01 16:00:00,28471.0
2013-10-01 17:00:00,29274.0
2013-10-01 18:00:00,30900.0
2013-10-01 19:00:00,29764.0
2013-10-01 20:00:00,28443.0
2013-10-01 21:00:00,26808.0
2013-10-01 22:00:00,23726.0
2013-10-01 23:00:00,16473.0
2013-10-02 00:00:00,10870.0
2013-10-02 01:00:00,5475.0
2013-10-02 02:00:00,5231.0
2013-10-02 03:00:00,4885.0
2013-10-02 04:00:00,4828.0
2013-10-02 05:00:00,4715.0
2013-10-02 06:00:00,4713.0
2013-10-02 07:00:00,6478.0
2013-10-02 08:00:00,7690.0
2013-10-02 09:00:00,15181.0
2013-10-02 10:00:00,21952.0
2013-10-02 11:00:00,23473.0
2013-10-02 12:00:00,24033.0
2013-10-02 13:00:00,27679.0
2013-10-02 14:00:00,27455.0
2013-10-02 15:00:00,26855.0
2013-10-02 16:00:00,27120.0
2013-10-02 17:00:00,27934.0
2013-10-02 18:00:00,27843.0
2013-10-02 19:00:00,27868.0
2013-10-02 20:00:00,27205.0
2013-10-02 21:00:00,27272.0
2013-10-02 22:00:00,24903.0
2013-10-02 23:00:00,17706.0
2013-10-03 00:00:00,10850.0
2013-10-03 01:00:00,5306.0
2013-10-03 02:00:00,4983.0
2013-10-03 03:00:00,4704.0
2013-10-03 04:00:00,4528.0
2013-10-03 05:00:00,4534.0
2013-10-03 06:00:00,4454.0
2013-10-03 07:00:00,6612.0
2013-10-03 08:00:00,7619.0
2013-10-03 09:00:00,11461.0
2013-10-03 10:00:00,20508.0
2013-10-03 11:00:00,23023.0
2013-10-03 12:00:00,23568.0
2013-10-03 13:00:00,25815.0
2013-10-03 14:00:00,26293.0
2013-10-03 15:00:00,26700.0
2013-10-03 16:00:00,26472.0
2013-10-03 17:00:00,26413.0
2013-10-03 18:00:00,26007.0
2013-10-03 19:00:00,24658.0
2013-10-03 20:00:00,24437.0
2013-10-03 21:00:00,24229.0
2013-10-03 22:00:00,23504.0
2013-10-03 23:00:00,16341.0
2013-10-04 00:00:00,10594.0
2013-10-04 01:00:00,5774.0
2013-10-04 02:00:00,5541.0
2013-10-04 03:00:00,5217.0
2013-10-04 04:00:00,5052.0
2013-10-04 05:00:00,5055.0
2013-10-04 06:00:00,4969.0
2013-10-04 07:00:00,6493.0
2013-10-04 08:00:00,7551.0
2013-10-04 09:00:00,12372.0
2013-10-04 10:00:00,19468.0
2013-10-04 11:00:00,19959.0
2013-10-04 12:00:00,20483.0
2013-10-04 13:00:00,22335.0
2013-10-04 14:00:00,22551.0
2013-10-04 15:00:00,22770.0
2013-10-04 16:00:00,22521.0
2013-10-04 17:00:00,22349.0
2013-10-04 18:00:00,22163.0
2013-10-04 19:00:00,23194.0
2013-10-04 20:00:00,22449.0
2013-10-04 21:00:00,19705.0
2013-10-04 22:00:00,19330.0
2013-10-04 23:00:00,15295.0
2013-10-05 00:00:00,10658.0
2013-10-05 01:00:00,4927.0
2013-10-05 02:00:00,4792.0
2013-10-05 03:00:00,4431.0
2013-10-05 04:00:00,4305.0
2013-10-05 05:00:00,4054.0
2013-10-05 06:00:00,4151.0
2013-10-05 07:00:00,4459.0
2013-10-05 08:00:00,5085.0
2013-10-05 09:00:00,12601.0
2013-10-05 10:00:00,15794.0
2013-10-05 11:00:00,17305.0
2013-10-05 12:00:00,22516.0
2013-10-05 13:00:00,22230.0
2013-10-05 14:00:00,22322.0
2013-10-05 15:00:00,22409.0
2013-10-05 16:00:00,22753.0
2013-10-05 17:00:00,22871.0
2013-10-05 18:00:00,23019.0
2013-10-05 19:00:00,21067.0
2013-10-05 20:00:00,19759.0
2013-10-05 21:00:00,19624.0
2013-10-05 22:00:00,18894.0
2013-10-05 23:00:00,14109.0
2013-10-06 00:00:00,9019.0
2013-10-06 01:00:00,4901.0
2013-10-06 02:00:00,4542.0
2013-10-06 03:00:00,4251.0
2013-10-06 04:00:00,4027.0
2013-10-06 05:00:00,3961.0
2013-10-06 06:00:00,4019.0
2013-10-06 07:00:00,4207.0
2013-10-06 08:00:00,4669.0
2013-10-06 09:00:00,14297.0
2013-10-06 10:00:00,18624.0
2013-10-06 11:00:00,21580.0
2013-10-06 12:00:00,22423.0
2013-10-06 13:00:00,23673.0
2013-10-06 14:00:00,24431.0
2013-10-06 15:00:00,26193.0
2013-10-06 16:00:00,28223.0
2013-10-06 17:00:00,27626.0
2013-10-06 18:00:00,27334.0
2013-10-06 19:00:00,26912.0
2013-10-06 20:00:00,25204.0
2013-10-06 21:00:00,22650.0
2013-10-06 22:00:00,22375.0
2013-10-06 23:00:00,15926.0
2013-10-07 00:00:00,8956.0
2013-10-07 01:00:00,4871.0
2013-10-07 02:00:00,4640.0
2013-10-07 03:00:00,4281.0
2013-10-07 04:00:00,4178.0
2013-10-07 05:00:00,4046.0
2013-10-07 06:00:00,4208.0
2013-10-07 07:00:00,9524.0
2013-10-07 08:00:00,10258.0
2013-10-07 09:00:00,13537.0
2013-10-07 10:00:00,17003.0
2013-10-07 11:00:00,17688.0
2013-10-07 12:00:00,20159.0
2013-10-07 13:00:00,24120.0
2013-10-07 14:00:00,24808.0
2013-10-07 15:00:00,24828.0
2013-10-07 16:00:00,24958.0
2013-10-07 17:00:00,24179.0
2013-10-07 18:00:00,23255.0
2013-10-07 19:00:00,21060.0
2013-10-07 20:00:00,20056.0
2013-10-07 21:00:00,19523.0
2013-10-07 22:00:00,19179.0
2013-10-07 23:00:00,15601.0
2013-10-08 00:00:00,10645.0
2013-10-08 01:00:00,5569.0
2013-10-08 02:00:00,5501.0
2013-10-08 03:00:00,5142.0
2013-10-08 04:00:00,4937.0
2013-10-08 05:00:00,4902.0
2013-10-08 06:00:00,4823.0
2013-10-08 07:00:00,7519.0
2013-10-08 08:00:00,9103.0
2013-10-08 09:00:00,13280.0
2013-10-08 10:00:00,16884.0
2013-10-08 11:00:00,17914.0
2013-10-08 12:00:00,20511.0
2013-10-08 13:00:00,22773.0
2013-10-08 14:00:00,23749.0
2013-10-08 15:00:00,24451.0
2013-10-08 16:00:00,24322.0
2013-10-08 17:00:00,24507.0
2013-10-08 18:00:00,23752.0
2013-10-08 19:00:00,20773.0
2013-10-08 20:00:00,19586.0
2013-10-08 21:00:00,19203.0
2013-10-08 22:00:00,18642.0
2013-10-08 23:00:00,15248.0
2013-10-09 00:00:00,10406.0
2013-10-09 01:00:00,5271.0
2013-10-09 02:00:00,5281.0
2013-10-09 03:00:00,4973.0
2013-10-09 04:00:00,4816.0
2013-10-09 05:00:00,4714.0
2013-10-09 06:00:00,4747.0
2013-10-09 07:00:00,6671.0
2013-10-09 08:00:00,8039.0
2013-10-09 09:00:00,13741.0
2013-10-09 10:00:00,17191.0
2013-10-09 11:00:00,18833.0
2013-10-09 12:00:00,20767.0
2013-10-09 13:00:00,23544.0
2013-10-09 14:00:00,25045.0
2013-10-09 15:00:00,24931.0
2013-10-09 16:00:00,25112.0
2013-10-09 17:00:00,25176.0
2013-10-09 18:00:00,21424.0
2013-10-09 19:00:00,20196.0
2013-10-09 20:00:00,20101.0
2013-10-09 21:00:00,20093.0
2013-10-09 22:00:00,19544.0
2013-10-09 23:00:00,15877.0
2013-10-10 00:00:00,10874.0
2013-10-10 01:00:00,5334.0
2013-10-10 02:00:00,5248.0
2013-10-10 03:00:00,4944.0
2013-10-10 04:00:00,4856.0
2013-10-10 05:00:00,4830.0
2013-10-10 06:00:00,4809.0
2013-10-10 07:00:00,7384.0
2013-10-10 08:00:00,8859.0
2013-10-10 09:00:00,12547.0
2013-10-10 10:00:00,16185.0
2013-10-10 11:00:00,17559.0
2013-10-10 12:00:00,20543.0
2013-10-10 13:00:00,24625.0
2013-10-10 14:00:00,24964.0
2013-10-10 15:00:00,25475.0
2013-10-10 16:00:00,25489.0
2013-10-10 17:00:00,25117.0
2013-10-10 18:00:00,22546.0
2013-10-10 19:00:00,23873.0
2013-10-10 20:00:00,20371.0
2013-10-10 21:00:00,20261.0
2013-10-10 22:00:00,19509.0
2013-10-10 23:00:00,16041.0
2013-10-11 00:00:00,10987.0
2013-10-11 01:00:00,5210.0
2013-10-11 02:00:00,4894.0
2013-10-11 03:00:00,4527.0
2013-10-11 04:00:00,4298.0
2013-10-11 05:00:00,4226.0
2013-10-11 06:00:00,4245.0
2013-10-11 07:00:00,6322.0
2013-10-11 08:00:00,7639.0
2013-10-11 09:00:00,12051.0
2013-10-11 10:00:00,15642.0
2013-10-11 11:00:00,16886.0
2013-10-11 12:00:00,20239.0
2013-10-11 13:00:00,23161.0
2013-10-11 14:00:00,22956.0
2013-10-11 15:00:00,23274.0
2013-10-11 16:00:00,23023.0
2013-10-11 17:00:00,22218.0
2013-10-11 18:00:00,17362.0
2013-10-11 19:00:00,18166.0
2013-10-11 20:00:00,18285.0
2013-10-11 21:00:00,18273.0
2013-10-11 22:00:00,17619.0
2013-10-11 23:00:00,14160.0
2013-10-12 00:00:00,10175.0
2013-10-12 01:00:00,5078.0
2013-10-12 02:00:00,4776.0
2013-10-12 03:00:00,4375.0
2013-10-12 04:00:00,4207.0
2013-10-12 05:00:00,4127.0
2013-10-12 06:00:00,4146.0
2013-10-12 07:00:00,4299.0
2013-10-12 08:00:00,4706.0
2013-10-12 09:00:00,10673.0
2013-10-12 10:00:00,15221.0
2013-10-12 11:00:00,16215.0
2013-10-12 12:00:00,17353.0
2013-10-12 13:00:00,17431.0
2013-10-12 14:00:00,17564.0
2013-10-12 15:00:00,18122.0
2013-10-12 16:00:00,18664.0
2013-10-12 17:00:00,19127.0
2013-10-12 18:00:00,19752.0
2013-10-12 19:00:00,19864.0
2013-10-12 20:00:00,20054.0
2013-10-12 21:00:00,19824.0
2013-10-12 22:00:00,19007.0
2013-10-12 23:00:00,15405.0
2013-10-13 00:00:00,10537.0
2013-10-13 01:00:00,5868.0
2013-10-13 02:00:00,5529.0
2013-10-13 03:00:00,4682.0
2013-10-13 04:00:00,3785.0
2013-10-13 05:00:00,3841.0
2013-10-13 06:00:00,3970.0
2013-10-13 07:00:00,4285.0
2013-10-13 08:00:00,4572.0
2013-10-13 09:00:00,11895.0
2013-10-13 10:00:00,18680.0
2013-10-13 11:00:00,22976.0
2013-10-13 12:00:00,22666.0
2013-10-13 13:00:00,22940.0
2013-10-13 14:00:00,23047.0
2013-10-13 15:00:00,23294.0
2013-10-13 16:00:00,23742.0
2013-10-13 17:00:00,24188.0
2013-10-13 18:00:00,24562.0
2013-10-13 19:00:00,24885.0
2013-10-13 20:00:00,24417.0
2013-10-13 21:00:00,24152.0
2013-10-13 22:00:00,23705.0
2013-10-13 23:00:00,17420.0
2013-10-14 00:00:00,9745.0
2013-10-14 01:00:00,5149.0
2013-10-14 02:00:00,4826.0
2013-10-14 03:00:00,4432.0
2013-10-14 04:00:00,4392.0
2013-10-14 05:00:00,4384.0
2013-10-14 06:00:00,4377.0
2013-10-14 07:00:00,6363.0
2013-10-14 08:00:00,7495.0
2013-10-14 09:00:00,12348.0
2013-10-14 10:00:00,16570.0
2013-10-14 11:00:00,16924.0
2013-10-14 12:00:00,17129.0
2013-10-14 13:00:00,17534.0
2013-10-14 14:00:00,17813.0
2013-10-14 15:00:00,18554.0
2013-10-14 16:00:00,18751.0
2013-10-14 17:00:00,18843.0
2013-10-14 18:00:00,19800.0
2013-10-14 19:00:00,20128.0
2013-10-14 20:00:00,20060.0
2013-10-14 21:00:00,19831.0
2013-10-14 22:00:00,19075.0
2013-10-14 23:00:00,15082.0
2013-10-15 00:00:00,10233.0
2013-10-15 01:00:00,5056.0
2013-10-15 02:00:00,4778.0
2013-10-15 03:00:00,4420.0
2013-10-15 04:00:00,4264.0
2013-10-15 05:00:00,4161.0
2013-10-15 06:00:00,4239.0
2013-10-15 07:00:00,7147.0
2013-10-15 08:00:00,8448.0
2013-10-15 09:00:00,13203.0
2013-10-15 10:00:00,17082.0
2013-10-15 11:00:00,18046.0
2013-10-15 12:00:00,18653.0
2013-10-15 13:00:00,23193.0
2013-10-15 14:00:00,22998.0
2013-10-15 15:00:00,23102.0
2013-10-15 16:00:00,23145.0
2013-10-15 17:00:00,23213.0
2013-10-15 18:00:00,23136.0
2013-10-15 19:00:00,21001.0
2013-10-15 20:00:00,20011.0
2013-10-15 21:00:00,19909.0
2013-10-15 22:00:00,19229.0
2013-10-15 23:00:00,15031.0
2013-10-16 00:00:00,10395.0
2013-10-16 01:00:00,5083.0
2013-10-16 02:00:00,4845.0
2013-10-16 03:00:00,4335.0
2013-10-16 04:00:00,4317.0
2013-10-16 05:00:00,4444.0
2013-10-16 06:00:00,4491.0
2013-10-16 07:00:00,7021.0
2013-10-16 08:00:00,9171.0
2013-10-16 09:00:00,12294.0
2013-10-16 10:00:00,16296.0
2013-10-16 11:00:00,17934.0
2013-10-16 12:00:00,18094.0
2013-10-16 13:00:00,23064.0
2013-10-16 14:00:00,23034.0
2013-10-16 15:00:00,22991.0
2013-10-16 16:00:00,23220.0
2013-10-16 17:00:00,23314.0
2013-10-16 18:00:00,23733.0
2013-10-16 19:00:00,20657.0
2013-10-16 20:00:00,20486.0
2013-10-16 21:00:00,20377.0
2013-10-16 22:00:00,19628.0
2013-10-16 23:00:00,15253.0
2013-10-17 00:00:00,10446.0
2013-10-17 01:00:00,6726.0
2013-10-17 02:00:00,5027.0
2013-10-17 03:00:00,4632.0
2013-10-17 04:00:00,4485.0
2013-10-17 05:00:00,4568.0
2013-10-17 06:00:00,4565.0
2013-10-17 07:00:00,6451.0
2013-10-17 08:00:00,7965.0
2013-10-17 09:00:00,11638.0
2013-10-17 10:00:00,17112.0
2013-10-17 11:00:00,17973.0
2013-10-17 12:00:00,19345.0
2013-10-17 13:00:00,23384.0
2013-10-17 14:00:00,23402.0
2013-10-17 15:00:00,23657.0
2013-10-17 16:00:00,24136.0
2013-10-17 17:00:00,24282.0
2013-10-17 18:00:00,23498.0
2013-10-17 19:00:00,21082.0
2013-10-17 20:00:00,20602.0
2013-10-17 21:00:00,20578.0
2013-10-17 22:00:00,19833.0
2013-10-17 23:00:00,15687.0
2013-10-18 00:00:00,10770.0
2013-10-18 01:00:00,5404.0
2013-10-18 02:00:00,5239.0
2013-10-18 03:00:00,4904.0
2013-10-18 04:00:00,4813.0
2013-10-18 05:00:00,4741.0
2013-10-18 06:00:00,4722.0
2013-10-18 07:00:00,6999.0
2013-10-18 08:00:00,8405.0
2013-10-18 09:00:00,12843.0
2013-10-18 10:00:00,16708.0
2013-10-18 11:00:00,17350.0
2013-10-18 12:00:00,18166.0
2013-10-18 13:00:00,18443.0
2013-10-18 14:00:00,18582.0
2013-10-18 15:00:00,21274.0
2013-10-18 16:00:00,22957.0
2013-10-18 17:00:00,23071.0
2013-10-18 18:00:00,23842.0
2013-10-18 19:00:00,23497.0
2013-10-18 20:00:00,22703.0
2013-10-18 21:00:00,19477.0
2013-10-18 22:00:00,18497.0
2013-10-18 23:00:00,15639.0
2013-10-19 00:00:00,11441.0
2013-10-19 01:00:00,4929.0
2013-10-19 02:00:00,4686.0
2013-10-19 03:00:00,4398.0
2013-10-19 04:00:00,4261.0
2013-10-19 05:00:00,4169.0
2013-10-19 06:00:00,4247.0
2013-10-19 07:00:00,4523.0
2013-10-19 08:00:00,4584.0
2013-10-19 09:00:00,11613.0
2013-10-19 10:00:00,16196.0
2013-10-19 11:00:00,16702.0
2013-10-19 12:00:00,18706.0
2013-10-19 13:00:00,20836.0
2013-10-19 14:00:00,20950.0
2013-10-19 15:00:00,21198.0
2013-10-19 16:00:00,20340.0
2013-10-19 17:00:00,18513.0
2013-10-19 18:00:00,21376.0
2013-10-19 19:00:00,23614.0
2013-10-19 20:00:00,21223.0
2013-10-19 21:00:00,19967.0
2013-10-19 22:00:00,19503.0
2013-10-19 23:00:00,15883.0
2013-10-20 00:00:00,10215.0
2013-10-20 01:00:00,4994.0
2013-10-20 02:00:00,4529.0
2013-10-20 03:00:00,4202.0
2013-10-20 04:00:00,4005.0
2013-10-20 05:00:00,3910.0
2013-10-20 06:00:00,3988.0
2013-10-20 07:00:00,4205.0
2013-10-20 08:00:00,5571.0
2013-10-20 09:00:00,15349.0
2013-10-20 10:00:00,18343.0
2013-10-20 11:00:00,23200.0
2013-10-20 12:00:00,23832.0
2013-10-20 13:00:00,24074.0
2013-10-20 14:00:00,23910.0
2013-10-20 15:00:00,24245.0
2013-10-20 16:00:00,25398.0
2013-10-20 17:00:00,25193.0
2013-10-20 18:00:00,25644.0
2013-10-20 19:00:00,26371.0
2013-10-20 20:00:00,26641.0
2013-10-20 21:00:00,26262.0
2013-10-20 22:00:00,25300.0
2013-10-20 23:00:00,18476.0
2013-10-21 00:00:00,9527.0
2013-10-21 01:00:00,5436.0
2013-10-21 02:00:00,5207.0
2013-10-21 03:00:00,4870.0
2013-10-21 04:00:00,4728.0
2013-10-21 05:00:00,4759.0
2013-10-21 06:00:00,4653.0
2013-10-21 07:00:00,4751.0
2013-10-21 08:00:00,7472.0
2013-10-21 09:00:00,12333.0
2013-10-21 10:00:00,18437.0
2013-10-21 11:00:00,21626.0
2013-10-21 12:00:00,22075.0
2013-10-21 13:00:00,22382.0
2013-10-21 14:00:00,22382.0
2013-10-21 15:00:00,22439.0
2013-10-21 16:00:00,22286.0
2013-10-21 17:00:00,22553.0
2013-10-21 18:00:00,23106.0
2013-10-21 19:00:00,23021.0
2013-10-21 20:00:00,23176.0
2013-10-21 21:00:00,23338.0
2013-10-21 22:00:00,22922.0
2013-10-21 23:00:00,14860.0
2013-10-22 00:00:00,10189.0
2013-10-22 01:00:00,5302.0
2013-10-22 02:00:00,5231.0
2013-10-22 03:00:00,5042.0
2013-10-22 04:00:00,5157.0
2013-10-22 05:00:00,5093.0
2013-10-22 06:00:00,5035.0
2013-10-22 07:00:00,6213.0
2013-10-22 08:00:00,7315.0
2013-10-22 09:00:00,10240.0
2013-10-22 10:00:00,17767.0
2013-10-22 11:00:00,20292.0
2013-10-22 12:00:00,19738.0
2013-10-22 13:00:00,19818.0
2013-10-22 14:00:00,19935.0
2013-10-22 15:00:00,19486.0
2013-10-22 16:00:00,20168.0
2013-10-22 17:00:00,20184.0
2013-10-22 18:00:00,20260.0
2013-10-22 19:00:00,21292.0
2013-10-22 20:00:00,22048.0
2013-10-22 21:00:00,22282.0
2013-10-22 22:00:00,22138.0
2013-10-22 23:00:00,14057.0
2013-10-23 00:00:00,10093.0
2013-10-23 01:00:00,5171.0
2013-10-23 02:00:00,5046.0
2013-10-23 03:00:00,4641.0
2013-10-23 04:00:00,4511.0
2013-10-23 05:00:00,4374.0
2013-10-23 06:00:00,4478.0
2013-10-23 07:00:00,5857.0
2013-10-23 08:00:00,6957.0
2013-10-23 09:00:00,10347.0
2013-10-23 10:00:00,18631.0
2013-10-23 11:00:00,20743.0
2013-10-23 12:00:00,21264.0
2013-10-23 13:00:00,21846.0
2013-10-23 14:00:00,21659.0
2013-10-23 15:00:00,22672.0
2013-10-23 16:00:00,24354.0
2013-10-23 17:00:00,24468.0
2013-10-23 18:00:00,24749.0
2013-10-23 19:00:00,24980.0
2013-10-23 20:00:00,24940.0
2013-10-23 21:00:00,26879.0
2013-10-23 22:00:00,32536.0
2013-10-23 23:00:00,21678.0
2013-10-24 00:00:00,11162.0
2013-10-24 01:00:00,5148.0
2013-10-24 02:00:00,4972.0
2013-10-24 03:00:00,4614.0
2013-10-24 04:00:00,4362.0
2013-10-24 05:00:00,4317.0
2013-10-24 06:00:00,4413.0
2013-10-24 07:00:00,6758.0
2013-10-24 08:00:00,8183.0
2013-10-24 09:00:00,12067.0
2013-10-24 10:00:00,21038.0
2013-10-24 11:00:00,22599.0
2013-10-24 12:00:00,22224.0
2013-10-24 13:00:00,22071.0
2013-10-24 14:00:00,23275.0
2013-10-24 15:00:00,24079.0
2013-10-24 16:00:00,23582.0
2013-10-24 17:00:00,23683.0
2013-10-24 18:00:00,23552.0
2013-10-24 19:00:00,23958.0
2013-10-24 20:00:00,23972.0
2013-10-24 21:00:00,24131.0
2013-10-24 22:00:00,23165.0
2013-10-24 23:00:00,15870.0
2013-10-25 00:00:00,10602.0
2013-10-25 01:00:00,5529.0
2013-10-25 02:00:00,5225.0
2013-10-25 03:00:00,4895.0
2013-10-25 04:00:00,4626.0
2013-10-25 05:00:00,4599.0
2013-10-25 06:00:00,4603.0
2013-10-25 07:00:00,6493.0
2013-10-25 08:00:00,7687.0
2013-10-25 09:00:00,12073.0
2013-10-25 10:00:00,19243.0
2013-10-25 11:00:00,20582.0
2013-10-25 12:00:00,20748.0
2013-10-25 13:00:00,21352.0
2013-10-25 14:00:00,21273.0
2013-10-25 15:00:00,21405.0
2013-10-25 16:00:00,21816.0
2013-10-25 17:00:00,21831.0
2013-10-25 18:00:00,22173.0
2013-10-25 19:00:00,21575.0
2013-10-25 20:00:00,21717.0
2013-10-25 21:00:00,21173.0
2013-10-25 22:00:00,20321.0
2013-10-25 23:00:00,13553.0
2013-10-26 00:00:00,10247.0
2013-10-26 01:00:00,5211.0
2013-10-26 02:00:00,4960.0
2013-10-26 03:00:00,4622.0
2013-10-26 04:00:00,4534.0
2013-10-26 05:00:00,4538.0
2013-10-26 06:00:00,4549.0
2013-10-26 07:00:00,4660.0
2013-10-26 08:00:00,4668.0
2013-10-26 09:00:00,7727.0
2013-10-26 10:00:00,17900.0
2013-10-26 11:00:00,20637.0
2013-10-26 12:00:00,19666.0
2013-10-26 13:00:00,18356.0
2013-10-26 14:00:00,20446.0
2013-10-26 15:00:00,21103.0
2013-10-26 16:00:00,21209.0
2013-10-26 17:00:00,21221.0
2013-10-26 18:00:00,21138.0
2013-10-26 19:00:00,22218.0
2013-10-26 20:00:00,21130.0
2013-10-26 21:00:00,19039.0
2013-10-26 22:00:00,21622.0
2013-10-26 23:00:00,15897.0
2013-10-27 00:00:00,9228.0
2013-10-27 01:00:00,11981.0
2013-10-27 02:00:00,4839.0
2013-10-27 03:00:00,4378.0
2013-10-27 04:00:00,4251.0
2013-10-27 05:00:00,4178.0
2013-10-27 06:00:00,4149.0
2013-10-27 07:00:00,4205.0
2013-10-27 08:00:00,4602.0
2013-10-27 09:00:00,7629.0
2013-10-27 10:00:00,18008.0
2013-10-27 11:00:00,19417.0
2013-10-27 12:00:00,23490.0
2013-10-27 13:00:00,23696.0
2013-10-27 14:00:00,24092.0
2013-10-27 15:00:00,24494.0
2013-10-27 16:00:00,24235.0
2013-10-27 17:00:00,24449.0
2013-10-27 18:00:00,24991.0
2013-10-27 19:00:00,32242.0
2013-10-27 20:00:00,30389.0
2013-10-27 21:00:00,24120.0
2013-10-27 22:00:00,22697.0
2013-10-27 23:00:00,16303.0
2013-10-28 00:00:00,9206.0
2013-10-28 01:00:00,4984.0
2013-10-28 02:00:00,4636.0
2013-10-28 03:00:00,4284.0
2013-10-28 04:00:00,4124.0
2013-10-28 05:00:00,4079.0
2013-10-28 06:00:00,4100.0
2013-10-28 07:00:00,6046.0
2013-10-28 08:00:00,7410.0
2013-10-28 09:00:00,10616.0
2013-10-28 10:00:00,14859.0
2013-10-28 11:00:00,19777.0
2013-10-28 12:00:00,20070.0
2013-10-28 13:00:00,20598.0
2013-10-28 14:00:00,19850.0
2013-10-28 15:00:00,20876.0
2013-10-28 16:00:00,21190.0
2013-10-28 17:00:00,21527.0
2013-10-28 18:00:00,21587.0
2013-10-28 19:00:00,21642.0
2013-10-28 20:00:00,18303.0
2013-10-28 21:00:00,17338.0
2013-10-28 22:00:00,16882.0
2013-10-28 23:00:00,13517.0
2013-10-29 00:00:00,10115.0
2013-10-29 01:00:00,5211.0
2013-10-29 02:00:00,4914.0
2013-10-29 03:00:00,4629.0
2013-10-29 04:00:00,4489.0
2013-10-29 05:00:00,4441.0
2013-10-29 06:00:00,4427.0
2013-10-29 07:00:00,6095.0
2013-10-29 08:00:00,7431.0
2013-10-29 09:00:00,12441.0
2013-10-29 10:00:00,15775.0
2013-10-29 11:00:00,19471.0
2013-10-29 12:00:00,19809.0
2013-10-29 13:00:00,17583.0
2013-10-29 14:00:00,15663.0
2013-10-29 15:00:00,15633.0
2013-10-29 16:00:00,15596.0
2013-10-29 17:00:00,16142.0
2013-10-29 18:00:00,16917.0
2013-10-29 19:00:00,16895.0
2013-10-29 20:00:00,16992.0
2013-10-29 21:00:00,16588.0
2013-10-29 22:00:00,15949.0
2013-10-29 23:00:00,13332.0
2013-10-30 00:00:00,10083.0
2013-10-30 01:00:00,5276.0
2013-10-30 02:00:00,5122.0
2013-10-30 03:00:00,4713.0
2013-10-30 04:00:00,4649.0
2013-10-30 05:00:00,4655.0
2013-10-30 06:00:00,4813.0
2013-10-30 07:00:00,6505.0
2013-10-30 08:00:00,6990.0
2013-10-30 09:00:00,12183.0
2013-10-30 10:00:00,15130.0
2013-10-30 11:00:00,15779.0
2013-10-30 12:00:00,15530.0
2013-10-30 13:00:00,15313.0
2013-10-30 14:00:00,16209.0
2013-10-30 15:00:00,19648.0
2013-10-30 16:00:00,20078.0
2013-10-30 17:00:00,20469.0
2013-10-30 18:00:00,17615.0
2013-10-30 19:00:00,16617.0
2013-10-30 20:00:00,16574.0
2013-10-30 21:00:00,16573.0
2013-10-30 22:00:00,15968.0
2013-10-30 23:00:00,13217.0
2013-10-31 00:00:00,9838.0
2013-10-31 01:00:00,5163.0
2013-10-31 02:00:00,5039.0
2013-10-31 03:00:00,4753.0
2013-10-31 04:00:00,4562.0
2013-10-31 05:00:00,4541.0
2013-10-31 06:00:00,4595.0
2013-10-31 07:00:00,5968.0
2013-10-31 08:00:00,7039.0
2013-10-31 09:00:00,9990.0
2013-10-31 10:00:00,14355.0
2013-10-31 11:00:00,14518.0
2013-10-31 12:00:00,14546.0
2013-10-31 13:00:00,14711.0
2013-10-31 14:00:00,14735.0
2013-10-31 15:00:00,14716.0
2013-10-31 16:00:00,14775.0
2013-10-31 17:00:00,15425.0
2013-10-31 18:00:00,16161.0
2013-10-31 19:00:00,16159.0
2013-10-31 20:00:00,16172.0
2013-10-31 21:00:00,16054.0
2013-10-31 22:00:00,15831.0
2013-10-31 23:00:00,13010.0
2013-11-01 00:00:00,9765.0
2013-11-01 01:00:00,5094.0
2013-11-01 02:00:00,4992.0
2013-11-01 03:00:00,4628.0
2013-11-01 04:00:00,4379.0
2013-11-01 05:00:00,4381.0
2013-11-01 06:00:00,4328.0
2013-11-01 07:00:00,6329.0
2013-11-01 08:00:00,7227.0
2013-11-01 09:00:00,10367.0
2013-11-01 10:00:00,14580.0
2013-11-01 11:00:00,15073.0
2013-11-01 12:00:00,17450.0
2013-11-01 13:00:00,19306.0
2013-11-01 14:00:00,19579.0
2013-11-01 15:00:00,20875.0
2013-11-01 16:00:00,19698.0
2013-11-01 17:00:00,16168.0
2013-11-01 18:00:00,19936.0
2013-11-01 19:00:00,21124.0
2013-11-01 20:00:00,18509.0
2013-11-01 21:00:00,16559.0
2013-11-01 22:00:00,16427.0
2013-11-01 23:00:00,13352.0
2013-11-02 00:00:00,9917.0
2013-11-02 01:00:00,5144.0
2013-11-02 02:00:00,4791.0
2013-11-02 03:00:00,4484.0
2013-11-02 04:00:00,4308.0
2013-11-02 05:00:00,4286.0
2013-11-02 06:00:00,4355.0
2013-11-02 07:00:00,4504.0
2013-11-02 08:00:00,4616.0
2013-11-02 09:00:00,13205.0
2013-11-02 10:00:00,17640.0
2013-11-02 11:00:00,21029.0
2013-11-02 12:00:00,21111.0
2013-11-02 13:00:00,21093.0
2013-11-02 14:00:00,21141.0
2013-11-02 15:00:00,21729.0
2013-11-02 16:00:00,22144.0
2013-11-02 17:00:00,23258.0
2013-11-02 18:00:00,23866.0
2013-11-02 19:00:00,24096.0
2013-11-02 20:00:00,23923.0
2013-11-02 21:00:00,23876.0
2013-11-02 22:00:00,21262.0
2013-11-02 23:00:00,15849.0
2013-11-03 00:00:00,9243.0
2013-11-03 01:00:00,5355.0
2013-11-03 02:00:00,5034.0
2013-11-03 03:00:00,4604.0
2013-11-03 04:00:00,4501.0
2013-11-03 05:00:00,4407.0
2013-11-03 06:00:00,4487.0
2013-11-03 07:00:00,4664.0
2013-11-03 08:00:00,5062.0
2013-11-03 09:00:00,14974.0
2013-11-03 10:00:00,17107.0
2013-11-03 11:00:00,20221.0
2013-11-03 12:00:00,21308.0
2013-11-03 13:00:00,21654.0
2013-11-03 14:00:00,22107.0
2013-11-03 15:00:00,22195.0
2013-11-03 16:00:00,22932.0
2013-11-03 17:00:00,23598.0
2013-11-03 18:00:00,24203.0
2013-11-03 19:00:00,24402.0
2013-11-03 20:00:00,21808.0
2013-11-03 21:00:00,20241.0
2013-11-03 22:00:00,19766.0
2013-11-03 23:00:00,14856.0
2013-11-04 00:00:00,9131.0
2013-11-04 01:00:00,5256.0
2013-11-04 02:00:00,4945.0
2013-11-04 03:00:00,4551.0
2013-11-04 04:00:00,4351.0
2013-11-04 05:00:00,4320.0
2013-11-04 06:00:00,4337.0
2013-11-04 07:00:00,6591.0
2013-11-04 08:00:00,7611.0
2013-11-04 09:00:00,10840.0
2013-11-04 10:00:00,14569.0
2013-11-04 11:00:00,17483.0
2013-11-04 12:00:00,20125.0
2013-11-04 13:00:00,21037.0
2013-11-04 14:00:00,21157.0
2013-11-04 15:00:00,21150.0
2013-11-04 16:00:00,22202.0
2013-11-04 17:00:00,22245.0
2013-11-04 18:00:00,22121.0
2013-11-04 19:00:00,18110.0
2013-11-04 20:00:00,17818.0
2013-11-04 21:00:00,17648.0
2013-11-04 22:00:00,17216.0
2013-11-04 23:00:00,13733.0
2013-11-05 00:00:00,10155.0
2013-11-05 01:00:00,5337.0
2013-11-05 02:00:00,4960.0
2013-11-05 03:00:00,4654.0
2013-11-05 04:00:00,4485.0
2013-11-05 05:00:00,4425.0
2013-11-05 06:00:00,4415.0
2013-11-05 07:00:00,6502.0
2013-11-05 08:00:00,7359.0
2013-11-05 09:00:00,10548.0
2013-11-05 10:00:00,14597.0
2013-11-05 11:00:00,14895.0
2013-11-05 12:00:00,15828.0
2013-11-05 13:00:00,20488.0
2013-11-05 14:00:00,20509.0
2013-11-05 15:00:00,20332.0
2013-11-05 16:00:00,20944.0
2013-11-05 17:00:00,19434.0
2013-11-05 18:00:00,17037.0
2013-11-05 19:00:00,16948.0
2013-11-05 20:00:00,16890.0
2013-11-05 21:00:00,16624.0
2013-11-05 22:00:00,16285.0
2013-11-05 23:00:00,13469.0
2013-11-06 00:00:00,10068.0
2013-11-06 01:00:00,5041.0
2013-11-06 02:00:00,5239.0
2013-11-06 03:00:00,5106.0
2013-11-06 04:00:00,4961.0
2013-11-06 05:00:00,4956.0
2013-11-06 06:00:00,5041.0
2013-11-06 07:00:00,7168.0
2013-11-06 08:00:00,7604.0
2013-11-06 09:00:00,10387.0
2013-11-06 10:00:00,14496.0
2013-11-06 11:00:00,14864.0
2013-11-06 12:00:00,14996.0
2013-11-06 13:00:00,14946.0
2013-11-06 14:00:00,14968.0
2013-11-06 15:00:00,15009.0
2013-11-06 16:00:00,15938.0
2013-11-06 17:00:00,16206.0
2013-11-06 18:00:00,16683.0
2013-11-06 19:00:00,16534.0
2013-11-06 20:00:00,16530.0
2013-11-06 21:00:00,16388.0
2013-11-06 22:00:00,16056.0
2013-11-06 23:00:00,13264.0
2013-11-07 00:00:00,10049.0
2013-11-07 01:00:00,5283.0
2013-11-07 02:00:00,5114.0
2013-11-07 03:00:00,4935.0
2013-11-07 04:00:00,4765.0
2013-11-07 05:00:00,4661.0
2013-11-07 06:00:00,4874.0
2013-11-07 07:00:00,6677.0
2013-11-07 08:00:00,7166.0
2013-11-07 09:00:00,11250.0
2013-11-07 10:00:00,14908.0
2013-11-07 11:00:00,15802.0
2013-11-07 12:00:00,17438.0
2013-11-07 13:00:00,16509.0
2013-11-07 14:00:00,15567.0
2013-11-07 15:00:00,19588.0
2013-11-07 16:00:00,19103.0
2013-11-07 17:00:00,16497.0
2013-11-07 18:00:00,16726.0
2013-11-07 19:00:00,16799.0
2013-11-07 20:00:00,19620.0
2013-11-07 21:00:00,17958.0
2013-11-07 22:00:00,13519.0
2013-11-07 23:00:00,12334.0
2013-11-08 00:00:00,10245.0
2013-11-08 01:00:00,5079.0
2013-11-08 02:00:00,5306.0
2013-11-08 03:00:00,5232.0
2013-11-08 04:00:00,4922.0
2013-11-08 05:00:00,4879.0
2013-11-08 06:00:00,5031.0
2013-11-08 07:00:00,6746.0
2013-11-08 08:00:00,7937.0
2013-11-08 09:00:00,11055.0
2013-11-08 10:00:00,13557.0
2013-11-08 11:00:00,14494.0
2013-11-08 12:00:00,14572.0
2013-11-08 13:00:00,14990.0
2013-11-08 14:00:00,15368.0
2013-11-08 15:00:00,14936.0
2013-11-08 16:00:00,14927.0
2013-11-08 17:00:00,16713.0
2013-11-08 18:00:00,16894.0
2013-11-08 19:00:00,17178.0
2013-11-08 20:00:00,16662.0
2013-11-08 21:00:00,15478.0
2013-11-08 22:00:00,13603.0
2013-11-08 23:00:00,12425.0
2013-11-09 00:00:00,9932.0
2013-11-09 01:00:00,5806.0
2013-11-09 02:00:00,7161.0
2013-11-09 03:00:00,4414.0
2013-11-09 04:00:00,4180.0
2013-11-09 05:00:00,4084.0
2013-11-09 06:00:00,4179.0
2013-11-09 07:00:00,4244.0
2013-11-09 08:00:00,4454.0
2013-11-09 09:00:00,7451.0
2013-11-09 10:00:00,12310.0
2013-11-09 11:00:00,14703.0
2013-11-09 12:00:00,15187.0
2013-11-09 13:00:00,15090.0
2013-11-09 14:00:00,14629.0
2013-11-09 15:00:00,14736.0
2013-11-09 16:00:00,15205.0
2013-11-09 17:00:00,15828.0
2013-11-09 18:00:00,19281.0
2013-11-09 19:00:00,20093.0
2013-11-09 20:00:00,19631.0
2013-11-09 21:00:00,22706.0
2013-11-09 22:00:00,27907.0
2013-11-09 23:00:00,22433.0
2013-11-10 00:00:00,9298.0
2013-11-10 01:00:00,5532.0
2013-11-10 02:00:00,5266.0
2013-11-10 03:00:00,4909.0
2013-11-10 04:00:00,4727.0
2013-11-10 05:00:00,4583.0
2013-11-10 06:00:00,4421.0
2013-11-10 07:00:00,4782.0
2013-11-10 08:00:00,4666.0
2013-11-10 09:00:00,7945.0
2013-11-10 10:00:00,15854.0
2013-11-10 11:00:00,16662.0
2013-11-10 12:00:00,17572.0
2013-11-10 13:00:00,17693.0
2013-11-10 14:00:00,17740.0
2013-11-10 15:00:00,17869.0
2013-11-10 16:00:00,18982.0
2013-11-10 17:00:00,20140.0
2013-11-10 18:00:00,24118.0
2013-11-10 19:00:00,20965.0
2013-11-10 20:00:00,20525.0
2013-11-10 21:00:00,19173.0
2013-11-10 22:00:00,16440.0
2013-11-10 23:00:00,15219.0
2013-11-11 00:00:00,9513.0
2013-11-11 01:00:00,5634.0
2013-11-11 02:00:00,5412.0
2013-11-11 03:00:00,4895.0
2013-11-11 04:00:00,4781.0
2013-11-11 05:00:00,4790.0
2013-11-11 06:00:00,4812.0
2013-11-11 07:00:00,6418.0
2013-11-11 08:00:00,7807.0
2013-11-11 09:00:00,9558.0
2013-11-11 10:00:00,12172.0
2013-11-11 11:00:00,14611.0
2013-11-11 12:00:00,15409.0
2013-11-11 13:00:00,15826.0
2013-11-11 14:00:00,16154.0
2013-11-11 15:00:00,15939.0
2013-11-11 16:00:00,15529.0
2013-11-11 17:00:00,15854.0
2013-11-11 18:00:00,16623.0
2013-11-11 19:00:00,16642.0
2013-11-11 20:00:00,16679.0
2013-11-11 21:00:00,15693.0
2013-11-11 22:00:00,13677.0
2013-11-11 23:00:00,12254.0
2013-11-12 00:00:00,9687.0
2013-11-12 01:00:00,5048.0
2013-11-12 02:00:00,5048.0
2013-11-12 03:00:00,4751.0
2013-11-12 04:00:00,4594.0
2013-11-12 05:00:00,4503.0
2013-11-12 06:00:00,4353.0
2013-11-12 07:00:00,6316.0
2013-11-12 08:00:00,7109.0
2013-11-12 09:00:00,9580.0
2013-11-12 10:00:00,12100.0
2013-11-12 11:00:00,14489.0
2013-11-12 12:00:00,15589.0
2013-11-12 13:00:00,16151.0
2013-11-12 14:00:00,15405.0
2013-11-12 15:00:00,14853.0
2013-11-12 16:00:00,15444.0
2013-11-12 17:00:00,16281.0
2013-11-12 18:00:00,16681.0
2013-11-12 19:00:00,16600.0
2013-11-12 20:00:00,16431.0
2013-11-12 21:00:00,15392.0
2013-11-12 22:00:00,13096.0
2013-11-12 23:00:00,11657.0
2013-11-13 00:00:00,9523.0
2013-11-13 01:00:00,4897.0
2013-11-13 02:00:00,4670.0
2013-11-13 03:00:00,4293.0
2013-11-13 04:00:00,4175.0
2013-11-13 05:00:00,4201.0
2013-11-13 06:00:00,4225.0
2013-11-13 07:00:00,6180.0
2013-11-13 08:00:00,6694.0
2013-11-13 09:00:00,9432.0
2013-11-13 10:00:00,11814.0
2013-11-13 11:00:00,14212.0
2013-11-13 12:00:00,14953.0
2013-11-13 13:00:00,15158.0
2013-11-13 14:00:00,15629.0
2013-11-13 15:00:00,16343.0
2013-11-13 16:00:00,16152.0
2013-11-13 17:00:00,16106.0
2013-11-13 18:00:00,16842.0
2013-11-13 19:00:00,16870.0
2013-11-13 20:00:00,16844.0
2013-11-13 21:00:00,15917.0
2013-11-13 22:00:00,13551.0
2013-11-13 23:00:00,11846.0
2013-11-14 00:00:00,9750.0
2013-11-14 01:00:00,5363.0
2013-11-14 02:00:00,5189.0
2013-11-14 03:00:00,4901.0
2013-11-14 04:00:00,4795.0
2013-11-14 05:00:00,4732.0
2013-11-14 06:00:00,4758.0
2013-11-14 07:00:00,6475.0
2013-11-14 08:00:00,7209.0
2013-11-14 09:00:00,9533.0
2013-11-14 10:00:00,12258.0
2013-11-14 11:00:00,14260.0
2013-11-14 12:00:00,15016.0
2013-11-14 13:00:00,15257.0
2013-11-14 14:00:00,15886.0
2013-11-14 15:00:00,16363.0
2013-11-14 16:00:00,15937.0
2013-11-14 17:00:00,15572.0
2013-11-14 18:00:00,16584.0
2013-11-14 19:00:00,16560.0
2013-11-14 20:00:00,16569.0
2013-11-14 21:00:00,15557.0
2013-11-14 22:00:00,13309.0
2013-11-14 23:00:00,11769.0
2013-11-15 00:00:00,9531.0
2013-11-15 01:00:00,5051.0
2013-11-15 02:00:00,4942.0
2013-11-15 03:00:00,4643.0
2013-11-15 04:00:00,4528.0
2013-11-15 05:00:00,4593.0
2013-11-15 06:00:00,4591.0
2013-11-15 07:00:00,6358.0
2013-11-15 08:00:00,6868.0
2013-11-15 09:00:00,9164.0
2013-11-15 10:00:00,12285.0
2013-11-15 11:00:00,15041.0
2013-11-15 12:00:00,16025.0
2013-11-15 13:00:00,16223.0
2013-11-15 14:00:00,16683.0
2013-11-15 15:00:00,16524.0
2013-11-15 16:00:00,16402.0
2013-11-15 17:00:00,17889.0
2013-11-15 18:00:00,18534.0
2013-11-15 19:00:00,18382.0
2013-11-15 20:00:00,18045.0
2013-11-15 21:00:00,21030.0
2013-11-15 22:00:00,25776.0
2013-11-15 23:00:00,19876.0
2013-11-16 00:00:00,10150.0
2013-11-16 01:00:00,4907.0
2013-11-16 02:00:00,4402.0
2013-11-16 03:00:00,4182.0
2013-11-16 04:00:00,4051.0
2013-11-16 05:00:00,3948.0
2013-11-16 06:00:00,3953.0
2013-11-16 07:00:00,4345.0
2013-11-16 08:00:00,4578.0
2013-11-16 09:00:00,9408.0
2013-11-16 10:00:00,13362.0
2013-11-16 11:00:00,14569.0
2013-11-16 12:00:00,14838.0
2013-11-16 13:00:00,14895.0
2013-11-16 14:00:00,14995.0
2013-11-16 15:00:00,15601.0
2013-11-16 16:00:00,15634.0
2013-11-16 17:00:00,16175.0
2013-11-16 18:00:00,17187.0
2013-11-16 19:00:00,17191.0
2013-11-16 20:00:00,17076.0
2013-11-16 21:00:00,16210.0
2013-11-16 22:00:00,13617.0
2013-11-16 23:00:00,12210.0
2013-11-17 00:00:00,10833.0
2013-11-17 01:00:00,5203.0
2013-11-17 02:00:00,4349.0
2013-11-17 03:00:00,3986.0
2013-11-17 04:00:00,3882.0
2013-11-17 05:00:00,3848.0
2013-11-17 06:00:00,3830.0
2013-11-17 07:00:00,4306.0
2013-11-17 08:00:00,4486.0
2013-11-17 09:00:00,6800.0
2013-11-17 10:00:00,14233.0
2013-11-17 11:00:00,15800.0
2013-11-17 12:00:00,16880.0
2013-11-17 13:00:00,17020.0
2013-11-17 14:00:00,17082.0
2013-11-17 15:00:00,17217.0
2013-11-17 16:00:00,17845.0
2013-11-17 17:00:00,18527.0
2013-11-17 18:00:00,19196.0
2013-11-17 19:00:00,19182.0
2013-11-17 20:00:00,19043.0
2013-11-17 21:00:00,18278.0
2013-11-17 22:00:00,16031.0
2013-11-17 23:00:00,14736.0
2013-11-18 00:00:00,12428.0
2013-11-18 01:00:00,5255.0
2013-11-18 02:00:00,4995.0
2013-11-18 03:00:00,4642.0
2013-11-18 04:00:00,4525.0
2013-11-18 05:00:00,4407.0
2013-11-18 06:00:00,4407.0
2013-11-18 07:00:00,6149.0
2013-11-18 08:00:00,6514.0
2013-11-18 09:00:00,9076.0
2013-11-18 10:00:00,11748.0
2013-11-18 11:00:00,13825.0
2013-11-18 12:00:00,14374.0
2013-11-18 13:00:00,14594.0
2013-11-18 14:00:00,15043.0
2013-11-18 15:00:00,15956.0
2013-11-18 16:00:00,16221.0
2013-11-18 17:00:00,15614.0
2013-11-18 18:00:00,16331.0
2013-11-18 19:00:00,16325.0
2013-11-18 20:00:00,16287.0
2013-11-18 21:00:00,14879.0
2013-11-18 22:00:00,12620.0
2013-11-18 23:00:00,11586.0
2013-11-19 00:00:00,9504.0
2013-11-19 01:00:00,5203.0
2013-11-19 02:00:00,4882.0
2013-11-19 03:00:00,4565.0
2013-11-19 04:00:00,4539.0
2013-11-19 05:00:00,4431.0
2013-11-19 06:00:00,4471.0
2013-11-19 07:00:00,6278.0
2013-11-19 08:00:00,6912.0
2013-11-19 09:00:00,9582.0
2013-11-19 10:00:00,12520.0
2013-11-19 11:00:00,14454.0
2013-11-19 12:00:00,15266.0
2013-11-19 13:00:00,15383.0
2013-11-19 14:00:00,15278.0
2013-11-19 15:00:00,15595.0
2013-11-19 16:00:00,15434.0
2013-11-19 17:00:00,16135.0
2013-11-19 18:00:00,16637.0
2013-11-19 19:00:00,16560.0
2013-11-19 20:00:00,16460.0
2013-11-19 21:00:00,15270.0
2013-11-19 22:00:00,12993.0
2013-11-19 23:00:00,11804.0
2013-11-20 00:00:00,9510.0
2013-11-20 01:00:00,4689.0
2013-11-20 02:00:00,4247.0
2013-11-20 03:00:00,4452.0
2013-11-20 04:00:00,4510.0
2013-11-20 05:00:00,4388.0
2013-11-20 06:00:00,4371.0
2013-11-20 07:00:00,6124.0
2013-11-20 08:00:00,7072.0
2013-11-20 09:00:00,9749.0
2013-11-20 10:00:00,11720.0
2013-11-20 11:00:00,14479.0
2013-11-20 12:00:00,15174.0
2013-11-20 13:00:00,15296.0
2013-11-20 14:00:00,15970.0
2013-11-20 15:00:00,15513.0
2013-11-20 16:00:00,14902.0
2013-11-20 17:00:00,15558.0
2013-11-20 18:00:00,15617.0
2013-11-20 19:00:00,15811.0
2013-11-20 20:00:00,15787.0
2013-11-20 21:00:00,14648.0
2013-11-20 22:00:00,12700.0
2013-11-20 23:00:00,11658.0
2013-11-21 00:00:00,9385.0
2013-11-21 01:00:00,4924.0
2013-11-21 02:00:00,4572.0
2013-11-21 03:00:00,4295.0
2013-11-21 04:00:00,4388.0
2013-11-21 05:00:00,4291.0
2013-11-21 06:00:00,4233.0
2013-11-21 07:00:00,5906.0
2013-11-21 08:00:00,6684.0
2013-11-21 09:00:00,9037.0
2013-11-21 10:00:00,11533.0
2013-11-21 11:00:00,13632.0
2013-11-21 12:00:00,14388.0
2013-11-21 13:00:00,14389.0
2013-11-21 14:00:00,14467.0
2013-11-21 15:00:00,14743.0
2013-11-21 16:00:00,15217.0
2013-11-21 17:00:00,15526.0
2013-11-21 18:00:00,15730.0
2013-11-21 19:00:00,15724.0
2013-11-21 20:00:00,15686.0
2013-11-21 21:00:00,14790.0
2013-11-21 22:00:00,13048.0
2013-11-21 23:00:00,11983.0
2013-11-22 00:00:00,9630.0
2013-11-22 01:00:00,5228.0
2013-11-22 02:00:00,4904.0
2013-11-22 03:00:00,5066.0
2013-11-22 04:00:00,4667.0
2013-11-22 05:00:00,4463.0
2013-11-22 06:00:00,4584.0
2013-11-22 07:00:00,6349.0
2013-11-22 08:00:00,6803.0
2013-11-22 09:00:00,9139.0
2013-11-22 10:00:00,11956.0
2013-11-22 11:00:00,13972.0
2013-11-22 12:00:00,14904.0
2013-11-22 13:00:00,15452.0
2013-11-22 14:00:00,16106.0
2013-11-22 15:00:00,16531.0
2013-11-22 16:00:00,17132.0
2013-11-22 17:00:00,16978.0
2013-11-22 18:00:00,16728.0
2013-11-22 19:00:00,16758.0
2013-11-22 20:00:00,16762.0
2013-11-22 21:00:00,15716.0
2013-11-22 22:00:00,13741.0
2013-11-22 23:00:00,12742.0
2013-11-23 00:00:00,10159.0
2013-11-23 01:00:00,5246.0
2013-11-23 02:00:00,4973.0
2013-11-23 03:00:00,4576.0
2013-11-23 04:00:00,4455.0
2013-11-23 05:00:00,4405.0
2013-11-23 06:00:00,4425.0
2013-11-23 07:00:00,4935.0
2013-11-23 08:00:00,4682.0
2013-11-23 09:00:00,7554.0
2013-11-23 10:00:00,11759.0
2013-11-23 11:00:00,12987.0
2013-11-23 12:00:00,13950.0
2013-11-23 13:00:00,14267.0
2013-11-23 14:00:00,14557.0
2013-11-23 15:00:00,15109.0
2013-11-23 16:00:00,15242.0
2013-11-23 17:00:00,15776.0
2013-11-23 18:00:00,15689.0
2013-11-23 19:00:00,16085.0
2013-11-23 20:00:00,23171.0
2013-11-23 21:00:00,24737.0
2013-11-23 22:00:00,13856.0
2013-11-23 23:00:00,11324.0
2013-11-24 00:00:00,9217.0
2013-11-24 01:00:00,5242.0
2013-11-24 02:00:00,4952.0
2013-11-24 03:00:00,4630.0
2013-11-24 04:00:00,4485.0
2013-11-24 05:00:00,4420.0
2013-11-24 06:00:00,4454.0
2013-11-24 07:00:00,4780.0
2013-11-24 08:00:00,4676.0
2013-11-24 09:00:00,6938.0
2013-11-24 10:00:00,13325.0
2013-11-24 11:00:00,15575.0
2013-11-24 12:00:00,16620.0
2013-11-24 13:00:00,16718.0
2013-11-24 14:00:00,16659.0
2013-11-24 15:00:00,16650.0
2013-11-24 16:00:00,17028.0
2013-11-24 17:00:00,17862.0
2013-11-24 18:00:00,18306.0
2013-11-24 19:00:00,18234.0
2013-11-24 20:00:00,18149.0
2013-11-24 21:00:00,17256.0
2013-11-24 22:00:00,15615.0
2013-11-24 23:00:00,12955.0
2013-11-25 00:00:00,9078.0
2013-11-25 01:00:00,5319.0
2013-11-25 02:00:00,4942.0
2013-11-25 03:00:00,4408.0
2013-11-25 04:00:00,4223.0
2013-11-25 05:00:00,4637.0
2013-11-25 06:00:00,4641.0
2013-11-25 07:00:00,6143.0
2013-11-25 08:00:00,6448.0
2013-11-25 09:00:00,8930.0
2013-11-25 10:00:00,11679.0
2013-11-25 11:00:00,13393.0
2013-11-25 12:00:00,14343.0
2013-11-25 13:00:00,14310.0
2013-11-25 14:00:00,14256.0
2013-11-25 15:00:00,14311.0
2013-11-25 16:00:00,14270.0
2013-11-25 17:00:00,15070.0
2013-11-25 18:00:00,15628.0
2013-11-25 19:00:00,15579.0
2013-11-25 20:00:00,15580.0
2013-11-25 21:00:00,14947.0
2013-11-25 22:00:00,13034.0
2013-11-25 23:00:00,11902.0
2013-11-26 00:00:00,9441.0
2013-11-26 01:00:00,4903.0
2013-11-26 02:00:00,4447.0
2013-11-26 03:00:00,3819.0
2013-11-26 04:00:00,3439.0
2013-11-26 05:00:00,3498.0
2013-11-26 06:00:00,3796.0
2013-11-26 07:00:00,5713.0
2013-11-26 08:00:00,6544.0
2013-11-26 09:00:00,9341.0
2013-11-26 10:00:00,12006.0
2013-11-26 11:00:00,13392.0
2013-11-26 12:00:00,14231.0
2013-11-26 13:00:00,14415.0
2013-11-26 14:00:00,14578.0
2013-11-26 15:00:00,14955.0
2013-11-26 16:00:00,14744.0
2013-11-26 17:00:00,15520.0
2013-11-26 18:00:00,15557.0
2013-11-26 19:00:00,15682.0
2013-11-26 20:00:00,15541.0
2013-11-26 21:00:00,14826.0
2013-11-26 22:00:00,13116.0
2013-11-26 23:00:00,12214.0
2013-11-27 00:00:00,9631.0
2013-11-27 01:00:00,5134.0
2013-11-27 02:00:00,5030.0
2013-11-27 03:00:00,4648.0
2013-11-27 04:00:00,4594.0
2013-11-27 05:00:00,4624.0
2013-11-27 06:00:00,4628.0
2013-11-27 07:00:00,6043.0
2013-11-27 08:00:00,6401.0
2013-11-27 09:00:00,8919.0
2013-11-27 10:00:00,11437.0
2013-11-27 11:00:00,13538.0
2013-11-27 12:00:00,14119.0
2013-11-27 13:00:00,14238.0
2013-11-27 14:00:00,14199.0
2013-11-27 15:00:00,14275.0
2013-11-27 16:00:00,14360.0
2013-11-27 17:00:00,15292.0
2013-11-27 18:00:00,15748.0
2013-11-27 19:00:00,15718.0
2013-11-27 20:00:00,15718.0
2013-11-27 21:00:00,14911.0
2013-11-27 22:00:00,13231.0
2013-11-27 23:00:00,12463.0
2013-11-28 00:00:00,9892.0
2013-11-28 01:00:00,5611.0
2013-11-28 02:00:00,5294.0
2013-11-28 03:00:00,4924.0
2013-11-28 04:00:00,4803.0
2013-11-28 05:00:00,4740.0
2013-11-28 06:00:00,4558.0
2013-11-28 07:00:00,6171.0
2013-11-28 08:00:00,6928.0
2013-11-28 09:00:00,9314.0
2013-11-28 10:00:00,11917.0
2013-11-28 11:00:00,13501.0
2013-11-28 12:00:00,13804.0
2013-11-28 13:00:00,14157.0
2013-11-28 14:00:00,14273.0
2013-11-28 15:00:00,14016.0
2013-11-28 16:00:00,14253.0
2013-11-28 17:00:00,15252.0
2013-11-28 18:00:00,15310.0
2013-11-28 19:00:00,15182.0
2013-11-28 20:00:00,14968.0
2013-11-28 21:00:00,14127.0
2013-11-28 22:00:00,12373.0
2013-11-28 23:00:00,11291.0
2013-11-29 00:00:00,9366.0
2013-11-29 01:00:00,5403.0
2013-11-29 02:00:00,4980.0
2013-11-29 03:00:00,4789.0
2013-11-29 04:00:00,4639.0
2013-11-29 05:00:00,4457.0
2013-11-29 06:00:00,4826.0
2013-11-29 07:00:00,5216.0
2013-11-29 08:00:00,6644.0
2013-11-29 09:00:00,9371.0
2013-11-29 10:00:00,11823.0
2013-11-29 11:00:00,13152.0
2013-11-29 12:00:00,13304.0
2013-11-29 13:00:00,13573.0
2013-11-29 14:00:00,15313.0
2013-11-29 15:00:00,14524.0
2013-11-29 16:00:00,14513.0
2013-11-29 17:00:00,16606.0
2013-11-29 18:00:00,18384.0
2013-11-29 19:00:00,15581.0
2013-11-29 20:00:00,15646.0
2013-11-29 21:00:00,14949.0
2013-11-29 22:00:00,13115.0
2013-11-29 23:00:00,11987.0
2013-11-30 00:00:00,9941.0
2013-11-30 01:00:00,5291.0
2013-11-30 02:00:00,4980.0
2013-11-30 03:00:00,4685.0
2013-11-30 04:00:00,4500.0
2013-11-30 05:00:00,4523.0
2013-11-30 06:00:00,4482.0
2013-11-30 07:00:00,4876.0
2013-11-30 08:00:00,4764.0
2013-11-30 09:00:00,8911.0
2013-11-30 10:00:00,11492.0
2013-11-30 11:00:00,12982.0
2013-11-30 12:00:00,14186.0
2013-11-30 13:00:00,14911.0
2013-11-30 14:00:00,16675.0
2013-11-30 15:00:00,16782.0
2013-11-30 16:00:00,17097.0
2013-11-30 17:00:00,18065.0
2013-11-30 18:00:00,18460.0
2013-11-30 19:00:00,20267.0
2013-11-30 20:00:00,16235.0
2013-11-30 21:00:00,17442.0
2013-11-30 22:00:00,13137.0
2013-11-30 23:00:00,11931.0
2013-12-01 00:00:00,9100.0
2013-12-01 01:00:00,5239.0
2013-12-01 02:00:00,4912.0
2013-12-01 03:00:00,4608.0
2013-12-01 04:00:00,4437.0
2013-12-01 05:00:00,4376.0
2013-12-01 06:00:00,4508.0
2013-12-01 07:00:00,4766.0
2013-12-01 08:00:00,4666.0
2013-12-01 09:00:00,9665.0
2013-12-01 10:00:00,13654.0
2013-12-01 11:00:00,15510.0
2013-12-01 12:00:00,16404.0
2013-12-01 13:00:00,17124.0
2013-12-01 14:00:00,17140.0
2013-12-01 15:00:00,17329.0
2013-12-01 16:00:00,17673.0
2013-12-01 17:00:00,18964.0
2013-12-01 18:00:00,19230.0
2013-12-01 19:00:00,19126.0
2013-12-01 20:00:00,18841.0
2013-12-01 21:00:00,17395.0
2013-12-01 22:00:00,15937.0
2013-12-01 23:00:00,12806.0
2013-12-02 00:00:00,9159.0
2013-12-02 01:00:00,5479.0
2013-12-02 02:00:00,5162.0
2013-12-02 03:00:00,4787.0
2013-12-02 04:00:00,4567.0
2013-12-02 05:00:00,4581.0
2013-12-02 06:00:00,4589.0
2013-12-02 07:00:00,6223.0
2013-12-02 08:00:00,6405.0
2013-12-02 09:00:00,8550.0
2013-12-02 10:00:00,11445.0
2013-12-02 11:00:00,13213.0
2013-12-02 12:00:00,13713.0
2013-12-02 13:00:00,14037.0
2013-12-02 14:00:00,14379.0
2013-12-02 15:00:00,14127.0
2013-12-02 16:00:00,15087.0
2013-12-02 17:00:00,16182.0
2013-12-02 18:00:00,16319.0
2013-12-02 19:00:00,15959.0
2013-12-02 20:00:00,15659.0
2013-12-02 21:00:00,14337.0
2013-12-02 22:00:00,12410.0
2013-12-02 23:00:00,11387.0
2013-12-03 00:00:00,9019.0
2013-12-03 01:00:00,5242.0
2013-12-03 02:00:00,5011.0
2013-12-03 03:00:00,4646.0
2013-12-03 04:00:00,4421.0
2013-12-03 05:00:00,4484.0
2013-12-03 06:00:00,4353.0
2013-12-03 07:00:00,6300.0
2013-12-03 08:00:00,6732.0
2013-12-03 09:00:00,9227.0
2013-12-03 10:00:00,11785.0
2013-12-03 11:00:00,12741.0
2013-12-03 12:00:00,13391.0
2013-12-03 13:00:00,13667.0
2013-12-03 14:00:00,14809.0
2013-12-03 15:00:00,14717.0
2013-12-03 16:00:00,14606.0
2013-12-03 17:00:00,15566.0
2013-12-03 18:00:00,15745.0
2013-12-03 19:00:00,15760.0
2013-12-03 20:00:00,15627.0
2013-12-03 21:00:00,14625.0
2013-12-03 22:00:00,12524.0
2013-12-03 23:00:00,11776.0
2013-12-04 00:00:00,9367.0
2013-12-04 01:00:00,5387.0
2013-12-04 02:00:00,5218.0
2013-12-04 03:00:00,4874.0
2013-12-04 04:00:00,4712.0
2013-12-04 05:00:00,4667.0
2013-12-04 06:00:00,4679.0
2013-12-04 07:00:00,6517.0
2013-12-04 08:00:00,6939.0
2013-12-04 09:00:00,9257.0
2013-12-04 10:00:00,11476.0
2013-12-04 11:00:00,12942.0
2013-12-04 12:00:00,13832.0
2013-12-04 13:00:00,14191.0
2013-12-04 14:00:00,14439.0
2013-12-04 15:00:00,14581.0
2013-12-04 16:00:00,14386.0
2013-12-04 17:00:00,15538.0
2013-12-04 18:00:00,15841.0
2013-12-04 19:00:00,15991.0
2013-12-04 20:00:00,15776.0
2013-12-04 21:00:00,14910.0
2013-12-04 22:00:00,12929.0
2013-12-04 23:00:00,11898.0
2013-12-05 00:00:00,9376.0
2013-12-05 01:00:00,5505.0
2013-12-05 02:00:00,5371.0
2013-12-05 03:00:00,5033.0
2013-12-05 04:00:00,4925.0
2013-12-05 05:00:00,4837.0
2013-12-05 06:00:00,4888.0
2013-12-05 07:00:00,6185.0
2013-12-05 08:00:00,6285.0
2013-12-05 09:00:00,9125.0
2013-12-05 10:00:00,12075.0
2013-12-05 11:00:00,13763.0
2013-12-05 12:00:00,14074.0
2013-12-05 13:00:00,14914.0
2013-12-05 14:00:00,15577.0
2013-12-05 15:00:00,15630.0
2013-12-05 16:00:00,15590.0
2013-12-05 17:00:00,16798.0
2013-12-05 18:00:00,16789.0
2013-12-05 19:00:00,16905.0
2013-12-05 20:00:00,17070.0
2013-12-05 21:00:00,15292.0
2013-12-05 22:00:00,13538.0
2013-12-05 23:00:00,12426.0
2013-12-06 00:00:00,9748.0
2013-12-06 01:00:00,5991.0
2013-12-06 02:00:00,5738.0
2013-12-06 03:00:00,5364.0
2013-12-06 04:00:00,5211.0
2013-12-06 05:00:00,5191.0
2013-12-06 06:00:00,5113.0
2013-12-06 07:00:00,6619.0
2013-12-06 08:00:00,6921.0
2013-12-06 09:00:00,9232.0
2013-12-06 10:00:00,11561.0
2013-12-06 11:00:00,13443.0
2013-12-06 12:00:00,14743.0
2013-12-06 13:00:00,15114.0
2013-12-06 14:00:00,15078.0
2013-12-06 15:00:00,15204.0
2013-12-06 16:00:00,15253.0
2013-12-06 17:00:00,16338.0
2013-12-06 18:00:00,16602.0
2013-12-06 19:00:00,16706.0
2013-12-06 20:00:00,16438.0
2013-12-06 21:00:00,15866.0
2013-12-06 22:00:00,24369.0
2013-12-06 23:00:00,21638.0
2013-12-07 00:00:00,9915.0
2013-12-07 01:00:00,5304.0
2013-12-07 02:00:00,4994.0
2013-12-07 03:00:00,4703.0
2013-12-07 04:00:00,4535.0
2013-12-07 05:00:00,4440.0
2013-12-07 06:00:00,4395.0
2013-12-07 07:00:00,4753.0
2013-12-07 08:00:00,4554.0
2013-12-07 09:00:00,7653.0
2013-12-07 10:00:00,11383.0
2013-12-07 11:00:00,13153.0
2013-12-07 12:00:00,14203.0
2013-12-07 13:00:00,14214.0
2013-12-07 14:00:00,14474.0
2013-12-07 15:00:00,15249.0
2013-12-07 16:00:00,15422.0
2013-12-07 17:00:00,16984.0
2013-12-07 18:00:00,16742.0
2013-12-07 19:00:00,16782.0
2013-12-07 20:00:00,16758.0
2013-12-07 21:00:00,15925.0
2013-12-07 22:00:00,14214.0
2013-12-07 23:00:00,12835.0
2013-12-08 00:00:00,9921.0
2013-12-08 01:00:00,5222.0
2013-12-08 02:00:00,5121.0
2013-12-08 03:00:00,5391.0
2013-12-08 04:00:00,5121.0
2013-12-08 05:00:00,4811.0
2013-12-08 06:00:00,4927.0
2013-12-08 07:00:00,5327.0
2013-12-08 08:00:00,4854.0
2013-12-08 09:00:00,7568.0
2013-12-08 10:00:00,14663.0
2013-12-08 11:00:00,15994.0
2013-12-08 12:00:00,16443.0
2013-12-08 13:00:00,16780.0
2013-12-08 14:00:00,17010.0
2013-12-08 15:00:00,16929.0
2013-12-08 16:00:00,17052.0
2013-12-08 17:00:00,18558.0
2013-12-08 18:00:00,18750.0
2013-12-08 19:00:00,18745.0
2013-12-08 20:00:00,18443.0
2013-12-08 21:00:00,17314.0
2013-12-08 22:00:00,15308.0
2013-12-08 23:00:00,14047.0
2013-12-09 00:00:00,9211.0
2013-12-09 01:00:00,5538.0
2013-12-09 02:00:00,5278.0
2013-12-09 03:00:00,4807.0
2013-12-09 04:00:00,4691.0
2013-12-09 05:00:00,4620.0
2013-12-09 06:00:00,4832.0
2013-12-09 07:00:00,8065.0
2013-12-09 08:00:00,7745.0
2013-12-09 09:00:00,9048.0
2013-12-09 10:00:00,11264.0
2013-12-09 11:00:00,12918.0
2013-12-09 12:00:00,13518.0
2013-12-09 13:00:00,14387.0
2013-12-09 14:00:00,14735.0
2013-12-09 15:00:00,14321.0
2013-12-09 16:00:00,14430.0
2013-12-09 17:00:00,15875.0
2013-12-09 18:00:00,16151.0
2013-12-09 19:00:00,15733.0
2013-12-09 20:00:00,15554.0
2013-12-09 21:00:00,14585.0
2013-12-09 22:00:00,12700.0
2013-12-09 23:00:00,11642.0
2013-12-10 00:00:00,9371.0
2013-12-10 01:00:00,5308.0
2013-12-10 02:00:00,5178.0
2013-12-10 03:00:00,4851.0
2013-12-10 04:00:00,4643.0
2013-12-10 05:00:00,4601.0
2013-12-10 06:00:00,4598.0
2013-12-10 07:00:00,6077.0
2013-12-10 08:00:00,6089.0
2013-12-10 09:00:00,8827.0
2013-12-10 10:00:00,11546.0
2013-12-10 11:00:00,13048.0
2013-12-10 12:00:00,14187.0
2013-12-10 13:00:00,14860.0
2013-12-10 14:00:00,15463.0
2013-12-10 15:00:00,15439.0
2013-12-10 16:00:00,15497.0
2013-12-10 17:00:00,17203.0
2013-12-10 18:00:00,16961.0
2013-12-10 19:00:00,16754.0
2013-12-10 20:00:00,16978.0
2013-12-10 21:00:00,15912.0
2013-12-10 22:00:00,14077.0
2013-12-10 23:00:00,12552.0
2013-12-11 00:00:00,10090.0
2013-12-11 01:00:00,5233.0
2013-12-11 02:00:00,5275.0
2013-12-11 03:00:00,4981.0
2013-12-11 04:00:00,4800.0
2013-12-11 05:00:00,4789.0
2013-12-11 06:00:00,4767.0
2013-12-11 07:00:00,6300.0
2013-12-11 08:00:00,6291.0
2013-12-11 09:00:00,9121.0
2013-12-11 10:00:00,11511.0
2013-12-11 11:00:00,13034.0
2013-12-11 12:00:00,13960.0
2013-12-11 13:00:00,14766.0
2013-12-11 14:00:00,15282.0
2013-12-11 15:00:00,15174.0
2013-12-11 16:00:00,15831.0
2013-12-11 17:00:00,16917.0
2013-12-11 18:00:00,17101.0
2013-12-11 19:00:00,16968.0
2013-12-11 20:00:00,17085.0
2013-12-11 21:00:00,16039.0
2013-12-11 22:00:00,13822.0
2013-12-11 23:00:00,12439.0
2013-12-12 00:00:00,10084.0
2013-12-12 01:00:00,5337.0
2013-12-12 02:00:00,5193.0
2013-12-12 03:00:00,4889.0
2013-12-12 04:00:00,4724.0
2013-12-12 05:00:00,4735.0
2013-12-12 06:00:00,4701.0
2013-12-12 07:00:00,5781.0
2013-12-12 08:00:00,6699.0
2013-12-12 09:00:00,9056.0
2013-12-12 10:00:00,11626.0
2013-12-12 11:00:00,13650.0
2013-12-12 12:00:00,14717.0
2013-12-12 13:00:00,15745.0
2013-12-12 14:00:00,15707.0
2013-12-12 15:00:00,15886.0
2013-12-12 16:00:00,16263.0
2013-12-12 17:00:00,16901.0
2013-12-12 18:00:00,17129.0
2013-12-12 19:00:00,17000.0
2013-12-12 20:00:00,16495.0
2013-12-12 21:00:00,15393.0
2013-12-12 22:00:00,13322.0
2013-12-12 23:00:00,11877.0
2013-12-13 00:00:00,9646.0
2013-12-13 01:00:00,5530.0
2013-12-13 02:00:00,5387.0
2013-12-13 03:00:00,5018.0
2013-12-13 04:00:00,4904.0
2013-12-13 05:00:00,4917.0
2013-12-13 06:00:00,4871.0
2013-12-13 07:00:00,6388.0
2013-12-13 08:00:00,6807.0
2013-12-13 09:00:00,9098.0
2013-12-13 10:00:00,11477.0
2013-12-13 11:00:00,13905.0
2013-12-13 12:00:00,15110.0
2013-12-13 13:00:00,15772.0
2013-12-13 14:00:00,15809.0
2013-12-13 15:00:00,15931.0
2013-12-13 16:00:00,16614.0
2013-12-13 17:00:00,17563.0
2013-12-13 18:00:00,17365.0
2013-12-13 19:00:00,17457.0
2013-12-13 20:00:00,17355.0
2013-12-13 21:00:00,16213.0
2013-12-13 22:00:00,14214.0
2013-12-13 23:00:00,12608.0
2013-12-14 00:00:00,9913.0
2013-12-14 01:00:00,5224.0
2013-12-14 02:00:00,4923.0
2013-12-14 03:00:00,4592.0
2013-12-14 04:00:00,4405.0
2013-12-14 05:00:00,4358.0
2013-12-14 06:00:00,4305.0
2013-12-14 07:00:00,4732.0
2013-12-14 08:00:00,4585.0
2013-12-14 09:00:00,8270.0
2013-12-14 10:00:00,11900.0
2013-12-14 11:00:00,14403.0
2013-12-14 12:00:00,15084.0
2013-12-14 13:00:00,15550.0
2013-12-14 14:00:00,15534.0
2013-12-14 15:00:00,15403.0
2013-12-14 16:00:00,15892.0
2013-12-14 17:00:00,17587.0
2013-12-14 18:00:00,17449.0
2013-12-14 19:00:00,17846.0
2013-12-14 20:00:00,18216.0
2013-12-14 21:00:00,16647.0
2013-12-14 22:00:00,14091.0
2013-12-14 23:00:00,12600.0
2013-12-15 00:00:00,9909.0
2013-12-15 01:00:00,5417.0
2013-12-15 02:00:00,5033.0
2013-12-15 03:00:00,4677.0
2013-12-15 04:00:00,4553.0
2013-12-15 05:00:00,4466.0
2013-12-15 06:00:00,4491.0
2013-12-15 07:00:00,4880.0
2013-12-15 08:00:00,4720.0
2013-12-15 09:00:00,7059.0
2013-12-15 10:00:00,14831.0
2013-12-15 11:00:00,15918.0
2013-12-15 12:00:00,17183.0
2013-12-15 13:00:00,17331.0
2013-12-15 14:00:00,17424.0
2013-12-15 15:00:00,17328.0
2013-12-15 16:00:00,18321.0
2013-12-15 17:00:00,20009.0
2013-12-15 18:00:00,19361.0
2013-12-15 19:00:00,19374.0
2013-12-15 20:00:00,19485.0
2013-12-15 21:00:00,18092.0
2013-12-15 22:00:00,16073.0
2013-12-15 23:00:00,14853.0
2013-12-16 00:00:00,9522.0
2013-12-16 01:00:00,5370.0
2013-12-16 02:00:00,5132.0
2013-12-16 03:00:00,4842.0
2013-12-16 04:00:00,4658.0
2013-12-16 05:00:00,4698.0
2013-12-16 06:00:00,4723.0
2013-12-16 07:00:00,6510.0
2013-12-16 08:00:00,6795.0
2013-12-16 09:00:00,9184.0
2013-12-16 10:00:00,11485.0
2013-12-16 11:00:00,13436.0
2013-12-16 12:00:00,14618.0
2013-12-16 13:00:00,15478.0
2013-12-16 14:00:00,16004.0
2013-12-16 15:00:00,16731.0
2013-12-16 16:00:00,17263.0
2013-12-16 17:00:00,17957.0
2013-12-16 18:00:00,17712.0
2013-12-16 19:00:00,17722.0
2013-12-16 20:00:00,17596.0
2013-12-16 21:00:00,16018.0
2013-12-16 22:00:00,13853.0
2013-12-16 23:00:00,12978.0
2013-12-17 00:00:00,10306.0
2013-12-17 01:00:00,5485.0
2013-12-17 02:00:00,5213.0
2013-12-17 03:00:00,4889.0
2013-12-17 04:00:00,4681.0
2013-12-17 05:00:00,4701.0
2013-12-17 06:00:00,4623.0
2013-12-17 07:00:00,6283.0
2013-12-17 08:00:00,6698.0
2013-12-17 09:00:00,9322.0
2013-12-17 10:00:00,11598.0
2013-12-17 11:00:00,14096.0
2013-12-17 12:00:00,15622.0
2013-12-17 13:00:00,17033.0
2013-12-17 14:00:00,17015.0
2013-12-17 15:00:00,17165.0
2013-12-17 16:00:00,17505.0
2013-12-17 17:00:00,17749.0
2013-12-17 18:00:00,17687.0
2013-12-17 19:00:00,17512.0
2013-12-17 20:00:00,17265.0
2013-12-17 21:00:00,16235.0
2013-12-17 22:00:00,14034.0
2013-12-17 23:00:00,12877.0
2013-12-18 00:00:00,10349.0
2013-12-18 01:00:00,5415.0
2013-12-18 02:00:00,5316.0
2013-12-18 03:00:00,4852.0
2013-12-18 04:00:00,4663.0
2013-12-18 05:00:00,4628.0
2013-12-18 06:00:00,4698.0
2013-12-18 07:00:00,5964.0
2013-12-18 08:00:00,6667.0
2013-12-18 09:00:00,9126.0
2013-12-18 10:00:00,11839.0
2013-12-18 11:00:00,14190.0
2013-12-18 12:00:00,15717.0
2013-12-18 13:00:00,15703.0
2013-12-18 14:00:00,16350.0
2013-12-18 15:00:00,16768.0
2013-12-18 16:00:00,16677.0
2013-12-18 17:00:00,17662.0
2013-12-18 18:00:00,17603.0
2013-12-18 19:00:00,17822.0
2013-12-18 20:00:00,17900.0
2013-12-18 21:00:00,16265.0
2013-12-18 22:00:00,13998.0
2013-12-18 23:00:00,12865.0
2013-12-19 00:00:00,10121.0
2013-12-19 01:00:00,5641.0
2013-12-19 02:00:00,5267.0
2013-12-19 03:00:00,4952.0
2013-12-19 04:00:00,4756.0
2013-12-19 05:00:00,4726.0
2013-12-19 06:00:00,4771.0
2013-12-19 07:00:00,6088.0
2013-12-19 08:00:00,6890.0
2013-12-19 09:00:00,9225.0
2013-12-19 10:00:00,11804.0
2013-12-19 11:00:00,15111.0
2013-12-19 12:00:00,16473.0
2013-12-19 13:00:00,16403.0
2013-12-19 14:00:00,16179.0
2013-12-19 15:00:00,16121.0
2013-12-19 16:00:00,16394.0
2013-12-19 17:00:00,16327.0
2013-12-19 18:00:00,17616.0
2013-12-19 19:00:00,17643.0
2013-12-19 20:00:00,17786.0
2013-12-19 21:00:00,16324.0
2013-12-19 22:00:00,13977.0
2013-12-19 23:00:00,13281.0
2013-12-20 00:00:00,10570.0
2013-12-20 01:00:00,5972.0
2013-12-20 02:00:00,5701.0
2013-12-20 03:00:00,5188.0
2013-12-20 04:00:00,4777.0
2013-12-20 05:00:00,4662.0
2013-12-20 06:00:00,4704.0
2013-12-20 07:00:00,6132.0
2013-12-20 08:00:00,6884.0
2013-12-20 09:00:00,9584.0
2013-12-20 10:00:00,11599.0
2013-12-20 11:00:00,13530.0
2013-12-20 12:00:00,14738.0
2013-12-20 13:00:00,15409.0
2013-12-20 14:00:00,15129.0
2013-12-20 15:00:00,15364.0
2013-12-20 16:00:00,16180.0
2013-12-20 17:00:00,16726.0
2013-12-20 18:00:00,16448.0
2013-12-20 19:00:00,16722.0
2013-12-20 20:00:00,16722.0
2013-12-20 21:00:00,15950.0
2013-12-20 22:00:00,14006.0
2013-12-20 23:00:00,12980.0
2013-12-21 00:00:00,10048.0
2013-12-21 01:00:00,5877.0
2013-12-21 02:00:00,5511.0
2013-12-21 03:00:00,5128.0
2013-12-21 04:00:00,4986.0
2013-12-21 05:00:00,4728.0
2013-12-21 06:00:00,4703.0
2013-12-21 07:00:00,4895.0
2013-12-21 08:00:00,4907.0
2013-12-21 09:00:00,7101.0
2013-12-21 10:00:00,10875.0
2013-12-21 11:00:00,13738.0
2013-12-21 12:00:00,14848.0
2013-12-21 13:00:00,15202.0
2013-12-21 14:00:00,15152.0
2013-12-21 15:00:00,15254.0
2013-12-21 16:00:00,16322.0
2013-12-21 17:00:00,17058.0
2013-12-21 18:00:00,17032.0
2013-12-21 19:00:00,17020.0
2013-12-21 20:00:00,16914.0
2013-12-21 21:00:00,15596.0
2013-12-21 22:00:00,13369.0
2013-12-21 23:00:00,12244.0
2013-12-22 00:00:00,9206.0
2013-12-22 01:00:00,5439.0
2013-12-22 02:00:00,5184.0
2013-12-22 03:00:00,4798.0
2013-12-22 04:00:00,4577.0
2013-12-22 05:00:00,4411.0
2013-12-22 06:00:00,4345.0
2013-12-22 07:00:00,4714.0
2013-12-22 08:00:00,4748.0
2013-12-22 09:00:00,6982.0
2013-12-22 10:00:00,10757.0
2013-12-22 11:00:00,16749.0
2013-12-22 12:00:00,17177.0
2013-12-22 13:00:00,16924.0
2013-12-22 14:00:00,16983.0
2013-12-22 15:00:00,17373.0
2013-12-22 16:00:00,18743.0
2013-12-22 17:00:00,18898.0
2013-12-22 18:00:00,19141.0
2013-12-22 19:00:00,18750.0
2013-12-22 20:00:00,18675.0
2013-12-22 21:00:00,17684.0
2013-12-22 22:00:00,15590.0
2013-12-22 23:00:00,13712.0
2013-12-23 00:00:00,9315.0
2013-12-23 01:00:00,5106.0
2013-12-23 02:00:00,4883.0
2013-12-23 03:00:00,4603.0
2013-12-23 04:00:00,4387.0
2013-12-23 05:00:00,4285.0
2013-12-23 06:00:00,4341.0
2013-12-23 07:00:00,6169.0
2013-12-23 08:00:00,6918.0
2013-12-23 09:00:00,9188.0
2013-12-23 10:00:00,12238.0
2013-12-23 11:00:00,14566.0
2013-12-23 12:00:00,15253.0
2013-12-23 13:00:00,15872.0
2013-12-23 14:00:00,16366.0
2013-12-23 15:00:00,16062.0
2013-12-23 16:00:00,16925.0
2013-12-23 17:00:00,17311.0
2013-12-23 18:00:00,17125.0
2013-12-23 19:00:00,17311.0
2013-12-23 20:00:00,17154.0
2013-12-23 21:00:00,16174.0
2013-12-23 22:00:00,13862.0
2013-12-23 23:00:00,12597.0
2013-12-24 00:00:00,10173.0
2013-12-24 01:00:00,5222.0
2013-12-24 02:00:00,4943.0
2013-12-24 03:00:00,4600.0
2013-12-24 04:00:00,4353.0
2013-12-24 05:00:00,4336.0
2013-12-24 06:00:00,4284.0
2013-12-24 07:00:00,6058.0
2013-12-24 08:00:00,6964.0
2013-12-24 09:00:00,9943.0
2013-12-24 10:00:00,12572.0
2013-12-24 11:00:00,15438.0
2013-12-24 12:00:00,16765.0
2013-12-24 13:00:00,16819.0
2013-12-24 14:00:00,16724.0
2013-12-24 15:00:00,16597.0
2013-12-24 16:00:00,16660.0
2013-12-24 17:00:00,16796.0
2013-12-24 18:00:00,16275.0
2013-12-24 19:00:00,10784.0
2013-12-24 20:00:00,8120.0
2013-12-24 21:00:00,7318.0
2013-12-24 22:00:00,6963.0
2013-12-24 23:00:00,6813.0
2013-12-25 00:00:00,6261.0
2013-12-25 01:00:00,4087.0
2013-12-25 02:00:00,3948.0
2013-12-25 03:00:00,3902.0
2013-12-25 04:00:00,3848.0
2013-12-25 05:00:00,3867.0
2013-12-25 06:00:00,3818.0
2013-12-25 07:00:00,3861.0
2013-12-25 08:00:00,3953.0
2013-12-25 09:00:00,4707.0
2013-12-25 10:00:00,5011.0
2013-12-25 11:00:00,5126.0
2013-12-25 12:00:00,5463.0
2013-12-25 13:00:00,5501.0
2013-12-25 14:00:00,5549.0
2013-12-25 15:00:00,5452.0
2013-12-25 16:00:00,6598.0
2013-12-25 17:00:00,7053.0
2013-12-25 18:00:00,7068.0
2013-12-25 19:00:00,7057.0
2013-12-25 20:00:00,7059.0
2013-12-25 21:00:00,7053.0
2013-12-25 22:00:00,6992.0
2013-12-25 23:00:00,6933.0
2013-12-26 00:00:00,6397.0
2013-12-26 01:00:00,4302.0
2013-12-26 02:00:00,4125.0
2013-12-26 03:00:00,4160.0
2013-12-26 04:00:00,4105.0
2013-12-26 05:00:00,4071.0
2013-12-26 06:00:00,4123.0
2013-12-26 07:00:00,5963.0
2013-12-26 08:00:00,6813.0
2013-12-26 09:00:00,8910.0
2013-12-26 10:00:00,11094.0
2013-12-26 11:00:00,12772.0
2013-12-26 12:00:00,13362.0
2013-12-26 13:00:00,14710.0
2013-12-26 14:00:00,14895.0
2013-12-26 15:00:00,14918.0
2013-12-26 16:00:00,16291.0
2013-12-26 17:00:00,17172.0
2013-12-26 18:00:00,17035.0
2013-12-26 19:00:00,17067.0
2013-12-26 20:00:00,16853.0
2013-12-26 21:00:00,15743.0
2013-12-26 22:00:00,13410.0
2013-12-26 23:00:00,12395.0
2013-12-27 00:00:00,10290.0
2013-12-27 01:00:00,5303.0
2013-12-27 02:00:00,5100.0
2013-12-27 03:00:00,4764.0
2013-12-27 04:00:00,4537.0
2013-12-27 05:00:00,4485.0
2013-12-27 06:00:00,4504.0
2013-12-27 07:00:00,6394.0
2013-12-27 08:00:00,7082.0
2013-12-27 09:00:00,9945.0
2013-12-27 10:00:00,12122.0
2013-12-27 11:00:00,14109.0
2013-12-27 12:00:00,14840.0
2013-12-27 13:00:00,15075.0
2013-12-27 14:00:00,14864.0
2013-12-27 15:00:00,15196.0
2013-12-27 16:00:00,16538.0
2013-12-27 17:00:00,16750.0
2013-12-27 18:00:00,16641.0
2013-12-27 19:00:00,16547.0
2013-12-27 20:00:00,16560.0
2013-12-27 21:00:00,15647.0
2013-12-27 22:00:00,13735.0
2013-12-27 23:00:00,12434.0
2013-12-28 00:00:00,10261.0
2013-12-28 01:00:00,4971.0
2013-12-28 02:00:00,4811.0
2013-12-28 03:00:00,4402.0
2013-12-28 04:00:00,4211.0
2013-12-28 05:00:00,4101.0
2013-12-28 06:00:00,4109.0
2013-12-28 07:00:00,4258.0
2013-12-28 08:00:00,4544.0
2013-12-28 09:00:00,7706.0
2013-12-28 10:00:00,11724.0
2013-12-28 11:00:00,13610.0
2013-12-28 12:00:00,14890.0
2013-12-28 13:00:00,14932.0
2013-12-28 14:00:00,14715.0
2013-12-28 15:00:00,15033.0
2013-12-28 16:00:00,16105.0
2013-12-28 17:00:00,16743.0
2013-12-28 18:00:00,16798.0
2013-12-28 19:00:00,16910.0
2013-12-28 20:00:00,16576.0
2013-12-28 21:00:00,15649.0
2013-12-28 22:00:00,13381.0
2013-12-28 23:00:00,11945.0
2013-12-29 00:00:00,9093.0
2013-12-29 01:00:00,4992.0
2013-12-29 02:00:00,4883.0
2013-12-29 03:00:00,4683.0
2013-12-29 04:00:00,4454.0
2013-12-29 05:00:00,4475.0
2013-12-29 06:00:00,4533.0
2013-12-29 07:00:00,4883.0
2013-12-29 08:00:00,4987.0
2013-12-29 09:00:00,11544.0
2013-12-29 10:00:00,13041.0
2013-12-29 11:00:00,14544.0
2013-12-29 12:00:00,15543.0
2013-12-29 13:00:00,16228.0
2013-12-29 14:00:00,16144.0
2013-12-29 15:00:00,16978.0
2013-12-29 16:00:00,18429.0
2013-12-29 17:00:00,18865.0
2013-12-29 18:00:00,18778.0
2013-12-29 19:00:00,18680.0
2013-12-29 20:00:00,18217.0
2013-12-29 21:00:00,17127.0
2013-12-29 22:00:00,14959.0
2013-12-29 23:00:00,12493.0
2013-12-30 00:00:00,9079.0
2013-12-30 01:00:00,5188.0
2013-12-30 02:00:00,4919.0
2013-12-30 03:00:00,4534.0
2013-12-30 04:00:00,4390.0
2013-12-30 05:00:00,4438.0
2013-12-30 06:00:00,4414.0
2013-12-30 07:00:00,5949.0
2013-12-30 08:00:00,6378.0
2013-12-30 09:00:00,8942.0
2013-12-30 10:00:00,11033.0
2013-12-30 11:00:00,12883.0
2013-12-30 12:00:00,14241.0
2013-12-30 13:00:00,14575.0
2013-12-30 14:00:00,15069.0
2013-12-30 15:00:00,16503.0
2013-12-30 16:00:00,16019.0
2013-12-30 17:00:00,16866.0
2013-12-30 18:00:00,16908.0
2013-12-30 19:00:00,16711.0
2013-12-30 20:00:00,16470.0
2013-12-30 21:00:00,15011.0
2013-12-30 22:00:00,13101.0
2013-12-30 23:00:00,12262.0
2013-12-31 00:00:00,9933.0
2013-12-31 01:00:00,5157.0
2013-12-31 02:00:00,5076.0
2013-12-31 03:00:00,4769.0
2013-12-31 04:00:00,4651.0
2013-12-31 05:00:00,4660.0
2013-12-31 06:00:00,4540.0
2013-12-31 07:00:00,6460.0
2013-12-31 08:00:00,7011.0
2013-12-31 09:00:00,9409.0
2013-12-31 10:00:00,11705.0
2013-12-31 11:00:00,13781.0
2013-12-31 12:00:00,14906.0
2013-12-31 13:00:00,15561.0
2013-12-31 14:00:00,15349.0
2013-12-31 15:00:00,14840.0
2013-12-31 16:00:00,16042.0
2013-12-31 17:00:00,16465.0
2013-12-31 18:00:00,15821.0
2013-12-31 19:00:00,11756.0
2013-12-31 20:00:00,8399.0
2013-12-31 21:00:00,7658.0
2013-12-31 22:00:00,7399.0
2013-12-31 23:00:00,7262.0
2014-01-01 00:00:00,6568.0
2014-01-01 01:00:00,4243.0
2014-01-01 02:00:00,4031.0
2014-01-01 03:00:00,4003.0
2014-01-01 04:00:00,3975.0
2014-01-01 05:00:00,3972.0
2014-01-01 06:00:00,3912.0
2014-01-01 07:00:00,3978.0
2014-01-01 08:00:00,3948.0
2014-01-01 09:00:00,4654.0
2014-01-01 10:00:00,4914.0
2014-01-01 11:00:00,4899.0
2014-01-01 12:00:00,5067.0
2014-01-01 13:00:00,5020.0
2014-01-01 14:00:00,5011.0
2014-01-01 15:00:00,4996.0
2014-01-01 16:00:00,5540.0
2014-01-01 17:00:00,6155.0
2014-01-01 18:00:00,6133.0
2014-01-01 19:00:00,6129.0
2014-01-01 20:00:00,6149.0
2014-01-01 21:00:00,6221.0
2014-01-01 22:00:00,6105.0
2014-01-01 23:00:00,6096.0
2014-01-02 00:00:00,5717.0
2014-01-02 01:00:00,5086.0
2014-01-02 02:00:00,4990.0
2014-01-02 03:00:00,4963.0
2014-01-02 04:00:00,4955.0
2014-01-02 05:00:00,4938.0
2014-01-02 06:00:00,4893.0
2014-01-02 07:00:00,6677.0
2014-01-02 08:00:00,6887.0
2014-01-02 09:00:00,9354.0
2014-01-02 10:00:00,12211.0
2014-01-02 11:00:00,13794.0
2014-01-02 12:00:00,14520.0
2014-01-02 13:00:00,15219.0
2014-01-02 14:00:00,15413.0
2014-01-02 15:00:00,15670.0
2014-01-02 16:00:00,16940.0
2014-01-02 17:00:00,17181.0
2014-01-02 18:00:00,16976.0
2014-01-02 19:00:00,16773.0
2014-01-02 20:00:00,16736.0
2014-01-02 21:00:00,15573.0
2014-01-02 22:00:00,13677.0
2014-01-02 23:00:00,12412.0
2014-01-03 00:00:00,10109.0
2014-01-03 01:00:00,5347.0
2014-01-03 02:00:00,5289.0
2014-01-03 03:00:00,5040.0
2014-01-03 04:00:00,4867.0
2014-01-03 05:00:00,4861.0
2014-01-03 06:00:00,4836.0
2014-01-03 07:00:00,6835.0
2014-01-03 08:00:00,6900.0
2014-01-03 09:00:00,8973.0
2014-01-03 10:00:00,11331.0
2014-01-03 11:00:00,13675.0
2014-01-03 12:00:00,14521.0
2014-01-03 13:00:00,15569.0
2014-01-03 14:00:00,15104.0
2014-01-03 15:00:00,15229.0
2014-01-03 16:00:00,16087.0
2014-01-03 17:00:00,16653.0
2014-01-03 18:00:00,16521.0
2014-01-03 19:00:00,16279.0
2014-01-03 20:00:00,15804.0
2014-01-03 21:00:00,14739.0
2014-01-03 22:00:00,13094.0
2014-01-03 23:00:00,12316.0
2014-01-04 00:00:00,10188.0
2014-01-04 01:00:00,4885.0
2014-01-04 02:00:00,4620.0
2014-01-04 03:00:00,4283.0
2014-01-04 04:00:00,4141.0
2014-01-04 05:00:00,4111.0
2014-01-04 06:00:00,4132.0
2014-01-04 07:00:00,4514.0
2014-01-04 08:00:00,4572.0
2014-01-04 09:00:00,7583.0
2014-01-04 10:00:00,11068.0
2014-01-04 11:00:00,13411.0
2014-01-04 12:00:00,14019.0
2014-01-04 13:00:00,14195.0
2014-01-04 14:00:00,14425.0
2014-01-04 15:00:00,14522.0
2014-01-04 16:00:00,15798.0
2014-01-04 17:00:00,16375.0
2014-01-04 18:00:00,16260.0
2014-01-04 19:00:00,16192.0
2014-01-04 20:00:00,16071.0
2014-01-04 21:00:00,15184.0
2014-01-04 22:00:00,19567.0
2014-01-04 23:00:00,19669.0
2014-01-05 00:00:00,9024.0
2014-01-05 01:00:00,4719.0
2014-01-05 02:00:00,4609.0
2014-01-05 03:00:00,4322.0
2014-01-05 04:00:00,4127.0
2014-01-05 05:00:00,4152.0
2014-01-05 06:00:00,4151.0
2014-01-05 07:00:00,4505.0
2014-01-05 08:00:00,4556.0
2014-01-05 09:00:00,8904.0
2014-01-05 10:00:00,14324.0
2014-01-05 11:00:00,15342.0
2014-01-05 12:00:00,16072.0
2014-01-05 13:00:00,16282.0
2014-01-05 14:00:00,16403.0
2014-01-05 15:00:00,16631.0
2014-01-05 16:00:00,18547.0
2014-01-05 17:00:00,19054.0
2014-01-05 18:00:00,18645.0
2014-01-05 19:00:00,18502.0
2014-01-05 20:00:00,18342.0
2014-01-05 21:00:00,17397.0
2014-01-05 22:00:00,15486.0
2014-01-05 23:00:00,12612.0
2014-01-06 00:00:00,8704.0
2014-01-06 01:00:00,4995.0
2014-01-06 02:00:00,5143.0
2014-01-06 03:00:00,4898.0
2014-01-06 04:00:00,4749.0
2014-01-06 05:00:00,4680.0
2014-01-06 06:00:00,4648.0
2014-01-06 07:00:00,6349.0
2014-01-06 08:00:00,7012.0
2014-01-06 09:00:00,9572.0
2014-01-06 10:00:00,11785.0
2014-01-06 11:00:00,14192.0
2014-01-06 12:00:00,15306.0
2014-01-06 13:00:00,15358.0
2014-01-06 14:00:00,15324.0
2014-01-06 15:00:00,15152.0
2014-01-06 16:00:00,16042.0
2014-01-06 17:00:00,16293.0
2014-01-06 18:00:00,16281.0
2014-01-06 19:00:00,16266.0
2014-01-06 20:00:00,16087.0
2014-01-06 21:00:00,15078.0
2014-01-06 22:00:00,13344.0
2014-01-06 23:00:00,12427.0
2014-01-07 00:00:00,9484.0
2014-01-07 01:00:00,5220.0
2014-01-07 02:00:00,4980.0
2014-01-07 03:00:00,4685.0
2014-01-07 04:00:00,4509.0
2014-01-07 05:00:00,4427.0
2014-01-07 06:00:00,4495.0
2014-01-07 07:00:00,6368.0
2014-01-07 08:00:00,6802.0
2014-01-07 09:00:00,9107.0
2014-01-07 10:00:00,11985.0
2014-01-07 11:00:00,14332.0
2014-01-07 12:00:00,14919.0
2014-01-07 13:00:00,14970.0
2014-01-07 14:00:00,14997.0
2014-01-07 15:00:00,14931.0
2014-01-07 16:00:00,15709.0
2014-01-07 17:00:00,16082.0
2014-01-07 18:00:00,15617.0
2014-01-07 19:00:00,13162.0
2014-01-07 20:00:00,13064.0
2014-01-07 21:00:00,13031.0
2014-01-07 22:00:00,12592.0
2014-01-07 23:00:00,12330.0
2014-01-08 00:00:00,9513.0
2014-01-08 01:00:00,5048.0
2014-01-08 02:00:00,4861.0
2014-01-08 03:00:00,4375.0
2014-01-08 04:00:00,4204.0
2014-01-08 05:00:00,4315.0
2014-01-08 06:00:00,4385.0
2014-01-08 07:00:00,6480.0
2014-01-08 08:00:00,7166.0
2014-01-08 09:00:00,9475.0
2014-01-08 10:00:00,10471.0
2014-01-08 11:00:00,12525.0
2014-01-08 12:00:00,14879.0
2014-01-08 13:00:00,14936.0
2014-01-08 14:00:00,14946.0
2014-01-08 15:00:00,14982.0
2014-01-08 16:00:00,15849.0
2014-01-08 17:00:00,16259.0
2014-01-08 18:00:00,16092.0
2014-01-08 19:00:00,16032.0
2014-01-08 20:00:00,16066.0
2014-01-08 21:00:00,15162.0
2014-01-08 22:00:00,13100.0
2014-01-08 23:00:00,11780.0
2014-01-09 00:00:00,9258.0
2014-01-09 01:00:00,4941.0
2014-01-09 02:00:00,5014.0
2014-01-09 03:00:00,4706.0
2014-01-09 04:00:00,4525.0
2014-01-09 05:00:00,4494.0
2014-01-09 06:00:00,4543.0
2014-01-09 07:00:00,6217.0
2014-01-09 08:00:00,6510.0
2014-01-09 09:00:00,8882.0
2014-01-09 10:00:00,11405.0
2014-01-09 11:00:00,13927.0
2014-01-09 12:00:00,14543.0
2014-01-09 13:00:00,14690.0
2014-01-09 14:00:00,14640.0
2014-01-09 15:00:00,14720.0
2014-01-09 16:00:00,15787.0
2014-01-09 17:00:00,15886.0
2014-01-09 18:00:00,15997.0
2014-01-09 19:00:00,16015.0
2014-01-09 20:00:00,15712.0
2014-01-09 21:00:00,14490.0
2014-01-09 22:00:00,12260.0
2014-01-09 23:00:00,11258.0
2014-01-10 00:00:00,9348.0
2014-01-10 01:00:00,5127.0
2014-01-10 02:00:00,4995.0
2014-01-10 03:00:00,4654.0
2014-01-10 04:00:00,4434.0
2014-01-10 05:00:00,5029.0
2014-01-10 06:00:00,4661.0
2014-01-10 07:00:00,6331.0
2014-01-10 08:00:00,7945.0
2014-01-10 09:00:00,10433.0
2014-01-10 10:00:00,11692.0
2014-01-10 11:00:00,13114.0
2014-01-10 12:00:00,13960.0
2014-01-10 13:00:00,13962.0
2014-01-10 14:00:00,13965.0
2014-01-10 15:00:00,14511.0
2014-01-10 16:00:00,15405.0
2014-01-10 17:00:00,16220.0
2014-01-10 18:00:00,16170.0
2014-01-10 19:00:00,16138.0
2014-01-10 20:00:00,15846.0
2014-01-10 21:00:00,14595.0
2014-01-10 22:00:00,12919.0
2014-01-10 23:00:00,11831.0
2014-01-11 00:00:00,9221.0
2014-01-11 01:00:00,4806.0
2014-01-11 02:00:00,4623.0
2014-01-11 03:00:00,4302.0
2014-01-11 04:00:00,4135.0
2014-01-11 05:00:00,4117.0
2014-01-11 06:00:00,4147.0
2014-01-11 07:00:00,4416.0
2014-01-11 08:00:00,4411.0
2014-01-11 09:00:00,7700.0
2014-01-11 10:00:00,12092.0
2014-01-11 11:00:00,13405.0
2014-01-11 12:00:00,14050.0
2014-01-11 13:00:00,14075.0
2014-01-11 14:00:00,14067.0
2014-01-11 15:00:00,14127.0
2014-01-11 16:00:00,15452.0
2014-01-11 17:00:00,16471.0
2014-01-11 18:00:00,16537.0
2014-01-11 19:00:00,16620.0
2014-01-11 20:00:00,16682.0
2014-01-11 21:00:00,15580.0
2014-01-11 22:00:00,13597.0
2014-01-11 23:00:00,11859.0
2014-01-12 00:00:00,9289.0
2014-01-12 01:00:00,4778.0
2014-01-12 02:00:00,4600.0
2014-01-12 03:00:00,4172.0
2014-01-12 04:00:00,3999.0
2014-01-12 05:00:00,3956.0
2014-01-12 06:00:00,3921.0
2014-01-12 07:00:00,4364.0
2014-01-12 08:00:00,4452.0
2014-01-12 09:00:00,7799.0
2014-01-12 10:00:00,12451.0
2014-01-12 11:00:00,13238.0
2014-01-12 12:00:00,17853.0
2014-01-12 13:00:00,17210.0
2014-01-12 14:00:00,18059.0
2014-01-12 15:00:00,18273.0
2014-01-12 16:00:00,18175.0
2014-01-12 17:00:00,18498.0
2014-01-12 18:00:00,27572.0
2014-01-12 19:00:00,27867.0
2014-01-12 20:00:00,23191.0
2014-01-12 21:00:00,17096.0
2014-01-12 22:00:00,15467.0
2014-01-12 23:00:00,14299.0
2014-01-13 00:00:00,9100.0
2014-01-13 01:00:00,4968.0
2014-01-13 02:00:00,4864.0
2014-01-13 03:00:00,4440.0
2014-01-13 04:00:00,4228.0
2014-01-13 05:00:00,4162.0
2014-01-13 06:00:00,4154.0
2014-01-13 07:00:00,5552.0
2014-01-13 08:00:00,6326.0
2014-01-13 09:00:00,8854.0
2014-01-13 10:00:00,11023.0
2014-01-13 11:00:00,13143.0
2014-01-13 12:00:00,13833.0
2014-01-13 13:00:00,13937.0
2014-01-13 14:00:00,13817.0
2014-01-13 15:00:00,13802.0
2014-01-13 16:00:00,15121.0
2014-01-13 17:00:00,15634.0
2014-01-13 18:00:00,15483.0
2014-01-13 19:00:00,15603.0
2014-01-13 20:00:00,15323.0
2014-01-13 21:00:00,14341.0
2014-01-13 22:00:00,12550.0
2014-01-13 23:00:00,11498.0
2014-01-14 00:00:00,9233.0
2014-01-14 01:00:00,4702.0
2014-01-14 02:00:00,4573.0
2014-01-14 03:00:00,4302.0
2014-01-14 04:00:00,4076.0
2014-01-14 05:00:00,4101.0
2014-01-14 06:00:00,4132.0
2014-01-14 07:00:00,5698.0
2014-01-14 08:00:00,6366.0
2014-01-14 09:00:00,8913.0
2014-01-14 10:00:00,11242.0
2014-01-14 11:00:00,12848.0
2014-01-14 12:00:00,13987.0
2014-01-14 13:00:00,14139.0
2014-01-14 14:00:00,14137.0
2014-01-14 15:00:00,14753.0
2014-01-14 16:00:00,15758.0
2014-01-14 17:00:00,15917.0
2014-01-14 18:00:00,15462.0
2014-01-14 19:00:00,15544.0
2014-01-14 20:00:00,15210.0
2014-01-14 21:00:00,14025.0
2014-01-14 22:00:00,12440.0
2014-01-14 23:00:00,11336.0
2014-01-15 00:00:00,9211.0
2014-01-15 01:00:00,4826.0
2014-01-15 02:00:00,4774.0
2014-01-15 03:00:00,4424.0
2014-01-15 04:00:00,4290.0
2014-01-15 05:00:00,4165.0
2014-01-15 06:00:00,4102.0
2014-01-15 07:00:00,5766.0
2014-01-15 08:00:00,6496.0
2014-01-15 09:00:00,8850.0
2014-01-15 10:00:00,11301.0
2014-01-15 11:00:00,13299.0
2014-01-15 12:00:00,14224.0
2014-01-15 13:00:00,14845.0
2014-01-15 14:00:00,14741.0
2014-01-15 15:00:00,14740.0
2014-01-15 16:00:00,15821.0
2014-01-15 17:00:00,15822.0
2014-01-15 18:00:00,15579.0
2014-01-15 19:00:00,15538.0
2014-01-15 20:00:00,15263.0
2014-01-15 21:00:00,14291.0
2014-01-15 22:00:00,12522.0
2014-01-15 23:00:00,11426.0
2014-01-16 00:00:00,9210.0
2014-01-16 01:00:00,4740.0
2014-01-16 02:00:00,4739.0
2014-01-16 03:00:00,4395.0
2014-01-16 04:00:00,4245.0
2014-01-16 05:00:00,4093.0
2014-01-16 06:00:00,4169.0
2014-01-16 07:00:00,5317.0
2014-01-16 08:00:00,5949.0
2014-01-16 09:00:00,8470.0
2014-01-16 10:00:00,10724.0
2014-01-16 11:00:00,12188.0
2014-01-16 12:00:00,13008.0
2014-01-16 13:00:00,13546.0
2014-01-16 14:00:00,13526.0
2014-01-16 15:00:00,13831.0
2014-01-16 16:00:00,14564.0
2014-01-16 17:00:00,14753.0
2014-01-16 18:00:00,15197.0
2014-01-16 19:00:00,15014.0
2014-01-16 20:00:00,14522.0
2014-01-16 21:00:00,13496.0
2014-01-16 22:00:00,11870.0
2014-01-16 23:00:00,11032.0
2014-01-17 00:00:00,9054.0
2014-01-17 01:00:00,4943.0
2014-01-17 02:00:00,4826.0
2014-01-17 03:00:00,4637.0
2014-01-17 04:00:00,4488.0
2014-01-17 05:00:00,4321.0
2014-01-17 06:00:00,4358.0
2014-01-17 07:00:00,5439.0
2014-01-17 08:00:00,6388.0
2014-01-17 09:00:00,8945.0
2014-01-17 10:00:00,11889.0
2014-01-17 11:00:00,13066.0
2014-01-17 12:00:00,13752.0
2014-01-17 13:00:00,14087.0
2014-01-17 14:00:00,13849.0
2014-01-17 15:00:00,14292.0
2014-01-17 16:00:00,14910.0
2014-01-17 17:00:00,15311.0
2014-01-17 18:00:00,15121.0
2014-01-17 19:00:00,15150.0
2014-01-17 20:00:00,15158.0
2014-01-17 21:00:00,14261.0
2014-01-17 22:00:00,12533.0
2014-01-17 23:00:00,11261.0
2014-01-18 00:00:00,9149.0
2014-01-18 01:00:00,4803.0
2014-01-18 02:00:00,4576.0
2014-01-18 03:00:00,4311.0
2014-01-18 04:00:00,4225.0
2014-01-18 05:00:00,4140.0
2014-01-18 06:00:00,4182.0
2014-01-18 07:00:00,4469.0
2014-01-18 08:00:00,4498.0
2014-01-18 09:00:00,7584.0
2014-01-18 10:00:00,10840.0
2014-01-18 11:00:00,12283.0
2014-01-18 12:00:00,13020.0
2014-01-18 13:00:00,13015.0
2014-01-18 14:00:00,12898.0
2014-01-18 15:00:00,13306.0
2014-01-18 16:00:00,15265.0
2014-01-18 17:00:00,15608.0
2014-01-18 18:00:00,15671.0
2014-01-18 19:00:00,15659.0
2014-01-18 20:00:00,15680.0
2014-01-18 21:00:00,14713.0
2014-01-18 22:00:00,13217.0
2014-01-18 23:00:00,12373.0
2014-01-19 00:00:00,9517.0
2014-01-19 01:00:00,4608.0
2014-01-19 02:00:00,4382.0
2014-01-19 03:00:00,4114.0
2014-01-19 04:00:00,3958.0
2014-01-19 05:00:00,3879.0
2014-01-19 06:00:00,3883.0
2014-01-19 07:00:00,4213.0
2014-01-19 08:00:00,4339.0
2014-01-19 09:00:00,6557.0
2014-01-19 10:00:00,13146.0
2014-01-19 11:00:00,14648.0
2014-01-19 12:00:00,15242.0
2014-01-19 13:00:00,15313.0
2014-01-19 14:00:00,15547.0
2014-01-19 15:00:00,16269.0
2014-01-19 16:00:00,17495.0
2014-01-19 17:00:00,15855.0
2014-01-19 18:00:00,16998.0
2014-01-19 19:00:00,28709.0
2014-01-19 20:00:00,19044.0
2014-01-19 21:00:00,17402.0
2014-01-19 22:00:00,13182.0
2014-01-19 23:00:00,10886.0
2014-01-20 00:00:00,8907.0
2014-01-20 01:00:00,5114.0
2014-01-20 02:00:00,5088.0
2014-01-20 03:00:00,4722.0
2014-01-20 04:00:00,4577.0
2014-01-20 05:00:00,4504.0
2014-01-20 06:00:00,4550.0
2014-01-20 07:00:00,6260.0
2014-01-20 08:00:00,6698.0
2014-01-20 09:00:00,8489.0
2014-01-20 10:00:00,11007.0
2014-01-20 11:00:00,12713.0
2014-01-20 12:00:00,13679.0
2014-01-20 13:00:00,13924.0
2014-01-20 14:00:00,13698.0
2014-01-20 15:00:00,13762.0
2014-01-20 16:00:00,14664.0
2014-01-20 17:00:00,14776.0
2014-01-20 18:00:00,15099.0
2014-01-20 19:00:00,15203.0
2014-01-20 20:00:00,15065.0
2014-01-20 21:00:00,14424.0
2014-01-20 22:00:00,12679.0
2014-01-20 23:00:00,11474.0
2014-01-21 00:00:00,9304.0
2014-01-21 01:00:00,4757.0
2014-01-21 02:00:00,4843.0
2014-01-21 03:00:00,4526.0
2014-01-21 04:00:00,4375.0
2014-01-21 05:00:00,4338.0
2014-01-21 06:00:00,4319.0
2014-01-21 07:00:00,5787.0
2014-01-21 08:00:00,6465.0
2014-01-21 09:00:00,9002.0
2014-01-21 10:00:00,11282.0
2014-01-21 11:00:00,12633.0
2014-01-21 12:00:00,13728.0
2014-01-21 13:00:00,13923.0
2014-01-21 14:00:00,13695.0
2014-01-21 15:00:00,13726.0
2014-01-21 16:00:00,15082.0
2014-01-21 17:00:00,15437.0
2014-01-21 18:00:00,15236.0
2014-01-21 19:00:00,15167.0
2014-01-21 20:00:00,15153.0
2014-01-21 21:00:00,14283.0
2014-01-21 22:00:00,12750.0
2014-01-21 23:00:00,11252.0
2014-01-22 00:00:00,9135.0
2014-01-22 01:00:00,4707.0
2014-01-22 02:00:00,4781.0
2014-01-22 03:00:00,4520.0
2014-01-22 04:00:00,4330.0
2014-01-22 05:00:00,4284.0
2014-01-22 06:00:00,4280.0
2014-01-22 07:00:00,5249.0
2014-01-22 08:00:00,6636.0
2014-01-22 09:00:00,8832.0
2014-01-22 10:00:00,11237.0
2014-01-22 11:00:00,12760.0
2014-01-22 12:00:00,13690.0
2014-01-22 13:00:00,14019.0
2014-01-22 14:00:00,13929.0
2014-01-22 15:00:00,13954.0
2014-01-22 16:00:00,14874.0
2014-01-22 17:00:00,15396.0
2014-01-22 18:00:00,15378.0
2014-01-22 19:00:00,15028.0
2014-01-22 20:00:00,15161.0
2014-01-22 21:00:00,14167.0
2014-01-22 22:00:00,12438.0
2014-01-22 23:00:00,11427.0
2014-01-23 00:00:00,9181.0
2014-01-23 01:00:00,4793.0
2014-01-23 02:00:00,4797.0
2014-01-23 03:00:00,4488.0
2014-01-23 04:00:00,4362.0
2014-01-23 05:00:00,4369.0
2014-01-23 06:00:00,4371.0
2014-01-23 07:00:00,5638.0
2014-01-23 08:00:00,5882.0
2014-01-23 09:00:00,8508.0
2014-01-23 10:00:00,11485.0
2014-01-23 11:00:00,12858.0
2014-01-23 12:00:00,13446.0
2014-01-23 13:00:00,13505.0
2014-01-23 14:00:00,13645.0
2014-01-23 15:00:00,13633.0
2014-01-23 16:00:00,14879.0
2014-01-23 17:00:00,15371.0
2014-01-23 18:00:00,15259.0
2014-01-23 19:00:00,15267.0
2014-01-23 20:00:00,15067.0
2014-01-23 21:00:00,14278.0
2014-01-23 22:00:00,12552.0
2014-01-23 23:00:00,11532.0
2014-01-24 00:00:00,9161.0
2014-01-24 01:00:00,5022.0
2014-01-24 02:00:00,4937.0
2014-01-24 03:00:00,4635.0
2014-01-24 04:00:00,4521.0
2014-01-24 05:00:00,4581.0
2014-01-24 06:00:00,4594.0
2014-01-24 07:00:00,5710.0
2014-01-24 08:00:00,5864.0
2014-01-24 09:00:00,8537.0
2014-01-24 10:00:00,11469.0
2014-01-24 11:00:00,12812.0
2014-01-24 12:00:00,13433.0
2014-01-24 13:00:00,13550.0
2014-01-24 14:00:00,13968.0
2014-01-24 15:00:00,13866.0
2014-01-24 16:00:00,14575.0
2014-01-24 17:00:00,14934.0
2014-01-24 18:00:00,15218.0
2014-01-24 19:00:00,15170.0
2014-01-24 20:00:00,15210.0
2014-01-24 21:00:00,14286.0
2014-01-24 22:00:00,12549.0
2014-01-24 23:00:00,11375.0
2014-01-25 00:00:00,9295.0
2014-01-25 01:00:00,4955.0
2014-01-25 02:00:00,4835.0
2014-01-25 03:00:00,4558.0
2014-01-25 04:00:00,4401.0
2014-01-25 05:00:00,4305.0
2014-01-25 06:00:00,4345.0
2014-01-25 07:00:00,4430.0
2014-01-25 08:00:00,4495.0
2014-01-25 09:00:00,7317.0
2014-01-25 10:00:00,11486.0
2014-01-25 11:00:00,12616.0
2014-01-25 12:00:00,13113.0
2014-01-25 13:00:00,13171.0
2014-01-25 14:00:00,13321.0
2014-01-25 15:00:00,13384.0
2014-01-25 16:00:00,14492.0
2014-01-25 17:00:00,14925.0
2014-01-25 18:00:00,14976.0
2014-01-25 19:00:00,14967.0
2014-01-25 20:00:00,15039.0
2014-01-25 21:00:00,14195.0
2014-01-25 22:00:00,12253.0
2014-01-25 23:00:00,13249.0
2014-01-26 00:00:00,8527.0
2014-01-26 01:00:00,4930.0
2014-01-26 02:00:00,4841.0
2014-01-26 03:00:00,4533.0
2014-01-26 04:00:00,4381.0
2014-01-26 05:00:00,4326.0
2014-01-26 06:00:00,4307.0
2014-01-26 07:00:00,4485.0
2014-01-26 08:00:00,4507.0
2014-01-26 09:00:00,6688.0
2014-01-26 10:00:00,8978.0
2014-01-26 11:00:00,15259.0
2014-01-26 12:00:00,15994.0
2014-01-26 13:00:00,15558.0
2014-01-26 14:00:00,15625.0
2014-01-26 15:00:00,15720.0
2014-01-26 16:00:00,16854.0
2014-01-26 17:00:00,17356.0
2014-01-26 18:00:00,17441.0
2014-01-26 19:00:00,17322.0
2014-01-26 20:00:00,17282.0
2014-01-26 21:00:00,16371.0
2014-01-26 22:00:00,14798.0
2014-01-26 23:00:00,13681.0
2014-01-27 00:00:00,8610.0
2014-01-27 01:00:00,4974.0
2014-01-27 02:00:00,4829.0
2014-01-27 03:00:00,4509.0
2014-01-27 04:00:00,4330.0
2014-01-27 05:00:00,4317.0
2014-01-27 06:00:00,4292.0
2014-01-27 07:00:00,6156.0
2014-01-27 08:00:00,6955.0
2014-01-27 09:00:00,9085.0
2014-01-27 10:00:00,11319.0
2014-01-27 11:00:00,12768.0
2014-01-27 12:00:00,13470.0
2014-01-27 13:00:00,13544.0
2014-01-27 14:00:00,13610.0
2014-01-27 15:00:00,13623.0
2014-01-27 16:00:00,14607.0
2014-01-27 17:00:00,15002.0
2014-01-27 18:00:00,14964.0
2014-01-27 19:00:00,15056.0
2014-01-27 20:00:00,15074.0
2014-01-27 21:00:00,14252.0
2014-01-27 22:00:00,12484.0
2014-01-27 23:00:00,11594.0
2014-01-28 00:00:00,9256.0
2014-01-28 01:00:00,4934.0
2014-01-28 02:00:00,4920.0
2014-01-28 03:00:00,4534.0
2014-01-28 04:00:00,4311.0
2014-01-28 05:00:00,4279.0
2014-01-28 06:00:00,4305.0
2014-01-28 07:00:00,5489.0
2014-01-28 08:00:00,5886.0
2014-01-28 09:00:00,8985.0
2014-01-28 10:00:00,15685.0
2014-01-28 11:00:00,22585.0
2014-01-28 12:00:00,19150.0
2014-01-28 13:00:00,13463.0
2014-01-28 14:00:00,13535.0
2014-01-28 15:00:00,15031.0
2014-01-28 16:00:00,15124.0
2014-01-28 17:00:00,16396.0
2014-01-28 18:00:00,16950.0
2014-01-28 19:00:00,16580.0
2014-01-28 20:00:00,14768.0
2014-01-28 21:00:00,13987.0
2014-01-28 22:00:00,12222.0
2014-01-28 23:00:00,11319.0
2014-01-29 00:00:00,9258.0
2014-01-29 01:00:00,5068.0
2014-01-29 02:00:00,5088.0
2014-01-29 03:00:00,4799.0
2014-01-29 04:00:00,4627.0
2014-01-29 05:00:00,4584.0
2014-01-29 06:00:00,4578.0
2014-01-29 07:00:00,5920.0
2014-01-29 08:00:00,6105.0
2014-01-29 09:00:00,8979.0
2014-01-29 10:00:00,11571.0
2014-01-29 11:00:00,12776.0
2014-01-29 12:00:00,13298.0
2014-01-29 13:00:00,13426.0
2014-01-29 14:00:00,13472.0
2014-01-29 15:00:00,13766.0
2014-01-29 16:00:00,13848.0
2014-01-29 17:00:00,14414.0
2014-01-29 18:00:00,14866.0
2014-01-29 19:00:00,14972.0
2014-01-29 20:00:00,15023.0
2014-01-29 21:00:00,14360.0
2014-01-29 22:00:00,12698.0
2014-01-29 23:00:00,11562.0
2014-01-30 00:00:00,9220.0
2014-01-30 01:00:00,4964.0
2014-01-30 02:00:00,4912.0
2014-01-30 03:00:00,4424.0
2014-01-30 04:00:00,4485.0
2014-01-30 05:00:00,4499.0
2014-01-30 06:00:00,4511.0
2014-01-30 07:00:00,5929.0
2014-01-30 08:00:00,6462.0
2014-01-30 09:00:00,8953.0
2014-01-30 10:00:00,11080.0
2014-01-30 11:00:00,12575.0
2014-01-30 12:00:00,13310.0
2014-01-30 13:00:00,13535.0
2014-01-30 14:00:00,13406.0
2014-01-30 15:00:00,13491.0
2014-01-30 16:00:00,13571.0
2014-01-30 17:00:00,14642.0
2014-01-30 18:00:00,15065.0
2014-01-30 19:00:00,15180.0
2014-01-30 20:00:00,15181.0
2014-01-30 21:00:00,14545.0
2014-01-30 22:00:00,12765.0
2014-01-30 23:00:00,11567.0
2014-01-31 00:00:00,9347.0
2014-01-31 01:00:00,4992.0
2014-01-31 02:00:00,4877.0
2014-01-31 03:00:00,4580.0
2014-01-31 04:00:00,4619.0
2014-01-31 05:00:00,4642.0
2014-01-31 06:00:00,4614.0
2014-01-31 07:00:00,6332.0
2014-01-31 08:00:00,7127.0
2014-01-31 09:00:00,9442.0
2014-01-31 10:00:00,11622.0
2014-01-31 11:00:00,13046.0
2014-01-31 12:00:00,13667.0
2014-01-31 13:00:00,13721.0
2014-01-31 14:00:00,13849.0
2014-01-31 15:00:00,14793.0
2014-01-31 16:00:00,15313.0
2014-01-31 17:00:00,15614.0
2014-01-31 18:00:00,15505.0
2014-01-31 19:00:00,15469.0
2014-01-31 20:00:00,15502.0
2014-01-31 21:00:00,14790.0
2014-01-31 22:00:00,13131.0
2014-01-31 23:00:00,12129.0
2014-02-01 00:00:00,9614.0
2014-02-01 01:00:00,4899.0
2014-02-01 02:00:00,4758.0
2014-02-01 03:00:00,4525.0
2014-02-01 04:00:00,4438.0
2014-02-01 05:00:00,4412.0
2014-02-01 06:00:00,4430.0
2014-02-01 07:00:00,4774.0
2014-02-01 08:00:00,4805.0
2014-02-01 09:00:00,7730.0
2014-02-01 10:00:00,11356.0
2014-02-01 11:00:00,12914.0
2014-02-01 12:00:00,13548.0
2014-02-01 13:00:00,13537.0
2014-02-01 14:00:00,13618.0
2014-02-01 15:00:00,13579.0
2014-02-01 16:00:00,14385.0
2014-02-01 17:00:00,15537.0
2014-02-01 18:00:00,15966.0
2014-02-01 19:00:00,16029.0
2014-02-01 20:00:00,16062.0
2014-02-01 21:00:00,15143.0
2014-02-01 22:00:00,13484.0
2014-02-01 23:00:00,12102.0
2014-02-02 00:00:00,8814.0
2014-02-02 01:00:00,4811.0
2014-02-02 02:00:00,4786.0
2014-02-02 03:00:00,4513.0
2014-02-02 04:00:00,4343.0
2014-02-02 05:00:00,4236.0
2014-02-02 06:00:00,4316.0
2014-02-02 07:00:00,4657.0
2014-02-02 08:00:00,4507.0
2014-02-02 09:00:00,8958.0
2014-02-02 10:00:00,13409.0
2014-02-02 11:00:00,14482.0
2014-02-02 12:00:00,14916.0
2014-02-02 13:00:00,15179.0
2014-02-02 14:00:00,15066.0
2014-02-02 15:00:00,15097.0
2014-02-02 16:00:00,15358.0
2014-02-02 17:00:00,16032.0
2014-02-02 18:00:00,16747.0
2014-02-02 19:00:00,16780.0
2014-02-02 20:00:00,16791.0
2014-02-02 21:00:00,16120.0
2014-02-02 22:00:00,14510.0
2014-02-02 23:00:00,12071.0
2014-02-03 00:00:00,8323.0
2014-02-03 01:00:00,5012.0
2014-02-03 02:00:00,5053.0
2014-02-03 03:00:00,4869.0
2014-02-03 04:00:00,4666.0
2014-02-03 05:00:00,4592.0
2014-02-03 06:00:00,4661.0
2014-02-03 07:00:00,6096.0
2014-02-03 08:00:00,6410.0
2014-02-03 09:00:00,9034.0
2014-02-03 10:00:00,11274.0
2014-02-03 11:00:00,12582.0
2014-02-03 12:00:00,13205.0
2014-02-03 13:00:00,13457.0
2014-02-03 14:00:00,13661.0
2014-02-03 15:00:00,13544.0
2014-02-03 16:00:00,13376.0
2014-02-03 17:00:00,14481.0
2014-02-03 18:00:00,14896.0
2014-02-03 19:00:00,14868.0
2014-02-03 20:00:00,14910.0
2014-02-03 21:00:00,13924.0
2014-02-03 22:00:00,12518.0
2014-02-03 23:00:00,11555.0
2014-02-04 00:00:00,9456.0
2014-02-04 01:00:00,5124.0
2014-02-04 02:00:00,4972.0
2014-02-04 03:00:00,4673.0
2014-02-04 04:00:00,4546.0
2014-02-04 05:00:00,4398.0
2014-02-04 06:00:00,4580.0
2014-02-04 07:00:00,6550.0
2014-02-04 08:00:00,6916.0
2014-02-04 09:00:00,9119.0
2014-02-04 10:00:00,11644.0
2014-02-04 11:00:00,13412.0
2014-02-04 12:00:00,13783.0
2014-02-04 13:00:00,13862.0
2014-02-04 14:00:00,14552.0
2014-02-04 15:00:00,14643.0
2014-02-04 16:00:00,14477.0
2014-02-04 17:00:00,14491.0
2014-02-04 18:00:00,14737.0
2014-02-04 19:00:00,14798.0
2014-02-04 20:00:00,14786.0
2014-02-04 21:00:00,13848.0
2014-02-04 22:00:00,12577.0
2014-02-04 23:00:00,11911.0
2014-02-05 00:00:00,9472.0
2014-02-05 01:00:00,4607.0
2014-02-05 02:00:00,4781.0
2014-02-05 03:00:00,4483.0
2014-02-05 04:00:00,4353.0
2014-02-05 05:00:00,4240.0
2014-02-05 06:00:00,4245.0
2014-02-05 07:00:00,5819.0
2014-02-05 08:00:00,6562.0
2014-02-05 09:00:00,9051.0
2014-02-05 10:00:00,11570.0
2014-02-05 11:00:00,13154.0
2014-02-05 12:00:00,13804.0
2014-02-05 13:00:00,13773.0
2014-02-05 14:00:00,13724.0
2014-02-05 15:00:00,13767.0
2014-02-05 16:00:00,13905.0
2014-02-05 17:00:00,15015.0
2014-02-05 18:00:00,15444.0
2014-02-05 19:00:00,15571.0
2014-02-05 20:00:00,15463.0
2014-02-05 21:00:00,14529.0
2014-02-05 22:00:00,12795.0
2014-02-05 23:00:00,11797.0
2014-02-06 00:00:00,9597.0
2014-02-06 01:00:00,4979.0
2014-02-06 02:00:00,4928.0
2014-02-06 03:00:00,4583.0
2014-02-06 04:00:00,4465.0
2014-02-06 05:00:00,4419.0
2014-02-06 06:00:00,4472.0
2014-02-06 07:00:00,6051.0
2014-02-06 08:00:00,6363.0
2014-02-06 09:00:00,9070.0
2014-02-06 10:00:00,11903.0
2014-02-06 11:00:00,13350.0
2014-02-06 12:00:00,13682.0
2014-02-06 13:00:00,13994.0
2014-02-06 14:00:00,13869.0
2014-02-06 15:00:00,14029.0
2014-02-06 16:00:00,13329.0
2014-02-06 17:00:00,14087.0
2014-02-06 18:00:00,14574.0
2014-02-06 19:00:00,14788.0
2014-02-06 20:00:00,14714.0
2014-02-06 21:00:00,13769.0
2014-02-06 22:00:00,12268.0
2014-02-06 23:00:00,11556.0
2014-02-07 00:00:00,9574.0
2014-02-07 01:00:00,4435.0
2014-02-07 02:00:00,4303.0
2014-02-07 03:00:00,4017.0
2014-02-07 04:00:00,3803.0
2014-02-07 05:00:00,3753.0
2014-02-07 06:00:00,4232.0
2014-02-07 07:00:00,5980.0
2014-02-07 08:00:00,6353.0
2014-02-07 09:00:00,9329.0
2014-02-07 10:00:00,11564.0
2014-02-07 11:00:00,13155.0
2014-02-07 12:00:00,13851.0
2014-02-07 13:00:00,13814.0
2014-02-07 14:00:00,13733.0
2014-02-07 15:00:00,13871.0
2014-02-07 16:00:00,14130.0
2014-02-07 17:00:00,14674.0
2014-02-07 18:00:00,15442.0
2014-02-07 19:00:00,15672.0
2014-02-07 20:00:00,15594.0
2014-02-07 21:00:00,14908.0
2014-02-07 22:00:00,13254.0
2014-02-07 23:00:00,12015.0
2014-02-08 00:00:00,9492.0
2014-02-08 01:00:00,4543.0
2014-02-08 02:00:00,4505.0
2014-02-08 03:00:00,4193.0
2014-02-08 04:00:00,4063.0
2014-02-08 05:00:00,4010.0
2014-02-08 06:00:00,4061.0
2014-02-08 07:00:00,4370.0
2014-02-08 08:00:00,4430.0
2014-02-08 09:00:00,7831.0
2014-02-08 10:00:00,11707.0
2014-02-08 11:00:00,13458.0
2014-02-08 12:00:00,13841.0
2014-02-08 13:00:00,13845.0
2014-02-08 14:00:00,13900.0
2014-02-08 15:00:00,14019.0
2014-02-08 16:00:00,14421.0
2014-02-08 17:00:00,15427.0
2014-02-08 18:00:00,16083.0
2014-02-08 19:00:00,15454.0
2014-02-08 20:00:00,15348.0
2014-02-08 21:00:00,14481.0
2014-02-08 22:00:00,12501.0
2014-02-08 23:00:00,11533.0
2014-02-09 00:00:00,8731.0
2014-02-09 01:00:00,4629.0
2014-02-09 02:00:00,4480.0
2014-02-09 03:00:00,4221.0
2014-02-09 04:00:00,4028.0
2014-02-09 05:00:00,4004.0
2014-02-09 06:00:00,4006.0
2014-02-09 07:00:00,4220.0
2014-02-09 08:00:00,4252.0
2014-02-09 09:00:00,6808.0
2014-02-09 10:00:00,12990.0
2014-02-09 11:00:00,16155.0
2014-02-09 12:00:00,16420.0
2014-02-09 13:00:00,16477.0
2014-02-09 14:00:00,15992.0
2014-02-09 15:00:00,16148.0
2014-02-09 16:00:00,16819.0
2014-02-09 17:00:00,17243.0
2014-02-09 18:00:00,17162.0
2014-02-09 19:00:00,20936.0
2014-02-09 20:00:00,21184.0
2014-02-09 21:00:00,16137.0
2014-02-09 22:00:00,14312.0
2014-02-09 23:00:00,8443.0
2014-02-10 00:00:00,8675.0
2014-02-10 01:00:00,4623.0
2014-02-10 02:00:00,4511.0
2014-02-10 03:00:00,4252.0
2014-02-10 04:00:00,4134.0
2014-02-10 05:00:00,4098.0
2014-02-10 06:00:00,4117.0
2014-02-10 07:00:00,5574.0
2014-02-10 08:00:00,6383.0
2014-02-10 09:00:00,8715.0
2014-02-10 10:00:00,10111.0
2014-02-10 11:00:00,12490.0
2014-02-10 12:00:00,13096.0
2014-02-10 13:00:00,13176.0
2014-02-10 14:00:00,13118.0
2014-02-10 15:00:00,13362.0
2014-02-10 16:00:00,13340.0
2014-02-10 17:00:00,14176.0
2014-02-10 18:00:00,14843.0
2014-02-10 19:00:00,14947.0
2014-02-10 20:00:00,14832.0
2014-02-10 21:00:00,13931.0
2014-02-10 22:00:00,12181.0
2014-02-10 23:00:00,11317.0
2014-02-11 00:00:00,9321.0
2014-02-11 01:00:00,4877.0
2014-02-11 02:00:00,4613.0
2014-02-11 03:00:00,4329.0
2014-02-11 04:00:00,4183.0
2014-02-11 05:00:00,4072.0
2014-02-11 06:00:00,4104.0
2014-02-11 07:00:00,5673.0
2014-02-11 08:00:00,5989.0
2014-02-11 09:00:00,8346.0
2014-02-11 10:00:00,11685.0
2014-02-11 11:00:00,13571.0
2014-02-11 12:00:00,13009.0
2014-02-11 13:00:00,13212.0
2014-02-11 14:00:00,13567.0
2014-02-11 15:00:00,14103.0
2014-02-11 16:00:00,13775.0
2014-02-11 17:00:00,15036.0
2014-02-11 18:00:00,15626.0
2014-02-11 19:00:00,15643.0
2014-02-11 20:00:00,15496.0
2014-02-11 21:00:00,14516.0
2014-02-11 22:00:00,19818.0
2014-02-11 23:00:00,22128.0
2014-02-12 00:00:00,12618.0
2014-02-12 01:00:00,5154.0
2014-02-12 02:00:00,4851.0
2014-02-12 03:00:00,4522.0
2014-02-12 04:00:00,4317.0
2014-02-12 05:00:00,4281.0
2014-02-12 06:00:00,4361.0
2014-02-12 07:00:00,5202.0
2014-02-12 08:00:00,6031.0
2014-02-12 09:00:00,8782.0
2014-02-12 10:00:00,12323.0
2014-02-12 11:00:00,14055.0
2014-02-12 12:00:00,14324.0
2014-02-12 13:00:00,14887.0
2014-02-12 14:00:00,15213.0
2014-02-12 15:00:00,14940.0
2014-02-12 16:00:00,14357.0
2014-02-12 17:00:00,15681.0
2014-02-12 18:00:00,16005.0
2014-02-12 19:00:00,15563.0
2014-02-12 20:00:00,15268.0
2014-02-12 21:00:00,14400.0
2014-02-12 22:00:00,12850.0
2014-02-12 23:00:00,11748.0
2014-02-13 00:00:00,9790.0
2014-02-13 01:00:00,4750.0
2014-02-13 02:00:00,4479.0
2014-02-13 03:00:00,4187.0
2014-02-13 04:00:00,4010.0
2014-02-13 05:00:00,3916.0
2014-02-13 06:00:00,3993.0
2014-02-13 07:00:00,5434.0
2014-02-13 08:00:00,5921.0
2014-02-13 09:00:00,9070.0
2014-02-13 10:00:00,12052.0
2014-02-13 11:00:00,13010.0
2014-02-13 12:00:00,13699.0
2014-02-13 13:00:00,13786.0
2014-02-13 14:00:00,14355.0
2014-02-13 15:00:00,14442.0
2014-02-13 16:00:00,14692.0
2014-02-13 17:00:00,15727.0
2014-02-13 18:00:00,15824.0
2014-02-13 19:00:00,16025.0
2014-02-13 20:00:00,15926.0
2014-02-13 21:00:00,14934.0
2014-02-13 22:00:00,13144.0
2014-02-13 23:00:00,11742.0
2014-02-14 00:00:00,9664.0
2014-02-14 01:00:00,5045.0
2014-02-14 02:00:00,4729.0
2014-02-14 03:00:00,4423.0
2014-02-14 04:00:00,4267.0
2014-02-14 05:00:00,4174.0
2014-02-14 06:00:00,4341.0
2014-02-14 07:00:00,5699.0
2014-02-14 08:00:00,6112.0
2014-02-14 09:00:00,9246.0
2014-02-14 10:00:00,11584.0
2014-02-14 11:00:00,13034.0
2014-02-14 12:00:00,13747.0
2014-02-14 13:00:00,14437.0
2014-02-14 14:00:00,14468.0
2014-02-14 15:00:00,14688.0
2014-02-14 16:00:00,14970.0
2014-02-14 17:00:00,14749.0
2014-02-14 18:00:00,14750.0
2014-02-14 19:00:00,15007.0
2014-02-14 20:00:00,15000.0
2014-02-14 21:00:00,14298.0
2014-02-14 22:00:00,12739.0
2014-02-14 23:00:00,11857.0
2014-02-15 00:00:00,9492.0
2014-02-15 01:00:00,4671.0
2014-02-15 02:00:00,4514.0
2014-02-15 03:00:00,4223.0
2014-02-15 04:00:00,3937.0
2014-02-15 05:00:00,3838.0
2014-02-15 06:00:00,3899.0
2014-02-15 07:00:00,4128.0
2014-02-15 08:00:00,4374.0
2014-02-15 09:00:00,8368.0
2014-02-15 10:00:00,11267.0
2014-02-15 11:00:00,12813.0
2014-02-15 12:00:00,13407.0
2014-02-15 13:00:00,13404.0
2014-02-15 14:00:00,13440.0
2014-02-15 15:00:00,13504.0
2014-02-15 16:00:00,14012.0
2014-02-15 17:00:00,14715.0
2014-02-15 18:00:00,15493.0
2014-02-15 19:00:00,15728.0
2014-02-15 20:00:00,15732.0
2014-02-15 21:00:00,14269.0
2014-02-15 22:00:00,12291.0
2014-02-15 23:00:00,11010.0
2014-02-16 00:00:00,8693.0
2014-02-16 01:00:00,4564.0
2014-02-16 02:00:00,4311.0
2014-02-16 03:00:00,3962.0
2014-02-16 04:00:00,3879.0
2014-02-16 05:00:00,3765.0
2014-02-16 06:00:00,3810.0
2014-02-16 07:00:00,4076.0
2014-02-16 08:00:00,4233.0
2014-02-16 09:00:00,6685.0
2014-02-16 10:00:00,11234.0
2014-02-16 11:00:00,15226.0
2014-02-16 12:00:00,15294.0
2014-02-16 13:00:00,15061.0
2014-02-16 14:00:00,15146.0
2014-02-16 15:00:00,15219.0
2014-02-16 16:00:00,15190.0
2014-02-16 17:00:00,15347.0
2014-02-16 18:00:00,16537.0
2014-02-16 19:00:00,16631.0
2014-02-16 20:00:00,16707.0
2014-02-16 21:00:00,15791.0
2014-02-16 22:00:00,13929.0
2014-02-16 23:00:00,11463.0
2014-02-17 00:00:00,8395.0
2014-02-17 01:00:00,4383.0
2014-02-17 02:00:00,4120.0
2014-02-17 03:00:00,4034.0
2014-02-17 04:00:00,3906.0
2014-02-17 05:00:00,3915.0
2014-02-17 06:00:00,3950.0
2014-02-17 07:00:00,5342.0
2014-02-17 08:00:00,6199.0
2014-02-17 09:00:00,8665.0
2014-02-17 10:00:00,10767.0
2014-02-17 11:00:00,12890.0
2014-02-17 12:00:00,13697.0
2014-02-17 13:00:00,13691.0
2014-02-17 14:00:00,13932.0
2014-02-17 15:00:00,14082.0
2014-02-17 16:00:00,14426.0
2014-02-17 17:00:00,15121.0
2014-02-17 18:00:00,15335.0
2014-02-17 19:00:00,15269.0
2014-02-17 20:00:00,15181.0
2014-02-17 21:00:00,14186.0
2014-02-17 22:00:00,12400.0
2014-02-17 23:00:00,11024.0
2014-02-18 00:00:00,8978.0
2014-02-18 01:00:00,4269.0
2014-02-18 02:00:00,4276.0
2014-02-18 03:00:00,4185.0
2014-02-18 04:00:00,4515.0
2014-02-18 05:00:00,4362.0
2014-02-18 06:00:00,4401.0
2014-02-18 07:00:00,5481.0
2014-02-18 08:00:00,5875.0
2014-02-18 09:00:00,8604.0
2014-02-18 10:00:00,10999.0
2014-02-18 11:00:00,12560.0
2014-02-18 12:00:00,13741.0
2014-02-18 13:00:00,13828.0
2014-02-18 14:00:00,13866.0
2014-02-18 15:00:00,13891.0
2014-02-18 16:00:00,13687.0
2014-02-18 17:00:00,13719.0
2014-02-18 18:00:00,14847.0
2014-02-18 19:00:00,15021.0
2014-02-18 20:00:00,14998.0
2014-02-18 21:00:00,14147.0
2014-02-18 22:00:00,12584.0
2014-02-18 23:00:00,11490.0
2014-02-19 00:00:00,9142.0
2014-02-19 01:00:00,5187.0
2014-02-19 02:00:00,5132.0
2014-02-19 03:00:00,4816.0
2014-02-19 04:00:00,5489.0
2014-02-19 05:00:00,4613.0
2014-02-19 06:00:00,4257.0
2014-02-19 07:00:00,5415.0
2014-02-19 08:00:00,5913.0
2014-02-19 09:00:00,8434.0
2014-02-19 10:00:00,10975.0
2014-02-19 11:00:00,12826.0
2014-02-19 12:00:00,13613.0
2014-02-19 13:00:00,13706.0
2014-02-19 14:00:00,13844.0
2014-02-19 15:00:00,14063.0
2014-02-19 16:00:00,13936.0
2014-02-19 17:00:00,13965.0
2014-02-19 18:00:00,15331.0
2014-02-19 19:00:00,15406.0
2014-02-19 20:00:00,15413.0
2014-02-19 21:00:00,14037.0
2014-02-19 22:00:00,11716.0
2014-02-19 23:00:00,10597.0
2014-02-20 00:00:00,9121.0
2014-02-20 01:00:00,5259.0
2014-02-20 02:00:00,5234.0
2014-02-20 03:00:00,4955.0
2014-02-20 04:00:00,4778.0
2014-02-20 05:00:00,4711.0
2014-02-20 06:00:00,4708.0
2014-02-20 07:00:00,5070.0
2014-02-20 08:00:00,4958.0
2014-02-20 09:00:00,7265.0
2014-02-20 10:00:00,10564.0
2014-02-20 11:00:00,12826.0
2014-02-20 12:00:00,14278.0
2014-02-20 13:00:00,14588.0
2014-02-20 14:00:00,14254.0
2014-02-20 15:00:00,14382.0
2014-02-20 16:00:00,14159.0
2014-02-20 17:00:00,13398.0
2014-02-20 18:00:00,14577.0
2014-02-20 19:00:00,14883.0
2014-02-20 20:00:00,14789.0
2014-02-20 21:00:00,14068.0
2014-02-20 22:00:00,12410.0
2014-02-20 23:00:00,11140.0
2014-02-21 00:00:00,9202.0
2014-02-21 01:00:00,5119.0
2014-02-21 02:00:00,4998.0
2014-02-21 03:00:00,4706.0
2014-02-21 04:00:00,4545.0
2014-02-21 05:00:00,4433.0
2014-02-21 06:00:00,4506.0
2014-02-21 07:00:00,5879.0
2014-02-21 08:00:00,6229.0
2014-02-21 09:00:00,8838.0
2014-02-21 10:00:00,11088.0
2014-02-21 11:00:00,13455.0
2014-02-21 12:00:00,13641.0
2014-02-21 13:00:00,13667.0
2014-02-21 14:00:00,13552.0
2014-02-21 15:00:00,13547.0
2014-02-21 16:00:00,13419.0
2014-02-21 17:00:00,13438.0
2014-02-21 18:00:00,14447.0
2014-02-21 19:00:00,14850.0
2014-02-21 20:00:00,14932.0
2014-02-21 21:00:00,14067.0
2014-02-21 22:00:00,12290.0
2014-02-21 23:00:00,10953.0
2014-02-22 00:00:00,9064.0
2014-02-22 01:00:00,4589.0
2014-02-22 02:00:00,4296.0
2014-02-22 03:00:00,3941.0
2014-02-22 04:00:00,3804.0
2014-02-22 05:00:00,3719.0
2014-02-22 06:00:00,3791.0
2014-02-22 07:00:00,4119.0
2014-02-22 08:00:00,4519.0
2014-02-22 09:00:00,7228.0
2014-02-22 10:00:00,10926.0
2014-02-22 11:00:00,12613.0
2014-02-22 12:00:00,13091.0
2014-02-22 13:00:00,13477.0
2014-02-22 14:00:00,13129.0
2014-02-22 15:00:00,13692.0
2014-02-22 16:00:00,14142.0
2014-02-22 17:00:00,14320.0
2014-02-22 18:00:00,15217.0
2014-02-22 19:00:00,15503.0
2014-02-22 20:00:00,15690.0
2014-02-22 21:00:00,14667.0
2014-02-22 22:00:00,12991.0
2014-02-22 23:00:00,11374.0
2014-02-23 00:00:00,8634.0
2014-02-23 01:00:00,4656.0
2014-02-23 02:00:00,4361.0
2014-02-23 03:00:00,4037.0
2014-02-23 04:00:00,3880.0
2014-02-23 05:00:00,3817.0
2014-02-23 06:00:00,3820.0
2014-02-23 07:00:00,4087.0
2014-02-23 08:00:00,4344.0
2014-02-23 09:00:00,6666.0
2014-02-23 10:00:00,9652.0
2014-02-23 11:00:00,15766.0
2014-02-23 12:00:00,15200.0
2014-02-23 13:00:00,15381.0
2014-02-23 14:00:00,15422.0
2014-02-23 15:00:00,15468.0
2014-02-23 16:00:00,15275.0
2014-02-23 17:00:00,15909.0
2014-02-23 18:00:00,17000.0
2014-02-23 19:00:00,16860.0
2014-02-23 20:00:00,16653.0
2014-02-23 21:00:00,15805.0
2014-02-23 22:00:00,14303.0
2014-02-23 23:00:00,12747.0
2014-02-24 00:00:00,8311.0
2014-02-24 01:00:00,4706.0
2014-02-24 02:00:00,4449.0
2014-02-24 03:00:00,4155.0
2014-02-24 04:00:00,4054.0
2014-02-24 05:00:00,3946.0
2014-02-24 06:00:00,3977.0
2014-02-24 07:00:00,5261.0
2014-02-24 08:00:00,5804.0
2014-02-24 09:00:00,8235.0
2014-02-24 10:00:00,10751.0
2014-02-24 11:00:00,12267.0
2014-02-24 12:00:00,13312.0
2014-02-24 13:00:00,13675.0
2014-02-24 14:00:00,13363.0
2014-02-24 15:00:00,13264.0
2014-02-24 16:00:00,13236.0
2014-02-24 17:00:00,13775.0
2014-02-24 18:00:00,15299.0
2014-02-24 19:00:00,15224.0
2014-02-24 20:00:00,15098.0
2014-02-24 21:00:00,14264.0
2014-02-24 22:00:00,17745.0
2014-02-24 23:00:00,17070.0
2014-02-25 00:00:00,9416.0
2014-02-25 01:00:00,4787.0
2014-02-25 02:00:00,4843.0
2014-02-25 03:00:00,4492.0
2014-02-25 04:00:00,4360.0
2014-02-25 05:00:00,4268.0
2014-02-25 06:00:00,4393.0
2014-02-25 07:00:00,5550.0
2014-02-25 08:00:00,6098.0
2014-02-25 09:00:00,8596.0
2014-02-25 10:00:00,10820.0
2014-02-25 11:00:00,13059.0
2014-02-25 12:00:00,13958.0
2014-02-25 13:00:00,13862.0
2014-02-25 14:00:00,13559.0
2014-02-25 15:00:00,13512.0
2014-02-25 16:00:00,13515.0
2014-02-25 17:00:00,13301.0
2014-02-25 18:00:00,14374.0
2014-02-25 19:00:00,14769.0
2014-02-25 20:00:00,14721.0
2014-02-25 21:00:00,13815.0
2014-02-25 22:00:00,12225.0
2014-02-25 23:00:00,11086.0
2014-02-26 00:00:00,8934.0
2014-02-26 01:00:00,4784.0
2014-02-26 02:00:00,4812.0
2014-02-26 03:00:00,4533.0
2014-02-26 04:00:00,4313.0
2014-02-26 05:00:00,4234.0
2014-02-26 06:00:00,4316.0
2014-02-26 07:00:00,5478.0
2014-02-26 08:00:00,5953.0
2014-02-26 09:00:00,8468.0
2014-02-26 10:00:00,10909.0
2014-02-26 11:00:00,12581.0
2014-02-26 12:00:00,13053.0
2014-02-26 13:00:00,13023.0
2014-02-26 14:00:00,13027.0
2014-02-26 15:00:00,13027.0
2014-02-26 16:00:00,13061.0
2014-02-26 17:00:00,13079.0
2014-02-26 18:00:00,14101.0
2014-02-26 19:00:00,14454.0
2014-02-26 20:00:00,14422.0
2014-02-26 21:00:00,13649.0
2014-02-26 22:00:00,12040.0
2014-02-26 23:00:00,10932.0
2014-02-27 00:00:00,9075.0
2014-02-27 01:00:00,5044.0
2014-02-27 02:00:00,4702.0
2014-02-27 03:00:00,4454.0
2014-02-27 04:00:00,4416.0
2014-02-27 05:00:00,4565.0
2014-02-27 06:00:00,4626.0
2014-02-27 07:00:00,5617.0
2014-02-27 08:00:00,5991.0
2014-02-27 09:00:00,8611.0
2014-02-27 10:00:00,11050.0
2014-02-27 11:00:00,12727.0
2014-02-27 12:00:00,13241.0
2014-02-27 13:00:00,13417.0
2014-02-27 14:00:00,13387.0
2014-02-27 15:00:00,13787.0
2014-02-27 16:00:00,13467.0
2014-02-27 17:00:00,14984.0
2014-02-27 18:00:00,15446.0
2014-02-27 19:00:00,15678.0
2014-02-27 20:00:00,15534.0
2014-02-27 21:00:00,14558.0
2014-02-27 22:00:00,20592.0
2014-02-27 23:00:00,15651.0
2014-02-28 00:00:00,9646.0
2014-02-28 01:00:00,5005.0
2014-02-28 02:00:00,4804.0
2014-02-28 03:00:00,4516.0
2014-02-28 04:00:00,4370.0
2014-02-28 05:00:00,4235.0
2014-02-28 06:00:00,4328.0
2014-02-28 07:00:00,5522.0
2014-02-28 08:00:00,6105.0
2014-02-28 09:00:00,8467.0
2014-02-28 10:00:00,11167.0
2014-02-28 11:00:00,12667.0
2014-02-28 12:00:00,13297.0
2014-02-28 13:00:00,13270.0
2014-02-28 14:00:00,13265.0
2014-02-28 15:00:00,13348.0
2014-02-28 16:00:00,13371.0
2014-02-28 17:00:00,13264.0
2014-02-28 18:00:00,14602.0
2014-02-28 19:00:00,14712.0
2014-02-28 20:00:00,14709.0
2014-02-28 21:00:00,14129.0
2014-02-28 22:00:00,12626.0
2014-02-28 23:00:00,11483.0
2014-03-01 00:00:00,9099.0
2014-03-01 01:00:00,4846.0
2014-03-01 02:00:00,4611.0
2014-03-01 03:00:00,4379.0
2014-03-01 04:00:00,4259.0
2014-03-01 05:00:00,4234.0
2014-03-01 06:00:00,4268.0
2014-03-01 07:00:00,4375.0
2014-03-01 08:00:00,4496.0
2014-03-01 09:00:00,7241.0
2014-03-01 10:00:00,11264.0
2014-03-01 11:00:00,13133.0
2014-03-01 12:00:00,13830.0
2014-03-01 13:00:00,13825.0
2014-03-01 14:00:00,12939.0
2014-03-01 15:00:00,13281.0
2014-03-01 16:00:00,14578.0
2014-03-01 17:00:00,14617.0
2014-03-01 18:00:00,14850.0
2014-03-01 19:00:00,14958.0
2014-03-01 20:00:00,15048.0
2014-03-01 21:00:00,14085.0
2014-03-01 22:00:00,12526.0
2014-03-01 23:00:00,11383.0
2014-03-02 00:00:00,8991.0
2014-03-02 01:00:00,4664.0
2014-03-02 02:00:00,4325.0
2014-03-02 03:00:00,4006.0
2014-03-02 04:00:00,3892.0
2014-03-02 05:00:00,3921.0
2014-03-02 06:00:00,3929.0
2014-03-02 07:00:00,4235.0
2014-03-02 08:00:00,4398.0
2014-03-02 09:00:00,6737.0
2014-03-02 10:00:00,11795.0
2014-03-02 11:00:00,16401.0
2014-03-02 12:00:00,15594.0
2014-03-02 13:00:00,15407.0
2014-03-02 14:00:00,15313.0
2014-03-02 15:00:00,15388.0
2014-03-02 16:00:00,15495.0
2014-03-02 17:00:00,16806.0
2014-03-02 18:00:00,16929.0
2014-03-02 19:00:00,17062.0
2014-03-02 20:00:00,17072.0
2014-03-02 21:00:00,16092.0
2014-03-02 22:00:00,14379.0
2014-03-02 23:00:00,11735.0
2014-03-03 00:00:00,8385.0
2014-03-03 01:00:00,4826.0
2014-03-03 02:00:00,4597.0
2014-03-03 03:00:00,4307.0
2014-03-03 04:00:00,4103.0
2014-03-03 05:00:00,4056.0
2014-03-03 06:00:00,4120.0
2014-03-03 07:00:00,4981.0
2014-03-03 08:00:00,5749.0
2014-03-03 09:00:00,8718.0
2014-03-03 10:00:00,11805.0
2014-03-03 11:00:00,12956.0
2014-03-03 12:00:00,13518.0
2014-03-03 13:00:00,13477.0
2014-03-03 14:00:00,14693.0
2014-03-03 15:00:00,13752.0
2014-03-03 16:00:00,13200.0
2014-03-03 17:00:00,13063.0
2014-03-03 18:00:00,14187.0
2014-03-03 19:00:00,14553.0
2014-03-03 20:00:00,14510.0
2014-03-03 21:00:00,13627.0
2014-03-03 22:00:00,12011.0
2014-03-03 23:00:00,11050.0
2014-03-04 00:00:00,8982.0
2014-03-04 01:00:00,4747.0
2014-03-04 02:00:00,4515.0
2014-03-04 03:00:00,4326.0
2014-03-04 04:00:00,4139.0
2014-03-04 05:00:00,4038.0
2014-03-04 06:00:00,4131.0
2014-03-04 07:00:00,5219.0
2014-03-04 08:00:00,5883.0
2014-03-04 09:00:00,8326.0
2014-03-04 10:00:00,10978.0
2014-03-04 11:00:00,12501.0
2014-03-04 12:00:00,13049.0
2014-03-04 13:00:00,13170.0
2014-03-04 14:00:00,13048.0
2014-03-04 15:00:00,13129.0
2014-03-04 16:00:00,13121.0
2014-03-04 17:00:00,13335.0
2014-03-04 18:00:00,14552.0
2014-03-04 19:00:00,14625.0
2014-03-04 20:00:00,14603.0
2014-03-04 21:00:00,13875.0
2014-03-04 22:00:00,12289.0
2014-03-04 23:00:00,11314.0
2014-03-05 00:00:00,9254.0
2014-03-05 01:00:00,4769.0
2014-03-05 02:00:00,4568.0
2014-03-05 03:00:00,4242.0
2014-03-05 04:00:00,4097.0
2014-03-05 05:00:00,4064.0
2014-03-05 06:00:00,4149.0
2014-03-05 07:00:00,5160.0
2014-03-05 08:00:00,5937.0
2014-03-05 09:00:00,8939.0
2014-03-05 10:00:00,11139.0
2014-03-05 11:00:00,12696.0
2014-03-05 12:00:00,13236.0
2014-03-05 13:00:00,13224.0
2014-03-05 14:00:00,13218.0
2014-03-05 15:00:00,13280.0
2014-03-05 16:00:00,13260.0
2014-03-05 17:00:00,13268.0
2014-03-05 18:00:00,13947.0
2014-03-05 19:00:00,14741.0
2014-03-05 20:00:00,14743.0
2014-03-05 21:00:00,13923.0
2014-03-05 22:00:00,12226.0
2014-03-05 23:00:00,11226.0
2014-03-06 00:00:00,9308.0
2014-03-06 01:00:00,4784.0
2014-03-06 02:00:00,4543.0
2014-03-06 03:00:00,4238.0
2014-03-06 04:00:00,4140.0
2014-03-06 05:00:00,4151.0
2014-03-06 06:00:00,4319.0
2014-03-06 07:00:00,5543.0
2014-03-06 08:00:00,6038.0
2014-03-06 09:00:00,8769.0
2014-03-06 10:00:00,11082.0
2014-03-06 11:00:00,12761.0
2014-03-06 12:00:00,13354.0
2014-03-06 13:00:00,13484.0
2014-03-06 14:00:00,13395.0
2014-03-06 15:00:00,13468.0
2014-03-06 16:00:00,13489.0
2014-03-06 17:00:00,13865.0
2014-03-06 18:00:00,14625.0
2014-03-06 19:00:00,15134.0
2014-03-06 20:00:00,15137.0
2014-03-06 21:00:00,13975.0
2014-03-06 22:00:00,12389.0
2014-03-06 23:00:00,11099.0
2014-03-07 00:00:00,8776.0
2014-03-07 01:00:00,4609.0
2014-03-07 02:00:00,4573.0
2014-03-07 03:00:00,4414.0
2014-03-07 04:00:00,4294.0
2014-03-07 05:00:00,4261.0
2014-03-07 06:00:00,4262.0
2014-03-07 07:00:00,5650.0
2014-03-07 08:00:00,5900.0
2014-03-07 09:00:00,8363.0
2014-03-07 10:00:00,11430.0
2014-03-07 11:00:00,12947.0
2014-03-07 12:00:00,13560.0
2014-03-07 13:00:00,13972.0
2014-03-07 14:00:00,14037.0
2014-03-07 15:00:00,13968.0
2014-03-07 16:00:00,13973.0
2014-03-07 17:00:00,13963.0
2014-03-07 18:00:00,14686.0
2014-03-07 19:00:00,15262.0
2014-03-07 20:00:00,15356.0
2014-03-07 21:00:00,14282.0
2014-03-07 22:00:00,12306.0
2014-03-07 23:00:00,10914.0
2014-03-08 00:00:00,8832.0
2014-03-08 01:00:00,4680.0
2014-03-08 02:00:00,4499.0
2014-03-08 03:00:00,4118.0
2014-03-08 04:00:00,4044.0
2014-03-08 05:00:00,3989.0
2014-03-08 06:00:00,3991.0
2014-03-08 07:00:00,4287.0
2014-03-08 08:00:00,4485.0
2014-03-08 09:00:00,7567.0
2014-03-08 10:00:00,11018.0
2014-03-08 11:00:00,13175.0
2014-03-08 12:00:00,13957.0
2014-03-08 13:00:00,13956.0
2014-03-08 14:00:00,13988.0
2014-03-08 15:00:00,14101.0
2014-03-08 16:00:00,14162.0
2014-03-08 17:00:00,14173.0
2014-03-08 18:00:00,14975.0
2014-03-08 19:00:00,15624.0
2014-03-08 20:00:00,15526.0
2014-03-08 21:00:00,14005.0
2014-03-08 22:00:00,12167.0
2014-03-08 23:00:00,11073.0
2014-03-09 00:00:00,8618.0
2014-03-09 01:00:00,4701.0
2014-03-09 02:00:00,4393.0
2014-03-09 03:00:00,4070.0
2014-03-09 04:00:00,3936.0
2014-03-09 05:00:00,3877.0
2014-03-09 06:00:00,3891.0
2014-03-09 07:00:00,4285.0
2014-03-09 08:00:00,4367.0
2014-03-09 09:00:00,6837.0
2014-03-09 10:00:00,13331.0
2014-03-09 11:00:00,15648.0
2014-03-09 12:00:00,16011.0
2014-03-09 13:00:00,16281.0
2014-03-09 14:00:00,16455.0
2014-03-09 15:00:00,17246.0
2014-03-09 16:00:00,17195.0
2014-03-09 17:00:00,17361.0
2014-03-09 18:00:00,18849.0
2014-03-09 19:00:00,26475.0
2014-03-09 20:00:00,26355.0
2014-03-09 21:00:00,17401.0
2014-03-09 22:00:00,15268.0
2014-03-09 23:00:00,13910.0
2014-03-10 00:00:00,8844.0
2014-03-10 01:00:00,4707.0
2014-03-10 02:00:00,4552.0
2014-03-10 03:00:00,4239.0
2014-03-10 04:00:00,4020.0
2014-03-10 05:00:00,3994.0
2014-03-10 06:00:00,4041.0
2014-03-10 07:00:00,5233.0
2014-03-10 08:00:00,5693.0
2014-03-10 09:00:00,8501.0
2014-03-10 10:00:00,11019.0
2014-03-10 11:00:00,12707.0
2014-03-10 12:00:00,13138.0
2014-03-10 13:00:00,13200.0
2014-03-10 14:00:00,13417.0
2014-03-10 15:00:00,13640.0
2014-03-10 16:00:00,13782.0
2014-03-10 17:00:00,13814.0
2014-03-10 18:00:00,14611.0
2014-03-10 19:00:00,15051.0
2014-03-10 20:00:00,14967.0
2014-03-10 21:00:00,14238.0
2014-03-10 22:00:00,12295.0
2014-03-10 23:00:00,11191.0
2014-03-11 00:00:00,9060.0
2014-03-11 01:00:00,4526.0
2014-03-11 02:00:00,4608.0
2014-03-11 03:00:00,4327.0
2014-03-11 04:00:00,4211.0
2014-03-11 05:00:00,4112.0
2014-03-11 06:00:00,4146.0
2014-03-11 07:00:00,5503.0
2014-03-11 08:00:00,5898.0
2014-03-11 09:00:00,8587.0
2014-03-11 10:00:00,11024.0
2014-03-11 11:00:00,12657.0
2014-03-11 12:00:00,13718.0
2014-03-11 13:00:00,14025.0
2014-03-11 14:00:00,14091.0
2014-03-11 15:00:00,14093.0
2014-03-11 16:00:00,13790.0
2014-03-11 17:00:00,13786.0
2014-03-11 18:00:00,14679.0
2014-03-11 19:00:00,15288.0
2014-03-11 20:00:00,15278.0
2014-03-11 21:00:00,14141.0
2014-03-11 22:00:00,12296.0
2014-03-11 23:00:00,11087.0
2014-03-12 00:00:00,9077.0
2014-03-12 01:00:00,4754.0
2014-03-12 02:00:00,4677.0
2014-03-12 03:00:00,4317.0
2014-03-12 04:00:00,4175.0
2014-03-12 05:00:00,4142.0
2014-03-12 06:00:00,4145.0
2014-03-12 07:00:00,5238.0
2014-03-12 08:00:00,5775.0
2014-03-12 09:00:00,8666.0
2014-03-12 10:00:00,10939.0
2014-03-12 11:00:00,13056.0
2014-03-12 12:00:00,14009.0
2014-03-12 13:00:00,14188.0
2014-03-12 14:00:00,14196.0
2014-03-12 15:00:00,14177.0
2014-03-12 16:00:00,13829.0
2014-03-12 17:00:00,13630.0
2014-03-12 18:00:00,14528.0
2014-03-12 19:00:00,15091.0
2014-03-12 20:00:00,15171.0
2014-03-12 21:00:00,14131.0
2014-03-12 22:00:00,12073.0
2014-03-12 23:00:00,10934.0
2014-03-13 00:00:00,8765.0
2014-03-13 01:00:00,4639.0
2014-03-13 02:00:00,4641.0
2014-03-13 03:00:00,4332.0
2014-03-13 04:00:00,4243.0
2014-03-13 05:00:00,4154.0
2014-03-13 06:00:00,4179.0
2014-03-13 07:00:00,5329.0
2014-03-13 08:00:00,6135.0
2014-03-13 09:00:00,8572.0
2014-03-13 10:00:00,10997.0
2014-03-13 11:00:00,12999.0
2014-03-13 12:00:00,13790.0
2014-03-13 13:00:00,13974.0
2014-03-13 14:00:00,13950.0
2014-03-13 15:00:00,13927.0
2014-03-13 16:00:00,13648.0
2014-03-13 17:00:00,13675.0
2014-03-13 18:00:00,14235.0
2014-03-13 19:00:00,14687.0
2014-03-13 20:00:00,14599.0
2014-03-13 21:00:00,13794.0
2014-03-13 22:00:00,12005.0
2014-03-13 23:00:00,11009.0
2014-03-14 00:00:00,8903.0
2014-03-14 01:00:00,4884.0
2014-03-14 02:00:00,4734.0
2014-03-14 03:00:00,4335.0
2014-03-14 04:00:00,4298.0
2014-03-14 05:00:00,4197.0
2014-03-14 06:00:00,4266.0
2014-03-14 07:00:00,5914.0
2014-03-14 08:00:00,6583.0
2014-03-14 09:00:00,8973.0
2014-03-14 10:00:00,10992.0
2014-03-14 11:00:00,12696.0
2014-03-14 12:00:00,13662.0
2014-03-14 13:00:00,13637.0
2014-03-14 14:00:00,13655.0
2014-03-14 15:00:00,14204.0
2014-03-14 16:00:00,13979.0
2014-03-14 17:00:00,14058.0
2014-03-14 18:00:00,14883.0
2014-03-14 19:00:00,15322.0
2014-03-14 20:00:00,15227.0
2014-03-14 21:00:00,13972.0
2014-03-14 22:00:00,12056.0
2014-03-14 23:00:00,10882.0
2014-03-15 00:00:00,8827.0
2014-03-15 01:00:00,4900.0
2014-03-15 02:00:00,4716.0
2014-03-15 03:00:00,4319.0
2014-03-15 04:00:00,4288.0
2014-03-15 05:00:00,4204.0
2014-03-15 06:00:00,4225.0
2014-03-15 07:00:00,4382.0
2014-03-15 08:00:00,4277.0
2014-03-15 09:00:00,7896.0
2014-03-15 10:00:00,10908.0
2014-03-15 11:00:00,12836.0
2014-03-15 12:00:00,13873.0
2014-03-15 13:00:00,13917.0
2014-03-15 14:00:00,13774.0
2014-03-15 15:00:00,13729.0
2014-03-15 16:00:00,13777.0
2014-03-15 17:00:00,13846.0
2014-03-15 18:00:00,14598.0
2014-03-15 19:00:00,15209.0
2014-03-15 20:00:00,15314.0
2014-03-15 21:00:00,14288.0
2014-03-15 22:00:00,12569.0
2014-03-15 23:00:00,11253.0
2014-03-16 00:00:00,9134.0
2014-03-16 01:00:00,4452.0
2014-03-16 02:00:00,4240.0
2014-03-16 03:00:00,3892.0
2014-03-16 04:00:00,3769.0
2014-03-16 05:00:00,3734.0
2014-03-16 06:00:00,3776.0
2014-03-16 07:00:00,4178.0
2014-03-16 08:00:00,4361.0
2014-03-16 09:00:00,6997.0
2014-03-16 10:00:00,15261.0
2014-03-16 11:00:00,16046.0
2014-03-16 12:00:00,17019.0
2014-03-16 13:00:00,16635.0
2014-03-16 14:00:00,16643.0
2014-03-16 15:00:00,16961.0
2014-03-16 16:00:00,17436.0
2014-03-16 17:00:00,18666.0
2014-03-16 18:00:00,19322.0
2014-03-16 19:00:00,18851.0
2014-03-16 20:00:00,18249.0
2014-03-16 21:00:00,16993.0
2014-03-16 22:00:00,15049.0
2014-03-16 23:00:00,13718.0
2014-03-17 00:00:00,8648.0
2014-03-17 01:00:00,4613.0
2014-03-17 02:00:00,4485.0
2014-03-17 03:00:00,4111.0
2014-03-17 04:00:00,4054.0
2014-03-17 05:00:00,4016.0
2014-03-17 06:00:00,4074.0
2014-03-17 07:00:00,5432.0
2014-03-17 08:00:00,5759.0
2014-03-17 09:00:00,8613.0
2014-03-17 10:00:00,11156.0
2014-03-17 11:00:00,13196.0
2014-03-17 12:00:00,14167.0
2014-03-17 13:00:00,14459.0
2014-03-17 14:00:00,14381.0
2014-03-17 15:00:00,14081.0
2014-03-17 16:00:00,13722.0
2014-03-17 17:00:00,13768.0
2014-03-17 18:00:00,14586.0
2014-03-17 19:00:00,15016.0
2014-03-17 20:00:00,14998.0
2014-03-17 21:00:00,13951.0
2014-03-17 22:00:00,11973.0
2014-03-17 23:00:00,10801.0
2014-03-18 00:00:00,8505.0
2014-03-18 01:00:00,4439.0
2014-03-18 02:00:00,4506.0
2014-03-18 03:00:00,4112.0
2014-03-18 04:00:00,4034.0
2014-03-18 05:00:00,4017.0
2014-03-18 06:00:00,3984.0
2014-03-18 07:00:00,5155.0
2014-03-18 08:00:00,6007.0
2014-03-18 09:00:00,8531.0
2014-03-18 10:00:00,10993.0
2014-03-18 11:00:00,12725.0
2014-03-18 12:00:00,13432.0
2014-03-18 13:00:00,13425.0
2014-03-18 14:00:00,13405.0
2014-03-18 15:00:00,13255.0
2014-03-18 16:00:00,13334.0
2014-03-18 17:00:00,13304.0
2014-03-18 18:00:00,13730.0
2014-03-18 19:00:00,14495.0
2014-03-18 20:00:00,14250.0
2014-03-18 21:00:00,13579.0
2014-03-18 22:00:00,12063.0
2014-03-18 23:00:00,11117.0
2014-03-19 00:00:00,8890.0
2014-03-19 01:00:00,4912.0
2014-03-19 02:00:00,4774.0
2014-03-19 03:00:00,4492.0
2014-03-19 04:00:00,4387.0
2014-03-19 05:00:00,4348.0
2014-03-19 06:00:00,4214.0
2014-03-19 07:00:00,5438.0
2014-03-19 08:00:00,5950.0
2014-03-19 09:00:00,8498.0
2014-03-19 10:00:00,11290.0
2014-03-19 11:00:00,13504.0
2014-03-19 12:00:00,14610.0
2014-03-19 13:00:00,14709.0
2014-03-19 14:00:00,14568.0
2014-03-19 15:00:00,14489.0
2014-03-19 16:00:00,14211.0
2014-03-19 17:00:00,14124.0
2014-03-19 18:00:00,15113.0
2014-03-19 19:00:00,15460.0
2014-03-19 20:00:00,15555.0
2014-03-19 21:00:00,14367.0
2014-03-19 22:00:00,12497.0
2014-03-19 23:00:00,11044.0
2014-03-20 00:00:00,8781.0
2014-03-20 01:00:00,4650.0
2014-03-20 02:00:00,4430.0
2014-03-20 03:00:00,4154.0
2014-03-20 04:00:00,4105.0
2014-03-20 05:00:00,4113.0
2014-03-20 06:00:00,4107.0
2014-03-20 07:00:00,5363.0
2014-03-20 08:00:00,5955.0
2014-03-20 09:00:00,8623.0
2014-03-20 10:00:00,11198.0
2014-03-20 11:00:00,13003.0
2014-03-20 12:00:00,13892.0
2014-03-20 13:00:00,14168.0
2014-03-20 14:00:00,14169.0
2014-03-20 15:00:00,14636.0
2014-03-20 16:00:00,14487.0
2014-03-20 17:00:00,14343.0
2014-03-20 18:00:00,16669.0
2014-03-20 19:00:00,19204.0
2014-03-20 20:00:00,27667.0
2014-03-20 21:00:00,24961.0
2014-03-20 22:00:00,16103.0
2014-03-20 23:00:00,11855.0
2014-03-21 00:00:00,9994.0
2014-03-21 01:00:00,4941.0
2014-03-21 02:00:00,4632.0
2014-03-21 03:00:00,4216.0
2014-03-21 04:00:00,4134.0
2014-03-21 05:00:00,4081.0
2014-03-21 06:00:00,4099.0
2014-03-21 07:00:00,5398.0
2014-03-21 08:00:00,5994.0
2014-03-21 09:00:00,8806.0
2014-03-21 10:00:00,11547.0
2014-03-21 11:00:00,13066.0
2014-03-21 12:00:00,13737.0
2014-03-21 13:00:00,14189.0
2014-03-21 14:00:00,14021.0
2014-03-21 15:00:00,13848.0
2014-03-21 16:00:00,14430.0
2014-03-21 17:00:00,15253.0
2014-03-21 18:00:00,15046.0
2014-03-21 19:00:00,15725.0
2014-03-21 20:00:00,15819.0
2014-03-21 21:00:00,14812.0
2014-03-21 22:00:00,13000.0
2014-03-21 23:00:00,11790.0
2014-03-22 00:00:00,9392.0
2014-03-22 01:00:00,4858.0
2014-03-22 02:00:00,4731.0
2014-03-22 03:00:00,4404.0
2014-03-22 04:00:00,4266.0
2014-03-22 05:00:00,4256.0
2014-03-22 06:00:00,4335.0
2014-03-22 07:00:00,4317.0
2014-03-22 08:00:00,4397.0
2014-03-22 09:00:00,7290.0
2014-03-22 10:00:00,11617.0
2014-03-22 11:00:00,13391.0
2014-03-22 12:00:00,13846.0
2014-03-22 13:00:00,13840.0
2014-03-22 14:00:00,13874.0
2014-03-22 15:00:00,13871.0
2014-03-22 16:00:00,14404.0
2014-03-22 17:00:00,14114.0
2014-03-22 18:00:00,14572.0
2014-03-22 19:00:00,15529.0
2014-03-22 20:00:00,15640.0
2014-03-22 21:00:00,14779.0
2014-03-22 22:00:00,12851.0
2014-03-22 23:00:00,11730.0
2014-03-23 00:00:00,8643.0
2014-03-23 01:00:00,4465.0
2014-03-23 02:00:00,4344.0
2014-03-23 03:00:00,3893.0
2014-03-23 04:00:00,3830.0
2014-03-23 05:00:00,5207.0
2014-03-23 06:00:00,5413.0
2014-03-23 07:00:00,5687.0
2014-03-23 08:00:00,4241.0
2014-03-23 09:00:00,6623.0
2014-03-23 10:00:00,14351.0
2014-03-23 11:00:00,15097.0
2014-03-23 12:00:00,15661.0
2014-03-23 13:00:00,15709.0
2014-03-23 14:00:00,14604.0
2014-03-23 15:00:00,13474.0
2014-03-23 16:00:00,18976.0
2014-03-23 17:00:00,18198.0
2014-03-23 18:00:00,17289.0
2014-03-23 19:00:00,19426.0
2014-03-23 20:00:00,22489.0
2014-03-23 21:00:00,20420.0
2014-03-23 22:00:00,15142.0
2014-03-23 23:00:00,13513.0
2014-03-24 00:00:00,8564.0
2014-03-24 01:00:00,4499.0
2014-03-24 02:00:00,4312.0
2014-03-24 03:00:00,3942.0
2014-03-24 04:00:00,3843.0
2014-03-24 05:00:00,3824.0
2014-03-24 06:00:00,3870.0
2014-03-24 07:00:00,5410.0
2014-03-24 08:00:00,6319.0
2014-03-24 09:00:00,9689.0
2014-03-24 10:00:00,12688.0
2014-03-24 11:00:00,13133.0
2014-03-24 12:00:00,14070.0
2014-03-24 13:00:00,14259.0
2014-03-24 14:00:00,13617.0
2014-03-24 15:00:00,13804.0
2014-03-24 16:00:00,13903.0
2014-03-24 17:00:00,13783.0
2014-03-24 18:00:00,14079.0
2014-03-24 19:00:00,14755.0
2014-03-24 20:00:00,14654.0
2014-03-24 21:00:00,13754.0
2014-03-24 22:00:00,12021.0
2014-03-24 23:00:00,11215.0
2014-03-25 00:00:00,8818.0
2014-03-25 01:00:00,4795.0
2014-03-25 02:00:00,4625.0
2014-03-25 03:00:00,4277.0
2014-03-25 04:00:00,4163.0
2014-03-25 05:00:00,4094.0
2014-03-25 06:00:00,4278.0
2014-03-25 07:00:00,5877.0
2014-03-25 08:00:00,6373.0
2014-03-25 09:00:00,8892.0
2014-03-25 10:00:00,11340.0
2014-03-25 11:00:00,12797.0
2014-03-25 12:00:00,13250.0
2014-03-25 13:00:00,13360.0
2014-03-25 14:00:00,13341.0
2014-03-25 15:00:00,13381.0
2014-03-25 16:00:00,13510.0
2014-03-25 17:00:00,13599.0
2014-03-25 18:00:00,14523.0
2014-03-25 19:00:00,15045.0
2014-03-25 20:00:00,14935.0
2014-03-25 21:00:00,13974.0
2014-03-25 22:00:00,12177.0
2014-03-25 23:00:00,11077.0
2014-03-26 00:00:00,8928.0
2014-03-26 01:00:00,4481.0
2014-03-26 02:00:00,4368.0
2014-03-26 03:00:00,4122.0
2014-03-26 04:00:00,3959.0
2014-03-26 05:00:00,3928.0
2014-03-26 06:00:00,4001.0
2014-03-26 07:00:00,5381.0
2014-03-26 08:00:00,6080.0
2014-03-26 09:00:00,9753.0
2014-03-26 10:00:00,12216.0
2014-03-26 11:00:00,12925.0
2014-03-26 12:00:00,13368.0
2014-03-26 13:00:00,13315.0
2014-03-26 14:00:00,13350.0
2014-03-26 15:00:00,13340.0
2014-03-26 16:00:00,13220.0
2014-03-26 17:00:00,13193.0
2014-03-26 18:00:00,13806.0
2014-03-26 19:00:00,14753.0
2014-03-26 20:00:00,14741.0
2014-03-26 21:00:00,13824.0
2014-03-26 22:00:00,12056.0
2014-03-26 23:00:00,11040.0
2014-03-27 00:00:00,8918.0
2014-03-27 01:00:00,4333.0
2014-03-27 02:00:00,4286.0
2014-03-27 03:00:00,3974.0
2014-03-27 04:00:00,3826.0
2014-03-27 05:00:00,3755.0
2014-03-27 06:00:00,3871.0
2014-03-27 07:00:00,5545.0
2014-03-27 08:00:00,6299.0
2014-03-27 09:00:00,8785.0
2014-03-27 10:00:00,11255.0
2014-03-27 11:00:00,12819.0
2014-03-27 12:00:00,13375.0
2014-03-27 13:00:00,13577.0
2014-03-27 14:00:00,13540.0
2014-03-27 15:00:00,13608.0
2014-03-27 16:00:00,14353.0
2014-03-27 17:00:00,14494.0
2014-03-27 18:00:00,14694.0
2014-03-27 19:00:00,14807.0
2014-03-27 20:00:00,14781.0
2014-03-27 21:00:00,13837.0
2014-03-27 22:00:00,12001.0
2014-03-27 23:00:00,10811.0
2014-03-28 00:00:00,8909.0
2014-03-28 01:00:00,4746.0
2014-03-28 02:00:00,4661.0
2014-03-28 03:00:00,4344.0
2014-03-28 04:00:00,4189.0
2014-03-28 05:00:00,4171.0
2014-03-28 06:00:00,4229.0
2014-03-28 07:00:00,5833.0
2014-03-28 08:00:00,6459.0
2014-03-28 09:00:00,8986.0
2014-03-28 10:00:00,11180.0
2014-03-28 11:00:00,12575.0
2014-03-28 12:00:00,12984.0
2014-03-28 13:00:00,13042.0
2014-03-28 14:00:00,13007.0
2014-03-28 15:00:00,13367.0
2014-03-28 16:00:00,13423.0
2014-03-28 17:00:00,13604.0
2014-03-28 18:00:00,14012.0
2014-03-28 19:00:00,14812.0
2014-03-28 20:00:00,14919.0
2014-03-28 21:00:00,14200.0
2014-03-28 22:00:00,12469.0
2014-03-28 23:00:00,11500.0
2014-03-29 00:00:00,9139.0
2014-03-29 01:00:00,4549.0
2014-03-29 02:00:00,4318.0
2014-03-29 03:00:00,3942.0
2014-03-29 04:00:00,3824.0
2014-03-29 05:00:00,3775.0
2014-03-29 06:00:00,3867.0
2014-03-29 07:00:00,4130.0
2014-03-29 08:00:00,4310.0
2014-03-29 09:00:00,7620.0
2014-03-29 10:00:00,11161.0
2014-03-29 11:00:00,13236.0
2014-03-29 12:00:00,13727.0
2014-03-29 13:00:00,13257.0
2014-03-29 14:00:00,13286.0
2014-03-29 15:00:00,13595.0
2014-03-29 16:00:00,14382.0
2014-03-29 17:00:00,15251.0
2014-03-29 18:00:00,16192.0
2014-03-29 19:00:00,16989.0
2014-03-29 20:00:00,16818.0
2014-03-29 21:00:00,14944.0
2014-03-29 22:00:00,13002.0
2014-03-29 23:00:00,11835.0
2014-03-30 00:00:00,8637.0
2014-03-30 01:00:00,0.0
2014-03-30 02:00:00,4323.0
2014-03-30 03:00:00,3893.0
2014-03-30 04:00:00,3759.0
2014-03-30 05:00:00,3691.0
2014-03-30 06:00:00,3683.0
2014-03-30 07:00:00,4076.0
2014-03-30 08:00:00,4300.0
2014-03-30 09:00:00,9003.0
2014-03-30 10:00:00,13105.0
2014-03-30 11:00:00,14887.0
2014-03-30 12:00:00,16524.0
2014-03-30 13:00:00,15539.0
2014-03-30 14:00:00,15385.0
2014-03-30 15:00:00,16109.0
2014-03-30 16:00:00,16763.0
2014-03-30 17:00:00,16347.0
2014-03-30 18:00:00,17328.0
2014-03-30 19:00:00,18085.0
2014-03-30 20:00:00,18226.0
2014-03-30 21:00:00,16712.0
2014-03-30 22:00:00,14548.0
2014-03-30 23:00:00,11156.0
2014-03-31 00:00:00,8047.0
2014-03-31 01:00:00,4442.0
2014-03-31 02:00:00,4246.0
2014-03-31 03:00:00,3975.0
2014-03-31 04:00:00,3817.0
2014-03-31 05:00:00,3759.0
2014-03-31 06:00:00,3830.0
2014-03-31 07:00:00,5576.0
2014-03-31 08:00:00,6230.0
2014-03-31 09:00:00,8727.0
2014-03-31 10:00:00,11416.0
2014-03-31 11:00:00,13846.0
2014-03-31 12:00:00,14337.0
2014-03-31 13:00:00,13545.0
2014-03-31 14:00:00,14440.0
2014-03-31 15:00:00,14175.0
2014-03-31 16:00:00,13611.0
2014-03-31 17:00:00,13469.0
2014-03-31 18:00:00,13729.0
2014-03-31 19:00:00,14301.0
2014-03-31 20:00:00,14886.0
2014-03-31 21:00:00,14032.0
2014-03-31 22:00:00,12349.0
2014-03-31 23:00:00,11347.0
2014-04-01 00:00:00,9233.0
2014-04-01 01:00:00,4891.0
2014-04-01 02:00:00,4668.0
2014-04-01 03:00:00,4423.0
2014-04-01 04:00:00,4234.0
2014-04-01 05:00:00,4158.0
2014-04-01 06:00:00,4230.0
2014-04-01 07:00:00,6160.0
2014-04-01 08:00:00,6668.0
2014-04-01 09:00:00,9076.0
2014-04-01 10:00:00,12053.0
2014-04-01 11:00:00,14187.0
2014-04-01 12:00:00,13899.0
2014-04-01 13:00:00,13807.0
2014-04-01 14:00:00,13679.0
2014-04-01 15:00:00,13740.0
2014-04-01 16:00:00,13698.0
2014-04-01 17:00:00,14358.0
2014-04-01 18:00:00,14895.0
2014-04-01 19:00:00,15038.0
2014-04-01 20:00:00,15175.0
2014-04-01 21:00:00,13984.0
2014-04-01 22:00:00,12241.0
2014-04-01 23:00:00,11505.0
2014-04-02 00:00:00,9170.0
2014-04-02 01:00:00,4626.0
2014-04-02 02:00:00,4767.0
2014-04-02 03:00:00,4448.0
2014-04-02 04:00:00,4322.0
2014-04-02 05:00:00,4265.0
2014-04-02 06:00:00,4311.0
2014-04-02 07:00:00,6090.0
2014-04-02 08:00:00,6856.0
2014-04-02 09:00:00,9699.0
2014-04-02 10:00:00,12125.0
2014-04-02 11:00:00,13517.0
2014-04-02 12:00:00,14076.0
2014-04-02 13:00:00,14104.0
2014-04-02 14:00:00,13820.0
2014-04-02 15:00:00,13839.0
2014-04-02 16:00:00,13668.0
2014-04-02 17:00:00,14041.0
2014-04-02 18:00:00,13888.0
2014-04-02 19:00:00,14467.0
2014-04-02 20:00:00,15159.0
2014-04-02 21:00:00,14026.0
2014-04-02 22:00:00,12198.0
2014-04-02 23:00:00,11266.0
2014-04-03 00:00:00,9131.0
2014-04-03 01:00:00,4766.0
2014-04-03 02:00:00,4496.0
2014-04-03 03:00:00,4219.0
2014-04-03 04:00:00,4109.0
2014-04-03 05:00:00,3959.0
2014-04-03 06:00:00,4034.0
2014-04-03 07:00:00,5923.0
2014-04-03 08:00:00,6756.0
2014-04-03 09:00:00,9496.0
2014-04-03 10:00:00,11838.0
2014-04-03 11:00:00,13530.0
2014-04-03 12:00:00,14205.0
2014-04-03 13:00:00,14696.0
2014-04-03 14:00:00,14775.0
2014-04-03 15:00:00,14340.0
2014-04-03 16:00:00,14319.0
2014-04-03 17:00:00,14611.0
2014-04-03 18:00:00,14244.0
2014-04-03 19:00:00,14478.0
2014-04-03 20:00:00,15085.0
2014-04-03 21:00:00,14056.0
2014-04-03 22:00:00,12510.0
2014-04-03 23:00:00,11484.0
2014-04-04 00:00:00,8940.0
2014-04-04 01:00:00,4663.0
2014-04-04 02:00:00,4525.0
2014-04-04 03:00:00,4232.0
2014-04-04 04:00:00,4086.0
2014-04-04 05:00:00,3990.0
2014-04-04 06:00:00,4098.0
2014-04-04 07:00:00,5603.0
2014-04-04 08:00:00,6405.0
2014-04-04 09:00:00,8830.0
2014-04-04 10:00:00,11158.0
2014-04-04 11:00:00,12731.0
2014-04-04 12:00:00,13688.0
2014-04-04 13:00:00,13854.0
2014-04-04 14:00:00,14114.0
2014-04-04 15:00:00,14460.0
2014-04-04 16:00:00,14056.0
2014-04-04 17:00:00,14349.0
2014-04-04 18:00:00,15121.0
2014-04-04 19:00:00,15261.0
2014-04-04 20:00:00,15088.0
2014-04-04 21:00:00,13815.0
2014-04-04 22:00:00,12080.0
2014-04-04 23:00:00,11213.0
2014-04-05 00:00:00,9015.0
2014-04-05 01:00:00,4538.0
2014-04-05 02:00:00,4399.0
2014-04-05 03:00:00,4070.0
2014-04-05 04:00:00,3953.0
2014-04-05 05:00:00,3844.0
2014-04-05 06:00:00,3918.0
2014-04-05 07:00:00,4303.0
2014-04-05 08:00:00,4374.0
2014-04-05 09:00:00,8584.0
2014-04-05 10:00:00,11571.0
2014-04-05 11:00:00,13956.0
2014-04-05 12:00:00,14524.0
2014-04-05 13:00:00,14553.0
2014-04-05 14:00:00,14610.0
2014-04-05 15:00:00,14987.0
2014-04-05 16:00:00,15469.0
2014-04-05 17:00:00,15395.0
2014-04-05 18:00:00,15213.0
2014-04-05 19:00:00,15400.0
2014-04-05 20:00:00,16581.0
2014-04-05 21:00:00,15613.0
2014-04-05 22:00:00,13470.0
2014-04-05 23:00:00,11528.0
2014-04-06 00:00:00,9048.0
2014-04-06 01:00:00,4778.0
2014-04-06 02:00:00,4522.0
2014-04-06 03:00:00,4174.0
2014-04-06 04:00:00,4051.0
2014-04-06 05:00:00,4003.0
2014-04-06 06:00:00,4049.0
2014-04-06 07:00:00,4384.0
2014-04-06 08:00:00,4459.0
2014-04-06 09:00:00,6772.0
2014-04-06 10:00:00,15382.0
2014-04-06 11:00:00,15941.0
2014-04-06 12:00:00,16575.0
2014-04-06 13:00:00,16893.0
2014-04-06 14:00:00,17305.0
2014-04-06 15:00:00,17467.0
2014-04-06 16:00:00,18158.0
2014-04-06 17:00:00,18720.0
2014-04-06 18:00:00,18654.0
2014-04-06 19:00:00,18720.0
2014-04-06 20:00:00,18860.0
2014-04-06 21:00:00,17347.0
2014-04-06 22:00:00,15224.0
2014-04-06 23:00:00,13741.0
2014-04-07 00:00:00,8974.0
2014-04-07 01:00:00,4924.0
2014-04-07 02:00:00,4891.0
2014-04-07 03:00:00,4591.0
2014-04-07 04:00:00,4513.0
2014-04-07 05:00:00,4446.0
2014-04-07 06:00:00,4417.0
2014-04-07 07:00:00,4996.0
2014-04-07 08:00:00,6079.0
2014-04-07 09:00:00,8630.0
2014-04-07 10:00:00,11442.0
2014-04-07 11:00:00,13683.0
2014-04-07 12:00:00,14411.0
2014-04-07 13:00:00,14364.0
2014-04-07 14:00:00,14423.0
2014-04-07 15:00:00,14252.0
2014-04-07 16:00:00,16313.0
2014-04-07 17:00:00,18803.0
2014-04-07 18:00:00,16948.0
2014-04-07 19:00:00,15282.0
2014-04-07 20:00:00,15997.0
2014-04-07 21:00:00,15110.0
2014-04-07 22:00:00,20372.0
2014-04-07 23:00:00,20314.0
2014-04-08 00:00:00,11391.0
2014-04-08 01:00:00,5008.0
2014-04-08 02:00:00,4799.0
2014-04-08 03:00:00,4560.0
2014-04-08 04:00:00,4489.0
2014-04-08 05:00:00,4392.0
2014-04-08 06:00:00,4441.0
2014-04-08 07:00:00,5811.0
2014-04-08 08:00:00,6964.0
2014-04-08 09:00:00,9326.0
2014-04-08 10:00:00,11807.0
2014-04-08 11:00:00,13625.0
2014-04-08 12:00:00,15075.0
2014-04-08 13:00:00,17825.0
2014-04-08 14:00:00,20222.0
2014-04-08 15:00:00,20809.0
2014-04-08 16:00:00,20903.0
2014-04-08 17:00:00,22222.0
2014-04-08 18:00:00,21661.0
2014-04-08 19:00:00,21169.0
2014-04-08 20:00:00,19525.0
2014-04-08 21:00:00,15125.0
2014-04-08 22:00:00,13017.0
2014-04-08 23:00:00,11733.0
2014-04-09 00:00:00,9322.0
2014-04-09 01:00:00,4868.0
2014-04-09 02:00:00,5023.0
2014-04-09 03:00:00,4716.0
2014-04-09 04:00:00,4588.0
2014-04-09 05:00:00,4609.0
2014-04-09 06:00:00,4617.0
2014-04-09 07:00:00,6245.0
2014-04-09 08:00:00,6763.0
2014-04-09 09:00:00,9096.0
2014-04-09 10:00:00,11720.0
2014-04-09 11:00:00,13768.0
2014-04-09 12:00:00,14362.0
2014-04-09 13:00:00,18026.0
2014-04-09 14:00:00,18674.0
2014-04-09 15:00:00,19095.0
2014-04-09 16:00:00,21398.0
2014-04-09 17:00:00,20036.0
2014-04-09 18:00:00,17537.0
2014-04-09 19:00:00,17179.0
2014-04-09 20:00:00,17363.0
2014-04-09 21:00:00,15748.0
2014-04-09 22:00:00,13372.0
2014-04-09 23:00:00,12175.0
2014-04-10 00:00:00,9483.0
2014-04-10 01:00:00,5276.0
2014-04-10 02:00:00,5173.0
2014-04-10 03:00:00,4882.0
2014-04-10 04:00:00,4816.0
2014-04-10 05:00:00,4800.0
2014-04-10 06:00:00,4862.0
2014-04-10 07:00:00,6660.0
2014-04-10 08:00:00,7012.0
2014-04-10 09:00:00,9278.0
2014-04-10 10:00:00,11755.0
2014-04-10 11:00:00,13963.0
2014-04-10 12:00:00,14817.0
2014-04-10 13:00:00,15498.0
2014-04-10 14:00:00,15041.0
2014-04-10 15:00:00,14673.0
2014-04-10 16:00:00,14704.0
2014-04-10 17:00:00,16666.0
2014-04-10 18:00:00,18429.0
2014-04-10 19:00:00,15201.0
2014-04-10 20:00:00,16105.0
2014-04-10 21:00:00,14875.0
2014-04-10 22:00:00,23182.0
2014-04-10 23:00:00,19823.0
2014-04-11 00:00:00,9879.0
2014-04-11 01:00:00,5322.0
2014-04-11 02:00:00,5132.0
2014-04-11 03:00:00,4752.0
2014-04-11 04:00:00,4676.0
2014-04-11 05:00:00,4554.0
2014-04-11 06:00:00,4615.0
2014-04-11 07:00:00,5724.0
2014-04-11 08:00:00,6727.0
2014-04-11 09:00:00,9270.0
2014-04-11 10:00:00,11781.0
2014-04-11 11:00:00,13738.0
2014-04-11 12:00:00,14506.0
2014-04-11 13:00:00,14430.0
2014-04-11 14:00:00,14431.0
2014-04-11 15:00:00,14837.0
2014-04-11 16:00:00,18365.0
2014-04-11 17:00:00,18281.0
2014-04-11 18:00:00,17381.0
2014-04-11 19:00:00,14729.0
2014-04-11 20:00:00,15629.0
2014-04-11 21:00:00,14582.0
2014-04-11 22:00:00,12815.0
2014-04-11 23:00:00,11601.0
2014-04-12 00:00:00,9183.0
2014-04-12 01:00:00,4556.0
2014-04-12 02:00:00,4545.0
2014-04-12 03:00:00,4245.0
2014-04-12 04:00:00,4108.0
2014-04-12 05:00:00,4121.0
2014-04-12 06:00:00,4095.0
2014-04-12 07:00:00,4381.0
2014-04-12 08:00:00,4357.0
2014-04-12 09:00:00,8030.0
2014-04-12 10:00:00,11834.0
2014-04-12 11:00:00,13829.0
2014-04-12 12:00:00,14489.0
2014-04-12 13:00:00,14424.0
2014-04-12 14:00:00,14457.0
2014-04-12 15:00:00,15159.0
2014-04-12 16:00:00,15250.0
2014-04-12 17:00:00,15258.0
2014-04-12 18:00:00,15220.0
2014-04-12 19:00:00,15244.0
2014-04-12 20:00:00,16400.0
2014-04-12 21:00:00,15154.0
2014-04-12 22:00:00,13259.0
2014-04-12 23:00:00,11697.0
2014-04-13 00:00:00,9579.0
2014-04-13 01:00:00,4876.0
2014-04-13 02:00:00,4490.0
2014-04-13 03:00:00,4131.0
2014-04-13 04:00:00,4043.0
2014-04-13 05:00:00,3968.0
2014-04-13 06:00:00,4022.0
2014-04-13 07:00:00,4374.0
2014-04-13 08:00:00,4342.0
2014-04-13 09:00:00,10757.0
2014-04-13 10:00:00,14771.0
2014-04-13 11:00:00,16464.0
2014-04-13 12:00:00,17325.0
2014-04-13 13:00:00,17311.0
2014-04-13 14:00:00,17128.0
2014-04-13 15:00:00,17558.0
2014-04-13 16:00:00,18671.0
2014-04-13 17:00:00,23136.0
2014-04-13 18:00:00,21983.0
2014-04-13 19:00:00,21798.0
2014-04-13 20:00:00,22025.0
2014-04-13 21:00:00,17653.0
2014-04-13 22:00:00,16160.0
2014-04-13 23:00:00,14546.0
2014-04-14 00:00:00,9208.0
2014-04-14 01:00:00,5031.0
2014-04-14 02:00:00,4845.0
2014-04-14 03:00:00,4497.0
2014-04-14 04:00:00,4452.0
2014-04-14 05:00:00,4356.0
2014-04-14 06:00:00,4386.0
2014-04-14 07:00:00,6128.0
2014-04-14 08:00:00,6512.0
2014-04-14 09:00:00,8880.0
2014-04-14 10:00:00,12352.0
2014-04-14 11:00:00,14580.0
2014-04-14 12:00:00,15539.0
2014-04-14 13:00:00,16209.0
2014-04-14 14:00:00,16033.0
2014-04-14 15:00:00,16032.0
2014-04-14 16:00:00,16038.0
2014-04-14 17:00:00,15927.0
2014-04-14 18:00:00,15843.0
2014-04-14 19:00:00,16478.0
2014-04-14 20:00:00,16956.0
2014-04-14 21:00:00,15426.0
2014-04-14 22:00:00,13255.0
2014-04-14 23:00:00,11975.0
2014-04-15 00:00:00,9214.0
2014-04-15 01:00:00,5106.0
2014-04-15 02:00:00,4946.0
2014-04-15 03:00:00,4704.0
2014-04-15 04:00:00,4498.0
2014-04-15 05:00:00,4426.0
2014-04-15 06:00:00,4534.0
2014-04-15 07:00:00,6346.0
2014-04-15 08:00:00,7134.0
2014-04-15 09:00:00,9630.0
2014-04-15 10:00:00,12919.0
2014-04-15 11:00:00,14810.0
2014-04-15 12:00:00,16029.0
2014-04-15 13:00:00,16059.0
2014-04-15 14:00:00,15777.0
2014-04-15 15:00:00,15715.0
2014-04-15 16:00:00,15812.0
2014-04-15 17:00:00,15775.0
2014-04-15 18:00:00,15683.0
2014-04-15 19:00:00,16199.0
2014-04-15 20:00:00,16630.0
2014-04-15 21:00:00,15023.0
2014-04-15 22:00:00,13128.0
2014-04-15 23:00:00,11814.0
2014-04-16 00:00:00,9230.0
2014-04-16 01:00:00,4890.0
2014-04-16 02:00:00,4715.0
2014-04-16 03:00:00,4397.0
2014-04-16 04:00:00,4270.0
2014-04-16 05:00:00,4264.0
2014-04-16 06:00:00,4293.0
2014-04-16 07:00:00,6084.0
2014-04-16 08:00:00,6615.0
2014-04-16 09:00:00,9181.0
2014-04-16 10:00:00,11979.0
2014-04-16 11:00:00,13797.0
2014-04-16 12:00:00,14395.0
2014-04-16 13:00:00,15215.0
2014-04-16 14:00:00,15204.0
2014-04-16 15:00:00,15375.0
2014-04-16 16:00:00,15548.0
2014-04-16 17:00:00,15754.0
2014-04-16 18:00:00,16178.0
2014-04-16 19:00:00,16241.0
2014-04-16 20:00:00,17083.0
2014-04-16 21:00:00,15635.0
2014-04-16 22:00:00,17093.0
2014-04-16 23:00:00,22617.0
2014-04-17 00:00:00,13823.0
2014-04-17 01:00:00,5010.0
2014-04-17 02:00:00,4854.0
2014-04-17 03:00:00,4500.0
2014-04-17 04:00:00,4402.0
2014-04-17 05:00:00,4398.0
2014-04-17 06:00:00,4503.0
2014-04-17 07:00:00,6413.0
2014-04-17 08:00:00,6939.0
2014-04-17 09:00:00,9777.0
2014-04-17 10:00:00,12834.0
2014-04-17 11:00:00,14628.0
2014-04-17 12:00:00,15903.0
2014-04-17 13:00:00,16265.0
2014-04-17 14:00:00,16531.0
2014-04-17 15:00:00,16618.0
2014-04-17 16:00:00,16962.0
2014-04-17 17:00:00,16811.0
2014-04-17 18:00:00,16213.0
2014-04-17 19:00:00,15943.0
2014-04-17 20:00:00,16439.0
2014-04-17 21:00:00,15173.0
2014-04-17 22:00:00,13234.0
2014-04-17 23:00:00,11984.0
2014-04-18 00:00:00,9629.0
2014-04-18 01:00:00,4942.0
2014-04-18 02:00:00,4949.0
2014-04-18 03:00:00,4674.0
2014-04-18 04:00:00,4714.0
2014-04-18 05:00:00,4657.0
2014-04-18 06:00:00,4686.0
2014-04-18 07:00:00,5104.0
2014-04-18 08:00:00,5041.0
2014-04-18 09:00:00,10743.0
2014-04-18 10:00:00,15126.0
2014-04-18 11:00:00,16779.0
2014-04-18 12:00:00,20118.0
2014-04-18 13:00:00,20993.0
2014-04-18 14:00:00,20832.0
2014-04-18 15:00:00,21208.0
2014-04-18 16:00:00,21359.0
2014-04-18 17:00:00,21323.0
2014-04-18 18:00:00,21020.0
2014-04-18 19:00:00,20670.0
2014-04-18 20:00:00,19893.0
2014-04-18 21:00:00,17770.0
2014-04-18 22:00:00,15717.0
2014-04-18 23:00:00,13464.0
2014-04-19 00:00:00,8416.0
2014-04-19 01:00:00,4772.0
2014-04-19 02:00:00,4688.0
2014-04-19 03:00:00,4385.0
2014-04-19 04:00:00,4373.0
2014-04-19 05:00:00,4272.0
2014-04-19 06:00:00,4342.0
2014-04-19 07:00:00,4694.0
2014-04-19 08:00:00,4735.0
2014-04-19 09:00:00,8506.0
2014-04-19 10:00:00,11907.0
2014-04-19 11:00:00,13946.0
2014-04-19 12:00:00,14965.0
2014-04-19 13:00:00,14724.0
2014-04-19 14:00:00,14649.0
2014-04-19 15:00:00,14791.0
2014-04-19 16:00:00,15174.0
2014-04-19 17:00:00,14714.0
2014-04-19 18:00:00,14824.0
2014-04-19 19:00:00,15356.0
2014-04-19 20:00:00,16047.0
2014-04-19 21:00:00,14815.0
2014-04-19 22:00:00,12795.0
2014-04-19 23:00:00,11331.0
2014-04-20 00:00:00,8389.0
2014-04-20 01:00:00,4820.0
2014-04-20 02:00:00,4438.0
2014-04-20 03:00:00,4143.0
2014-04-20 04:00:00,4087.0
2014-04-20 05:00:00,3978.0
2014-04-20 06:00:00,4064.0
2014-04-20 07:00:00,4500.0
2014-04-20 08:00:00,4475.0
2014-04-20 09:00:00,6810.0
2014-04-20 10:00:00,11727.0
2014-04-20 11:00:00,17688.0
2014-04-20 12:00:00,17814.0
2014-04-20 13:00:00,17044.0
2014-04-20 14:00:00,17693.0
2014-04-20 15:00:00,18280.0
2014-04-20 16:00:00,18288.0
2014-04-20 17:00:00,18167.0
2014-04-20 18:00:00,17970.0
2014-04-20 19:00:00,18836.0
2014-04-20 20:00:00,25274.0
2014-04-20 21:00:00,24697.0
2014-04-20 22:00:00,16763.0
2014-04-20 23:00:00,14308.0
2014-04-21 00:00:00,8776.0
2014-04-21 01:00:00,4890.0
2014-04-21 02:00:00,4665.0
2014-04-21 03:00:00,4304.0
2014-04-21 04:00:00,4246.0
2014-04-21 05:00:00,4124.0
2014-04-21 06:00:00,4190.0
2014-04-21 07:00:00,5739.0
2014-04-21 08:00:00,6408.0
2014-04-21 09:00:00,9316.0
2014-04-21 10:00:00,12146.0
2014-04-21 11:00:00,14051.0
2014-04-21 12:00:00,14725.0
2014-04-21 13:00:00,14714.0
2014-04-21 14:00:00,14693.0
2014-04-21 15:00:00,14748.0
2014-04-21 16:00:00,15166.0
2014-04-21 17:00:00,15393.0
2014-04-21 18:00:00,15169.0
2014-04-21 19:00:00,14977.0
2014-04-21 20:00:00,15703.0
2014-04-21 21:00:00,14787.0
2014-04-21 22:00:00,13008.0
2014-04-21 23:00:00,11450.0
2014-04-22 00:00:00,9208.0
2014-04-22 01:00:00,5091.0
2014-04-22 02:00:00,4801.0
2014-04-22 03:00:00,4420.0
2014-04-22 04:00:00,4368.0
2014-04-22 05:00:00,4087.0
2014-04-22 06:00:00,4149.0
2014-04-22 07:00:00,6056.0
2014-04-22 08:00:00,6585.0
2014-04-22 09:00:00,9174.0
2014-04-22 10:00:00,12128.0
2014-04-22 11:00:00,14178.0
2014-04-22 12:00:00,14923.0
2014-04-22 13:00:00,14923.0
2014-04-22 14:00:00,14802.0
2014-04-22 15:00:00,14807.0
2014-04-22 16:00:00,15002.0
2014-04-22 17:00:00,15375.0
2014-04-22 18:00:00,15395.0
2014-04-22 19:00:00,15177.0
2014-04-22 20:00:00,15719.0
2014-04-22 21:00:00,14826.0
2014-04-22 22:00:00,13307.0
2014-04-22 23:00:00,12201.0
2014-04-23 00:00:00,9265.0
2014-04-23 01:00:00,4762.0
2014-04-23 02:00:00,5017.0
2014-04-23 03:00:00,4722.0
2014-04-23 04:00:00,4741.0
2014-04-23 05:00:00,4719.0
2014-04-23 06:00:00,4873.0
2014-04-23 07:00:00,6425.0
2014-04-23 08:00:00,6461.0
2014-04-23 09:00:00,8754.0
2014-04-23 10:00:00,11747.0
2014-04-23 11:00:00,14295.0
2014-04-23 12:00:00,15090.0
2014-04-23 13:00:00,15025.0
2014-04-23 14:00:00,14969.0
2014-04-23 15:00:00,15197.0
2014-04-23 16:00:00,15004.0
2014-04-23 17:00:00,15016.0
2014-04-23 18:00:00,14905.0
2014-04-23 19:00:00,14897.0
2014-04-23 20:00:00,15864.0
2014-04-23 21:00:00,14854.0
2014-04-23 22:00:00,12800.0
2014-04-23 23:00:00,11499.0
2014-04-24 00:00:00,9185.0
2014-04-24 01:00:00,4725.0
2014-04-24 02:00:00,4573.0
2014-04-24 03:00:00,4370.0
2014-04-24 04:00:00,4348.0
2014-04-24 05:00:00,4301.0
2014-04-24 06:00:00,4522.0
2014-04-24 07:00:00,6064.0
2014-04-24 08:00:00,6378.0
2014-04-24 09:00:00,9028.0
2014-04-24 10:00:00,11918.0
2014-04-24 11:00:00,13404.0
2014-04-24 12:00:00,14126.0
2014-04-24 13:00:00,14162.0
2014-04-24 14:00:00,14085.0
2014-04-24 15:00:00,14510.0
2014-04-24 16:00:00,14258.0
2014-04-24 17:00:00,14972.0
2014-04-24 18:00:00,15068.0
2014-04-24 19:00:00,15416.0
2014-04-24 20:00:00,16095.0
2014-04-24 21:00:00,15414.0
2014-04-24 22:00:00,22098.0
2014-04-24 23:00:00,23180.0
2014-04-25 00:00:00,11214.0
2014-04-25 01:00:00,5111.0
2014-04-25 02:00:00,4751.0
2014-04-25 03:00:00,4428.0
2014-04-25 04:00:00,4374.0
2014-04-25 05:00:00,4607.0
2014-04-25 06:00:00,4568.0
2014-04-25 07:00:00,4971.0
2014-04-25 08:00:00,4797.0
2014-04-25 09:00:00,6912.0
2014-04-25 10:00:00,13555.0
2014-04-25 11:00:00,16626.0
2014-04-25 12:00:00,16527.0
2014-04-25 13:00:00,16928.0
2014-04-25 14:00:00,16858.0
2014-04-25 15:00:00,16854.0
2014-04-25 16:00:00,20908.0
2014-04-25 17:00:00,20808.0
2014-04-25 18:00:00,20545.0
2014-04-25 19:00:00,19125.0
2014-04-25 20:00:00,18879.0
2014-04-25 21:00:00,17796.0
2014-04-25 22:00:00,15873.0
2014-04-25 23:00:00,14180.0
2014-04-26 00:00:00,8397.0
2014-04-26 01:00:00,4875.0
2014-04-26 02:00:00,4775.0
2014-04-26 03:00:00,4405.0
2014-04-26 04:00:00,4322.0
2014-04-26 05:00:00,4270.0
2014-04-26 06:00:00,4329.0
2014-04-26 07:00:00,4654.0
2014-04-26 08:00:00,4608.0
2014-04-26 09:00:00,8755.0
2014-04-26 10:00:00,11916.0
2014-04-26 11:00:00,14008.0
2014-04-26 12:00:00,14626.0
2014-04-26 13:00:00,14600.0
2014-04-26 14:00:00,14757.0
2014-04-26 15:00:00,14760.0
2014-04-26 16:00:00,14922.0
2014-04-26 17:00:00,14820.0
2014-04-26 18:00:00,14813.0
2014-04-26 19:00:00,15412.0
2014-04-26 20:00:00,16600.0
2014-04-26 21:00:00,15744.0
2014-04-26 22:00:00,13516.0
2014-04-26 23:00:00,11568.0
2014-04-27 00:00:00,8559.0
2014-04-27 01:00:00,4598.0
2014-04-27 02:00:00,4266.0
2014-04-27 03:00:00,4052.0
2014-04-27 04:00:00,3974.0
2014-04-27 05:00:00,3930.0
2014-04-27 06:00:00,4043.0
2014-04-27 07:00:00,4388.0
2014-04-27 08:00:00,4487.0
2014-04-27 09:00:00,8502.0
2014-04-27 10:00:00,14715.0
2014-04-27 11:00:00,16866.0
2014-04-27 12:00:00,20142.0
2014-04-27 13:00:00,20031.0
2014-04-27 14:00:00,20142.0
2014-04-27 15:00:00,20385.0
2014-04-27 16:00:00,20328.0
2014-04-27 17:00:00,20260.0
2014-04-27 18:00:00,20156.0
2014-04-27 19:00:00,19825.0
2014-04-27 20:00:00,17371.0
2014-04-27 21:00:00,18138.0
2014-04-27 22:00:00,15605.0
2014-04-27 23:00:00,11975.0
2014-04-28 00:00:00,8412.0
2014-04-28 01:00:00,4957.0
2014-04-28 02:00:00,4788.0
2014-04-28 03:00:00,4433.0
2014-04-28 04:00:00,4326.0
2014-04-28 05:00:00,4300.0
2014-04-28 06:00:00,4349.0
2014-04-28 07:00:00,6115.0
2014-04-28 08:00:00,6542.0
2014-04-28 09:00:00,9749.0
2014-04-28 10:00:00,13216.0
2014-04-28 11:00:00,14290.0
2014-04-28 12:00:00,14885.0
2014-04-28 13:00:00,16099.0
2014-04-28 14:00:00,16353.0
2014-04-28 15:00:00,16297.0
2014-04-28 16:00:00,16428.0
2014-04-28 17:00:00,16564.0
2014-04-28 18:00:00,16168.0
2014-04-28 19:00:00,15912.0
2014-04-28 20:00:00,16772.0
2014-04-28 21:00:00,15115.0
2014-04-28 22:00:00,13344.0
2014-04-28 23:00:00,12215.0
2014-04-29 00:00:00,10042.0
2014-04-29 01:00:00,4921.0
2014-04-29 02:00:00,4684.0
2014-04-29 03:00:00,4484.0
2014-04-29 04:00:00,4359.0
2014-04-29 05:00:00,4347.0
2014-04-29 06:00:00,4396.0
2014-04-29 07:00:00,6100.0
2014-04-29 08:00:00,6533.0
2014-04-29 09:00:00,9035.0
2014-04-29 10:00:00,11869.0
2014-04-29 11:00:00,14752.0
2014-04-29 12:00:00,16163.0
2014-04-29 13:00:00,16422.0
2014-04-29 14:00:00,16336.0
2014-04-29 15:00:00,16405.0
2014-04-29 16:00:00,16441.0
2014-04-29 17:00:00,16369.0
2014-04-29 18:00:00,16304.0
2014-04-29 19:00:00,16162.0
2014-04-29 20:00:00,17059.0
2014-04-29 21:00:00,15640.0
2014-04-29 22:00:00,13479.0
2014-04-29 23:00:00,12191.0
2014-04-30 00:00:00,9560.0
2014-04-30 01:00:00,4830.0
2014-04-30 02:00:00,4647.0
2014-04-30 03:00:00,4373.0
2014-04-30 04:00:00,4209.0
2014-04-30 05:00:00,4260.0
2014-04-30 06:00:00,4422.0
2014-04-30 07:00:00,6185.0
2014-04-30 08:00:00,6551.0
2014-04-30 09:00:00,9421.0
2014-04-30 10:00:00,12221.0
2014-04-30 11:00:00,15223.0
2014-04-30 12:00:00,18039.0
2014-04-30 13:00:00,21087.0
2014-04-30 14:00:00,20778.0
2014-04-30 15:00:00,20856.0
2014-04-30 16:00:00,20673.0
2014-04-30 17:00:00,17923.0
2014-04-30 18:00:00,16657.0
2014-04-30 19:00:00,16462.0
2014-04-30 20:00:00,16984.0
2014-04-30 21:00:00,15772.0
2014-04-30 22:00:00,13546.0
2014-04-30 23:00:00,12251.0
2014-05-01 00:00:00,10067.0
2014-05-01 01:00:00,5217.0
2014-05-01 02:00:00,4807.0
2014-05-01 03:00:00,4534.0
2014-05-01 04:00:00,4420.0
2014-05-01 05:00:00,4385.0
2014-05-01 06:00:00,4329.0
2014-05-01 07:00:00,4623.0
2014-05-01 08:00:00,4644.0
2014-05-01 09:00:00,9402.0
2014-05-01 10:00:00,14754.0
2014-05-01 11:00:00,18552.0
2014-05-01 12:00:00,21401.0
2014-05-01 13:00:00,22613.0
2014-05-01 14:00:00,22728.0
2014-05-01 15:00:00,22866.0
2014-05-01 16:00:00,23031.0
2014-05-01 17:00:00,22712.0
2014-05-01 18:00:00,22150.0
2014-05-01 19:00:00,21847.0
2014-05-01 20:00:00,22251.0
2014-05-01 21:00:00,18620.0
2014-05-01 22:00:00,15332.0
2014-05-01 23:00:00,12137.0
2014-05-02 00:00:00,8529.0
2014-05-02 01:00:00,5337.0
2014-05-02 02:00:00,5056.0
2014-05-02 03:00:00,4595.0
2014-05-02 04:00:00,4623.0
2014-05-02 05:00:00,4488.0
2014-05-02 06:00:00,4319.0
2014-05-02 07:00:00,6123.0
2014-05-02 08:00:00,6661.0
2014-05-02 09:00:00,9623.0
2014-05-02 10:00:00,13314.0
2014-05-02 11:00:00,15613.0
2014-05-02 12:00:00,16827.0
2014-05-02 13:00:00,21614.0
2014-05-02 14:00:00,22271.0
2014-05-02 15:00:00,22781.0
2014-05-02 16:00:00,23114.0
2014-05-02 17:00:00,21873.0
2014-05-02 18:00:00,21233.0
2014-05-02 19:00:00,18159.0
2014-05-02 20:00:00,17651.0
2014-05-02 21:00:00,16305.0
2014-05-02 22:00:00,14182.0
2014-05-02 23:00:00,12671.0
2014-05-03 00:00:00,9741.0
2014-05-03 01:00:00,4880.0
2014-05-03 02:00:00,4450.0
2014-05-03 03:00:00,4173.0
2014-05-03 04:00:00,4075.0
2014-05-03 05:00:00,4085.0
2014-05-03 06:00:00,4172.0
2014-05-03 07:00:00,4528.0
2014-05-03 08:00:00,4583.0
2014-05-03 09:00:00,9869.0
2014-05-03 10:00:00,15144.0
2014-05-03 11:00:00,16627.0
2014-05-03 12:00:00,16774.0
2014-05-03 13:00:00,16980.0
2014-05-03 14:00:00,17079.0
2014-05-03 15:00:00,19811.0
2014-05-03 16:00:00,20406.0
2014-05-03 17:00:00,20605.0
2014-05-03 18:00:00,20618.0
2014-05-03 19:00:00,17646.0
2014-05-03 20:00:00,17997.0
2014-05-03 21:00:00,16844.0
2014-05-03 22:00:00,14829.0
2014-05-03 23:00:00,12751.0
2014-05-04 00:00:00,9239.0
2014-05-04 01:00:00,4614.0
2014-05-04 02:00:00,4427.0
2014-05-04 03:00:00,4062.0
2014-05-04 04:00:00,3937.0
2014-05-04 05:00:00,3916.0
2014-05-04 06:00:00,4010.0
2014-05-04 07:00:00,4417.0
2014-05-04 08:00:00,4441.0
2014-05-04 09:00:00,12487.0
2014-05-04 10:00:00,14413.0
2014-05-04 11:00:00,22152.0
2014-05-04 12:00:00,23259.0
2014-05-04 13:00:00,25222.0
2014-05-04 14:00:00,24953.0
2014-05-04 15:00:00,25906.0
2014-05-04 16:00:00,26193.0
2014-05-04 17:00:00,26783.0
2014-05-04 18:00:00,26559.0
2014-05-04 19:00:00,26022.0
2014-05-04 20:00:00,33582.0
2014-05-04 21:00:00,30672.0
2014-05-04 22:00:00,20726.0
2014-05-04 23:00:00,15827.0
2014-05-05 00:00:00,9332.0
2014-05-05 01:00:00,4787.0
2014-05-05 02:00:00,4488.0
2014-05-05 03:00:00,4190.0
2014-05-05 04:00:00,4084.0
2014-05-05 05:00:00,4090.0
2014-05-05 06:00:00,4188.0
2014-05-05 07:00:00,5710.0
2014-05-05 08:00:00,6577.0
2014-05-05 09:00:00,9786.0
2014-05-05 10:00:00,12988.0
2014-05-05 11:00:00,18627.0
2014-05-05 12:00:00,21395.0
2014-05-05 13:00:00,21685.0
2014-05-05 14:00:00,21636.0
2014-05-05 15:00:00,21491.0
2014-05-05 16:00:00,21545.0
2014-05-05 17:00:00,21473.0
2014-05-05 18:00:00,21480.0
2014-05-05 19:00:00,20972.0
2014-05-05 20:00:00,21023.0
2014-05-05 21:00:00,17367.0
2014-05-05 22:00:00,13789.0
2014-05-05 23:00:00,12430.0
2014-05-06 00:00:00,9688.0
2014-05-06 01:00:00,4785.0
2014-05-06 02:00:00,4444.0
2014-05-06 03:00:00,4191.0
2014-05-06 04:00:00,4039.0
2014-05-06 05:00:00,3993.0
2014-05-06 06:00:00,4155.0
2014-05-06 07:00:00,5556.0
2014-05-06 08:00:00,6423.0
2014-05-06 09:00:00,9110.0
2014-05-06 10:00:00,12407.0
2014-05-06 11:00:00,17097.0
2014-05-06 12:00:00,19152.0
2014-05-06 13:00:00,19651.0
2014-05-06 14:00:00,20430.0
2014-05-06 15:00:00,18661.0
2014-05-06 16:00:00,21498.0
2014-05-06 17:00:00,20974.0
2014-05-06 18:00:00,20298.0
2014-05-06 19:00:00,19857.0
2014-05-06 20:00:00,18780.0
2014-05-06 21:00:00,15658.0
2014-05-06 22:00:00,15236.0
2014-05-06 23:00:00,12192.0
2014-05-07 00:00:00,9685.0
2014-05-07 01:00:00,4893.0
2014-05-07 02:00:00,4624.0
2014-05-07 03:00:00,4290.0
2014-05-07 04:00:00,4217.0
2014-05-07 05:00:00,4246.0
2014-05-07 06:00:00,4123.0
2014-05-07 07:00:00,5536.0
2014-05-07 08:00:00,6340.0
2014-05-07 09:00:00,8918.0
2014-05-07 10:00:00,11452.0
2014-05-07 11:00:00,16018.0
2014-05-07 12:00:00,19481.0
2014-05-07 13:00:00,20042.0
2014-05-07 14:00:00,20479.0
2014-05-07 15:00:00,20634.0
2014-05-07 16:00:00,20768.0
2014-05-07 17:00:00,20556.0
2014-05-07 18:00:00,20016.0
2014-05-07 19:00:00,19699.0
2014-05-07 20:00:00,20004.0
2014-05-07 21:00:00,16454.0
2014-05-07 22:00:00,12845.0
2014-05-07 23:00:00,11814.0
2014-05-08 00:00:00,9511.0
2014-05-08 01:00:00,5050.0
2014-05-08 02:00:00,4753.0
2014-05-08 03:00:00,4313.0
2014-05-08 04:00:00,4370.0
2014-05-08 05:00:00,4457.0
2014-05-08 06:00:00,4405.0
2014-05-08 07:00:00,5541.0
2014-05-08 08:00:00,6399.0
2014-05-08 09:00:00,9002.0
2014-05-08 10:00:00,10989.0
2014-05-08 11:00:00,15037.0
2014-05-08 12:00:00,19732.0
2014-05-08 13:00:00,19945.0
2014-05-08 14:00:00,20046.0
2014-05-08 15:00:00,20236.0
2014-05-08 16:00:00,20238.0
2014-05-08 17:00:00,19670.0
2014-05-08 18:00:00,19267.0
2014-05-08 19:00:00,18797.0
2014-05-08 20:00:00,19691.0
2014-05-08 21:00:00,15840.0
2014-05-08 22:00:00,12859.0
2014-05-08 23:00:00,11823.0
2014-05-09 00:00:00,9668.0
2014-05-09 01:00:00,4885.0
2014-05-09 02:00:00,4785.0
2014-05-09 03:00:00,4914.0
2014-05-09 04:00:00,4796.0
2014-05-09 05:00:00,4802.0
2014-05-09 06:00:00,4690.0
2014-05-09 07:00:00,5589.0
2014-05-09 08:00:00,6519.0
2014-05-09 09:00:00,9153.0
2014-05-09 10:00:00,11950.0
2014-05-09 11:00:00,16535.0
2014-05-09 12:00:00,20059.0
2014-05-09 13:00:00,20494.0
2014-05-09 14:00:00,20798.0
2014-05-09 15:00:00,21287.0
2014-05-09 16:00:00,21139.0
2014-05-09 17:00:00,21021.0
2014-05-09 18:00:00,20679.0
2014-05-09 19:00:00,20264.0
2014-05-09 20:00:00,20316.0
2014-05-09 21:00:00,16289.0
2014-05-09 22:00:00,13221.0
2014-05-09 23:00:00,12046.0
2014-05-10 00:00:00,9378.0
2014-05-10 01:00:00,4950.0
2014-05-10 02:00:00,4694.0
2014-05-10 03:00:00,4328.0
2014-05-10 04:00:00,4238.0
2014-05-10 05:00:00,4114.0
2014-05-10 06:00:00,4135.0
2014-05-10 07:00:00,4305.0
2014-05-10 08:00:00,4396.0
2014-05-10 09:00:00,8158.0
2014-05-10 10:00:00,11573.0
2014-05-10 11:00:00,15124.0
2014-05-10 12:00:00,20992.0
2014-05-10 13:00:00,20495.0
2014-05-10 14:00:00,20458.0
2014-05-10 15:00:00,21065.0
2014-05-10 16:00:00,21134.0
2014-05-10 17:00:00,21008.0
2014-05-10 18:00:00,17749.0
2014-05-10 19:00:00,17073.0
2014-05-10 20:00:00,17522.0
2014-05-10 21:00:00,16119.0
2014-05-10 22:00:00,13617.0
2014-05-10 23:00:00,11933.0
2014-05-11 00:00:00,9946.0
2014-05-11 01:00:00,4833.0
2014-05-11 02:00:00,4227.0
2014-05-11 03:00:00,4026.0
2014-05-11 04:00:00,3887.0
2014-05-11 05:00:00,3855.0
2014-05-11 06:00:00,3941.0
2014-05-11 07:00:00,4313.0
2014-05-11 08:00:00,4854.0
2014-05-11 09:00:00,12315.0
2014-05-11 10:00:00,15154.0
2014-05-11 11:00:00,20304.0
2014-05-11 12:00:00,23044.0
2014-05-11 13:00:00,23088.0
2014-05-11 14:00:00,23148.0
2014-05-11 15:00:00,23467.0
2014-05-11 16:00:00,23604.0
2014-05-11 17:00:00,23872.0
2014-05-11 18:00:00,23509.0
2014-05-11 19:00:00,23296.0
2014-05-11 20:00:00,23724.0
2014-05-11 21:00:00,19255.0
2014-05-11 22:00:00,16773.0
2014-05-11 23:00:00,15028.0
2014-05-12 00:00:00,8624.0
2014-05-12 01:00:00,4876.0
2014-05-12 02:00:00,4628.0
2014-05-12 03:00:00,4352.0
2014-05-12 04:00:00,4278.0
2014-05-12 05:00:00,4201.0
2014-05-12 06:00:00,4349.0
2014-05-12 07:00:00,6258.0
2014-05-12 08:00:00,6987.0
2014-05-12 09:00:00,10285.0
2014-05-12 10:00:00,13512.0
2014-05-12 11:00:00,16061.0
2014-05-12 12:00:00,16561.0
2014-05-12 13:00:00,16459.0
2014-05-12 14:00:00,16547.0
2014-05-12 15:00:00,16736.0
2014-05-12 16:00:00,16918.0
2014-05-12 17:00:00,16898.0
2014-05-12 18:00:00,16793.0
2014-05-12 19:00:00,16565.0
2014-05-12 20:00:00,17190.0
2014-05-12 21:00:00,15492.0
2014-05-12 22:00:00,13479.0
2014-05-12 23:00:00,12192.0
2014-05-13 00:00:00,9524.0
2014-05-13 01:00:00,4902.0
2014-05-13 02:00:00,4646.0
2014-05-13 03:00:00,4550.0
2014-05-13 04:00:00,4500.0
2014-05-13 05:00:00,4431.0
2014-05-13 06:00:00,4507.0
2014-05-13 07:00:00,6205.0
2014-05-13 08:00:00,7231.0
2014-05-13 09:00:00,11639.0
2014-05-13 10:00:00,14793.0
2014-05-13 11:00:00,15780.0
2014-05-13 12:00:00,16524.0
2014-05-13 13:00:00,17046.0
2014-05-13 14:00:00,16961.0
2014-05-13 15:00:00,17101.0
2014-05-13 16:00:00,17262.0
2014-05-13 17:00:00,17085.0
2014-05-13 18:00:00,16815.0
2014-05-13 19:00:00,16665.0
2014-05-13 20:00:00,17688.0
2014-05-13 21:00:00,15690.0
2014-05-13 22:00:00,13549.0
2014-05-13 23:00:00,12331.0
2014-05-14 00:00:00,9257.0
2014-05-14 01:00:00,5070.0
2014-05-14 02:00:00,4822.0
2014-05-14 03:00:00,4543.0
2014-05-14 04:00:00,4343.0
2014-05-14 05:00:00,4399.0
2014-05-14 06:00:00,4479.0
2014-05-14 07:00:00,6432.0
2014-05-14 08:00:00,7633.0
2014-05-14 09:00:00,11478.0
2014-05-14 10:00:00,14559.0
2014-05-14 11:00:00,16562.0
2014-05-14 12:00:00,17327.0
2014-05-14 13:00:00,17921.0
2014-05-14 14:00:00,20257.0
2014-05-14 15:00:00,22196.0
2014-05-14 16:00:00,23288.0
2014-05-14 17:00:00,23097.0
2014-05-14 18:00:00,22779.0
2014-05-14 19:00:00,20346.0
2014-05-14 20:00:00,18686.0
2014-05-14 21:00:00,16861.0
2014-05-14 22:00:00,14519.0
2014-05-14 23:00:00,13046.0
2014-05-15 00:00:00,9735.0
2014-05-15 01:00:00,4681.0
2014-05-15 02:00:00,4480.0
2014-05-15 03:00:00,4240.0
2014-05-15 04:00:00,4051.0
2014-05-15 05:00:00,4022.0
2014-05-15 06:00:00,4143.0
2014-05-15 07:00:00,6033.0
2014-05-15 08:00:00,6582.0
2014-05-15 09:00:00,9842.0
2014-05-15 10:00:00,13088.0
2014-05-15 11:00:00,15550.0
2014-05-15 12:00:00,17645.0
2014-05-15 13:00:00,21948.0
2014-05-15 14:00:00,21824.0
2014-05-15 15:00:00,21795.0
2014-05-15 16:00:00,22154.0
2014-05-15 17:00:00,21681.0
2014-05-15 18:00:00,21113.0
2014-05-15 19:00:00,17993.0
2014-05-15 20:00:00,18180.0
2014-05-15 21:00:00,16485.0
2014-05-15 22:00:00,14089.0
2014-05-15 23:00:00,12812.0
2014-05-16 00:00:00,10531.0
2014-05-16 01:00:00,6921.0
2014-05-16 02:00:00,6497.0
2014-05-16 03:00:00,6279.0
2014-05-16 04:00:00,4905.0
2014-05-16 05:00:00,4076.0
2014-05-16 06:00:00,4225.0
2014-05-16 07:00:00,6103.0
2014-05-16 08:00:00,6654.0
2014-05-16 09:00:00,9181.0
2014-05-16 10:00:00,13890.0
2014-05-16 11:00:00,16960.0
2014-05-16 12:00:00,16990.0
2014-05-16 13:00:00,17236.0
2014-05-16 14:00:00,18078.0
2014-05-16 15:00:00,21685.0
2014-05-16 16:00:00,21426.0
2014-05-16 17:00:00,18665.0
2014-05-16 18:00:00,20207.0
2014-05-16 19:00:00,21954.0
2014-05-16 20:00:00,20192.0
2014-05-16 21:00:00,17201.0
2014-05-16 22:00:00,14885.0
2014-05-16 23:00:00,13509.0
2014-05-17 00:00:00,10433.0
2014-05-17 01:00:00,5079.0
2014-05-17 02:00:00,4794.0
2014-05-17 03:00:00,4555.0
2014-05-17 04:00:00,4461.0
2014-05-17 05:00:00,4432.0
2014-05-17 06:00:00,4471.0
2014-05-17 07:00:00,4438.0
2014-05-17 08:00:00,4423.0
2014-05-17 09:00:00,9082.0
2014-05-17 10:00:00,12672.0
2014-05-17 11:00:00,15436.0
2014-05-17 12:00:00,17194.0
2014-05-17 13:00:00,21017.0
2014-05-17 14:00:00,21409.0
2014-05-17 15:00:00,21179.0
2014-05-17 16:00:00,21228.0
2014-05-17 17:00:00,21485.0
2014-05-17 18:00:00,21342.0
2014-05-17 19:00:00,21394.0
2014-05-17 20:00:00,19392.0
2014-05-17 21:00:00,16830.0
2014-05-17 22:00:00,14628.0
2014-05-17 23:00:00,13948.0
2014-05-18 00:00:00,9817.0
2014-05-18 01:00:00,4500.0
2014-05-18 02:00:00,4134.0
2014-05-18 03:00:00,3794.0
2014-05-18 04:00:00,3786.0
2014-05-18 05:00:00,3674.0
2014-05-18 06:00:00,3823.0
2014-05-18 07:00:00,4159.0
2014-05-18 08:00:00,4263.0
2014-05-18 09:00:00,7031.0
2014-05-18 10:00:00,16597.0
2014-05-18 11:00:00,23560.0
2014-05-18 12:00:00,24416.0
2014-05-18 13:00:00,24667.0
2014-05-18 14:00:00,24744.0
2014-05-18 15:00:00,24630.0
2014-05-18 16:00:00,24643.0
2014-05-18 17:00:00,24655.0
2014-05-18 18:00:00,24366.0
2014-05-18 19:00:00,23871.0
2014-05-18 20:00:00,24386.0
2014-05-18 21:00:00,18888.0
2014-05-18 22:00:00,16658.0
2014-05-18 23:00:00,14342.0
2014-05-19 00:00:00,8428.0
2014-05-19 01:00:00,4796.0
2014-05-19 02:00:00,4486.0
2014-05-19 03:00:00,4352.0
2014-05-19 04:00:00,4094.0
2014-05-19 05:00:00,4159.0
2014-05-19 06:00:00,4003.0
2014-05-19 07:00:00,5907.0
2014-05-19 08:00:00,6509.0
2014-05-19 09:00:00,9061.0
2014-05-19 10:00:00,12171.0
2014-05-19 11:00:00,15417.0
2014-05-19 12:00:00,16895.0
2014-05-19 13:00:00,16605.0
2014-05-19 14:00:00,17061.0
2014-05-19 15:00:00,16409.0
2014-05-19 16:00:00,16367.0
2014-05-19 17:00:00,16324.0
2014-05-19 18:00:00,16237.0
2014-05-19 19:00:00,15838.0
2014-05-19 20:00:00,16962.0
2014-05-19 21:00:00,15093.0
2014-05-19 22:00:00,12728.0
2014-05-19 23:00:00,11605.0
2014-05-20 00:00:00,9263.0
2014-05-20 01:00:00,4889.0
2014-05-20 02:00:00,4507.0
2014-05-20 03:00:00,4112.0
2014-05-20 04:00:00,4054.0
2014-05-20 05:00:00,4121.0
2014-05-20 06:00:00,4223.0
2014-05-20 07:00:00,6021.0
2014-05-20 08:00:00,6384.0
2014-05-20 09:00:00,9435.0
2014-05-20 10:00:00,12464.0
2014-05-20 11:00:00,14572.0
2014-05-20 12:00:00,15696.0
2014-05-20 13:00:00,16223.0
2014-05-20 14:00:00,16191.0
2014-05-20 15:00:00,16238.0
2014-05-20 16:00:00,16181.0
2014-05-20 17:00:00,16653.0
2014-05-20 18:00:00,16642.0
2014-05-20 19:00:00,16474.0
2014-05-20 20:00:00,16649.0
2014-05-20 21:00:00,15048.0
2014-05-20 22:00:00,13104.0
2014-05-20 23:00:00,11864.0
2014-05-21 00:00:00,9318.0
2014-05-21 01:00:00,4578.0
2014-05-21 02:00:00,4474.0
2014-05-21 03:00:00,4144.0
2014-05-21 04:00:00,3979.0
2014-05-21 05:00:00,4008.0
2014-05-21 06:00:00,4068.0
2014-05-21 07:00:00,5603.0
2014-05-21 08:00:00,6330.0
2014-05-21 09:00:00,8846.0
2014-05-21 10:00:00,12297.0
2014-05-21 11:00:00,14654.0
2014-05-21 12:00:00,15519.0
2014-05-21 13:00:00,15190.0
2014-05-21 14:00:00,15212.0
2014-05-21 15:00:00,15161.0
2014-05-21 16:00:00,15321.0
2014-05-21 17:00:00,15365.0
2014-05-21 18:00:00,15241.0
2014-05-21 19:00:00,15330.0
2014-05-21 20:00:00,16416.0
2014-05-21 21:00:00,14784.0
2014-05-21 22:00:00,12773.0
2014-05-21 23:00:00,11739.0
2014-05-22 00:00:00,9480.0
2014-05-22 01:00:00,4541.0
2014-05-22 02:00:00,4547.0
2014-05-22 03:00:00,4319.0
2014-05-22 04:00:00,4197.0
2014-05-22 05:00:00,4137.0
2014-05-22 06:00:00,4038.0
2014-05-22 07:00:00,5624.0
2014-05-22 08:00:00,6850.0
2014-05-22 09:00:00,9333.0
2014-05-22 10:00:00,12010.0
2014-05-22 11:00:00,13959.0
2014-05-22 12:00:00,14778.0
2014-05-22 13:00:00,15415.0
2014-05-22 14:00:00,15825.0
2014-05-22 15:00:00,15807.0
2014-05-22 16:00:00,16058.0
2014-05-22 17:00:00,16063.0
2014-05-22 18:00:00,16119.0
2014-05-22 19:00:00,16019.0
2014-05-22 20:00:00,17101.0
2014-05-22 21:00:00,15365.0
2014-05-22 22:00:00,13188.0
2014-05-22 23:00:00,11620.0
2014-05-23 00:00:00,9411.0
2014-05-23 01:00:00,4758.0
2014-05-23 02:00:00,4523.0
2014-05-23 03:00:00,4207.0
2014-05-23 04:00:00,4166.0
2014-05-23 05:00:00,4148.0
2014-05-23 06:00:00,4299.0
2014-05-23 07:00:00,6053.0
2014-05-23 08:00:00,6686.0
2014-05-23 09:00:00,9099.0
2014-05-23 10:00:00,11841.0
2014-05-23 11:00:00,15007.0
2014-05-23 12:00:00,16079.0
2014-05-23 13:00:00,16177.0
2014-05-23 14:00:00,16059.0
2014-05-23 15:00:00,16593.0
2014-05-23 16:00:00,16467.0
2014-05-23 17:00:00,16312.0
2014-05-23 18:00:00,16169.0
2014-05-23 19:00:00,16113.0
2014-05-23 20:00:00,17031.0
2014-05-23 21:00:00,15299.0
2014-05-23 22:00:00,13020.0
2014-05-23 23:00:00,11510.0
2014-05-24 00:00:00,9373.0
2014-05-24 01:00:00,4644.0
2014-05-24 02:00:00,4257.0
2014-05-24 03:00:00,4038.0
2014-05-24 04:00:00,3903.0
2014-05-24 05:00:00,3871.0
2014-05-24 06:00:00,4023.0
2014-05-24 07:00:00,4267.0
2014-05-24 08:00:00,4210.0
2014-05-24 09:00:00,9311.0
2014-05-24 10:00:00,15097.0
2014-05-24 11:00:00,16126.0
2014-05-24 12:00:00,16426.0
2014-05-24 13:00:00,16713.0
2014-05-24 14:00:00,16615.0
2014-05-24 15:00:00,16554.0
2014-05-24 16:00:00,16606.0
2014-05-24 17:00:00,16587.0
2014-05-24 18:00:00,16587.0
2014-05-24 19:00:00,16450.0
2014-05-24 20:00:00,17276.0
2014-05-24 21:00:00,17715.0
2014-05-24 22:00:00,17103.0
2014-05-24 23:00:00,13566.0
2014-05-25 00:00:00,8838.0
2014-05-25 01:00:00,5258.0
2014-05-25 02:00:00,5204.0
2014-05-25 03:00:00,4849.0
2014-05-25 04:00:00,4738.0
2014-05-25 05:00:00,4715.0
2014-05-25 06:00:00,4527.0
2014-05-25 07:00:00,4050.0
2014-05-25 08:00:00,4197.0
2014-05-25 09:00:00,11137.0
2014-05-25 10:00:00,16223.0
2014-05-25 11:00:00,21004.0
2014-05-25 12:00:00,21805.0
2014-05-25 13:00:00,21440.0
2014-05-25 14:00:00,21634.0
2014-05-25 15:00:00,21735.0
2014-05-25 16:00:00,22460.0
2014-05-25 17:00:00,21929.0
2014-05-25 18:00:00,21580.0
2014-05-25 19:00:00,21261.0
2014-05-25 20:00:00,21969.0
2014-05-25 21:00:00,18195.0
2014-05-25 22:00:00,15178.0
2014-05-25 23:00:00,12497.0
2014-05-26 00:00:00,8610.0
2014-05-26 01:00:00,5038.0
2014-05-26 02:00:00,4785.0
2014-05-26 03:00:00,4586.0
2014-05-26 04:00:00,4472.0
2014-05-26 05:00:00,4121.0
2014-05-26 06:00:00,4093.0
2014-05-26 07:00:00,5865.0
2014-05-26 08:00:00,6502.0
2014-05-26 09:00:00,9232.0
2014-05-26 10:00:00,11612.0
2014-05-26 11:00:00,14806.0
2014-05-26 12:00:00,15874.0
2014-05-26 13:00:00,15966.0
2014-05-26 14:00:00,15902.0
2014-05-26 15:00:00,15942.0
2014-05-26 16:00:00,15820.0
2014-05-26 17:00:00,15747.0
2014-05-26 18:00:00,15619.0
2014-05-26 19:00:00,15592.0
2014-05-26 20:00:00,16582.0
2014-05-26 21:00:00,15112.0
2014-05-26 22:00:00,13209.0
2014-05-26 23:00:00,12190.0
2014-05-27 00:00:00,9477.0
2014-05-27 01:00:00,4996.0
2014-05-27 02:00:00,4767.0
2014-05-27 03:00:00,4473.0
2014-05-27 04:00:00,4529.0
2014-05-27 05:00:00,4312.0
2014-05-27 06:00:00,4325.0
2014-05-27 07:00:00,6303.0
2014-05-27 08:00:00,6823.0
2014-05-27 09:00:00,9252.0
2014-05-27 10:00:00,11395.0
2014-05-27 11:00:00,14444.0
2014-05-27 12:00:00,15891.0
2014-05-27 13:00:00,16015.0
2014-05-27 14:00:00,15967.0
2014-05-27 15:00:00,16073.0
2014-05-27 16:00:00,16204.0
2014-05-27 17:00:00,16083.0
2014-05-27 18:00:00,16119.0
2014-05-27 19:00:00,16698.0
2014-05-27 20:00:00,17610.0
2014-05-27 21:00:00,15588.0
2014-05-27 22:00:00,13356.0
2014-05-27 23:00:00,12310.0
2014-05-28 00:00:00,9596.0
2014-05-28 01:00:00,4987.0
2014-05-28 02:00:00,4724.0
2014-05-28 03:00:00,4463.0
2014-05-28 04:00:00,4330.0
2014-05-28 05:00:00,4197.0
2014-05-28 06:00:00,4229.0
2014-05-28 07:00:00,6383.0
2014-05-28 08:00:00,6729.0
2014-05-28 09:00:00,9241.0
2014-05-28 10:00:00,11979.0
2014-05-28 11:00:00,15120.0
2014-05-28 12:00:00,16072.0
2014-05-28 13:00:00,16331.0
2014-05-28 14:00:00,16601.0
2014-05-28 15:00:00,16741.0
2014-05-28 16:00:00,16631.0
2014-05-28 17:00:00,16419.0
2014-05-28 18:00:00,16297.0
2014-05-28 19:00:00,16240.0
2014-05-28 20:00:00,17167.0
2014-05-28 21:00:00,15960.0
2014-05-28 22:00:00,13766.0
2014-05-28 23:00:00,12608.0
2014-05-29 00:00:00,9659.0
2014-05-29 01:00:00,4737.0
2014-05-29 02:00:00,4422.0
2014-05-29 03:00:00,4097.0
2014-05-29 04:00:00,3989.0
2014-05-29 05:00:00,3942.0
2014-05-29 06:00:00,4031.0
2014-05-29 07:00:00,5842.0
2014-05-29 08:00:00,6486.0
2014-05-29 09:00:00,9147.0
2014-05-29 10:00:00,11989.0
2014-05-29 11:00:00,15693.0
2014-05-29 12:00:00,16830.0
2014-05-29 13:00:00,16923.0
2014-05-29 14:00:00,16806.0
2014-05-29 15:00:00,17302.0
2014-05-29 16:00:00,16854.0
2014-05-29 17:00:00,16623.0
2014-05-29 18:00:00,16409.0
2014-05-29 19:00:00,16476.0
2014-05-29 20:00:00,17189.0
2014-05-29 21:00:00,15546.0
2014-05-29 22:00:00,13472.0
2014-05-29 23:00:00,12294.0
2014-05-30 00:00:00,9270.0
2014-05-30 01:00:00,4794.0
2014-05-30 02:00:00,4531.0
2014-05-30 03:00:00,4144.0
2014-05-30 04:00:00,3911.0
2014-05-30 05:00:00,3920.0
2014-05-30 06:00:00,3907.0
2014-05-30 07:00:00,5687.0
2014-05-30 08:00:00,6329.0
2014-05-30 09:00:00,8834.0
2014-05-30 10:00:00,11412.0
2014-05-30 11:00:00,13892.0
2014-05-30 12:00:00,16155.0
2014-05-30 13:00:00,16770.0
2014-05-30 14:00:00,16716.0
2014-05-30 15:00:00,16646.0
2014-05-30 16:00:00,16457.0
2014-05-30 17:00:00,16113.0
2014-05-30 18:00:00,15528.0
2014-05-30 19:00:00,15633.0
2014-05-30 20:00:00,16548.0
2014-05-30 21:00:00,15190.0
2014-05-30 22:00:00,13070.0
2014-05-30 23:00:00,12082.0
2014-05-31 00:00:00,9404.0
2014-05-31 01:00:00,4615.0
2014-05-31 02:00:00,4298.0
2014-05-31 03:00:00,3967.0
2014-05-31 04:00:00,3772.0
2014-05-31 05:00:00,3836.0
2014-05-31 06:00:00,3909.0
2014-05-31 07:00:00,4136.0
2014-05-31 08:00:00,4181.0
2014-05-31 09:00:00,10404.0
2014-05-31 10:00:00,15217.0
2014-05-31 11:00:00,16092.0
2014-05-31 12:00:00,16329.0
2014-05-31 13:00:00,16441.0
2014-05-31 14:00:00,16389.0
2014-05-31 15:00:00,16468.0
2014-05-31 16:00:00,16579.0
2014-05-31 17:00:00,16558.0
2014-05-31 18:00:00,16345.0
2014-05-31 19:00:00,16040.0
2014-05-31 20:00:00,16788.0
2014-05-31 21:00:00,15332.0
2014-05-31 22:00:00,13045.0
2014-05-31 23:00:00,11656.0
2014-06-01 00:00:00,8997.0
2014-06-01 01:00:00,4712.0
2014-06-01 02:00:00,4313.0
2014-06-01 03:00:00,3926.0
2014-06-01 04:00:00,3790.0
2014-06-01 05:00:00,3745.0
2014-06-01 06:00:00,3770.0
2014-06-01 07:00:00,4093.0
2014-06-01 08:00:00,4230.0
2014-06-01 09:00:00,7480.0
2014-06-01 10:00:00,15428.0
2014-06-01 11:00:00,18938.0
2014-06-01 12:00:00,20730.0
2014-06-01 13:00:00,21220.0
2014-06-01 14:00:00,23768.0
2014-06-01 15:00:00,24010.0
2014-06-01 16:00:00,23732.0
2014-06-01 17:00:00,23960.0
2014-06-01 18:00:00,23225.0
2014-06-01 19:00:00,22538.0
2014-06-01 20:00:00,21402.0
2014-06-01 21:00:00,18277.0
2014-06-01 22:00:00,15408.0
2014-06-01 23:00:00,14304.0
2014-06-02 00:00:00,8560.0
2014-06-02 01:00:00,4719.0
2014-06-02 02:00:00,4514.0
2014-06-02 03:00:00,4427.0
2014-06-02 04:00:00,4359.0
2014-06-02 05:00:00,4308.0
2014-06-02 06:00:00,4127.0
2014-06-02 07:00:00,5486.0
2014-06-02 08:00:00,7524.0
2014-06-02 09:00:00,11797.0
2014-06-02 10:00:00,13460.0
2014-06-02 11:00:00,14830.0
2014-06-02 12:00:00,17293.0
2014-06-02 13:00:00,17009.0
2014-06-02 14:00:00,17093.0
2014-06-02 15:00:00,16892.0
2014-06-02 16:00:00,16896.0
2014-06-02 17:00:00,16805.0
2014-06-02 18:00:00,16655.0
2014-06-02 19:00:00,16501.0
2014-06-02 20:00:00,17106.0
2014-06-02 21:00:00,15458.0
2014-06-02 22:00:00,13500.0
2014-06-02 23:00:00,12181.0
2014-06-03 00:00:00,9627.0
2014-06-03 01:00:00,4889.0
2014-06-03 02:00:00,4500.0
2014-06-03 03:00:00,4230.0
2014-06-03 04:00:00,4098.0
2014-06-03 05:00:00,3997.0
2014-06-03 06:00:00,4100.0
2014-06-03 07:00:00,5743.0
2014-06-03 08:00:00,6241.0
2014-06-03 09:00:00,9511.0
2014-06-03 10:00:00,13124.0
2014-06-03 11:00:00,14418.0
2014-06-03 12:00:00,14962.0
2014-06-03 13:00:00,16216.0
2014-06-03 14:00:00,16379.0
2014-06-03 15:00:00,16560.0
2014-06-03 16:00:00,16576.0
2014-06-03 17:00:00,16628.0
2014-06-03 18:00:00,16445.0
2014-06-03 19:00:00,16031.0
2014-06-03 20:00:00,16973.0
2014-06-03 21:00:00,15679.0
2014-06-03 22:00:00,13758.0
2014-06-03 23:00:00,12456.0
2014-06-04 00:00:00,9679.0
2014-06-04 01:00:00,4839.0
2014-06-04 02:00:00,4377.0
2014-06-04 03:00:00,4057.0
2014-06-04 04:00:00,3925.0
2014-06-04 05:00:00,3905.0
2014-06-04 06:00:00,3971.0
2014-06-04 07:00:00,5454.0
2014-06-04 08:00:00,6130.0
2014-06-04 09:00:00,8682.0
2014-06-04 10:00:00,11343.0
2014-06-04 11:00:00,13949.0
2014-06-04 12:00:00,16110.0
2014-06-04 13:00:00,16561.0
2014-06-04 14:00:00,17756.0
2014-06-04 15:00:00,18005.0
2014-06-04 16:00:00,16896.0
2014-06-04 17:00:00,16811.0
2014-06-04 18:00:00,16512.0
2014-06-04 19:00:00,16190.0
2014-06-04 20:00:00,16652.0
2014-06-04 21:00:00,15431.0
2014-06-04 22:00:00,13294.0
2014-06-04 23:00:00,12089.0
2014-06-05 00:00:00,9321.0
2014-06-05 01:00:00,4663.0
2014-06-05 02:00:00,4350.0
2014-06-05 03:00:00,4071.0
2014-06-05 04:00:00,3944.0
2014-06-05 05:00:00,3904.0
2014-06-05 06:00:00,4024.0
2014-06-05 07:00:00,5277.0
2014-06-05 08:00:00,5828.0
2014-06-05 09:00:00,9401.0
2014-06-05 10:00:00,14199.0
2014-06-05 11:00:00,16100.0
2014-06-05 12:00:00,16638.0
2014-06-05 13:00:00,16654.0
2014-06-05 14:00:00,16779.0
2014-06-05 15:00:00,18438.0
2014-06-05 16:00:00,16935.0
2014-06-05 17:00:00,16745.0
2014-06-05 18:00:00,16675.0
2014-06-05 19:00:00,16566.0
2014-06-05 20:00:00,17028.0
2014-06-05 21:00:00,15737.0
2014-06-05 22:00:00,13819.0
2014-06-05 23:00:00,12307.0
2014-06-06 00:00:00,9512.0
2014-06-06 01:00:00,4943.0
2014-06-06 02:00:00,4744.0
2014-06-06 03:00:00,4362.0
2014-06-06 04:00:00,4204.0
2014-06-06 05:00:00,4124.0
2014-06-06 06:00:00,4152.0
2014-06-06 07:00:00,5459.0
2014-06-06 08:00:00,6316.0
2014-06-06 09:00:00,10505.0
2014-06-06 10:00:00,14511.0
2014-06-06 11:00:00,16156.0
2014-06-06 12:00:00,16701.0
2014-06-06 13:00:00,16836.0
2014-06-06 14:00:00,19654.0
2014-06-06 15:00:00,19554.0
2014-06-06 16:00:00,17493.0
2014-06-06 17:00:00,17119.0
2014-06-06 18:00:00,17082.0
2014-06-06 19:00:00,16891.0
2014-06-06 20:00:00,17013.0
2014-06-06 21:00:00,15254.0
2014-06-06 22:00:00,13492.0
2014-06-06 23:00:00,12315.0
2014-06-07 00:00:00,9732.0
2014-06-07 01:00:00,4800.0
2014-06-07 02:00:00,4507.0
2014-06-07 03:00:00,4113.0
2014-06-07 04:00:00,4043.0
2014-06-07 05:00:00,3967.0
2014-06-07 06:00:00,3981.0
2014-06-07 07:00:00,4023.0
2014-06-07 08:00:00,4417.0
2014-06-07 09:00:00,8857.0
2014-06-07 10:00:00,14557.0
2014-06-07 11:00:00,15790.0
2014-06-07 12:00:00,16136.0
2014-06-07 13:00:00,16151.0
2014-06-07 14:00:00,16096.0
2014-06-07 15:00:00,16170.0
2014-06-07 16:00:00,16150.0
2014-06-07 17:00:00,16175.0
2014-06-07 18:00:00,16112.0
2014-06-07 19:00:00,16137.0
2014-06-07 20:00:00,16740.0
2014-06-07 21:00:00,15613.0
2014-06-07 22:00:00,13437.0
2014-06-07 23:00:00,11836.0
2014-06-08 00:00:00,9660.0
2014-06-08 01:00:00,4748.0
2014-06-08 02:00:00,4544.0
2014-06-08 03:00:00,4142.0
2014-06-08 04:00:00,4059.0
2014-06-08 05:00:00,3987.0
2014-06-08 06:00:00,4087.0
2014-06-08 07:00:00,4352.0
2014-06-08 08:00:00,4486.0
2014-06-08 09:00:00,6890.0
2014-06-08 10:00:00,17763.0
2014-06-08 11:00:00,22822.0
2014-06-08 12:00:00,21787.0
2014-06-08 13:00:00,21838.0
2014-06-08 14:00:00,21740.0
2014-06-08 15:00:00,21996.0
2014-06-08 16:00:00,21863.0
2014-06-08 17:00:00,21447.0
2014-06-08 18:00:00,21249.0
2014-06-08 19:00:00,21046.0
2014-06-08 20:00:00,21484.0
2014-06-08 21:00:00,18758.0
2014-06-08 22:00:00,16221.0
2014-06-08 23:00:00,14674.0
2014-06-09 00:00:00,8880.0
2014-06-09 01:00:00,4821.0
2014-06-09 02:00:00,4531.0
2014-06-09 03:00:00,4156.0
2014-06-09 04:00:00,3943.0
2014-06-09 05:00:00,3925.0
2014-06-09 06:00:00,4039.0
2014-06-09 07:00:00,5722.0
2014-06-09 08:00:00,5839.0
2014-06-09 09:00:00,8770.0
2014-06-09 10:00:00,13263.0
2014-06-09 11:00:00,15195.0
2014-06-09 12:00:00,16478.0
2014-06-09 13:00:00,16552.0
2014-06-09 14:00:00,16658.0
2014-06-09 15:00:00,16626.0
2014-06-09 16:00:00,16634.0
2014-06-09 17:00:00,16505.0
2014-06-09 18:00:00,16636.0
2014-06-09 19:00:00,16606.0
2014-06-09 20:00:00,17140.0
2014-06-09 21:00:00,15924.0
2014-06-09 22:00:00,13994.0
2014-06-09 23:00:00,12534.0
2014-06-10 00:00:00,9602.0
2014-06-10 01:00:00,4651.0
2014-06-10 02:00:00,4466.0
2014-06-10 03:00:00,4111.0
2014-06-10 04:00:00,3953.0
2014-06-10 05:00:00,3848.0
2014-06-10 06:00:00,4011.0
2014-06-10 07:00:00,4120.0
2014-06-10 08:00:00,4328.0
2014-06-10 09:00:00,6999.0
2014-06-10 10:00:00,16136.0
2014-06-10 11:00:00,20795.0
2014-06-10 12:00:00,21685.0
2014-06-10 13:00:00,21938.0
2014-06-10 14:00:00,22282.0
2014-06-10 15:00:00,22620.0
2014-06-10 16:00:00,22788.0
2014-06-10 17:00:00,23153.0
2014-06-10 18:00:00,22646.0
2014-06-10 19:00:00,22293.0
2014-06-10 20:00:00,22629.0
2014-06-10 21:00:00,19155.0
2014-06-10 22:00:00,16152.0
2014-06-10 23:00:00,12658.0
2014-06-11 00:00:00,8341.0
2014-06-11 01:00:00,4816.0
2014-06-11 02:00:00,4360.0
2014-06-11 03:00:00,4048.0
2014-06-11 04:00:00,3915.0
2014-06-11 05:00:00,3854.0
2014-06-11 06:00:00,3969.0
2014-06-11 07:00:00,5259.0
2014-06-11 08:00:00,5741.0
2014-06-11 09:00:00,9272.0
2014-06-11 10:00:00,13094.0
2014-06-11 11:00:00,15748.0
2014-06-11 12:00:00,17005.0
2014-06-11 13:00:00,18193.0
2014-06-11 14:00:00,21961.0
2014-06-11 15:00:00,22260.0
2014-06-11 16:00:00,22767.0
2014-06-11 17:00:00,22846.0
2014-06-11 18:00:00,21471.0
2014-06-11 19:00:00,17784.0
2014-06-11 20:00:00,18003.0
2014-06-11 21:00:00,16957.0
2014-06-11 22:00:00,15083.0
2014-06-11 23:00:00,13273.0
2014-06-12 00:00:00,9857.0
2014-06-12 01:00:00,5090.0
2014-06-12 02:00:00,4846.0
2014-06-12 03:00:00,4519.0
2014-06-12 04:00:00,4314.0
2014-06-12 05:00:00,4265.0
2014-06-12 06:00:00,4337.0
2014-06-12 07:00:00,5579.0
2014-06-12 08:00:00,6895.0
2014-06-12 09:00:00,12138.0
2014-06-12 10:00:00,16165.0
2014-06-12 11:00:00,17394.0
2014-06-12 12:00:00,22299.0
2014-06-12 13:00:00,24763.0
2014-06-12 14:00:00,24324.0
2014-06-12 15:00:00,24474.0
2014-06-12 16:00:00,25708.0
2014-06-12 17:00:00,25701.0
2014-06-12 18:00:00,26289.0
2014-06-12 19:00:00,24563.0
2014-06-12 20:00:00,24172.0
2014-06-12 21:00:00,22195.0
2014-06-12 22:00:00,17849.0
2014-06-12 23:00:00,15161.0
2014-06-13 00:00:00,10429.0
2014-06-13 01:00:00,5155.0
2014-06-13 02:00:00,4977.0
2014-06-13 03:00:00,4563.0
2014-06-13 04:00:00,4441.0
2014-06-13 05:00:00,4384.0
2014-06-13 06:00:00,4486.0
2014-06-13 07:00:00,6290.0
2014-06-13 08:00:00,8724.0
2014-06-13 09:00:00,13160.0
2014-06-13 10:00:00,19334.0
2014-06-13 11:00:00,24693.0
2014-06-13 12:00:00,25263.0
2014-06-13 13:00:00,25740.0
2014-06-13 14:00:00,27344.0
2014-06-13 15:00:00,28723.0
2014-06-13 16:00:00,28738.0
2014-06-13 17:00:00,29268.0
2014-06-13 18:00:00,26723.0
2014-06-13 19:00:00,26154.0
2014-06-13 20:00:00,24122.0
2014-06-13 21:00:00,21123.0
2014-06-13 22:00:00,17623.0
2014-06-13 23:00:00,15932.0
2014-06-14 00:00:00,10483.0
2014-06-14 01:00:00,4846.0
2014-06-14 02:00:00,4532.0
2014-06-14 03:00:00,4103.0
2014-06-14 04:00:00,3964.0
2014-06-14 05:00:00,3897.0
2014-06-14 06:00:00,4022.0
2014-06-14 07:00:00,4260.0
2014-06-14 08:00:00,4544.0
2014-06-14 09:00:00,16037.0
2014-06-14 10:00:00,23705.0
2014-06-14 11:00:00,24215.0
2014-06-14 12:00:00,25120.0
2014-06-14 13:00:00,25464.0
2014-06-14 14:00:00,26668.0
2014-06-14 15:00:00,27058.0
2014-06-14 16:00:00,26112.0
2014-06-14 17:00:00,27397.0
2014-06-14 18:00:00,27477.0
2014-06-14 19:00:00,25937.0
2014-06-14 20:00:00,24740.0
2014-06-14 21:00:00,22566.0
2014-06-14 22:00:00,17674.0
2014-06-14 23:00:00,14636.0
2014-06-15 00:00:00,9285.0
2014-06-15 01:00:00,4614.0
2014-06-15 02:00:00,4369.0
2014-06-15 03:00:00,3986.0
2014-06-15 04:00:00,3861.0
2014-06-15 05:00:00,3786.0
2014-06-15 06:00:00,3937.0
2014-06-15 07:00:00,4121.0
2014-06-15 08:00:00,4313.0
2014-06-15 09:00:00,14553.0
2014-06-15 10:00:00,24889.0
2014-06-15 11:00:00,26860.0
2014-06-15 12:00:00,27683.0
2014-06-15 13:00:00,27821.0
2014-06-15 14:00:00,28919.0
2014-06-15 15:00:00,31628.0
2014-06-15 16:00:00,31486.0
2014-06-15 17:00:00,31485.0
2014-06-15 18:00:00,31499.0
2014-06-15 19:00:00,31316.0
2014-06-15 20:00:00,30728.0
2014-06-15 21:00:00,27688.0
2014-06-15 22:00:00,26714.0
2014-06-15 23:00:00,20862.0
2014-06-16 00:00:00,9012.0
2014-06-16 01:00:00,4530.0
2014-06-16 02:00:00,4614.0
2014-06-16 03:00:00,4491.0
2014-06-16 04:00:00,4283.0
2014-06-16 05:00:00,4199.0
2014-06-16 06:00:00,4311.0
2014-06-16 07:00:00,6220.0
2014-06-16 08:00:00,8669.0
2014-06-16 09:00:00,11982.0
2014-06-16 10:00:00,21281.0
2014-06-16 11:00:00,23256.0
2014-06-16 12:00:00,24282.0
2014-06-16 13:00:00,25177.0
2014-06-16 14:00:00,25094.0
2014-06-16 15:00:00,25125.0
2014-06-16 16:00:00,25156.0
2014-06-16 17:00:00,24741.0
2014-06-16 18:00:00,24018.0
2014-06-16 19:00:00,21976.0
2014-06-16 20:00:00,18918.0
2014-06-16 21:00:00,18041.0
2014-06-16 22:00:00,16291.0
2014-06-16 23:00:00,15202.0
2014-06-17 00:00:00,10351.0
2014-06-17 01:00:00,4962.0
2014-06-17 02:00:00,4638.0
2014-06-17 03:00:00,4302.0
2014-06-17 04:00:00,4100.0
2014-06-17 05:00:00,4113.0
2014-06-17 06:00:00,4246.0
2014-06-17 07:00:00,5648.0
2014-06-17 08:00:00,6084.0
2014-06-17 09:00:00,11959.0
2014-06-17 10:00:00,16629.0
2014-06-17 11:00:00,21489.0
2014-06-17 12:00:00,23090.0
2014-06-17 13:00:00,23030.0
2014-06-17 14:00:00,22885.0
2014-06-17 15:00:00,22984.0
2014-06-17 16:00:00,23131.0
2014-06-17 17:00:00,23280.0
2014-06-17 18:00:00,23178.0
2014-06-17 19:00:00,19329.0
2014-06-17 20:00:00,19116.0
2014-06-17 21:00:00,17931.0
2014-06-17 22:00:00,16079.0
2014-06-17 23:00:00,14184.0
2014-06-18 00:00:00,10094.0
2014-06-18 01:00:00,5046.0
2014-06-18 02:00:00,4776.0
2014-06-18 03:00:00,4422.0
2014-06-18 04:00:00,4291.0
2014-06-18 05:00:00,4176.0
2014-06-18 06:00:00,4288.0
2014-06-18 07:00:00,5641.0
2014-06-18 08:00:00,6100.0
2014-06-18 09:00:00,10171.0
2014-06-18 10:00:00,16127.0
2014-06-18 11:00:00,17576.0
2014-06-18 12:00:00,17882.0
2014-06-18 13:00:00,17992.0
2014-06-18 14:00:00,17847.0
2014-06-18 15:00:00,20944.0
2014-06-18 16:00:00,21604.0
2014-06-18 17:00:00,21534.0
2014-06-18 18:00:00,18420.0
2014-06-18 19:00:00,17647.0
2014-06-18 20:00:00,18165.0
2014-06-18 21:00:00,17627.0
2014-06-18 22:00:00,15762.0
2014-06-18 23:00:00,14050.0
2014-06-19 00:00:00,10102.0
2014-06-19 01:00:00,5129.0
2014-06-19 02:00:00,4906.0
2014-06-19 03:00:00,4676.0
2014-06-19 04:00:00,4549.0
2014-06-19 05:00:00,4465.0
2014-06-19 06:00:00,4516.0
2014-06-19 07:00:00,5842.0
2014-06-19 08:00:00,6595.0
2014-06-19 09:00:00,10846.0
2014-06-19 10:00:00,15568.0
2014-06-19 11:00:00,17114.0
2014-06-19 12:00:00,17510.0
2014-06-19 13:00:00,19643.0
2014-06-19 14:00:00,21312.0
2014-06-19 15:00:00,21473.0
2014-06-19 16:00:00,21791.0
2014-06-19 17:00:00,18217.0
2014-06-19 18:00:00,17769.0
2014-06-19 19:00:00,17896.0
2014-06-19 20:00:00,18577.0
2014-06-19 21:00:00,18712.0
2014-06-19 22:00:00,18421.0
2014-06-19 23:00:00,14585.0
2014-06-20 00:00:00,10232.0
2014-06-20 01:00:00,5072.0
2014-06-20 02:00:00,4701.0
2014-06-20 03:00:00,4342.0
2014-06-20 04:00:00,4174.0
2014-06-20 05:00:00,4176.0
2014-06-20 06:00:00,4231.0
2014-06-20 07:00:00,5695.0
2014-06-20 08:00:00,6159.0
2014-06-20 09:00:00,9620.0
2014-06-20 10:00:00,14358.0
2014-06-20 11:00:00,16602.0
2014-06-20 12:00:00,17366.0
2014-06-20 13:00:00,20806.0
2014-06-20 14:00:00,21456.0
2014-06-20 15:00:00,18416.0
2014-06-20 16:00:00,21066.0
2014-06-20 17:00:00,22538.0
2014-06-20 18:00:00,20197.0
2014-06-20 19:00:00,18195.0
2014-06-20 20:00:00,18414.0
2014-06-20 21:00:00,18532.0
2014-06-20 22:00:00,18666.0
2014-06-20 23:00:00,14782.0
2014-06-21 00:00:00,10426.0
2014-06-21 01:00:00,5872.0
2014-06-21 02:00:00,5631.0
2014-06-21 03:00:00,5328.0
2014-06-21 04:00:00,5178.0
2014-06-21 05:00:00,5244.0
2014-06-21 06:00:00,5399.0
2014-06-21 07:00:00,5312.0
2014-06-21 08:00:00,5102.0
2014-06-21 09:00:00,10816.0
2014-06-21 10:00:00,15007.0
2014-06-21 11:00:00,16005.0
2014-06-21 12:00:00,16764.0
2014-06-21 13:00:00,16918.0
2014-06-21 14:00:00,17041.0
2014-06-21 15:00:00,17196.0
2014-06-21 16:00:00,22403.0
2014-06-21 17:00:00,22423.0
2014-06-21 18:00:00,22329.0
2014-06-21 19:00:00,22173.0
2014-06-21 20:00:00,18567.0
2014-06-21 21:00:00,18661.0
2014-06-21 22:00:00,17759.0
2014-06-21 23:00:00,13971.0
2014-06-22 00:00:00,9469.0
2014-06-22 01:00:00,5490.0
2014-06-22 02:00:00,4675.0
2014-06-22 03:00:00,4252.0
2014-06-22 04:00:00,4038.0
2014-06-22 05:00:00,4038.0
2014-06-22 06:00:00,4143.0
2014-06-22 07:00:00,4329.0
2014-06-22 08:00:00,4764.0
2014-06-22 09:00:00,11827.0
2014-06-22 10:00:00,18321.0
2014-06-22 11:00:00,21486.0
2014-06-22 12:00:00,22226.0
2014-06-22 13:00:00,21797.0
2014-06-22 14:00:00,22756.0
2014-06-22 15:00:00,24277.0
2014-06-22 16:00:00,24667.0
2014-06-22 17:00:00,24595.0
2014-06-22 18:00:00,24288.0
2014-06-22 19:00:00,24000.0
2014-06-22 20:00:00,24788.0
2014-06-22 21:00:00,21474.0
2014-06-22 22:00:00,19459.0
2014-06-22 23:00:00,16160.0
2014-06-23 00:00:00,9479.0
2014-06-23 01:00:00,5539.0
2014-06-23 02:00:00,4515.0
2014-06-23 03:00:00,4331.0
2014-06-23 04:00:00,4140.0
2014-06-23 05:00:00,4114.0
2014-06-23 06:00:00,4227.0
2014-06-23 07:00:00,5570.0
2014-06-23 08:00:00,6267.0
2014-06-23 09:00:00,9229.0
2014-06-23 10:00:00,12088.0
2014-06-23 11:00:00,17632.0
2014-06-23 12:00:00,21130.0
2014-06-23 13:00:00,21039.0
2014-06-23 14:00:00,21158.0
2014-06-23 15:00:00,21502.0
2014-06-23 16:00:00,21657.0
2014-06-23 17:00:00,19065.0
2014-06-23 18:00:00,17629.0
2014-06-23 19:00:00,17504.0
2014-06-23 20:00:00,18244.0
2014-06-23 21:00:00,17175.0
2014-06-23 22:00:00,14709.0
2014-06-23 23:00:00,13630.0
2014-06-24 00:00:00,10190.0
2014-06-24 01:00:00,5067.0
2014-06-24 02:00:00,4638.0
2014-06-24 03:00:00,4302.0
2014-06-24 04:00:00,4100.0
2014-06-24 05:00:00,4113.0
2014-06-24 06:00:00,4246.0
2014-06-24 07:00:00,5235.0
2014-06-24 08:00:00,6892.0
2014-06-24 09:00:00,9531.0
2014-06-24 10:00:00,14540.0
2014-06-24 11:00:00,16622.0
2014-06-24 12:00:00,17646.0
2014-06-24 13:00:00,21694.0
2014-06-24 14:00:00,21355.0
2014-06-24 15:00:00,20955.0
2014-06-24 16:00:00,21142.0
2014-06-24 17:00:00,19032.0
2014-06-24 18:00:00,17755.0
2014-06-24 19:00:00,17621.0
2014-06-24 20:00:00,18140.0
2014-06-24 21:00:00,17227.0
2014-06-24 22:00:00,14900.0
2014-06-24 23:00:00,13229.0
2014-06-25 00:00:00,10287.0
2014-06-25 01:00:00,5017.0
2014-06-25 02:00:00,4729.0
2014-06-25 03:00:00,4444.0
2014-06-25 04:00:00,4261.0
2014-06-25 05:00:00,4226.0
2014-06-25 06:00:00,4323.0
2014-06-25 07:00:00,5894.0
2014-06-25 08:00:00,6398.0
2014-06-25 09:00:00,9981.0
2014-06-25 10:00:00,14412.0
2014-06-25 11:00:00,19174.0
2014-06-25 12:00:00,21301.0
2014-06-25 13:00:00,21480.0
2014-06-25 14:00:00,21612.0
2014-06-25 15:00:00,21704.0
2014-06-25 16:00:00,21764.0
2014-06-25 17:00:00,19027.0
2014-06-25 18:00:00,18003.0
2014-06-25 19:00:00,17911.0
2014-06-25 20:00:00,18807.0
2014-06-25 21:00:00,16922.0
2014-06-25 22:00:00,14503.0
2014-06-25 23:00:00,13274.0
2014-06-26 00:00:00,9731.0
2014-06-26 01:00:00,4665.0
2014-06-26 02:00:00,4769.0
2014-06-26 03:00:00,4212.0
2014-06-26 04:00:00,4114.0
2014-06-26 05:00:00,4043.0
2014-06-26 06:00:00,4317.0
2014-06-26 07:00:00,5331.0
2014-06-26 08:00:00,6696.0
2014-06-26 09:00:00,11974.0
2014-06-26 10:00:00,15484.0
2014-06-26 11:00:00,17119.0
2014-06-26 12:00:00,17414.0
2014-06-26 13:00:00,21430.0
2014-06-26 14:00:00,22035.0
2014-06-26 15:00:00,22179.0
2014-06-26 16:00:00,22127.0
2014-06-26 17:00:00,21550.0
2014-06-26 18:00:00,20123.0
2014-06-26 19:00:00,17832.0
2014-06-26 20:00:00,18152.0
2014-06-26 21:00:00,17672.0
2014-06-26 22:00:00,17677.0
2014-06-26 23:00:00,15004.0
2014-06-27 00:00:00,9935.0
2014-06-27 01:00:00,5204.0
2014-06-27 02:00:00,5020.0
2014-06-27 03:00:00,4733.0
2014-06-27 04:00:00,4581.0
2014-06-27 05:00:00,4604.0
2014-06-27 06:00:00,4759.0
2014-06-27 07:00:00,6073.0
2014-06-27 08:00:00,6483.0
2014-06-27 09:00:00,11106.0
2014-06-27 10:00:00,14682.0
2014-06-27 11:00:00,16326.0
2014-06-27 12:00:00,18694.0
2014-06-27 13:00:00,21815.0
2014-06-27 14:00:00,22219.0
2014-06-27 15:00:00,22374.0
2014-06-27 16:00:00,22792.0
2014-06-27 17:00:00,22781.0
2014-06-27 18:00:00,20732.0
2014-06-27 19:00:00,18381.0
2014-06-27 20:00:00,18485.0
2014-06-27 21:00:00,18586.0
2014-06-27 22:00:00,17235.0
2014-06-27 23:00:00,13313.0
2014-06-28 00:00:00,9581.0
2014-06-28 01:00:00,4813.0
2014-06-28 02:00:00,4446.0
2014-06-28 03:00:00,4230.0
2014-06-28 04:00:00,4107.0
2014-06-28 05:00:00,4038.0
2014-06-28 06:00:00,4152.0
2014-06-28 07:00:00,4528.0
2014-06-28 08:00:00,4767.0
2014-06-28 09:00:00,10025.0
2014-06-28 10:00:00,13891.0
2014-06-28 11:00:00,16880.0
2014-06-28 12:00:00,21958.0
2014-06-28 13:00:00,22054.0
2014-06-28 14:00:00,22124.0
2014-06-28 15:00:00,22744.0
2014-06-28 16:00:00,23086.0
2014-06-28 17:00:00,23137.0
2014-06-28 18:00:00,22606.0
2014-06-28 19:00:00,22214.0
2014-06-28 20:00:00,18891.0
2014-06-28 21:00:00,18982.0
2014-06-28 22:00:00,17847.0
2014-06-28 23:00:00,14983.0
2014-06-29 00:00:00,9957.0
2014-06-29 01:00:00,4659.0
2014-06-29 02:00:00,4371.0
2014-06-29 03:00:00,4162.0
2014-06-29 04:00:00,3982.0
2014-06-29 05:00:00,3992.0
2014-06-29 06:00:00,4125.0
2014-06-29 07:00:00,4416.0
2014-06-29 08:00:00,4498.0
2014-06-29 09:00:00,10827.0
2014-06-29 10:00:00,21517.0
2014-06-29 11:00:00,22186.0
2014-06-29 12:00:00,23660.0
2014-06-29 13:00:00,23828.0
2014-06-29 14:00:00,23970.0
2014-06-29 15:00:00,24289.0
2014-06-29 16:00:00,24579.0
2014-06-29 17:00:00,24408.0
2014-06-29 18:00:00,24370.0
2014-06-29 19:00:00,24153.0
2014-06-29 20:00:00,23944.0
2014-06-29 21:00:00,23509.0
2014-06-29 22:00:00,22517.0
2014-06-29 23:00:00,15862.0
2014-06-30 00:00:00,9163.0
2014-06-30 01:00:00,4877.0
2014-06-30 02:00:00,4583.0
2014-06-30 03:00:00,4363.0
2014-06-30 04:00:00,4222.0
2014-06-30 05:00:00,4189.0
2014-06-30 06:00:00,4335.0
2014-06-30 07:00:00,5456.0
2014-06-30 08:00:00,7403.0
2014-06-30 09:00:00,10989.0
2014-06-30 10:00:00,14788.0
2014-06-30 11:00:00,16461.0
2014-06-30 12:00:00,17089.0
2014-06-30 13:00:00,19610.0
2014-06-30 14:00:00,21553.0
2014-06-30 15:00:00,18845.0
2014-06-30 16:00:00,17900.0
2014-06-30 17:00:00,17942.0
2014-06-30 18:00:00,17817.0
2014-06-30 19:00:00,17791.0
2014-06-30 20:00:00,18189.0
2014-06-30 21:00:00,18054.0
2014-06-30 22:00:00,17661.0
2014-06-30 23:00:00,14127.0
2014-07-01 00:00:00,9985.0
2014-07-01 01:00:00,4909.0
2014-07-01 02:00:00,4591.0
2014-07-01 03:00:00,4361.0
2014-07-01 04:00:00,4223.0
2014-07-01 05:00:00,4149.0
2014-07-01 06:00:00,4290.0
2014-07-01 07:00:00,5522.0
2014-07-01 08:00:00,6210.0
2014-07-01 09:00:00,11548.0
2014-07-01 10:00:00,14877.0
2014-07-01 11:00:00,16272.0
2014-07-01 12:00:00,17404.0
2014-07-01 13:00:00,21142.0
2014-07-01 14:00:00,18970.0
2014-07-01 15:00:00,17396.0
2014-07-01 16:00:00,17439.0
2014-07-01 17:00:00,17544.0
2014-07-01 18:00:00,17469.0
2014-07-01 19:00:00,17415.0
2014-07-01 20:00:00,18155.0
2014-07-01 21:00:00,18266.0
2014-07-01 22:00:00,16444.0
2014-07-01 23:00:00,14006.0
2014-07-02 00:00:00,9814.0
2014-07-02 01:00:00,4997.0
2014-07-02 02:00:00,4701.0
2014-07-02 03:00:00,4606.0
2014-07-02 04:00:00,4348.0
2014-07-02 05:00:00,4403.0
2014-07-02 06:00:00,4425.0
2014-07-02 07:00:00,5956.0
2014-07-02 08:00:00,6243.0
2014-07-02 09:00:00,9182.0
2014-07-02 10:00:00,13886.0
2014-07-02 11:00:00,15876.0
2014-07-02 12:00:00,16797.0
2014-07-02 13:00:00,17079.0
2014-07-02 14:00:00,21373.0
2014-07-02 15:00:00,21171.0
2014-07-02 16:00:00,21051.0
2014-07-02 17:00:00,18079.0
2014-07-02 18:00:00,17122.0
2014-07-02 19:00:00,17212.0
2014-07-02 20:00:00,17725.0
2014-07-02 21:00:00,18127.0
2014-07-02 22:00:00,16842.0
2014-07-02 23:00:00,13490.0
2014-07-03 00:00:00,9624.0
2014-07-03 01:00:00,4876.0
2014-07-03 02:00:00,4650.0
2014-07-03 03:00:00,4491.0
2014-07-03 04:00:00,4340.0
2014-07-03 05:00:00,4255.0
2014-07-03 06:00:00,4346.0
2014-07-03 07:00:00,5616.0
2014-07-03 08:00:00,6346.0
2014-07-03 09:00:00,10718.0
2014-07-03 10:00:00,14158.0
2014-07-03 11:00:00,17996.0
2014-07-03 12:00:00,22266.0
2014-07-03 13:00:00,22579.0
2014-07-03 14:00:00,23273.0
2014-07-03 15:00:00,23369.0
2014-07-03 16:00:00,23241.0
2014-07-03 17:00:00,23212.0
2014-07-03 18:00:00,22944.0
2014-07-03 19:00:00,20791.0
2014-07-03 20:00:00,18657.0
2014-07-03 21:00:00,19141.0
2014-07-03 22:00:00,19000.0
2014-07-03 23:00:00,16100.0
2014-07-04 00:00:00,10145.0
2014-07-04 01:00:00,4744.0
2014-07-04 02:00:00,4652.0
2014-07-04 03:00:00,4443.0
2014-07-04 04:00:00,4451.0
2014-07-04 05:00:00,4381.0
2014-07-04 06:00:00,4465.0
2014-07-04 07:00:00,5863.0
2014-07-04 08:00:00,6305.0
2014-07-04 09:00:00,10196.0
2014-07-04 10:00:00,15192.0
2014-07-04 11:00:00,19005.0
2014-07-04 12:00:00,21970.0
2014-07-04 13:00:00,22390.0
2014-07-04 14:00:00,22399.0
2014-07-04 15:00:00,23319.0
2014-07-04 16:00:00,23498.0
2014-07-04 17:00:00,23627.0
2014-07-04 18:00:00,23329.0
2014-07-04 19:00:00,22298.0
2014-07-04 20:00:00,18995.0
2014-07-04 21:00:00,19418.0
2014-07-04 22:00:00,18741.0
2014-07-04 23:00:00,14937.0
2014-07-05 00:00:00,9863.0
2014-07-05 01:00:00,4465.0
2014-07-05 02:00:00,4180.0
2014-07-05 03:00:00,4077.0
2014-07-05 04:00:00,4039.0
2014-07-05 05:00:00,3977.0
2014-07-05 06:00:00,4110.0
2014-07-05 07:00:00,4296.0
2014-07-05 08:00:00,4413.0
2014-07-05 09:00:00,9145.0
2014-07-05 10:00:00,14961.0
2014-07-05 11:00:00,16410.0
2014-07-05 12:00:00,20226.0
2014-07-05 13:00:00,22260.0
2014-07-05 14:00:00,22045.0
2014-07-05 15:00:00,22260.0
2014-07-05 16:00:00,22784.0
2014-07-05 17:00:00,22939.0
2014-07-05 18:00:00,22552.0
2014-07-05 19:00:00,18433.0
2014-07-05 20:00:00,19424.0
2014-07-05 21:00:00,19141.0
2014-07-05 22:00:00,18755.0
2014-07-05 23:00:00,16197.0
2014-07-06 00:00:00,10163.0
2014-07-06 01:00:00,4495.0
2014-07-06 02:00:00,4130.0
2014-07-06 03:00:00,3996.0
2014-07-06 04:00:00,3905.0
2014-07-06 05:00:00,3849.0
2014-07-06 06:00:00,3934.0
2014-07-06 07:00:00,4195.0
2014-07-06 08:00:00,4300.0
2014-07-06 09:00:00,8586.0
2014-07-06 10:00:00,23211.0
2014-07-06 11:00:00,25220.0
2014-07-06 12:00:00,25479.0
2014-07-06 13:00:00,25162.0
2014-07-06 14:00:00,25265.0
2014-07-06 15:00:00,25660.0
2014-07-06 16:00:00,26034.0
2014-07-06 17:00:00,26263.0
2014-07-06 18:00:00,26055.0
2014-07-06 19:00:00,25609.0
2014-07-06 20:00:00,25766.0
2014-07-06 21:00:00,23814.0
2014-07-06 22:00:00,20913.0
2014-07-06 23:00:00,18317.0
2014-07-07 00:00:00,9590.0
2014-07-07 01:00:00,4854.0
2014-07-07 02:00:00,4538.0
2014-07-07 03:00:00,4357.0
2014-07-07 04:00:00,4259.0
2014-07-07 05:00:00,4265.0
2014-07-07 06:00:00,4356.0
2014-07-07 07:00:00,5810.0
2014-07-07 08:00:00,6035.0
2014-07-07 09:00:00,9468.0
2014-07-07 10:00:00,14260.0
2014-07-07 11:00:00,15953.0
2014-07-07 12:00:00,17038.0
2014-07-07 13:00:00,17218.0
2014-07-07 14:00:00,21689.0
2014-07-07 15:00:00,21084.0
2014-07-07 16:00:00,17509.0
2014-07-07 17:00:00,17277.0
2014-07-07 18:00:00,17283.0
2014-07-07 19:00:00,17160.0
2014-07-07 20:00:00,17724.0
2014-07-07 21:00:00,18379.0
2014-07-07 22:00:00,17993.0
2014-07-07 23:00:00,14194.0
2014-07-08 00:00:00,9545.0
2014-07-08 01:00:00,4724.0
2014-07-08 02:00:00,4442.0
2014-07-08 03:00:00,4292.0
2014-07-08 04:00:00,4126.0
2014-07-08 05:00:00,4087.0
2014-07-08 06:00:00,4228.0
2014-07-08 07:00:00,5509.0
2014-07-08 08:00:00,6078.0
2014-07-08 09:00:00,10259.0
2014-07-08 10:00:00,15228.0
2014-07-08 11:00:00,17799.0
2014-07-08 12:00:00,21704.0
2014-07-08 13:00:00,22246.0
2014-07-08 14:00:00,21876.0
2014-07-08 15:00:00,21449.0
2014-07-08 16:00:00,22071.0
2014-07-08 17:00:00,21818.0
2014-07-08 18:00:00,20815.0
2014-07-08 19:00:00,17265.0
2014-07-08 20:00:00,17630.0
2014-07-08 21:00:00,18227.0
2014-07-08 22:00:00,17348.0
2014-07-08 23:00:00,13386.0
2014-07-09 00:00:00,9327.0
2014-07-09 01:00:00,4443.0
2014-07-09 02:00:00,4227.0
2014-07-09 03:00:00,4020.0
2014-07-09 04:00:00,4005.0
2014-07-09 05:00:00,3814.0
2014-07-09 06:00:00,4008.0
2014-07-09 07:00:00,5066.0
2014-07-09 08:00:00,7099.0
2014-07-09 09:00:00,11941.0
2014-07-09 10:00:00,18311.0
2014-07-09 11:00:00,21225.0
2014-07-09 12:00:00,22330.0
2014-07-09 13:00:00,23580.0
2014-07-09 14:00:00,24092.0
2014-07-09 15:00:00,24118.0
2014-07-09 16:00:00,24904.0
2014-07-09 17:00:00,24742.0
2014-07-09 18:00:00,24078.0
2014-07-09 19:00:00,23746.0
2014-07-09 20:00:00,23337.0
2014-07-09 21:00:00,19932.0
2014-07-09 22:00:00,18822.0
2014-07-09 23:00:00,15118.0
2014-07-10 00:00:00,9953.0
2014-07-10 01:00:00,4732.0
2014-07-10 02:00:00,4568.0
2014-07-10 03:00:00,4418.0
2014-07-10 04:00:00,4392.0
2014-07-10 05:00:00,4480.0
2014-07-10 06:00:00,4606.0
2014-07-10 07:00:00,5539.0
2014-07-10 08:00:00,5933.0
2014-07-10 09:00:00,11100.0
2014-07-10 10:00:00,18792.0
2014-07-10 11:00:00,22061.0
2014-07-10 12:00:00,23506.0
2014-07-10 13:00:00,24662.0
2014-07-10 14:00:00,24486.0
2014-07-10 15:00:00,24948.0
2014-07-10 16:00:00,25628.0
2014-07-10 17:00:00,27596.0
2014-07-10 18:00:00,27172.0
2014-07-10 19:00:00,25707.0
2014-07-10 20:00:00,23654.0
2014-07-10 21:00:00,23558.0
2014-07-10 22:00:00,20257.0
2014-07-10 23:00:00,15258.0
2014-07-11 00:00:00,10374.0
2014-07-11 01:00:00,5096.0
2014-07-11 02:00:00,4909.0
2014-07-11 03:00:00,4752.0
2014-07-11 04:00:00,4613.0
2014-07-11 05:00:00,4597.0
2014-07-11 06:00:00,4623.0
2014-07-11 07:00:00,5811.0
2014-07-11 08:00:00,7844.0
2014-07-11 09:00:00,12566.0
2014-07-11 10:00:00,18148.0
2014-07-11 11:00:00,22773.0
2014-07-11 12:00:00,24916.0
2014-07-11 13:00:00,27478.0
2014-07-11 14:00:00,27528.0
2014-07-11 15:00:00,28459.0
2014-07-11 16:00:00,29942.0
2014-07-11 17:00:00,29377.0
2014-07-11 18:00:00,27511.0
2014-07-11 19:00:00,25804.0
2014-07-11 20:00:00,25051.0
2014-07-11 21:00:00,23544.0
2014-07-11 22:00:00,19782.0
2014-07-11 23:00:00,14829.0
2014-07-12 00:00:00,9928.0
2014-07-12 01:00:00,4599.0
2014-07-12 02:00:00,4204.0
2014-07-12 03:00:00,4131.0
2014-07-12 04:00:00,4154.0
2014-07-12 05:00:00,4394.0
2014-07-12 06:00:00,4211.0
2014-07-12 07:00:00,4092.0
2014-07-12 08:00:00,4293.0
2014-07-12 09:00:00,9759.0
2014-07-12 10:00:00,19465.0
2014-07-12 11:00:00,22766.0
2014-07-12 12:00:00,23954.0
2014-07-12 13:00:00,24159.0
2014-07-12 14:00:00,24796.0
2014-07-12 15:00:00,25396.0
2014-07-12 16:00:00,25786.0
2014-07-12 17:00:00,25540.0
2014-07-12 18:00:00,24159.0
2014-07-12 19:00:00,19289.0
2014-07-12 20:00:00,17802.0
2014-07-12 21:00:00,18594.0
2014-07-12 22:00:00,18078.0
2014-07-12 23:00:00,14715.0
2014-07-13 00:00:00,9549.0
2014-07-13 01:00:00,4574.0
2014-07-13 02:00:00,4179.0
2014-07-13 03:00:00,3992.0
2014-07-13 04:00:00,3821.0
2014-07-13 05:00:00,3758.0
2014-07-13 06:00:00,3839.0
2014-07-13 07:00:00,4039.0
2014-07-13 08:00:00,4130.0
2014-07-13 09:00:00,7607.0
2014-07-13 10:00:00,19559.0
2014-07-13 11:00:00,27677.0
2014-07-13 12:00:00,28746.0
2014-07-13 13:00:00,29896.0
2014-07-13 14:00:00,31645.0
2014-07-13 15:00:00,29634.0
2014-07-13 16:00:00,29295.0
2014-07-13 17:00:00,28977.0
2014-07-13 18:00:00,27870.0
2014-07-13 19:00:00,26306.0
2014-07-13 20:00:00,26585.0
2014-07-13 21:00:00,26937.0
2014-07-13 22:00:00,23056.0
2014-07-13 23:00:00,18241.0
2014-07-14 00:00:00,8763.0
2014-07-14 01:00:00,4648.0
2014-07-14 02:00:00,4338.0
2014-07-14 03:00:00,4095.0
2014-07-14 04:00:00,4106.0
2014-07-14 05:00:00,4024.0
2014-07-14 06:00:00,4225.0
2014-07-14 07:00:00,5375.0
2014-07-14 08:00:00,6608.0
2014-07-14 09:00:00,11251.0
2014-07-14 10:00:00,19268.0
2014-07-14 11:00:00,22711.0
2014-07-14 12:00:00,25034.0
2014-07-14 13:00:00,26275.0
2014-07-14 14:00:00,26225.0
2014-07-14 15:00:00,29750.0
2014-07-14 16:00:00,28621.0
2014-07-14 17:00:00,28336.0
2014-07-14 18:00:00,28512.0
2014-07-14 19:00:00,24817.0
2014-07-14 20:00:00,24492.0
2014-07-14 21:00:00,24454.0
2014-07-14 22:00:00,20817.0
2014-07-14 23:00:00,15378.0
2014-07-15 00:00:00,10109.0
2014-07-15 01:00:00,4696.0
2014-07-15 02:00:00,4575.0
2014-07-15 03:00:00,4488.0
2014-07-15 04:00:00,4341.0
2014-07-15 05:00:00,4306.0
2014-07-15 06:00:00,4328.0
2014-07-15 07:00:00,5507.0
2014-07-15 08:00:00,7488.0
2014-07-15 09:00:00,11645.0
2014-07-15 10:00:00,16113.0
2014-07-15 11:00:00,22431.0
2014-07-15 12:00:00,24410.0
2014-07-15 13:00:00,25842.0
2014-07-15 14:00:00,26012.0
2014-07-15 15:00:00,29211.0
2014-07-15 16:00:00,29774.0
2014-07-15 17:00:00,28700.0
2014-07-15 18:00:00,30331.0
2014-07-15 19:00:00,28406.0
2014-07-15 20:00:00,24803.0
2014-07-15 21:00:00,24376.0
2014-07-15 22:00:00,19081.0
2014-07-15 23:00:00,14730.0
2014-07-16 00:00:00,9753.0
2014-07-16 01:00:00,4546.0
2014-07-16 02:00:00,4166.0
2014-07-16 03:00:00,4034.0
2014-07-16 04:00:00,4018.0
2014-07-16 05:00:00,3951.0
2014-07-16 06:00:00,4059.0
2014-07-16 07:00:00,4969.0
2014-07-16 08:00:00,6098.0
2014-07-16 09:00:00,10006.0
2014-07-16 10:00:00,17783.0
2014-07-16 11:00:00,22750.0
2014-07-16 12:00:00,25148.0
2014-07-16 13:00:00,27176.0
2014-07-16 14:00:00,27433.0
2014-07-16 15:00:00,27394.0
2014-07-16 16:00:00,27803.0
2014-07-16 17:00:00,27771.0
2014-07-16 18:00:00,26958.0
2014-07-16 19:00:00,27159.0
2014-07-16 20:00:00,25715.0
2014-07-16 21:00:00,24010.0
2014-07-16 22:00:00,18943.0
2014-07-16 23:00:00,14544.0
2014-07-17 00:00:00,9989.0
2014-07-17 01:00:00,4560.0
2014-07-17 02:00:00,4209.0
2014-07-17 03:00:00,4140.0
2014-07-17 04:00:00,3877.0
2014-07-17 05:00:00,3859.0
2014-07-17 06:00:00,3954.0
2014-07-17 07:00:00,5266.0
2014-07-17 08:00:00,6097.0
2014-07-17 09:00:00,9763.0
2014-07-17 10:00:00,15807.0
2014-07-17 11:00:00,21846.0
2014-07-17 12:00:00,24632.0
2014-07-17 13:00:00,25238.0
2014-07-17 14:00:00,28245.0
2014-07-17 15:00:00,28513.0
2014-07-17 16:00:00,28815.0
2014-07-17 17:00:00,27890.0
2014-07-17 18:00:00,26794.0
2014-07-17 19:00:00,24706.0
2014-07-17 20:00:00,23587.0
2014-07-17 21:00:00,23557.0
2014-07-17 22:00:00,20062.0
2014-07-17 23:00:00,14821.0
2014-07-18 00:00:00,9991.0
2014-07-18 01:00:00,4959.0
2014-07-18 02:00:00,4879.0
2014-07-18 03:00:00,4671.0
2014-07-18 04:00:00,4352.0
2014-07-18 05:00:00,4240.0
2014-07-18 06:00:00,4225.0
2014-07-18 07:00:00,5642.0
2014-07-18 08:00:00,6955.0
2014-07-18 09:00:00,11215.0
2014-07-18 10:00:00,19151.0
2014-07-18 11:00:00,21784.0
2014-07-18 12:00:00,23713.0
2014-07-18 13:00:00,24156.0
2014-07-18 14:00:00,23998.0
2014-07-18 15:00:00,24272.0
2014-07-18 16:00:00,23809.0
2014-07-18 17:00:00,23698.0
2014-07-18 18:00:00,23691.0
2014-07-18 19:00:00,20717.0
2014-07-18 20:00:00,18856.0
2014-07-18 21:00:00,19320.0
2014-07-18 22:00:00,18609.0
2014-07-18 23:00:00,14786.0
2014-07-19 00:00:00,9799.0
2014-07-19 01:00:00,4572.0
2014-07-19 02:00:00,4206.0
2014-07-19 03:00:00,4013.0
2014-07-19 04:00:00,3890.0
2014-07-19 05:00:00,3810.0
2014-07-19 06:00:00,3956.0
2014-07-19 07:00:00,4236.0
2014-07-19 08:00:00,4279.0
2014-07-19 09:00:00,10365.0
2014-07-19 10:00:00,18679.0
2014-07-19 11:00:00,21799.0
2014-07-19 12:00:00,21460.0
2014-07-19 13:00:00,21703.0
2014-07-19 14:00:00,21724.0
2014-07-19 15:00:00,21842.0
2014-07-19 16:00:00,21855.0
2014-07-19 17:00:00,22259.0
2014-07-19 18:00:00,21909.0
2014-07-19 19:00:00,21757.0
2014-07-19 20:00:00,20917.0
2014-07-19 21:00:00,19215.0
2014-07-19 22:00:00,18264.0
2014-07-19 23:00:00,14360.0
2014-07-20 00:00:00,9827.0
2014-07-20 01:00:00,4548.0
2014-07-20 02:00:00,4238.0
2014-07-20 03:00:00,4134.0
2014-07-20 04:00:00,4031.0
2014-07-20 05:00:00,3937.0
2014-07-20 06:00:00,4054.0
2014-07-20 07:00:00,4069.0
2014-07-20 08:00:00,4938.0
2014-07-20 09:00:00,19613.0
2014-07-20 10:00:00,22084.0
2014-07-20 11:00:00,24141.0
2014-07-20 12:00:00,24509.0
2014-07-20 13:00:00,25640.0
2014-07-20 14:00:00,25851.0
2014-07-20 15:00:00,26286.0
2014-07-20 16:00:00,27188.0
2014-07-20 17:00:00,27328.0
2014-07-20 18:00:00,27276.0
2014-07-20 19:00:00,26677.0
2014-07-20 20:00:00,26089.0
2014-07-20 21:00:00,26318.0
2014-07-20 22:00:00,24744.0
2014-07-20 23:00:00,18088.0
2014-07-21 00:00:00,9103.0
2014-07-21 01:00:00,4542.0
2014-07-21 02:00:00,4148.0
2014-07-21 03:00:00,3958.0
2014-07-21 04:00:00,3841.0
2014-07-21 05:00:00,3778.0
2014-07-21 06:00:00,3932.0
2014-07-21 07:00:00,5424.0
2014-07-21 08:00:00,7485.0
2014-07-21 09:00:00,11485.0
2014-07-21 10:00:00,15290.0
2014-07-21 11:00:00,18764.0
2014-07-21 12:00:00,21891.0
2014-07-21 13:00:00,24203.0
2014-07-21 14:00:00,23662.0
2014-07-21 15:00:00,24411.0
2014-07-21 16:00:00,25589.0
2014-07-21 17:00:00,25324.0
2014-07-21 18:00:00,23449.0
2014-07-21 19:00:00,22602.0
2014-07-21 20:00:00,22917.0
2014-07-21 21:00:00,22527.0
2014-07-21 22:00:00,18327.0
2014-07-21 23:00:00,14391.0
2014-07-22 00:00:00,9617.0
2014-07-22 01:00:00,4590.0
2014-07-22 02:00:00,4237.0
2014-07-22 03:00:00,4022.0
2014-07-22 04:00:00,3923.0
2014-07-22 05:00:00,3903.0
2014-07-22 06:00:00,4021.0
2014-07-22 07:00:00,5508.0
2014-07-22 08:00:00,6703.0
2014-07-22 09:00:00,11172.0
2014-07-22 10:00:00,17263.0
2014-07-22 11:00:00,21898.0
2014-07-22 12:00:00,23175.0
2014-07-22 13:00:00,25376.0
2014-07-22 14:00:00,25663.0
2014-07-22 15:00:00,25636.0
2014-07-22 16:00:00,25585.0
2014-07-22 17:00:00,23938.0
2014-07-22 18:00:00,23790.0
2014-07-22 19:00:00,23512.0
2014-07-22 20:00:00,23898.0
2014-07-22 21:00:00,23479.0
2014-07-22 22:00:00,20191.0
2014-07-22 23:00:00,14539.0
2014-07-23 00:00:00,9586.0
2014-07-23 01:00:00,4528.0
2014-07-23 02:00:00,4064.0
2014-07-23 03:00:00,3899.0
2014-07-23 04:00:00,3761.0
2014-07-23 05:00:00,3795.0
2014-07-23 06:00:00,3887.0
2014-07-23 07:00:00,5502.0
2014-07-23 08:00:00,6452.0
2014-07-23 09:00:00,10518.0
2014-07-23 10:00:00,16108.0
2014-07-23 11:00:00,22056.0
2014-07-23 12:00:00,22490.0
2014-07-23 13:00:00,22245.0
2014-07-23 14:00:00,22383.0
2014-07-23 15:00:00,23030.0
2014-07-23 16:00:00,22901.0
2014-07-23 17:00:00,22491.0
2014-07-23 18:00:00,22439.0
2014-07-23 19:00:00,22087.0
2014-07-23 20:00:00,22873.0
2014-07-23 21:00:00,21354.0
2014-07-23 22:00:00,18407.0
2014-07-23 23:00:00,14626.0
2014-07-24 00:00:00,9742.0
2014-07-24 01:00:00,4600.0
2014-07-24 02:00:00,4266.0
2014-07-24 03:00:00,4075.0
2014-07-24 04:00:00,4038.0
2014-07-24 05:00:00,3985.0
2014-07-24 06:00:00,4030.0
2014-07-24 07:00:00,5285.0
2014-07-24 08:00:00,7303.0
2014-07-24 09:00:00,11194.0
2014-07-24 10:00:00,14940.0
2014-07-24 11:00:00,16450.0
2014-07-24 12:00:00,21029.0
2014-07-24 13:00:00,21447.0
2014-07-24 14:00:00,21955.0
2014-07-24 15:00:00,21957.0
2014-07-24 16:00:00,21943.0
2014-07-24 17:00:00,21826.0
2014-07-24 18:00:00,22017.0
2014-07-24 19:00:00,19033.0
2014-07-24 20:00:00,23412.0
2014-07-24 21:00:00,19668.0
2014-07-24 22:00:00,18907.0
2014-07-24 23:00:00,14962.0
2014-07-25 00:00:00,10019.0
2014-07-25 01:00:00,4687.0
2014-07-25 02:00:00,4385.0
2014-07-25 03:00:00,4186.0
2014-07-25 04:00:00,4145.0
2014-07-25 05:00:00,4021.0
2014-07-25 06:00:00,4098.0
2014-07-25 07:00:00,5192.0
2014-07-25 08:00:00,7115.0
2014-07-25 09:00:00,11743.0
2014-07-25 10:00:00,15677.0
2014-07-25 11:00:00,17005.0
2014-07-25 12:00:00,19435.0
2014-07-25 13:00:00,22677.0
2014-07-25 14:00:00,22929.0
2014-07-25 15:00:00,24222.0
2014-07-25 16:00:00,24580.0
2014-07-25 17:00:00,23539.0
2014-07-25 18:00:00,23222.0
2014-07-25 19:00:00,22767.0
2014-07-25 20:00:00,22917.0
2014-07-25 21:00:00,21495.0
2014-07-25 22:00:00,18819.0
2014-07-25 23:00:00,14919.0
2014-07-26 00:00:00,9853.0
2014-07-26 01:00:00,4537.0
2014-07-26 02:00:00,4149.0
2014-07-26 03:00:00,4003.0
2014-07-26 04:00:00,3946.0
2014-07-26 05:00:00,3837.0
2014-07-26 06:00:00,4002.0
2014-07-26 07:00:00,4333.0
2014-07-26 08:00:00,4352.0
2014-07-26 09:00:00,8097.0
2014-07-26 10:00:00,19565.0
2014-07-26 11:00:00,22323.0
2014-07-26 12:00:00,22954.0
2014-07-26 13:00:00,23193.0
2014-07-26 14:00:00,23420.0
2014-07-26 15:00:00,23851.0
2014-07-26 16:00:00,24632.0
2014-07-26 17:00:00,24875.0
2014-07-26 18:00:00,25089.0
2014-07-26 19:00:00,24714.0
2014-07-26 20:00:00,20703.0
2014-07-26 21:00:00,23260.0
2014-07-26 22:00:00,30730.0
2014-07-26 23:00:00,18842.0
2014-07-27 00:00:00,10834.0
2014-07-27 01:00:00,4580.0
2014-07-27 02:00:00,4191.0
2014-07-27 03:00:00,3958.0
2014-07-27 04:00:00,3873.0
2014-07-27 05:00:00,3831.0
2014-07-27 06:00:00,3921.0
2014-07-27 07:00:00,4251.0
2014-07-27 08:00:00,4414.0
2014-07-27 09:00:00,9381.0
2014-07-27 10:00:00,22587.0
2014-07-27 11:00:00,24933.0
2014-07-27 12:00:00,26566.0
2014-07-27 13:00:00,26904.0
2014-07-27 14:00:00,26939.0
2014-07-27 15:00:00,27101.0
2014-07-27 16:00:00,27130.0
2014-07-27 17:00:00,26875.0
2014-07-27 18:00:00,27357.0
2014-07-27 19:00:00,27775.0
2014-07-27 20:00:00,27632.0
2014-07-27 21:00:00,26665.0
2014-07-27 22:00:00,25037.0
2014-07-27 23:00:00,17914.0
2014-07-28 00:00:00,9218.0
2014-07-28 01:00:00,4639.0
2014-07-28 02:00:00,4275.0
2014-07-28 03:00:00,4169.0
2014-07-28 04:00:00,4236.0
2014-07-28 05:00:00,4028.0
2014-07-28 06:00:00,4108.0
2014-07-28 07:00:00,5785.0
2014-07-28 08:00:00,7229.0
2014-07-28 09:00:00,10590.0
2014-07-28 10:00:00,15437.0
2014-07-28 11:00:00,22603.0
2014-07-28 12:00:00,23959.0
2014-07-28 13:00:00,25016.0
2014-07-28 14:00:00,24664.0
2014-07-28 15:00:00,26531.0
2014-07-28 16:00:00,26392.0
2014-07-28 17:00:00,28979.0
2014-07-28 18:00:00,28664.0
2014-07-28 19:00:00,25776.0
2014-07-28 20:00:00,23965.0
2014-07-28 21:00:00,21131.0
2014-07-28 22:00:00,18934.0
2014-07-28 23:00:00,15315.0
2014-07-29 00:00:00,10215.0
2014-07-29 01:00:00,4724.0
2014-07-29 02:00:00,4656.0
2014-07-29 03:00:00,4508.0
2014-07-29 04:00:00,4341.0
2014-07-29 05:00:00,4301.0
2014-07-29 06:00:00,4362.0
2014-07-29 07:00:00,5314.0
2014-07-29 08:00:00,6559.0
2014-07-29 09:00:00,11683.0
2014-07-29 10:00:00,16779.0
2014-07-29 11:00:00,22487.0
2014-07-29 12:00:00,25000.0
2014-07-29 13:00:00,27974.0
2014-07-29 14:00:00,27588.0
2014-07-29 15:00:00,27773.0
2014-07-29 16:00:00,27916.0
2014-07-29 17:00:00,28117.0
2014-07-29 18:00:00,28131.0
2014-07-29 19:00:00,26184.0
2014-07-29 20:00:00,26380.0
2014-07-29 21:00:00,24325.0
2014-07-29 22:00:00,20458.0
2014-07-29 23:00:00,15050.0
2014-07-30 00:00:00,10135.0
2014-07-30 01:00:00,4680.0
2014-07-30 02:00:00,4270.0
2014-07-30 03:00:00,4090.0
2014-07-30 04:00:00,3981.0
2014-07-30 05:00:00,3875.0
2014-07-30 06:00:00,4072.0
2014-07-30 07:00:00,5856.0
2014-07-30 08:00:00,7018.0
2014-07-30 09:00:00,12271.0
2014-07-30 10:00:00,18317.0
2014-07-30 11:00:00,22496.0
2014-07-30 12:00:00,23355.0
2014-07-30 13:00:00,23654.0
2014-07-30 14:00:00,23938.0
2014-07-30 15:00:00,23849.0
2014-07-30 16:00:00,24278.0
2014-07-30 17:00:00,23602.0
2014-07-30 18:00:00,23305.0
2014-07-30 19:00:00,23073.0
2014-07-30 20:00:00,23677.0
2014-07-30 21:00:00,21541.0
2014-07-30 22:00:00,19055.0
2014-07-30 23:00:00,15367.0
2014-07-31 00:00:00,10191.0
2014-07-31 01:00:00,4643.0
2014-07-31 02:00:00,4275.0
2014-07-31 03:00:00,4095.0
2014-07-31 04:00:00,3936.0
2014-07-31 05:00:00,3917.0
2014-07-31 06:00:00,4031.0
2014-07-31 07:00:00,5533.0
2014-07-31 08:00:00,5981.0
2014-07-31 09:00:00,9830.0
2014-07-31 10:00:00,18543.0
2014-07-31 11:00:00,22198.0
2014-07-31 12:00:00,23008.0
2014-07-31 13:00:00,23067.0
2014-07-31 14:00:00,23298.0
2014-07-31 15:00:00,23267.0
2014-07-31 16:00:00,23310.0
2014-07-31 17:00:00,23323.0
2014-07-31 18:00:00,22933.0
2014-07-31 19:00:00,19534.0
2014-07-31 20:00:00,19655.0
2014-07-31 21:00:00,19384.0
2014-07-31 22:00:00,19989.0
2014-07-31 23:00:00,15727.0
2014-08-01 00:00:00,9859.0
2014-08-01 01:00:00,4448.0
2014-08-01 02:00:00,4357.0
2014-08-01 03:00:00,4127.0
2014-08-01 04:00:00,4058.0
2014-08-01 05:00:00,4005.0
2014-08-01 06:00:00,4132.0
2014-08-01 07:00:00,5770.0
2014-08-01 08:00:00,6411.0
2014-08-01 09:00:00,10259.0
2014-08-01 10:00:00,15714.0
2014-08-01 11:00:00,20009.0
2014-08-01 12:00:00,21955.0
2014-08-01 13:00:00,22099.0
2014-08-01 14:00:00,22547.0
2014-08-01 15:00:00,22693.0
2014-08-01 16:00:00,22850.0
2014-08-01 17:00:00,22651.0
2014-08-01 18:00:00,22053.0
2014-08-01 19:00:00,18057.0
2014-08-01 20:00:00,19135.0
2014-08-01 21:00:00,19389.0
2014-08-01 22:00:00,18867.0
2014-08-01 23:00:00,15111.0
2014-08-02 00:00:00,10732.0
2014-08-02 01:00:00,4539.0
2014-08-02 02:00:00,4199.0
2014-08-02 03:00:00,3938.0
2014-08-02 04:00:00,3926.0
2014-08-02 05:00:00,4023.0
2014-08-02 06:00:00,4633.0
2014-08-02 07:00:00,4607.0
2014-08-02 08:00:00,4392.0
2014-08-02 09:00:00,10737.0
2014-08-02 10:00:00,16968.0
2014-08-02 11:00:00,21732.0
2014-08-02 12:00:00,21805.0
2014-08-02 13:00:00,21924.0
2014-08-02 14:00:00,21764.0
2014-08-02 15:00:00,21905.0
2014-08-02 16:00:00,21760.0
2014-08-02 17:00:00,21739.0
2014-08-02 18:00:00,22414.0
2014-08-02 19:00:00,23548.0
2014-08-02 20:00:00,23746.0
2014-08-02 21:00:00,23490.0
2014-08-02 22:00:00,20512.0
2014-08-02 23:00:00,14580.0
2014-08-03 00:00:00,8834.0
2014-08-03 01:00:00,4312.0
2014-08-03 02:00:00,3996.0
2014-08-03 03:00:00,3836.0
2014-08-03 04:00:00,3783.0
2014-08-03 05:00:00,3740.0
2014-08-03 06:00:00,3847.0
2014-08-03 07:00:00,4159.0
2014-08-03 08:00:00,4190.0
2014-08-03 09:00:00,11416.0
2014-08-03 10:00:00,22421.0
2014-08-03 11:00:00,25801.0
2014-08-03 12:00:00,26775.0
2014-08-03 13:00:00,26179.0
2014-08-03 14:00:00,26872.0
2014-08-03 15:00:00,26788.0
2014-08-03 16:00:00,26705.0
2014-08-03 17:00:00,26368.0
2014-08-03 18:00:00,25997.0
2014-08-03 19:00:00,25225.0
2014-08-03 20:00:00,25057.0
2014-08-03 21:00:00,24870.0
2014-08-03 22:00:00,23031.0
2014-08-03 23:00:00,15218.0
2014-08-04 00:00:00,8309.0
2014-08-04 01:00:00,4641.0
2014-08-04 02:00:00,4260.0
2014-08-04 03:00:00,4009.0
2014-08-04 04:00:00,3904.0
2014-08-04 05:00:00,3870.0
2014-08-04 06:00:00,4008.0
2014-08-04 07:00:00,5094.0
2014-08-04 08:00:00,6088.0
2014-08-04 09:00:00,10630.0
2014-08-04 10:00:00,15062.0
2014-08-04 11:00:00,16610.0
2014-08-04 12:00:00,20200.0
2014-08-04 13:00:00,19617.0
2014-08-04 14:00:00,19947.0
2014-08-04 15:00:00,21575.0
2014-08-04 16:00:00,21567.0
2014-08-04 17:00:00,21679.0
2014-08-04 18:00:00,21169.0
2014-08-04 19:00:00,17970.0
2014-08-04 20:00:00,19089.0
2014-08-04 21:00:00,19323.0
2014-08-04 22:00:00,18632.0
2014-08-04 23:00:00,14655.0
2014-08-05 00:00:00,9802.0
2014-08-05 01:00:00,4731.0
2014-08-05 02:00:00,4419.0
2014-08-05 03:00:00,4193.0
2014-08-05 04:00:00,4147.0
2014-08-05 05:00:00,4048.0
2014-08-05 06:00:00,4185.0
2014-08-05 07:00:00,5421.0
2014-08-05 08:00:00,6408.0
2014-08-05 09:00:00,10176.0
2014-08-05 10:00:00,17391.0
2014-08-05 11:00:00,22034.0
2014-08-05 12:00:00,22991.0
2014-08-05 13:00:00,25915.0
2014-08-05 14:00:00,25468.0
2014-08-05 15:00:00,25508.0
2014-08-05 16:00:00,24709.0
2014-08-05 17:00:00,24078.0
2014-08-05 18:00:00,23785.0
2014-08-05 19:00:00,23423.0
2014-08-05 20:00:00,23203.0
2014-08-05 21:00:00,19443.0
2014-08-05 22:00:00,18892.0
2014-08-05 23:00:00,15320.0
2014-08-06 00:00:00,10240.0
2014-08-06 01:00:00,4649.0
2014-08-06 02:00:00,4750.0
2014-08-06 03:00:00,4517.0
2014-08-06 04:00:00,4462.0
2014-08-06 05:00:00,4499.0
2014-08-06 06:00:00,4560.0
2014-08-06 07:00:00,5836.0
2014-08-06 08:00:00,6660.0
2014-08-06 09:00:00,10488.0
2014-08-06 10:00:00,19383.0
2014-08-06 11:00:00,22910.0
2014-08-06 12:00:00,23621.0
2014-08-06 13:00:00,24231.0
2014-08-06 14:00:00,25903.0
2014-08-06 15:00:00,25886.0
2014-08-06 16:00:00,24584.0
2014-08-06 17:00:00,24234.0
2014-08-06 18:00:00,24057.0
2014-08-06 19:00:00,23775.0
2014-08-06 20:00:00,22138.0
2014-08-06 21:00:00,19933.0
2014-08-06 22:00:00,19106.0
2014-08-06 23:00:00,15691.0
2014-08-07 00:00:00,10464.0
2014-08-07 01:00:00,5133.0
2014-08-07 02:00:00,4980.0
2014-08-07 03:00:00,4709.0
2014-08-07 04:00:00,4620.0
2014-08-07 05:00:00,4493.0
2014-08-07 06:00:00,4699.0
2014-08-07 07:00:00,6237.0
2014-08-07 08:00:00,7037.0
2014-08-07 09:00:00,11583.0
2014-08-07 10:00:00,17754.0
2014-08-07 11:00:00,22538.0
2014-08-07 12:00:00,23173.0
2014-08-07 13:00:00,23782.0
2014-08-07 14:00:00,25543.0
2014-08-07 15:00:00,25902.0
2014-08-07 16:00:00,25907.0
2014-08-07 17:00:00,24693.0
2014-08-07 18:00:00,24443.0
2014-08-07 19:00:00,24177.0
2014-08-07 20:00:00,25143.0
2014-08-07 21:00:00,25060.0
2014-08-07 22:00:00,21177.0
2014-08-07 23:00:00,15578.0
2014-08-08 00:00:00,10512.0
2014-08-08 01:00:00,5430.0
2014-08-08 02:00:00,5165.0
2014-08-08 03:00:00,4953.0
2014-08-08 04:00:00,4845.0
2014-08-08 05:00:00,4742.0
2014-08-08 06:00:00,4934.0
2014-08-08 07:00:00,6724.0
2014-08-08 08:00:00,7625.0
2014-08-08 09:00:00,12466.0
2014-08-08 10:00:00,18859.0
2014-08-08 11:00:00,22943.0
2014-08-08 12:00:00,23874.0
2014-08-08 13:00:00,24343.0
2014-08-08 14:00:00,24685.0
2014-08-08 15:00:00,25280.0
2014-08-08 16:00:00,25005.0
2014-08-08 17:00:00,25060.0
2014-08-08 18:00:00,25020.0
2014-08-08 19:00:00,25003.0
2014-08-08 20:00:00,25564.0
2014-08-08 21:00:00,25366.0
2014-08-08 22:00:00,21141.0
2014-08-08 23:00:00,15987.0
2014-08-09 00:00:00,10732.0
2014-08-09 01:00:00,4689.0
2014-08-09 02:00:00,4224.0
2014-08-09 03:00:00,4106.0
2014-08-09 04:00:00,4043.0
2014-08-09 05:00:00,4013.0
2014-08-09 06:00:00,4132.0
2014-08-09 07:00:00,4397.0
2014-08-09 08:00:00,4391.0
2014-08-09 09:00:00,10790.0
2014-08-09 10:00:00,20258.0
2014-08-09 11:00:00,23829.0
2014-08-09 12:00:00,24719.0
2014-08-09 13:00:00,24752.0
2014-08-09 14:00:00,24763.0
2014-08-09 15:00:00,24941.0
2014-08-09 16:00:00,25134.0
2014-08-09 17:00:00,24532.0
2014-08-09 18:00:00,23797.0
2014-08-09 19:00:00,23566.0
2014-08-09 20:00:00,24568.0
2014-08-09 21:00:00,24554.0
2014-08-09 22:00:00,19937.0
2014-08-09 23:00:00,15779.0
2014-08-10 00:00:00,10186.0
2014-08-10 01:00:00,4708.0
2014-08-10 02:00:00,4353.0
2014-08-10 03:00:00,4142.0
2014-08-10 04:00:00,4119.0
2014-08-10 05:00:00,4011.0
2014-08-10 06:00:00,4114.0
2014-08-10 07:00:00,4379.0
2014-08-10 08:00:00,4477.0
2014-08-10 09:00:00,16338.0
2014-08-10 10:00:00,23579.0
2014-08-10 11:00:00,26292.0
2014-08-10 12:00:00,27788.0
2014-08-10 13:00:00,28585.0
2014-08-10 14:00:00,32775.0
2014-08-10 15:00:00,32187.0
2014-08-10 16:00:00,32478.0
2014-08-10 17:00:00,32107.0
2014-08-10 18:00:00,32224.0
2014-08-10 19:00:00,31477.0
2014-08-10 20:00:00,30757.0
2014-08-10 21:00:00,29353.0
2014-08-10 22:00:00,28043.0
2014-08-10 23:00:00,20573.0
2014-08-11 00:00:00,10187.0
2014-08-11 01:00:00,4721.0
2014-08-11 02:00:00,4353.0
2014-08-11 03:00:00,4073.0
2014-08-11 04:00:00,3986.0
2014-08-11 05:00:00,3927.0
2014-08-11 06:00:00,4048.0
2014-08-11 07:00:00,5587.0
2014-08-11 08:00:00,6759.0
2014-08-11 09:00:00,11493.0
2014-08-11 10:00:00,15405.0
2014-08-11 11:00:00,20754.0
2014-08-11 12:00:00,22139.0
2014-08-11 13:00:00,22122.0
2014-08-11 14:00:00,22283.0
2014-08-11 15:00:00,22381.0
2014-08-11 16:00:00,19878.0
2014-08-11 17:00:00,22586.0
2014-08-11 18:00:00,22070.0
2014-08-11 19:00:00,21945.0
2014-08-11 20:00:00,19545.0
2014-08-11 21:00:00,19194.0
2014-08-11 22:00:00,18600.0
2014-08-11 23:00:00,14688.0
2014-08-12 00:00:00,9907.0
2014-08-12 01:00:00,4669.0
2014-08-12 02:00:00,4295.0
2014-08-12 03:00:00,4051.0
2014-08-12 04:00:00,3973.0
2014-08-12 05:00:00,3904.0
2014-08-12 06:00:00,3995.0
2014-08-12 07:00:00,5183.0
2014-08-12 08:00:00,7170.0
2014-08-12 09:00:00,11771.0
2014-08-12 10:00:00,15957.0
2014-08-12 11:00:00,21382.0
2014-08-12 12:00:00,22911.0
2014-08-12 13:00:00,23111.0
2014-08-12 14:00:00,23613.0
2014-08-12 15:00:00,25784.0
2014-08-12 16:00:00,24245.0
2014-08-12 17:00:00,23935.0
2014-08-12 18:00:00,23815.0
2014-08-12 19:00:00,23571.0
2014-08-12 20:00:00,24725.0
2014-08-12 21:00:00,24421.0
2014-08-12 22:00:00,21089.0
2014-08-12 23:00:00,18128.0
2014-08-13 00:00:00,11145.0
2014-08-13 01:00:00,4978.0
2014-08-13 02:00:00,4767.0
2014-08-13 03:00:00,4495.0
2014-08-13 04:00:00,4435.0
2014-08-13 05:00:00,4360.0
2014-08-13 06:00:00,4458.0
2014-08-13 07:00:00,6056.0
2014-08-13 08:00:00,6648.0
2014-08-13 09:00:00,11132.0
2014-08-13 10:00:00,14991.0
2014-08-13 11:00:00,16721.0
2014-08-13 12:00:00,19437.0
2014-08-13 13:00:00,21333.0
2014-08-13 14:00:00,21336.0
2014-08-13 15:00:00,21557.0
2014-08-13 16:00:00,19124.0
2014-08-13 17:00:00,17849.0
2014-08-13 18:00:00,21638.0
2014-08-13 19:00:00,18066.0
2014-08-13 20:00:00,18979.0
2014-08-13 21:00:00,19248.0
2014-08-13 22:00:00,18610.0
2014-08-13 23:00:00,14682.0
2014-08-14 00:00:00,10061.0
2014-08-14 01:00:00,5071.0
2014-08-14 02:00:00,4711.0
2014-08-14 03:00:00,4402.0
2014-08-14 04:00:00,4311.0
2014-08-14 05:00:00,4533.0
2014-08-14 06:00:00,4589.0
2014-08-14 07:00:00,6053.0
2014-08-14 08:00:00,6307.0
2014-08-14 09:00:00,9754.0
2014-08-14 10:00:00,15109.0
2014-08-14 11:00:00,16957.0
2014-08-14 12:00:00,17477.0
2014-08-14 13:00:00,21469.0
2014-08-14 14:00:00,21731.0
2014-08-14 15:00:00,21801.0
2014-08-14 16:00:00,21952.0
2014-08-14 17:00:00,21336.0
2014-08-14 18:00:00,20576.0
2014-08-14 19:00:00,18003.0
2014-08-14 20:00:00,18840.0
2014-08-14 21:00:00,18696.0
2014-08-14 22:00:00,17721.0
2014-08-14 23:00:00,14028.0
2014-08-15 00:00:00,9938.0
2014-08-15 01:00:00,4992.0
2014-08-15 02:00:00,4746.0
2014-08-15 03:00:00,4474.0
2014-08-15 04:00:00,4421.0
2014-08-15 05:00:00,4373.0
2014-08-15 06:00:00,4502.0
2014-08-15 07:00:00,4722.0
2014-08-15 08:00:00,4600.0
2014-08-15 09:00:00,9130.0
2014-08-15 10:00:00,22252.0
2014-08-15 11:00:00,23326.0
2014-08-15 12:00:00,24258.0
2014-08-15 13:00:00,24916.0
2014-08-15 14:00:00,26774.0
2014-08-15 15:00:00,28093.0
2014-08-15 16:00:00,28382.0
2014-08-15 17:00:00,26472.0
2014-08-15 18:00:00,25879.0
2014-08-15 19:00:00,24853.0
2014-08-15 20:00:00,24667.0
2014-08-15 21:00:00,24807.0
2014-08-15 22:00:00,24071.0
2014-08-15 23:00:00,17116.0
2014-08-16 00:00:00,8973.0
2014-08-16 01:00:00,4812.0
2014-08-16 02:00:00,4516.0
2014-08-16 03:00:00,4301.0
2014-08-16 04:00:00,4179.0
2014-08-16 05:00:00,4107.0
2014-08-16 06:00:00,4000.0
2014-08-16 07:00:00,4288.0
2014-08-16 08:00:00,4296.0
2014-08-16 09:00:00,10499.0
2014-08-16 10:00:00,14873.0
2014-08-16 11:00:00,19537.0
2014-08-16 12:00:00,22542.0
2014-08-16 13:00:00,23470.0
2014-08-16 14:00:00,23843.0
2014-08-16 15:00:00,24184.0
2014-08-16 16:00:00,27059.0
2014-08-16 17:00:00,27856.0
2014-08-16 18:00:00,27520.0
2014-08-16 19:00:00,27096.0
2014-08-16 20:00:00,24005.0
2014-08-16 21:00:00,23357.0
2014-08-16 22:00:00,21569.0
2014-08-16 23:00:00,17451.0
2014-08-17 00:00:00,10089.0
2014-08-17 01:00:00,4609.0
2014-08-17 02:00:00,4252.0
2014-08-17 03:00:00,4019.0
2014-08-17 04:00:00,3954.0
2014-08-17 05:00:00,3916.0
2014-08-17 06:00:00,4007.0
2014-08-17 07:00:00,4261.0
2014-08-17 08:00:00,4334.0
2014-08-17 09:00:00,15002.0
2014-08-17 10:00:00,21864.0
2014-08-17 11:00:00,24307.0
2014-08-17 12:00:00,26782.0
2014-08-17 13:00:00,27377.0
2014-08-17 14:00:00,27454.0
2014-08-17 15:00:00,28218.0
2014-08-17 16:00:00,28741.0
2014-08-17 17:00:00,29405.0
2014-08-17 18:00:00,28367.0
2014-08-17 19:00:00,28585.0
2014-08-17 20:00:00,28371.0
2014-08-17 21:00:00,37136.0
2014-08-17 22:00:00,35745.0
2014-08-17 23:00:00,23354.0
2014-08-18 00:00:00,11197.0
2014-08-18 01:00:00,4761.0
2014-08-18 02:00:00,4384.0
2014-08-18 03:00:00,4047.0
2014-08-18 04:00:00,3936.0
2014-08-18 05:00:00,3946.0
2014-08-18 06:00:00,4070.0
2014-08-18 07:00:00,5252.0
2014-08-18 08:00:00,5991.0
2014-08-18 09:00:00,10098.0
2014-08-18 10:00:00,20213.0
2014-08-18 11:00:00,23537.0
2014-08-18 12:00:00,24605.0
2014-08-18 13:00:00,28233.0
2014-08-18 14:00:00,27407.0
2014-08-18 15:00:00,26440.0
2014-08-18 16:00:00,26412.0
2014-08-18 17:00:00,26242.0
2014-08-18 18:00:00,26090.0
2014-08-18 19:00:00,23637.0
2014-08-18 20:00:00,23491.0
2014-08-18 21:00:00,23256.0
2014-08-18 22:00:00,21924.0
2014-08-18 23:00:00,15281.0
2014-08-19 00:00:00,9626.0
2014-08-19 01:00:00,4820.0
2014-08-19 02:00:00,4628.0
2014-08-19 03:00:00,4403.0
2014-08-19 04:00:00,4314.0
2014-08-19 05:00:00,4286.0
2014-08-19 06:00:00,4298.0
2014-08-19 07:00:00,5180.0
2014-08-19 08:00:00,5900.0
2014-08-19 09:00:00,11191.0
2014-08-19 10:00:00,20320.0
2014-08-19 11:00:00,22163.0
2014-08-19 12:00:00,22786.0
2014-08-19 13:00:00,23495.0
2014-08-19 14:00:00,23740.0
2014-08-19 15:00:00,23662.0
2014-08-19 16:00:00,24088.0
2014-08-19 17:00:00,23611.0
2014-08-19 18:00:00,22898.0
2014-08-19 19:00:00,19275.0
2014-08-19 20:00:00,19393.0
2014-08-19 21:00:00,19292.0
2014-08-19 22:00:00,18651.0
2014-08-19 23:00:00,14743.0
2014-08-20 00:00:00,9863.0
2014-08-20 01:00:00,4826.0
2014-08-20 02:00:00,4724.0
2014-08-20 03:00:00,4521.0
2014-08-20 04:00:00,4403.0
2014-08-20 05:00:00,4322.0
2014-08-20 06:00:00,4355.0
2014-08-20 07:00:00,5609.0
2014-08-20 08:00:00,6059.0
2014-08-20 09:00:00,9863.0
2014-08-20 10:00:00,15472.0
2014-08-20 11:00:00,17070.0
2014-08-20 12:00:00,20439.0
2014-08-20 13:00:00,22944.0
2014-08-20 14:00:00,23530.0
2014-08-20 15:00:00,24657.0
2014-08-20 16:00:00,23817.0
2014-08-20 17:00:00,22334.0
2014-08-20 18:00:00,21421.0
2014-08-20 19:00:00,18146.0
2014-08-20 20:00:00,19330.0
2014-08-20 21:00:00,19293.0
2014-08-20 22:00:00,18465.0
2014-08-20 23:00:00,14501.0
2014-08-21 00:00:00,9801.0
2014-08-21 01:00:00,4835.0
2014-08-21 02:00:00,4548.0
2014-08-21 03:00:00,4364.0
2014-08-21 04:00:00,4180.0
2014-08-21 05:00:00,4206.0
2014-08-21 06:00:00,4274.0
2014-08-21 07:00:00,5488.0
2014-08-21 08:00:00,6215.0
2014-08-21 09:00:00,10380.0
2014-08-21 10:00:00,15581.0
2014-08-21 11:00:00,18770.0
2014-08-21 12:00:00,21685.0
2014-08-21 13:00:00,21822.0
2014-08-21 14:00:00,22174.0
2014-08-21 15:00:00,22112.0
2014-08-21 16:00:00,21882.0
2014-08-21 17:00:00,22081.0
2014-08-21 18:00:00,18337.0
2014-08-21 19:00:00,18052.0
2014-08-21 20:00:00,19087.0
2014-08-21 21:00:00,19032.0
2014-08-21 22:00:00,18309.0
2014-08-21 23:00:00,14375.0
2014-08-22 00:00:00,9950.0
2014-08-22 01:00:00,4987.0
2014-08-22 02:00:00,4778.0
2014-08-22 03:00:00,4557.0
2014-08-22 04:00:00,4453.0
2014-08-22 05:00:00,4370.0
2014-08-22 06:00:00,4532.0
2014-08-22 07:00:00,5379.0
2014-08-22 08:00:00,6100.0
2014-08-22 09:00:00,10801.0
2014-08-22 10:00:00,15320.0
2014-08-22 11:00:00,18827.0
2014-08-22 12:00:00,21848.0
2014-08-22 13:00:00,21892.0
2014-08-22 14:00:00,22048.0
2014-08-22 15:00:00,21908.0
2014-08-22 16:00:00,22066.0
2014-08-22 17:00:00,21871.0
2014-08-22 18:00:00,19581.0
2014-08-22 19:00:00,18067.0
2014-08-22 20:00:00,19293.0
2014-08-22 21:00:00,19231.0
2014-08-22 22:00:00,18299.0
2014-08-22 23:00:00,14149.0
2014-08-23 00:00:00,9751.0
2014-08-23 01:00:00,4856.0
2014-08-23 02:00:00,4454.0
2014-08-23 03:00:00,4239.0
2014-08-23 04:00:00,4146.0
2014-08-23 05:00:00,4065.0
2014-08-23 06:00:00,4107.0
2014-08-23 07:00:00,4199.0
2014-08-23 08:00:00,4242.0
2014-08-23 09:00:00,8162.0
2014-08-23 10:00:00,16187.0
2014-08-23 11:00:00,21299.0
2014-08-23 12:00:00,21331.0
2014-08-23 13:00:00,21847.0
2014-08-23 14:00:00,22036.0
2014-08-23 15:00:00,22165.0
2014-08-23 16:00:00,22387.0
2014-08-23 17:00:00,22181.0
2014-08-23 18:00:00,21884.0
2014-08-23 19:00:00,21905.0
2014-08-23 20:00:00,20338.0
2014-08-23 21:00:00,18863.0
2014-08-23 22:00:00,18020.0
2014-08-23 23:00:00,13437.0
2014-08-24 00:00:00,8852.0
2014-08-24 01:00:00,4928.0
2014-08-24 02:00:00,4590.0
2014-08-24 03:00:00,4345.0
2014-08-24 04:00:00,4249.0
2014-08-24 05:00:00,4182.0
2014-08-24 06:00:00,4215.0
2014-08-24 07:00:00,4497.0
2014-08-24 08:00:00,4357.0
2014-08-24 09:00:00,7464.0
2014-08-24 10:00:00,21963.0
2014-08-24 11:00:00,22450.0
2014-08-24 12:00:00,23815.0
2014-08-24 13:00:00,25245.0
2014-08-24 14:00:00,25771.0
2014-08-24 15:00:00,26764.0
2014-08-24 16:00:00,27837.0
2014-08-24 17:00:00,28265.0
2014-08-24 18:00:00,26204.0
2014-08-24 19:00:00,25442.0
2014-08-24 20:00:00,25832.0
2014-08-24 21:00:00,25271.0
2014-08-24 22:00:00,24137.0
2014-08-24 23:00:00,14062.0
2014-08-25 00:00:00,8575.0
2014-08-25 01:00:00,4929.0
2014-08-25 02:00:00,4574.0
2014-08-25 03:00:00,4358.0
2014-08-25 04:00:00,4158.0
2014-08-25 05:00:00,4070.0
2014-08-25 06:00:00,4100.0
2014-08-25 07:00:00,5122.0
2014-08-25 08:00:00,6199.0
2014-08-25 09:00:00,9500.0
2014-08-25 10:00:00,15220.0
2014-08-25 11:00:00,19911.0
2014-08-25 12:00:00,23101.0
2014-08-25 13:00:00,24334.0
2014-08-25 14:00:00,24291.0
2014-08-25 15:00:00,24603.0
2014-08-25 16:00:00,25295.0
2014-08-25 17:00:00,25550.0
2014-08-25 18:00:00,24295.0
2014-08-25 19:00:00,24447.0
2014-08-25 20:00:00,25578.0
2014-08-25 21:00:00,21975.0
2014-08-25 22:00:00,19631.0
2014-08-25 23:00:00,16468.0
2014-08-26 00:00:00,11627.0
2014-08-26 01:00:00,4911.0
2014-08-26 02:00:00,4517.0
2014-08-26 03:00:00,4242.0
2014-08-26 04:00:00,4210.0
2014-08-26 05:00:00,4167.0
2014-08-26 06:00:00,4289.0
2014-08-26 07:00:00,6238.0
2014-08-26 08:00:00,8113.0
2014-08-26 09:00:00,11667.0
2014-08-26 10:00:00,18916.0
2014-08-26 11:00:00,23696.0
2014-08-26 12:00:00,24703.0
2014-08-26 13:00:00,24989.0
2014-08-26 14:00:00,29187.0
2014-08-26 15:00:00,29663.0
2014-08-26 16:00:00,28259.0
2014-08-26 17:00:00,26259.0
2014-08-26 18:00:00,25302.0
2014-08-26 19:00:00,25534.0
2014-08-26 20:00:00,25887.0
2014-08-26 21:00:00,25123.0
2014-08-26 22:00:00,21382.0
2014-08-26 23:00:00,16420.0
2014-08-27 00:00:00,11401.0
2014-08-27 01:00:00,4855.0
2014-08-27 02:00:00,4533.0
2014-08-27 03:00:00,4352.0
2014-08-27 04:00:00,4153.0
2014-08-27 05:00:00,4081.0
2014-08-27 06:00:00,4133.0
2014-08-27 07:00:00,5601.0
2014-08-27 08:00:00,7775.0
2014-08-27 09:00:00,11109.0
2014-08-27 10:00:00,20185.0
2014-08-27 11:00:00,24370.0
2014-08-27 12:00:00,26664.0
2014-08-27 13:00:00,26607.0
2014-08-27 14:00:00,29215.0
2014-08-27 15:00:00,28105.0
2014-08-27 16:00:00,25502.0
2014-08-27 17:00:00,25633.0
2014-08-27 18:00:00,26151.0
2014-08-27 19:00:00,24807.0
2014-08-27 20:00:00,25197.0
2014-08-27 21:00:00,24628.0
2014-08-27 22:00:00,19921.0
2014-08-27 23:00:00,15769.0
2014-08-28 00:00:00,10919.0
2014-08-28 01:00:00,4865.0
2014-08-28 02:00:00,4578.0
2014-08-28 03:00:00,4290.0
2014-08-28 04:00:00,4166.0
2014-08-28 05:00:00,4168.0
2014-08-28 06:00:00,4188.0
2014-08-28 07:00:00,5624.0
2014-08-28 08:00:00,6878.0
2014-08-28 09:00:00,10577.0
2014-08-28 10:00:00,17684.0
2014-08-28 11:00:00,24016.0
2014-08-28 12:00:00,25648.0
2014-08-28 13:00:00,26225.0
2014-08-28 14:00:00,25968.0
2014-08-28 15:00:00,26254.0
2014-08-28 16:00:00,26451.0
2014-08-28 17:00:00,26306.0
2014-08-28 18:00:00,24022.0
2014-08-28 19:00:00,24064.0
2014-08-28 20:00:00,22845.0
2014-08-28 21:00:00,19309.0
2014-08-28 22:00:00,18414.0
2014-08-28 23:00:00,14723.0
2014-08-29 00:00:00,10021.0
2014-08-29 01:00:00,5090.0
2014-08-29 02:00:00,4799.0
2014-08-29 03:00:00,4501.0
2014-08-29 04:00:00,4465.0
2014-08-29 05:00:00,4403.0
2014-08-29 06:00:00,4476.0
2014-08-29 07:00:00,5804.0
2014-08-29 08:00:00,6286.0
2014-08-29 09:00:00,9737.0
2014-08-29 10:00:00,15122.0
2014-08-29 11:00:00,19555.0
2014-08-29 12:00:00,22831.0
2014-08-29 13:00:00,23049.0
2014-08-29 14:00:00,23396.0
2014-08-29 15:00:00,25026.0
2014-08-29 16:00:00,24634.0
2014-08-29 17:00:00,24700.0
2014-08-29 18:00:00,23693.0
2014-08-29 19:00:00,23028.0
2014-08-29 20:00:00,23615.0
2014-08-29 21:00:00,21174.0
2014-08-29 22:00:00,19672.0
2014-08-29 23:00:00,15212.0
2014-08-30 00:00:00,9423.0
2014-08-30 01:00:00,4737.0
2014-08-30 02:00:00,4482.0
2014-08-30 03:00:00,4304.0
2014-08-30 04:00:00,4235.0
2014-08-30 05:00:00,4168.0
2014-08-30 06:00:00,4326.0
2014-08-30 07:00:00,4519.0
2014-08-30 08:00:00,4349.0
2014-08-30 09:00:00,8639.0
2014-08-30 10:00:00,18481.0
2014-08-30 11:00:00,22100.0
2014-08-30 12:00:00,22647.0
2014-08-30 13:00:00,22886.0
2014-08-30 14:00:00,22888.0
2014-08-30 15:00:00,22702.0
2014-08-30 16:00:00,22737.0
2014-08-30 17:00:00,22843.0
2014-08-30 18:00:00,22989.0
2014-08-30 19:00:00,21781.0
2014-08-30 20:00:00,18833.0
2014-08-30 21:00:00,19054.0
2014-08-30 22:00:00,18435.0
2014-08-30 23:00:00,14484.0
2014-08-31 00:00:00,9260.0
2014-08-31 01:00:00,4766.0
2014-08-31 02:00:00,4447.0
2014-08-31 03:00:00,4166.0
2014-08-31 04:00:00,4097.0
2014-08-31 05:00:00,4046.0
2014-08-31 06:00:00,4142.0
2014-08-31 07:00:00,4320.0
2014-08-31 08:00:00,4375.0
2014-08-31 09:00:00,15593.0
2014-08-31 10:00:00,22733.0
2014-08-31 11:00:00,24723.0
2014-08-31 12:00:00,26163.0
2014-08-31 13:00:00,26539.0
2014-08-31 14:00:00,27561.0
2014-08-31 15:00:00,28619.0
2014-08-31 16:00:00,28907.0
2014-08-31 17:00:00,28630.0
2014-08-31 18:00:00,28344.0
2014-08-31 19:00:00,28307.0
2014-08-31 20:00:00,28433.0
2014-08-31 21:00:00,35920.0
2014-08-31 22:00:00,35533.0
2014-08-31 23:00:00,28108.0
2014-09-01 00:00:00,12252.0
2014-09-01 01:00:00,4807.0
2014-09-01 02:00:00,4628.0
2014-09-01 03:00:00,4418.0
2014-09-01 04:00:00,4208.0
2014-09-01 05:00:00,4076.0
2014-09-01 06:00:00,4139.0
2014-09-01 07:00:00,5576.0
2014-09-01 08:00:00,5903.0
2014-09-01 09:00:00,9931.0
2014-09-01 10:00:00,16407.0
2014-09-01 11:00:00,23964.0
2014-09-01 12:00:00,25025.0
2014-09-01 13:00:00,25359.0
2014-09-01 14:00:00,27280.0
2014-09-01 15:00:00,27437.0
2014-09-01 16:00:00,27800.0
2014-09-01 17:00:00,28341.0
2014-09-01 18:00:00,28047.0
2014-09-01 19:00:00,26862.0
2014-09-01 20:00:00,25628.0
2014-09-01 21:00:00,24307.0
2014-09-01 22:00:00,23247.0
2014-09-01 23:00:00,16871.0
2014-09-02 00:00:00,9374.0
2014-09-02 01:00:00,4607.0
2014-09-02 02:00:00,4304.0
2014-09-02 03:00:00,4102.0
2014-09-02 04:00:00,3982.0
2014-09-02 05:00:00,3928.0
2014-09-02 06:00:00,4003.0
2014-09-02 07:00:00,4848.0
2014-09-02 08:00:00,5460.0
2014-09-02 09:00:00,9634.0
2014-09-02 10:00:00,21249.0
2014-09-02 11:00:00,23371.0
2014-09-02 12:00:00,24406.0
2014-09-02 13:00:00,26379.0
2014-09-02 14:00:00,26743.0
2014-09-02 15:00:00,26953.0
2014-09-02 16:00:00,27250.0
2014-09-02 17:00:00,28160.0
2014-09-02 18:00:00,26589.0
2014-09-02 19:00:00,26974.0
2014-09-02 20:00:00,26494.0
2014-09-02 21:00:00,25693.0
2014-09-02 22:00:00,24296.0
2014-09-02 23:00:00,17578.0
2014-09-03 00:00:00,9441.0
2014-09-03 01:00:00,4712.0
2014-09-03 02:00:00,4392.0
2014-09-03 03:00:00,4115.0
2014-09-03 04:00:00,3986.0
2014-09-03 05:00:00,3938.0
2014-09-03 06:00:00,4033.0
2014-09-03 07:00:00,5210.0
2014-09-03 08:00:00,5869.0
2014-09-03 09:00:00,9867.0
2014-09-03 10:00:00,20937.0
2014-09-03 11:00:00,24090.0
2014-09-03 12:00:00,25174.0
2014-09-03 13:00:00,27657.0
2014-09-03 14:00:00,26619.0
2014-09-03 15:00:00,27103.0
2014-09-03 16:00:00,26865.0
2014-09-03 17:00:00,26460.0
2014-09-03 18:00:00,26967.0
2014-09-03 19:00:00,27671.0
2014-09-03 20:00:00,27142.0
2014-09-03 21:00:00,25890.0
2014-09-03 22:00:00,24880.0
2014-09-03 23:00:00,18903.0
2014-09-04 00:00:00,9882.0
2014-09-04 01:00:00,4954.0
2014-09-04 02:00:00,4483.0
2014-09-04 03:00:00,4320.0
2014-09-04 04:00:00,4214.0
2014-09-04 05:00:00,4114.0
2014-09-04 06:00:00,4220.0
2014-09-04 07:00:00,5498.0
2014-09-04 08:00:00,6137.0
2014-09-04 09:00:00,10196.0
2014-09-04 10:00:00,16640.0
2014-09-04 11:00:00,22699.0
2014-09-04 12:00:00,23249.0
2014-09-04 13:00:00,23857.0
2014-09-04 14:00:00,24018.0
2014-09-04 15:00:00,25380.0
2014-09-04 16:00:00,24003.0
2014-09-04 17:00:00,23946.0
2014-09-04 18:00:00,24000.0
2014-09-04 19:00:00,24595.0
2014-09-04 20:00:00,24052.0
2014-09-04 21:00:00,23290.0
2014-09-04 22:00:00,21083.0
2014-09-04 23:00:00,15732.0
2014-09-05 00:00:00,9487.0
2014-09-05 01:00:00,4886.0
2014-09-05 02:00:00,4602.0
2014-09-05 03:00:00,4402.0
2014-09-05 04:00:00,4278.0
2014-09-05 05:00:00,4271.0
2014-09-05 06:00:00,4272.0
2014-09-05 07:00:00,5325.0
2014-09-05 08:00:00,6188.0
2014-09-05 09:00:00,9770.0
2014-09-05 10:00:00,20166.0
2014-09-05 11:00:00,22669.0
2014-09-05 12:00:00,26880.0
2014-09-05 13:00:00,26996.0
2014-09-05 14:00:00,28620.0
2014-09-05 15:00:00,28131.0
2014-09-05 16:00:00,28514.0
2014-09-05 17:00:00,29112.0
2014-09-05 18:00:00,29313.0
2014-09-05 19:00:00,29084.0
2014-09-05 20:00:00,29513.0
2014-09-05 21:00:00,29069.0
2014-09-05 22:00:00,27182.0
2014-09-05 23:00:00,19526.0
2014-09-06 00:00:00,9942.0
2014-09-06 01:00:00,4787.0
2014-09-06 02:00:00,4431.0
2014-09-06 03:00:00,4191.0
2014-09-06 04:00:00,4078.0
2014-09-06 05:00:00,3984.0
2014-09-06 06:00:00,4075.0
2014-09-06 07:00:00,4395.0
2014-09-06 08:00:00,4411.0
2014-09-06 09:00:00,11013.0
2014-09-06 10:00:00,23825.0
2014-09-06 11:00:00,28541.0
2014-09-06 12:00:00,28956.0
2014-09-06 13:00:00,28848.0
2014-09-06 14:00:00,28857.0
2014-09-06 15:00:00,29013.0
2014-09-06 16:00:00,29073.0
2014-09-06 17:00:00,29020.0
2014-09-06 18:00:00,29039.0
2014-09-06 19:00:00,29872.0
2014-09-06 20:00:00,29703.0
2014-09-06 21:00:00,27630.0
2014-09-06 22:00:00,24893.0
2014-09-06 23:00:00,17707.0
2014-09-07 00:00:00,10703.0
2014-09-07 01:00:00,4812.0
2014-09-07 02:00:00,4190.0
2014-09-07 03:00:00,3921.0
2014-09-07 04:00:00,3792.0
2014-09-07 05:00:00,3835.0
2014-09-07 06:00:00,3940.0
2014-09-07 07:00:00,4213.0
2014-09-07 08:00:00,4376.0
2014-09-07 09:00:00,11695.0
2014-09-07 10:00:00,24400.0
2014-09-07 11:00:00,29810.0
2014-09-07 12:00:00,30757.0
2014-09-07 13:00:00,30933.0
2014-09-07 14:00:00,31339.0
2014-09-07 15:00:00,31285.0
2014-09-07 16:00:00,31260.0
2014-09-07 17:00:00,31001.0
2014-09-07 18:00:00,30869.0
2014-09-07 19:00:00,29934.0
2014-09-07 20:00:00,28102.0
2014-09-07 21:00:00,27655.0
2014-09-07 22:00:00,26389.0
2014-09-07 23:00:00,18428.0
2014-09-08 00:00:00,10241.0
2014-09-08 01:00:00,4833.0
2014-09-08 02:00:00,4613.0
2014-09-08 03:00:00,4415.0
2014-09-08 04:00:00,4370.0
2014-09-08 05:00:00,4311.0
2014-09-08 06:00:00,4381.0
2014-09-08 07:00:00,5778.0
2014-09-08 08:00:00,7718.0
2014-09-08 09:00:00,12329.0
2014-09-08 10:00:00,22877.0
2014-09-08 11:00:00,28197.0
2014-09-08 12:00:00,28731.0
2014-09-08 13:00:00,28971.0
2014-09-08 14:00:00,29318.0
2014-09-08 15:00:00,29026.0
2014-09-08 16:00:00,28407.0
2014-09-08 17:00:00,28513.0
2014-09-08 18:00:00,28239.0
2014-09-08 19:00:00,29433.0
2014-09-08 20:00:00,28136.0
2014-09-08 21:00:00,25607.0
2014-09-08 22:00:00,22659.0
2014-09-08 23:00:00,15173.0
2014-09-09 00:00:00,10010.0
2014-09-09 01:00:00,4948.0
2014-09-09 02:00:00,4463.0
2014-09-09 03:00:00,4290.0
2014-09-09 04:00:00,4245.0
2014-09-09 05:00:00,4314.0
2014-09-09 06:00:00,4443.0
2014-09-09 07:00:00,5601.0
2014-09-09 08:00:00,7499.0
2014-09-09 09:00:00,10614.0
2014-09-09 10:00:00,18358.0
2014-09-09 11:00:00,23290.0
2014-09-09 12:00:00,23045.0
2014-09-09 13:00:00,22941.0
2014-09-09 14:00:00,23319.0
2014-09-09 15:00:00,23536.0
2014-09-09 16:00:00,23595.0
2014-09-09 17:00:00,23286.0
2014-09-09 18:00:00,23250.0
2014-09-09 19:00:00,26938.0
2014-09-09 20:00:00,27886.0
2014-09-09 21:00:00,25852.0
2014-09-09 22:00:00,24862.0
2014-09-09 23:00:00,17566.0
2014-09-10 00:00:00,10043.0
2014-09-10 01:00:00,4889.0
2014-09-10 02:00:00,4638.0
2014-09-10 03:00:00,4389.0
2014-09-10 04:00:00,4137.0
2014-09-10 05:00:00,4005.0
2014-09-10 06:00:00,4109.0
2014-09-10 07:00:00,5891.0
2014-09-10 08:00:00,7323.0
2014-09-10 09:00:00,10179.0
2014-09-10 10:00:00,20617.0
2014-09-10 11:00:00,22446.0
2014-09-10 12:00:00,22755.0
2014-09-10 13:00:00,25552.0
2014-09-10 14:00:00,25510.0
2014-09-10 15:00:00,26493.0
2014-09-10 16:00:00,25654.0
2014-09-10 17:00:00,25508.0
2014-09-10 18:00:00,24736.0
2014-09-10 19:00:00,25566.0
2014-09-10 20:00:00,25727.0
2014-09-10 21:00:00,24835.0
2014-09-10 22:00:00,23579.0
2014-09-10 23:00:00,16828.0
2014-09-11 00:00:00,10028.0
2014-09-11 01:00:00,4929.0
2014-09-11 02:00:00,4435.0
2014-09-11 03:00:00,4217.0
2014-09-11 04:00:00,4121.0
2014-09-11 05:00:00,3959.0
2014-09-11 06:00:00,4036.0
2014-09-11 07:00:00,5504.0
2014-09-11 08:00:00,7601.0
2014-09-11 09:00:00,12632.0
2014-09-11 10:00:00,19954.0
2014-09-11 11:00:00,24868.0
2014-09-11 12:00:00,25388.0
2014-09-11 13:00:00,26932.0
2014-09-11 14:00:00,27187.0
2014-09-11 15:00:00,27633.0
2014-09-11 16:00:00,27764.0
2014-09-11 17:00:00,27516.0
2014-09-11 18:00:00,27326.0
2014-09-11 19:00:00,28073.0
2014-09-11 20:00:00,28324.0
2014-09-11 21:00:00,28203.0
2014-09-11 22:00:00,27523.0
2014-09-11 23:00:00,20774.0
2014-09-12 00:00:00,10397.0
2014-09-12 01:00:00,5021.0
2014-09-12 02:00:00,4773.0
2014-09-12 03:00:00,4485.0
2014-09-12 04:00:00,4385.0
2014-09-12 05:00:00,4292.0
2014-09-12 06:00:00,4237.0
2014-09-12 07:00:00,5948.0
2014-09-12 08:00:00,7500.0
2014-09-12 09:00:00,12695.0
2014-09-12 10:00:00,20554.0
2014-09-12 11:00:00,23076.0
2014-09-12 12:00:00,27295.0
2014-09-12 13:00:00,24761.0
2014-09-12 14:00:00,23303.0
2014-09-12 15:00:00,23349.0
2014-09-12 16:00:00,23229.0
2014-09-12 17:00:00,23015.0
2014-09-12 18:00:00,22632.0
2014-09-12 19:00:00,23549.0
2014-09-12 20:00:00,24002.0
2014-09-12 21:00:00,24206.0
2014-09-12 22:00:00,23425.0
2014-09-12 23:00:00,17578.0
2014-09-13 00:00:00,9719.0
2014-09-13 01:00:00,4707.0
2014-09-13 02:00:00,4444.0
2014-09-13 03:00:00,4245.0
2014-09-13 04:00:00,4100.0
2014-09-13 05:00:00,4009.0
2014-09-13 06:00:00,4142.0
2014-09-13 07:00:00,4364.0
2014-09-13 08:00:00,4444.0
2014-09-13 09:00:00,10015.0
2014-09-13 10:00:00,21357.0
2014-09-13 11:00:00,23756.0
2014-09-13 12:00:00,25667.0
2014-09-13 13:00:00,25486.0
2014-09-13 14:00:00,25745.0
2014-09-13 15:00:00,26219.0
2014-09-13 16:00:00,26725.0
2014-09-13 17:00:00,27891.0
2014-09-13 18:00:00,28476.0
2014-09-13 19:00:00,27735.0
2014-09-13 20:00:00,26920.0
2014-09-13 21:00:00,26668.0
2014-09-13 22:00:00,26073.0
2014-09-13 23:00:00,18277.0
2014-09-14 00:00:00,8737.0
2014-09-14 01:00:00,4992.0
2014-09-14 02:00:00,4549.0
2014-09-14 03:00:00,4352.0
2014-09-14 04:00:00,4213.0
2014-09-14 05:00:00,4117.0
2014-09-14 06:00:00,4251.0
2014-09-14 07:00:00,4574.0
2014-09-14 08:00:00,5530.0
2014-09-14 09:00:00,13544.0
2014-09-14 10:00:00,22931.0
2014-09-14 11:00:00,26308.0
2014-09-14 12:00:00,27185.0
2014-09-14 13:00:00,27415.0
2014-09-14 14:00:00,27557.0
2014-09-14 15:00:00,27758.0
2014-09-14 16:00:00,28010.0
2014-09-14 17:00:00,27970.0
2014-09-14 18:00:00,27628.0
2014-09-14 19:00:00,28523.0
2014-09-14 20:00:00,28438.0
2014-09-14 21:00:00,27669.0
2014-09-14 22:00:00,25651.0
2014-09-14 23:00:00,16278.0
2014-09-15 00:00:00,8487.0
2014-09-15 01:00:00,5180.0
2014-09-15 02:00:00,4809.0
2014-09-15 03:00:00,4570.0
2014-09-15 04:00:00,4467.0
2014-09-15 05:00:00,4407.0
2014-09-15 06:00:00,4514.0
2014-09-15 07:00:00,5325.0
2014-09-15 08:00:00,6795.0
2014-09-15 09:00:00,10045.0
2014-09-15 10:00:00,20187.0
2014-09-15 11:00:00,25303.0
2014-09-15 12:00:00,26262.0
2014-09-15 13:00:00,25173.0
2014-09-15 14:00:00,25820.0
2014-09-15 15:00:00,26153.0
2014-09-15 16:00:00,26219.0
2014-09-15 17:00:00,26231.0
2014-09-15 18:00:00,25688.0
2014-09-15 19:00:00,26714.0
2014-09-15 20:00:00,26415.0
2014-09-15 21:00:00,24495.0
2014-09-15 22:00:00,23232.0
2014-09-15 23:00:00,16095.0
2014-09-16 00:00:00,9979.0
2014-09-16 01:00:00,4947.0
2014-09-16 02:00:00,4652.0
2014-09-16 03:00:00,4378.0
2014-09-16 04:00:00,4185.0
2014-09-16 05:00:00,4162.0
2014-09-16 06:00:00,4228.0
2014-09-16 07:00:00,5469.0
2014-09-16 08:00:00,6871.0
2014-09-16 09:00:00,13239.0
2014-09-16 10:00:00,20496.0
2014-09-16 11:00:00,23009.0
2014-09-16 12:00:00,26793.0
2014-09-16 13:00:00,26531.0
2014-09-16 14:00:00,26659.0
2014-09-16 15:00:00,25779.0
2014-09-16 16:00:00,26224.0
2014-09-16 17:00:00,26748.0
2014-09-16 18:00:00,27249.0
2014-09-16 19:00:00,28227.0
2014-09-16 20:00:00,28023.0
2014-09-16 21:00:00,28413.0
2014-09-16 22:00:00,33231.0
2014-09-16 23:00:00,25832.0
2014-09-17 00:00:00,10699.0
2014-09-17 01:00:00,5727.0
2014-09-17 02:00:00,5406.0
2014-09-17 03:00:00,5127.0
2014-09-17 04:00:00,4921.0
2014-09-17 05:00:00,4847.0
2014-09-17 06:00:00,4941.0
2014-09-17 07:00:00,6171.0
2014-09-17 08:00:00,7835.0
2014-09-17 09:00:00,10554.0
2014-09-17 10:00:00,20582.0
2014-09-17 11:00:00,22216.0
2014-09-17 12:00:00,22769.0
2014-09-17 13:00:00,22895.0
2014-09-17 14:00:00,24910.0
2014-09-17 15:00:00,24681.0
2014-09-17 16:00:00,24108.0
2014-09-17 17:00:00,22307.0
2014-09-17 18:00:00,22099.0
2014-09-17 19:00:00,23304.0
2014-09-17 20:00:00,22882.0
2014-09-17 21:00:00,22482.0
2014-09-17 22:00:00,21735.0
2014-09-17 23:00:00,15972.0
2014-09-18 00:00:00,9684.0
2014-09-18 01:00:00,4798.0
2014-09-18 02:00:00,4391.0
2014-09-18 03:00:00,4242.0
2014-09-18 04:00:00,4112.0
2014-09-18 05:00:00,4079.0
2014-09-18 06:00:00,4094.0
2014-09-18 07:00:00,5400.0
2014-09-18 08:00:00,6921.0
2014-09-18 09:00:00,12196.0
2014-09-18 10:00:00,17690.0
2014-09-18 11:00:00,22566.0
2014-09-18 12:00:00,22928.0
2014-09-18 13:00:00,23095.0
2014-09-18 14:00:00,23211.0
2014-09-18 15:00:00,22829.0
2014-09-18 16:00:00,22779.0
2014-09-18 17:00:00,22754.0
2014-09-18 18:00:00,22261.0
2014-09-18 19:00:00,22637.0
2014-09-18 20:00:00,22573.0
2014-09-18 21:00:00,22394.0
2014-09-18 22:00:00,21777.0
2014-09-18 23:00:00,16862.0
2014-09-19 00:00:00,9579.0
2014-09-19 01:00:00,5016.0
2014-09-19 02:00:00,4591.0
2014-09-19 03:00:00,4446.0
2014-09-19 04:00:00,4299.0
2014-09-19 05:00:00,4275.0
2014-09-19 06:00:00,4406.0
2014-09-19 07:00:00,5451.0
2014-09-19 08:00:00,6965.0
2014-09-19 09:00:00,10822.0
2014-09-19 10:00:00,19135.0
2014-09-19 11:00:00,20283.0
2014-09-19 12:00:00,21576.0
2014-09-19 13:00:00,22179.0
2014-09-19 14:00:00,22062.0
2014-09-19 15:00:00,21988.0
2014-09-19 16:00:00,21595.0
2014-09-19 17:00:00,21710.0
2014-09-19 18:00:00,21528.0
2014-09-19 19:00:00,22649.0
2014-09-19 20:00:00,22623.0
2014-09-19 21:00:00,22657.0
2014-09-19 22:00:00,22192.0
2014-09-19 23:00:00,16501.0
2014-09-20 00:00:00,9484.0
2014-09-20 01:00:00,4930.0
2014-09-20 02:00:00,4558.0
2014-09-20 03:00:00,4330.0
2014-09-20 04:00:00,4293.0
2014-09-20 05:00:00,4233.0
2014-09-20 06:00:00,4458.0
2014-09-20 07:00:00,4786.0
2014-09-20 08:00:00,4686.0
2014-09-20 09:00:00,9647.0
2014-09-20 10:00:00,20044.0
2014-09-20 11:00:00,22316.0
2014-09-20 12:00:00,22600.0
2014-09-20 13:00:00,22794.0
2014-09-20 14:00:00,24324.0
2014-09-20 15:00:00,26433.0
2014-09-20 16:00:00,26141.0
2014-09-20 17:00:00,26110.0
2014-09-20 18:00:00,26145.0
2014-09-20 19:00:00,26099.0
2014-09-20 20:00:00,25023.0
2014-09-20 21:00:00,24975.0
2014-09-20 22:00:00,23837.0
2014-09-20 23:00:00,17446.0
2014-09-21 00:00:00,9541.0
2014-09-21 01:00:00,4864.0
2014-09-21 02:00:00,4368.0
2014-09-21 03:00:00,4199.0
2014-09-21 04:00:00,4046.0
2014-09-21 05:00:00,4017.0
2014-09-21 06:00:00,4137.0
2014-09-21 07:00:00,4352.0
2014-09-21 08:00:00,4342.0
2014-09-21 09:00:00,11840.0
2014-09-21 10:00:00,24191.0
2014-09-21 11:00:00,25470.0
2014-09-21 12:00:00,25822.0
2014-09-21 13:00:00,26079.0
2014-09-21 14:00:00,26790.0
2014-09-21 15:00:00,27163.0
2014-09-21 16:00:00,27504.0
2014-09-21 17:00:00,27466.0
2014-09-21 18:00:00,28923.0
2014-09-21 19:00:00,34005.0
2014-09-21 20:00:00,31667.0
2014-09-21 21:00:00,27150.0
2014-09-21 22:00:00,26034.0
2014-09-21 23:00:00,20240.0
2014-09-22 00:00:00,9887.0
2014-09-22 01:00:00,5055.0
2014-09-22 02:00:00,4623.0
2014-09-22 03:00:00,4351.0
2014-09-22 04:00:00,4269.0
2014-09-22 05:00:00,4192.0
2014-09-22 06:00:00,4270.0
2014-09-22 07:00:00,5439.0
2014-09-22 08:00:00,6192.0
2014-09-22 09:00:00,9696.0
2014-09-22 10:00:00,18662.0
2014-09-22 11:00:00,21256.0
2014-09-22 12:00:00,21529.0
2014-09-22 13:00:00,22242.0
2014-09-22 14:00:00,21654.0
2014-09-22 15:00:00,20538.0
2014-09-22 16:00:00,21308.0
2014-09-22 17:00:00,20815.0
2014-09-22 18:00:00,20241.0
2014-09-22 19:00:00,21525.0
2014-09-22 20:00:00,21973.0
2014-09-22 21:00:00,21781.0
2014-09-22 22:00:00,21056.0
2014-09-22 23:00:00,15406.0
2014-09-23 00:00:00,9616.0
2014-09-23 01:00:00,5343.0
2014-09-23 02:00:00,4965.0
2014-09-23 03:00:00,4695.0
2014-09-23 04:00:00,4676.0
2014-09-23 05:00:00,4614.0
2014-09-23 06:00:00,4629.0
2014-09-23 07:00:00,5630.0
2014-09-23 08:00:00,7052.0
2014-09-23 09:00:00,9778.0
2014-09-23 10:00:00,14239.0
2014-09-23 11:00:00,20308.0
2014-09-23 12:00:00,24154.0
2014-09-23 13:00:00,22911.0
2014-09-23 14:00:00,22542.0
2014-09-23 15:00:00,22600.0
2014-09-23 16:00:00,22607.0
2014-09-23 17:00:00,22132.0
2014-09-23 18:00:00,21851.0
2014-09-23 19:00:00,21779.0
2014-09-23 20:00:00,21943.0
2014-09-23 21:00:00,21890.0
2014-09-23 22:00:00,20737.0
2014-09-23 23:00:00,13792.0
2014-09-24 00:00:00,9170.0
2014-09-24 01:00:00,4700.0
2014-09-24 02:00:00,4441.0
2014-09-24 03:00:00,4168.0
2014-09-24 04:00:00,3894.0
2014-09-24 05:00:00,3887.0
2014-09-24 06:00:00,4031.0
2014-09-24 07:00:00,5063.0
2014-09-24 08:00:00,6954.0
2014-09-24 09:00:00,10087.0
2014-09-24 10:00:00,17476.0
2014-09-24 11:00:00,20045.0
2014-09-24 12:00:00,21178.0
2014-09-24 13:00:00,21509.0
2014-09-24 14:00:00,21624.0
2014-09-24 15:00:00,21863.0
2014-09-24 16:00:00,22219.0
2014-09-24 17:00:00,22049.0
2014-09-24 18:00:00,21496.0
2014-09-24 19:00:00,21618.0
2014-09-24 20:00:00,21789.0
2014-09-24 21:00:00,21496.0
2014-09-24 22:00:00,20378.0
2014-09-24 23:00:00,12873.0
2014-09-25 00:00:00,9169.0
2014-09-25 01:00:00,4699.0
2014-09-25 02:00:00,4313.0
2014-09-25 03:00:00,4050.0
2014-09-25 04:00:00,4019.0
2014-09-25 05:00:00,3908.0
2014-09-25 06:00:00,3975.0
2014-09-25 07:00:00,5155.0
2014-09-25 08:00:00,5787.0
2014-09-25 09:00:00,9322.0
2014-09-25 10:00:00,15904.0
2014-09-25 11:00:00,19607.0
2014-09-25 12:00:00,20596.0
2014-09-25 13:00:00,21064.0
2014-09-25 14:00:00,21761.0
2014-09-25 15:00:00,22709.0
2014-09-25 16:00:00,23759.0
2014-09-25 17:00:00,22580.0
2014-09-25 18:00:00,22025.0
2014-09-25 19:00:00,22573.0
2014-09-25 20:00:00,21677.0
2014-09-25 21:00:00,20990.0
2014-09-25 22:00:00,20284.0
2014-09-25 23:00:00,14440.0
2014-09-26 00:00:00,9421.0
2014-09-26 01:00:00,4940.0
2014-09-26 02:00:00,4555.0
2014-09-26 03:00:00,4365.0
2014-09-26 04:00:00,4258.0
2014-09-26 05:00:00,4202.0
2014-09-26 06:00:00,4285.0
2014-09-26 07:00:00,5344.0
2014-09-26 08:00:00,6067.0
2014-09-26 09:00:00,9200.0
2014-09-26 10:00:00,15803.0
2014-09-26 11:00:00,19756.0
2014-09-26 12:00:00,21576.0
2014-09-26 13:00:00,22035.0
2014-09-26 14:00:00,23037.0
2014-09-26 15:00:00,24591.0
2014-09-26 16:00:00,24316.0
2014-09-26 17:00:00,23188.0
2014-09-26 18:00:00,23119.0
2014-09-26 19:00:00,23929.0
2014-09-26 20:00:00,22616.0
2014-09-26 21:00:00,22372.0
2014-09-26 22:00:00,21680.0
2014-09-26 23:00:00,15017.0
2014-09-27 00:00:00,9601.0
2014-09-27 01:00:00,4619.0
2014-09-27 02:00:00,4208.0
2014-09-27 03:00:00,3959.0
2014-09-27 04:00:00,3841.0
2014-09-27 05:00:00,3782.0
2014-09-27 06:00:00,3840.0
2014-09-27 07:00:00,4080.0
2014-09-27 08:00:00,4162.0
2014-09-27 09:00:00,8214.0
2014-09-27 10:00:00,16518.0
2014-09-27 11:00:00,17739.0
2014-09-27 12:00:00,19498.0
2014-09-27 13:00:00,26603.0
2014-09-27 14:00:00,22320.0
2014-09-27 15:00:00,22457.0
2014-09-27 16:00:00,22602.0
2014-09-27 17:00:00,23078.0
2014-09-27 18:00:00,21570.0
2014-09-27 19:00:00,18082.0
2014-09-27 20:00:00,18372.0
2014-09-27 21:00:00,18332.0
2014-09-27 22:00:00,17885.0
2014-09-27 23:00:00,14515.0
2014-09-28 00:00:00,10362.0
2014-09-28 01:00:00,5038.0
2014-09-28 02:00:00,4398.0
2014-09-28 03:00:00,4174.0
2014-09-28 04:00:00,4069.0
2014-09-28 05:00:00,4011.0
2014-09-28 06:00:00,4101.0
2014-09-28 07:00:00,4342.0
2014-09-28 08:00:00,4407.0
2014-09-28 09:00:00,11774.0
2014-09-28 10:00:00,21799.0
2014-09-28 11:00:00,22832.0
2014-09-28 12:00:00,24210.0
2014-09-28 13:00:00,24368.0
2014-09-28 14:00:00,24180.0
2014-09-28 15:00:00,24230.0
2014-09-28 16:00:00,25539.0
2014-09-28 17:00:00,25565.0
2014-09-28 18:00:00,25478.0
2014-09-28 19:00:00,26159.0
2014-09-28 20:00:00,25859.0
2014-09-28 21:00:00,25419.0
2014-09-28 22:00:00,22534.0
2014-09-28 23:00:00,17372.0
2014-09-29 00:00:00,8576.0
2014-09-29 01:00:00,4962.0
2014-09-29 02:00:00,4624.0
2014-09-29 03:00:00,4369.0
2014-09-29 04:00:00,4280.0
2014-09-29 05:00:00,4213.0
2014-09-29 06:00:00,4313.0
2014-09-29 07:00:00,5512.0
2014-09-29 08:00:00,6605.0
2014-09-29 09:00:00,9511.0
2014-09-29 10:00:00,14335.0
2014-09-29 11:00:00,15992.0
2014-09-29 12:00:00,16838.0
2014-09-29 13:00:00,19392.0
2014-09-29 14:00:00,16300.0
2014-09-29 15:00:00,17082.0
2014-09-29 16:00:00,20579.0
2014-09-29 17:00:00,16603.0
2014-09-29 18:00:00,16655.0
2014-09-29 19:00:00,17995.0
2014-09-29 20:00:00,17840.0
2014-09-29 21:00:00,17667.0
2014-09-29 22:00:00,17359.0
2014-09-29 23:00:00,13794.0
2014-09-30 00:00:00,9388.0
2014-09-30 01:00:00,4805.0
2014-09-30 02:00:00,4425.0
2014-09-30 03:00:00,4263.0
2014-09-30 04:00:00,4176.0
2014-09-30 05:00:00,4069.0
2014-09-30 06:00:00,4171.0
2014-09-30 07:00:00,5712.0
2014-09-30 08:00:00,6237.0
2014-09-30 09:00:00,9391.0
2014-09-30 10:00:00,14261.0
2014-09-30 11:00:00,15450.0
2014-09-30 12:00:00,16110.0
2014-09-30 13:00:00,19509.0
2014-09-30 14:00:00,20731.0
2014-09-30 15:00:00,16382.0
2014-09-30 16:00:00,16597.0
2014-09-30 17:00:00,16714.0
2014-09-30 18:00:00,20197.0
2014-09-30 19:00:00,23216.0
2014-09-30 20:00:00,20172.0
2014-09-30 21:00:00,18276.0
2014-09-30 22:00:00,17814.0
2014-09-30 23:00:00,14155.0
2014-10-01 00:00:00,9821.0
2014-10-01 01:00:00,4651.0
2014-10-01 02:00:00,4532.0
2014-10-01 03:00:00,4280.0
2014-10-01 04:00:00,4185.0
2014-10-01 05:00:00,4071.0
2014-10-01 06:00:00,4197.0
2014-10-01 07:00:00,5564.0
2014-10-01 08:00:00,6371.0
2014-10-01 09:00:00,9922.0
2014-10-01 10:00:00,15083.0
2014-10-01 11:00:00,16309.0
2014-10-01 12:00:00,19894.0
2014-10-01 13:00:00,23133.0
2014-10-01 14:00:00,23658.0
2014-10-01 15:00:00,23700.0
2014-10-01 16:00:00,23325.0
2014-10-01 17:00:00,22933.0
2014-10-01 18:00:00,23583.0
2014-10-01 19:00:00,24749.0
2014-10-01 20:00:00,23771.0
2014-10-01 21:00:00,23347.0
2014-10-01 22:00:00,19863.0
2014-10-01 23:00:00,14454.0
2014-10-02 00:00:00,9920.0
2014-10-02 01:00:00,4928.0
2014-10-02 02:00:00,4500.0
2014-10-02 03:00:00,4253.0
2014-10-02 04:00:00,4174.0
2014-10-02 05:00:00,4144.0
2014-10-02 06:00:00,4247.0
2014-10-02 07:00:00,5819.0
2014-10-02 08:00:00,6595.0
2014-10-02 09:00:00,10533.0
2014-10-02 10:00:00,15279.0
2014-10-02 11:00:00,16897.0
2014-10-02 12:00:00,22810.0
2014-10-02 13:00:00,22994.0
2014-10-02 14:00:00,22985.0
2014-10-02 15:00:00,23233.0
2014-10-02 16:00:00,23360.0
2014-10-02 17:00:00,22929.0
2014-10-02 18:00:00,23977.0
2014-10-02 19:00:00,24837.0
2014-10-02 20:00:00,24368.0
2014-10-02 21:00:00,22624.0
2014-10-02 22:00:00,18506.0
2014-10-02 23:00:00,15141.0
2014-10-03 00:00:00,10627.0
2014-10-03 01:00:00,5097.0
2014-10-03 02:00:00,4615.0
2014-10-03 03:00:00,4420.0
2014-10-03 04:00:00,4299.0
2014-10-03 05:00:00,4212.0
2014-10-03 06:00:00,4260.0
2014-10-03 07:00:00,5565.0
2014-10-03 08:00:00,6963.0
2014-10-03 09:00:00,10229.0
2014-10-03 10:00:00,15403.0
2014-10-03 11:00:00,19955.0
2014-10-03 12:00:00,24257.0
2014-10-03 13:00:00,24121.0
2014-10-03 14:00:00,23883.0
2014-10-03 15:00:00,24010.0
2014-10-03 16:00:00,23807.0
2014-10-03 17:00:00,24335.0
2014-10-03 18:00:00,23505.0
2014-10-03 19:00:00,24321.0
2014-10-03 20:00:00,22647.0
2014-10-03 21:00:00,18936.0
2014-10-03 22:00:00,18153.0
2014-10-03 23:00:00,14776.0
2014-10-04 00:00:00,10281.0
2014-10-04 01:00:00,4973.0
2014-10-04 02:00:00,4589.0
2014-10-04 03:00:00,4341.0
2014-10-04 04:00:00,4220.0
2014-10-04 05:00:00,4209.0
2014-10-04 06:00:00,4277.0
2014-10-04 07:00:00,4475.0
2014-10-04 08:00:00,4554.0
2014-10-04 09:00:00,9111.0
2014-10-04 10:00:00,17342.0
2014-10-04 11:00:00,18204.0
2014-10-04 12:00:00,21430.0
2014-10-04 13:00:00,22258.0
2014-10-04 14:00:00,22030.0
2014-10-04 15:00:00,22084.0
2014-10-04 16:00:00,22279.0
2014-10-04 17:00:00,22151.0
2014-10-04 18:00:00,22164.0
2014-10-04 19:00:00,22279.0
2014-10-04 20:00:00,18775.0
2014-10-04 21:00:00,18680.0
2014-10-04 22:00:00,18148.0
2014-10-04 23:00:00,13906.0
2014-10-05 00:00:00,8961.0
2014-10-05 01:00:00,4474.0
2014-10-05 02:00:00,4184.0
2014-10-05 03:00:00,3946.0
2014-10-05 04:00:00,3838.0
2014-10-05 05:00:00,3797.0
2014-10-05 06:00:00,3797.0
2014-10-05 07:00:00,4166.0
2014-10-05 08:00:00,4152.0
2014-10-05 09:00:00,6570.0
2014-10-05 10:00:00,20681.0
2014-10-05 11:00:00,21844.0
2014-10-05 12:00:00,22436.0
2014-10-05 13:00:00,21861.0
2014-10-05 14:00:00,21648.0
2014-10-05 15:00:00,21975.0
2014-10-05 16:00:00,22579.0
2014-10-05 17:00:00,23245.0
2014-10-05 18:00:00,23572.0
2014-10-05 19:00:00,24229.0
2014-10-05 20:00:00,28266.0
2014-10-05 21:00:00,25329.0
2014-10-05 22:00:00,22862.0
2014-10-05 23:00:00,16241.0
2014-10-06 00:00:00,8601.0
2014-10-06 01:00:00,4778.0
2014-10-06 02:00:00,4511.0
2014-10-06 03:00:00,4201.0
2014-10-06 04:00:00,4059.0
2014-10-06 05:00:00,4217.0
2014-10-06 06:00:00,4324.0
2014-10-06 07:00:00,5660.0
2014-10-06 08:00:00,6665.0
2014-10-06 09:00:00,9680.0
2014-10-06 10:00:00,14279.0
2014-10-06 11:00:00,16051.0
2014-10-06 12:00:00,16686.0
2014-10-06 13:00:00,16781.0
2014-10-06 14:00:00,16941.0
2014-10-06 15:00:00,16860.0
2014-10-06 16:00:00,16870.0
2014-10-06 17:00:00,16805.0
2014-10-06 18:00:00,17171.0
2014-10-06 19:00:00,17939.0
2014-10-06 20:00:00,18241.0
2014-10-06 21:00:00,18232.0
2014-10-06 22:00:00,17702.0
2014-10-06 23:00:00,14026.0
2014-10-07 00:00:00,9434.0
2014-10-07 01:00:00,4660.0
2014-10-07 02:00:00,4401.0
2014-10-07 03:00:00,4303.0
2014-10-07 04:00:00,4039.0
2014-10-07 05:00:00,3883.0
2014-10-07 06:00:00,4059.0
2014-10-07 07:00:00,5496.0
2014-10-07 08:00:00,6503.0
2014-10-07 09:00:00,9392.0
2014-10-07 10:00:00,15249.0
2014-10-07 11:00:00,16583.0
2014-10-07 12:00:00,20811.0
2014-10-07 13:00:00,21935.0
2014-10-07 14:00:00,21877.0
2014-10-07 15:00:00,22009.0
2014-10-07 16:00:00,20969.0
2014-10-07 17:00:00,17828.0
2014-10-07 18:00:00,18252.0
2014-10-07 19:00:00,18776.0
2014-10-07 20:00:00,18538.0
2014-10-07 21:00:00,18368.0
2014-10-07 22:00:00,17996.0
2014-10-07 23:00:00,14335.0
2014-10-08 00:00:00,9558.0
2014-10-08 01:00:00,4711.0
2014-10-08 02:00:00,4302.0
2014-10-08 03:00:00,4137.0
2014-10-08 04:00:00,3939.0
2014-10-08 05:00:00,3961.0
2014-10-08 06:00:00,4090.0
2014-10-08 07:00:00,5723.0
2014-10-08 08:00:00,6804.0
2014-10-08 09:00:00,9837.0
2014-10-08 10:00:00,15475.0
2014-10-08 11:00:00,16970.0
2014-10-08 12:00:00,21638.0
2014-10-08 13:00:00,22183.0
2014-10-08 14:00:00,21754.0
2014-10-08 15:00:00,21987.0
2014-10-08 16:00:00,21834.0
2014-10-08 17:00:00,21387.0
2014-10-08 18:00:00,17896.0
2014-10-08 19:00:00,17954.0
2014-10-08 20:00:00,18076.0
2014-10-08 21:00:00,17992.0
2014-10-08 22:00:00,17543.0
2014-10-08 23:00:00,14304.0
2014-10-09 00:00:00,9581.0
2014-10-09 01:00:00,4813.0
2014-10-09 02:00:00,4496.0
2014-10-09 03:00:00,4252.0
2014-10-09 04:00:00,4121.0
2014-10-09 05:00:00,4056.0
2014-10-09 06:00:00,4304.0
2014-10-09 07:00:00,5776.0
2014-10-09 08:00:00,6487.0
2014-10-09 09:00:00,9642.0
2014-10-09 10:00:00,14202.0
2014-10-09 11:00:00,15499.0
2014-10-09 12:00:00,16128.0
2014-10-09 13:00:00,16266.0
2014-10-09 14:00:00,16272.0
2014-10-09 15:00:00,17247.0
2014-10-09 16:00:00,17513.0
2014-10-09 17:00:00,17180.0
2014-10-09 18:00:00,17032.0
2014-10-09 19:00:00,17291.0
2014-10-09 20:00:00,17392.0
2014-10-09 21:00:00,17325.0
2014-10-09 22:00:00,16537.0
2014-10-09 23:00:00,12875.0
2014-10-10 00:00:00,9102.0
2014-10-10 01:00:00,4912.0
2014-10-10 02:00:00,4716.0
2014-10-10 03:00:00,4502.0
2014-10-10 04:00:00,4353.0
2014-10-10 05:00:00,4292.0
2014-10-10 06:00:00,4417.0
2014-10-10 07:00:00,5541.0
2014-10-10 08:00:00,6309.0
2014-10-10 09:00:00,9455.0
2014-10-10 10:00:00,14335.0
2014-10-10 11:00:00,15281.0
2014-10-10 12:00:00,15809.0
2014-10-10 13:00:00,15786.0
2014-10-10 14:00:00,15943.0
2014-10-10 15:00:00,16214.0
2014-10-10 16:00:00,16199.0
2014-10-10 17:00:00,15948.0
2014-10-10 18:00:00,16033.0
2014-10-10 19:00:00,17265.0
2014-10-10 20:00:00,17452.0
2014-10-10 21:00:00,17265.0
2014-10-10 22:00:00,16667.0
2014-10-10 23:00:00,12948.0
2014-10-11 00:00:00,9038.0
2014-10-11 01:00:00,4856.0
2014-10-11 02:00:00,4621.0
2014-10-11 03:00:00,4410.0
2014-10-11 04:00:00,4362.0
2014-10-11 05:00:00,4223.0
2014-10-11 06:00:00,4358.0
2014-10-11 07:00:00,4513.0
2014-10-11 08:00:00,4653.0
2014-10-11 09:00:00,9965.0
2014-10-11 10:00:00,14308.0
2014-10-11 11:00:00,15209.0
2014-10-11 12:00:00,15529.0
2014-10-11 13:00:00,15634.0
2014-10-11 14:00:00,15600.0
2014-10-11 15:00:00,15955.0
2014-10-11 16:00:00,16411.0
2014-10-11 17:00:00,16561.0
2014-10-11 18:00:00,17860.0
2014-10-11 19:00:00,17911.0
2014-10-11 20:00:00,17661.0
2014-10-11 21:00:00,17486.0
2014-10-11 22:00:00,16841.0
2014-10-11 23:00:00,12666.0
2014-10-12 00:00:00,8418.0
2014-10-12 01:00:00,4501.0
2014-10-12 02:00:00,4056.0
2014-10-12 03:00:00,3834.0
2014-10-12 04:00:00,3814.0
2014-10-12 05:00:00,3784.0
2014-10-12 06:00:00,3897.0
2014-10-12 07:00:00,4146.0
2014-10-12 08:00:00,4326.0
2014-10-12 09:00:00,10138.0
2014-10-12 10:00:00,17277.0
2014-10-12 11:00:00,18428.0
2014-10-12 12:00:00,18760.0
2014-10-12 13:00:00,20266.0
2014-10-12 14:00:00,21514.0
2014-10-12 15:00:00,21611.0
2014-10-12 16:00:00,21899.0
2014-10-12 17:00:00,22185.0
2014-10-12 18:00:00,22852.0
2014-10-12 19:00:00,22774.0
2014-10-12 20:00:00,22911.0
2014-10-12 21:00:00,22235.0
2014-10-12 22:00:00,18575.0
2014-10-12 23:00:00,14297.0
2014-10-13 00:00:00,8325.0
2014-10-13 01:00:00,4771.0
2014-10-13 02:00:00,4419.0
2014-10-13 03:00:00,4179.0
2014-10-13 04:00:00,4047.0
2014-10-13 05:00:00,3935.0
2014-10-13 06:00:00,4074.0
2014-10-13 07:00:00,5739.0
2014-10-13 08:00:00,5858.0
2014-10-13 09:00:00,9017.0
2014-10-13 10:00:00,14167.0
2014-10-13 11:00:00,16182.0
2014-10-13 12:00:00,15726.0
2014-10-13 13:00:00,15786.0
2014-10-13 14:00:00,16273.0
2014-10-13 15:00:00,16333.0
2014-10-13 16:00:00,16265.0
2014-10-13 17:00:00,15203.0
2014-10-13 18:00:00,15801.0
2014-10-13 19:00:00,16458.0
2014-10-13 20:00:00,16466.0
2014-10-13 21:00:00,16272.0
2014-10-13 22:00:00,15832.0
2014-10-13 23:00:00,11940.0
2014-10-14 00:00:00,8652.0
2014-10-14 01:00:00,4862.0
2014-10-14 02:00:00,4618.0
2014-10-14 03:00:00,4448.0
2014-10-14 04:00:00,4330.0
2014-10-14 05:00:00,4226.0
2014-10-14 06:00:00,4302.0
2014-10-14 07:00:00,5396.0
2014-10-14 08:00:00,5783.0
2014-10-14 09:00:00,8588.0
2014-10-14 10:00:00,13086.0
2014-10-14 11:00:00,15065.0
2014-10-14 12:00:00,15350.0
2014-10-14 13:00:00,15329.0
2014-10-14 14:00:00,15275.0
2014-10-14 15:00:00,15073.0
2014-10-14 16:00:00,14763.0
2014-10-14 17:00:00,14654.0
2014-10-14 18:00:00,17043.0
2014-10-14 19:00:00,17595.0
2014-10-14 20:00:00,16987.0
2014-10-14 21:00:00,16970.0
2014-10-14 22:00:00,16377.0
2014-10-14 23:00:00,12713.0
2014-10-15 00:00:00,8909.0
2014-10-15 01:00:00,4513.0
2014-10-15 02:00:00,4314.0
2014-10-15 03:00:00,4155.0
2014-10-15 04:00:00,4087.0
2014-10-15 05:00:00,3966.0
2014-10-15 06:00:00,4158.0
2014-10-15 07:00:00,5605.0
2014-10-15 08:00:00,6879.0
2014-10-15 09:00:00,10034.0
2014-10-15 10:00:00,14783.0
2014-10-15 11:00:00,18185.0
2014-10-15 12:00:00,22654.0
2014-10-15 13:00:00,21435.0
2014-10-15 14:00:00,17381.0
2014-10-15 15:00:00,17360.0
2014-10-15 16:00:00,21616.0
2014-10-15 17:00:00,22491.0
2014-10-15 18:00:00,22637.0
2014-10-15 19:00:00,22922.0
2014-10-15 20:00:00,22718.0
2014-10-15 21:00:00,22451.0
2014-10-15 22:00:00,19036.0
2014-10-15 23:00:00,14418.0
2014-10-16 00:00:00,9711.0
2014-10-16 01:00:00,4877.0
2014-10-16 02:00:00,4706.0
2014-10-16 03:00:00,4550.0
2014-10-16 04:00:00,4343.0
2014-10-16 05:00:00,4300.0
2014-10-16 06:00:00,4376.0
2014-10-16 07:00:00,5517.0
2014-10-16 08:00:00,6688.0
2014-10-16 09:00:00,11310.0
2014-10-16 10:00:00,15729.0
2014-10-16 11:00:00,16904.0
2014-10-16 12:00:00,17224.0
2014-10-16 13:00:00,18017.0
2014-10-16 14:00:00,21889.0
2014-10-16 15:00:00,21503.0
2014-10-16 16:00:00,18215.0
2014-10-16 17:00:00,16937.0
2014-10-16 18:00:00,17779.0
2014-10-16 19:00:00,17698.0
2014-10-16 20:00:00,17677.0
2014-10-16 21:00:00,17612.0
2014-10-16 22:00:00,15216.0
2014-10-16 23:00:00,12468.0
2014-10-17 00:00:00,9534.0
2014-10-17 01:00:00,5264.0
2014-10-17 02:00:00,5023.0
2014-10-17 03:00:00,4876.0
2014-10-17 04:00:00,4689.0
2014-10-17 05:00:00,4631.0
2014-10-17 06:00:00,4750.0
2014-10-17 07:00:00,6030.0
2014-10-17 08:00:00,6912.0
2014-10-17 09:00:00,9657.0
2014-10-17 10:00:00,12649.0
2014-10-17 11:00:00,15165.0
2014-10-17 12:00:00,15768.0
2014-10-17 13:00:00,15815.0
2014-10-17 14:00:00,15756.0
2014-10-17 15:00:00,16125.0
2014-10-17 16:00:00,15531.0
2014-10-17 17:00:00,15325.0
2014-10-17 18:00:00,16448.0
2014-10-17 19:00:00,16728.0
2014-10-17 20:00:00,16734.0
2014-10-17 21:00:00,16731.0
2014-10-17 22:00:00,14727.0
2014-10-17 23:00:00,12140.0
2014-10-18 00:00:00,9237.0
2014-10-18 01:00:00,4729.0
2014-10-18 02:00:00,4437.0
2014-10-18 03:00:00,4233.0
2014-10-18 04:00:00,4058.0
2014-10-18 05:00:00,3985.0
2014-10-18 06:00:00,4095.0
2014-10-18 07:00:00,4289.0
2014-10-18 08:00:00,4277.0
2014-10-18 09:00:00,9354.0
2014-10-18 10:00:00,13449.0
2014-10-18 11:00:00,15351.0
2014-10-18 12:00:00,20304.0
2014-10-18 13:00:00,20496.0
2014-10-18 14:00:00,20173.0
2014-10-18 15:00:00,20084.0
2014-10-18 16:00:00,20652.0
2014-10-18 17:00:00,20692.0
2014-10-18 18:00:00,20577.0
2014-10-18 19:00:00,17587.0
2014-10-18 20:00:00,17667.0
2014-10-18 21:00:00,17655.0
2014-10-18 22:00:00,15013.0
2014-10-18 23:00:00,12344.0
2014-10-19 00:00:00,8962.0
2014-10-19 01:00:00,4495.0
2014-10-19 02:00:00,4171.0
2014-10-19 03:00:00,3925.0
2014-10-19 04:00:00,3797.0
2014-10-19 05:00:00,3727.0
2014-10-19 06:00:00,3827.0
2014-10-19 07:00:00,4100.0
2014-10-19 08:00:00,4314.0
2014-10-19 09:00:00,12735.0
2014-10-19 10:00:00,22555.0
2014-10-19 11:00:00,22643.0
2014-10-19 12:00:00,23535.0
2014-10-19 13:00:00,24498.0
2014-10-19 14:00:00,24948.0
2014-10-19 15:00:00,24954.0
2014-10-19 16:00:00,25481.0
2014-10-19 17:00:00,25701.0
2014-10-19 18:00:00,26502.0
2014-10-19 19:00:00,27080.0
2014-10-19 20:00:00,26310.0
2014-10-19 21:00:00,25820.0
2014-10-19 22:00:00,21465.0
2014-10-19 23:00:00,15085.0
2014-10-20 00:00:00,8589.0
2014-10-20 01:00:00,4802.0
2014-10-20 02:00:00,4476.0
2014-10-20 03:00:00,4197.0
2014-10-20 04:00:00,4129.0
2014-10-20 05:00:00,4119.0
2014-10-20 06:00:00,4272.0
2014-10-20 07:00:00,5865.0
2014-10-20 08:00:00,6556.0
2014-10-20 09:00:00,9954.0
2014-10-20 10:00:00,14432.0
2014-10-20 11:00:00,15708.0
2014-10-20 12:00:00,15967.0
2014-10-20 13:00:00,16214.0
2014-10-20 14:00:00,20665.0
2014-10-20 15:00:00,20317.0
2014-10-20 16:00:00,17061.0
2014-10-20 17:00:00,20801.0
2014-10-20 18:00:00,21280.0
2014-10-20 19:00:00,22603.0
2014-10-20 20:00:00,22461.0
2014-10-20 21:00:00,21625.0
2014-10-20 22:00:00,16066.0
2014-10-20 23:00:00,13760.0
2014-10-21 00:00:00,9674.0
2014-10-21 01:00:00,4862.0
2014-10-21 02:00:00,4536.0
2014-10-21 03:00:00,4295.0
2014-10-21 04:00:00,4236.0
2014-10-21 05:00:00,4137.0
2014-10-21 06:00:00,4248.0
2014-10-21 07:00:00,5397.0
2014-10-21 08:00:00,6353.0
2014-10-21 09:00:00,9167.0
2014-10-21 10:00:00,13192.0
2014-10-21 11:00:00,15699.0
2014-10-21 12:00:00,21658.0
2014-10-21 13:00:00,21527.0
2014-10-21 14:00:00,21280.0
2014-10-21 15:00:00,21238.0
2014-10-21 16:00:00,21701.0
2014-10-21 17:00:00,21717.0
2014-10-21 18:00:00,22230.0
2014-10-21 19:00:00,22544.0
2014-10-21 20:00:00,22166.0
2014-10-21 21:00:00,18707.0
2014-10-21 22:00:00,15170.0
2014-10-21 23:00:00,12394.0
2014-10-22 00:00:00,9071.0
2014-10-22 01:00:00,4974.0
2014-10-22 02:00:00,4625.0
2014-10-22 03:00:00,4479.0
2014-10-22 04:00:00,4351.0
2014-10-22 05:00:00,4282.0
2014-10-22 06:00:00,4537.0
2014-10-22 07:00:00,5664.0
2014-10-22 08:00:00,6711.0
2014-10-22 09:00:00,9874.0
2014-10-22 10:00:00,13067.0
2014-10-22 11:00:00,15051.0
2014-10-22 12:00:00,16474.0
2014-10-22 13:00:00,21066.0
2014-10-22 14:00:00,20915.0
2014-10-22 15:00:00,20929.0
2014-10-22 16:00:00,21611.0
2014-10-22 17:00:00,21226.0
2014-10-22 18:00:00,21953.0
2014-10-22 19:00:00,22875.0
2014-10-22 20:00:00,20976.0
2014-10-22 21:00:00,18142.0
2014-10-22 22:00:00,15349.0
2014-10-22 23:00:00,12598.0
2014-10-23 00:00:00,9174.0
2014-10-23 01:00:00,4650.0
2014-10-23 02:00:00,4411.0
2014-10-23 03:00:00,4270.0
2014-10-23 04:00:00,4137.0
2014-10-23 05:00:00,4160.0
2014-10-23 06:00:00,4278.0
2014-10-23 07:00:00,5551.0
2014-10-23 08:00:00,6126.0
2014-10-23 09:00:00,9402.0
2014-10-23 10:00:00,12230.0
2014-10-23 11:00:00,17796.0
2014-10-23 12:00:00,18724.0
2014-10-23 13:00:00,19338.0
2014-10-23 14:00:00,20141.0
2014-10-23 15:00:00,20215.0
2014-10-23 16:00:00,20189.0
2014-10-23 17:00:00,20103.0
2014-10-23 18:00:00,20451.0
2014-10-23 19:00:00,20867.0
2014-10-23 20:00:00,20266.0
2014-10-23 21:00:00,19225.0
2014-10-23 22:00:00,14938.0
2014-10-23 23:00:00,11814.0
2014-10-24 00:00:00,9413.0
2014-10-24 01:00:00,5021.0
2014-10-24 02:00:00,4729.0
2014-10-24 03:00:00,4513.0
2014-10-24 04:00:00,4361.0
2014-10-24 05:00:00,4342.0
2014-10-24 06:00:00,4413.0
2014-10-24 07:00:00,5294.0
2014-10-24 08:00:00,5759.0
2014-10-24 09:00:00,8655.0
2014-10-24 10:00:00,12345.0
2014-10-24 11:00:00,14367.0
2014-10-24 12:00:00,15114.0
2014-10-24 13:00:00,18365.0
2014-10-24 14:00:00,16646.0
2014-10-24 15:00:00,18560.0
2014-10-24 16:00:00,21079.0
2014-10-24 17:00:00,21208.0
2014-10-24 18:00:00,21557.0
2014-10-24 19:00:00,19105.0
2014-10-24 20:00:00,17978.0
2014-10-24 21:00:00,17665.0
2014-10-24 22:00:00,15205.0
2014-10-24 23:00:00,12822.0
2014-10-25 00:00:00,9529.0
2014-10-25 01:00:00,5062.0
2014-10-25 02:00:00,4772.0
2014-10-25 03:00:00,4589.0
2014-10-25 04:00:00,4413.0
2014-10-25 05:00:00,4394.0
2014-10-25 06:00:00,4489.0
2014-10-25 07:00:00,4669.0
2014-10-25 08:00:00,4509.0
2014-10-25 09:00:00,9148.0
2014-10-25 10:00:00,11994.0
2014-10-25 11:00:00,18084.0
2014-10-25 12:00:00,19029.0
2014-10-25 13:00:00,19253.0
2014-10-25 14:00:00,19039.0
2014-10-25 15:00:00,19600.0
2014-10-25 16:00:00,19535.0
2014-10-25 17:00:00,19394.0
2014-10-25 18:00:00,19811.0
2014-10-25 19:00:00,20432.0
2014-10-25 20:00:00,20511.0
2014-10-25 21:00:00,20294.0
2014-10-25 22:00:00,17643.0
2014-10-25 23:00:00,14878.0
2014-10-26 00:00:00,8074.0
2014-10-26 01:00:00,8702.0
2014-10-26 02:00:00,4140.0
2014-10-26 03:00:00,3937.0
2014-10-26 04:00:00,3864.0
2014-10-26 05:00:00,3807.0
2014-10-26 06:00:00,3921.0
2014-10-26 07:00:00,4105.0
2014-10-26 08:00:00,4231.0
2014-10-26 09:00:00,6222.0
2014-10-26 10:00:00,17900.0
2014-10-26 11:00:00,20495.0
2014-10-26 12:00:00,22060.0
2014-10-26 13:00:00,22283.0
2014-10-26 14:00:00,22336.0
2014-10-26 15:00:00,22708.0
2014-10-26 16:00:00,23044.0
2014-10-26 17:00:00,23705.0
2014-10-26 18:00:00,23936.0
2014-10-26 19:00:00,23506.0
2014-10-26 20:00:00,23357.0
2014-10-26 21:00:00,22996.0
2014-10-26 22:00:00,18008.0
2014-10-26 23:00:00,14746.0
2014-10-27 00:00:00,8829.0
2014-10-27 01:00:00,4922.0
2014-10-27 02:00:00,4609.0
2014-10-27 03:00:00,4394.0
2014-10-27 04:00:00,4203.0
2014-10-27 05:00:00,4157.0
2014-10-27 06:00:00,4302.0
2014-10-27 07:00:00,5272.0
2014-10-27 08:00:00,5648.0
2014-10-27 09:00:00,8061.0
2014-10-27 10:00:00,12462.0
2014-10-27 11:00:00,19886.0
2014-10-27 12:00:00,20082.0
2014-10-27 13:00:00,20940.0
2014-10-27 14:00:00,21308.0
2014-10-27 15:00:00,21131.0
2014-10-27 16:00:00,18563.0
2014-10-27 17:00:00,18388.0
2014-10-27 18:00:00,17605.0
2014-10-27 19:00:00,17421.0
2014-10-27 20:00:00,17337.0
2014-10-27 21:00:00,17708.0
2014-10-27 22:00:00,15634.0
2014-10-27 23:00:00,13420.0
2014-10-28 00:00:00,11364.0
2014-10-28 01:00:00,7180.0
2014-10-28 02:00:00,5967.0
2014-10-28 03:00:00,5052.0
2014-10-28 04:00:00,4810.0
2014-10-28 05:00:00,4685.0
2014-10-28 06:00:00,4650.0
2014-10-28 07:00:00,5855.0
2014-10-28 08:00:00,6478.0
2014-10-28 09:00:00,9670.0
2014-10-28 10:00:00,12577.0
2014-10-28 11:00:00,14800.0
2014-10-28 12:00:00,15488.0
2014-10-28 13:00:00,15491.0
2014-10-28 14:00:00,15447.0
2014-10-28 15:00:00,15449.0
2014-10-28 16:00:00,15702.0
2014-10-28 17:00:00,16698.0
2014-10-28 18:00:00,16625.0
2014-10-28 19:00:00,16659.0
2014-10-28 20:00:00,16483.0
2014-10-28 21:00:00,16394.0
2014-10-28 22:00:00,13929.0
2014-10-28 23:00:00,11836.0
2014-10-29 00:00:00,9324.0
2014-10-29 01:00:00,5256.0
2014-10-29 02:00:00,4999.0
2014-10-29 03:00:00,4825.0
2014-10-29 04:00:00,4738.0
2014-10-29 05:00:00,4707.0
2014-10-29 06:00:00,4758.0
2014-10-29 07:00:00,5646.0
2014-10-29 08:00:00,6149.0
2014-10-29 09:00:00,9536.0
2014-10-29 10:00:00,13136.0
2014-10-29 11:00:00,14788.0
2014-10-29 12:00:00,15789.0
2014-10-29 13:00:00,17549.0
2014-10-29 14:00:00,22197.0
2014-10-29 15:00:00,19855.0
2014-10-29 16:00:00,16620.0
2014-10-29 17:00:00,17398.0
2014-10-29 18:00:00,18144.0
2014-10-29 19:00:00,18174.0
2014-10-29 20:00:00,18350.0
2014-10-29 21:00:00,18350.0
2014-10-29 22:00:00,15161.0
2014-10-29 23:00:00,12238.0
2014-10-30 00:00:00,9347.0
2014-10-30 01:00:00,4717.0
2014-10-30 02:00:00,4843.0
2014-10-30 03:00:00,4324.0
2014-10-30 04:00:00,4216.0
2014-10-30 05:00:00,4183.0
2014-10-30 06:00:00,4255.0
2014-10-30 07:00:00,5175.0
2014-10-30 08:00:00,6222.0
2014-10-30 09:00:00,9199.0
2014-10-30 10:00:00,12757.0
2014-10-30 11:00:00,14790.0
2014-10-30 12:00:00,16184.0
2014-10-30 13:00:00,16239.0
2014-10-30 14:00:00,20301.0
2014-10-30 15:00:00,16404.0
2014-10-30 16:00:00,16574.0
2014-10-30 17:00:00,17237.0
2014-10-30 18:00:00,17748.0
2014-10-30 19:00:00,18039.0
2014-10-30 20:00:00,17996.0
2014-10-30 21:00:00,17609.0
2014-10-30 22:00:00,14846.0
2014-10-30 23:00:00,12347.0
2014-10-31 00:00:00,9272.0
2014-10-31 01:00:00,4725.0
2014-10-31 02:00:00,4737.0
2014-10-31 03:00:00,4497.0
2014-10-31 04:00:00,4401.0
2014-10-31 05:00:00,4333.0
2014-10-31 06:00:00,4410.0
2014-10-31 07:00:00,5259.0
2014-10-31 08:00:00,5864.0
2014-10-31 09:00:00,9142.0
2014-10-31 10:00:00,12195.0
2014-10-31 11:00:00,14748.0
2014-10-31 12:00:00,15422.0
2014-10-31 13:00:00,16123.0
2014-10-31 14:00:00,16384.0
2014-10-31 15:00:00,16448.0
2014-10-31 16:00:00,16777.0
2014-10-31 17:00:00,18132.0
2014-10-31 18:00:00,18843.0
2014-10-31 19:00:00,18676.0
2014-10-31 20:00:00,18767.0
2014-10-31 21:00:00,19774.0
2014-10-31 22:00:00,26619.0
2014-10-31 23:00:00,23841.0
2014-11-01 00:00:00,9733.0
2014-11-01 01:00:00,5069.0
2014-11-01 02:00:00,4747.0
2014-11-01 03:00:00,4562.0
2014-11-01 04:00:00,4386.0
2014-11-01 05:00:00,4347.0
2014-11-01 06:00:00,4447.0
2014-11-01 07:00:00,4696.0
2014-11-01 08:00:00,4481.0
2014-11-01 09:00:00,6701.0
2014-11-01 10:00:00,12284.0
2014-11-01 11:00:00,18159.0
2014-11-01 12:00:00,20777.0
2014-11-01 13:00:00,20781.0
2014-11-01 14:00:00,20827.0
2014-11-01 15:00:00,21704.0
2014-11-01 16:00:00,21663.0
2014-11-01 17:00:00,18395.0
2014-11-01 18:00:00,18395.0
2014-11-01 19:00:00,18374.0
2014-11-01 20:00:00,18055.0
2014-11-01 21:00:00,17938.0
2014-11-01 22:00:00,15117.0
2014-11-01 23:00:00,12417.0
2014-11-02 00:00:00,8301.0
2014-11-02 01:00:00,4891.0
2014-11-02 02:00:00,4514.0
2014-11-02 03:00:00,4314.0
2014-11-02 04:00:00,4172.0
2014-11-02 05:00:00,4087.0
2014-11-02 06:00:00,4184.0
2014-11-02 07:00:00,4455.0
2014-11-02 08:00:00,4374.0
2014-11-02 09:00:00,6058.0
2014-11-02 10:00:00,14928.0
2014-11-02 11:00:00,20256.0
2014-11-02 12:00:00,17109.0
2014-11-02 13:00:00,20000.0
2014-11-02 14:00:00,19824.0
2014-11-02 15:00:00,19852.0
2014-11-02 16:00:00,21141.0
2014-11-02 17:00:00,23215.0
2014-11-02 18:00:00,23653.0
2014-11-02 19:00:00,23475.0
2014-11-02 20:00:00,22741.0
2014-11-02 21:00:00,22438.0
2014-11-02 22:00:00,17352.0
2014-11-02 23:00:00,13737.0
2014-11-03 00:00:00,7810.0
2014-11-03 01:00:00,5060.0
2014-11-03 02:00:00,4913.0
2014-11-03 03:00:00,4713.0
2014-11-03 04:00:00,4560.0
2014-11-03 05:00:00,4447.0
2014-11-03 06:00:00,4516.0
2014-11-03 07:00:00,5720.0
2014-11-03 08:00:00,6185.0
2014-11-03 09:00:00,8627.0
2014-11-03 10:00:00,11845.0
2014-11-03 11:00:00,14380.0
2014-11-03 12:00:00,15281.0
2014-11-03 13:00:00,15323.0
2014-11-03 14:00:00,15518.0
2014-11-03 15:00:00,16286.0
2014-11-03 16:00:00,16479.0
2014-11-03 17:00:00,16615.0
2014-11-03 18:00:00,16252.0
2014-11-03 19:00:00,16408.0
2014-11-03 20:00:00,16280.0
2014-11-03 21:00:00,16137.0
2014-11-03 22:00:00,13523.0
2014-11-03 23:00:00,11343.0
2014-11-04 00:00:00,8878.0
2014-11-04 01:00:00,4666.0
2014-11-04 02:00:00,4214.0
2014-11-04 03:00:00,4052.0
2014-11-04 04:00:00,3953.0
2014-11-04 05:00:00,3947.0
2014-11-04 06:00:00,4014.0
2014-11-04 07:00:00,5058.0
2014-11-04 08:00:00,6039.0
2014-11-04 09:00:00,8086.0
2014-11-04 10:00:00,11155.0
2014-11-04 11:00:00,13327.0
2014-11-04 12:00:00,13460.0
2014-11-04 13:00:00,12614.0
2014-11-04 14:00:00,12479.0
2014-11-04 15:00:00,13763.0
2014-11-04 16:00:00,14218.0
2014-11-04 17:00:00,15150.0
2014-11-04 18:00:00,15125.0
2014-11-04 19:00:00,14976.0
2014-11-04 20:00:00,14895.0
2014-11-04 21:00:00,16350.0
2014-11-04 22:00:00,22381.0
2014-11-04 23:00:00,13586.0
2014-11-05 00:00:00,8974.0
2014-11-05 01:00:00,4563.0
2014-11-05 02:00:00,4214.0
2014-11-05 03:00:00,4006.0
2014-11-05 04:00:00,3896.0
2014-11-05 05:00:00,3904.0
2014-11-05 06:00:00,4035.0
2014-11-05 07:00:00,4703.0
2014-11-05 08:00:00,5004.0
2014-11-05 09:00:00,7436.0
2014-11-05 10:00:00,10375.0
2014-11-05 11:00:00,12898.0
2014-11-05 12:00:00,13030.0
2014-11-05 13:00:00,12726.0
2014-11-05 14:00:00,12751.0
2014-11-05 15:00:00,12919.0
2014-11-05 16:00:00,13231.0
2014-11-05 17:00:00,13835.0
2014-11-05 18:00:00,14534.0
2014-11-05 19:00:00,14311.0
2014-11-05 20:00:00,14158.0
2014-11-05 21:00:00,14227.0
2014-11-05 22:00:00,12327.0
2014-11-05 23:00:00,10438.0
2014-11-06 00:00:00,8448.0
2014-11-06 01:00:00,4622.0
2014-11-06 02:00:00,4387.0
2014-11-06 03:00:00,4106.0
2014-11-06 04:00:00,4090.0
2014-11-06 05:00:00,4005.0
2014-11-06 06:00:00,4130.0
2014-11-06 07:00:00,4428.0
2014-11-06 08:00:00,5528.0
2014-11-06 09:00:00,7890.0
2014-11-06 10:00:00,11064.0
2014-11-06 11:00:00,12699.0
2014-11-06 12:00:00,13210.0
2014-11-06 13:00:00,13137.0
2014-11-06 14:00:00,12886.0
2014-11-06 15:00:00,12965.0
2014-11-06 16:00:00,14355.0
2014-11-06 17:00:00,14741.0
2014-11-06 18:00:00,14714.0
2014-11-06 19:00:00,14659.0
2014-11-06 20:00:00,14761.0
2014-11-06 21:00:00,14698.0
2014-11-06 22:00:00,12637.0
2014-11-06 23:00:00,10942.0
2014-11-07 00:00:00,8744.0
2014-11-07 01:00:00,4803.0
2014-11-07 02:00:00,4616.0
2014-11-07 03:00:00,4455.0
2014-11-07 04:00:00,4381.0
2014-11-07 05:00:00,4214.0
2014-11-07 06:00:00,4228.0
2014-11-07 07:00:00,5579.0
2014-11-07 08:00:00,5962.0
2014-11-07 09:00:00,8085.0
2014-11-07 10:00:00,11145.0
2014-11-07 11:00:00,13244.0
2014-11-07 12:00:00,14682.0
2014-11-07 13:00:00,14129.0
2014-11-07 14:00:00,13433.0
2014-11-07 15:00:00,13795.0
2014-11-07 16:00:00,13751.0
2014-11-07 17:00:00,14508.0
2014-11-07 18:00:00,14696.0
2014-11-07 19:00:00,14688.0
2014-11-07 20:00:00,14784.0
2014-11-07 21:00:00,14708.0
2014-11-07 22:00:00,12653.0
2014-11-07 23:00:00,10888.0
2014-11-08 00:00:00,8799.0
2014-11-08 01:00:00,4623.0
2014-11-08 02:00:00,4344.0
2014-11-08 03:00:00,4233.0
2014-11-08 04:00:00,4118.0
2014-11-08 05:00:00,4018.0
2014-11-08 06:00:00,4085.0
2014-11-08 07:00:00,4363.0
2014-11-08 08:00:00,4283.0
2014-11-08 09:00:00,7421.0
2014-11-08 10:00:00,11155.0
2014-11-08 11:00:00,12841.0
2014-11-08 12:00:00,13458.0
2014-11-08 13:00:00,13403.0
2014-11-08 14:00:00,13885.0
2014-11-08 15:00:00,14958.0
2014-11-08 16:00:00,15028.0
2014-11-08 17:00:00,15244.0
2014-11-08 18:00:00,15418.0
2014-11-08 19:00:00,15366.0
2014-11-08 20:00:00,15011.0
2014-11-08 21:00:00,14664.0
2014-11-08 22:00:00,12815.0
2014-11-08 23:00:00,11203.0
2014-11-09 00:00:00,8214.0
2014-11-09 01:00:00,5018.0
2014-11-09 02:00:00,4857.0
2014-11-09 03:00:00,4635.0
2014-11-09 04:00:00,4488.0
2014-11-09 05:00:00,4245.0
2014-11-09 06:00:00,3989.0
2014-11-09 07:00:00,4249.0
2014-11-09 08:00:00,4214.0
2014-11-09 09:00:00,11301.0
2014-11-09 10:00:00,13324.0
2014-11-09 11:00:00,15253.0
2014-11-09 12:00:00,16026.0
2014-11-09 13:00:00,15976.0
2014-11-09 14:00:00,16025.0
2014-11-09 15:00:00,16420.0
2014-11-09 16:00:00,17072.0
2014-11-09 17:00:00,17674.0
2014-11-09 18:00:00,18147.0
2014-11-09 19:00:00,17971.0
2014-11-09 20:00:00,17674.0
2014-11-09 21:00:00,17517.0
2014-11-09 22:00:00,15436.0
2014-11-09 23:00:00,11891.0
2014-11-10 00:00:00,8206.0
2014-11-10 01:00:00,5014.0
2014-11-10 02:00:00,4668.0
2014-11-10 03:00:00,4478.0
2014-11-10 04:00:00,4434.0
2014-11-10 05:00:00,4376.0
2014-11-10 06:00:00,4507.0
2014-11-10 07:00:00,5881.0
2014-11-10 08:00:00,5973.0
2014-11-10 09:00:00,8224.0
2014-11-10 10:00:00,11527.0
2014-11-10 11:00:00,14179.0
2014-11-10 12:00:00,14037.0
2014-11-10 13:00:00,13539.0
2014-11-10 14:00:00,14263.0
2014-11-10 15:00:00,14392.0
2014-11-10 16:00:00,14381.0
2014-11-10 17:00:00,14808.0
2014-11-10 18:00:00,14793.0
2014-11-10 19:00:00,14858.0
2014-11-10 20:00:00,14879.0
2014-11-10 21:00:00,14635.0
2014-11-10 22:00:00,12678.0
2014-11-10 23:00:00,11215.0
2014-11-11 00:00:00,9000.0
2014-11-11 01:00:00,5431.0
2014-11-11 02:00:00,5573.0
2014-11-11 03:00:00,5411.0
2014-11-11 04:00:00,5279.0
2014-11-11 05:00:00,5150.0
2014-11-11 06:00:00,5199.0
2014-11-11 07:00:00,6241.0
2014-11-11 08:00:00,6507.0
2014-11-11 09:00:00,8176.0
2014-11-11 10:00:00,11148.0
2014-11-11 11:00:00,12564.0
2014-11-11 12:00:00,13119.0
2014-11-11 13:00:00,13199.0
2014-11-11 14:00:00,13076.0
2014-11-11 15:00:00,13087.0
2014-11-11 16:00:00,14221.0
2014-11-11 17:00:00,14279.0
2014-11-11 18:00:00,14538.0
2014-11-11 19:00:00,14508.0
2014-11-11 20:00:00,14666.0
2014-11-11 21:00:00,14509.0
2014-11-11 22:00:00,12535.0
2014-11-11 23:00:00,10675.0
2014-11-12 00:00:00,8537.0
2014-11-12 01:00:00,5375.0
2014-11-12 02:00:00,5382.0
2014-11-12 03:00:00,5294.0
2014-11-12 04:00:00,5211.0
2014-11-12 05:00:00,5195.0
2014-11-12 06:00:00,5235.0
2014-11-12 07:00:00,6305.0
2014-11-12 08:00:00,6337.0
2014-11-12 09:00:00,8335.0
2014-11-12 10:00:00,11337.0
2014-11-12 11:00:00,13027.0
2014-11-12 12:00:00,13381.0
2014-11-12 13:00:00,13453.0
2014-11-12 14:00:00,13356.0
2014-11-12 15:00:00,13385.0
2014-11-12 16:00:00,13327.0
2014-11-12 17:00:00,14431.0
2014-11-12 18:00:00,14761.0
2014-11-12 19:00:00,14782.0
2014-11-12 20:00:00,14855.0
2014-11-12 21:00:00,14862.0
2014-11-12 22:00:00,12905.0
2014-11-12 23:00:00,11242.0
2014-11-13 00:00:00,8669.0
2014-11-13 01:00:00,4974.0
2014-11-13 02:00:00,4923.0
2014-11-13 03:00:00,5101.0
2014-11-13 04:00:00,4992.0
2014-11-13 05:00:00,4969.0
2014-11-13 06:00:00,5002.0
2014-11-13 07:00:00,6164.0
2014-11-13 08:00:00,6157.0
2014-11-13 09:00:00,8828.0
2014-11-13 10:00:00,12647.0
2014-11-13 11:00:00,14573.0
2014-11-13 12:00:00,14038.0
2014-11-13 13:00:00,15101.0
2014-11-13 14:00:00,15222.0
2014-11-13 15:00:00,15159.0
2014-11-13 16:00:00,15057.0
2014-11-13 17:00:00,15376.0
2014-11-13 18:00:00,15533.0
2014-11-13 19:00:00,15377.0
2014-11-13 20:00:00,15138.0
2014-11-13 21:00:00,15049.0
2014-11-13 22:00:00,12904.0
2014-11-13 23:00:00,11220.0
2014-11-14 00:00:00,9321.0
2014-11-14 01:00:00,5369.0
2014-11-14 02:00:00,5082.0
2014-11-14 03:00:00,4841.0
2014-11-14 04:00:00,4620.0
2014-11-14 05:00:00,4658.0
2014-11-14 06:00:00,4612.0
2014-11-14 07:00:00,5891.0
2014-11-14 08:00:00,6048.0
2014-11-14 09:00:00,8357.0
2014-11-14 10:00:00,11551.0
2014-11-14 11:00:00,12732.0
2014-11-14 12:00:00,13132.0
2014-11-14 13:00:00,15893.0
2014-11-14 14:00:00,13299.0
2014-11-14 15:00:00,14644.0
2014-11-14 16:00:00,15870.0
2014-11-14 17:00:00,14208.0
2014-11-14 18:00:00,14549.0
2014-11-14 19:00:00,14674.0
2014-11-14 20:00:00,14665.0
2014-11-14 21:00:00,14620.0
2014-11-14 22:00:00,12860.0
2014-11-14 23:00:00,11249.0
2014-11-15 00:00:00,9009.0
2014-11-15 01:00:00,5048.0
2014-11-15 02:00:00,4706.0
2014-11-15 03:00:00,4583.0
2014-11-15 04:00:00,4503.0
2014-11-15 05:00:00,4474.0
2014-11-15 06:00:00,4491.0
2014-11-15 07:00:00,4806.0
2014-11-15 08:00:00,4528.0
2014-11-15 09:00:00,8438.0
2014-11-15 10:00:00,12075.0
2014-11-15 11:00:00,13247.0
2014-11-15 12:00:00,13630.0
2014-11-15 13:00:00,14157.0
2014-11-15 14:00:00,14289.0
2014-11-15 15:00:00,14652.0
2014-11-15 16:00:00,14921.0
2014-11-15 17:00:00,15763.0
2014-11-15 18:00:00,15990.0
2014-11-15 19:00:00,15909.0
2014-11-15 20:00:00,15792.0
2014-11-15 21:00:00,15718.0
2014-11-15 22:00:00,13637.0
2014-11-15 23:00:00,11652.0
2014-11-16 00:00:00,9231.0
2014-11-16 01:00:00,4824.0
2014-11-16 02:00:00,4381.0
2014-11-16 03:00:00,4193.0
2014-11-16 04:00:00,4064.0
2014-11-16 05:00:00,3898.0
2014-11-16 06:00:00,4082.0
2014-11-16 07:00:00,4258.0
2014-11-16 08:00:00,4311.0
2014-11-16 09:00:00,10556.0
2014-11-16 10:00:00,13812.0
2014-11-16 11:00:00,15316.0
2014-11-16 12:00:00,15988.0
2014-11-16 13:00:00,18490.0
2014-11-16 14:00:00,18824.0
2014-11-16 15:00:00,19103.0
2014-11-16 16:00:00,20954.0
2014-11-16 17:00:00,21749.0
2014-11-16 18:00:00,19856.0
2014-11-16 19:00:00,19331.0
2014-11-16 20:00:00,19016.0
2014-11-16 21:00:00,18485.0
2014-11-16 22:00:00,16002.0
2014-11-16 23:00:00,13880.0
2014-11-17 00:00:00,9048.0
2014-11-17 01:00:00,4997.0
2014-11-17 02:00:00,4758.0
2014-11-17 03:00:00,4675.0
2014-11-17 04:00:00,4538.0
2014-11-17 05:00:00,4509.0
2014-11-17 06:00:00,4546.0
2014-11-17 07:00:00,5396.0
2014-11-17 08:00:00,5888.0
2014-11-17 09:00:00,8314.0
2014-11-17 10:00:00,10899.0
2014-11-17 11:00:00,12972.0
2014-11-17 12:00:00,13657.0
2014-11-17 13:00:00,13662.0
2014-11-17 14:00:00,13592.0
2014-11-17 15:00:00,13562.0
2014-11-17 16:00:00,13554.0
2014-11-17 17:00:00,14485.0
2014-11-17 18:00:00,14956.0
2014-11-17 19:00:00,14965.0
2014-11-17 20:00:00,14962.0
2014-11-17 21:00:00,14865.0
2014-11-17 22:00:00,12765.0
2014-11-17 23:00:00,11143.0
2014-11-18 00:00:00,8837.0
2014-11-18 01:00:00,5204.0
2014-11-18 02:00:00,5208.0
2014-11-18 03:00:00,4986.0
2014-11-18 04:00:00,4893.0
2014-11-18 05:00:00,4787.0
2014-11-18 06:00:00,4905.0
2014-11-18 07:00:00,6169.0
2014-11-18 08:00:00,6481.0
2014-11-18 09:00:00,8468.0
2014-11-18 10:00:00,11121.0
2014-11-18 11:00:00,13166.0
2014-11-18 12:00:00,13511.0
2014-11-18 13:00:00,13371.0
2014-11-18 14:00:00,13714.0
2014-11-18 15:00:00,14011.0
2014-11-18 16:00:00,14437.0
2014-11-18 17:00:00,14746.0
2014-11-18 18:00:00,14915.0
2014-11-18 19:00:00,14824.0
2014-11-18 20:00:00,14767.0
2014-11-18 21:00:00,14664.0
2014-11-18 22:00:00,12689.0
2014-11-18 23:00:00,11139.0
2014-11-19 00:00:00,8822.0
2014-11-19 01:00:00,4835.0
2014-11-19 02:00:00,4508.0
2014-11-19 03:00:00,4425.0
2014-11-19 04:00:00,4483.0
2014-11-19 05:00:00,4527.0
2014-11-19 06:00:00,4588.0
2014-11-19 07:00:00,5373.0
2014-11-19 08:00:00,6045.0
2014-11-19 09:00:00,8426.0
2014-11-19 10:00:00,11785.0
2014-11-19 11:00:00,14054.0
2014-11-19 12:00:00,14906.0
2014-11-19 13:00:00,14758.0
2014-11-19 14:00:00,14429.0
2014-11-19 15:00:00,14207.0
2014-11-19 16:00:00,14681.0
2014-11-19 17:00:00,15126.0
2014-11-19 18:00:00,15116.0
2014-11-19 19:00:00,15304.0
2014-11-19 20:00:00,15092.0
2014-11-19 21:00:00,14865.0
2014-11-19 22:00:00,12921.0
2014-11-19 23:00:00,11464.0
2014-11-20 00:00:00,8917.0
2014-11-20 01:00:00,4885.0
2014-11-20 02:00:00,4641.0
2014-11-20 03:00:00,4483.0
2014-11-20 04:00:00,4356.0
2014-11-20 05:00:00,4252.0
2014-11-20 06:00:00,4440.0
2014-11-20 07:00:00,5519.0
2014-11-20 08:00:00,6152.0
2014-11-20 09:00:00,8509.0
2014-11-20 10:00:00,11992.0
2014-11-20 11:00:00,14327.0
2014-11-20 12:00:00,14116.0
2014-11-20 13:00:00,14122.0
2014-11-20 14:00:00,14704.0
2014-11-20 15:00:00,14685.0
2014-11-20 16:00:00,14730.0
2014-11-20 17:00:00,15042.0
2014-11-20 18:00:00,15118.0
2014-11-20 19:00:00,15042.0
2014-11-20 20:00:00,15015.0
2014-11-20 21:00:00,14936.0
2014-11-20 22:00:00,12843.0
2014-11-20 23:00:00,11083.0
2014-11-21 00:00:00,8749.0
2014-11-21 01:00:00,4352.0
2014-11-21 02:00:00,4231.0
2014-11-21 03:00:00,4412.0
2014-11-21 04:00:00,4256.0
2014-11-21 05:00:00,5431.0
2014-11-21 06:00:00,4403.0
2014-11-21 07:00:00,5060.0
2014-11-21 08:00:00,5870.0
2014-11-21 09:00:00,8371.0
2014-11-21 10:00:00,10897.0
2014-11-21 11:00:00,13095.0
2014-11-21 12:00:00,13982.0
2014-11-21 13:00:00,13873.0
2014-11-21 14:00:00,13825.0
2014-11-21 15:00:00,14056.0
2014-11-21 16:00:00,14542.0
2014-11-21 17:00:00,14980.0
2014-11-21 18:00:00,15470.0
2014-11-21 19:00:00,15402.0
2014-11-21 20:00:00,15321.0
2014-11-21 21:00:00,15281.0
2014-11-21 22:00:00,13155.0
2014-11-21 23:00:00,11271.0
2014-11-22 00:00:00,8826.0
2014-11-22 01:00:00,4670.0
2014-11-22 02:00:00,4292.0
2014-11-22 03:00:00,4088.0
2014-11-22 04:00:00,3975.0
2014-11-22 05:00:00,3845.0
2014-11-22 06:00:00,3924.0
2014-11-22 07:00:00,4147.0
2014-11-22 08:00:00,4221.0
2014-11-22 09:00:00,8382.0
2014-11-22 10:00:00,11343.0
2014-11-22 11:00:00,12696.0
2014-11-22 12:00:00,13237.0
2014-11-22 13:00:00,13646.0
2014-11-22 14:00:00,14106.0
2014-11-22 15:00:00,14919.0
2014-11-22 16:00:00,15870.0
2014-11-22 17:00:00,16888.0
2014-11-22 18:00:00,16946.0
2014-11-22 19:00:00,16867.0
2014-11-22 20:00:00,16705.0
2014-11-22 21:00:00,18288.0
2014-11-22 22:00:00,20789.0
2014-11-22 23:00:00,12326.0
2014-11-23 00:00:00,9801.0
2014-11-23 01:00:00,4812.0
2014-11-23 02:00:00,4516.0
2014-11-23 03:00:00,4190.0
2014-11-23 04:00:00,4002.0
2014-11-23 05:00:00,3873.0
2014-11-23 06:00:00,4013.0
2014-11-23 07:00:00,4290.0
2014-11-23 08:00:00,4290.0
2014-11-23 09:00:00,6088.0
2014-11-23 10:00:00,16741.0
2014-11-23 11:00:00,18983.0
2014-11-23 12:00:00,19993.0
2014-11-23 13:00:00,20289.0
2014-11-23 14:00:00,20137.0
2014-11-23 15:00:00,20832.0
2014-11-23 16:00:00,21365.0
2014-11-23 17:00:00,22287.0
2014-11-23 18:00:00,22350.0
2014-11-23 19:00:00,22158.0
2014-11-23 20:00:00,22007.0
2014-11-23 21:00:00,20788.0
2014-11-23 22:00:00,16439.0
2014-11-23 23:00:00,13962.0
2014-11-24 00:00:00,8407.0
2014-11-24 01:00:00,4629.0
2014-11-24 02:00:00,4310.0
2014-11-24 03:00:00,4157.0
2014-11-24 04:00:00,3647.0
2014-11-24 05:00:00,3510.0
2014-11-24 06:00:00,3971.0
2014-11-24 07:00:00,5357.0
2014-11-24 08:00:00,5862.0
2014-11-24 09:00:00,8272.0
2014-11-24 10:00:00,11495.0
2014-11-24 11:00:00,12906.0
2014-11-24 12:00:00,13482.0
2014-11-24 13:00:00,13712.0
2014-11-24 14:00:00,14027.0
2014-11-24 15:00:00,13944.0
2014-11-24 16:00:00,13777.0
2014-11-24 17:00:00,14449.0
2014-11-24 18:00:00,14984.0
2014-11-24 19:00:00,14936.0
2014-11-24 20:00:00,14925.0
2014-11-24 21:00:00,14786.0
2014-11-24 22:00:00,12639.0
2014-11-24 23:00:00,11015.0
2014-11-25 00:00:00,8879.0
2014-11-25 01:00:00,5000.0
2014-11-25 02:00:00,4322.0
2014-11-25 03:00:00,4121.0
2014-11-25 04:00:00,3958.0
2014-11-25 05:00:00,3591.0
2014-11-25 06:00:00,4017.0
2014-11-25 07:00:00,5545.0
2014-11-25 08:00:00,6044.0
2014-11-25 09:00:00,8462.0
2014-11-25 10:00:00,10886.0
2014-11-25 11:00:00,12833.0
2014-11-25 12:00:00,13376.0
2014-11-25 13:00:00,13285.0
2014-11-25 14:00:00,13257.0
2014-11-25 15:00:00,13337.0
2014-11-25 16:00:00,13197.0
2014-11-25 17:00:00,14311.0
2014-11-25 18:00:00,14569.0
2014-11-25 19:00:00,14508.0
2014-11-25 20:00:00,14476.0
2014-11-25 21:00:00,14330.0
2014-11-25 22:00:00,12388.0
2014-11-25 23:00:00,10919.0
2014-11-26 00:00:00,8822.0
2014-11-26 01:00:00,4920.0
2014-11-26 02:00:00,4631.0
2014-11-26 03:00:00,4419.0
2014-11-26 04:00:00,4075.0
2014-11-26 05:00:00,3992.0
2014-11-26 06:00:00,4353.0
2014-11-26 07:00:00,5452.0
2014-11-26 08:00:00,6062.0
2014-11-26 09:00:00,8474.0
2014-11-26 10:00:00,11588.0
2014-11-26 11:00:00,13297.0
2014-11-26 12:00:00,13631.0
2014-11-26 13:00:00,13998.0
2014-11-26 14:00:00,14292.0
2014-11-26 15:00:00,14379.0
2014-11-26 16:00:00,14475.0
2014-11-26 17:00:00,14695.0
2014-11-26 18:00:00,14787.0
2014-11-26 19:00:00,14698.0
2014-11-26 20:00:00,14727.0
2014-11-26 21:00:00,14588.0
2014-11-26 22:00:00,12700.0
2014-11-26 23:00:00,11007.0
2014-11-27 00:00:00,8884.0
2014-11-27 01:00:00,5162.0
2014-11-27 02:00:00,4596.0
2014-11-27 03:00:00,4475.0
2014-11-27 04:00:00,4855.0
2014-11-27 05:00:00,4952.0
2014-11-27 06:00:00,4812.0
2014-11-27 07:00:00,5985.0
2014-11-27 08:00:00,6241.0
2014-11-27 09:00:00,8190.0
2014-11-27 10:00:00,10665.0
2014-11-27 11:00:00,12198.0
2014-11-27 12:00:00,12881.0
2014-11-27 13:00:00,12864.0
2014-11-27 14:00:00,13173.0
2014-11-27 15:00:00,13236.0
2014-11-27 16:00:00,14248.0
2014-11-27 17:00:00,14481.0
2014-11-27 18:00:00,14671.0
2014-11-27 19:00:00,14683.0
2014-11-27 20:00:00,14833.0
2014-11-27 21:00:00,14500.0
2014-11-27 22:00:00,12480.0
2014-11-27 23:00:00,11072.0
2014-11-28 00:00:00,8912.0
2014-11-28 01:00:00,5108.0
2014-11-28 02:00:00,5210.0
2014-11-28 03:00:00,5072.0
2014-11-28 04:00:00,4902.0
2014-11-28 05:00:00,4741.0
2014-11-28 06:00:00,4776.0
2014-11-28 07:00:00,5795.0
2014-11-28 08:00:00,6241.0
2014-11-28 09:00:00,8259.0
2014-11-28 10:00:00,11336.0
2014-11-28 11:00:00,12170.0
2014-11-28 12:00:00,13083.0
2014-11-28 13:00:00,14088.0
2014-11-28 14:00:00,13518.0
2014-11-28 15:00:00,14194.0
2014-11-28 16:00:00,15099.0
2014-11-28 17:00:00,15211.0
2014-11-28 18:00:00,15174.0
2014-11-28 19:00:00,15309.0
2014-11-28 20:00:00,15380.0
2014-11-28 21:00:00,15330.0
2014-11-28 22:00:00,13455.0
2014-11-28 23:00:00,11932.0
2014-11-29 00:00:00,9558.0
2014-11-29 01:00:00,4952.0
2014-11-29 02:00:00,4675.0
2014-11-29 03:00:00,4384.0
2014-11-29 04:00:00,4207.0
2014-11-29 05:00:00,4186.0
2014-11-29 06:00:00,4255.0
2014-11-29 07:00:00,4623.0
2014-11-29 08:00:00,4607.0
2014-11-29 09:00:00,6771.0
2014-11-29 10:00:00,10822.0
2014-11-29 11:00:00,13308.0
2014-11-29 12:00:00,14496.0
2014-11-29 13:00:00,14520.0
2014-11-29 14:00:00,14572.0
2014-11-29 15:00:00,14406.0
2014-11-29 16:00:00,15280.0
2014-11-29 17:00:00,15714.0
2014-11-29 18:00:00,15862.0
2014-11-29 19:00:00,15796.0
2014-11-29 20:00:00,15409.0
2014-11-29 21:00:00,15263.0
2014-11-29 22:00:00,15028.0
2014-11-29 23:00:00,12417.0
2014-11-30 00:00:00,8637.0
2014-11-30 01:00:00,4971.0
2014-11-30 02:00:00,4705.0
2014-11-30 03:00:00,4454.0
2014-11-30 04:00:00,4131.0
2014-11-30 05:00:00,4029.0
2014-11-30 06:00:00,4097.0
2014-11-30 07:00:00,4335.0
2014-11-30 08:00:00,4497.0
2014-11-30 09:00:00,6124.0
2014-11-30 10:00:00,13007.0
2014-11-30 11:00:00,16655.0
2014-11-30 12:00:00,17053.0
2014-11-30 13:00:00,18711.0
2014-11-30 14:00:00,17352.0
2014-11-30 15:00:00,17409.0
2014-11-30 16:00:00,17637.0
2014-11-30 17:00:00,18760.0
2014-11-30 18:00:00,18898.0
2014-11-30 19:00:00,18798.0
2014-11-30 20:00:00,18542.0
2014-11-30 21:00:00,18082.0
2014-11-30 22:00:00,17863.0
2014-11-30 23:00:00,14249.0
2014-12-01 00:00:00,8206.0
2014-12-01 01:00:00,5189.0
2014-12-01 02:00:00,4847.0
2014-12-01 03:00:00,4609.0
2014-12-01 04:00:00,4209.0
2014-12-01 05:00:00,3658.0
2014-12-01 06:00:00,4201.0
2014-12-01 07:00:00,5172.0
2014-12-01 08:00:00,6012.0
2014-12-01 09:00:00,8153.0
2014-12-01 10:00:00,10792.0
2014-12-01 11:00:00,12650.0
2014-12-01 12:00:00,13290.0
2014-12-01 13:00:00,13563.0
2014-12-01 14:00:00,13554.0
2014-12-01 15:00:00,13473.0
2014-12-01 16:00:00,13382.0
2014-12-01 17:00:00,14258.0
2014-12-01 18:00:00,14540.0
2014-12-01 19:00:00,14631.0
2014-12-01 20:00:00,14523.0
2014-12-01 21:00:00,14367.0
2014-12-01 22:00:00,12330.0
2014-12-01 23:00:00,10778.0
2014-12-02 00:00:00,8579.0
2014-12-02 01:00:00,4756.0
2014-12-02 02:00:00,4653.0
2014-12-02 03:00:00,4402.0
2014-12-02 04:00:00,4230.0
2014-12-02 05:00:00,4129.0
2014-12-02 06:00:00,4154.0
2014-12-02 07:00:00,5165.0
2014-12-02 08:00:00,5499.0
2014-12-02 09:00:00,8255.0
2014-12-02 10:00:00,10822.0
2014-12-02 11:00:00,12025.0
2014-12-02 12:00:00,12723.0
2014-12-02 13:00:00,13592.0
2014-12-02 14:00:00,13769.0
2014-12-02 15:00:00,13804.0
2014-12-02 16:00:00,13966.0
2014-12-02 17:00:00,15097.0
2014-12-02 18:00:00,15215.0
2014-12-02 19:00:00,15348.0
2014-12-02 20:00:00,15200.0
2014-12-02 21:00:00,15105.0
2014-12-02 22:00:00,13211.0
2014-12-02 23:00:00,11643.0
2014-12-03 00:00:00,9189.0
2014-12-03 01:00:00,5324.0
2014-12-03 02:00:00,5129.0
2014-12-03 03:00:00,4871.0
2014-12-03 04:00:00,4745.0
2014-12-03 05:00:00,4657.0
2014-12-03 06:00:00,4641.0
2014-12-03 07:00:00,5576.0
2014-12-03 08:00:00,5509.0
2014-12-03 09:00:00,8151.0
2014-12-03 10:00:00,10814.0
2014-12-03 11:00:00,11990.0
2014-12-03 12:00:00,12796.0
2014-12-03 13:00:00,13374.0
2014-12-03 14:00:00,13589.0
2014-12-03 15:00:00,13784.0
2014-12-03 16:00:00,13810.0
2014-12-03 17:00:00,14269.0
2014-12-03 18:00:00,14829.0
2014-12-03 19:00:00,14798.0
2014-12-03 20:00:00,14756.0
2014-12-03 21:00:00,14680.0
2014-12-03 22:00:00,12745.0
2014-12-03 23:00:00,11412.0
2014-12-04 00:00:00,9292.0
2014-12-04 01:00:00,5224.0
2014-12-04 02:00:00,4868.0
2014-12-04 03:00:00,4669.0
2014-12-04 04:00:00,4576.0
2014-12-04 05:00:00,4506.0
2014-12-04 06:00:00,4507.0
2014-12-04 07:00:00,5694.0
2014-12-04 08:00:00,6300.0
2014-12-04 09:00:00,8541.0
2014-12-04 10:00:00,10845.0
2014-12-04 11:00:00,12107.0
2014-12-04 12:00:00,12648.0
2014-12-04 13:00:00,13664.0
2014-12-04 14:00:00,13634.0
2014-12-04 15:00:00,13669.0
2014-12-04 16:00:00,13935.0
2014-12-04 17:00:00,14860.0
2014-12-04 18:00:00,15375.0
2014-12-04 19:00:00,15142.0
2014-12-04 20:00:00,15084.0
2014-12-04 21:00:00,14488.0
2014-12-04 22:00:00,12676.0
2014-12-04 23:00:00,11534.0
2014-12-05 00:00:00,9516.0
2014-12-05 01:00:00,5284.0
2014-12-05 02:00:00,5023.0
2014-12-05 03:00:00,4677.0
2014-12-05 04:00:00,4441.0
2014-12-05 05:00:00,4402.0
2014-12-05 06:00:00,4429.0
2014-12-05 07:00:00,5413.0
2014-12-05 08:00:00,5848.0
2014-12-05 09:00:00,8350.0
2014-12-05 10:00:00,11127.0
2014-12-05 11:00:00,12620.0
2014-12-05 12:00:00,13713.0
2014-12-05 13:00:00,13815.0
2014-12-05 14:00:00,13695.0
2014-12-05 15:00:00,14710.0
2014-12-05 16:00:00,14392.0
2014-12-05 17:00:00,14831.0
2014-12-05 18:00:00,15324.0
2014-12-05 19:00:00,15477.0
2014-12-05 20:00:00,15059.0
2014-12-05 21:00:00,14856.0
2014-12-05 22:00:00,12921.0
2014-12-05 23:00:00,11597.0
2014-12-06 00:00:00,9470.0
2014-12-06 01:00:00,4909.0
2014-12-06 02:00:00,4643.0
2014-12-06 03:00:00,4335.0
2014-12-06 04:00:00,4111.0
2014-12-06 05:00:00,4013.0
2014-12-06 06:00:00,4117.0
2014-12-06 07:00:00,4357.0
2014-12-06 08:00:00,4553.0
2014-12-06 09:00:00,7658.0
2014-12-06 10:00:00,11174.0
2014-12-06 11:00:00,13442.0
2014-12-06 12:00:00,14062.0
2014-12-06 13:00:00,13960.0
2014-12-06 14:00:00,13838.0
2014-12-06 15:00:00,14028.0
2014-12-06 16:00:00,14548.0
2014-12-06 17:00:00,15827.0
2014-12-06 18:00:00,15805.0
2014-12-06 19:00:00,17610.0
2014-12-06 20:00:00,17215.0
2014-12-06 21:00:00,16812.0
2014-12-06 22:00:00,16639.0
2014-12-06 23:00:00,13024.0
2014-12-07 00:00:00,8470.0
2014-12-07 01:00:00,4600.0
2014-12-07 02:00:00,4335.0
2014-12-07 03:00:00,4098.0
2014-12-07 04:00:00,4015.0
2014-12-07 05:00:00,3937.0
2014-12-07 06:00:00,4018.0
2014-12-07 07:00:00,4207.0
2014-12-07 08:00:00,4408.0
2014-12-07 09:00:00,11003.0
2014-12-07 10:00:00,12921.0
2014-12-07 11:00:00,15082.0
2014-12-07 12:00:00,15715.0
2014-12-07 13:00:00,16063.0
2014-12-07 14:00:00,15975.0
2014-12-07 15:00:00,16042.0
2014-12-07 16:00:00,16663.0
2014-12-07 17:00:00,17909.0
2014-12-07 18:00:00,17763.0
2014-12-07 19:00:00,17561.0
2014-12-07 20:00:00,17460.0
2014-12-07 21:00:00,17291.0
2014-12-07 22:00:00,17013.0
2014-12-07 23:00:00,12892.0
2014-12-08 00:00:00,8293.0
2014-12-08 01:00:00,4744.0
2014-12-08 02:00:00,4586.0
2014-12-08 03:00:00,4371.0
2014-12-08 04:00:00,4089.0
2014-12-08 05:00:00,4086.0
2014-12-08 06:00:00,4068.0
2014-12-08 07:00:00,4298.0
2014-12-08 08:00:00,4355.0
2014-12-08 09:00:00,10138.0
2014-12-08 10:00:00,13228.0
2014-12-08 11:00:00,15462.0
2014-12-08 12:00:00,16121.0
2014-12-08 13:00:00,16756.0
2014-12-08 14:00:00,16908.0
2014-12-08 15:00:00,17231.0
2014-12-08 16:00:00,17634.0
2014-12-08 17:00:00,18911.0
2014-12-08 18:00:00,18797.0
2014-12-08 19:00:00,18634.0
2014-12-08 20:00:00,18704.0
2014-12-08 21:00:00,18617.0
2014-12-08 22:00:00,16231.0
2014-12-08 23:00:00,14148.0
2014-12-09 00:00:00,8591.0
2014-12-09 01:00:00,4875.0
2014-12-09 02:00:00,4606.0
2014-12-09 03:00:00,4385.0
2014-12-09 04:00:00,4196.0
2014-12-09 05:00:00,4093.0
2014-12-09 06:00:00,4110.0
2014-12-09 07:00:00,4980.0
2014-12-09 08:00:00,5472.0
2014-12-09 09:00:00,7858.0
2014-12-09 10:00:00,10825.0
2014-12-09 11:00:00,12755.0
2014-12-09 12:00:00,14035.0
2014-12-09 13:00:00,14072.0
2014-12-09 14:00:00,13840.0
2014-12-09 15:00:00,14024.0
2014-12-09 16:00:00,13936.0
2014-12-09 17:00:00,14913.0
2014-12-09 18:00:00,15175.0
2014-12-09 19:00:00,15064.0
2014-12-09 20:00:00,15093.0
2014-12-09 21:00:00,14999.0
2014-12-09 22:00:00,13037.0
2014-12-09 23:00:00,11334.0
2014-12-10 00:00:00,9319.0
2014-12-10 01:00:00,4934.0
2014-12-10 02:00:00,4756.0
2014-12-10 03:00:00,4497.0
2014-12-10 04:00:00,4318.0
2014-12-10 05:00:00,4301.0
2014-12-10 06:00:00,4323.0
2014-12-10 07:00:00,5188.0
2014-12-10 08:00:00,5638.0
2014-12-10 09:00:00,8324.0
2014-12-10 10:00:00,10904.0
2014-12-10 11:00:00,12818.0
2014-12-10 12:00:00,13757.0
2014-12-10 13:00:00,13703.0
2014-12-10 14:00:00,13636.0
2014-12-10 15:00:00,13608.0
2014-12-10 16:00:00,13701.0
2014-12-10 17:00:00,14650.0
2014-12-10 18:00:00,14935.0
2014-12-10 19:00:00,14914.0
2014-12-10 20:00:00,14930.0
2014-12-10 21:00:00,14894.0
2014-12-10 22:00:00,13000.0
2014-12-10 23:00:00,11536.0
2014-12-11 00:00:00,9464.0
2014-12-11 01:00:00,5123.0
2014-12-11 02:00:00,4909.0
2014-12-11 03:00:00,4680.0
2014-12-11 04:00:00,4529.0
2014-12-11 05:00:00,4452.0
2014-12-11 06:00:00,4505.0
2014-12-11 07:00:00,5335.0
2014-12-11 08:00:00,6054.0
2014-12-11 09:00:00,8357.0
2014-12-11 10:00:00,10808.0
2014-12-11 11:00:00,12859.0
2014-12-11 12:00:00,13795.0
2014-12-11 13:00:00,13820.0
2014-12-11 14:00:00,13727.0
2014-12-11 15:00:00,14274.0
2014-12-11 16:00:00,15823.0
2014-12-11 17:00:00,16800.0
2014-12-11 18:00:00,16333.0
2014-12-11 19:00:00,16179.0
2014-12-11 20:00:00,16207.0
2014-12-11 21:00:00,15754.0
2014-12-11 22:00:00,13370.0
2014-12-11 23:00:00,11591.0
2014-12-12 00:00:00,9410.0
2014-12-12 01:00:00,4807.0
2014-12-12 02:00:00,4632.0
2014-12-12 03:00:00,4384.0
2014-12-12 04:00:00,4308.0
2014-12-12 05:00:00,4532.0
2014-12-12 06:00:00,4576.0
2014-12-12 07:00:00,5438.0
2014-12-12 08:00:00,6261.0
2014-12-12 09:00:00,8164.0
2014-12-12 10:00:00,11211.0
2014-12-12 11:00:00,13366.0
2014-12-12 12:00:00,13619.0
2014-12-12 13:00:00,13805.0
2014-12-12 14:00:00,13707.0
2014-12-12 15:00:00,14832.0
2014-12-12 16:00:00,15839.0
2014-12-12 17:00:00,16423.0
2014-12-12 18:00:00,16577.0
2014-12-12 19:00:00,16629.0
2014-12-12 20:00:00,16561.0
2014-12-12 21:00:00,16141.0
2014-12-12 22:00:00,13674.0
2014-12-12 23:00:00,11979.0
2014-12-13 00:00:00,9652.0
2014-12-13 01:00:00,5242.0
2014-12-13 02:00:00,5265.0
2014-12-13 03:00:00,5236.0
2014-12-13 04:00:00,5301.0
2014-12-13 05:00:00,5183.0
2014-12-13 06:00:00,5083.0
2014-12-13 07:00:00,5306.0
2014-12-13 08:00:00,4823.0
2014-12-13 09:00:00,7209.0
2014-12-13 10:00:00,12129.0
2014-12-13 11:00:00,14141.0
2014-12-13 12:00:00,14052.0
2014-12-13 13:00:00,14462.0
2014-12-13 14:00:00,15145.0
2014-12-13 15:00:00,15703.0
2014-12-13 16:00:00,15907.0
2014-12-13 17:00:00,16088.0
2014-12-13 18:00:00,16226.0
2014-12-13 19:00:00,16014.0
2014-12-13 20:00:00,16053.0
2014-12-13 21:00:00,15886.0
2014-12-13 22:00:00,15787.0
2014-12-13 23:00:00,12785.0
2014-12-14 00:00:00,9240.0
2014-12-14 01:00:00,4865.0
2014-12-14 02:00:00,4565.0
2014-12-14 03:00:00,4292.0
2014-12-14 04:00:00,4152.0
2014-12-14 05:00:00,4073.0
2014-12-14 06:00:00,4205.0
2014-12-14 07:00:00,4448.0
2014-12-14 08:00:00,4472.0
2014-12-14 09:00:00,10895.0
2014-12-14 10:00:00,13231.0
2014-12-14 11:00:00,15698.0
2014-12-14 12:00:00,17001.0
2014-12-14 13:00:00,17322.0
2014-12-14 14:00:00,17568.0
2014-12-14 15:00:00,17871.0
2014-12-14 16:00:00,18907.0
2014-12-14 17:00:00,19056.0
2014-12-14 18:00:00,19188.0
2014-12-14 19:00:00,18953.0
2014-12-14 20:00:00,19006.0
2014-12-14 21:00:00,18797.0
2014-12-14 22:00:00,18571.0
2014-12-14 23:00:00,14972.0
2014-12-15 00:00:00,8415.0
2014-12-15 01:00:00,4814.0
2014-12-15 02:00:00,4543.0
2014-12-15 03:00:00,4426.0
2014-12-15 04:00:00,4336.0
2014-12-15 05:00:00,4285.0
2014-12-15 06:00:00,4281.0
2014-12-15 07:00:00,5030.0
2014-12-15 08:00:00,5581.0
2014-12-15 09:00:00,8490.0
2014-12-15 10:00:00,11098.0
2014-12-15 11:00:00,13210.0
2014-12-15 12:00:00,13867.0
2014-12-15 13:00:00,14157.0
2014-12-15 14:00:00,14561.0
2014-12-15 15:00:00,14668.0
2014-12-15 16:00:00,15189.0
2014-12-15 17:00:00,15715.0
2014-12-15 18:00:00,15659.0
2014-12-15 19:00:00,15849.0
2014-12-15 20:00:00,16080.0
2014-12-15 21:00:00,16155.0
2014-12-15 22:00:00,13489.0
2014-12-15 23:00:00,11677.0
2014-12-16 00:00:00,9302.0
2014-12-16 01:00:00,4915.0
2014-12-16 02:00:00,4642.0
2014-12-16 03:00:00,4498.0
2014-12-16 04:00:00,4251.0
2014-12-16 05:00:00,4122.0
2014-12-16 06:00:00,4157.0
2014-12-16 07:00:00,5156.0
2014-12-16 08:00:00,5638.0
2014-12-16 09:00:00,8464.0
2014-12-16 10:00:00,11330.0
2014-12-16 11:00:00,13630.0
2014-12-16 12:00:00,14277.0
2014-12-16 13:00:00,14863.0
2014-12-16 14:00:00,14834.0
2014-12-16 15:00:00,14953.0
2014-12-16 16:00:00,16078.0
2014-12-16 17:00:00,16352.0
2014-12-16 18:00:00,16417.0
2014-12-16 19:00:00,16209.0
2014-12-16 20:00:00,15829.0
2014-12-16 21:00:00,15689.0
2014-12-16 22:00:00,13236.0
2014-12-16 23:00:00,11583.0
2014-12-17 00:00:00,9556.0
2014-12-17 01:00:00,5000.0
2014-12-17 02:00:00,4726.0
2014-12-17 03:00:00,4377.0
2014-12-17 04:00:00,4171.0
2014-12-17 05:00:00,4246.0
2014-12-17 06:00:00,4269.0
2014-12-17 07:00:00,5185.0
2014-12-17 08:00:00,5563.0
2014-12-17 09:00:00,8255.0
2014-12-17 10:00:00,11574.0
2014-12-17 11:00:00,14052.0
2014-12-17 12:00:00,13978.0
2014-12-17 13:00:00,13928.0
2014-12-17 14:00:00,13911.0
2014-12-17 15:00:00,14151.0
2014-12-17 16:00:00,14428.0
2014-12-17 17:00:00,16015.0
2014-12-17 18:00:00,16326.0
2014-12-17 19:00:00,16410.0
2014-12-17 20:00:00,16481.0
2014-12-17 21:00:00,16428.0
2014-12-17 22:00:00,13759.0
2014-12-17 23:00:00,11645.0
2014-12-18 00:00:00,9349.0
2014-12-18 01:00:00,5264.0
2014-12-18 02:00:00,5239.0
2014-12-18 03:00:00,4901.0
2014-12-18 04:00:00,4673.0
2014-12-18 05:00:00,4563.0
2014-12-18 06:00:00,4616.0
2014-12-18 07:00:00,5659.0
2014-12-18 08:00:00,6416.0
2014-12-18 09:00:00,8578.0
2014-12-18 10:00:00,11254.0
2014-12-18 11:00:00,13467.0
2014-12-18 12:00:00,14009.0
2014-12-18 13:00:00,13802.0
2014-12-18 14:00:00,14034.0
2014-12-18 15:00:00,14439.0
2014-12-18 16:00:00,15241.0
2014-12-18 17:00:00,16327.0
2014-12-18 18:00:00,16231.0
2014-12-18 19:00:00,16115.0
2014-12-18 20:00:00,15917.0
2014-12-18 21:00:00,15651.0
2014-12-18 22:00:00,14433.0
2014-12-18 23:00:00,13389.0
2014-12-19 00:00:00,10135.0
2014-12-19 01:00:00,5438.0
2014-12-19 02:00:00,5125.0
2014-12-19 03:00:00,4785.0
2014-12-19 04:00:00,4700.0
2014-12-19 05:00:00,4718.0
2014-12-19 06:00:00,4662.0
2014-12-19 07:00:00,5615.0
2014-12-19 08:00:00,6017.0
2014-12-19 09:00:00,8467.0
2014-12-19 10:00:00,11317.0
2014-12-19 11:00:00,13309.0
2014-12-19 12:00:00,13933.0
2014-12-19 13:00:00,14238.0
2014-12-19 14:00:00,14649.0
2014-12-19 15:00:00,14750.0
2014-12-19 16:00:00,15417.0
2014-12-19 17:00:00,16646.0
2014-12-19 18:00:00,16318.0
2014-12-19 19:00:00,16377.0
2014-12-19 20:00:00,17038.0
2014-12-19 21:00:00,16195.0
2014-12-19 22:00:00,13301.0
2014-12-19 23:00:00,11624.0
2014-12-20 00:00:00,9540.0
2014-12-20 01:00:00,5036.0
2014-12-20 02:00:00,4633.0
2014-12-20 03:00:00,4360.0
2014-12-20 04:00:00,4188.0
2014-12-20 05:00:00,4148.0
2014-12-20 06:00:00,4192.0
2014-12-20 07:00:00,4483.0
2014-12-20 08:00:00,4623.0
2014-12-20 09:00:00,7856.0
2014-12-20 10:00:00,11052.0
2014-12-20 11:00:00,12953.0
2014-12-20 12:00:00,13486.0
2014-12-20 13:00:00,14078.0
2014-12-20 14:00:00,14261.0
2014-12-20 15:00:00,14457.0
2014-12-20 16:00:00,14831.0
2014-12-20 17:00:00,16254.0
2014-12-20 18:00:00,16232.0
2014-12-20 19:00:00,15950.0
2014-12-20 20:00:00,15984.0
2014-12-20 21:00:00,16045.0
2014-12-20 22:00:00,15738.0
2014-12-20 23:00:00,12807.0
2014-12-21 00:00:00,9502.0
2014-12-21 01:00:00,5035.0
2014-12-21 02:00:00,4686.0
2014-12-21 03:00:00,4387.0
2014-12-21 04:00:00,4187.0
2014-12-21 05:00:00,4150.0
2014-12-21 06:00:00,4228.0
2014-12-21 07:00:00,4586.0
2014-12-21 08:00:00,4598.0
2014-12-21 09:00:00,6375.0
2014-12-21 10:00:00,13213.0
2014-12-21 11:00:00,15890.0
2014-12-21 12:00:00,16776.0
2014-12-21 13:00:00,17022.0
2014-12-21 14:00:00,16966.0
2014-12-21 15:00:00,17267.0
2014-12-21 16:00:00,17709.0
2014-12-21 17:00:00,18931.0
2014-12-21 18:00:00,18840.0
2014-12-21 19:00:00,20375.0
2014-12-21 20:00:00,21859.0
2014-12-21 21:00:00,21884.0
2014-12-21 22:00:00,21520.0
2014-12-21 23:00:00,17281.0
2014-12-22 00:00:00,9641.0
2014-12-22 01:00:00,5035.0
2014-12-22 02:00:00,4862.0
2014-12-22 03:00:00,4482.0
2014-12-22 04:00:00,4315.0
2014-12-22 05:00:00,4284.0
2014-12-22 06:00:00,4333.0
2014-12-22 07:00:00,5169.0
2014-12-22 08:00:00,5564.0
2014-12-22 09:00:00,8180.0
2014-12-22 10:00:00,11441.0
2014-12-22 11:00:00,13206.0
2014-12-22 12:00:00,13966.0
2014-12-22 13:00:00,13953.0
2014-12-22 14:00:00,14038.0
2014-12-22 15:00:00,14596.0
2014-12-22 16:00:00,15184.0
2014-12-22 17:00:00,16753.0
2014-12-22 18:00:00,20460.0
2014-12-22 19:00:00,22245.0
2014-12-22 20:00:00,18516.0
2014-12-22 21:00:00,16613.0
2014-12-22 22:00:00,14023.0
2014-12-22 23:00:00,12065.0
2014-12-23 00:00:00,9958.0
2014-12-23 01:00:00,5118.0
2014-12-23 02:00:00,4621.0
2014-12-23 03:00:00,4253.0
2014-12-23 04:00:00,4071.0
2014-12-23 05:00:00,3950.0
2014-12-23 06:00:00,4192.0
2014-12-23 07:00:00,5132.0
2014-12-23 08:00:00,5959.0
2014-12-23 09:00:00,8503.0
2014-12-23 10:00:00,12127.0
2014-12-23 11:00:00,13688.0
2014-12-23 12:00:00,14191.0
2014-12-23 13:00:00,14463.0
2014-12-23 14:00:00,14633.0
2014-12-23 15:00:00,14956.0
2014-12-23 16:00:00,15049.0
2014-12-23 17:00:00,16106.0
2014-12-23 18:00:00,16627.0
2014-12-23 19:00:00,16637.0
2014-12-23 20:00:00,16568.0
2014-12-23 21:00:00,16455.0
2014-12-23 22:00:00,13940.0
2014-12-23 23:00:00,11898.0
2014-12-24 00:00:00,9739.0
2014-12-24 01:00:00,5119.0
2014-12-24 02:00:00,4815.0
2014-12-24 03:00:00,4480.0
2014-12-24 04:00:00,4250.0
2014-12-24 05:00:00,4183.0
2014-12-24 06:00:00,4279.0
2014-12-24 07:00:00,5236.0
2014-12-24 08:00:00,5774.0
2014-12-24 09:00:00,8524.0
2014-12-24 10:00:00,11541.0
2014-12-24 11:00:00,13413.0
2014-12-24 12:00:00,13762.0
2014-12-24 13:00:00,14140.0
2014-12-24 14:00:00,14393.0
2014-12-24 15:00:00,14362.0
2014-12-24 16:00:00,14246.0
2014-12-24 17:00:00,15119.0
2014-12-24 18:00:00,14924.0
2014-12-24 19:00:00,10334.0
2014-12-24 20:00:00,8080.0
2014-12-24 21:00:00,7519.0
2014-12-24 22:00:00,7309.0
2014-12-24 23:00:00,7123.0
2014-12-25 00:00:00,6642.0
2014-12-25 01:00:00,4392.0
2014-12-25 02:00:00,4232.0
2014-12-25 03:00:00,4123.0
2014-12-25 04:00:00,4071.0
2014-12-25 05:00:00,3967.0
2014-12-25 06:00:00,4068.0
2014-12-25 07:00:00,4126.0
2014-12-25 08:00:00,3899.0
2014-12-25 09:00:00,4560.0
2014-12-25 10:00:00,4867.0
2014-12-25 11:00:00,4872.0
2014-12-25 12:00:00,4958.0
2014-12-25 13:00:00,4949.0
2014-12-25 14:00:00,4971.0
2014-12-25 15:00:00,4973.0
2014-12-25 16:00:00,5299.0
2014-12-25 17:00:00,6502.0
2014-12-25 18:00:00,6554.0
2014-12-25 19:00:00,6514.0
2014-12-25 20:00:00,6560.0
2014-12-25 21:00:00,6585.0
2014-12-25 22:00:00,6498.0
2014-12-25 23:00:00,6436.0
2014-12-26 00:00:00,6271.0
2014-12-26 01:00:00,4497.0
2014-12-26 02:00:00,4247.0
2014-12-26 03:00:00,4168.0
2014-12-26 04:00:00,4162.0
2014-12-26 05:00:00,4100.0
2014-12-26 06:00:00,4169.0
2014-12-26 07:00:00,4934.0
2014-12-26 08:00:00,6007.0
2014-12-26 09:00:00,8386.0
2014-12-26 10:00:00,11337.0
2014-12-26 11:00:00,12750.0
2014-12-26 12:00:00,14007.0
2014-12-26 13:00:00,14093.0
2014-12-26 14:00:00,14045.0
2014-12-26 15:00:00,14134.0
2014-12-26 16:00:00,14683.0
2014-12-26 17:00:00,16536.0
2014-12-26 18:00:00,16636.0
2014-12-26 19:00:00,16602.0
2014-12-26 20:00:00,16491.0
2014-12-26 21:00:00,16355.0
2014-12-26 22:00:00,13566.0
2014-12-26 23:00:00,11879.0
2014-12-27 00:00:00,9704.0
2014-12-27 01:00:00,5192.0
2014-12-27 02:00:00,4821.0
2014-12-27 03:00:00,4513.0
2014-12-27 04:00:00,4332.0
2014-12-27 05:00:00,4268.0
2014-12-27 06:00:00,4344.0
2014-12-27 07:00:00,4605.0
2014-12-27 08:00:00,4589.0
2014-12-27 09:00:00,6986.0
2014-12-27 10:00:00,10990.0
2014-12-27 11:00:00,12782.0
2014-12-27 12:00:00,13757.0
2014-12-27 13:00:00,14805.0
2014-12-27 14:00:00,14859.0
2014-12-27 15:00:00,14834.0
2014-12-27 16:00:00,15336.0
2014-12-27 17:00:00,15468.0
2014-12-27 18:00:00,15681.0
2014-12-27 19:00:00,15716.0
2014-12-27 20:00:00,15560.0
2014-12-27 21:00:00,15533.0
2014-12-27 22:00:00,15376.0
2014-12-27 23:00:00,12196.0
2014-12-28 00:00:00,8625.0
2014-12-28 01:00:00,5049.0
2014-12-28 02:00:00,4873.0
2014-12-28 03:00:00,4462.0
2014-12-28 04:00:00,4329.0
2014-12-28 05:00:00,4234.0
2014-12-28 06:00:00,4258.0
2014-12-28 07:00:00,4617.0
2014-12-28 08:00:00,4654.0
2014-12-28 09:00:00,6511.0
2014-12-28 10:00:00,14678.0
2014-12-28 11:00:00,15786.0
2014-12-28 12:00:00,16409.0
2014-12-28 13:00:00,17311.0
2014-12-28 14:00:00,17705.0
2014-12-28 15:00:00,17577.0
2014-12-28 16:00:00,18079.0
2014-12-28 17:00:00,19995.0
2014-12-28 18:00:00,19919.0
2014-12-28 19:00:00,19112.0
2014-12-28 20:00:00,18964.0
2014-12-28 21:00:00,18958.0
2014-12-28 22:00:00,18563.0
2014-12-28 23:00:00,14082.0
2014-12-29 00:00:00,8549.0
2014-12-29 01:00:00,5078.0
2014-12-29 02:00:00,4814.0
2014-12-29 03:00:00,4525.0
2014-12-29 04:00:00,4307.0
2014-12-29 05:00:00,4381.0
2014-12-29 06:00:00,4480.0
2014-12-29 07:00:00,5238.0
2014-12-29 08:00:00,5566.0
2014-12-29 09:00:00,8187.0
2014-12-29 10:00:00,10937.0
2014-12-29 11:00:00,12587.0
2014-12-29 12:00:00,13552.0
2014-12-29 13:00:00,13646.0
2014-12-29 14:00:00,13616.0
2014-12-29 15:00:00,13623.0
2014-12-29 16:00:00,13689.0
2014-12-29 17:00:00,14796.0
2014-12-29 18:00:00,15140.0
2014-12-29 19:00:00,15034.0
2014-12-29 20:00:00,15220.0
2014-12-29 21:00:00,15182.0
2014-12-29 22:00:00,12977.0
2014-12-29 23:00:00,11130.0
2014-12-30 00:00:00,9041.0
2014-12-30 01:00:00,4988.0
2014-12-30 02:00:00,4621.0
2014-12-30 03:00:00,4568.0
2014-12-30 04:00:00,4368.0
2014-12-30 05:00:00,4314.0
2014-12-30 06:00:00,4383.0
2014-12-30 07:00:00,5204.0
2014-12-30 08:00:00,5618.0
2014-12-30 09:00:00,7758.0
2014-12-30 10:00:00,10484.0
2014-12-30 11:00:00,13329.0
2014-12-30 12:00:00,14464.0
2014-12-30 13:00:00,14566.0
2014-12-30 14:00:00,14632.0
2014-12-30 15:00:00,14636.0
2014-12-30 16:00:00,14676.0
2014-12-30 17:00:00,15254.0
2014-12-30 18:00:00,15874.0
2014-12-30 19:00:00,16013.0
2014-12-30 20:00:00,16085.0
2014-12-30 21:00:00,15908.0
2014-12-30 22:00:00,13376.0
2014-12-30 23:00:00,12288.0
2014-12-31 00:00:00,9723.0
2014-12-31 01:00:00,4852.0
2014-12-31 02:00:00,4460.0
2014-12-31 03:00:00,4134.0
2014-12-31 04:00:00,3941.0
2014-12-31 05:00:00,3827.0
2014-12-31 06:00:00,3951.0
2014-12-31 07:00:00,4849.0
2014-12-31 08:00:00,5471.0
2014-12-31 09:00:00,7857.0
2014-12-31 10:00:00,10418.0
2014-12-31 11:00:00,13190.0
2014-12-31 12:00:00,14571.0
2014-12-31 13:00:00,14745.0
2014-12-31 14:00:00,14946.0
2014-12-31 15:00:00,14963.0
2014-12-31 16:00:00,14977.0
2014-12-31 17:00:00,15872.0
2014-12-31 18:00:00,15220.0
2014-12-31 19:00:00,10626.0
2014-12-31 20:00:00,7884.0
2014-12-31 21:00:00,7372.0
2014-12-31 22:00:00,7133.0
2014-12-31 23:00:00,6966.0
