datetime,target
2012-01-01 00:00:00,80100.0
2012-01-01 01:00:00,95200.0
2012-01-01 02:00:00,96600.0
2012-01-01 03:00:00,94500.0
2012-01-01 04:00:00,91300.0
2012-01-01 05:00:00,87000.0
2012-01-01 06:00:00,84100.0
2012-01-01 07:00:00,83900.0
2012-01-01 08:00:00,79800.0
2012-01-01 09:00:00,81000.0
2012-01-01 10:00:00,86500.0
2012-01-01 11:00:00,88800.0
2012-01-01 12:00:00,122500.0
2012-01-01 13:00:00,123600.0
2012-01-01 14:00:00,133000.0
2012-01-01 15:00:00,133100.0
2012-01-01 16:00:00,132000.0
2012-01-01 17:00:00,144300.0
2012-01-01 18:00:00,166700.0
2012-01-01 19:00:00,160700.0
2012-01-01 20:00:00,168000.0
2012-01-01 21:00:00,159400.0
2012-01-01 22:00:00,162700.0
2012-01-01 23:00:00,150900.0
2012-01-02 00:00:00,112200.0
2012-01-02 01:00:00,71600.0
2012-01-02 02:00:00,68600.0
2012-01-02 03:00:00,66900.0
2012-01-02 04:00:00,61900.0
2012-01-02 05:00:00,60400.0
2012-01-02 06:00:00,55900.0
2012-01-02 07:00:00,54300.0
2012-01-02 08:00:00,60600.0
2012-01-02 09:00:00,96500.0
2012-01-02 10:00:00,143600.0
2012-01-02 11:00:00,154400.0
2012-01-02 12:00:00,198800.0
2012-01-02 13:00:00,198600.0
2012-01-02 14:00:00,205600.0
2012-01-02 15:00:00,201400.0
2012-01-02 16:00:00,206400.0
2012-01-02 17:00:00,207900.0
2012-01-02 18:00:00,232900.0
2012-01-02 19:00:00,223100.0
2012-01-02 20:00:00,226500.0
2012-01-02 21:00:00,223600.0
2012-01-02 22:00:00,185900.0
2012-01-02 23:00:00,176800.0
2012-01-03 00:00:00,127100.0
2012-01-03 01:00:00,86700.0
2012-01-03 02:00:00,84200.0
2012-01-03 03:00:00,83300.0
2012-01-03 04:00:00,68200.0
2012-01-03 05:00:00,61200.0
2012-01-03 06:00:00,56800.0
2012-01-03 07:00:00,55300.0
2012-01-03 08:00:00,61500.0
2012-01-03 09:00:00,102900.0
2012-01-03 10:00:00,144000.0
2012-01-03 11:00:00,150700.0
2012-01-03 12:00:00,178900.0
2012-01-03 13:00:00,193800.0
2012-01-03 14:00:00,202800.0
2012-01-03 15:00:00,189700.0
2012-01-03 16:00:00,196900.0
2012-01-03 17:00:00,209100.0
2012-01-03 18:00:00,225600.0
2012-01-03 19:00:00,224800.0
2012-01-03 20:00:00,193400.0
2012-01-03 21:00:00,184800.0
2012-01-03 22:00:00,190000.0
2012-01-03 23:00:00,173300.0
2012-01-04 00:00:00,125200.0
2012-01-04 01:00:00,84400.0
2012-01-04 02:00:00,80800.0
2012-01-04 03:00:00,77600.0
2012-01-04 04:00:00,60900.0
2012-01-04 05:00:00,55500.0
2012-01-04 06:00:00,51700.0
2012-01-04 07:00:00,50400.0
2012-01-04 08:00:00,58800.0
2012-01-04 09:00:00,101600.0
2012-01-04 10:00:00,139600.0
2012-01-04 11:00:00,152100.0
2012-01-04 12:00:00,180700.0
2012-01-04 13:00:00,191500.0
2012-01-04 14:00:00,196900.0
2012-01-04 15:00:00,199200.0
2012-01-04 16:00:00,200800.0
2012-01-04 17:00:00,201300.0
2012-01-04 18:00:00,235300.0
2012-01-04 19:00:00,231500.0
2012-01-04 20:00:00,194100.0
2012-01-04 21:00:00,184500.0
2012-01-04 22:00:00,192000.0
2012-01-04 23:00:00,174600.0
2012-01-05 00:00:00,128800.0
2012-01-05 01:00:00,87800.0
2012-01-05 02:00:00,83500.0
2012-01-05 03:00:00,81900.0
2012-01-05 04:00:00,63700.0
2012-01-05 05:00:00,57800.0
2012-01-05 06:00:00,54900.0
2012-01-05 07:00:00,54200.0
2012-01-05 08:00:00,60600.0
2012-01-05 09:00:00,99200.0
2012-01-05 10:00:00,141200.0
2012-01-05 11:00:00,149600.0
2012-01-05 12:00:00,182100.0
2012-01-05 13:00:00,198200.0
2012-01-05 14:00:00,201900.0
2012-01-05 15:00:00,211600.0
2012-01-05 16:00:00,205900.0
2012-01-05 17:00:00,210100.0
2012-01-05 18:00:00,232400.0
2012-01-05 19:00:00,233200.0
2012-01-05 20:00:00,195300.0
2012-01-05 21:00:00,185400.0
2012-01-05 22:00:00,183600.0
2012-01-05 23:00:00,175700.0
2012-01-06 00:00:00,128000.0
2012-01-06 01:00:00,88000.0
2012-01-06 02:00:00,85500.0
2012-01-06 03:00:00,83400.0
2012-01-06 04:00:00,67600.0
2012-01-06 05:00:00,61300.0
2012-01-06 06:00:00,56700.0
2012-01-06 07:00:00,56400.0
2012-01-06 08:00:00,60600.0
2012-01-06 09:00:00,98400.0
2012-01-06 10:00:00,139700.0
2012-01-06 11:00:00,148000.0
2012-01-06 12:00:00,164800.0
2012-01-06 13:00:00,196500.0
2012-01-06 14:00:00,197900.0
2012-01-06 15:00:00,195800.0
2012-01-06 16:00:00,196800.0
2012-01-06 17:00:00,200200.0
2012-01-06 18:00:00,226700.0
2012-01-06 19:00:00,228600.0
2012-01-06 20:00:00,219700.0
2012-01-06 21:00:00,186500.0
2012-01-06 22:00:00,181500.0
2012-01-06 23:00:00,176100.0
2012-01-07 00:00:00,128000.0
2012-01-07 01:00:00,97500.0
2012-01-07 02:00:00,84400.0
2012-01-07 03:00:00,71400.0
2012-01-07 04:00:00,62700.0
2012-01-07 05:00:00,59000.0
2012-01-07 06:00:00,54200.0
2012-01-07 07:00:00,54300.0
2012-01-07 08:00:00,59700.0
2012-01-07 09:00:00,95700.0
2012-01-07 10:00:00,135600.0
2012-01-07 11:00:00,145400.0
2012-01-07 12:00:00,183600.0
2012-01-07 13:00:00,197200.0
2012-01-07 14:00:00,198700.0
2012-01-07 15:00:00,197800.0
2012-01-07 16:00:00,201800.0
2012-01-07 17:00:00,198100.0
2012-01-07 18:00:00,226000.0
2012-01-07 19:00:00,224100.0
2012-01-07 20:00:00,223500.0
2012-01-07 21:00:00,218600.0
2012-01-07 22:00:00,185200.0
2012-01-07 23:00:00,178900.0
2012-01-08 00:00:00,136300.0
2012-01-08 01:00:00,110100.0
2012-01-08 02:00:00,105600.0
2012-01-08 03:00:00,100700.0
2012-01-08 04:00:00,62600.0
2012-01-08 05:00:00,56500.0
2012-01-08 06:00:00,52700.0
2012-01-08 07:00:00,53400.0
2012-01-08 08:00:00,59300.0
2012-01-08 09:00:00,92700.0
2012-01-08 10:00:00,137800.0
2012-01-08 11:00:00,150300.0
2012-01-08 12:00:00,174600.0
2012-01-08 13:00:00,194500.0
2012-01-08 14:00:00,194700.0
2012-01-08 15:00:00,205900.0
2012-01-08 16:00:00,200300.0
2012-01-08 17:00:00,211300.0
2012-01-08 18:00:00,233400.0
2012-01-08 19:00:00,232300.0
2012-01-08 20:00:00,223400.0
2012-01-08 21:00:00,216600.0
2012-01-08 22:00:00,219500.0
2012-01-08 23:00:00,200700.0
2012-01-09 00:00:00,127300.0
2012-01-09 01:00:00,84700.0
2012-01-09 02:00:00,83100.0
2012-01-09 03:00:00,81700.0
2012-01-09 04:00:00,65500.0
2012-01-09 05:00:00,58000.0
2012-01-09 06:00:00,54700.0
2012-01-09 07:00:00,46400.0
2012-01-09 08:00:00,45500.0
2012-01-09 09:00:00,95100.0
2012-01-09 10:00:00,138900.0
2012-01-09 11:00:00,152300.0
2012-01-09 12:00:00,156600.0
2012-01-09 13:00:00,192500.0
2012-01-09 14:00:00,196000.0
2012-01-09 15:00:00,186800.0
2012-01-09 16:00:00,186600.0
2012-01-09 17:00:00,194500.0
2012-01-09 18:00:00,218300.0
2012-01-09 19:00:00,217800.0
2012-01-09 20:00:00,208700.0
2012-01-09 21:00:00,183000.0
2012-01-09 22:00:00,182000.0
2012-01-09 23:00:00,170600.0
2012-01-10 00:00:00,121900.0
2012-01-10 01:00:00,81200.0
2012-01-10 02:00:00,79100.0
2012-01-10 03:00:00,76600.0
2012-01-10 04:00:00,62600.0
2012-01-10 05:00:00,59100.0
2012-01-10 06:00:00,53300.0
2012-01-10 07:00:00,52900.0
2012-01-10 08:00:00,59100.0
2012-01-10 09:00:00,95400.0
2012-01-10 10:00:00,136700.0
2012-01-10 11:00:00,147900.0
2012-01-10 12:00:00,158700.0
2012-01-10 13:00:00,187900.0
2012-01-10 14:00:00,181800.0
2012-01-10 15:00:00,193300.0
2012-01-10 16:00:00,191500.0
2012-01-10 17:00:00,195300.0
2012-01-10 18:00:00,223100.0
2012-01-10 19:00:00,224500.0
2012-01-10 20:00:00,214800.0
2012-01-10 21:00:00,219200.0
2012-01-10 22:00:00,217100.0
2012-01-10 23:00:00,172900.0
2012-01-11 00:00:00,125300.0
2012-01-11 01:00:00,84800.0
2012-01-11 02:00:00,81300.0
2012-01-11 03:00:00,77700.0
2012-01-11 04:00:00,61000.0
2012-01-11 05:00:00,56600.0
2012-01-11 06:00:00,53300.0
2012-01-11 07:00:00,51100.0
2012-01-11 08:00:00,59100.0
2012-01-11 09:00:00,101200.0
2012-01-11 10:00:00,144600.0
2012-01-11 11:00:00,148200.0
2012-01-11 12:00:00,180600.0
2012-01-11 13:00:00,190700.0
2012-01-11 14:00:00,191400.0
2012-01-11 15:00:00,196100.0
2012-01-11 16:00:00,194500.0
2012-01-11 17:00:00,202000.0
2012-01-11 18:00:00,221900.0
2012-01-11 19:00:00,225100.0
2012-01-11 20:00:00,217100.0
2012-01-11 21:00:00,198800.0
2012-01-11 22:00:00,187800.0
2012-01-11 23:00:00,171100.0
2012-01-12 00:00:00,125300.0
2012-01-12 01:00:00,86700.0
2012-01-12 02:00:00,83800.0
2012-01-12 03:00:00,81800.0
2012-01-12 04:00:00,65900.0
2012-01-12 05:00:00,61000.0
2012-01-12 06:00:00,55100.0
2012-01-12 07:00:00,55400.0
2012-01-12 08:00:00,62200.0
2012-01-12 09:00:00,100500.0
2012-01-12 10:00:00,142000.0
2012-01-12 11:00:00,148200.0
2012-01-12 12:00:00,168800.0
2012-01-12 13:00:00,181900.0
2012-01-12 14:00:00,174600.0
2012-01-12 15:00:00,184300.0
2012-01-12 16:00:00,183200.0
2012-01-12 17:00:00,201800.0
2012-01-12 18:00:00,211400.0
2012-01-12 19:00:00,214800.0
2012-01-12 20:00:00,213100.0
2012-01-12 21:00:00,205400.0
2012-01-12 22:00:00,211200.0
2012-01-12 23:00:00,190600.0
2012-01-13 00:00:00,122700.0
2012-01-13 01:00:00,84400.0
2012-01-13 02:00:00,81200.0
2012-01-13 03:00:00,81300.0
2012-01-13 04:00:00,69800.0
2012-01-13 05:00:00,66900.0
2012-01-13 06:00:00,65600.0
2012-01-13 07:00:00,65200.0
2012-01-13 08:00:00,69400.0
2012-01-13 09:00:00,97800.0
2012-01-13 10:00:00,136500.0
2012-01-13 11:00:00,147700.0
2012-01-13 12:00:00,236300.0
2012-01-13 13:00:00,192000.0
2012-01-13 14:00:00,189200.0
2012-01-13 15:00:00,191200.0
2012-01-13 16:00:00,187100.0
2012-01-13 17:00:00,190500.0
2012-01-13 18:00:00,230100.0
2012-01-13 19:00:00,214500.0
2012-01-13 20:00:00,191900.0
2012-01-13 21:00:00,186800.0
2012-01-13 22:00:00,186900.0
2012-01-13 23:00:00,174200.0
2012-01-14 00:00:00,123000.0
2012-01-14 01:00:00,94600.0
2012-01-14 02:00:00,85800.0
2012-01-14 03:00:00,75600.0
2012-01-14 04:00:00,59900.0
2012-01-14 05:00:00,56700.0
2012-01-14 06:00:00,54000.0
2012-01-14 07:00:00,52200.0
2012-01-14 08:00:00,58100.0
2012-01-14 09:00:00,94600.0
2012-01-14 10:00:00,135800.0
2012-01-14 11:00:00,143400.0
2012-01-14 12:00:00,181100.0
2012-01-14 13:00:00,188900.0
2012-01-14 14:00:00,178800.0
2012-01-14 15:00:00,189900.0
2012-01-14 16:00:00,192100.0
2012-01-14 17:00:00,198300.0
2012-01-14 18:00:00,224500.0
2012-01-14 19:00:00,228100.0
2012-01-14 20:00:00,218100.0
2012-01-14 21:00:00,213800.0
2012-01-14 22:00:00,189100.0
2012-01-14 23:00:00,173100.0
2012-01-15 00:00:00,130800.0
2012-01-15 01:00:00,103200.0
2012-01-15 02:00:00,102500.0
2012-01-15 03:00:00,96400.0
2012-01-15 04:00:00,59300.0
2012-01-15 05:00:00,55100.0
2012-01-15 06:00:00,52100.0
2012-01-15 07:00:00,50400.0
2012-01-15 08:00:00,57300.0
2012-01-15 09:00:00,95600.0
2012-01-15 10:00:00,135100.0
2012-01-15 11:00:00,141500.0
2012-01-15 12:00:00,175600.0
2012-01-15 13:00:00,191200.0
2012-01-15 14:00:00,182100.0
2012-01-15 15:00:00,186200.0
2012-01-15 16:00:00,201200.0
2012-01-15 17:00:00,212600.0
2012-01-15 18:00:00,232600.0
2012-01-15 19:00:00,229700.0
2012-01-15 20:00:00,214600.0
2012-01-15 21:00:00,213700.0
2012-01-15 22:00:00,212600.0
2012-01-15 23:00:00,172400.0
2012-01-16 00:00:00,123300.0
2012-01-16 01:00:00,82000.0
2012-01-16 02:00:00,80000.0
2012-01-16 03:00:00,78100.0
2012-01-16 04:00:00,62200.0
2012-01-16 05:00:00,57200.0
2012-01-16 06:00:00,52800.0
2012-01-16 07:00:00,50500.0
2012-01-16 08:00:00,57800.0
2012-01-16 09:00:00,97000.0
2012-01-16 10:00:00,137700.0
2012-01-16 11:00:00,145300.0
2012-01-16 12:00:00,156100.0
2012-01-16 13:00:00,181500.0
2012-01-16 14:00:00,189500.0
2012-01-16 15:00:00,191400.0
2012-01-16 16:00:00,191100.0
2012-01-16 17:00:00,191400.0
2012-01-16 18:00:00,222300.0
2012-01-16 19:00:00,208600.0
2012-01-16 20:00:00,215800.0
2012-01-16 21:00:00,213300.0
2012-01-16 22:00:00,193300.0
2012-01-16 23:00:00,169800.0
2012-01-17 00:00:00,121800.0
2012-01-17 01:00:00,81600.0
2012-01-17 02:00:00,78900.0
2012-01-17 03:00:00,76200.0
2012-01-17 04:00:00,61200.0
2012-01-17 05:00:00,58000.0
2012-01-17 06:00:00,53800.0
2012-01-17 07:00:00,51900.0
2012-01-17 08:00:00,59100.0
2012-01-17 09:00:00,96000.0
2012-01-17 10:00:00,135800.0
2012-01-17 11:00:00,145200.0
2012-01-17 12:00:00,163200.0
2012-01-17 13:00:00,180200.0
2012-01-17 14:00:00,185000.0
2012-01-17 15:00:00,191800.0
2012-01-17 16:00:00,188300.0
2012-01-17 17:00:00,184400.0
2012-01-17 18:00:00,227300.0
2012-01-17 19:00:00,218600.0
2012-01-17 20:00:00,211600.0
2012-01-17 21:00:00,207600.0
2012-01-17 22:00:00,212900.0
2012-01-17 23:00:00,175500.0
2012-01-18 00:00:00,123100.0
2012-01-18 01:00:00,83900.0
2012-01-18 02:00:00,79500.0
2012-01-18 03:00:00,76300.0
2012-01-18 04:00:00,63500.0
2012-01-18 05:00:00,59200.0
2012-01-18 06:00:00,55200.0
2012-01-18 07:00:00,52900.0
2012-01-18 08:00:00,61100.0
2012-01-18 09:00:00,99800.0
2012-01-18 10:00:00,138000.0
2012-01-18 11:00:00,146600.0
2012-01-18 12:00:00,164200.0
2012-01-18 13:00:00,188900.0
2012-01-18 14:00:00,178200.0
2012-01-18 15:00:00,188700.0
2012-01-18 16:00:00,193300.0
2012-01-18 17:00:00,194400.0
2012-01-18 18:00:00,222800.0
2012-01-18 19:00:00,213200.0
2012-01-18 20:00:00,212900.0
2012-01-18 21:00:00,214100.0
2012-01-18 22:00:00,198100.0
2012-01-18 23:00:00,174000.0
2012-01-19 00:00:00,121400.0
2012-01-19 01:00:00,83100.0
2012-01-19 02:00:00,78100.0
2012-01-19 03:00:00,77800.0
2012-01-19 04:00:00,61200.0
2012-01-19 05:00:00,58200.0
2012-01-19 06:00:00,53100.0
2012-01-19 07:00:00,51700.0
2012-01-19 08:00:00,59900.0
2012-01-19 09:00:00,96300.0
2012-01-19 10:00:00,140700.0
2012-01-19 11:00:00,168700.0
2012-01-19 12:00:00,195400.0
2012-01-19 13:00:00,190000.0
2012-01-19 14:00:00,184300.0
2012-01-19 15:00:00,188500.0
2012-01-19 16:00:00,188900.0
2012-01-19 17:00:00,193100.0
2012-01-19 18:00:00,224500.0
2012-01-19 19:00:00,216100.0
2012-01-19 20:00:00,213800.0
2012-01-19 21:00:00,209300.0
2012-01-19 22:00:00,193700.0
2012-01-19 23:00:00,173400.0
2012-01-20 00:00:00,125700.0
2012-01-20 01:00:00,88100.0
2012-01-20 02:00:00,83500.0
2012-01-20 03:00:00,81300.0
2012-01-20 04:00:00,65900.0
2012-01-20 05:00:00,60300.0
2012-01-20 06:00:00,55300.0
2012-01-20 07:00:00,55300.0
2012-01-20 08:00:00,61300.0
2012-01-20 09:00:00,97700.0
2012-01-20 10:00:00,138300.0
2012-01-20 11:00:00,148600.0
2012-01-20 12:00:00,157400.0
2012-01-20 13:00:00,183200.0
2012-01-20 14:00:00,195900.0
2012-01-20 15:00:00,189400.0
2012-01-20 16:00:00,189400.0
2012-01-20 17:00:00,196500.0
2012-01-20 18:00:00,221500.0
2012-01-20 19:00:00,220700.0
2012-01-20 20:00:00,223600.0
2012-01-20 21:00:00,217400.0
2012-01-20 22:00:00,199000.0
2012-01-20 23:00:00,178000.0
2012-01-21 00:00:00,125500.0
2012-01-21 01:00:00,97800.0
2012-01-21 02:00:00,86800.0
2012-01-21 03:00:00,74500.0
2012-01-21 04:00:00,65700.0
2012-01-21 05:00:00,60600.0
2012-01-21 06:00:00,54600.0
2012-01-21 07:00:00,55700.0
2012-01-21 08:00:00,61000.0
2012-01-21 09:00:00,96400.0
2012-01-21 10:00:00,137400.0
2012-01-21 11:00:00,147600.0
2012-01-21 12:00:00,160500.0
2012-01-21 13:00:00,190100.0
2012-01-21 14:00:00,204900.0
2012-01-21 15:00:00,198900.0
2012-01-21 16:00:00,208400.0
2012-01-21 17:00:00,200500.0
2012-01-21 18:00:00,230900.0
2012-01-21 19:00:00,227400.0
2012-01-21 20:00:00,224400.0
2012-01-21 21:00:00,203700.0
2012-01-21 22:00:00,195100.0
2012-01-21 23:00:00,177000.0
2012-01-22 00:00:00,132300.0
2012-01-22 01:00:00,110400.0
2012-01-22 02:00:00,107300.0
2012-01-22 03:00:00,101900.0
2012-01-22 04:00:00,65400.0
2012-01-22 05:00:00,60400.0
2012-01-22 06:00:00,55300.0
2012-01-22 07:00:00,54900.0
2012-01-22 08:00:00,60100.0
2012-01-22 09:00:00,96300.0
2012-01-22 10:00:00,139300.0
2012-01-22 11:00:00,147600.0
2012-01-22 12:00:00,170400.0
2012-01-22 13:00:00,184600.0
2012-01-22 14:00:00,195200.0
2012-01-22 15:00:00,196000.0
2012-01-22 16:00:00,203500.0
2012-01-22 17:00:00,205700.0
2012-01-22 18:00:00,237300.0
2012-01-22 19:00:00,238200.0
2012-01-22 20:00:00,227600.0
2012-01-22 21:00:00,201300.0
2012-01-22 22:00:00,191400.0
2012-01-22 23:00:00,177100.0
2012-01-23 00:00:00,126900.0
2012-01-23 01:00:00,84000.0
2012-01-23 02:00:00,82200.0
2012-01-23 03:00:00,80300.0
2012-01-23 04:00:00,63100.0
2012-01-23 05:00:00,57300.0
2012-01-23 06:00:00,52700.0
2012-01-23 07:00:00,53100.0
2012-01-23 08:00:00,59300.0
2012-01-23 09:00:00,94700.0
2012-01-23 10:00:00,138200.0
2012-01-23 11:00:00,151400.0
2012-01-23 12:00:00,177000.0
2012-01-23 13:00:00,196600.0
2012-01-23 14:00:00,200900.0
2012-01-23 15:00:00,192700.0
2012-01-23 16:00:00,196000.0
2012-01-23 17:00:00,204000.0
2012-01-23 18:00:00,220600.0
2012-01-23 19:00:00,229700.0
2012-01-23 20:00:00,220600.0
2012-01-23 21:00:00,193000.0
2012-01-23 22:00:00,182600.0
2012-01-23 23:00:00,169700.0
2012-01-24 00:00:00,119800.0
2012-01-24 01:00:00,72400.0
2012-01-24 02:00:00,71500.0
2012-01-24 03:00:00,69600.0
2012-01-24 04:00:00,64600.0
2012-01-24 05:00:00,63000.0
2012-01-24 06:00:00,58800.0
2012-01-24 07:00:00,57600.0
2012-01-24 08:00:00,64700.0
2012-01-24 09:00:00,99200.0
2012-01-24 10:00:00,144600.0
2012-01-24 11:00:00,152700.0
2012-01-24 12:00:00,174500.0
2012-01-24 13:00:00,195800.0
2012-01-24 14:00:00,193200.0
2012-01-24 15:00:00,192300.0
2012-01-24 16:00:00,184700.0
2012-01-24 17:00:00,194100.0
2012-01-24 18:00:00,227100.0
2012-01-24 19:00:00,220700.0
2012-01-24 20:00:00,184500.0
2012-01-24 21:00:00,181500.0
2012-01-24 22:00:00,192100.0
2012-01-24 23:00:00,168800.0
2012-01-25 00:00:00,122200.0
2012-01-25 01:00:00,83400.0
2012-01-25 02:00:00,79700.0
2012-01-25 03:00:00,77000.0
2012-01-25 04:00:00,67300.0
2012-01-25 05:00:00,65900.0
2012-01-25 06:00:00,61400.0
2012-01-25 07:00:00,60200.0
2012-01-25 08:00:00,68100.0
2012-01-25 09:00:00,100100.0
2012-01-25 10:00:00,140100.0
2012-01-25 11:00:00,150500.0
2012-01-25 12:00:00,175000.0
2012-01-25 13:00:00,190800.0
2012-01-25 14:00:00,187800.0
2012-01-25 15:00:00,193600.0
2012-01-25 16:00:00,176500.0
2012-01-25 17:00:00,191200.0
2012-01-25 18:00:00,226600.0
2012-01-25 19:00:00,219100.0
2012-01-25 20:00:00,188500.0
2012-01-25 21:00:00,181800.0
2012-01-25 22:00:00,187500.0
2012-01-25 23:00:00,171100.0
2012-01-26 00:00:00,121000.0
2012-01-26 01:00:00,82100.0
2012-01-26 02:00:00,78800.0
2012-01-26 03:00:00,76700.0
2012-01-26 04:00:00,67100.0
2012-01-26 05:00:00,65600.0
2012-01-26 06:00:00,62600.0
2012-01-26 07:00:00,60600.0
2012-01-26 08:00:00,67900.0
2012-01-26 09:00:00,99000.0
2012-01-26 10:00:00,138700.0
2012-01-26 11:00:00,147100.0
2012-01-26 12:00:00,178400.0
2012-01-26 13:00:00,190100.0
2012-01-26 14:00:00,195400.0
2012-01-26 15:00:00,190800.0
2012-01-26 16:00:00,188800.0
2012-01-26 17:00:00,199900.0
2012-01-26 18:00:00,230800.0
2012-01-26 19:00:00,219400.0
2012-01-26 20:00:00,188400.0
2012-01-26 21:00:00,191300.0
2012-01-26 22:00:00,185000.0
2012-01-26 23:00:00,171300.0
2012-01-27 00:00:00,121900.0
2012-01-27 01:00:00,83600.0
2012-01-27 02:00:00,76200.0
2012-01-27 03:00:00,69900.0
2012-01-27 04:00:00,64800.0
2012-01-27 05:00:00,63500.0
2012-01-27 06:00:00,59900.0
2012-01-27 07:00:00,58700.0
2012-01-27 08:00:00,70800.0
2012-01-27 09:00:00,101500.0
2012-01-27 10:00:00,139200.0
2012-01-27 11:00:00,147900.0
2012-01-27 12:00:00,172900.0
2012-01-27 13:00:00,190000.0
2012-01-27 14:00:00,182300.0
2012-01-27 15:00:00,183200.0
2012-01-27 16:00:00,185300.0
2012-01-27 17:00:00,188700.0
2012-01-27 18:00:00,219500.0
2012-01-27 19:00:00,205900.0
2012-01-27 20:00:00,184900.0
2012-01-27 21:00:00,186300.0
2012-01-27 22:00:00,185400.0
2012-01-27 23:00:00,178000.0
2012-01-28 00:00:00,126200.0
2012-01-28 01:00:00,103900.0
2012-01-28 02:00:00,97800.0
2012-01-28 03:00:00,86000.0
2012-01-28 04:00:00,76900.0
2012-01-28 05:00:00,75500.0
2012-01-28 06:00:00,71500.0
2012-01-28 07:00:00,69200.0
2012-01-28 08:00:00,75600.0
2012-01-28 09:00:00,101400.0
2012-01-28 10:00:00,137500.0
2012-01-28 11:00:00,145100.0
2012-01-28 12:00:00,173100.0
2012-01-28 13:00:00,201100.0
2012-01-28 14:00:00,185600.0
2012-01-28 15:00:00,196200.0
2012-01-28 16:00:00,197800.0
2012-01-28 17:00:00,193800.0
2012-01-28 18:00:00,227300.0
2012-01-28 19:00:00,231200.0
2012-01-28 20:00:00,188100.0
2012-01-28 21:00:00,188300.0
2012-01-28 22:00:00,195400.0
2012-01-28 23:00:00,176900.0
2012-01-29 00:00:00,132800.0
2012-01-29 01:00:00,106700.0
2012-01-29 02:00:00,105600.0
2012-01-29 03:00:00,100100.0
2012-01-29 04:00:00,60000.0
2012-01-29 05:00:00,57300.0
2012-01-29 06:00:00,53300.0
2012-01-29 07:00:00,53500.0
2012-01-29 08:00:00,61600.0
2012-01-29 09:00:00,100200.0
2012-01-29 10:00:00,136000.0
2012-01-29 11:00:00,145400.0
2012-01-29 12:00:00,164000.0
2012-01-29 13:00:00,191500.0
2012-01-29 14:00:00,181900.0
2012-01-29 15:00:00,189900.0
2012-01-29 16:00:00,196900.0
2012-01-29 17:00:00,203500.0
2012-01-29 18:00:00,216800.0
2012-01-29 19:00:00,229800.0
2012-01-29 20:00:00,202400.0
2012-01-29 21:00:00,184900.0
2012-01-29 22:00:00,186400.0
2012-01-29 23:00:00,175800.0
2012-01-30 00:00:00,128000.0
2012-01-30 01:00:00,86000.0
2012-01-30 02:00:00,84100.0
2012-01-30 03:00:00,80600.0
2012-01-30 04:00:00,77300.0
2012-01-30 05:00:00,73800.0
2012-01-30 06:00:00,70100.0
2012-01-30 07:00:00,67200.0
2012-01-30 08:00:00,73900.0
2012-01-30 09:00:00,100000.0
2012-01-30 10:00:00,141400.0
2012-01-30 11:00:00,150800.0
2012-01-30 12:00:00,177000.0
2012-01-30 13:00:00,198900.0
2012-01-30 14:00:00,184400.0
2012-01-30 15:00:00,191500.0
2012-01-30 16:00:00,202500.0
2012-01-30 17:00:00,194600.0
2012-01-30 18:00:00,218200.0
2012-01-30 19:00:00,233300.0
2012-01-30 20:00:00,215900.0
2012-01-30 21:00:00,217200.0
2012-01-30 22:00:00,217500.0
2012-01-30 23:00:00,200000.0
2012-01-31 00:00:00,121300.0
2012-01-31 01:00:00,80300.0
2012-01-31 02:00:00,79700.0
2012-01-31 03:00:00,78300.0
2012-01-31 04:00:00,67700.0
2012-01-31 05:00:00,63700.0
2012-01-31 06:00:00,58800.0
2012-01-31 07:00:00,58700.0
2012-01-31 08:00:00,65700.0
2012-01-31 09:00:00,99100.0
2012-01-31 10:00:00,141000.0
2012-01-31 11:00:00,153500.0
2012-01-31 12:00:00,168700.0
2012-01-31 13:00:00,194000.0
2012-01-31 14:00:00,196200.0
2012-01-31 15:00:00,192900.0
2012-01-31 16:00:00,187400.0
2012-01-31 17:00:00,193800.0
2012-01-31 18:00:00,211900.0
2012-01-31 19:00:00,229400.0
2012-01-31 20:00:00,194700.0
2012-01-31 21:00:00,185000.0
2012-01-31 22:00:00,194100.0
2012-01-31 23:00:00,166600.0
2012-02-01 00:00:00,117100.0
2012-02-01 01:00:00,75100.0
2012-02-01 02:00:00,77000.0
2012-02-01 03:00:00,79800.0
2012-02-01 04:00:00,74300.0
2012-02-01 05:00:00,72000.0
2012-02-01 06:00:00,66600.0
2012-02-01 07:00:00,65800.0
2012-02-01 08:00:00,73700.0
2012-02-01 09:00:00,106100.0
2012-02-01 10:00:00,142400.0
2012-02-01 11:00:00,150000.0
2012-02-01 12:00:00,174000.0
2012-02-01 13:00:00,197700.0
2012-02-01 14:00:00,186000.0
2012-02-01 15:00:00,188200.0
2012-02-01 16:00:00,193800.0
2012-02-01 17:00:00,198700.0
2012-02-01 18:00:00,215400.0
2012-02-01 19:00:00,223800.0
2012-02-01 20:00:00,193800.0
2012-02-01 21:00:00,191200.0
2012-02-01 22:00:00,188200.0
2012-02-01 23:00:00,170900.0
2012-02-02 00:00:00,117100.0
2012-02-02 01:00:00,71400.0
2012-02-02 02:00:00,69300.0
2012-02-02 03:00:00,71500.0
2012-02-02 04:00:00,66300.0
2012-02-02 05:00:00,62700.0
2012-02-02 06:00:00,58000.0
2012-02-02 07:00:00,57800.0
2012-02-02 08:00:00,63500.0
2012-02-02 09:00:00,99900.0
2012-02-02 10:00:00,140100.0
2012-02-02 11:00:00,149200.0
2012-02-02 12:00:00,166000.0
2012-02-02 13:00:00,195400.0
2012-02-02 14:00:00,183500.0
2012-02-02 15:00:00,181500.0
2012-02-02 16:00:00,187900.0
2012-02-02 17:00:00,189900.0
2012-02-02 18:00:00,210600.0
2012-02-02 19:00:00,212100.0
2012-02-02 20:00:00,197700.0
2012-02-02 21:00:00,182500.0
2012-02-02 22:00:00,182800.0
2012-02-02 23:00:00,170100.0
2012-02-03 00:00:00,119200.0
2012-02-03 01:00:00,76600.0
2012-02-03 02:00:00,75700.0
2012-02-03 03:00:00,74800.0
2012-02-03 04:00:00,67900.0
2012-02-03 05:00:00,63300.0
2012-02-03 06:00:00,57200.0
2012-02-03 07:00:00,58400.0
2012-02-03 08:00:00,61900.0
2012-02-03 09:00:00,99900.0
2012-02-03 10:00:00,138000.0
2012-02-03 11:00:00,148200.0
2012-02-03 12:00:00,168100.0
2012-02-03 13:00:00,176000.0
2012-02-03 14:00:00,188000.0
2012-02-03 15:00:00,186100.0
2012-02-03 16:00:00,182800.0
2012-02-03 17:00:00,194400.0
2012-02-03 18:00:00,195700.0
2012-02-03 19:00:00,219200.0
2012-02-03 20:00:00,193100.0
2012-02-03 21:00:00,186000.0
2012-02-03 22:00:00,179200.0
2012-02-03 23:00:00,175000.0
2012-02-04 00:00:00,132800.0
2012-02-04 01:00:00,108600.0
2012-02-04 02:00:00,97300.0
2012-02-04 03:00:00,79000.0
2012-02-04 04:00:00,61100.0
2012-02-04 05:00:00,58600.0
2012-02-04 06:00:00,54200.0
2012-02-04 07:00:00,54100.0
2012-02-04 08:00:00,61800.0
2012-02-04 09:00:00,99600.0
2012-02-04 10:00:00,128700.0
2012-02-04 11:00:00,147600.0
2012-02-04 12:00:00,153500.0
2012-02-04 13:00:00,147900.0
2012-02-04 14:00:00,157400.0
2012-02-04 15:00:00,148200.0
2012-02-04 16:00:00,160100.0
2012-02-04 17:00:00,151700.0
2012-02-04 18:00:00,174500.0
2012-02-04 19:00:00,185000.0
2012-02-04 20:00:00,187800.0
2012-02-04 21:00:00,183700.0
2012-02-04 22:00:00,177400.0
2012-02-04 23:00:00,172900.0
2012-02-05 00:00:00,135200.0
2012-02-05 01:00:00,109300.0
2012-02-05 02:00:00,107300.0
2012-02-05 03:00:00,94900.0
2012-02-05 04:00:00,61300.0
2012-02-05 05:00:00,60100.0
2012-02-05 06:00:00,55100.0
2012-02-05 07:00:00,53300.0
2012-02-05 08:00:00,59800.0
2012-02-05 09:00:00,98900.0
2012-02-05 10:00:00,129200.0
2012-02-05 11:00:00,146300.0
2012-02-05 12:00:00,153100.0
2012-02-05 13:00:00,150400.0
2012-02-05 14:00:00,162400.0
2012-02-05 15:00:00,151700.0
2012-02-05 16:00:00,154300.0
2012-02-05 17:00:00,158800.0
2012-02-05 18:00:00,179600.0
2012-02-05 19:00:00,190000.0
2012-02-05 20:00:00,192900.0
2012-02-05 21:00:00,185800.0
2012-02-05 22:00:00,183100.0
2012-02-05 23:00:00,173300.0
2012-02-06 00:00:00,119200.0
2012-02-06 01:00:00,73500.0
2012-02-06 02:00:00,71500.0
2012-02-06 03:00:00,69800.0
2012-02-06 04:00:00,63500.0
2012-02-06 05:00:00,59500.0
2012-02-06 06:00:00,52900.0
2012-02-06 07:00:00,43000.0
2012-02-06 08:00:00,46500.0
2012-02-06 09:00:00,98700.0
2012-02-06 10:00:00,136900.0
2012-02-06 11:00:00,147600.0
2012-02-06 12:00:00,160300.0
2012-02-06 13:00:00,184500.0
2012-02-06 14:00:00,193700.0
2012-02-06 15:00:00,186600.0
2012-02-06 16:00:00,193200.0
2012-02-06 17:00:00,184800.0
2012-02-06 18:00:00,206600.0
2012-02-06 19:00:00,223400.0
2012-02-06 20:00:00,184300.0
2012-02-06 21:00:00,182500.0
2012-02-06 22:00:00,183000.0
2012-02-06 23:00:00,172900.0
2012-02-07 00:00:00,114200.0
2012-02-07 01:00:00,67800.0
2012-02-07 02:00:00,67500.0
2012-02-07 03:00:00,65900.0
2012-02-07 04:00:00,63000.0
2012-02-07 05:00:00,61100.0
2012-02-07 06:00:00,57400.0
2012-02-07 07:00:00,54800.0
2012-02-07 08:00:00,60200.0
2012-02-07 09:00:00,98600.0
2012-02-07 10:00:00,138900.0
2012-02-07 11:00:00,147700.0
2012-02-07 12:00:00,154200.0
2012-02-07 13:00:00,187400.0
2012-02-07 14:00:00,189400.0
2012-02-07 15:00:00,189000.0
2012-02-07 16:00:00,190800.0
2012-02-07 17:00:00,189100.0
2012-02-07 18:00:00,209600.0
2012-02-07 19:00:00,213600.0
2012-02-07 20:00:00,223100.0
2012-02-07 21:00:00,211800.0
2012-02-07 22:00:00,208600.0
2012-02-07 23:00:00,198500.0
2012-02-08 00:00:00,130800.0
2012-02-08 01:00:00,68900.0
2012-02-08 02:00:00,69000.0
2012-02-08 03:00:00,67600.0
2012-02-08 04:00:00,62500.0
2012-02-08 05:00:00,60300.0
2012-02-08 06:00:00,57300.0
2012-02-08 07:00:00,53800.0
2012-02-08 08:00:00,59000.0
2012-02-08 09:00:00,98600.0
2012-02-08 10:00:00,136200.0
2012-02-08 11:00:00,147200.0
2012-02-08 12:00:00,170700.0
2012-02-08 13:00:00,184800.0
2012-02-08 14:00:00,192800.0
2012-02-08 15:00:00,177100.0
2012-02-08 16:00:00,179100.0
2012-02-08 17:00:00,188400.0
2012-02-08 18:00:00,198800.0
2012-02-08 19:00:00,215300.0
2012-02-08 20:00:00,217400.0
2012-02-08 21:00:00,203100.0
2012-02-08 22:00:00,209700.0
2012-02-08 23:00:00,171300.0
2012-02-09 00:00:00,118000.0
2012-02-09 01:00:00,71300.0
2012-02-09 02:00:00,69500.0
2012-02-09 03:00:00,65800.0
2012-02-09 04:00:00,60800.0
2012-02-09 05:00:00,60700.0
2012-02-09 06:00:00,59000.0
2012-02-09 07:00:00,56900.0
2012-02-09 08:00:00,62100.0
2012-02-09 09:00:00,98500.0
2012-02-09 10:00:00,135200.0
2012-02-09 11:00:00,146700.0
2012-02-09 12:00:00,155900.0
2012-02-09 13:00:00,185300.0
2012-02-09 14:00:00,180800.0
2012-02-09 15:00:00,181100.0
2012-02-09 16:00:00,178700.0
2012-02-09 17:00:00,193500.0
2012-02-09 18:00:00,197600.0
2012-02-09 19:00:00,205900.0
2012-02-09 20:00:00,215100.0
2012-02-09 21:00:00,209600.0
2012-02-09 22:00:00,213100.0
2012-02-09 23:00:00,185400.0
2012-02-10 00:00:00,117600.0
2012-02-10 01:00:00,72200.0
2012-02-10 02:00:00,71000.0
2012-02-10 03:00:00,68900.0
2012-02-10 04:00:00,65000.0
2012-02-10 05:00:00,61500.0
2012-02-10 06:00:00,57300.0
2012-02-10 07:00:00,58300.0
2012-02-10 08:00:00,62700.0
2012-02-10 09:00:00,99300.0
2012-02-10 10:00:00,130300.0
2012-02-10 11:00:00,147400.0
2012-02-10 12:00:00,166700.0
2012-02-10 13:00:00,186900.0
2012-02-10 14:00:00,179800.0
2012-02-10 15:00:00,184800.0
2012-02-10 16:00:00,181700.0
2012-02-10 17:00:00,200000.0
2012-02-10 18:00:00,198000.0
2012-02-10 19:00:00,216600.0
2012-02-10 20:00:00,195600.0
2012-02-10 21:00:00,183100.0
2012-02-10 22:00:00,182500.0
2012-02-10 23:00:00,173200.0
2012-02-11 00:00:00,131000.0
2012-02-11 01:00:00,108200.0
2012-02-11 02:00:00,96600.0
2012-02-11 03:00:00,76200.0
2012-02-11 04:00:00,60500.0
2012-02-11 05:00:00,59600.0
2012-02-11 06:00:00,54700.0
2012-02-11 07:00:00,54100.0
2012-02-11 08:00:00,59900.0
2012-02-11 09:00:00,96100.0
2012-02-11 10:00:00,133100.0
2012-02-11 11:00:00,146800.0
2012-02-11 12:00:00,161100.0
2012-02-11 13:00:00,188000.0
2012-02-11 14:00:00,181100.0
2012-02-11 15:00:00,197800.0
2012-02-11 16:00:00,181900.0
2012-02-11 17:00:00,196100.0
2012-02-11 18:00:00,210600.0
2012-02-11 19:00:00,222600.0
2012-02-11 20:00:00,211100.0
2012-02-11 21:00:00,211900.0
2012-02-11 22:00:00,194100.0
2012-02-11 23:00:00,175400.0
2012-02-12 00:00:00,137100.0
2012-02-12 01:00:00,111700.0
2012-02-12 02:00:00,108000.0
2012-02-12 03:00:00,94200.0
2012-02-12 04:00:00,59700.0
2012-02-12 05:00:00,57600.0
2012-02-12 06:00:00,53400.0
2012-02-12 07:00:00,54000.0
2012-02-12 08:00:00,59100.0
2012-02-12 09:00:00,97800.0
2012-02-12 10:00:00,133600.0
2012-02-12 11:00:00,145200.0
2012-02-12 12:00:00,148100.0
2012-02-12 13:00:00,183400.0
2012-02-12 14:00:00,179300.0
2012-02-12 15:00:00,192000.0
2012-02-12 16:00:00,183600.0
2012-02-12 17:00:00,196700.0
2012-02-12 18:00:00,202800.0
2012-02-12 19:00:00,205800.0
2012-02-12 20:00:00,211400.0
2012-02-12 21:00:00,178900.0
2012-02-12 22:00:00,183900.0
2012-02-12 23:00:00,171900.0
2012-02-13 00:00:00,120300.0
2012-02-13 01:00:00,74000.0
2012-02-13 02:00:00,71500.0
2012-02-13 03:00:00,72000.0
2012-02-13 04:00:00,67000.0
2012-02-13 05:00:00,61500.0
2012-02-13 06:00:00,56600.0
2012-02-13 07:00:00,58200.0
2012-02-13 08:00:00,61800.0
2012-02-13 09:00:00,98900.0
2012-02-13 10:00:00,132900.0
2012-02-13 11:00:00,150100.0
2012-02-13 12:00:00,161900.0
2012-02-13 13:00:00,172100.0
2012-02-13 14:00:00,194200.0
2012-02-13 15:00:00,179600.0
2012-02-13 16:00:00,182000.0
2012-02-13 17:00:00,177200.0
2012-02-13 18:00:00,192100.0
2012-02-13 19:00:00,215300.0
2012-02-13 20:00:00,211400.0
2012-02-13 21:00:00,205200.0
2012-02-13 22:00:00,200900.0
2012-02-13 23:00:00,205400.0
2012-02-14 00:00:00,121200.0
2012-02-14 01:00:00,73300.0
2012-02-14 02:00:00,68400.0
2012-02-14 03:00:00,69100.0
2012-02-14 04:00:00,74800.0
2012-02-14 05:00:00,66100.0
2012-02-14 06:00:00,59900.0
2012-02-14 07:00:00,54600.0
2012-02-14 08:00:00,58600.0
2012-02-14 09:00:00,93800.0
2012-02-14 10:00:00,133100.0
2012-02-14 11:00:00,141400.0
2012-02-14 12:00:00,149400.0
2012-02-14 13:00:00,167700.0
2012-02-14 14:00:00,185300.0
2012-02-14 15:00:00,181000.0
2012-02-14 16:00:00,180300.0
2012-02-14 17:00:00,171800.0
2012-02-14 18:00:00,190800.0
2012-02-14 19:00:00,211400.0
2012-02-14 20:00:00,203600.0
2012-02-14 21:00:00,202700.0
2012-02-14 22:00:00,199300.0
2012-02-14 23:00:00,199300.0
2012-02-15 00:00:00,123800.0
2012-02-15 01:00:00,68600.0
2012-02-15 02:00:00,68100.0
2012-02-15 03:00:00,68800.0
2012-02-15 04:00:00,65700.0
2012-02-15 05:00:00,61100.0
2012-02-15 06:00:00,57800.0
2012-02-15 07:00:00,57300.0
2012-02-15 08:00:00,61300.0
2012-02-15 09:00:00,93200.0
2012-02-15 10:00:00,129100.0
2012-02-15 11:00:00,153900.0
2012-02-15 12:00:00,180200.0
2012-02-15 13:00:00,179300.0
2012-02-15 14:00:00,184500.0
2012-02-15 15:00:00,171700.0
2012-02-15 16:00:00,177400.0
2012-02-15 17:00:00,187600.0
2012-02-15 18:00:00,188100.0
2012-02-15 19:00:00,213100.0
2012-02-15 20:00:00,199600.0
2012-02-15 21:00:00,213900.0
2012-02-15 22:00:00,212900.0
2012-02-15 23:00:00,200800.0
2012-02-16 00:00:00,135100.0
2012-02-16 01:00:00,77800.0
2012-02-16 02:00:00,70600.0
2012-02-16 03:00:00,69400.0
2012-02-16 04:00:00,64800.0
2012-02-16 05:00:00,60400.0
2012-02-16 06:00:00,54600.0
2012-02-16 07:00:00,55200.0
2012-02-16 08:00:00,60500.0
2012-02-16 09:00:00,96500.0
2012-02-16 10:00:00,136800.0
2012-02-16 11:00:00,146100.0
2012-02-16 12:00:00,150800.0
2012-02-16 13:00:00,167500.0
2012-02-16 14:00:00,191700.0
2012-02-16 15:00:00,181200.0
2012-02-16 16:00:00,179800.0
2012-02-16 17:00:00,186000.0
2012-02-16 18:00:00,201700.0
2012-02-16 19:00:00,220200.0
2012-02-16 20:00:00,214900.0
2012-02-16 21:00:00,193500.0
2012-02-16 22:00:00,182300.0
2012-02-16 23:00:00,174100.0
2012-02-17 00:00:00,120100.0
2012-02-17 01:00:00,74200.0
2012-02-17 02:00:00,71000.0
2012-02-17 03:00:00,67600.0
2012-02-17 04:00:00,64500.0
2012-02-17 05:00:00,61700.0
2012-02-17 06:00:00,58000.0
2012-02-17 07:00:00,56600.0
2012-02-17 08:00:00,61800.0
2012-02-17 09:00:00,96100.0
2012-02-17 10:00:00,133900.0
2012-02-17 11:00:00,144700.0
2012-02-17 12:00:00,162500.0
2012-02-17 13:00:00,188200.0
2012-02-17 14:00:00,195200.0
2012-02-17 15:00:00,182300.0
2012-02-17 16:00:00,183200.0
2012-02-17 17:00:00,193800.0
2012-02-17 18:00:00,199500.0
2012-02-17 19:00:00,216900.0
2012-02-17 20:00:00,191500.0
2012-02-17 21:00:00,183300.0
2012-02-17 22:00:00,190200.0
2012-02-17 23:00:00,173400.0
2012-02-18 00:00:00,135200.0
2012-02-18 01:00:00,110800.0
2012-02-18 02:00:00,98900.0
2012-02-18 03:00:00,78900.0
2012-02-18 04:00:00,64400.0
2012-02-18 05:00:00,58400.0
2012-02-18 06:00:00,54200.0
2012-02-18 07:00:00,54100.0
2012-02-18 08:00:00,60000.0
2012-02-18 09:00:00,94200.0
2012-02-18 10:00:00,136600.0
2012-02-18 11:00:00,145600.0
2012-02-18 12:00:00,170000.0
2012-02-18 13:00:00,176800.0
2012-02-18 14:00:00,193400.0
2012-02-18 15:00:00,190200.0
2012-02-18 16:00:00,187600.0
2012-02-18 17:00:00,196500.0
2012-02-18 18:00:00,206500.0
2012-02-18 19:00:00,225300.0
2012-02-18 20:00:00,203000.0
2012-02-18 21:00:00,189800.0
2012-02-18 22:00:00,184200.0
2012-02-18 23:00:00,176200.0
2012-02-19 00:00:00,137400.0
2012-02-19 01:00:00,112800.0
2012-02-19 02:00:00,107200.0
2012-02-19 03:00:00,95900.0
2012-02-19 04:00:00,62600.0
2012-02-19 05:00:00,58500.0
2012-02-19 06:00:00,53400.0
2012-02-19 07:00:00,55300.0
2012-02-19 08:00:00,59300.0
2012-02-19 09:00:00,93600.0
2012-02-19 10:00:00,131700.0
2012-02-19 11:00:00,144600.0
2012-02-19 12:00:00,157300.0
2012-02-19 13:00:00,173700.0
2012-02-19 14:00:00,163400.0
2012-02-19 15:00:00,173000.0
2012-02-19 16:00:00,174000.0
2012-02-19 17:00:00,176900.0
2012-02-19 18:00:00,189100.0
2012-02-19 19:00:00,209200.0
2012-02-19 20:00:00,192800.0
2012-02-19 21:00:00,182400.0
2012-02-19 22:00:00,181600.0
2012-02-19 23:00:00,174700.0
2012-02-20 00:00:00,121900.0
2012-02-20 01:00:00,71900.0
2012-02-20 02:00:00,69000.0
2012-02-20 03:00:00,66300.0
2012-02-20 04:00:00,61600.0
2012-02-20 05:00:00,58800.0
2012-02-20 06:00:00,52100.0
2012-02-20 07:00:00,53600.0
2012-02-20 08:00:00,58900.0
2012-02-20 09:00:00,95200.0
2012-02-20 10:00:00,137300.0
2012-02-20 11:00:00,145600.0
2012-02-20 12:00:00,163900.0
2012-02-20 13:00:00,173400.0
2012-02-20 14:00:00,162700.0
2012-02-20 15:00:00,175600.0
2012-02-20 16:00:00,175900.0
2012-02-20 17:00:00,183600.0
2012-02-20 18:00:00,183100.0
2012-02-20 19:00:00,209400.0
2012-02-20 20:00:00,195100.0
2012-02-20 21:00:00,183100.0
2012-02-20 22:00:00,188400.0
2012-02-20 23:00:00,170900.0
2012-02-21 00:00:00,122600.0
2012-02-21 01:00:00,74400.0
2012-02-21 02:00:00,72400.0
2012-02-21 03:00:00,68300.0
2012-02-21 04:00:00,64900.0
2012-02-21 05:00:00,56300.0
2012-02-21 06:00:00,55200.0
2012-02-21 07:00:00,56100.0
2012-02-21 08:00:00,59700.0
2012-02-21 09:00:00,93400.0
2012-02-21 10:00:00,138400.0
2012-02-21 11:00:00,147000.0
2012-02-21 12:00:00,156900.0
2012-02-21 13:00:00,162200.0
2012-02-21 14:00:00,229700.0
2012-02-21 15:00:00,192000.0
2012-02-21 16:00:00,198300.0
2012-02-21 17:00:00,199700.0
2012-02-21 18:00:00,202700.0
2012-02-21 19:00:00,225500.0
2012-02-21 20:00:00,191100.0
2012-02-21 21:00:00,187000.0
2012-02-21 22:00:00,189200.0
2012-02-21 23:00:00,164200.0
2012-02-22 00:00:00,117700.0
2012-02-22 01:00:00,71600.0
2012-02-22 02:00:00,68300.0
2012-02-22 03:00:00,67200.0
2012-02-22 04:00:00,62300.0
2012-02-22 05:00:00,57300.0
2012-02-22 06:00:00,52100.0
2012-02-22 07:00:00,53900.0
2012-02-22 08:00:00,58200.0
2012-02-22 09:00:00,95700.0
2012-02-22 10:00:00,139600.0
2012-02-22 11:00:00,152100.0
2012-02-22 12:00:00,186500.0
2012-02-22 13:00:00,196600.0
2012-02-22 14:00:00,192700.0
2012-02-22 15:00:00,192600.0
2012-02-22 16:00:00,194100.0
2012-02-22 17:00:00,187300.0
2012-02-22 18:00:00,207000.0
2012-02-22 19:00:00,222300.0
2012-02-22 20:00:00,211900.0
2012-02-22 21:00:00,214500.0
2012-02-22 22:00:00,191400.0
2012-02-22 23:00:00,177500.0
2012-02-23 00:00:00,121300.0
2012-02-23 01:00:00,71500.0
2012-02-23 02:00:00,65100.0
2012-02-23 03:00:00,66100.0
2012-02-23 04:00:00,61800.0
2012-02-23 05:00:00,59900.0
2012-02-23 06:00:00,54800.0
2012-02-23 07:00:00,55700.0
2012-02-23 08:00:00,60200.0
2012-02-23 09:00:00,99500.0
2012-02-23 10:00:00,137500.0
2012-02-23 11:00:00,149000.0
2012-02-23 12:00:00,159300.0
2012-02-23 13:00:00,162700.0
2012-02-23 14:00:00,189600.0
2012-02-23 15:00:00,198500.0
2012-02-23 16:00:00,196400.0
2012-02-23 17:00:00,201600.0
2012-02-23 18:00:00,210500.0
2012-02-23 19:00:00,218400.0
2012-02-23 20:00:00,193800.0
2012-02-23 21:00:00,185400.0
2012-02-23 22:00:00,191000.0
2012-02-23 23:00:00,175500.0
2012-02-24 00:00:00,122300.0
2012-02-24 01:00:00,68800.0
2012-02-24 02:00:00,68200.0
2012-02-24 03:00:00,65700.0
2012-02-24 04:00:00,61900.0
2012-02-24 05:00:00,58500.0
2012-02-24 06:00:00,53800.0
2012-02-24 07:00:00,54600.0
2012-02-24 08:00:00,58100.0
2012-02-24 09:00:00,96200.0
2012-02-24 10:00:00,140700.0
2012-02-24 11:00:00,147700.0
2012-02-24 12:00:00,182200.0
2012-02-24 13:00:00,196900.0
2012-02-24 14:00:00,193500.0
2012-02-24 15:00:00,190300.0
2012-02-24 16:00:00,195600.0
2012-02-24 17:00:00,195600.0
2012-02-24 18:00:00,204300.0
2012-02-24 19:00:00,212800.0
2012-02-24 20:00:00,224600.0
2012-02-24 21:00:00,212000.0
2012-02-24 22:00:00,183900.0
2012-02-24 23:00:00,177500.0
2012-02-25 00:00:00,133500.0
2012-02-25 01:00:00,106400.0
2012-02-25 02:00:00,93500.0
2012-02-25 03:00:00,73400.0
2012-02-25 04:00:00,57800.0
2012-02-25 05:00:00,55800.0
2012-02-25 06:00:00,51800.0
2012-02-25 07:00:00,50600.0
2012-02-25 08:00:00,56200.0
2012-02-25 09:00:00,93500.0
2012-02-25 10:00:00,136600.0
2012-02-25 11:00:00,148400.0
2012-02-25 12:00:00,178400.0
2012-02-25 13:00:00,195700.0
2012-02-25 14:00:00,191900.0
2012-02-25 15:00:00,185200.0
2012-02-25 16:00:00,198200.0
2012-02-25 17:00:00,196400.0
2012-02-25 18:00:00,206600.0
2012-02-25 19:00:00,233200.0
2012-02-25 20:00:00,197700.0
2012-02-25 21:00:00,190700.0
2012-02-25 22:00:00,191800.0
2012-02-25 23:00:00,175800.0
2012-02-26 00:00:00,134200.0
2012-02-26 01:00:00,110400.0
2012-02-26 02:00:00,106400.0
2012-02-26 03:00:00,92700.0
2012-02-26 04:00:00,58900.0
2012-02-26 05:00:00,57800.0
2012-02-26 06:00:00,52400.0
2012-02-26 07:00:00,52900.0
2012-02-26 08:00:00,57100.0
2012-02-26 09:00:00,93400.0
2012-02-26 10:00:00,135300.0
2012-02-26 11:00:00,151000.0
2012-02-26 12:00:00,180600.0
2012-02-26 13:00:00,198800.0
2012-02-26 14:00:00,197400.0
2012-02-26 15:00:00,199100.0
2012-02-26 16:00:00,194200.0
2012-02-26 17:00:00,198200.0
2012-02-26 18:00:00,203400.0
2012-02-26 19:00:00,225500.0
2012-02-26 20:00:00,202900.0
2012-02-26 21:00:00,190100.0
2012-02-26 22:00:00,189600.0
2012-02-26 23:00:00,175000.0
2012-02-27 00:00:00,123400.0
2012-02-27 01:00:00,75500.0
2012-02-27 02:00:00,71300.0
2012-02-27 03:00:00,68300.0
2012-02-27 04:00:00,64900.0
2012-02-27 05:00:00,59700.0
2012-02-27 06:00:00,55000.0
2012-02-27 07:00:00,57000.0
2012-02-27 08:00:00,62300.0
2012-02-27 09:00:00,94300.0
2012-02-27 10:00:00,137100.0
2012-02-27 11:00:00,152200.0
2012-02-27 12:00:00,182000.0
2012-02-27 13:00:00,198000.0
2012-02-27 14:00:00,193400.0
2012-02-27 15:00:00,188600.0
2012-02-27 16:00:00,198300.0
2012-02-27 17:00:00,195500.0
2012-02-27 18:00:00,203800.0
2012-02-27 19:00:00,222400.0
2012-02-27 20:00:00,215000.0
2012-02-27 21:00:00,219600.0
2012-02-27 22:00:00,221100.0
2012-02-27 23:00:00,174200.0
2012-02-28 00:00:00,121300.0
2012-02-28 01:00:00,72300.0
2012-02-28 02:00:00,67800.0
2012-02-28 03:00:00,65200.0
2012-02-28 04:00:00,62400.0
2012-02-28 05:00:00,57100.0
2012-02-28 06:00:00,53700.0
2012-02-28 07:00:00,53800.0
2012-02-28 08:00:00,59200.0
2012-02-28 09:00:00,95700.0
2012-02-28 10:00:00,136900.0
2012-02-28 11:00:00,150000.0
2012-02-28 12:00:00,178400.0
2012-02-28 13:00:00,194600.0
2012-02-28 14:00:00,197900.0
2012-02-28 15:00:00,187900.0
2012-02-28 16:00:00,195900.0
2012-02-28 17:00:00,199500.0
2012-02-28 18:00:00,203600.0
2012-02-28 19:00:00,225500.0
2012-02-28 20:00:00,200500.0
2012-02-28 21:00:00,185600.0
2012-02-28 22:00:00,191500.0
2012-02-28 23:00:00,166000.0
2012-02-29 00:00:00,118700.0
2012-02-29 01:00:00,73200.0
2012-02-29 02:00:00,68900.0
2012-02-29 03:00:00,65900.0
2012-02-29 04:00:00,61400.0
2012-02-29 05:00:00,58500.0
2012-02-29 06:00:00,54300.0
2012-02-29 07:00:00,54400.0
2012-02-29 08:00:00,58500.0
2012-02-29 09:00:00,96000.0
2012-02-29 10:00:00,141200.0
2012-02-29 11:00:00,152800.0
2012-02-29 12:00:00,193400.0
2012-02-29 13:00:00,201800.0
2012-02-29 14:00:00,194700.0
2012-02-29 15:00:00,188800.0
2012-02-29 16:00:00,203500.0
2012-02-29 17:00:00,196300.0
2012-02-29 18:00:00,206400.0
2012-02-29 19:00:00,219300.0
2012-02-29 20:00:00,186400.0
2012-02-29 21:00:00,190900.0
2012-02-29 22:00:00,189900.0
2012-02-29 23:00:00,175800.0
2012-03-01 00:00:00,115100.0
2012-03-01 01:00:00,67900.0
2012-03-01 02:00:00,65000.0
2012-03-01 03:00:00,62700.0
2012-03-01 04:00:00,60400.0
2012-03-01 05:00:00,57600.0
2012-03-01 06:00:00,52200.0
2012-03-01 07:00:00,51600.0
2012-03-01 08:00:00,56900.0
2012-03-01 09:00:00,97400.0
2012-03-01 10:00:00,140500.0
2012-03-01 11:00:00,148500.0
2012-03-01 12:00:00,180200.0
2012-03-01 13:00:00,189400.0
2012-03-01 14:00:00,186000.0
2012-03-01 15:00:00,190400.0
2012-03-01 16:00:00,185700.0
2012-03-01 17:00:00,193900.0
2012-03-01 18:00:00,206700.0
2012-03-01 19:00:00,222000.0
2012-03-01 20:00:00,212300.0
2012-03-01 21:00:00,210600.0
2012-03-01 22:00:00,195400.0
2012-03-01 23:00:00,170600.0
2012-03-02 00:00:00,118900.0
2012-03-02 01:00:00,70900.0
2012-03-02 02:00:00,69100.0
2012-03-02 03:00:00,67100.0
2012-03-02 04:00:00,62400.0
2012-03-02 05:00:00,58700.0
2012-03-02 06:00:00,53600.0
2012-03-02 07:00:00,54600.0
2012-03-02 08:00:00,59900.0
2012-03-02 09:00:00,97600.0
2012-03-02 10:00:00,141000.0
2012-03-02 11:00:00,153000.0
2012-03-02 12:00:00,186800.0
2012-03-02 13:00:00,194300.0
2012-03-02 14:00:00,193400.0
2012-03-02 15:00:00,193000.0
2012-03-02 16:00:00,197300.0
2012-03-02 17:00:00,193200.0
2012-03-02 18:00:00,193600.0
2012-03-02 19:00:00,218700.0
2012-03-02 20:00:00,212000.0
2012-03-02 21:00:00,183100.0
2012-03-02 22:00:00,190900.0
2012-03-02 23:00:00,167100.0
2012-03-03 00:00:00,134000.0
2012-03-03 01:00:00,108700.0
2012-03-03 02:00:00,95800.0
2012-03-03 03:00:00,75800.0
2012-03-03 04:00:00,61700.0
2012-03-03 05:00:00,57300.0
2012-03-03 06:00:00,53200.0
2012-03-03 07:00:00,52800.0
2012-03-03 08:00:00,57000.0
2012-03-03 09:00:00,93200.0
2012-03-03 10:00:00,137000.0
2012-03-03 11:00:00,148400.0
2012-03-03 12:00:00,162800.0
2012-03-03 13:00:00,184000.0
2012-03-03 14:00:00,190700.0
2012-03-03 15:00:00,190300.0
2012-03-03 16:00:00,191900.0
2012-03-03 17:00:00,191800.0
2012-03-03 18:00:00,207600.0
2012-03-03 19:00:00,230700.0
2012-03-03 20:00:00,221900.0
2012-03-03 21:00:00,216800.0
2012-03-03 22:00:00,219000.0
2012-03-03 23:00:00,206800.0
2012-03-04 00:00:00,141700.0
2012-03-04 01:00:00,109300.0
2012-03-04 02:00:00,107100.0
2012-03-04 03:00:00,95200.0
2012-03-04 04:00:00,62000.0
2012-03-04 05:00:00,57100.0
2012-03-04 06:00:00,53400.0
2012-03-04 07:00:00,53200.0
2012-03-04 08:00:00,58100.0
2012-03-04 09:00:00,94300.0
2012-03-04 10:00:00,136900.0
2012-03-04 11:00:00,148900.0
2012-03-04 12:00:00,182600.0
2012-03-04 13:00:00,188600.0
2012-03-04 14:00:00,196400.0
2012-03-04 15:00:00,203700.0
2012-03-04 16:00:00,200000.0
2012-03-04 17:00:00,199300.0
2012-03-04 18:00:00,210300.0
2012-03-04 19:00:00,242300.0
2012-03-04 20:00:00,224700.0
2012-03-04 21:00:00,220500.0
2012-03-04 22:00:00,229200.0
2012-03-04 23:00:00,197300.0
2012-03-05 00:00:00,128200.0
2012-03-05 01:00:00,72100.0
2012-03-05 02:00:00,67500.0
2012-03-05 03:00:00,65200.0
2012-03-05 04:00:00,61100.0
2012-03-05 05:00:00,57500.0
2012-03-05 06:00:00,53600.0
2012-03-05 07:00:00,46800.0
2012-03-05 08:00:00,44100.0
2012-03-05 09:00:00,94800.0
2012-03-05 10:00:00,151800.0
2012-03-05 11:00:00,193000.0
2012-03-05 12:00:00,189600.0
2012-03-05 13:00:00,195100.0
2012-03-05 14:00:00,199500.0
2012-03-05 15:00:00,200700.0
2012-03-05 16:00:00,204300.0
2012-03-05 17:00:00,200300.0
2012-03-05 18:00:00,204600.0
2012-03-05 19:00:00,232800.0
2012-03-05 20:00:00,223600.0
2012-03-05 21:00:00,219100.0
2012-03-05 22:00:00,189300.0
2012-03-05 23:00:00,173300.0
2012-03-06 00:00:00,119600.0
2012-03-06 01:00:00,74400.0
2012-03-06 02:00:00,71000.0
2012-03-06 03:00:00,67800.0
2012-03-06 04:00:00,62800.0
2012-03-06 05:00:00,57700.0
2012-03-06 06:00:00,53400.0
2012-03-06 07:00:00,53200.0
2012-03-06 08:00:00,60100.0
2012-03-06 09:00:00,96700.0
2012-03-06 10:00:00,142800.0
2012-03-06 11:00:00,163100.0
2012-03-06 12:00:00,192300.0
2012-03-06 13:00:00,198400.0
2012-03-06 14:00:00,198800.0
2012-03-06 15:00:00,199300.0
2012-03-06 16:00:00,197200.0
2012-03-06 17:00:00,198700.0
2012-03-06 18:00:00,210000.0
2012-03-06 19:00:00,231400.0
2012-03-06 20:00:00,217700.0
2012-03-06 21:00:00,216900.0
2012-03-06 22:00:00,227900.0
2012-03-06 23:00:00,202300.0
2012-03-07 00:00:00,132800.0
2012-03-07 01:00:00,81600.0
2012-03-07 02:00:00,69400.0
2012-03-07 03:00:00,65500.0
2012-03-07 04:00:00,60700.0
2012-03-07 05:00:00,57300.0
2012-03-07 06:00:00,52000.0
2012-03-07 07:00:00,52700.0
2012-03-07 08:00:00,60600.0
2012-03-07 09:00:00,96700.0
2012-03-07 10:00:00,139400.0
2012-03-07 11:00:00,169300.0
2012-03-07 12:00:00,196500.0
2012-03-07 13:00:00,189400.0
2012-03-07 14:00:00,196100.0
2012-03-07 15:00:00,188800.0
2012-03-07 16:00:00,192300.0
2012-03-07 17:00:00,197700.0
2012-03-07 18:00:00,196200.0
2012-03-07 19:00:00,226900.0
2012-03-07 20:00:00,215300.0
2012-03-07 21:00:00,212800.0
2012-03-07 22:00:00,223300.0
2012-03-07 23:00:00,200400.0
2012-03-08 00:00:00,134600.0
2012-03-08 01:00:00,80500.0
2012-03-08 02:00:00,83000.0
2012-03-08 03:00:00,77000.0
2012-03-08 04:00:00,69100.0
2012-03-08 05:00:00,58100.0
2012-03-08 06:00:00,53500.0
2012-03-08 07:00:00,55300.0
2012-03-08 08:00:00,62400.0
2012-03-08 09:00:00,98100.0
2012-03-08 10:00:00,144800.0
2012-03-08 11:00:00,157500.0
2012-03-08 12:00:00,157800.0
2012-03-08 13:00:00,207900.0
2012-03-08 14:00:00,220400.0
2012-03-08 15:00:00,212100.0
2012-03-08 16:00:00,211900.0
2012-03-08 17:00:00,221800.0
2012-03-08 18:00:00,215600.0
2012-03-08 19:00:00,233600.0
2012-03-08 20:00:00,217000.0
2012-03-08 21:00:00,231300.0
2012-03-08 22:00:00,226900.0
2012-03-08 23:00:00,172000.0
2012-03-09 00:00:00,119000.0
2012-03-09 01:00:00,72900.0
2012-03-09 02:00:00,69600.0
2012-03-09 03:00:00,67300.0
2012-03-09 04:00:00,62200.0
2012-03-09 05:00:00,59200.0
2012-03-09 06:00:00,53400.0
2012-03-09 07:00:00,53800.0
2012-03-09 08:00:00,59400.0
2012-03-09 09:00:00,96500.0
2012-03-09 10:00:00,127100.0
2012-03-09 11:00:00,203600.0
2012-03-09 12:00:00,200600.0
2012-03-09 13:00:00,196100.0
2012-03-09 14:00:00,197100.0
2012-03-09 15:00:00,186200.0
2012-03-09 16:00:00,200700.0
2012-03-09 17:00:00,195800.0
2012-03-09 18:00:00,196100.0
2012-03-09 19:00:00,228400.0
2012-03-09 20:00:00,222400.0
2012-03-09 21:00:00,213600.0
2012-03-09 22:00:00,193900.0
2012-03-09 23:00:00,174300.0
2012-03-10 00:00:00,134900.0
2012-03-10 01:00:00,112300.0
2012-03-10 02:00:00,98700.0
2012-03-10 03:00:00,79200.0
2012-03-10 04:00:00,63400.0
2012-03-10 05:00:00,56900.0
2012-03-10 06:00:00,53600.0
2012-03-10 07:00:00,54500.0
2012-03-10 08:00:00,60500.0
2012-03-10 09:00:00,95300.0
2012-03-10 10:00:00,142800.0
2012-03-10 11:00:00,173000.0
2012-03-10 12:00:00,188700.0
2012-03-10 13:00:00,187400.0
2012-03-10 14:00:00,194300.0
2012-03-10 15:00:00,197700.0
2012-03-10 16:00:00,202400.0
2012-03-10 17:00:00,207100.0
2012-03-10 18:00:00,197100.0
2012-03-10 19:00:00,234200.0
2012-03-10 20:00:00,224800.0
2012-03-10 21:00:00,229800.0
2012-03-10 22:00:00,226700.0
2012-03-10 23:00:00,209100.0
2012-03-11 00:00:00,150300.0
2012-03-11 01:00:00,109900.0
2012-03-11 02:00:00,108600.0
2012-03-11 03:00:00,94900.0
2012-03-11 04:00:00,62200.0
2012-03-11 05:00:00,59700.0
2012-03-11 06:00:00,54100.0
2012-03-11 07:00:00,52800.0
2012-03-11 08:00:00,58900.0
2012-03-11 09:00:00,95600.0
2012-03-11 10:00:00,139100.0
2012-03-11 11:00:00,177600.0
2012-03-11 12:00:00,202400.0
2012-03-11 13:00:00,186800.0
2012-03-11 14:00:00,201000.0
2012-03-11 15:00:00,209900.0
2012-03-11 16:00:00,197400.0
2012-03-11 17:00:00,208300.0
2012-03-11 18:00:00,198500.0
2012-03-11 19:00:00,229500.0
2012-03-11 20:00:00,232500.0
2012-03-11 21:00:00,217200.0
2012-03-11 22:00:00,200700.0
2012-03-11 23:00:00,176700.0
2012-03-12 00:00:00,116600.0
2012-03-12 01:00:00,71000.0
2012-03-12 02:00:00,68700.0
2012-03-12 03:00:00,64600.0
2012-03-12 04:00:00,62000.0
2012-03-12 05:00:00,57700.0
2012-03-12 06:00:00,52200.0
2012-03-12 07:00:00,52200.0
2012-03-12 08:00:00,59300.0
2012-03-12 09:00:00,96100.0
2012-03-12 10:00:00,146100.0
2012-03-12 11:00:00,163700.0
2012-03-12 12:00:00,204300.0
2012-03-12 13:00:00,198800.0
2012-03-12 14:00:00,202100.0
2012-03-12 15:00:00,206200.0
2012-03-12 16:00:00,216700.0
2012-03-12 17:00:00,199900.0
2012-03-12 18:00:00,209900.0
2012-03-12 19:00:00,228100.0
2012-03-12 20:00:00,226500.0
2012-03-12 21:00:00,234400.0
2012-03-12 22:00:00,228500.0
2012-03-12 23:00:00,211200.0
2012-03-13 00:00:00,134800.0
2012-03-13 01:00:00,81900.0
2012-03-13 02:00:00,69000.0
2012-03-13 03:00:00,64900.0
2012-03-13 04:00:00,62200.0
2012-03-13 05:00:00,60500.0
2012-03-13 06:00:00,53600.0
2012-03-13 07:00:00,54400.0
2012-03-13 08:00:00,59700.0
2012-03-13 09:00:00,96600.0
2012-03-13 10:00:00,198100.0
2012-03-13 11:00:00,202000.0
2012-03-13 12:00:00,210300.0
2012-03-13 13:00:00,219100.0
2012-03-13 14:00:00,229000.0
2012-03-13 15:00:00,215200.0
2012-03-13 16:00:00,215500.0
2012-03-13 17:00:00,211400.0
2012-03-13 18:00:00,209800.0
2012-03-13 19:00:00,231000.0
2012-03-13 20:00:00,225400.0
2012-03-13 21:00:00,234600.0
2012-03-13 22:00:00,234900.0
2012-03-13 23:00:00,206200.0
2012-03-14 00:00:00,132300.0
2012-03-14 01:00:00,76100.0
2012-03-14 02:00:00,66000.0
2012-03-14 03:00:00,64800.0
2012-03-14 04:00:00,62300.0
2012-03-14 05:00:00,59000.0
2012-03-14 06:00:00,54600.0
2012-03-14 07:00:00,50900.0
2012-03-14 08:00:00,57500.0
2012-03-14 09:00:00,94700.0
2012-03-14 10:00:00,148900.0
2012-03-14 11:00:00,188000.0
2012-03-14 12:00:00,204000.0
2012-03-14 13:00:00,202700.0
2012-03-14 14:00:00,208400.0
2012-03-14 15:00:00,207100.0
2012-03-14 16:00:00,208500.0
2012-03-14 17:00:00,202900.0
2012-03-14 18:00:00,211100.0
2012-03-14 19:00:00,230700.0
2012-03-14 20:00:00,203500.0
2012-03-14 21:00:00,198500.0
2012-03-14 22:00:00,194600.0
2012-03-14 23:00:00,182700.0
2012-03-15 00:00:00,114300.0
2012-03-15 01:00:00,67200.0
2012-03-15 02:00:00,64300.0
2012-03-15 03:00:00,61400.0
2012-03-15 04:00:00,59200.0
2012-03-15 05:00:00,56700.0
2012-03-15 06:00:00,51900.0
2012-03-15 07:00:00,52400.0
2012-03-15 08:00:00,59200.0
2012-03-15 09:00:00,95100.0
2012-03-15 10:00:00,149700.0
2012-03-15 11:00:00,179800.0
2012-03-15 12:00:00,197500.0
2012-03-15 13:00:00,204100.0
2012-03-15 14:00:00,204100.0
2012-03-15 15:00:00,204200.0
2012-03-15 16:00:00,207700.0
2012-03-15 17:00:00,207000.0
2012-03-15 18:00:00,213200.0
2012-03-15 19:00:00,229600.0
2012-03-15 20:00:00,229700.0
2012-03-15 21:00:00,222200.0
2012-03-15 22:00:00,202900.0
2012-03-15 23:00:00,180200.0
2012-03-16 00:00:00,116000.0
2012-03-16 01:00:00,68800.0
2012-03-16 02:00:00,66200.0
2012-03-16 03:00:00,64900.0
2012-03-16 04:00:00,59300.0
2012-03-16 05:00:00,57800.0
2012-03-16 06:00:00,53000.0
2012-03-16 07:00:00,50500.0
2012-03-16 08:00:00,61000.0
2012-03-16 09:00:00,98900.0
2012-03-16 10:00:00,153100.0
2012-03-16 11:00:00,183500.0
2012-03-16 12:00:00,205900.0
2012-03-16 13:00:00,199600.0
2012-03-16 14:00:00,200400.0
2012-03-16 15:00:00,199800.0
2012-03-16 16:00:00,200700.0
2012-03-16 17:00:00,203100.0
2012-03-16 18:00:00,200000.0
2012-03-16 19:00:00,234700.0
2012-03-16 20:00:00,219800.0
2012-03-16 21:00:00,218900.0
2012-03-16 22:00:00,229200.0
2012-03-16 23:00:00,203900.0
2012-03-17 00:00:00,152400.0
2012-03-17 01:00:00,112300.0
2012-03-17 02:00:00,96200.0
2012-03-17 03:00:00,73200.0
2012-03-17 04:00:00,57100.0
2012-03-17 05:00:00,55100.0
2012-03-17 06:00:00,51700.0
2012-03-17 07:00:00,48700.0
2012-03-17 08:00:00,56900.0
2012-03-17 09:00:00,95800.0
2012-03-17 10:00:00,147600.0
2012-03-17 11:00:00,181300.0
2012-03-17 12:00:00,196600.0
2012-03-17 13:00:00,197700.0
2012-03-17 14:00:00,192200.0
2012-03-17 15:00:00,201000.0
2012-03-17 16:00:00,200400.0
2012-03-17 17:00:00,205400.0
2012-03-17 18:00:00,204500.0
2012-03-17 19:00:00,228000.0
2012-03-17 20:00:00,228300.0
2012-03-17 21:00:00,225600.0
2012-03-17 22:00:00,208500.0
2012-03-17 23:00:00,179700.0
2012-03-18 00:00:00,133300.0
2012-03-18 01:00:00,105600.0
2012-03-18 02:00:00,104200.0
2012-03-18 03:00:00,90900.0
2012-03-18 04:00:00,57300.0
2012-03-18 05:00:00,56500.0
2012-03-18 06:00:00,51800.0
2012-03-18 07:00:00,48100.0
2012-03-18 08:00:00,56500.0
2012-03-18 09:00:00,94100.0
2012-03-18 10:00:00,143400.0
2012-03-18 11:00:00,179000.0
2012-03-18 12:00:00,190500.0
2012-03-18 13:00:00,190200.0
2012-03-18 14:00:00,196100.0
2012-03-18 15:00:00,193300.0
2012-03-18 16:00:00,197500.0
2012-03-18 17:00:00,195400.0
2012-03-18 18:00:00,197300.0
2012-03-18 19:00:00,223700.0
2012-03-18 20:00:00,216600.0
2012-03-18 21:00:00,227300.0
2012-03-18 22:00:00,186900.0
2012-03-18 23:00:00,177000.0
2012-03-19 00:00:00,120100.0
2012-03-19 01:00:00,67000.0
2012-03-19 02:00:00,64900.0
2012-03-19 03:00:00,62400.0
2012-03-19 04:00:00,58300.0
2012-03-19 05:00:00,55800.0
2012-03-19 06:00:00,51500.0
2012-03-19 07:00:00,48400.0
2012-03-19 08:00:00,57700.0
2012-03-19 09:00:00,95800.0
2012-03-19 10:00:00,142200.0
2012-03-19 11:00:00,160200.0
2012-03-19 12:00:00,191100.0
2012-03-19 13:00:00,188800.0
2012-03-19 14:00:00,197200.0
2012-03-19 15:00:00,189100.0
2012-03-19 16:00:00,194700.0
2012-03-19 17:00:00,195600.0
2012-03-19 18:00:00,188900.0
2012-03-19 19:00:00,220600.0
2012-03-19 20:00:00,214100.0
2012-03-19 21:00:00,218600.0
2012-03-19 22:00:00,196300.0
2012-03-19 23:00:00,174000.0
2012-03-20 00:00:00,117000.0
2012-03-20 01:00:00,68900.0
2012-03-20 02:00:00,69900.0
2012-03-20 03:00:00,65000.0
2012-03-20 04:00:00,62100.0
2012-03-20 05:00:00,58200.0
2012-03-20 06:00:00,54500.0
2012-03-20 07:00:00,50500.0
2012-03-20 08:00:00,57000.0
2012-03-20 09:00:00,95000.0
2012-03-20 10:00:00,141800.0
2012-03-20 11:00:00,180800.0
2012-03-20 12:00:00,200100.0
2012-03-20 13:00:00,187300.0
2012-03-20 14:00:00,196000.0
2012-03-20 15:00:00,204100.0
2012-03-20 16:00:00,202600.0
2012-03-20 17:00:00,196600.0
2012-03-20 18:00:00,209900.0
2012-03-20 19:00:00,223500.0
2012-03-20 20:00:00,220700.0
2012-03-20 21:00:00,220500.0
2012-03-20 22:00:00,217900.0
2012-03-20 23:00:00,170600.0
2012-03-21 00:00:00,115200.0
2012-03-21 01:00:00,68200.0
2012-03-21 02:00:00,66500.0
2012-03-21 03:00:00,64300.0
2012-03-21 04:00:00,61900.0
2012-03-21 05:00:00,61200.0
2012-03-21 06:00:00,56400.0
2012-03-21 07:00:00,52900.0
2012-03-21 08:00:00,61700.0
2012-03-21 09:00:00,98300.0
2012-03-21 10:00:00,144400.0
2012-03-21 11:00:00,181900.0
2012-03-21 12:00:00,198200.0
2012-03-21 13:00:00,190000.0
2012-03-21 14:00:00,192900.0
2012-03-21 15:00:00,194300.0
2012-03-21 16:00:00,195600.0
2012-03-21 17:00:00,200600.0
2012-03-21 18:00:00,200900.0
2012-03-21 19:00:00,219100.0
2012-03-21 20:00:00,216600.0
2012-03-21 21:00:00,216400.0
2012-03-21 22:00:00,188400.0
2012-03-21 23:00:00,174600.0
2012-03-22 00:00:00,116900.0
2012-03-22 01:00:00,69300.0
2012-03-22 02:00:00,65000.0
2012-03-22 03:00:00,62300.0
2012-03-22 04:00:00,58100.0
2012-03-22 05:00:00,57100.0
2012-03-22 06:00:00,51900.0
2012-03-22 07:00:00,48700.0
2012-03-22 08:00:00,58000.0
2012-03-22 09:00:00,96100.0
2012-03-22 10:00:00,145500.0
2012-03-22 11:00:00,188300.0
2012-03-22 12:00:00,199100.0
2012-03-22 13:00:00,193700.0
2012-03-22 14:00:00,198000.0
2012-03-22 15:00:00,204000.0
2012-03-22 16:00:00,200400.0
2012-03-22 17:00:00,196100.0
2012-03-22 18:00:00,196900.0
2012-03-22 19:00:00,227200.0
2012-03-22 20:00:00,220100.0
2012-03-22 21:00:00,219900.0
2012-03-22 22:00:00,198600.0
2012-03-22 23:00:00,171900.0
2012-03-23 00:00:00,117000.0
2012-03-23 01:00:00,69800.0
2012-03-23 02:00:00,66200.0
2012-03-23 03:00:00,63400.0
2012-03-23 04:00:00,63400.0
2012-03-23 05:00:00,60400.0
2012-03-23 06:00:00,55200.0
2012-03-23 07:00:00,51700.0
2012-03-23 08:00:00,59400.0
2012-03-23 09:00:00,97400.0
2012-03-23 10:00:00,146700.0
2012-03-23 11:00:00,196200.0
2012-03-23 12:00:00,206700.0
2012-03-23 13:00:00,206100.0
2012-03-23 14:00:00,206400.0
2012-03-23 15:00:00,199000.0
2012-03-23 16:00:00,215400.0
2012-03-23 17:00:00,211800.0
2012-03-23 18:00:00,221500.0
2012-03-23 19:00:00,236300.0
2012-03-23 20:00:00,230700.0
2012-03-23 21:00:00,235300.0
2012-03-23 22:00:00,221300.0
2012-03-23 23:00:00,181500.0
2012-03-24 00:00:00,128700.0
2012-03-24 01:00:00,104200.0
2012-03-24 02:00:00,94100.0
2012-03-24 03:00:00,73900.0
2012-03-24 04:00:00,59900.0
2012-03-24 05:00:00,59600.0
2012-03-24 06:00:00,54600.0
2012-03-24 07:00:00,53900.0
2012-03-24 08:00:00,61000.0
2012-03-24 09:00:00,95800.0
2012-03-24 10:00:00,148200.0
2012-03-24 11:00:00,188300.0
2012-03-24 12:00:00,210400.0
2012-03-24 13:00:00,202900.0
2012-03-24 14:00:00,210000.0
2012-03-24 15:00:00,199100.0
2012-03-24 16:00:00,196100.0
2012-03-24 17:00:00,205300.0
2012-03-24 18:00:00,208100.0
2012-03-24 19:00:00,239800.0
2012-03-24 20:00:00,233400.0
2012-03-24 21:00:00,236200.0
2012-03-24 22:00:00,200500.0
2012-03-24 23:00:00,176500.0
2012-03-25 00:00:00,130300.0
2012-03-25 01:00:00,0.0
2012-03-25 02:00:00,106900.0
2012-03-25 03:00:00,93500.0
2012-03-25 04:00:00,58800.0
2012-03-25 05:00:00,57300.0
2012-03-25 06:00:00,52100.0
2012-03-25 07:00:00,50800.0
2012-03-25 08:00:00,57600.0
2012-03-25 09:00:00,92300.0
2012-03-25 10:00:00,142900.0
2012-03-25 11:00:00,195600.0
2012-03-25 12:00:00,205000.0
2012-03-25 13:00:00,199000.0
2012-03-25 14:00:00,210300.0
2012-03-25 15:00:00,215600.0
2012-03-25 16:00:00,209400.0
2012-03-25 17:00:00,222400.0
2012-03-25 18:00:00,225800.0
2012-03-25 19:00:00,210200.0
2012-03-25 20:00:00,240600.0
2012-03-25 21:00:00,240600.0
2012-03-25 22:00:00,216200.0
2012-03-25 23:00:00,181000.0
2012-03-26 00:00:00,118700.0
2012-03-26 01:00:00,69900.0
2012-03-26 02:00:00,66500.0
2012-03-26 03:00:00,62400.0
2012-03-26 04:00:00,59200.0
2012-03-26 05:00:00,58800.0
2012-03-26 06:00:00,55300.0
2012-03-26 07:00:00,54800.0
2012-03-26 08:00:00,61400.0
2012-03-26 09:00:00,97400.0
2012-03-26 10:00:00,156100.0
2012-03-26 11:00:00,190500.0
2012-03-26 12:00:00,217200.0
2012-03-26 13:00:00,213900.0
2012-03-26 14:00:00,227800.0
2012-03-26 15:00:00,214900.0
2012-03-26 16:00:00,217300.0
2012-03-26 17:00:00,227400.0
2012-03-26 18:00:00,212000.0
2012-03-26 19:00:00,211600.0
2012-03-26 20:00:00,238700.0
2012-03-26 21:00:00,235400.0
2012-03-26 22:00:00,231500.0
2012-03-26 23:00:00,215200.0
2012-03-27 00:00:00,139200.0
2012-03-27 01:00:00,75300.0
2012-03-27 02:00:00,65400.0
2012-03-27 03:00:00,63500.0
2012-03-27 04:00:00,61000.0
2012-03-27 05:00:00,57600.0
2012-03-27 06:00:00,53600.0
2012-03-27 07:00:00,52700.0
2012-03-27 08:00:00,60100.0
2012-03-27 09:00:00,97600.0
2012-03-27 10:00:00,153700.0
2012-03-27 11:00:00,204200.0
2012-03-27 12:00:00,223300.0
2012-03-27 13:00:00,227400.0
2012-03-27 14:00:00,232500.0
2012-03-27 15:00:00,226800.0
2012-03-27 16:00:00,225100.0
2012-03-27 17:00:00,227500.0
2012-03-27 18:00:00,216800.0
2012-03-27 19:00:00,219400.0
2012-03-27 20:00:00,241700.0
2012-03-27 21:00:00,234000.0
2012-03-27 22:00:00,203300.0
2012-03-27 23:00:00,178200.0
2012-03-28 00:00:00,118000.0
2012-03-28 01:00:00,70100.0
2012-03-28 02:00:00,64700.0
2012-03-28 03:00:00,62200.0
2012-03-28 04:00:00,59700.0
2012-03-28 05:00:00,64700.0
2012-03-28 06:00:00,59400.0
2012-03-28 07:00:00,58800.0
2012-03-28 08:00:00,64600.0
2012-03-28 09:00:00,99700.0
2012-03-28 10:00:00,150500.0
2012-03-28 11:00:00,206300.0
2012-03-28 12:00:00,212200.0
2012-03-28 13:00:00,208900.0
2012-03-28 14:00:00,235300.0
2012-03-28 15:00:00,219400.0
2012-03-28 16:00:00,229100.0
2012-03-28 17:00:00,236900.0
2012-03-28 18:00:00,225400.0
2012-03-28 19:00:00,216200.0
2012-03-28 20:00:00,238300.0
2012-03-28 21:00:00,242700.0
2012-03-28 22:00:00,210600.0
2012-03-28 23:00:00,188200.0
2012-03-29 00:00:00,117700.0
2012-03-29 01:00:00,68500.0
2012-03-29 02:00:00,64300.0
2012-03-29 03:00:00,63700.0
2012-03-29 04:00:00,58800.0
2012-03-29 05:00:00,57900.0
2012-03-29 06:00:00,52400.0
2012-03-29 07:00:00,52200.0
2012-03-29 08:00:00,60800.0
2012-03-29 09:00:00,98200.0
2012-03-29 10:00:00,151300.0
2012-03-29 11:00:00,208300.0
2012-03-29 12:00:00,221200.0
2012-03-29 13:00:00,220400.0
2012-03-29 14:00:00,221600.0
2012-03-29 15:00:00,220200.0
2012-03-29 16:00:00,214600.0
2012-03-29 17:00:00,215200.0
2012-03-29 18:00:00,213400.0
2012-03-29 19:00:00,223700.0
2012-03-29 20:00:00,241400.0
2012-03-29 21:00:00,242700.0
2012-03-29 22:00:00,216000.0
2012-03-29 23:00:00,183800.0
2012-03-30 00:00:00,119100.0
2012-03-30 01:00:00,76900.0
2012-03-30 02:00:00,69700.0
2012-03-30 03:00:00,65100.0
2012-03-30 04:00:00,63000.0
2012-03-30 05:00:00,59400.0
2012-03-30 06:00:00,52500.0
2012-03-30 07:00:00,52000.0
2012-03-30 08:00:00,59900.0
2012-03-30 09:00:00,101700.0
2012-03-30 10:00:00,156700.0
2012-03-30 11:00:00,155000.0
2012-03-30 12:00:00,199500.0
2012-03-30 13:00:00,203700.0
2012-03-30 14:00:00,204500.0
2012-03-30 15:00:00,207100.0
2012-03-30 16:00:00,225000.0
2012-03-30 17:00:00,213000.0
2012-03-30 18:00:00,208000.0
2012-03-30 19:00:00,209800.0
2012-03-30 20:00:00,231200.0
2012-03-30 21:00:00,209100.0
2012-03-30 22:00:00,199800.0
2012-03-30 23:00:00,175100.0
2012-03-31 00:00:00,131200.0
2012-03-31 01:00:00,106000.0
2012-03-31 02:00:00,93700.0
2012-03-31 03:00:00,74400.0
2012-03-31 04:00:00,58900.0
2012-03-31 05:00:00,57900.0
2012-03-31 06:00:00,51500.0
2012-03-31 07:00:00,50700.0
2012-03-31 08:00:00,56900.0
2012-03-31 09:00:00,91900.0
2012-03-31 10:00:00,146300.0
2012-03-31 11:00:00,164000.0
2012-03-31 12:00:00,192800.0
2012-03-31 13:00:00,201400.0
2012-03-31 14:00:00,208300.0
2012-03-31 15:00:00,219000.0
2012-03-31 16:00:00,209100.0
2012-03-31 17:00:00,217300.0
2012-03-31 18:00:00,219500.0
2012-03-31 19:00:00,234300.0
2012-03-31 20:00:00,237500.0
2012-03-31 21:00:00,239100.0
2012-03-31 22:00:00,235900.0
2012-03-31 23:00:00,217500.0
2012-04-01 00:00:00,150700.0
2012-04-01 01:00:00,110600.0
2012-04-01 02:00:00,103400.0
2012-04-01 03:00:00,91500.0
2012-04-01 04:00:00,61300.0
2012-04-01 05:00:00,57800.0
2012-04-01 06:00:00,51600.0
2012-04-01 07:00:00,50900.0
2012-04-01 08:00:00,56700.0
2012-04-01 09:00:00,92700.0
2012-04-01 10:00:00,143600.0
2012-04-01 11:00:00,190800.0
2012-04-01 12:00:00,203400.0
2012-04-01 13:00:00,198100.0
2012-04-01 14:00:00,199700.0
2012-04-01 15:00:00,209800.0
2012-04-01 16:00:00,212500.0
2012-04-01 17:00:00,221500.0
2012-04-01 18:00:00,221400.0
2012-04-01 19:00:00,209100.0
2012-04-01 20:00:00,256600.0
2012-04-01 21:00:00,237800.0
2012-04-01 22:00:00,207500.0
2012-04-01 23:00:00,181000.0
2012-04-02 00:00:00,117300.0
2012-04-02 01:00:00,70500.0
2012-04-02 02:00:00,65900.0
2012-04-02 03:00:00,63400.0
2012-04-02 04:00:00,60700.0
2012-04-02 05:00:00,57900.0
2012-04-02 06:00:00,52000.0
2012-04-02 07:00:00,46100.0
2012-04-02 08:00:00,44100.0
2012-04-02 09:00:00,96200.0
2012-04-02 10:00:00,146400.0
2012-04-02 11:00:00,178700.0
2012-04-02 12:00:00,214300.0
2012-04-02 13:00:00,210400.0
2012-04-02 14:00:00,216000.0
2012-04-02 15:00:00,207300.0
2012-04-02 16:00:00,221800.0
2012-04-02 17:00:00,214900.0
2012-04-02 18:00:00,227100.0
2012-04-02 19:00:00,221500.0
2012-04-02 20:00:00,230800.0
2012-04-02 21:00:00,243200.0
2012-04-02 22:00:00,202100.0
2012-04-02 23:00:00,175700.0
2012-04-03 00:00:00,117700.0
2012-04-03 01:00:00,68600.0
2012-04-03 02:00:00,64700.0
2012-04-03 03:00:00,62100.0
2012-04-03 04:00:00,58400.0
2012-04-03 05:00:00,55600.0
2012-04-03 06:00:00,51900.0
2012-04-03 07:00:00,51200.0
2012-04-03 08:00:00,58700.0
2012-04-03 09:00:00,95500.0
2012-04-03 10:00:00,147000.0
2012-04-03 11:00:00,173700.0
2012-04-03 12:00:00,224500.0
2012-04-03 13:00:00,209200.0
2012-04-03 14:00:00,207200.0
2012-04-03 15:00:00,214300.0
2012-04-03 16:00:00,205900.0
2012-04-03 17:00:00,212400.0
2012-04-03 18:00:00,220200.0
2012-04-03 19:00:00,206000.0
2012-04-03 20:00:00,228600.0
2012-04-03 21:00:00,241500.0
2012-04-03 22:00:00,237800.0
2012-04-03 23:00:00,211700.0
2012-04-04 00:00:00,120700.0
2012-04-04 01:00:00,69500.0
2012-04-04 02:00:00,66100.0
2012-04-04 03:00:00,64100.0
2012-04-04 04:00:00,60300.0
2012-04-04 05:00:00,58500.0
2012-04-04 06:00:00,53200.0
2012-04-04 07:00:00,52800.0
2012-04-04 08:00:00,59700.0
2012-04-04 09:00:00,96400.0
2012-04-04 10:00:00,154700.0
2012-04-04 11:00:00,193100.0
2012-04-04 12:00:00,208000.0
2012-04-04 13:00:00,201800.0
2012-04-04 14:00:00,206700.0
2012-04-04 15:00:00,212200.0
2012-04-04 16:00:00,197300.0
2012-04-04 17:00:00,206700.0
2012-04-04 18:00:00,212100.0
2012-04-04 19:00:00,202000.0
2012-04-04 20:00:00,221700.0
2012-04-04 21:00:00,239800.0
2012-04-04 22:00:00,220200.0
2012-04-04 23:00:00,176100.0
2012-04-05 00:00:00,119500.0
2012-04-05 01:00:00,73600.0
2012-04-05 02:00:00,68800.0
2012-04-05 03:00:00,65800.0
2012-04-05 04:00:00,61900.0
2012-04-05 05:00:00,60200.0
2012-04-05 06:00:00,54200.0
2012-04-05 07:00:00,53700.0
2012-04-05 08:00:00,60000.0
2012-04-05 09:00:00,98100.0
2012-04-05 10:00:00,145100.0
2012-04-05 11:00:00,186800.0
2012-04-05 12:00:00,201600.0
2012-04-05 13:00:00,204300.0
2012-04-05 14:00:00,215200.0
2012-04-05 15:00:00,197100.0
2012-04-05 16:00:00,202900.0
2012-04-05 17:00:00,208800.0
2012-04-05 18:00:00,206900.0
2012-04-05 19:00:00,199700.0
2012-04-05 20:00:00,222800.0
2012-04-05 21:00:00,235600.0
2012-04-05 22:00:00,221300.0
2012-04-05 23:00:00,179600.0
2012-04-06 00:00:00,124500.0
2012-04-06 01:00:00,73600.0
2012-04-06 02:00:00,70000.0
2012-04-06 03:00:00,65800.0
2012-04-06 04:00:00,62000.0
2012-04-06 05:00:00,62600.0
2012-04-06 06:00:00,57000.0
2012-04-06 07:00:00,54900.0
2012-04-06 08:00:00,59000.0
2012-04-06 09:00:00,94200.0
2012-04-06 10:00:00,142200.0
2012-04-06 11:00:00,185500.0
2012-04-06 12:00:00,210500.0
2012-04-06 13:00:00,206000.0
2012-04-06 14:00:00,212000.0
2012-04-06 15:00:00,202200.0
2012-04-06 16:00:00,218400.0
2012-04-06 17:00:00,217900.0
2012-04-06 18:00:00,213900.0
2012-04-06 19:00:00,216300.0
2012-04-06 20:00:00,228100.0
2012-04-06 21:00:00,236500.0
2012-04-06 22:00:00,219100.0
2012-04-06 23:00:00,180000.0
2012-04-07 00:00:00,134900.0
2012-04-07 01:00:00,109700.0
2012-04-07 02:00:00,96300.0
2012-04-07 03:00:00,77200.0
2012-04-07 04:00:00,62600.0
2012-04-07 05:00:00,60400.0
2012-04-07 06:00:00,52700.0
2012-04-07 07:00:00,52900.0
2012-04-07 08:00:00,56800.0
2012-04-07 09:00:00,92600.0
2012-04-07 10:00:00,144800.0
2012-04-07 11:00:00,195500.0
2012-04-07 12:00:00,206500.0
2012-04-07 13:00:00,212700.0
2012-04-07 14:00:00,210000.0
2012-04-07 15:00:00,213100.0
2012-04-07 16:00:00,217000.0
2012-04-07 17:00:00,204400.0
2012-04-07 18:00:00,218100.0
2012-04-07 19:00:00,209600.0
2012-04-07 20:00:00,222300.0
2012-04-07 21:00:00,246000.0
2012-04-07 22:00:00,240900.0
2012-04-07 23:00:00,218300.0
2012-04-08 00:00:00,153300.0
2012-04-08 01:00:00,118800.0
2012-04-08 02:00:00,116600.0
2012-04-08 03:00:00,103800.0
2012-04-08 04:00:00,66100.0
2012-04-08 05:00:00,57500.0
2012-04-08 06:00:00,51600.0
2012-04-08 07:00:00,51800.0
2012-04-08 08:00:00,57700.0
2012-04-08 09:00:00,96500.0
2012-04-08 10:00:00,152900.0
2012-04-08 11:00:00,191200.0
2012-04-08 12:00:00,206100.0
2012-04-08 13:00:00,217300.0
2012-04-08 14:00:00,207900.0
2012-04-08 15:00:00,202600.0
2012-04-08 16:00:00,223700.0
2012-04-08 17:00:00,215900.0
2012-04-08 18:00:00,219100.0
2012-04-08 19:00:00,220900.0
2012-04-08 20:00:00,230900.0
2012-04-08 21:00:00,245300.0
2012-04-08 22:00:00,235900.0
2012-04-08 23:00:00,214600.0
2012-04-09 00:00:00,143800.0
2012-04-09 01:00:00,85600.0
2012-04-09 02:00:00,80400.0
2012-04-09 03:00:00,79400.0
2012-04-09 04:00:00,62200.0
2012-04-09 05:00:00,60200.0
2012-04-09 06:00:00,56000.0
2012-04-09 07:00:00,51500.0
2012-04-09 08:00:00,57700.0
2012-04-09 09:00:00,97800.0
2012-04-09 10:00:00,157600.0
2012-04-09 11:00:00,171100.0
2012-04-09 12:00:00,231400.0
2012-04-09 13:00:00,231400.0
2012-04-09 14:00:00,212200.0
2012-04-09 15:00:00,232000.0
2012-04-09 16:00:00,234700.0
2012-04-09 17:00:00,238100.0
2012-04-09 18:00:00,235000.0
2012-04-09 19:00:00,229000.0
2012-04-09 20:00:00,244600.0
2012-04-09 21:00:00,250200.0
2012-04-09 22:00:00,246700.0
2012-04-09 23:00:00,216200.0
2012-04-10 00:00:00,141100.0
2012-04-10 01:00:00,87300.0
2012-04-10 02:00:00,82700.0
2012-04-10 03:00:00,76600.0
2012-04-10 04:00:00,63500.0
2012-04-10 05:00:00,59500.0
2012-04-10 06:00:00,53500.0
2012-04-10 07:00:00,55200.0
2012-04-10 08:00:00,60300.0
2012-04-10 09:00:00,96200.0
2012-04-10 10:00:00,148700.0
2012-04-10 11:00:00,171200.0
2012-04-10 12:00:00,188500.0
2012-04-10 13:00:00,209700.0
2012-04-10 14:00:00,201800.0
2012-04-10 15:00:00,217500.0
2012-04-10 16:00:00,224700.0
2012-04-10 17:00:00,229700.0
2012-04-10 18:00:00,217300.0
2012-04-10 19:00:00,229300.0
2012-04-10 20:00:00,232600.0
2012-04-10 21:00:00,231700.0
2012-04-10 22:00:00,250800.0
2012-04-10 23:00:00,212300.0
2012-04-11 00:00:00,136900.0
2012-04-11 01:00:00,82400.0
2012-04-11 02:00:00,80100.0
2012-04-11 03:00:00,78300.0
2012-04-11 04:00:00,71000.0
2012-04-11 05:00:00,58600.0
2012-04-11 06:00:00,53200.0
2012-04-11 07:00:00,53000.0
2012-04-11 08:00:00,60000.0
2012-04-11 09:00:00,100500.0
2012-04-11 10:00:00,160200.0
2012-04-11 11:00:00,165200.0
2012-04-11 12:00:00,229100.0
2012-04-11 13:00:00,215700.0
2012-04-11 14:00:00,208100.0
2012-04-11 15:00:00,208700.0
2012-04-11 16:00:00,221600.0
2012-04-11 17:00:00,218900.0
2012-04-11 18:00:00,215500.0
2012-04-11 19:00:00,197900.0
2012-04-11 20:00:00,232500.0
2012-04-11 21:00:00,234100.0
2012-04-11 22:00:00,198000.0
2012-04-11 23:00:00,177100.0
2012-04-12 00:00:00,117200.0
2012-04-12 01:00:00,74800.0
2012-04-12 02:00:00,70300.0
2012-04-12 03:00:00,69200.0
2012-04-12 04:00:00,66800.0
2012-04-12 05:00:00,62300.0
2012-04-12 06:00:00,55100.0
2012-04-12 07:00:00,58200.0
2012-04-12 08:00:00,62300.0
2012-04-12 09:00:00,96600.0
2012-04-12 10:00:00,150000.0
2012-04-12 11:00:00,163700.0
2012-04-12 12:00:00,224600.0
2012-04-12 13:00:00,204800.0
2012-04-12 14:00:00,201000.0
2012-04-12 15:00:00,204500.0
2012-04-12 16:00:00,211700.0
2012-04-12 17:00:00,211000.0
2012-04-12 18:00:00,216300.0
2012-04-12 19:00:00,220000.0
2012-04-12 20:00:00,219800.0
2012-04-12 21:00:00,232300.0
2012-04-12 22:00:00,233600.0
2012-04-12 23:00:00,212900.0
2012-04-13 00:00:00,140800.0
2012-04-13 01:00:00,71000.0
2012-04-13 02:00:00,68300.0
2012-04-13 03:00:00,64800.0
2012-04-13 04:00:00,63300.0
2012-04-13 05:00:00,60500.0
2012-04-13 06:00:00,57000.0
2012-04-13 07:00:00,54800.0
2012-04-13 08:00:00,61700.0
2012-04-13 09:00:00,98700.0
2012-04-13 10:00:00,147800.0
2012-04-13 11:00:00,164500.0
2012-04-13 12:00:00,188000.0
2012-04-13 13:00:00,199800.0
2012-04-13 14:00:00,219600.0
2012-04-13 15:00:00,217500.0
2012-04-13 16:00:00,220400.0
2012-04-13 17:00:00,213000.0
2012-04-13 18:00:00,217000.0
2012-04-13 19:00:00,216300.0
2012-04-13 20:00:00,217700.0
2012-04-13 21:00:00,235300.0
2012-04-13 22:00:00,245700.0
2012-04-13 23:00:00,187200.0
2012-04-14 00:00:00,134000.0
2012-04-14 01:00:00,110900.0
2012-04-14 02:00:00,97600.0
2012-04-14 03:00:00,76300.0
2012-04-14 04:00:00,63900.0
2012-04-14 05:00:00,60500.0
2012-04-14 06:00:00,54600.0
2012-04-14 07:00:00,56100.0
2012-04-14 08:00:00,64100.0
2012-04-14 09:00:00,99800.0
2012-04-14 10:00:00,150400.0
2012-04-14 11:00:00,165400.0
2012-04-14 12:00:00,184000.0
2012-04-14 13:00:00,223300.0
2012-04-14 14:00:00,210300.0
2012-04-14 15:00:00,218800.0
2012-04-14 16:00:00,213100.0
2012-04-14 17:00:00,215900.0
2012-04-14 18:00:00,216900.0
2012-04-14 19:00:00,212600.0
2012-04-14 20:00:00,228300.0
2012-04-14 21:00:00,219800.0
2012-04-14 22:00:00,205500.0
2012-04-14 23:00:00,182200.0
2012-04-15 00:00:00,132400.0
2012-04-15 01:00:00,106400.0
2012-04-15 02:00:00,104600.0
2012-04-15 03:00:00,89500.0
2012-04-15 04:00:00,59600.0
2012-04-15 05:00:00,57300.0
2012-04-15 06:00:00,52500.0
2012-04-15 07:00:00,52300.0
2012-04-15 08:00:00,60200.0
2012-04-15 09:00:00,93100.0
2012-04-15 10:00:00,138000.0
2012-04-15 11:00:00,175000.0
2012-04-15 12:00:00,202200.0
2012-04-15 13:00:00,207400.0
2012-04-15 14:00:00,207800.0
2012-04-15 15:00:00,198500.0
2012-04-15 16:00:00,208800.0
2012-04-15 17:00:00,216500.0
2012-04-15 18:00:00,209600.0
2012-04-15 19:00:00,211000.0
2012-04-15 20:00:00,214800.0
2012-04-15 21:00:00,220400.0
2012-04-15 22:00:00,195600.0
2012-04-15 23:00:00,170200.0
2012-04-16 00:00:00,116900.0
2012-04-16 01:00:00,68800.0
2012-04-16 02:00:00,67900.0
2012-04-16 03:00:00,66200.0
2012-04-16 04:00:00,62900.0
2012-04-16 05:00:00,60200.0
2012-04-16 06:00:00,56600.0
2012-04-16 07:00:00,53700.0
2012-04-16 08:00:00,60100.0
2012-04-16 09:00:00,94300.0
2012-04-16 10:00:00,146000.0
2012-04-16 11:00:00,183600.0
2012-04-16 12:00:00,203000.0
2012-04-16 13:00:00,213800.0
2012-04-16 14:00:00,204100.0
2012-04-16 15:00:00,210300.0
2012-04-16 16:00:00,218400.0
2012-04-16 17:00:00,219600.0
2012-04-16 18:00:00,214000.0
2012-04-16 19:00:00,201900.0
2012-04-16 20:00:00,221400.0
2012-04-16 21:00:00,216100.0
2012-04-16 22:00:00,196700.0
2012-04-16 23:00:00,178700.0
2012-04-17 00:00:00,120600.0
2012-04-17 01:00:00,72800.0
2012-04-17 02:00:00,68600.0
2012-04-17 03:00:00,64500.0
2012-04-17 04:00:00,63700.0
2012-04-17 05:00:00,60200.0
2012-04-17 06:00:00,55000.0
2012-04-17 07:00:00,53600.0
2012-04-17 08:00:00,60300.0
2012-04-17 09:00:00,97200.0
2012-04-17 10:00:00,143100.0
2012-04-17 11:00:00,182100.0
2012-04-17 12:00:00,205300.0
2012-04-17 13:00:00,217100.0
2012-04-17 14:00:00,220700.0
2012-04-17 15:00:00,234100.0
2012-04-17 16:00:00,230500.0
2012-04-17 17:00:00,224700.0
2012-04-17 18:00:00,224500.0
2012-04-17 19:00:00,221200.0
2012-04-17 20:00:00,218300.0
2012-04-17 21:00:00,212600.0
2012-04-17 22:00:00,202800.0
2012-04-17 23:00:00,173600.0
2012-04-18 00:00:00,119300.0
2012-04-18 01:00:00,69100.0
2012-04-18 02:00:00,65600.0
2012-04-18 03:00:00,63000.0
2012-04-18 04:00:00,61000.0
2012-04-18 05:00:00,59100.0
2012-04-18 06:00:00,54500.0
2012-04-18 07:00:00,51900.0
2012-04-18 08:00:00,59800.0
2012-04-18 09:00:00,97200.0
2012-04-18 10:00:00,147600.0
2012-04-18 11:00:00,207700.0
2012-04-18 12:00:00,200000.0
2012-04-18 13:00:00,208900.0
2012-04-18 14:00:00,200100.0
2012-04-18 15:00:00,208600.0
2012-04-18 16:00:00,198500.0
2012-04-18 17:00:00,209100.0
2012-04-18 18:00:00,204900.0
2012-04-18 19:00:00,197600.0
2012-04-18 20:00:00,222500.0
2012-04-18 21:00:00,228600.0
2012-04-18 22:00:00,201800.0
2012-04-18 23:00:00,173600.0
2012-04-19 00:00:00,118500.0
2012-04-19 01:00:00,71600.0
2012-04-19 02:00:00,67600.0
2012-04-19 03:00:00,65600.0
2012-04-19 04:00:00,64400.0
2012-04-19 05:00:00,61000.0
2012-04-19 06:00:00,53900.0
2012-04-19 07:00:00,56600.0
2012-04-19 08:00:00,60300.0
2012-04-19 09:00:00,96900.0
2012-04-19 10:00:00,148200.0
2012-04-19 11:00:00,202000.0
2012-04-19 12:00:00,206800.0
2012-04-19 13:00:00,210200.0
2012-04-19 14:00:00,219200.0
2012-04-19 15:00:00,198900.0
2012-04-19 16:00:00,205300.0
2012-04-19 17:00:00,218600.0
2012-04-19 18:00:00,221800.0
2012-04-19 19:00:00,221900.0
2012-04-19 20:00:00,228300.0
2012-04-19 21:00:00,234800.0
2012-04-19 22:00:00,243400.0
2012-04-19 23:00:00,224600.0
2012-04-20 00:00:00,140900.0
2012-04-20 01:00:00,0.0
2012-04-20 02:00:00,51500.0
2012-04-20 03:00:00,95800.0
2012-04-20 04:00:00,63600.0
2012-04-20 05:00:00,60400.0
2012-04-20 06:00:00,54200.0
2012-04-20 07:00:00,52000.0
2012-04-20 08:00:00,62100.0
2012-04-20 09:00:00,97200.0
2012-04-20 10:00:00,148300.0
2012-04-20 11:00:00,196700.0
2012-04-20 12:00:00,216000.0
2012-04-20 13:00:00,204100.0
2012-04-20 14:00:00,209700.0
2012-04-20 15:00:00,197400.0
2012-04-20 16:00:00,219900.0
2012-04-20 17:00:00,217300.0
2012-04-20 18:00:00,223300.0
2012-04-20 19:00:00,214100.0
2012-04-20 20:00:00,222900.0
2012-04-20 21:00:00,242800.0
2012-04-20 22:00:00,205900.0
2012-04-20 23:00:00,176900.0
2012-04-21 00:00:00,131000.0
2012-04-21 01:00:00,109500.0
2012-04-21 02:00:00,95300.0
2012-04-21 03:00:00,72900.0
2012-04-21 04:00:00,61100.0
2012-04-21 05:00:00,61100.0
2012-04-21 06:00:00,53700.0
2012-04-21 07:00:00,52300.0
2012-04-21 08:00:00,59500.0
2012-04-21 09:00:00,97200.0
2012-04-21 10:00:00,149400.0
2012-04-21 11:00:00,204500.0
2012-04-21 12:00:00,215900.0
2012-04-21 13:00:00,230200.0
2012-04-21 14:00:00,226300.0
2012-04-21 15:00:00,225400.0
2012-04-21 16:00:00,239100.0
2012-04-21 17:00:00,228000.0
2012-04-21 18:00:00,240100.0
2012-04-21 19:00:00,230400.0
2012-04-21 20:00:00,227200.0
2012-04-21 21:00:00,245400.0
2012-04-21 22:00:00,215500.0
2012-04-21 23:00:00,179000.0
2012-04-22 00:00:00,132100.0
2012-04-22 01:00:00,107800.0
2012-04-22 02:00:00,103500.0
2012-04-22 03:00:00,91400.0
2012-04-22 04:00:00,60300.0
2012-04-22 05:00:00,57800.0
2012-04-22 06:00:00,52800.0
2012-04-22 07:00:00,51700.0
2012-04-22 08:00:00,58300.0
2012-04-22 09:00:00,94600.0
2012-04-22 10:00:00,148700.0
2012-04-22 11:00:00,211900.0
2012-04-22 12:00:00,232500.0
2012-04-22 13:00:00,222800.0
2012-04-22 14:00:00,227900.0
2012-04-22 15:00:00,225500.0
2012-04-22 16:00:00,228500.0
2012-04-22 17:00:00,238600.0
2012-04-22 18:00:00,230200.0
2012-04-22 19:00:00,220200.0
2012-04-22 20:00:00,238600.0
2012-04-22 21:00:00,242700.0
2012-04-22 22:00:00,221800.0
2012-04-22 23:00:00,175600.0
2012-04-23 00:00:00,120000.0
2012-04-23 01:00:00,71900.0
2012-04-23 02:00:00,66200.0
2012-04-23 03:00:00,63100.0
2012-04-23 04:00:00,61300.0
2012-04-23 05:00:00,58200.0
2012-04-23 06:00:00,52700.0
2012-04-23 07:00:00,50900.0
2012-04-23 08:00:00,59700.0
2012-04-23 09:00:00,95100.0
2012-04-23 10:00:00,152200.0
2012-04-23 11:00:00,190500.0
2012-04-23 12:00:00,213300.0
2012-04-23 13:00:00,222000.0
2012-04-23 14:00:00,221600.0
2012-04-23 15:00:00,216500.0
2012-04-23 16:00:00,225000.0
2012-04-23 17:00:00,214100.0
2012-04-23 18:00:00,228700.0
2012-04-23 19:00:00,223400.0
2012-04-23 20:00:00,230700.0
2012-04-23 21:00:00,245800.0
2012-04-23 22:00:00,206800.0
2012-04-23 23:00:00,181000.0
2012-04-24 00:00:00,119200.0
2012-04-24 01:00:00,69700.0
2012-04-24 02:00:00,65600.0
2012-04-24 03:00:00,62800.0
2012-04-24 04:00:00,62800.0
2012-04-24 05:00:00,58800.0
2012-04-24 06:00:00,53600.0
2012-04-24 07:00:00,50200.0
2012-04-24 08:00:00,61200.0
2012-04-24 09:00:00,97800.0
2012-04-24 10:00:00,151400.0
2012-04-24 11:00:00,200200.0
2012-04-24 12:00:00,207500.0
2012-04-24 13:00:00,220500.0
2012-04-24 14:00:00,208000.0
2012-04-24 15:00:00,225000.0
2012-04-24 16:00:00,222500.0
2012-04-24 17:00:00,243500.0
2012-04-24 18:00:00,223800.0
2012-04-24 19:00:00,218100.0
2012-04-24 20:00:00,231600.0
2012-04-24 21:00:00,236000.0
2012-04-24 22:00:00,208500.0
2012-04-24 23:00:00,180100.0
2012-04-25 00:00:00,119600.0
2012-04-25 01:00:00,71400.0
2012-04-25 02:00:00,66800.0
2012-04-25 03:00:00,62800.0
2012-04-25 04:00:00,61600.0
2012-04-25 05:00:00,58100.0
2012-04-25 06:00:00,52800.0
2012-04-25 07:00:00,53400.0
2012-04-25 08:00:00,60900.0
2012-04-25 09:00:00,95000.0
2012-04-25 10:00:00,149200.0
2012-04-25 11:00:00,162800.0
2012-04-25 12:00:00,211900.0
2012-04-25 13:00:00,225700.0
2012-04-25 14:00:00,219000.0
2012-04-25 15:00:00,209800.0
2012-04-25 16:00:00,238500.0
2012-04-25 17:00:00,224800.0
2012-04-25 18:00:00,221200.0
2012-04-25 19:00:00,228900.0
2012-04-25 20:00:00,240000.0
2012-04-25 21:00:00,233400.0
2012-04-25 22:00:00,209200.0
2012-04-25 23:00:00,184600.0
2012-04-26 00:00:00,119300.0
2012-04-26 01:00:00,70600.0
2012-04-26 02:00:00,66500.0
2012-04-26 03:00:00,63000.0
2012-04-26 04:00:00,62100.0
2012-04-26 05:00:00,59100.0
2012-04-26 06:00:00,54500.0
2012-04-26 07:00:00,54500.0
2012-04-26 08:00:00,61100.0
2012-04-26 09:00:00,96400.0
2012-04-26 10:00:00,150100.0
2012-04-26 11:00:00,170800.0
2012-04-26 12:00:00,230200.0
2012-04-26 13:00:00,215200.0
2012-04-26 14:00:00,222300.0
2012-04-26 15:00:00,227300.0
2012-04-26 16:00:00,214900.0
2012-04-26 17:00:00,235200.0
2012-04-26 18:00:00,228300.0
2012-04-26 19:00:00,222000.0
2012-04-26 20:00:00,243700.0
2012-04-26 21:00:00,248900.0
2012-04-26 22:00:00,235300.0
2012-04-26 23:00:00,181600.0
2012-04-27 00:00:00,123700.0
2012-04-27 01:00:00,75000.0
2012-04-27 02:00:00,68200.0
2012-04-27 03:00:00,63300.0
2012-04-27 04:00:00,63300.0
2012-04-27 05:00:00,59400.0
2012-04-27 06:00:00,54500.0
2012-04-27 07:00:00,53300.0
2012-04-27 08:00:00,61300.0
2012-04-27 09:00:00,96900.0
2012-04-27 10:00:00,148000.0
2012-04-27 11:00:00,171700.0
2012-04-27 12:00:00,194500.0
2012-04-27 13:00:00,214100.0
2012-04-27 14:00:00,227800.0
2012-04-27 15:00:00,219200.0
2012-04-27 16:00:00,215700.0
2012-04-27 17:00:00,231900.0
2012-04-27 18:00:00,221400.0
2012-04-27 19:00:00,216600.0
2012-04-27 20:00:00,231900.0
2012-04-27 21:00:00,222100.0
2012-04-27 22:00:00,194200.0
2012-04-27 23:00:00,181800.0
2012-04-28 00:00:00,132900.0
2012-04-28 01:00:00,108700.0
2012-04-28 02:00:00,95700.0
2012-04-28 03:00:00,75200.0
2012-04-28 04:00:00,62100.0
2012-04-28 05:00:00,59400.0
2012-04-28 06:00:00,53700.0
2012-04-28 07:00:00,53200.0
2012-04-28 08:00:00,61800.0
2012-04-28 09:00:00,96800.0
2012-04-28 10:00:00,154100.0
2012-04-28 11:00:00,158200.0
2012-04-28 12:00:00,178800.0
2012-04-28 13:00:00,188500.0
2012-04-28 14:00:00,191100.0
2012-04-28 15:00:00,180800.0
2012-04-28 16:00:00,190500.0
2012-04-28 17:00:00,191800.0
2012-04-28 18:00:00,188600.0
2012-04-28 19:00:00,192700.0
2012-04-28 20:00:00,199500.0
2012-04-28 21:00:00,215300.0
2012-04-28 22:00:00,199700.0
2012-04-28 23:00:00,172700.0
2012-04-29 00:00:00,132100.0
2012-04-29 01:00:00,108400.0
2012-04-29 02:00:00,104400.0
2012-04-29 03:00:00,90500.0
2012-04-29 04:00:00,60300.0
2012-04-29 05:00:00,57900.0
2012-04-29 06:00:00,52600.0
2012-04-29 07:00:00,50700.0
2012-04-29 08:00:00,58300.0
2012-04-29 09:00:00,95300.0
2012-04-29 10:00:00,143900.0
2012-04-29 11:00:00,158100.0
2012-04-29 12:00:00,163900.0
2012-04-29 13:00:00,165400.0
2012-04-29 14:00:00,168500.0
2012-04-29 15:00:00,170800.0
2012-04-29 16:00:00,167200.0
2012-04-29 17:00:00,172400.0
2012-04-29 18:00:00,181000.0
2012-04-29 19:00:00,172100.0
2012-04-29 20:00:00,180500.0
2012-04-29 21:00:00,203200.0
2012-04-29 22:00:00,193900.0
2012-04-29 23:00:00,173900.0
2012-04-30 00:00:00,120700.0
2012-04-30 01:00:00,71000.0
2012-04-30 02:00:00,66000.0
2012-04-30 03:00:00,63700.0
2012-04-30 04:00:00,62800.0
2012-04-30 05:00:00,59500.0
2012-04-30 06:00:00,55300.0
2012-04-30 07:00:00,50800.0
2012-04-30 08:00:00,59600.0
2012-04-30 09:00:00,96000.0
2012-04-30 10:00:00,212300.0
2012-04-30 11:00:00,204500.0
2012-04-30 12:00:00,213100.0
2012-04-30 13:00:00,212400.0
2012-04-30 14:00:00,204600.0
2012-04-30 15:00:00,209300.0
2012-04-30 16:00:00,211500.0
2012-04-30 17:00:00,220500.0
2012-04-30 18:00:00,225300.0
2012-04-30 19:00:00,221400.0
2012-04-30 20:00:00,218500.0
2012-04-30 21:00:00,240500.0
2012-04-30 22:00:00,234900.0
2012-04-30 23:00:00,213900.0
2012-05-01 00:00:00,121300.0
2012-05-01 01:00:00,72600.0
2012-05-01 02:00:00,68400.0
2012-05-01 03:00:00,64700.0
2012-05-01 04:00:00,61300.0
2012-05-01 05:00:00,58700.0
2012-05-01 06:00:00,54600.0
2012-05-01 07:00:00,52000.0
2012-05-01 08:00:00,58200.0
2012-05-01 09:00:00,96800.0
2012-05-01 10:00:00,149500.0
2012-05-01 11:00:00,165100.0
2012-05-01 12:00:00,200300.0
2012-05-01 13:00:00,197200.0
2012-05-01 14:00:00,202900.0
2012-05-01 15:00:00,215500.0
2012-05-01 16:00:00,209000.0
2012-05-01 17:00:00,219500.0
2012-05-01 18:00:00,220700.0
2012-05-01 19:00:00,207800.0
2012-05-01 20:00:00,214600.0
2012-05-01 21:00:00,239800.0
2012-05-01 22:00:00,240200.0
2012-05-01 23:00:00,209900.0
2012-05-02 00:00:00,137400.0
2012-05-02 01:00:00,67800.0
2012-05-02 02:00:00,65700.0
2012-05-02 03:00:00,62500.0
2012-05-02 04:00:00,61600.0
2012-05-02 05:00:00,57700.0
2012-05-02 06:00:00,53300.0
2012-05-02 07:00:00,53000.0
2012-05-02 08:00:00,59200.0
2012-05-02 09:00:00,96800.0
2012-05-02 10:00:00,152600.0
2012-05-02 11:00:00,187000.0
2012-05-02 12:00:00,219000.0
2012-05-02 13:00:00,208500.0
2012-05-02 14:00:00,216900.0
2012-05-02 15:00:00,225300.0
2012-05-02 16:00:00,230000.0
2012-05-02 17:00:00,218700.0
2012-05-02 18:00:00,231700.0
2012-05-02 19:00:00,217500.0
2012-05-02 20:00:00,222200.0
2012-05-02 21:00:00,241600.0
2012-05-02 22:00:00,247500.0
2012-05-02 23:00:00,225400.0
2012-05-03 00:00:00,136400.0
2012-05-03 01:00:00,86400.0
2012-05-03 02:00:00,82000.0
2012-05-03 03:00:00,73500.0
2012-05-03 04:00:00,62500.0
2012-05-03 05:00:00,59000.0
2012-05-03 06:00:00,55200.0
2012-05-03 07:00:00,51700.0
2012-05-03 08:00:00,60300.0
2012-05-03 09:00:00,98300.0
2012-05-03 10:00:00,180700.0
2012-05-03 11:00:00,209400.0
2012-05-03 12:00:00,216300.0
2012-05-03 13:00:00,224600.0
2012-05-03 14:00:00,220900.0
2012-05-03 15:00:00,217900.0
2012-05-03 16:00:00,227700.0
2012-05-03 17:00:00,222900.0
2012-05-03 18:00:00,226400.0
2012-05-03 19:00:00,225400.0
2012-05-03 20:00:00,230300.0
2012-05-03 21:00:00,234500.0
2012-05-03 22:00:00,241600.0
2012-05-03 23:00:00,223200.0
2012-05-04 00:00:00,129400.0
2012-05-04 01:00:00,71600.0
2012-05-04 02:00:00,67600.0
2012-05-04 03:00:00,64700.0
2012-05-04 04:00:00,64500.0
2012-05-04 05:00:00,61400.0
2012-05-04 06:00:00,56400.0
2012-05-04 07:00:00,52500.0
2012-05-04 08:00:00,61000.0
2012-05-04 09:00:00,98200.0
2012-05-04 10:00:00,154400.0
2012-05-04 11:00:00,167900.0
2012-05-04 12:00:00,222300.0
2012-05-04 13:00:00,211500.0
2012-05-04 14:00:00,211600.0
2012-05-04 15:00:00,219300.0
2012-05-04 16:00:00,222400.0
2012-05-04 17:00:00,215500.0
2012-05-04 18:00:00,216600.0
2012-05-04 19:00:00,231900.0
2012-05-04 20:00:00,242000.0
2012-05-04 21:00:00,255400.0
2012-05-04 22:00:00,254100.0
2012-05-04 23:00:00,189900.0
2012-05-05 00:00:00,132200.0
2012-05-05 01:00:00,108100.0
2012-05-05 02:00:00,95300.0
2012-05-05 03:00:00,75100.0
2012-05-05 04:00:00,63300.0
2012-05-05 05:00:00,59600.0
2012-05-05 06:00:00,53900.0
2012-05-05 07:00:00,53100.0
2012-05-05 08:00:00,58200.0
2012-05-05 09:00:00,95800.0
2012-05-05 10:00:00,151300.0
2012-05-05 11:00:00,177200.0
2012-05-05 12:00:00,176900.0
2012-05-05 13:00:00,229200.0
2012-05-05 14:00:00,227000.0
2012-05-05 15:00:00,227000.0
2012-05-05 16:00:00,234500.0
2012-05-05 17:00:00,238700.0
2012-05-05 18:00:00,242200.0
2012-05-05 19:00:00,236300.0
2012-05-05 20:00:00,236500.0
2012-05-05 21:00:00,259200.0
2012-05-05 22:00:00,258600.0
2012-05-05 23:00:00,227500.0
2012-05-06 00:00:00,157100.0
2012-05-06 01:00:00,121600.0
2012-05-06 02:00:00,106600.0
2012-05-06 03:00:00,93700.0
2012-05-06 04:00:00,61700.0
2012-05-06 05:00:00,57800.0
2012-05-06 06:00:00,53200.0
2012-05-06 07:00:00,48600.0
2012-05-06 08:00:00,57900.0
2012-05-06 09:00:00,94900.0
2012-05-06 10:00:00,159300.0
2012-05-06 11:00:00,164900.0
2012-05-06 12:00:00,231400.0
2012-05-06 13:00:00,217000.0
2012-05-06 14:00:00,230100.0
2012-05-06 15:00:00,227600.0
2012-05-06 16:00:00,226500.0
2012-05-06 17:00:00,233000.0
2012-05-06 18:00:00,233200.0
2012-05-06 19:00:00,231300.0
2012-05-06 20:00:00,232300.0
2012-05-06 21:00:00,258800.0
2012-05-06 22:00:00,257600.0
2012-05-06 23:00:00,224900.0
2012-05-07 00:00:00,119200.0
2012-05-07 01:00:00,69400.0
2012-05-07 02:00:00,65800.0
2012-05-07 03:00:00,63400.0
2012-05-07 04:00:00,61900.0
2012-05-07 05:00:00,58900.0
2012-05-07 06:00:00,54500.0
2012-05-07 07:00:00,50700.0
2012-05-07 08:00:00,59300.0
2012-05-07 09:00:00,96400.0
2012-05-07 10:00:00,202800.0
2012-05-07 11:00:00,221400.0
2012-05-07 12:00:00,229100.0
2012-05-07 13:00:00,229900.0
2012-05-07 14:00:00,228100.0
2012-05-07 15:00:00,231400.0
2012-05-07 16:00:00,235700.0
2012-05-07 17:00:00,194700.0
2012-05-07 18:00:00,208100.0
2012-05-07 19:00:00,237400.0
2012-05-07 20:00:00,238700.0
2012-05-07 21:00:00,258000.0
2012-05-07 22:00:00,258300.0
2012-05-07 23:00:00,228900.0
2012-05-08 00:00:00,140100.0
2012-05-08 01:00:00,82400.0
2012-05-08 02:00:00,67100.0
2012-05-08 03:00:00,63800.0
2012-05-08 04:00:00,62000.0
2012-05-08 05:00:00,60100.0
2012-05-08 06:00:00,55800.0
2012-05-08 07:00:00,53100.0
2012-05-08 08:00:00,60500.0
2012-05-08 09:00:00,97900.0
2012-05-08 10:00:00,164700.0
2012-05-08 11:00:00,179800.0
2012-05-08 12:00:00,235200.0
2012-05-08 13:00:00,269800.0
2012-05-08 14:00:00,259600.0
2012-05-08 15:00:00,291700.0
2012-05-08 16:00:00,291000.0
2012-05-08 17:00:00,278800.0
2012-05-08 18:00:00,291400.0
2012-05-08 19:00:00,273100.0
2012-05-08 20:00:00,251600.0
2012-05-08 21:00:00,292200.0
2012-05-08 22:00:00,281800.0
2012-05-08 23:00:00,242800.0
2012-05-09 00:00:00,146100.0
2012-05-09 01:00:00,88500.0
2012-05-09 02:00:00,83900.0
2012-05-09 03:00:00,65400.0
2012-05-09 04:00:00,63300.0
2012-05-09 05:00:00,59100.0
2012-05-09 06:00:00,54200.0
2012-05-09 07:00:00,50000.0
2012-05-09 08:00:00,60100.0
2012-05-09 09:00:00,97300.0
2012-05-09 10:00:00,171900.0
2012-05-09 11:00:00,282300.0
2012-05-09 12:00:00,384100.0
2012-05-09 13:00:00,369100.0
2012-05-09 14:00:00,374800.0
2012-05-09 15:00:00,400100.0
2012-05-09 16:00:00,400700.0
2012-05-09 17:00:00,401500.0
2012-05-09 18:00:00,399200.0
2012-05-09 19:00:00,396500.0
2012-05-09 20:00:00,351500.0
2012-05-09 21:00:00,369300.0
2012-05-09 22:00:00,345500.0
2012-05-09 23:00:00,282600.0
2012-05-10 00:00:00,133600.0
2012-05-10 01:00:00,70900.0
2012-05-10 02:00:00,69500.0
2012-05-10 03:00:00,69400.0
2012-05-10 04:00:00,65000.0
2012-05-10 05:00:00,59600.0
2012-05-10 06:00:00,55800.0
2012-05-10 07:00:00,51400.0
2012-05-10 08:00:00,59800.0
2012-05-10 09:00:00,96800.0
2012-05-10 10:00:00,185400.0
2012-05-10 11:00:00,363000.0
2012-05-10 12:00:00,396900.0
2012-05-10 13:00:00,402600.0
2012-05-10 14:00:00,401800.0
2012-05-10 15:00:00,425300.0
2012-05-10 16:00:00,428800.0
2012-05-10 17:00:00,426900.0
2012-05-10 18:00:00,429300.0
2012-05-10 19:00:00,403100.0
2012-05-10 20:00:00,361300.0
2012-05-10 21:00:00,364900.0
2012-05-10 22:00:00,330300.0
2012-05-10 23:00:00,210600.0
2012-05-11 00:00:00,121800.0
2012-05-11 01:00:00,72200.0
2012-05-11 02:00:00,68700.0
2012-05-11 03:00:00,68100.0
2012-05-11 04:00:00,66500.0
2012-05-11 05:00:00,63900.0
2012-05-11 06:00:00,58000.0
2012-05-11 07:00:00,54200.0
2012-05-11 08:00:00,62000.0
2012-05-11 09:00:00,98900.0
2012-05-11 10:00:00,202600.0
2012-05-11 11:00:00,331300.0
2012-05-11 12:00:00,427200.0
2012-05-11 13:00:00,420800.0
2012-05-11 14:00:00,429300.0
2012-05-11 15:00:00,421000.0
2012-05-11 16:00:00,431300.0
2012-05-11 17:00:00,368700.0
2012-05-11 18:00:00,410400.0
2012-05-11 19:00:00,378700.0
2012-05-11 20:00:00,386000.0
2012-05-11 21:00:00,398000.0
2012-05-11 22:00:00,330600.0
2012-05-11 23:00:00,230500.0
2012-05-12 00:00:00,132800.0
2012-05-12 01:00:00,111200.0
2012-05-12 02:00:00,97100.0
2012-05-12 03:00:00,81000.0
2012-05-12 04:00:00,67100.0
2012-05-12 05:00:00,63100.0
2012-05-12 06:00:00,57200.0
2012-05-12 07:00:00,50100.0
2012-05-12 08:00:00,59500.0
2012-05-12 09:00:00,99100.0
2012-05-12 10:00:00,241000.0
2012-05-12 11:00:00,423000.0
2012-05-12 12:00:00,458800.0
2012-05-12 13:00:00,466800.0
2012-05-12 14:00:00,480700.0
2012-05-12 15:00:00,496200.0
2012-05-12 16:00:00,478900.0
2012-05-12 17:00:00,483000.0
2012-05-12 18:00:00,470400.0
2012-05-12 19:00:00,420700.0
2012-05-12 20:00:00,400200.0
2012-05-12 21:00:00,428500.0
2012-05-12 22:00:00,390200.0
2012-05-12 23:00:00,233300.0
2012-05-13 00:00:00,134900.0
2012-05-13 01:00:00,111100.0
2012-05-13 02:00:00,108100.0
2012-05-13 03:00:00,96800.0
2012-05-13 04:00:00,65000.0
2012-05-13 05:00:00,63300.0
2012-05-13 06:00:00,58500.0
2012-05-13 07:00:00,50900.0
2012-05-13 08:00:00,59000.0
2012-05-13 09:00:00,98400.0
2012-05-13 10:00:00,338900.0
2012-05-13 11:00:00,411800.0
2012-05-13 12:00:00,523100.0
2012-05-13 13:00:00,515200.0
2012-05-13 14:00:00,509000.0
2012-05-13 15:00:00,492000.0
2012-05-13 16:00:00,490200.0
2012-05-13 17:00:00,495400.0
2012-05-13 18:00:00,555400.0
2012-05-13 19:00:00,521100.0
2012-05-13 20:00:00,463600.0
2012-05-13 21:00:00,463600.0
2012-05-13 22:00:00,366200.0
2012-05-13 23:00:00,241100.0
2012-05-14 00:00:00,121700.0
2012-05-14 01:00:00,73300.0
2012-05-14 02:00:00,69700.0
2012-05-14 03:00:00,68800.0
2012-05-14 04:00:00,67000.0
2012-05-14 05:00:00,64900.0
2012-05-14 06:00:00,59800.0
2012-05-14 07:00:00,52100.0
2012-05-14 08:00:00,60600.0
2012-05-14 09:00:00,100000.0
2012-05-14 10:00:00,372300.0
2012-05-14 11:00:00,458100.0
2012-05-14 12:00:00,533000.0
2012-05-14 13:00:00,535900.0
2012-05-14 14:00:00,553300.0
2012-05-14 15:00:00,580100.0
2012-05-14 16:00:00,570800.0
2012-05-14 17:00:00,549900.0
2012-05-14 18:00:00,567200.0
2012-05-14 19:00:00,543900.0
2012-05-14 20:00:00,471600.0
2012-05-14 21:00:00,465400.0
2012-05-14 22:00:00,425400.0
2012-05-14 23:00:00,248200.0
2012-05-15 00:00:00,122700.0
2012-05-15 01:00:00,73000.0
2012-05-15 02:00:00,69300.0
2012-05-15 03:00:00,68200.0
2012-05-15 04:00:00,66300.0
2012-05-15 05:00:00,64700.0
2012-05-15 06:00:00,59000.0
2012-05-15 07:00:00,52300.0
2012-05-15 08:00:00,58900.0
2012-05-15 09:00:00,219500.0
2012-05-15 10:00:00,480700.0
2012-05-15 11:00:00,506100.0
2012-05-15 12:00:00,559200.0
2012-05-15 13:00:00,570600.0
2012-05-15 14:00:00,528800.0
2012-05-15 15:00:00,565100.0
2012-05-15 16:00:00,536300.0
2012-05-15 17:00:00,574800.0
2012-05-15 18:00:00,537200.0
2012-05-15 19:00:00,484200.0
2012-05-15 20:00:00,497500.0
2012-05-15 21:00:00,499100.0
2012-05-15 22:00:00,356900.0
2012-05-15 23:00:00,197300.0
2012-05-16 00:00:00,123800.0
2012-05-16 01:00:00,73700.0
2012-05-16 02:00:00,71000.0
2012-05-16 03:00:00,69800.0
2012-05-16 04:00:00,68000.0
2012-05-16 05:00:00,64600.0
2012-05-16 06:00:00,58900.0
2012-05-16 07:00:00,50200.0
2012-05-16 08:00:00,59700.0
2012-05-16 09:00:00,333200.0
2012-05-16 10:00:00,381500.0
2012-05-16 11:00:00,522600.0
2012-05-16 12:00:00,489600.0
2012-05-16 13:00:00,507800.0
2012-05-16 14:00:00,503100.0
2012-05-16 15:00:00,499600.0
2012-05-16 16:00:00,497300.0
2012-05-16 17:00:00,482300.0
2012-05-16 18:00:00,477700.0
2012-05-16 19:00:00,460400.0
2012-05-16 20:00:00,430400.0
2012-05-16 21:00:00,438200.0
2012-05-16 22:00:00,275900.0
2012-05-16 23:00:00,183300.0
2012-05-17 00:00:00,120700.0
2012-05-17 01:00:00,72100.0
2012-05-17 02:00:00,69100.0
2012-05-17 03:00:00,68600.0
2012-05-17 04:00:00,67600.0
2012-05-17 05:00:00,63700.0
2012-05-17 06:00:00,58600.0
2012-05-17 07:00:00,51500.0
2012-05-17 08:00:00,59300.0
2012-05-17 09:00:00,188200.0
2012-05-17 10:00:00,363000.0
2012-05-17 11:00:00,424200.0
2012-05-17 12:00:00,430600.0
2012-05-17 13:00:00,424800.0
2012-05-17 14:00:00,417400.0
2012-05-17 15:00:00,414600.0
2012-05-17 16:00:00,413200.0
2012-05-17 17:00:00,421700.0
2012-05-17 18:00:00,412700.0
2012-05-17 19:00:00,409800.0
2012-05-17 20:00:00,390000.0
2012-05-17 21:00:00,406500.0
2012-05-17 22:00:00,349900.0
2012-05-17 23:00:00,277700.0
2012-05-18 00:00:00,132700.0
2012-05-18 01:00:00,74600.0
2012-05-18 02:00:00,70900.0
2012-05-18 03:00:00,68700.0
2012-05-18 04:00:00,67400.0
2012-05-18 05:00:00,64200.0
2012-05-18 06:00:00,59200.0
2012-05-18 07:00:00,51900.0
2012-05-18 08:00:00,62500.0
2012-05-18 09:00:00,174500.0
2012-05-18 10:00:00,201300.0
2012-05-18 11:00:00,222000.0
2012-05-18 12:00:00,247800.0
2012-05-18 13:00:00,256300.0
2012-05-18 14:00:00,261800.0
2012-05-18 15:00:00,277700.0
2012-05-18 16:00:00,493300.0
2012-05-18 17:00:00,384500.0
2012-05-18 18:00:00,346700.0
2012-05-18 19:00:00,349700.0
2012-05-18 20:00:00,320200.0
2012-05-18 21:00:00,333100.0
2012-05-18 22:00:00,307000.0
2012-05-18 23:00:00,250600.0
2012-05-19 00:00:00,169500.0
2012-05-19 01:00:00,109800.0
2012-05-19 02:00:00,97200.0
2012-05-19 03:00:00,78800.0
2012-05-19 04:00:00,65900.0
2012-05-19 05:00:00,62300.0
2012-05-19 06:00:00,56500.0
2012-05-19 07:00:00,50000.0
2012-05-19 08:00:00,60400.0
2012-05-19 09:00:00,160000.0
2012-05-19 10:00:00,192200.0
2012-05-19 11:00:00,261200.0
2012-05-19 12:00:00,281900.0
2012-05-19 13:00:00,279600.0
2012-05-19 14:00:00,278800.0
2012-05-19 15:00:00,296300.0
2012-05-19 16:00:00,281400.0
2012-05-19 17:00:00,269200.0
2012-05-19 18:00:00,289500.0
2012-05-19 19:00:00,278400.0
2012-05-19 20:00:00,261000.0
2012-05-19 21:00:00,288200.0
2012-05-19 22:00:00,262400.0
2012-05-19 23:00:00,180100.0
2012-05-20 00:00:00,133500.0
2012-05-20 01:00:00,109700.0
2012-05-20 02:00:00,106000.0
2012-05-20 03:00:00,96000.0
2012-05-20 04:00:00,63600.0
2012-05-20 05:00:00,61500.0
2012-05-20 06:00:00,56500.0
2012-05-20 07:00:00,50500.0
2012-05-20 08:00:00,59100.0
2012-05-20 09:00:00,151800.0
2012-05-20 10:00:00,184300.0
2012-05-20 11:00:00,245900.0
2012-05-20 12:00:00,273600.0
2012-05-20 13:00:00,256500.0
2012-05-20 14:00:00,272100.0
2012-05-20 15:00:00,273000.0
2012-05-20 16:00:00,279400.0
2012-05-20 17:00:00,284800.0
2012-05-20 18:00:00,281700.0
2012-05-20 19:00:00,266300.0
2012-05-20 20:00:00,271600.0
2012-05-20 21:00:00,293100.0
2012-05-20 22:00:00,269500.0
2012-05-20 23:00:00,199400.0
2012-05-21 00:00:00,124100.0
2012-05-21 01:00:00,70400.0
2012-05-21 02:00:00,67400.0
2012-05-21 03:00:00,63300.0
2012-05-21 04:00:00,60500.0
2012-05-21 05:00:00,60400.0
2012-05-21 06:00:00,55300.0
2012-05-21 07:00:00,47600.0
2012-05-21 08:00:00,57100.0
2012-05-21 09:00:00,147200.0
2012-05-21 10:00:00,186600.0
2012-05-21 11:00:00,270500.0
2012-05-21 12:00:00,267300.0
2012-05-21 13:00:00,286400.0
2012-05-21 14:00:00,296200.0
2012-05-21 15:00:00,283500.0
2012-05-21 16:00:00,286800.0
2012-05-21 17:00:00,288600.0
2012-05-21 18:00:00,286800.0
2012-05-21 19:00:00,278900.0
2012-05-21 20:00:00,251300.0
2012-05-21 21:00:00,289700.0
2012-05-21 22:00:00,264500.0
2012-05-21 23:00:00,209800.0
2012-05-22 00:00:00,119600.0
2012-05-22 01:00:00,70500.0
2012-05-22 02:00:00,66700.0
2012-05-22 03:00:00,67000.0
2012-05-22 04:00:00,63300.0
2012-05-22 05:00:00,61700.0
2012-05-22 06:00:00,57400.0
2012-05-22 07:00:00,51500.0
2012-05-22 08:00:00,60000.0
2012-05-22 09:00:00,156800.0
2012-05-22 10:00:00,211100.0
2012-05-22 11:00:00,282400.0
2012-05-22 12:00:00,308300.0
2012-05-22 13:00:00,307100.0
2012-05-22 14:00:00,311000.0
2012-05-22 15:00:00,314800.0
2012-05-22 16:00:00,319400.0
2012-05-22 17:00:00,315300.0
2012-05-22 18:00:00,350100.0
2012-05-22 19:00:00,332900.0
2012-05-22 20:00:00,308600.0
2012-05-22 21:00:00,329200.0
2012-05-22 22:00:00,267400.0
2012-05-22 23:00:00,171700.0
2012-05-23 00:00:00,121800.0
2012-05-23 01:00:00,74900.0
2012-05-23 02:00:00,73100.0
2012-05-23 03:00:00,70600.0
2012-05-23 04:00:00,68300.0
2012-05-23 05:00:00,66000.0
2012-05-23 06:00:00,61000.0
2012-05-23 07:00:00,51400.0
2012-05-23 08:00:00,62100.0
2012-05-23 09:00:00,170100.0
2012-05-23 10:00:00,207100.0
2012-05-23 11:00:00,383800.0
2012-05-23 12:00:00,378600.0
2012-05-23 13:00:00,395800.0
2012-05-23 14:00:00,412700.0
2012-05-23 15:00:00,415000.0
2012-05-23 16:00:00,384100.0
2012-05-23 17:00:00,380600.0
2012-05-23 18:00:00,379200.0
2012-05-23 19:00:00,344500.0
2012-05-23 20:00:00,350200.0
2012-05-23 21:00:00,362400.0
2012-05-23 22:00:00,319200.0
2012-05-23 23:00:00,205700.0
2012-05-24 00:00:00,123000.0
2012-05-24 01:00:00,72300.0
2012-05-24 02:00:00,68500.0
2012-05-24 03:00:00,65000.0
2012-05-24 04:00:00,65300.0
2012-05-24 05:00:00,62500.0
2012-05-24 06:00:00,56400.0
2012-05-24 07:00:00,47000.0
2012-05-24 08:00:00,56100.0
2012-05-24 09:00:00,183000.0
2012-05-24 10:00:00,234100.0
2012-05-24 11:00:00,271400.0
2012-05-24 12:00:00,457100.0
2012-05-24 13:00:00,358600.0
2012-05-24 14:00:00,368800.0
2012-05-24 15:00:00,381000.0
2012-05-24 16:00:00,387700.0
2012-05-24 17:00:00,409900.0
2012-05-24 18:00:00,408300.0
2012-05-24 19:00:00,376100.0
2012-05-24 20:00:00,356700.0
2012-05-24 21:00:00,358800.0
2012-05-24 22:00:00,318000.0
2012-05-24 23:00:00,186400.0
2012-05-25 00:00:00,121900.0
2012-05-25 01:00:00,73500.0
2012-05-25 02:00:00,67500.0
2012-05-25 03:00:00,66100.0
2012-05-25 04:00:00,64500.0
2012-05-25 05:00:00,61700.0
2012-05-25 06:00:00,55900.0
2012-05-25 07:00:00,48000.0
2012-05-25 08:00:00,57700.0
2012-05-25 09:00:00,178900.0
2012-05-25 10:00:00,312200.0
2012-05-25 11:00:00,298100.0
2012-05-25 12:00:00,337400.0
2012-05-25 13:00:00,362800.0
2012-05-25 14:00:00,353600.0
2012-05-25 15:00:00,382800.0
2012-05-25 16:00:00,389800.0
2012-05-25 17:00:00,370300.0
2012-05-25 18:00:00,340300.0
2012-05-25 19:00:00,328000.0
2012-05-25 20:00:00,299100.0
2012-05-25 21:00:00,315500.0
2012-05-25 22:00:00,262600.0
2012-05-25 23:00:00,177600.0
2012-05-26 00:00:00,134600.0
2012-05-26 01:00:00,108900.0
2012-05-26 02:00:00,95800.0
2012-05-26 03:00:00,76200.0
2012-05-26 04:00:00,64500.0
2012-05-26 05:00:00,61300.0
2012-05-26 06:00:00,55300.0
2012-05-26 07:00:00,47000.0
2012-05-26 08:00:00,56100.0
2012-05-26 09:00:00,163100.0
2012-05-26 10:00:00,200100.0
2012-05-26 11:00:00,316500.0
2012-05-26 12:00:00,302500.0
2012-05-26 13:00:00,324900.0
2012-05-26 14:00:00,342500.0
2012-05-26 15:00:00,349900.0
2012-05-26 16:00:00,352500.0
2012-05-26 17:00:00,357400.0
2012-05-26 18:00:00,331600.0
2012-05-26 19:00:00,310600.0
2012-05-26 20:00:00,276500.0
2012-05-26 21:00:00,284100.0
2012-05-26 22:00:00,216400.0
2012-05-26 23:00:00,162300.0
2012-05-27 00:00:00,134200.0
2012-05-27 01:00:00,110500.0
2012-05-27 02:00:00,107700.0
2012-05-27 03:00:00,96900.0
2012-05-27 04:00:00,64300.0
2012-05-27 05:00:00,60300.0
2012-05-27 06:00:00,54000.0
2012-05-27 07:00:00,46900.0
2012-05-27 08:00:00,56600.0
2012-05-27 09:00:00,153700.0
2012-05-27 10:00:00,181800.0
2012-05-27 11:00:00,253800.0
2012-05-27 12:00:00,292700.0
2012-05-27 13:00:00,314800.0
2012-05-27 14:00:00,353200.0
2012-05-27 15:00:00,384500.0
2012-05-27 16:00:00,386300.0
2012-05-27 17:00:00,377400.0
2012-05-27 18:00:00,402300.0
2012-05-27 19:00:00,366000.0
2012-05-27 20:00:00,346700.0
2012-05-27 21:00:00,346000.0
2012-05-27 22:00:00,261100.0
2012-05-27 23:00:00,166200.0
2012-05-28 00:00:00,122900.0
2012-05-28 01:00:00,70500.0
2012-05-28 02:00:00,66800.0
2012-05-28 03:00:00,65200.0
2012-05-28 04:00:00,62900.0
2012-05-28 05:00:00,61100.0
2012-05-28 06:00:00,56600.0
2012-05-28 07:00:00,43300.0
2012-05-28 08:00:00,45100.0
2012-05-28 09:00:00,166800.0
2012-05-28 10:00:00,224000.0
2012-05-28 11:00:00,372600.0
2012-05-28 12:00:00,355500.0
2012-05-28 13:00:00,377500.0
2012-05-28 14:00:00,394600.0
2012-05-28 15:00:00,417000.0
2012-05-28 16:00:00,421000.0
2012-05-28 17:00:00,447500.0
2012-05-28 18:00:00,461100.0
2012-05-28 19:00:00,396800.0
2012-05-28 20:00:00,346600.0
2012-05-28 21:00:00,352900.0
2012-05-28 22:00:00,292400.0
2012-05-28 23:00:00,189400.0
2012-05-29 00:00:00,123500.0
2012-05-29 01:00:00,75200.0
2012-05-29 02:00:00,70500.0
2012-05-29 03:00:00,68400.0
2012-05-29 04:00:00,66600.0
2012-05-29 05:00:00,63900.0
2012-05-29 06:00:00,58200.0
2012-05-29 07:00:00,50700.0
2012-05-29 08:00:00,61600.0
2012-05-29 09:00:00,176600.0
2012-05-29 10:00:00,289000.0
2012-05-29 11:00:00,333900.0
2012-05-29 12:00:00,361700.0
2012-05-29 13:00:00,378100.0
2012-05-29 14:00:00,390900.0
2012-05-29 15:00:00,424700.0
2012-05-29 16:00:00,433300.0
2012-05-29 17:00:00,442100.0
2012-05-29 18:00:00,426100.0
2012-05-29 19:00:00,387800.0
2012-05-29 20:00:00,343700.0
2012-05-29 21:00:00,352600.0
2012-05-29 22:00:00,321800.0
2012-05-29 23:00:00,229600.0
2012-05-30 00:00:00,150100.0
2012-05-30 01:00:00,98600.0
2012-05-30 02:00:00,95300.0
2012-05-30 03:00:00,72200.0
2012-05-30 04:00:00,71300.0
2012-05-30 05:00:00,67200.0
2012-05-30 06:00:00,62900.0
2012-05-30 07:00:00,54700.0
2012-05-30 08:00:00,63700.0
2012-05-30 09:00:00,184500.0
2012-05-30 10:00:00,245800.0
2012-05-30 11:00:00,408800.0
2012-05-30 12:00:00,409600.0
2012-05-30 13:00:00,467400.0
2012-05-30 14:00:00,421200.0
2012-05-30 15:00:00,441100.0
2012-05-30 16:00:00,444200.0
2012-05-30 17:00:00,446000.0
2012-05-30 18:00:00,457600.0
2012-05-30 19:00:00,458500.0
2012-05-30 20:00:00,445000.0
2012-05-30 21:00:00,443100.0
2012-05-30 22:00:00,372000.0
2012-05-30 23:00:00,252900.0
2012-05-31 00:00:00,157700.0
2012-05-31 01:00:00,105600.0
2012-05-31 02:00:00,96000.0
2012-05-31 03:00:00,96500.0
2012-05-31 04:00:00,74100.0
2012-05-31 05:00:00,69900.0
2012-05-31 06:00:00,63400.0
2012-05-31 07:00:00,60400.0
2012-05-31 08:00:00,64900.0
2012-05-31 09:00:00,194100.0
2012-05-31 10:00:00,379500.0
2012-05-31 11:00:00,405500.0
2012-05-31 12:00:00,401100.0
2012-05-31 13:00:00,415800.0
2012-05-31 14:00:00,402400.0
2012-05-31 15:00:00,387900.0
2012-05-31 16:00:00,429800.0
2012-05-31 17:00:00,451100.0
2012-05-31 18:00:00,455400.0
2012-05-31 19:00:00,474600.0
2012-05-31 20:00:00,448800.0
2012-05-31 21:00:00,424800.0
2012-05-31 22:00:00,358800.0
2012-05-31 23:00:00,254800.0
2012-06-01 00:00:00,161900.0
2012-06-01 01:00:00,107400.0
2012-06-01 02:00:00,79500.0
2012-06-01 03:00:00,76500.0
2012-06-01 04:00:00,76000.0
2012-06-01 05:00:00,73900.0
2012-06-01 06:00:00,68500.0
2012-06-01 07:00:00,65800.0
2012-06-01 08:00:00,68600.0
2012-06-01 09:00:00,196000.0
2012-06-01 10:00:00,345800.0
2012-06-01 11:00:00,369900.0
2012-06-01 12:00:00,396400.0
2012-06-01 13:00:00,415100.0
2012-06-01 14:00:00,412700.0
2012-06-01 15:00:00,411100.0
2012-06-01 16:00:00,411200.0
2012-06-01 17:00:00,410500.0
2012-06-01 18:00:00,375700.0
2012-06-01 19:00:00,367000.0
2012-06-01 20:00:00,363200.0
2012-06-01 21:00:00,374300.0
2012-06-01 22:00:00,330900.0
2012-06-01 23:00:00,201400.0
2012-06-02 00:00:00,140100.0
2012-06-02 01:00:00,115600.0
2012-06-02 02:00:00,103600.0
2012-06-02 03:00:00,81400.0
2012-06-02 04:00:00,70100.0
2012-06-02 05:00:00,68100.0
2012-06-02 06:00:00,62000.0
2012-06-02 07:00:00,57700.0
2012-06-02 08:00:00,61600.0
2012-06-02 09:00:00,180300.0
2012-06-02 10:00:00,327100.0
2012-06-02 11:00:00,326300.0
2012-06-02 12:00:00,360300.0
2012-06-02 13:00:00,355000.0
2012-06-02 14:00:00,364500.0
2012-06-02 15:00:00,359800.0
2012-06-02 16:00:00,357700.0
2012-06-02 17:00:00,353800.0
2012-06-02 18:00:00,366900.0
2012-06-02 19:00:00,356300.0
2012-06-02 20:00:00,348500.0
2012-06-02 21:00:00,379200.0
2012-06-02 22:00:00,335100.0
2012-06-02 23:00:00,229700.0
2012-06-03 00:00:00,168800.0
2012-06-03 01:00:00,129000.0
2012-06-03 02:00:00,114000.0
2012-06-03 03:00:00,101000.0
2012-06-03 04:00:00,68600.0
2012-06-03 05:00:00,67800.0
2012-06-03 06:00:00,61400.0
2012-06-03 07:00:00,57500.0
2012-06-03 08:00:00,63500.0
2012-06-03 09:00:00,178100.0
2012-06-03 10:00:00,314500.0
2012-06-03 11:00:00,325100.0
2012-06-03 12:00:00,357200.0
2012-06-03 13:00:00,381200.0
2012-06-03 14:00:00,356800.0
2012-06-03 15:00:00,387600.0
2012-06-03 16:00:00,447300.0
2012-06-03 17:00:00,455600.0
2012-06-03 18:00:00,457900.0
2012-06-03 19:00:00,403900.0
2012-06-03 20:00:00,373000.0
2012-06-03 21:00:00,360500.0
2012-06-03 22:00:00,331700.0
2012-06-03 23:00:00,205300.0
2012-06-04 00:00:00,152600.0
2012-06-04 01:00:00,102400.0
2012-06-04 02:00:00,88600.0
2012-06-04 03:00:00,77700.0
2012-06-04 04:00:00,75800.0
2012-06-04 05:00:00,74700.0
2012-06-04 06:00:00,68100.0
2012-06-04 07:00:00,63400.0
2012-06-04 08:00:00,71900.0
2012-06-04 09:00:00,180100.0
2012-06-04 10:00:00,255800.0
2012-06-04 11:00:00,455800.0
2012-06-04 12:00:00,397800.0
2012-06-04 13:00:00,434300.0
2012-06-04 14:00:00,459900.0
2012-06-04 15:00:00,501500.0
2012-06-04 16:00:00,505500.0
2012-06-04 17:00:00,508900.0
2012-06-04 18:00:00,478300.0
2012-06-04 19:00:00,452900.0
2012-06-04 20:00:00,409900.0
2012-06-04 21:00:00,384200.0
2012-06-04 22:00:00,321900.0
2012-06-04 23:00:00,193700.0
2012-06-05 00:00:00,126400.0
2012-06-05 01:00:00,80000.0
2012-06-05 02:00:00,76000.0
2012-06-05 03:00:00,73500.0
2012-06-05 04:00:00,71100.0
2012-06-05 05:00:00,69100.0
2012-06-05 06:00:00,62500.0
2012-06-05 07:00:00,58100.0
2012-06-05 08:00:00,65900.0
2012-06-05 09:00:00,189700.0
2012-06-05 10:00:00,267600.0
2012-06-05 11:00:00,433100.0
2012-06-05 12:00:00,423300.0
2012-06-05 13:00:00,470200.0
2012-06-05 14:00:00,488900.0
2012-06-05 15:00:00,508400.0
2012-06-05 16:00:00,502900.0
2012-06-05 17:00:00,509500.0
2012-06-05 18:00:00,495000.0
2012-06-05 19:00:00,442000.0
2012-06-05 20:00:00,412400.0
2012-06-05 21:00:00,409300.0
2012-06-05 22:00:00,348800.0
2012-06-05 23:00:00,241800.0
2012-06-06 00:00:00,152500.0
2012-06-06 01:00:00,85500.0
2012-06-06 02:00:00,74700.0
2012-06-06 03:00:00,73600.0
2012-06-06 04:00:00,73400.0
2012-06-06 05:00:00,72000.0
2012-06-06 06:00:00,66000.0
2012-06-06 07:00:00,62100.0
2012-06-06 08:00:00,68500.0
2012-06-06 09:00:00,195300.0
2012-06-06 10:00:00,362100.0
2012-06-06 11:00:00,392700.0
2012-06-06 12:00:00,439800.0
2012-06-06 13:00:00,468100.0
2012-06-06 14:00:00,471100.0
2012-06-06 15:00:00,501700.0
2012-06-06 16:00:00,510100.0
2012-06-06 17:00:00,513300.0
2012-06-06 18:00:00,500900.0
2012-06-06 19:00:00,463200.0
2012-06-06 20:00:00,436200.0
2012-06-06 21:00:00,408500.0
2012-06-06 22:00:00,353400.0
2012-06-06 23:00:00,235800.0
2012-06-07 00:00:00,127900.0
2012-06-07 01:00:00,80700.0
2012-06-07 02:00:00,76300.0
2012-06-07 03:00:00,71500.0
2012-06-07 04:00:00,72600.0
2012-06-07 05:00:00,69400.0
2012-06-07 06:00:00,63700.0
2012-06-07 07:00:00,57900.0
2012-06-07 08:00:00,64900.0
2012-06-07 09:00:00,190100.0
2012-06-07 10:00:00,309200.0
2012-06-07 11:00:00,433500.0
2012-06-07 12:00:00,454900.0
2012-06-07 13:00:00,442100.0
2012-06-07 14:00:00,458900.0
2012-06-07 15:00:00,438700.0
2012-06-07 16:00:00,443900.0
2012-06-07 17:00:00,465000.0
2012-06-07 18:00:00,447200.0
2012-06-07 19:00:00,427300.0
2012-06-07 20:00:00,385800.0
2012-06-07 21:00:00,380500.0
2012-06-07 22:00:00,332900.0
2012-06-07 23:00:00,201400.0
2012-06-08 00:00:00,127500.0
2012-06-08 01:00:00,79300.0
2012-06-08 02:00:00,77100.0
2012-06-08 03:00:00,74500.0
2012-06-08 04:00:00,72900.0
2012-06-08 05:00:00,70700.0
2012-06-08 06:00:00,64800.0
2012-06-08 07:00:00,59200.0
2012-06-08 08:00:00,67100.0
2012-06-08 09:00:00,185800.0
2012-06-08 10:00:00,246600.0
2012-06-08 11:00:00,384700.0
2012-06-08 12:00:00,364500.0
2012-06-08 13:00:00,360300.0
2012-06-08 14:00:00,372600.0
2012-06-08 15:00:00,403800.0
2012-06-08 16:00:00,382200.0
2012-06-08 17:00:00,385200.0
2012-06-08 18:00:00,360100.0
2012-06-08 19:00:00,346800.0
2012-06-08 20:00:00,317000.0
2012-06-08 21:00:00,333800.0
2012-06-08 22:00:00,280500.0
2012-06-08 23:00:00,186400.0
2012-06-09 00:00:00,137000.0
2012-06-09 01:00:00,116000.0
2012-06-09 02:00:00,103500.0
2012-06-09 03:00:00,84400.0
2012-06-09 04:00:00,69300.0
2012-06-09 05:00:00,68800.0
2012-06-09 06:00:00,61900.0
2012-06-09 07:00:00,57000.0
2012-06-09 08:00:00,64300.0
2012-06-09 09:00:00,171100.0
2012-06-09 10:00:00,281400.0
2012-06-09 11:00:00,342600.0
2012-06-09 12:00:00,348100.0
2012-06-09 13:00:00,377500.0
2012-06-09 14:00:00,401500.0
2012-06-09 15:00:00,407000.0
2012-06-09 16:00:00,430900.0
2012-06-09 17:00:00,423000.0
2012-06-09 18:00:00,410500.0
2012-06-09 19:00:00,378400.0
2012-06-09 20:00:00,357200.0
2012-06-09 21:00:00,365700.0
2012-06-09 22:00:00,300400.0
2012-06-09 23:00:00,180200.0
2012-06-10 00:00:00,142300.0
2012-06-10 01:00:00,117400.0
2012-06-10 02:00:00,113500.0
2012-06-10 03:00:00,103300.0
2012-06-10 04:00:00,72500.0
2012-06-10 05:00:00,69500.0
2012-06-10 06:00:00,65600.0
2012-06-10 07:00:00,61300.0
2012-06-10 08:00:00,67300.0
2012-06-10 09:00:00,189200.0
2012-06-10 10:00:00,358100.0
2012-06-10 11:00:00,352000.0
2012-06-10 12:00:00,398000.0
2012-06-10 13:00:00,447300.0
2012-06-10 14:00:00,463500.0
2012-06-10 15:00:00,489600.0
2012-06-10 16:00:00,504700.0
2012-06-10 17:00:00,478000.0
2012-06-10 18:00:00,436400.0
2012-06-10 19:00:00,440000.0
2012-06-10 20:00:00,391900.0
2012-06-10 21:00:00,364700.0
2012-06-10 22:00:00,304600.0
2012-06-10 23:00:00,176300.0
2012-06-11 00:00:00,126700.0
2012-06-11 01:00:00,76600.0
2012-06-11 02:00:00,72400.0
2012-06-11 03:00:00,72400.0
2012-06-11 04:00:00,69900.0
2012-06-11 05:00:00,68100.0
2012-06-11 06:00:00,64400.0
2012-06-11 07:00:00,59700.0
2012-06-11 08:00:00,67100.0
2012-06-11 09:00:00,190500.0
2012-06-11 10:00:00,248900.0
2012-06-11 11:00:00,401700.0
2012-06-11 12:00:00,362400.0
2012-06-11 13:00:00,387300.0
2012-06-11 14:00:00,380800.0
2012-06-11 15:00:00,395900.0
2012-06-11 16:00:00,417600.0
2012-06-11 17:00:00,385400.0
2012-06-11 18:00:00,348600.0
2012-06-11 19:00:00,335000.0
2012-06-11 20:00:00,328700.0
2012-06-11 21:00:00,333900.0
2012-06-11 22:00:00,290600.0
2012-06-11 23:00:00,193400.0
2012-06-12 00:00:00,128000.0
2012-06-12 01:00:00,77300.0
2012-06-12 02:00:00,74400.0
2012-06-12 03:00:00,72000.0
2012-06-12 04:00:00,70900.0
2012-06-12 05:00:00,68300.0
2012-06-12 06:00:00,62200.0
2012-06-12 07:00:00,55300.0
2012-06-12 08:00:00,65700.0
2012-06-12 09:00:00,177200.0
2012-06-12 10:00:00,279000.0
2012-06-12 11:00:00,301900.0
2012-06-12 12:00:00,313900.0
2012-06-12 13:00:00,349200.0
2012-06-12 14:00:00,352700.0
2012-06-12 15:00:00,386800.0
2012-06-12 16:00:00,387200.0
2012-06-12 17:00:00,418800.0
2012-06-12 18:00:00,401400.0
2012-06-12 19:00:00,365700.0
2012-06-12 20:00:00,329300.0
2012-06-12 21:00:00,339400.0
2012-06-12 22:00:00,298000.0
2012-06-12 23:00:00,190700.0
2012-06-13 00:00:00,129500.0
2012-06-13 01:00:00,77800.0
2012-06-13 02:00:00,74800.0
2012-06-13 03:00:00,72300.0
2012-06-13 04:00:00,70500.0
2012-06-13 05:00:00,67900.0
2012-06-13 06:00:00,62000.0
2012-06-13 07:00:00,56200.0
2012-06-13 08:00:00,63300.0
2012-06-13 09:00:00,176300.0
2012-06-13 10:00:00,225300.0
2012-06-13 11:00:00,429900.0
2012-06-13 12:00:00,372400.0
2012-06-13 13:00:00,400000.0
2012-06-13 14:00:00,422200.0
2012-06-13 15:00:00,456100.0
2012-06-13 16:00:00,477900.0
2012-06-13 17:00:00,455700.0
2012-06-13 18:00:00,442100.0
2012-06-13 19:00:00,404100.0
2012-06-13 20:00:00,364200.0
2012-06-13 21:00:00,360300.0
2012-06-13 22:00:00,294900.0
2012-06-13 23:00:00,197500.0
2012-06-14 00:00:00,127800.0
2012-06-14 01:00:00,81700.0
2012-06-14 02:00:00,74900.0
2012-06-14 03:00:00,73600.0
2012-06-14 04:00:00,71300.0
2012-06-14 05:00:00,69600.0
2012-06-14 06:00:00,62800.0
2012-06-14 07:00:00,57900.0
2012-06-14 08:00:00,66200.0
2012-06-14 09:00:00,178200.0
2012-06-14 10:00:00,334300.0
2012-06-14 11:00:00,348400.0
2012-06-14 12:00:00,384400.0
2012-06-14 13:00:00,401900.0
2012-06-14 14:00:00,442300.0
2012-06-14 15:00:00,435100.0
2012-06-14 16:00:00,470100.0
2012-06-14 17:00:00,489400.0
2012-06-14 18:00:00,458400.0
2012-06-14 19:00:00,415800.0
2012-06-14 20:00:00,408000.0
2012-06-14 21:00:00,368600.0
2012-06-14 22:00:00,340800.0
2012-06-14 23:00:00,232800.0
2012-06-15 00:00:00,129600.0
2012-06-15 01:00:00,83100.0
2012-06-15 02:00:00,79100.0
2012-06-15 03:00:00,75300.0
2012-06-15 04:00:00,72700.0
2012-06-15 05:00:00,70300.0
2012-06-15 06:00:00,64900.0
2012-06-15 07:00:00,59300.0
2012-06-15 08:00:00,67400.0
2012-06-15 09:00:00,190500.0
2012-06-15 10:00:00,328500.0
2012-06-15 11:00:00,401100.0
2012-06-15 12:00:00,427600.0
2012-06-15 13:00:00,436900.0
2012-06-15 14:00:00,388300.0
2012-06-15 15:00:00,439600.0
2012-06-15 16:00:00,472300.0
2012-06-15 17:00:00,487800.0
2012-06-15 18:00:00,463500.0
2012-06-15 19:00:00,442600.0
2012-06-15 20:00:00,405700.0
2012-06-15 21:00:00,386600.0
2012-06-15 22:00:00,350900.0
2012-06-15 23:00:00,216400.0
2012-06-16 00:00:00,140500.0
2012-06-16 01:00:00,116500.0
2012-06-16 02:00:00,103800.0
2012-06-16 03:00:00,84400.0
2012-06-16 04:00:00,71000.0
2012-06-16 05:00:00,70100.0
2012-06-16 06:00:00,64500.0
2012-06-16 07:00:00,59300.0
2012-06-16 08:00:00,67000.0
2012-06-16 09:00:00,190300.0
2012-06-16 10:00:00,344500.0
2012-06-16 11:00:00,394400.0
2012-06-16 12:00:00,427900.0
2012-06-16 13:00:00,437200.0
2012-06-16 14:00:00,475700.0
2012-06-16 15:00:00,479500.0
2012-06-16 16:00:00,494800.0
2012-06-16 17:00:00,485900.0
2012-06-16 18:00:00,485200.0
2012-06-16 19:00:00,463900.0
2012-06-16 20:00:00,430300.0
2012-06-16 21:00:00,398400.0
2012-06-16 22:00:00,367400.0
2012-06-16 23:00:00,190500.0
2012-06-17 00:00:00,140500.0
2012-06-17 01:00:00,117000.0
2012-06-17 02:00:00,114600.0
2012-06-17 03:00:00,103200.0
2012-06-17 04:00:00,71400.0
2012-06-17 05:00:00,69400.0
2012-06-17 06:00:00,62100.0
2012-06-17 07:00:00,57500.0
2012-06-17 08:00:00,65100.0
2012-06-17 09:00:00,194400.0
2012-06-17 10:00:00,378500.0
2012-06-17 11:00:00,398300.0
2012-06-17 12:00:00,449600.0
2012-06-17 13:00:00,467400.0
2012-06-17 14:00:00,495700.0
2012-06-17 15:00:00,508100.0
2012-06-17 16:00:00,498700.0
2012-06-17 17:00:00,492400.0
2012-06-17 18:00:00,443600.0
2012-06-17 19:00:00,428700.0
2012-06-17 20:00:00,398500.0
2012-06-17 21:00:00,412500.0
2012-06-17 22:00:00,350500.0
2012-06-17 23:00:00,193900.0
2012-06-18 00:00:00,128300.0
2012-06-18 01:00:00,80500.0
2012-06-18 02:00:00,75000.0
2012-06-18 03:00:00,71800.0
2012-06-18 04:00:00,69300.0
2012-06-18 05:00:00,67800.0
2012-06-18 06:00:00,64900.0
2012-06-18 07:00:00,59900.0
2012-06-18 08:00:00,67500.0
2012-06-18 09:00:00,190900.0
2012-06-18 10:00:00,363500.0
2012-06-18 11:00:00,377400.0
2012-06-18 12:00:00,424300.0
2012-06-18 13:00:00,469100.0
2012-06-18 14:00:00,433600.0
2012-06-18 15:00:00,444000.0
2012-06-18 16:00:00,460500.0
2012-06-18 17:00:00,439500.0
2012-06-18 18:00:00,458700.0
2012-06-18 19:00:00,409200.0
2012-06-18 20:00:00,378000.0
2012-06-18 21:00:00,369900.0
2012-06-18 22:00:00,337100.0
2012-06-18 23:00:00,217800.0
2012-06-19 00:00:00,127000.0
2012-06-19 01:00:00,78600.0
2012-06-19 02:00:00,77500.0
2012-06-19 03:00:00,80200.0
2012-06-19 04:00:00,70300.0
2012-06-19 05:00:00,69700.0
2012-06-19 06:00:00,64600.0
2012-06-19 07:00:00,59900.0
2012-06-19 08:00:00,68800.0
2012-06-19 09:00:00,174300.0
2012-06-19 10:00:00,290900.0
2012-06-19 11:00:00,307600.0
2012-06-19 12:00:00,350000.0
2012-06-19 13:00:00,383200.0
2012-06-19 14:00:00,381200.0
2012-06-19 15:00:00,390900.0
2012-06-19 16:00:00,437600.0
2012-06-19 17:00:00,427200.0
2012-06-19 18:00:00,393700.0
2012-06-19 19:00:00,355000.0
2012-06-19 20:00:00,320800.0
2012-06-19 21:00:00,320700.0
2012-06-19 22:00:00,282500.0
2012-06-19 23:00:00,184300.0
2012-06-20 00:00:00,121500.0
2012-06-20 01:00:00,75600.0
2012-06-20 02:00:00,70700.0
2012-06-20 03:00:00,67000.0
2012-06-20 04:00:00,65100.0
2012-06-20 05:00:00,63000.0
2012-06-20 06:00:00,58300.0
2012-06-20 07:00:00,51700.0
2012-06-20 08:00:00,59800.0
2012-06-20 09:00:00,170100.0
2012-06-20 10:00:00,225300.0
2012-06-20 11:00:00,250500.0
2012-06-20 12:00:00,410400.0
2012-06-20 13:00:00,346000.0
2012-06-20 14:00:00,344000.0
2012-06-20 15:00:00,351300.0
2012-06-20 16:00:00,347000.0
2012-06-20 17:00:00,335600.0
2012-06-20 18:00:00,337900.0
2012-06-20 19:00:00,330300.0
2012-06-20 20:00:00,326900.0
2012-06-20 21:00:00,344100.0
2012-06-20 22:00:00,313300.0
2012-06-20 23:00:00,198300.0
2012-06-21 00:00:00,123900.0
2012-06-21 01:00:00,75100.0
2012-06-21 02:00:00,68900.0
2012-06-21 03:00:00,66500.0
2012-06-21 04:00:00,66200.0
2012-06-21 05:00:00,64500.0
2012-06-21 06:00:00,59000.0
2012-06-21 07:00:00,55100.0
2012-06-21 08:00:00,63500.0
2012-06-21 09:00:00,174900.0
2012-06-21 10:00:00,242600.0
2012-06-21 11:00:00,319500.0
2012-06-21 12:00:00,457700.0
2012-06-21 13:00:00,427600.0
2012-06-21 14:00:00,422400.0
2012-06-21 15:00:00,419800.0
2012-06-21 16:00:00,418700.0
2012-06-21 17:00:00,440100.0
2012-06-21 18:00:00,443200.0
2012-06-21 19:00:00,423900.0
2012-06-21 20:00:00,376300.0
2012-06-21 21:00:00,352100.0
2012-06-21 22:00:00,288100.0
2012-06-21 23:00:00,188200.0
2012-06-22 00:00:00,122900.0
2012-06-22 01:00:00,74700.0
2012-06-22 02:00:00,70500.0
2012-06-22 03:00:00,67300.0
2012-06-22 04:00:00,66000.0
2012-06-22 05:00:00,64900.0
2012-06-22 06:00:00,58100.0
2012-06-22 07:00:00,52300.0
2012-06-22 08:00:00,61600.0
2012-06-22 09:00:00,169500.0
2012-06-22 10:00:00,226500.0
2012-06-22 11:00:00,404000.0
2012-06-22 12:00:00,376500.0
2012-06-22 13:00:00,438900.0
2012-06-22 14:00:00,468200.0
2012-06-22 15:00:00,482400.0
2012-06-22 16:00:00,489200.0
2012-06-22 17:00:00,483500.0
2012-06-22 18:00:00,451400.0
2012-06-22 19:00:00,440500.0
2012-06-22 20:00:00,395100.0
2012-06-22 21:00:00,396600.0
2012-06-22 22:00:00,325700.0
2012-06-22 23:00:00,196500.0
2012-06-23 00:00:00,134500.0
2012-06-23 01:00:00,111700.0
2012-06-23 02:00:00,98400.0
2012-06-23 03:00:00,77200.0
2012-06-23 04:00:00,63000.0
2012-06-23 05:00:00,61400.0
2012-06-23 06:00:00,56600.0
2012-06-23 07:00:00,50500.0
2012-06-23 08:00:00,60100.0
2012-06-23 09:00:00,176200.0
2012-06-23 10:00:00,241800.0
2012-06-23 11:00:00,486200.0
2012-06-23 12:00:00,434600.0
2012-06-23 13:00:00,407000.0
2012-06-23 14:00:00,433400.0
2012-06-23 15:00:00,451100.0
2012-06-23 16:00:00,468000.0
2012-06-23 17:00:00,497400.0
2012-06-23 18:00:00,473700.0
2012-06-23 19:00:00,464400.0
2012-06-23 20:00:00,446600.0
2012-06-23 21:00:00,466800.0
2012-06-23 22:00:00,367500.0
2012-06-23 23:00:00,201900.0
2012-06-24 00:00:00,137000.0
2012-06-24 01:00:00,111600.0
2012-06-24 02:00:00,107300.0
2012-06-24 03:00:00,94900.0
2012-06-24 04:00:00,64900.0
2012-06-24 05:00:00,61700.0
2012-06-24 06:00:00,57700.0
2012-06-24 07:00:00,51900.0
2012-06-24 08:00:00,61500.0
2012-06-24 09:00:00,182300.0
2012-06-24 10:00:00,282600.0
2012-06-24 11:00:00,514400.0
2012-06-24 12:00:00,454400.0
2012-06-24 13:00:00,468700.0
2012-06-24 14:00:00,507900.0
2012-06-24 15:00:00,508000.0
2012-06-24 16:00:00,506600.0
2012-06-24 17:00:00,507800.0
2012-06-24 18:00:00,506500.0
2012-06-24 19:00:00,507700.0
2012-06-24 20:00:00,488700.0
2012-06-24 21:00:00,490600.0
2012-06-24 22:00:00,413700.0
2012-06-24 23:00:00,198100.0
2012-06-25 00:00:00,85800.0
2012-06-25 01:00:00,0.0
2012-06-25 02:00:00,0.0
2012-06-25 03:00:00,0.0
2012-06-25 04:00:00,0.0
2012-06-25 05:00:00,34900.0
2012-06-25 06:00:00,49600.0
2012-06-25 07:00:00,59400.0
2012-06-25 08:00:00,66500.0
2012-06-25 09:00:00,207800.0
2012-06-25 10:00:00,483700.0
2012-06-25 11:00:00,508700.0
2012-06-25 12:00:00,558400.0
2012-06-25 13:00:00,561400.0
2012-06-25 14:00:00,561300.0
2012-06-25 15:00:00,541800.0
2012-06-25 16:00:00,530900.0
2012-06-25 17:00:00,537000.0
2012-06-25 18:00:00,537200.0
2012-06-25 19:00:00,530300.0
2012-06-25 20:00:00,495400.0
2012-06-25 21:00:00,512700.0
2012-06-25 22:00:00,383600.0
2012-06-25 23:00:00,211300.0
2012-06-26 00:00:00,96200.0
2012-06-26 01:00:00,59000.0
2012-06-26 02:00:00,70200.0
2012-06-26 03:00:00,123800.0
2012-06-26 04:00:00,118700.0
2012-06-26 05:00:00,103900.0
2012-06-26 06:00:00,100900.0
2012-06-26 07:00:00,99100.0
2012-06-26 08:00:00,100400.0
2012-06-26 09:00:00,186400.0
2012-06-26 10:00:00,506000.0
2012-06-26 11:00:00,508200.0
2012-06-26 12:00:00,591800.0
2012-06-26 13:00:00,597300.0
2012-06-26 14:00:00,608700.0
2012-06-26 15:00:00,608800.0
2012-06-26 16:00:00,590500.0
2012-06-26 17:00:00,593700.0
2012-06-26 18:00:00,551900.0
2012-06-26 19:00:00,511900.0
2012-06-26 20:00:00,529300.0
2012-06-26 21:00:00,532500.0
2012-06-26 22:00:00,510700.0
2012-06-26 23:00:00,185500.0
2012-06-27 00:00:00,125400.0
2012-06-27 01:00:00,21400.0
2012-06-27 02:00:00,74200.0
2012-06-27 03:00:00,69700.0
2012-06-27 04:00:00,67900.0
2012-06-27 05:00:00,67300.0
2012-06-27 06:00:00,61600.0
2012-06-27 07:00:00,56000.0
2012-06-27 08:00:00,65200.0
2012-06-27 09:00:00,265000.0
2012-06-27 10:00:00,469000.0
2012-06-27 11:00:00,512800.0
2012-06-27 12:00:00,519400.0
2012-06-27 13:00:00,581500.0
2012-06-27 14:00:00,633900.0
2012-06-27 15:00:00,596100.0
2012-06-27 16:00:00,579800.0
2012-06-27 17:00:00,564100.0
2012-06-27 18:00:00,555700.0
2012-06-27 19:00:00,540100.0
2012-06-27 20:00:00,516300.0
2012-06-27 21:00:00,514800.0
2012-06-27 22:00:00,440600.0
2012-06-27 23:00:00,281900.0
2012-06-28 00:00:00,149300.0
2012-06-28 01:00:00,102200.0
2012-06-28 02:00:00,98700.0
2012-06-28 03:00:00,94300.0
2012-06-28 04:00:00,92800.0
2012-06-28 05:00:00,90600.0
2012-06-28 06:00:00,85800.0
2012-06-28 07:00:00,80000.0
2012-06-28 08:00:00,88100.0
2012-06-28 09:00:00,345300.0
2012-06-28 10:00:00,476900.0
2012-06-28 11:00:00,505300.0
2012-06-28 12:00:00,534800.0
2012-06-28 13:00:00,562300.0
2012-06-28 14:00:00,592900.0
2012-06-28 15:00:00,616700.0
2012-06-28 16:00:00,628500.0
2012-06-28 17:00:00,597100.0
2012-06-28 18:00:00,556400.0
2012-06-28 19:00:00,504600.0
2012-06-28 20:00:00,467600.0
2012-06-28 21:00:00,459000.0
2012-06-28 22:00:00,389600.0
2012-06-28 23:00:00,217000.0
2012-06-29 00:00:00,150700.0
2012-06-29 01:00:00,104300.0
2012-06-29 02:00:00,99000.0
2012-06-29 03:00:00,93900.0
2012-06-29 04:00:00,90700.0
2012-06-29 05:00:00,88800.0
2012-06-29 06:00:00,84600.0
2012-06-29 07:00:00,78800.0
2012-06-29 08:00:00,88300.0
2012-06-29 09:00:00,264700.0
2012-06-29 10:00:00,308700.0
2012-06-29 11:00:00,502500.0
2012-06-29 12:00:00,419200.0
2012-06-29 13:00:00,467100.0
2012-06-29 14:00:00,483800.0
2012-06-29 15:00:00,513600.0
2012-06-29 16:00:00,501700.0
2012-06-29 17:00:00,517000.0
2012-06-29 18:00:00,497900.0
2012-06-29 19:00:00,452500.0
2012-06-29 20:00:00,405900.0
2012-06-29 21:00:00,411000.0
2012-06-29 22:00:00,349100.0
2012-06-29 23:00:00,257800.0
2012-06-30 00:00:00,174200.0
2012-06-30 01:00:00,141700.0
2012-06-30 02:00:00,126500.0
2012-06-30 03:00:00,105500.0
2012-06-30 04:00:00,93000.0
2012-06-30 05:00:00,92500.0
2012-06-30 06:00:00,87100.0
2012-06-30 07:00:00,80700.0
2012-06-30 08:00:00,89200.0
2012-06-30 09:00:00,269500.0
2012-06-30 10:00:00,416900.0
2012-06-30 11:00:00,398200.0
2012-06-30 12:00:00,403100.0
2012-06-30 13:00:00,434600.0
2012-06-30 14:00:00,471400.0
2012-06-30 15:00:00,462100.0
2012-06-30 16:00:00,462900.0
2012-06-30 17:00:00,470500.0
2012-06-30 18:00:00,442400.0
2012-06-30 19:00:00,417700.0
2012-06-30 20:00:00,379600.0
2012-06-30 21:00:00,385000.0
2012-06-30 22:00:00,317800.0
2012-06-30 23:00:00,234600.0
2012-07-01 00:00:00,170100.0
2012-07-01 01:00:00,139100.0
2012-07-01 02:00:00,134700.0
2012-07-01 03:00:00,121700.0
2012-07-01 04:00:00,90300.0
2012-07-01 05:00:00,87300.0
2012-07-01 06:00:00,84100.0
2012-07-01 07:00:00,79000.0
2012-07-01 08:00:00,87300.0
2012-07-01 09:00:00,257800.0
2012-07-01 10:00:00,363200.0
2012-07-01 11:00:00,373100.0
2012-07-01 12:00:00,406900.0
2012-07-01 13:00:00,435600.0
2012-07-01 14:00:00,488300.0
2012-07-01 15:00:00,490200.0
2012-07-01 16:00:00,478600.0
2012-07-01 17:00:00,499700.0
2012-07-01 18:00:00,478600.0
2012-07-01 19:00:00,449700.0
2012-07-01 20:00:00,398100.0
2012-07-01 21:00:00,392500.0
2012-07-01 22:00:00,341800.0
2012-07-01 23:00:00,226900.0
2012-07-02 00:00:00,162200.0
2012-07-02 01:00:00,99200.0
2012-07-02 02:00:00,92500.0
2012-07-02 03:00:00,89600.0
2012-07-02 04:00:00,88300.0
2012-07-02 05:00:00,87200.0
2012-07-02 06:00:00,81500.0
2012-07-02 07:00:00,76900.0
2012-07-02 08:00:00,86900.0
2012-07-02 09:00:00,269500.0
2012-07-02 10:00:00,420800.0
2012-07-02 11:00:00,483500.0
2012-07-02 12:00:00,534000.0
2012-07-02 13:00:00,540700.0
2012-07-02 14:00:00,531000.0
2012-07-02 15:00:00,539200.0
2012-07-02 16:00:00,512100.0
2012-07-02 17:00:00,539700.0
2012-07-02 18:00:00,545200.0
2012-07-02 19:00:00,510600.0
2012-07-02 20:00:00,471900.0
2012-07-02 21:00:00,489300.0
2012-07-02 22:00:00,414500.0
2012-07-02 23:00:00,271100.0
2012-07-03 00:00:00,165500.0
2012-07-03 01:00:00,104700.0
2012-07-03 02:00:00,98200.0
2012-07-03 03:00:00,92600.0
2012-07-03 04:00:00,87200.0
2012-07-03 05:00:00,85300.0
2012-07-03 06:00:00,82500.0
2012-07-03 07:00:00,76600.0
2012-07-03 08:00:00,85500.0
2012-07-03 09:00:00,273800.0
2012-07-03 10:00:00,475000.0
2012-07-03 11:00:00,490300.0
2012-07-03 12:00:00,543200.0
2012-07-03 13:00:00,564200.0
2012-07-03 14:00:00,573300.0
2012-07-03 15:00:00,535300.0
2012-07-03 16:00:00,554600.0
2012-07-03 17:00:00,569200.0
2012-07-03 18:00:00,580500.0
2012-07-03 19:00:00,555800.0
2012-07-03 20:00:00,483400.0
2012-07-03 21:00:00,482400.0
2012-07-03 22:00:00,393200.0
2012-07-03 23:00:00,268100.0
2012-07-04 00:00:00,190700.0
2012-07-04 01:00:00,128800.0
2012-07-04 02:00:00,118600.0
2012-07-04 03:00:00,107800.0
2012-07-04 04:00:00,93500.0
2012-07-04 05:00:00,91000.0
2012-07-04 06:00:00,86700.0
2012-07-04 07:00:00,79800.0
2012-07-04 08:00:00,89800.0
2012-07-04 09:00:00,267400.0
2012-07-04 10:00:00,408200.0
2012-07-04 11:00:00,451400.0
2012-07-04 12:00:00,499100.0
2012-07-04 13:00:00,545900.0
2012-07-04 14:00:00,568200.0
2012-07-04 15:00:00,554800.0
2012-07-04 16:00:00,593700.0
2012-07-04 17:00:00,549500.0
2012-07-04 18:00:00,526300.0
2012-07-04 19:00:00,499700.0
2012-07-04 20:00:00,463200.0
2012-07-04 21:00:00,433600.0
2012-07-04 22:00:00,368600.0
2012-07-04 23:00:00,262800.0
2012-07-05 00:00:00,163100.0
2012-07-05 01:00:00,101000.0
2012-07-05 02:00:00,96600.0
2012-07-05 03:00:00,93500.0
2012-07-05 04:00:00,92100.0
2012-07-05 05:00:00,89000.0
2012-07-05 06:00:00,83400.0
2012-07-05 07:00:00,78100.0
2012-07-05 08:00:00,88100.0
2012-07-05 09:00:00,265600.0
2012-07-05 10:00:00,395100.0
2012-07-05 11:00:00,369800.0
2012-07-05 12:00:00,426500.0
2012-07-05 13:00:00,442700.0
2012-07-05 14:00:00,461100.0
2012-07-05 15:00:00,512000.0
2012-07-05 16:00:00,512000.0
2012-07-05 17:00:00,499000.0
2012-07-05 18:00:00,501400.0
2012-07-05 19:00:00,458800.0
2012-07-05 20:00:00,400500.0
2012-07-05 21:00:00,396400.0
2012-07-05 22:00:00,323900.0
2012-07-05 23:00:00,246500.0
2012-07-06 00:00:00,166400.0
2012-07-06 01:00:00,113600.0
2012-07-06 02:00:00,101000.0
2012-07-06 03:00:00,94700.0
2012-07-06 04:00:00,91700.0
2012-07-06 05:00:00,92400.0
2012-07-06 06:00:00,87200.0
2012-07-06 07:00:00,83100.0
2012-07-06 08:00:00,91400.0
2012-07-06 09:00:00,298400.0
2012-07-06 10:00:00,357200.0
2012-07-06 11:00:00,381300.0
2012-07-06 12:00:00,414200.0
2012-07-06 13:00:00,477900.0
2012-07-06 14:00:00,492500.0
2012-07-06 15:00:00,528000.0
2012-07-06 16:00:00,549200.0
2012-07-06 17:00:00,537900.0
2012-07-06 18:00:00,520500.0
2012-07-06 19:00:00,484400.0
2012-07-06 20:00:00,453300.0
2012-07-06 21:00:00,424200.0
2012-07-06 22:00:00,371200.0
2012-07-06 23:00:00,260300.0
2012-07-07 00:00:00,187100.0
2012-07-07 01:00:00,151500.0
2012-07-07 02:00:00,134600.0
2012-07-07 03:00:00,103000.0
2012-07-07 04:00:00,91800.0
2012-07-07 05:00:00,89500.0
2012-07-07 06:00:00,84500.0
2012-07-07 07:00:00,78700.0
2012-07-07 08:00:00,86800.0
2012-07-07 09:00:00,267000.0
2012-07-07 10:00:00,411900.0
2012-07-07 11:00:00,432600.0
2012-07-07 12:00:00,474800.0
2012-07-07 13:00:00,486800.0
2012-07-07 14:00:00,512400.0
2012-07-07 15:00:00,538400.0
2012-07-07 16:00:00,557100.0
2012-07-07 17:00:00,519600.0
2012-07-07 18:00:00,523200.0
2012-07-07 19:00:00,498200.0
2012-07-07 20:00:00,437400.0
2012-07-07 21:00:00,412800.0
2012-07-07 22:00:00,332000.0
2012-07-07 23:00:00,235100.0
2012-07-08 00:00:00,167100.0
2012-07-08 01:00:00,135600.0
2012-07-08 02:00:00,131500.0
2012-07-08 03:00:00,120500.0
2012-07-08 04:00:00,91000.0
2012-07-08 05:00:00,88400.0
2012-07-08 06:00:00,84400.0
2012-07-08 07:00:00,78300.0
2012-07-08 08:00:00,86100.0
2012-07-08 09:00:00,261200.0
2012-07-08 10:00:00,397500.0
2012-07-08 11:00:00,397200.0
2012-07-08 12:00:00,427300.0
2012-07-08 13:00:00,430900.0
2012-07-08 14:00:00,425600.0
2012-07-08 15:00:00,464900.0
2012-07-08 16:00:00,500000.0
2012-07-08 17:00:00,515600.0
2012-07-08 18:00:00,505200.0
2012-07-08 19:00:00,457300.0
2012-07-08 20:00:00,397800.0
2012-07-08 21:00:00,404700.0
2012-07-08 22:00:00,355300.0
2012-07-08 23:00:00,239700.0
2012-07-09 00:00:00,185400.0
2012-07-09 01:00:00,119700.0
2012-07-09 02:00:00,94700.0
2012-07-09 03:00:00,91800.0
2012-07-09 04:00:00,90900.0
2012-07-09 05:00:00,89900.0
2012-07-09 06:00:00,85500.0
2012-07-09 07:00:00,78700.0
2012-07-09 08:00:00,87200.0
2012-07-09 09:00:00,268200.0
2012-07-09 10:00:00,374600.0
2012-07-09 11:00:00,390600.0
2012-07-09 12:00:00,420000.0
2012-07-09 13:00:00,423400.0
2012-07-09 14:00:00,494200.0
2012-07-09 15:00:00,480400.0
2012-07-09 16:00:00,508200.0
2012-07-09 17:00:00,538600.0
2012-07-09 18:00:00,502500.0
2012-07-09 19:00:00,455000.0
2012-07-09 20:00:00,399700.0
2012-07-09 21:00:00,385900.0
2012-07-09 22:00:00,331900.0
2012-07-09 23:00:00,246300.0
2012-07-10 00:00:00,181400.0
2012-07-10 01:00:00,114600.0
2012-07-10 02:00:00,97600.0
2012-07-10 03:00:00,94100.0
2012-07-10 04:00:00,90800.0
2012-07-10 05:00:00,88500.0
2012-07-10 06:00:00,82700.0
2012-07-10 07:00:00,76600.0
2012-07-10 08:00:00,86300.0
2012-07-10 09:00:00,262200.0
2012-07-10 10:00:00,372400.0
2012-07-10 11:00:00,392800.0
2012-07-10 12:00:00,430600.0
2012-07-10 13:00:00,423300.0
2012-07-10 14:00:00,436100.0
2012-07-10 15:00:00,478700.0
2012-07-10 16:00:00,522100.0
2012-07-10 17:00:00,507500.0
2012-07-10 18:00:00,464900.0
2012-07-10 19:00:00,441900.0
2012-07-10 20:00:00,415200.0
2012-07-10 21:00:00,402600.0
2012-07-10 22:00:00,353100.0
2012-07-10 23:00:00,255100.0
2012-07-11 00:00:00,187600.0
2012-07-11 01:00:00,112400.0
2012-07-11 02:00:00,94100.0
2012-07-11 03:00:00,91700.0
2012-07-11 04:00:00,89000.0
2012-07-11 05:00:00,87100.0
2012-07-11 06:00:00,82000.0
2012-07-11 07:00:00,77100.0
2012-07-11 08:00:00,83600.0
2012-07-11 09:00:00,257200.0
2012-07-11 10:00:00,340500.0
2012-07-11 11:00:00,361600.0
2012-07-11 12:00:00,387000.0
2012-07-11 13:00:00,470800.0
2012-07-11 14:00:00,498800.0
2012-07-11 15:00:00,526300.0
2012-07-11 16:00:00,555300.0
2012-07-11 17:00:00,544500.0
2012-07-11 18:00:00,526500.0
2012-07-11 19:00:00,471400.0
2012-07-11 20:00:00,450100.0
2012-07-11 21:00:00,421600.0
2012-07-11 22:00:00,349000.0
2012-07-11 23:00:00,261800.0
2012-07-12 00:00:00,180600.0
2012-07-12 01:00:00,114600.0
2012-07-12 02:00:00,108100.0
2012-07-12 03:00:00,106700.0
2012-07-12 04:00:00,93900.0
2012-07-12 05:00:00,90600.0
2012-07-12 06:00:00,84800.0
2012-07-12 07:00:00,80200.0
2012-07-12 08:00:00,88500.0
2012-07-12 09:00:00,259900.0
2012-07-12 10:00:00,378400.0
2012-07-12 11:00:00,403100.0
2012-07-12 12:00:00,503400.0
2012-07-12 13:00:00,546600.0
2012-07-12 14:00:00,546400.0
2012-07-12 15:00:00,560500.0
2012-07-12 16:00:00,569500.0
2012-07-12 17:00:00,565000.0
2012-07-12 18:00:00,570600.0
2012-07-12 19:00:00,562100.0
2012-07-12 20:00:00,518600.0
2012-07-12 21:00:00,495300.0
2012-07-12 22:00:00,407700.0
2012-07-12 23:00:00,266200.0
2012-07-13 00:00:00,190700.0
2012-07-13 01:00:00,115300.0
2012-07-13 02:00:00,110400.0
2012-07-13 03:00:00,109900.0
2012-07-13 04:00:00,95100.0
2012-07-13 05:00:00,89000.0
2012-07-13 06:00:00,83600.0
2012-07-13 07:00:00,77700.0
2012-07-13 08:00:00,86000.0
2012-07-13 09:00:00,261900.0
2012-07-13 10:00:00,413200.0
2012-07-13 11:00:00,443200.0
2012-07-13 12:00:00,498500.0
2012-07-13 13:00:00,544900.0
2012-07-13 14:00:00,579300.0
2012-07-13 15:00:00,600000.0
2012-07-13 16:00:00,637500.0
2012-07-13 17:00:00,625000.0
2012-07-13 18:00:00,584600.0
2012-07-13 19:00:00,525000.0
2012-07-13 20:00:00,477400.0
2012-07-13 21:00:00,474800.0
2012-07-13 22:00:00,384900.0
2012-07-13 23:00:00,280200.0
2012-07-14 00:00:00,201500.0
2012-07-14 01:00:00,140000.0
2012-07-14 02:00:00,109300.0
2012-07-14 03:00:00,97700.0
2012-07-14 04:00:00,90400.0
2012-07-14 05:00:00,87900.0
2012-07-14 06:00:00,83100.0
2012-07-14 07:00:00,78400.0
2012-07-14 08:00:00,85100.0
2012-07-14 09:00:00,264300.0
2012-07-14 10:00:00,421000.0
2012-07-14 11:00:00,412100.0
2012-07-14 12:00:00,481300.0
2012-07-14 13:00:00,520900.0
2012-07-14 14:00:00,545800.0
2012-07-14 15:00:00,557600.0
2012-07-14 16:00:00,537800.0
2012-07-14 17:00:00,549800.0
2012-07-14 18:00:00,526400.0
2012-07-14 19:00:00,503000.0
2012-07-14 20:00:00,457300.0
2012-07-14 21:00:00,425800.0
2012-07-14 22:00:00,370900.0
2012-07-14 23:00:00,240600.0
2012-07-15 00:00:00,170000.0
2012-07-15 01:00:00,139500.0
2012-07-15 02:00:00,134500.0
2012-07-15 03:00:00,128800.0
2012-07-15 04:00:00,92800.0
2012-07-15 05:00:00,87100.0
2012-07-15 06:00:00,81600.0
2012-07-15 07:00:00,77900.0
2012-07-15 08:00:00,86800.0
2012-07-15 09:00:00,259900.0
2012-07-15 10:00:00,402200.0
2012-07-15 11:00:00,449800.0
2012-07-15 12:00:00,508700.0
2012-07-15 13:00:00,554300.0
2012-07-15 14:00:00,548700.0
2012-07-15 15:00:00,522400.0
2012-07-15 16:00:00,534700.0
2012-07-15 17:00:00,536300.0
2012-07-15 18:00:00,561000.0
2012-07-15 19:00:00,539200.0
2012-07-15 20:00:00,519000.0
2012-07-15 21:00:00,517000.0
2012-07-15 22:00:00,417500.0
2012-07-15 23:00:00,255600.0
2012-07-16 00:00:00,166900.0
2012-07-16 01:00:00,116600.0
2012-07-16 02:00:00,110800.0
2012-07-16 03:00:00,107300.0
2012-07-16 04:00:00,92800.0
2012-07-16 05:00:00,87600.0
2012-07-16 06:00:00,84100.0
2012-07-16 07:00:00,78400.0
2012-07-16 08:00:00,88100.0
2012-07-16 09:00:00,279100.0
2012-07-16 10:00:00,553100.0
2012-07-16 11:00:00,554800.0
2012-07-16 12:00:00,582600.0
2012-07-16 13:00:00,601700.0
2012-07-16 14:00:00,605800.0
2012-07-16 15:00:00,605900.0
2012-07-16 16:00:00,601600.0
2012-07-16 17:00:00,605600.0
2012-07-16 18:00:00,604300.0
2012-07-16 19:00:00,598300.0
2012-07-16 20:00:00,563100.0
2012-07-16 21:00:00,557600.0
2012-07-16 22:00:00,458300.0
2012-07-16 23:00:00,303800.0
2012-07-17 00:00:00,209800.0
2012-07-17 01:00:00,117000.0
2012-07-17 02:00:00,112400.0
2012-07-17 03:00:00,114400.0
2012-07-17 04:00:00,98400.0
2012-07-17 05:00:00,87200.0
2012-07-17 06:00:00,85000.0
2012-07-17 07:00:00,79000.0
2012-07-17 08:00:00,85600.0
2012-07-17 09:00:00,298800.0
2012-07-17 10:00:00,575800.0
2012-07-17 11:00:00,561000.0
2012-07-17 12:00:00,561500.0
2012-07-17 13:00:00,600900.0
2012-07-17 14:00:00,610600.0
2012-07-17 15:00:00,597800.0
2012-07-17 16:00:00,615700.0
2012-07-17 17:00:00,610400.0
2012-07-17 18:00:00,595700.0
2012-07-17 19:00:00,573100.0
2012-07-17 20:00:00,525800.0
2012-07-17 21:00:00,533800.0
2012-07-17 22:00:00,473300.0
2012-07-17 23:00:00,291900.0
2012-07-18 00:00:00,223200.0
2012-07-18 01:00:00,155000.0
2012-07-18 02:00:00,132700.0
2012-07-18 03:00:00,109900.0
2012-07-18 04:00:00,93400.0
2012-07-18 05:00:00,87500.0
2012-07-18 06:00:00,81600.0
2012-07-18 07:00:00,76500.0
2012-07-18 08:00:00,96000.0
2012-07-18 09:00:00,377900.0
2012-07-18 10:00:00,467200.0
2012-07-18 11:00:00,582100.0
2012-07-18 12:00:00,605600.0
2012-07-18 13:00:00,635100.0
2012-07-18 14:00:00,654000.0
2012-07-18 15:00:00,608800.0
2012-07-18 16:00:00,575400.0
2012-07-18 17:00:00,586900.0
2012-07-18 18:00:00,580800.0
2012-07-18 19:00:00,559800.0
2012-07-18 20:00:00,532500.0
2012-07-18 21:00:00,593400.0
2012-07-18 22:00:00,545600.0
2012-07-18 23:00:00,298600.0
2012-07-19 00:00:00,229500.0
2012-07-19 01:00:00,155900.0
2012-07-19 02:00:00,129200.0
2012-07-19 03:00:00,110800.0
2012-07-19 04:00:00,96100.0
2012-07-19 05:00:00,89800.0
2012-07-19 06:00:00,84000.0
2012-07-19 07:00:00,80000.0
2012-07-19 08:00:00,97700.0
2012-07-19 09:00:00,381700.0
2012-07-19 10:00:00,509200.0
2012-07-19 11:00:00,559100.0
2012-07-19 12:00:00,616200.0
2012-07-19 13:00:00,619400.0
2012-07-19 14:00:00,582100.0
2012-07-19 15:00:00,597800.0
2012-07-19 16:00:00,620600.0
2012-07-19 17:00:00,631200.0
2012-07-19 18:00:00,635900.0
2012-07-19 19:00:00,652900.0
2012-07-19 20:00:00,599400.0
2012-07-19 21:00:00,574900.0
2012-07-19 22:00:00,500400.0
2012-07-19 23:00:00,282900.0
2012-07-20 00:00:00,210600.0
2012-07-20 01:00:00,154200.0
2012-07-20 02:00:00,125800.0
2012-07-20 03:00:00,111800.0
2012-07-20 04:00:00,96000.0
2012-07-20 05:00:00,89400.0
2012-07-20 06:00:00,86300.0
2012-07-20 07:00:00,82400.0
2012-07-20 08:00:00,98700.0
2012-07-20 09:00:00,343900.0
2012-07-20 10:00:00,454000.0
2012-07-20 11:00:00,510000.0
2012-07-20 12:00:00,534200.0
2012-07-20 13:00:00,584700.0
2012-07-20 14:00:00,617500.0
2012-07-20 15:00:00,601800.0
2012-07-20 16:00:00,587000.0
2012-07-20 17:00:00,591300.0
2012-07-20 18:00:00,607800.0
2012-07-20 19:00:00,597500.0
2012-07-20 20:00:00,508600.0
2012-07-20 21:00:00,511600.0
2012-07-20 22:00:00,458200.0
2012-07-20 23:00:00,278600.0
2012-07-21 00:00:00,214700.0
2012-07-21 01:00:00,145700.0
2012-07-21 02:00:00,112100.0
2012-07-21 03:00:00,98100.0
2012-07-21 04:00:00,90700.0
2012-07-21 05:00:00,87200.0
2012-07-21 06:00:00,82400.0
2012-07-21 07:00:00,78700.0
2012-07-21 08:00:00,95800.0
2012-07-21 09:00:00,338400.0
2012-07-21 10:00:00,467600.0
2012-07-21 11:00:00,539600.0
2012-07-21 12:00:00,594100.0
2012-07-21 13:00:00,620500.0
2012-07-21 14:00:00,648400.0
2012-07-21 15:00:00,660800.0
2012-07-21 16:00:00,681300.0
2012-07-21 17:00:00,673500.0
2012-07-21 18:00:00,656800.0
2012-07-21 19:00:00,597700.0
2012-07-21 20:00:00,550800.0
2012-07-21 21:00:00,541200.0
2012-07-21 22:00:00,491000.0
2012-07-21 23:00:00,263000.0
2012-07-22 00:00:00,221800.0
2012-07-22 01:00:00,157400.0
2012-07-22 02:00:00,132600.0
2012-07-22 03:00:00,128800.0
2012-07-22 04:00:00,91900.0
2012-07-22 05:00:00,86200.0
2012-07-22 06:00:00,81700.0
2012-07-22 07:00:00,77400.0
2012-07-22 08:00:00,95600.0
2012-07-22 09:00:00,341100.0
2012-07-22 10:00:00,457300.0
2012-07-22 11:00:00,538900.0
2012-07-22 12:00:00,587800.0
2012-07-22 13:00:00,603100.0
2012-07-22 14:00:00,598300.0
2012-07-22 15:00:00,603100.0
2012-07-22 16:00:00,636800.0
2012-07-22 17:00:00,665500.0
2012-07-22 18:00:00,666800.0
2012-07-22 19:00:00,608000.0
2012-07-22 20:00:00,569200.0
2012-07-22 21:00:00,550900.0
2012-07-22 22:00:00,490100.0
2012-07-22 23:00:00,267500.0
2012-07-23 00:00:00,198100.0
2012-07-23 01:00:00,115700.0
2012-07-23 02:00:00,110800.0
2012-07-23 03:00:00,105700.0
2012-07-23 04:00:00,92600.0
2012-07-23 05:00:00,87000.0
2012-07-23 06:00:00,82700.0
2012-07-23 07:00:00,70400.0
2012-07-23 08:00:00,78900.0
2012-07-23 09:00:00,409300.0
2012-07-23 10:00:00,435000.0
2012-07-23 11:00:00,517800.0
2012-07-23 12:00:00,522300.0
2012-07-23 13:00:00,543600.0
2012-07-23 14:00:00,546800.0
2012-07-23 15:00:00,557500.0
2012-07-23 16:00:00,576800.0
2012-07-23 17:00:00,565400.0
2012-07-23 18:00:00,550800.0
2012-07-23 19:00:00,531000.0
2012-07-23 20:00:00,501800.0
2012-07-23 21:00:00,522200.0
2012-07-23 22:00:00,444500.0
2012-07-23 23:00:00,279800.0
2012-07-24 00:00:00,209100.0
2012-07-24 01:00:00,149500.0
2012-07-24 02:00:00,114100.0
2012-07-24 03:00:00,109900.0
2012-07-24 04:00:00,93600.0
2012-07-24 05:00:00,87800.0
2012-07-24 06:00:00,83000.0
2012-07-24 07:00:00,79600.0
2012-07-24 08:00:00,96200.0
2012-07-24 09:00:00,391100.0
2012-07-24 10:00:00,409000.0
2012-07-24 11:00:00,464500.0
2012-07-24 12:00:00,464800.0
2012-07-24 13:00:00,490200.0
2012-07-24 14:00:00,497700.0
2012-07-24 15:00:00,499900.0
2012-07-24 16:00:00,500800.0
2012-07-24 17:00:00,505300.0
2012-07-24 18:00:00,500500.0
2012-07-24 19:00:00,482500.0
2012-07-24 20:00:00,444200.0
2012-07-24 21:00:00,455800.0
2012-07-24 22:00:00,422900.0
2012-07-24 23:00:00,275900.0
2012-07-25 00:00:00,200600.0
2012-07-25 01:00:00,133900.0
2012-07-25 02:00:00,110800.0
2012-07-25 03:00:00,108000.0
2012-07-25 04:00:00,93300.0
2012-07-25 05:00:00,85800.0
2012-07-25 06:00:00,81800.0
2012-07-25 07:00:00,80100.0
2012-07-25 08:00:00,94400.0
2012-07-25 09:00:00,366100.0
2012-07-25 10:00:00,388600.0
2012-07-25 11:00:00,441700.0
2012-07-25 12:00:00,459100.0
2012-07-25 13:00:00,482500.0
2012-07-25 14:00:00,489200.0
2012-07-25 15:00:00,476900.0
2012-07-25 16:00:00,486500.0
2012-07-25 17:00:00,485400.0
2012-07-25 18:00:00,463600.0
2012-07-25 19:00:00,457700.0
2012-07-25 20:00:00,437100.0
2012-07-25 21:00:00,465700.0
2012-07-25 22:00:00,429500.0
2012-07-25 23:00:00,273600.0
2012-07-26 00:00:00,204900.0
2012-07-26 01:00:00,140200.0
2012-07-26 02:00:00,110900.0
2012-07-26 03:00:00,108200.0
2012-07-26 04:00:00,92400.0
2012-07-26 05:00:00,86400.0
2012-07-26 06:00:00,82000.0
2012-07-26 07:00:00,79700.0
2012-07-26 08:00:00,94600.0
2012-07-26 09:00:00,347900.0
2012-07-26 10:00:00,377000.0
2012-07-26 11:00:00,408600.0
2012-07-26 12:00:00,421600.0
2012-07-26 13:00:00,439900.0
2012-07-26 14:00:00,441600.0
2012-07-26 15:00:00,471500.0
2012-07-26 16:00:00,467500.0
2012-07-26 17:00:00,485300.0
2012-07-26 18:00:00,497400.0
2012-07-26 19:00:00,495600.0
2012-07-26 20:00:00,460000.0
2012-07-26 21:00:00,462600.0
2012-07-26 22:00:00,422800.0
2012-07-26 23:00:00,217200.0
2012-07-27 00:00:00,166200.0
2012-07-27 01:00:00,115900.0
2012-07-27 02:00:00,110800.0
2012-07-27 03:00:00,108000.0
2012-07-27 04:00:00,81000.0
2012-07-27 05:00:00,64300.0
2012-07-27 06:00:00,60000.0
2012-07-27 07:00:00,56900.0
2012-07-27 08:00:00,64300.0
2012-07-27 09:00:00,202600.0
2012-07-27 10:00:00,396800.0
2012-07-27 11:00:00,492800.0
2012-07-27 12:00:00,479700.0
2012-07-27 13:00:00,479000.0
2012-07-27 14:00:00,475700.0
2012-07-27 15:00:00,495900.0
2012-07-27 16:00:00,493800.0
2012-07-27 17:00:00,492000.0
2012-07-27 18:00:00,476400.0
2012-07-27 19:00:00,456600.0
2012-07-27 20:00:00,441700.0
2012-07-27 21:00:00,434700.0
2012-07-27 22:00:00,404700.0
2012-07-27 23:00:00,251500.0
2012-07-28 00:00:00,171600.0
2012-07-28 01:00:00,122100.0
2012-07-28 02:00:00,91200.0
2012-07-28 03:00:00,76700.0
2012-07-28 04:00:00,67700.0
2012-07-28 05:00:00,62200.0
2012-07-28 06:00:00,56100.0
2012-07-28 07:00:00,52100.0
2012-07-28 08:00:00,69400.0
2012-07-28 09:00:00,210800.0
2012-07-28 10:00:00,399400.0
2012-07-28 11:00:00,435000.0
2012-07-28 12:00:00,433200.0
2012-07-28 13:00:00,445100.0
2012-07-28 14:00:00,460600.0
2012-07-28 15:00:00,459700.0
2012-07-28 16:00:00,495300.0
2012-07-28 17:00:00,512700.0
2012-07-28 18:00:00,523700.0
2012-07-28 19:00:00,487000.0
2012-07-28 20:00:00,430900.0
2012-07-28 21:00:00,425000.0
2012-07-28 22:00:00,403300.0
2012-07-28 23:00:00,237000.0
2012-07-29 00:00:00,177000.0
2012-07-29 01:00:00,118500.0
2012-07-29 02:00:00,111200.0
2012-07-29 03:00:00,105100.0
2012-07-29 04:00:00,66700.0
2012-07-29 05:00:00,60600.0
2012-07-29 06:00:00,55900.0
2012-07-29 07:00:00,53600.0
2012-07-29 08:00:00,71600.0
2012-07-29 09:00:00,200000.0
2012-07-29 10:00:00,439700.0
2012-07-29 11:00:00,485500.0
2012-07-29 12:00:00,512800.0
2012-07-29 13:00:00,540800.0
2012-07-29 14:00:00,517400.0
2012-07-29 15:00:00,542300.0
2012-07-29 16:00:00,563500.0
2012-07-29 17:00:00,607500.0
2012-07-29 18:00:00,591000.0
2012-07-29 19:00:00,557800.0
2012-07-29 20:00:00,498000.0
2012-07-29 21:00:00,470700.0
2012-07-29 22:00:00,395200.0
2012-07-29 23:00:00,237200.0
2012-07-30 00:00:00,176100.0
2012-07-30 01:00:00,98300.0
2012-07-30 02:00:00,89300.0
2012-07-30 03:00:00,83200.0
2012-07-30 04:00:00,66300.0
2012-07-30 05:00:00,60100.0
2012-07-30 06:00:00,54600.0
2012-07-30 07:00:00,53000.0
2012-07-30 08:00:00,72500.0
2012-07-30 09:00:00,264900.0
2012-07-30 10:00:00,425000.0
2012-07-30 11:00:00,494200.0
2012-07-30 12:00:00,536700.0
2012-07-30 13:00:00,529400.0
2012-07-30 14:00:00,507800.0
2012-07-30 15:00:00,512800.0
2012-07-30 16:00:00,529000.0
2012-07-30 17:00:00,558500.0
2012-07-30 18:00:00,574100.0
2012-07-30 19:00:00,567900.0
2012-07-30 20:00:00,528900.0
2012-07-30 21:00:00,480700.0
2012-07-30 22:00:00,444500.0
2012-07-30 23:00:00,280100.0
2012-07-31 00:00:00,199000.0
2012-07-31 01:00:00,112100.0
2012-07-31 02:00:00,87700.0
2012-07-31 03:00:00,84200.0
2012-07-31 04:00:00,68200.0
2012-07-31 05:00:00,61300.0
2012-07-31 06:00:00,55300.0
2012-07-31 07:00:00,54200.0
2012-07-31 08:00:00,70900.0
2012-07-31 09:00:00,264200.0
2012-07-31 10:00:00,412400.0
2012-07-31 11:00:00,492300.0
2012-07-31 12:00:00,507600.0
2012-07-31 13:00:00,533900.0
2012-07-31 14:00:00,559800.0
2012-07-31 15:00:00,560000.0
2012-07-31 16:00:00,579800.0
2012-07-31 17:00:00,576500.0
2012-07-31 18:00:00,578900.0
2012-07-31 19:00:00,577800.0
2012-07-31 20:00:00,524300.0
2012-07-31 21:00:00,484100.0
2012-07-31 22:00:00,425700.0
2012-07-31 23:00:00,284100.0
2012-08-01 00:00:00,208300.0
2012-08-01 01:00:00,106400.0
2012-08-01 02:00:00,89100.0
2012-08-01 03:00:00,85200.0
2012-08-01 04:00:00,70000.0
2012-08-01 05:00:00,61500.0
2012-08-01 06:00:00,56300.0
2012-08-01 07:00:00,53500.0
2012-08-01 08:00:00,71600.0
2012-08-01 09:00:00,218400.0
2012-08-01 10:00:00,407900.0
2012-08-01 11:00:00,418200.0
2012-08-01 12:00:00,467300.0
2012-08-01 13:00:00,526400.0
2012-08-01 14:00:00,557400.0
2012-08-01 15:00:00,584200.0
2012-08-01 16:00:00,619900.0
2012-08-01 17:00:00,611500.0
2012-08-01 18:00:00,576000.0
2012-08-01 19:00:00,552200.0
2012-08-01 20:00:00,504300.0
2012-08-01 21:00:00,494900.0
2012-08-01 22:00:00,470800.0
2012-08-01 23:00:00,293800.0
2012-08-02 00:00:00,216800.0
2012-08-02 01:00:00,153400.0
2012-08-02 02:00:00,147700.0
2012-08-02 03:00:00,101500.0
2012-08-02 04:00:00,69500.0
2012-08-02 05:00:00,60600.0
2012-08-02 06:00:00,57700.0
2012-08-02 07:00:00,54900.0
2012-08-02 08:00:00,71500.0
2012-08-02 09:00:00,226500.0
2012-08-02 10:00:00,432300.0
2012-08-02 11:00:00,495300.0
2012-08-02 12:00:00,527200.0
2012-08-02 13:00:00,567300.0
2012-08-02 14:00:00,608100.0
2012-08-02 15:00:00,623300.0
2012-08-02 16:00:00,644600.0
2012-08-02 17:00:00,635000.0
2012-08-02 18:00:00,612700.0
2012-08-02 19:00:00,582800.0
2012-08-02 20:00:00,516000.0
2012-08-02 21:00:00,482100.0
2012-08-02 22:00:00,473500.0
2012-08-02 23:00:00,285000.0
2012-08-03 00:00:00,149200.0
2012-08-03 01:00:00,95700.0
2012-08-03 02:00:00,91600.0
2012-08-03 03:00:00,87200.0
2012-08-03 04:00:00,72300.0
2012-08-03 05:00:00,63500.0
2012-08-03 06:00:00,57700.0
2012-08-03 07:00:00,55800.0
2012-08-03 08:00:00,71600.0
2012-08-03 09:00:00,211100.0
2012-08-03 10:00:00,444400.0
2012-08-03 11:00:00,483100.0
2012-08-03 12:00:00,531100.0
2012-08-03 13:00:00,568900.0
2012-08-03 14:00:00,593200.0
2012-08-03 15:00:00,614700.0
2012-08-03 16:00:00,635800.0
2012-08-03 17:00:00,646700.0
2012-08-03 18:00:00,596700.0
2012-08-03 19:00:00,555300.0
2012-08-03 20:00:00,513500.0
2012-08-03 21:00:00,493300.0
2012-08-03 22:00:00,452500.0
2012-08-03 23:00:00,284500.0
2012-08-04 00:00:00,192900.0
2012-08-04 01:00:00,103500.0
2012-08-04 02:00:00,90500.0
2012-08-04 03:00:00,78000.0
2012-08-04 04:00:00,68200.0
2012-08-04 05:00:00,63700.0
2012-08-04 06:00:00,58100.0
2012-08-04 07:00:00,53500.0
2012-08-04 08:00:00,71000.0
2012-08-04 09:00:00,213900.0
2012-08-04 10:00:00,436300.0
2012-08-04 11:00:00,476100.0
2012-08-04 12:00:00,510100.0
2012-08-04 13:00:00,545500.0
2012-08-04 14:00:00,562200.0
2012-08-04 15:00:00,599400.0
2012-08-04 16:00:00,618600.0
2012-08-04 17:00:00,619100.0
2012-08-04 18:00:00,597200.0
2012-08-04 19:00:00,520900.0
2012-08-04 20:00:00,466600.0
2012-08-04 21:00:00,477900.0
2012-08-04 22:00:00,447700.0
2012-08-04 23:00:00,260500.0
2012-08-05 00:00:00,147700.0
2012-08-05 01:00:00,118900.0
2012-08-05 02:00:00,114100.0
2012-08-05 03:00:00,106400.0
2012-08-05 04:00:00,69000.0
2012-08-05 05:00:00,60900.0
2012-08-05 06:00:00,56200.0
2012-08-05 07:00:00,53400.0
2012-08-05 08:00:00,70800.0
2012-08-05 09:00:00,201900.0
2012-08-05 10:00:00,452100.0
2012-08-05 11:00:00,469500.0
2012-08-05 12:00:00,472200.0
2012-08-05 13:00:00,492300.0
2012-08-05 14:00:00,509800.0
2012-08-05 15:00:00,508300.0
2012-08-05 16:00:00,514500.0
2012-08-05 17:00:00,502300.0
2012-08-05 18:00:00,469500.0
2012-08-05 19:00:00,449100.0
2012-08-05 20:00:00,416200.0
2012-08-05 21:00:00,419900.0
2012-08-05 22:00:00,383700.0
2012-08-05 23:00:00,250800.0
2012-08-06 00:00:00,169100.0
2012-08-06 01:00:00,94000.0
2012-08-06 02:00:00,88000.0
2012-08-06 03:00:00,83800.0
2012-08-06 04:00:00,67900.0
2012-08-06 05:00:00,60100.0
2012-08-06 06:00:00,57400.0
2012-08-06 07:00:00,54600.0
2012-08-06 08:00:00,71900.0
2012-08-06 09:00:00,204300.0
2012-08-06 10:00:00,385200.0
2012-08-06 11:00:00,405200.0
2012-08-06 12:00:00,443300.0
2012-08-06 13:00:00,498400.0
2012-08-06 14:00:00,489600.0
2012-08-06 15:00:00,491100.0
2012-08-06 16:00:00,521100.0
2012-08-06 17:00:00,515700.0
2012-08-06 18:00:00,544600.0
2012-08-06 19:00:00,506000.0
2012-08-06 20:00:00,468700.0
2012-08-06 21:00:00,438600.0
2012-08-06 22:00:00,431900.0
2012-08-06 23:00:00,284500.0
2012-08-07 00:00:00,184800.0
2012-08-07 01:00:00,94200.0
2012-08-07 02:00:00,86600.0
2012-08-07 03:00:00,78200.0
2012-08-07 04:00:00,63900.0
2012-08-07 05:00:00,59300.0
2012-08-07 06:00:00,55000.0
2012-08-07 07:00:00,50700.0
2012-08-07 08:00:00,70300.0
2012-08-07 09:00:00,212700.0
2012-08-07 10:00:00,431500.0
2012-08-07 11:00:00,498900.0
2012-08-07 12:00:00,529900.0
2012-08-07 13:00:00,541400.0
2012-08-07 14:00:00,546400.0
2012-08-07 15:00:00,561900.0
2012-08-07 16:00:00,587700.0
2012-08-07 17:00:00,578200.0
2012-08-07 18:00:00,573700.0
2012-08-07 19:00:00,565000.0
2012-08-07 20:00:00,544700.0
2012-08-07 21:00:00,542200.0
2012-08-07 22:00:00,542600.0
2012-08-07 23:00:00,459700.0
2012-08-08 00:00:00,177500.0
2012-08-08 01:00:00,96600.0
2012-08-08 02:00:00,91900.0
2012-08-08 03:00:00,86600.0
2012-08-08 04:00:00,71600.0
2012-08-08 05:00:00,62600.0
2012-08-08 06:00:00,57600.0
2012-08-08 07:00:00,54900.0
2012-08-08 08:00:00,70200.0
2012-08-08 09:00:00,307800.0
2012-08-08 10:00:00,458200.0
2012-08-08 11:00:00,625200.0
2012-08-08 12:00:00,632700.0
2012-08-08 13:00:00,636400.0
2012-08-08 14:00:00,636800.0
2012-08-08 15:00:00,637200.0
2012-08-08 16:00:00,635200.0
2012-08-08 17:00:00,635100.0
2012-08-08 18:00:00,622400.0
2012-08-08 19:00:00,581600.0
2012-08-08 20:00:00,562800.0
2012-08-08 21:00:00,571500.0
2012-08-08 22:00:00,545900.0
2012-08-08 23:00:00,391700.0
2012-08-09 00:00:00,170200.0
2012-08-09 01:00:00,95400.0
2012-08-09 02:00:00,88000.0
2012-08-09 03:00:00,82100.0
2012-08-09 04:00:00,67000.0
2012-08-09 05:00:00,62000.0
2012-08-09 06:00:00,57900.0
2012-08-09 07:00:00,56000.0
2012-08-09 08:00:00,74700.0
2012-08-09 09:00:00,346400.0
2012-08-09 10:00:00,507400.0
2012-08-09 11:00:00,590600.0
2012-08-09 12:00:00,596800.0
2012-08-09 13:00:00,611800.0
2012-08-09 14:00:00,639100.0
2012-08-09 15:00:00,658800.0
2012-08-09 16:00:00,663900.0
2012-08-09 17:00:00,652400.0
2012-08-09 18:00:00,630100.0
2012-08-09 19:00:00,611200.0
2012-08-09 20:00:00,582400.0
2012-08-09 21:00:00,578200.0
2012-08-09 22:00:00,516100.0
2012-08-09 23:00:00,431500.0
2012-08-10 00:00:00,171100.0
2012-08-10 01:00:00,101000.0
2012-08-10 02:00:00,91700.0
2012-08-10 03:00:00,83900.0
2012-08-10 04:00:00,69700.0
2012-08-10 05:00:00,64500.0
2012-08-10 06:00:00,60100.0
2012-08-10 07:00:00,55400.0
2012-08-10 08:00:00,74500.0
2012-08-10 09:00:00,410100.0
2012-08-10 10:00:00,578000.0
2012-08-10 11:00:00,640900.0
2012-08-10 12:00:00,672900.0
2012-08-10 13:00:00,713600.0
2012-08-10 14:00:00,673200.0
2012-08-10 15:00:00,691900.0
2012-08-10 16:00:00,764000.0
2012-08-10 17:00:00,753900.0
2012-08-10 18:00:00,751500.0
2012-08-10 19:00:00,679200.0
2012-08-10 20:00:00,624300.0
2012-08-10 21:00:00,609500.0
2012-08-10 22:00:00,546700.0
2012-08-10 23:00:00,457800.0
2012-08-11 00:00:00,187200.0
2012-08-11 01:00:00,107100.0
2012-08-11 02:00:00,93200.0
2012-08-11 03:00:00,77800.0
2012-08-11 04:00:00,70700.0
2012-08-11 05:00:00,65500.0
2012-08-11 06:00:00,59500.0
2012-08-11 07:00:00,55000.0
2012-08-11 08:00:00,72500.0
2012-08-11 09:00:00,338800.0
2012-08-11 10:00:00,479500.0
2012-08-11 11:00:00,557400.0
2012-08-11 12:00:00,604000.0
2012-08-11 13:00:00,634100.0
2012-08-11 14:00:00,694600.0
2012-08-11 15:00:00,730100.0
2012-08-11 16:00:00,712900.0
2012-08-11 17:00:00,683600.0
2012-08-11 18:00:00,648500.0
2012-08-11 19:00:00,581600.0
2012-08-11 20:00:00,539200.0
2012-08-11 21:00:00,525700.0
2012-08-11 22:00:00,505300.0
2012-08-11 23:00:00,426600.0
2012-08-12 00:00:00,184700.0
2012-08-12 01:00:00,119700.0
2012-08-12 02:00:00,115600.0
2012-08-12 03:00:00,108800.0
2012-08-12 04:00:00,70800.0
2012-08-12 05:00:00,64500.0
2012-08-12 06:00:00,58900.0
2012-08-12 07:00:00,53800.0
2012-08-12 08:00:00,68900.0
2012-08-12 09:00:00,311500.0
2012-08-12 10:00:00,423200.0
2012-08-12 11:00:00,482800.0
2012-08-12 12:00:00,524000.0
2012-08-12 13:00:00,546300.0
2012-08-12 14:00:00,574000.0
2012-08-12 15:00:00,585300.0
2012-08-12 16:00:00,589300.0
2012-08-12 17:00:00,559600.0
2012-08-12 18:00:00,540200.0
2012-08-12 19:00:00,490900.0
2012-08-12 20:00:00,475200.0
2012-08-12 21:00:00,450100.0
2012-08-12 22:00:00,461900.0
2012-08-12 23:00:00,359900.0
2012-08-13 00:00:00,164500.0
2012-08-13 01:00:00,97200.0
2012-08-13 02:00:00,91200.0
2012-08-13 03:00:00,84700.0
2012-08-13 04:00:00,69500.0
2012-08-13 05:00:00,61200.0
2012-08-13 06:00:00,57600.0
2012-08-13 07:00:00,53800.0
2012-08-13 08:00:00,70600.0
2012-08-13 09:00:00,304800.0
2012-08-13 10:00:00,431400.0
2012-08-13 11:00:00,478200.0
2012-08-13 12:00:00,521100.0
2012-08-13 13:00:00,543900.0
2012-08-13 14:00:00,550100.0
2012-08-13 15:00:00,570100.0
2012-08-13 16:00:00,586000.0
2012-08-13 17:00:00,586300.0
2012-08-13 18:00:00,582200.0
2012-08-13 19:00:00,548100.0
2012-08-13 20:00:00,505300.0
2012-08-13 21:00:00,495000.0
2012-08-13 22:00:00,462800.0
2012-08-13 23:00:00,406500.0
2012-08-14 00:00:00,244300.0
2012-08-14 01:00:00,100800.0
2012-08-14 02:00:00,90500.0
2012-08-14 03:00:00,86500.0
2012-08-14 04:00:00,70600.0
2012-08-14 05:00:00,64200.0
2012-08-14 06:00:00,59600.0
2012-08-14 07:00:00,53800.0
2012-08-14 08:00:00,69100.0
2012-08-14 09:00:00,311300.0
2012-08-14 10:00:00,432900.0
2012-08-14 11:00:00,503900.0
2012-08-14 12:00:00,515200.0
2012-08-14 13:00:00,523700.0
2012-08-14 14:00:00,540800.0
2012-08-14 15:00:00,528300.0
2012-08-14 16:00:00,522100.0
2012-08-14 17:00:00,514100.0
2012-08-14 18:00:00,524100.0
2012-08-14 19:00:00,519600.0
2012-08-14 20:00:00,501400.0
2012-08-14 21:00:00,505700.0
2012-08-14 22:00:00,506500.0
2012-08-14 23:00:00,422500.0
2012-08-15 00:00:00,169300.0
2012-08-15 01:00:00,98700.0
2012-08-15 02:00:00,90100.0
2012-08-15 03:00:00,84500.0
2012-08-15 04:00:00,70800.0
2012-08-15 05:00:00,63200.0
2012-08-15 06:00:00,57500.0
2012-08-15 07:00:00,54300.0
2012-08-15 08:00:00,68800.0
2012-08-15 09:00:00,320100.0
2012-08-15 10:00:00,454500.0
2012-08-15 11:00:00,514800.0
2012-08-15 12:00:00,520700.0
2012-08-15 13:00:00,534400.0
2012-08-15 14:00:00,555100.0
2012-08-15 15:00:00,539700.0
2012-08-15 16:00:00,526400.0
2012-08-15 17:00:00,525300.0
2012-08-15 18:00:00,525600.0
2012-08-15 19:00:00,499500.0
2012-08-15 20:00:00,505700.0
2012-08-15 21:00:00,513000.0
2012-08-15 22:00:00,502900.0
2012-08-15 23:00:00,430500.0
2012-08-16 00:00:00,183200.0
2012-08-16 01:00:00,96700.0
2012-08-16 02:00:00,91800.0
2012-08-16 03:00:00,85300.0
2012-08-16 04:00:00,70500.0
2012-08-16 05:00:00,63500.0
2012-08-16 06:00:00,57200.0
2012-08-16 07:00:00,52100.0
2012-08-16 08:00:00,69100.0
2012-08-16 09:00:00,212800.0
2012-08-16 10:00:00,445100.0
2012-08-16 11:00:00,495100.0
2012-08-16 12:00:00,504900.0
2012-08-16 13:00:00,539800.0
2012-08-16 14:00:00,537800.0
2012-08-16 15:00:00,536000.0
2012-08-16 16:00:00,533200.0
2012-08-16 17:00:00,522000.0
2012-08-16 18:00:00,524400.0
2012-08-16 19:00:00,527400.0
2012-08-16 20:00:00,532600.0
2012-08-16 21:00:00,492300.0
2012-08-16 22:00:00,446800.0
2012-08-16 23:00:00,390800.0
2012-08-17 00:00:00,169000.0
2012-08-17 01:00:00,97400.0
2012-08-17 02:00:00,91900.0
2012-08-17 03:00:00,86300.0
2012-08-17 04:00:00,70100.0
2012-08-17 05:00:00,62300.0
2012-08-17 06:00:00,57500.0
2012-08-17 07:00:00,52900.0
2012-08-17 08:00:00,68700.0
2012-08-17 09:00:00,216500.0
2012-08-17 10:00:00,454000.0
2012-08-17 11:00:00,528400.0
2012-08-17 12:00:00,557500.0
2012-08-17 13:00:00,557100.0
2012-08-17 14:00:00,555200.0
2012-08-17 15:00:00,569300.0
2012-08-17 16:00:00,567000.0
2012-08-17 17:00:00,583800.0
2012-08-17 18:00:00,592900.0
2012-08-17 19:00:00,574600.0
2012-08-17 20:00:00,537800.0
2012-08-17 21:00:00,501700.0
2012-08-17 22:00:00,485100.0
2012-08-17 23:00:00,416400.0
2012-08-18 00:00:00,180500.0
2012-08-18 01:00:00,105900.0
2012-08-18 02:00:00,92200.0
2012-08-18 03:00:00,76700.0
2012-08-18 04:00:00,67200.0
2012-08-18 05:00:00,61900.0
2012-08-18 06:00:00,56600.0
2012-08-18 07:00:00,52800.0
2012-08-18 08:00:00,66900.0
2012-08-18 09:00:00,218000.0
2012-08-18 10:00:00,457000.0
2012-08-18 11:00:00,474100.0
2012-08-18 12:00:00,502900.0
2012-08-18 13:00:00,527600.0
2012-08-18 14:00:00,532700.0
2012-08-18 15:00:00,540500.0
2012-08-18 16:00:00,563100.0
2012-08-18 17:00:00,554900.0
2012-08-18 18:00:00,520600.0
2012-08-18 19:00:00,555800.0
2012-08-18 20:00:00,564900.0
2012-08-18 21:00:00,524300.0
2012-08-18 22:00:00,506500.0
2012-08-18 23:00:00,412400.0
2012-08-19 00:00:00,245900.0
2012-08-19 01:00:00,146800.0
2012-08-19 02:00:00,114000.0
2012-08-19 03:00:00,107800.0
2012-08-19 04:00:00,70900.0
2012-08-19 05:00:00,64000.0
2012-08-19 06:00:00,58200.0
2012-08-19 07:00:00,53700.0
2012-08-19 08:00:00,67400.0
2012-08-19 09:00:00,234200.0
2012-08-19 10:00:00,481600.0
2012-08-19 11:00:00,539100.0
2012-08-19 12:00:00,538900.0
2012-08-19 13:00:00,530900.0
2012-08-19 14:00:00,555400.0
2012-08-19 15:00:00,552600.0
2012-08-19 16:00:00,554400.0
2012-08-19 17:00:00,552600.0
2012-08-19 18:00:00,548200.0
2012-08-19 19:00:00,549900.0
2012-08-19 20:00:00,544500.0
2012-08-19 21:00:00,579700.0
2012-08-19 22:00:00,515600.0
2012-08-19 23:00:00,441000.0
2012-08-20 00:00:00,256300.0
2012-08-20 01:00:00,165200.0
2012-08-20 02:00:00,92000.0
2012-08-20 03:00:00,86500.0
2012-08-20 04:00:00,68600.0
2012-08-20 05:00:00,61500.0
2012-08-20 06:00:00,57700.0
2012-08-20 07:00:00,50000.0
2012-08-20 08:00:00,53000.0
2012-08-20 09:00:00,237900.0
2012-08-20 10:00:00,536400.0
2012-08-20 11:00:00,611800.0
2012-08-20 12:00:00,631800.0
2012-08-20 13:00:00,649400.0
2012-08-20 14:00:00,651000.0
2012-08-20 15:00:00,646400.0
2012-08-20 16:00:00,649800.0
2012-08-20 17:00:00,630200.0
2012-08-20 18:00:00,624700.0
2012-08-20 19:00:00,606900.0
2012-08-20 20:00:00,605800.0
2012-08-20 21:00:00,606700.0
2012-08-20 22:00:00,552600.0
2012-08-20 23:00:00,451800.0
2012-08-21 00:00:00,197100.0
2012-08-21 01:00:00,99000.0
2012-08-21 02:00:00,96000.0
2012-08-21 03:00:00,88200.0
2012-08-21 04:00:00,72300.0
2012-08-21 05:00:00,64000.0
2012-08-21 06:00:00,60200.0
2012-08-21 07:00:00,56800.0
2012-08-21 08:00:00,75500.0
2012-08-21 09:00:00,262500.0
2012-08-21 10:00:00,610900.0
2012-08-21 11:00:00,674900.0
2012-08-21 12:00:00,726600.0
2012-08-21 13:00:00,749100.0
2012-08-21 14:00:00,733900.0
2012-08-21 15:00:00,739300.0
2012-08-21 16:00:00,741100.0
2012-08-21 17:00:00,737400.0
2012-08-21 18:00:00,738900.0
2012-08-21 19:00:00,728500.0
2012-08-21 20:00:00,656900.0
2012-08-21 21:00:00,606400.0
2012-08-21 22:00:00,517400.0
2012-08-21 23:00:00,399800.0
2012-08-22 00:00:00,228600.0
2012-08-22 01:00:00,114400.0
2012-08-22 02:00:00,93000.0
2012-08-22 03:00:00,88200.0
2012-08-22 04:00:00,72300.0
2012-08-22 05:00:00,64600.0
2012-08-22 06:00:00,59700.0
2012-08-22 07:00:00,53400.0
2012-08-22 08:00:00,69600.0
2012-08-22 09:00:00,302100.0
2012-08-22 10:00:00,458200.0
2012-08-22 11:00:00,524200.0
2012-08-22 12:00:00,559100.0
2012-08-22 13:00:00,593900.0
2012-08-22 14:00:00,628300.0
2012-08-22 15:00:00,654600.0
2012-08-22 16:00:00,677800.0
2012-08-22 17:00:00,655100.0
2012-08-22 18:00:00,594200.0
2012-08-22 19:00:00,562800.0
2012-08-22 20:00:00,523800.0
2012-08-22 21:00:00,499600.0
2012-08-22 22:00:00,472000.0
2012-08-22 23:00:00,419500.0
2012-08-23 00:00:00,244700.0
2012-08-23 01:00:00,105100.0
2012-08-23 02:00:00,93200.0
2012-08-23 03:00:00,86700.0
2012-08-23 04:00:00,71200.0
2012-08-23 05:00:00,65300.0
2012-08-23 06:00:00,59300.0
2012-08-23 07:00:00,54400.0
2012-08-23 08:00:00,67800.0
2012-08-23 09:00:00,313200.0
2012-08-23 10:00:00,426100.0
2012-08-23 11:00:00,515200.0
2012-08-23 12:00:00,536700.0
2012-08-23 13:00:00,570300.0
2012-08-23 14:00:00,577300.0
2012-08-23 15:00:00,614900.0
2012-08-23 16:00:00,634000.0
2012-08-23 17:00:00,620200.0
2012-08-23 18:00:00,587300.0
2012-08-23 19:00:00,552400.0
2012-08-23 20:00:00,491600.0
2012-08-23 21:00:00,490600.0
2012-08-23 22:00:00,469500.0
2012-08-23 23:00:00,400000.0
2012-08-24 00:00:00,240900.0
2012-08-24 01:00:00,144900.0
2012-08-24 02:00:00,93900.0
2012-08-24 03:00:00,90000.0
2012-08-24 04:00:00,75100.0
2012-08-24 05:00:00,66700.0
2012-08-24 06:00:00,61300.0
2012-08-24 07:00:00,56200.0
2012-08-24 08:00:00,71000.0
2012-08-24 09:00:00,276900.0
2012-08-24 10:00:00,401900.0
2012-08-24 11:00:00,459000.0
2012-08-24 12:00:00,498000.0
2012-08-24 13:00:00,535200.0
2012-08-24 14:00:00,551900.0
2012-08-24 15:00:00,562200.0
2012-08-24 16:00:00,563800.0
2012-08-24 17:00:00,559700.0
2012-08-24 18:00:00,548300.0
2012-08-24 19:00:00,510200.0
2012-08-24 20:00:00,483000.0
2012-08-24 21:00:00,494900.0
2012-08-24 22:00:00,477900.0
2012-08-24 23:00:00,411600.0
2012-08-25 00:00:00,174100.0
2012-08-25 01:00:00,106100.0
2012-08-25 02:00:00,92300.0
2012-08-25 03:00:00,77600.0
2012-08-25 04:00:00,67900.0
2012-08-25 05:00:00,63100.0
2012-08-25 06:00:00,57200.0
2012-08-25 07:00:00,53800.0
2012-08-25 08:00:00,68400.0
2012-08-25 09:00:00,319000.0
2012-08-25 10:00:00,450800.0
2012-08-25 11:00:00,523500.0
2012-08-25 12:00:00,555600.0
2012-08-25 13:00:00,568800.0
2012-08-25 14:00:00,561900.0
2012-08-25 15:00:00,580500.0
2012-08-25 16:00:00,604800.0
2012-08-25 17:00:00,603300.0
2012-08-25 18:00:00,602100.0
2012-08-25 19:00:00,572000.0
2012-08-25 20:00:00,536900.0
2012-08-25 21:00:00,494100.0
2012-08-25 22:00:00,439800.0
2012-08-25 23:00:00,387200.0
2012-08-26 00:00:00,186200.0
2012-08-26 01:00:00,117700.0
2012-08-26 02:00:00,114400.0
2012-08-26 03:00:00,107400.0
2012-08-26 04:00:00,71500.0
2012-08-26 05:00:00,62500.0
2012-08-26 06:00:00,56200.0
2012-08-26 07:00:00,52400.0
2012-08-26 08:00:00,66600.0
2012-08-26 09:00:00,268200.0
2012-08-26 10:00:00,363400.0
2012-08-26 11:00:00,431700.0
2012-08-26 12:00:00,466400.0
2012-08-26 13:00:00,510700.0
2012-08-26 14:00:00,493400.0
2012-08-26 15:00:00,520400.0
2012-08-26 16:00:00,547000.0
2012-08-26 17:00:00,554000.0
2012-08-26 18:00:00,533500.0
2012-08-26 19:00:00,531600.0
2012-08-26 20:00:00,494500.0
2012-08-26 21:00:00,454700.0
2012-08-26 22:00:00,432300.0
2012-08-26 23:00:00,336100.0
2012-08-27 00:00:00,160000.0
2012-08-27 01:00:00,96000.0
2012-08-27 02:00:00,90400.0
2012-08-27 03:00:00,86100.0
2012-08-27 04:00:00,70800.0
2012-08-27 05:00:00,63300.0
2012-08-27 06:00:00,55900.0
2012-08-27 07:00:00,53500.0
2012-08-27 08:00:00,71000.0
2012-08-27 09:00:00,245100.0
2012-08-27 10:00:00,412800.0
2012-08-27 11:00:00,437100.0
2012-08-27 12:00:00,498100.0
2012-08-27 13:00:00,529600.0
2012-08-27 14:00:00,522200.0
2012-08-27 15:00:00,534100.0
2012-08-27 16:00:00,546200.0
2012-08-27 17:00:00,558600.0
2012-08-27 18:00:00,546200.0
2012-08-27 19:00:00,524800.0
2012-08-27 20:00:00,469100.0
2012-08-27 21:00:00,451800.0
2012-08-27 22:00:00,419400.0
2012-08-27 23:00:00,378300.0
2012-08-28 00:00:00,238600.0
2012-08-28 01:00:00,154600.0
2012-08-28 02:00:00,147600.0
2012-08-28 03:00:00,93300.0
2012-08-28 04:00:00,71900.0
2012-08-28 05:00:00,66300.0
2012-08-28 06:00:00,61400.0
2012-08-28 07:00:00,56900.0
2012-08-28 08:00:00,70600.0
2012-08-28 09:00:00,214900.0
2012-08-28 10:00:00,456600.0
2012-08-28 11:00:00,511400.0
2012-08-28 12:00:00,545500.0
2012-08-28 13:00:00,548300.0
2012-08-28 14:00:00,529500.0
2012-08-28 15:00:00,543500.0
2012-08-28 16:00:00,591800.0
2012-08-28 17:00:00,600800.0
2012-08-28 18:00:00,634400.0
2012-08-28 19:00:00,601500.0
2012-08-28 20:00:00,580700.0
2012-08-28 21:00:00,563800.0
2012-08-28 22:00:00,538100.0
2012-08-28 23:00:00,321800.0
2012-08-29 00:00:00,170500.0
2012-08-29 01:00:00,99100.0
2012-08-29 02:00:00,93300.0
2012-08-29 03:00:00,86700.0
2012-08-29 04:00:00,71000.0
2012-08-29 05:00:00,64000.0
2012-08-29 06:00:00,56400.0
2012-08-29 07:00:00,51100.0
2012-08-29 08:00:00,66600.0
2012-08-29 09:00:00,202200.0
2012-08-29 10:00:00,410000.0
2012-08-29 11:00:00,423900.0
2012-08-29 12:00:00,469200.0
2012-08-29 13:00:00,524200.0
2012-08-29 14:00:00,535800.0
2012-08-29 15:00:00,514200.0
2012-08-29 16:00:00,535600.0
2012-08-29 17:00:00,555900.0
2012-08-29 18:00:00,540000.0
2012-08-29 19:00:00,488400.0
2012-08-29 20:00:00,460600.0
2012-08-29 21:00:00,459000.0
2012-08-29 22:00:00,434300.0
2012-08-29 23:00:00,365200.0
2012-08-30 00:00:00,227500.0
2012-08-30 01:00:00,96700.0
2012-08-30 02:00:00,90100.0
2012-08-30 03:00:00,85400.0
2012-08-30 04:00:00,70600.0
2012-08-30 05:00:00,62900.0
2012-08-30 06:00:00,57000.0
2012-08-30 07:00:00,52700.0
2012-08-30 08:00:00,70600.0
2012-08-30 09:00:00,195700.0
2012-08-30 10:00:00,389700.0
2012-08-30 11:00:00,427100.0
2012-08-30 12:00:00,470200.0
2012-08-30 13:00:00,524800.0
2012-08-30 14:00:00,544300.0
2012-08-30 15:00:00,569500.0
2012-08-30 16:00:00,576000.0
2012-08-30 17:00:00,577900.0
2012-08-30 18:00:00,544500.0
2012-08-30 19:00:00,498900.0
2012-08-30 20:00:00,479400.0
2012-08-30 21:00:00,449800.0
2012-08-30 22:00:00,417800.0
2012-08-30 23:00:00,361700.0
2012-08-31 00:00:00,157700.0
2012-08-31 01:00:00,96700.0
2012-08-31 02:00:00,91400.0
2012-08-31 03:00:00,86600.0
2012-08-31 04:00:00,69900.0
2012-08-31 05:00:00,62900.0
2012-08-31 06:00:00,58300.0
2012-08-31 07:00:00,54100.0
2012-08-31 08:00:00,68900.0
2012-08-31 09:00:00,203800.0
2012-08-31 10:00:00,468800.0
2012-08-31 11:00:00,513900.0
2012-08-31 12:00:00,530900.0
2012-08-31 13:00:00,551100.0
2012-08-31 14:00:00,569600.0
2012-08-31 15:00:00,576700.0
2012-08-31 16:00:00,577600.0
2012-08-31 17:00:00,576600.0
2012-08-31 18:00:00,563000.0
2012-08-31 19:00:00,547700.0
2012-08-31 20:00:00,558400.0
2012-08-31 21:00:00,542200.0
2012-08-31 22:00:00,501500.0
2012-08-31 23:00:00,433800.0
2012-09-01 00:00:00,199200.0
2012-09-01 01:00:00,107600.0
2012-09-01 02:00:00,95300.0
2012-09-01 03:00:00,78700.0
2012-09-01 04:00:00,70600.0
2012-09-01 05:00:00,65100.0
2012-09-01 06:00:00,58700.0
2012-09-01 07:00:00,55500.0
2012-09-01 08:00:00,70300.0
2012-09-01 09:00:00,213300.0
2012-09-01 10:00:00,478000.0
2012-09-01 11:00:00,536300.0
2012-09-01 12:00:00,553800.0
2012-09-01 13:00:00,570400.0
2012-09-01 14:00:00,571600.0
2012-09-01 15:00:00,558500.0
2012-09-01 16:00:00,541800.0
2012-09-01 17:00:00,541400.0
2012-09-01 18:00:00,539900.0
2012-09-01 19:00:00,531700.0
2012-09-01 20:00:00,530100.0
2012-09-01 21:00:00,489600.0
2012-09-01 22:00:00,444400.0
2012-09-01 23:00:00,382700.0
2012-09-02 00:00:00,240100.0
2012-09-02 01:00:00,121400.0
2012-09-02 02:00:00,116200.0
2012-09-02 03:00:00,108400.0
2012-09-02 04:00:00,71600.0
2012-09-02 05:00:00,64200.0
2012-09-02 06:00:00,58100.0
2012-09-02 07:00:00,53200.0
2012-09-02 08:00:00,67700.0
2012-09-02 09:00:00,295500.0
2012-09-02 10:00:00,449100.0
2012-09-02 11:00:00,524200.0
2012-09-02 12:00:00,536000.0
2012-09-02 13:00:00,556400.0
2012-09-02 14:00:00,538700.0
2012-09-02 15:00:00,547500.0
2012-09-02 16:00:00,539100.0
2012-09-02 17:00:00,525700.0
2012-09-02 18:00:00,529800.0
2012-09-02 19:00:00,496000.0
2012-09-02 20:00:00,470500.0
2012-09-02 21:00:00,460800.0
2012-09-02 22:00:00,419000.0
2012-09-02 23:00:00,363300.0
2012-09-03 00:00:00,167800.0
2012-09-03 01:00:00,97500.0
2012-09-03 02:00:00,91600.0
2012-09-03 03:00:00,86700.0
2012-09-03 04:00:00,71600.0
2012-09-03 05:00:00,64700.0
2012-09-03 06:00:00,57600.0
2012-09-03 07:00:00,53400.0
2012-09-03 08:00:00,68200.0
2012-09-03 09:00:00,270700.0
2012-09-03 10:00:00,417700.0
2012-09-03 11:00:00,499400.0
2012-09-03 12:00:00,515700.0
2012-09-03 13:00:00,529400.0
2012-09-03 14:00:00,508200.0
2012-09-03 15:00:00,506300.0
2012-09-03 16:00:00,513500.0
2012-09-03 17:00:00,501900.0
2012-09-03 18:00:00,489300.0
2012-09-03 19:00:00,469400.0
2012-09-03 20:00:00,497900.0
2012-09-03 21:00:00,448900.0
2012-09-03 22:00:00,414400.0
2012-09-03 23:00:00,357800.0
2012-09-04 00:00:00,183500.0
2012-09-04 01:00:00,101000.0
2012-09-04 02:00:00,93500.0
2012-09-04 03:00:00,86600.0
2012-09-04 04:00:00,70700.0
2012-09-04 05:00:00,64000.0
2012-09-04 06:00:00,58700.0
2012-09-04 07:00:00,54500.0
2012-09-04 08:00:00,69500.0
2012-09-04 09:00:00,257400.0
2012-09-04 10:00:00,413900.0
2012-09-04 11:00:00,479300.0
2012-09-04 12:00:00,495400.0
2012-09-04 13:00:00,546100.0
2012-09-04 14:00:00,506400.0
2012-09-04 15:00:00,509400.0
2012-09-04 16:00:00,529700.0
2012-09-04 17:00:00,518600.0
2012-09-04 18:00:00,505500.0
2012-09-04 19:00:00,500000.0
2012-09-04 20:00:00,489500.0
2012-09-04 21:00:00,476200.0
2012-09-04 22:00:00,437000.0
2012-09-04 23:00:00,369500.0
2012-09-05 00:00:00,159500.0
2012-09-05 01:00:00,96000.0
2012-09-05 02:00:00,89800.0
2012-09-05 03:00:00,83300.0
2012-09-05 04:00:00,68600.0
2012-09-05 05:00:00,60900.0
2012-09-05 06:00:00,55000.0
2012-09-05 07:00:00,51700.0
2012-09-05 08:00:00,66000.0
2012-09-05 09:00:00,269600.0
2012-09-05 10:00:00,439800.0
2012-09-05 11:00:00,502300.0
2012-09-05 12:00:00,522000.0
2012-09-05 13:00:00,525800.0
2012-09-05 14:00:00,526300.0
2012-09-05 15:00:00,543300.0
2012-09-05 16:00:00,537400.0
2012-09-05 17:00:00,534400.0
2012-09-05 18:00:00,526800.0
2012-09-05 19:00:00,497500.0
2012-09-05 20:00:00,503300.0
2012-09-05 21:00:00,515300.0
2012-09-05 22:00:00,505200.0
2012-09-05 23:00:00,402300.0
2012-09-06 00:00:00,187600.0
2012-09-06 01:00:00,97900.0
2012-09-06 02:00:00,92300.0
2012-09-06 03:00:00,86800.0
2012-09-06 04:00:00,70600.0
2012-09-06 05:00:00,61700.0
2012-09-06 06:00:00,54900.0
2012-09-06 07:00:00,53900.0
2012-09-06 08:00:00,68500.0
2012-09-06 09:00:00,336400.0
2012-09-06 10:00:00,456900.0
2012-09-06 11:00:00,513900.0
2012-09-06 12:00:00,523500.0
2012-09-06 13:00:00,529000.0
2012-09-06 14:00:00,532900.0
2012-09-06 15:00:00,535900.0
2012-09-06 16:00:00,536500.0
2012-09-06 17:00:00,546000.0
2012-09-06 18:00:00,538900.0
2012-09-06 19:00:00,531400.0
2012-09-06 20:00:00,547300.0
2012-09-06 21:00:00,548200.0
2012-09-06 22:00:00,539000.0
2012-09-06 23:00:00,445700.0
2012-09-07 00:00:00,183800.0
2012-09-07 01:00:00,98400.0
2012-09-07 02:00:00,93000.0
2012-09-07 03:00:00,86400.0
2012-09-07 04:00:00,68800.0
2012-09-07 05:00:00,65200.0
2012-09-07 06:00:00,58500.0
2012-09-07 07:00:00,56000.0
2012-09-07 08:00:00,71800.0
2012-09-07 09:00:00,353100.0
2012-09-07 10:00:00,461500.0
2012-09-07 11:00:00,516900.0
2012-09-07 12:00:00,528600.0
2012-09-07 13:00:00,536100.0
2012-09-07 14:00:00,539700.0
2012-09-07 15:00:00,540500.0
2012-09-07 16:00:00,538300.0
2012-09-07 17:00:00,536700.0
2012-09-07 18:00:00,525100.0
2012-09-07 19:00:00,481700.0
2012-09-07 20:00:00,494800.0
2012-09-07 21:00:00,501200.0
2012-09-07 22:00:00,485800.0
2012-09-07 23:00:00,395800.0
2012-09-08 00:00:00,181200.0
2012-09-08 01:00:00,106500.0
2012-09-08 02:00:00,91500.0
2012-09-08 03:00:00,77100.0
2012-09-08 04:00:00,69600.0
2012-09-08 05:00:00,63900.0
2012-09-08 06:00:00,57100.0
2012-09-08 07:00:00,54000.0
2012-09-08 08:00:00,67100.0
2012-09-08 09:00:00,215900.0
2012-09-08 10:00:00,302900.0
2012-09-08 11:00:00,345200.0
2012-09-08 12:00:00,402800.0
2012-09-08 13:00:00,602200.0
2012-09-08 14:00:00,530400.0
2012-09-08 15:00:00,536500.0
2012-09-08 16:00:00,527300.0
2012-09-08 17:00:00,507400.0
2012-09-08 18:00:00,521000.0
2012-09-08 19:00:00,491600.0
2012-09-08 20:00:00,513800.0
2012-09-08 21:00:00,480300.0
2012-09-08 22:00:00,478300.0
2012-09-08 23:00:00,403300.0
2012-09-09 00:00:00,176400.0
2012-09-09 01:00:00,118400.0
2012-09-09 02:00:00,114500.0
2012-09-09 03:00:00,107800.0
2012-09-09 04:00:00,71000.0
2012-09-09 05:00:00,62700.0
2012-09-09 06:00:00,56700.0
2012-09-09 07:00:00,54100.0
2012-09-09 08:00:00,67200.0
2012-09-09 09:00:00,308000.0
2012-09-09 10:00:00,410300.0
2012-09-09 11:00:00,471000.0
2012-09-09 12:00:00,486200.0
2012-09-09 13:00:00,458300.0
2012-09-09 14:00:00,502100.0
2012-09-09 15:00:00,515700.0
2012-09-09 16:00:00,485800.0
2012-09-09 17:00:00,497300.0
2012-09-09 18:00:00,514600.0
2012-09-09 19:00:00,479800.0
2012-09-09 20:00:00,477400.0
2012-09-09 21:00:00,455500.0
2012-09-09 22:00:00,443200.0
2012-09-09 23:00:00,364400.0
2012-09-10 00:00:00,168200.0
2012-09-10 01:00:00,93500.0
2012-09-10 02:00:00,88100.0
2012-09-10 03:00:00,82400.0
2012-09-10 04:00:00,67900.0
2012-09-10 05:00:00,61200.0
2012-09-10 06:00:00,55500.0
2012-09-10 07:00:00,53600.0
2012-09-10 08:00:00,68000.0
2012-09-10 09:00:00,307100.0
2012-09-10 10:00:00,399800.0
2012-09-10 11:00:00,451500.0
2012-09-10 12:00:00,476000.0
2012-09-10 13:00:00,485100.0
2012-09-10 14:00:00,499100.0
2012-09-10 15:00:00,502500.0
2012-09-10 16:00:00,496100.0
2012-09-10 17:00:00,490000.0
2012-09-10 18:00:00,496900.0
2012-09-10 19:00:00,464300.0
2012-09-10 20:00:00,427600.0
2012-09-10 21:00:00,430800.0
2012-09-10 22:00:00,414400.0
2012-09-10 23:00:00,358500.0
2012-09-11 00:00:00,206600.0
2012-09-11 01:00:00,111000.0
2012-09-11 02:00:00,105300.0
2012-09-11 03:00:00,101600.0
2012-09-11 04:00:00,87800.0
2012-09-11 05:00:00,81700.0
2012-09-11 06:00:00,74100.0
2012-09-11 07:00:00,71500.0
2012-09-11 08:00:00,84800.0
2012-09-11 09:00:00,309200.0
2012-09-11 10:00:00,392400.0
2012-09-11 11:00:00,472300.0
2012-09-11 12:00:00,486400.0
2012-09-11 13:00:00,490300.0
2012-09-11 14:00:00,525200.0
2012-09-11 15:00:00,500200.0
2012-09-11 16:00:00,520300.0
2012-09-11 17:00:00,514300.0
2012-09-11 18:00:00,537600.0
2012-09-11 19:00:00,531700.0
2012-09-11 20:00:00,505600.0
2012-09-11 21:00:00,441100.0
2012-09-11 22:00:00,423200.0
2012-09-11 23:00:00,379800.0
2012-09-12 00:00:00,163800.0
2012-09-12 01:00:00,93000.0
2012-09-12 02:00:00,87100.0
2012-09-12 03:00:00,85700.0
2012-09-12 04:00:00,71000.0
2012-09-12 05:00:00,63400.0
2012-09-12 06:00:00,56400.0
2012-09-12 07:00:00,54200.0
2012-09-12 08:00:00,67900.0
2012-09-12 09:00:00,281900.0
2012-09-12 10:00:00,466500.0
2012-09-12 11:00:00,510200.0
2012-09-12 12:00:00,611000.0
2012-09-12 13:00:00,595600.0
2012-09-12 14:00:00,581000.0
2012-09-12 15:00:00,579900.0
2012-09-12 16:00:00,618500.0
2012-09-12 17:00:00,624000.0
2012-09-12 18:00:00,645600.0
2012-09-12 19:00:00,587300.0
2012-09-12 20:00:00,570100.0
2012-09-12 21:00:00,529200.0
2012-09-12 22:00:00,504000.0
2012-09-12 23:00:00,416800.0
2012-09-13 00:00:00,164200.0
2012-09-13 01:00:00,96100.0
2012-09-13 02:00:00,90200.0
2012-09-13 03:00:00,86200.0
2012-09-13 04:00:00,71500.0
2012-09-13 05:00:00,63900.0
2012-09-13 06:00:00,57300.0
2012-09-13 07:00:00,55400.0
2012-09-13 08:00:00,69100.0
2012-09-13 09:00:00,278000.0
2012-09-13 10:00:00,416300.0
2012-09-13 11:00:00,460900.0
2012-09-13 12:00:00,533600.0
2012-09-13 13:00:00,586300.0
2012-09-13 14:00:00,604600.0
2012-09-13 15:00:00,593600.0
2012-09-13 16:00:00,612200.0
2012-09-13 17:00:00,624100.0
2012-09-13 18:00:00,610800.0
2012-09-13 19:00:00,564400.0
2012-09-13 20:00:00,534500.0
2012-09-13 21:00:00,477600.0
2012-09-13 22:00:00,450900.0
2012-09-13 23:00:00,381100.0
2012-09-14 00:00:00,173900.0
2012-09-14 01:00:00,97500.0
2012-09-14 02:00:00,91200.0
2012-09-14 03:00:00,87100.0
2012-09-14 04:00:00,73200.0
2012-09-14 05:00:00,65500.0
2012-09-14 06:00:00,58100.0
2012-09-14 07:00:00,56300.0
2012-09-14 08:00:00,69600.0
2012-09-14 09:00:00,269300.0
2012-09-14 10:00:00,427700.0
2012-09-14 11:00:00,469100.0
2012-09-14 12:00:00,505200.0
2012-09-14 13:00:00,522100.0
2012-09-14 14:00:00,523700.0
2012-09-14 15:00:00,522700.0
2012-09-14 16:00:00,511400.0
2012-09-14 17:00:00,500400.0
2012-09-14 18:00:00,498700.0
2012-09-14 19:00:00,465000.0
2012-09-14 20:00:00,476100.0
2012-09-14 21:00:00,484500.0
2012-09-14 22:00:00,447300.0
2012-09-14 23:00:00,376500.0
2012-09-15 00:00:00,203200.0
2012-09-15 01:00:00,106300.0
2012-09-15 02:00:00,91000.0
2012-09-15 03:00:00,76900.0
2012-09-15 04:00:00,66900.0
2012-09-15 05:00:00,61300.0
2012-09-15 06:00:00,55600.0
2012-09-15 07:00:00,53000.0
2012-09-15 08:00:00,68000.0
2012-09-15 09:00:00,286100.0
2012-09-15 10:00:00,396200.0
2012-09-15 11:00:00,518600.0
2012-09-15 12:00:00,553000.0
2012-09-15 13:00:00,573700.0
2012-09-15 14:00:00,569500.0
2012-09-15 15:00:00,569300.0
2012-09-15 16:00:00,570900.0
2012-09-15 17:00:00,568900.0
2012-09-15 18:00:00,548100.0
2012-09-15 19:00:00,509300.0
2012-09-15 20:00:00,500400.0
2012-09-15 21:00:00,499400.0
2012-09-15 22:00:00,487300.0
2012-09-15 23:00:00,423200.0
2012-09-16 00:00:00,241700.0
2012-09-16 01:00:00,120000.0
2012-09-16 02:00:00,115100.0
2012-09-16 03:00:00,109000.0
2012-09-16 04:00:00,71200.0
2012-09-16 05:00:00,63500.0
2012-09-16 06:00:00,57800.0
2012-09-16 07:00:00,55100.0
2012-09-16 08:00:00,67000.0
2012-09-16 09:00:00,194900.0
2012-09-16 10:00:00,423700.0
2012-09-16 11:00:00,476500.0
2012-09-16 12:00:00,487900.0
2012-09-16 13:00:00,494100.0
2012-09-16 14:00:00,451900.0
2012-09-16 15:00:00,487400.0
2012-09-16 16:00:00,482200.0
2012-09-16 17:00:00,487500.0
2012-09-16 18:00:00,484000.0
2012-09-16 19:00:00,437500.0
2012-09-16 20:00:00,452500.0
2012-09-16 21:00:00,448300.0
2012-09-16 22:00:00,425500.0
2012-09-16 23:00:00,329500.0
2012-09-17 00:00:00,133700.0
2012-09-17 01:00:00,78700.0
2012-09-17 02:00:00,73200.0
2012-09-17 03:00:00,70200.0
2012-09-17 04:00:00,67500.0
2012-09-17 05:00:00,62100.0
2012-09-17 06:00:00,55700.0
2012-09-17 07:00:00,50800.0
2012-09-17 08:00:00,56500.0
2012-09-17 09:00:00,198900.0
2012-09-17 10:00:00,417700.0
2012-09-17 11:00:00,480000.0
2012-09-17 12:00:00,463800.0
2012-09-17 13:00:00,480900.0
2012-09-17 14:00:00,469500.0
2012-09-17 15:00:00,472900.0
2012-09-17 16:00:00,483900.0
2012-09-17 17:00:00,507800.0
2012-09-17 18:00:00,460800.0
2012-09-17 19:00:00,454300.0
2012-09-17 20:00:00,466700.0
2012-09-17 21:00:00,451200.0
2012-09-17 22:00:00,414100.0
2012-09-17 23:00:00,175100.0
2012-09-18 00:00:00,121500.0
2012-09-18 01:00:00,80400.0
2012-09-18 02:00:00,74700.0
2012-09-18 03:00:00,71400.0
2012-09-18 04:00:00,65900.0
2012-09-18 05:00:00,62000.0
2012-09-18 06:00:00,55100.0
2012-09-18 07:00:00,52600.0
2012-09-18 08:00:00,60700.0
2012-09-18 09:00:00,276200.0
2012-09-18 10:00:00,456300.0
2012-09-18 11:00:00,468300.0
2012-09-18 12:00:00,493800.0
2012-09-18 13:00:00,499900.0
2012-09-18 14:00:00,500600.0
2012-09-18 15:00:00,499800.0
2012-09-18 16:00:00,498600.0
2012-09-18 17:00:00,496500.0
2012-09-18 18:00:00,497100.0
2012-09-18 19:00:00,488500.0
2012-09-18 20:00:00,470600.0
2012-09-18 21:00:00,454500.0
2012-09-18 22:00:00,452800.0
2012-09-18 23:00:00,281900.0
2012-09-19 00:00:00,190200.0
2012-09-19 01:00:00,79500.0
2012-09-19 02:00:00,75800.0
2012-09-19 03:00:00,72200.0
2012-09-19 04:00:00,67800.0
2012-09-19 05:00:00,74600.0
2012-09-19 06:00:00,67800.0
2012-09-19 07:00:00,66100.0
2012-09-19 08:00:00,76000.0
2012-09-19 09:00:00,323600.0
2012-09-19 10:00:00,418700.0
2012-09-19 11:00:00,417700.0
2012-09-19 12:00:00,463900.0
2012-09-19 13:00:00,464300.0
2012-09-19 14:00:00,460600.0
2012-09-19 15:00:00,549600.0
2012-09-19 16:00:00,528400.0
2012-09-19 17:00:00,529200.0
2012-09-19 18:00:00,523800.0
2012-09-19 19:00:00,491000.0
2012-09-19 20:00:00,500500.0
2012-09-19 21:00:00,455100.0
2012-09-19 22:00:00,442000.0
2012-09-19 23:00:00,270800.0
2012-09-20 00:00:00,184700.0
2012-09-20 01:00:00,114600.0
2012-09-20 02:00:00,74600.0
2012-09-20 03:00:00,72900.0
2012-09-20 04:00:00,67700.0
2012-09-20 05:00:00,62800.0
2012-09-20 06:00:00,55700.0
2012-09-20 07:00:00,53700.0
2012-09-20 08:00:00,61500.0
2012-09-20 09:00:00,265700.0
2012-09-20 10:00:00,395400.0
2012-09-20 11:00:00,439700.0
2012-09-20 12:00:00,454200.0
2012-09-20 13:00:00,474000.0
2012-09-20 14:00:00,461400.0
2012-09-20 15:00:00,491100.0
2012-09-20 16:00:00,453300.0
2012-09-20 17:00:00,478800.0
2012-09-20 18:00:00,432000.0
2012-09-20 19:00:00,427500.0
2012-09-20 20:00:00,439400.0
2012-09-20 21:00:00,430000.0
2012-09-20 22:00:00,421700.0
2012-09-20 23:00:00,187400.0
2012-09-21 00:00:00,121600.0
2012-09-21 01:00:00,81900.0
2012-09-21 02:00:00,76200.0
2012-09-21 03:00:00,73400.0
2012-09-21 04:00:00,69300.0
2012-09-21 05:00:00,63700.0
2012-09-21 06:00:00,57700.0
2012-09-21 07:00:00,55800.0
2012-09-21 08:00:00,63000.0
2012-09-21 09:00:00,313700.0
2012-09-21 10:00:00,409700.0
2012-09-21 11:00:00,440000.0
2012-09-21 12:00:00,474500.0
2012-09-21 13:00:00,491300.0
2012-09-21 14:00:00,489700.0
2012-09-21 15:00:00,486900.0
2012-09-21 16:00:00,474700.0
2012-09-21 17:00:00,430100.0
2012-09-21 18:00:00,410500.0
2012-09-21 19:00:00,391300.0
2012-09-21 20:00:00,417900.0
2012-09-21 21:00:00,421200.0
2012-09-21 22:00:00,397900.0
2012-09-21 23:00:00,198600.0
2012-09-22 00:00:00,139000.0
2012-09-22 01:00:00,117900.0
2012-09-22 02:00:00,103300.0
2012-09-22 03:00:00,86100.0
2012-09-22 04:00:00,78300.0
2012-09-22 05:00:00,71300.0
2012-09-22 06:00:00,61000.0
2012-09-22 07:00:00,60000.0
2012-09-22 08:00:00,66000.0
2012-09-22 09:00:00,306100.0
2012-09-22 10:00:00,380800.0
2012-09-22 11:00:00,433800.0
2012-09-22 12:00:00,430300.0
2012-09-22 13:00:00,441400.0
2012-09-22 14:00:00,443700.0
2012-09-22 15:00:00,437400.0
2012-09-22 16:00:00,457900.0
2012-09-22 17:00:00,476000.0
2012-09-22 18:00:00,444600.0
2012-09-22 19:00:00,439800.0
2012-09-22 20:00:00,446000.0
2012-09-22 21:00:00,432000.0
2012-09-22 22:00:00,437100.0
2012-09-22 23:00:00,265300.0
2012-09-23 00:00:00,192300.0
2012-09-23 01:00:00,133200.0
2012-09-23 02:00:00,110700.0
2012-09-23 03:00:00,97400.0
2012-09-23 04:00:00,65500.0
2012-09-23 05:00:00,60000.0
2012-09-23 06:00:00,55600.0
2012-09-23 07:00:00,53800.0
2012-09-23 08:00:00,61700.0
2012-09-23 09:00:00,291500.0
2012-09-23 10:00:00,403800.0
2012-09-23 11:00:00,455100.0
2012-09-23 12:00:00,411200.0
2012-09-23 13:00:00,451600.0
2012-09-23 14:00:00,492600.0
2012-09-23 15:00:00,500600.0
2012-09-23 16:00:00,484600.0
2012-09-23 17:00:00,478900.0
2012-09-23 18:00:00,436300.0
2012-09-23 19:00:00,407200.0
2012-09-23 20:00:00,425000.0
2012-09-23 21:00:00,407300.0
2012-09-23 22:00:00,383500.0
2012-09-23 23:00:00,247700.0
2012-09-24 00:00:00,121100.0
2012-09-24 01:00:00,81800.0
2012-09-24 02:00:00,74500.0
2012-09-24 03:00:00,69000.0
2012-09-24 04:00:00,64800.0
2012-09-24 05:00:00,59700.0
2012-09-24 06:00:00,54700.0
2012-09-24 07:00:00,53300.0
2012-09-24 08:00:00,61100.0
2012-09-24 09:00:00,199900.0
2012-09-24 10:00:00,365200.0
2012-09-24 11:00:00,334700.0
2012-09-24 12:00:00,352600.0
2012-09-24 13:00:00,362700.0
2012-09-24 14:00:00,359300.0
2012-09-24 15:00:00,369600.0
2012-09-24 16:00:00,364100.0
2012-09-24 17:00:00,381400.0
2012-09-24 18:00:00,357100.0
2012-09-24 19:00:00,355600.0
2012-09-24 20:00:00,363300.0
2012-09-24 21:00:00,336300.0
2012-09-24 22:00:00,314800.0
2012-09-24 23:00:00,222600.0
2012-09-25 00:00:00,151600.0
2012-09-25 01:00:00,112600.0
2012-09-25 02:00:00,83600.0
2012-09-25 03:00:00,71900.0
2012-09-25 04:00:00,69000.0
2012-09-25 05:00:00,64800.0
2012-09-25 06:00:00,58600.0
2012-09-25 07:00:00,57000.0
2012-09-25 08:00:00,63100.0
2012-09-25 09:00:00,202300.0
2012-09-25 10:00:00,287400.0
2012-09-25 11:00:00,382400.0
2012-09-25 12:00:00,313300.0
2012-09-25 13:00:00,345200.0
2012-09-25 14:00:00,350800.0
2012-09-25 15:00:00,366400.0
2012-09-25 16:00:00,360600.0
2012-09-25 17:00:00,359200.0
2012-09-25 18:00:00,343600.0
2012-09-25 19:00:00,342200.0
2012-09-25 20:00:00,381600.0
2012-09-25 21:00:00,339200.0
2012-09-25 22:00:00,319400.0
2012-09-25 23:00:00,188200.0
2012-09-26 00:00:00,112400.0
2012-09-26 01:00:00,76400.0
2012-09-26 02:00:00,70800.0
2012-09-26 03:00:00,67800.0
2012-09-26 04:00:00,64600.0
2012-09-26 05:00:00,60800.0
2012-09-26 06:00:00,55900.0
2012-09-26 07:00:00,54000.0
2012-09-26 08:00:00,57800.0
2012-09-26 09:00:00,184600.0
2012-09-26 10:00:00,308400.0
2012-09-26 11:00:00,274500.0
2012-09-26 12:00:00,302800.0
2012-09-26 13:00:00,315000.0
2012-09-26 14:00:00,315900.0
2012-09-26 15:00:00,313100.0
2012-09-26 16:00:00,327500.0
2012-09-26 17:00:00,318600.0
2012-09-26 18:00:00,309200.0
2012-09-26 19:00:00,318400.0
2012-09-26 20:00:00,321800.0
2012-09-26 21:00:00,329300.0
2012-09-26 22:00:00,300900.0
2012-09-26 23:00:00,173100.0
2012-09-27 00:00:00,113200.0
2012-09-27 01:00:00,78500.0
2012-09-27 02:00:00,88000.0
2012-09-27 03:00:00,71800.0
2012-09-27 04:00:00,68500.0
2012-09-27 05:00:00,63300.0
2012-09-27 06:00:00,56700.0
2012-09-27 07:00:00,52500.0
2012-09-27 08:00:00,57400.0
2012-09-27 09:00:00,164200.0
2012-09-27 10:00:00,249300.0
2012-09-27 11:00:00,223400.0
2012-09-27 12:00:00,255000.0
2012-09-27 13:00:00,282900.0
2012-09-27 14:00:00,265500.0
2012-09-27 15:00:00,286100.0
2012-09-27 16:00:00,293400.0
2012-09-27 17:00:00,288200.0
2012-09-27 18:00:00,280300.0
2012-09-27 19:00:00,290600.0
2012-09-27 20:00:00,272900.0
2012-09-27 21:00:00,289500.0
2012-09-27 22:00:00,271700.0
2012-09-27 23:00:00,168600.0
2012-09-28 00:00:00,117300.0
2012-09-28 01:00:00,79900.0
2012-09-28 02:00:00,75000.0
2012-09-28 03:00:00,73000.0
2012-09-28 04:00:00,69100.0
2012-09-28 05:00:00,67700.0
2012-09-28 06:00:00,61500.0
2012-09-28 07:00:00,57900.0
2012-09-28 08:00:00,63500.0
2012-09-28 09:00:00,168600.0
2012-09-28 10:00:00,262200.0
2012-09-28 11:00:00,257100.0
2012-09-28 12:00:00,276200.0
2012-09-28 13:00:00,286900.0
2012-09-28 14:00:00,279300.0
2012-09-28 15:00:00,263000.0
2012-09-28 16:00:00,277200.0
2012-09-28 17:00:00,273300.0
2012-09-28 18:00:00,267100.0
2012-09-28 19:00:00,271800.0
2012-09-28 20:00:00,298900.0
2012-09-28 21:00:00,294700.0
2012-09-28 22:00:00,283600.0
2012-09-28 23:00:00,178500.0
2012-09-29 00:00:00,134800.0
2012-09-29 01:00:00,113200.0
2012-09-29 02:00:00,102000.0
2012-09-29 03:00:00,83500.0
2012-09-29 04:00:00,68700.0
2012-09-29 05:00:00,63400.0
2012-09-29 06:00:00,58000.0
2012-09-29 07:00:00,55300.0
2012-09-29 08:00:00,59500.0
2012-09-29 09:00:00,179800.0
2012-09-29 10:00:00,302900.0
2012-09-29 11:00:00,279400.0
2012-09-29 12:00:00,279500.0
2012-09-29 13:00:00,339900.0
2012-09-29 14:00:00,343400.0
2012-09-29 15:00:00,332600.0
2012-09-29 16:00:00,373900.0
2012-09-29 17:00:00,358100.0
2012-09-29 18:00:00,354900.0
2012-09-29 19:00:00,357100.0
2012-09-29 20:00:00,373200.0
2012-09-29 21:00:00,342200.0
2012-09-29 22:00:00,321600.0
2012-09-29 23:00:00,177600.0
2012-09-30 00:00:00,133800.0
2012-09-30 01:00:00,113300.0
2012-09-30 02:00:00,109900.0
2012-09-30 03:00:00,96800.0
2012-09-30 04:00:00,67400.0
2012-09-30 05:00:00,65300.0
2012-09-30 06:00:00,58700.0
2012-09-30 07:00:00,55800.0
2012-09-30 08:00:00,59100.0
2012-09-30 09:00:00,174300.0
2012-09-30 10:00:00,301800.0
2012-09-30 11:00:00,320200.0
2012-09-30 12:00:00,344700.0
2012-09-30 13:00:00,360300.0
2012-09-30 14:00:00,354600.0
2012-09-30 15:00:00,358200.0
2012-09-30 16:00:00,374600.0
2012-09-30 17:00:00,357500.0
2012-09-30 18:00:00,323000.0
2012-09-30 19:00:00,330400.0
2012-09-30 20:00:00,333500.0
2012-09-30 21:00:00,323000.0
2012-09-30 22:00:00,296400.0
2012-09-30 23:00:00,162000.0
2012-10-01 00:00:00,117800.0
2012-10-01 01:00:00,80700.0
2012-10-01 02:00:00,74500.0
2012-10-01 03:00:00,71800.0
2012-10-01 04:00:00,71600.0
2012-10-01 05:00:00,65400.0
2012-10-01 06:00:00,59500.0
2012-10-01 07:00:00,58800.0
2012-10-01 08:00:00,61400.0
2012-10-01 09:00:00,97400.0
2012-10-01 10:00:00,205300.0
2012-10-01 11:00:00,369700.0
2012-10-01 12:00:00,349100.0
2012-10-01 13:00:00,357200.0
2012-10-01 14:00:00,346500.0
2012-10-01 15:00:00,353100.0
2012-10-01 16:00:00,329400.0
2012-10-01 17:00:00,315100.0
2012-10-01 18:00:00,287300.0
2012-10-01 19:00:00,311000.0
2012-10-01 20:00:00,320200.0
2012-10-01 21:00:00,320700.0
2012-10-01 22:00:00,285200.0
2012-10-01 23:00:00,160500.0
2012-10-02 00:00:00,118900.0
2012-10-02 01:00:00,81600.0
2012-10-02 02:00:00,75200.0
2012-10-02 03:00:00,71900.0
2012-10-02 04:00:00,71700.0
2012-10-02 05:00:00,68200.0
2012-10-02 06:00:00,62700.0
2012-10-02 07:00:00,60000.0
2012-10-02 08:00:00,62900.0
2012-10-02 09:00:00,98500.0
2012-10-02 10:00:00,206500.0
2012-10-02 11:00:00,358200.0
2012-10-02 12:00:00,379800.0
2012-10-02 13:00:00,360700.0
2012-10-02 14:00:00,362200.0
2012-10-02 15:00:00,361100.0
2012-10-02 16:00:00,357300.0
2012-10-02 17:00:00,350800.0
2012-10-02 18:00:00,326200.0
2012-10-02 19:00:00,334900.0
2012-10-02 20:00:00,324900.0
2012-10-02 21:00:00,317400.0
2012-10-02 22:00:00,291500.0
2012-10-02 23:00:00,158900.0
2012-10-03 00:00:00,116300.0
2012-10-03 01:00:00,79600.0
2012-10-03 02:00:00,74700.0
2012-10-03 03:00:00,73200.0
2012-10-03 04:00:00,70400.0
2012-10-03 05:00:00,63700.0
2012-10-03 06:00:00,58600.0
2012-10-03 07:00:00,56500.0
2012-10-03 08:00:00,60800.0
2012-10-03 09:00:00,97200.0
2012-10-03 10:00:00,206900.0
2012-10-03 11:00:00,349600.0
2012-10-03 12:00:00,374000.0
2012-10-03 13:00:00,360100.0
2012-10-03 14:00:00,358300.0
2012-10-03 15:00:00,386000.0
2012-10-03 16:00:00,362100.0
2012-10-03 17:00:00,323500.0
2012-10-03 18:00:00,312300.0
2012-10-03 19:00:00,310400.0
2012-10-03 20:00:00,338500.0
2012-10-03 21:00:00,321300.0
2012-10-03 22:00:00,310800.0
2012-10-03 23:00:00,161100.0
2012-10-04 00:00:00,116500.0
2012-10-04 01:00:00,79700.0
2012-10-04 02:00:00,74200.0
2012-10-04 03:00:00,72000.0
2012-10-04 04:00:00,70100.0
2012-10-04 05:00:00,65300.0
2012-10-04 06:00:00,59500.0
2012-10-04 07:00:00,57300.0
2012-10-04 08:00:00,61900.0
2012-10-04 09:00:00,99100.0
2012-10-04 10:00:00,209700.0
2012-10-04 11:00:00,377000.0
2012-10-04 12:00:00,391900.0
2012-10-04 13:00:00,402800.0
2012-10-04 14:00:00,392800.0
2012-10-04 15:00:00,392100.0
2012-10-04 16:00:00,371300.0
2012-10-04 17:00:00,339000.0
2012-10-04 18:00:00,345100.0
2012-10-04 19:00:00,334100.0
2012-10-04 20:00:00,334200.0
2012-10-04 21:00:00,347200.0
2012-10-04 22:00:00,330400.0
2012-10-04 23:00:00,171300.0
2012-10-05 00:00:00,119200.0
2012-10-05 01:00:00,80800.0
2012-10-05 02:00:00,75500.0
2012-10-05 03:00:00,70700.0
2012-10-05 04:00:00,69300.0
2012-10-05 05:00:00,65000.0
2012-10-05 06:00:00,59300.0
2012-10-05 07:00:00,57900.0
2012-10-05 08:00:00,62100.0
2012-10-05 09:00:00,99200.0
2012-10-05 10:00:00,215800.0
2012-10-05 11:00:00,373200.0
2012-10-05 12:00:00,395600.0
2012-10-05 13:00:00,388600.0
2012-10-05 14:00:00,401900.0
2012-10-05 15:00:00,416400.0
2012-10-05 16:00:00,378800.0
2012-10-05 17:00:00,358000.0
2012-10-05 18:00:00,344900.0
2012-10-05 19:00:00,337600.0
2012-10-05 20:00:00,348000.0
2012-10-05 21:00:00,360800.0
2012-10-05 22:00:00,307100.0
2012-10-05 23:00:00,161200.0
2012-10-06 00:00:00,136600.0
2012-10-06 01:00:00,116300.0
2012-10-06 02:00:00,102800.0
2012-10-06 03:00:00,83600.0
2012-10-06 04:00:00,69800.0
2012-10-06 05:00:00,64400.0
2012-10-06 06:00:00,58100.0
2012-10-06 07:00:00,56600.0
2012-10-06 08:00:00,60900.0
2012-10-06 09:00:00,104400.0
2012-10-06 10:00:00,284100.0
2012-10-06 11:00:00,326100.0
2012-10-06 12:00:00,344300.0
2012-10-06 13:00:00,363900.0
2012-10-06 14:00:00,354900.0
2012-10-06 15:00:00,362800.0
2012-10-06 16:00:00,362300.0
2012-10-06 17:00:00,346800.0
2012-10-06 18:00:00,311100.0
2012-10-06 19:00:00,325500.0
2012-10-06 20:00:00,331300.0
2012-10-06 21:00:00,329100.0
2012-10-06 22:00:00,311100.0
2012-10-06 23:00:00,166800.0
2012-10-07 00:00:00,136800.0
2012-10-07 01:00:00,114200.0
2012-10-07 02:00:00,111200.0
2012-10-07 03:00:00,98400.0
2012-10-07 04:00:00,69600.0
2012-10-07 05:00:00,62900.0
2012-10-07 06:00:00,57700.0
2012-10-07 07:00:00,57000.0
2012-10-07 08:00:00,60700.0
2012-10-07 09:00:00,104000.0
2012-10-07 10:00:00,308700.0
2012-10-07 11:00:00,350000.0
2012-10-07 12:00:00,374600.0
2012-10-07 13:00:00,403900.0
2012-10-07 14:00:00,395800.0
2012-10-07 15:00:00,396600.0
2012-10-07 16:00:00,385400.0
2012-10-07 17:00:00,369500.0
2012-10-07 18:00:00,341700.0
2012-10-07 19:00:00,346400.0
2012-10-07 20:00:00,357200.0
2012-10-07 21:00:00,351800.0
2012-10-07 22:00:00,317200.0
2012-10-07 23:00:00,161600.0
2012-10-08 00:00:00,118900.0
2012-10-08 01:00:00,79600.0
2012-10-08 02:00:00,72400.0
2012-10-08 03:00:00,69400.0
2012-10-08 04:00:00,68200.0
2012-10-08 05:00:00,63200.0
2012-10-08 06:00:00,57300.0
2012-10-08 07:00:00,57300.0
2012-10-08 08:00:00,61200.0
2012-10-08 09:00:00,99700.0
2012-10-08 10:00:00,212600.0
2012-10-08 11:00:00,417400.0
2012-10-08 12:00:00,397900.0
2012-10-08 13:00:00,424800.0
2012-10-08 14:00:00,429100.0
2012-10-08 15:00:00,420700.0
2012-10-08 16:00:00,381700.0
2012-10-08 17:00:00,371600.0
2012-10-08 18:00:00,340600.0
2012-10-08 19:00:00,357600.0
2012-10-08 20:00:00,350800.0
2012-10-08 21:00:00,348900.0
2012-10-08 22:00:00,318300.0
2012-10-08 23:00:00,167900.0
2012-10-09 00:00:00,117400.0
2012-10-09 01:00:00,79700.0
2012-10-09 02:00:00,74100.0
2012-10-09 03:00:00,71700.0
2012-10-09 04:00:00,66800.0
2012-10-09 05:00:00,62600.0
2012-10-09 06:00:00,56900.0
2012-10-09 07:00:00,54400.0
2012-10-09 08:00:00,58500.0
2012-10-09 09:00:00,95400.0
2012-10-09 10:00:00,239500.0
2012-10-09 11:00:00,381800.0
2012-10-09 12:00:00,419700.0
2012-10-09 13:00:00,446400.0
2012-10-09 14:00:00,431500.0
2012-10-09 15:00:00,432500.0
2012-10-09 16:00:00,395700.0
2012-10-09 17:00:00,351200.0
2012-10-09 18:00:00,369500.0
2012-10-09 19:00:00,367100.0
2012-10-09 20:00:00,376000.0
2012-10-09 21:00:00,366700.0
2012-10-09 22:00:00,343400.0
2012-10-09 23:00:00,172200.0
2012-10-10 00:00:00,118100.0
2012-10-10 01:00:00,81100.0
2012-10-10 02:00:00,75500.0
2012-10-10 03:00:00,73200.0
2012-10-10 04:00:00,69600.0
2012-10-10 05:00:00,66800.0
2012-10-10 06:00:00,60300.0
2012-10-10 07:00:00,57300.0
2012-10-10 08:00:00,61600.0
2012-10-10 09:00:00,97500.0
2012-10-10 10:00:00,215400.0
2012-10-10 11:00:00,375100.0
2012-10-10 12:00:00,392700.0
2012-10-10 13:00:00,407300.0
2012-10-10 14:00:00,433800.0
2012-10-10 15:00:00,430800.0
2012-10-10 16:00:00,428600.0
2012-10-10 17:00:00,339600.0
2012-10-10 18:00:00,348700.0
2012-10-10 19:00:00,346900.0
2012-10-10 20:00:00,351800.0
2012-10-10 21:00:00,348800.0
2012-10-10 22:00:00,340600.0
2012-10-10 23:00:00,169300.0
2012-10-11 00:00:00,117800.0
2012-10-11 01:00:00,81300.0
2012-10-11 02:00:00,76000.0
2012-10-11 03:00:00,73800.0
2012-10-11 04:00:00,71100.0
2012-10-11 05:00:00,65100.0
2012-10-11 06:00:00,61000.0
2012-10-11 07:00:00,56800.0
2012-10-11 08:00:00,61400.0
2012-10-11 09:00:00,97300.0
2012-10-11 10:00:00,212200.0
2012-10-11 11:00:00,369000.0
2012-10-11 12:00:00,388500.0
2012-10-11 13:00:00,375900.0
2012-10-11 14:00:00,401200.0
2012-10-11 15:00:00,392900.0
2012-10-11 16:00:00,366700.0
2012-10-11 17:00:00,333000.0
2012-10-11 18:00:00,330900.0
2012-10-11 19:00:00,327800.0
2012-10-11 20:00:00,335100.0
2012-10-11 21:00:00,324000.0
2012-10-11 22:00:00,315800.0
2012-10-11 23:00:00,165500.0
2012-10-12 00:00:00,115500.0
2012-10-12 01:00:00,78700.0
2012-10-12 02:00:00,73700.0
2012-10-12 03:00:00,70600.0
2012-10-12 04:00:00,68500.0
2012-10-12 05:00:00,63700.0
2012-10-12 06:00:00,57300.0
2012-10-12 07:00:00,56400.0
2012-10-12 08:00:00,61900.0
2012-10-12 09:00:00,98100.0
2012-10-12 10:00:00,207700.0
2012-10-12 11:00:00,326200.0
2012-10-12 12:00:00,324400.0
2012-10-12 13:00:00,317700.0
2012-10-12 14:00:00,336600.0
2012-10-12 15:00:00,333400.0
2012-10-12 16:00:00,343600.0
2012-10-12 17:00:00,290300.0
2012-10-12 18:00:00,299500.0
2012-10-12 19:00:00,295500.0
2012-10-12 20:00:00,290800.0
2012-10-12 21:00:00,268900.0
2012-10-12 22:00:00,264700.0
2012-10-12 23:00:00,162400.0
2012-10-13 00:00:00,134400.0
2012-10-13 01:00:00,112500.0
2012-10-13 02:00:00,100500.0
2012-10-13 03:00:00,83300.0
2012-10-13 04:00:00,68800.0
2012-10-13 05:00:00,63300.0
2012-10-13 06:00:00,57400.0
2012-10-13 07:00:00,56300.0
2012-10-13 08:00:00,59500.0
2012-10-13 09:00:00,101100.0
2012-10-13 10:00:00,256100.0
2012-10-13 11:00:00,298000.0
2012-10-13 12:00:00,321600.0
2012-10-13 13:00:00,327100.0
2012-10-13 14:00:00,323600.0
2012-10-13 15:00:00,334100.0
2012-10-13 16:00:00,321800.0
2012-10-13 17:00:00,323400.0
2012-10-13 18:00:00,315900.0
2012-10-13 19:00:00,301400.0
2012-10-13 20:00:00,298400.0
2012-10-13 21:00:00,297300.0
2012-10-13 22:00:00,276400.0
2012-10-13 23:00:00,167600.0
2012-10-14 00:00:00,137600.0
2012-10-14 01:00:00,112100.0
2012-10-14 02:00:00,109200.0
2012-10-14 03:00:00,97600.0
2012-10-14 04:00:00,68600.0
2012-10-14 05:00:00,63300.0
2012-10-14 06:00:00,58000.0
2012-10-14 07:00:00,54800.0
2012-10-14 08:00:00,59200.0
2012-10-14 09:00:00,103400.0
2012-10-14 10:00:00,264300.0
2012-10-14 11:00:00,301500.0
2012-10-14 12:00:00,318300.0
2012-10-14 13:00:00,341700.0
2012-10-14 14:00:00,344400.0
2012-10-14 15:00:00,346600.0
2012-10-14 16:00:00,355900.0
2012-10-14 17:00:00,351900.0
2012-10-14 18:00:00,280200.0
2012-10-14 19:00:00,337900.0
2012-10-14 20:00:00,320700.0
2012-10-14 21:00:00,294900.0
2012-10-14 22:00:00,278400.0
2012-10-14 23:00:00,161600.0
2012-10-15 00:00:00,114900.0
2012-10-15 01:00:00,80000.0
2012-10-15 02:00:00,72700.0
2012-10-15 03:00:00,70500.0
2012-10-15 04:00:00,68700.0
2012-10-15 05:00:00,65200.0
2012-10-15 06:00:00,58700.0
2012-10-15 07:00:00,55900.0
2012-10-15 08:00:00,61400.0
2012-10-15 09:00:00,99300.0
2012-10-15 10:00:00,183600.0
2012-10-15 11:00:00,279700.0
2012-10-15 12:00:00,252600.0
2012-10-15 13:00:00,263800.0
2012-10-15 14:00:00,266700.0
2012-10-15 15:00:00,282200.0
2012-10-15 16:00:00,283000.0
2012-10-15 17:00:00,268900.0
2012-10-15 18:00:00,245600.0
2012-10-15 19:00:00,278600.0
2012-10-15 20:00:00,283200.0
2012-10-15 21:00:00,266500.0
2012-10-15 22:00:00,256000.0
2012-10-15 23:00:00,149500.0
2012-10-16 00:00:00,114900.0
2012-10-16 01:00:00,77500.0
2012-10-16 02:00:00,73500.0
2012-10-16 03:00:00,70100.0
2012-10-16 04:00:00,68200.0
2012-10-16 05:00:00,65400.0
2012-10-16 06:00:00,58100.0
2012-10-16 07:00:00,55800.0
2012-10-16 08:00:00,58700.0
2012-10-16 09:00:00,94800.0
2012-10-16 10:00:00,186400.0
2012-10-16 11:00:00,291800.0
2012-10-16 12:00:00,289500.0
2012-10-16 13:00:00,280600.0
2012-10-16 14:00:00,294900.0
2012-10-16 15:00:00,300000.0
2012-10-16 16:00:00,296800.0
2012-10-16 17:00:00,268600.0
2012-10-16 18:00:00,265100.0
2012-10-16 19:00:00,272200.0
2012-10-16 20:00:00,290300.0
2012-10-16 21:00:00,271900.0
2012-10-16 22:00:00,264000.0
2012-10-16 23:00:00,155400.0
2012-10-17 00:00:00,113900.0
2012-10-17 01:00:00,78200.0
2012-10-17 02:00:00,73600.0
2012-10-17 03:00:00,71000.0
2012-10-17 04:00:00,68100.0
2012-10-17 05:00:00,62000.0
2012-10-17 06:00:00,57700.0
2012-10-17 07:00:00,54100.0
2012-10-17 08:00:00,58800.0
2012-10-17 09:00:00,95000.0
2012-10-17 10:00:00,191500.0
2012-10-17 11:00:00,260500.0
2012-10-17 12:00:00,265600.0
2012-10-17 13:00:00,273300.0
2012-10-17 14:00:00,296400.0
2012-10-17 15:00:00,297400.0
2012-10-17 16:00:00,284600.0
2012-10-17 17:00:00,240500.0
2012-10-17 18:00:00,244800.0
2012-10-17 19:00:00,285300.0
2012-10-17 20:00:00,263300.0
2012-10-17 21:00:00,262100.0
2012-10-17 22:00:00,267800.0
2012-10-17 23:00:00,156200.0
2012-10-18 00:00:00,114400.0
2012-10-18 01:00:00,77700.0
2012-10-18 02:00:00,73100.0
2012-10-18 03:00:00,71100.0
2012-10-18 04:00:00,66800.0
2012-10-18 05:00:00,63400.0
2012-10-18 06:00:00,57100.0
2012-10-18 07:00:00,55100.0
2012-10-18 08:00:00,59800.0
2012-10-18 09:00:00,96800.0
2012-10-18 10:00:00,175500.0
2012-10-18 11:00:00,234500.0
2012-10-18 12:00:00,223400.0
2012-10-18 13:00:00,226000.0
2012-10-18 14:00:00,225000.0
2012-10-18 15:00:00,236600.0
2012-10-18 16:00:00,227500.0
2012-10-18 17:00:00,206800.0
2012-10-18 18:00:00,251300.0
2012-10-18 19:00:00,242800.0
2012-10-18 20:00:00,239300.0
2012-10-18 21:00:00,236200.0
2012-10-18 22:00:00,241300.0
2012-10-18 23:00:00,152400.0
2012-10-19 00:00:00,114900.0
2012-10-19 01:00:00,80300.0
2012-10-19 02:00:00,76000.0
2012-10-19 03:00:00,72800.0
2012-10-19 04:00:00,69600.0
2012-10-19 05:00:00,66300.0
2012-10-19 06:00:00,59700.0
2012-10-19 07:00:00,57000.0
2012-10-19 08:00:00,60800.0
2012-10-19 09:00:00,97500.0
2012-10-19 10:00:00,175200.0
2012-10-19 11:00:00,239100.0
2012-10-19 12:00:00,236000.0
2012-10-19 13:00:00,240400.0
2012-10-19 14:00:00,244300.0
2012-10-19 15:00:00,250800.0
2012-10-19 16:00:00,234800.0
2012-10-19 17:00:00,231400.0
2012-10-19 18:00:00,237400.0
2012-10-19 19:00:00,250300.0
2012-10-19 20:00:00,250900.0
2012-10-19 21:00:00,256400.0
2012-10-19 22:00:00,237900.0
2012-10-19 23:00:00,162700.0
2012-10-20 00:00:00,134100.0
2012-10-20 01:00:00,113000.0
2012-10-20 02:00:00,100800.0
2012-10-20 03:00:00,83200.0
2012-10-20 04:00:00,69800.0
2012-10-20 05:00:00,64300.0
2012-10-20 06:00:00,58900.0
2012-10-20 07:00:00,55200.0
2012-10-20 08:00:00,59800.0
2012-10-20 09:00:00,103900.0
2012-10-20 10:00:00,201400.0
2012-10-20 11:00:00,230600.0
2012-10-20 12:00:00,231600.0
2012-10-20 13:00:00,255700.0
2012-10-20 14:00:00,251200.0
2012-10-20 15:00:00,243600.0
2012-10-20 16:00:00,247700.0
2012-10-20 17:00:00,240100.0
2012-10-20 18:00:00,240300.0
2012-10-20 19:00:00,258500.0
2012-10-20 20:00:00,257800.0
2012-10-20 21:00:00,253800.0
2012-10-20 22:00:00,256900.0
2012-10-20 23:00:00,160600.0
2012-10-21 00:00:00,137700.0
2012-10-21 01:00:00,113300.0
2012-10-21 02:00:00,109700.0
2012-10-21 03:00:00,98000.0
2012-10-21 04:00:00,68800.0
2012-10-21 05:00:00,63900.0
2012-10-21 06:00:00,57400.0
2012-10-21 07:00:00,55000.0
2012-10-21 08:00:00,58500.0
2012-10-21 09:00:00,102900.0
2012-10-21 10:00:00,205700.0
2012-10-21 11:00:00,236900.0
2012-10-21 12:00:00,238900.0
2012-10-21 13:00:00,260700.0
2012-10-21 14:00:00,265500.0
2012-10-21 15:00:00,274500.0
2012-10-21 16:00:00,273400.0
2012-10-21 17:00:00,275600.0
2012-10-21 18:00:00,268400.0
2012-10-21 19:00:00,290000.0
2012-10-21 20:00:00,282900.0
2012-10-21 21:00:00,283100.0
2012-10-21 22:00:00,281500.0
2012-10-21 23:00:00,163100.0
2012-10-22 00:00:00,119600.0
2012-10-22 01:00:00,76900.0
2012-10-22 02:00:00,71300.0
2012-10-22 03:00:00,67600.0
2012-10-22 04:00:00,64800.0
2012-10-22 05:00:00,61600.0
2012-10-22 06:00:00,57000.0
2012-10-22 07:00:00,54300.0
2012-10-22 08:00:00,58900.0
2012-10-22 09:00:00,94500.0
2012-10-22 10:00:00,183700.0
2012-10-22 11:00:00,293100.0
2012-10-22 12:00:00,287500.0
2012-10-22 13:00:00,293600.0
2012-10-22 14:00:00,297900.0
2012-10-22 15:00:00,303700.0
2012-10-22 16:00:00,312400.0
2012-10-22 17:00:00,301400.0
2012-10-22 18:00:00,251800.0
2012-10-22 19:00:00,300600.0
2012-10-22 20:00:00,289800.0
2012-10-22 21:00:00,277500.0
2012-10-22 22:00:00,276800.0
2012-10-22 23:00:00,158900.0
2012-10-23 00:00:00,114800.0
2012-10-23 01:00:00,77800.0
2012-10-23 02:00:00,73300.0
2012-10-23 03:00:00,67700.0
2012-10-23 04:00:00,65400.0
2012-10-23 05:00:00,63300.0
2012-10-23 06:00:00,57300.0
2012-10-23 07:00:00,56300.0
2012-10-23 08:00:00,59400.0
2012-10-23 09:00:00,94100.0
2012-10-23 10:00:00,175400.0
2012-10-23 11:00:00,258400.0
2012-10-23 12:00:00,275400.0
2012-10-23 13:00:00,275700.0
2012-10-23 14:00:00,267400.0
2012-10-23 15:00:00,265100.0
2012-10-23 16:00:00,260300.0
2012-10-23 17:00:00,219400.0
2012-10-23 18:00:00,237600.0
2012-10-23 19:00:00,269500.0
2012-10-23 20:00:00,261000.0
2012-10-23 21:00:00,268700.0
2012-10-23 22:00:00,255200.0
2012-10-23 23:00:00,160400.0
2012-10-24 00:00:00,113600.0
2012-10-24 01:00:00,75800.0
2012-10-24 02:00:00,71900.0
2012-10-24 03:00:00,68100.0
2012-10-24 04:00:00,64500.0
2012-10-24 05:00:00,62500.0
2012-10-24 06:00:00,57000.0
2012-10-24 07:00:00,54000.0
2012-10-24 08:00:00,57400.0
2012-10-24 09:00:00,90900.0
2012-10-24 10:00:00,171700.0
2012-10-24 11:00:00,251500.0
2012-10-24 12:00:00,249800.0
2012-10-24 13:00:00,250500.0
2012-10-24 14:00:00,273900.0
2012-10-24 15:00:00,273600.0
2012-10-24 16:00:00,261300.0
2012-10-24 17:00:00,229800.0
2012-10-24 18:00:00,243200.0
2012-10-24 19:00:00,262700.0
2012-10-24 20:00:00,266100.0
2012-10-24 21:00:00,262300.0
2012-10-24 22:00:00,259600.0
2012-10-24 23:00:00,157300.0
2012-10-25 00:00:00,112700.0
2012-10-25 01:00:00,76000.0
2012-10-25 02:00:00,71300.0
2012-10-25 03:00:00,67800.0
2012-10-25 04:00:00,66100.0
2012-10-25 05:00:00,63000.0
2012-10-25 06:00:00,58000.0
2012-10-25 07:00:00,54000.0
2012-10-25 08:00:00,36500.0
2012-10-25 09:00:00,65600.0
2012-10-25 10:00:00,176700.0
2012-10-25 11:00:00,193100.0
2012-10-25 12:00:00,216600.0
2012-10-25 13:00:00,235900.0
2012-10-25 14:00:00,205600.0
2012-10-25 15:00:00,260800.0
2012-10-25 16:00:00,274900.0
2012-10-25 17:00:00,239800.0
2012-10-25 18:00:00,259400.0
2012-10-25 19:00:00,273700.0
2012-10-25 20:00:00,280400.0
2012-10-25 21:00:00,274800.0
2012-10-25 22:00:00,270800.0
2012-10-25 23:00:00,162600.0
2012-10-26 00:00:00,120800.0
2012-10-26 01:00:00,84000.0
2012-10-26 02:00:00,80000.0
2012-10-26 03:00:00,78100.0
2012-10-26 04:00:00,74500.0
2012-10-26 05:00:00,70600.0
2012-10-26 06:00:00,65600.0
2012-10-26 07:00:00,62700.0
2012-10-26 08:00:00,66100.0
2012-10-26 09:00:00,103800.0
2012-10-26 10:00:00,191700.0
2012-10-26 11:00:00,202500.0
2012-10-26 12:00:00,254700.0
2012-10-26 13:00:00,252400.0
2012-10-26 14:00:00,253100.0
2012-10-26 15:00:00,322100.0
2012-10-26 16:00:00,311400.0
2012-10-26 17:00:00,248100.0
2012-10-26 18:00:00,253100.0
2012-10-26 19:00:00,261600.0
2012-10-26 20:00:00,262200.0
2012-10-26 21:00:00,264600.0
2012-10-26 22:00:00,261500.0
2012-10-26 23:00:00,167200.0
2012-10-27 00:00:00,141000.0
2012-10-27 01:00:00,117900.0
2012-10-27 02:00:00,106000.0
2012-10-27 03:00:00,87900.0
2012-10-27 04:00:00,72300.0
2012-10-27 05:00:00,68400.0
2012-10-27 06:00:00,63800.0
2012-10-27 07:00:00,61500.0
2012-10-27 08:00:00,65200.0
2012-10-27 09:00:00,107700.0
2012-10-27 10:00:00,193900.0
2012-10-27 11:00:00,223100.0
2012-10-27 12:00:00,223200.0
2012-10-27 13:00:00,215200.0
2012-10-27 14:00:00,227800.0
2012-10-27 15:00:00,240900.0
2012-10-27 16:00:00,238600.0
2012-10-27 17:00:00,232600.0
2012-10-27 18:00:00,210700.0
2012-10-27 19:00:00,235400.0
2012-10-27 20:00:00,240300.0
2012-10-27 21:00:00,241100.0
2012-10-27 22:00:00,236500.0
2012-10-27 23:00:00,162900.0
2012-10-28 00:00:00,143100.0
2012-10-28 01:00:00,234500.0
2012-10-28 02:00:00,115200.0
2012-10-28 03:00:00,102400.0
2012-10-28 04:00:00,73500.0
2012-10-28 05:00:00,67900.0
2012-10-28 06:00:00,63400.0
2012-10-28 07:00:00,62500.0
2012-10-28 08:00:00,67700.0
2012-10-28 09:00:00,110500.0
2012-10-28 10:00:00,184600.0
2012-10-28 11:00:00,202700.0
2012-10-28 12:00:00,199800.0
2012-10-28 13:00:00,203900.0
2012-10-28 14:00:00,209200.0
2012-10-28 15:00:00,205600.0
2012-10-28 16:00:00,226200.0
2012-10-28 17:00:00,209400.0
2012-10-28 18:00:00,225300.0
2012-10-28 19:00:00,229600.0
2012-10-28 20:00:00,232600.0
2012-10-28 21:00:00,232300.0
2012-10-28 22:00:00,209600.0
2012-10-28 23:00:00,154200.0
2012-10-29 00:00:00,122200.0
2012-10-29 01:00:00,82400.0
2012-10-29 02:00:00,77900.0
2012-10-29 03:00:00,74600.0
2012-10-29 04:00:00,73000.0
2012-10-29 05:00:00,68700.0
2012-10-29 06:00:00,63800.0
2012-10-29 07:00:00,62300.0
2012-10-29 08:00:00,69700.0
2012-10-29 09:00:00,108200.0
2012-10-29 10:00:00,187900.0
2012-10-29 11:00:00,249200.0
2012-10-29 12:00:00,278700.0
2012-10-29 13:00:00,234000.0
2012-10-29 14:00:00,233600.0
2012-10-29 15:00:00,225700.0
2012-10-29 16:00:00,216100.0
2012-10-29 17:00:00,248100.0
2012-10-29 18:00:00,253400.0
2012-10-29 19:00:00,247600.0
2012-10-29 20:00:00,256100.0
2012-10-29 21:00:00,251200.0
2012-10-29 22:00:00,244600.0
2012-10-29 23:00:00,156900.0
2012-10-30 00:00:00,119900.0
2012-10-30 01:00:00,78600.0
2012-10-30 02:00:00,70900.0
2012-10-30 03:00:00,68600.0
2012-10-30 04:00:00,69200.0
2012-10-30 05:00:00,63900.0
2012-10-30 06:00:00,58900.0
2012-10-30 07:00:00,58100.0
2012-10-30 08:00:00,62300.0
2012-10-30 09:00:00,96000.0
2012-10-30 10:00:00,182000.0
2012-10-30 11:00:00,251800.0
2012-10-30 12:00:00,225700.0
2012-10-30 13:00:00,242300.0
2012-10-30 14:00:00,232300.0
2012-10-30 15:00:00,224500.0
2012-10-30 16:00:00,216500.0
2012-10-30 17:00:00,222500.0
2012-10-30 18:00:00,254300.0
2012-10-30 19:00:00,254400.0
2012-10-30 20:00:00,241000.0
2012-10-30 21:00:00,249000.0
2012-10-30 22:00:00,241700.0
2012-10-30 23:00:00,162100.0
2012-10-31 00:00:00,125800.0
2012-10-31 01:00:00,81300.0
2012-10-31 02:00:00,80600.0
2012-10-31 03:00:00,76400.0
2012-10-31 04:00:00,78300.0
2012-10-31 05:00:00,70400.0
2012-10-31 06:00:00,66300.0
2012-10-31 07:00:00,66500.0
2012-10-31 08:00:00,71600.0
2012-10-31 09:00:00,108000.0
2012-10-31 10:00:00,186800.0
2012-10-31 11:00:00,198000.0
2012-10-31 12:00:00,220200.0
2012-10-31 13:00:00,236600.0
2012-10-31 14:00:00,215300.0
2012-10-31 15:00:00,221300.0
2012-10-31 16:00:00,212100.0
2012-10-31 17:00:00,214200.0
2012-10-31 18:00:00,243100.0
2012-10-31 19:00:00,247700.0
2012-10-31 20:00:00,246900.0
2012-10-31 21:00:00,254500.0
2012-10-31 22:00:00,240200.0
2012-10-31 23:00:00,154000.0
2012-11-01 00:00:00,117400.0
2012-11-01 01:00:00,76200.0
2012-11-01 02:00:00,71800.0
2012-11-01 03:00:00,69400.0
2012-11-01 04:00:00,68200.0
2012-11-01 05:00:00,62200.0
2012-11-01 06:00:00,57600.0
2012-11-01 07:00:00,57000.0
2012-11-01 08:00:00,60500.0
2012-11-01 09:00:00,96900.0
2012-11-01 10:00:00,174500.0
2012-11-01 11:00:00,188300.0
2012-11-01 12:00:00,213400.0
2012-11-01 13:00:00,201300.0
2012-11-01 14:00:00,207100.0
2012-11-01 15:00:00,208800.0
2012-11-01 16:00:00,216000.0
2012-11-01 17:00:00,205700.0
2012-11-01 18:00:00,237900.0
2012-11-01 19:00:00,228200.0
2012-11-01 20:00:00,230600.0
2012-11-01 21:00:00,231200.0
2012-11-01 22:00:00,229800.0
2012-11-01 23:00:00,151600.0
2012-11-02 00:00:00,119300.0
2012-11-02 01:00:00,77700.0
2012-11-02 02:00:00,73000.0
2012-11-02 03:00:00,70800.0
2012-11-02 04:00:00,67700.0
2012-11-02 05:00:00,62600.0
2012-11-02 06:00:00,57300.0
2012-11-02 07:00:00,58200.0
2012-11-02 08:00:00,62300.0
2012-11-02 09:00:00,99400.0
2012-11-02 10:00:00,174900.0
2012-11-02 11:00:00,189700.0
2012-11-02 12:00:00,208800.0
2012-11-02 13:00:00,201900.0
2012-11-02 14:00:00,211700.0
2012-11-02 15:00:00,215100.0
2012-11-02 16:00:00,222500.0
2012-11-02 17:00:00,230700.0
2012-11-02 18:00:00,237800.0
2012-11-02 19:00:00,238900.0
2012-11-02 20:00:00,236700.0
2012-11-02 21:00:00,233400.0
2012-11-02 22:00:00,223600.0
2012-11-02 23:00:00,155500.0
2012-11-03 00:00:00,133700.0
2012-11-03 01:00:00,112600.0
2012-11-03 02:00:00,98700.0
2012-11-03 03:00:00,82800.0
2012-11-03 04:00:00,67300.0
2012-11-03 05:00:00,63800.0
2012-11-03 06:00:00,60400.0
2012-11-03 07:00:00,60100.0
2012-11-03 08:00:00,62800.0
2012-11-03 09:00:00,104500.0
2012-11-03 10:00:00,196500.0
2012-11-03 11:00:00,291400.0
2012-11-03 12:00:00,343000.0
2012-11-03 13:00:00,292400.0
2012-11-03 14:00:00,287100.0
2012-11-03 15:00:00,283100.0
2012-11-03 16:00:00,295600.0
2012-11-03 17:00:00,314400.0
2012-11-03 18:00:00,276200.0
2012-11-03 19:00:00,265200.0
2012-11-03 20:00:00,254600.0
2012-11-03 21:00:00,251500.0
2012-11-03 22:00:00,240200.0
2012-11-03 23:00:00,155600.0
2012-11-04 00:00:00,136100.0
2012-11-04 01:00:00,109600.0
2012-11-04 02:00:00,106900.0
2012-11-04 03:00:00,31600.0
2012-11-04 04:00:00,60200.0
2012-11-04 05:00:00,58000.0
2012-11-04 06:00:00,54200.0
2012-11-04 07:00:00,53100.0
2012-11-04 08:00:00,56900.0
2012-11-04 09:00:00,101100.0
2012-11-04 10:00:00,193600.0
2012-11-04 11:00:00,216900.0
2012-11-04 12:00:00,97600.0
2012-11-04 13:00:00,133400.0
2012-11-04 14:00:00,133900.0
2012-11-04 15:00:00,132600.0
2012-11-04 16:00:00,181300.0
2012-11-04 17:00:00,231400.0
2012-11-04 18:00:00,230400.0
2012-11-04 19:00:00,261200.0
2012-11-04 20:00:00,256100.0
2012-11-04 21:00:00,255200.0
2012-11-04 22:00:00,254600.0
2012-11-04 23:00:00,164500.0
2012-11-05 00:00:00,126800.0
2012-11-05 01:00:00,82800.0
2012-11-05 02:00:00,78600.0
2012-11-05 03:00:00,76300.0
2012-11-05 04:00:00,74900.0
2012-11-05 05:00:00,73100.0
2012-11-05 06:00:00,71100.0
2012-11-05 07:00:00,66500.0
2012-11-05 08:00:00,73200.0
2012-11-05 09:00:00,108600.0
2012-11-05 10:00:00,187400.0
2012-11-05 11:00:00,212300.0
2012-11-05 12:00:00,216500.0
2012-11-05 13:00:00,208300.0
2012-11-05 14:00:00,204900.0
2012-11-05 15:00:00,204700.0
2012-11-05 16:00:00,218400.0
2012-11-05 17:00:00,231600.0
2012-11-05 18:00:00,223900.0
2012-11-05 19:00:00,227200.0
2012-11-05 20:00:00,231700.0
2012-11-05 21:00:00,234700.0
2012-11-05 22:00:00,235800.0
2012-11-05 23:00:00,147900.0
2012-11-06 00:00:00,111900.0
2012-11-06 01:00:00,71700.0
2012-11-06 02:00:00,66900.0
2012-11-06 03:00:00,64800.0
2012-11-06 04:00:00,63300.0
2012-11-06 05:00:00,59900.0
2012-11-06 06:00:00,54700.0
2012-11-06 07:00:00,53900.0
2012-11-06 08:00:00,57600.0
2012-11-06 09:00:00,93400.0
2012-11-06 10:00:00,168200.0
2012-11-06 11:00:00,183800.0
2012-11-06 12:00:00,186100.0
2012-11-06 13:00:00,181200.0
2012-11-06 14:00:00,178100.0
2012-11-06 15:00:00,280800.0
2012-11-06 16:00:00,213600.0
2012-11-06 17:00:00,195900.0
2012-11-06 18:00:00,242200.0
2012-11-06 19:00:00,247000.0
2012-11-06 20:00:00,224100.0
2012-11-06 21:00:00,232400.0
2012-11-06 22:00:00,237300.0
2012-11-06 23:00:00,149600.0
2012-11-07 00:00:00,114700.0
2012-11-07 01:00:00,73000.0
2012-11-07 02:00:00,68500.0
2012-11-07 03:00:00,67100.0
2012-11-07 04:00:00,63100.0
2012-11-07 05:00:00,58900.0
2012-11-07 06:00:00,54500.0
2012-11-07 07:00:00,53600.0
2012-11-07 08:00:00,58800.0
2012-11-07 09:00:00,96100.0
2012-11-07 10:00:00,169000.0
2012-11-07 11:00:00,193400.0
2012-11-07 12:00:00,233300.0
2012-11-07 13:00:00,234000.0
2012-11-07 14:00:00,220000.0
2012-11-07 15:00:00,198200.0
2012-11-07 16:00:00,244700.0
2012-11-07 17:00:00,246800.0
2012-11-07 18:00:00,270000.0
2012-11-07 19:00:00,254400.0
2012-11-07 20:00:00,253500.0
2012-11-07 21:00:00,264500.0
2012-11-07 22:00:00,253100.0
2012-11-07 23:00:00,158800.0
2012-11-08 00:00:00,116200.0
2012-11-08 01:00:00,75100.0
2012-11-08 02:00:00,70000.0
2012-11-08 03:00:00,68200.0
2012-11-08 04:00:00,65500.0
2012-11-08 05:00:00,62400.0
2012-11-08 06:00:00,57800.0
2012-11-08 07:00:00,57100.0
2012-11-08 08:00:00,59800.0
2012-11-08 09:00:00,93900.0
2012-11-08 10:00:00,180600.0
2012-11-08 11:00:00,239700.0
2012-11-08 12:00:00,230300.0
2012-11-08 13:00:00,205300.0
2012-11-08 14:00:00,216300.0
2012-11-08 15:00:00,236800.0
2012-11-08 16:00:00,221200.0
2012-11-08 17:00:00,194500.0
2012-11-08 18:00:00,233500.0
2012-11-08 19:00:00,226300.0
2012-11-08 20:00:00,224800.0
2012-11-08 21:00:00,228000.0
2012-11-08 22:00:00,221400.0
2012-11-08 23:00:00,149300.0
2012-11-09 00:00:00,115300.0
2012-11-09 01:00:00,72900.0
2012-11-09 02:00:00,69500.0
2012-11-09 03:00:00,65200.0
2012-11-09 04:00:00,63500.0
2012-11-09 05:00:00,58200.0
2012-11-09 06:00:00,53700.0
2012-11-09 07:00:00,52900.0
2012-11-09 08:00:00,58600.0
2012-11-09 09:00:00,96900.0
2012-11-09 10:00:00,162300.0
2012-11-09 11:00:00,181400.0
2012-11-09 12:00:00,194300.0
2012-11-09 13:00:00,185600.0
2012-11-09 14:00:00,185700.0
2012-11-09 15:00:00,253600.0
2012-11-09 16:00:00,259300.0
2012-11-09 17:00:00,206300.0
2012-11-09 18:00:00,243200.0
2012-11-09 19:00:00,237400.0
2012-11-09 20:00:00,230400.0
2012-11-09 21:00:00,237700.0
2012-11-09 22:00:00,235700.0
2012-11-09 23:00:00,156100.0
2012-11-10 00:00:00,133000.0
2012-11-10 01:00:00,106200.0
2012-11-10 02:00:00,93900.0
2012-11-10 03:00:00,76200.0
2012-11-10 04:00:00,62200.0
2012-11-10 05:00:00,58200.0
2012-11-10 06:00:00,53900.0
2012-11-10 07:00:00,53800.0
2012-11-10 08:00:00,59600.0
2012-11-10 09:00:00,101200.0
2012-11-10 10:00:00,162800.0
2012-11-10 11:00:00,193000.0
2012-11-10 12:00:00,189800.0
2012-11-10 13:00:00,184000.0
2012-11-10 14:00:00,183400.0
2012-11-10 15:00:00,193100.0
2012-11-10 16:00:00,194500.0
2012-11-10 17:00:00,195200.0
2012-11-10 18:00:00,217000.0
2012-11-10 19:00:00,224300.0
2012-11-10 20:00:00,222400.0
2012-11-10 21:00:00,224900.0
2012-11-10 22:00:00,218000.0
2012-11-10 23:00:00,159000.0
2012-11-11 00:00:00,136800.0
2012-11-11 01:00:00,110900.0
2012-11-11 02:00:00,107300.0
2012-11-11 03:00:00,97700.0
2012-11-11 04:00:00,63700.0
2012-11-11 05:00:00,59700.0
2012-11-11 06:00:00,56300.0
2012-11-11 07:00:00,54000.0
2012-11-11 08:00:00,58700.0
2012-11-11 09:00:00,99800.0
2012-11-11 10:00:00,159000.0
2012-11-11 11:00:00,186800.0
2012-11-11 12:00:00,181500.0
2012-11-11 13:00:00,180800.0
2012-11-11 14:00:00,173700.0
2012-11-11 15:00:00,180000.0
2012-11-11 16:00:00,179800.0
2012-11-11 17:00:00,191900.0
2012-11-11 18:00:00,202000.0
2012-11-11 19:00:00,212000.0
2012-11-11 20:00:00,210700.0
2012-11-11 21:00:00,204800.0
2012-11-11 22:00:00,206900.0
2012-11-11 23:00:00,153700.0
2012-11-12 00:00:00,118600.0
2012-11-12 01:00:00,76600.0
2012-11-12 02:00:00,71300.0
2012-11-12 03:00:00,66900.0
2012-11-12 04:00:00,65400.0
2012-11-12 05:00:00,59900.0
2012-11-12 06:00:00,55500.0
2012-11-12 07:00:00,53600.0
2012-11-12 08:00:00,58700.0
2012-11-12 09:00:00,92800.0
2012-11-12 10:00:00,159600.0
2012-11-12 11:00:00,168400.0
2012-11-12 12:00:00,169100.0
2012-11-12 13:00:00,190000.0
2012-11-12 14:00:00,180600.0
2012-11-12 15:00:00,182400.0
2012-11-12 16:00:00,185300.0
2012-11-12 17:00:00,187500.0
2012-11-12 18:00:00,205900.0
2012-11-12 19:00:00,207900.0
2012-11-12 20:00:00,210800.0
2012-11-12 21:00:00,210600.0
2012-11-12 22:00:00,205800.0
2012-11-12 23:00:00,149000.0
2012-11-13 00:00:00,117000.0
2012-11-13 01:00:00,74800.0
2012-11-13 02:00:00,70600.0
2012-11-13 03:00:00,65900.0
2012-11-13 04:00:00,63600.0
2012-11-13 05:00:00,59800.0
2012-11-13 06:00:00,56100.0
2012-11-13 07:00:00,53000.0
2012-11-13 08:00:00,58800.0
2012-11-13 09:00:00,92200.0
2012-11-13 10:00:00,161300.0
2012-11-13 11:00:00,165600.0
2012-11-13 12:00:00,223800.0
2012-11-13 13:00:00,224300.0
2012-11-13 14:00:00,128100.0
2012-11-13 15:00:00,232700.0
2012-11-13 16:00:00,204000.0
2012-11-13 17:00:00,182800.0
2012-11-13 18:00:00,217100.0
2012-11-13 19:00:00,214000.0
2012-11-13 20:00:00,209700.0
2012-11-13 21:00:00,206000.0
2012-11-13 22:00:00,207100.0
2012-11-13 23:00:00,159500.0
2012-11-14 00:00:00,119100.0
2012-11-14 01:00:00,84400.0
2012-11-14 02:00:00,79300.0
2012-11-14 03:00:00,75600.0
2012-11-14 04:00:00,69500.0
2012-11-14 05:00:00,63900.0
2012-11-14 06:00:00,59100.0
2012-11-14 07:00:00,58600.0
2012-11-14 08:00:00,63700.0
2012-11-14 09:00:00,97500.0
2012-11-14 10:00:00,216900.0
2012-11-14 11:00:00,162800.0
2012-11-14 12:00:00,209200.0
2012-11-14 13:00:00,186200.0
2012-11-14 14:00:00,190300.0
2012-11-14 15:00:00,187600.0
2012-11-14 16:00:00,182800.0
2012-11-14 17:00:00,181000.0
2012-11-14 18:00:00,218800.0
2012-11-14 19:00:00,223700.0
2012-11-14 20:00:00,215200.0
2012-11-14 21:00:00,214700.0
2012-11-14 22:00:00,212900.0
2012-11-14 23:00:00,148900.0
2012-11-15 00:00:00,116700.0
2012-11-15 01:00:00,78600.0
2012-11-15 02:00:00,74100.0
2012-11-15 03:00:00,69700.0
2012-11-15 04:00:00,67600.0
2012-11-15 05:00:00,62500.0
2012-11-15 06:00:00,59400.0
2012-11-15 07:00:00,58800.0
2012-11-15 08:00:00,62200.0
2012-11-15 09:00:00,98900.0
2012-11-15 10:00:00,172300.0
2012-11-15 11:00:00,250800.0
2012-11-15 12:00:00,259900.0
2012-11-15 13:00:00,219600.0
2012-11-15 14:00:00,209500.0
2012-11-15 15:00:00,204600.0
2012-11-15 16:00:00,220600.0
2012-11-15 17:00:00,216700.0
2012-11-15 18:00:00,242200.0
2012-11-15 19:00:00,249000.0
2012-11-15 20:00:00,242400.0
2012-11-15 21:00:00,233800.0
2012-11-15 22:00:00,232800.0
2012-11-15 23:00:00,160100.0
2012-11-16 00:00:00,119800.0
2012-11-16 01:00:00,84400.0
2012-11-16 02:00:00,80200.0
2012-11-16 03:00:00,77400.0
2012-11-16 04:00:00,77600.0
2012-11-16 05:00:00,73400.0
2012-11-16 06:00:00,68200.0
2012-11-16 07:00:00,70400.0
2012-11-16 08:00:00,75500.0
2012-11-16 09:00:00,106200.0
2012-11-16 10:00:00,190200.0
2012-11-16 11:00:00,210000.0
2012-11-16 12:00:00,220900.0
2012-11-16 13:00:00,224800.0
2012-11-16 14:00:00,178400.0
2012-11-16 15:00:00,180900.0
2012-11-16 16:00:00,184200.0
2012-11-16 17:00:00,148100.0
2012-11-16 18:00:00,157100.0
2012-11-16 19:00:00,156000.0
2012-11-16 20:00:00,154500.0
2012-11-16 21:00:00,157700.0
2012-11-16 22:00:00,157700.0
2012-11-16 23:00:00,146100.0
2012-11-17 00:00:00,130800.0
2012-11-17 01:00:00,115800.0
2012-11-17 02:00:00,103500.0
2012-11-17 03:00:00,82800.0
2012-11-17 04:00:00,67100.0
2012-11-17 05:00:00,63000.0
2012-11-17 06:00:00,58000.0
2012-11-17 07:00:00,56700.0
2012-11-17 08:00:00,59300.0
2012-11-17 09:00:00,95500.0
2012-11-17 10:00:00,157400.0
2012-11-17 11:00:00,165900.0
2012-11-17 12:00:00,169000.0
2012-11-17 13:00:00,167600.0
2012-11-17 14:00:00,195500.0
2012-11-17 15:00:00,270000.0
2012-11-17 16:00:00,201500.0
2012-11-17 17:00:00,230500.0
2012-11-17 18:00:00,224600.0
2012-11-17 19:00:00,223400.0
2012-11-17 20:00:00,234700.0
2012-11-17 21:00:00,225600.0
2012-11-17 22:00:00,215900.0
2012-11-17 23:00:00,158500.0
2012-11-18 00:00:00,135500.0
2012-11-18 01:00:00,110200.0
2012-11-18 02:00:00,107300.0
2012-11-18 03:00:00,97700.0
2012-11-18 04:00:00,64900.0
2012-11-18 05:00:00,59400.0
2012-11-18 06:00:00,54900.0
2012-11-18 07:00:00,52400.0
2012-11-18 08:00:00,56400.0
2012-11-18 09:00:00,93200.0
2012-11-18 10:00:00,145500.0
2012-11-18 11:00:00,173500.0
2012-11-18 12:00:00,166200.0
2012-11-18 13:00:00,168200.0
2012-11-18 14:00:00,175500.0
2012-11-18 15:00:00,172500.0
2012-11-18 16:00:00,172300.0
2012-11-18 17:00:00,201300.0
2012-11-18 18:00:00,280100.0
2012-11-18 19:00:00,224400.0
2012-11-18 20:00:00,224200.0
2012-11-18 21:00:00,229000.0
2012-11-18 22:00:00,222100.0
2012-11-18 23:00:00,149300.0
2012-11-19 00:00:00,114500.0
2012-11-19 01:00:00,76500.0
2012-11-19 02:00:00,71700.0
2012-11-19 03:00:00,68600.0
2012-11-19 04:00:00,65300.0
2012-11-19 05:00:00,61300.0
2012-11-19 06:00:00,57600.0
2012-11-19 07:00:00,54600.0
2012-11-19 08:00:00,59200.0
2012-11-19 09:00:00,92300.0
2012-11-19 10:00:00,163200.0
2012-11-19 11:00:00,193100.0
2012-11-19 12:00:00,189700.0
2012-11-19 13:00:00,194600.0
2012-11-19 14:00:00,191500.0
2012-11-19 15:00:00,199600.0
2012-11-19 16:00:00,192300.0
2012-11-19 17:00:00,203300.0
2012-11-19 18:00:00,214000.0
2012-11-19 19:00:00,225300.0
2012-11-19 20:00:00,221700.0
2012-11-19 21:00:00,211800.0
2012-11-19 22:00:00,216800.0
2012-11-19 23:00:00,150000.0
2012-11-20 00:00:00,113200.0
2012-11-20 01:00:00,77000.0
2012-11-20 02:00:00,71700.0
2012-11-20 03:00:00,69900.0
2012-11-20 04:00:00,66100.0
2012-11-20 05:00:00,62200.0
2012-11-20 06:00:00,56900.0
2012-11-20 07:00:00,56600.0
2012-11-20 08:00:00,61300.0
2012-11-20 09:00:00,99700.0
2012-11-20 10:00:00,183900.0
2012-11-20 11:00:00,188100.0
2012-11-20 12:00:00,207300.0
2012-11-20 13:00:00,207200.0
2012-11-20 14:00:00,201300.0
2012-11-20 15:00:00,194100.0
2012-11-20 16:00:00,188400.0
2012-11-20 17:00:00,218400.0
2012-11-20 18:00:00,244200.0
2012-11-20 19:00:00,228800.0
2012-11-20 20:00:00,227700.0
2012-11-20 21:00:00,226000.0
2012-11-20 22:00:00,226000.0
2012-11-20 23:00:00,155300.0
2012-11-21 00:00:00,114600.0
2012-11-21 01:00:00,74800.0
2012-11-21 02:00:00,72300.0
2012-11-21 03:00:00,68800.0
2012-11-21 04:00:00,66400.0
2012-11-21 05:00:00,61400.0
2012-11-21 06:00:00,57300.0
2012-11-21 07:00:00,56100.0
2012-11-21 08:00:00,59700.0
2012-11-21 09:00:00,95600.0
2012-11-21 10:00:00,178200.0
2012-11-21 11:00:00,192700.0
2012-11-21 12:00:00,198000.0
2012-11-21 13:00:00,192900.0
2012-11-21 14:00:00,197900.0
2012-11-21 15:00:00,202200.0
2012-11-21 16:00:00,195100.0
2012-11-21 17:00:00,197100.0
2012-11-21 18:00:00,230400.0
2012-11-21 19:00:00,225900.0
2012-11-21 20:00:00,227500.0
2012-11-21 21:00:00,212100.0
2012-11-21 22:00:00,216600.0
2012-11-21 23:00:00,146400.0
2012-11-22 00:00:00,113900.0
2012-11-22 01:00:00,73600.0
2012-11-22 02:00:00,70500.0
2012-11-22 03:00:00,65900.0
2012-11-22 04:00:00,63900.0
2012-11-22 05:00:00,59200.0
2012-11-22 06:00:00,54300.0
2012-11-22 07:00:00,54500.0
2012-11-22 08:00:00,62800.0
2012-11-22 09:00:00,96900.0
2012-11-22 10:00:00,164900.0
2012-11-22 11:00:00,191100.0
2012-11-22 12:00:00,192100.0
2012-11-22 13:00:00,186300.0
2012-11-22 14:00:00,190500.0
2012-11-22 15:00:00,193200.0
2012-11-22 16:00:00,210800.0
2012-11-22 17:00:00,197200.0
2012-11-22 18:00:00,232100.0
2012-11-22 19:00:00,218400.0
2012-11-22 20:00:00,223900.0
2012-11-22 21:00:00,228300.0
2012-11-22 22:00:00,220200.0
2012-11-22 23:00:00,150000.0
2012-11-23 00:00:00,112700.0
2012-11-23 01:00:00,75000.0
2012-11-23 02:00:00,71800.0
2012-11-23 03:00:00,69000.0
2012-11-23 04:00:00,66500.0
2012-11-23 05:00:00,63800.0
2012-11-23 06:00:00,58900.0
2012-11-23 07:00:00,58500.0
2012-11-23 08:00:00,63100.0
2012-11-23 09:00:00,96100.0
2012-11-23 10:00:00,168300.0
2012-11-23 11:00:00,188600.0
2012-11-23 12:00:00,195200.0
2012-11-23 13:00:00,190200.0
2012-11-23 14:00:00,198500.0
2012-11-23 15:00:00,193100.0
2012-11-23 16:00:00,198000.0
2012-11-23 17:00:00,206700.0
2012-11-23 18:00:00,228500.0
2012-11-23 19:00:00,227800.0
2012-11-23 20:00:00,228700.0
2012-11-23 21:00:00,235700.0
2012-11-23 22:00:00,244000.0
2012-11-23 23:00:00,162100.0
2012-11-24 00:00:00,135200.0
2012-11-24 01:00:00,111900.0
2012-11-24 02:00:00,101700.0
2012-11-24 03:00:00,78500.0
2012-11-24 04:00:00,65100.0
2012-11-24 05:00:00,60700.0
2012-11-24 06:00:00,55800.0
2012-11-24 07:00:00,56000.0
2012-11-24 08:00:00,59900.0
2012-11-24 09:00:00,118800.0
2012-11-24 10:00:00,195500.0
2012-11-24 11:00:00,207000.0
2012-11-24 12:00:00,214000.0
2012-11-24 13:00:00,206300.0
2012-11-24 14:00:00,217900.0
2012-11-24 15:00:00,213800.0
2012-11-24 16:00:00,213500.0
2012-11-24 17:00:00,248100.0
2012-11-24 18:00:00,245900.0
2012-11-24 19:00:00,255600.0
2012-11-24 20:00:00,244700.0
2012-11-24 21:00:00,252900.0
2012-11-24 22:00:00,248500.0
2012-11-24 23:00:00,162500.0
2012-11-25 00:00:00,132300.0
2012-11-25 01:00:00,110400.0
2012-11-25 02:00:00,106000.0
2012-11-25 03:00:00,95000.0
2012-11-25 04:00:00,63700.0
2012-11-25 05:00:00,58900.0
2012-11-25 06:00:00,53800.0
2012-11-25 07:00:00,53800.0
2012-11-25 08:00:00,58500.0
2012-11-25 09:00:00,121300.0
2012-11-25 10:00:00,187800.0
2012-11-25 11:00:00,210900.0
2012-11-25 12:00:00,202100.0
2012-11-25 13:00:00,229800.0
2012-11-25 14:00:00,221100.0
2012-11-25 15:00:00,222700.0
2012-11-25 16:00:00,236600.0
2012-11-25 17:00:00,262400.0
2012-11-25 18:00:00,258400.0
2012-11-25 19:00:00,251500.0
2012-11-25 20:00:00,243800.0
2012-11-25 21:00:00,261000.0
2012-11-25 22:00:00,248600.0
2012-11-25 23:00:00,149200.0
2012-11-26 00:00:00,114800.0
2012-11-26 01:00:00,75000.0
2012-11-26 02:00:00,69200.0
2012-11-26 03:00:00,66800.0
2012-11-26 04:00:00,63300.0
2012-11-26 05:00:00,60100.0
2012-11-26 06:00:00,55400.0
2012-11-26 07:00:00,55300.0
2012-11-26 08:00:00,60800.0
2012-11-26 09:00:00,97700.0
2012-11-26 10:00:00,193500.0
2012-11-26 11:00:00,201100.0
2012-11-26 12:00:00,202200.0
2012-11-26 13:00:00,192200.0
2012-11-26 14:00:00,188900.0
2012-11-26 15:00:00,187800.0
2012-11-26 16:00:00,195800.0
2012-11-26 17:00:00,199400.0
2012-11-26 18:00:00,219800.0
2012-11-26 19:00:00,214000.0
2012-11-26 20:00:00,209200.0
2012-11-26 21:00:00,216300.0
2012-11-26 22:00:00,210300.0
2012-11-26 23:00:00,150900.0
2012-11-27 00:00:00,112900.0
2012-11-27 01:00:00,75400.0
2012-11-27 02:00:00,74700.0
2012-11-27 03:00:00,68800.0
2012-11-27 04:00:00,62700.0
2012-11-27 05:00:00,59600.0
2012-11-27 06:00:00,56000.0
2012-11-27 07:00:00,57500.0
2012-11-27 08:00:00,60300.0
2012-11-27 09:00:00,96800.0
2012-11-27 10:00:00,174800.0
2012-11-27 11:00:00,182700.0
2012-11-27 12:00:00,201400.0
2012-11-27 13:00:00,196500.0
2012-11-27 14:00:00,190900.0
2012-11-27 15:00:00,186300.0
2012-11-27 16:00:00,184800.0
2012-11-27 17:00:00,193100.0
2012-11-27 18:00:00,221600.0
2012-11-27 19:00:00,211800.0
2012-11-27 20:00:00,215600.0
2012-11-27 21:00:00,216200.0
2012-11-27 22:00:00,214100.0
2012-11-27 23:00:00,153700.0
2012-11-28 00:00:00,116600.0
2012-11-28 01:00:00,75100.0
2012-11-28 02:00:00,72600.0
2012-11-28 03:00:00,70100.0
2012-11-28 04:00:00,66700.0
2012-11-28 05:00:00,61500.0
2012-11-28 06:00:00,56900.0
2012-11-28 07:00:00,56900.0
2012-11-28 08:00:00,61200.0
2012-11-28 09:00:00,95600.0
2012-11-28 10:00:00,165000.0
2012-11-28 11:00:00,177800.0
2012-11-28 12:00:00,190800.0
2012-11-28 13:00:00,187100.0
2012-11-28 14:00:00,173800.0
2012-11-28 15:00:00,174100.0
2012-11-28 16:00:00,180900.0
2012-11-28 17:00:00,176600.0
2012-11-28 18:00:00,214200.0
2012-11-28 19:00:00,213300.0
2012-11-28 20:00:00,214300.0
2012-11-28 21:00:00,210900.0
2012-11-28 22:00:00,206300.0
2012-11-28 23:00:00,152600.0
2012-11-29 00:00:00,115600.0
2012-11-29 01:00:00,76000.0
2012-11-29 02:00:00,71800.0
2012-11-29 03:00:00,69200.0
2012-11-29 04:00:00,65400.0
2012-11-29 05:00:00,61100.0
2012-11-29 06:00:00,56500.0
2012-11-29 07:00:00,56100.0
2012-11-29 08:00:00,60500.0
2012-11-29 09:00:00,93900.0
2012-11-29 10:00:00,156800.0
2012-11-29 11:00:00,170900.0
2012-11-29 12:00:00,174600.0
2012-11-29 13:00:00,177600.0
2012-11-29 14:00:00,190200.0
2012-11-29 15:00:00,169600.0
2012-11-29 16:00:00,184800.0
2012-11-29 17:00:00,182600.0
2012-11-29 18:00:00,219100.0
2012-11-29 19:00:00,218100.0
2012-11-29 20:00:00,210000.0
2012-11-29 21:00:00,215900.0
2012-11-29 22:00:00,216200.0
2012-11-29 23:00:00,151000.0
2012-11-30 00:00:00,120000.0
2012-11-30 01:00:00,81200.0
2012-11-30 02:00:00,75400.0
2012-11-30 03:00:00,70400.0
2012-11-30 04:00:00,67100.0
2012-11-30 05:00:00,60900.0
2012-11-30 06:00:00,55800.0
2012-11-30 07:00:00,56400.0
2012-11-30 08:00:00,61500.0
2012-11-30 09:00:00,96100.0
2012-11-30 10:00:00,162300.0
2012-11-30 11:00:00,180200.0
2012-11-30 12:00:00,179100.0
2012-11-30 13:00:00,176600.0
2012-11-30 14:00:00,186500.0
2012-11-30 15:00:00,159600.0
2012-11-30 16:00:00,180900.0
2012-11-30 17:00:00,182900.0
2012-11-30 18:00:00,201600.0
2012-11-30 19:00:00,207600.0
2012-11-30 20:00:00,198000.0
2012-11-30 21:00:00,206500.0
2012-11-30 22:00:00,208100.0
2012-11-30 23:00:00,151300.0
2012-12-01 00:00:00,132800.0
2012-12-01 01:00:00,108400.0
2012-12-01 02:00:00,97000.0
2012-12-01 03:00:00,78300.0
2012-12-01 04:00:00,62200.0
2012-12-01 05:00:00,57500.0
2012-12-01 06:00:00,53900.0
2012-12-01 07:00:00,54600.0
2012-12-01 08:00:00,59800.0
2012-12-01 09:00:00,100600.0
2012-12-01 10:00:00,153600.0
2012-12-01 11:00:00,175000.0
2012-12-01 12:00:00,165100.0
2012-12-01 13:00:00,176200.0
2012-12-01 14:00:00,180500.0
2012-12-01 15:00:00,158200.0
2012-12-01 16:00:00,185100.0
2012-12-01 17:00:00,194400.0
2012-12-01 18:00:00,210600.0
2012-12-01 19:00:00,212300.0
2012-12-01 20:00:00,203600.0
2012-12-01 21:00:00,216900.0
2012-12-01 22:00:00,209200.0
2012-12-01 23:00:00,155900.0
2012-12-02 00:00:00,132100.0
2012-12-02 01:00:00,105900.0
2012-12-02 02:00:00,104500.0
2012-12-02 03:00:00,91700.0
2012-12-02 04:00:00,62700.0
2012-12-02 05:00:00,59400.0
2012-12-02 06:00:00,53700.0
2012-12-02 07:00:00,53500.0
2012-12-02 08:00:00,60000.0
2012-12-02 09:00:00,104900.0
2012-12-02 10:00:00,156700.0
2012-12-02 11:00:00,180000.0
2012-12-02 12:00:00,174200.0
2012-12-02 13:00:00,186600.0
2012-12-02 14:00:00,184200.0
2012-12-02 15:00:00,189300.0
2012-12-02 16:00:00,181800.0
2012-12-02 17:00:00,194500.0
2012-12-02 18:00:00,193700.0
2012-12-02 19:00:00,200800.0
2012-12-02 20:00:00,187600.0
2012-12-02 21:00:00,200900.0
2012-12-02 22:00:00,198100.0
2012-12-02 23:00:00,150000.0
2012-12-03 00:00:00,112500.0
2012-12-03 01:00:00,72000.0
2012-12-03 02:00:00,67300.0
2012-12-03 03:00:00,64500.0
2012-12-03 04:00:00,61100.0
2012-12-03 05:00:00,56300.0
2012-12-03 06:00:00,52200.0
2012-12-03 07:00:00,54300.0
2012-12-03 08:00:00,60100.0
2012-12-03 09:00:00,97300.0
2012-12-03 10:00:00,179000.0
2012-12-03 11:00:00,180100.0
2012-12-03 12:00:00,181800.0
2012-12-03 13:00:00,188100.0
2012-12-03 14:00:00,182700.0
2012-12-03 15:00:00,191600.0
2012-12-03 16:00:00,176300.0
2012-12-03 17:00:00,198400.0
2012-12-03 18:00:00,213400.0
2012-12-03 19:00:00,200000.0
2012-12-03 20:00:00,213600.0
2012-12-03 21:00:00,206400.0
2012-12-03 22:00:00,224700.0
2012-12-03 23:00:00,149400.0
2012-12-04 00:00:00,115700.0
2012-12-04 01:00:00,76200.0
2012-12-04 02:00:00,70900.0
2012-12-04 03:00:00,67000.0
2012-12-04 04:00:00,64600.0
2012-12-04 05:00:00,60500.0
2012-12-04 06:00:00,55900.0
2012-12-04 07:00:00,56900.0
2012-12-04 08:00:00,58200.0
2012-12-04 09:00:00,96200.0
2012-12-04 10:00:00,165600.0
2012-12-04 11:00:00,167900.0
2012-12-04 12:00:00,186600.0
2012-12-04 13:00:00,172700.0
2012-12-04 14:00:00,182000.0
2012-12-04 15:00:00,190400.0
2012-12-04 16:00:00,174100.0
2012-12-04 17:00:00,192400.0
2012-12-04 18:00:00,213600.0
2012-12-04 19:00:00,211500.0
2012-12-04 20:00:00,222200.0
2012-12-04 21:00:00,203000.0
2012-12-04 22:00:00,225800.0
2012-12-04 23:00:00,147600.0
2012-12-05 00:00:00,115900.0
2012-12-05 01:00:00,76200.0
2012-12-05 02:00:00,73400.0
2012-12-05 03:00:00,69900.0
2012-12-05 04:00:00,64700.0
2012-12-05 05:00:00,63700.0
2012-12-05 06:00:00,59400.0
2012-12-05 07:00:00,59300.0
2012-12-05 08:00:00,63800.0
2012-12-05 09:00:00,97800.0
2012-12-05 10:00:00,174000.0
2012-12-05 11:00:00,166500.0
2012-12-05 12:00:00,195400.0
2012-12-05 13:00:00,192000.0
2012-12-05 14:00:00,167800.0
2012-12-05 15:00:00,186500.0
2012-12-05 16:00:00,164900.0
2012-12-05 17:00:00,208000.0
2012-12-05 18:00:00,224300.0
2012-12-05 19:00:00,204500.0
2012-12-05 20:00:00,217000.0
2012-12-05 21:00:00,211500.0
2012-12-05 22:00:00,215400.0
2012-12-05 23:00:00,146700.0
2012-12-06 00:00:00,116200.0
2012-12-06 01:00:00,78700.0
2012-12-06 02:00:00,74100.0
2012-12-06 03:00:00,68500.0
2012-12-06 04:00:00,64600.0
2012-12-06 05:00:00,59800.0
2012-12-06 06:00:00,55600.0
2012-12-06 07:00:00,54900.0
2012-12-06 08:00:00,60300.0
2012-12-06 09:00:00,97100.0
2012-12-06 10:00:00,164200.0
2012-12-06 11:00:00,161900.0
2012-12-06 12:00:00,202300.0
2012-12-06 13:00:00,188700.0
2012-12-06 14:00:00,173200.0
2012-12-06 15:00:00,187700.0
2012-12-06 16:00:00,167600.0
2012-12-06 17:00:00,221900.0
2012-12-06 18:00:00,217000.0
2012-12-06 19:00:00,205200.0
2012-12-06 20:00:00,215200.0
2012-12-06 21:00:00,204800.0
2012-12-06 22:00:00,210300.0
2012-12-06 23:00:00,135400.0
2012-12-07 00:00:00,109900.0
2012-12-07 01:00:00,71900.0
2012-12-07 02:00:00,66900.0
2012-12-07 03:00:00,64200.0
2012-12-07 04:00:00,65500.0
2012-12-07 05:00:00,59300.0
2012-12-07 06:00:00,53600.0
2012-12-07 07:00:00,53700.0
2012-12-07 08:00:00,59100.0
2012-12-07 09:00:00,93100.0
2012-12-07 10:00:00,166500.0
2012-12-07 11:00:00,164700.0
2012-12-07 12:00:00,185700.0
2012-12-07 13:00:00,188900.0
2012-12-07 14:00:00,179600.0
2012-12-07 15:00:00,182700.0
2012-12-07 16:00:00,169000.0
2012-12-07 17:00:00,202900.0
2012-12-07 18:00:00,218400.0
2012-12-07 19:00:00,213100.0
2012-12-07 20:00:00,228000.0
2012-12-07 21:00:00,212700.0
2012-12-07 22:00:00,212200.0
2012-12-07 23:00:00,148900.0
2012-12-08 00:00:00,131200.0
2012-12-08 01:00:00,105700.0
2012-12-08 02:00:00,92600.0
2012-12-08 03:00:00,74100.0
2012-12-08 04:00:00,61200.0
2012-12-08 05:00:00,57500.0
2012-12-08 06:00:00,53800.0
2012-12-08 07:00:00,52700.0
2012-12-08 08:00:00,56700.0
2012-12-08 09:00:00,117200.0
2012-12-08 10:00:00,166700.0
2012-12-08 11:00:00,191100.0
2012-12-08 12:00:00,193200.0
2012-12-08 13:00:00,189100.0
2012-12-08 14:00:00,184300.0
2012-12-08 15:00:00,199900.0
2012-12-08 16:00:00,201600.0
2012-12-08 17:00:00,197200.0
2012-12-08 18:00:00,228000.0
2012-12-08 19:00:00,229900.0
2012-12-08 20:00:00,216700.0
2012-12-08 21:00:00,223900.0
2012-12-08 22:00:00,207900.0
2012-12-08 23:00:00,166400.0
2012-12-09 00:00:00,134600.0
2012-12-09 01:00:00,110200.0
2012-12-09 02:00:00,104400.0
2012-12-09 03:00:00,91800.0
2012-12-09 04:00:00,62200.0
2012-12-09 05:00:00,58700.0
2012-12-09 06:00:00,54700.0
2012-12-09 07:00:00,53700.0
2012-12-09 08:00:00,60000.0
2012-12-09 09:00:00,109600.0
2012-12-09 10:00:00,168100.0
2012-12-09 11:00:00,189400.0
2012-12-09 12:00:00,170100.0
2012-12-09 13:00:00,201700.0
2012-12-09 14:00:00,181400.0
2012-12-09 15:00:00,188200.0
2012-12-09 16:00:00,198600.0
2012-12-09 17:00:00,218800.0
2012-12-09 18:00:00,203600.0
2012-12-09 19:00:00,226300.0
2012-12-09 20:00:00,232400.0
2012-12-09 21:00:00,209100.0
2012-12-09 22:00:00,223400.0
2012-12-09 23:00:00,148400.0
2012-12-10 00:00:00,116300.0
2012-12-10 01:00:00,75200.0
2012-12-10 02:00:00,74000.0
2012-12-10 03:00:00,65700.0
2012-12-10 04:00:00,63400.0
2012-12-10 05:00:00,60100.0
2012-12-10 06:00:00,55400.0
2012-12-10 07:00:00,46700.0
2012-12-10 08:00:00,40700.0
2012-12-10 09:00:00,96500.0
2012-12-10 10:00:00,175600.0
2012-12-10 11:00:00,175900.0
2012-12-10 12:00:00,180500.0
2012-12-10 13:00:00,166400.0
2012-12-10 14:00:00,172400.0
2012-12-10 15:00:00,181600.0
2012-12-10 16:00:00,170400.0
2012-12-10 17:00:00,200100.0
2012-12-10 18:00:00,213400.0
2012-12-10 19:00:00,214500.0
2012-12-10 20:00:00,211800.0
2012-12-10 21:00:00,200700.0
2012-12-10 22:00:00,213700.0
2012-12-10 23:00:00,148800.0
2012-12-11 00:00:00,115900.0
2012-12-11 01:00:00,75800.0
2012-12-11 02:00:00,71500.0
2012-12-11 03:00:00,65500.0
2012-12-11 04:00:00,62700.0
2012-12-11 05:00:00,60900.0
2012-12-11 06:00:00,56200.0
2012-12-11 07:00:00,56400.0
2012-12-11 08:00:00,59800.0
2012-12-11 09:00:00,93500.0
2012-12-11 10:00:00,153400.0
2012-12-11 11:00:00,155500.0
2012-12-11 12:00:00,179000.0
2012-12-11 13:00:00,179600.0
2012-12-11 14:00:00,176900.0
2012-12-11 15:00:00,174100.0
2012-12-11 16:00:00,166800.0
2012-12-11 17:00:00,202600.0
2012-12-11 18:00:00,218700.0
2012-12-11 19:00:00,201900.0
2012-12-11 20:00:00,213200.0
2012-12-11 21:00:00,210000.0
2012-12-11 22:00:00,209200.0
2012-12-11 23:00:00,145700.0
2012-12-12 00:00:00,119300.0
2012-12-12 01:00:00,77500.0
2012-12-12 02:00:00,70700.0
2012-12-12 03:00:00,68300.0
2012-12-12 04:00:00,65700.0
2012-12-12 05:00:00,60000.0
2012-12-12 06:00:00,55900.0
2012-12-12 07:00:00,56300.0
2012-12-12 08:00:00,59800.0
2012-12-12 09:00:00,94000.0
2012-12-12 10:00:00,156400.0
2012-12-12 11:00:00,158500.0
2012-12-12 12:00:00,184100.0
2012-12-12 13:00:00,178500.0
2012-12-12 14:00:00,183100.0
2012-12-12 15:00:00,187600.0
2012-12-12 16:00:00,162600.0
2012-12-12 17:00:00,201400.0
2012-12-12 18:00:00,220200.0
2012-12-12 19:00:00,210000.0
2012-12-12 20:00:00,216700.0
2012-12-12 21:00:00,213600.0
2012-12-12 22:00:00,210700.0
2012-12-12 23:00:00,148400.0
2012-12-13 00:00:00,121500.0
2012-12-13 01:00:00,81800.0
2012-12-13 02:00:00,76100.0
2012-12-13 03:00:00,72100.0
2012-12-13 04:00:00,68400.0
2012-12-13 05:00:00,63800.0
2012-12-13 06:00:00,60100.0
2012-12-13 07:00:00,57900.0
2012-12-13 08:00:00,62300.0
2012-12-13 09:00:00,95900.0
2012-12-13 10:00:00,159700.0
2012-12-13 11:00:00,160100.0
2012-12-13 12:00:00,197300.0
2012-12-13 13:00:00,167600.0
2012-12-13 14:00:00,169600.0
2012-12-13 15:00:00,167700.0
2012-12-13 16:00:00,154800.0
2012-12-13 17:00:00,167300.0
2012-12-13 18:00:00,203100.0
2012-12-13 19:00:00,200200.0
2012-12-13 20:00:00,192500.0
2012-12-13 21:00:00,200600.0
2012-12-13 22:00:00,201400.0
2012-12-13 23:00:00,147800.0
2012-12-14 00:00:00,117600.0
2012-12-14 01:00:00,77700.0
2012-12-14 02:00:00,74200.0
2012-12-14 03:00:00,66600.0
2012-12-14 04:00:00,64100.0
2012-12-14 05:00:00,58500.0
2012-12-14 06:00:00,55100.0
2012-12-14 07:00:00,55700.0
2012-12-14 08:00:00,62000.0
2012-12-14 09:00:00,93600.0
2012-12-14 10:00:00,139200.0
2012-12-14 11:00:00,161300.0
2012-12-14 12:00:00,166900.0
2012-12-14 13:00:00,167700.0
2012-12-14 14:00:00,165000.0
2012-12-14 15:00:00,164100.0
2012-12-14 16:00:00,159800.0
2012-12-14 17:00:00,192600.0
2012-12-14 18:00:00,202200.0
2012-12-14 19:00:00,266500.0
2012-12-14 20:00:00,217100.0
2012-12-14 21:00:00,221100.0
2012-12-14 22:00:00,216200.0
2012-12-14 23:00:00,156200.0
2012-12-15 00:00:00,130900.0
2012-12-15 01:00:00,103800.0
2012-12-15 02:00:00,92600.0
2012-12-15 03:00:00,75100.0
2012-12-15 04:00:00,63800.0
2012-12-15 05:00:00,58900.0
2012-12-15 06:00:00,55200.0
2012-12-15 07:00:00,54100.0
2012-12-15 08:00:00,58000.0
2012-12-15 09:00:00,95300.0
2012-12-15 10:00:00,146600.0
2012-12-15 11:00:00,164700.0
2012-12-15 12:00:00,172400.0
2012-12-15 13:00:00,162100.0
2012-12-15 14:00:00,171300.0
2012-12-15 15:00:00,172800.0
2012-12-15 16:00:00,177800.0
2012-12-15 17:00:00,201100.0
2012-12-15 18:00:00,210900.0
2012-12-15 19:00:00,216000.0
2012-12-15 20:00:00,209700.0
2012-12-15 21:00:00,234300.0
2012-12-15 22:00:00,276400.0
2012-12-15 23:00:00,156000.0
2012-12-16 00:00:00,135200.0
2012-12-16 01:00:00,107400.0
2012-12-16 02:00:00,103900.0
2012-12-16 03:00:00,95900.0
2012-12-16 04:00:00,64300.0
2012-12-16 05:00:00,57600.0
2012-12-16 06:00:00,56000.0
2012-12-16 07:00:00,55100.0
2012-12-16 08:00:00,57100.0
2012-12-16 09:00:00,96400.0
2012-12-16 10:00:00,178300.0
2012-12-16 11:00:00,190200.0
2012-12-16 12:00:00,177300.0
2012-12-16 13:00:00,184800.0
2012-12-16 14:00:00,233600.0
2012-12-16 15:00:00,192500.0
2012-12-16 16:00:00,202600.0
2012-12-16 17:00:00,213200.0
2012-12-16 18:00:00,223600.0
2012-12-16 19:00:00,243300.0
2012-12-16 20:00:00,218400.0
2012-12-16 21:00:00,214000.0
2012-12-16 22:00:00,205500.0
2012-12-16 23:00:00,151400.0
2012-12-17 00:00:00,124900.0
2012-12-17 01:00:00,85200.0
2012-12-17 02:00:00,77400.0
2012-12-17 03:00:00,74300.0
2012-12-17 04:00:00,64500.0
2012-12-17 05:00:00,57800.0
2012-12-17 06:00:00,54700.0
2012-12-17 07:00:00,54800.0
2012-12-17 08:00:00,57700.0
2012-12-17 09:00:00,90800.0
2012-12-17 10:00:00,182500.0
2012-12-17 11:00:00,177800.0
2012-12-17 12:00:00,186600.0
2012-12-17 13:00:00,168100.0
2012-12-17 14:00:00,218700.0
2012-12-17 15:00:00,189900.0
2012-12-17 16:00:00,202500.0
2012-12-17 17:00:00,217600.0
2012-12-17 18:00:00,224400.0
2012-12-17 19:00:00,223500.0
2012-12-17 20:00:00,210900.0
2012-12-17 21:00:00,233200.0
2012-12-17 22:00:00,220500.0
2012-12-17 23:00:00,168400.0
2012-12-18 00:00:00,136500.0
2012-12-18 01:00:00,92000.0
2012-12-18 02:00:00,88000.0
2012-12-18 03:00:00,81700.0
2012-12-18 04:00:00,68300.0
2012-12-18 05:00:00,62100.0
2012-12-18 06:00:00,58400.0
2012-12-18 07:00:00,58000.0
2012-12-18 08:00:00,60500.0
2012-12-18 09:00:00,92600.0
2012-12-18 10:00:00,161700.0
2012-12-18 11:00:00,179900.0
2012-12-18 12:00:00,199600.0
2012-12-18 13:00:00,195500.0
2012-12-18 14:00:00,189700.0
2012-12-18 15:00:00,208100.0
2012-12-18 16:00:00,217400.0
2012-12-18 17:00:00,193000.0
2012-12-18 18:00:00,218100.0
2012-12-18 19:00:00,223000.0
2012-12-18 20:00:00,221500.0
2012-12-18 21:00:00,218800.0
2012-12-18 22:00:00,225000.0
2012-12-18 23:00:00,164100.0
2012-12-19 00:00:00,136500.0
2012-12-19 01:00:00,93800.0
2012-12-19 02:00:00,92000.0
2012-12-19 03:00:00,84300.0
2012-12-19 04:00:00,68700.0
2012-12-19 05:00:00,61300.0
2012-12-19 06:00:00,57900.0
2012-12-19 07:00:00,58000.0
2012-12-19 08:00:00,60300.0
2012-12-19 09:00:00,94800.0
2012-12-19 10:00:00,155900.0
2012-12-19 11:00:00,179700.0
2012-12-19 12:00:00,184700.0
2012-12-19 13:00:00,178800.0
2012-12-19 14:00:00,180000.0
2012-12-19 15:00:00,219200.0
2012-12-19 16:00:00,204500.0
2012-12-19 17:00:00,206900.0
2012-12-19 18:00:00,225200.0
2012-12-19 19:00:00,225400.0
2012-12-19 20:00:00,228700.0
2012-12-19 21:00:00,228900.0
2012-12-19 22:00:00,226600.0
2012-12-19 23:00:00,163500.0
2012-12-20 00:00:00,143200.0
2012-12-20 01:00:00,98000.0
2012-12-20 02:00:00,91300.0
2012-12-20 03:00:00,79900.0
2012-12-20 04:00:00,67900.0
2012-12-20 05:00:00,60200.0
2012-12-20 06:00:00,53900.0
2012-12-20 07:00:00,53100.0
2012-12-20 08:00:00,59100.0
2012-12-20 09:00:00,92600.0
2012-12-20 10:00:00,166500.0
2012-12-20 11:00:00,182000.0
2012-12-20 12:00:00,213000.0
2012-12-20 13:00:00,208300.0
2012-12-20 14:00:00,192800.0
2012-12-20 15:00:00,160000.0
2012-12-20 16:00:00,133700.0
2012-12-20 17:00:00,167300.0
2012-12-20 18:00:00,237000.0
2012-12-20 19:00:00,221200.0
2012-12-20 20:00:00,235500.0
2012-12-20 21:00:00,221900.0
2012-12-20 22:00:00,234200.0
2012-12-20 23:00:00,155400.0
2012-12-21 00:00:00,133600.0
2012-12-21 01:00:00,91700.0
2012-12-21 02:00:00,85400.0
2012-12-21 03:00:00,79100.0
2012-12-21 04:00:00,67700.0
2012-12-21 05:00:00,61300.0
2012-12-21 06:00:00,56800.0
2012-12-21 07:00:00,56200.0
2012-12-21 08:00:00,59500.0
2012-12-21 09:00:00,91800.0
2012-12-21 10:00:00,170300.0
2012-12-21 11:00:00,173500.0
2012-12-21 12:00:00,222400.0
2012-12-21 13:00:00,204100.0
2012-12-21 14:00:00,206200.0
2012-12-21 15:00:00,212200.0
2012-12-21 16:00:00,191300.0
2012-12-21 17:00:00,214000.0
2012-12-21 18:00:00,239800.0
2012-12-21 19:00:00,233500.0
2012-12-21 20:00:00,234300.0
2012-12-21 21:00:00,232700.0
2012-12-21 22:00:00,227100.0
2012-12-21 23:00:00,151800.0
2012-12-22 00:00:00,128200.0
2012-12-22 01:00:00,94500.0
2012-12-22 02:00:00,83500.0
2012-12-22 03:00:00,72900.0
2012-12-22 04:00:00,66000.0
2012-12-22 05:00:00,62400.0
2012-12-22 06:00:00,58400.0
2012-12-22 07:00:00,56000.0
2012-12-22 08:00:00,58500.0
2012-12-22 09:00:00,117900.0
2012-12-22 10:00:00,164100.0
2012-12-22 11:00:00,211000.0
2012-12-22 12:00:00,197500.0
2012-12-22 13:00:00,206100.0
2012-12-22 14:00:00,215900.0
2012-12-22 15:00:00,202400.0
2012-12-22 16:00:00,226800.0
2012-12-22 17:00:00,213800.0
2012-12-22 18:00:00,237900.0
2012-12-22 19:00:00,246100.0
2012-12-22 20:00:00,224500.0
2012-12-22 21:00:00,245400.0
2012-12-22 22:00:00,230200.0
2012-12-22 23:00:00,160100.0
2012-12-23 00:00:00,138100.0
2012-12-23 01:00:00,109300.0
2012-12-23 02:00:00,105600.0
2012-12-23 03:00:00,98300.0
2012-12-23 04:00:00,66500.0
2012-12-23 05:00:00,59100.0
2012-12-23 06:00:00,55000.0
2012-12-23 07:00:00,55200.0
2012-12-23 08:00:00,58700.0
2012-12-23 09:00:00,109600.0
2012-12-23 10:00:00,159500.0
2012-12-23 11:00:00,196600.0
2012-12-23 12:00:00,191000.0
2012-12-23 13:00:00,196300.0
2012-12-23 14:00:00,201200.0
2012-12-23 15:00:00,183800.0
2012-12-23 16:00:00,203900.0
2012-12-23 17:00:00,216300.0
2012-12-23 18:00:00,226800.0
2012-12-23 19:00:00,231500.0
2012-12-23 20:00:00,222200.0
2012-12-23 21:00:00,236900.0
2012-12-23 22:00:00,219900.0
2012-12-23 23:00:00,156500.0
2012-12-24 00:00:00,134400.0
2012-12-24 01:00:00,105300.0
2012-12-24 02:00:00,103000.0
2012-12-24 03:00:00,98000.0
2012-12-24 04:00:00,95900.0
2012-12-24 05:00:00,92500.0
2012-12-24 06:00:00,91800.0
2012-12-24 07:00:00,94100.0
2012-12-24 08:00:00,83100.0
2012-12-24 09:00:00,99600.0
2012-12-24 10:00:00,170400.0
2012-12-24 11:00:00,196500.0
2012-12-24 12:00:00,218700.0
2012-12-24 13:00:00,194200.0
2012-12-24 14:00:00,211500.0
2012-12-24 15:00:00,209900.0
2012-12-24 16:00:00,192500.0
2012-12-24 17:00:00,218100.0
2012-12-24 18:00:00,224700.0
2012-12-24 19:00:00,212200.0
2012-12-24 20:00:00,180500.0
2012-12-24 21:00:00,155400.0
2012-12-24 22:00:00,171400.0
2012-12-24 23:00:00,109200.0
2012-12-25 00:00:00,94100.0
2012-12-25 01:00:00,67100.0
2012-12-25 02:00:00,64800.0
2012-12-25 03:00:00,61300.0
2012-12-25 04:00:00,58600.0
2012-12-25 05:00:00,55100.0
2012-12-25 06:00:00,55700.0
2012-12-25 07:00:00,56500.0
2012-12-25 08:00:00,53300.0
2012-12-25 09:00:00,72000.0
2012-12-25 10:00:00,125300.0
2012-12-25 11:00:00,138100.0
2012-12-25 12:00:00,154700.0
2012-12-25 13:00:00,143500.0
2012-12-25 14:00:00,137600.0
2012-12-25 15:00:00,151700.0
2012-12-25 16:00:00,130600.0
2012-12-25 17:00:00,159600.0
2012-12-25 18:00:00,193600.0
2012-12-25 19:00:00,186000.0
2012-12-25 20:00:00,198400.0
2012-12-25 21:00:00,189300.0
2012-12-25 22:00:00,195200.0
2012-12-25 23:00:00,145500.0
2012-12-26 00:00:00,128500.0
2012-12-26 01:00:00,86700.0
2012-12-26 02:00:00,82100.0
2012-12-26 03:00:00,79300.0
2012-12-26 04:00:00,66500.0
2012-12-26 05:00:00,59200.0
2012-12-26 06:00:00,55200.0
2012-12-26 07:00:00,55000.0
2012-12-26 08:00:00,60000.0
2012-12-26 09:00:00,95200.0
2012-12-26 10:00:00,152000.0
2012-12-26 11:00:00,163300.0
2012-12-26 12:00:00,184100.0
2012-12-26 13:00:00,181300.0
2012-12-26 14:00:00,177000.0
2012-12-26 15:00:00,181900.0
2012-12-26 16:00:00,175100.0
2012-12-26 17:00:00,181800.0
2012-12-26 18:00:00,212400.0
2012-12-26 19:00:00,212300.0
2012-12-26 20:00:00,204500.0
2012-12-26 21:00:00,209300.0
2012-12-26 22:00:00,206400.0
2012-12-26 23:00:00,153800.0
2012-12-27 00:00:00,138500.0
2012-12-27 01:00:00,91100.0
2012-12-27 02:00:00,86200.0
2012-12-27 03:00:00,80400.0
2012-12-27 04:00:00,67400.0
2012-12-27 05:00:00,61300.0
2012-12-27 06:00:00,56600.0
2012-12-27 07:00:00,55500.0
2012-12-27 08:00:00,59600.0
2012-12-27 09:00:00,93200.0
2012-12-27 10:00:00,146300.0
2012-12-27 11:00:00,161000.0
2012-12-27 12:00:00,189100.0
2012-12-27 13:00:00,183200.0
2012-12-27 14:00:00,177800.0
2012-12-27 15:00:00,187900.0
2012-12-27 16:00:00,165100.0
2012-12-27 17:00:00,190100.0
2012-12-27 18:00:00,221500.0
2012-12-27 19:00:00,208200.0
2012-12-27 20:00:00,226100.0
2012-12-27 21:00:00,207400.0
2012-12-27 22:00:00,209500.0
2012-12-27 23:00:00,153400.0
2012-12-28 00:00:00,135000.0
2012-12-28 01:00:00,91000.0
2012-12-28 02:00:00,87100.0
2012-12-28 03:00:00,81600.0
2012-12-28 04:00:00,68900.0
2012-12-28 05:00:00,61600.0
2012-12-28 06:00:00,56700.0
2012-12-28 07:00:00,56100.0
2012-12-28 08:00:00,60500.0
2012-12-28 09:00:00,93300.0
2012-12-28 10:00:00,160300.0
2012-12-28 11:00:00,159600.0
2012-12-28 12:00:00,190300.0
2012-12-28 13:00:00,179200.0
2012-12-28 14:00:00,185000.0
2012-12-28 15:00:00,190600.0
2012-12-28 16:00:00,181700.0
2012-12-28 17:00:00,191200.0
2012-12-28 18:00:00,218800.0
2012-12-28 19:00:00,213800.0
2012-12-28 20:00:00,219400.0
2012-12-28 21:00:00,208500.0
2012-12-28 22:00:00,220800.0
2012-12-28 23:00:00,153200.0
2012-12-29 00:00:00,127600.0
2012-12-29 01:00:00,98000.0
2012-12-29 02:00:00,85000.0
2012-12-29 03:00:00,72700.0
2012-12-29 04:00:00,64000.0
2012-12-29 05:00:00,60200.0
2012-12-29 06:00:00,56300.0
2012-12-29 07:00:00,56700.0
2012-12-29 08:00:00,59600.0
2012-12-29 09:00:00,108700.0
2012-12-29 10:00:00,150300.0
2012-12-29 11:00:00,189500.0
2012-12-29 12:00:00,176300.0
2012-12-29 13:00:00,182000.0
2012-12-29 14:00:00,191300.0
2012-12-29 15:00:00,179100.0
2012-12-29 16:00:00,198000.0
2012-12-29 17:00:00,189500.0
2012-12-29 18:00:00,215800.0
2012-12-29 19:00:00,218500.0
2012-12-29 20:00:00,199700.0
2012-12-29 21:00:00,223100.0
2012-12-29 22:00:00,216400.0
2012-12-29 23:00:00,157200.0
2012-12-30 00:00:00,136900.0
2012-12-30 01:00:00,108200.0
2012-12-30 02:00:00,106300.0
2012-12-30 03:00:00,98100.0
2012-12-30 04:00:00,64600.0
2012-12-30 05:00:00,57300.0
2012-12-30 06:00:00,53400.0
2012-12-30 07:00:00,53300.0
2012-12-30 08:00:00,58600.0
2012-12-30 09:00:00,99200.0
2012-12-30 10:00:00,148000.0
2012-12-30 11:00:00,183900.0
2012-12-30 12:00:00,175100.0
2012-12-30 13:00:00,186300.0
2012-12-30 14:00:00,188200.0
2012-12-30 15:00:00,178900.0
2012-12-30 16:00:00,197800.0
2012-12-30 17:00:00,201400.0
2012-12-30 18:00:00,213400.0
2012-12-30 19:00:00,210800.0
2012-12-30 20:00:00,205800.0
2012-12-30 21:00:00,214600.0
2012-12-30 22:00:00,207500.0
2012-12-30 23:00:00,156000.0
2012-12-31 00:00:00,133800.0
2012-12-31 01:00:00,103500.0
2012-12-31 02:00:00,99600.0
2012-12-31 03:00:00,95600.0
2012-12-31 04:00:00,94700.0
2012-12-31 05:00:00,90000.0
2012-12-31 06:00:00,90600.0
2012-12-31 07:00:00,92100.0
2012-12-31 08:00:00,81200.0
2012-12-31 09:00:00,101700.0
2012-12-31 10:00:00,144100.0
2012-12-31 11:00:00,177300.0
2012-12-31 12:00:00,176000.0
2012-12-31 13:00:00,181200.0
2012-12-31 14:00:00,181700.0
2012-12-31 15:00:00,171000.0
2012-12-31 16:00:00,166500.0
2012-12-31 17:00:00,196800.0
2012-12-31 18:00:00,209500.0
2012-12-31 19:00:00,198600.0
2012-12-31 20:00:00,169800.0
2012-12-31 21:00:00,141100.0
2012-12-31 22:00:00,150300.0
2012-12-31 23:00:00,100300.0
2013-01-01 00:00:00,84800.0
2013-01-01 01:00:00,59600.0
2013-01-01 02:00:00,55600.0
2013-01-01 03:00:00,52700.0
2013-01-01 04:00:00,51800.0
2013-01-01 05:00:00,48100.0
2013-01-01 06:00:00,48800.0
2013-01-01 07:00:00,50600.0
2013-01-01 08:00:00,53300.0
2013-01-01 09:00:00,72100.0
2013-01-01 10:00:00,118900.0
2013-01-01 11:00:00,123900.0
2013-01-01 12:00:00,151000.0
2013-01-01 13:00:00,132500.0
2013-01-01 14:00:00,144600.0
2013-01-01 15:00:00,140600.0
2013-01-01 16:00:00,135300.0
2013-01-01 17:00:00,142200.0
2013-01-01 18:00:00,172900.0
2013-01-01 19:00:00,170000.0
2013-01-01 20:00:00,177700.0
2013-01-01 21:00:00,166100.0
2013-01-01 22:00:00,173400.0
2013-01-01 23:00:00,119700.0
2013-01-02 00:00:00,105100.0
2013-01-02 01:00:00,70800.0
2013-01-02 02:00:00,67100.0
2013-01-02 03:00:00,62700.0
2013-01-02 04:00:00,60600.0
2013-01-02 05:00:00,57100.0
2013-01-02 06:00:00,52900.0
2013-01-02 07:00:00,53200.0
2013-01-02 08:00:00,56600.0
2013-01-02 09:00:00,91200.0
2013-01-02 10:00:00,140400.0
2013-01-02 11:00:00,164500.0
2013-01-02 12:00:00,175800.0
2013-01-02 13:00:00,171700.0
2013-01-02 14:00:00,174100.0
2013-01-02 15:00:00,184900.0
2013-01-02 16:00:00,173800.0
2013-01-02 17:00:00,185500.0
2013-01-02 18:00:00,213500.0
2013-01-02 19:00:00,211300.0
2013-01-02 20:00:00,210600.0
2013-01-02 21:00:00,198700.0
2013-01-02 22:00:00,203000.0
2013-01-02 23:00:00,148500.0
2013-01-03 00:00:00,127500.0
2013-01-03 01:00:00,87200.0
2013-01-03 02:00:00,83600.0
2013-01-03 03:00:00,80200.0
2013-01-03 04:00:00,67600.0
2013-01-03 05:00:00,60400.0
2013-01-03 06:00:00,57600.0
2013-01-03 07:00:00,57800.0
2013-01-03 08:00:00,62800.0
2013-01-03 09:00:00,96000.0
2013-01-03 10:00:00,154100.0
2013-01-03 11:00:00,163200.0
2013-01-03 12:00:00,185200.0
2013-01-03 13:00:00,173200.0
2013-01-03 14:00:00,174900.0
2013-01-03 15:00:00,176100.0
2013-01-03 16:00:00,169900.0
2013-01-03 17:00:00,176600.0
2013-01-03 18:00:00,208800.0
2013-01-03 19:00:00,192900.0
2013-01-03 20:00:00,205200.0
2013-01-03 21:00:00,202400.0
2013-01-03 22:00:00,199100.0
2013-01-03 23:00:00,144000.0
2013-01-04 00:00:00,126800.0
2013-01-04 01:00:00,88500.0
2013-01-04 02:00:00,82800.0
2013-01-04 03:00:00,79000.0
2013-01-04 04:00:00,68300.0
2013-01-04 05:00:00,60700.0
2013-01-04 06:00:00,55900.0
2013-01-04 07:00:00,56000.0
2013-01-04 08:00:00,61400.0
2013-01-04 09:00:00,97800.0
2013-01-04 10:00:00,156400.0
2013-01-04 11:00:00,163900.0
2013-01-04 12:00:00,183400.0
2013-01-04 13:00:00,176000.0
2013-01-04 14:00:00,177400.0
2013-01-04 15:00:00,170900.0
2013-01-04 16:00:00,167800.0
2013-01-04 17:00:00,179400.0
2013-01-04 18:00:00,206500.0
2013-01-04 19:00:00,204300.0
2013-01-04 20:00:00,200800.0
2013-01-04 21:00:00,194300.0
2013-01-04 22:00:00,201700.0
2013-01-04 23:00:00,148800.0
2013-01-05 00:00:00,120900.0
2013-01-05 01:00:00,92300.0
2013-01-05 02:00:00,82400.0
2013-01-05 03:00:00,70200.0
2013-01-05 04:00:00,63700.0
2013-01-05 05:00:00,58900.0
2013-01-05 06:00:00,54800.0
2013-01-05 07:00:00,54100.0
2013-01-05 08:00:00,59000.0
2013-01-05 09:00:00,113500.0
2013-01-05 10:00:00,150100.0
2013-01-05 11:00:00,180300.0
2013-01-05 12:00:00,165500.0
2013-01-05 13:00:00,175900.0
2013-01-05 14:00:00,170900.0
2013-01-05 15:00:00,176100.0
2013-01-05 16:00:00,181600.0
2013-01-05 17:00:00,198800.0
2013-01-05 18:00:00,205600.0
2013-01-05 19:00:00,222400.0
2013-01-05 20:00:00,201200.0
2013-01-05 21:00:00,206200.0
2013-01-05 22:00:00,212300.0
2013-01-05 23:00:00,146700.0
2013-01-06 00:00:00,127600.0
2013-01-06 01:00:00,104600.0
2013-01-06 02:00:00,101000.0
2013-01-06 03:00:00,96600.0
2013-01-06 04:00:00,64600.0
2013-01-06 05:00:00,58000.0
2013-01-06 06:00:00,53400.0
2013-01-06 07:00:00,53700.0
2013-01-06 08:00:00,56400.0
2013-01-06 09:00:00,106100.0
2013-01-06 10:00:00,147800.0
2013-01-06 11:00:00,177600.0
2013-01-06 12:00:00,170100.0
2013-01-06 13:00:00,171800.0
2013-01-06 14:00:00,173100.0
2013-01-06 15:00:00,171400.0
2013-01-06 16:00:00,178900.0
2013-01-06 17:00:00,183200.0
2013-01-06 18:00:00,206300.0
2013-01-06 19:00:00,213100.0
2013-01-06 20:00:00,193500.0
2013-01-06 21:00:00,220400.0
2013-01-06 22:00:00,208700.0
2013-01-06 23:00:00,149500.0
2013-01-07 00:00:00,123000.0
2013-01-07 01:00:00,84000.0
2013-01-07 02:00:00,78700.0
2013-01-07 03:00:00,76300.0
2013-01-07 04:00:00,64600.0
2013-01-07 05:00:00,58000.0
2013-01-07 06:00:00,53900.0
2013-01-07 07:00:00,48800.0
2013-01-07 08:00:00,40800.0
2013-01-07 09:00:00,93600.0
2013-01-07 10:00:00,151300.0
2013-01-07 11:00:00,177500.0
2013-01-07 12:00:00,177400.0
2013-01-07 13:00:00,178200.0
2013-01-07 14:00:00,181500.0
2013-01-07 15:00:00,172400.0
2013-01-07 16:00:00,159900.0
2013-01-07 17:00:00,197700.0
2013-01-07 18:00:00,202700.0
2013-01-07 19:00:00,201000.0
2013-01-07 20:00:00,211700.0
2013-01-07 21:00:00,191100.0
2013-01-07 22:00:00,208800.0
2013-01-07 23:00:00,143300.0
2013-01-08 00:00:00,124500.0
2013-01-08 01:00:00,84700.0
2013-01-08 02:00:00,80700.0
2013-01-08 03:00:00,77400.0
2013-01-08 04:00:00,66000.0
2013-01-08 05:00:00,59000.0
2013-01-08 06:00:00,55600.0
2013-01-08 07:00:00,56000.0
2013-01-08 08:00:00,60100.0
2013-01-08 09:00:00,93700.0
2013-01-08 10:00:00,157100.0
2013-01-08 11:00:00,159700.0
2013-01-08 12:00:00,183900.0
2013-01-08 13:00:00,176700.0
2013-01-08 14:00:00,174700.0
2013-01-08 15:00:00,170500.0
2013-01-08 16:00:00,166900.0
2013-01-08 17:00:00,181400.0
2013-01-08 18:00:00,210700.0
2013-01-08 19:00:00,194600.0
2013-01-08 20:00:00,204600.0
2013-01-08 21:00:00,201200.0
2013-01-08 22:00:00,198000.0
2013-01-08 23:00:00,143900.0
2013-01-09 00:00:00,124400.0
2013-01-09 01:00:00,83300.0
2013-01-09 02:00:00,78400.0
2013-01-09 03:00:00,77500.0
2013-01-09 04:00:00,65300.0
2013-01-09 05:00:00,58600.0
2013-01-09 06:00:00,54800.0
2013-01-09 07:00:00,54800.0
2013-01-09 08:00:00,59700.0
2013-01-09 09:00:00,97400.0
2013-01-09 10:00:00,155000.0
2013-01-09 11:00:00,155400.0
2013-01-09 12:00:00,178000.0
2013-01-09 13:00:00,175200.0
2013-01-09 14:00:00,156100.0
2013-01-09 15:00:00,177900.0
2013-01-09 16:00:00,175700.0
2013-01-09 17:00:00,169600.0
2013-01-09 18:00:00,215300.0
2013-01-09 19:00:00,195600.0
2013-01-09 20:00:00,203600.0
2013-01-09 21:00:00,209100.0
2013-01-09 22:00:00,202500.0
2013-01-09 23:00:00,146100.0
2013-01-10 00:00:00,126400.0
2013-01-10 01:00:00,85800.0
2013-01-10 02:00:00,80800.0
2013-01-10 03:00:00,77300.0
2013-01-10 04:00:00,66500.0
2013-01-10 05:00:00,60600.0
2013-01-10 06:00:00,56200.0
2013-01-10 07:00:00,56500.0
2013-01-10 08:00:00,60100.0
2013-01-10 09:00:00,94100.0
2013-01-10 10:00:00,158600.0
2013-01-10 11:00:00,158700.0
2013-01-10 12:00:00,184500.0
2013-01-10 13:00:00,177800.0
2013-01-10 14:00:00,172800.0
2013-01-10 15:00:00,191200.0
2013-01-10 16:00:00,172000.0
2013-01-10 17:00:00,181700.0
2013-01-10 18:00:00,214600.0
2013-01-10 19:00:00,195700.0
2013-01-10 20:00:00,214500.0
2013-01-10 21:00:00,201100.0
2013-01-10 22:00:00,202000.0
2013-01-10 23:00:00,146400.0
2013-01-11 00:00:00,125700.0
2013-01-11 01:00:00,85500.0
2013-01-11 02:00:00,82100.0
2013-01-11 03:00:00,77700.0
2013-01-11 04:00:00,65500.0
2013-01-11 05:00:00,60200.0
2013-01-11 06:00:00,57300.0
2013-01-11 07:00:00,56500.0
2013-01-11 08:00:00,58800.0
2013-01-11 09:00:00,92300.0
2013-01-11 10:00:00,160500.0
2013-01-11 11:00:00,167100.0
2013-01-11 12:00:00,186000.0
2013-01-11 13:00:00,181500.0
2013-01-11 14:00:00,175600.0
2013-01-11 15:00:00,185800.0
2013-01-11 16:00:00,176000.0
2013-01-11 17:00:00,173600.0
2013-01-11 18:00:00,212500.0
2013-01-11 19:00:00,192600.0
2013-01-11 20:00:00,202900.0
2013-01-11 21:00:00,210000.0
2013-01-11 22:00:00,197100.0
2013-01-11 23:00:00,141900.0
2013-01-12 00:00:00,110700.0
2013-01-12 01:00:00,85800.0
2013-01-12 02:00:00,76900.0
2013-01-12 03:00:00,68100.0
2013-01-12 04:00:00,62800.0
2013-01-12 05:00:00,57200.0
2013-01-12 06:00:00,53000.0
2013-01-12 07:00:00,51500.0
2013-01-12 08:00:00,54900.0
2013-01-12 09:00:00,108400.0
2013-01-12 10:00:00,148000.0
2013-01-12 11:00:00,185900.0
2013-01-12 12:00:00,178100.0
2013-01-12 13:00:00,169900.0
2013-01-12 14:00:00,188400.0
2013-01-12 15:00:00,171100.0
2013-01-12 16:00:00,194500.0
2013-01-12 17:00:00,186500.0
2013-01-12 18:00:00,181900.0
2013-01-12 19:00:00,203800.0
2013-01-12 20:00:00,206000.0
2013-01-12 21:00:00,205200.0
2013-01-12 22:00:00,205800.0
2013-01-12 23:00:00,144700.0
2013-01-13 00:00:00,121900.0
2013-01-13 01:00:00,102200.0
2013-01-13 02:00:00,100700.0
2013-01-13 03:00:00,95500.0
2013-01-13 04:00:00,63300.0
2013-01-13 05:00:00,58000.0
2013-01-13 06:00:00,53400.0
2013-01-13 07:00:00,52000.0
2013-01-13 08:00:00,56000.0
2013-01-13 09:00:00,101900.0
2013-01-13 10:00:00,148300.0
2013-01-13 11:00:00,185000.0
2013-01-13 12:00:00,181800.0
2013-01-13 13:00:00,175900.0
2013-01-13 14:00:00,183300.0
2013-01-13 15:00:00,168000.0
2013-01-13 16:00:00,177200.0
2013-01-13 17:00:00,176200.0
2013-01-13 18:00:00,181200.0
2013-01-13 19:00:00,200900.0
2013-01-13 20:00:00,198100.0
2013-01-13 21:00:00,196600.0
2013-01-13 22:00:00,198100.0
2013-01-13 23:00:00,141500.0
2013-01-14 00:00:00,117700.0
2013-01-14 01:00:00,80600.0
2013-01-14 02:00:00,76600.0
2013-01-14 03:00:00,74600.0
2013-01-14 04:00:00,62300.0
2013-01-14 05:00:00,55700.0
2013-01-14 06:00:00,52000.0
2013-01-14 07:00:00,52800.0
2013-01-14 08:00:00,56400.0
2013-01-14 09:00:00,90100.0
2013-01-14 10:00:00,149300.0
2013-01-14 11:00:00,163500.0
2013-01-14 12:00:00,169100.0
2013-01-14 13:00:00,171000.0
2013-01-14 14:00:00,159700.0
2013-01-14 15:00:00,179800.0
2013-01-14 16:00:00,155900.0
2013-01-14 17:00:00,155500.0
2013-01-14 18:00:00,169700.0
2013-01-14 19:00:00,177600.0
2013-01-14 20:00:00,172400.0
2013-01-14 21:00:00,174600.0
2013-01-14 22:00:00,176300.0
2013-01-14 23:00:00,137700.0
2013-01-15 00:00:00,121300.0
2013-01-15 01:00:00,90700.0
2013-01-15 02:00:00,86300.0
2013-01-15 03:00:00,83700.0
2013-01-15 04:00:00,72500.0
2013-01-15 05:00:00,65700.0
2013-01-15 06:00:00,62600.0
2013-01-15 07:00:00,61900.0
2013-01-15 08:00:00,66400.0
2013-01-15 09:00:00,93300.0
2013-01-15 10:00:00,130300.0
2013-01-15 11:00:00,141700.0
2013-01-15 12:00:00,149700.0
2013-01-15 13:00:00,141400.0
2013-01-15 14:00:00,150200.0
2013-01-15 15:00:00,141000.0
2013-01-15 16:00:00,153200.0
2013-01-15 17:00:00,150100.0
2013-01-15 18:00:00,178600.0
2013-01-15 19:00:00,179500.0
2013-01-15 20:00:00,172200.0
2013-01-15 21:00:00,174000.0
2013-01-15 22:00:00,180400.0
2013-01-15 23:00:00,137500.0
2013-01-16 00:00:00,122100.0
2013-01-16 01:00:00,92600.0
2013-01-16 02:00:00,91100.0
2013-01-16 03:00:00,89200.0
2013-01-16 04:00:00,73500.0
2013-01-16 05:00:00,66900.0
2013-01-16 06:00:00,62400.0
2013-01-16 07:00:00,62800.0
2013-01-16 08:00:00,65300.0
2013-01-16 09:00:00,93700.0
2013-01-16 10:00:00,133500.0
2013-01-16 11:00:00,142000.0
2013-01-16 12:00:00,151900.0
2013-01-16 13:00:00,147500.0
2013-01-16 14:00:00,148200.0
2013-01-16 15:00:00,146000.0
2013-01-16 16:00:00,149300.0
2013-01-16 17:00:00,148300.0
2013-01-16 18:00:00,176800.0
2013-01-16 19:00:00,183000.0
2013-01-16 20:00:00,172400.0
2013-01-16 21:00:00,172500.0
2013-01-16 22:00:00,181400.0
2013-01-16 23:00:00,138700.0
2013-01-17 00:00:00,122000.0
2013-01-17 01:00:00,89700.0
2013-01-17 02:00:00,84700.0
2013-01-17 03:00:00,81400.0
2013-01-17 04:00:00,70200.0
2013-01-17 05:00:00,65000.0
2013-01-17 06:00:00,59500.0
2013-01-17 07:00:00,60200.0
2013-01-17 08:00:00,64500.0
2013-01-17 09:00:00,91200.0
2013-01-17 10:00:00,163600.0
2013-01-17 11:00:00,159800.0
2013-01-17 12:00:00,185000.0
2013-01-17 13:00:00,176400.0
2013-01-17 14:00:00,174200.0
2013-01-17 15:00:00,174700.0
2013-01-17 16:00:00,164300.0
2013-01-17 17:00:00,175000.0
2013-01-17 18:00:00,202500.0
2013-01-17 19:00:00,198000.0
2013-01-17 20:00:00,197400.0
2013-01-17 21:00:00,190600.0
2013-01-17 22:00:00,204000.0
2013-01-17 23:00:00,138300.0
2013-01-18 00:00:00,119400.0
2013-01-18 01:00:00,86300.0
2013-01-18 02:00:00,84100.0
2013-01-18 03:00:00,82000.0
2013-01-18 04:00:00,70800.0
2013-01-18 05:00:00,64100.0
2013-01-18 06:00:00,61000.0
2013-01-18 07:00:00,61700.0
2013-01-18 08:00:00,65100.0
2013-01-18 09:00:00,92100.0
2013-01-18 10:00:00,162400.0
2013-01-18 11:00:00,161100.0
2013-01-18 12:00:00,189400.0
2013-01-18 13:00:00,179800.0
2013-01-18 14:00:00,170200.0
2013-01-18 15:00:00,181800.0
2013-01-18 16:00:00,163500.0
2013-01-18 17:00:00,187200.0
2013-01-18 18:00:00,207400.0
2013-01-18 19:00:00,194500.0
2013-01-18 20:00:00,202000.0
2013-01-18 21:00:00,205600.0
2013-01-18 22:00:00,201400.0
2013-01-18 23:00:00,136400.0
2013-01-19 00:00:00,113300.0
2013-01-19 01:00:00,86500.0
2013-01-19 02:00:00,77500.0
2013-01-19 03:00:00,69700.0
2013-01-19 04:00:00,68700.0
2013-01-19 05:00:00,63100.0
2013-01-19 06:00:00,61300.0
2013-01-19 07:00:00,61500.0
2013-01-19 08:00:00,63000.0
2013-01-19 09:00:00,110100.0
2013-01-19 10:00:00,151100.0
2013-01-19 11:00:00,178100.0
2013-01-19 12:00:00,169800.0
2013-01-19 13:00:00,169500.0
2013-01-19 14:00:00,169400.0
2013-01-19 15:00:00,163400.0
2013-01-19 16:00:00,174000.0
2013-01-19 17:00:00,166700.0
2013-01-19 18:00:00,184400.0
2013-01-19 19:00:00,190900.0
2013-01-19 20:00:00,183800.0
2013-01-19 21:00:00,197200.0
2013-01-19 22:00:00,185800.0
2013-01-19 23:00:00,141200.0
2013-01-20 00:00:00,120700.0
2013-01-20 01:00:00,99000.0
2013-01-20 02:00:00,95200.0
2013-01-20 03:00:00,91400.0
2013-01-20 04:00:00,69400.0
2013-01-20 05:00:00,63300.0
2013-01-20 06:00:00,61800.0
2013-01-20 07:00:00,62200.0
2013-01-20 08:00:00,63400.0
2013-01-20 09:00:00,97800.0
2013-01-20 10:00:00,148300.0
2013-01-20 11:00:00,167600.0
2013-01-20 12:00:00,159100.0
2013-01-20 13:00:00,165800.0
2013-01-20 14:00:00,180400.0
2013-01-20 15:00:00,159600.0
2013-01-20 16:00:00,184500.0
2013-01-20 17:00:00,203800.0
2013-01-20 18:00:00,190200.0
2013-01-20 19:00:00,202600.0
2013-01-20 20:00:00,191900.0
2013-01-20 21:00:00,199000.0
2013-01-20 22:00:00,194300.0
2013-01-20 23:00:00,140000.0
2013-01-21 00:00:00,118800.0
2013-01-21 01:00:00,87300.0
2013-01-21 02:00:00,85100.0
2013-01-21 03:00:00,82200.0
2013-01-21 04:00:00,69900.0
2013-01-21 05:00:00,62900.0
2013-01-21 06:00:00,61100.0
2013-01-21 07:00:00,62200.0
2013-01-21 08:00:00,63800.0
2013-01-21 09:00:00,90900.0
2013-01-21 10:00:00,154100.0
2013-01-21 11:00:00,161500.0
2013-01-21 12:00:00,171500.0
2013-01-21 13:00:00,174800.0
2013-01-21 14:00:00,170600.0
2013-01-21 15:00:00,172500.0
2013-01-21 16:00:00,165300.0
2013-01-21 17:00:00,169100.0
2013-01-21 18:00:00,189700.0
2013-01-21 19:00:00,186500.0
2013-01-21 20:00:00,199300.0
2013-01-21 21:00:00,181600.0
2013-01-21 22:00:00,193900.0
2013-01-21 23:00:00,134100.0
2013-01-22 00:00:00,117500.0
2013-01-22 01:00:00,82800.0
2013-01-22 02:00:00,79800.0
2013-01-22 03:00:00,79100.0
2013-01-22 04:00:00,68600.0
2013-01-22 05:00:00,62100.0
2013-01-22 06:00:00,60300.0
2013-01-22 07:00:00,61600.0
2013-01-22 08:00:00,64100.0
2013-01-22 09:00:00,93500.0
2013-01-22 10:00:00,147600.0
2013-01-22 11:00:00,157000.0
2013-01-22 12:00:00,173300.0
2013-01-22 13:00:00,160400.0
2013-01-22 14:00:00,169600.0
2013-01-22 15:00:00,172000.0
2013-01-22 16:00:00,158300.0
2013-01-22 17:00:00,166000.0
2013-01-22 18:00:00,190200.0
2013-01-22 19:00:00,184300.0
2013-01-22 20:00:00,189200.0
2013-01-22 21:00:00,180100.0
2013-01-22 22:00:00,191100.0
2013-01-22 23:00:00,134900.0
2013-01-23 00:00:00,116800.0
2013-01-23 01:00:00,85700.0
2013-01-23 02:00:00,69800.0
2013-01-23 03:00:00,66600.0
2013-01-23 04:00:00,54500.0
2013-01-23 05:00:00,49100.0
2013-01-23 06:00:00,47600.0
2013-01-23 07:00:00,49500.0
2013-01-23 08:00:00,55700.0
2013-01-23 09:00:00,90000.0
2013-01-23 10:00:00,149200.0
2013-01-23 11:00:00,147700.0
2013-01-23 12:00:00,170900.0
2013-01-23 13:00:00,159600.0
2013-01-23 14:00:00,166000.0
2013-01-23 15:00:00,161200.0
2013-01-23 16:00:00,150600.0
2013-01-23 17:00:00,167400.0
2013-01-23 18:00:00,192600.0
2013-01-23 19:00:00,180700.0
2013-01-23 20:00:00,193700.0
2013-01-23 21:00:00,178700.0
2013-01-23 22:00:00,185800.0
2013-01-23 23:00:00,135000.0
2013-01-24 00:00:00,116200.0
2013-01-24 01:00:00,73600.0
2013-01-24 02:00:00,72100.0
2013-01-24 03:00:00,68900.0
2013-01-24 04:00:00,59900.0
2013-01-24 05:00:00,50000.0
2013-01-24 06:00:00,48800.0
2013-01-24 07:00:00,50300.0
2013-01-24 08:00:00,54900.0
2013-01-24 09:00:00,90200.0
2013-01-24 10:00:00,154600.0
2013-01-24 11:00:00,155000.0
2013-01-24 12:00:00,175300.0
2013-01-24 13:00:00,173400.0
2013-01-24 14:00:00,161300.0
2013-01-24 15:00:00,164500.0
2013-01-24 16:00:00,163000.0
2013-01-24 17:00:00,170100.0
2013-01-24 18:00:00,193000.0
2013-01-24 19:00:00,199500.0
2013-01-24 20:00:00,189200.0
2013-01-24 21:00:00,183300.0
2013-01-24 22:00:00,195400.0
2013-01-24 23:00:00,134600.0
2013-01-25 00:00:00,116200.0
2013-01-25 01:00:00,76800.0
2013-01-25 02:00:00,73400.0
2013-01-25 03:00:00,70200.0
2013-01-25 04:00:00,58000.0
2013-01-25 05:00:00,51500.0
2013-01-25 06:00:00,50200.0
2013-01-25 07:00:00,51200.0
2013-01-25 08:00:00,56600.0
2013-01-25 09:00:00,90600.0
2013-01-25 10:00:00,152500.0
2013-01-25 11:00:00,153700.0
2013-01-25 12:00:00,173500.0
2013-01-25 13:00:00,173800.0
2013-01-25 14:00:00,167800.0
2013-01-25 15:00:00,171600.0
2013-01-25 16:00:00,165200.0
2013-01-25 17:00:00,178700.0
2013-01-25 18:00:00,193300.0
2013-01-25 19:00:00,187000.0
2013-01-25 20:00:00,187900.0
2013-01-25 21:00:00,185300.0
2013-01-25 22:00:00,201100.0
2013-01-25 23:00:00,132700.0
2013-01-26 00:00:00,109100.0
2013-01-26 01:00:00,82800.0
2013-01-26 02:00:00,71800.0
2013-01-26 03:00:00,60600.0
2013-01-26 04:00:00,62000.0
2013-01-26 05:00:00,60500.0
2013-01-26 06:00:00,58800.0
2013-01-26 07:00:00,60500.0
2013-01-26 08:00:00,65200.0
2013-01-26 09:00:00,108300.0
2013-01-26 10:00:00,147000.0
2013-01-26 11:00:00,171700.0
2013-01-26 12:00:00,158600.0
2013-01-26 13:00:00,172000.0
2013-01-26 14:00:00,167900.0
2013-01-26 15:00:00,169600.0
2013-01-26 16:00:00,174800.0
2013-01-26 17:00:00,178200.0
2013-01-26 18:00:00,183200.0
2013-01-26 19:00:00,205900.0
2013-01-26 20:00:00,184600.0
2013-01-26 21:00:00,200600.0
2013-01-26 22:00:00,197100.0
2013-01-26 23:00:00,138900.0
2013-01-27 00:00:00,116200.0
2013-01-27 01:00:00,94500.0
2013-01-27 02:00:00,91800.0
2013-01-27 03:00:00,86600.0
2013-01-27 04:00:00,64400.0
2013-01-27 05:00:00,63400.0
2013-01-27 06:00:00,62100.0
2013-01-27 07:00:00,63400.0
2013-01-27 08:00:00,70500.0
2013-01-27 09:00:00,108200.0
2013-01-27 10:00:00,144900.0
2013-01-27 11:00:00,178300.0
2013-01-27 12:00:00,167600.0
2013-01-27 13:00:00,175600.0
2013-01-27 14:00:00,183600.0
2013-01-27 15:00:00,171300.0
2013-01-27 16:00:00,194900.0
2013-01-27 17:00:00,186100.0
2013-01-27 18:00:00,194200.0
2013-01-27 19:00:00,205600.0
2013-01-27 20:00:00,186100.0
2013-01-27 21:00:00,207300.0
2013-01-27 22:00:00,197700.0
2013-01-27 23:00:00,137600.0
2013-01-28 00:00:00,111900.0
2013-01-28 01:00:00,74200.0
2013-01-28 02:00:00,71300.0
2013-01-28 03:00:00,69800.0
2013-01-28 04:00:00,62500.0
2013-01-28 05:00:00,58700.0
2013-01-28 06:00:00,56700.0
2013-01-28 07:00:00,59100.0
2013-01-28 08:00:00,64700.0
2013-01-28 09:00:00,92200.0
2013-01-28 10:00:00,145700.0
2013-01-28 11:00:00,163600.0
2013-01-28 12:00:00,171700.0
2013-01-28 13:00:00,174400.0
2013-01-28 14:00:00,171900.0
2013-01-28 15:00:00,177700.0
2013-01-28 16:00:00,167000.0
2013-01-28 17:00:00,182000.0
2013-01-28 18:00:00,186800.0
2013-01-28 19:00:00,191200.0
2013-01-28 20:00:00,192600.0
2013-01-28 21:00:00,178200.0
2013-01-28 22:00:00,192800.0
2013-01-28 23:00:00,135100.0
2013-01-29 00:00:00,114900.0
2013-01-29 01:00:00,77200.0
2013-01-29 02:00:00,73000.0
2013-01-29 03:00:00,71100.0
2013-01-29 04:00:00,63500.0
2013-01-29 05:00:00,59300.0
2013-01-29 06:00:00,57900.0
2013-01-29 07:00:00,60200.0
2013-01-29 08:00:00,67000.0
2013-01-29 09:00:00,95500.0
2013-01-29 10:00:00,151300.0
2013-01-29 11:00:00,160800.0
2013-01-29 12:00:00,178200.0
2013-01-29 13:00:00,179200.0
2013-01-29 14:00:00,164900.0
2013-01-29 15:00:00,179700.0
2013-01-29 16:00:00,168100.0
2013-01-29 17:00:00,175400.0
2013-01-29 18:00:00,188400.0
2013-01-29 19:00:00,189200.0
2013-01-29 20:00:00,191800.0
2013-01-29 21:00:00,184400.0
2013-01-29 22:00:00,193000.0
2013-01-29 23:00:00,134600.0
2013-01-30 00:00:00,115800.0
2013-01-30 01:00:00,77000.0
2013-01-30 02:00:00,72300.0
2013-01-30 03:00:00,70200.0
2013-01-30 04:00:00,63500.0
2013-01-30 05:00:00,58900.0
2013-01-30 06:00:00,56800.0
2013-01-30 07:00:00,59400.0
2013-01-30 08:00:00,66000.0
2013-01-30 09:00:00,92500.0
2013-01-30 10:00:00,155300.0
2013-01-30 11:00:00,158100.0
2013-01-30 12:00:00,185300.0
2013-01-30 13:00:00,181700.0
2013-01-30 14:00:00,171400.0
2013-01-30 15:00:00,186600.0
2013-01-30 16:00:00,178500.0
2013-01-30 17:00:00,179200.0
2013-01-30 18:00:00,190900.0
2013-01-30 19:00:00,202000.0
2013-01-30 20:00:00,202700.0
2013-01-30 21:00:00,190100.0
2013-01-30 22:00:00,198600.0
2013-01-30 23:00:00,132300.0
2013-01-31 00:00:00,113500.0
2013-01-31 01:00:00,74500.0
2013-01-31 02:00:00,69400.0
2013-01-31 03:00:00,66600.0
2013-01-31 04:00:00,53400.0
2013-01-31 05:00:00,49000.0
2013-01-31 06:00:00,47900.0
2013-01-31 07:00:00,49000.0
2013-01-31 08:00:00,55900.0
2013-01-31 09:00:00,89800.0
2013-01-31 10:00:00,152000.0
2013-01-31 11:00:00,159900.0
2013-01-31 12:00:00,187300.0
2013-01-31 13:00:00,176900.0
2013-01-31 14:00:00,167400.0
2013-01-31 15:00:00,176300.0
2013-01-31 16:00:00,164300.0
2013-01-31 17:00:00,169800.0
2013-01-31 18:00:00,181600.0
2013-01-31 19:00:00,182500.0
2013-01-31 20:00:00,193500.0
2013-01-31 21:00:00,178200.0
2013-01-31 22:00:00,183500.0
2013-01-31 23:00:00,129800.0
2013-02-01 00:00:00,109000.0
2013-02-01 01:00:00,72700.0
2013-02-01 02:00:00,69300.0
2013-02-01 03:00:00,66900.0
2013-02-01 04:00:00,53500.0
2013-02-01 05:00:00,48100.0
2013-02-01 06:00:00,45800.0
2013-02-01 07:00:00,48100.0
2013-02-01 08:00:00,55700.0
2013-02-01 09:00:00,89900.0
2013-02-01 10:00:00,150000.0
2013-02-01 11:00:00,153400.0
2013-02-01 12:00:00,182300.0
2013-02-01 13:00:00,180400.0
2013-02-01 14:00:00,164800.0
2013-02-01 15:00:00,174700.0
2013-02-01 16:00:00,170800.0
2013-02-01 17:00:00,169400.0
2013-02-01 18:00:00,183200.0
2013-02-01 19:00:00,191500.0
2013-02-01 20:00:00,199700.0
2013-02-01 21:00:00,184700.0
2013-02-01 22:00:00,194200.0
2013-02-01 23:00:00,129900.0
2013-02-02 00:00:00,104900.0
2013-02-02 01:00:00,80300.0
2013-02-02 02:00:00,68800.0
2013-02-02 03:00:00,56800.0
2013-02-02 04:00:00,54100.0
2013-02-02 05:00:00,49900.0
2013-02-02 06:00:00,47400.0
2013-02-02 07:00:00,49000.0
2013-02-02 08:00:00,57100.0
2013-02-02 09:00:00,111300.0
2013-02-02 10:00:00,148500.0
2013-02-02 11:00:00,169800.0
2013-02-02 12:00:00,155300.0
2013-02-02 13:00:00,170200.0
2013-02-02 14:00:00,169800.0
2013-02-02 15:00:00,151800.0
2013-02-02 16:00:00,176900.0
2013-02-02 17:00:00,173300.0
2013-02-02 18:00:00,169400.0
2013-02-02 19:00:00,199000.0
2013-02-02 20:00:00,177800.0
2013-02-02 21:00:00,189000.0
2013-02-02 22:00:00,183700.0
2013-02-02 23:00:00,135000.0
2013-02-03 00:00:00,113900.0
2013-02-03 01:00:00,95000.0
2013-02-03 02:00:00,92800.0
2013-02-03 03:00:00,89100.0
2013-02-03 04:00:00,54900.0
2013-02-03 05:00:00,49600.0
2013-02-03 06:00:00,47900.0
2013-02-03 07:00:00,49300.0
2013-02-03 08:00:00,57400.0
2013-02-03 09:00:00,97600.0
2013-02-03 10:00:00,150300.0
2013-02-03 11:00:00,172200.0
2013-02-03 12:00:00,154100.0
2013-02-03 13:00:00,173300.0
2013-02-03 14:00:00,168300.0
2013-02-03 15:00:00,159800.0
2013-02-03 16:00:00,179500.0
2013-02-03 17:00:00,165600.0
2013-02-03 18:00:00,168300.0
2013-02-03 19:00:00,185600.0
2013-02-03 20:00:00,169700.0
2013-02-03 21:00:00,185600.0
2013-02-03 22:00:00,186100.0
2013-02-03 23:00:00,133500.0
2013-02-04 00:00:00,108100.0
2013-02-04 01:00:00,70400.0
2013-02-04 02:00:00,68200.0
2013-02-04 03:00:00,66000.0
2013-02-04 04:00:00,53900.0
2013-02-04 05:00:00,47600.0
2013-02-04 06:00:00,47200.0
2013-02-04 07:00:00,44700.0
2013-02-04 08:00:00,36100.0
2013-02-04 09:00:00,88000.0
2013-02-04 10:00:00,122100.0
2013-02-04 11:00:00,137600.0
2013-02-04 12:00:00,132900.0
2013-02-04 13:00:00,140300.0
2013-02-04 14:00:00,139100.0
2013-02-04 15:00:00,135300.0
2013-02-04 16:00:00,137300.0
2013-02-04 17:00:00,132700.0
2013-02-04 18:00:00,145300.0
2013-02-04 19:00:00,160300.0
2013-02-04 20:00:00,160900.0
2013-02-04 21:00:00,155300.0
2013-02-04 22:00:00,154300.0
2013-02-04 23:00:00,123600.0
2013-02-05 00:00:00,108100.0
2013-02-05 01:00:00,71700.0
2013-02-05 02:00:00,69200.0
2013-02-05 03:00:00,66400.0
2013-02-05 04:00:00,54200.0
2013-02-05 05:00:00,47200.0
2013-02-05 06:00:00,45500.0
2013-02-05 07:00:00,48300.0
2013-02-05 08:00:00,55200.0
2013-02-05 09:00:00,89000.0
2013-02-05 10:00:00,122900.0
2013-02-05 11:00:00,129500.0
2013-02-05 12:00:00,141100.0
2013-02-05 13:00:00,132500.0
2013-02-05 14:00:00,140600.0
2013-02-05 15:00:00,144500.0
2013-02-05 16:00:00,147000.0
2013-02-05 17:00:00,134800.0
2013-02-05 18:00:00,150200.0
2013-02-05 19:00:00,163200.0
2013-02-05 20:00:00,164800.0
2013-02-05 21:00:00,156400.0
2013-02-05 22:00:00,155800.0
2013-02-05 23:00:00,125300.0
2013-02-06 00:00:00,110500.0
2013-02-06 01:00:00,72900.0
2013-02-06 02:00:00,68600.0
2013-02-06 03:00:00,65700.0
2013-02-06 04:00:00,54500.0
2013-02-06 05:00:00,48300.0
2013-02-06 06:00:00,46300.0
2013-02-06 07:00:00,49300.0
2013-02-06 08:00:00,56500.0
2013-02-06 09:00:00,89400.0
2013-02-06 10:00:00,125800.0
2013-02-06 11:00:00,132900.0
2013-02-06 12:00:00,138100.0
2013-02-06 13:00:00,131800.0
2013-02-06 14:00:00,139300.0
2013-02-06 15:00:00,141800.0
2013-02-06 16:00:00,140600.0
2013-02-06 17:00:00,135500.0
2013-02-06 18:00:00,147600.0
2013-02-06 19:00:00,158200.0
2013-02-06 20:00:00,164200.0
2013-02-06 21:00:00,156300.0
2013-02-06 22:00:00,152700.0
2013-02-06 23:00:00,125100.0
2013-02-07 00:00:00,109800.0
2013-02-07 01:00:00,74200.0
2013-02-07 02:00:00,69200.0
2013-02-07 03:00:00,65400.0
2013-02-07 04:00:00,53300.0
2013-02-07 05:00:00,48700.0
2013-02-07 06:00:00,47700.0
2013-02-07 07:00:00,48800.0
2013-02-07 08:00:00,58600.0
2013-02-07 09:00:00,90200.0
2013-02-07 10:00:00,124200.0
2013-02-07 11:00:00,132100.0
2013-02-07 12:00:00,135200.0
2013-02-07 13:00:00,130900.0
2013-02-07 14:00:00,144100.0
2013-02-07 15:00:00,132400.0
2013-02-07 16:00:00,140900.0
2013-02-07 17:00:00,131100.0
2013-02-07 18:00:00,148000.0
2013-02-07 19:00:00,158400.0
2013-02-07 20:00:00,157800.0
2013-02-07 21:00:00,156100.0
2013-02-07 22:00:00,154800.0
2013-02-07 23:00:00,125300.0
2013-02-08 00:00:00,109400.0
2013-02-08 01:00:00,72800.0
2013-02-08 02:00:00,68400.0
2013-02-08 03:00:00,66700.0
2013-02-08 04:00:00,55300.0
2013-02-08 05:00:00,48500.0
2013-02-08 06:00:00,47200.0
2013-02-08 07:00:00,49300.0
2013-02-08 08:00:00,59300.0
2013-02-08 09:00:00,91100.0
2013-02-08 10:00:00,120600.0
2013-02-08 11:00:00,131000.0
2013-02-08 12:00:00,131100.0
2013-02-08 13:00:00,136300.0
2013-02-08 14:00:00,135500.0
2013-02-08 15:00:00,136200.0
2013-02-08 16:00:00,143900.0
2013-02-08 17:00:00,138000.0
2013-02-08 18:00:00,147800.0
2013-02-08 19:00:00,160700.0
2013-02-08 20:00:00,165300.0
2013-02-08 21:00:00,158000.0
2013-02-08 22:00:00,154900.0
2013-02-08 23:00:00,125400.0
2013-02-09 00:00:00,105700.0
2013-02-09 01:00:00,80100.0
2013-02-09 02:00:00,67900.0
2013-02-09 03:00:00,54500.0
2013-02-09 04:00:00,49000.0
2013-02-09 05:00:00,46700.0
2013-02-09 06:00:00,46200.0
2013-02-09 07:00:00,47000.0
2013-02-09 08:00:00,54600.0
2013-02-09 09:00:00,85800.0
2013-02-09 10:00:00,122300.0
2013-02-09 11:00:00,136100.0
2013-02-09 12:00:00,131500.0
2013-02-09 13:00:00,141100.0
2013-02-09 14:00:00,138100.0
2013-02-09 15:00:00,137400.0
2013-02-09 16:00:00,144600.0
2013-02-09 17:00:00,146900.0
2013-02-09 18:00:00,144500.0
2013-02-09 19:00:00,164600.0
2013-02-09 20:00:00,163700.0
2013-02-09 21:00:00,154400.0
2013-02-09 22:00:00,153800.0
2013-02-09 23:00:00,126600.0
2013-02-10 00:00:00,113400.0
2013-02-10 01:00:00,95600.0
2013-02-10 02:00:00,92400.0
2013-02-10 03:00:00,88300.0
2013-02-10 04:00:00,54900.0
2013-02-10 05:00:00,48900.0
2013-02-10 06:00:00,46300.0
2013-02-10 07:00:00,47500.0
2013-02-10 08:00:00,55200.0
2013-02-10 09:00:00,87900.0
2013-02-10 10:00:00,122400.0
2013-02-10 11:00:00,135300.0
2013-02-10 12:00:00,129100.0
2013-02-10 13:00:00,139100.0
2013-02-10 14:00:00,139000.0
2013-02-10 15:00:00,137900.0
2013-02-10 16:00:00,144800.0
2013-02-10 17:00:00,140400.0
2013-02-10 18:00:00,154600.0
2013-02-10 19:00:00,162200.0
2013-02-10 20:00:00,158000.0
2013-02-10 21:00:00,155400.0
2013-02-10 22:00:00,155700.0
2013-02-10 23:00:00,124200.0
2013-02-11 00:00:00,108900.0
2013-02-11 01:00:00,73500.0
2013-02-11 02:00:00,66300.0
2013-02-11 03:00:00,63400.0
2013-02-11 04:00:00,52000.0
2013-02-11 05:00:00,47200.0
2013-02-11 06:00:00,46300.0
2013-02-11 07:00:00,48400.0
2013-02-11 08:00:00,55200.0
2013-02-11 09:00:00,90000.0
2013-02-11 10:00:00,128100.0
2013-02-11 11:00:00,140200.0
2013-02-11 12:00:00,133100.0
2013-02-11 13:00:00,143600.0
2013-02-11 14:00:00,141300.0
2013-02-11 15:00:00,138300.0
2013-02-11 16:00:00,147400.0
2013-02-11 17:00:00,146100.0
2013-02-11 18:00:00,147200.0
2013-02-11 19:00:00,158400.0
2013-02-11 20:00:00,162200.0
2013-02-11 21:00:00,159300.0
2013-02-11 22:00:00,152800.0
2013-02-11 23:00:00,121000.0
2013-02-12 00:00:00,107000.0
2013-02-12 01:00:00,72500.0
2013-02-12 02:00:00,68000.0
2013-02-12 03:00:00,65300.0
2013-02-12 04:00:00,53800.0
2013-02-12 05:00:00,47500.0
2013-02-12 06:00:00,46200.0
2013-02-12 07:00:00,48900.0
2013-02-12 08:00:00,54900.0
2013-02-12 09:00:00,88100.0
2013-02-12 10:00:00,123500.0
2013-02-12 11:00:00,130100.0
2013-02-12 12:00:00,139600.0
2013-02-12 13:00:00,130000.0
2013-02-12 14:00:00,146300.0
2013-02-12 15:00:00,136000.0
2013-02-12 16:00:00,139600.0
2013-02-12 17:00:00,133500.0
2013-02-12 18:00:00,154900.0
2013-02-12 19:00:00,162000.0
2013-02-12 20:00:00,156600.0
2013-02-12 21:00:00,155600.0
2013-02-12 22:00:00,157500.0
2013-02-12 23:00:00,124800.0
2013-02-13 00:00:00,109800.0
2013-02-13 01:00:00,74200.0
2013-02-13 02:00:00,70800.0
2013-02-13 03:00:00,67100.0
2013-02-13 04:00:00,54500.0
2013-02-13 05:00:00,48200.0
2013-02-13 06:00:00,46700.0
2013-02-13 07:00:00,49100.0
2013-02-13 08:00:00,57500.0
2013-02-13 09:00:00,89500.0
2013-02-13 10:00:00,127200.0
2013-02-13 11:00:00,133600.0
2013-02-13 12:00:00,142100.0
2013-02-13 13:00:00,148000.0
2013-02-13 14:00:00,140600.0
2013-02-13 15:00:00,146800.0
2013-02-13 16:00:00,146300.0
2013-02-13 17:00:00,138900.0
2013-02-13 18:00:00,157300.0
2013-02-13 19:00:00,162200.0
2013-02-13 20:00:00,160700.0
2013-02-13 21:00:00,166600.0
2013-02-13 22:00:00,156600.0
2013-02-13 23:00:00,121900.0
2013-02-14 00:00:00,101000.0
2013-02-14 01:00:00,59900.0
2013-02-14 02:00:00,55200.0
2013-02-14 03:00:00,52200.0
2013-02-14 04:00:00,51900.0
2013-02-14 05:00:00,50100.0
2013-02-14 06:00:00,48600.0
2013-02-14 07:00:00,49600.0
2013-02-14 08:00:00,56100.0
2013-02-14 09:00:00,91400.0
2013-02-14 10:00:00,128400.0
2013-02-14 11:00:00,133500.0
2013-02-14 12:00:00,149100.0
2013-02-14 13:00:00,146200.0
2013-02-14 14:00:00,139600.0
2013-02-14 15:00:00,146200.0
2013-02-14 16:00:00,136800.0
2013-02-14 17:00:00,134900.0
2013-02-14 18:00:00,155500.0
2013-02-14 19:00:00,160600.0
2013-02-14 20:00:00,159900.0
2013-02-14 21:00:00,166400.0
2013-02-14 22:00:00,156300.0
2013-02-14 23:00:00,122200.0
2013-02-15 00:00:00,102600.0
2013-02-15 01:00:00,61800.0
2013-02-15 02:00:00,63900.0
2013-02-15 03:00:00,59600.0
2013-02-15 04:00:00,53000.0
2013-02-15 05:00:00,50300.0
2013-02-15 06:00:00,47900.0
2013-02-15 07:00:00,49800.0
2013-02-15 08:00:00,56600.0
2013-02-15 09:00:00,90100.0
2013-02-15 10:00:00,126200.0
2013-02-15 11:00:00,130800.0
2013-02-15 12:00:00,141800.0
2013-02-15 13:00:00,133500.0
2013-02-15 14:00:00,147200.0
2013-02-15 15:00:00,139500.0
2013-02-15 16:00:00,143400.0
2013-02-15 17:00:00,149000.0
2013-02-15 18:00:00,143100.0
2013-02-15 19:00:00,159900.0
2013-02-15 20:00:00,167100.0
2013-02-15 21:00:00,159000.0
2013-02-15 22:00:00,159800.0
2013-02-15 23:00:00,124700.0
2013-02-16 00:00:00,112500.0
2013-02-16 01:00:00,97200.0
2013-02-16 02:00:00,84600.0
2013-02-16 03:00:00,63800.0
2013-02-16 04:00:00,51800.0
2013-02-16 05:00:00,47400.0
2013-02-16 06:00:00,45500.0
2013-02-16 07:00:00,47600.0
2013-02-16 08:00:00,54400.0
2013-02-16 09:00:00,88600.0
2013-02-16 10:00:00,127900.0
2013-02-16 11:00:00,142100.0
2013-02-16 12:00:00,137200.0
2013-02-16 13:00:00,140300.0
2013-02-16 14:00:00,139600.0
2013-02-16 15:00:00,138200.0
2013-02-16 16:00:00,141500.0
2013-02-16 17:00:00,137000.0
2013-02-16 18:00:00,155400.0
2013-02-16 19:00:00,165700.0
2013-02-16 20:00:00,162400.0
2013-02-16 21:00:00,157900.0
2013-02-16 22:00:00,158700.0
2013-02-16 23:00:00,122000.0
2013-02-17 00:00:00,110800.0
2013-02-17 01:00:00,94900.0
2013-02-17 02:00:00,91800.0
2013-02-17 03:00:00,80700.0
2013-02-17 04:00:00,49900.0
2013-02-17 05:00:00,46600.0
2013-02-17 06:00:00,45300.0
2013-02-17 07:00:00,47100.0
2013-02-17 08:00:00,53600.0
2013-02-17 09:00:00,85900.0
2013-02-17 10:00:00,125000.0
2013-02-17 11:00:00,139500.0
2013-02-17 12:00:00,133200.0
2013-02-17 13:00:00,137900.0
2013-02-17 14:00:00,145200.0
2013-02-17 15:00:00,140200.0
2013-02-17 16:00:00,147100.0
2013-02-17 17:00:00,141100.0
2013-02-17 18:00:00,155800.0
2013-02-17 19:00:00,161800.0
2013-02-17 20:00:00,160000.0
2013-02-17 21:00:00,152700.0
2013-02-17 22:00:00,153400.0
2013-02-17 23:00:00,119600.0
2013-02-18 00:00:00,99100.0
2013-02-18 01:00:00,56000.0
2013-02-18 02:00:00,55200.0
2013-02-18 03:00:00,53000.0
2013-02-18 04:00:00,51500.0
2013-02-18 05:00:00,48800.0
2013-02-18 06:00:00,47800.0
2013-02-18 07:00:00,49000.0
2013-02-18 08:00:00,55100.0
2013-02-18 09:00:00,88100.0
2013-02-18 10:00:00,127300.0
2013-02-18 11:00:00,143900.0
2013-02-18 12:00:00,140200.0
2013-02-18 13:00:00,141200.0
2013-02-18 14:00:00,137000.0
2013-02-18 15:00:00,145100.0
2013-02-18 16:00:00,142200.0
2013-02-18 17:00:00,146900.0
2013-02-18 18:00:00,151300.0
2013-02-18 19:00:00,164500.0
2013-02-18 20:00:00,170200.0
2013-02-18 21:00:00,164200.0
2013-02-18 22:00:00,162200.0
2013-02-18 23:00:00,125400.0
2013-02-19 00:00:00,105400.0
2013-02-19 01:00:00,61600.0
2013-02-19 02:00:00,57800.0
2013-02-19 03:00:00,54400.0
2013-02-19 04:00:00,52800.0
2013-02-19 05:00:00,50500.0
2013-02-19 06:00:00,48800.0
2013-02-19 07:00:00,49000.0
2013-02-19 08:00:00,55800.0
2013-02-19 09:00:00,91200.0
2013-02-19 10:00:00,131300.0
2013-02-19 11:00:00,135600.0
2013-02-19 12:00:00,144600.0
2013-02-19 13:00:00,141700.0
2013-02-19 14:00:00,145400.0
2013-02-19 15:00:00,152700.0
2013-02-19 16:00:00,155100.0
2013-02-19 17:00:00,146300.0
2013-02-19 18:00:00,158400.0
2013-02-19 19:00:00,177000.0
2013-02-19 20:00:00,168000.0
2013-02-19 21:00:00,167700.0
2013-02-19 22:00:00,166200.0
2013-02-19 23:00:00,125200.0
2013-02-20 00:00:00,101200.0
2013-02-20 01:00:00,58800.0
2013-02-20 02:00:00,56200.0
2013-02-20 03:00:00,53000.0
2013-02-20 04:00:00,52300.0
2013-02-20 05:00:00,48700.0
2013-02-20 06:00:00,47300.0
2013-02-20 07:00:00,48600.0
2013-02-20 08:00:00,55700.0
2013-02-20 09:00:00,91500.0
2013-02-20 10:00:00,188100.0
2013-02-20 11:00:00,154500.0
2013-02-20 12:00:00,179500.0
2013-02-20 13:00:00,177000.0
2013-02-20 14:00:00,165200.0
2013-02-20 15:00:00,174400.0
2013-02-20 16:00:00,160400.0
2013-02-20 17:00:00,175100.0
2013-02-20 18:00:00,184400.0
2013-02-20 19:00:00,183700.0
2013-02-20 20:00:00,196400.0
2013-02-20 21:00:00,187300.0
2013-02-20 22:00:00,189600.0
2013-02-20 23:00:00,128900.0
2013-02-21 00:00:00,103200.0
2013-02-21 01:00:00,57100.0
2013-02-21 02:00:00,53300.0
2013-02-21 03:00:00,49600.0
2013-02-21 04:00:00,49200.0
2013-02-21 05:00:00,48500.0
2013-02-21 06:00:00,47700.0
2013-02-21 07:00:00,47800.0
2013-02-21 08:00:00,55500.0
2013-02-21 09:00:00,90600.0
2013-02-21 10:00:00,155900.0
2013-02-21 11:00:00,158200.0
2013-02-21 12:00:00,176600.0
2013-02-21 13:00:00,173600.0
2013-02-21 14:00:00,167300.0
2013-02-21 15:00:00,175400.0
2013-02-21 16:00:00,158300.0
2013-02-21 17:00:00,174100.0
2013-02-21 18:00:00,192800.0
2013-02-21 19:00:00,181600.0
2013-02-21 20:00:00,200300.0
2013-02-21 21:00:00,189000.0
2013-02-21 22:00:00,190700.0
2013-02-21 23:00:00,125400.0
2013-02-22 00:00:00,100100.0
2013-02-22 01:00:00,58200.0
2013-02-22 02:00:00,54100.0
2013-02-22 03:00:00,51800.0
2013-02-22 04:00:00,50400.0
2013-02-22 05:00:00,47500.0
2013-02-22 06:00:00,46700.0
2013-02-22 07:00:00,49000.0
2013-02-22 08:00:00,55200.0
2013-02-22 09:00:00,89100.0
2013-02-22 10:00:00,153100.0
2013-02-22 11:00:00,156500.0
2013-02-22 12:00:00,174900.0
2013-02-22 13:00:00,168400.0
2013-02-22 14:00:00,165100.0
2013-02-22 15:00:00,162700.0
2013-02-22 16:00:00,155000.0
2013-02-22 17:00:00,161700.0
2013-02-22 18:00:00,177400.0
2013-02-22 19:00:00,177200.0
2013-02-22 20:00:00,184400.0
2013-02-22 21:00:00,174200.0
2013-02-22 22:00:00,188800.0
2013-02-22 23:00:00,128700.0
2013-02-23 00:00:00,110800.0
2013-02-23 01:00:00,92100.0
2013-02-23 02:00:00,79700.0
2013-02-23 03:00:00,61700.0
2013-02-23 04:00:00,49800.0
2013-02-23 05:00:00,46000.0
2013-02-23 06:00:00,45200.0
2013-02-23 07:00:00,46500.0
2013-02-23 08:00:00,52700.0
2013-02-23 09:00:00,103100.0
2013-02-23 10:00:00,142800.0
2013-02-23 11:00:00,167700.0
2013-02-23 12:00:00,154400.0
2013-02-23 13:00:00,171000.0
2013-02-23 14:00:00,170300.0
2013-02-23 15:00:00,152500.0
2013-02-23 16:00:00,166800.0
2013-02-23 17:00:00,168600.0
2013-02-23 18:00:00,160700.0
2013-02-23 19:00:00,182700.0
2013-02-23 20:00:00,170800.0
2013-02-23 21:00:00,183400.0
2013-02-23 22:00:00,176400.0
2013-02-23 23:00:00,130300.0
2013-02-24 00:00:00,108700.0
2013-02-24 01:00:00,91000.0
2013-02-24 02:00:00,87300.0
2013-02-24 03:00:00,78100.0
2013-02-24 04:00:00,47500.0
2013-02-24 05:00:00,46000.0
2013-02-24 06:00:00,44300.0
2013-02-24 07:00:00,45500.0
2013-02-24 08:00:00,52500.0
2013-02-24 09:00:00,93000.0
2013-02-24 10:00:00,136000.0
2013-02-24 11:00:00,155800.0
2013-02-24 12:00:00,152000.0
2013-02-24 13:00:00,157600.0
2013-02-24 14:00:00,163400.0
2013-02-24 15:00:00,160600.0
2013-02-24 16:00:00,164600.0
2013-02-24 17:00:00,173900.0
2013-02-24 18:00:00,160100.0
2013-02-24 19:00:00,184200.0
2013-02-24 20:00:00,170000.0
2013-02-24 21:00:00,182800.0
2013-02-24 22:00:00,176100.0
2013-02-24 23:00:00,129300.0
2013-02-25 00:00:00,99800.0
2013-02-25 01:00:00,55100.0
2013-02-25 02:00:00,51400.0
2013-02-25 03:00:00,50000.0
2013-02-25 04:00:00,47500.0
2013-02-25 05:00:00,47000.0
2013-02-25 06:00:00,46300.0
2013-02-25 07:00:00,47800.0
2013-02-25 08:00:00,54800.0
2013-02-25 09:00:00,90100.0
2013-02-25 10:00:00,131000.0
2013-02-25 11:00:00,155200.0
2013-02-25 12:00:00,159200.0
2013-02-25 13:00:00,153800.0
2013-02-25 14:00:00,165900.0
2013-02-25 15:00:00,159000.0
2013-02-25 16:00:00,155200.0
2013-02-25 17:00:00,177000.0
2013-02-25 18:00:00,167100.0
2013-02-25 19:00:00,176600.0
2013-02-25 20:00:00,184100.0
2013-02-25 21:00:00,173200.0
2013-02-25 22:00:00,179900.0
2013-02-25 23:00:00,125300.0
2013-02-26 00:00:00,101400.0
2013-02-26 01:00:00,58700.0
2013-02-26 02:00:00,55000.0
2013-02-26 03:00:00,51800.0
2013-02-26 04:00:00,50500.0
2013-02-26 05:00:00,48300.0
2013-02-26 06:00:00,48100.0
2013-02-26 07:00:00,48900.0
2013-02-26 08:00:00,54000.0
2013-02-26 09:00:00,86600.0
2013-02-26 10:00:00,136900.0
2013-02-26 11:00:00,157300.0
2013-02-26 12:00:00,163300.0
2013-02-26 13:00:00,165200.0
2013-02-26 14:00:00,152700.0
2013-02-26 15:00:00,168900.0
2013-02-26 16:00:00,148400.0
2013-02-26 17:00:00,167500.0
2013-02-26 18:00:00,168700.0
2013-02-26 19:00:00,180700.0
2013-02-26 20:00:00,187000.0
2013-02-26 21:00:00,176000.0
2013-02-26 22:00:00,184500.0
2013-02-26 23:00:00,129600.0
2013-02-27 00:00:00,104700.0
2013-02-27 01:00:00,61500.0
2013-02-27 02:00:00,56500.0
2013-02-27 03:00:00,53800.0
2013-02-27 04:00:00,54600.0
2013-02-27 05:00:00,53400.0
2013-02-27 06:00:00,51200.0
2013-02-27 07:00:00,50400.0
2013-02-27 08:00:00,55500.0
2013-02-27 09:00:00,89000.0
2013-02-27 10:00:00,137500.0
2013-02-27 11:00:00,154000.0
2013-02-27 12:00:00,157800.0
2013-02-27 13:00:00,162900.0
2013-02-27 14:00:00,156800.0
2013-02-27 15:00:00,172100.0
2013-02-27 16:00:00,149800.0
2013-02-27 17:00:00,161100.0
2013-02-27 18:00:00,160100.0
2013-02-27 19:00:00,179200.0
2013-02-27 20:00:00,177800.0
2013-02-27 21:00:00,168800.0
2013-02-27 22:00:00,176600.0
2013-02-27 23:00:00,124300.0
2013-02-28 00:00:00,101500.0
2013-02-28 01:00:00,57900.0
2013-02-28 02:00:00,53900.0
2013-02-28 03:00:00,51600.0
2013-02-28 04:00:00,51500.0
2013-02-28 05:00:00,49000.0
2013-02-28 06:00:00,47300.0
2013-02-28 07:00:00,46900.0
2013-02-28 08:00:00,54600.0
2013-02-28 09:00:00,88900.0
2013-02-28 10:00:00,133100.0
2013-02-28 11:00:00,152300.0
2013-02-28 12:00:00,159600.0
2013-02-28 13:00:00,155300.0
2013-02-28 14:00:00,162100.0
2013-02-28 15:00:00,157800.0
2013-02-28 16:00:00,152500.0
2013-02-28 17:00:00,161600.0
2013-02-28 18:00:00,162800.0
2013-02-28 19:00:00,176000.0
2013-02-28 20:00:00,183200.0
2013-02-28 21:00:00,174300.0
2013-02-28 22:00:00,179200.0
2013-02-28 23:00:00,129400.0
2013-03-01 00:00:00,105300.0
2013-03-01 01:00:00,61000.0
2013-03-01 02:00:00,57000.0
2013-03-01 03:00:00,53400.0
2013-03-01 04:00:00,52500.0
2013-03-01 05:00:00,49700.0
2013-03-01 06:00:00,48100.0
2013-03-01 07:00:00,47000.0
2013-03-01 08:00:00,55700.0
2013-03-01 09:00:00,88700.0
2013-03-01 10:00:00,136200.0
2013-03-01 11:00:00,155800.0
2013-03-01 12:00:00,164100.0
2013-03-01 13:00:00,162400.0
2013-03-01 14:00:00,149700.0
2013-03-01 15:00:00,167000.0
2013-03-01 16:00:00,159300.0
2013-03-01 17:00:00,162400.0
2013-03-01 18:00:00,165400.0
2013-03-01 19:00:00,171100.0
2013-03-01 20:00:00,184400.0
2013-03-01 21:00:00,171400.0
2013-03-01 22:00:00,180400.0
2013-03-01 23:00:00,128800.0
2013-03-02 00:00:00,111400.0
2013-03-02 01:00:00,92700.0
2013-03-02 02:00:00,80300.0
2013-03-02 03:00:00,62900.0
2013-03-02 04:00:00,50300.0
2013-03-02 05:00:00,47100.0
2013-03-02 06:00:00,46400.0
2013-03-02 07:00:00,46200.0
2013-03-02 08:00:00,52800.0
2013-03-02 09:00:00,95000.0
2013-03-02 10:00:00,143000.0
2013-03-02 11:00:00,159200.0
2013-03-02 12:00:00,159800.0
2013-03-02 13:00:00,160200.0
2013-03-02 14:00:00,178200.0
2013-03-02 15:00:00,150800.0
2013-03-02 16:00:00,169700.0
2013-03-02 17:00:00,158700.0
2013-03-02 18:00:00,165100.0
2013-03-02 19:00:00,185000.0
2013-03-02 20:00:00,171000.0
2013-03-02 21:00:00,186700.0
2013-03-02 22:00:00,179800.0
2013-03-02 23:00:00,130300.0
2013-03-03 00:00:00,112500.0
2013-03-03 01:00:00,92700.0
2013-03-03 02:00:00,88500.0
2013-03-03 03:00:00,78700.0
2013-03-03 04:00:00,50100.0
2013-03-03 05:00:00,47600.0
2013-03-03 06:00:00,45300.0
2013-03-03 07:00:00,45900.0
2013-03-03 08:00:00,52400.0
2013-03-03 09:00:00,95800.0
2013-03-03 10:00:00,139500.0
2013-03-03 11:00:00,166000.0
2013-03-03 12:00:00,152800.0
2013-03-03 13:00:00,160400.0
2013-03-03 14:00:00,159600.0
2013-03-03 15:00:00,152000.0
2013-03-03 16:00:00,175400.0
2013-03-03 17:00:00,165400.0
2013-03-03 18:00:00,173800.0
2013-03-03 19:00:00,194600.0
2013-03-03 20:00:00,170700.0
2013-03-03 21:00:00,183900.0
2013-03-03 22:00:00,188800.0
2013-03-03 23:00:00,129400.0
2013-03-04 00:00:00,100000.0
2013-03-04 01:00:00,56600.0
2013-03-04 02:00:00,53600.0
2013-03-04 03:00:00,51400.0
2013-03-04 04:00:00,50100.0
2013-03-04 05:00:00,46400.0
2013-03-04 06:00:00,45200.0
2013-03-04 07:00:00,40700.0
2013-03-04 08:00:00,42000.0
2013-03-04 09:00:00,90000.0
2013-03-04 10:00:00,150900.0
2013-03-04 11:00:00,154300.0
2013-03-04 12:00:00,155100.0
2013-03-04 13:00:00,168000.0
2013-03-04 14:00:00,159100.0
2013-03-04 15:00:00,161500.0
2013-03-04 16:00:00,155800.0
2013-03-04 17:00:00,170300.0
2013-03-04 18:00:00,174000.0
2013-03-04 19:00:00,178900.0
2013-03-04 20:00:00,195900.0
2013-03-04 21:00:00,173300.0
2013-03-04 22:00:00,186900.0
2013-03-04 23:00:00,122900.0
2013-03-05 00:00:00,97900.0
2013-03-05 01:00:00,54700.0
2013-03-05 02:00:00,52900.0
2013-03-05 03:00:00,51600.0
2013-03-05 04:00:00,50100.0
2013-03-05 05:00:00,46900.0
2013-03-05 06:00:00,45100.0
2013-03-05 07:00:00,47800.0
2013-03-05 08:00:00,55700.0
2013-03-05 09:00:00,88500.0
2013-03-05 10:00:00,146300.0
2013-03-05 11:00:00,149700.0
2013-03-05 12:00:00,168100.0
2013-03-05 13:00:00,164800.0
2013-03-05 14:00:00,156000.0
2013-03-05 15:00:00,164400.0
2013-03-05 16:00:00,151100.0
2013-03-05 17:00:00,178100.0
2013-03-05 18:00:00,175800.0
2013-03-05 19:00:00,175200.0
2013-03-05 20:00:00,190600.0
2013-03-05 21:00:00,187300.0
2013-03-05 22:00:00,186400.0
2013-03-05 23:00:00,124500.0
2013-03-06 00:00:00,100000.0
2013-03-06 01:00:00,57700.0
2013-03-06 02:00:00,53600.0
2013-03-06 03:00:00,51200.0
2013-03-06 04:00:00,50600.0
2013-03-06 05:00:00,47200.0
2013-03-06 06:00:00,45600.0
2013-03-06 07:00:00,49100.0
2013-03-06 08:00:00,56100.0
2013-03-06 09:00:00,87600.0
2013-03-06 10:00:00,148500.0
2013-03-06 11:00:00,144800.0
2013-03-06 12:00:00,171700.0
2013-03-06 13:00:00,169400.0
2013-03-06 14:00:00,155700.0
2013-03-06 15:00:00,168900.0
2013-03-06 16:00:00,160400.0
2013-03-06 17:00:00,172100.0
2013-03-06 18:00:00,179500.0
2013-03-06 19:00:00,173500.0
2013-03-06 20:00:00,193300.0
2013-03-06 21:00:00,187200.0
2013-03-06 22:00:00,183100.0
2013-03-06 23:00:00,124900.0
2013-03-07 00:00:00,101500.0
2013-03-07 01:00:00,58800.0
2013-03-07 02:00:00,55600.0
2013-03-07 03:00:00,53300.0
2013-03-07 04:00:00,53000.0
2013-03-07 05:00:00,48600.0
2013-03-07 06:00:00,47900.0
2013-03-07 07:00:00,48400.0
2013-03-07 08:00:00,55900.0
2013-03-07 09:00:00,89000.0
2013-03-07 10:00:00,154200.0
2013-03-07 11:00:00,155500.0
2013-03-07 12:00:00,173400.0
2013-03-07 13:00:00,170600.0
2013-03-07 14:00:00,168600.0
2013-03-07 15:00:00,170100.0
2013-03-07 16:00:00,158900.0
2013-03-07 17:00:00,167900.0
2013-03-07 18:00:00,177400.0
2013-03-07 19:00:00,185300.0
2013-03-07 20:00:00,185600.0
2013-03-07 21:00:00,179400.0
2013-03-07 22:00:00,191300.0
2013-03-07 23:00:00,124400.0
2013-03-08 00:00:00,100300.0
2013-03-08 01:00:00,56500.0
2013-03-08 02:00:00,53900.0
2013-03-08 03:00:00,52200.0
2013-03-08 04:00:00,51200.0
2013-03-08 05:00:00,46900.0
2013-03-08 06:00:00,46000.0
2013-03-08 07:00:00,48300.0
2013-03-08 08:00:00,56200.0
2013-03-08 09:00:00,88900.0
2013-03-08 10:00:00,148200.0
2013-03-08 11:00:00,151100.0
2013-03-08 12:00:00,176200.0
2013-03-08 13:00:00,171300.0
2013-03-08 14:00:00,160100.0
2013-03-08 15:00:00,156100.0
2013-03-08 16:00:00,153700.0
2013-03-08 17:00:00,166300.0
2013-03-08 18:00:00,172900.0
2013-03-08 19:00:00,173000.0
2013-03-08 20:00:00,184000.0
2013-03-08 21:00:00,183900.0
2013-03-08 22:00:00,183300.0
2013-03-08 23:00:00,126400.0
2013-03-09 00:00:00,108600.0
2013-03-09 01:00:00,89200.0
2013-03-09 02:00:00,78200.0
2013-03-09 03:00:00,61600.0
2013-03-09 04:00:00,48700.0
2013-03-09 05:00:00,45600.0
2013-03-09 06:00:00,43900.0
2013-03-09 07:00:00,45900.0
2013-03-09 08:00:00,53100.0
2013-03-09 09:00:00,105300.0
2013-03-09 10:00:00,141000.0
2013-03-09 11:00:00,165900.0
2013-03-09 12:00:00,161300.0
2013-03-09 13:00:00,162300.0
2013-03-09 14:00:00,173300.0
2013-03-09 15:00:00,161400.0
2013-03-09 16:00:00,165000.0
2013-03-09 17:00:00,173400.0
2013-03-09 18:00:00,149800.0
2013-03-09 19:00:00,195200.0
2013-03-09 20:00:00,183200.0
2013-03-09 21:00:00,176700.0
2013-03-09 22:00:00,188900.0
2013-03-09 23:00:00,129900.0
2013-03-10 00:00:00,107800.0
2013-03-10 01:00:00,88100.0
2013-03-10 02:00:00,84700.0
2013-03-10 03:00:00,76600.0
2013-03-10 04:00:00,46600.0
2013-03-10 05:00:00,44600.0
2013-03-10 06:00:00,44400.0
2013-03-10 07:00:00,45700.0
2013-03-10 08:00:00,51800.0
2013-03-10 09:00:00,98300.0
2013-03-10 10:00:00,140400.0
2013-03-10 11:00:00,167400.0
2013-03-10 12:00:00,157700.0
2013-03-10 13:00:00,159100.0
2013-03-10 14:00:00,171500.0
2013-03-10 15:00:00,155800.0
2013-03-10 16:00:00,167200.0
2013-03-10 17:00:00,170500.0
2013-03-10 18:00:00,151900.0
2013-03-10 19:00:00,180300.0
2013-03-10 20:00:00,179300.0
2013-03-10 21:00:00,179600.0
2013-03-10 22:00:00,179400.0
2013-03-10 23:00:00,125900.0
2013-03-11 00:00:00,98100.0
2013-03-11 01:00:00,54800.0
2013-03-11 02:00:00,52200.0
2013-03-11 03:00:00,49400.0
2013-03-11 04:00:00,47600.0
2013-03-11 05:00:00,44700.0
2013-03-11 06:00:00,43800.0
2013-03-11 07:00:00,45500.0
2013-03-11 08:00:00,52100.0
2013-03-11 09:00:00,86200.0
2013-03-11 10:00:00,145100.0
2013-03-11 11:00:00,158700.0
2013-03-11 12:00:00,165600.0
2013-03-11 13:00:00,166600.0
2013-03-11 14:00:00,160000.0
2013-03-11 15:00:00,167000.0
2013-03-11 16:00:00,158800.0
2013-03-11 17:00:00,167800.0
2013-03-11 18:00:00,168500.0
2013-03-11 19:00:00,170200.0
2013-03-11 20:00:00,187300.0
2013-03-11 21:00:00,178600.0
2013-03-11 22:00:00,178300.0
2013-03-11 23:00:00,124600.0
2013-03-12 00:00:00,98600.0
2013-03-12 01:00:00,55000.0
2013-03-12 02:00:00,51800.0
2013-03-12 03:00:00,49500.0
2013-03-12 04:00:00,49800.0
2013-03-12 05:00:00,47800.0
2013-03-12 06:00:00,45600.0
2013-03-12 07:00:00,48300.0
2013-03-12 08:00:00,54300.0
2013-03-12 09:00:00,87600.0
2013-03-12 10:00:00,152400.0
2013-03-12 11:00:00,155600.0
2013-03-12 12:00:00,169200.0
2013-03-12 13:00:00,170500.0
2013-03-12 14:00:00,163400.0
2013-03-12 15:00:00,176700.0
2013-03-12 16:00:00,155700.0
2013-03-12 17:00:00,153500.0
2013-03-12 18:00:00,173100.0
2013-03-12 19:00:00,171000.0
2013-03-12 20:00:00,174900.0
2013-03-12 21:00:00,182100.0
2013-03-12 22:00:00,163900.0
2013-03-12 23:00:00,123300.0
2013-03-13 00:00:00,98900.0
2013-03-13 01:00:00,57300.0
2013-03-13 02:00:00,52400.0
2013-03-13 03:00:00,50800.0
2013-03-13 04:00:00,50000.0
2013-03-13 05:00:00,47700.0
2013-03-13 06:00:00,46400.0
2013-03-13 07:00:00,47000.0
2013-03-13 08:00:00,51800.0
2013-03-13 09:00:00,86000.0
2013-03-13 10:00:00,142200.0
2013-03-13 11:00:00,141100.0
2013-03-13 12:00:00,169200.0
2013-03-13 13:00:00,163000.0
2013-03-13 14:00:00,165000.0
2013-03-13 15:00:00,160500.0
2013-03-13 16:00:00,151200.0
2013-03-13 17:00:00,158700.0
2013-03-13 18:00:00,163600.0
2013-03-13 19:00:00,180400.0
2013-03-13 20:00:00,179800.0
2013-03-13 21:00:00,169700.0
2013-03-13 22:00:00,175100.0
2013-03-13 23:00:00,123500.0
2013-03-14 00:00:00,99700.0
2013-03-14 01:00:00,55900.0
2013-03-14 02:00:00,52200.0
2013-03-14 03:00:00,51000.0
2013-03-14 04:00:00,50500.0
2013-03-14 05:00:00,47000.0
2013-03-14 06:00:00,44900.0
2013-03-14 07:00:00,48700.0
2013-03-14 08:00:00,54900.0
2013-03-14 09:00:00,89300.0
2013-03-14 10:00:00,133900.0
2013-03-14 11:00:00,155800.0
2013-03-14 12:00:00,172900.0
2013-03-14 13:00:00,164900.0
2013-03-14 14:00:00,167800.0
2013-03-14 15:00:00,172500.0
2013-03-14 16:00:00,142100.0
2013-03-14 17:00:00,172200.0
2013-03-14 18:00:00,164200.0
2013-03-14 19:00:00,178300.0
2013-03-14 20:00:00,186900.0
2013-03-14 21:00:00,178000.0
2013-03-14 22:00:00,183100.0
2013-03-14 23:00:00,125900.0
2013-03-15 00:00:00,99800.0
2013-03-15 01:00:00,56500.0
2013-03-15 02:00:00,53900.0
2013-03-15 03:00:00,52300.0
2013-03-15 04:00:00,50500.0
2013-03-15 05:00:00,47900.0
2013-03-15 06:00:00,46600.0
2013-03-15 07:00:00,47100.0
2013-03-15 08:00:00,55700.0
2013-03-15 09:00:00,90000.0
2013-03-15 10:00:00,144400.0
2013-03-15 11:00:00,141800.0
2013-03-15 12:00:00,156200.0
2013-03-15 13:00:00,158500.0
2013-03-15 14:00:00,146400.0
2013-03-15 15:00:00,156000.0
2013-03-15 16:00:00,143500.0
2013-03-15 17:00:00,158900.0
2013-03-15 18:00:00,156700.0
2013-03-15 19:00:00,175800.0
2013-03-15 20:00:00,182100.0
2013-03-15 21:00:00,169800.0
2013-03-15 22:00:00,175500.0
2013-03-15 23:00:00,125800.0
2013-03-16 00:00:00,109000.0
2013-03-16 01:00:00,91800.0
2013-03-16 02:00:00,79700.0
2013-03-16 03:00:00,61700.0
2013-03-16 04:00:00,49500.0
2013-03-16 05:00:00,46800.0
2013-03-16 06:00:00,46100.0
2013-03-16 07:00:00,46500.0
2013-03-16 08:00:00,53800.0
2013-03-16 09:00:00,105200.0
2013-03-16 10:00:00,142100.0
2013-03-16 11:00:00,171300.0
2013-03-16 12:00:00,153200.0
2013-03-16 13:00:00,159000.0
2013-03-16 14:00:00,163700.0
2013-03-16 15:00:00,156300.0
2013-03-16 16:00:00,176100.0
2013-03-16 17:00:00,163200.0
2013-03-16 18:00:00,171200.0
2013-03-16 19:00:00,190900.0
2013-03-16 20:00:00,175700.0
2013-03-16 21:00:00,194900.0
2013-03-16 22:00:00,188000.0
2013-03-16 23:00:00,129200.0
2013-03-17 00:00:00,108400.0
2013-03-17 01:00:00,89000.0
2013-03-17 02:00:00,88200.0
2013-03-17 03:00:00,78500.0
2013-03-17 04:00:00,49000.0
2013-03-17 05:00:00,47400.0
2013-03-17 06:00:00,46600.0
2013-03-17 07:00:00,48300.0
2013-03-17 08:00:00,55200.0
2013-03-17 09:00:00,105800.0
2013-03-17 10:00:00,144600.0
2013-03-17 11:00:00,174800.0
2013-03-17 12:00:00,168600.0
2013-03-17 13:00:00,167900.0
2013-03-17 14:00:00,167400.0
2013-03-17 15:00:00,154800.0
2013-03-17 16:00:00,166600.0
2013-03-17 17:00:00,170900.0
2013-03-17 18:00:00,157300.0
2013-03-17 19:00:00,186200.0
2013-03-17 20:00:00,185100.0
2013-03-17 21:00:00,181700.0
2013-03-17 22:00:00,179000.0
2013-03-17 23:00:00,127500.0
2013-03-18 00:00:00,98800.0
2013-03-18 01:00:00,55400.0
2013-03-18 02:00:00,52200.0
2013-03-18 03:00:00,49500.0
2013-03-18 04:00:00,48000.0
2013-03-18 05:00:00,44300.0
2013-03-18 06:00:00,44400.0
2013-03-18 07:00:00,45300.0
2013-03-18 08:00:00,54100.0
2013-03-18 09:00:00,87200.0
2013-03-18 10:00:00,138200.0
2013-03-18 11:00:00,169500.0
2013-03-18 12:00:00,164100.0
2013-03-18 13:00:00,167900.0
2013-03-18 14:00:00,171800.0
2013-03-18 15:00:00,172400.0
2013-03-18 16:00:00,153700.0
2013-03-18 17:00:00,184300.0
2013-03-18 18:00:00,158300.0
2013-03-18 19:00:00,179800.0
2013-03-18 20:00:00,184500.0
2013-03-18 21:00:00,173400.0
2013-03-18 22:00:00,180900.0
2013-03-18 23:00:00,124300.0
2013-03-19 00:00:00,101600.0
2013-03-19 01:00:00,57800.0
2013-03-19 02:00:00,52500.0
2013-03-19 03:00:00,50200.0
2013-03-19 04:00:00,49000.0
2013-03-19 05:00:00,46800.0
2013-03-19 06:00:00,46100.0
2013-03-19 07:00:00,47400.0
2013-03-19 08:00:00,54800.0
2013-03-19 09:00:00,89200.0
2013-03-19 10:00:00,151500.0
2013-03-19 11:00:00,153400.0
2013-03-19 12:00:00,174700.0
2013-03-19 13:00:00,171000.0
2013-03-19 14:00:00,163200.0
2013-03-19 15:00:00,175500.0
2013-03-19 16:00:00,152700.0
2013-03-19 17:00:00,170500.0
2013-03-19 18:00:00,177100.0
2013-03-19 19:00:00,179200.0
2013-03-19 20:00:00,191700.0
2013-03-19 21:00:00,182400.0
2013-03-19 22:00:00,190500.0
2013-03-19 23:00:00,126500.0
2013-03-20 00:00:00,101700.0
2013-03-20 01:00:00,58400.0
2013-03-20 02:00:00,59500.0
2013-03-20 03:00:00,51100.0
2013-03-20 04:00:00,49500.0
2013-03-20 05:00:00,49700.0
2013-03-20 06:00:00,46300.0
2013-03-20 07:00:00,46100.0
2013-03-20 08:00:00,56200.0
2013-03-20 09:00:00,93300.0
2013-03-20 10:00:00,157200.0
2013-03-20 11:00:00,153400.0
2013-03-20 12:00:00,182300.0
2013-03-20 13:00:00,172000.0
2013-03-20 14:00:00,184600.0
2013-03-20 15:00:00,177000.0
2013-03-20 16:00:00,170900.0
2013-03-20 17:00:00,173600.0
2013-03-20 18:00:00,174200.0
2013-03-20 19:00:00,186300.0
2013-03-20 20:00:00,192200.0
2013-03-20 21:00:00,179500.0
2013-03-20 22:00:00,193800.0
2013-03-20 23:00:00,124800.0
2013-03-21 00:00:00,105700.0
2013-03-21 01:00:00,57600.0
2013-03-21 02:00:00,57300.0
2013-03-21 03:00:00,49600.0
2013-03-21 04:00:00,49700.0
2013-03-21 05:00:00,47100.0
2013-03-21 06:00:00,46400.0
2013-03-21 07:00:00,46900.0
2013-03-21 08:00:00,54800.0
2013-03-21 09:00:00,90100.0
2013-03-21 10:00:00,153800.0
2013-03-21 11:00:00,155000.0
2013-03-21 12:00:00,176300.0
2013-03-21 13:00:00,170800.0
2013-03-21 14:00:00,171200.0
2013-03-21 15:00:00,177200.0
2013-03-21 16:00:00,163500.0
2013-03-21 17:00:00,173700.0
2013-03-21 18:00:00,169000.0
2013-03-21 19:00:00,179800.0
2013-03-21 20:00:00,201600.0
2013-03-21 21:00:00,181100.0
2013-03-21 22:00:00,190500.0
2013-03-21 23:00:00,126300.0
2013-03-22 00:00:00,98800.0
2013-03-22 01:00:00,56700.0
2013-03-22 02:00:00,53700.0
2013-03-22 03:00:00,50300.0
2013-03-22 04:00:00,49600.0
2013-03-22 05:00:00,47300.0
2013-03-22 06:00:00,45800.0
2013-03-22 07:00:00,47500.0
2013-03-22 08:00:00,55900.0
2013-03-22 09:00:00,89800.0
2013-03-22 10:00:00,159900.0
2013-03-22 11:00:00,164100.0
2013-03-22 12:00:00,183100.0
2013-03-22 13:00:00,170200.0
2013-03-22 14:00:00,170000.0
2013-03-22 15:00:00,184400.0
2013-03-22 16:00:00,168500.0
2013-03-22 17:00:00,178400.0
2013-03-22 18:00:00,172600.0
2013-03-22 19:00:00,188400.0
2013-03-22 20:00:00,200600.0
2013-03-22 21:00:00,182500.0
2013-03-22 22:00:00,199400.0
2013-03-22 23:00:00,129700.0
2013-03-23 00:00:00,111500.0
2013-03-23 01:00:00,92700.0
2013-03-23 02:00:00,80200.0
2013-03-23 03:00:00,60400.0
2013-03-23 04:00:00,48300.0
2013-03-23 05:00:00,45600.0
2013-03-23 06:00:00,44600.0
2013-03-23 07:00:00,46100.0
2013-03-23 08:00:00,52400.0
2013-03-23 09:00:00,107500.0
2013-03-23 10:00:00,141400.0
2013-03-23 11:00:00,161400.0
2013-03-23 12:00:00,154000.0
2013-03-23 13:00:00,166900.0
2013-03-23 14:00:00,161200.0
2013-03-23 15:00:00,158300.0
2013-03-23 16:00:00,176900.0
2013-03-23 17:00:00,177000.0
2013-03-23 18:00:00,157400.0
2013-03-23 19:00:00,191000.0
2013-03-23 20:00:00,178300.0
2013-03-23 21:00:00,187400.0
2013-03-23 22:00:00,192700.0
2013-03-23 23:00:00,130600.0
2013-03-24 00:00:00,110000.0
2013-03-24 01:00:00,90300.0
2013-03-24 02:00:00,87800.0
2013-03-24 03:00:00,77300.0
2013-03-24 04:00:00,47300.0
2013-03-24 05:00:00,46000.0
2013-03-24 06:00:00,46300.0
2013-03-24 07:00:00,46200.0
2013-03-24 08:00:00,54000.0
2013-03-24 09:00:00,101200.0
2013-03-24 10:00:00,140600.0
2013-03-24 11:00:00,174400.0
2013-03-24 12:00:00,161300.0
2013-03-24 13:00:00,170600.0
2013-03-24 14:00:00,169400.0
2013-03-24 15:00:00,161200.0
2013-03-24 16:00:00,185200.0
2013-03-24 17:00:00,177400.0
2013-03-24 18:00:00,158800.0
2013-03-24 19:00:00,188600.0
2013-03-24 20:00:00,180500.0
2013-03-24 21:00:00,185700.0
2013-03-24 22:00:00,185400.0
2013-03-24 23:00:00,126400.0
2013-03-25 00:00:00,97500.0
2013-03-25 01:00:00,55100.0
2013-03-25 02:00:00,51300.0
2013-03-25 03:00:00,49100.0
2013-03-25 04:00:00,47900.0
2013-03-25 05:00:00,45700.0
2013-03-25 06:00:00,44500.0
2013-03-25 07:00:00,45500.0
2013-03-25 08:00:00,57100.0
2013-03-25 09:00:00,88100.0
2013-03-25 10:00:00,147300.0
2013-03-25 11:00:00,164500.0
2013-03-25 12:00:00,176700.0
2013-03-25 13:00:00,173600.0
2013-03-25 14:00:00,170700.0
2013-03-25 15:00:00,179100.0
2013-03-25 16:00:00,168000.0
2013-03-25 17:00:00,174900.0
2013-03-25 18:00:00,175100.0
2013-03-25 19:00:00,184400.0
2013-03-25 20:00:00,193600.0
2013-03-25 21:00:00,188100.0
2013-03-25 22:00:00,190900.0
2013-03-25 23:00:00,124500.0
2013-03-26 00:00:00,101300.0
2013-03-26 01:00:00,57500.0
2013-03-26 02:00:00,53500.0
2013-03-26 03:00:00,51700.0
2013-03-26 04:00:00,51200.0
2013-03-26 05:00:00,47600.0
2013-03-26 06:00:00,46600.0
2013-03-26 07:00:00,47000.0
2013-03-26 08:00:00,54800.0
2013-03-26 09:00:00,90400.0
2013-03-26 10:00:00,163800.0
2013-03-26 11:00:00,169100.0
2013-03-26 12:00:00,193100.0
2013-03-26 13:00:00,190000.0
2013-03-26 14:00:00,179100.0
2013-03-26 15:00:00,186300.0
2013-03-26 16:00:00,172000.0
2013-03-26 17:00:00,180300.0
2013-03-26 18:00:00,202700.0
2013-03-26 19:00:00,197500.0
2013-03-26 20:00:00,197000.0
2013-03-26 21:00:00,192200.0
2013-03-26 22:00:00,199600.0
2013-03-26 23:00:00,128100.0
2013-03-27 00:00:00,102000.0
2013-03-27 01:00:00,58700.0
2013-03-27 02:00:00,54500.0
2013-03-27 03:00:00,53700.0
2013-03-27 04:00:00,53000.0
2013-03-27 05:00:00,49800.0
2013-03-27 06:00:00,47800.0
2013-03-27 07:00:00,47200.0
2013-03-27 08:00:00,56700.0
2013-03-27 09:00:00,90900.0
2013-03-27 10:00:00,159500.0
2013-03-27 11:00:00,168500.0
2013-03-27 12:00:00,194800.0
2013-03-27 13:00:00,191300.0
2013-03-27 14:00:00,182800.0
2013-03-27 15:00:00,190200.0
2013-03-27 16:00:00,176700.0
2013-03-27 17:00:00,175900.0
2013-03-27 18:00:00,187000.0
2013-03-27 19:00:00,198400.0
2013-03-27 20:00:00,211500.0
2013-03-27 21:00:00,195800.0
2013-03-27 22:00:00,208800.0
2013-03-27 23:00:00,130400.0
2013-03-28 00:00:00,101400.0
2013-03-28 01:00:00,63300.0
2013-03-28 02:00:00,63600.0
2013-03-28 03:00:00,57800.0
2013-03-28 04:00:00,52000.0
2013-03-28 05:00:00,49400.0
2013-03-28 06:00:00,47100.0
2013-03-28 07:00:00,46300.0
2013-03-28 08:00:00,54300.0
2013-03-28 09:00:00,90900.0
2013-03-28 10:00:00,161300.0
2013-03-28 11:00:00,168600.0
2013-03-28 12:00:00,191700.0
2013-03-28 13:00:00,189000.0
2013-03-28 14:00:00,183400.0
2013-03-28 15:00:00,192800.0
2013-03-28 16:00:00,182300.0
2013-03-28 17:00:00,183700.0
2013-03-28 18:00:00,184000.0
2013-03-28 19:00:00,204400.0
2013-03-28 20:00:00,212300.0
2013-03-28 21:00:00,198800.0
2013-03-28 22:00:00,203300.0
2013-03-28 23:00:00,130600.0
2013-03-29 00:00:00,104500.0
2013-03-29 01:00:00,63200.0
2013-03-29 02:00:00,58100.0
2013-03-29 03:00:00,55700.0
2013-03-29 04:00:00,53700.0
2013-03-29 05:00:00,51500.0
2013-03-29 06:00:00,49700.0
2013-03-29 07:00:00,50500.0
2013-03-29 08:00:00,56500.0
2013-03-29 09:00:00,90800.0
2013-03-29 10:00:00,159300.0
2013-03-29 11:00:00,158300.0
2013-03-29 12:00:00,189500.0
2013-03-29 13:00:00,183200.0
2013-03-29 14:00:00,178100.0
2013-03-29 15:00:00,191000.0
2013-03-29 16:00:00,186200.0
2013-03-29 17:00:00,196900.0
2013-03-29 18:00:00,212300.0
2013-03-29 19:00:00,205300.0
2013-03-29 20:00:00,221400.0
2013-03-29 21:00:00,202100.0
2013-03-29 22:00:00,206600.0
2013-03-29 23:00:00,127000.0
2013-03-30 00:00:00,110100.0
2013-03-30 01:00:00,91500.0
2013-03-30 02:00:00,79300.0
2013-03-30 03:00:00,62800.0
2013-03-30 04:00:00,50000.0
2013-03-30 05:00:00,47600.0
2013-03-30 06:00:00,47800.0
2013-03-30 07:00:00,47100.0
2013-03-30 08:00:00,55000.0
2013-03-30 09:00:00,108100.0
2013-03-30 10:00:00,151100.0
2013-03-30 11:00:00,186000.0
2013-03-30 12:00:00,179300.0
2013-03-30 13:00:00,182700.0
2013-03-30 14:00:00,184200.0
2013-03-30 15:00:00,159500.0
2013-03-30 16:00:00,196500.0
2013-03-30 17:00:00,192800.0
2013-03-30 18:00:00,175200.0
2013-03-30 19:00:00,199300.0
2013-03-30 20:00:00,192900.0
2013-03-30 21:00:00,204000.0
2013-03-30 22:00:00,194000.0
2013-03-30 23:00:00,130600.0
2013-03-31 00:00:00,107400.0
2013-03-31 01:00:00,0.0
2013-03-31 02:00:00,87700.0
2013-03-31 03:00:00,76600.0
2013-03-31 04:00:00,46800.0
2013-03-31 05:00:00,45400.0
2013-03-31 06:00:00,44700.0
2013-03-31 07:00:00,45900.0
2013-03-31 08:00:00,53600.0
2013-03-31 09:00:00,103000.0
2013-03-31 10:00:00,150300.0
2013-03-31 11:00:00,178100.0
2013-03-31 12:00:00,176700.0
2013-03-31 13:00:00,178100.0
2013-03-31 14:00:00,174000.0
2013-03-31 15:00:00,169500.0
2013-03-31 16:00:00,184200.0
2013-03-31 17:00:00,173000.0
2013-03-31 18:00:00,170200.0
2013-03-31 19:00:00,199900.0
2013-03-31 20:00:00,176800.0
2013-03-31 21:00:00,194200.0
2013-03-31 22:00:00,194400.0
2013-03-31 23:00:00,123400.0
2013-04-01 00:00:00,98400.0
2013-04-01 01:00:00,55000.0
2013-04-01 02:00:00,50700.0
2013-04-01 03:00:00,49500.0
2013-04-01 04:00:00,48300.0
2013-04-01 05:00:00,46600.0
2013-04-01 06:00:00,44400.0
2013-04-01 07:00:00,42000.0
2013-04-01 08:00:00,33300.0
2013-04-01 09:00:00,81700.0
2013-04-01 10:00:00,100100.0
2013-04-01 11:00:00,103200.0
2013-04-01 12:00:00,105000.0
2013-04-01 13:00:00,129000.0
2013-04-01 14:00:00,126900.0
2013-04-01 15:00:00,136700.0
2013-04-01 16:00:00,197200.0
2013-04-01 17:00:00,148100.0
2013-04-01 18:00:00,139800.0
2013-04-01 19:00:00,136200.0
2013-04-01 20:00:00,138300.0
2013-04-01 21:00:00,151000.0
2013-04-01 22:00:00,140800.0
2013-04-01 23:00:00,133500.0
2013-04-02 00:00:00,107200.0
2013-04-02 01:00:00,69700.0
2013-04-02 02:00:00,65800.0
2013-04-02 03:00:00,59600.0
2013-04-02 04:00:00,50000.0
2013-04-02 05:00:00,43600.0
2013-04-02 06:00:00,43400.0
2013-04-02 07:00:00,45800.0
2013-04-02 08:00:00,56000.0
2013-04-02 09:00:00,88100.0
2013-04-02 10:00:00,123300.0
2013-04-02 11:00:00,162900.0
2013-04-02 12:00:00,189700.0
2013-04-02 13:00:00,181600.0
2013-04-02 14:00:00,170600.0
2013-04-02 15:00:00,182200.0
2013-04-02 16:00:00,181700.0
2013-04-02 17:00:00,176800.0
2013-04-02 18:00:00,175500.0
2013-04-02 19:00:00,171900.0
2013-04-02 20:00:00,201600.0
2013-04-02 21:00:00,198700.0
2013-04-02 22:00:00,198800.0
2013-04-02 23:00:00,129800.0
2013-04-03 00:00:00,102200.0
2013-04-03 01:00:00,59500.0
2013-04-03 02:00:00,54200.0
2013-04-03 03:00:00,50900.0
2013-04-03 04:00:00,50800.0
2013-04-03 05:00:00,49000.0
2013-04-03 06:00:00,46900.0
2013-04-03 07:00:00,48400.0
2013-04-03 08:00:00,55700.0
2013-04-03 09:00:00,90400.0
2013-04-03 10:00:00,143300.0
2013-04-03 11:00:00,163900.0
2013-04-03 12:00:00,169900.0
2013-04-03 13:00:00,171100.0
2013-04-03 14:00:00,166900.0
2013-04-03 15:00:00,165100.0
2013-04-03 16:00:00,173100.0
2013-04-03 17:00:00,158800.0
2013-04-03 18:00:00,164900.0
2013-04-03 19:00:00,169600.0
2013-04-03 20:00:00,179800.0
2013-04-03 21:00:00,182500.0
2013-04-03 22:00:00,190500.0
2013-04-03 23:00:00,128100.0
2013-04-04 00:00:00,103200.0
2013-04-04 01:00:00,60100.0
2013-04-04 02:00:00,56000.0
2013-04-04 03:00:00,53800.0
2013-04-04 04:00:00,53000.0
2013-04-04 05:00:00,50000.0
2013-04-04 06:00:00,47600.0
2013-04-04 07:00:00,49200.0
2013-04-04 08:00:00,56000.0
2013-04-04 09:00:00,89400.0
2013-04-04 10:00:00,200900.0
2013-04-04 11:00:00,183300.0
2013-04-04 12:00:00,174600.0
2013-04-04 13:00:00,173700.0
2013-04-04 14:00:00,173400.0
2013-04-04 15:00:00,164900.0
2013-04-04 16:00:00,171700.0
2013-04-04 17:00:00,163500.0
2013-04-04 18:00:00,170500.0
2013-04-04 19:00:00,160800.0
2013-04-04 20:00:00,182000.0
2013-04-04 21:00:00,187300.0
2013-04-04 22:00:00,180900.0
2013-04-04 23:00:00,128600.0
2013-04-05 00:00:00,103700.0
2013-04-05 01:00:00,62500.0
2013-04-05 02:00:00,57500.0
2013-04-05 03:00:00,57000.0
2013-04-05 04:00:00,54800.0
2013-04-05 05:00:00,52800.0
2013-04-05 06:00:00,50900.0
2013-04-05 07:00:00,50700.0
2013-04-05 08:00:00,57900.0
2013-04-05 09:00:00,92800.0
2013-04-05 10:00:00,143900.0
2013-04-05 11:00:00,156500.0
2013-04-05 12:00:00,196700.0
2013-04-05 13:00:00,217800.0
2013-04-05 14:00:00,176700.0
2013-04-05 15:00:00,181800.0
2013-04-05 16:00:00,179100.0
2013-04-05 17:00:00,167400.0
2013-04-05 18:00:00,168700.0
2013-04-05 19:00:00,177600.0
2013-04-05 20:00:00,185000.0
2013-04-05 21:00:00,185700.0
2013-04-05 22:00:00,190400.0
2013-04-05 23:00:00,139300.0
2013-04-06 00:00:00,120400.0
2013-04-06 01:00:00,101300.0
2013-04-06 02:00:00,89700.0
2013-04-06 03:00:00,70100.0
2013-04-06 04:00:00,60200.0
2013-04-06 05:00:00,56800.0
2013-04-06 06:00:00,55200.0
2013-04-06 07:00:00,54000.0
2013-04-06 08:00:00,62100.0
2013-04-06 09:00:00,101500.0
2013-04-06 10:00:00,149800.0
2013-04-06 11:00:00,167500.0
2013-04-06 12:00:00,164700.0
2013-04-06 13:00:00,175800.0
2013-04-06 14:00:00,168800.0
2013-04-06 15:00:00,173800.0
2013-04-06 16:00:00,177300.0
2013-04-06 17:00:00,179400.0
2013-04-06 18:00:00,168000.0
2013-04-06 19:00:00,177500.0
2013-04-06 20:00:00,180500.0
2013-04-06 21:00:00,185700.0
2013-04-06 22:00:00,192900.0
2013-04-06 23:00:00,143700.0
2013-04-07 00:00:00,116000.0
2013-04-07 01:00:00,98900.0
2013-04-07 02:00:00,96400.0
2013-04-07 03:00:00,84900.0
2013-04-07 04:00:00,56900.0
2013-04-07 05:00:00,56200.0
2013-04-07 06:00:00,52300.0
2013-04-07 07:00:00,54400.0
2013-04-07 08:00:00,64400.0
2013-04-07 09:00:00,100300.0
2013-04-07 10:00:00,148200.0
2013-04-07 11:00:00,165700.0
2013-04-07 12:00:00,158500.0
2013-04-07 13:00:00,168400.0
2013-04-07 14:00:00,172700.0
2013-04-07 15:00:00,176100.0
2013-04-07 16:00:00,174600.0
2013-04-07 17:00:00,178200.0
2013-04-07 18:00:00,169600.0
2013-04-07 19:00:00,179200.0
2013-04-07 20:00:00,175700.0
2013-04-07 21:00:00,192800.0
2013-04-07 22:00:00,191900.0
2013-04-07 23:00:00,133500.0
2013-04-08 00:00:00,106800.0
2013-04-08 01:00:00,64900.0
2013-04-08 02:00:00,59900.0
2013-04-08 03:00:00,54500.0
2013-04-08 04:00:00,55600.0
2013-04-08 05:00:00,53500.0
2013-04-08 06:00:00,50900.0
2013-04-08 07:00:00,53900.0
2013-04-08 08:00:00,62300.0
2013-04-08 09:00:00,96400.0
2013-04-08 10:00:00,146700.0
2013-04-08 11:00:00,173900.0
2013-04-08 12:00:00,176100.0
2013-04-08 13:00:00,173400.0
2013-04-08 14:00:00,180000.0
2013-04-08 15:00:00,180200.0
2013-04-08 16:00:00,185700.0
2013-04-08 17:00:00,187200.0
2013-04-08 18:00:00,173500.0
2013-04-08 19:00:00,180000.0
2013-04-08 20:00:00,198800.0
2013-04-08 21:00:00,197700.0
2013-04-08 22:00:00,191300.0
2013-04-08 23:00:00,143700.0
2013-04-09 00:00:00,134100.0
2013-04-09 01:00:00,87200.0
2013-04-09 02:00:00,62900.0
2013-04-09 03:00:00,55300.0
2013-04-09 04:00:00,53800.0
2013-04-09 05:00:00,51900.0
2013-04-09 06:00:00,52800.0
2013-04-09 07:00:00,54400.0
2013-04-09 08:00:00,57700.0
2013-04-09 09:00:00,92200.0
2013-04-09 10:00:00,145500.0
2013-04-09 11:00:00,157500.0
2013-04-09 12:00:00,170100.0
2013-04-09 13:00:00,166000.0
2013-04-09 14:00:00,168700.0
2013-04-09 15:00:00,162100.0
2013-04-09 16:00:00,162200.0
2013-04-09 17:00:00,154400.0
2013-04-09 18:00:00,164800.0
2013-04-09 19:00:00,154100.0
2013-04-09 20:00:00,178800.0
2013-04-09 21:00:00,187000.0
2013-04-09 22:00:00,180500.0
2013-04-09 23:00:00,129600.0
2013-04-10 00:00:00,104700.0
2013-04-10 01:00:00,63800.0
2013-04-10 02:00:00,61300.0
2013-04-10 03:00:00,61400.0
2013-04-10 04:00:00,59000.0
2013-04-10 05:00:00,52700.0
2013-04-10 06:00:00,51100.0
2013-04-10 07:00:00,53800.0
2013-04-10 08:00:00,60500.0
2013-04-10 09:00:00,91500.0
2013-04-10 10:00:00,145200.0
2013-04-10 11:00:00,165300.0
2013-04-10 12:00:00,173200.0
2013-04-10 13:00:00,167200.0
2013-04-10 14:00:00,168500.0
2013-04-10 15:00:00,171700.0
2013-04-10 16:00:00,174100.0
2013-04-10 17:00:00,159700.0
2013-04-10 18:00:00,160500.0
2013-04-10 19:00:00,172800.0
2013-04-10 20:00:00,178500.0
2013-04-10 21:00:00,180700.0
2013-04-10 22:00:00,188700.0
2013-04-10 23:00:00,129500.0
2013-04-11 00:00:00,108400.0
2013-04-11 01:00:00,63700.0
2013-04-11 02:00:00,60500.0
2013-04-11 03:00:00,57800.0
2013-04-11 04:00:00,58500.0
2013-04-11 05:00:00,54400.0
2013-04-11 06:00:00,53200.0
2013-04-11 07:00:00,52600.0
2013-04-11 08:00:00,61900.0
2013-04-11 09:00:00,93900.0
2013-04-11 10:00:00,149200.0
2013-04-11 11:00:00,173400.0
2013-04-11 12:00:00,181500.0
2013-04-11 13:00:00,177100.0
2013-04-11 14:00:00,184700.0
2013-04-11 15:00:00,179300.0
2013-04-11 16:00:00,178800.0
2013-04-11 17:00:00,163200.0
2013-04-11 18:00:00,171900.0
2013-04-11 19:00:00,178600.0
2013-04-11 20:00:00,176300.0
2013-04-11 21:00:00,181200.0
2013-04-11 22:00:00,187200.0
2013-04-11 23:00:00,131600.0
2013-04-12 00:00:00,108800.0
2013-04-12 01:00:00,64500.0
2013-04-12 02:00:00,60900.0
2013-04-12 03:00:00,57800.0
2013-04-12 04:00:00,54400.0
2013-04-12 05:00:00,51700.0
2013-04-12 06:00:00,51200.0
2013-04-12 07:00:00,59700.0
2013-04-12 08:00:00,62000.0
2013-04-12 09:00:00,95600.0
2013-04-12 10:00:00,143400.0
2013-04-12 11:00:00,163000.0
2013-04-12 12:00:00,171300.0
2013-04-12 13:00:00,165900.0
2013-04-12 14:00:00,171300.0
2013-04-12 15:00:00,168400.0
2013-04-12 16:00:00,165700.0
2013-04-12 17:00:00,163500.0
2013-04-12 18:00:00,170300.0
2013-04-12 19:00:00,157200.0
2013-04-12 20:00:00,177200.0
2013-04-12 21:00:00,180600.0
2013-04-12 22:00:00,181100.0
2013-04-12 23:00:00,131100.0
2013-04-13 00:00:00,111700.0
2013-04-13 01:00:00,94100.0
2013-04-13 02:00:00,82900.0
2013-04-13 03:00:00,64700.0
2013-04-13 04:00:00,51500.0
2013-04-13 05:00:00,48400.0
2013-04-13 06:00:00,45700.0
2013-04-13 07:00:00,47000.0
2013-04-13 08:00:00,55200.0
2013-04-13 09:00:00,89200.0
2013-04-13 10:00:00,134700.0
2013-04-13 11:00:00,158800.0
2013-04-13 12:00:00,160900.0
2013-04-13 13:00:00,161800.0
2013-04-13 14:00:00,238700.0
2013-04-13 15:00:00,212000.0
2013-04-13 16:00:00,205200.0
2013-04-13 17:00:00,210800.0
2013-04-13 18:00:00,169100.0
2013-04-13 19:00:00,165700.0
2013-04-13 20:00:00,181400.0
2013-04-13 21:00:00,183100.0
2013-04-13 22:00:00,174100.0
2013-04-13 23:00:00,126500.0
2013-04-14 00:00:00,109500.0
2013-04-14 01:00:00,90200.0
2013-04-14 02:00:00,86400.0
2013-04-14 03:00:00,77500.0
2013-04-14 04:00:00,48800.0
2013-04-14 05:00:00,47200.0
2013-04-14 06:00:00,45400.0
2013-04-14 07:00:00,47500.0
2013-04-14 08:00:00,56800.0
2013-04-14 09:00:00,94200.0
2013-04-14 10:00:00,160500.0
2013-04-14 11:00:00,188900.0
2013-04-14 12:00:00,249400.0
2013-04-14 13:00:00,224500.0
2013-04-14 14:00:00,219000.0
2013-04-14 15:00:00,241300.0
2013-04-14 16:00:00,227000.0
2013-04-14 17:00:00,236500.0
2013-04-14 18:00:00,221200.0
2013-04-14 19:00:00,213200.0
2013-04-14 20:00:00,197300.0
2013-04-14 21:00:00,195300.0
2013-04-14 22:00:00,185700.0
2013-04-14 23:00:00,128700.0
2013-04-15 00:00:00,98000.0
2013-04-15 01:00:00,54900.0
2013-04-15 02:00:00,52300.0
2013-04-15 03:00:00,50400.0
2013-04-15 04:00:00,49800.0
2013-04-15 05:00:00,47400.0
2013-04-15 06:00:00,46700.0
2013-04-15 07:00:00,47200.0
2013-04-15 08:00:00,55800.0
2013-04-15 09:00:00,90200.0
2013-04-15 10:00:00,150700.0
2013-04-15 11:00:00,241700.0
2013-04-15 12:00:00,221200.0
2013-04-15 13:00:00,228200.0
2013-04-15 14:00:00,229200.0
2013-04-15 15:00:00,238200.0
2013-04-15 16:00:00,232600.0
2013-04-15 17:00:00,222400.0
2013-04-15 18:00:00,213500.0
2013-04-15 19:00:00,218900.0
2013-04-15 20:00:00,211300.0
2013-04-15 21:00:00,192500.0
2013-04-15 22:00:00,191800.0
2013-04-15 23:00:00,130500.0
2013-04-16 00:00:00,102000.0
2013-04-16 01:00:00,59800.0
2013-04-16 02:00:00,55100.0
2013-04-16 03:00:00,53200.0
2013-04-16 04:00:00,56700.0
2013-04-16 05:00:00,56100.0
2013-04-16 06:00:00,52000.0
2013-04-16 07:00:00,52000.0
2013-04-16 08:00:00,59800.0
2013-04-16 09:00:00,93900.0
2013-04-16 10:00:00,156700.0
2013-04-16 11:00:00,247700.0
2013-04-16 12:00:00,230000.0
2013-04-16 13:00:00,240200.0
2013-04-16 14:00:00,253800.0
2013-04-16 15:00:00,247300.0
2013-04-16 16:00:00,246800.0
2013-04-16 17:00:00,230000.0
2013-04-16 18:00:00,192300.0
2013-04-16 19:00:00,198700.0
2013-04-16 20:00:00,202100.0
2013-04-16 21:00:00,215100.0
2013-04-16 22:00:00,205000.0
2013-04-16 23:00:00,134300.0
2013-04-17 00:00:00,109700.0
2013-04-17 01:00:00,65000.0
2013-04-17 02:00:00,58800.0
2013-04-17 03:00:00,55300.0
2013-04-17 04:00:00,53900.0
2013-04-17 05:00:00,52300.0
2013-04-17 06:00:00,51500.0
2013-04-17 07:00:00,50800.0
2013-04-17 08:00:00,59500.0
2013-04-17 09:00:00,94700.0
2013-04-17 10:00:00,171800.0
2013-04-17 11:00:00,316200.0
2013-04-17 12:00:00,239800.0
2013-04-17 13:00:00,255900.0
2013-04-17 14:00:00,251100.0
2013-04-17 15:00:00,259400.0
2013-04-17 16:00:00,246900.0
2013-04-17 17:00:00,196700.0
2013-04-17 18:00:00,193800.0
2013-04-17 19:00:00,185500.0
2013-04-17 20:00:00,187700.0
2013-04-17 21:00:00,193000.0
2013-04-17 22:00:00,204300.0
2013-04-17 23:00:00,132700.0
2013-04-18 00:00:00,102600.0
2013-04-18 01:00:00,58100.0
2013-04-18 02:00:00,54300.0
2013-04-18 03:00:00,52300.0
2013-04-18 04:00:00,51600.0
2013-04-18 05:00:00,50700.0
2013-04-18 06:00:00,49700.0
2013-04-18 07:00:00,50400.0
2013-04-18 08:00:00,60500.0
2013-04-18 09:00:00,94200.0
2013-04-18 10:00:00,198300.0
2013-04-18 11:00:00,243800.0
2013-04-18 12:00:00,249700.0
2013-04-18 13:00:00,265300.0
2013-04-18 14:00:00,275900.0
2013-04-18 15:00:00,277700.0
2013-04-18 16:00:00,284100.0
2013-04-18 17:00:00,268500.0
2013-04-18 18:00:00,256400.0
2013-04-18 19:00:00,246500.0
2013-04-18 20:00:00,243400.0
2013-04-18 21:00:00,248600.0
2013-04-18 22:00:00,225500.0
2013-04-18 23:00:00,131700.0
2013-04-19 00:00:00,105400.0
2013-04-19 01:00:00,60100.0
2013-04-19 02:00:00,55100.0
2013-04-19 03:00:00,52900.0
2013-04-19 04:00:00,51700.0
2013-04-19 05:00:00,50900.0
2013-04-19 06:00:00,48400.0
2013-04-19 07:00:00,48700.0
2013-04-19 08:00:00,60100.0
2013-04-19 09:00:00,93900.0
2013-04-19 10:00:00,158600.0
2013-04-19 11:00:00,180400.0
2013-04-19 12:00:00,271900.0
2013-04-19 13:00:00,247400.0
2013-04-19 14:00:00,269600.0
2013-04-19 15:00:00,267600.0
2013-04-19 16:00:00,279400.0
2013-04-19 17:00:00,235600.0
2013-04-19 18:00:00,237600.0
2013-04-19 19:00:00,239600.0
2013-04-19 20:00:00,205900.0
2013-04-19 21:00:00,210800.0
2013-04-19 22:00:00,201200.0
2013-04-19 23:00:00,137600.0
2013-04-20 00:00:00,118100.0
2013-04-20 01:00:00,100000.0
2013-04-20 02:00:00,87200.0
2013-04-20 03:00:00,66900.0
2013-04-20 04:00:00,52400.0
2013-04-20 05:00:00,50300.0
2013-04-20 06:00:00,48700.0
2013-04-20 07:00:00,49100.0
2013-04-20 08:00:00,56900.0
2013-04-20 09:00:00,97800.0
2013-04-20 10:00:00,174300.0
2013-04-20 11:00:00,204000.0
2013-04-20 12:00:00,312200.0
2013-04-20 13:00:00,251300.0
2013-04-20 14:00:00,244300.0
2013-04-20 15:00:00,245000.0
2013-04-20 16:00:00,251500.0
2013-04-20 17:00:00,244000.0
2013-04-20 18:00:00,226800.0
2013-04-20 19:00:00,215600.0
2013-04-20 20:00:00,201000.0
2013-04-20 21:00:00,198700.0
2013-04-20 22:00:00,202100.0
2013-04-20 23:00:00,133400.0
2013-04-21 00:00:00,114600.0
2013-04-21 01:00:00,92800.0
2013-04-21 02:00:00,89700.0
2013-04-21 03:00:00,81100.0
2013-04-21 04:00:00,50600.0
2013-04-21 05:00:00,48500.0
2013-04-21 06:00:00,47700.0
2013-04-21 07:00:00,47500.0
2013-04-21 08:00:00,56900.0
2013-04-21 09:00:00,96400.0
2013-04-21 10:00:00,170900.0
2013-04-21 11:00:00,199900.0
2013-04-21 12:00:00,210500.0
2013-04-21 13:00:00,206700.0
2013-04-21 14:00:00,240100.0
2013-04-21 15:00:00,329000.0
2013-04-21 16:00:00,258900.0
2013-04-21 17:00:00,266000.0
2013-04-21 18:00:00,251500.0
2013-04-21 19:00:00,237200.0
2013-04-21 20:00:00,226800.0
2013-04-21 21:00:00,220500.0
2013-04-21 22:00:00,188800.0
2013-04-21 23:00:00,128700.0
2013-04-22 00:00:00,102000.0
2013-04-22 01:00:00,58300.0
2013-04-22 02:00:00,54100.0
2013-04-22 03:00:00,52100.0
2013-04-22 04:00:00,49400.0
2013-04-22 05:00:00,48300.0
2013-04-22 06:00:00,47800.0
2013-04-22 07:00:00,47600.0
2013-04-22 08:00:00,55700.0
2013-04-22 09:00:00,89000.0
2013-04-22 10:00:00,159900.0
2013-04-22 11:00:00,200600.0
2013-04-22 12:00:00,247900.0
2013-04-22 13:00:00,230400.0
2013-04-22 14:00:00,245500.0
2013-04-22 15:00:00,266000.0
2013-04-22 16:00:00,254900.0
2013-04-22 17:00:00,257400.0
2013-04-22 18:00:00,263200.0
2013-04-22 19:00:00,252600.0
2013-04-22 20:00:00,230500.0
2013-04-22 21:00:00,234600.0
2013-04-22 22:00:00,228900.0
2013-04-22 23:00:00,140900.0
2013-04-23 00:00:00,104700.0
2013-04-23 01:00:00,60600.0
2013-04-23 02:00:00,56900.0
2013-04-23 03:00:00,55500.0
2013-04-23 04:00:00,51400.0
2013-04-23 05:00:00,49800.0
2013-04-23 06:00:00,48700.0
2013-04-23 07:00:00,48900.0
2013-04-23 08:00:00,60700.0
2013-04-23 09:00:00,132800.0
2013-04-23 10:00:00,218900.0
2013-04-23 11:00:00,207600.0
2013-04-23 12:00:00,221600.0
2013-04-23 13:00:00,234700.0
2013-04-23 14:00:00,234200.0
2013-04-23 15:00:00,237600.0
2013-04-23 16:00:00,227700.0
2013-04-23 17:00:00,227500.0
2013-04-23 18:00:00,226000.0
2013-04-23 19:00:00,219900.0
2013-04-23 20:00:00,193100.0
2013-04-23 21:00:00,196800.0
2013-04-23 22:00:00,200700.0
2013-04-23 23:00:00,133700.0
2013-04-24 00:00:00,106100.0
2013-04-24 01:00:00,63200.0
2013-04-24 02:00:00,57200.0
2013-04-24 03:00:00,55800.0
2013-04-24 04:00:00,52700.0
2013-04-24 05:00:00,52200.0
2013-04-24 06:00:00,50400.0
2013-04-24 07:00:00,52300.0
2013-04-24 08:00:00,61800.0
2013-04-24 09:00:00,128400.0
2013-04-24 10:00:00,242400.0
2013-04-24 11:00:00,236200.0
2013-04-24 12:00:00,229400.0
2013-04-24 13:00:00,231900.0
2013-04-24 14:00:00,237900.0
2013-04-24 15:00:00,244800.0
2013-04-24 16:00:00,227500.0
2013-04-24 17:00:00,241200.0
2013-04-24 18:00:00,238900.0
2013-04-24 19:00:00,208600.0
2013-04-24 20:00:00,212700.0
2013-04-24 21:00:00,222300.0
2013-04-24 22:00:00,216500.0
2013-04-24 23:00:00,133400.0
2013-04-25 00:00:00,105400.0
2013-04-25 01:00:00,62800.0
2013-04-25 02:00:00,58000.0
2013-04-25 03:00:00,56900.0
2013-04-25 04:00:00,53200.0
2013-04-25 05:00:00,51800.0
2013-04-25 06:00:00,51000.0
2013-04-25 07:00:00,51000.0
2013-04-25 08:00:00,61100.0
2013-04-25 09:00:00,123600.0
2013-04-25 10:00:00,213600.0
2013-04-25 11:00:00,216500.0
2013-04-25 12:00:00,251600.0
2013-04-25 13:00:00,268400.0
2013-04-25 14:00:00,275200.0
2013-04-25 15:00:00,288300.0
2013-04-25 16:00:00,300100.0
2013-04-25 17:00:00,301600.0
2013-04-25 18:00:00,281000.0
2013-04-25 19:00:00,257500.0
2013-04-25 20:00:00,246200.0
2013-04-25 21:00:00,232700.0
2013-04-25 22:00:00,232300.0
2013-04-25 23:00:00,134500.0
2013-04-26 00:00:00,107100.0
2013-04-26 01:00:00,63800.0
2013-04-26 02:00:00,60100.0
2013-04-26 03:00:00,58900.0
2013-04-26 04:00:00,57000.0
2013-04-26 05:00:00,55400.0
2013-04-26 06:00:00,56000.0
2013-04-26 07:00:00,55500.0
2013-04-26 08:00:00,64400.0
2013-04-26 09:00:00,127100.0
2013-04-26 10:00:00,217200.0
2013-04-26 11:00:00,219400.0
2013-04-26 12:00:00,259100.0
2013-04-26 13:00:00,261100.0
2013-04-26 14:00:00,254900.0
2013-04-26 15:00:00,275300.0
2013-04-26 16:00:00,290300.0
2013-04-26 17:00:00,295600.0
2013-04-26 18:00:00,271700.0
2013-04-26 19:00:00,241500.0
2013-04-26 20:00:00,222300.0
2013-04-26 21:00:00,209600.0
2013-04-26 22:00:00,214900.0
2013-04-26 23:00:00,136800.0
2013-04-27 00:00:00,119600.0
2013-04-27 01:00:00,99000.0
2013-04-27 02:00:00,86700.0
2013-04-27 03:00:00,69700.0
2013-04-27 04:00:00,55700.0
2013-04-27 05:00:00,53200.0
2013-04-27 06:00:00,51600.0
2013-04-27 07:00:00,52200.0
2013-04-27 08:00:00,59500.0
2013-04-27 09:00:00,171100.0
2013-04-27 10:00:00,194200.0
2013-04-27 11:00:00,203400.0
2013-04-27 12:00:00,200900.0
2013-04-27 13:00:00,216700.0
2013-04-27 14:00:00,227600.0
2013-04-27 15:00:00,230000.0
2013-04-27 16:00:00,238000.0
2013-04-27 17:00:00,228100.0
2013-04-27 18:00:00,216800.0
2013-04-27 19:00:00,202200.0
2013-04-27 20:00:00,210200.0
2013-04-27 21:00:00,206900.0
2013-04-27 22:00:00,206500.0
2013-04-27 23:00:00,145100.0
2013-04-28 00:00:00,117200.0
2013-04-28 01:00:00,96200.0
2013-04-28 02:00:00,93000.0
2013-04-28 03:00:00,85100.0
2013-04-28 04:00:00,54000.0
2013-04-28 05:00:00,52000.0
2013-04-28 06:00:00,52100.0
2013-04-28 07:00:00,50600.0
2013-04-28 08:00:00,58700.0
2013-04-28 09:00:00,122500.0
2013-04-28 10:00:00,188000.0
2013-04-28 11:00:00,179700.0
2013-04-28 12:00:00,188200.0
2013-04-28 13:00:00,185800.0
2013-04-28 14:00:00,186400.0
2013-04-28 15:00:00,187400.0
2013-04-28 16:00:00,196500.0
2013-04-28 17:00:00,194100.0
2013-04-28 18:00:00,186400.0
2013-04-28 19:00:00,186400.0
2013-04-28 20:00:00,201000.0
2013-04-28 21:00:00,202200.0
2013-04-28 22:00:00,202900.0
2013-04-28 23:00:00,135200.0
2013-04-29 00:00:00,105900.0
2013-04-29 01:00:00,61800.0
2013-04-29 02:00:00,58100.0
2013-04-29 03:00:00,56900.0
2013-04-29 04:00:00,54700.0
2013-04-29 05:00:00,52700.0
2013-04-29 06:00:00,52000.0
2013-04-29 07:00:00,48500.0
2013-04-29 08:00:00,47800.0
2013-04-29 09:00:00,114700.0
2013-04-29 10:00:00,181700.0
2013-04-29 11:00:00,176200.0
2013-04-29 12:00:00,179600.0
2013-04-29 13:00:00,183200.0
2013-04-29 14:00:00,180200.0
2013-04-29 15:00:00,179800.0
2013-04-29 16:00:00,180600.0
2013-04-29 17:00:00,191300.0
2013-04-29 18:00:00,181600.0
2013-04-29 19:00:00,170300.0
2013-04-29 20:00:00,182400.0
2013-04-29 21:00:00,195200.0
2013-04-29 22:00:00,201000.0
2013-04-29 23:00:00,132600.0
2013-04-30 00:00:00,104900.0
2013-04-30 01:00:00,61100.0
2013-04-30 02:00:00,57400.0
2013-04-30 03:00:00,53800.0
2013-04-30 04:00:00,50600.0
2013-04-30 05:00:00,48700.0
2013-04-30 06:00:00,47100.0
2013-04-30 07:00:00,49100.0
2013-04-30 08:00:00,62000.0
2013-04-30 09:00:00,112100.0
2013-04-30 10:00:00,177700.0
2013-04-30 11:00:00,179100.0
2013-04-30 12:00:00,193500.0
2013-04-30 13:00:00,180000.0
2013-04-30 14:00:00,181600.0
2013-04-30 15:00:00,188100.0
2013-04-30 16:00:00,184800.0
2013-04-30 17:00:00,185600.0
2013-04-30 18:00:00,180400.0
2013-04-30 19:00:00,174900.0
2013-04-30 20:00:00,189700.0
2013-04-30 21:00:00,205600.0
2013-04-30 22:00:00,199000.0
2013-04-30 23:00:00,131700.0
2013-05-01 00:00:00,106400.0
2013-05-01 01:00:00,62100.0
2013-05-01 02:00:00,43800.0
2013-05-01 03:00:00,107400.0
2013-05-01 04:00:00,104500.0
2013-05-01 05:00:00,102900.0
2013-05-01 06:00:00,103500.0
2013-05-01 07:00:00,103300.0
2013-05-01 08:00:00,105100.0
2013-05-01 09:00:00,106100.0
2013-05-01 10:00:00,112700.0
2013-05-01 11:00:00,114000.0
2013-05-01 12:00:00,115800.0
2013-05-01 13:00:00,115500.0
2013-05-01 14:00:00,117400.0
2013-05-01 15:00:00,119500.0
2013-05-01 16:00:00,125200.0
2013-05-01 17:00:00,126200.0
2013-05-01 18:00:00,118900.0
2013-05-01 19:00:00,118000.0
2013-05-01 20:00:00,128500.0
2013-05-01 21:00:00,137500.0
2013-05-01 22:00:00,138400.0
2013-05-01 23:00:00,131600.0
2013-05-02 00:00:00,122000.0
2013-05-02 01:00:00,122100.0
2013-05-02 02:00:00,115200.0
2013-05-02 03:00:00,111300.0
2013-05-02 04:00:00,110100.0
2013-05-02 05:00:00,108100.0
2013-05-02 06:00:00,107900.0
2013-05-02 07:00:00,108900.0
2013-05-02 08:00:00,112800.0
2013-05-02 09:00:00,121200.0
2013-05-02 10:00:00,119600.0
2013-05-02 11:00:00,127100.0
2013-05-02 12:00:00,138500.0
2013-05-02 13:00:00,139900.0
2013-05-02 14:00:00,140900.0
2013-05-02 15:00:00,141200.0
2013-05-02 16:00:00,207200.0
2013-05-02 17:00:00,275000.0
2013-05-02 18:00:00,213400.0
2013-05-02 19:00:00,210800.0
2013-05-02 20:00:00,207800.0
2013-05-02 21:00:00,217600.0
2013-05-02 22:00:00,209900.0
2013-05-02 23:00:00,184700.0
2013-05-03 00:00:00,116400.0
2013-05-03 01:00:00,84900.0
2013-05-03 02:00:00,79100.0
2013-05-03 03:00:00,70300.0
2013-05-03 04:00:00,68600.0
2013-05-03 05:00:00,65900.0
2013-05-03 06:00:00,64800.0
2013-05-03 07:00:00,64700.0
2013-05-03 08:00:00,73700.0
2013-05-03 09:00:00,107500.0
2013-05-03 10:00:00,127100.0
2013-05-03 11:00:00,129900.0
2013-05-03 12:00:00,131900.0
2013-05-03 13:00:00,252700.0
2013-05-03 14:00:00,249100.0
2013-05-03 15:00:00,245300.0
2013-05-03 16:00:00,248400.0
2013-05-03 17:00:00,251100.0
2013-05-03 18:00:00,233100.0
2013-05-03 19:00:00,229400.0
2013-05-03 20:00:00,234300.0
2013-05-03 21:00:00,224900.0
2013-05-03 22:00:00,220300.0
2013-05-03 23:00:00,151700.0
2013-05-04 00:00:00,123200.0
2013-05-04 01:00:00,107200.0
2013-05-04 02:00:00,95300.0
2013-05-04 03:00:00,89200.0
2013-05-04 04:00:00,83000.0
2013-05-04 05:00:00,67100.0
2013-05-04 06:00:00,66200.0
2013-05-04 07:00:00,67500.0
2013-05-04 08:00:00,68800.0
2013-05-04 09:00:00,113200.0
2013-05-04 10:00:00,154400.0
2013-05-04 11:00:00,164200.0
2013-05-04 12:00:00,156000.0
2013-05-04 13:00:00,167700.0
2013-05-04 14:00:00,296600.0
2013-05-04 15:00:00,274100.0
2013-05-04 16:00:00,266700.0
2013-05-04 17:00:00,284500.0
2013-05-04 18:00:00,283100.0
2013-05-04 19:00:00,272600.0
2013-05-04 20:00:00,259800.0
2013-05-04 21:00:00,252500.0
2013-05-04 22:00:00,237900.0
2013-05-04 23:00:00,154100.0
2013-05-05 00:00:00,130000.0
2013-05-05 01:00:00,127600.0
2013-05-05 02:00:00,123000.0
2013-05-05 03:00:00,119300.0
2013-05-05 04:00:00,116900.0
2013-05-05 05:00:00,115000.0
2013-05-05 06:00:00,116100.0
2013-05-05 07:00:00,116200.0
2013-05-05 08:00:00,114800.0
2013-05-05 09:00:00,125200.0
2013-05-05 10:00:00,183400.0
2013-05-05 11:00:00,160100.0
2013-05-05 12:00:00,179400.0
2013-05-05 13:00:00,194300.0
2013-05-05 14:00:00,261100.0
2013-05-05 15:00:00,277500.0
2013-05-05 16:00:00,297000.0
2013-05-05 17:00:00,301600.0
2013-05-05 18:00:00,285600.0
2013-05-05 19:00:00,285300.0
2013-05-05 20:00:00,280700.0
2013-05-05 21:00:00,289500.0
2013-05-05 22:00:00,258300.0
2013-05-05 23:00:00,201700.0
2013-05-06 00:00:00,131700.0
2013-05-06 01:00:00,127300.0
2013-05-06 02:00:00,121900.0
2013-05-06 03:00:00,120200.0
2013-05-06 04:00:00,120700.0
2013-05-06 05:00:00,118300.0
2013-05-06 06:00:00,118300.0
2013-05-06 07:00:00,118000.0
2013-05-06 08:00:00,123700.0
2013-05-06 09:00:00,130900.0
2013-05-06 10:00:00,238200.0
2013-05-06 11:00:00,294300.0
2013-05-06 12:00:00,307900.0
2013-05-06 13:00:00,300900.0
2013-05-06 14:00:00,307200.0
2013-05-06 15:00:00,307000.0
2013-05-06 16:00:00,310600.0
2013-05-06 17:00:00,309500.0
2013-05-06 18:00:00,310300.0
2013-05-06 19:00:00,299600.0
2013-05-06 20:00:00,299100.0
2013-05-06 21:00:00,293300.0
2013-05-06 22:00:00,263800.0
2013-05-06 23:00:00,152400.0
2013-05-07 00:00:00,132500.0
2013-05-07 01:00:00,106400.0
2013-05-07 02:00:00,99100.0
2013-05-07 03:00:00,94500.0
2013-05-07 04:00:00,84000.0
2013-05-07 05:00:00,65300.0
2013-05-07 06:00:00,63500.0
2013-05-07 07:00:00,67500.0
2013-05-07 08:00:00,76300.0
2013-05-07 09:00:00,144900.0
2013-05-07 10:00:00,257800.0
2013-05-07 11:00:00,331700.0
2013-05-07 12:00:00,317700.0
2013-05-07 13:00:00,321200.0
2013-05-07 14:00:00,320400.0
2013-05-07 15:00:00,348200.0
2013-05-07 16:00:00,351100.0
2013-05-07 17:00:00,317400.0
2013-05-07 18:00:00,316800.0
2013-05-07 19:00:00,295800.0
2013-05-07 20:00:00,292100.0
2013-05-07 21:00:00,260700.0
2013-05-07 22:00:00,273300.0
2013-05-07 23:00:00,171000.0
2013-05-08 00:00:00,137500.0
2013-05-08 01:00:00,86900.0
2013-05-08 02:00:00,67200.0
2013-05-08 03:00:00,63300.0
2013-05-08 04:00:00,61000.0
2013-05-08 05:00:00,57300.0
2013-05-08 06:00:00,54800.0
2013-05-08 07:00:00,55200.0
2013-05-08 08:00:00,67300.0
2013-05-08 09:00:00,147100.0
2013-05-08 10:00:00,251500.0
2013-05-08 11:00:00,300600.0
2013-05-08 12:00:00,283200.0
2013-05-08 13:00:00,328800.0
2013-05-08 14:00:00,320000.0
2013-05-08 15:00:00,344700.0
2013-05-08 16:00:00,348900.0
2013-05-08 17:00:00,326500.0
2013-05-08 18:00:00,324400.0
2013-05-08 19:00:00,325500.0
2013-05-08 20:00:00,329900.0
2013-05-08 21:00:00,288900.0
2013-05-08 22:00:00,283100.0
2013-05-08 23:00:00,173000.0
2013-05-09 00:00:00,126600.0
2013-05-09 01:00:00,92300.0
2013-05-09 02:00:00,78600.0
2013-05-09 03:00:00,71100.0
2013-05-09 04:00:00,69400.0
2013-05-09 05:00:00,64700.0
2013-05-09 06:00:00,63900.0
2013-05-09 07:00:00,67100.0
2013-05-09 08:00:00,77300.0
2013-05-09 09:00:00,152200.0
2013-05-09 10:00:00,273300.0
2013-05-09 11:00:00,269600.0
2013-05-09 12:00:00,337400.0
2013-05-09 13:00:00,324900.0
2013-05-09 14:00:00,343100.0
2013-05-09 15:00:00,350700.0
2013-05-09 16:00:00,359600.0
2013-05-09 17:00:00,362500.0
2013-05-09 18:00:00,362100.0
2013-05-09 19:00:00,328000.0
2013-05-09 20:00:00,301600.0
2013-05-09 21:00:00,279400.0
2013-05-09 22:00:00,272700.0
2013-05-09 23:00:00,167900.0
2013-05-10 00:00:00,117000.0
2013-05-10 01:00:00,76800.0
2013-05-10 02:00:00,74000.0
2013-05-10 03:00:00,72300.0
2013-05-10 04:00:00,71000.0
2013-05-10 05:00:00,69500.0
2013-05-10 06:00:00,68400.0
2013-05-10 07:00:00,69800.0
2013-05-10 08:00:00,77000.0
2013-05-10 09:00:00,148000.0
2013-05-10 10:00:00,275400.0
2013-05-10 11:00:00,282000.0
2013-05-10 12:00:00,257800.0
2013-05-10 13:00:00,272200.0
2013-05-10 14:00:00,262400.0
2013-05-10 15:00:00,281700.0
2013-05-10 16:00:00,430400.0
2013-05-10 17:00:00,381600.0
2013-05-10 18:00:00,368600.0
2013-05-10 19:00:00,354800.0
2013-05-10 20:00:00,324300.0
2013-05-10 21:00:00,282100.0
2013-05-10 22:00:00,254900.0
2013-05-10 23:00:00,155400.0
2013-05-11 00:00:00,121300.0
2013-05-11 01:00:00,104600.0
2013-05-11 02:00:00,98100.0
2013-05-11 03:00:00,74700.0
2013-05-11 04:00:00,60000.0
2013-05-11 05:00:00,56100.0
2013-05-11 06:00:00,53800.0
2013-05-11 07:00:00,54700.0
2013-05-11 08:00:00,64000.0
2013-05-11 09:00:00,143000.0
2013-05-11 10:00:00,238200.0
2013-05-11 11:00:00,259900.0
2013-05-11 12:00:00,273000.0
2013-05-11 13:00:00,321300.0
2013-05-11 14:00:00,340600.0
2013-05-11 15:00:00,362200.0
2013-05-11 16:00:00,365300.0
2013-05-11 17:00:00,379400.0
2013-05-11 18:00:00,358900.0
2013-05-11 19:00:00,310200.0
2013-05-11 20:00:00,300500.0
2013-05-11 21:00:00,269300.0
2013-05-11 22:00:00,267300.0
2013-05-11 23:00:00,171700.0
2013-05-12 00:00:00,139500.0
2013-05-12 01:00:00,114800.0
2013-05-12 02:00:00,92100.0
2013-05-12 03:00:00,83900.0
2013-05-12 04:00:00,55700.0
2013-05-12 05:00:00,54300.0
2013-05-12 06:00:00,53900.0
2013-05-12 07:00:00,53600.0
2013-05-12 08:00:00,61800.0
2013-05-12 09:00:00,138600.0
2013-05-12 10:00:00,220900.0
2013-05-12 11:00:00,231800.0
2013-05-12 12:00:00,255900.0
2013-05-12 13:00:00,316300.0
2013-05-12 14:00:00,315800.0
2013-05-12 15:00:00,321400.0
2013-05-12 16:00:00,302400.0
2013-05-12 17:00:00,311200.0
2013-05-12 18:00:00,295000.0
2013-05-12 19:00:00,291800.0
2013-05-12 20:00:00,272100.0
2013-05-12 21:00:00,269100.0
2013-05-12 22:00:00,272500.0
2013-05-12 23:00:00,172900.0
2013-05-13 00:00:00,127500.0
2013-05-13 01:00:00,79700.0
2013-05-13 02:00:00,72900.0
2013-05-13 03:00:00,57800.0
2013-05-13 04:00:00,56500.0
2013-05-13 05:00:00,53800.0
2013-05-13 06:00:00,52400.0
2013-05-13 07:00:00,52900.0
2013-05-13 08:00:00,63800.0
2013-05-13 09:00:00,141700.0
2013-05-13 10:00:00,219600.0
2013-05-13 11:00:00,339000.0
2013-05-13 12:00:00,305400.0
2013-05-13 13:00:00,310700.0
2013-05-13 14:00:00,310400.0
2013-05-13 15:00:00,332200.0
2013-05-13 16:00:00,329100.0
2013-05-13 17:00:00,313900.0
2013-05-13 18:00:00,310900.0
2013-05-13 19:00:00,312300.0
2013-05-13 20:00:00,281900.0
2013-05-13 21:00:00,268900.0
2013-05-13 22:00:00,279000.0
2013-05-13 23:00:00,188800.0
2013-05-14 00:00:00,132700.0
2013-05-14 01:00:00,81300.0
2013-05-14 02:00:00,81900.0
2013-05-14 03:00:00,77000.0
2013-05-14 04:00:00,73600.0
2013-05-14 05:00:00,67800.0
2013-05-14 06:00:00,69300.0
2013-05-14 07:00:00,67600.0
2013-05-14 08:00:00,90900.0
2013-05-14 09:00:00,156900.0
2013-05-14 10:00:00,255500.0
2013-05-14 11:00:00,311800.0
2013-05-14 12:00:00,329900.0
2013-05-14 13:00:00,324100.0
2013-05-14 14:00:00,336600.0
2013-05-14 15:00:00,359400.0
2013-05-14 16:00:00,362700.0
2013-05-14 17:00:00,348400.0
2013-05-14 18:00:00,328300.0
2013-05-14 19:00:00,298500.0
2013-05-14 20:00:00,263000.0
2013-05-14 21:00:00,252200.0
2013-05-14 22:00:00,258400.0
2013-05-14 23:00:00,175500.0
2013-05-15 00:00:00,139400.0
2013-05-15 01:00:00,92100.0
2013-05-15 02:00:00,81200.0
2013-05-15 03:00:00,58800.0
2013-05-15 04:00:00,57100.0
2013-05-15 05:00:00,53100.0
2013-05-15 06:00:00,52700.0
2013-05-15 07:00:00,53200.0
2013-05-15 08:00:00,62200.0
2013-05-15 09:00:00,131900.0
2013-05-15 10:00:00,221400.0
2013-05-15 11:00:00,212200.0
2013-05-15 12:00:00,232200.0
2013-05-15 13:00:00,225100.0
2013-05-15 14:00:00,236200.0
2013-05-15 15:00:00,241400.0
2013-05-15 16:00:00,242400.0
2013-05-15 17:00:00,241900.0
2013-05-15 18:00:00,242300.0
2013-05-15 19:00:00,235000.0
2013-05-15 20:00:00,226300.0
2013-05-15 21:00:00,235300.0
2013-05-15 22:00:00,226600.0
2013-05-15 23:00:00,152100.0
2013-05-16 00:00:00,113700.0
2013-05-16 01:00:00,68900.0
2013-05-16 02:00:00,69800.0
2013-05-16 03:00:00,70400.0
2013-05-16 04:00:00,63500.0
2013-05-16 05:00:00,60900.0
2013-05-16 06:00:00,57300.0
2013-05-16 07:00:00,66400.0
2013-05-16 08:00:00,73700.0
2013-05-16 09:00:00,131200.0
2013-05-16 10:00:00,204800.0
2013-05-16 11:00:00,213800.0
2013-05-16 12:00:00,232200.0
2013-05-16 13:00:00,222300.0
2013-05-16 14:00:00,223400.0
2013-05-16 15:00:00,229300.0
2013-05-16 16:00:00,223000.0
2013-05-16 17:00:00,218300.0
2013-05-16 18:00:00,229100.0
2013-05-16 19:00:00,210600.0
2013-05-16 20:00:00,210000.0
2013-05-16 21:00:00,221200.0
2013-05-16 22:00:00,230000.0
2013-05-16 23:00:00,165100.0
2013-05-17 00:00:00,127600.0
2013-05-17 01:00:00,83500.0
2013-05-17 02:00:00,72500.0
2013-05-17 03:00:00,68300.0
2013-05-17 04:00:00,68700.0
2013-05-17 05:00:00,64200.0
2013-05-17 06:00:00,65300.0
2013-05-17 07:00:00,64900.0
2013-05-17 08:00:00,75200.0
2013-05-17 09:00:00,130400.0
2013-05-17 10:00:00,210900.0
2013-05-17 11:00:00,205800.0
2013-05-17 12:00:00,207700.0
2013-05-17 13:00:00,218100.0
2013-05-17 14:00:00,212100.0
2013-05-17 15:00:00,212200.0
2013-05-17 16:00:00,207600.0
2013-05-17 17:00:00,213300.0
2013-05-17 18:00:00,207500.0
2013-05-17 19:00:00,208200.0
2013-05-17 20:00:00,207700.0
2013-05-17 21:00:00,215700.0
2013-05-17 22:00:00,215600.0
2013-05-17 23:00:00,152100.0
2013-05-18 00:00:00,129100.0
2013-05-18 01:00:00,115600.0
2013-05-18 02:00:00,102400.0
2013-05-18 03:00:00,79100.0
2013-05-18 04:00:00,64300.0
2013-05-18 05:00:00,61700.0
2013-05-18 06:00:00,59000.0
2013-05-18 07:00:00,58200.0
2013-05-18 08:00:00,68100.0
2013-05-18 09:00:00,146500.0
2013-05-18 10:00:00,199500.0
2013-05-18 11:00:00,201000.0
2013-05-18 12:00:00,213800.0
2013-05-18 13:00:00,218800.0
2013-05-18 14:00:00,206200.0
2013-05-18 15:00:00,203700.0
2013-05-18 16:00:00,221000.0
2013-05-18 17:00:00,222600.0
2013-05-18 18:00:00,212600.0
2013-05-18 19:00:00,210700.0
2013-05-18 20:00:00,217400.0
2013-05-18 21:00:00,211700.0
2013-05-18 22:00:00,220700.0
2013-05-18 23:00:00,159900.0
2013-05-19 00:00:00,128100.0
2013-05-19 01:00:00,110100.0
2013-05-19 02:00:00,98200.0
2013-05-19 03:00:00,89800.0
2013-05-19 04:00:00,62100.0
2013-05-19 05:00:00,59300.0
2013-05-19 06:00:00,57800.0
2013-05-19 07:00:00,57400.0
2013-05-19 08:00:00,64400.0
2013-05-19 09:00:00,143200.0
2013-05-19 10:00:00,197300.0
2013-05-19 11:00:00,204700.0
2013-05-19 12:00:00,210300.0
2013-05-19 13:00:00,193100.0
2013-05-19 14:00:00,204100.0
2013-05-19 15:00:00,207600.0
2013-05-19 16:00:00,215600.0
2013-05-19 17:00:00,214600.0
2013-05-19 18:00:00,211000.0
2013-05-19 19:00:00,209500.0
2013-05-19 20:00:00,209800.0
2013-05-19 21:00:00,210600.0
2013-05-19 22:00:00,221900.0
2013-05-19 23:00:00,153600.0
2013-05-20 00:00:00,118600.0
2013-05-20 01:00:00,98700.0
2013-05-20 02:00:00,97000.0
2013-05-20 03:00:00,94000.0
2013-05-20 04:00:00,93600.0
2013-05-20 05:00:00,90800.0
2013-05-20 06:00:00,91600.0
2013-05-20 07:00:00,93200.0
2013-05-20 08:00:00,96600.0
2013-05-20 09:00:00,139000.0
2013-05-20 10:00:00,203200.0
2013-05-20 11:00:00,200000.0
2013-05-20 12:00:00,202300.0
2013-05-20 13:00:00,209100.0
2013-05-20 14:00:00,203400.0
2013-05-20 15:00:00,204000.0
2013-05-20 16:00:00,216200.0
2013-05-20 17:00:00,207700.0
2013-05-20 18:00:00,199000.0
2013-05-20 19:00:00,204300.0
2013-05-20 20:00:00,208400.0
2013-05-20 21:00:00,203200.0
2013-05-20 22:00:00,209500.0
2013-05-20 23:00:00,152500.0
2013-05-21 00:00:00,119400.0
2013-05-21 01:00:00,103000.0
2013-05-21 02:00:00,100100.0
2013-05-21 03:00:00,98300.0
2013-05-21 04:00:00,98200.0
2013-05-21 05:00:00,86700.0
2013-05-21 06:00:00,79200.0
2013-05-21 07:00:00,79500.0
2013-05-21 08:00:00,84500.0
2013-05-21 09:00:00,134100.0
2013-05-21 10:00:00,212500.0
2013-05-21 11:00:00,198400.0
2013-05-21 12:00:00,210000.0
2013-05-21 13:00:00,225400.0
2013-05-21 14:00:00,221700.0
2013-05-21 15:00:00,227700.0
2013-05-21 16:00:00,230300.0
2013-05-21 17:00:00,248900.0
2013-05-21 18:00:00,232300.0
2013-05-21 19:00:00,222900.0
2013-05-21 20:00:00,226000.0
2013-05-21 21:00:00,209000.0
2013-05-21 22:00:00,230500.0
2013-05-21 23:00:00,152800.0
2013-05-22 00:00:00,125800.0
2013-05-22 01:00:00,85700.0
2013-05-22 02:00:00,69800.0
2013-05-22 03:00:00,67000.0
2013-05-22 04:00:00,64300.0
2013-05-22 05:00:00,60600.0
2013-05-22 06:00:00,62900.0
2013-05-22 07:00:00,60700.0
2013-05-22 08:00:00,66800.0
2013-05-22 09:00:00,132000.0
2013-05-22 10:00:00,228200.0
2013-05-22 11:00:00,236900.0
2013-05-22 12:00:00,262800.0
2013-05-22 13:00:00,254800.0
2013-05-22 14:00:00,264800.0
2013-05-22 15:00:00,275500.0
2013-05-22 16:00:00,304200.0
2013-05-22 17:00:00,299700.0
2013-05-22 18:00:00,285700.0
2013-05-22 19:00:00,279600.0
2013-05-22 20:00:00,252200.0
2013-05-22 21:00:00,217800.0
2013-05-22 22:00:00,232300.0
2013-05-22 23:00:00,149600.0
2013-05-23 00:00:00,116300.0
2013-05-23 01:00:00,67700.0
2013-05-23 02:00:00,62500.0
2013-05-23 03:00:00,60400.0
2013-05-23 04:00:00,65300.0
2013-05-23 05:00:00,57300.0
2013-05-23 06:00:00,55300.0
2013-05-23 07:00:00,55100.0
2013-05-23 08:00:00,63800.0
2013-05-23 09:00:00,127100.0
2013-05-23 10:00:00,224100.0
2013-05-23 11:00:00,244800.0
2013-05-23 12:00:00,225600.0
2013-05-23 13:00:00,223700.0
2013-05-23 14:00:00,252300.0
2013-05-23 15:00:00,243600.0
2013-05-23 16:00:00,264200.0
2013-05-23 17:00:00,276400.0
2013-05-23 18:00:00,244800.0
2013-05-23 19:00:00,250200.0
2013-05-23 20:00:00,221800.0
2013-05-23 21:00:00,226700.0
2013-05-23 22:00:00,228000.0
2013-05-23 23:00:00,153500.0
2013-05-24 00:00:00,110000.0
2013-05-24 01:00:00,62800.0
2013-05-24 02:00:00,58300.0
2013-05-24 03:00:00,60200.0
2013-05-24 04:00:00,55300.0
2013-05-24 05:00:00,52500.0
2013-05-24 06:00:00,50800.0
2013-05-24 07:00:00,49500.0
2013-05-24 08:00:00,62900.0
2013-05-24 09:00:00,128600.0
2013-05-24 10:00:00,227600.0
2013-05-24 11:00:00,221700.0
2013-05-24 12:00:00,233200.0
2013-05-24 13:00:00,226600.0
2013-05-24 14:00:00,229100.0
2013-05-24 15:00:00,248000.0
2013-05-24 16:00:00,248200.0
2013-05-24 17:00:00,242400.0
2013-05-24 18:00:00,263300.0
2013-05-24 19:00:00,261600.0
2013-05-24 20:00:00,234600.0
2013-05-24 21:00:00,232300.0
2013-05-24 22:00:00,231300.0
2013-05-24 23:00:00,151800.0
2013-05-25 00:00:00,112700.0
2013-05-25 01:00:00,93900.0
2013-05-25 02:00:00,82600.0
2013-05-25 03:00:00,68100.0
2013-05-25 04:00:00,55700.0
2013-05-25 05:00:00,52500.0
2013-05-25 06:00:00,58200.0
2013-05-25 07:00:00,54400.0
2013-05-25 08:00:00,57200.0
2013-05-25 09:00:00,151900.0
2013-05-25 10:00:00,216500.0
2013-05-25 11:00:00,229600.0
2013-05-25 12:00:00,245400.0
2013-05-25 13:00:00,229100.0
2013-05-25 14:00:00,246300.0
2013-05-25 15:00:00,245900.0
2013-05-25 16:00:00,264600.0
2013-05-25 17:00:00,272000.0
2013-05-25 18:00:00,263200.0
2013-05-25 19:00:00,254100.0
2013-05-25 20:00:00,245800.0
2013-05-25 21:00:00,251800.0
2013-05-25 22:00:00,242300.0
2013-05-25 23:00:00,158500.0
2013-05-26 00:00:00,121900.0
2013-05-26 01:00:00,101700.0
2013-05-26 02:00:00,88400.0
2013-05-26 03:00:00,81800.0
2013-05-26 04:00:00,51400.0
2013-05-26 05:00:00,48000.0
2013-05-26 06:00:00,47900.0
2013-05-26 07:00:00,47600.0
2013-05-26 08:00:00,54700.0
2013-05-26 09:00:00,145000.0
2013-05-26 10:00:00,204200.0
2013-05-26 11:00:00,216500.0
2013-05-26 12:00:00,231100.0
2013-05-26 13:00:00,220300.0
2013-05-26 14:00:00,232400.0
2013-05-26 15:00:00,249400.0
2013-05-26 16:00:00,286500.0
2013-05-26 17:00:00,317000.0
2013-05-26 18:00:00,306500.0
2013-05-26 19:00:00,266900.0
2013-05-26 20:00:00,260200.0
2013-05-26 21:00:00,245600.0
2013-05-26 22:00:00,253300.0
2013-05-26 23:00:00,169900.0
2013-05-27 00:00:00,124800.0
2013-05-27 01:00:00,75100.0
2013-05-27 02:00:00,71500.0
2013-05-27 03:00:00,70300.0
2013-05-27 04:00:00,68300.0
2013-05-27 05:00:00,68900.0
2013-05-27 06:00:00,64400.0
2013-05-27 07:00:00,64400.0
2013-05-27 08:00:00,42300.0
2013-05-27 09:00:00,143500.0
2013-05-27 10:00:00,231100.0
2013-05-27 11:00:00,205700.0
2013-05-27 12:00:00,219700.0
2013-05-27 13:00:00,230800.0
2013-05-27 14:00:00,227400.0
2013-05-27 15:00:00,223800.0
2013-05-27 16:00:00,248000.0
2013-05-27 17:00:00,225500.0
2013-05-27 18:00:00,230500.0
2013-05-27 19:00:00,221600.0
2013-05-27 20:00:00,202800.0
2013-05-27 21:00:00,202800.0
2013-05-27 22:00:00,220800.0
2013-05-27 23:00:00,144900.0
2013-05-28 00:00:00,107200.0
2013-05-28 01:00:00,58000.0
2013-05-28 02:00:00,55500.0
2013-05-28 03:00:00,54200.0
2013-05-28 04:00:00,52000.0
2013-05-28 05:00:00,48500.0
2013-05-28 06:00:00,47800.0
2013-05-28 07:00:00,48000.0
2013-05-28 08:00:00,59400.0
2013-05-28 09:00:00,126500.0
2013-05-28 10:00:00,222300.0
2013-05-28 11:00:00,210800.0
2013-05-28 12:00:00,204900.0
2013-05-28 13:00:00,221100.0
2013-05-28 14:00:00,226100.0
2013-05-28 15:00:00,223600.0
2013-05-28 16:00:00,227300.0
2013-05-28 17:00:00,237500.0
2013-05-28 18:00:00,229100.0
2013-05-28 19:00:00,214900.0
2013-05-28 20:00:00,228000.0
2013-05-28 21:00:00,214700.0
2013-05-28 22:00:00,221800.0
2013-05-28 23:00:00,151000.0
2013-05-29 00:00:00,107100.0
2013-05-29 01:00:00,59000.0
2013-05-29 02:00:00,53500.0
2013-05-29 03:00:00,53000.0
2013-05-29 04:00:00,51700.0
2013-05-29 05:00:00,49000.0
2013-05-29 06:00:00,47700.0
2013-05-29 07:00:00,47500.0
2013-05-29 08:00:00,56400.0
2013-05-29 09:00:00,123200.0
2013-05-29 10:00:00,204100.0
2013-05-29 11:00:00,206100.0
2013-05-29 12:00:00,206800.0
2013-05-29 13:00:00,206700.0
2013-05-29 14:00:00,220200.0
2013-05-29 15:00:00,229400.0
2013-05-29 16:00:00,238100.0
2013-05-29 17:00:00,228600.0
2013-05-29 18:00:00,229300.0
2013-05-29 19:00:00,219600.0
2013-05-29 20:00:00,222700.0
2013-05-29 21:00:00,227000.0
2013-05-29 22:00:00,220700.0
2013-05-29 23:00:00,149500.0
2013-05-30 00:00:00,107700.0
2013-05-30 01:00:00,58000.0
2013-05-30 02:00:00,54300.0
2013-05-30 03:00:00,52900.0
2013-05-30 04:00:00,53100.0
2013-05-30 05:00:00,48900.0
2013-05-30 06:00:00,47800.0
2013-05-30 07:00:00,50000.0
2013-05-30 08:00:00,59700.0
2013-05-30 09:00:00,123900.0
2013-05-30 10:00:00,204800.0
2013-05-30 11:00:00,213100.0
2013-05-30 12:00:00,209400.0
2013-05-30 13:00:00,218500.0
2013-05-30 14:00:00,243300.0
2013-05-30 15:00:00,251400.0
2013-05-30 16:00:00,255000.0
2013-05-30 17:00:00,266900.0
2013-05-30 18:00:00,242600.0
2013-05-30 19:00:00,242600.0
2013-05-30 20:00:00,222900.0
2013-05-30 21:00:00,230300.0
2013-05-30 22:00:00,232300.0
2013-05-30 23:00:00,150700.0
2013-05-31 00:00:00,110700.0
2013-05-31 01:00:00,61500.0
2013-05-31 02:00:00,59100.0
2013-05-31 03:00:00,64400.0
2013-05-31 04:00:00,55900.0
2013-05-31 05:00:00,50600.0
2013-05-31 06:00:00,48700.0
2013-05-31 07:00:00,47700.0
2013-05-31 08:00:00,56800.0
2013-05-31 09:00:00,122700.0
2013-05-31 10:00:00,226100.0
2013-05-31 11:00:00,239000.0
2013-05-31 12:00:00,266700.0
2013-05-31 13:00:00,271600.0
2013-05-31 14:00:00,287600.0
2013-05-31 15:00:00,308600.0
2013-05-31 16:00:00,335400.0
2013-05-31 17:00:00,328100.0
2013-05-31 18:00:00,337400.0
2013-05-31 19:00:00,317100.0
2013-05-31 20:00:00,304900.0
2013-05-31 21:00:00,263500.0
2013-05-31 22:00:00,278600.0
2013-05-31 23:00:00,163200.0
2013-06-01 00:00:00,115500.0
2013-06-01 01:00:00,95900.0
2013-06-01 02:00:00,84900.0
2013-06-01 03:00:00,64200.0
2013-06-01 04:00:00,50500.0
2013-06-01 05:00:00,49300.0
2013-06-01 06:00:00,48300.0
2013-06-01 07:00:00,47100.0
2013-06-01 08:00:00,55400.0
2013-06-01 09:00:00,171300.0
2013-06-01 10:00:00,260600.0
2013-06-01 11:00:00,295500.0
2013-06-01 12:00:00,328500.0
2013-06-01 13:00:00,320600.0
2013-06-01 14:00:00,319100.0
2013-06-01 15:00:00,334400.0
2013-06-01 16:00:00,327400.0
2013-06-01 17:00:00,318800.0
2013-06-01 18:00:00,315600.0
2013-06-01 19:00:00,345600.0
2013-06-01 20:00:00,323400.0
2013-06-01 21:00:00,309400.0
2013-06-01 22:00:00,288100.0
2013-06-01 23:00:00,178400.0
2013-06-02 00:00:00,128100.0
2013-06-02 01:00:00,106300.0
2013-06-02 02:00:00,95400.0
2013-06-02 03:00:00,88000.0
2013-06-02 04:00:00,57100.0
2013-06-02 05:00:00,55600.0
2013-06-02 06:00:00,55200.0
2013-06-02 07:00:00,53200.0
2013-06-02 08:00:00,62100.0
2013-06-02 09:00:00,187500.0
2013-06-02 10:00:00,281400.0
2013-06-02 11:00:00,294200.0
2013-06-02 12:00:00,301200.0
2013-06-02 13:00:00,303600.0
2013-06-02 14:00:00,305000.0
2013-06-02 15:00:00,307300.0
2013-06-02 16:00:00,309000.0
2013-06-02 17:00:00,347200.0
2013-06-02 18:00:00,331300.0
2013-06-02 19:00:00,329700.0
2013-06-02 20:00:00,324300.0
2013-06-02 21:00:00,295200.0
2013-06-02 22:00:00,311500.0
2013-06-02 23:00:00,170200.0
2013-06-03 00:00:00,110500.0
2013-06-03 01:00:00,62200.0
2013-06-03 02:00:00,55600.0
2013-06-03 03:00:00,54300.0
2013-06-03 04:00:00,52700.0
2013-06-03 05:00:00,49600.0
2013-06-03 06:00:00,48100.0
2013-06-03 07:00:00,49500.0
2013-06-03 08:00:00,57500.0
2013-06-03 09:00:00,140600.0
2013-06-03 10:00:00,299500.0
2013-06-03 11:00:00,313000.0
2013-06-03 12:00:00,326100.0
2013-06-03 13:00:00,329000.0
2013-06-03 14:00:00,329800.0
2013-06-03 15:00:00,339600.0
2013-06-03 16:00:00,358300.0
2013-06-03 17:00:00,346200.0
2013-06-03 18:00:00,353100.0
2013-06-03 19:00:00,320000.0
2013-06-03 20:00:00,330500.0
2013-06-03 21:00:00,296900.0
2013-06-03 22:00:00,305700.0
2013-06-03 23:00:00,172600.0
2013-06-04 00:00:00,75400.0
2013-06-04 01:00:00,38200.0
2013-06-04 02:00:00,37300.0
2013-06-04 03:00:00,57100.0
2013-06-04 04:00:00,12900.0
2013-06-04 05:00:00,6000.0
2013-06-04 06:00:00,58500.0
2013-06-04 07:00:00,59000.0
2013-06-04 08:00:00,67300.0
2013-06-04 09:00:00,147000.0
2013-06-04 10:00:00,244600.0
2013-06-04 11:00:00,268100.0
2013-06-04 12:00:00,287800.0
2013-06-04 13:00:00,287700.0
2013-06-04 14:00:00,289200.0
2013-06-04 15:00:00,293500.0
2013-06-04 16:00:00,292400.0
2013-06-04 17:00:00,277900.0
2013-06-04 18:00:00,281200.0
2013-06-04 19:00:00,265000.0
2013-06-04 20:00:00,260700.0
2013-06-04 21:00:00,265500.0
2013-06-04 22:00:00,264500.0
2013-06-04 23:00:00,155500.0
2013-06-05 00:00:00,111000.0
2013-06-05 01:00:00,64300.0
2013-06-05 02:00:00,56500.0
2013-06-05 03:00:00,49100.0
2013-06-05 04:00:00,95900.0
2013-06-05 05:00:00,100900.0
2013-06-05 06:00:00,99700.0
2013-06-05 07:00:00,99900.0
2013-06-05 08:00:00,99800.0
2013-06-05 09:00:00,100600.0
2013-06-05 10:00:00,268300.0
2013-06-05 11:00:00,297400.0
2013-06-05 12:00:00,329100.0
2013-06-05 13:00:00,333600.0
2013-06-05 14:00:00,333100.0
2013-06-05 15:00:00,356800.0
2013-06-05 16:00:00,350500.0
2013-06-05 17:00:00,356700.0
2013-06-05 18:00:00,325800.0
2013-06-05 19:00:00,300500.0
2013-06-05 20:00:00,303400.0
2013-06-05 21:00:00,276200.0
2013-06-05 22:00:00,278900.0
2013-06-05 23:00:00,183900.0
2013-06-06 00:00:00,120300.0
2013-06-06 01:00:00,90000.0
2013-06-06 02:00:00,82800.0
2013-06-06 03:00:00,75800.0
2013-06-06 04:00:00,58800.0
2013-06-06 05:00:00,53600.0
2013-06-06 06:00:00,49600.0
2013-06-06 07:00:00,48600.0
2013-06-06 08:00:00,58200.0
2013-06-06 09:00:00,96600.0
2013-06-06 10:00:00,219900.0
2013-06-06 11:00:00,191100.0
2013-06-06 12:00:00,216000.0
2013-06-06 13:00:00,219900.0
2013-06-06 14:00:00,227100.0
2013-06-06 15:00:00,222800.0
2013-06-06 16:00:00,233900.0
2013-06-06 17:00:00,230400.0
2013-06-06 18:00:00,223700.0
2013-06-06 19:00:00,232100.0
2013-06-06 20:00:00,223300.0
2013-06-06 21:00:00,216200.0
2013-06-06 22:00:00,226900.0
2013-06-06 23:00:00,161800.0
2013-06-07 00:00:00,106500.0
2013-06-07 01:00:00,64900.0
2013-06-07 02:00:00,57200.0
2013-06-07 03:00:00,58000.0
2013-06-07 04:00:00,59100.0
2013-06-07 05:00:00,48600.0
2013-06-07 06:00:00,47400.0
2013-06-07 07:00:00,47300.0
2013-06-07 08:00:00,55600.0
2013-06-07 09:00:00,136600.0
2013-06-07 10:00:00,206000.0
2013-06-07 11:00:00,326000.0
2013-06-07 12:00:00,261700.0
2013-06-07 13:00:00,270200.0
2013-06-07 14:00:00,259600.0
2013-06-07 15:00:00,266000.0
2013-06-07 16:00:00,270200.0
2013-06-07 17:00:00,257900.0
2013-06-07 18:00:00,254500.0
2013-06-07 19:00:00,245000.0
2013-06-07 20:00:00,228500.0
2013-06-07 21:00:00,233600.0
2013-06-07 22:00:00,251200.0
2013-06-07 23:00:00,151800.0
2013-06-08 00:00:00,111200.0
2013-06-08 01:00:00,94400.0
2013-06-08 02:00:00,83400.0
2013-06-08 03:00:00,66300.0
2013-06-08 04:00:00,53600.0
2013-06-08 05:00:00,48700.0
2013-06-08 06:00:00,47000.0
2013-06-08 07:00:00,46700.0
2013-06-08 08:00:00,55900.0
2013-06-08 09:00:00,150200.0
2013-06-08 10:00:00,219300.0
2013-06-08 11:00:00,235500.0
2013-06-08 12:00:00,245900.0
2013-06-08 13:00:00,224000.0
2013-06-08 14:00:00,243200.0
2013-06-08 15:00:00,233700.0
2013-06-08 16:00:00,273100.0
2013-06-08 17:00:00,253700.0
2013-06-08 18:00:00,247100.0
2013-06-08 19:00:00,257000.0
2013-06-08 20:00:00,233800.0
2013-06-08 21:00:00,246300.0
2013-06-08 22:00:00,243500.0
2013-06-08 23:00:00,157900.0
2013-06-09 00:00:00,121800.0
2013-06-09 01:00:00,102700.0
2013-06-09 02:00:00,90200.0
2013-06-09 03:00:00,82200.0
2013-06-09 04:00:00,51300.0
2013-06-09 05:00:00,48200.0
2013-06-09 06:00:00,46500.0
2013-06-09 07:00:00,45900.0
2013-06-09 08:00:00,54400.0
2013-06-09 09:00:00,148700.0
2013-06-09 10:00:00,215400.0
2013-06-09 11:00:00,230100.0
2013-06-09 12:00:00,238100.0
2013-06-09 13:00:00,229400.0
2013-06-09 14:00:00,261900.0
2013-06-09 15:00:00,231800.0
2013-06-09 16:00:00,257600.0
2013-06-09 17:00:00,259100.0
2013-06-09 18:00:00,256500.0
2013-06-09 19:00:00,252900.0
2013-06-09 20:00:00,243100.0
2013-06-09 21:00:00,256200.0
2013-06-09 22:00:00,243900.0
2013-06-09 23:00:00,157300.0
2013-06-10 00:00:00,111000.0
2013-06-10 01:00:00,58100.0
2013-06-10 02:00:00,53500.0
2013-06-10 03:00:00,52400.0
2013-06-10 04:00:00,50500.0
2013-06-10 05:00:00,48500.0
2013-06-10 06:00:00,46800.0
2013-06-10 07:00:00,46200.0
2013-06-10 08:00:00,54800.0
2013-06-10 09:00:00,122100.0
2013-06-10 10:00:00,225100.0
2013-06-10 11:00:00,233700.0
2013-06-10 12:00:00,242400.0
2013-06-10 13:00:00,242700.0
2013-06-10 14:00:00,275300.0
2013-06-10 15:00:00,272100.0
2013-06-10 16:00:00,264100.0
2013-06-10 17:00:00,262700.0
2013-06-10 18:00:00,268200.0
2013-06-10 19:00:00,273000.0
2013-06-10 20:00:00,254000.0
2013-06-10 21:00:00,253800.0
2013-06-10 22:00:00,247700.0
2013-06-10 23:00:00,151500.0
2013-06-11 00:00:00,110900.0
2013-06-11 01:00:00,62200.0
2013-06-11 02:00:00,56100.0
2013-06-11 03:00:00,53700.0
2013-06-11 04:00:00,52400.0
2013-06-11 05:00:00,49000.0
2013-06-11 06:00:00,48000.0
2013-06-11 07:00:00,47400.0
2013-06-11 08:00:00,56600.0
2013-06-11 09:00:00,128100.0
2013-06-11 10:00:00,228900.0
2013-06-11 11:00:00,260300.0
2013-06-11 12:00:00,296200.0
2013-06-11 13:00:00,276500.0
2013-06-11 14:00:00,303800.0
2013-06-11 15:00:00,203700.0
2013-06-11 16:00:00,119000.0
2013-06-11 17:00:00,128900.0
2013-06-11 18:00:00,376700.0
2013-06-11 19:00:00,352700.0
2013-06-11 20:00:00,335600.0
2013-06-11 21:00:00,285500.0
2013-06-11 22:00:00,276500.0
2013-06-11 23:00:00,168200.0
2013-06-12 00:00:00,117300.0
2013-06-12 01:00:00,67400.0
2013-06-12 02:00:00,57500.0
2013-06-12 03:00:00,55700.0
2013-06-12 04:00:00,54200.0
2013-06-12 05:00:00,50700.0
2013-06-12 06:00:00,49100.0
2013-06-12 07:00:00,49300.0
2013-06-12 08:00:00,58300.0
2013-06-12 09:00:00,134000.0
2013-06-12 10:00:00,277600.0
2013-06-12 11:00:00,307900.0
2013-06-12 12:00:00,332000.0
2013-06-12 13:00:00,337300.0
2013-06-12 14:00:00,344600.0
2013-06-12 15:00:00,365200.0
2013-06-12 16:00:00,359800.0
2013-06-12 17:00:00,372300.0
2013-06-12 18:00:00,365900.0
2013-06-12 19:00:00,337200.0
2013-06-12 20:00:00,303200.0
2013-06-12 21:00:00,269100.0
2013-06-12 22:00:00,269700.0
2013-06-12 23:00:00,155000.0
2013-06-13 00:00:00,114800.0
2013-06-13 01:00:00,62800.0
2013-06-13 02:00:00,56400.0
2013-06-13 03:00:00,54800.0
2013-06-13 04:00:00,53200.0
2013-06-13 05:00:00,50400.0
2013-06-13 06:00:00,48300.0
2013-06-13 07:00:00,48600.0
2013-06-13 08:00:00,58200.0
2013-06-13 09:00:00,141300.0
2013-06-13 10:00:00,319600.0
2013-06-13 11:00:00,343200.0
2013-06-13 12:00:00,374400.0
2013-06-13 13:00:00,422300.0
2013-06-13 14:00:00,427100.0
2013-06-13 15:00:00,444500.0
2013-06-13 16:00:00,446500.0
2013-06-13 17:00:00,462300.0
2013-06-13 18:00:00,422000.0
2013-06-13 19:00:00,361100.0
2013-06-13 20:00:00,377800.0
2013-06-13 21:00:00,321900.0
2013-06-13 22:00:00,327400.0
2013-06-13 23:00:00,172700.0
2013-06-14 00:00:00,123000.0
2013-06-14 01:00:00,72600.0
2013-06-14 02:00:00,66800.0
2013-06-14 03:00:00,62400.0
2013-06-14 04:00:00,59400.0
2013-06-14 05:00:00,57700.0
2013-06-14 06:00:00,54700.0
2013-06-14 07:00:00,53400.0
2013-06-14 08:00:00,61400.0
2013-06-14 09:00:00,140700.0
2013-06-14 10:00:00,325700.0
2013-06-14 11:00:00,358200.0
2013-06-14 12:00:00,383300.0
2013-06-14 13:00:00,406600.0
2013-06-14 14:00:00,435700.0
2013-06-14 15:00:00,444700.0
2013-06-14 16:00:00,467500.0
2013-06-14 17:00:00,456300.0
2013-06-14 18:00:00,453400.0
2013-06-14 19:00:00,404500.0
2013-06-14 20:00:00,341900.0
2013-06-14 21:00:00,294300.0
2013-06-14 22:00:00,292100.0
2013-06-14 23:00:00,173600.0
2013-06-15 00:00:00,117900.0
2013-06-15 01:00:00,96300.0
2013-06-15 02:00:00,84900.0
2013-06-15 03:00:00,68400.0
2013-06-15 04:00:00,52900.0
2013-06-15 05:00:00,51900.0
2013-06-15 06:00:00,49900.0
2013-06-15 07:00:00,50000.0
2013-06-15 08:00:00,58300.0
2013-06-15 09:00:00,161100.0
2013-06-15 10:00:00,262300.0
2013-06-15 11:00:00,319500.0
2013-06-15 12:00:00,382500.0
2013-06-15 13:00:00,409500.0
2013-06-15 14:00:00,437800.0
2013-06-15 15:00:00,443000.0
2013-06-15 16:00:00,451500.0
2013-06-15 17:00:00,445300.0
2013-06-15 18:00:00,450900.0
2013-06-15 19:00:00,412300.0
2013-06-15 20:00:00,363500.0
2013-06-15 21:00:00,298600.0
2013-06-15 22:00:00,308800.0
2013-06-15 23:00:00,167300.0
2013-06-16 00:00:00,124100.0
2013-06-16 01:00:00,104200.0
2013-06-16 02:00:00,95200.0
2013-06-16 03:00:00,85300.0
2013-06-16 04:00:00,54000.0
2013-06-16 05:00:00,53100.0
2013-06-16 06:00:00,51500.0
2013-06-16 07:00:00,50800.0
2013-06-16 08:00:00,59200.0
2013-06-16 09:00:00,172800.0
2013-06-16 10:00:00,285600.0
2013-06-16 11:00:00,359000.0
2013-06-16 12:00:00,388800.0
2013-06-16 13:00:00,421600.0
2013-06-16 14:00:00,438000.0
2013-06-16 15:00:00,455500.0
2013-06-16 16:00:00,433400.0
2013-06-16 17:00:00,418200.0
2013-06-16 18:00:00,393600.0
2013-06-16 19:00:00,347900.0
2013-06-16 20:00:00,324000.0
2013-06-16 21:00:00,294700.0
2013-06-16 22:00:00,282500.0
2013-06-16 23:00:00,176800.0
2013-06-17 00:00:00,112500.0
2013-06-17 01:00:00,63900.0
2013-06-17 02:00:00,59600.0
2013-06-17 03:00:00,56800.0
2013-06-17 04:00:00,54700.0
2013-06-17 05:00:00,54100.0
2013-06-17 06:00:00,50900.0
2013-06-17 07:00:00,51600.0
2013-06-17 08:00:00,60200.0
2013-06-17 09:00:00,133000.0
2013-06-17 10:00:00,258800.0
2013-06-17 11:00:00,283400.0
2013-06-17 12:00:00,290200.0
2013-06-17 13:00:00,318000.0
2013-06-17 14:00:00,324500.0
2013-06-17 15:00:00,332100.0
2013-06-17 16:00:00,337000.0
2013-06-17 17:00:00,317400.0
2013-06-17 18:00:00,315800.0
2013-06-17 19:00:00,292900.0
2013-06-17 20:00:00,285700.0
2013-06-17 21:00:00,270300.0
2013-06-17 22:00:00,284400.0
2013-06-17 23:00:00,164800.0
2013-06-18 00:00:00,110800.0
2013-06-18 01:00:00,62300.0
2013-06-18 02:00:00,57900.0
2013-06-18 03:00:00,55100.0
2013-06-18 04:00:00,52100.0
2013-06-18 05:00:00,51000.0
2013-06-18 06:00:00,49100.0
2013-06-18 07:00:00,52700.0
2013-06-18 08:00:00,60100.0
2013-06-18 09:00:00,126500.0
2013-06-18 10:00:00,242800.0
2013-06-18 11:00:00,258300.0
2013-06-18 12:00:00,281500.0
2013-06-18 13:00:00,282900.0
2013-06-18 14:00:00,273100.0
2013-06-18 15:00:00,277400.0
2013-06-18 16:00:00,278100.0
2013-06-18 17:00:00,278000.0
2013-06-18 18:00:00,260000.0
2013-06-18 19:00:00,260100.0
2013-06-18 20:00:00,253600.0
2013-06-18 21:00:00,235400.0
2013-06-18 22:00:00,251100.0
2013-06-18 23:00:00,155300.0
2013-06-19 00:00:00,112200.0
2013-06-19 01:00:00,65800.0
2013-06-19 02:00:00,63600.0
2013-06-19 03:00:00,56500.0
2013-06-19 04:00:00,52500.0
2013-06-19 05:00:00,52200.0
2013-06-19 06:00:00,47800.0
2013-06-19 07:00:00,48100.0
2013-06-19 08:00:00,56700.0
2013-06-19 09:00:00,125800.0
2013-06-19 10:00:00,250000.0
2013-06-19 11:00:00,267700.0
2013-06-19 12:00:00,273500.0
2013-06-19 13:00:00,281900.0
2013-06-19 14:00:00,310000.0
2013-06-19 15:00:00,337700.0
2013-06-19 16:00:00,334100.0
2013-06-19 17:00:00,341200.0
2013-06-19 18:00:00,322400.0
2013-06-19 19:00:00,302600.0
2013-06-19 20:00:00,295600.0
2013-06-19 21:00:00,258000.0
2013-06-19 22:00:00,277200.0
2013-06-19 23:00:00,164600.0
2013-06-20 00:00:00,121900.0
2013-06-20 01:00:00,70900.0
2013-06-20 02:00:00,64700.0
2013-06-20 03:00:00,60500.0
2013-06-20 04:00:00,59000.0
2013-06-20 05:00:00,56900.0
2013-06-20 06:00:00,55300.0
2013-06-20 07:00:00,55800.0
2013-06-20 08:00:00,67800.0
2013-06-20 09:00:00,138500.0
2013-06-20 10:00:00,270600.0
2013-06-20 11:00:00,283800.0
2013-06-20 12:00:00,306800.0
2013-06-20 13:00:00,311700.0
2013-06-20 14:00:00,353800.0
2013-06-20 15:00:00,398600.0
2013-06-20 16:00:00,386900.0
2013-06-20 17:00:00,396800.0
2013-06-20 18:00:00,371500.0
2013-06-20 19:00:00,347400.0
2013-06-20 20:00:00,291700.0
2013-06-20 21:00:00,262400.0
2013-06-20 22:00:00,259200.0
2013-06-20 23:00:00,165800.0
2013-06-21 00:00:00,125000.0
2013-06-21 01:00:00,96500.0
2013-06-21 02:00:00,58900.0
2013-06-21 03:00:00,54600.0
2013-06-21 04:00:00,50200.0
2013-06-21 05:00:00,49600.0
2013-06-21 06:00:00,48400.0
2013-06-21 07:00:00,47600.0
2013-06-21 08:00:00,58200.0
2013-06-21 09:00:00,135500.0
2013-06-21 10:00:00,269000.0
2013-06-21 11:00:00,282700.0
2013-06-21 12:00:00,310500.0
2013-06-21 13:00:00,332800.0
2013-06-21 14:00:00,349500.0
2013-06-21 15:00:00,364300.0
2013-06-21 16:00:00,356400.0
2013-06-21 17:00:00,351700.0
2013-06-21 18:00:00,322100.0
2013-06-21 19:00:00,310900.0
2013-06-21 20:00:00,291600.0
2013-06-21 21:00:00,272100.0
2013-06-21 22:00:00,299200.0
2013-06-21 23:00:00,166900.0
2013-06-22 00:00:00,116100.0
2013-06-22 01:00:00,98100.0
2013-06-22 02:00:00,85200.0
2013-06-22 03:00:00,67500.0
2013-06-22 04:00:00,51200.0
2013-06-22 05:00:00,49300.0
2013-06-22 06:00:00,47300.0
2013-06-22 07:00:00,48500.0
2013-06-22 08:00:00,57900.0
2013-06-22 09:00:00,171800.0
2013-06-22 10:00:00,299400.0
2013-06-22 11:00:00,331800.0
2013-06-22 12:00:00,346900.0
2013-06-22 13:00:00,354400.0
2013-06-22 14:00:00,344700.0
2013-06-22 15:00:00,364800.0
2013-06-22 16:00:00,372600.0
2013-06-22 17:00:00,380300.0
2013-06-22 18:00:00,373500.0
2013-06-22 19:00:00,371800.0
2013-06-22 20:00:00,349100.0
2013-06-22 21:00:00,327400.0
2013-06-22 22:00:00,359900.0
2013-06-22 23:00:00,180300.0
2013-06-23 00:00:00,127000.0
2013-06-23 01:00:00,103700.0
2013-06-23 02:00:00,91800.0
2013-06-23 03:00:00,81600.0
2013-06-23 04:00:00,51500.0
2013-06-23 05:00:00,51300.0
2013-06-23 06:00:00,49400.0
2013-06-23 07:00:00,48400.0
2013-06-23 08:00:00,58000.0
2013-06-23 09:00:00,187500.0
2013-06-23 10:00:00,347100.0
2013-06-23 11:00:00,428400.0
2013-06-23 12:00:00,461900.0
2013-06-23 13:00:00,456100.0
2013-06-23 14:00:00,462000.0
2013-06-23 15:00:00,462800.0
2013-06-23 16:00:00,472700.0
2013-06-23 17:00:00,475000.0
2013-06-23 18:00:00,472000.0
2013-06-23 19:00:00,443300.0
2013-06-23 20:00:00,445200.0
2013-06-23 21:00:00,395100.0
2013-06-23 22:00:00,381600.0
2013-06-23 23:00:00,191300.0
2013-06-24 00:00:00,119000.0
2013-06-24 01:00:00,64400.0
2013-06-24 02:00:00,59100.0
2013-06-24 03:00:00,55600.0
2013-06-24 04:00:00,52800.0
2013-06-24 05:00:00,50800.0
2013-06-24 06:00:00,50500.0
2013-06-24 07:00:00,42900.0
2013-06-24 08:00:00,46800.0
2013-06-24 09:00:00,157200.0
2013-06-24 10:00:00,280100.0
2013-06-24 11:00:00,383000.0
2013-06-24 12:00:00,385100.0
2013-06-24 13:00:00,387200.0
2013-06-24 14:00:00,390400.0
2013-06-24 15:00:00,391900.0
2013-06-24 16:00:00,403700.0
2013-06-24 17:00:00,398400.0
2013-06-24 18:00:00,389400.0
2013-06-24 19:00:00,379900.0
2013-06-24 20:00:00,355000.0
2013-06-24 21:00:00,327100.0
2013-06-24 22:00:00,334400.0
2013-06-24 23:00:00,218000.0
2013-06-25 00:00:00,151200.0
2013-06-25 01:00:00,62800.0
2013-06-25 02:00:00,58000.0
2013-06-25 03:00:00,53800.0
2013-06-25 04:00:00,53100.0
2013-06-25 05:00:00,51900.0
2013-06-25 06:00:00,50100.0
2013-06-25 07:00:00,50600.0
2013-06-25 08:00:00,59800.0
2013-06-25 09:00:00,157900.0
2013-06-25 10:00:00,420700.0
2013-06-25 11:00:00,436400.0
2013-06-25 12:00:00,456200.0
2013-06-25 13:00:00,469800.0
2013-06-25 14:00:00,463200.0
2013-06-25 15:00:00,466600.0
2013-06-25 16:00:00,464800.0
2013-06-25 17:00:00,452300.0
2013-06-25 18:00:00,444600.0
2013-06-25 19:00:00,430300.0
2013-06-25 20:00:00,421000.0
2013-06-25 21:00:00,388000.0
2013-06-25 22:00:00,396300.0
2013-06-25 23:00:00,202500.0
2013-06-26 00:00:00,112200.0
2013-06-26 01:00:00,65400.0
2013-06-26 02:00:00,62800.0
2013-06-26 03:00:00,59500.0
2013-06-26 04:00:00,58000.0
2013-06-26 05:00:00,54500.0
2013-06-26 06:00:00,49200.0
2013-06-26 07:00:00,49200.0
2013-06-26 08:00:00,59500.0
2013-06-26 09:00:00,152700.0
2013-06-26 10:00:00,416200.0
2013-06-26 11:00:00,419800.0
2013-06-26 12:00:00,456300.0
2013-06-26 13:00:00,460800.0
2013-06-26 14:00:00,457800.0
2013-06-26 15:00:00,459200.0
2013-06-26 16:00:00,456100.0
2013-06-26 17:00:00,438900.0
2013-06-26 18:00:00,431300.0
2013-06-26 19:00:00,416500.0
2013-06-26 20:00:00,402200.0
2013-06-26 21:00:00,373800.0
2013-06-26 22:00:00,379900.0
2013-06-26 23:00:00,217900.0
2013-06-27 00:00:00,154000.0
2013-06-27 01:00:00,67000.0
2013-06-27 02:00:00,59400.0
2013-06-27 03:00:00,56500.0
2013-06-27 04:00:00,54700.0
2013-06-27 05:00:00,53000.0
2013-06-27 06:00:00,50200.0
2013-06-27 07:00:00,50500.0
2013-06-27 08:00:00,60800.0
2013-06-27 09:00:00,150500.0
2013-06-27 10:00:00,314300.0
2013-06-27 11:00:00,320000.0
2013-06-27 12:00:00,314400.0
2013-06-27 13:00:00,473000.0
2013-06-27 14:00:00,465900.0
2013-06-27 15:00:00,433600.0
2013-06-27 16:00:00,437200.0
2013-06-27 17:00:00,414500.0
2013-06-27 18:00:00,420900.0
2013-06-27 19:00:00,413400.0
2013-06-27 20:00:00,396500.0
2013-06-27 21:00:00,372500.0
2013-06-27 22:00:00,387300.0
2013-06-27 23:00:00,208800.0
2013-06-28 00:00:00,126400.0
2013-06-28 01:00:00,85900.0
2013-06-28 02:00:00,83400.0
2013-06-28 03:00:00,71900.0
2013-06-28 04:00:00,57600.0
2013-06-28 05:00:00,51400.0
2013-06-28 06:00:00,50100.0
2013-06-28 07:00:00,49400.0
2013-06-28 08:00:00,58900.0
2013-06-28 09:00:00,186100.0
2013-06-28 10:00:00,420200.0
2013-06-28 11:00:00,433300.0
2013-06-28 12:00:00,447400.0
2013-06-28 13:00:00,462800.0
2013-06-28 14:00:00,463600.0
2013-06-28 15:00:00,478600.0
2013-06-28 16:00:00,486500.0
2013-06-28 17:00:00,465600.0
2013-06-28 18:00:00,451000.0
2013-06-28 19:00:00,439700.0
2013-06-28 20:00:00,417900.0
2013-06-28 21:00:00,389900.0
2013-06-28 22:00:00,395400.0
2013-06-28 23:00:00,162200.0
2013-06-29 00:00:00,127300.0
2013-06-29 01:00:00,109800.0
2013-06-29 02:00:00,93700.0
2013-06-29 03:00:00,73700.0
2013-06-29 04:00:00,59500.0
2013-06-29 05:00:00,59400.0
2013-06-29 06:00:00,57800.0
2013-06-29 07:00:00,57900.0
2013-06-29 08:00:00,66800.0
2013-06-29 09:00:00,169600.0
2013-06-29 10:00:00,312400.0
2013-06-29 11:00:00,418800.0
2013-06-29 12:00:00,560900.0
2013-06-29 13:00:00,526900.0
2013-06-29 14:00:00,535000.0
2013-06-29 15:00:00,538100.0
2013-06-29 16:00:00,523000.0
2013-06-29 17:00:00,516700.0
2013-06-29 18:00:00,483300.0
2013-06-29 19:00:00,455400.0
2013-06-29 20:00:00,444800.0
2013-06-29 21:00:00,402500.0
2013-06-29 22:00:00,399200.0
2013-06-29 23:00:00,241100.0
2013-06-30 00:00:00,132300.0
2013-06-30 01:00:00,108900.0
2013-06-30 02:00:00,96100.0
2013-06-30 03:00:00,85300.0
2013-06-30 04:00:00,54200.0
2013-06-30 05:00:00,51900.0
2013-06-30 06:00:00,51400.0
2013-06-30 07:00:00,51600.0
2013-06-30 08:00:00,59500.0
2013-06-30 09:00:00,158300.0
2013-06-30 10:00:00,494800.0
2013-06-30 11:00:00,518300.0
2013-06-30 12:00:00,523600.0
2013-06-30 13:00:00,516700.0
2013-06-30 14:00:00,509000.0
2013-06-30 15:00:00,518600.0
2013-06-30 16:00:00,513000.0
2013-06-30 17:00:00,519300.0
2013-06-30 18:00:00,497000.0
2013-06-30 19:00:00,482200.0
2013-06-30 20:00:00,439500.0
2013-06-30 21:00:00,409300.0
2013-06-30 22:00:00,410800.0
2013-06-30 23:00:00,239600.0
2013-07-01 00:00:00,173000.0
2013-07-01 01:00:00,77200.0
2013-07-01 02:00:00,60900.0
2013-07-01 03:00:00,57900.0
2013-07-01 04:00:00,57300.0
2013-07-01 05:00:00,54700.0
2013-07-01 06:00:00,53000.0
2013-07-01 07:00:00,53500.0
2013-07-01 08:00:00,62700.0
2013-07-01 09:00:00,160300.0
2013-07-01 10:00:00,449300.0
2013-07-01 11:00:00,464500.0
2013-07-01 12:00:00,468300.0
2013-07-01 13:00:00,485100.0
2013-07-01 14:00:00,487200.0
2013-07-01 15:00:00,478000.0
2013-07-01 16:00:00,473200.0
2013-07-01 17:00:00,463200.0
2013-07-01 18:00:00,448700.0
2013-07-01 19:00:00,458300.0
2013-07-01 20:00:00,438400.0
2013-07-01 21:00:00,399700.0
2013-07-01 22:00:00,400600.0
2013-07-01 23:00:00,225100.0
2013-07-02 00:00:00,195400.0
2013-07-02 01:00:00,85500.0
2013-07-02 02:00:00,61900.0
2013-07-02 03:00:00,58400.0
2013-07-02 04:00:00,55600.0
2013-07-02 05:00:00,53800.0
2013-07-02 06:00:00,51700.0
2013-07-02 07:00:00,51800.0
2013-07-02 08:00:00,61400.0
2013-07-02 09:00:00,145600.0
2013-07-02 10:00:00,382500.0
2013-07-02 11:00:00,408100.0
2013-07-02 12:00:00,453400.0
2013-07-02 13:00:00,452800.0
2013-07-02 14:00:00,471500.0
2013-07-02 15:00:00,474100.0
2013-07-02 16:00:00,475800.0
2013-07-02 17:00:00,474400.0
2013-07-02 18:00:00,462100.0
2013-07-02 19:00:00,442900.0
2013-07-02 20:00:00,430900.0
2013-07-02 21:00:00,377700.0
2013-07-02 22:00:00,376500.0
2013-07-02 23:00:00,216300.0
2013-07-03 00:00:00,182500.0
2013-07-03 01:00:00,82600.0
2013-07-03 02:00:00,77600.0
2013-07-03 03:00:00,75100.0
2013-07-03 04:00:00,62600.0
2013-07-03 05:00:00,52400.0
2013-07-03 06:00:00,50500.0
2013-07-03 07:00:00,50600.0
2013-07-03 08:00:00,60300.0
2013-07-03 09:00:00,106600.0
2013-07-03 10:00:00,423000.0
2013-07-03 11:00:00,477000.0
2013-07-03 12:00:00,499600.0
2013-07-03 13:00:00,471700.0
2013-07-03 14:00:00,481200.0
2013-07-03 15:00:00,475500.0
2013-07-03 16:00:00,477300.0
2013-07-03 17:00:00,487300.0
2013-07-03 18:00:00,472100.0
2013-07-03 19:00:00,510900.0
2013-07-03 20:00:00,494200.0
2013-07-03 21:00:00,433100.0
2013-07-03 22:00:00,411100.0
2013-07-03 23:00:00,237200.0
2013-07-04 00:00:00,196500.0
2013-07-04 01:00:00,73000.0
2013-07-04 02:00:00,62800.0
2013-07-04 03:00:00,59800.0
2013-07-04 04:00:00,55900.0
2013-07-04 05:00:00,54700.0
2013-07-04 06:00:00,54000.0
2013-07-04 07:00:00,52600.0
2013-07-04 08:00:00,62100.0
2013-07-04 09:00:00,200700.0
2013-07-04 10:00:00,502100.0
2013-07-04 11:00:00,525000.0
2013-07-04 12:00:00,505500.0
2013-07-04 13:00:00,528300.0
2013-07-04 14:00:00,518600.0
2013-07-04 15:00:00,525100.0
2013-07-04 16:00:00,536300.0
2013-07-04 17:00:00,523500.0
2013-07-04 18:00:00,520800.0
2013-07-04 19:00:00,530200.0
2013-07-04 20:00:00,492300.0
2013-07-04 21:00:00,489400.0
2013-07-04 22:00:00,490800.0
2013-07-04 23:00:00,413500.0
2013-07-05 00:00:00,205600.0
2013-07-05 01:00:00,73800.0
2013-07-05 02:00:00,66800.0
2013-07-05 03:00:00,63200.0
2013-07-05 04:00:00,59300.0
2013-07-05 05:00:00,56900.0
2013-07-05 06:00:00,53700.0
2013-07-05 07:00:00,55100.0
2013-07-05 08:00:00,66000.0
2013-07-05 09:00:00,179400.0
2013-07-05 10:00:00,508900.0
2013-07-05 11:00:00,531300.0
2013-07-05 12:00:00,542900.0
2013-07-05 13:00:00,537100.0
2013-07-05 14:00:00,544600.0
2013-07-05 15:00:00,536300.0
2013-07-05 16:00:00,524400.0
2013-07-05 17:00:00,530100.0
2013-07-05 18:00:00,511100.0
2013-07-05 19:00:00,499200.0
2013-07-05 20:00:00,492200.0
2013-07-05 21:00:00,473700.0
2013-07-05 22:00:00,478000.0
2013-07-05 23:00:00,389700.0
2013-07-06 00:00:00,238000.0
2013-07-06 01:00:00,102000.0
2013-07-06 02:00:00,89800.0
2013-07-06 03:00:00,69100.0
2013-07-06 04:00:00,54400.0
2013-07-06 05:00:00,55100.0
2013-07-06 06:00:00,52100.0
2013-07-06 07:00:00,52600.0
2013-07-06 08:00:00,61500.0
2013-07-06 09:00:00,172600.0
2013-07-06 10:00:00,470900.0
2013-07-06 11:00:00,511000.0
2013-07-06 12:00:00,537300.0
2013-07-06 13:00:00,532100.0
2013-07-06 14:00:00,548400.0
2013-07-06 15:00:00,529200.0
2013-07-06 16:00:00,523300.0
2013-07-06 17:00:00,508500.0
2013-07-06 18:00:00,514400.0
2013-07-06 19:00:00,501100.0
2013-07-06 20:00:00,480200.0
2013-07-06 21:00:00,482800.0
2013-07-06 22:00:00,481200.0
2013-07-06 23:00:00,416400.0
2013-07-07 00:00:00,243100.0
2013-07-07 01:00:00,173700.0
2013-07-07 02:00:00,131100.0
2013-07-07 03:00:00,89600.0
2013-07-07 04:00:00,59400.0
2013-07-07 05:00:00,57300.0
2013-07-07 06:00:00,55900.0
2013-07-07 07:00:00,53900.0
2013-07-07 08:00:00,61900.0
2013-07-07 09:00:00,265700.0
2013-07-07 10:00:00,460400.0
2013-07-07 11:00:00,505600.0
2013-07-07 12:00:00,502300.0
2013-07-07 13:00:00,519300.0
2013-07-07 14:00:00,537300.0
2013-07-07 15:00:00,516700.0
2013-07-07 16:00:00,537700.0
2013-07-07 17:00:00,534000.0
2013-07-07 18:00:00,514300.0
2013-07-07 19:00:00,526300.0
2013-07-07 20:00:00,494000.0
2013-07-07 21:00:00,498700.0
2013-07-07 22:00:00,498000.0
2013-07-07 23:00:00,406100.0
2013-07-08 00:00:00,231100.0
2013-07-08 01:00:00,136700.0
2013-07-08 02:00:00,65900.0
2013-07-08 03:00:00,60600.0
2013-07-08 04:00:00,56400.0
2013-07-08 05:00:00,55800.0
2013-07-08 06:00:00,54300.0
2013-07-08 07:00:00,53000.0
2013-07-08 08:00:00,61100.0
2013-07-08 09:00:00,214600.0
2013-07-08 10:00:00,473700.0
2013-07-08 11:00:00,542800.0
2013-07-08 12:00:00,554200.0
2013-07-08 13:00:00,567100.0
2013-07-08 14:00:00,562700.0
2013-07-08 15:00:00,572600.0
2013-07-08 16:00:00,563600.0
2013-07-08 17:00:00,549400.0
2013-07-08 18:00:00,528600.0
2013-07-08 19:00:00,532800.0
2013-07-08 20:00:00,508400.0
2013-07-08 21:00:00,494100.0
2013-07-08 22:00:00,506100.0
2013-07-08 23:00:00,441300.0
2013-07-09 00:00:00,233000.0
2013-07-09 01:00:00,69500.0
2013-07-09 02:00:00,63600.0
2013-07-09 03:00:00,61800.0
2013-07-09 04:00:00,57300.0
2013-07-09 05:00:00,56700.0
2013-07-09 06:00:00,55100.0
2013-07-09 07:00:00,54900.0
2013-07-09 08:00:00,64600.0
2013-07-09 09:00:00,234500.0
2013-07-09 10:00:00,502800.0
2013-07-09 11:00:00,549600.0
2013-07-09 12:00:00,553500.0
2013-07-09 13:00:00,570100.0
2013-07-09 14:00:00,599800.0
2013-07-09 15:00:00,579200.0
2013-07-09 16:00:00,576800.0
2013-07-09 17:00:00,599200.0
2013-07-09 18:00:00,573200.0
2013-07-09 19:00:00,533800.0
2013-07-09 20:00:00,511100.0
2013-07-09 21:00:00,517700.0
2013-07-09 22:00:00,509000.0
2013-07-09 23:00:00,414800.0
2013-07-10 00:00:00,176400.0
2013-07-10 01:00:00,101700.0
2013-07-10 02:00:00,92700.0
2013-07-10 03:00:00,89300.0
2013-07-10 04:00:00,86000.0
2013-07-10 05:00:00,84500.0
2013-07-10 06:00:00,83800.0
2013-07-10 07:00:00,84900.0
2013-07-10 08:00:00,88600.0
2013-07-10 09:00:00,167100.0
2013-07-10 10:00:00,543400.0
2013-07-10 11:00:00,554000.0
2013-07-10 12:00:00,557100.0
2013-07-10 13:00:00,560100.0
2013-07-10 14:00:00,579600.0
2013-07-10 15:00:00,572500.0
2013-07-10 16:00:00,564300.0
2013-07-10 17:00:00,596700.0
2013-07-10 18:00:00,611500.0
2013-07-10 19:00:00,598200.0
2013-07-10 20:00:00,537600.0
2013-07-10 21:00:00,516600.0
2013-07-10 22:00:00,478600.0
2013-07-10 23:00:00,400300.0
2013-07-11 00:00:00,167600.0
2013-07-11 01:00:00,98700.0
2013-07-11 02:00:00,92700.0
2013-07-11 03:00:00,89600.0
2013-07-11 04:00:00,86100.0
2013-07-11 05:00:00,85000.0
2013-07-11 06:00:00,84000.0
2013-07-11 07:00:00,85100.0
2013-07-11 08:00:00,90500.0
2013-07-11 09:00:00,225400.0
2013-07-11 10:00:00,433500.0
2013-07-11 11:00:00,470600.0
2013-07-11 12:00:00,505400.0
2013-07-11 13:00:00,544000.0
2013-07-11 14:00:00,546600.0
2013-07-11 15:00:00,552900.0
2013-07-11 16:00:00,544900.0
2013-07-11 17:00:00,542600.0
2013-07-11 18:00:00,543000.0
2013-07-11 19:00:00,538400.0
2013-07-11 20:00:00,463800.0
2013-07-11 21:00:00,437300.0
2013-07-11 22:00:00,427500.0
2013-07-11 23:00:00,354800.0
2013-07-12 00:00:00,154200.0
2013-07-12 01:00:00,107200.0
2013-07-12 02:00:00,82100.0
2013-07-12 03:00:00,95800.0
2013-07-12 04:00:00,92500.0
2013-07-12 05:00:00,85100.0
2013-07-12 06:00:00,80700.0
2013-07-12 07:00:00,81500.0
2013-07-12 08:00:00,87600.0
2013-07-12 09:00:00,207100.0
2013-07-12 10:00:00,424700.0
2013-07-12 11:00:00,432000.0
2013-07-12 12:00:00,472800.0
2013-07-12 13:00:00,483300.0
2013-07-12 14:00:00,489300.0
2013-07-12 15:00:00,490400.0
2013-07-12 16:00:00,493100.0
2013-07-12 17:00:00,495100.0
2013-07-12 18:00:00,484900.0
2013-07-12 19:00:00,489200.0
2013-07-12 20:00:00,437300.0
2013-07-12 21:00:00,418900.0
2013-07-12 22:00:00,411600.0
2013-07-12 23:00:00,339400.0
2013-07-13 00:00:00,215000.0
2013-07-13 01:00:00,103200.0
2013-07-13 02:00:00,95900.0
2013-07-13 03:00:00,94300.0
2013-07-13 04:00:00,91700.0
2013-07-13 05:00:00,89400.0
2013-07-13 06:00:00,86700.0
2013-07-13 07:00:00,87500.0
2013-07-13 08:00:00,92100.0
2013-07-13 09:00:00,197900.0
2013-07-13 10:00:00,351500.0
2013-07-13 11:00:00,397200.0
2013-07-13 12:00:00,410300.0
2013-07-13 13:00:00,414600.0
2013-07-13 14:00:00,423700.0
2013-07-13 15:00:00,427100.0
2013-07-13 16:00:00,446500.0
2013-07-13 17:00:00,466500.0
2013-07-13 18:00:00,478500.0
2013-07-13 19:00:00,432500.0
2013-07-13 20:00:00,430900.0
2013-07-13 21:00:00,415600.0
2013-07-13 22:00:00,397400.0
2013-07-13 23:00:00,349300.0
2013-07-14 00:00:00,169600.0
2013-07-14 01:00:00,104400.0
2013-07-14 02:00:00,93200.0
2013-07-14 03:00:00,89900.0
2013-07-14 04:00:00,88300.0
2013-07-14 05:00:00,86000.0
2013-07-14 06:00:00,85600.0
2013-07-14 07:00:00,86400.0
2013-07-14 08:00:00,90200.0
2013-07-14 09:00:00,195200.0
2013-07-14 10:00:00,332800.0
2013-07-14 11:00:00,394400.0
2013-07-14 12:00:00,441300.0
2013-07-14 13:00:00,450600.0
2013-07-14 14:00:00,463500.0
2013-07-14 15:00:00,480400.0
2013-07-14 16:00:00,466000.0
2013-07-14 17:00:00,471400.0
2013-07-14 18:00:00,472200.0
2013-07-14 19:00:00,468900.0
2013-07-14 20:00:00,444900.0
2013-07-14 21:00:00,427900.0
2013-07-14 22:00:00,395800.0
2013-07-14 23:00:00,346000.0
2013-07-15 00:00:00,162600.0
2013-07-15 01:00:00,97900.0
2013-07-15 02:00:00,95000.0
2013-07-15 03:00:00,90700.0
2013-07-15 04:00:00,89400.0
2013-07-15 05:00:00,86300.0
2013-07-15 06:00:00,86300.0
2013-07-15 07:00:00,88000.0
2013-07-15 08:00:00,90300.0
2013-07-15 09:00:00,206900.0
2013-07-15 10:00:00,397000.0
2013-07-15 11:00:00,417600.0
2013-07-15 12:00:00,469000.0
2013-07-15 13:00:00,466900.0
2013-07-15 14:00:00,468000.0
2013-07-15 15:00:00,479200.0
2013-07-15 16:00:00,489800.0
2013-07-15 17:00:00,485900.0
2013-07-15 18:00:00,496900.0
2013-07-15 19:00:00,473300.0
2013-07-15 20:00:00,453900.0
2013-07-15 21:00:00,444400.0
2013-07-15 22:00:00,429300.0
2013-07-15 23:00:00,343000.0
2013-07-16 00:00:00,173100.0
2013-07-16 01:00:00,101300.0
2013-07-16 02:00:00,96800.0
2013-07-16 03:00:00,94000.0
2013-07-16 04:00:00,91800.0
2013-07-16 05:00:00,90500.0
2013-07-16 06:00:00,91600.0
2013-07-16 07:00:00,92200.0
2013-07-16 08:00:00,95400.0
2013-07-16 09:00:00,205800.0
2013-07-16 10:00:00,433100.0
2013-07-16 11:00:00,481600.0
2013-07-16 12:00:00,483400.0
2013-07-16 13:00:00,515000.0
2013-07-16 14:00:00,491400.0
2013-07-16 15:00:00,500500.0
2013-07-16 16:00:00,509700.0
2013-07-16 17:00:00,493100.0
2013-07-16 18:00:00,497500.0
2013-07-16 19:00:00,506800.0
2013-07-16 20:00:00,510400.0
2013-07-16 21:00:00,492200.0
2013-07-16 22:00:00,461700.0
2013-07-16 23:00:00,371600.0
2013-07-17 00:00:00,174200.0
2013-07-17 01:00:00,99000.0
2013-07-17 02:00:00,94900.0
2013-07-17 03:00:00,93700.0
2013-07-17 04:00:00,90700.0
2013-07-17 05:00:00,89600.0
2013-07-17 06:00:00,88500.0
2013-07-17 07:00:00,89200.0
2013-07-17 08:00:00,91900.0
2013-07-17 09:00:00,223800.0
2013-07-17 10:00:00,443300.0
2013-07-17 11:00:00,479700.0
2013-07-17 12:00:00,494700.0
2013-07-17 13:00:00,497000.0
2013-07-17 14:00:00,509100.0
2013-07-17 15:00:00,500300.0
2013-07-17 16:00:00,524900.0
2013-07-17 17:00:00,535800.0
2013-07-17 18:00:00,519500.0
2013-07-17 19:00:00,504800.0
2013-07-17 20:00:00,495500.0
2013-07-17 21:00:00,437900.0
2013-07-17 22:00:00,421200.0
2013-07-17 23:00:00,349800.0
2013-07-18 00:00:00,166600.0
2013-07-18 01:00:00,100900.0
2013-07-18 02:00:00,97700.0
2013-07-18 03:00:00,95600.0
2013-07-18 04:00:00,87400.0
2013-07-18 05:00:00,82300.0
2013-07-18 06:00:00,80700.0
2013-07-18 07:00:00,80800.0
2013-07-18 08:00:00,83100.0
2013-07-18 09:00:00,206000.0
2013-07-18 10:00:00,422800.0
2013-07-18 11:00:00,448300.0
2013-07-18 12:00:00,470100.0
2013-07-18 13:00:00,483400.0
2013-07-18 14:00:00,492500.0
2013-07-18 15:00:00,500400.0
2013-07-18 16:00:00,508000.0
2013-07-18 17:00:00,502600.0
2013-07-18 18:00:00,485800.0
2013-07-18 19:00:00,464100.0
2013-07-18 20:00:00,467600.0
2013-07-18 21:00:00,420900.0
2013-07-18 22:00:00,394000.0
2013-07-18 23:00:00,349800.0
2013-07-19 00:00:00,161400.0
2013-07-19 01:00:00,75600.0
2013-07-19 02:00:00,70200.0
2013-07-19 03:00:00,66200.0
2013-07-19 04:00:00,63100.0
2013-07-19 05:00:00,61400.0
2013-07-19 06:00:00,59900.0
2013-07-19 07:00:00,57200.0
2013-07-19 08:00:00,66000.0
2013-07-19 09:00:00,242300.0
2013-07-19 10:00:00,385800.0
2013-07-19 11:00:00,459800.0
2013-07-19 12:00:00,495900.0
2013-07-19 13:00:00,497300.0
2013-07-19 14:00:00,496800.0
2013-07-19 15:00:00,496900.0
2013-07-19 16:00:00,500100.0
2013-07-19 17:00:00,499800.0
2013-07-19 18:00:00,501800.0
2013-07-19 19:00:00,489200.0
2013-07-19 20:00:00,479900.0
2013-07-19 21:00:00,435800.0
2013-07-19 22:00:00,393400.0
2013-07-19 23:00:00,337500.0
2013-07-20 00:00:00,208000.0
2013-07-20 01:00:00,130300.0
2013-07-20 02:00:00,88700.0
2013-07-20 03:00:00,76900.0
2013-07-20 04:00:00,67500.0
2013-07-20 05:00:00,61500.0
2013-07-20 06:00:00,58700.0
2013-07-20 07:00:00,60000.0
2013-07-20 08:00:00,65600.0
2013-07-20 09:00:00,236700.0
2013-07-20 10:00:00,356000.0
2013-07-20 11:00:00,422100.0
2013-07-20 12:00:00,441800.0
2013-07-20 13:00:00,437900.0
2013-07-20 14:00:00,448800.0
2013-07-20 15:00:00,459500.0
2013-07-20 16:00:00,482700.0
2013-07-20 17:00:00,498400.0
2013-07-20 18:00:00,470200.0
2013-07-20 19:00:00,465700.0
2013-07-20 20:00:00,417600.0
2013-07-20 21:00:00,388300.0
2013-07-20 22:00:00,373700.0
2013-07-20 23:00:00,333300.0
2013-07-21 00:00:00,186300.0
2013-07-21 01:00:00,107800.0
2013-07-21 02:00:00,93600.0
2013-07-21 03:00:00,83900.0
2013-07-21 04:00:00,53300.0
2013-07-21 05:00:00,50900.0
2013-07-21 06:00:00,50900.0
2013-07-21 07:00:00,49500.0
2013-07-21 08:00:00,58000.0
2013-07-21 09:00:00,238700.0
2013-07-21 10:00:00,355300.0
2013-07-21 11:00:00,400700.0
2013-07-21 12:00:00,433200.0
2013-07-21 13:00:00,425300.0
2013-07-21 14:00:00,438000.0
2013-07-21 15:00:00,450400.0
2013-07-21 16:00:00,461600.0
2013-07-21 17:00:00,479000.0
2013-07-21 18:00:00,478000.0
2013-07-21 19:00:00,493600.0
2013-07-21 20:00:00,432700.0
2013-07-21 21:00:00,407500.0
2013-07-21 22:00:00,394500.0
2013-07-21 23:00:00,347900.0
2013-07-22 00:00:00,183100.0
2013-07-22 01:00:00,66800.0
2013-07-22 02:00:00,61400.0
2013-07-22 03:00:00,58000.0
2013-07-22 04:00:00,54500.0
2013-07-22 05:00:00,52500.0
2013-07-22 06:00:00,50900.0
2013-07-22 07:00:00,52200.0
2013-07-22 08:00:00,36800.0
2013-07-22 09:00:00,203900.0
2013-07-22 10:00:00,387500.0
2013-07-22 11:00:00,452000.0
2013-07-22 12:00:00,473100.0
2013-07-22 13:00:00,471000.0
2013-07-22 14:00:00,484500.0
2013-07-22 15:00:00,487100.0
2013-07-22 16:00:00,487200.0
2013-07-22 17:00:00,490000.0
2013-07-22 18:00:00,493400.0
2013-07-22 19:00:00,490400.0
2013-07-22 20:00:00,435700.0
2013-07-22 21:00:00,421600.0
2013-07-22 22:00:00,394800.0
2013-07-22 23:00:00,344700.0
2013-07-23 00:00:00,200600.0
2013-07-23 01:00:00,76000.0
2013-07-23 02:00:00,62800.0
2013-07-23 03:00:00,57100.0
2013-07-23 04:00:00,52700.0
2013-07-23 05:00:00,50400.0
2013-07-23 06:00:00,48700.0
2013-07-23 07:00:00,50100.0
2013-07-23 08:00:00,62100.0
2013-07-23 09:00:00,203800.0
2013-07-23 10:00:00,408900.0
2013-07-23 11:00:00,449900.0
2013-07-23 12:00:00,483400.0
2013-07-23 13:00:00,480000.0
2013-07-23 14:00:00,490200.0
2013-07-23 15:00:00,489000.0
2013-07-23 16:00:00,510300.0
2013-07-23 17:00:00,522500.0
2013-07-23 18:00:00,509700.0
2013-07-23 19:00:00,491100.0
2013-07-23 20:00:00,451800.0
2013-07-23 21:00:00,402800.0
2013-07-23 22:00:00,405000.0
2013-07-23 23:00:00,351200.0
2013-07-24 00:00:00,192300.0
2013-07-24 01:00:00,66800.0
2013-07-24 02:00:00,61200.0
2013-07-24 03:00:00,57800.0
2013-07-24 04:00:00,52600.0
2013-07-24 05:00:00,50900.0
2013-07-24 06:00:00,48800.0
2013-07-24 07:00:00,48200.0
2013-07-24 08:00:00,58800.0
2013-07-24 09:00:00,237500.0
2013-07-24 10:00:00,389300.0
2013-07-24 11:00:00,456500.0
2013-07-24 12:00:00,497100.0
2013-07-24 13:00:00,527900.0
2013-07-24 14:00:00,531000.0
2013-07-24 15:00:00,530300.0
2013-07-24 16:00:00,514400.0
2013-07-24 17:00:00,523200.0
2013-07-24 18:00:00,529900.0
2013-07-24 19:00:00,493000.0
2013-07-24 20:00:00,449600.0
2013-07-24 21:00:00,437600.0
2013-07-24 22:00:00,402300.0
2013-07-24 23:00:00,350700.0
2013-07-25 00:00:00,207600.0
2013-07-25 01:00:00,69000.0
2013-07-25 02:00:00,61400.0
2013-07-25 03:00:00,58700.0
2013-07-25 04:00:00,56100.0
2013-07-25 05:00:00,52500.0
2013-07-25 06:00:00,48800.0
2013-07-25 07:00:00,49000.0
2013-07-25 08:00:00,60000.0
2013-07-25 09:00:00,224700.0
2013-07-25 10:00:00,435800.0
2013-07-25 11:00:00,488700.0
2013-07-25 12:00:00,499200.0
2013-07-25 13:00:00,526600.0
2013-07-25 14:00:00,523500.0
2013-07-25 15:00:00,540200.0
2013-07-25 16:00:00,539900.0
2013-07-25 17:00:00,551000.0
2013-07-25 18:00:00,537600.0
2013-07-25 19:00:00,500300.0
2013-07-25 20:00:00,472100.0
2013-07-25 21:00:00,444500.0
2013-07-25 22:00:00,445400.0
2013-07-25 23:00:00,357700.0
2013-07-26 00:00:00,210100.0
2013-07-26 01:00:00,73700.0
2013-07-26 02:00:00,66000.0
2013-07-26 03:00:00,62300.0
2013-07-26 04:00:00,59000.0
2013-07-26 05:00:00,54100.0
2013-07-26 06:00:00,50700.0
2013-07-26 07:00:00,49600.0
2013-07-26 08:00:00,62400.0
2013-07-26 09:00:00,245200.0
2013-07-26 10:00:00,358100.0
2013-07-26 11:00:00,433100.0
2013-07-26 12:00:00,431500.0
2013-07-26 13:00:00,453000.0
2013-07-26 14:00:00,462600.0
2013-07-26 15:00:00,461600.0
2013-07-26 16:00:00,484700.0
2013-07-26 17:00:00,473700.0
2013-07-26 18:00:00,450000.0
2013-07-26 19:00:00,435300.0
2013-07-26 20:00:00,392500.0
2013-07-26 21:00:00,374500.0
2013-07-26 22:00:00,367600.0
2013-07-26 23:00:00,322800.0
2013-07-27 00:00:00,166100.0
2013-07-27 01:00:00,99700.0
2013-07-27 02:00:00,87700.0
2013-07-27 03:00:00,68400.0
2013-07-27 04:00:00,53300.0
2013-07-27 05:00:00,50800.0
2013-07-27 06:00:00,49600.0
2013-07-27 07:00:00,50200.0
2013-07-27 08:00:00,58600.0
2013-07-27 09:00:00,255600.0
2013-07-27 10:00:00,336300.0
2013-07-27 11:00:00,396500.0
2013-07-27 12:00:00,400000.0
2013-07-27 13:00:00,412500.0
2013-07-27 14:00:00,423800.0
2013-07-27 15:00:00,424400.0
2013-07-27 16:00:00,402300.0
2013-07-27 17:00:00,393500.0
2013-07-27 18:00:00,385200.0
2013-07-27 19:00:00,383500.0
2013-07-27 20:00:00,378700.0
2013-07-27 21:00:00,383800.0
2013-07-27 22:00:00,382700.0
2013-07-27 23:00:00,341600.0
2013-07-28 00:00:00,190600.0
2013-07-28 01:00:00,107800.0
2013-07-28 02:00:00,92300.0
2013-07-28 03:00:00,82800.0
2013-07-28 04:00:00,52500.0
2013-07-28 05:00:00,51200.0
2013-07-28 06:00:00,48700.0
2013-07-28 07:00:00,48200.0
2013-07-28 08:00:00,57300.0
2013-07-28 09:00:00,241900.0
2013-07-28 10:00:00,324300.0
2013-07-28 11:00:00,368300.0
2013-07-28 12:00:00,406800.0
2013-07-28 13:00:00,416600.0
2013-07-28 14:00:00,432000.0
2013-07-28 15:00:00,447600.0
2013-07-28 16:00:00,463300.0
2013-07-28 17:00:00,450300.0
2013-07-28 18:00:00,435800.0
2013-07-28 19:00:00,418800.0
2013-07-28 20:00:00,416500.0
2013-07-28 21:00:00,399600.0
2013-07-28 22:00:00,391300.0
2013-07-28 23:00:00,335300.0
2013-07-29 00:00:00,155900.0
2013-07-29 01:00:00,66600.0
2013-07-29 02:00:00,58700.0
2013-07-29 03:00:00,54000.0
2013-07-29 04:00:00,51200.0
2013-07-29 05:00:00,49600.0
2013-07-29 06:00:00,49000.0
2013-07-29 07:00:00,49200.0
2013-07-29 08:00:00,60300.0
2013-07-29 09:00:00,225000.0
2013-07-29 10:00:00,381100.0
2013-07-29 11:00:00,414600.0
2013-07-29 12:00:00,442500.0
2013-07-29 13:00:00,453000.0
2013-07-29 14:00:00,455900.0
2013-07-29 15:00:00,444900.0
2013-07-29 16:00:00,469300.0
2013-07-29 17:00:00,481600.0
2013-07-29 18:00:00,486400.0
2013-07-29 19:00:00,483100.0
2013-07-29 20:00:00,479900.0
2013-07-29 21:00:00,436900.0
2013-07-29 22:00:00,407500.0
2013-07-29 23:00:00,340300.0
2013-07-30 00:00:00,176400.0
2013-07-30 01:00:00,70800.0
2013-07-30 02:00:00,64200.0
2013-07-30 03:00:00,58900.0
2013-07-30 04:00:00,52400.0
2013-07-30 05:00:00,49900.0
2013-07-30 06:00:00,48000.0
2013-07-30 07:00:00,49400.0
2013-07-30 08:00:00,60100.0
2013-07-30 09:00:00,247000.0
2013-07-30 10:00:00,433000.0
2013-07-30 11:00:00,488600.0
2013-07-30 12:00:00,523700.0
2013-07-30 13:00:00,513500.0
2013-07-30 14:00:00,526400.0
2013-07-30 15:00:00,513000.0
2013-07-30 16:00:00,518700.0
2013-07-30 17:00:00,518700.0
2013-07-30 18:00:00,519000.0
2013-07-30 19:00:00,505100.0
2013-07-30 20:00:00,444700.0
2013-07-30 21:00:00,465700.0
2013-07-30 22:00:00,459900.0
2013-07-30 23:00:00,402700.0
2013-07-31 00:00:00,207000.0
2013-07-31 01:00:00,75600.0
2013-07-31 02:00:00,68900.0
2013-07-31 03:00:00,64700.0
2013-07-31 04:00:00,60000.0
2013-07-31 05:00:00,56700.0
2013-07-31 06:00:00,53900.0
2013-07-31 07:00:00,53100.0
2013-07-31 08:00:00,61000.0
2013-07-31 09:00:00,225600.0
2013-07-31 10:00:00,465800.0
2013-07-31 11:00:00,510800.0
2013-07-31 12:00:00,519700.0
2013-07-31 13:00:00,526000.0
2013-07-31 14:00:00,538700.0
2013-07-31 15:00:00,539900.0
2013-07-31 16:00:00,550800.0
2013-07-31 17:00:00,542900.0
2013-07-31 18:00:00,515300.0
2013-07-31 19:00:00,499200.0
2013-07-31 20:00:00,482600.0
2013-07-31 21:00:00,489200.0
2013-07-31 22:00:00,468800.0
2013-07-31 23:00:00,419300.0
2013-08-01 00:00:00,184600.0
2013-08-01 01:00:00,73300.0
2013-08-01 02:00:00,68000.0
2013-08-01 03:00:00,63700.0
2013-08-01 04:00:00,60900.0
2013-08-01 05:00:00,57700.0
2013-08-01 06:00:00,55600.0
2013-08-01 07:00:00,52700.0
2013-08-01 08:00:00,62400.0
2013-08-01 09:00:00,282800.0
2013-08-01 10:00:00,424000.0
2013-08-01 11:00:00,481900.0
2013-08-01 12:00:00,509900.0
2013-08-01 13:00:00,515100.0
2013-08-01 14:00:00,534500.0
2013-08-01 15:00:00,517400.0
2013-08-01 16:00:00,526200.0
2013-08-01 17:00:00,513600.0
2013-08-01 18:00:00,492700.0
2013-08-01 19:00:00,476900.0
2013-08-01 20:00:00,485300.0
2013-08-01 21:00:00,461000.0
2013-08-01 22:00:00,418000.0
2013-08-01 23:00:00,359500.0
2013-08-02 00:00:00,157100.0
2013-08-02 01:00:00,80400.0
2013-08-02 02:00:00,66400.0
2013-08-02 03:00:00,62700.0
2013-08-02 04:00:00,59600.0
2013-08-02 05:00:00,55300.0
2013-08-02 06:00:00,52800.0
2013-08-02 07:00:00,51800.0
2013-08-02 08:00:00,62900.0
2013-08-02 09:00:00,252700.0
2013-08-02 10:00:00,407400.0
2013-08-02 11:00:00,445400.0
2013-08-02 12:00:00,480300.0
2013-08-02 13:00:00,495600.0
2013-08-02 14:00:00,510800.0
2013-08-02 15:00:00,508800.0
2013-08-02 16:00:00,529400.0
2013-08-02 17:00:00,524000.0
2013-08-02 18:00:00,480900.0
2013-08-02 19:00:00,461800.0
2013-08-02 20:00:00,431500.0
2013-08-02 21:00:00,415800.0
2013-08-02 22:00:00,394700.0
2013-08-02 23:00:00,336200.0
2013-08-03 00:00:00,213700.0
2013-08-03 01:00:00,105100.0
2013-08-03 02:00:00,86600.0
2013-08-03 03:00:00,67000.0
2013-08-03 04:00:00,53500.0
2013-08-03 05:00:00,51200.0
2013-08-03 06:00:00,50500.0
2013-08-03 07:00:00,49700.0
2013-08-03 08:00:00,59900.0
2013-08-03 09:00:00,252200.0
2013-08-03 10:00:00,326500.0
2013-08-03 11:00:00,395100.0
2013-08-03 12:00:00,429300.0
2013-08-03 13:00:00,460700.0
2013-08-03 14:00:00,487600.0
2013-08-03 15:00:00,499900.0
2013-08-03 16:00:00,519900.0
2013-08-03 17:00:00,507900.0
2013-08-03 18:00:00,489600.0
2013-08-03 19:00:00,485400.0
2013-08-03 20:00:00,425100.0
2013-08-03 21:00:00,417500.0
2013-08-03 22:00:00,410000.0
2013-08-03 23:00:00,355300.0
2013-08-04 00:00:00,184500.0
2013-08-04 01:00:00,109500.0
2013-08-04 02:00:00,94400.0
2013-08-04 03:00:00,83700.0
2013-08-04 04:00:00,51500.0
2013-08-04 05:00:00,49600.0
2013-08-04 06:00:00,47800.0
2013-08-04 07:00:00,47000.0
2013-08-04 08:00:00,56500.0
2013-08-04 09:00:00,177700.0
2013-08-04 10:00:00,371900.0
2013-08-04 11:00:00,384300.0
2013-08-04 12:00:00,448400.0
2013-08-04 13:00:00,447200.0
2013-08-04 14:00:00,448400.0
2013-08-04 15:00:00,483400.0
2013-08-04 16:00:00,489000.0
2013-08-04 17:00:00,488700.0
2013-08-04 18:00:00,498000.0
2013-08-04 19:00:00,506800.0
2013-08-04 20:00:00,467900.0
2013-08-04 21:00:00,443400.0
2013-08-04 22:00:00,423400.0
2013-08-04 23:00:00,368200.0
2013-08-05 00:00:00,202800.0
2013-08-05 01:00:00,68400.0
2013-08-05 02:00:00,59600.0
2013-08-05 03:00:00,55800.0
2013-08-05 04:00:00,53000.0
2013-08-05 05:00:00,52400.0
2013-08-05 06:00:00,50000.0
2013-08-05 07:00:00,47800.0
2013-08-05 08:00:00,60700.0
2013-08-05 09:00:00,259000.0
2013-08-05 10:00:00,336100.0
2013-08-05 11:00:00,437400.0
2013-08-05 12:00:00,465600.0
2013-08-05 13:00:00,490500.0
2013-08-05 14:00:00,518600.0
2013-08-05 15:00:00,534700.0
2013-08-05 16:00:00,540500.0
2013-08-05 17:00:00,545200.0
2013-08-05 18:00:00,501900.0
2013-08-05 19:00:00,504100.0
2013-08-05 20:00:00,440000.0
2013-08-05 21:00:00,431500.0
2013-08-05 22:00:00,400200.0
2013-08-05 23:00:00,377400.0
2013-08-06 00:00:00,164600.0
2013-08-06 01:00:00,79700.0
2013-08-06 02:00:00,72400.0
2013-08-06 03:00:00,69700.0
2013-08-06 04:00:00,68300.0
2013-08-06 05:00:00,65300.0
2013-08-06 06:00:00,63200.0
2013-08-06 07:00:00,63200.0
2013-08-06 08:00:00,74800.0
2013-08-06 09:00:00,351500.0
2013-08-06 10:00:00,372100.0
2013-08-06 11:00:00,423300.0
2013-08-06 12:00:00,465200.0
2013-08-06 13:00:00,490500.0
2013-08-06 14:00:00,496400.0
2013-08-06 15:00:00,512100.0
2013-08-06 16:00:00,544800.0
2013-08-06 17:00:00,531000.0
2013-08-06 18:00:00,518300.0
2013-08-06 19:00:00,478500.0
2013-08-06 20:00:00,440800.0
2013-08-06 21:00:00,436000.0
2013-08-06 22:00:00,417000.0
2013-08-06 23:00:00,394800.0
2013-08-07 00:00:00,245700.0
2013-08-07 01:00:00,82900.0
2013-08-07 02:00:00,75000.0
2013-08-07 03:00:00,69400.0
2013-08-07 04:00:00,66400.0
2013-08-07 05:00:00,65900.0
2013-08-07 06:00:00,63400.0
2013-08-07 07:00:00,61300.0
2013-08-07 08:00:00,72100.0
2013-08-07 09:00:00,323400.0
2013-08-07 10:00:00,346500.0
2013-08-07 11:00:00,382300.0
2013-08-07 12:00:00,414600.0
2013-08-07 13:00:00,436200.0
2013-08-07 14:00:00,474900.0
2013-08-07 15:00:00,489300.0
2013-08-07 16:00:00,488800.0
2013-08-07 17:00:00,486200.0
2013-08-07 18:00:00,449400.0
2013-08-07 19:00:00,448900.0
2013-08-07 20:00:00,429200.0
2013-08-07 21:00:00,437700.0
2013-08-07 22:00:00,421300.0
2013-08-07 23:00:00,401700.0
2013-08-08 00:00:00,175200.0
2013-08-08 01:00:00,84000.0
2013-08-08 02:00:00,78000.0
2013-08-08 03:00:00,74200.0
2013-08-08 04:00:00,69600.0
2013-08-08 05:00:00,68900.0
2013-08-08 06:00:00,68300.0
2013-08-08 07:00:00,69100.0
2013-08-08 08:00:00,80200.0
2013-08-08 09:00:00,340600.0
2013-08-08 10:00:00,321900.0
2013-08-08 11:00:00,394400.0
2013-08-08 12:00:00,429500.0
2013-08-08 13:00:00,451200.0
2013-08-08 14:00:00,509300.0
2013-08-08 15:00:00,525100.0
2013-08-08 16:00:00,478700.0
2013-08-08 17:00:00,483800.0
2013-08-08 18:00:00,472300.0
2013-08-08 19:00:00,470100.0
2013-08-08 20:00:00,442300.0
2013-08-08 21:00:00,456200.0
2013-08-08 22:00:00,436200.0
2013-08-08 23:00:00,421500.0
2013-08-09 00:00:00,201100.0
2013-08-09 01:00:00,82600.0
2013-08-09 02:00:00,74300.0
2013-08-09 03:00:00,70600.0
2013-08-09 04:00:00,68200.0
2013-08-09 05:00:00,67000.0
2013-08-09 06:00:00,65600.0
2013-08-09 07:00:00,65300.0
2013-08-09 08:00:00,74600.0
2013-08-09 09:00:00,383200.0
2013-08-09 10:00:00,434600.0
2013-08-09 11:00:00,498800.0
2013-08-09 12:00:00,525900.0
2013-08-09 13:00:00,534100.0
2013-08-09 14:00:00,540400.0
2013-08-09 15:00:00,536700.0
2013-08-09 16:00:00,522100.0
2013-08-09 17:00:00,517300.0
2013-08-09 18:00:00,533200.0
2013-08-09 19:00:00,512300.0
2013-08-09 20:00:00,498900.0
2013-08-09 21:00:00,475500.0
2013-08-09 22:00:00,472800.0
2013-08-09 23:00:00,468200.0
2013-08-10 00:00:00,201500.0
2013-08-10 01:00:00,101700.0
2013-08-10 02:00:00,88900.0
2013-08-10 03:00:00,71300.0
2013-08-10 04:00:00,56000.0
2013-08-10 05:00:00,54500.0
2013-08-10 06:00:00,51900.0
2013-08-10 07:00:00,50500.0
2013-08-10 08:00:00,60200.0
2013-08-10 09:00:00,221800.0
2013-08-10 10:00:00,485100.0
2013-08-10 11:00:00,537900.0
2013-08-10 12:00:00,544800.0
2013-08-10 13:00:00,538500.0
2013-08-10 14:00:00,554900.0
2013-08-10 15:00:00,556700.0
2013-08-10 16:00:00,554200.0
2013-08-10 17:00:00,552500.0
2013-08-10 18:00:00,537800.0
2013-08-10 19:00:00,538900.0
2013-08-10 20:00:00,500800.0
2013-08-10 21:00:00,527700.0
2013-08-10 22:00:00,483700.0
2013-08-10 23:00:00,427800.0
2013-08-11 00:00:00,177700.0
2013-08-11 01:00:00,110400.0
2013-08-11 02:00:00,97300.0
2013-08-11 03:00:00,86600.0
2013-08-11 04:00:00,57200.0
2013-08-11 05:00:00,54500.0
2013-08-11 06:00:00,51600.0
2013-08-11 07:00:00,50000.0
2013-08-11 08:00:00,59000.0
2013-08-11 09:00:00,315200.0
2013-08-11 10:00:00,432400.0
2013-08-11 11:00:00,511700.0
2013-08-11 12:00:00,535900.0
2013-08-11 13:00:00,515700.0
2013-08-11 14:00:00,532600.0
2013-08-11 15:00:00,535900.0
2013-08-11 16:00:00,541500.0
2013-08-11 17:00:00,533000.0
2013-08-11 18:00:00,530500.0
2013-08-11 19:00:00,518800.0
2013-08-11 20:00:00,484800.0
2013-08-11 21:00:00,476700.0
2013-08-11 22:00:00,493400.0
2013-08-11 23:00:00,433900.0
2013-08-12 00:00:00,195500.0
2013-08-12 01:00:00,69600.0
2013-08-12 02:00:00,64000.0
2013-08-12 03:00:00,58300.0
2013-08-12 04:00:00,55400.0
2013-08-12 05:00:00,53900.0
2013-08-12 06:00:00,51100.0
2013-08-12 07:00:00,51200.0
2013-08-12 08:00:00,61600.0
2013-08-12 09:00:00,273500.0
2013-08-12 10:00:00,448000.0
2013-08-12 11:00:00,499400.0
2013-08-12 12:00:00,509400.0
2013-08-12 13:00:00,512500.0
2013-08-12 14:00:00,531100.0
2013-08-12 15:00:00,523000.0
2013-08-12 16:00:00,527000.0
2013-08-12 17:00:00,533600.0
2013-08-12 18:00:00,511100.0
2013-08-12 19:00:00,512500.0
2013-08-12 20:00:00,508000.0
2013-08-12 21:00:00,460500.0
2013-08-12 22:00:00,439400.0
2013-08-12 23:00:00,377200.0
2013-08-13 00:00:00,187700.0
2013-08-13 01:00:00,74700.0
2013-08-13 02:00:00,63100.0
2013-08-13 03:00:00,57700.0
2013-08-13 04:00:00,54000.0
2013-08-13 05:00:00,53200.0
2013-08-13 06:00:00,52000.0
2013-08-13 07:00:00,51300.0
2013-08-13 08:00:00,71300.0
2013-08-13 09:00:00,274500.0
2013-08-13 10:00:00,400800.0
2013-08-13 11:00:00,480000.0
2013-08-13 12:00:00,508300.0
2013-08-13 13:00:00,538700.0
2013-08-13 14:00:00,543100.0
2013-08-13 15:00:00,552400.0
2013-08-13 16:00:00,553400.0
2013-08-13 17:00:00,538200.0
2013-08-13 18:00:00,531900.0
2013-08-13 19:00:00,510500.0
2013-08-13 20:00:00,469200.0
2013-08-13 21:00:00,465900.0
2013-08-13 22:00:00,431500.0
2013-08-13 23:00:00,381400.0
2013-08-14 00:00:00,179400.0
2013-08-14 01:00:00,73600.0
2013-08-14 02:00:00,61700.0
2013-08-14 03:00:00,58600.0
2013-08-14 04:00:00,55500.0
2013-08-14 05:00:00,52900.0
2013-08-14 06:00:00,51700.0
2013-08-14 07:00:00,51500.0
2013-08-14 08:00:00,62600.0
2013-08-14 09:00:00,325400.0
2013-08-14 10:00:00,432700.0
2013-08-14 11:00:00,495500.0
2013-08-14 12:00:00,510100.0
2013-08-14 13:00:00,504100.0
2013-08-14 14:00:00,523000.0
2013-08-14 15:00:00,514900.0
2013-08-14 16:00:00,512400.0
2013-08-14 17:00:00,511200.0
2013-08-14 18:00:00,506900.0
2013-08-14 19:00:00,492000.0
2013-08-14 20:00:00,486700.0
2013-08-14 21:00:00,468300.0
2013-08-14 22:00:00,491600.0
2013-08-14 23:00:00,470100.0
2013-08-15 00:00:00,234500.0
2013-08-15 01:00:00,79400.0
2013-08-15 02:00:00,74800.0
2013-08-15 03:00:00,71600.0
2013-08-15 04:00:00,67600.0
2013-08-15 05:00:00,65800.0
2013-08-15 06:00:00,63500.0
2013-08-15 07:00:00,62700.0
2013-08-15 08:00:00,74300.0
2013-08-15 09:00:00,397400.0
2013-08-15 10:00:00,437400.0
2013-08-15 11:00:00,520200.0
2013-08-15 12:00:00,538700.0
2013-08-15 13:00:00,539000.0
2013-08-15 14:00:00,527300.0
2013-08-15 15:00:00,518700.0
2013-08-15 16:00:00,538300.0
2013-08-15 17:00:00,520300.0
2013-08-15 18:00:00,525400.0
2013-08-15 19:00:00,501100.0
2013-08-15 20:00:00,505100.0
2013-08-15 21:00:00,508800.0
2013-08-15 22:00:00,479600.0
2013-08-15 23:00:00,447600.0
2013-08-16 00:00:00,260100.0
2013-08-16 01:00:00,83100.0
2013-08-16 02:00:00,75300.0
2013-08-16 03:00:00,72100.0
2013-08-16 04:00:00,71700.0
2013-08-16 05:00:00,67900.0
2013-08-16 06:00:00,65000.0
2013-08-16 07:00:00,64200.0
2013-08-16 08:00:00,75600.0
2013-08-16 09:00:00,386600.0
2013-08-16 10:00:00,407500.0
2013-08-16 11:00:00,473200.0
2013-08-16 12:00:00,511600.0
2013-08-16 13:00:00,515100.0
2013-08-16 14:00:00,532100.0
2013-08-16 15:00:00,531700.0
2013-08-16 16:00:00,554300.0
2013-08-16 17:00:00,573700.0
2013-08-16 18:00:00,554400.0
2013-08-16 19:00:00,485000.0
2013-08-16 20:00:00,468200.0
2013-08-16 21:00:00,472300.0
2013-08-16 22:00:00,448600.0
2013-08-16 23:00:00,423900.0
2013-08-17 00:00:00,220600.0
2013-08-17 01:00:00,108200.0
2013-08-17 02:00:00,91900.0
2013-08-17 03:00:00,71700.0
2013-08-17 04:00:00,59300.0
2013-08-17 05:00:00,56400.0
2013-08-17 06:00:00,54700.0
2013-08-17 07:00:00,53800.0
2013-08-17 08:00:00,62500.0
2013-08-17 09:00:00,266300.0
2013-08-17 10:00:00,360300.0
2013-08-17 11:00:00,474200.0
2013-08-17 12:00:00,492800.0
2013-08-17 13:00:00,520600.0
2013-08-17 14:00:00,496300.0
2013-08-17 15:00:00,500900.0
2013-08-17 16:00:00,501200.0
2013-08-17 17:00:00,503500.0
2013-08-17 18:00:00,523700.0
2013-08-17 19:00:00,528100.0
2013-08-17 20:00:00,509600.0
2013-08-17 21:00:00,506500.0
2013-08-17 22:00:00,457800.0
2013-08-17 23:00:00,400500.0
2013-08-18 00:00:00,230800.0
2013-08-18 01:00:00,114800.0
2013-08-18 02:00:00,99600.0
2013-08-18 03:00:00,91000.0
2013-08-18 04:00:00,61900.0
2013-08-18 05:00:00,58200.0
2013-08-18 06:00:00,56700.0
2013-08-18 07:00:00,55600.0
2013-08-18 08:00:00,64900.0
2013-08-18 09:00:00,281100.0
2013-08-18 10:00:00,424100.0
2013-08-18 11:00:00,511200.0
2013-08-18 12:00:00,537600.0
2013-08-18 13:00:00,524000.0
2013-08-18 14:00:00,543200.0
2013-08-18 15:00:00,541700.0
2013-08-18 16:00:00,545500.0
2013-08-18 17:00:00,420600.0
2013-08-18 18:00:00,380300.0
2013-08-18 19:00:00,389000.0
2013-08-18 20:00:00,383400.0
2013-08-18 21:00:00,558300.0
2013-08-18 22:00:00,538700.0
2013-08-18 23:00:00,433400.0
2013-08-19 00:00:00,246800.0
2013-08-19 01:00:00,97600.0
2013-08-19 02:00:00,64600.0
2013-08-19 03:00:00,61700.0
2013-08-19 04:00:00,60100.0
2013-08-19 05:00:00,56600.0
2013-08-19 06:00:00,54700.0
2013-08-19 07:00:00,54400.0
2013-08-19 08:00:00,44500.0
2013-08-19 09:00:00,279800.0
2013-08-19 10:00:00,453500.0
2013-08-19 11:00:00,546500.0
2013-08-19 12:00:00,568600.0
2013-08-19 13:00:00,560000.0
2013-08-19 14:00:00,560600.0
2013-08-19 15:00:00,552700.0
2013-08-19 16:00:00,529400.0
2013-08-19 17:00:00,554700.0
2013-08-19 18:00:00,531200.0
2013-08-19 19:00:00,522800.0
2013-08-19 20:00:00,521100.0
2013-08-19 21:00:00,520700.0
2013-08-19 22:00:00,501400.0
2013-08-19 23:00:00,444300.0
2013-08-20 00:00:00,212600.0
2013-08-20 01:00:00,66400.0
2013-08-20 02:00:00,59100.0
2013-08-20 03:00:00,55100.0
2013-08-20 04:00:00,53100.0
2013-08-20 05:00:00,52100.0
2013-08-20 06:00:00,50200.0
2013-08-20 07:00:00,49900.0
2013-08-20 08:00:00,61200.0
2013-08-20 09:00:00,309800.0
2013-08-20 10:00:00,481300.0
2013-08-20 11:00:00,523900.0
2013-08-20 12:00:00,534400.0
2013-08-20 13:00:00,565300.0
2013-08-20 14:00:00,564800.0
2013-08-20 15:00:00,558600.0
2013-08-20 16:00:00,549800.0
2013-08-20 17:00:00,552200.0
2013-08-20 18:00:00,542400.0
2013-08-20 19:00:00,534800.0
2013-08-20 20:00:00,513200.0
2013-08-20 21:00:00,521300.0
2013-08-20 22:00:00,503300.0
2013-08-20 23:00:00,435100.0
2013-08-21 00:00:00,244300.0
2013-08-21 01:00:00,131100.0
2013-08-21 02:00:00,63100.0
2013-08-21 03:00:00,59000.0
2013-08-21 04:00:00,56200.0
2013-08-21 05:00:00,56100.0
2013-08-21 06:00:00,53200.0
2013-08-21 07:00:00,52100.0
2013-08-21 08:00:00,62200.0
2013-08-21 09:00:00,276100.0
2013-08-21 10:00:00,465200.0
2013-08-21 11:00:00,510600.0
2013-08-21 12:00:00,539700.0
2013-08-21 13:00:00,547300.0
2013-08-21 14:00:00,549800.0
2013-08-21 15:00:00,545000.0
2013-08-21 16:00:00,551500.0
2013-08-21 17:00:00,550600.0
2013-08-21 18:00:00,533300.0
2013-08-21 19:00:00,518700.0
2013-08-21 20:00:00,509300.0
2013-08-21 21:00:00,505200.0
2013-08-21 22:00:00,455200.0
2013-08-21 23:00:00,401900.0
2013-08-22 00:00:00,189200.0
2013-08-22 01:00:00,68700.0
2013-08-22 02:00:00,59600.0
2013-08-22 03:00:00,54900.0
2013-08-22 04:00:00,53300.0
2013-08-22 05:00:00,53300.0
2013-08-22 06:00:00,50900.0
2013-08-22 07:00:00,50400.0
2013-08-22 08:00:00,60400.0
2013-08-22 09:00:00,279500.0
2013-08-22 10:00:00,441500.0
2013-08-22 11:00:00,517600.0
2013-08-22 12:00:00,543000.0
2013-08-22 13:00:00,558600.0
2013-08-22 14:00:00,521500.0
2013-08-22 15:00:00,503200.0
2013-08-22 16:00:00,547200.0
2013-08-22 17:00:00,549700.0
2013-08-22 18:00:00,569800.0
2013-08-22 19:00:00,551100.0
2013-08-22 20:00:00,500000.0
2013-08-22 21:00:00,498200.0
2013-08-22 22:00:00,466200.0
2013-08-22 23:00:00,381800.0
2013-08-23 00:00:00,161400.0
2013-08-23 01:00:00,73800.0
2013-08-23 02:00:00,62000.0
2013-08-23 03:00:00,56100.0
2013-08-23 04:00:00,54800.0
2013-08-23 05:00:00,53900.0
2013-08-23 06:00:00,52000.0
2013-08-23 07:00:00,50800.0
2013-08-23 08:00:00,61000.0
2013-08-23 09:00:00,287600.0
2013-08-23 10:00:00,396100.0
2013-08-23 11:00:00,476000.0
2013-08-23 12:00:00,511000.0
2013-08-23 13:00:00,553000.0
2013-08-23 14:00:00,569200.0
2013-08-23 15:00:00,608400.0
2013-08-23 16:00:00,608500.0
2013-08-23 17:00:00,602000.0
2013-08-23 18:00:00,567900.0
2013-08-23 19:00:00,523000.0
2013-08-23 20:00:00,481100.0
2013-08-23 21:00:00,459300.0
2013-08-23 22:00:00,439500.0
2013-08-23 23:00:00,376700.0
2013-08-24 00:00:00,163600.0
2013-08-24 01:00:00,104400.0
2013-08-24 02:00:00,86200.0
2013-08-24 03:00:00,65400.0
2013-08-24 04:00:00,54200.0
2013-08-24 05:00:00,52800.0
2013-08-24 06:00:00,51200.0
2013-08-24 07:00:00,51000.0
2013-08-24 08:00:00,59600.0
2013-08-24 09:00:00,290000.0
2013-08-24 10:00:00,398100.0
2013-08-24 11:00:00,480300.0
2013-08-24 12:00:00,519100.0
2013-08-24 13:00:00,535900.0
2013-08-24 14:00:00,510500.0
2013-08-24 15:00:00,505800.0
2013-08-24 16:00:00,525600.0
2013-08-24 17:00:00,522100.0
2013-08-24 18:00:00,509200.0
2013-08-24 19:00:00,506300.0
2013-08-24 20:00:00,486500.0
2013-08-24 21:00:00,457700.0
2013-08-24 22:00:00,441900.0
2013-08-24 23:00:00,375600.0
2013-08-25 00:00:00,203000.0
2013-08-25 01:00:00,112300.0
2013-08-25 02:00:00,94600.0
2013-08-25 03:00:00,83300.0
2013-08-25 04:00:00,54800.0
2013-08-25 05:00:00,54400.0
2013-08-25 06:00:00,51500.0
2013-08-25 07:00:00,50500.0
2013-08-25 08:00:00,59800.0
2013-08-25 09:00:00,265400.0
2013-08-25 10:00:00,415300.0
2013-08-25 11:00:00,472400.0
2013-08-25 12:00:00,481400.0
2013-08-25 13:00:00,485100.0
2013-08-25 14:00:00,495200.0
2013-08-25 15:00:00,487100.0
2013-08-25 16:00:00,485300.0
2013-08-25 17:00:00,486700.0
2013-08-25 18:00:00,484000.0
2013-08-25 19:00:00,462600.0
2013-08-25 20:00:00,467600.0
2013-08-25 21:00:00,455000.0
2013-08-25 22:00:00,458400.0
2013-08-25 23:00:00,409600.0
2013-08-26 00:00:00,180100.0
2013-08-26 01:00:00,69900.0
2013-08-26 02:00:00,63300.0
2013-08-26 03:00:00,58300.0
2013-08-26 04:00:00,54500.0
2013-08-26 05:00:00,54000.0
2013-08-26 06:00:00,51300.0
2013-08-26 07:00:00,52100.0
2013-08-26 08:00:00,61800.0
2013-08-26 09:00:00,265200.0
2013-08-26 10:00:00,407300.0
2013-08-26 11:00:00,436100.0
2013-08-26 12:00:00,444000.0
2013-08-26 13:00:00,475600.0
2013-08-26 14:00:00,478000.0
2013-08-26 15:00:00,485500.0
2013-08-26 16:00:00,484000.0
2013-08-26 17:00:00,483000.0
2013-08-26 18:00:00,455100.0
2013-08-26 19:00:00,435400.0
2013-08-26 20:00:00,435800.0
2013-08-26 21:00:00,432100.0
2013-08-26 22:00:00,426100.0
2013-08-26 23:00:00,371600.0
2013-08-27 00:00:00,225400.0
2013-08-27 01:00:00,80700.0
2013-08-27 02:00:00,56600.0
2013-08-27 03:00:00,52900.0
2013-08-27 04:00:00,52200.0
2013-08-27 05:00:00,52100.0
2013-08-27 06:00:00,50300.0
2013-08-27 07:00:00,50000.0
2013-08-27 08:00:00,59700.0
2013-08-27 09:00:00,264000.0
2013-08-27 10:00:00,370000.0
2013-08-27 11:00:00,399600.0
2013-08-27 12:00:00,407000.0
2013-08-27 13:00:00,414600.0
2013-08-27 14:00:00,441600.0
2013-08-27 15:00:00,417800.0
2013-08-27 16:00:00,437900.0
2013-08-27 17:00:00,433800.0
2013-08-27 18:00:00,420000.0
2013-08-27 19:00:00,389500.0
2013-08-27 20:00:00,387400.0
2013-08-27 21:00:00,390700.0
2013-08-27 22:00:00,391100.0
2013-08-27 23:00:00,337000.0
2013-08-28 00:00:00,192600.0
2013-08-28 01:00:00,66800.0
2013-08-28 02:00:00,56000.0
2013-08-28 03:00:00,51700.0
2013-08-28 04:00:00,51500.0
2013-08-28 05:00:00,50800.0
2013-08-28 06:00:00,48300.0
2013-08-28 07:00:00,49100.0
2013-08-28 08:00:00,59800.0
2013-08-28 09:00:00,258800.0
2013-08-28 10:00:00,368700.0
2013-08-28 11:00:00,411100.0
2013-08-28 12:00:00,409400.0
2013-08-28 13:00:00,421400.0
2013-08-28 14:00:00,418800.0
2013-08-28 15:00:00,432700.0
2013-08-28 16:00:00,421900.0
2013-08-28 17:00:00,428300.0
2013-08-28 18:00:00,412300.0
2013-08-28 19:00:00,421800.0
2013-08-28 20:00:00,416800.0
2013-08-28 21:00:00,435800.0
2013-08-28 22:00:00,422100.0
2013-08-28 23:00:00,373300.0
2013-08-29 00:00:00,209600.0
2013-08-29 01:00:00,109700.0
2013-08-29 02:00:00,60100.0
2013-08-29 03:00:00,53600.0
2013-08-29 04:00:00,51300.0
2013-08-29 05:00:00,51000.0
2013-08-29 06:00:00,48800.0
2013-08-29 07:00:00,47800.0
2013-08-29 08:00:00,57300.0
2013-08-29 09:00:00,256700.0
2013-08-29 10:00:00,402900.0
2013-08-29 11:00:00,412700.0
2013-08-29 12:00:00,461900.0
2013-08-29 13:00:00,474200.0
2013-08-29 14:00:00,477600.0
2013-08-29 15:00:00,484100.0
2013-08-29 16:00:00,482600.0
2013-08-29 17:00:00,424600.0
2013-08-29 18:00:00,470300.0
2013-08-29 19:00:00,444300.0
2013-08-29 20:00:00,453400.0
2013-08-29 21:00:00,464700.0
2013-08-29 22:00:00,473100.0
2013-08-29 23:00:00,389300.0
2013-08-30 00:00:00,170000.0
2013-08-30 01:00:00,65500.0
2013-08-30 02:00:00,57900.0
2013-08-30 03:00:00,55500.0
2013-08-30 04:00:00,55400.0
2013-08-30 05:00:00,53400.0
2013-08-30 06:00:00,51900.0
2013-08-30 07:00:00,50100.0
2013-08-30 08:00:00,60600.0
2013-08-30 09:00:00,242800.0
2013-08-30 10:00:00,438300.0
2013-08-30 11:00:00,510300.0
2013-08-30 12:00:00,513500.0
2013-08-30 13:00:00,520500.0
2013-08-30 14:00:00,526900.0
2013-08-30 15:00:00,523900.0
2013-08-30 16:00:00,515100.0
2013-08-30 17:00:00,498200.0
2013-08-30 18:00:00,490600.0
2013-08-30 19:00:00,482700.0
2013-08-30 20:00:00,484900.0
2013-08-30 21:00:00,466100.0
2013-08-30 22:00:00,462700.0
2013-08-30 23:00:00,386900.0
2013-08-31 00:00:00,177800.0
2013-08-31 01:00:00,101700.0
2013-08-31 02:00:00,85800.0
2013-08-31 03:00:00,65000.0
2013-08-31 04:00:00,53200.0
2013-08-31 05:00:00,52800.0
2013-08-31 06:00:00,50600.0
2013-08-31 07:00:00,50500.0
2013-08-31 08:00:00,61300.0
2013-08-31 09:00:00,343400.0
2013-08-31 10:00:00,418800.0
2013-08-31 11:00:00,492900.0
2013-08-31 12:00:00,489700.0
2013-08-31 13:00:00,493100.0
2013-08-31 14:00:00,495000.0
2013-08-31 15:00:00,493700.0
2013-08-31 16:00:00,491800.0
2013-08-31 17:00:00,492000.0
2013-08-31 18:00:00,477600.0
2013-08-31 19:00:00,460400.0
2013-08-31 20:00:00,460500.0
2013-08-31 21:00:00,468800.0
2013-08-31 22:00:00,454000.0
2013-08-31 23:00:00,399100.0
2013-09-01 00:00:00,169100.0
2013-09-01 01:00:00,104000.0
2013-09-01 02:00:00,90400.0
2013-09-01 03:00:00,80800.0
2013-09-01 04:00:00,53100.0
2013-09-01 05:00:00,52400.0
2013-09-01 06:00:00,50200.0
2013-09-01 07:00:00,49000.0
2013-09-01 08:00:00,58200.0
2013-09-01 09:00:00,296500.0
2013-09-01 10:00:00,384800.0
2013-09-01 11:00:00,473100.0
2013-09-01 12:00:00,484700.0
2013-09-01 13:00:00,485500.0
2013-09-01 14:00:00,504600.0
2013-09-01 15:00:00,502700.0
2013-09-01 16:00:00,500900.0
2013-09-01 17:00:00,500100.0
2013-09-01 18:00:00,484500.0
2013-09-01 19:00:00,473900.0
2013-09-01 20:00:00,434200.0
2013-09-01 21:00:00,447500.0
2013-09-01 22:00:00,453600.0
2013-09-01 23:00:00,401300.0
2013-09-02 00:00:00,176500.0
2013-09-02 01:00:00,68100.0
2013-09-02 02:00:00,58700.0
2013-09-02 03:00:00,54200.0
2013-09-02 04:00:00,54500.0
2013-09-02 05:00:00,53200.0
2013-09-02 06:00:00,51100.0
2013-09-02 07:00:00,50800.0
2013-09-02 08:00:00,59000.0
2013-09-02 09:00:00,209500.0
2013-09-02 10:00:00,425200.0
2013-09-02 11:00:00,452800.0
2013-09-02 12:00:00,494000.0
2013-09-02 13:00:00,496000.0
2013-09-02 14:00:00,496200.0
2013-09-02 15:00:00,477600.0
2013-09-02 16:00:00,496100.0
2013-09-02 17:00:00,482200.0
2013-09-02 18:00:00,482000.0
2013-09-02 19:00:00,460900.0
2013-09-02 20:00:00,459000.0
2013-09-02 21:00:00,444900.0
2013-09-02 22:00:00,430000.0
2013-09-02 23:00:00,357800.0
2013-09-03 00:00:00,163800.0
2013-09-03 01:00:00,67200.0
2013-09-03 02:00:00,60200.0
2013-09-03 03:00:00,53400.0
2013-09-03 04:00:00,52400.0
2013-09-03 05:00:00,51400.0
2013-09-03 06:00:00,48700.0
2013-09-03 07:00:00,48900.0
2013-09-03 08:00:00,58800.0
2013-09-03 09:00:00,227300.0
2013-09-03 10:00:00,421200.0
2013-09-03 11:00:00,461700.0
2013-09-03 12:00:00,492500.0
2013-09-03 13:00:00,499200.0
2013-09-03 14:00:00,507600.0
2013-09-03 15:00:00,498400.0
2013-09-03 16:00:00,498600.0
2013-09-03 17:00:00,495100.0
2013-09-03 18:00:00,473800.0
2013-09-03 19:00:00,446000.0
2013-09-03 20:00:00,474800.0
2013-09-03 21:00:00,466500.0
2013-09-03 22:00:00,443000.0
2013-09-03 23:00:00,368500.0
2013-09-04 00:00:00,151700.0
2013-09-04 01:00:00,68200.0
2013-09-04 02:00:00,60900.0
2013-09-04 03:00:00,54800.0
2013-09-04 04:00:00,53800.0
2013-09-04 05:00:00,54100.0
2013-09-04 06:00:00,51100.0
2013-09-04 07:00:00,50200.0
2013-09-04 08:00:00,59800.0
2013-09-04 09:00:00,225100.0
2013-09-04 10:00:00,430100.0
2013-09-04 11:00:00,479000.0
2013-09-04 12:00:00,489600.0
2013-09-04 13:00:00,475400.0
2013-09-04 14:00:00,471300.0
2013-09-04 15:00:00,477900.0
2013-09-04 16:00:00,490800.0
2013-09-04 17:00:00,484300.0
2013-09-04 18:00:00,471600.0
2013-09-04 19:00:00,457300.0
2013-09-04 20:00:00,447100.0
2013-09-04 21:00:00,452700.0
2013-09-04 22:00:00,451600.0
2013-09-04 23:00:00,375100.0
2013-09-05 00:00:00,209800.0
2013-09-05 01:00:00,66200.0
2013-09-05 02:00:00,58300.0
2013-09-05 03:00:00,54900.0
2013-09-05 04:00:00,53700.0
2013-09-05 05:00:00,53700.0
2013-09-05 06:00:00,51300.0
2013-09-05 07:00:00,50400.0
2013-09-05 08:00:00,59200.0
2013-09-05 09:00:00,255800.0
2013-09-05 10:00:00,409700.0
2013-09-05 11:00:00,457100.0
2013-09-05 12:00:00,467400.0
2013-09-05 13:00:00,468800.0
2013-09-05 14:00:00,469200.0
2013-09-05 15:00:00,472500.0
2013-09-05 16:00:00,470400.0
2013-09-05 17:00:00,461000.0
2013-09-05 18:00:00,458100.0
2013-09-05 19:00:00,448300.0
2013-09-05 20:00:00,450800.0
2013-09-05 21:00:00,432900.0
2013-09-05 22:00:00,411500.0
2013-09-05 23:00:00,346300.0
2013-09-06 00:00:00,174600.0
2013-09-06 01:00:00,90900.0
2013-09-06 02:00:00,58200.0
2013-09-06 03:00:00,55300.0
2013-09-06 04:00:00,54500.0
2013-09-06 05:00:00,54600.0
2013-09-06 06:00:00,51100.0
2013-09-06 07:00:00,50500.0
2013-09-06 08:00:00,60500.0
2013-09-06 09:00:00,236700.0
2013-09-06 10:00:00,383600.0
2013-09-06 11:00:00,439200.0
2013-09-06 12:00:00,470200.0
2013-09-06 13:00:00,473800.0
2013-09-06 14:00:00,471600.0
2013-09-06 15:00:00,488100.0
2013-09-06 16:00:00,486400.0
2013-09-06 17:00:00,461800.0
2013-09-06 18:00:00,471500.0
2013-09-06 19:00:00,433500.0
2013-09-06 20:00:00,449600.0
2013-09-06 21:00:00,421100.0
2013-09-06 22:00:00,405900.0
2013-09-06 23:00:00,344900.0
2013-09-07 00:00:00,187700.0
2013-09-07 01:00:00,100500.0
2013-09-07 02:00:00,85500.0
2013-09-07 03:00:00,65400.0
2013-09-07 04:00:00,53400.0
2013-09-07 05:00:00,52900.0
2013-09-07 06:00:00,51900.0
2013-09-07 07:00:00,50900.0
2013-09-07 08:00:00,59200.0
2013-09-07 09:00:00,258200.0
2013-09-07 10:00:00,348600.0
2013-09-07 11:00:00,393700.0
2013-09-07 12:00:00,416000.0
2013-09-07 13:00:00,408400.0
2013-09-07 14:00:00,437800.0
2013-09-07 15:00:00,422500.0
2013-09-07 16:00:00,438100.0
2013-09-07 17:00:00,450600.0
2013-09-07 18:00:00,442200.0
2013-09-07 19:00:00,417600.0
2013-09-07 20:00:00,414600.0
2013-09-07 21:00:00,391700.0
2013-09-07 22:00:00,367200.0
2013-09-07 23:00:00,326400.0
2013-09-08 00:00:00,180400.0
2013-09-08 01:00:00,107400.0
2013-09-08 02:00:00,89500.0
2013-09-08 03:00:00,81000.0
2013-09-08 04:00:00,53000.0
2013-09-08 05:00:00,52600.0
2013-09-08 06:00:00,50600.0
2013-09-08 07:00:00,49900.0
2013-09-08 08:00:00,57100.0
2013-09-08 09:00:00,226200.0
2013-09-08 10:00:00,294400.0
2013-09-08 11:00:00,362000.0
2013-09-08 12:00:00,399700.0
2013-09-08 13:00:00,406300.0
2013-09-08 14:00:00,418800.0
2013-09-08 15:00:00,432600.0
2013-09-08 16:00:00,437700.0
2013-09-08 17:00:00,456800.0
2013-09-08 18:00:00,457800.0
2013-09-08 19:00:00,405000.0
2013-09-08 20:00:00,377300.0
2013-09-08 21:00:00,355000.0
2013-09-08 22:00:00,339300.0
2013-09-08 23:00:00,289400.0
2013-09-09 00:00:00,151600.0
2013-09-09 01:00:00,64000.0
2013-09-09 02:00:00,55000.0
2013-09-09 03:00:00,52100.0
2013-09-09 04:00:00,51900.0
2013-09-09 05:00:00,51100.0
2013-09-09 06:00:00,50400.0
2013-09-09 07:00:00,49100.0
2013-09-09 08:00:00,57800.0
2013-09-09 09:00:00,184800.0
2013-09-09 10:00:00,284200.0
2013-09-09 11:00:00,329700.0
2013-09-09 12:00:00,360800.0
2013-09-09 13:00:00,407000.0
2013-09-09 14:00:00,400600.0
2013-09-09 15:00:00,423000.0
2013-09-09 16:00:00,433000.0
2013-09-09 17:00:00,431600.0
2013-09-09 18:00:00,419300.0
2013-09-09 19:00:00,416000.0
2013-09-09 20:00:00,402400.0
2013-09-09 21:00:00,389100.0
2013-09-09 22:00:00,371800.0
2013-09-09 23:00:00,315600.0
2013-09-10 00:00:00,189400.0
2013-09-10 01:00:00,65000.0
2013-09-10 02:00:00,55100.0
2013-09-10 03:00:00,52700.0
2013-09-10 04:00:00,52500.0
2013-09-10 05:00:00,52800.0
2013-09-10 06:00:00,52000.0
2013-09-10 07:00:00,49500.0
2013-09-10 08:00:00,59600.0
2013-09-10 09:00:00,204400.0
2013-09-10 10:00:00,341200.0
2013-09-10 11:00:00,406900.0
2013-09-10 12:00:00,430400.0
2013-09-10 13:00:00,455700.0
2013-09-10 14:00:00,444600.0
2013-09-10 15:00:00,439500.0
2013-09-10 16:00:00,441900.0
2013-09-10 17:00:00,458400.0
2013-09-10 18:00:00,439300.0
2013-09-10 19:00:00,408100.0
2013-09-10 20:00:00,405000.0
2013-09-10 21:00:00,412100.0
2013-09-10 22:00:00,400800.0
2013-09-10 23:00:00,334800.0
2013-09-11 00:00:00,176300.0
2013-09-11 01:00:00,67600.0
2013-09-11 02:00:00,57100.0
2013-09-11 03:00:00,53700.0
2013-09-11 04:00:00,53400.0
2013-09-11 05:00:00,54300.0
2013-09-11 06:00:00,50400.0
2013-09-11 07:00:00,48800.0
2013-09-11 08:00:00,59000.0
2013-09-11 09:00:00,180300.0
2013-09-11 10:00:00,404300.0
2013-09-11 11:00:00,445400.0
2013-09-11 12:00:00,466000.0
2013-09-11 13:00:00,436400.0
2013-09-11 14:00:00,449100.0
2013-09-11 15:00:00,462200.0
2013-09-11 16:00:00,480900.0
2013-09-11 17:00:00,473100.0
2013-09-11 18:00:00,436400.0
2013-09-11 19:00:00,443500.0
2013-09-11 20:00:00,424400.0
2013-09-11 21:00:00,419300.0
2013-09-11 22:00:00,431200.0
2013-09-11 23:00:00,349700.0
2013-09-12 00:00:00,180300.0
2013-09-12 01:00:00,65600.0
2013-09-12 02:00:00,55300.0
2013-09-12 03:00:00,53200.0
2013-09-12 04:00:00,53300.0
2013-09-12 05:00:00,52700.0
2013-09-12 06:00:00,51100.0
2013-09-12 07:00:00,50600.0
2013-09-12 08:00:00,60800.0
2013-09-12 09:00:00,200900.0
2013-09-12 10:00:00,421400.0
2013-09-12 11:00:00,481800.0
2013-09-12 12:00:00,503300.0
2013-09-12 13:00:00,483800.0
2013-09-12 14:00:00,520300.0
2013-09-12 15:00:00,516200.0
2013-09-12 16:00:00,516000.0
2013-09-12 17:00:00,513900.0
2013-09-12 18:00:00,466500.0
2013-09-12 19:00:00,466700.0
2013-09-12 20:00:00,448100.0
2013-09-12 21:00:00,463700.0
2013-09-12 22:00:00,446700.0
2013-09-12 23:00:00,381000.0
2013-09-13 00:00:00,179700.0
2013-09-13 01:00:00,63400.0
2013-09-13 02:00:00,56000.0
2013-09-13 03:00:00,53500.0
2013-09-13 04:00:00,54300.0
2013-09-13 05:00:00,52600.0
2013-09-13 06:00:00,50800.0
2013-09-13 07:00:00,49800.0
2013-09-13 08:00:00,60800.0
2013-09-13 09:00:00,284800.0
2013-09-13 10:00:00,435700.0
2013-09-13 11:00:00,503900.0
2013-09-13 12:00:00,500100.0
2013-09-13 13:00:00,504600.0
2013-09-13 14:00:00,510200.0
2013-09-13 15:00:00,513900.0
2013-09-13 16:00:00,515400.0
2013-09-13 17:00:00,490900.0
2013-09-13 18:00:00,476000.0
2013-09-13 19:00:00,468900.0
2013-09-13 20:00:00,487600.0
2013-09-13 21:00:00,459500.0
2013-09-13 22:00:00,460800.0
2013-09-13 23:00:00,371700.0
2013-09-14 00:00:00,198400.0
2013-09-14 01:00:00,96800.0
2013-09-14 02:00:00,84700.0
2013-09-14 03:00:00,65800.0
2013-09-14 04:00:00,53600.0
2013-09-14 05:00:00,53900.0
2013-09-14 06:00:00,51300.0
2013-09-14 07:00:00,50200.0
2013-09-14 08:00:00,60900.0
2013-09-14 09:00:00,310200.0
2013-09-14 10:00:00,373400.0
2013-09-14 11:00:00,416500.0
2013-09-14 12:00:00,417200.0
2013-09-14 13:00:00,442200.0
2013-09-14 14:00:00,449800.0
2013-09-14 15:00:00,456900.0
2013-09-14 16:00:00,470900.0
2013-09-14 17:00:00,477900.0
2013-09-14 18:00:00,488000.0
2013-09-14 19:00:00,440000.0
2013-09-14 20:00:00,437200.0
2013-09-14 21:00:00,405800.0
2013-09-14 22:00:00,402200.0
2013-09-14 23:00:00,353600.0
2013-09-15 00:00:00,158000.0
2013-09-15 01:00:00,101800.0
2013-09-15 02:00:00,88400.0
2013-09-15 03:00:00,80200.0
2013-09-15 04:00:00,51900.0
2013-09-15 05:00:00,51500.0
2013-09-15 06:00:00,49400.0
2013-09-15 07:00:00,47800.0
2013-09-15 08:00:00,56800.0
2013-09-15 09:00:00,271900.0
2013-09-15 10:00:00,357200.0
2013-09-15 11:00:00,420000.0
2013-09-15 12:00:00,430700.0
2013-09-15 13:00:00,466400.0
2013-09-15 14:00:00,484900.0
2013-09-15 15:00:00,471300.0
2013-09-15 16:00:00,473200.0
2013-09-15 17:00:00,474500.0
2013-09-15 18:00:00,476000.0
2013-09-15 19:00:00,469000.0
2013-09-15 20:00:00,480700.0
2013-09-15 21:00:00,431200.0
2013-09-15 22:00:00,396900.0
2013-09-15 23:00:00,338500.0
2013-09-16 00:00:00,156000.0
2013-09-16 01:00:00,65300.0
2013-09-16 02:00:00,55400.0
2013-09-16 03:00:00,52000.0
2013-09-16 04:00:00,51700.0
2013-09-16 05:00:00,51100.0
2013-09-16 06:00:00,48900.0
2013-09-16 07:00:00,44900.0
2013-09-16 08:00:00,43100.0
2013-09-16 09:00:00,222500.0
2013-09-16 10:00:00,377200.0
2013-09-16 11:00:00,415200.0
2013-09-16 12:00:00,446100.0
2013-09-16 13:00:00,454400.0
2013-09-16 14:00:00,485400.0
2013-09-16 15:00:00,512700.0
2013-09-16 16:00:00,486600.0
2013-09-16 17:00:00,505200.0
2013-09-16 18:00:00,467700.0
2013-09-16 19:00:00,426900.0
2013-09-16 20:00:00,405000.0
2013-09-16 21:00:00,397200.0
2013-09-16 22:00:00,353200.0
2013-09-16 23:00:00,261700.0
2013-09-17 00:00:00,126300.0
2013-09-17 01:00:00,61800.0
2013-09-17 02:00:00,55500.0
2013-09-17 03:00:00,53500.0
2013-09-17 04:00:00,53600.0
2013-09-17 05:00:00,52300.0
2013-09-17 06:00:00,49900.0
2013-09-17 07:00:00,48600.0
2013-09-17 08:00:00,60400.0
2013-09-17 09:00:00,195900.0
2013-09-17 10:00:00,345500.0
2013-09-17 11:00:00,380800.0
2013-09-17 12:00:00,409400.0
2013-09-17 13:00:00,438500.0
2013-09-17 14:00:00,452300.0
2013-09-17 15:00:00,451000.0
2013-09-17 16:00:00,436200.0
2013-09-17 17:00:00,433900.0
2013-09-17 18:00:00,412100.0
2013-09-17 19:00:00,405200.0
2013-09-17 20:00:00,393600.0
2013-09-17 21:00:00,375900.0
2013-09-17 22:00:00,359300.0
2013-09-17 23:00:00,256200.0
2013-09-18 00:00:00,122300.0
2013-09-18 01:00:00,64800.0
2013-09-18 02:00:00,54800.0
2013-09-18 03:00:00,52400.0
2013-09-18 04:00:00,52300.0
2013-09-18 05:00:00,51600.0
2013-09-18 06:00:00,49500.0
2013-09-18 07:00:00,48500.0
2013-09-18 08:00:00,59100.0
2013-09-18 09:00:00,196400.0
2013-09-18 10:00:00,325300.0
2013-09-18 11:00:00,389900.0
2013-09-18 12:00:00,430700.0
2013-09-18 13:00:00,415800.0
2013-09-18 14:00:00,396800.0
2013-09-18 15:00:00,450300.0
2013-09-18 16:00:00,436800.0
2013-09-18 17:00:00,429100.0
2013-09-18 18:00:00,420400.0
2013-09-18 19:00:00,393900.0
2013-09-18 20:00:00,404500.0
2013-09-18 21:00:00,399500.0
2013-09-18 22:00:00,375300.0
2013-09-18 23:00:00,263200.0
2013-09-19 00:00:00,124400.0
2013-09-19 01:00:00,59400.0
2013-09-19 02:00:00,55100.0
2013-09-19 03:00:00,51900.0
2013-09-19 04:00:00,52800.0
2013-09-19 05:00:00,50900.0
2013-09-19 06:00:00,48700.0
2013-09-19 07:00:00,47200.0
2013-09-19 08:00:00,59000.0
2013-09-19 09:00:00,164300.0
2013-09-19 10:00:00,286300.0
2013-09-19 11:00:00,371900.0
2013-09-19 12:00:00,395700.0
2013-09-19 13:00:00,412700.0
2013-09-19 14:00:00,409400.0
2013-09-19 15:00:00,438300.0
2013-09-19 16:00:00,437100.0
2013-09-19 17:00:00,415800.0
2013-09-19 18:00:00,418300.0
2013-09-19 19:00:00,373200.0
2013-09-19 20:00:00,403300.0
2013-09-19 21:00:00,400200.0
2013-09-19 22:00:00,361500.0
2013-09-19 23:00:00,296900.0
2013-09-20 00:00:00,138500.0
2013-09-20 01:00:00,63100.0
2013-09-20 02:00:00,57400.0
2013-09-20 03:00:00,54400.0
2013-09-20 04:00:00,54400.0
2013-09-20 05:00:00,53600.0
2013-09-20 06:00:00,50100.0
2013-09-20 07:00:00,50300.0
2013-09-20 08:00:00,61000.0
2013-09-20 09:00:00,176800.0
2013-09-20 10:00:00,343000.0
2013-09-20 11:00:00,431300.0
2013-09-20 12:00:00,462700.0
2013-09-20 13:00:00,464700.0
2013-09-20 14:00:00,423000.0
2013-09-20 15:00:00,485400.0
2013-09-20 16:00:00,491900.0
2013-09-20 17:00:00,481600.0
2013-09-20 18:00:00,443100.0
2013-09-20 19:00:00,448600.0
2013-09-20 20:00:00,429300.0
2013-09-20 21:00:00,430800.0
2013-09-20 22:00:00,399700.0
2013-09-20 23:00:00,308300.0
2013-09-21 00:00:00,129100.0
2013-09-21 01:00:00,100700.0
2013-09-21 02:00:00,85400.0
2013-09-21 03:00:00,63000.0
2013-09-21 04:00:00,51700.0
2013-09-21 05:00:00,50300.0
2013-09-21 06:00:00,49500.0
2013-09-21 07:00:00,50500.0
2013-09-21 08:00:00,60300.0
2013-09-21 09:00:00,190800.0
2013-09-21 10:00:00,324900.0
2013-09-21 11:00:00,489300.0
2013-09-21 12:00:00,490800.0
2013-09-21 13:00:00,494500.0
2013-09-21 14:00:00,486200.0
2013-09-21 15:00:00,497500.0
2013-09-21 16:00:00,497900.0
2013-09-21 17:00:00,479900.0
2013-09-21 18:00:00,488800.0
2013-09-21 19:00:00,454900.0
2013-09-21 20:00:00,447600.0
2013-09-21 21:00:00,432600.0
2013-09-21 22:00:00,419400.0
2013-09-21 23:00:00,287700.0
2013-09-22 00:00:00,133600.0
2013-09-22 01:00:00,102400.0
2013-09-22 02:00:00,91400.0
2013-09-22 03:00:00,80600.0
2013-09-22 04:00:00,51200.0
2013-09-22 05:00:00,51300.0
2013-09-22 06:00:00,49400.0
2013-09-22 07:00:00,49600.0
2013-09-22 08:00:00,57400.0
2013-09-22 09:00:00,192000.0
2013-09-22 10:00:00,375800.0
2013-09-22 11:00:00,441200.0
2013-09-22 12:00:00,464700.0
2013-09-22 13:00:00,472200.0
2013-09-22 14:00:00,474700.0
2013-09-22 15:00:00,488600.0
2013-09-22 16:00:00,487200.0
2013-09-22 17:00:00,480700.0
2013-09-22 18:00:00,458400.0
2013-09-22 19:00:00,442700.0
2013-09-22 20:00:00,458400.0
2013-09-22 21:00:00,441900.0
2013-09-22 22:00:00,420900.0
2013-09-22 23:00:00,319000.0
2013-09-23 00:00:00,121500.0
2013-09-23 01:00:00,62300.0
2013-09-23 02:00:00,55300.0
2013-09-23 03:00:00,51500.0
2013-09-23 04:00:00,50400.0
2013-09-23 05:00:00,49200.0
2013-09-23 06:00:00,47300.0
2013-09-23 07:00:00,48300.0
2013-09-23 08:00:00,58600.0
2013-09-23 09:00:00,190900.0
2013-09-23 10:00:00,417000.0
2013-09-23 11:00:00,458800.0
2013-09-23 12:00:00,452600.0
2013-09-23 13:00:00,441600.0
2013-09-23 14:00:00,429100.0
2013-09-23 15:00:00,472100.0
2013-09-23 16:00:00,453200.0
2013-09-23 17:00:00,458900.0
2013-09-23 18:00:00,442100.0
2013-09-23 19:00:00,426400.0
2013-09-23 20:00:00,420600.0
2013-09-23 21:00:00,431600.0
2013-09-23 22:00:00,410500.0
2013-09-23 23:00:00,294200.0
2013-09-24 00:00:00,117800.0
2013-09-24 01:00:00,61000.0
2013-09-24 02:00:00,59600.0
2013-09-24 03:00:00,57000.0
2013-09-24 04:00:00,56900.0
2013-09-24 05:00:00,55900.0
2013-09-24 06:00:00,53500.0
2013-09-24 07:00:00,53900.0
2013-09-24 08:00:00,61400.0
2013-09-24 09:00:00,175400.0
2013-09-24 10:00:00,349200.0
2013-09-24 11:00:00,377600.0
2013-09-24 12:00:00,413200.0
2013-09-24 13:00:00,397800.0
2013-09-24 14:00:00,401800.0
2013-09-24 15:00:00,401500.0
2013-09-24 16:00:00,408800.0
2013-09-24 17:00:00,397100.0
2013-09-24 18:00:00,367200.0
2013-09-24 19:00:00,376200.0
2013-09-24 20:00:00,372300.0
2013-09-24 21:00:00,375700.0
2013-09-24 22:00:00,358900.0
2013-09-24 23:00:00,273900.0
2013-09-25 00:00:00,115900.0
2013-09-25 01:00:00,63600.0
2013-09-25 02:00:00,58600.0
2013-09-25 03:00:00,56600.0
2013-09-25 04:00:00,56400.0
2013-09-25 05:00:00,56500.0
2013-09-25 06:00:00,54500.0
2013-09-25 07:00:00,54800.0
2013-09-25 08:00:00,62800.0
2013-09-25 09:00:00,189600.0
2013-09-25 10:00:00,327600.0
2013-09-25 11:00:00,378300.0
2013-09-25 12:00:00,391300.0
2013-09-25 13:00:00,389600.0
2013-09-25 14:00:00,409600.0
2013-09-25 15:00:00,394700.0
2013-09-25 16:00:00,404900.0
2013-09-25 17:00:00,390900.0
2013-09-25 18:00:00,390100.0
2013-09-25 19:00:00,372500.0
2013-09-25 20:00:00,373000.0
2013-09-25 21:00:00,374600.0
2013-09-25 22:00:00,352400.0
2013-09-25 23:00:00,236500.0
2013-09-26 00:00:00,118800.0
2013-09-26 01:00:00,57700.0
2013-09-26 02:00:00,52800.0
2013-09-26 03:00:00,50900.0
2013-09-26 04:00:00,49900.0
2013-09-26 05:00:00,48900.0
2013-09-26 06:00:00,48800.0
2013-09-26 07:00:00,47300.0
2013-09-26 08:00:00,58500.0
2013-09-26 09:00:00,175300.0
2013-09-26 10:00:00,354500.0
2013-09-26 11:00:00,374500.0
2013-09-26 12:00:00,366100.0
2013-09-26 13:00:00,379400.0
2013-09-26 14:00:00,365000.0
2013-09-26 15:00:00,412900.0
2013-09-26 16:00:00,419000.0
2013-09-26 17:00:00,395400.0
2013-09-26 18:00:00,380800.0
2013-09-26 19:00:00,390900.0
2013-09-26 20:00:00,390900.0
2013-09-26 21:00:00,391200.0
2013-09-26 22:00:00,406000.0
2013-09-26 23:00:00,295700.0
2013-09-27 00:00:00,120900.0
2013-09-27 01:00:00,61100.0
2013-09-27 02:00:00,54400.0
2013-09-27 03:00:00,52300.0
2013-09-27 04:00:00,51300.0
2013-09-27 05:00:00,50300.0
2013-09-27 06:00:00,49000.0
2013-09-27 07:00:00,49600.0
2013-09-27 08:00:00,59000.0
2013-09-27 09:00:00,224100.0
2013-09-27 10:00:00,378800.0
2013-09-27 11:00:00,394900.0
2013-09-27 12:00:00,401800.0
2013-09-27 13:00:00,408400.0
2013-09-27 14:00:00,410800.0
2013-09-27 15:00:00,408600.0
2013-09-27 16:00:00,418700.0
2013-09-27 17:00:00,409400.0
2013-09-27 18:00:00,402600.0
2013-09-27 19:00:00,399500.0
2013-09-27 20:00:00,378100.0
2013-09-27 21:00:00,398000.0
2013-09-27 22:00:00,381000.0
2013-09-27 23:00:00,275300.0
2013-09-28 00:00:00,125600.0
2013-09-28 01:00:00,96200.0
2013-09-28 02:00:00,83500.0
2013-09-28 03:00:00,64300.0
2013-09-28 04:00:00,50900.0
2013-09-28 05:00:00,50000.0
2013-09-28 06:00:00,48300.0
2013-09-28 07:00:00,49600.0
2013-09-28 08:00:00,58600.0
2013-09-28 09:00:00,188800.0
2013-09-28 10:00:00,365200.0
2013-09-28 11:00:00,367800.0
2013-09-28 12:00:00,388700.0
2013-09-28 13:00:00,387600.0
2013-09-28 14:00:00,391200.0
2013-09-28 15:00:00,409000.0
2013-09-28 16:00:00,410700.0
2013-09-28 17:00:00,400500.0
2013-09-28 18:00:00,391400.0
2013-09-28 19:00:00,373600.0
2013-09-28 20:00:00,385900.0
2013-09-28 21:00:00,382100.0
2013-09-28 22:00:00,372100.0
2013-09-28 23:00:00,269000.0
2013-09-29 00:00:00,136500.0
2013-09-29 01:00:00,103200.0
2013-09-29 02:00:00,90100.0
2013-09-29 03:00:00,80300.0
2013-09-29 04:00:00,50100.0
2013-09-29 05:00:00,49200.0
2013-09-29 06:00:00,47700.0
2013-09-29 07:00:00,48000.0
2013-09-29 08:00:00,56200.0
2013-09-29 09:00:00,183100.0
2013-09-29 10:00:00,343100.0
2013-09-29 11:00:00,371700.0
2013-09-29 12:00:00,359900.0
2013-09-29 13:00:00,362500.0
2013-09-29 14:00:00,387600.0
2013-09-29 15:00:00,356900.0
2013-09-29 16:00:00,353000.0
2013-09-29 17:00:00,374300.0
2013-09-29 18:00:00,363800.0
2013-09-29 19:00:00,397200.0
2013-09-29 20:00:00,379300.0
2013-09-29 21:00:00,397800.0
2013-09-29 22:00:00,385600.0
2013-09-29 23:00:00,317600.0
2013-09-30 00:00:00,130800.0
2013-09-30 01:00:00,57700.0
2013-09-30 02:00:00,50900.0
2013-09-30 03:00:00,48700.0
2013-09-30 04:00:00,48700.0
2013-09-30 05:00:00,47800.0
2013-09-30 06:00:00,46800.0
2013-09-30 07:00:00,48900.0
2013-09-30 08:00:00,58500.0
2013-09-30 09:00:00,194400.0
2013-09-30 10:00:00,323100.0
2013-09-30 11:00:00,393300.0
2013-09-30 12:00:00,387400.0
2013-09-30 13:00:00,408900.0
2013-09-30 14:00:00,410500.0
2013-09-30 15:00:00,408200.0
2013-09-30 16:00:00,409300.0
2013-09-30 17:00:00,408400.0
2013-09-30 18:00:00,395000.0
2013-09-30 19:00:00,416200.0
2013-09-30 20:00:00,408300.0
2013-09-30 21:00:00,383100.0
2013-09-30 22:00:00,402000.0
2013-09-30 23:00:00,285500.0
2013-10-01 00:00:00,124600.0
2013-10-01 01:00:00,58800.0
2013-10-01 02:00:00,51100.0
2013-10-01 03:00:00,49400.0
2013-10-01 04:00:00,48300.0
2013-10-01 05:00:00,48200.0
2013-10-01 06:00:00,46900.0
2013-10-01 07:00:00,48000.0
2013-10-01 08:00:00,57400.0
2013-10-01 09:00:00,164400.0
2013-10-01 10:00:00,355100.0
2013-10-01 11:00:00,369000.0
2013-10-01 12:00:00,386600.0
2013-10-01 13:00:00,379100.0
2013-10-01 14:00:00,367100.0
2013-10-01 15:00:00,380800.0
2013-10-01 16:00:00,411600.0
2013-10-01 17:00:00,388400.0
2013-10-01 18:00:00,383500.0
2013-10-01 19:00:00,396500.0
2013-10-01 20:00:00,399100.0
2013-10-01 21:00:00,382400.0
2013-10-01 22:00:00,375200.0
2013-10-01 23:00:00,277400.0
2013-10-02 00:00:00,115600.0
2013-10-02 01:00:00,59200.0
2013-10-02 02:00:00,53800.0
2013-10-02 03:00:00,52500.0
2013-10-02 04:00:00,51800.0
2013-10-02 05:00:00,51100.0
2013-10-02 06:00:00,49200.0
2013-10-02 07:00:00,50100.0
2013-10-02 08:00:00,59400.0
2013-10-02 09:00:00,176300.0
2013-10-02 10:00:00,242900.0
2013-10-02 11:00:00,330600.0
2013-10-02 12:00:00,348600.0
2013-10-02 13:00:00,352400.0
2013-10-02 14:00:00,346400.0
2013-10-02 15:00:00,340500.0
2013-10-02 16:00:00,340100.0
2013-10-02 17:00:00,333300.0
2013-10-02 18:00:00,335200.0
2013-10-02 19:00:00,338000.0
2013-10-02 20:00:00,335300.0
2013-10-02 21:00:00,340600.0
2013-10-02 22:00:00,335000.0
2013-10-02 23:00:00,235800.0
2013-10-03 00:00:00,118700.0
2013-10-03 01:00:00,60600.0
2013-10-03 02:00:00,52700.0
2013-10-03 03:00:00,50600.0
2013-10-03 04:00:00,50600.0
2013-10-03 05:00:00,50400.0
2013-10-03 06:00:00,48800.0
2013-10-03 07:00:00,49800.0
2013-10-03 08:00:00,60900.0
2013-10-03 09:00:00,179100.0
2013-10-03 10:00:00,368800.0
2013-10-03 11:00:00,385800.0
2013-10-03 12:00:00,395400.0
2013-10-03 13:00:00,382400.0
2013-10-03 14:00:00,391300.0
2013-10-03 15:00:00,382700.0
2013-10-03 16:00:00,383900.0
2013-10-03 17:00:00,396900.0
2013-10-03 18:00:00,375700.0
2013-10-03 19:00:00,361200.0
2013-10-03 20:00:00,371300.0
2013-10-03 21:00:00,373600.0
2013-10-03 22:00:00,366100.0
2013-10-03 23:00:00,253400.0
2013-10-04 00:00:00,112700.0
2013-10-04 01:00:00,57300.0
2013-10-04 02:00:00,52600.0
2013-10-04 03:00:00,50800.0
2013-10-04 04:00:00,50600.0
2013-10-04 05:00:00,50900.0
2013-10-04 06:00:00,48600.0
2013-10-04 07:00:00,49400.0
2013-10-04 08:00:00,59500.0
2013-10-04 09:00:00,187600.0
2013-10-04 10:00:00,321400.0
2013-10-04 11:00:00,345300.0
2013-10-04 12:00:00,362800.0
2013-10-04 13:00:00,365600.0
2013-10-04 14:00:00,367000.0
2013-10-04 15:00:00,357000.0
2013-10-04 16:00:00,338700.0
2013-10-04 17:00:00,338400.0
2013-10-04 18:00:00,338000.0
2013-10-04 19:00:00,336500.0
2013-10-04 20:00:00,323100.0
2013-10-04 21:00:00,321600.0
2013-10-04 22:00:00,311100.0
2013-10-04 23:00:00,237200.0
2013-10-05 00:00:00,117800.0
2013-10-05 01:00:00,93300.0
2013-10-05 02:00:00,81000.0
2013-10-05 03:00:00,62800.0
2013-10-05 04:00:00,49400.0
2013-10-05 05:00:00,48800.0
2013-10-05 06:00:00,47600.0
2013-10-05 07:00:00,48200.0
2013-10-05 08:00:00,56700.0
2013-10-05 09:00:00,79600.0
2013-10-05 10:00:00,115500.0
2013-10-05 11:00:00,369900.0
2013-10-05 12:00:00,336700.0
2013-10-05 13:00:00,340600.0
2013-10-05 14:00:00,352300.0
2013-10-05 15:00:00,355500.0
2013-10-05 16:00:00,348900.0
2013-10-05 17:00:00,363000.0
2013-10-05 18:00:00,352400.0
2013-10-05 19:00:00,335200.0
2013-10-05 20:00:00,347900.0
2013-10-05 21:00:00,333400.0
2013-10-05 22:00:00,312000.0
2013-10-05 23:00:00,188200.0
2013-10-06 00:00:00,107800.0
2013-10-06 01:00:00,96600.0
2013-10-06 02:00:00,88500.0
2013-10-06 03:00:00,79700.0
2013-10-06 04:00:00,52200.0
2013-10-06 05:00:00,51700.0
2013-10-06 06:00:00,51400.0
2013-10-06 07:00:00,50100.0
2013-10-06 08:00:00,56800.0
2013-10-06 09:00:00,96100.0
2013-10-06 10:00:00,320500.0
2013-10-06 11:00:00,317200.0
2013-10-06 12:00:00,344600.0
2013-10-06 13:00:00,345100.0
2013-10-06 14:00:00,347300.0
2013-10-06 15:00:00,375900.0
2013-10-06 16:00:00,382900.0
2013-10-06 17:00:00,369700.0
2013-10-06 18:00:00,347400.0
2013-10-06 19:00:00,354500.0
2013-10-06 20:00:00,344800.0
2013-10-06 21:00:00,343600.0
2013-10-06 22:00:00,309500.0
2013-10-06 23:00:00,269400.0
2013-10-07 00:00:00,133100.0
2013-10-07 01:00:00,70000.0
2013-10-07 02:00:00,50800.0
2013-10-07 03:00:00,48900.0
2013-10-07 04:00:00,49300.0
2013-10-07 05:00:00,48300.0
2013-10-07 06:00:00,47800.0
2013-10-07 07:00:00,48000.0
2013-10-07 08:00:00,56200.0
2013-10-07 09:00:00,91600.0
2013-10-07 10:00:00,247200.0
2013-10-07 11:00:00,368800.0
2013-10-07 12:00:00,308400.0
2013-10-07 13:00:00,320600.0
2013-10-07 14:00:00,324100.0
2013-10-07 15:00:00,347000.0
2013-10-07 16:00:00,329500.0
2013-10-07 17:00:00,325300.0
2013-10-07 18:00:00,310800.0
2013-10-07 19:00:00,308600.0
2013-10-07 20:00:00,317700.0
2013-10-07 21:00:00,310300.0
2013-10-07 22:00:00,283000.0
2013-10-07 23:00:00,218300.0
2013-10-08 00:00:00,113700.0
2013-10-08 01:00:00,55200.0
2013-10-08 02:00:00,49100.0
2013-10-08 03:00:00,47900.0
2013-10-08 04:00:00,47200.0
2013-10-08 05:00:00,47600.0
2013-10-08 06:00:00,46300.0
2013-10-08 07:00:00,34900.0
2013-10-08 08:00:00,44800.0
2013-10-08 09:00:00,172400.0
2013-10-08 10:00:00,295200.0
2013-10-08 11:00:00,346400.0
2013-10-08 12:00:00,353200.0
2013-10-08 13:00:00,378000.0
2013-10-08 14:00:00,391900.0
2013-10-08 15:00:00,388400.0
2013-10-08 16:00:00,371600.0
2013-10-08 17:00:00,376500.0
2013-10-08 18:00:00,340800.0
2013-10-08 19:00:00,346800.0
2013-10-08 20:00:00,350400.0
2013-10-08 21:00:00,354700.0
2013-10-08 22:00:00,315600.0
2013-10-08 23:00:00,218300.0
2013-10-09 00:00:00,107500.0
2013-10-09 01:00:00,56000.0
2013-10-09 02:00:00,50700.0
2013-10-09 03:00:00,49000.0
2013-10-09 04:00:00,48900.0
2013-10-09 05:00:00,48900.0
2013-10-09 06:00:00,47500.0
2013-10-09 07:00:00,46800.0
2013-10-09 08:00:00,55500.0
2013-10-09 09:00:00,151700.0
2013-10-09 10:00:00,307200.0
2013-10-09 11:00:00,344400.0
2013-10-09 12:00:00,356800.0
2013-10-09 13:00:00,365300.0
2013-10-09 14:00:00,371600.0
2013-10-09 15:00:00,359500.0
2013-10-09 16:00:00,362100.0
2013-10-09 17:00:00,355900.0
2013-10-09 18:00:00,350300.0
2013-10-09 19:00:00,343600.0
2013-10-09 20:00:00,354100.0
2013-10-09 21:00:00,340200.0
2013-10-09 22:00:00,297300.0
2013-10-09 23:00:00,178900.0
2013-10-10 00:00:00,107600.0
2013-10-10 01:00:00,57100.0
2013-10-10 02:00:00,52600.0
2013-10-10 03:00:00,49100.0
2013-10-10 04:00:00,49300.0
2013-10-10 05:00:00,48500.0
2013-10-10 06:00:00,48400.0
2013-10-10 07:00:00,47200.0
2013-10-10 08:00:00,56000.0
2013-10-10 09:00:00,190000.0
2013-10-10 10:00:00,349000.0
2013-10-10 11:00:00,338800.0
2013-10-10 12:00:00,341900.0
2013-10-10 13:00:00,369000.0
2013-10-10 14:00:00,373800.0
2013-10-10 15:00:00,375900.0
2013-10-10 16:00:00,374900.0
2013-10-10 17:00:00,365100.0
2013-10-10 18:00:00,357900.0
2013-10-10 19:00:00,353900.0
2013-10-10 20:00:00,356100.0
2013-10-10 21:00:00,359100.0
2013-10-10 22:00:00,304100.0
2013-10-10 23:00:00,214600.0
2013-10-11 00:00:00,110800.0
2013-10-11 01:00:00,58600.0
2013-10-11 02:00:00,52500.0
2013-10-11 03:00:00,49700.0
2013-10-11 04:00:00,48400.0
2013-10-11 05:00:00,48000.0
2013-10-11 06:00:00,47200.0
2013-10-11 07:00:00,47000.0
2013-10-11 08:00:00,57500.0
2013-10-11 09:00:00,161300.0
2013-10-11 10:00:00,313800.0
2013-10-11 11:00:00,320500.0
2013-10-11 12:00:00,336700.0
2013-10-11 13:00:00,357800.0
2013-10-11 14:00:00,363700.0
2013-10-11 15:00:00,389900.0
2013-10-11 16:00:00,391400.0
2013-10-11 17:00:00,383500.0
2013-10-11 18:00:00,351600.0
2013-10-11 19:00:00,327000.0
2013-10-11 20:00:00,324700.0
2013-10-11 21:00:00,323200.0
2013-10-11 22:00:00,285200.0
2013-10-11 23:00:00,195100.0
2013-10-12 00:00:00,113500.0
2013-10-12 01:00:00,95100.0
2013-10-12 02:00:00,83200.0
2013-10-12 03:00:00,63300.0
2013-10-12 04:00:00,49200.0
2013-10-12 05:00:00,48300.0
2013-10-12 06:00:00,48000.0
2013-10-12 07:00:00,48100.0
2013-10-12 08:00:00,57000.0
2013-10-12 09:00:00,166300.0
2013-10-12 10:00:00,257500.0
2013-10-12 11:00:00,261800.0
2013-10-12 12:00:00,276600.0
2013-10-12 13:00:00,299400.0
2013-10-12 14:00:00,324900.0
2013-10-12 15:00:00,318900.0
2013-10-12 16:00:00,310300.0
2013-10-12 17:00:00,318100.0
2013-10-12 18:00:00,296100.0
2013-10-12 19:00:00,303900.0
2013-10-12 20:00:00,300300.0
2013-10-12 21:00:00,279100.0
2013-10-12 22:00:00,273000.0
2013-10-12 23:00:00,205300.0
2013-10-13 00:00:00,119400.0
2013-10-13 01:00:00,100600.0
2013-10-13 02:00:00,89800.0
2013-10-13 03:00:00,78900.0
2013-10-13 04:00:00,48700.0
2013-10-13 05:00:00,47900.0
2013-10-13 06:00:00,47200.0
2013-10-13 07:00:00,46800.0
2013-10-13 08:00:00,55000.0
2013-10-13 09:00:00,171100.0
2013-10-13 10:00:00,258600.0
2013-10-13 11:00:00,277200.0
2013-10-13 12:00:00,290000.0
2013-10-13 13:00:00,304700.0
2013-10-13 14:00:00,300600.0
2013-10-13 15:00:00,334500.0
2013-10-13 16:00:00,336200.0
2013-10-13 17:00:00,320900.0
2013-10-13 18:00:00,336300.0
2013-10-13 19:00:00,312800.0
2013-10-13 20:00:00,320400.0
2013-10-13 21:00:00,311800.0
2013-10-13 22:00:00,278900.0
2013-10-13 23:00:00,203600.0
2013-10-14 00:00:00,108500.0
2013-10-14 01:00:00,55100.0
2013-10-14 02:00:00,51000.0
2013-10-14 03:00:00,48400.0
2013-10-14 04:00:00,49100.0
2013-10-14 05:00:00,47600.0
2013-10-14 06:00:00,46400.0
2013-10-14 07:00:00,48600.0
2013-10-14 08:00:00,56900.0
2013-10-14 09:00:00,139200.0
2013-10-14 10:00:00,296400.0
2013-10-14 11:00:00,302300.0
2013-10-14 12:00:00,316900.0
2013-10-14 13:00:00,335300.0
2013-10-14 14:00:00,336800.0
2013-10-14 15:00:00,337200.0
2013-10-14 16:00:00,347700.0
2013-10-14 17:00:00,338700.0
2013-10-14 18:00:00,325100.0
2013-10-14 19:00:00,333800.0
2013-10-14 20:00:00,327100.0
2013-10-14 21:00:00,298500.0
2013-10-14 22:00:00,271700.0
2013-10-14 23:00:00,173800.0
2013-10-15 00:00:00,111000.0
2013-10-15 01:00:00,66300.0
2013-10-15 02:00:00,52000.0
2013-10-15 03:00:00,50600.0
2013-10-15 04:00:00,49800.0
2013-10-15 05:00:00,49400.0
2013-10-15 06:00:00,48200.0
2013-10-15 07:00:00,48300.0
2013-10-15 08:00:00,61300.0
2013-10-15 09:00:00,154000.0
2013-10-15 10:00:00,289800.0
2013-10-15 11:00:00,289900.0
2013-10-15 12:00:00,324800.0
2013-10-15 13:00:00,327700.0
2013-10-15 14:00:00,322800.0
2013-10-15 15:00:00,317000.0
2013-10-15 16:00:00,338000.0
2013-10-15 17:00:00,351000.0
2013-10-15 18:00:00,340800.0
2013-10-15 19:00:00,344100.0
2013-10-15 20:00:00,337900.0
2013-10-15 21:00:00,330200.0
2013-10-15 22:00:00,306200.0
2013-10-15 23:00:00,191400.0
2013-10-16 00:00:00,108100.0
2013-10-16 01:00:00,57600.0
2013-10-16 02:00:00,52000.0
2013-10-16 03:00:00,48400.0
2013-10-16 04:00:00,48000.0
2013-10-16 05:00:00,48200.0
2013-10-16 06:00:00,47800.0
2013-10-16 07:00:00,48300.0
2013-10-16 08:00:00,58200.0
2013-10-16 09:00:00,137100.0
2013-10-16 10:00:00,247000.0
2013-10-16 11:00:00,271100.0
2013-10-16 12:00:00,288600.0
2013-10-16 13:00:00,310300.0
2013-10-16 14:00:00,320100.0
2013-10-16 15:00:00,327400.0
2013-10-16 16:00:00,344100.0
2013-10-16 17:00:00,334900.0
2013-10-16 18:00:00,330200.0
2013-10-16 19:00:00,310200.0
2013-10-16 20:00:00,309300.0
2013-10-16 21:00:00,315800.0
2013-10-16 22:00:00,287600.0
2013-10-16 23:00:00,202800.0
2013-10-17 00:00:00,116800.0
2013-10-17 01:00:00,55300.0
2013-10-17 02:00:00,50900.0
2013-10-17 03:00:00,49300.0
2013-10-17 04:00:00,49000.0
2013-10-17 05:00:00,49400.0
2013-10-17 06:00:00,47200.0
2013-10-17 07:00:00,46700.0
2013-10-17 08:00:00,55900.0
2013-10-17 09:00:00,131200.0
2013-10-17 10:00:00,244400.0
2013-10-17 11:00:00,327100.0
2013-10-17 12:00:00,322100.0
2013-10-17 13:00:00,338800.0
2013-10-17 14:00:00,328600.0
2013-10-17 15:00:00,325600.0
2013-10-17 16:00:00,325500.0
2013-10-17 17:00:00,322900.0
2013-10-17 18:00:00,309500.0
2013-10-17 19:00:00,309700.0
2013-10-17 20:00:00,314500.0
2013-10-17 21:00:00,318400.0
2013-10-17 22:00:00,296700.0
2013-10-17 23:00:00,202300.0
2013-10-18 00:00:00,131100.0
2013-10-18 01:00:00,72300.0
2013-10-18 02:00:00,54400.0
2013-10-18 03:00:00,50400.0
2013-10-18 04:00:00,50200.0
2013-10-18 05:00:00,49200.0
2013-10-18 06:00:00,47600.0
2013-10-18 07:00:00,47700.0
2013-10-18 08:00:00,56700.0
2013-10-18 09:00:00,145400.0
2013-10-18 10:00:00,273700.0
2013-10-18 11:00:00,294300.0
2013-10-18 12:00:00,300400.0
2013-10-18 13:00:00,308200.0
2013-10-18 14:00:00,300000.0
2013-10-18 15:00:00,304700.0
2013-10-18 16:00:00,310200.0
2013-10-18 17:00:00,307700.0
2013-10-18 18:00:00,301300.0
2013-10-18 19:00:00,321200.0
2013-10-18 20:00:00,319800.0
2013-10-18 21:00:00,320000.0
2013-10-18 22:00:00,292300.0
2013-10-18 23:00:00,170700.0
2013-10-19 00:00:00,113900.0
2013-10-19 01:00:00,95400.0
2013-10-19 02:00:00,83900.0
2013-10-19 03:00:00,66000.0
2013-10-19 04:00:00,51300.0
2013-10-19 05:00:00,51300.0
2013-10-19 06:00:00,50600.0
2013-10-19 07:00:00,50000.0
2013-10-19 08:00:00,57700.0
2013-10-19 09:00:00,140900.0
2013-10-19 10:00:00,264400.0
2013-10-19 11:00:00,292600.0
2013-10-19 12:00:00,299300.0
2013-10-19 13:00:00,315300.0
2013-10-19 14:00:00,313400.0
2013-10-19 15:00:00,333900.0
2013-10-19 16:00:00,331000.0
2013-10-19 17:00:00,305000.0
2013-10-19 18:00:00,302200.0
2013-10-19 19:00:00,301400.0
2013-10-19 20:00:00,284400.0
2013-10-19 21:00:00,298100.0
2013-10-19 22:00:00,272100.0
2013-10-19 23:00:00,199300.0
2013-10-20 00:00:00,130300.0
2013-10-20 01:00:00,100900.0
2013-10-20 02:00:00,89200.0
2013-10-20 03:00:00,78000.0
2013-10-20 04:00:00,47900.0
2013-10-20 05:00:00,47700.0
2013-10-20 06:00:00,45600.0
2013-10-20 07:00:00,45800.0
2013-10-20 08:00:00,56200.0
2013-10-20 09:00:00,131000.0
2013-10-20 10:00:00,278800.0
2013-10-20 11:00:00,286500.0
2013-10-20 12:00:00,292100.0
2013-10-20 13:00:00,296900.0
2013-10-20 14:00:00,299400.0
2013-10-20 15:00:00,318000.0
2013-10-20 16:00:00,305500.0
2013-10-20 17:00:00,307200.0
2013-10-20 18:00:00,309800.0
2013-10-20 19:00:00,301200.0
2013-10-20 20:00:00,321100.0
2013-10-20 21:00:00,304200.0
2013-10-20 22:00:00,293300.0
2013-10-20 23:00:00,209700.0
2013-10-21 00:00:00,117400.0
2013-10-21 01:00:00,56700.0
2013-10-21 02:00:00,51400.0
2013-10-21 03:00:00,49700.0
2013-10-21 04:00:00,49900.0
2013-10-21 05:00:00,50500.0
2013-10-21 06:00:00,48600.0
2013-10-21 07:00:00,49200.0
2013-10-21 08:00:00,59100.0
2013-10-21 09:00:00,124600.0
2013-10-21 10:00:00,268700.0
2013-10-21 11:00:00,285300.0
2013-10-21 12:00:00,289400.0
2013-10-21 13:00:00,284800.0
2013-10-21 14:00:00,290600.0
2013-10-21 15:00:00,310600.0
2013-10-21 16:00:00,298300.0
2013-10-21 17:00:00,295500.0
2013-10-21 18:00:00,286100.0
2013-10-21 19:00:00,291800.0
2013-10-21 20:00:00,297400.0
2013-10-21 21:00:00,284800.0
2013-10-21 22:00:00,266400.0
2013-10-21 23:00:00,171900.0
2013-10-22 00:00:00,110200.0
2013-10-22 01:00:00,61000.0
2013-10-22 02:00:00,52800.0
2013-10-22 03:00:00,50500.0
2013-10-22 04:00:00,50700.0
2013-10-22 05:00:00,50400.0
2013-10-22 06:00:00,49100.0
2013-10-22 07:00:00,49000.0
2013-10-22 08:00:00,58500.0
2013-10-22 09:00:00,131500.0
2013-10-22 10:00:00,230800.0
2013-10-22 11:00:00,310600.0
2013-10-22 12:00:00,302700.0
2013-10-22 13:00:00,307100.0
2013-10-22 14:00:00,309700.0
2013-10-22 15:00:00,315400.0
2013-10-22 16:00:00,317400.0
2013-10-22 17:00:00,314500.0
2013-10-22 18:00:00,317500.0
2013-10-22 19:00:00,321600.0
2013-10-22 20:00:00,307800.0
2013-10-22 21:00:00,307300.0
2013-10-22 22:00:00,286800.0
2013-10-22 23:00:00,205400.0
2013-10-23 00:00:00,113000.0
2013-10-23 01:00:00,60200.0
2013-10-23 02:00:00,54700.0
2013-10-23 03:00:00,50100.0
2013-10-23 04:00:00,49600.0
2013-10-23 05:00:00,50100.0
2013-10-23 06:00:00,47800.0
2013-10-23 07:00:00,47500.0
2013-10-23 08:00:00,56800.0
2013-10-23 09:00:00,128400.0
2013-10-23 10:00:00,223600.0
2013-10-23 11:00:00,235000.0
2013-10-23 12:00:00,345100.0
2013-10-23 13:00:00,311900.0
2013-10-23 14:00:00,307100.0
2013-10-23 15:00:00,307000.0
2013-10-23 16:00:00,307900.0
2013-10-23 17:00:00,312600.0
2013-10-23 18:00:00,303900.0
2013-10-23 19:00:00,318300.0
2013-10-23 20:00:00,316600.0
2013-10-23 21:00:00,310800.0
2013-10-23 22:00:00,297800.0
2013-10-23 23:00:00,217300.0
2013-10-24 00:00:00,111400.0
2013-10-24 01:00:00,57300.0
2013-10-24 02:00:00,54300.0
2013-10-24 03:00:00,50200.0
2013-10-24 04:00:00,49300.0
2013-10-24 05:00:00,49100.0
2013-10-24 06:00:00,46300.0
2013-10-24 07:00:00,46800.0
2013-10-24 08:00:00,57700.0
2013-10-24 09:00:00,134100.0
2013-10-24 10:00:00,247800.0
2013-10-24 11:00:00,350100.0
2013-10-24 12:00:00,339200.0
2013-10-24 13:00:00,326200.0
2013-10-24 14:00:00,322700.0
2013-10-24 15:00:00,338600.0
2013-10-24 16:00:00,333400.0
2013-10-24 17:00:00,333600.0
2013-10-24 18:00:00,342700.0
2013-10-24 19:00:00,351400.0
2013-10-24 20:00:00,347500.0
2013-10-24 21:00:00,326800.0
2013-10-24 22:00:00,298600.0
2013-10-24 23:00:00,194500.0
2013-10-25 00:00:00,108700.0
2013-10-25 01:00:00,58900.0
2013-10-25 02:00:00,53500.0
2013-10-25 03:00:00,50300.0
2013-10-25 04:00:00,50600.0
2013-10-25 05:00:00,50500.0
2013-10-25 06:00:00,48300.0
2013-10-25 07:00:00,48000.0
2013-10-25 08:00:00,58800.0
2013-10-25 09:00:00,130700.0
2013-10-25 10:00:00,230100.0
2013-10-25 11:00:00,286600.0
2013-10-25 12:00:00,280600.0
2013-10-25 13:00:00,258100.0
2013-10-25 14:00:00,258800.0
2013-10-25 15:00:00,267600.0
2013-10-25 16:00:00,268300.0
2013-10-25 17:00:00,278100.0
2013-10-25 18:00:00,268800.0
2013-10-25 19:00:00,290700.0
2013-10-25 20:00:00,272200.0
2013-10-25 21:00:00,275200.0
2013-10-25 22:00:00,255100.0
2013-10-25 23:00:00,182800.0
2013-10-26 00:00:00,113700.0
2013-10-26 01:00:00,96900.0
2013-10-26 02:00:00,84000.0
2013-10-26 03:00:00,65400.0
2013-10-26 04:00:00,51200.0
2013-10-26 05:00:00,50200.0
2013-10-26 06:00:00,47500.0
2013-10-26 07:00:00,47600.0
2013-10-26 08:00:00,59700.0
2013-10-26 09:00:00,126800.0
2013-10-26 10:00:00,238100.0
2013-10-26 11:00:00,253300.0
2013-10-26 12:00:00,242700.0
2013-10-26 13:00:00,256300.0
2013-10-26 14:00:00,258300.0
2013-10-26 15:00:00,282500.0
2013-10-26 16:00:00,269200.0
2013-10-26 17:00:00,281100.0
2013-10-26 18:00:00,280000.0
2013-10-26 19:00:00,269600.0
2013-10-26 20:00:00,282400.0
2013-10-26 21:00:00,271100.0
2013-10-26 22:00:00,253600.0
2013-10-26 23:00:00,193400.0
2013-10-27 00:00:00,119200.0
2013-10-27 01:00:00,193400.0
2013-10-27 02:00:00,89400.0
2013-10-27 03:00:00,81500.0
2013-10-27 04:00:00,50500.0
2013-10-27 05:00:00,48700.0
2013-10-27 06:00:00,47400.0
2013-10-27 07:00:00,47700.0
2013-10-27 08:00:00,58000.0
2013-10-27 09:00:00,137500.0
2013-10-27 10:00:00,254600.0
2013-10-27 11:00:00,270100.0
2013-10-27 12:00:00,269300.0
2013-10-27 13:00:00,295000.0
2013-10-27 14:00:00,302500.0
2013-10-27 15:00:00,308400.0
2013-10-27 16:00:00,308800.0
2013-10-27 17:00:00,306100.0
2013-10-27 18:00:00,292900.0
2013-10-27 19:00:00,283100.0
2013-10-27 20:00:00,277600.0
2013-10-27 21:00:00,264800.0
2013-10-27 22:00:00,250200.0
2013-10-27 23:00:00,193700.0
2013-10-28 00:00:00,111800.0
2013-10-28 01:00:00,57500.0
2013-10-28 02:00:00,51800.0
2013-10-28 03:00:00,50500.0
2013-10-28 04:00:00,49500.0
2013-10-28 05:00:00,48900.0
2013-10-28 06:00:00,47600.0
2013-10-28 07:00:00,49400.0
2013-10-28 08:00:00,61800.0
2013-10-28 09:00:00,127600.0
2013-10-28 10:00:00,254000.0
2013-10-28 11:00:00,261800.0
2013-10-28 12:00:00,253500.0
2013-10-28 13:00:00,262900.0
2013-10-28 14:00:00,276900.0
2013-10-28 15:00:00,261800.0
2013-10-28 16:00:00,274000.0
2013-10-28 17:00:00,265000.0
2013-10-28 18:00:00,284000.0
2013-10-28 19:00:00,277300.0
2013-10-28 20:00:00,264500.0
2013-10-28 21:00:00,276500.0
2013-10-28 22:00:00,247500.0
2013-10-28 23:00:00,178000.0
2013-10-29 00:00:00,106400.0
2013-10-29 01:00:00,57500.0
2013-10-29 02:00:00,52900.0
2013-10-29 03:00:00,50200.0
2013-10-29 04:00:00,49000.0
2013-10-29 05:00:00,48300.0
2013-10-29 06:00:00,47700.0
2013-10-29 07:00:00,47900.0
2013-10-29 08:00:00,58900.0
2013-10-29 09:00:00,123500.0
2013-10-29 10:00:00,187300.0
2013-10-29 11:00:00,219700.0
2013-10-29 12:00:00,218900.0
2013-10-29 13:00:00,225300.0
2013-10-29 14:00:00,231800.0
2013-10-29 15:00:00,223500.0
2013-10-29 16:00:00,229900.0
2013-10-29 17:00:00,222000.0
2013-10-29 18:00:00,235000.0
2013-10-29 19:00:00,235300.0
2013-10-29 20:00:00,235300.0
2013-10-29 21:00:00,231000.0
2013-10-29 22:00:00,222500.0
2013-10-29 23:00:00,168300.0
2013-10-30 00:00:00,107400.0
2013-10-30 01:00:00,74700.0
2013-10-30 02:00:00,69400.0
2013-10-30 03:00:00,62300.0
2013-10-30 04:00:00,47200.0
2013-10-30 05:00:00,47100.0
2013-10-30 06:00:00,46100.0
2013-10-30 07:00:00,45600.0
2013-10-30 08:00:00,57400.0
2013-10-30 09:00:00,113100.0
2013-10-30 10:00:00,183600.0
2013-10-30 11:00:00,227400.0
2013-10-30 12:00:00,214500.0
2013-10-30 13:00:00,229200.0
2013-10-30 14:00:00,238900.0
2013-10-30 15:00:00,226200.0
2013-10-30 16:00:00,218500.0
2013-10-30 17:00:00,194400.0
2013-10-30 18:00:00,234600.0
2013-10-30 19:00:00,237000.0
2013-10-30 20:00:00,217100.0
2013-10-30 21:00:00,213300.0
2013-10-30 22:00:00,210400.0
2013-10-30 23:00:00,164900.0
2013-10-31 00:00:00,105700.0
2013-10-31 01:00:00,73100.0
2013-10-31 02:00:00,68500.0
2013-10-31 03:00:00,62600.0
2013-10-31 04:00:00,47900.0
2013-10-31 05:00:00,47800.0
2013-10-31 06:00:00,46200.0
2013-10-31 07:00:00,47400.0
2013-10-31 08:00:00,57800.0
2013-10-31 09:00:00,116500.0
2013-10-31 10:00:00,185000.0
2013-10-31 11:00:00,265500.0
2013-10-31 12:00:00,241500.0
2013-10-31 13:00:00,217600.0
2013-10-31 14:00:00,212800.0
2013-10-31 15:00:00,222200.0
2013-10-31 16:00:00,229200.0
2013-10-31 17:00:00,223600.0
2013-10-31 18:00:00,240400.0
2013-10-31 19:00:00,240100.0
2013-10-31 20:00:00,236800.0
2013-10-31 21:00:00,235100.0
2013-10-31 22:00:00,216900.0
2013-10-31 23:00:00,165900.0
2013-11-01 00:00:00,107700.0
2013-11-01 01:00:00,73300.0
2013-11-01 02:00:00,70400.0
2013-11-01 03:00:00,63200.0
2013-11-01 04:00:00,48600.0
2013-11-01 05:00:00,47600.0
2013-11-01 06:00:00,46100.0
2013-11-01 07:00:00,47500.0
2013-11-01 08:00:00,58300.0
2013-11-01 09:00:00,116100.0
2013-11-01 10:00:00,184800.0
2013-11-01 11:00:00,217600.0
2013-11-01 12:00:00,219000.0
2013-11-01 13:00:00,217300.0
2013-11-01 14:00:00,214600.0
2013-11-01 15:00:00,220900.0
2013-11-01 16:00:00,229200.0
2013-11-01 17:00:00,217400.0
2013-11-01 18:00:00,229700.0
2013-11-01 19:00:00,236400.0
2013-11-01 20:00:00,232200.0
2013-11-01 21:00:00,225900.0
2013-11-01 22:00:00,223100.0
2013-11-01 23:00:00,171700.0
2013-11-02 00:00:00,117300.0
2013-11-02 01:00:00,103900.0
2013-11-02 02:00:00,86800.0
2013-11-02 03:00:00,73000.0
2013-11-02 04:00:00,54900.0
2013-11-02 05:00:00,53900.0
2013-11-02 06:00:00,53700.0
2013-11-02 07:00:00,54200.0
2013-11-02 08:00:00,63800.0
2013-11-02 09:00:00,143900.0
2013-11-02 10:00:00,221300.0
2013-11-02 11:00:00,231900.0
2013-11-02 12:00:00,240000.0
2013-11-02 13:00:00,241000.0
2013-11-02 14:00:00,246400.0
2013-11-02 15:00:00,231900.0
2013-11-02 16:00:00,253400.0
2013-11-02 17:00:00,229000.0
2013-11-02 18:00:00,251600.0
2013-11-02 19:00:00,245600.0
2013-11-02 20:00:00,240100.0
2013-11-02 21:00:00,235900.0
2013-11-02 22:00:00,228800.0
2013-11-02 23:00:00,162700.0
2013-11-03 00:00:00,119000.0
2013-11-03 01:00:00,101800.0
2013-11-03 02:00:00,97000.0
2013-11-03 03:00:00,91400.0
2013-11-03 04:00:00,57300.0
2013-11-03 05:00:00,56300.0
2013-11-03 06:00:00,55500.0
2013-11-03 07:00:00,55100.0
2013-11-03 08:00:00,62100.0
2013-11-03 09:00:00,126800.0
2013-11-03 10:00:00,191200.0
2013-11-03 11:00:00,248800.0
2013-11-03 12:00:00,222400.0
2013-11-03 13:00:00,241300.0
2013-11-03 14:00:00,247400.0
2013-11-03 15:00:00,242600.0
2013-11-03 16:00:00,256700.0
2013-11-03 17:00:00,248600.0
2013-11-03 18:00:00,246000.0
2013-11-03 19:00:00,252500.0
2013-11-03 20:00:00,244500.0
2013-11-03 21:00:00,236500.0
2013-11-03 22:00:00,228900.0
2013-11-03 23:00:00,170000.0
2013-11-04 00:00:00,108200.0
2013-11-04 01:00:00,75400.0
2013-11-04 02:00:00,72400.0
2013-11-04 03:00:00,68100.0
2013-11-04 04:00:00,52700.0
2013-11-04 05:00:00,51600.0
2013-11-04 06:00:00,50300.0
2013-11-04 07:00:00,52100.0
2013-11-04 08:00:00,60900.0
2013-11-04 09:00:00,117900.0
2013-11-04 10:00:00,200900.0
2013-11-04 11:00:00,231500.0
2013-11-04 12:00:00,216900.0
2013-11-04 13:00:00,221300.0
2013-11-04 14:00:00,225600.0
2013-11-04 15:00:00,232800.0
2013-11-04 16:00:00,236000.0
2013-11-04 17:00:00,228600.0
2013-11-04 18:00:00,237200.0
2013-11-04 19:00:00,230500.0
2013-11-04 20:00:00,239400.0
2013-11-04 21:00:00,232100.0
2013-11-04 22:00:00,209800.0
2013-11-04 23:00:00,172400.0
2013-11-05 00:00:00,106900.0
2013-11-05 01:00:00,73900.0
2013-11-05 02:00:00,70200.0
2013-11-05 03:00:00,65400.0
2013-11-05 04:00:00,48000.0
2013-11-05 05:00:00,45500.0
2013-11-05 06:00:00,44100.0
2013-11-05 07:00:00,45800.0
2013-11-05 08:00:00,55900.0
2013-11-05 09:00:00,116000.0
2013-11-05 10:00:00,224700.0
2013-11-05 11:00:00,222400.0
2013-11-05 12:00:00,231200.0
2013-11-05 13:00:00,229600.0
2013-11-05 14:00:00,230700.0
2013-11-05 15:00:00,229200.0
2013-11-05 16:00:00,238600.0
2013-11-05 17:00:00,220800.0
2013-11-05 18:00:00,236400.0
2013-11-05 19:00:00,246200.0
2013-11-05 20:00:00,236700.0
2013-11-05 21:00:00,221000.0
2013-11-05 22:00:00,229100.0
2013-11-05 23:00:00,163800.0
2013-11-06 00:00:00,105400.0
2013-11-06 01:00:00,71800.0
2013-11-06 02:00:00,67700.0
2013-11-06 03:00:00,62900.0
2013-11-06 04:00:00,47700.0
2013-11-06 05:00:00,47300.0
2013-11-06 06:00:00,45600.0
2013-11-06 07:00:00,45900.0
2013-11-06 08:00:00,55600.0
2013-11-06 09:00:00,116600.0
2013-11-06 10:00:00,197100.0
2013-11-06 11:00:00,239100.0
2013-11-06 12:00:00,217500.0
2013-11-06 13:00:00,236300.0
2013-11-06 14:00:00,237900.0
2013-11-06 15:00:00,241300.0
2013-11-06 16:00:00,229400.0
2013-11-06 17:00:00,228000.0
2013-11-06 18:00:00,235800.0
2013-11-06 19:00:00,234500.0
2013-11-06 20:00:00,236500.0
2013-11-06 21:00:00,232300.0
2013-11-06 22:00:00,212300.0
2013-11-06 23:00:00,173200.0
2013-11-07 00:00:00,107400.0
2013-11-07 01:00:00,73000.0
2013-11-07 02:00:00,66700.0
2013-11-07 03:00:00,62700.0
2013-11-07 04:00:00,50500.0
2013-11-07 05:00:00,49700.0
2013-11-07 06:00:00,47600.0
2013-11-07 07:00:00,48200.0
2013-11-07 08:00:00,57700.0
2013-11-07 09:00:00,115400.0
2013-11-07 10:00:00,211500.0
2013-11-07 11:00:00,208900.0
2013-11-07 12:00:00,214300.0
2013-11-07 13:00:00,228700.0
2013-11-07 14:00:00,220100.0
2013-11-07 15:00:00,221200.0
2013-11-07 16:00:00,229500.0
2013-11-07 17:00:00,216600.0
2013-11-07 18:00:00,234300.0
2013-11-07 19:00:00,223400.0
2013-11-07 20:00:00,224500.0
2013-11-07 21:00:00,222600.0
2013-11-07 22:00:00,219400.0
2013-11-07 23:00:00,154200.0
2013-11-08 00:00:00,113100.0
2013-11-08 01:00:00,108400.0
2013-11-08 02:00:00,70600.0
2013-11-08 03:00:00,64600.0
2013-11-08 04:00:00,51100.0
2013-11-08 05:00:00,50400.0
2013-11-08 06:00:00,49100.0
2013-11-08 07:00:00,48100.0
2013-11-08 08:00:00,58300.0
2013-11-08 09:00:00,122900.0
2013-11-08 10:00:00,231100.0
2013-11-08 11:00:00,244600.0
2013-11-08 12:00:00,233800.0
2013-11-08 13:00:00,249400.0
2013-11-08 14:00:00,226300.0
2013-11-08 15:00:00,233000.0
2013-11-08 16:00:00,225000.0
2013-11-08 17:00:00,234600.0
2013-11-08 18:00:00,242900.0
2013-11-08 19:00:00,239400.0
2013-11-08 20:00:00,228600.0
2013-11-08 21:00:00,231300.0
2013-11-08 22:00:00,223300.0
2013-11-08 23:00:00,174300.0
2013-11-09 00:00:00,114400.0
2013-11-09 01:00:00,96700.0
2013-11-09 02:00:00,87200.0
2013-11-09 03:00:00,70300.0
2013-11-09 04:00:00,52500.0
2013-11-09 05:00:00,48400.0
2013-11-09 06:00:00,47400.0
2013-11-09 07:00:00,47900.0
2013-11-09 08:00:00,56700.0
2013-11-09 09:00:00,120100.0
2013-11-09 10:00:00,206600.0
2013-11-09 11:00:00,198500.0
2013-11-09 12:00:00,209300.0
2013-11-09 13:00:00,200900.0
2013-11-09 14:00:00,201100.0
2013-11-09 15:00:00,209600.0
2013-11-09 16:00:00,210100.0
2013-11-09 17:00:00,212700.0
2013-11-09 18:00:00,225300.0
2013-11-09 19:00:00,228800.0
2013-11-09 20:00:00,228700.0
2013-11-09 21:00:00,216300.0
2013-11-09 22:00:00,211000.0
2013-11-09 23:00:00,178800.0
2013-11-10 00:00:00,120500.0
2013-11-10 01:00:00,103500.0
2013-11-10 02:00:00,89500.0
2013-11-10 03:00:00,82700.0
2013-11-10 04:00:00,48800.0
2013-11-10 05:00:00,48300.0
2013-11-10 06:00:00,46900.0
2013-11-10 07:00:00,47500.0
2013-11-10 08:00:00,55100.0
2013-11-10 09:00:00,118900.0
2013-11-10 10:00:00,214800.0
2013-11-10 11:00:00,213200.0
2013-11-10 12:00:00,214400.0
2013-11-10 13:00:00,215900.0
2013-11-10 14:00:00,216600.0
2013-11-10 15:00:00,227400.0
2013-11-10 16:00:00,225200.0
2013-11-10 17:00:00,219000.0
2013-11-10 18:00:00,252400.0
2013-11-10 19:00:00,242000.0
2013-11-10 20:00:00,239400.0
2013-11-10 21:00:00,237800.0
2013-11-10 22:00:00,235600.0
2013-11-10 23:00:00,171100.0
2013-11-11 00:00:00,119600.0
2013-11-11 01:00:00,78800.0
2013-11-11 02:00:00,67800.0
2013-11-11 03:00:00,62000.0
2013-11-11 04:00:00,47900.0
2013-11-11 05:00:00,47100.0
2013-11-11 06:00:00,46000.0
2013-11-11 07:00:00,46000.0
2013-11-11 08:00:00,39000.0
2013-11-11 09:00:00,113300.0
2013-11-11 10:00:00,224000.0
2013-11-11 11:00:00,207900.0
2013-11-11 12:00:00,211400.0
2013-11-11 13:00:00,215000.0
2013-11-11 14:00:00,223500.0
2013-11-11 15:00:00,226900.0
2013-11-11 16:00:00,222400.0
2013-11-11 17:00:00,226600.0
2013-11-11 18:00:00,240500.0
2013-11-11 19:00:00,243900.0
2013-11-11 20:00:00,233100.0
2013-11-11 21:00:00,234800.0
2013-11-11 22:00:00,227700.0
2013-11-11 23:00:00,165000.0
2013-11-12 00:00:00,114600.0
2013-11-12 01:00:00,81800.0
2013-11-12 02:00:00,77200.0
2013-11-12 03:00:00,70300.0
2013-11-12 04:00:00,55900.0
2013-11-12 05:00:00,55100.0
2013-11-12 06:00:00,54600.0
2013-11-12 07:00:00,55000.0
2013-11-12 08:00:00,65800.0
2013-11-12 09:00:00,123900.0
2013-11-12 10:00:00,198700.0
2013-11-12 11:00:00,256600.0
2013-11-12 12:00:00,232000.0
2013-11-12 13:00:00,249900.0
2013-11-12 14:00:00,278100.0
2013-11-12 15:00:00,273100.0
2013-11-12 16:00:00,247200.0
2013-11-12 17:00:00,225100.0
2013-11-12 18:00:00,255600.0
2013-11-12 19:00:00,243200.0
2013-11-12 20:00:00,239500.0
2013-11-12 21:00:00,238300.0
2013-11-12 22:00:00,223100.0
2013-11-12 23:00:00,174800.0
2013-11-13 00:00:00,114300.0
2013-11-13 01:00:00,79200.0
2013-11-13 02:00:00,75200.0
2013-11-13 03:00:00,69200.0
2013-11-13 04:00:00,55100.0
2013-11-13 05:00:00,54600.0
2013-11-13 06:00:00,53200.0
2013-11-13 07:00:00,53700.0
2013-11-13 08:00:00,63800.0
2013-11-13 09:00:00,123600.0
2013-11-13 10:00:00,191200.0
2013-11-13 11:00:00,204000.0
2013-11-13 12:00:00,251000.0
2013-11-13 13:00:00,243500.0
2013-11-13 14:00:00,234300.0
2013-11-13 15:00:00,243800.0
2013-11-13 16:00:00,234500.0
2013-11-13 17:00:00,234000.0
2013-11-13 18:00:00,236800.0
2013-11-13 19:00:00,240900.0
2013-11-13 20:00:00,242800.0
2013-11-13 21:00:00,231800.0
2013-11-13 22:00:00,236400.0
2013-11-13 23:00:00,166200.0
2013-11-14 00:00:00,114200.0
2013-11-14 01:00:00,80100.0
2013-11-14 02:00:00,76600.0
2013-11-14 03:00:00,70400.0
2013-11-14 04:00:00,55200.0
2013-11-14 05:00:00,55000.0
2013-11-14 06:00:00,53300.0
2013-11-14 07:00:00,53700.0
2013-11-14 08:00:00,64300.0
2013-11-14 09:00:00,124300.0
2013-11-14 10:00:00,182000.0
2013-11-14 11:00:00,277200.0
2013-11-14 12:00:00,234100.0
2013-11-14 13:00:00,238000.0
2013-11-14 14:00:00,236000.0
2013-11-14 15:00:00,244400.0
2013-11-14 16:00:00,232000.0
2013-11-14 17:00:00,240400.0
2013-11-14 18:00:00,240400.0
2013-11-14 19:00:00,245800.0
2013-11-14 20:00:00,243300.0
2013-11-14 21:00:00,237400.0
2013-11-14 22:00:00,214900.0
2013-11-14 23:00:00,166900.0
2013-11-15 00:00:00,114500.0
2013-11-15 01:00:00,79700.0
2013-11-15 02:00:00,72300.0
2013-11-15 03:00:00,66800.0
2013-11-15 04:00:00,52100.0
2013-11-15 05:00:00,51000.0
2013-11-15 06:00:00,50600.0
2013-11-15 07:00:00,51400.0
2013-11-15 08:00:00,61900.0
2013-11-15 09:00:00,120300.0
2013-11-15 10:00:00,189400.0
2013-11-15 11:00:00,234900.0
2013-11-15 12:00:00,218700.0
2013-11-15 13:00:00,221600.0
2013-11-15 14:00:00,211500.0
2013-11-15 15:00:00,230900.0
2013-11-15 16:00:00,220200.0
2013-11-15 17:00:00,218800.0
2013-11-15 18:00:00,249500.0
2013-11-15 19:00:00,232900.0
2013-11-15 20:00:00,236700.0
2013-11-15 21:00:00,236200.0
2013-11-15 22:00:00,221000.0
2013-11-15 23:00:00,164800.0
2013-11-16 00:00:00,119700.0
2013-11-16 01:00:00,99400.0
2013-11-16 02:00:00,86700.0
2013-11-16 03:00:00,70700.0
2013-11-16 04:00:00,52200.0
2013-11-16 05:00:00,50900.0
2013-11-16 06:00:00,49500.0
2013-11-16 07:00:00,49900.0
2013-11-16 08:00:00,58400.0
2013-11-16 09:00:00,121500.0
2013-11-16 10:00:00,180100.0
2013-11-16 11:00:00,182100.0
2013-11-16 12:00:00,199600.0
2013-11-16 13:00:00,185800.0
2013-11-16 14:00:00,203300.0
2013-11-16 15:00:00,202000.0
2013-11-16 16:00:00,197400.0
2013-11-16 17:00:00,205400.0
2013-11-16 18:00:00,226000.0
2013-11-16 19:00:00,224400.0
2013-11-16 20:00:00,219000.0
2013-11-16 21:00:00,205100.0
2013-11-16 22:00:00,206400.0
2013-11-16 23:00:00,167400.0
2013-11-17 00:00:00,124900.0
2013-11-17 01:00:00,105800.0
2013-11-17 02:00:00,92500.0
2013-11-17 03:00:00,86500.0
2013-11-17 04:00:00,51600.0
2013-11-17 05:00:00,51200.0
2013-11-17 06:00:00,48900.0
2013-11-17 07:00:00,49300.0
2013-11-17 08:00:00,57000.0
2013-11-17 09:00:00,111700.0
2013-11-17 10:00:00,167300.0
2013-11-17 11:00:00,217700.0
2013-11-17 12:00:00,195900.0
2013-11-17 13:00:00,183600.0
2013-11-17 14:00:00,186900.0
2013-11-17 15:00:00,203200.0
2013-11-17 16:00:00,188000.0
2013-11-17 17:00:00,198300.0
2013-11-17 18:00:00,231700.0
2013-11-17 19:00:00,222300.0
2013-11-17 20:00:00,205700.0
2013-11-17 21:00:00,218900.0
2013-11-17 22:00:00,217800.0
2013-11-17 23:00:00,156800.0
2013-11-18 00:00:00,114700.0
2013-11-18 01:00:00,80000.0
2013-11-18 02:00:00,71500.0
2013-11-18 03:00:00,65400.0
2013-11-18 04:00:00,51300.0
2013-11-18 05:00:00,50600.0
2013-11-18 06:00:00,49100.0
2013-11-18 07:00:00,49900.0
2013-11-18 08:00:00,59500.0
2013-11-18 09:00:00,115200.0
2013-11-18 10:00:00,175400.0
2013-11-18 11:00:00,181100.0
2013-11-18 12:00:00,197900.0
2013-11-18 13:00:00,192000.0
2013-11-18 14:00:00,192100.0
2013-11-18 15:00:00,204800.0
2013-11-18 16:00:00,195100.0
2013-11-18 17:00:00,199300.0
2013-11-18 18:00:00,222600.0
2013-11-18 19:00:00,220000.0
2013-11-18 20:00:00,212600.0
2013-11-18 21:00:00,219400.0
2013-11-18 22:00:00,210600.0
2013-11-18 23:00:00,160700.0
2013-11-19 00:00:00,115700.0
2013-11-19 01:00:00,78700.0
2013-11-19 02:00:00,71500.0
2013-11-19 03:00:00,65800.0
2013-11-19 04:00:00,51000.0
2013-11-19 05:00:00,50100.0
2013-11-19 06:00:00,49400.0
2013-11-19 07:00:00,49600.0
2013-11-19 08:00:00,58800.0
2013-11-19 09:00:00,115200.0
2013-11-19 10:00:00,218200.0
2013-11-19 11:00:00,185400.0
2013-11-19 12:00:00,200100.0
2013-11-19 13:00:00,204300.0
2013-11-19 14:00:00,192200.0
2013-11-19 15:00:00,199900.0
2013-11-19 16:00:00,204600.0
2013-11-19 17:00:00,203100.0
2013-11-19 18:00:00,218800.0
2013-11-19 19:00:00,220900.0
2013-11-19 20:00:00,219400.0
2013-11-19 21:00:00,219800.0
2013-11-19 22:00:00,215700.0
2013-11-19 23:00:00,159200.0
2013-11-20 00:00:00,113600.0
2013-11-20 01:00:00,77700.0
2013-11-20 02:00:00,70500.0
2013-11-20 03:00:00,67200.0
2013-11-20 04:00:00,51400.0
2013-11-20 05:00:00,51000.0
2013-11-20 06:00:00,48700.0
2013-11-20 07:00:00,49500.0
2013-11-20 08:00:00,59600.0
2013-11-20 09:00:00,115700.0
2013-11-20 10:00:00,173400.0
2013-11-20 11:00:00,182900.0
2013-11-20 12:00:00,179900.0
2013-11-20 13:00:00,187700.0
2013-11-20 14:00:00,197800.0
2013-11-20 15:00:00,194300.0
2013-11-20 16:00:00,186400.0
2013-11-20 17:00:00,191800.0
2013-11-20 18:00:00,215100.0
2013-11-20 19:00:00,211300.0
2013-11-20 20:00:00,219800.0
2013-11-20 21:00:00,202900.0
2013-11-20 22:00:00,208200.0
2013-11-20 23:00:00,172000.0
2013-11-21 00:00:00,117100.0
2013-11-21 01:00:00,81200.0
2013-11-21 02:00:00,72200.0
2013-11-21 03:00:00,66100.0
2013-11-21 04:00:00,51700.0
2013-11-21 05:00:00,51300.0
2013-11-21 06:00:00,50200.0
2013-11-21 07:00:00,50600.0
2013-11-21 08:00:00,61400.0
2013-11-21 09:00:00,111600.0
2013-11-21 10:00:00,166400.0
2013-11-21 11:00:00,165100.0
2013-11-21 12:00:00,210800.0
2013-11-21 13:00:00,190500.0
2013-11-21 14:00:00,181900.0
2013-11-21 15:00:00,188400.0
2013-11-21 16:00:00,188700.0
2013-11-21 17:00:00,181000.0
2013-11-21 18:00:00,218300.0
2013-11-21 19:00:00,210700.0
2013-11-21 20:00:00,210700.0
2013-11-21 21:00:00,209100.0
2013-11-21 22:00:00,209300.0
2013-11-21 23:00:00,168800.0
2013-11-22 00:00:00,118800.0
2013-11-22 01:00:00,82300.0
2013-11-22 02:00:00,77400.0
2013-11-22 03:00:00,69600.0
2013-11-22 04:00:00,52700.0
2013-11-22 05:00:00,52600.0
2013-11-22 06:00:00,51000.0
2013-11-22 07:00:00,52600.0
2013-11-22 08:00:00,60900.0
2013-11-22 09:00:00,115100.0
2013-11-22 10:00:00,178500.0
2013-11-22 11:00:00,188200.0
2013-11-22 12:00:00,174100.0
2013-11-22 13:00:00,191400.0
2013-11-22 14:00:00,193100.0
2013-11-22 15:00:00,192700.0
2013-11-22 16:00:00,193900.0
2013-11-22 17:00:00,196700.0
2013-11-22 18:00:00,226600.0
2013-11-22 19:00:00,219200.0
2013-11-22 20:00:00,217200.0
2013-11-22 21:00:00,223800.0
2013-11-22 22:00:00,215600.0
2013-11-22 23:00:00,165100.0
2013-11-23 00:00:00,122700.0
2013-11-23 01:00:00,103100.0
2013-11-23 02:00:00,88900.0
2013-11-23 03:00:00,70700.0
2013-11-23 04:00:00,52700.0
2013-11-23 05:00:00,53300.0
2013-11-23 06:00:00,50800.0
2013-11-23 07:00:00,51800.0
2013-11-23 08:00:00,60600.0
2013-11-23 09:00:00,120100.0
2013-11-23 10:00:00,170600.0
2013-11-23 11:00:00,207200.0
2013-11-23 12:00:00,184100.0
2013-11-23 13:00:00,172200.0
2013-11-23 14:00:00,186100.0
2013-11-23 15:00:00,178700.0
2013-11-23 16:00:00,187400.0
2013-11-23 17:00:00,220000.0
2013-11-23 18:00:00,211500.0
2013-11-23 19:00:00,209700.0
2013-11-23 20:00:00,219000.0
2013-11-23 21:00:00,214100.0
2013-11-23 22:00:00,205100.0
2013-11-23 23:00:00,172100.0
2013-11-24 00:00:00,126600.0
2013-11-24 01:00:00,108400.0
2013-11-24 02:00:00,96700.0
2013-11-24 03:00:00,87300.0
2013-11-24 04:00:00,51700.0
2013-11-24 05:00:00,50600.0
2013-11-24 06:00:00,49100.0
2013-11-24 07:00:00,49100.0
2013-11-24 08:00:00,59100.0
2013-11-24 09:00:00,115500.0
2013-11-24 10:00:00,167200.0
2013-11-24 11:00:00,167000.0
2013-11-24 12:00:00,168400.0
2013-11-24 13:00:00,179200.0
2013-11-24 14:00:00,182100.0
2013-11-24 15:00:00,186100.0
2013-11-24 16:00:00,187300.0
2013-11-24 17:00:00,192900.0
2013-11-24 18:00:00,214900.0
2013-11-24 19:00:00,200900.0
2013-11-24 20:00:00,213600.0
2013-11-24 21:00:00,207000.0
2013-11-24 22:00:00,199800.0
2013-11-24 23:00:00,168600.0
2013-11-25 00:00:00,118400.0
2013-11-25 01:00:00,78300.0
2013-11-25 02:00:00,71600.0
2013-11-25 03:00:00,66100.0
2013-11-25 04:00:00,51400.0
2013-11-25 05:00:00,50600.0
2013-11-25 06:00:00,49100.0
2013-11-25 07:00:00,50000.0
2013-11-25 08:00:00,58400.0
2013-11-25 09:00:00,113000.0
2013-11-25 10:00:00,163500.0
2013-11-25 11:00:00,208100.0
2013-11-25 12:00:00,191800.0
2013-11-25 13:00:00,185700.0
2013-11-25 14:00:00,174100.0
2013-11-25 15:00:00,191400.0
2013-11-25 16:00:00,194000.0
2013-11-25 17:00:00,175900.0
2013-11-25 18:00:00,213400.0
2013-11-25 19:00:00,208400.0
2013-11-25 20:00:00,204400.0
2013-11-25 21:00:00,208400.0
2013-11-25 22:00:00,203700.0
2013-11-25 23:00:00,161700.0
2013-11-26 00:00:00,114500.0
2013-11-26 01:00:00,79300.0
2013-11-26 02:00:00,71200.0
2013-11-26 03:00:00,66500.0
2013-11-26 04:00:00,51300.0
2013-11-26 05:00:00,50300.0
2013-11-26 06:00:00,48900.0
2013-11-26 07:00:00,51000.0
2013-11-26 08:00:00,59100.0
2013-11-26 09:00:00,113500.0
2013-11-26 10:00:00,173200.0
2013-11-26 11:00:00,183700.0
2013-11-26 12:00:00,167600.0
2013-11-26 13:00:00,188700.0
2013-11-26 14:00:00,182100.0
2013-11-26 15:00:00,191200.0
2013-11-26 16:00:00,181200.0
2013-11-26 17:00:00,190200.0
2013-11-26 18:00:00,211500.0
2013-11-26 19:00:00,214000.0
2013-11-26 20:00:00,198500.0
2013-11-26 21:00:00,211400.0
2013-11-26 22:00:00,193300.0
2013-11-26 23:00:00,166700.0
2013-11-27 00:00:00,116400.0
2013-11-27 01:00:00,81300.0
2013-11-27 02:00:00,72500.0
2013-11-27 03:00:00,66100.0
2013-11-27 04:00:00,51400.0
2013-11-27 05:00:00,51400.0
2013-11-27 06:00:00,50600.0
2013-11-27 07:00:00,51900.0
2013-11-27 08:00:00,62200.0
2013-11-27 09:00:00,118300.0
2013-11-27 10:00:00,178200.0
2013-11-27 11:00:00,193500.0
2013-11-27 12:00:00,185400.0
2013-11-27 13:00:00,189000.0
2013-11-27 14:00:00,171700.0
2013-11-27 15:00:00,180000.0
2013-11-27 16:00:00,182900.0
2013-11-27 17:00:00,197700.0
2013-11-27 18:00:00,207400.0
2013-11-27 19:00:00,208100.0
2013-11-27 20:00:00,206600.0
2013-11-27 21:00:00,204700.0
2013-11-27 22:00:00,199000.0
2013-11-27 23:00:00,164500.0
2013-11-28 00:00:00,114900.0
2013-11-28 01:00:00,79600.0
2013-11-28 02:00:00,73200.0
2013-11-28 03:00:00,66400.0
2013-11-28 04:00:00,53100.0
2013-11-28 05:00:00,52100.0
2013-11-28 06:00:00,50500.0
2013-11-28 07:00:00,51500.0
2013-11-28 08:00:00,63900.0
2013-11-28 09:00:00,117800.0
2013-11-28 10:00:00,167200.0
2013-11-28 11:00:00,172900.0
2013-11-28 12:00:00,179200.0
2013-11-28 13:00:00,195900.0
2013-11-28 14:00:00,175000.0
2013-11-28 15:00:00,187400.0
2013-11-28 16:00:00,192900.0
2013-11-28 17:00:00,181400.0
2013-11-28 18:00:00,212000.0
2013-11-28 19:00:00,209200.0
2013-11-28 20:00:00,198800.0
2013-11-28 21:00:00,210000.0
2013-11-28 22:00:00,199700.0
2013-11-28 23:00:00,168700.0
2013-11-29 00:00:00,120100.0
2013-11-29 01:00:00,77400.0
2013-11-29 02:00:00,73400.0
2013-11-29 03:00:00,67900.0
2013-11-29 04:00:00,53200.0
2013-11-29 05:00:00,53300.0
2013-11-29 06:00:00,50900.0
2013-11-29 07:00:00,51700.0
2013-11-29 08:00:00,62400.0
2013-11-29 09:00:00,119000.0
2013-11-29 10:00:00,171700.0
2013-11-29 11:00:00,207400.0
2013-11-29 12:00:00,179500.0
2013-11-29 13:00:00,187500.0
2013-11-29 14:00:00,184500.0
2013-11-29 15:00:00,188900.0
2013-11-29 16:00:00,187200.0
2013-11-29 17:00:00,184700.0
2013-11-29 18:00:00,214100.0
2013-11-29 19:00:00,220600.0
2013-11-29 20:00:00,208400.0
2013-11-29 21:00:00,202400.0
2013-11-29 22:00:00,204500.0
2013-11-29 23:00:00,163400.0
2013-11-30 00:00:00,121400.0
2013-11-30 01:00:00,98900.0
2013-11-30 02:00:00,87100.0
2013-11-30 03:00:00,70500.0
2013-11-30 04:00:00,54100.0
2013-11-30 05:00:00,52900.0
2013-11-30 06:00:00,50600.0
2013-11-30 07:00:00,51600.0
2013-11-30 08:00:00,61000.0
2013-11-30 09:00:00,117400.0
2013-11-30 10:00:00,164100.0
2013-11-30 11:00:00,168600.0
2013-11-30 12:00:00,176900.0
2013-11-30 13:00:00,178500.0
2013-11-30 14:00:00,168700.0
2013-11-30 15:00:00,178400.0
2013-11-30 16:00:00,185600.0
2013-11-30 17:00:00,182400.0
2013-11-30 18:00:00,209700.0
2013-11-30 19:00:00,202100.0
2013-11-30 20:00:00,212700.0
2013-11-30 21:00:00,196200.0
2013-11-30 22:00:00,201700.0
2013-11-30 23:00:00,160000.0
2013-12-01 00:00:00,129700.0
2013-12-01 01:00:00,105000.0
2013-12-01 02:00:00,92300.0
2013-12-01 03:00:00,87100.0
2013-12-01 04:00:00,51000.0
2013-12-01 05:00:00,50100.0
2013-12-01 06:00:00,49000.0
2013-12-01 07:00:00,49000.0
2013-12-01 08:00:00,59200.0
2013-12-01 09:00:00,116700.0
2013-12-01 10:00:00,181500.0
2013-12-01 11:00:00,202500.0
2013-12-01 12:00:00,184900.0
2013-12-01 13:00:00,167100.0
2013-12-01 14:00:00,182100.0
2013-12-01 15:00:00,179100.0
2013-12-01 16:00:00,190000.0
2013-12-01 17:00:00,193600.0
2013-12-01 18:00:00,205400.0
2013-12-01 19:00:00,208100.0
2013-12-01 20:00:00,206700.0
2013-12-01 21:00:00,200500.0
2013-12-01 22:00:00,196600.0
2013-12-01 23:00:00,165100.0
2013-12-02 00:00:00,116000.0
2013-12-02 01:00:00,78400.0
2013-12-02 02:00:00,73200.0
2013-12-02 03:00:00,65100.0
2013-12-02 04:00:00,50300.0
2013-12-02 05:00:00,49900.0
2013-12-02 06:00:00,48000.0
2013-12-02 07:00:00,48800.0
2013-12-02 08:00:00,60400.0
2013-12-02 09:00:00,116800.0
2013-12-02 10:00:00,168500.0
2013-12-02 11:00:00,172800.0
2013-12-02 12:00:00,185300.0
2013-12-02 13:00:00,179400.0
2013-12-02 14:00:00,188600.0
2013-12-02 15:00:00,175000.0
2013-12-02 16:00:00,176400.0
2013-12-02 17:00:00,197500.0
2013-12-02 18:00:00,211600.0
2013-12-02 19:00:00,208800.0
2013-12-02 20:00:00,203200.0
2013-12-02 21:00:00,206200.0
2013-12-02 22:00:00,195900.0
2013-12-02 23:00:00,170700.0
2013-12-03 00:00:00,122600.0
2013-12-03 01:00:00,80500.0
2013-12-03 02:00:00,68900.0
2013-12-03 03:00:00,64400.0
2013-12-03 04:00:00,50000.0
2013-12-03 05:00:00,50300.0
2013-12-03 06:00:00,48100.0
2013-12-03 07:00:00,48800.0
2013-12-03 08:00:00,58300.0
2013-12-03 09:00:00,115100.0
2013-12-03 10:00:00,172500.0
2013-12-03 11:00:00,198700.0
2013-12-03 12:00:00,187800.0
2013-12-03 13:00:00,192600.0
2013-12-03 14:00:00,176800.0
2013-12-03 15:00:00,196100.0
2013-12-03 16:00:00,184300.0
2013-12-03 17:00:00,193200.0
2013-12-03 18:00:00,213200.0
2013-12-03 19:00:00,209900.0
2013-12-03 20:00:00,208000.0
2013-12-03 21:00:00,201200.0
2013-12-03 22:00:00,210300.0
2013-12-03 23:00:00,160900.0
2013-12-04 00:00:00,115400.0
2013-12-04 01:00:00,78000.0
2013-12-04 02:00:00,70800.0
2013-12-04 03:00:00,65800.0
2013-12-04 04:00:00,50000.0
2013-12-04 05:00:00,49500.0
2013-12-04 06:00:00,48300.0
2013-12-04 07:00:00,48500.0
2013-12-04 08:00:00,58100.0
2013-12-04 09:00:00,114400.0
2013-12-04 10:00:00,171200.0
2013-12-04 11:00:00,172200.0
2013-12-04 12:00:00,188600.0
2013-12-04 13:00:00,194600.0
2013-12-04 14:00:00,187100.0
2013-12-04 15:00:00,199900.0
2013-12-04 16:00:00,204400.0
2013-12-04 17:00:00,213100.0
2013-12-04 18:00:00,225400.0
2013-12-04 19:00:00,218100.0
2013-12-04 20:00:00,221900.0
2013-12-04 21:00:00,207400.0
2013-12-04 22:00:00,204600.0
2013-12-04 23:00:00,158000.0
2013-12-05 00:00:00,115900.0
2013-12-05 01:00:00,78000.0
2013-12-05 02:00:00,70500.0
2013-12-05 03:00:00,65000.0
2013-12-05 04:00:00,51200.0
2013-12-05 05:00:00,49800.0
2013-12-05 06:00:00,48700.0
2013-12-05 07:00:00,48700.0
2013-12-05 08:00:00,59300.0
2013-12-05 09:00:00,116500.0
2013-12-05 10:00:00,174300.0
2013-12-05 11:00:00,233200.0
2013-12-05 12:00:00,178000.0
2013-12-05 13:00:00,185300.0
2013-12-05 14:00:00,189900.0
2013-12-05 15:00:00,192000.0
2013-12-05 16:00:00,186200.0
2013-12-05 17:00:00,205500.0
2013-12-05 18:00:00,208100.0
2013-12-05 19:00:00,219900.0
2013-12-05 20:00:00,208700.0
2013-12-05 21:00:00,216500.0
2013-12-05 22:00:00,189100.0
2013-12-05 23:00:00,164800.0
2013-12-06 00:00:00,191400.0
2013-12-06 01:00:00,139000.0
2013-12-06 02:00:00,72100.0
2013-12-06 03:00:00,66900.0
2013-12-06 04:00:00,52400.0
2013-12-06 05:00:00,51200.0
2013-12-06 06:00:00,51100.0
2013-12-06 07:00:00,49900.0
2013-12-06 08:00:00,60000.0
2013-12-06 09:00:00,114800.0
2013-12-06 10:00:00,172400.0
2013-12-06 11:00:00,183300.0
2013-12-06 12:00:00,189100.0
2013-12-06 13:00:00,194400.0
2013-12-06 14:00:00,198500.0
2013-12-06 15:00:00,197400.0
2013-12-06 16:00:00,201500.0
2013-12-06 17:00:00,203700.0
2013-12-06 18:00:00,223200.0
2013-12-06 19:00:00,219300.0
2013-12-06 20:00:00,215100.0
2013-12-06 21:00:00,228400.0
2013-12-06 22:00:00,196900.0
2013-12-06 23:00:00,168400.0
2013-12-07 00:00:00,123400.0
2013-12-07 01:00:00,101200.0
2013-12-07 02:00:00,86500.0
2013-12-07 03:00:00,71300.0
2013-12-07 04:00:00,52200.0
2013-12-07 05:00:00,51800.0
2013-12-07 06:00:00,50100.0
2013-12-07 07:00:00,50900.0
2013-12-07 08:00:00,60200.0
2013-12-07 09:00:00,121100.0
2013-12-07 10:00:00,174200.0
2013-12-07 11:00:00,169100.0
2013-12-07 12:00:00,227000.0
2013-12-07 13:00:00,195500.0
2013-12-07 14:00:00,199600.0
2013-12-07 15:00:00,208400.0
2013-12-07 16:00:00,195200.0
2013-12-07 17:00:00,214900.0
2013-12-07 18:00:00,237700.0
2013-12-07 19:00:00,224200.0
2013-12-07 20:00:00,225700.0
2013-12-07 21:00:00,226300.0
2013-12-07 22:00:00,212000.0
2013-12-07 23:00:00,171400.0
2013-12-08 00:00:00,129900.0
2013-12-08 01:00:00,103400.0
2013-12-08 02:00:00,91900.0
2013-12-08 03:00:00,86100.0
2013-12-08 04:00:00,50500.0
2013-12-08 05:00:00,49500.0
2013-12-08 06:00:00,48700.0
2013-12-08 07:00:00,48600.0
2013-12-08 08:00:00,57200.0
2013-12-08 09:00:00,119300.0
2013-12-08 10:00:00,186200.0
2013-12-08 11:00:00,180600.0
2013-12-08 12:00:00,179300.0
2013-12-08 13:00:00,189300.0
2013-12-08 14:00:00,199000.0
2013-12-08 15:00:00,194800.0
2013-12-08 16:00:00,199000.0
2013-12-08 17:00:00,199500.0
2013-12-08 18:00:00,234400.0
2013-12-08 19:00:00,222700.0
2013-12-08 20:00:00,214300.0
2013-12-08 21:00:00,208000.0
2013-12-08 22:00:00,206400.0
2013-12-08 23:00:00,167800.0
2013-12-09 00:00:00,114900.0
2013-12-09 01:00:00,80500.0
2013-12-09 02:00:00,71100.0
2013-12-09 03:00:00,65700.0
2013-12-09 04:00:00,51400.0
2013-12-09 05:00:00,51000.0
2013-12-09 06:00:00,49700.0
2013-12-09 07:00:00,42800.0
2013-12-09 08:00:00,36200.0
2013-12-09 09:00:00,116600.0
2013-12-09 10:00:00,168000.0
2013-12-09 11:00:00,173600.0
2013-12-09 12:00:00,175500.0
2013-12-09 13:00:00,187500.0
2013-12-09 14:00:00,184100.0
2013-12-09 15:00:00,189500.0
2013-12-09 16:00:00,186300.0
2013-12-09 17:00:00,193100.0
2013-12-09 18:00:00,202000.0
2013-12-09 19:00:00,217300.0
2013-12-09 20:00:00,214800.0
2013-12-09 21:00:00,209500.0
2013-12-09 22:00:00,197800.0
2013-12-09 23:00:00,178200.0
2013-12-10 00:00:00,113800.0
2013-12-10 01:00:00,75400.0
2013-12-10 02:00:00,71300.0
2013-12-10 03:00:00,65200.0
2013-12-10 04:00:00,50600.0
2013-12-10 05:00:00,50300.0
2013-12-10 06:00:00,48900.0
2013-12-10 07:00:00,48700.0
2013-12-10 08:00:00,59400.0
2013-12-10 09:00:00,115600.0
2013-12-10 10:00:00,202500.0
2013-12-10 11:00:00,183200.0
2013-12-10 12:00:00,178600.0
2013-12-10 13:00:00,183200.0
2013-12-10 14:00:00,184400.0
2013-12-10 15:00:00,190000.0
2013-12-10 16:00:00,181900.0
2013-12-10 17:00:00,197500.0
2013-12-10 18:00:00,215600.0
2013-12-10 19:00:00,222100.0
2013-12-10 20:00:00,207900.0
2013-12-10 21:00:00,197500.0
2013-12-10 22:00:00,166700.0
2013-12-10 23:00:00,147700.0
2013-12-11 00:00:00,117100.0
2013-12-11 01:00:00,75800.0
2013-12-11 02:00:00,69800.0
2013-12-11 03:00:00,65200.0
2013-12-11 04:00:00,50200.0
2013-12-11 05:00:00,50900.0
2013-12-11 06:00:00,48300.0
2013-12-11 07:00:00,49400.0
2013-12-11 08:00:00,59500.0
2013-12-11 09:00:00,117600.0
2013-12-11 10:00:00,173500.0
2013-12-11 11:00:00,204300.0
2013-12-11 12:00:00,183200.0
2013-12-11 13:00:00,185300.0
2013-12-11 14:00:00,190900.0
2013-12-11 15:00:00,198700.0
2013-12-11 16:00:00,188400.0
2013-12-11 17:00:00,212200.0
2013-12-11 18:00:00,227900.0
2013-12-11 19:00:00,217500.0
2013-12-11 20:00:00,219700.0
2013-12-11 21:00:00,186100.0
2013-12-11 22:00:00,176300.0
2013-12-11 23:00:00,152500.0
2013-12-12 00:00:00,117300.0
2013-12-12 01:00:00,77900.0
2013-12-12 02:00:00,72300.0
2013-12-12 03:00:00,67000.0
2013-12-12 04:00:00,52600.0
2013-12-12 05:00:00,51700.0
2013-12-12 06:00:00,50300.0
2013-12-12 07:00:00,50900.0
2013-12-12 08:00:00,61400.0
2013-12-12 09:00:00,118500.0
2013-12-12 10:00:00,164200.0
2013-12-12 11:00:00,166100.0
2013-12-12 12:00:00,181400.0
2013-12-12 13:00:00,181900.0
2013-12-12 14:00:00,190000.0
2013-12-12 15:00:00,191600.0
2013-12-12 16:00:00,192100.0
2013-12-12 17:00:00,192100.0
2013-12-12 18:00:00,219300.0
2013-12-12 19:00:00,220200.0
2013-12-12 20:00:00,202500.0
2013-12-12 21:00:00,194300.0
2013-12-12 22:00:00,179600.0
2013-12-12 23:00:00,149600.0
2013-12-13 00:00:00,119500.0
2013-12-13 01:00:00,81000.0
2013-12-13 02:00:00,71700.0
2013-12-13 03:00:00,66600.0
2013-12-13 04:00:00,51900.0
2013-12-13 05:00:00,51200.0
2013-12-13 06:00:00,49800.0
2013-12-13 07:00:00,50400.0
2013-12-13 08:00:00,59500.0
2013-12-13 09:00:00,117500.0
2013-12-13 10:00:00,206000.0
2013-12-13 11:00:00,197300.0
2013-12-13 12:00:00,188500.0
2013-12-13 13:00:00,192600.0
2013-12-13 14:00:00,195900.0
2013-12-13 15:00:00,190600.0
2013-12-13 16:00:00,196300.0
2013-12-13 17:00:00,215100.0
2013-12-13 18:00:00,224200.0
2013-12-13 19:00:00,215000.0
2013-12-13 20:00:00,210700.0
2013-12-13 21:00:00,200800.0
2013-12-13 22:00:00,178300.0
2013-12-13 23:00:00,154800.0
2013-12-14 00:00:00,136900.0
2013-12-14 01:00:00,102300.0
2013-12-14 02:00:00,85800.0
2013-12-14 03:00:00,69200.0
2013-12-14 04:00:00,51100.0
2013-12-14 05:00:00,49900.0
2013-12-14 06:00:00,47300.0
2013-12-14 07:00:00,48200.0
2013-12-14 08:00:00,57900.0
2013-12-14 09:00:00,118100.0
2013-12-14 10:00:00,174000.0
2013-12-14 11:00:00,172600.0
2013-12-14 12:00:00,190500.0
2013-12-14 13:00:00,196300.0
2013-12-14 14:00:00,205500.0
2013-12-14 15:00:00,213300.0
2013-12-14 16:00:00,211200.0
2013-12-14 17:00:00,219800.0
2013-12-14 18:00:00,243100.0
2013-12-14 19:00:00,236700.0
2013-12-14 20:00:00,222800.0
2013-12-14 21:00:00,198100.0
2013-12-14 22:00:00,183200.0
2013-12-14 23:00:00,161300.0
2013-12-15 00:00:00,138700.0
2013-12-15 01:00:00,111500.0
2013-12-15 02:00:00,94600.0
2013-12-15 03:00:00,88300.0
2013-12-15 04:00:00,50800.0
2013-12-15 05:00:00,50400.0
2013-12-15 06:00:00,49800.0
2013-12-15 07:00:00,48800.0
2013-12-15 08:00:00,58100.0
2013-12-15 09:00:00,119700.0
2013-12-15 10:00:00,171400.0
2013-12-15 11:00:00,220500.0
2013-12-15 12:00:00,194600.0
2013-12-15 13:00:00,187400.0
2013-12-15 14:00:00,202500.0
2013-12-15 15:00:00,206300.0
2013-12-15 16:00:00,218500.0
2013-12-15 17:00:00,222600.0
2013-12-15 18:00:00,230600.0
2013-12-15 19:00:00,232400.0
2013-12-15 20:00:00,228300.0
2013-12-15 21:00:00,192300.0
2013-12-15 22:00:00,170400.0
2013-12-15 23:00:00,165000.0
2013-12-16 00:00:00,125500.0
2013-12-16 01:00:00,78200.0
2013-12-16 02:00:00,69800.0
2013-12-16 03:00:00,63800.0
2013-12-16 04:00:00,49400.0
2013-12-16 05:00:00,48600.0
2013-12-16 06:00:00,48000.0
2013-12-16 07:00:00,48400.0
2013-12-16 08:00:00,59700.0
2013-12-16 09:00:00,119500.0
2013-12-16 10:00:00,172300.0
2013-12-16 11:00:00,173500.0
2013-12-16 12:00:00,180300.0
2013-12-16 13:00:00,200500.0
2013-12-16 14:00:00,192300.0
2013-12-16 15:00:00,199300.0
2013-12-16 16:00:00,184000.0
2013-12-16 17:00:00,196900.0
2013-12-16 18:00:00,227200.0
2013-12-16 19:00:00,209900.0
2013-12-16 20:00:00,215200.0
2013-12-16 21:00:00,187400.0
2013-12-16 22:00:00,182000.0
2013-12-16 23:00:00,163600.0
2013-12-17 00:00:00,129000.0
2013-12-17 01:00:00,76700.0
2013-12-17 02:00:00,69800.0
2013-12-17 03:00:00,63400.0
2013-12-17 04:00:00,48900.0
2013-12-17 05:00:00,48400.0
2013-12-17 06:00:00,47300.0
2013-12-17 07:00:00,47500.0
2013-12-17 08:00:00,59600.0
2013-12-17 09:00:00,119400.0
2013-12-17 10:00:00,181700.0
2013-12-17 11:00:00,222400.0
2013-12-17 12:00:00,182400.0
2013-12-17 13:00:00,190800.0
2013-12-17 14:00:00,201700.0
2013-12-17 15:00:00,194600.0
2013-12-17 16:00:00,199900.0
2013-12-17 17:00:00,203500.0
2013-12-17 18:00:00,209700.0
2013-12-17 19:00:00,220700.0
2013-12-17 20:00:00,224600.0
2013-12-17 21:00:00,189300.0
2013-12-17 22:00:00,172300.0
2013-12-17 23:00:00,166200.0
2013-12-18 00:00:00,130800.0
2013-12-18 01:00:00,79900.0
2013-12-18 02:00:00,70600.0
2013-12-18 03:00:00,64200.0
2013-12-18 04:00:00,49800.0
2013-12-18 05:00:00,49200.0
2013-12-18 06:00:00,48400.0
2013-12-18 07:00:00,49200.0
2013-12-18 08:00:00,59600.0
2013-12-18 09:00:00,119200.0
2013-12-18 10:00:00,169800.0
2013-12-18 11:00:00,178100.0
2013-12-18 12:00:00,168800.0
2013-12-18 13:00:00,195600.0
2013-12-18 14:00:00,189000.0
2013-12-18 15:00:00,174800.0
2013-12-18 16:00:00,191800.0
2013-12-18 17:00:00,202600.0
2013-12-18 18:00:00,215200.0
2013-12-18 19:00:00,209300.0
2013-12-18 20:00:00,216300.0
2013-12-18 21:00:00,188200.0
2013-12-18 22:00:00,167500.0
2013-12-18 23:00:00,163700.0
2013-12-19 00:00:00,127200.0
2013-12-19 01:00:00,78600.0
2013-12-19 02:00:00,69700.0
2013-12-19 03:00:00,62400.0
2013-12-19 04:00:00,48600.0
2013-12-19 05:00:00,48500.0
2013-12-19 06:00:00,47100.0
2013-12-19 07:00:00,47400.0
2013-12-19 08:00:00,59700.0
2013-12-19 09:00:00,125700.0
2013-12-19 10:00:00,229700.0
2013-12-19 11:00:00,186200.0
2013-12-19 12:00:00,199900.0
2013-12-19 13:00:00,202000.0
2013-12-19 14:00:00,190400.0
2013-12-19 15:00:00,188300.0
2013-12-19 16:00:00,188300.0
2013-12-19 17:00:00,198500.0
2013-12-19 18:00:00,214600.0
2013-12-19 19:00:00,207500.0
2013-12-19 20:00:00,211000.0
2013-12-19 21:00:00,183300.0
2013-12-19 22:00:00,166700.0
2013-12-19 23:00:00,158100.0
2013-12-20 00:00:00,128300.0
2013-12-20 01:00:00,82700.0
2013-12-20 02:00:00,69600.0
2013-12-20 03:00:00,63700.0
2013-12-20 04:00:00,49000.0
2013-12-20 05:00:00,49100.0
2013-12-20 06:00:00,47200.0
2013-12-20 07:00:00,48000.0
2013-12-20 08:00:00,58800.0
2013-12-20 09:00:00,112800.0
2013-12-20 10:00:00,170000.0
2013-12-20 11:00:00,175900.0
2013-12-20 12:00:00,170700.0
2013-12-20 13:00:00,186200.0
2013-12-20 14:00:00,183900.0
2013-12-20 15:00:00,187500.0
2013-12-20 16:00:00,191600.0
2013-12-20 17:00:00,197200.0
2013-12-20 18:00:00,214000.0
2013-12-20 19:00:00,216700.0
2013-12-20 20:00:00,221400.0
2013-12-20 21:00:00,193400.0
2013-12-20 22:00:00,183100.0
2013-12-20 23:00:00,159400.0
2013-12-21 00:00:00,135800.0
2013-12-21 01:00:00,105800.0
2013-12-21 02:00:00,88400.0
2013-12-21 03:00:00,70600.0
2013-12-21 04:00:00,51700.0
2013-12-21 05:00:00,51600.0
2013-12-21 06:00:00,50700.0
2013-12-21 07:00:00,50600.0
2013-12-21 08:00:00,59900.0
2013-12-21 09:00:00,117800.0
2013-12-21 10:00:00,197100.0
2013-12-21 11:00:00,179500.0
2013-12-21 12:00:00,188600.0
2013-12-21 13:00:00,196600.0
2013-12-21 14:00:00,188900.0
2013-12-21 15:00:00,198700.0
2013-12-21 16:00:00,183300.0
2013-12-21 17:00:00,214700.0
2013-12-21 18:00:00,213800.0
2013-12-21 19:00:00,218500.0
2013-12-21 20:00:00,214200.0
2013-12-21 21:00:00,204500.0
2013-12-21 22:00:00,175300.0
2013-12-21 23:00:00,172900.0
2013-12-22 00:00:00,142400.0
2013-12-22 01:00:00,111700.0
2013-12-22 02:00:00,94400.0
2013-12-22 03:00:00,88200.0
2013-12-22 04:00:00,51400.0
2013-12-22 05:00:00,50400.0
2013-12-22 06:00:00,49100.0
2013-12-22 07:00:00,49900.0
2013-12-22 08:00:00,59900.0
2013-12-22 09:00:00,118500.0
2013-12-22 10:00:00,171300.0
2013-12-22 11:00:00,172100.0
2013-12-22 12:00:00,178300.0
2013-12-22 13:00:00,203400.0
2013-12-22 14:00:00,194000.0
2013-12-22 15:00:00,183800.0
2013-12-22 16:00:00,209400.0
2013-12-22 17:00:00,218600.0
2013-12-22 18:00:00,235800.0
2013-12-22 19:00:00,216500.0
2013-12-22 20:00:00,222100.0
2013-12-22 21:00:00,204900.0
2013-12-22 22:00:00,173300.0
2013-12-22 23:00:00,162700.0
2013-12-23 00:00:00,133200.0
2013-12-23 01:00:00,85900.0
2013-12-23 02:00:00,72800.0
2013-12-23 03:00:00,67500.0
2013-12-23 04:00:00,51300.0
2013-12-23 05:00:00,52000.0
2013-12-23 06:00:00,50200.0
2013-12-23 07:00:00,50400.0
2013-12-23 08:00:00,58900.0
2013-12-23 09:00:00,124700.0
2013-12-23 10:00:00,194300.0
2013-12-23 11:00:00,194100.0
2013-12-23 12:00:00,181700.0
2013-12-23 13:00:00,189500.0
2013-12-23 14:00:00,202800.0
2013-12-23 15:00:00,197100.0
2013-12-23 16:00:00,192600.0
2013-12-23 17:00:00,204300.0
2013-12-23 18:00:00,227700.0
2013-12-23 19:00:00,231400.0
2013-12-23 20:00:00,221300.0
2013-12-23 21:00:00,189800.0
2013-12-23 22:00:00,182300.0
2013-12-23 23:00:00,160600.0
2013-12-24 00:00:00,134000.0
2013-12-24 01:00:00,87500.0
2013-12-24 02:00:00,75700.0
2013-12-24 03:00:00,67200.0
2013-12-24 04:00:00,51500.0
2013-12-24 05:00:00,50000.0
2013-12-24 06:00:00,49500.0
2013-12-24 07:00:00,49800.0
2013-12-24 08:00:00,57600.0
2013-12-24 09:00:00,119700.0
2013-12-24 10:00:00,182500.0
2013-12-24 11:00:00,182600.0
2013-12-24 12:00:00,197500.0
2013-12-24 13:00:00,192600.0
2013-12-24 14:00:00,192800.0
2013-12-24 15:00:00,195500.0
2013-12-24 16:00:00,216700.0
2013-12-24 17:00:00,223100.0
2013-12-24 18:00:00,210100.0
2013-12-24 19:00:00,191600.0
2013-12-24 20:00:00,128600.0
2013-12-24 21:00:00,92400.0
2013-12-24 22:00:00,82300.0
2013-12-24 23:00:00,73700.0
2013-12-25 00:00:00,65200.0
2013-12-25 01:00:00,59800.0
2013-12-25 02:00:00,58600.0
2013-12-25 03:00:00,55500.0
2013-12-25 04:00:00,50900.0
2013-12-25 05:00:00,50900.0
2013-12-25 06:00:00,50100.0
2013-12-25 07:00:00,50800.0
2013-12-25 08:00:00,53600.0
2013-12-25 09:00:00,76900.0
2013-12-25 10:00:00,106600.0
2013-12-25 11:00:00,108400.0
2013-12-25 12:00:00,138800.0
2013-12-25 13:00:00,134900.0
2013-12-25 14:00:00,142200.0
2013-12-25 15:00:00,137200.0
2013-12-25 16:00:00,141300.0
2013-12-25 17:00:00,148600.0
2013-12-25 18:00:00,168500.0
2013-12-25 19:00:00,164000.0
2013-12-25 20:00:00,167600.0
2013-12-25 21:00:00,147700.0
2013-12-25 22:00:00,136900.0
2013-12-25 23:00:00,126300.0
2013-12-26 00:00:00,108900.0
2013-12-26 01:00:00,62800.0
2013-12-26 02:00:00,52300.0
2013-12-26 03:00:00,51800.0
2013-12-26 04:00:00,46200.0
2013-12-26 05:00:00,45100.0
2013-12-26 06:00:00,44400.0
2013-12-26 07:00:00,46500.0
2013-12-26 08:00:00,58500.0
2013-12-26 09:00:00,112000.0
2013-12-26 10:00:00,163700.0
2013-12-26 11:00:00,190600.0
2013-12-26 12:00:00,201500.0
2013-12-26 13:00:00,194200.0
2013-12-26 14:00:00,193400.0
2013-12-26 15:00:00,188300.0
2013-12-26 16:00:00,194800.0
2013-12-26 17:00:00,200900.0
2013-12-26 18:00:00,219500.0
2013-12-26 19:00:00,227300.0
2013-12-26 20:00:00,206600.0
2013-12-26 21:00:00,192300.0
2013-12-26 22:00:00,180700.0
2013-12-26 23:00:00,161300.0
2013-12-27 00:00:00,130600.0
2013-12-27 01:00:00,71400.0
2013-12-27 02:00:00,56200.0
2013-12-27 03:00:00,52300.0
2013-12-27 04:00:00,48700.0
2013-12-27 05:00:00,50200.0
2013-12-27 06:00:00,46200.0
2013-12-27 07:00:00,46900.0
2013-12-27 08:00:00,56300.0
2013-12-27 09:00:00,117700.0
2013-12-27 10:00:00,173700.0
2013-12-27 11:00:00,177200.0
2013-12-27 12:00:00,169300.0
2013-12-27 13:00:00,185700.0
2013-12-27 14:00:00,183100.0
2013-12-27 15:00:00,187000.0
2013-12-27 16:00:00,255600.0
2013-12-27 17:00:00,219800.0
2013-12-27 18:00:00,233600.0
2013-12-27 19:00:00,230800.0
2013-12-27 20:00:00,219600.0
2013-12-27 21:00:00,197400.0
2013-12-27 22:00:00,179700.0
2013-12-27 23:00:00,163300.0
2013-12-28 00:00:00,137800.0
2013-12-28 01:00:00,105800.0
2013-12-28 02:00:00,84100.0
2013-12-28 03:00:00,63400.0
2013-12-28 04:00:00,56200.0
2013-12-28 05:00:00,53200.0
2013-12-28 06:00:00,50700.0
2013-12-28 07:00:00,50800.0
2013-12-28 08:00:00,60700.0
2013-12-28 09:00:00,126300.0
2013-12-28 10:00:00,177200.0
2013-12-28 11:00:00,181000.0
2013-12-28 12:00:00,200400.0
2013-12-28 13:00:00,187800.0
2013-12-28 14:00:00,196900.0
2013-12-28 15:00:00,194700.0
2013-12-28 16:00:00,199700.0
2013-12-28 17:00:00,211000.0
2013-12-28 18:00:00,225900.0
2013-12-28 19:00:00,222600.0
2013-12-28 20:00:00,219900.0
2013-12-28 21:00:00,195500.0
2013-12-28 22:00:00,177300.0
2013-12-28 23:00:00,169300.0
2013-12-29 00:00:00,143000.0
2013-12-29 01:00:00,109900.0
2013-12-29 02:00:00,94700.0
2013-12-29 03:00:00,90600.0
2013-12-29 04:00:00,51300.0
2013-12-29 05:00:00,49600.0
2013-12-29 06:00:00,48700.0
2013-12-29 07:00:00,48900.0
2013-12-29 08:00:00,59400.0
2013-12-29 09:00:00,123300.0
2013-12-29 10:00:00,172400.0
2013-12-29 11:00:00,181800.0
2013-12-29 12:00:00,209000.0
2013-12-29 13:00:00,184700.0
2013-12-29 14:00:00,196700.0
2013-12-29 15:00:00,204100.0
2013-12-29 16:00:00,192800.0
2013-12-29 17:00:00,200600.0
2013-12-29 18:00:00,225500.0
2013-12-29 19:00:00,223600.0
2013-12-29 20:00:00,212700.0
2013-12-29 21:00:00,188400.0
2013-12-29 22:00:00,182200.0
2013-12-29 23:00:00,162600.0
2013-12-30 00:00:00,136100.0
2013-12-30 01:00:00,72300.0
2013-12-30 02:00:00,58500.0
2013-12-30 03:00:00,56300.0
2013-12-30 04:00:00,50200.0
2013-12-30 05:00:00,49200.0
2013-12-30 06:00:00,49500.0
2013-12-30 07:00:00,51200.0
2013-12-30 08:00:00,60600.0
2013-12-30 09:00:00,116000.0
2013-12-30 10:00:00,173000.0
2013-12-30 11:00:00,174100.0
2013-12-30 12:00:00,184100.0
2013-12-30 13:00:00,191500.0
2013-12-30 14:00:00,192500.0
2013-12-30 15:00:00,194600.0
2013-12-30 16:00:00,206100.0
2013-12-30 17:00:00,197000.0
2013-12-30 18:00:00,210600.0
2013-12-30 19:00:00,213600.0
2013-12-30 20:00:00,210700.0
2013-12-30 21:00:00,193900.0
2013-12-30 22:00:00,173400.0
2013-12-30 23:00:00,162600.0
2013-12-31 00:00:00,143600.0
2013-12-31 01:00:00,121100.0
2013-12-31 02:00:00,115300.0
2013-12-31 03:00:00,114600.0
2013-12-31 04:00:00,113000.0
2013-12-31 05:00:00,109100.0
2013-12-31 06:00:00,109100.0
2013-12-31 07:00:00,108800.0
2013-12-31 08:00:00,107600.0
2013-12-31 09:00:00,125800.0
2013-12-31 10:00:00,170000.0
2013-12-31 11:00:00,233200.0
2013-12-31 12:00:00,176300.0
2013-12-31 13:00:00,190400.0
2013-12-31 14:00:00,202000.0
2013-12-31 15:00:00,197500.0
2013-12-31 16:00:00,191200.0
2013-12-31 17:00:00,196700.0
2013-12-31 18:00:00,218300.0
2013-12-31 19:00:00,192000.0
2013-12-31 20:00:00,131800.0
2013-12-31 21:00:00,86500.0
2013-12-31 22:00:00,76400.0
2013-12-31 23:00:00,68100.0
2014-01-01 00:00:00,61900.0
2014-01-01 01:00:00,59500.0
2014-01-01 02:00:00,59400.0
2014-01-01 03:00:00,57100.0
2014-01-01 04:00:00,53600.0
2014-01-01 05:00:00,54400.0
2014-01-01 06:00:00,52800.0
2014-01-01 07:00:00,53400.0
2014-01-01 08:00:00,57100.0
2014-01-01 09:00:00,75500.0
2014-01-01 10:00:00,111100.0
2014-01-01 11:00:00,109900.0
2014-01-01 12:00:00,152100.0
2014-01-01 13:00:00,138500.0
2014-01-01 14:00:00,154400.0
2014-01-01 15:00:00,137800.0
2014-01-01 16:00:00,148200.0
2014-01-01 17:00:00,164900.0
2014-01-01 18:00:00,177300.0
2014-01-01 19:00:00,181400.0
2014-01-01 20:00:00,176700.0
2014-01-01 21:00:00,161000.0
2014-01-01 22:00:00,152800.0
2014-01-01 23:00:00,141700.0
2014-01-02 00:00:00,118400.0
2014-01-02 01:00:00,68200.0
2014-01-02 02:00:00,58100.0
2014-01-02 03:00:00,54300.0
2014-01-02 04:00:00,51500.0
2014-01-02 05:00:00,51300.0
2014-01-02 06:00:00,51700.0
2014-01-02 07:00:00,50200.0
2014-01-02 08:00:00,61300.0
2014-01-02 09:00:00,117600.0
2014-01-02 10:00:00,174700.0
2014-01-02 11:00:00,167200.0
2014-01-02 12:00:00,176800.0
2014-01-02 13:00:00,182000.0
2014-01-02 14:00:00,185400.0
2014-01-02 15:00:00,179900.0
2014-01-02 16:00:00,192600.0
2014-01-02 17:00:00,202900.0
2014-01-02 18:00:00,208400.0
2014-01-02 19:00:00,218100.0
2014-01-02 20:00:00,207500.0
2014-01-02 21:00:00,178100.0
2014-01-02 22:00:00,167200.0
2014-01-02 23:00:00,152000.0
2014-01-03 00:00:00,119000.0
2014-01-03 01:00:00,67300.0
2014-01-03 02:00:00,57500.0
2014-01-03 03:00:00,54000.0
2014-01-03 04:00:00,51200.0
2014-01-03 05:00:00,48800.0
2014-01-03 06:00:00,49700.0
2014-01-03 07:00:00,49900.0
2014-01-03 08:00:00,60700.0
2014-01-03 09:00:00,117700.0
2014-01-03 10:00:00,266000.0
2014-01-03 11:00:00,189600.0
2014-01-03 12:00:00,187200.0
2014-01-03 13:00:00,202500.0
2014-01-03 14:00:00,191600.0
2014-01-03 15:00:00,193800.0
2014-01-03 16:00:00,193700.0
2014-01-03 17:00:00,221700.0
2014-01-03 18:00:00,217800.0
2014-01-03 19:00:00,227800.0
2014-01-03 20:00:00,220200.0
2014-01-03 21:00:00,205000.0
2014-01-03 22:00:00,170700.0
2014-01-03 23:00:00,148900.0
2014-01-04 00:00:00,122300.0
2014-01-04 01:00:00,102200.0
2014-01-04 02:00:00,82700.0
2014-01-04 03:00:00,60200.0
2014-01-04 04:00:00,52800.0
2014-01-04 05:00:00,52400.0
2014-01-04 06:00:00,51600.0
2014-01-04 07:00:00,51300.0
2014-01-04 08:00:00,60800.0
2014-01-04 09:00:00,119600.0
2014-01-04 10:00:00,199200.0
2014-01-04 11:00:00,186700.0
2014-01-04 12:00:00,181200.0
2014-01-04 13:00:00,187300.0
2014-01-04 14:00:00,191300.0
2014-01-04 15:00:00,202200.0
2014-01-04 16:00:00,184500.0
2014-01-04 17:00:00,218100.0
2014-01-04 18:00:00,222800.0
2014-01-04 19:00:00,216400.0
2014-01-04 20:00:00,222000.0
2014-01-04 21:00:00,189000.0
2014-01-04 22:00:00,176600.0
2014-01-04 23:00:00,158900.0
2014-01-05 00:00:00,127900.0
2014-01-05 01:00:00,106800.0
2014-01-05 02:00:00,92000.0
2014-01-05 03:00:00,90600.0
2014-01-05 04:00:00,49900.0
2014-01-05 05:00:00,49300.0
2014-01-05 06:00:00,48800.0
2014-01-05 07:00:00,48900.0
2014-01-05 08:00:00,57500.0
2014-01-05 09:00:00,119300.0
2014-01-05 10:00:00,192500.0
2014-01-05 11:00:00,175000.0
2014-01-05 12:00:00,183200.0
2014-01-05 13:00:00,186500.0
2014-01-05 14:00:00,198800.0
2014-01-05 15:00:00,181600.0
2014-01-05 16:00:00,207100.0
2014-01-05 17:00:00,207200.0
2014-01-05 18:00:00,219000.0
2014-01-05 19:00:00,228400.0
2014-01-05 20:00:00,208900.0
2014-01-05 21:00:00,190400.0
2014-01-05 22:00:00,174700.0
2014-01-05 23:00:00,153000.0
2014-01-06 00:00:00,116300.0
2014-01-06 01:00:00,65000.0
2014-01-06 02:00:00,59700.0
2014-01-06 03:00:00,55900.0
2014-01-06 04:00:00,52000.0
2014-01-06 05:00:00,48900.0
2014-01-06 06:00:00,49500.0
2014-01-06 07:00:00,48500.0
2014-01-06 08:00:00,42100.0
2014-01-06 09:00:00,117700.0
2014-01-06 10:00:00,181400.0
2014-01-06 11:00:00,172600.0
2014-01-06 12:00:00,162000.0
2014-01-06 13:00:00,165600.0
2014-01-06 14:00:00,173700.0
2014-01-06 15:00:00,189200.0
2014-01-06 16:00:00,200600.0
2014-01-06 17:00:00,207300.0
2014-01-06 18:00:00,215900.0
2014-01-06 19:00:00,224400.0
2014-01-06 20:00:00,208900.0
2014-01-06 21:00:00,192100.0
2014-01-06 22:00:00,181300.0
2014-01-06 23:00:00,147800.0
2014-01-07 00:00:00,114700.0
2014-01-07 01:00:00,64700.0
2014-01-07 02:00:00,57000.0
2014-01-07 03:00:00,54800.0
2014-01-07 04:00:00,50900.0
2014-01-07 05:00:00,50000.0
2014-01-07 06:00:00,48800.0
2014-01-07 07:00:00,49100.0
2014-01-07 08:00:00,60800.0
2014-01-07 09:00:00,117300.0
2014-01-07 10:00:00,165500.0
2014-01-07 11:00:00,159400.0
2014-01-07 12:00:00,172600.0
2014-01-07 13:00:00,163900.0
2014-01-07 14:00:00,173600.0
2014-01-07 15:00:00,175700.0
2014-01-07 16:00:00,162900.0
2014-01-07 17:00:00,190000.0
2014-01-07 18:00:00,202700.0
2014-01-07 19:00:00,194800.0
2014-01-07 20:00:00,195400.0
2014-01-07 21:00:00,181600.0
2014-01-07 22:00:00,160200.0
2014-01-07 23:00:00,144600.0
2014-01-08 00:00:00,116900.0
2014-01-08 01:00:00,70200.0
2014-01-08 02:00:00,57500.0
2014-01-08 03:00:00,55200.0
2014-01-08 04:00:00,51400.0
2014-01-08 05:00:00,52200.0
2014-01-08 06:00:00,50800.0
2014-01-08 07:00:00,49500.0
2014-01-08 08:00:00,59100.0
2014-01-08 09:00:00,116100.0
2014-01-08 10:00:00,239500.0
2014-01-08 11:00:00,187900.0
2014-01-08 12:00:00,195100.0
2014-01-08 13:00:00,195700.0
2014-01-08 14:00:00,205400.0
2014-01-08 15:00:00,198100.0
2014-01-08 16:00:00,195000.0
2014-01-08 17:00:00,207600.0
2014-01-08 18:00:00,231200.0
2014-01-08 19:00:00,226000.0
2014-01-08 20:00:00,226800.0
2014-01-08 21:00:00,192100.0
2014-01-08 22:00:00,180100.0
2014-01-08 23:00:00,147400.0
2014-01-09 00:00:00,113000.0
2014-01-09 01:00:00,64900.0
2014-01-09 02:00:00,56800.0
2014-01-09 03:00:00,53500.0
2014-01-09 04:00:00,50400.0
2014-01-09 05:00:00,50100.0
2014-01-09 06:00:00,49300.0
2014-01-09 07:00:00,50100.0
2014-01-09 08:00:00,59700.0
2014-01-09 09:00:00,122900.0
2014-01-09 10:00:00,179400.0
2014-01-09 11:00:00,203800.0
2014-01-09 12:00:00,181100.0
2014-01-09 13:00:00,190300.0
2014-01-09 14:00:00,193800.0
2014-01-09 15:00:00,199400.0
2014-01-09 16:00:00,186000.0
2014-01-09 17:00:00,189000.0
2014-01-09 18:00:00,210800.0
2014-01-09 19:00:00,208300.0
2014-01-09 20:00:00,211600.0
2014-01-09 21:00:00,193100.0
2014-01-09 22:00:00,169400.0
2014-01-09 23:00:00,152900.0
2014-01-10 00:00:00,118500.0
2014-01-10 01:00:00,71200.0
2014-01-10 02:00:00,58400.0
2014-01-10 03:00:00,56200.0
2014-01-10 04:00:00,51700.0
2014-01-10 05:00:00,51900.0
2014-01-10 06:00:00,50900.0
2014-01-10 07:00:00,51000.0
2014-01-10 08:00:00,60700.0
2014-01-10 09:00:00,116500.0
2014-01-10 10:00:00,182100.0
2014-01-10 11:00:00,191300.0
2014-01-10 12:00:00,195900.0
2014-01-10 13:00:00,203100.0
2014-01-10 14:00:00,183000.0
2014-01-10 15:00:00,185400.0
2014-01-10 16:00:00,190400.0
2014-01-10 17:00:00,191000.0
2014-01-10 18:00:00,215600.0
2014-01-10 19:00:00,209300.0
2014-01-10 20:00:00,215500.0
2014-01-10 21:00:00,187400.0
2014-01-10 22:00:00,173900.0
2014-01-10 23:00:00,147000.0
2014-01-11 00:00:00,117000.0
2014-01-11 01:00:00,97300.0
2014-01-11 02:00:00,78100.0
2014-01-11 03:00:00,57200.0
2014-01-11 04:00:00,50500.0
2014-01-11 05:00:00,49600.0
2014-01-11 06:00:00,48400.0
2014-01-11 07:00:00,47900.0
2014-01-11 08:00:00,58300.0
2014-01-11 09:00:00,116900.0
2014-01-11 10:00:00,166600.0
2014-01-11 11:00:00,163800.0
2014-01-11 12:00:00,171600.0
2014-01-11 13:00:00,201200.0
2014-01-11 14:00:00,181100.0
2014-01-11 15:00:00,186900.0
2014-01-11 16:00:00,193500.0
2014-01-11 17:00:00,193400.0
2014-01-11 18:00:00,218400.0
2014-01-11 19:00:00,221500.0
2014-01-11 20:00:00,218100.0
2014-01-11 21:00:00,186300.0
2014-01-11 22:00:00,174500.0
2014-01-11 23:00:00,150100.0
2014-01-12 00:00:00,128100.0
2014-01-12 01:00:00,111100.0
2014-01-12 02:00:00,103100.0
2014-01-12 03:00:00,100100.0
2014-01-12 04:00:00,64500.0
2014-01-12 05:00:00,63400.0
2014-01-12 06:00:00,62400.0
2014-01-12 07:00:00,62800.0
2014-01-12 08:00:00,77400.0
2014-01-12 09:00:00,125100.0
2014-01-12 10:00:00,171300.0
2014-01-12 11:00:00,198700.0
2014-01-12 12:00:00,169500.0
2014-01-12 13:00:00,185100.0
2014-01-12 14:00:00,226400.0
2014-01-12 15:00:00,202600.0
2014-01-12 16:00:00,192900.0
2014-01-12 17:00:00,217600.0
2014-01-12 18:00:00,225200.0
2014-01-12 19:00:00,225500.0
2014-01-12 20:00:00,212300.0
2014-01-12 21:00:00,197300.0
2014-01-12 22:00:00,170800.0
2014-01-12 23:00:00,145500.0
2014-01-13 00:00:00,109800.0
2014-01-13 01:00:00,62800.0
2014-01-13 02:00:00,54800.0
2014-01-13 03:00:00,53700.0
2014-01-13 04:00:00,48000.0
2014-01-13 05:00:00,48200.0
2014-01-13 06:00:00,48300.0
2014-01-13 07:00:00,48700.0
2014-01-13 08:00:00,58700.0
2014-01-13 09:00:00,118700.0
2014-01-13 10:00:00,184100.0
2014-01-13 11:00:00,177600.0
2014-01-13 12:00:00,186800.0
2014-01-13 13:00:00,190500.0
2014-01-13 14:00:00,193700.0
2014-01-13 15:00:00,170400.0
2014-01-13 16:00:00,185300.0
2014-01-13 17:00:00,180900.0
2014-01-13 18:00:00,206300.0
2014-01-13 19:00:00,206000.0
2014-01-13 20:00:00,202100.0
2014-01-13 21:00:00,189600.0
2014-01-13 22:00:00,164800.0
2014-01-13 23:00:00,146800.0
2014-01-14 00:00:00,113200.0
2014-01-14 01:00:00,65200.0
2014-01-14 02:00:00,55500.0
2014-01-14 03:00:00,51900.0
2014-01-14 04:00:00,48700.0
2014-01-14 05:00:00,46600.0
2014-01-14 06:00:00,47100.0
2014-01-14 07:00:00,48300.0
2014-01-14 08:00:00,59000.0
2014-01-14 09:00:00,112300.0
2014-01-14 10:00:00,163800.0
2014-01-14 11:00:00,167900.0
2014-01-14 12:00:00,170300.0
2014-01-14 13:00:00,192100.0
2014-01-14 14:00:00,184300.0
2014-01-14 15:00:00,180600.0
2014-01-14 16:00:00,192200.0
2014-01-14 17:00:00,179000.0
2014-01-14 18:00:00,207400.0
2014-01-14 19:00:00,209400.0
2014-01-14 20:00:00,210700.0
2014-01-14 21:00:00,174700.0
2014-01-14 22:00:00,175800.0
2014-01-14 23:00:00,142700.0
2014-01-15 00:00:00,112200.0
2014-01-15 01:00:00,65700.0
2014-01-15 02:00:00,58900.0
2014-01-15 03:00:00,56400.0
2014-01-15 04:00:00,51300.0
2014-01-15 05:00:00,50700.0
2014-01-15 06:00:00,50900.0
2014-01-15 07:00:00,52900.0
2014-01-15 08:00:00,62100.0
2014-01-15 09:00:00,117800.0
2014-01-15 10:00:00,178200.0
2014-01-15 11:00:00,177400.0
2014-01-15 12:00:00,193200.0
2014-01-15 13:00:00,185900.0
2014-01-15 14:00:00,187200.0
2014-01-15 15:00:00,181700.0
2014-01-15 16:00:00,175100.0
2014-01-15 17:00:00,194400.0
2014-01-15 18:00:00,209400.0
2014-01-15 19:00:00,241900.0
2014-01-15 20:00:00,195800.0
2014-01-15 21:00:00,190300.0
2014-01-15 22:00:00,173300.0
2014-01-15 23:00:00,141000.0
2014-01-16 00:00:00,113500.0
2014-01-16 01:00:00,66000.0
2014-01-16 02:00:00,56000.0
2014-01-16 03:00:00,52100.0
2014-01-16 04:00:00,48000.0
2014-01-16 05:00:00,47100.0
2014-01-16 06:00:00,47100.0
2014-01-16 07:00:00,49400.0
2014-01-16 08:00:00,62400.0
2014-01-16 09:00:00,115700.0
2014-01-16 10:00:00,169000.0
2014-01-16 11:00:00,164400.0
2014-01-16 12:00:00,195800.0
2014-01-16 13:00:00,186000.0
2014-01-16 14:00:00,190700.0
2014-01-16 15:00:00,190300.0
2014-01-16 16:00:00,183500.0
2014-01-16 17:00:00,187200.0
2014-01-16 18:00:00,201400.0
2014-01-16 19:00:00,217300.0
2014-01-16 20:00:00,202400.0
2014-01-16 21:00:00,186200.0
2014-01-16 22:00:00,176200.0
2014-01-16 23:00:00,147800.0
2014-01-17 00:00:00,117900.0
2014-01-17 01:00:00,66100.0
2014-01-17 02:00:00,57400.0
2014-01-17 03:00:00,55300.0
2014-01-17 04:00:00,50700.0
2014-01-17 05:00:00,49700.0
2014-01-17 06:00:00,50700.0
2014-01-17 07:00:00,50100.0
2014-01-17 08:00:00,57600.0
2014-01-17 09:00:00,114600.0
2014-01-17 10:00:00,173700.0
2014-01-17 11:00:00,184300.0
2014-01-17 12:00:00,180700.0
2014-01-17 13:00:00,178300.0
2014-01-17 14:00:00,169400.0
2014-01-17 15:00:00,183900.0
2014-01-17 16:00:00,182700.0
2014-01-17 17:00:00,168800.0
2014-01-17 18:00:00,200700.0
2014-01-17 19:00:00,194500.0
2014-01-17 20:00:00,198400.0
2014-01-17 21:00:00,173700.0
2014-01-17 22:00:00,166700.0
2014-01-17 23:00:00,139600.0
2014-01-18 00:00:00,113100.0
2014-01-18 01:00:00,93200.0
2014-01-18 02:00:00,73900.0
2014-01-18 03:00:00,53800.0
2014-01-18 04:00:00,46700.0
2014-01-18 05:00:00,45900.0
2014-01-18 06:00:00,44800.0
2014-01-18 07:00:00,46300.0
2014-01-18 08:00:00,54200.0
2014-01-18 09:00:00,114500.0
2014-01-18 10:00:00,171700.0
2014-01-18 11:00:00,175400.0
2014-01-18 12:00:00,177200.0
2014-01-18 13:00:00,180100.0
2014-01-18 14:00:00,170800.0
2014-01-18 15:00:00,179600.0
2014-01-18 16:00:00,186100.0
2014-01-18 17:00:00,172200.0
2014-01-18 18:00:00,198400.0
2014-01-18 19:00:00,205900.0
2014-01-18 20:00:00,203600.0
2014-01-18 21:00:00,186700.0
2014-01-18 22:00:00,157900.0
2014-01-18 23:00:00,142300.0
2014-01-19 00:00:00,120600.0
2014-01-19 01:00:00,101600.0
2014-01-19 02:00:00,90700.0
2014-01-19 03:00:00,88800.0
2014-01-19 04:00:00,48300.0
2014-01-19 05:00:00,47400.0
2014-01-19 06:00:00,47900.0
2014-01-19 07:00:00,48600.0
2014-01-19 08:00:00,56400.0
2014-01-19 09:00:00,114100.0
2014-01-19 10:00:00,157200.0
2014-01-19 11:00:00,185800.0
2014-01-19 12:00:00,172900.0
2014-01-19 13:00:00,167400.0
2014-01-19 14:00:00,180100.0
2014-01-19 15:00:00,187900.0
2014-01-19 16:00:00,164700.0
2014-01-19 17:00:00,186000.0
2014-01-19 18:00:00,202500.0
2014-01-19 19:00:00,206100.0
2014-01-19 20:00:00,200600.0
2014-01-19 21:00:00,183800.0
2014-01-19 22:00:00,159000.0
2014-01-19 23:00:00,143000.0
2014-01-20 00:00:00,112000.0
2014-01-20 01:00:00,65700.0
2014-01-20 02:00:00,55800.0
2014-01-20 03:00:00,53700.0
2014-01-20 04:00:00,47100.0
2014-01-20 05:00:00,47400.0
2014-01-20 06:00:00,48200.0
2014-01-20 07:00:00,48900.0
2014-01-20 08:00:00,58000.0
2014-01-20 09:00:00,111100.0
2014-01-20 10:00:00,164500.0
2014-01-20 11:00:00,182200.0
2014-01-20 12:00:00,181000.0
2014-01-20 13:00:00,178500.0
2014-01-20 14:00:00,173600.0
2014-01-20 15:00:00,183100.0
2014-01-20 16:00:00,177300.0
2014-01-20 17:00:00,182800.0
2014-01-20 18:00:00,210900.0
2014-01-20 19:00:00,184100.0
2014-01-20 20:00:00,188900.0
2014-01-20 21:00:00,169900.0
2014-01-20 22:00:00,157200.0
2014-01-20 23:00:00,141900.0
2014-01-21 00:00:00,113900.0
2014-01-21 01:00:00,67100.0
2014-01-21 02:00:00,57800.0
2014-01-21 03:00:00,55200.0
2014-01-21 04:00:00,50100.0
2014-01-21 05:00:00,49700.0
2014-01-21 06:00:00,49800.0
2014-01-21 07:00:00,49800.0
2014-01-21 08:00:00,59400.0
2014-01-21 09:00:00,110600.0
2014-01-21 10:00:00,162000.0
2014-01-21 11:00:00,187500.0
2014-01-21 12:00:00,171400.0
2014-01-21 13:00:00,174000.0
2014-01-21 14:00:00,167200.0
2014-01-21 15:00:00,174600.0
2014-01-21 16:00:00,180700.0
2014-01-21 17:00:00,182700.0
2014-01-21 18:00:00,241100.0
2014-01-21 19:00:00,250600.0
2014-01-21 20:00:00,213200.0
2014-01-21 21:00:00,176300.0
2014-01-21 22:00:00,167100.0
2014-01-21 23:00:00,139700.0
2014-01-22 00:00:00,110400.0
2014-01-22 01:00:00,64000.0
2014-01-22 02:00:00,52000.0
2014-01-22 03:00:00,50800.0
2014-01-22 04:00:00,46800.0
2014-01-22 05:00:00,46200.0
2014-01-22 06:00:00,45500.0
2014-01-22 07:00:00,45000.0
2014-01-22 08:00:00,54700.0
2014-01-22 09:00:00,114100.0
2014-01-22 10:00:00,182300.0
2014-01-22 11:00:00,174300.0
2014-01-22 12:00:00,183000.0
2014-01-22 13:00:00,199400.0
2014-01-22 14:00:00,203000.0
2014-01-22 15:00:00,178400.0
2014-01-22 16:00:00,179400.0
2014-01-22 17:00:00,172400.0
2014-01-22 18:00:00,205500.0
2014-01-22 19:00:00,190100.0
2014-01-22 20:00:00,200300.0
2014-01-22 21:00:00,184700.0
2014-01-22 22:00:00,159600.0
2014-01-22 23:00:00,138900.0
2014-01-23 00:00:00,110200.0
2014-01-23 01:00:00,65200.0
2014-01-23 02:00:00,57500.0
2014-01-23 03:00:00,55900.0
2014-01-23 04:00:00,52500.0
2014-01-23 05:00:00,52000.0
2014-01-23 06:00:00,51800.0
2014-01-23 07:00:00,52500.0
2014-01-23 08:00:00,62400.0
2014-01-23 09:00:00,108900.0
2014-01-23 10:00:00,163800.0
2014-01-23 11:00:00,182400.0
2014-01-23 12:00:00,203900.0
2014-01-23 13:00:00,219300.0
2014-01-23 14:00:00,211000.0
2014-01-23 15:00:00,188100.0
2014-01-23 16:00:00,191300.0
2014-01-23 17:00:00,179300.0
2014-01-23 18:00:00,200900.0
2014-01-23 19:00:00,193300.0
2014-01-23 20:00:00,194500.0
2014-01-23 21:00:00,181400.0
2014-01-23 22:00:00,163600.0
2014-01-23 23:00:00,142700.0
2014-01-24 00:00:00,114900.0
2014-01-24 01:00:00,69900.0
2014-01-24 02:00:00,60200.0
2014-01-24 03:00:00,58200.0
2014-01-24 04:00:00,54300.0
2014-01-24 05:00:00,52200.0
2014-01-24 06:00:00,52000.0
2014-01-24 07:00:00,52500.0
2014-01-24 08:00:00,61500.0
2014-01-24 09:00:00,109700.0
2014-01-24 10:00:00,161500.0
2014-01-24 11:00:00,183600.0
2014-01-24 12:00:00,178800.0
2014-01-24 13:00:00,178500.0
2014-01-24 14:00:00,177900.0
2014-01-24 15:00:00,188100.0
2014-01-24 16:00:00,171800.0
2014-01-24 17:00:00,186100.0
2014-01-24 18:00:00,200800.0
2014-01-24 19:00:00,188800.0
2014-01-24 20:00:00,209500.0
2014-01-24 21:00:00,182900.0
2014-01-24 22:00:00,165400.0
2014-01-24 23:00:00,143700.0
2014-01-25 00:00:00,118400.0
2014-01-25 01:00:00,101600.0
2014-01-25 02:00:00,83400.0
2014-01-25 03:00:00,62300.0
2014-01-25 04:00:00,53600.0
2014-01-25 05:00:00,52900.0
2014-01-25 06:00:00,52100.0
2014-01-25 07:00:00,53200.0
2014-01-25 08:00:00,61600.0
2014-01-25 09:00:00,117300.0
2014-01-25 10:00:00,168600.0
2014-01-25 11:00:00,185900.0
2014-01-25 12:00:00,167700.0
2014-01-25 13:00:00,169200.0
2014-01-25 14:00:00,174600.0
2014-01-25 15:00:00,173900.0
2014-01-25 16:00:00,178700.0
2014-01-25 17:00:00,184100.0
2014-01-25 18:00:00,203800.0
2014-01-25 19:00:00,206900.0
2014-01-25 20:00:00,207000.0
2014-01-25 21:00:00,189500.0
2014-01-25 22:00:00,160000.0
2014-01-25 23:00:00,149900.0
2014-01-26 00:00:00,124800.0
2014-01-26 01:00:00,105300.0
2014-01-26 02:00:00,96700.0
2014-01-26 03:00:00,90300.0
2014-01-26 04:00:00,49100.0
2014-01-26 05:00:00,46900.0
2014-01-26 06:00:00,47400.0
2014-01-26 07:00:00,48400.0
2014-01-26 08:00:00,56900.0
2014-01-26 09:00:00,116600.0
2014-01-26 10:00:00,165200.0
2014-01-26 11:00:00,186000.0
2014-01-26 12:00:00,187000.0
2014-01-26 13:00:00,194800.0
2014-01-26 14:00:00,175000.0
2014-01-26 15:00:00,184200.0
2014-01-26 16:00:00,200900.0
2014-01-26 17:00:00,187700.0
2014-01-26 18:00:00,196500.0
2014-01-26 19:00:00,212000.0
2014-01-26 20:00:00,213100.0
2014-01-26 21:00:00,173500.0
2014-01-26 22:00:00,173900.0
2014-01-26 23:00:00,150700.0
2014-01-27 00:00:00,113500.0
2014-01-27 01:00:00,64200.0
2014-01-27 02:00:00,54700.0
2014-01-27 03:00:00,53900.0
2014-01-27 04:00:00,47600.0
2014-01-27 05:00:00,47500.0
2014-01-27 06:00:00,46700.0
2014-01-27 07:00:00,48400.0
2014-01-27 08:00:00,62600.0
2014-01-27 09:00:00,116000.0
2014-01-27 10:00:00,175000.0
2014-01-27 11:00:00,178300.0
2014-01-27 12:00:00,182300.0
2014-01-27 13:00:00,180500.0
2014-01-27 14:00:00,171100.0
2014-01-27 15:00:00,179600.0
2014-01-27 16:00:00,170800.0
2014-01-27 17:00:00,170800.0
2014-01-27 18:00:00,199300.0
2014-01-27 19:00:00,182900.0
2014-01-27 20:00:00,194800.0
2014-01-27 21:00:00,177600.0
2014-01-27 22:00:00,155900.0
2014-01-27 23:00:00,139300.0
2014-01-28 00:00:00,112100.0
2014-01-28 01:00:00,61400.0
2014-01-28 02:00:00,51300.0
2014-01-28 03:00:00,50700.0
2014-01-28 04:00:00,46900.0
2014-01-28 05:00:00,46800.0
2014-01-28 06:00:00,45200.0
2014-01-28 07:00:00,45400.0
2014-01-28 08:00:00,54300.0
2014-01-28 09:00:00,111500.0
2014-01-28 10:00:00,175300.0
2014-01-28 11:00:00,168700.0
2014-01-28 12:00:00,179300.0
2014-01-28 13:00:00,168900.0
2014-01-28 14:00:00,183600.0
2014-01-28 15:00:00,175400.0
2014-01-28 16:00:00,179100.0
2014-01-28 17:00:00,183100.0
2014-01-28 18:00:00,210100.0
2014-01-28 19:00:00,189700.0
2014-01-28 20:00:00,204600.0
2014-01-28 21:00:00,184400.0
2014-01-28 22:00:00,163800.0
2014-01-28 23:00:00,148100.0
2014-01-29 00:00:00,111200.0
2014-01-29 01:00:00,61200.0
2014-01-29 02:00:00,54100.0
2014-01-29 03:00:00,52400.0
2014-01-29 04:00:00,49000.0
2014-01-29 05:00:00,47600.0
2014-01-29 06:00:00,44900.0
2014-01-29 07:00:00,45200.0
2014-01-29 08:00:00,55700.0
2014-01-29 09:00:00,112000.0
2014-01-29 10:00:00,165800.0
2014-01-29 11:00:00,173800.0
2014-01-29 12:00:00,180700.0
2014-01-29 13:00:00,163300.0
2014-01-29 14:00:00,180800.0
2014-01-29 15:00:00,174700.0
2014-01-29 16:00:00,173400.0
2014-01-29 17:00:00,174000.0
2014-01-29 18:00:00,189000.0
2014-01-29 19:00:00,197100.0
2014-01-29 20:00:00,199200.0
2014-01-29 21:00:00,168700.0
2014-01-29 22:00:00,164100.0
2014-01-29 23:00:00,140200.0
2014-01-30 00:00:00,107200.0
2014-01-30 01:00:00,61200.0
2014-01-30 02:00:00,53900.0
2014-01-30 03:00:00,52100.0
2014-01-30 04:00:00,49100.0
2014-01-30 05:00:00,47800.0
2014-01-30 06:00:00,46800.0
2014-01-30 07:00:00,46300.0
2014-01-30 08:00:00,56100.0
2014-01-30 09:00:00,109000.0
2014-01-30 10:00:00,166600.0
2014-01-30 11:00:00,178700.0
2014-01-30 12:00:00,180200.0
2014-01-30 13:00:00,166300.0
2014-01-30 14:00:00,180500.0
2014-01-30 15:00:00,181300.0
2014-01-30 16:00:00,184000.0
2014-01-30 17:00:00,161400.0
2014-01-30 18:00:00,193300.0
2014-01-30 19:00:00,194600.0
2014-01-30 20:00:00,193500.0
2014-01-30 21:00:00,182100.0
2014-01-30 22:00:00,166200.0
2014-01-30 23:00:00,147400.0
2014-01-31 00:00:00,107700.0
2014-01-31 01:00:00,62800.0
2014-01-31 02:00:00,54400.0
2014-01-31 03:00:00,53200.0
2014-01-31 04:00:00,49500.0
2014-01-31 05:00:00,48600.0
2014-01-31 06:00:00,47600.0
2014-01-31 07:00:00,47800.0
2014-01-31 08:00:00,57500.0
2014-01-31 09:00:00,111300.0
2014-01-31 10:00:00,162100.0
2014-01-31 11:00:00,167400.0
2014-01-31 12:00:00,175100.0
2014-01-31 13:00:00,172000.0
2014-01-31 14:00:00,166400.0
2014-01-31 15:00:00,179300.0
2014-01-31 16:00:00,178200.0
2014-01-31 17:00:00,166700.0
2014-01-31 18:00:00,199800.0
2014-01-31 19:00:00,194900.0
2014-01-31 20:00:00,193900.0
2014-01-31 21:00:00,180900.0
2014-01-31 22:00:00,168900.0
2014-01-31 23:00:00,140200.0
2014-02-01 00:00:00,116700.0
2014-02-01 01:00:00,96500.0
2014-02-01 02:00:00,77200.0
2014-02-01 03:00:00,56400.0
2014-02-01 04:00:00,49100.0
2014-02-01 05:00:00,47400.0
2014-02-01 06:00:00,46400.0
2014-02-01 07:00:00,46500.0
2014-02-01 08:00:00,55400.0
2014-02-01 09:00:00,115700.0
2014-02-01 10:00:00,177400.0
2014-02-01 11:00:00,165000.0
2014-02-01 12:00:00,180900.0
2014-02-01 13:00:00,179300.0
2014-02-01 14:00:00,166700.0
2014-02-01 15:00:00,185000.0
2014-02-01 16:00:00,189100.0
2014-02-01 17:00:00,187500.0
2014-02-01 18:00:00,181700.0
2014-02-01 19:00:00,204200.0
2014-02-01 20:00:00,201900.0
2014-02-01 21:00:00,183500.0
2014-02-01 22:00:00,172600.0
2014-02-01 23:00:00,144100.0
2014-02-02 00:00:00,122800.0
2014-02-02 01:00:00,102300.0
2014-02-02 02:00:00,91700.0
2014-02-02 03:00:00,88600.0
2014-02-02 04:00:00,49600.0
2014-02-02 05:00:00,47900.0
2014-02-02 06:00:00,47700.0
2014-02-02 07:00:00,47100.0
2014-02-02 08:00:00,55500.0
2014-02-02 09:00:00,113900.0
2014-02-02 10:00:00,162400.0
2014-02-02 11:00:00,167200.0
2014-02-02 12:00:00,177700.0
2014-02-02 13:00:00,171200.0
2014-02-02 14:00:00,182100.0
2014-02-02 15:00:00,173900.0
2014-02-02 16:00:00,174500.0
2014-02-02 17:00:00,191100.0
2014-02-02 18:00:00,194500.0
2014-02-02 19:00:00,197200.0
2014-02-02 20:00:00,203100.0
2014-02-02 21:00:00,181200.0
2014-02-02 22:00:00,165300.0
2014-02-02 23:00:00,143200.0
2014-02-03 00:00:00,112200.0
2014-02-03 01:00:00,65600.0
2014-02-03 02:00:00,55000.0
2014-02-03 03:00:00,52100.0
2014-02-03 04:00:00,47900.0
2014-02-03 05:00:00,47500.0
2014-02-03 06:00:00,45500.0
2014-02-03 07:00:00,46500.0
2014-02-03 08:00:00,3400.0
2014-02-03 09:00:00,107400.0
2014-02-03 10:00:00,164000.0
2014-02-03 11:00:00,189800.0
2014-02-03 12:00:00,181800.0
2014-02-03 13:00:00,173100.0
2014-02-03 14:00:00,176400.0
2014-02-03 15:00:00,182400.0
2014-02-03 16:00:00,177600.0
2014-02-03 17:00:00,173300.0
2014-02-03 18:00:00,200800.0
2014-02-03 19:00:00,197200.0
2014-02-03 20:00:00,198800.0
2014-02-03 21:00:00,178700.0
2014-02-03 22:00:00,161100.0
2014-02-03 23:00:00,152400.0
2014-02-04 00:00:00,119600.0
2014-02-04 01:00:00,70000.0
2014-02-04 02:00:00,63000.0
2014-02-04 03:00:00,62000.0
2014-02-04 04:00:00,57600.0
2014-02-04 05:00:00,56500.0
2014-02-04 06:00:00,55200.0
2014-02-04 07:00:00,54800.0
2014-02-04 08:00:00,64100.0
2014-02-04 09:00:00,117300.0
2014-02-04 10:00:00,170500.0
2014-02-04 11:00:00,170400.0
2014-02-04 12:00:00,180100.0
2014-02-04 13:00:00,171800.0
2014-02-04 14:00:00,174400.0
2014-02-04 15:00:00,170400.0
2014-02-04 16:00:00,184000.0
2014-02-04 17:00:00,168200.0
2014-02-04 18:00:00,199000.0
2014-02-04 19:00:00,198700.0
2014-02-04 20:00:00,192300.0
2014-02-04 21:00:00,172700.0
2014-02-04 22:00:00,165900.0
2014-02-04 23:00:00,137900.0
2014-02-05 00:00:00,109400.0
2014-02-05 01:00:00,59300.0
2014-02-05 02:00:00,52200.0
2014-02-05 03:00:00,50300.0
2014-02-05 04:00:00,46000.0
2014-02-05 05:00:00,45300.0
2014-02-05 06:00:00,44600.0
2014-02-05 07:00:00,44200.0
2014-02-05 08:00:00,55900.0
2014-02-05 09:00:00,128100.0
2014-02-05 10:00:00,169100.0
2014-02-05 11:00:00,188300.0
2014-02-05 12:00:00,178000.0
2014-02-05 13:00:00,181600.0
2014-02-05 14:00:00,178000.0
2014-02-05 15:00:00,182800.0
2014-02-05 16:00:00,182800.0
2014-02-05 17:00:00,182500.0
2014-02-05 18:00:00,185500.0
2014-02-05 19:00:00,204300.0
2014-02-05 20:00:00,198100.0
2014-02-05 21:00:00,173300.0
2014-02-05 22:00:00,156900.0
2014-02-05 23:00:00,147900.0
2014-02-06 00:00:00,111800.0
2014-02-06 01:00:00,63700.0
2014-02-06 02:00:00,52400.0
2014-02-06 03:00:00,51200.0
2014-02-06 04:00:00,46600.0
2014-02-06 05:00:00,45500.0
2014-02-06 06:00:00,44300.0
2014-02-06 07:00:00,44700.0
2014-02-06 08:00:00,53700.0
2014-02-06 09:00:00,123800.0
2014-02-06 10:00:00,164700.0
2014-02-06 11:00:00,187200.0
2014-02-06 12:00:00,183600.0
2014-02-06 13:00:00,170900.0
2014-02-06 14:00:00,184100.0
2014-02-06 15:00:00,184600.0
2014-02-06 16:00:00,179800.0
2014-02-06 17:00:00,187800.0
2014-02-06 18:00:00,193800.0
2014-02-06 19:00:00,191200.0
2014-02-06 20:00:00,194400.0
2014-02-06 21:00:00,174400.0
2014-02-06 22:00:00,160600.0
2014-02-06 23:00:00,139900.0
2014-02-07 00:00:00,113300.0
2014-02-07 01:00:00,65600.0
2014-02-07 02:00:00,55200.0
2014-02-07 03:00:00,50800.0
2014-02-07 04:00:00,46900.0
2014-02-07 05:00:00,45600.0
2014-02-07 06:00:00,45200.0
2014-02-07 07:00:00,46400.0
2014-02-07 08:00:00,55900.0
2014-02-07 09:00:00,117500.0
2014-02-07 10:00:00,147100.0
2014-02-07 11:00:00,170300.0
2014-02-07 12:00:00,176900.0
2014-02-07 13:00:00,171200.0
2014-02-07 14:00:00,181000.0
2014-02-07 15:00:00,173100.0
2014-02-07 16:00:00,167700.0
2014-02-07 17:00:00,178500.0
2014-02-07 18:00:00,197100.0
2014-02-07 19:00:00,198200.0
2014-02-07 20:00:00,196900.0
2014-02-07 21:00:00,185700.0
2014-02-07 22:00:00,168500.0
2014-02-07 23:00:00,142100.0
2014-02-08 00:00:00,116000.0
2014-02-08 01:00:00,97500.0
2014-02-08 02:00:00,78300.0
2014-02-08 03:00:00,54800.0
2014-02-08 04:00:00,45900.0
2014-02-08 05:00:00,45600.0
2014-02-08 06:00:00,43900.0
2014-02-08 07:00:00,44600.0
2014-02-08 08:00:00,54100.0
2014-02-08 09:00:00,128600.0
2014-02-08 10:00:00,167600.0
2014-02-08 11:00:00,172000.0
2014-02-08 12:00:00,180700.0
2014-02-08 13:00:00,176800.0
2014-02-08 14:00:00,179900.0
2014-02-08 15:00:00,186000.0
2014-02-08 16:00:00,187700.0
2014-02-08 17:00:00,179900.0
2014-02-08 18:00:00,212000.0
2014-02-08 19:00:00,209800.0
2014-02-08 20:00:00,202300.0
2014-02-08 21:00:00,189400.0
2014-02-08 22:00:00,174400.0
2014-02-08 23:00:00,142500.0
2014-02-09 00:00:00,119400.0
2014-02-09 01:00:00,102000.0
2014-02-09 02:00:00,91300.0
2014-02-09 03:00:00,86000.0
2014-02-09 04:00:00,46000.0
2014-02-09 05:00:00,45100.0
2014-02-09 06:00:00,43700.0
2014-02-09 07:00:00,43400.0
2014-02-09 08:00:00,54700.0
2014-02-09 09:00:00,126900.0
2014-02-09 10:00:00,175700.0
2014-02-09 11:00:00,179400.0
2014-02-09 12:00:00,190100.0
2014-02-09 13:00:00,180600.0
2014-02-09 14:00:00,174100.0
2014-02-09 15:00:00,190400.0
2014-02-09 16:00:00,191400.0
2014-02-09 17:00:00,204000.0
2014-02-09 18:00:00,204400.0
2014-02-09 19:00:00,208600.0
2014-02-09 20:00:00,198700.0
2014-02-09 21:00:00,169100.0
2014-02-09 22:00:00,162400.0
2014-02-09 23:00:00,137200.0
2014-02-10 00:00:00,108500.0
2014-02-10 01:00:00,58600.0
2014-02-10 02:00:00,51400.0
2014-02-10 03:00:00,48300.0
2014-02-10 04:00:00,44500.0
2014-02-10 05:00:00,45400.0
2014-02-10 06:00:00,44200.0
2014-02-10 07:00:00,44300.0
2014-02-10 08:00:00,54700.0
2014-02-10 09:00:00,114400.0
2014-02-10 10:00:00,175500.0
2014-02-10 11:00:00,176500.0
2014-02-10 12:00:00,184900.0
2014-02-10 13:00:00,189300.0
2014-02-10 14:00:00,176100.0
2014-02-10 15:00:00,175200.0
2014-02-10 16:00:00,175900.0
2014-02-10 17:00:00,170600.0
2014-02-10 18:00:00,185600.0
2014-02-10 19:00:00,194500.0
2014-02-10 20:00:00,192400.0
2014-02-10 21:00:00,177000.0
2014-02-10 22:00:00,169000.0
2014-02-10 23:00:00,138900.0
2014-02-11 00:00:00,110800.0
2014-02-11 01:00:00,64800.0
2014-02-11 02:00:00,55600.0
2014-02-11 03:00:00,49600.0
2014-02-11 04:00:00,45100.0
2014-02-11 05:00:00,45500.0
2014-02-11 06:00:00,45400.0
2014-02-11 07:00:00,45600.0
2014-02-11 08:00:00,55800.0
2014-02-11 09:00:00,117600.0
2014-02-11 10:00:00,160400.0
2014-02-11 11:00:00,163000.0
2014-02-11 12:00:00,166700.0
2014-02-11 13:00:00,162400.0
2014-02-11 14:00:00,163200.0
2014-02-11 15:00:00,171200.0
2014-02-11 16:00:00,165000.0
2014-02-11 17:00:00,182000.0
2014-02-11 18:00:00,188300.0
2014-02-11 19:00:00,184800.0
2014-02-11 20:00:00,182200.0
2014-02-11 21:00:00,162200.0
2014-02-11 22:00:00,150800.0
2014-02-11 23:00:00,136200.0
2014-02-12 00:00:00,111300.0
2014-02-12 01:00:00,64600.0
2014-02-12 02:00:00,56100.0
2014-02-12 03:00:00,51500.0
2014-02-12 04:00:00,46200.0
2014-02-12 05:00:00,46300.0
2014-02-12 06:00:00,45300.0
2014-02-12 07:00:00,46600.0
2014-02-12 08:00:00,55200.0
2014-02-12 09:00:00,118600.0
2014-02-12 10:00:00,157400.0
2014-02-12 11:00:00,161200.0
2014-02-12 12:00:00,167500.0
2014-02-12 13:00:00,169200.0
2014-02-12 14:00:00,166600.0
2014-02-12 15:00:00,161100.0
2014-02-12 16:00:00,161600.0
2014-02-12 17:00:00,172200.0
2014-02-12 18:00:00,178600.0
2014-02-12 19:00:00,186700.0
2014-02-12 20:00:00,177800.0
2014-02-12 21:00:00,155400.0
2014-02-12 22:00:00,140700.0
2014-02-12 23:00:00,133400.0
2014-02-13 00:00:00,111100.0
2014-02-13 01:00:00,65800.0
2014-02-13 02:00:00,56000.0
2014-02-13 03:00:00,50700.0
2014-02-13 04:00:00,46900.0
2014-02-13 05:00:00,45800.0
2014-02-13 06:00:00,45100.0
2014-02-13 07:00:00,47300.0
2014-02-13 08:00:00,56400.0
2014-02-13 09:00:00,90200.0
2014-02-13 10:00:00,113400.0
2014-02-13 11:00:00,180800.0
2014-02-13 12:00:00,207400.0
2014-02-13 13:00:00,182200.0
2014-02-13 14:00:00,179100.0
2014-02-13 15:00:00,170100.0
2014-02-13 16:00:00,170800.0
2014-02-13 17:00:00,170200.0
2014-02-13 18:00:00,185700.0
2014-02-13 19:00:00,189400.0
2014-02-13 20:00:00,181100.0
2014-02-13 21:00:00,153500.0
2014-02-13 22:00:00,141200.0
2014-02-13 23:00:00,131600.0
2014-02-14 00:00:00,110600.0
2014-02-14 01:00:00,62500.0
2014-02-14 02:00:00,53300.0
2014-02-14 03:00:00,49300.0
2014-02-14 04:00:00,45900.0
2014-02-14 05:00:00,45100.0
2014-02-14 06:00:00,44100.0
2014-02-14 07:00:00,45600.0
2014-02-14 08:00:00,56200.0
2014-02-14 09:00:00,91100.0
2014-02-14 10:00:00,114000.0
2014-02-14 11:00:00,174200.0
2014-02-14 12:00:00,180700.0
2014-02-14 13:00:00,178700.0
2014-02-14 14:00:00,170700.0
2014-02-14 15:00:00,178500.0
2014-02-14 16:00:00,234600.0
2014-02-14 17:00:00,182100.0
2014-02-14 18:00:00,186200.0
2014-02-14 19:00:00,190600.0
2014-02-14 20:00:00,181700.0
2014-02-14 21:00:00,158600.0
2014-02-14 22:00:00,143600.0
2014-02-14 23:00:00,136200.0
2014-02-15 00:00:00,115800.0
2014-02-15 01:00:00,97100.0
2014-02-15 02:00:00,75100.0
2014-02-15 03:00:00,52400.0
2014-02-15 04:00:00,46000.0
2014-02-15 05:00:00,44700.0
2014-02-15 06:00:00,43800.0
2014-02-15 07:00:00,45300.0
2014-02-15 08:00:00,53700.0
2014-02-15 09:00:00,90500.0
2014-02-15 10:00:00,114900.0
2014-02-15 11:00:00,167800.0
2014-02-15 12:00:00,170100.0
2014-02-15 13:00:00,165700.0
2014-02-15 14:00:00,167900.0
2014-02-15 15:00:00,167500.0
2014-02-15 16:00:00,169200.0
2014-02-15 17:00:00,172800.0
2014-02-15 18:00:00,177300.0
2014-02-15 19:00:00,191200.0
2014-02-15 20:00:00,185800.0
2014-02-15 21:00:00,160900.0
2014-02-15 22:00:00,143400.0
2014-02-15 23:00:00,136200.0
2014-02-16 00:00:00,121900.0
2014-02-16 01:00:00,103900.0
2014-02-16 02:00:00,91800.0
2014-02-16 03:00:00,86500.0
2014-02-16 04:00:00,47300.0
2014-02-16 05:00:00,45500.0
2014-02-16 06:00:00,44000.0
2014-02-16 07:00:00,46400.0
2014-02-16 08:00:00,53600.0
2014-02-16 09:00:00,97600.0
2014-02-16 10:00:00,126100.0
2014-02-16 11:00:00,227000.0
2014-02-16 12:00:00,184100.0
2014-02-16 13:00:00,183300.0
2014-02-16 14:00:00,186400.0
2014-02-16 15:00:00,188800.0
2014-02-16 16:00:00,181900.0
2014-02-16 17:00:00,179900.0
2014-02-16 18:00:00,195600.0
2014-02-16 19:00:00,210400.0
2014-02-16 20:00:00,186100.0
2014-02-16 21:00:00,180100.0
2014-02-16 22:00:00,165900.0
2014-02-16 23:00:00,140700.0
2014-02-17 00:00:00,110000.0
2014-02-17 01:00:00,62000.0
2014-02-17 02:00:00,53100.0
2014-02-17 03:00:00,48800.0
2014-02-17 04:00:00,45200.0
2014-02-17 05:00:00,44400.0
2014-02-17 06:00:00,44700.0
2014-02-17 07:00:00,45300.0
2014-02-17 08:00:00,52200.0
2014-02-17 09:00:00,88600.0
2014-02-17 10:00:00,112600.0
2014-02-17 11:00:00,156800.0
2014-02-17 12:00:00,162000.0
2014-02-17 13:00:00,168500.0
2014-02-17 14:00:00,159000.0
2014-02-17 15:00:00,162800.0
2014-02-17 16:00:00,162000.0
2014-02-17 17:00:00,158800.0
2014-02-17 18:00:00,181700.0
2014-02-17 19:00:00,189000.0
2014-02-17 20:00:00,184500.0
2014-02-17 21:00:00,157600.0
2014-02-17 22:00:00,142800.0
2014-02-17 23:00:00,134000.0
2014-02-18 00:00:00,109700.0
2014-02-18 01:00:00,60200.0
2014-02-18 02:00:00,51100.0
2014-02-18 03:00:00,49700.0
2014-02-18 04:00:00,46500.0
2014-02-18 05:00:00,45100.0
2014-02-18 06:00:00,44700.0
2014-02-18 07:00:00,44200.0
2014-02-18 08:00:00,53300.0
2014-02-18 09:00:00,90300.0
2014-02-18 10:00:00,114400.0
2014-02-18 11:00:00,155900.0
2014-02-18 12:00:00,160400.0
2014-02-18 13:00:00,162300.0
2014-02-18 14:00:00,161900.0
2014-02-18 15:00:00,162100.0
2014-02-18 16:00:00,157900.0
2014-02-18 17:00:00,158100.0
2014-02-18 18:00:00,171500.0
2014-02-18 19:00:00,184000.0
2014-02-18 20:00:00,176300.0
2014-02-18 21:00:00,154600.0
2014-02-18 22:00:00,139500.0
2014-02-18 23:00:00,130600.0
2014-02-19 00:00:00,107600.0
2014-02-19 01:00:00,62200.0
2014-02-19 02:00:00,52000.0
2014-02-19 03:00:00,48800.0
2014-02-19 04:00:00,46000.0
2014-02-19 05:00:00,45200.0
2014-02-19 06:00:00,44400.0
2014-02-19 07:00:00,43800.0
2014-02-19 08:00:00,52900.0
2014-02-19 09:00:00,90700.0
2014-02-19 10:00:00,118000.0
2014-02-19 11:00:00,159800.0
2014-02-19 12:00:00,163500.0
2014-02-19 13:00:00,165100.0
2014-02-19 14:00:00,166600.0
2014-02-19 15:00:00,165200.0
2014-02-19 16:00:00,166000.0
2014-02-19 17:00:00,166900.0
2014-02-19 18:00:00,172400.0
2014-02-19 19:00:00,192300.0
2014-02-19 20:00:00,184200.0
2014-02-19 21:00:00,160900.0
2014-02-19 22:00:00,144300.0
2014-02-19 23:00:00,132900.0
2014-02-20 00:00:00,107400.0
2014-02-20 01:00:00,58600.0
2014-02-20 02:00:00,52400.0
2014-02-20 03:00:00,51400.0
2014-02-20 04:00:00,47600.0
2014-02-20 05:00:00,47700.0
2014-02-20 06:00:00,47600.0
2014-02-20 07:00:00,48900.0
2014-02-20 08:00:00,57800.0
2014-02-20 09:00:00,95100.0
2014-02-20 10:00:00,118000.0
2014-02-20 11:00:00,166300.0
2014-02-20 12:00:00,166900.0
2014-02-20 13:00:00,174800.0
2014-02-20 14:00:00,173200.0
2014-02-20 15:00:00,167300.0
2014-02-20 16:00:00,166500.0
2014-02-20 17:00:00,169500.0
2014-02-20 18:00:00,187200.0
2014-02-20 19:00:00,198300.0
2014-02-20 20:00:00,187400.0
2014-02-20 21:00:00,157100.0
2014-02-20 22:00:00,144000.0
2014-02-20 23:00:00,133200.0
2014-02-21 00:00:00,109700.0
2014-02-21 01:00:00,60100.0
2014-02-21 02:00:00,52700.0
2014-02-21 03:00:00,50300.0
2014-02-21 04:00:00,46500.0
2014-02-21 05:00:00,46300.0
2014-02-21 06:00:00,45600.0
2014-02-21 07:00:00,46600.0
2014-02-21 08:00:00,55300.0
2014-02-21 09:00:00,93700.0
2014-02-21 10:00:00,117800.0
2014-02-21 11:00:00,163800.0
2014-02-21 12:00:00,168400.0
2014-02-21 13:00:00,163700.0
2014-02-21 14:00:00,166600.0
2014-02-21 15:00:00,172300.0
2014-02-21 16:00:00,173500.0
2014-02-21 17:00:00,163400.0
2014-02-21 18:00:00,172600.0
2014-02-21 19:00:00,187500.0
2014-02-21 20:00:00,183900.0
2014-02-21 21:00:00,157300.0
2014-02-21 22:00:00,142300.0
2014-02-21 23:00:00,136300.0
2014-02-22 00:00:00,115400.0
2014-02-22 01:00:00,94200.0
2014-02-22 02:00:00,73500.0
2014-02-22 03:00:00,51900.0
2014-02-22 04:00:00,45200.0
2014-02-22 05:00:00,45200.0
2014-02-22 06:00:00,44900.0
2014-02-22 07:00:00,45100.0
2014-02-22 08:00:00,53200.0
2014-02-22 09:00:00,91000.0
2014-02-22 10:00:00,115600.0
2014-02-22 11:00:00,167300.0
2014-02-22 12:00:00,167000.0
2014-02-22 13:00:00,167600.0
2014-02-22 14:00:00,174500.0
2014-02-22 15:00:00,174200.0
2014-02-22 16:00:00,175900.0
2014-02-22 17:00:00,174800.0
2014-02-22 18:00:00,180500.0
2014-02-22 19:00:00,201100.0
2014-02-22 20:00:00,188500.0
2014-02-22 21:00:00,162600.0
2014-02-22 22:00:00,144600.0
2014-02-22 23:00:00,133500.0
2014-02-23 00:00:00,118700.0
2014-02-23 01:00:00,101400.0
2014-02-23 02:00:00,89700.0
2014-02-23 03:00:00,85300.0
2014-02-23 04:00:00,46300.0
2014-02-23 05:00:00,44500.0
2014-02-23 06:00:00,44200.0
2014-02-23 07:00:00,43900.0
2014-02-23 08:00:00,52400.0
2014-02-23 09:00:00,96000.0
2014-02-23 10:00:00,126000.0
2014-02-23 11:00:00,170100.0
2014-02-23 12:00:00,163000.0
2014-02-23 13:00:00,171700.0
2014-02-23 14:00:00,170900.0
2014-02-23 15:00:00,172300.0
2014-02-23 16:00:00,175300.0
2014-02-23 17:00:00,173600.0
2014-02-23 18:00:00,185500.0
2014-02-23 19:00:00,196000.0
2014-02-23 20:00:00,184000.0
2014-02-23 21:00:00,162900.0
2014-02-23 22:00:00,152300.0
2014-02-23 23:00:00,138300.0
2014-02-24 00:00:00,106700.0
2014-02-24 01:00:00,58400.0
2014-02-24 02:00:00,50200.0
2014-02-24 03:00:00,48400.0
2014-02-24 04:00:00,45400.0
2014-02-24 05:00:00,45300.0
2014-02-24 06:00:00,44100.0
2014-02-24 07:00:00,46300.0
2014-02-24 08:00:00,54100.0
2014-02-24 09:00:00,93300.0
2014-02-24 10:00:00,116000.0
2014-02-24 11:00:00,164200.0
2014-02-24 12:00:00,169600.0
2014-02-24 13:00:00,171500.0
2014-02-24 14:00:00,170200.0
2014-02-24 15:00:00,163900.0
2014-02-24 16:00:00,156800.0
2014-02-24 17:00:00,160900.0
2014-02-24 18:00:00,167400.0
2014-02-24 19:00:00,186400.0
2014-02-24 20:00:00,179300.0
2014-02-24 21:00:00,156000.0
2014-02-24 22:00:00,140200.0
2014-02-24 23:00:00,132200.0
2014-02-25 00:00:00,110300.0
2014-02-25 01:00:00,59100.0
2014-02-25 02:00:00,51100.0
2014-02-25 03:00:00,51000.0
2014-02-25 04:00:00,46200.0
2014-02-25 05:00:00,44600.0
2014-02-25 06:00:00,44100.0
2014-02-25 07:00:00,44100.0
2014-02-25 08:00:00,52500.0
2014-02-25 09:00:00,91200.0
2014-02-25 10:00:00,113600.0
2014-02-25 11:00:00,159900.0
2014-02-25 12:00:00,162900.0
2014-02-25 13:00:00,163000.0
2014-02-25 14:00:00,158700.0
2014-02-25 15:00:00,159400.0
2014-02-25 16:00:00,162500.0
2014-02-25 17:00:00,169200.0
2014-02-25 18:00:00,169600.0
2014-02-25 19:00:00,192300.0
2014-02-25 20:00:00,182700.0
2014-02-25 21:00:00,154400.0
2014-02-25 22:00:00,139600.0
2014-02-25 23:00:00,133400.0
2014-02-26 00:00:00,109400.0
2014-02-26 01:00:00,61900.0
2014-02-26 02:00:00,54300.0
2014-02-26 03:00:00,53000.0
2014-02-26 04:00:00,48900.0
2014-02-26 05:00:00,49200.0
2014-02-26 06:00:00,47600.0
2014-02-26 07:00:00,48600.0
2014-02-26 08:00:00,57000.0
2014-02-26 09:00:00,93600.0
2014-02-26 10:00:00,114400.0
2014-02-26 11:00:00,157500.0
2014-02-26 12:00:00,166700.0
2014-02-26 13:00:00,163000.0
2014-02-26 14:00:00,156800.0
2014-02-26 15:00:00,159200.0
2014-02-26 16:00:00,166100.0
2014-02-26 17:00:00,168000.0
2014-02-26 18:00:00,162600.0
2014-02-26 19:00:00,186700.0
2014-02-26 20:00:00,179800.0
2014-02-26 21:00:00,153400.0
2014-02-26 22:00:00,139400.0
2014-02-26 23:00:00,133300.0
2014-02-27 00:00:00,107400.0
2014-02-27 01:00:00,60300.0
2014-02-27 02:00:00,51500.0
2014-02-27 03:00:00,50700.0
2014-02-27 04:00:00,47000.0
2014-02-27 05:00:00,46800.0
2014-02-27 06:00:00,46200.0
2014-02-27 07:00:00,46300.0
2014-02-27 08:00:00,54700.0
2014-02-27 09:00:00,90500.0
2014-02-27 10:00:00,113000.0
2014-02-27 11:00:00,160600.0
2014-02-27 12:00:00,161000.0
2014-02-27 13:00:00,168000.0
2014-02-27 14:00:00,168000.0
2014-02-27 15:00:00,168900.0
2014-02-27 16:00:00,170500.0
2014-02-27 17:00:00,175300.0
2014-02-27 18:00:00,176300.0
2014-02-27 19:00:00,193800.0
2014-02-27 20:00:00,176900.0
2014-02-27 21:00:00,154800.0
2014-02-27 22:00:00,140300.0
2014-02-27 23:00:00,132400.0
2014-02-28 00:00:00,105500.0
2014-02-28 01:00:00,59100.0
2014-02-28 02:00:00,52200.0
2014-02-28 03:00:00,50700.0
2014-02-28 04:00:00,46800.0
2014-02-28 05:00:00,46300.0
2014-02-28 06:00:00,44900.0
2014-02-28 07:00:00,45600.0
2014-02-28 08:00:00,54000.0
2014-02-28 09:00:00,89800.0
2014-02-28 10:00:00,110400.0
2014-02-28 11:00:00,162000.0
2014-02-28 12:00:00,170900.0
2014-02-28 13:00:00,168200.0
2014-02-28 14:00:00,167600.0
2014-02-28 15:00:00,164000.0
2014-02-28 16:00:00,168600.0
2014-02-28 17:00:00,173800.0
2014-02-28 18:00:00,177400.0
2014-02-28 19:00:00,189700.0
2014-02-28 20:00:00,184500.0
2014-02-28 21:00:00,157000.0
2014-02-28 22:00:00,142200.0
2014-02-28 23:00:00,135600.0
2014-03-01 00:00:00,114800.0
2014-03-01 01:00:00,95300.0
2014-03-01 02:00:00,76300.0
2014-03-01 03:00:00,52200.0
2014-03-01 04:00:00,47200.0
2014-03-01 05:00:00,46700.0
2014-03-01 06:00:00,44800.0
2014-03-01 07:00:00,45300.0
2014-03-01 08:00:00,53800.0
2014-03-01 09:00:00,89800.0
2014-03-01 10:00:00,114400.0
2014-03-01 11:00:00,175800.0
2014-03-01 12:00:00,171200.0
2014-03-01 13:00:00,172300.0
2014-03-01 14:00:00,172600.0
2014-03-01 15:00:00,171600.0
2014-03-01 16:00:00,173300.0
2014-03-01 17:00:00,177800.0
2014-03-01 18:00:00,186300.0
2014-03-01 19:00:00,198100.0
2014-03-01 20:00:00,186800.0
2014-03-01 21:00:00,162900.0
2014-03-01 22:00:00,142300.0
2014-03-01 23:00:00,134500.0
2014-03-02 00:00:00,118500.0
2014-03-02 01:00:00,101400.0
2014-03-02 02:00:00,90600.0
2014-03-02 03:00:00,86000.0
2014-03-02 04:00:00,48700.0
2014-03-02 05:00:00,45700.0
2014-03-02 06:00:00,44700.0
2014-03-02 07:00:00,44800.0
2014-03-02 08:00:00,53200.0
2014-03-02 09:00:00,92300.0
2014-03-02 10:00:00,121400.0
2014-03-02 11:00:00,185100.0
2014-03-02 12:00:00,166100.0
2014-03-02 13:00:00,167900.0
2014-03-02 14:00:00,167900.0
2014-03-02 15:00:00,169200.0
2014-03-02 16:00:00,171000.0
2014-03-02 17:00:00,172200.0
2014-03-02 18:00:00,178800.0
2014-03-02 19:00:00,194500.0
2014-03-02 20:00:00,180200.0
2014-03-02 21:00:00,163500.0
2014-03-02 22:00:00,153000.0
2014-03-02 23:00:00,138400.0
2014-03-03 00:00:00,109400.0
2014-03-03 01:00:00,60700.0
2014-03-03 02:00:00,50700.0
2014-03-03 03:00:00,48900.0
2014-03-03 04:00:00,46400.0
2014-03-03 05:00:00,44400.0
2014-03-03 06:00:00,43300.0
2014-03-03 07:00:00,44700.0
2014-03-03 08:00:00,53100.0
2014-03-03 09:00:00,88600.0
2014-03-03 10:00:00,111500.0
2014-03-03 11:00:00,171700.0
2014-03-03 12:00:00,173400.0
2014-03-03 13:00:00,170500.0
2014-03-03 14:00:00,168100.0
2014-03-03 15:00:00,170600.0
2014-03-03 16:00:00,169100.0
2014-03-03 17:00:00,175100.0
2014-03-03 18:00:00,170800.0
2014-03-03 19:00:00,188800.0
2014-03-03 20:00:00,178600.0
2014-03-03 21:00:00,155000.0
2014-03-03 22:00:00,139700.0
2014-03-03 23:00:00,133500.0
2014-03-04 00:00:00,109400.0
2014-03-04 01:00:00,58800.0
2014-03-04 02:00:00,56000.0
2014-03-04 03:00:00,55200.0
2014-03-04 04:00:00,51800.0
2014-03-04 05:00:00,50300.0
2014-03-04 06:00:00,49800.0
2014-03-04 07:00:00,51100.0
2014-03-04 08:00:00,57500.0
2014-03-04 09:00:00,89600.0
2014-03-04 10:00:00,110800.0
2014-03-04 11:00:00,156200.0
2014-03-04 12:00:00,167500.0
2014-03-04 13:00:00,168200.0
2014-03-04 14:00:00,169100.0
2014-03-04 15:00:00,175000.0
2014-03-04 16:00:00,168900.0
2014-03-04 17:00:00,174800.0
2014-03-04 18:00:00,174200.0
2014-03-04 19:00:00,192700.0
2014-03-04 20:00:00,182700.0
2014-03-04 21:00:00,154600.0
2014-03-04 22:00:00,139600.0
2014-03-04 23:00:00,131700.0
2014-03-05 00:00:00,111800.0
2014-03-05 01:00:00,65600.0
2014-03-05 02:00:00,54200.0
2014-03-05 03:00:00,50500.0
2014-03-05 04:00:00,48200.0
2014-03-05 05:00:00,46700.0
2014-03-05 06:00:00,46000.0
2014-03-05 07:00:00,46200.0
2014-03-05 08:00:00,54800.0
2014-03-05 09:00:00,91100.0
2014-03-05 10:00:00,111900.0
2014-03-05 11:00:00,207300.0
2014-03-05 12:00:00,210600.0
2014-03-05 13:00:00,209300.0
2014-03-05 14:00:00,165000.0
2014-03-05 15:00:00,192900.0
2014-03-05 16:00:00,178800.0
2014-03-05 17:00:00,175300.0
2014-03-05 18:00:00,166800.0
2014-03-05 19:00:00,190900.0
2014-03-05 20:00:00,181400.0
2014-03-05 21:00:00,154600.0
2014-03-05 22:00:00,139800.0
2014-03-05 23:00:00,133000.0
2014-03-06 00:00:00,109100.0
2014-03-06 01:00:00,62600.0
2014-03-06 02:00:00,54000.0
2014-03-06 03:00:00,51400.0
2014-03-06 04:00:00,48900.0
2014-03-06 05:00:00,48200.0
2014-03-06 06:00:00,47100.0
2014-03-06 07:00:00,50200.0
2014-03-06 08:00:00,56500.0
2014-03-06 09:00:00,90600.0
2014-03-06 10:00:00,111900.0
2014-03-06 11:00:00,174900.0
2014-03-06 12:00:00,169400.0
2014-03-06 13:00:00,175700.0
2014-03-06 14:00:00,173000.0
2014-03-06 15:00:00,272800.0
2014-03-06 16:00:00,215500.0
2014-03-06 17:00:00,200500.0
2014-03-06 18:00:00,203700.0
2014-03-06 19:00:00,221900.0
2014-03-06 20:00:00,196900.0
2014-03-06 21:00:00,170200.0
2014-03-06 22:00:00,150700.0
2014-03-06 23:00:00,135500.0
2014-03-07 00:00:00,110400.0
2014-03-07 01:00:00,63200.0
2014-03-07 02:00:00,53900.0
2014-03-07 03:00:00,52600.0
2014-03-07 04:00:00,49800.0
2014-03-07 05:00:00,49400.0
2014-03-07 06:00:00,48800.0
2014-03-07 07:00:00,47600.0
2014-03-07 08:00:00,30900.0
2014-03-07 09:00:00,92300.0
2014-03-07 10:00:00,111000.0
2014-03-07 11:00:00,177000.0
2014-03-07 12:00:00,168100.0
2014-03-07 13:00:00,174600.0
2014-03-07 14:00:00,180000.0
2014-03-07 15:00:00,176300.0
2014-03-07 16:00:00,171000.0
2014-03-07 17:00:00,178300.0
2014-03-07 18:00:00,176000.0
2014-03-07 19:00:00,191700.0
2014-03-07 20:00:00,184400.0
2014-03-07 21:00:00,161000.0
2014-03-07 22:00:00,137800.0
2014-03-07 23:00:00,132000.0
2014-03-08 00:00:00,109100.0
2014-03-08 01:00:00,89400.0
2014-03-08 02:00:00,73500.0
2014-03-08 03:00:00,51700.0
2014-03-08 04:00:00,44900.0
2014-03-08 05:00:00,44200.0
2014-03-08 06:00:00,42200.0
2014-03-08 07:00:00,44000.0
2014-03-08 08:00:00,52100.0
2014-03-08 09:00:00,86300.0
2014-03-08 10:00:00,109300.0
2014-03-08 11:00:00,179600.0
2014-03-08 12:00:00,171000.0
2014-03-08 13:00:00,165800.0
2014-03-08 14:00:00,167200.0
2014-03-08 15:00:00,171500.0
2014-03-08 16:00:00,178800.0
2014-03-08 17:00:00,183600.0
2014-03-08 18:00:00,172700.0
2014-03-08 19:00:00,190300.0
2014-03-08 20:00:00,183300.0
2014-03-08 21:00:00,156600.0
2014-03-08 22:00:00,139600.0
2014-03-08 23:00:00,132900.0
2014-03-09 00:00:00,115700.0
2014-03-09 01:00:00,95900.0
2014-03-09 02:00:00,87300.0
2014-03-09 03:00:00,83700.0
2014-03-09 04:00:00,46000.0
2014-03-09 05:00:00,44500.0
2014-03-09 06:00:00,42600.0
2014-03-09 07:00:00,43400.0
2014-03-09 08:00:00,52800.0
2014-03-09 09:00:00,90900.0
2014-03-09 10:00:00,120100.0
2014-03-09 11:00:00,186500.0
2014-03-09 12:00:00,182700.0
2014-03-09 13:00:00,183000.0
2014-03-09 14:00:00,176000.0
2014-03-09 15:00:00,170200.0
2014-03-09 16:00:00,169900.0
2014-03-09 17:00:00,169500.0
2014-03-09 18:00:00,169400.0
2014-03-09 19:00:00,192600.0
2014-03-09 20:00:00,182100.0
2014-03-09 21:00:00,160500.0
2014-03-09 22:00:00,149500.0
2014-03-09 23:00:00,139500.0
2014-03-10 00:00:00,111800.0
2014-03-10 01:00:00,61300.0
2014-03-10 02:00:00,50300.0
2014-03-10 03:00:00,48400.0
2014-03-10 04:00:00,44000.0
2014-03-10 05:00:00,43100.0
2014-03-10 06:00:00,43300.0
2014-03-10 07:00:00,45500.0
2014-03-10 08:00:00,54200.0
2014-03-10 09:00:00,88000.0
2014-03-10 10:00:00,110500.0
2014-03-10 11:00:00,192600.0
2014-03-10 12:00:00,226500.0
2014-03-10 13:00:00,194200.0
2014-03-10 14:00:00,190000.0
2014-03-10 15:00:00,181400.0
2014-03-10 16:00:00,183700.0
2014-03-10 17:00:00,180600.0
2014-03-10 18:00:00,195800.0
2014-03-10 19:00:00,205700.0
2014-03-10 20:00:00,192800.0
2014-03-10 21:00:00,164700.0
2014-03-10 22:00:00,147700.0
2014-03-10 23:00:00,141100.0
2014-03-11 00:00:00,120900.0
2014-03-11 01:00:00,68100.0
2014-03-11 02:00:00,52900.0
2014-03-11 03:00:00,48900.0
2014-03-11 04:00:00,45000.0
2014-03-11 05:00:00,44600.0
2014-03-11 06:00:00,46100.0
2014-03-11 07:00:00,46400.0
2014-03-11 08:00:00,55400.0
2014-03-11 09:00:00,90100.0
2014-03-11 10:00:00,112900.0
2014-03-11 11:00:00,180300.0
2014-03-11 12:00:00,191900.0
2014-03-11 13:00:00,189000.0
2014-03-11 14:00:00,189500.0
2014-03-11 15:00:00,185400.0
2014-03-11 16:00:00,193700.0
2014-03-11 17:00:00,179200.0
2014-03-11 18:00:00,178400.0
2014-03-11 19:00:00,200800.0
2014-03-11 20:00:00,192900.0
2014-03-11 21:00:00,177000.0
2014-03-11 22:00:00,147300.0
2014-03-11 23:00:00,137200.0
2014-03-12 00:00:00,112500.0
2014-03-12 01:00:00,64800.0
2014-03-12 02:00:00,51100.0
2014-03-12 03:00:00,49200.0
2014-03-12 04:00:00,45600.0
2014-03-12 05:00:00,45000.0
2014-03-12 06:00:00,45100.0
2014-03-12 07:00:00,46400.0
2014-03-12 08:00:00,55200.0
2014-03-12 09:00:00,90900.0
2014-03-12 10:00:00,114100.0
2014-03-12 11:00:00,177700.0
2014-03-12 12:00:00,197500.0
2014-03-12 13:00:00,205300.0
2014-03-12 14:00:00,190700.0
2014-03-12 15:00:00,175900.0
2014-03-12 16:00:00,209400.0
2014-03-12 17:00:00,177000.0
2014-03-12 18:00:00,176900.0
2014-03-12 19:00:00,215700.0
2014-03-12 20:00:00,199300.0
2014-03-12 21:00:00,176600.0
2014-03-12 22:00:00,146500.0
2014-03-12 23:00:00,136900.0
2014-03-13 00:00:00,108400.0
2014-03-13 01:00:00,60700.0
2014-03-13 02:00:00,50900.0
2014-03-13 03:00:00,48100.0
2014-03-13 04:00:00,44500.0
2014-03-13 05:00:00,44200.0
2014-03-13 06:00:00,43900.0
2014-03-13 07:00:00,44700.0
2014-03-13 08:00:00,53700.0
2014-03-13 09:00:00,87700.0
2014-03-13 10:00:00,118800.0
2014-03-13 11:00:00,181700.0
2014-03-13 12:00:00,201800.0
2014-03-13 13:00:00,197000.0
2014-03-13 14:00:00,198000.0
2014-03-13 15:00:00,187400.0
2014-03-13 16:00:00,178900.0
2014-03-13 17:00:00,181900.0
2014-03-13 18:00:00,179900.0
2014-03-13 19:00:00,199700.0
2014-03-13 20:00:00,194800.0
2014-03-13 21:00:00,169000.0
2014-03-13 22:00:00,142800.0
2014-03-13 23:00:00,135400.0
2014-03-14 00:00:00,111400.0
2014-03-14 01:00:00,64800.0
2014-03-14 02:00:00,52000.0
2014-03-14 03:00:00,50200.0
2014-03-14 04:00:00,46300.0
2014-03-14 05:00:00,45700.0
2014-03-14 06:00:00,44200.0
2014-03-14 07:00:00,47700.0
2014-03-14 08:00:00,56900.0
2014-03-14 09:00:00,93400.0
2014-03-14 10:00:00,118200.0
2014-03-14 11:00:00,184700.0
2014-03-14 12:00:00,184300.0
2014-03-14 13:00:00,189200.0
2014-03-14 14:00:00,194100.0
2014-03-14 15:00:00,191600.0
2014-03-14 16:00:00,186700.0
2014-03-14 17:00:00,169800.0
2014-03-14 18:00:00,188700.0
2014-03-14 19:00:00,209600.0
2014-03-14 20:00:00,208000.0
2014-03-14 21:00:00,172400.0
2014-03-14 22:00:00,147600.0
2014-03-14 23:00:00,135800.0
2014-03-15 00:00:00,114300.0
2014-03-15 01:00:00,95000.0
2014-03-15 02:00:00,87400.0
2014-03-15 03:00:00,79200.0
2014-03-15 04:00:00,77400.0
2014-03-15 05:00:00,76700.0
2014-03-15 06:00:00,75600.0
2014-03-15 07:00:00,79600.0
2014-03-15 08:00:00,81200.0
2014-03-15 09:00:00,99300.0
2014-03-15 10:00:00,121000.0
2014-03-15 11:00:00,189900.0
2014-03-15 12:00:00,187100.0
2014-03-15 13:00:00,191100.0
2014-03-15 14:00:00,195400.0
2014-03-15 15:00:00,199000.0
2014-03-15 16:00:00,211000.0
2014-03-15 17:00:00,206600.0
2014-03-15 18:00:00,205600.0
2014-03-15 19:00:00,219600.0
2014-03-15 20:00:00,211600.0
2014-03-15 21:00:00,185000.0
2014-03-15 22:00:00,150400.0
2014-03-15 23:00:00,138000.0
2014-03-16 00:00:00,119400.0
2014-03-16 01:00:00,99700.0
2014-03-16 02:00:00,85800.0
2014-03-16 03:00:00,84100.0
2014-03-16 04:00:00,47400.0
2014-03-16 05:00:00,45000.0
2014-03-16 06:00:00,43700.0
2014-03-16 07:00:00,46000.0
2014-03-16 08:00:00,54400.0
2014-03-16 09:00:00,94300.0
2014-03-16 10:00:00,121200.0
2014-03-16 11:00:00,215500.0
2014-03-16 12:00:00,205800.0
2014-03-16 13:00:00,203100.0
2014-03-16 14:00:00,202900.0
2014-03-16 15:00:00,224100.0
2014-03-16 16:00:00,225800.0
2014-03-16 17:00:00,211900.0
2014-03-16 18:00:00,213000.0
2014-03-16 19:00:00,222700.0
2014-03-16 20:00:00,228700.0
2014-03-16 21:00:00,187600.0
2014-03-16 22:00:00,164500.0
2014-03-16 23:00:00,151600.0
2014-03-17 00:00:00,116100.0
2014-03-17 01:00:00,66700.0
2014-03-17 02:00:00,55300.0
2014-03-17 03:00:00,47300.0
2014-03-17 04:00:00,45700.0
2014-03-17 05:00:00,44900.0
2014-03-17 06:00:00,44500.0
2014-03-17 07:00:00,46800.0
2014-03-17 08:00:00,53800.0
2014-03-17 09:00:00,89000.0
2014-03-17 10:00:00,113000.0
2014-03-17 11:00:00,199700.0
2014-03-17 12:00:00,211100.0
2014-03-17 13:00:00,208300.0
2014-03-17 14:00:00,201100.0
2014-03-17 15:00:00,202600.0
2014-03-17 16:00:00,208800.0
2014-03-17 17:00:00,198800.0
2014-03-17 18:00:00,190300.0
2014-03-17 19:00:00,210500.0
2014-03-17 20:00:00,205600.0
2014-03-17 21:00:00,169300.0
2014-03-17 22:00:00,145800.0
2014-03-17 23:00:00,136200.0
2014-03-18 00:00:00,118200.0
2014-03-18 01:00:00,68100.0
2014-03-18 02:00:00,52900.0
2014-03-18 03:00:00,48900.0
2014-03-18 04:00:00,45000.0
2014-03-18 05:00:00,44600.0
2014-03-18 06:00:00,46100.0
2014-03-18 07:00:00,46400.0
2014-03-18 08:00:00,55400.0
2014-03-18 09:00:00,90100.0
2014-03-18 10:00:00,132300.0
2014-03-18 11:00:00,194000.0
2014-03-18 12:00:00,194000.0
2014-03-18 13:00:00,194000.0
2014-03-18 14:00:00,198100.0
2014-03-18 15:00:00,213100.0
2014-03-18 16:00:00,240900.0
2014-03-18 17:00:00,209600.0
2014-03-18 18:00:00,199200.0
2014-03-18 19:00:00,214400.0
2014-03-18 20:00:00,210800.0
2014-03-18 21:00:00,152400.0
2014-03-18 22:00:00,137300.0
2014-03-18 23:00:00,129800.0
2014-03-19 00:00:00,101800.0
2014-03-19 01:00:00,58900.0
2014-03-19 02:00:00,54300.0
2014-03-19 03:00:00,48000.0
2014-03-19 04:00:00,45800.0
2014-03-19 05:00:00,45100.0
2014-03-19 06:00:00,43700.0
2014-03-19 07:00:00,47400.0
2014-03-19 08:00:00,58000.0
2014-03-19 09:00:00,97900.0
2014-03-19 10:00:00,134500.0
2014-03-19 11:00:00,183100.0
2014-03-19 12:00:00,195900.0
2014-03-19 13:00:00,191000.0
2014-03-19 14:00:00,192400.0
2014-03-19 15:00:00,199300.0
2014-03-19 16:00:00,207700.0
2014-03-19 17:00:00,193700.0
2014-03-19 18:00:00,191200.0
2014-03-19 19:00:00,207200.0
2014-03-19 20:00:00,197600.0
2014-03-19 21:00:00,161300.0
2014-03-19 22:00:00,143800.0
2014-03-19 23:00:00,131100.0
2014-03-20 00:00:00,100900.0
2014-03-20 01:00:00,56300.0
2014-03-20 02:00:00,53100.0
2014-03-20 03:00:00,48800.0
2014-03-20 04:00:00,44800.0
2014-03-20 05:00:00,44200.0
2014-03-20 06:00:00,44000.0
2014-03-20 07:00:00,44800.0
2014-03-20 08:00:00,58100.0
2014-03-20 09:00:00,99200.0
2014-03-20 10:00:00,133500.0
2014-03-20 11:00:00,183100.0
2014-03-20 12:00:00,188700.0
2014-03-20 13:00:00,201500.0
2014-03-20 14:00:00,194700.0
2014-03-20 15:00:00,208700.0
2014-03-20 16:00:00,200500.0
2014-03-20 17:00:00,197500.0
2014-03-20 18:00:00,192200.0
2014-03-20 19:00:00,211600.0
2014-03-20 20:00:00,206500.0
2014-03-20 21:00:00,166600.0
2014-03-20 22:00:00,150100.0
2014-03-20 23:00:00,132100.0
2014-03-21 00:00:00,103600.0
2014-03-21 01:00:00,54300.0
2014-03-21 02:00:00,52400.0
2014-03-21 03:00:00,50200.0
2014-03-21 04:00:00,47800.0
2014-03-21 05:00:00,46800.0
2014-03-21 06:00:00,44700.0
2014-03-21 07:00:00,47000.0
2014-03-21 08:00:00,59200.0
2014-03-21 09:00:00,98900.0
2014-03-21 10:00:00,156700.0
2014-03-21 11:00:00,174700.0
2014-03-21 12:00:00,191900.0
2014-03-21 13:00:00,192000.0
2014-03-21 14:00:00,193300.0
2014-03-21 15:00:00,193500.0
2014-03-21 16:00:00,193800.0
2014-03-21 17:00:00,194800.0
2014-03-21 18:00:00,191800.0
2014-03-21 19:00:00,200500.0
2014-03-21 20:00:00,205200.0
2014-03-21 21:00:00,162100.0
2014-03-21 22:00:00,145000.0
2014-03-21 23:00:00,131800.0
2014-03-22 00:00:00,110400.0
2014-03-22 01:00:00,92900.0
2014-03-22 02:00:00,70800.0
2014-03-22 03:00:00,51700.0
2014-03-22 04:00:00,46400.0
2014-03-22 05:00:00,46300.0
2014-03-22 06:00:00,45400.0
2014-03-22 07:00:00,47500.0
2014-03-22 08:00:00,57100.0
2014-03-22 09:00:00,96000.0
2014-03-22 10:00:00,143100.0
2014-03-22 11:00:00,180300.0
2014-03-22 12:00:00,175200.0
2014-03-22 13:00:00,189500.0
2014-03-22 14:00:00,190800.0
2014-03-22 15:00:00,194900.0
2014-03-22 16:00:00,196400.0
2014-03-22 17:00:00,179800.0
2014-03-22 18:00:00,186400.0
2014-03-22 19:00:00,198200.0
2014-03-22 20:00:00,206100.0
2014-03-22 21:00:00,161300.0
2014-03-22 22:00:00,144500.0
2014-03-22 23:00:00,129300.0
2014-03-23 00:00:00,112800.0
2014-03-23 01:00:00,93400.0
2014-03-23 02:00:00,88700.0
2014-03-23 03:00:00,79300.0
2014-03-23 04:00:00,46400.0
2014-03-23 05:00:00,46300.0
2014-03-23 06:00:00,45400.0
2014-03-23 07:00:00,47500.0
2014-03-23 08:00:00,56400.0
2014-03-23 09:00:00,100100.0
2014-03-23 10:00:00,158400.0
2014-03-23 11:00:00,166700.0
2014-03-23 12:00:00,170000.0
2014-03-23 13:00:00,184300.0
2014-03-23 14:00:00,184700.0
2014-03-23 15:00:00,184700.0
2014-03-23 16:00:00,186200.0
2014-03-23 17:00:00,188200.0
2014-03-23 18:00:00,183500.0
2014-03-23 19:00:00,204100.0
2014-03-23 20:00:00,202600.0
2014-03-23 21:00:00,169700.0
2014-03-23 22:00:00,158100.0
2014-03-23 23:00:00,137200.0
2014-03-24 00:00:00,99900.0
2014-03-24 01:00:00,55500.0
2014-03-24 02:00:00,48000.0
2014-03-24 03:00:00,46300.0
2014-03-24 04:00:00,44100.0
2014-03-24 05:00:00,44000.0
2014-03-24 06:00:00,43100.0
2014-03-24 07:00:00,44900.0
2014-03-24 08:00:00,56500.0
2014-03-24 09:00:00,95200.0
2014-03-24 10:00:00,140600.0
2014-03-24 11:00:00,164400.0
2014-03-24 12:00:00,180900.0
2014-03-24 13:00:00,188200.0
2014-03-24 14:00:00,189500.0
2014-03-24 15:00:00,172300.0
2014-03-24 16:00:00,176700.0
2014-03-24 17:00:00,182700.0
2014-03-24 18:00:00,174300.0
2014-03-24 19:00:00,202400.0
2014-03-24 20:00:00,191900.0
2014-03-24 21:00:00,167300.0
2014-03-24 22:00:00,146100.0
2014-03-24 23:00:00,129100.0
2014-03-25 00:00:00,99600.0
2014-03-25 01:00:00,52100.0
2014-03-25 02:00:00,49900.0
2014-03-25 03:00:00,48200.0
2014-03-25 04:00:00,45700.0
2014-03-25 05:00:00,45100.0
2014-03-25 06:00:00,44000.0
2014-03-25 07:00:00,45700.0
2014-03-25 08:00:00,56700.0
2014-03-25 09:00:00,95400.0
2014-03-25 10:00:00,137400.0
2014-03-25 11:00:00,160200.0
2014-03-25 12:00:00,173300.0
2014-03-25 13:00:00,182900.0
2014-03-25 14:00:00,181800.0
2014-03-25 15:00:00,167800.0
2014-03-25 16:00:00,175300.0
2014-03-25 17:00:00,175800.0
2014-03-25 18:00:00,180100.0
2014-03-25 19:00:00,202000.0
2014-03-25 20:00:00,185700.0
2014-03-25 21:00:00,152400.0
2014-03-25 22:00:00,139600.0
2014-03-25 23:00:00,128600.0
2014-03-26 00:00:00,100400.0
2014-03-26 01:00:00,54300.0
2014-03-26 02:00:00,49700.0
2014-03-26 03:00:00,48500.0
2014-03-26 04:00:00,47700.0
2014-03-26 05:00:00,46200.0
2014-03-26 06:00:00,44700.0
2014-03-26 07:00:00,46200.0
2014-03-26 08:00:00,57600.0
2014-03-26 09:00:00,96000.0
2014-03-26 10:00:00,142900.0
2014-03-26 11:00:00,164600.0
2014-03-26 12:00:00,171100.0
2014-03-26 13:00:00,179900.0
2014-03-26 14:00:00,184500.0
2014-03-26 15:00:00,164300.0
2014-03-26 16:00:00,177000.0
2014-03-26 17:00:00,170200.0
2014-03-26 18:00:00,179800.0
2014-03-26 19:00:00,195300.0
2014-03-26 20:00:00,189400.0
2014-03-26 21:00:00,154600.0
2014-03-26 22:00:00,140100.0
2014-03-26 23:00:00,126500.0
2014-03-27 00:00:00,98700.0
2014-03-27 01:00:00,54300.0
2014-03-27 02:00:00,48400.0
2014-03-27 03:00:00,47200.0
2014-03-27 04:00:00,46900.0
2014-03-27 05:00:00,46000.0
2014-03-27 06:00:00,43700.0
2014-03-27 07:00:00,46100.0
2014-03-27 08:00:00,57300.0
2014-03-27 09:00:00,99600.0
2014-03-27 10:00:00,140300.0
2014-03-27 11:00:00,166100.0
2014-03-27 12:00:00,177800.0
2014-03-27 13:00:00,169500.0
2014-03-27 14:00:00,181300.0
2014-03-27 15:00:00,163900.0
2014-03-27 16:00:00,177000.0
2014-03-27 17:00:00,181200.0
2014-03-27 18:00:00,183700.0
2014-03-27 19:00:00,202600.0
2014-03-27 20:00:00,197100.0
2014-03-27 21:00:00,159700.0
2014-03-27 22:00:00,149900.0
2014-03-27 23:00:00,133600.0
2014-03-28 00:00:00,122500.0
2014-03-28 01:00:00,53600.0
2014-03-28 02:00:00,49100.0
2014-03-28 03:00:00,46900.0
2014-03-28 04:00:00,45800.0
2014-03-28 05:00:00,45000.0
2014-03-28 06:00:00,43000.0
2014-03-28 07:00:00,45100.0
2014-03-28 08:00:00,61300.0
2014-03-28 09:00:00,137700.0
2014-03-28 10:00:00,147500.0
2014-03-28 11:00:00,156500.0
2014-03-28 12:00:00,175300.0
2014-03-28 13:00:00,173200.0
2014-03-28 14:00:00,174700.0
2014-03-28 15:00:00,187800.0
2014-03-28 16:00:00,186600.0
2014-03-28 17:00:00,170500.0
2014-03-28 18:00:00,175500.0
2014-03-28 19:00:00,209700.0
2014-03-28 20:00:00,186600.0
2014-03-28 21:00:00,152500.0
2014-03-28 22:00:00,140900.0
2014-03-28 23:00:00,131300.0
2014-03-29 00:00:00,110100.0
2014-03-29 01:00:00,91700.0
2014-03-29 02:00:00,65100.0
2014-03-29 03:00:00,49900.0
2014-03-29 04:00:00,43600.0
2014-03-29 05:00:00,43700.0
2014-03-29 06:00:00,42200.0
2014-03-29 07:00:00,44100.0
2014-03-29 08:00:00,55300.0
2014-03-29 09:00:00,97100.0
2014-03-29 10:00:00,136500.0
2014-03-29 11:00:00,162900.0
2014-03-29 12:00:00,180100.0
2014-03-29 13:00:00,178900.0
2014-03-29 14:00:00,180300.0
2014-03-29 15:00:00,166100.0
2014-03-29 16:00:00,182400.0
2014-03-29 17:00:00,186500.0
2014-03-29 18:00:00,160000.0
2014-03-29 19:00:00,204600.0
2014-03-29 20:00:00,198700.0
2014-03-29 21:00:00,159100.0
2014-03-29 22:00:00,146100.0
2014-03-29 23:00:00,131500.0
2014-03-30 00:00:00,117100.0
2014-03-30 01:00:00,0.0
2014-03-30 02:00:00,91800.0
2014-03-30 03:00:00,77100.0
2014-03-30 04:00:00,43500.0
2014-03-30 05:00:00,44100.0
2014-03-30 06:00:00,42000.0
2014-03-30 07:00:00,43600.0
2014-03-30 08:00:00,54300.0
2014-03-30 09:00:00,100100.0
2014-03-30 10:00:00,146100.0
2014-03-30 11:00:00,180100.0
2014-03-30 12:00:00,181800.0
2014-03-30 13:00:00,167700.0
2014-03-30 14:00:00,179300.0
2014-03-30 15:00:00,183500.0
2014-03-30 16:00:00,187500.0
2014-03-30 17:00:00,180100.0
2014-03-30 18:00:00,176400.0
2014-03-30 19:00:00,187200.0
2014-03-30 20:00:00,202900.0
2014-03-30 21:00:00,170500.0
2014-03-30 22:00:00,165700.0
2014-03-30 23:00:00,137300.0
2014-03-31 00:00:00,103100.0
2014-03-31 01:00:00,55200.0
2014-03-31 02:00:00,48000.0
2014-03-31 03:00:00,45800.0
2014-03-31 04:00:00,43800.0
2014-03-31 05:00:00,44600.0
2014-03-31 06:00:00,44000.0
2014-03-31 07:00:00,46000.0
2014-03-31 08:00:00,56000.0
2014-03-31 09:00:00,97400.0
2014-03-31 10:00:00,142100.0
2014-03-31 11:00:00,166800.0
2014-03-31 12:00:00,167400.0
2014-03-31 13:00:00,183800.0
2014-03-31 14:00:00,180700.0
2014-03-31 15:00:00,175300.0
2014-03-31 16:00:00,181400.0
2014-03-31 17:00:00,181200.0
2014-03-31 18:00:00,189100.0
2014-03-31 19:00:00,190000.0
2014-03-31 20:00:00,197500.0
2014-03-31 21:00:00,159000.0
2014-03-31 22:00:00,139700.0
2014-03-31 23:00:00,126700.0
2014-04-01 00:00:00,97000.0
2014-04-01 01:00:00,53200.0
2014-04-01 02:00:00,49100.0
2014-04-01 03:00:00,46600.0
2014-04-01 04:00:00,44300.0
2014-04-01 05:00:00,44500.0
2014-04-01 06:00:00,42600.0
2014-04-01 07:00:00,44700.0
2014-04-01 08:00:00,56300.0
2014-04-01 09:00:00,96700.0
2014-04-01 10:00:00,145600.0
2014-04-01 11:00:00,171000.0
2014-04-01 12:00:00,180200.0
2014-04-01 13:00:00,184300.0
2014-04-01 14:00:00,185300.0
2014-04-01 15:00:00,164800.0
2014-04-01 16:00:00,183600.0
2014-04-01 17:00:00,180600.0
2014-04-01 18:00:00,183400.0
2014-04-01 19:00:00,196900.0
2014-04-01 20:00:00,187200.0
2014-04-01 21:00:00,158000.0
2014-04-01 22:00:00,141500.0
2014-04-01 23:00:00,129900.0
2014-04-02 00:00:00,102400.0
2014-04-02 01:00:00,56000.0
2014-04-02 02:00:00,51100.0
2014-04-02 03:00:00,46000.0
2014-04-02 04:00:00,44500.0
2014-04-02 05:00:00,44200.0
2014-04-02 06:00:00,42200.0
2014-04-02 07:00:00,44500.0
2014-04-02 08:00:00,54800.0
2014-04-02 09:00:00,94400.0
2014-04-02 10:00:00,137100.0
2014-04-02 11:00:00,158200.0
2014-04-02 12:00:00,194400.0
2014-04-02 13:00:00,183100.0
2014-04-02 14:00:00,179600.0
2014-04-02 15:00:00,183800.0
2014-04-02 16:00:00,189500.0
2014-04-02 17:00:00,169900.0
2014-04-02 18:00:00,192400.0
2014-04-02 19:00:00,176100.0
2014-04-02 20:00:00,186600.0
2014-04-02 21:00:00,161200.0
2014-04-02 22:00:00,146000.0
2014-04-02 23:00:00,130800.0
2014-04-03 00:00:00,101100.0
2014-04-03 01:00:00,56500.0
2014-04-03 02:00:00,51100.0
2014-04-03 03:00:00,47200.0
2014-04-03 04:00:00,45500.0
2014-04-03 05:00:00,45300.0
2014-04-03 06:00:00,42900.0
2014-04-03 07:00:00,44600.0
2014-04-03 08:00:00,55400.0
2014-04-03 09:00:00,95500.0
2014-04-03 10:00:00,135000.0
2014-04-03 11:00:00,161400.0
2014-04-03 12:00:00,173200.0
2014-04-03 13:00:00,185600.0
2014-04-03 14:00:00,185500.0
2014-04-03 15:00:00,179100.0
2014-04-03 16:00:00,184400.0
2014-04-03 17:00:00,181600.0
2014-04-03 18:00:00,178800.0
2014-04-03 19:00:00,180700.0
2014-04-03 20:00:00,188300.0
2014-04-03 21:00:00,164100.0
2014-04-03 22:00:00,144600.0
2014-04-03 23:00:00,131800.0
2014-04-04 00:00:00,105100.0
2014-04-04 01:00:00,57700.0
2014-04-04 02:00:00,53100.0
2014-04-04 03:00:00,50300.0
2014-04-04 04:00:00,48800.0
2014-04-04 05:00:00,48700.0
2014-04-04 06:00:00,46600.0
2014-04-04 07:00:00,49300.0
2014-04-04 08:00:00,60100.0
2014-04-04 09:00:00,101200.0
2014-04-04 10:00:00,142800.0
2014-04-04 11:00:00,163300.0
2014-04-04 12:00:00,178200.0
2014-04-04 13:00:00,195600.0
2014-04-04 14:00:00,188800.0
2014-04-04 15:00:00,171600.0
2014-04-04 16:00:00,177600.0
2014-04-04 17:00:00,188300.0
2014-04-04 18:00:00,175700.0
2014-04-04 19:00:00,185000.0
2014-04-04 20:00:00,206600.0
2014-04-04 21:00:00,169400.0
2014-04-04 22:00:00,146200.0
2014-04-04 23:00:00,131900.0
2014-04-05 00:00:00,111000.0
2014-04-05 01:00:00,95300.0
2014-04-05 02:00:00,67300.0
2014-04-05 03:00:00,50600.0
2014-04-05 04:00:00,44600.0
2014-04-05 05:00:00,44800.0
2014-04-05 06:00:00,43100.0
2014-04-05 07:00:00,44700.0
2014-04-05 08:00:00,55600.0
2014-04-05 09:00:00,97600.0
2014-04-05 10:00:00,140700.0
2014-04-05 11:00:00,180700.0
2014-04-05 12:00:00,180500.0
2014-04-05 13:00:00,183000.0
2014-04-05 14:00:00,186600.0
2014-04-05 15:00:00,201100.0
2014-04-05 16:00:00,197700.0
2014-04-05 17:00:00,196100.0
2014-04-05 18:00:00,196300.0
2014-04-05 19:00:00,189900.0
2014-04-05 20:00:00,203800.0
2014-04-05 21:00:00,170300.0
2014-04-05 22:00:00,144800.0
2014-04-05 23:00:00,131600.0
2014-04-06 00:00:00,117900.0
2014-04-06 01:00:00,97200.0
2014-04-06 02:00:00,88600.0
2014-04-06 03:00:00,77300.0
2014-04-06 04:00:00,44300.0
2014-04-06 05:00:00,45000.0
2014-04-06 06:00:00,42800.0
2014-04-06 07:00:00,44500.0
2014-04-06 08:00:00,55500.0
2014-04-06 09:00:00,105200.0
2014-04-06 10:00:00,157000.0
2014-04-06 11:00:00,214400.0
2014-04-06 12:00:00,207700.0
2014-04-06 13:00:00,216700.0
2014-04-06 14:00:00,234400.0
2014-04-06 15:00:00,237400.0
2014-04-06 16:00:00,235100.0
2014-04-06 17:00:00,270800.0
2014-04-06 18:00:00,266200.0
2014-04-06 19:00:00,261800.0
2014-04-06 20:00:00,249100.0
2014-04-06 21:00:00,209400.0
2014-04-06 22:00:00,153400.0
2014-04-06 23:00:00,134500.0
2014-04-07 00:00:00,102000.0
2014-04-07 01:00:00,53400.0
2014-04-07 02:00:00,49800.0
2014-04-07 03:00:00,48200.0
2014-04-07 04:00:00,45700.0
2014-04-07 05:00:00,44800.0
2014-04-07 06:00:00,43100.0
2014-04-07 07:00:00,44500.0
2014-04-07 08:00:00,55700.0
2014-04-07 09:00:00,97600.0
2014-04-07 10:00:00,155500.0
2014-04-07 11:00:00,224900.0
2014-04-07 12:00:00,245400.0
2014-04-07 13:00:00,227800.0
2014-04-07 14:00:00,241400.0
2014-04-07 15:00:00,255900.0
2014-04-07 16:00:00,226600.0
2014-04-07 17:00:00,227100.0
2014-04-07 18:00:00,242600.0
2014-04-07 19:00:00,222800.0
2014-04-07 20:00:00,217600.0
2014-04-07 21:00:00,176200.0
2014-04-07 22:00:00,142200.0
2014-04-07 23:00:00,130700.0
2014-04-08 00:00:00,104600.0
2014-04-08 01:00:00,56200.0
2014-04-08 02:00:00,50000.0
2014-04-08 03:00:00,48100.0
2014-04-08 04:00:00,46500.0
2014-04-08 05:00:00,46200.0
2014-04-08 06:00:00,44400.0
2014-04-08 07:00:00,46100.0
2014-04-08 08:00:00,58100.0
2014-04-08 09:00:00,101400.0
2014-04-08 10:00:00,189000.0
2014-04-08 11:00:00,244800.0
2014-04-08 12:00:00,289900.0
2014-04-08 13:00:00,283800.0
2014-04-08 14:00:00,298900.0
2014-04-08 15:00:00,292900.0
2014-04-08 16:00:00,298700.0
2014-04-08 17:00:00,297600.0
2014-04-08 18:00:00,300700.0
2014-04-08 19:00:00,274700.0
2014-04-08 20:00:00,267500.0
2014-04-08 21:00:00,183200.0
2014-04-08 22:00:00,148100.0
2014-04-08 23:00:00,129700.0
2014-04-09 00:00:00,103300.0
2014-04-09 01:00:00,54100.0
2014-04-09 02:00:00,50400.0
2014-04-09 03:00:00,47900.0
2014-04-09 04:00:00,46400.0
2014-04-09 05:00:00,46100.0
2014-04-09 06:00:00,44600.0
2014-04-09 07:00:00,45200.0
2014-04-09 08:00:00,59000.0
2014-04-09 09:00:00,96100.0
2014-04-09 10:00:00,211800.0
2014-04-09 11:00:00,204700.0
2014-04-09 12:00:00,258200.0
2014-04-09 13:00:00,221700.0
2014-04-09 14:00:00,223800.0
2014-04-09 15:00:00,252500.0
2014-04-09 16:00:00,256500.0
2014-04-09 17:00:00,267300.0
2014-04-09 18:00:00,290700.0
2014-04-09 19:00:00,238800.0
2014-04-09 20:00:00,252800.0
2014-04-09 21:00:00,170000.0
2014-04-09 22:00:00,139700.0
2014-04-09 23:00:00,132500.0
2014-04-10 00:00:00,102500.0
2014-04-10 01:00:00,57500.0
2014-04-10 02:00:00,49600.0
2014-04-10 03:00:00,47400.0
2014-04-10 04:00:00,45100.0
2014-04-10 05:00:00,45400.0
2014-04-10 06:00:00,44200.0
2014-04-10 07:00:00,44800.0
2014-04-10 08:00:00,56400.0
2014-04-10 09:00:00,99000.0
2014-04-10 10:00:00,220600.0
2014-04-10 11:00:00,231400.0
2014-04-10 12:00:00,280500.0
2014-04-10 13:00:00,258500.0
2014-04-10 14:00:00,263400.0
2014-04-10 15:00:00,252500.0
2014-04-10 16:00:00,276300.0
2014-04-10 17:00:00,249600.0
2014-04-10 18:00:00,237000.0
2014-04-10 19:00:00,238800.0
2014-04-10 20:00:00,240100.0
2014-04-10 21:00:00,185400.0
2014-04-10 22:00:00,147100.0
2014-04-10 23:00:00,130400.0
2014-04-11 00:00:00,103700.0
2014-04-11 01:00:00,28300.0
2014-04-11 02:00:00,55400.0
2014-04-11 03:00:00,49400.0
2014-04-11 04:00:00,46800.0
2014-04-11 05:00:00,46800.0
2014-04-11 06:00:00,44700.0
2014-04-11 07:00:00,47100.0
2014-04-11 08:00:00,58400.0
2014-04-11 09:00:00,100400.0
2014-04-11 10:00:00,181900.0
2014-04-11 11:00:00,212200.0
2014-04-11 12:00:00,248100.0
2014-04-11 13:00:00,259500.0
2014-04-11 14:00:00,257600.0
2014-04-11 15:00:00,249200.0
2014-04-11 16:00:00,272200.0
2014-04-11 17:00:00,283800.0
2014-04-11 18:00:00,269600.0
2014-04-11 19:00:00,248500.0
2014-04-11 20:00:00,232400.0
2014-04-11 21:00:00,177500.0
2014-04-11 22:00:00,140400.0
2014-04-11 23:00:00,128700.0
2014-04-12 00:00:00,109800.0
2014-04-12 01:00:00,94200.0
2014-04-12 02:00:00,69300.0
2014-04-12 03:00:00,53200.0
2014-04-12 04:00:00,48200.0
2014-04-12 05:00:00,48500.0
2014-04-12 06:00:00,47400.0
2014-04-12 07:00:00,50300.0
2014-04-12 08:00:00,58300.0
2014-04-12 09:00:00,98700.0
2014-04-12 10:00:00,174400.0
2014-04-12 11:00:00,209700.0
2014-04-12 12:00:00,216400.0
2014-04-12 13:00:00,234100.0
2014-04-12 14:00:00,236500.0
2014-04-12 15:00:00,242800.0
2014-04-12 16:00:00,250700.0
2014-04-12 17:00:00,271000.0
2014-04-12 18:00:00,263700.0
2014-04-12 19:00:00,249000.0
2014-04-12 20:00:00,255600.0
2014-04-12 21:00:00,181800.0
2014-04-12 22:00:00,146000.0
2014-04-12 23:00:00,133900.0
2014-04-13 00:00:00,121200.0
2014-04-13 01:00:00,99000.0
2014-04-13 02:00:00,90500.0
2014-04-13 03:00:00,79800.0
2014-04-13 04:00:00,48500.0
2014-04-13 05:00:00,48300.0
2014-04-13 06:00:00,47100.0
2014-04-13 07:00:00,48300.0
2014-04-13 08:00:00,59800.0
2014-04-13 09:00:00,108100.0
2014-04-13 10:00:00,187200.0
2014-04-13 11:00:00,249700.0
2014-04-13 12:00:00,233500.0
2014-04-13 13:00:00,244500.0
2014-04-13 14:00:00,276600.0
2014-04-13 15:00:00,283400.0
2014-04-13 16:00:00,285900.0
2014-04-13 17:00:00,296400.0
2014-04-13 18:00:00,278000.0
2014-04-13 19:00:00,276100.0
2014-04-13 20:00:00,268300.0
2014-04-13 21:00:00,211500.0
2014-04-13 22:00:00,179700.0
2014-04-13 23:00:00,134600.0
2014-04-14 00:00:00,104900.0
2014-04-14 01:00:00,59800.0
2014-04-14 02:00:00,52900.0
2014-04-14 03:00:00,50600.0
2014-04-14 04:00:00,49200.0
2014-04-14 05:00:00,48900.0
2014-04-14 06:00:00,46900.0
2014-04-14 07:00:00,49700.0
2014-04-14 08:00:00,59800.0
2014-04-14 09:00:00,96700.0
2014-04-14 10:00:00,183000.0
2014-04-14 11:00:00,223900.0
2014-04-14 12:00:00,236500.0
2014-04-14 13:00:00,243500.0
2014-04-14 14:00:00,237600.0
2014-04-14 15:00:00,253200.0
2014-04-14 16:00:00,247400.0
2014-04-14 17:00:00,252000.0
2014-04-14 18:00:00,241900.0
2014-04-14 19:00:00,233000.0
2014-04-14 20:00:00,232800.0
2014-04-14 21:00:00,168400.0
2014-04-14 22:00:00,149800.0
2014-04-14 23:00:00,140200.0
2014-04-15 00:00:00,103100.0
2014-04-15 01:00:00,58300.0
2014-04-15 02:00:00,53500.0
2014-04-15 03:00:00,50300.0
2014-04-15 04:00:00,48500.0
2014-04-15 05:00:00,47700.0
2014-04-15 06:00:00,47200.0
2014-04-15 07:00:00,48600.0
2014-04-15 08:00:00,59600.0
2014-04-15 09:00:00,95600.0
2014-04-15 10:00:00,171400.0
2014-04-15 11:00:00,204100.0
2014-04-15 12:00:00,241800.0
2014-04-15 13:00:00,247900.0
2014-04-15 14:00:00,232300.0
2014-04-15 15:00:00,252800.0
2014-04-15 16:00:00,253800.0
2014-04-15 17:00:00,262500.0
2014-04-15 18:00:00,257100.0
2014-04-15 19:00:00,238900.0
2014-04-15 20:00:00,249000.0
2014-04-15 21:00:00,180000.0
2014-04-15 22:00:00,159500.0
2014-04-15 23:00:00,146700.0
2014-04-16 00:00:00,109300.0
2014-04-16 01:00:00,58300.0
2014-04-16 02:00:00,52300.0
2014-04-16 03:00:00,50000.0
2014-04-16 04:00:00,47800.0
2014-04-16 05:00:00,47700.0
2014-04-16 06:00:00,46200.0
2014-04-16 07:00:00,48500.0
2014-04-16 08:00:00,59800.0
2014-04-16 09:00:00,99500.0
2014-04-16 10:00:00,174900.0
2014-04-16 11:00:00,217200.0
2014-04-16 12:00:00,235500.0
2014-04-16 13:00:00,269500.0
2014-04-16 14:00:00,270400.0
2014-04-16 15:00:00,263100.0
2014-04-16 16:00:00,274300.0
2014-04-16 17:00:00,250900.0
2014-04-16 18:00:00,280300.0
2014-04-16 19:00:00,268300.0
2014-04-16 20:00:00,251700.0
2014-04-16 21:00:00,178000.0
2014-04-16 22:00:00,147500.0
2014-04-16 23:00:00,130400.0
2014-04-17 00:00:00,104600.0
2014-04-17 01:00:00,58100.0
2014-04-17 02:00:00,55200.0
2014-04-17 03:00:00,51200.0
2014-04-17 04:00:00,50000.0
2014-04-17 05:00:00,48600.0
2014-04-17 06:00:00,46600.0
2014-04-17 07:00:00,49300.0
2014-04-17 08:00:00,59400.0
2014-04-17 09:00:00,98300.0
2014-04-17 10:00:00,176100.0
2014-04-17 11:00:00,223400.0
2014-04-17 12:00:00,276400.0
2014-04-17 13:00:00,288500.0
2014-04-17 14:00:00,283000.0
2014-04-17 15:00:00,300400.0
2014-04-17 16:00:00,300200.0
2014-04-17 17:00:00,290200.0
2014-04-17 18:00:00,287200.0
2014-04-17 19:00:00,283500.0
2014-04-17 20:00:00,252000.0
2014-04-17 21:00:00,186900.0
2014-04-17 22:00:00,155600.0
2014-04-17 23:00:00,134800.0
2014-04-18 00:00:00,107400.0
2014-04-18 01:00:00,57300.0
2014-04-18 02:00:00,53000.0
2014-04-18 03:00:00,50300.0
2014-04-18 04:00:00,47600.0
2014-04-18 05:00:00,46700.0
2014-04-18 06:00:00,44700.0
2014-04-18 07:00:00,47100.0
2014-04-18 08:00:00,56800.0
2014-04-18 09:00:00,99000.0
2014-04-18 10:00:00,173800.0
2014-04-18 11:00:00,201400.0
2014-04-18 12:00:00,277900.0
2014-04-18 13:00:00,265400.0
2014-04-18 14:00:00,268300.0
2014-04-18 15:00:00,276200.0
2014-04-18 16:00:00,272100.0
2014-04-18 17:00:00,281700.0
2014-04-18 18:00:00,265900.0
2014-04-18 19:00:00,262600.0
2014-04-18 20:00:00,254400.0
2014-04-18 21:00:00,184300.0
2014-04-18 22:00:00,162900.0
2014-04-18 23:00:00,153500.0
2014-04-19 00:00:00,118700.0
2014-04-19 01:00:00,91900.0
2014-04-19 02:00:00,66900.0
2014-04-19 03:00:00,52700.0
2014-04-19 04:00:00,46200.0
2014-04-19 05:00:00,45900.0
2014-04-19 06:00:00,44700.0
2014-04-19 07:00:00,45800.0
2014-04-19 08:00:00,56900.0
2014-04-19 09:00:00,99000.0
2014-04-19 10:00:00,169600.0
2014-04-19 11:00:00,191400.0
2014-04-19 12:00:00,268300.0
2014-04-19 13:00:00,257100.0
2014-04-19 14:00:00,246700.0
2014-04-19 15:00:00,274500.0
2014-04-19 16:00:00,264800.0
2014-04-19 17:00:00,257700.0
2014-04-19 18:00:00,259800.0
2014-04-19 19:00:00,227800.0
2014-04-19 20:00:00,236900.0
2014-04-19 21:00:00,184800.0
2014-04-19 22:00:00,155000.0
2014-04-19 23:00:00,133400.0
2014-04-20 00:00:00,121600.0
2014-04-20 01:00:00,96400.0
2014-04-20 02:00:00,87600.0
2014-04-20 03:00:00,79200.0
2014-04-20 04:00:00,45900.0
2014-04-20 05:00:00,46800.0
2014-04-20 06:00:00,45200.0
2014-04-20 07:00:00,45900.0
2014-04-20 08:00:00,56500.0
2014-04-20 09:00:00,106800.0
2014-04-20 10:00:00,180200.0
2014-04-20 11:00:00,253600.0
2014-04-20 12:00:00,224800.0
2014-04-20 13:00:00,246800.0
2014-04-20 14:00:00,245500.0
2014-04-20 15:00:00,251300.0
2014-04-20 16:00:00,246400.0
2014-04-20 17:00:00,231300.0
2014-04-20 18:00:00,226300.0
2014-04-20 19:00:00,220900.0
2014-04-20 20:00:00,240200.0
2014-04-20 21:00:00,206100.0
2014-04-20 22:00:00,177500.0
2014-04-20 23:00:00,133800.0
2014-04-21 00:00:00,101100.0
2014-04-21 01:00:00,53500.0
2014-04-21 02:00:00,50800.0
2014-04-21 03:00:00,48000.0
2014-04-21 04:00:00,45800.0
2014-04-21 05:00:00,44900.0
2014-04-21 06:00:00,43900.0
2014-04-21 07:00:00,44800.0
2014-04-21 08:00:00,55600.0
2014-04-21 09:00:00,97600.0
2014-04-21 10:00:00,160700.0
2014-04-21 11:00:00,196300.0
2014-04-21 12:00:00,223700.0
2014-04-21 13:00:00,223300.0
2014-04-21 14:00:00,233800.0
2014-04-21 15:00:00,222300.0
2014-04-21 16:00:00,233200.0
2014-04-21 17:00:00,253900.0
2014-04-21 18:00:00,222000.0
2014-04-21 19:00:00,223000.0
2014-04-21 20:00:00,223700.0
2014-04-21 21:00:00,179400.0
2014-04-21 22:00:00,144100.0
2014-04-21 23:00:00,127100.0
2014-04-22 00:00:00,101300.0
2014-04-22 01:00:00,54300.0
2014-04-22 02:00:00,49200.0
2014-04-22 03:00:00,47600.0
2014-04-22 04:00:00,45100.0
2014-04-22 05:00:00,45300.0
2014-04-22 06:00:00,43400.0
2014-04-22 07:00:00,45500.0
2014-04-22 08:00:00,56700.0
2014-04-22 09:00:00,96800.0
2014-04-22 10:00:00,146300.0
2014-04-22 11:00:00,213900.0
2014-04-22 12:00:00,228200.0
2014-04-22 13:00:00,239500.0
2014-04-22 14:00:00,233000.0
2014-04-22 15:00:00,246800.0
2014-04-22 16:00:00,237300.0
2014-04-22 17:00:00,239700.0
2014-04-22 18:00:00,228200.0
2014-04-22 19:00:00,227000.0
2014-04-22 20:00:00,228900.0
2014-04-22 21:00:00,171800.0
2014-04-22 22:00:00,146300.0
2014-04-22 23:00:00,129500.0
2014-04-23 00:00:00,102200.0
2014-04-23 01:00:00,58700.0
2014-04-23 02:00:00,52300.0
2014-04-23 03:00:00,48600.0
2014-04-23 04:00:00,47000.0
2014-04-23 05:00:00,46900.0
2014-04-23 06:00:00,45200.0
2014-04-23 07:00:00,45600.0
2014-04-23 08:00:00,57200.0
2014-04-23 09:00:00,99100.0
2014-04-23 10:00:00,153900.0
2014-04-23 11:00:00,216800.0
2014-04-23 12:00:00,245200.0
2014-04-23 13:00:00,232700.0
2014-04-23 14:00:00,250000.0
2014-04-23 15:00:00,241700.0
2014-04-23 16:00:00,235500.0
2014-04-23 17:00:00,246200.0
2014-04-23 18:00:00,231900.0
2014-04-23 19:00:00,221000.0
2014-04-23 20:00:00,237900.0
2014-04-23 21:00:00,178400.0
2014-04-23 22:00:00,155400.0
2014-04-23 23:00:00,129200.0
2014-04-24 00:00:00,103300.0
2014-04-24 01:00:00,54300.0
2014-04-24 02:00:00,50300.0
2014-04-24 03:00:00,47400.0
2014-04-24 04:00:00,46000.0
2014-04-24 05:00:00,45100.0
2014-04-24 06:00:00,44100.0
2014-04-24 07:00:00,45900.0
2014-04-24 08:00:00,56900.0
2014-04-24 09:00:00,99100.0
2014-04-24 10:00:00,152200.0
2014-04-24 11:00:00,197900.0
2014-04-24 12:00:00,245100.0
2014-04-24 13:00:00,226500.0
2014-04-24 14:00:00,235900.0
2014-04-24 15:00:00,221100.0
2014-04-24 16:00:00,226800.0
2014-04-24 17:00:00,215300.0
2014-04-24 18:00:00,220200.0
2014-04-24 19:00:00,211100.0
2014-04-24 20:00:00,218300.0
2014-04-24 21:00:00,167700.0
2014-04-24 22:00:00,152800.0
2014-04-24 23:00:00,129500.0
2014-04-25 00:00:00,102600.0
2014-04-25 01:00:00,58800.0
2014-04-25 02:00:00,52200.0
2014-04-25 03:00:00,48000.0
2014-04-25 04:00:00,45800.0
2014-04-25 05:00:00,45600.0
2014-04-25 06:00:00,43800.0
2014-04-25 07:00:00,45000.0
2014-04-25 08:00:00,56600.0
2014-04-25 09:00:00,98900.0
2014-04-25 10:00:00,145100.0
2014-04-25 11:00:00,185500.0
2014-04-25 12:00:00,192000.0
2014-04-25 13:00:00,196500.0
2014-04-25 14:00:00,221900.0
2014-04-25 15:00:00,216500.0
2014-04-25 16:00:00,229100.0
2014-04-25 17:00:00,231700.0
2014-04-25 18:00:00,218900.0
2014-04-25 19:00:00,212500.0
2014-04-25 20:00:00,219600.0
2014-04-25 21:00:00,182900.0
2014-04-25 22:00:00,160900.0
2014-04-25 23:00:00,130500.0
2014-04-26 00:00:00,108600.0
2014-04-26 01:00:00,92100.0
2014-04-26 02:00:00,67300.0
2014-04-26 03:00:00,49400.0
2014-04-26 04:00:00,44400.0
2014-04-26 05:00:00,44300.0
2014-04-26 06:00:00,43000.0
2014-04-26 07:00:00,44500.0
2014-04-26 08:00:00,54600.0
2014-04-26 09:00:00,98100.0
2014-04-26 10:00:00,186900.0
2014-04-26 11:00:00,253800.0
2014-04-26 12:00:00,240000.0
2014-04-26 13:00:00,258500.0
2014-04-26 14:00:00,242500.0
2014-04-26 15:00:00,262000.0
2014-04-26 16:00:00,255000.0
2014-04-26 17:00:00,249400.0
2014-04-26 18:00:00,228000.0
2014-04-26 19:00:00,233400.0
2014-04-26 20:00:00,230400.0
2014-04-26 21:00:00,185000.0
2014-04-26 22:00:00,147700.0
2014-04-26 23:00:00,131400.0
2014-04-27 00:00:00,115400.0
2014-04-27 01:00:00,89100.0
2014-04-27 02:00:00,81100.0
2014-04-27 03:00:00,73100.0
2014-04-27 04:00:00,45200.0
2014-04-27 05:00:00,45000.0
2014-04-27 06:00:00,43300.0
2014-04-27 07:00:00,43900.0
2014-04-27 08:00:00,54900.0
2014-04-27 09:00:00,102100.0
2014-04-27 10:00:00,169000.0
2014-04-27 11:00:00,264800.0
2014-04-27 12:00:00,241900.0
2014-04-27 13:00:00,248000.0
2014-04-27 14:00:00,279300.0
2014-04-27 15:00:00,282700.0
2014-04-27 16:00:00,283500.0
2014-04-27 17:00:00,289100.0
2014-04-27 18:00:00,277100.0
2014-04-27 19:00:00,256000.0
2014-04-27 20:00:00,249900.0
2014-04-27 21:00:00,203800.0
2014-04-27 22:00:00,153500.0
2014-04-27 23:00:00,134500.0
2014-04-28 00:00:00,98700.0
2014-04-28 01:00:00,53700.0
2014-04-28 02:00:00,48300.0
2014-04-28 03:00:00,46300.0
2014-04-28 04:00:00,44300.0
2014-04-28 05:00:00,45000.0
2014-04-28 06:00:00,43000.0
2014-04-28 07:00:00,37300.0
2014-04-28 08:00:00,47000.0
2014-04-28 09:00:00,95900.0
2014-04-28 10:00:00,163600.0
2014-04-28 11:00:00,237300.0
2014-04-28 12:00:00,263300.0
2014-04-28 13:00:00,276100.0
2014-04-28 14:00:00,264100.0
2014-04-28 15:00:00,281200.0
2014-04-28 16:00:00,301900.0
2014-04-28 17:00:00,298300.0
2014-04-28 18:00:00,283700.0
2014-04-28 19:00:00,274600.0
2014-04-28 20:00:00,241400.0
2014-04-28 21:00:00,178300.0
2014-04-28 22:00:00,145300.0
2014-04-28 23:00:00,128200.0
2014-04-29 00:00:00,97900.0
2014-04-29 01:00:00,55300.0
2014-04-29 02:00:00,49600.0
2014-04-29 03:00:00,47300.0
2014-04-29 04:00:00,44700.0
2014-04-29 05:00:00,44800.0
2014-04-29 06:00:00,42700.0
2014-04-29 07:00:00,45000.0
2014-04-29 08:00:00,55400.0
2014-04-29 09:00:00,96000.0
2014-04-29 10:00:00,181900.0
2014-04-29 11:00:00,211400.0
2014-04-29 12:00:00,237100.0
2014-04-29 13:00:00,257000.0
2014-04-29 14:00:00,249900.0
2014-04-29 15:00:00,302200.0
2014-04-29 16:00:00,304400.0
2014-04-29 17:00:00,319600.0
2014-04-29 18:00:00,297300.0
2014-04-29 19:00:00,274200.0
2014-04-29 20:00:00,266700.0
2014-04-29 21:00:00,182700.0
2014-04-29 22:00:00,151700.0
2014-04-29 23:00:00,127200.0
2014-04-30 00:00:00,98500.0
2014-04-30 01:00:00,56900.0
2014-04-30 02:00:00,53900.0
2014-04-30 03:00:00,49500.0
2014-04-30 04:00:00,47300.0
2014-04-30 05:00:00,46000.0
2014-04-30 06:00:00,44600.0
2014-04-30 07:00:00,46400.0
2014-04-30 08:00:00,57300.0
2014-04-30 09:00:00,99100.0
2014-04-30 10:00:00,199400.0
2014-04-30 11:00:00,290500.0
2014-04-30 12:00:00,313900.0
2014-04-30 13:00:00,330200.0
2014-04-30 14:00:00,326000.0
2014-04-30 15:00:00,337300.0
2014-04-30 16:00:00,352700.0
2014-04-30 17:00:00,345200.0
2014-04-30 18:00:00,327800.0
2014-04-30 19:00:00,308300.0
2014-04-30 20:00:00,293500.0
2014-04-30 21:00:00,198800.0
2014-04-30 22:00:00,164500.0
2014-04-30 23:00:00,131200.0
2014-05-01 00:00:00,100900.0
2014-05-01 01:00:00,55600.0
2014-05-01 02:00:00,51200.0
2014-05-01 03:00:00,48700.0
2014-05-01 04:00:00,46700.0
2014-05-01 05:00:00,46200.0
2014-05-01 06:00:00,43900.0
2014-05-01 07:00:00,45600.0
2014-05-01 08:00:00,56300.0
2014-05-01 09:00:00,96000.0
2014-05-01 10:00:00,201300.0
2014-05-01 11:00:00,268600.0
2014-05-01 12:00:00,293400.0
2014-05-01 13:00:00,317600.0
2014-05-01 14:00:00,325000.0
2014-05-01 15:00:00,348700.0
2014-05-01 16:00:00,331900.0
2014-05-01 17:00:00,351900.0
2014-05-01 18:00:00,327200.0
2014-05-01 19:00:00,316000.0
2014-05-01 20:00:00,301000.0
2014-05-01 21:00:00,186200.0
2014-05-01 22:00:00,151600.0
2014-05-01 23:00:00,128600.0
2014-05-02 00:00:00,99600.0
2014-05-02 01:00:00,56400.0
2014-05-02 02:00:00,50600.0
2014-05-02 03:00:00,48300.0
2014-05-02 04:00:00,47100.0
2014-05-02 05:00:00,46700.0
2014-05-02 06:00:00,44700.0
2014-05-02 07:00:00,46600.0
2014-05-02 08:00:00,57000.0
2014-05-02 09:00:00,99300.0
2014-05-02 10:00:00,189600.0
2014-05-02 11:00:00,315000.0
2014-05-02 12:00:00,364000.0
2014-05-02 13:00:00,364900.0
2014-05-02 14:00:00,367300.0
2014-05-02 15:00:00,350300.0
2014-05-02 16:00:00,377400.0
2014-05-02 17:00:00,368400.0
2014-05-02 18:00:00,349600.0
2014-05-02 19:00:00,299100.0
2014-05-02 20:00:00,314600.0
2014-05-02 21:00:00,205100.0
2014-05-02 22:00:00,167800.0
2014-05-02 23:00:00,130600.0
2014-05-03 00:00:00,105300.0
2014-05-03 01:00:00,83600.0
2014-05-03 02:00:00,62700.0
2014-05-03 03:00:00,49800.0
2014-05-03 04:00:00,45500.0
2014-05-03 05:00:00,45000.0
2014-05-03 06:00:00,44300.0
2014-05-03 07:00:00,45300.0
2014-05-03 08:00:00,56300.0
2014-05-03 09:00:00,97000.0
2014-05-03 10:00:00,193200.0
2014-05-03 11:00:00,330200.0
2014-05-03 12:00:00,360400.0
2014-05-03 13:00:00,368000.0
2014-05-03 14:00:00,369300.0
2014-05-03 15:00:00,390700.0
2014-05-03 16:00:00,364600.0
2014-05-03 17:00:00,358300.0
2014-05-03 18:00:00,339400.0
2014-05-03 19:00:00,315600.0
2014-05-03 20:00:00,311300.0
2014-05-03 21:00:00,225200.0
2014-05-03 22:00:00,174200.0
2014-05-03 23:00:00,131000.0
2014-05-04 00:00:00,114600.0
2014-05-04 01:00:00,89100.0
2014-05-04 02:00:00,79100.0
2014-05-04 03:00:00,71700.0
2014-05-04 04:00:00,45700.0
2014-05-04 05:00:00,45400.0
2014-05-04 06:00:00,43700.0
2014-05-04 07:00:00,45300.0
2014-05-04 08:00:00,56200.0
2014-05-04 09:00:00,105600.0
2014-05-04 10:00:00,209600.0
2014-05-04 11:00:00,382100.0
2014-05-04 12:00:00,307900.0
2014-05-04 13:00:00,319800.0
2014-05-04 14:00:00,345600.0
2014-05-04 15:00:00,365000.0
2014-05-04 16:00:00,376900.0
2014-05-04 17:00:00,370400.0
2014-05-04 18:00:00,356800.0
2014-05-04 19:00:00,339100.0
2014-05-04 20:00:00,314600.0
2014-05-04 21:00:00,264100.0
2014-05-04 22:00:00,181100.0
2014-05-04 23:00:00,132700.0
2014-05-05 00:00:00,100000.0
2014-05-05 01:00:00,58000.0
2014-05-05 02:00:00,53000.0
2014-05-05 03:00:00,50800.0
2014-05-05 04:00:00,48900.0
2014-05-05 05:00:00,48000.0
2014-05-05 06:00:00,47200.0
2014-05-05 07:00:00,49700.0
2014-05-05 08:00:00,61200.0
2014-05-05 09:00:00,100100.0
2014-05-05 10:00:00,222300.0
2014-05-05 11:00:00,347600.0
2014-05-05 12:00:00,359800.0
2014-05-05 13:00:00,363300.0
2014-05-05 14:00:00,334400.0
2014-05-05 15:00:00,326000.0
2014-05-05 16:00:00,338200.0
2014-05-05 17:00:00,353000.0
2014-05-05 18:00:00,351400.0
2014-05-05 19:00:00,326400.0
2014-05-05 20:00:00,303500.0
2014-05-05 21:00:00,208100.0
2014-05-05 22:00:00,157900.0
2014-05-05 23:00:00,129600.0
2014-05-06 00:00:00,105000.0
2014-05-06 01:00:00,64600.0
2014-05-06 02:00:00,54400.0
2014-05-06 03:00:00,51700.0
2014-05-06 04:00:00,49100.0
2014-05-06 05:00:00,48400.0
2014-05-06 06:00:00,47500.0
2014-05-06 07:00:00,48900.0
2014-05-06 08:00:00,60600.0
2014-05-06 09:00:00,117100.0
2014-05-06 10:00:00,226400.0
2014-05-06 11:00:00,317200.0
2014-05-06 12:00:00,320300.0
2014-05-06 13:00:00,334300.0
2014-05-06 14:00:00,335500.0
2014-05-06 15:00:00,351900.0
2014-05-06 16:00:00,349200.0
2014-05-06 17:00:00,349700.0
2014-05-06 18:00:00,322900.0
2014-05-06 19:00:00,305100.0
2014-05-06 20:00:00,302300.0
2014-05-06 21:00:00,196600.0
2014-05-06 22:00:00,144500.0
2014-05-06 23:00:00,127400.0
2014-05-07 00:00:00,101200.0
2014-05-07 01:00:00,62500.0
2014-05-07 02:00:00,50700.0
2014-05-07 03:00:00,48500.0
2014-05-07 04:00:00,45900.0
2014-05-07 05:00:00,45900.0
2014-05-07 06:00:00,44200.0
2014-05-07 07:00:00,45400.0
2014-05-07 08:00:00,57900.0
2014-05-07 09:00:00,96400.0
2014-05-07 10:00:00,196000.0
2014-05-07 11:00:00,290100.0
2014-05-07 12:00:00,315100.0
2014-05-07 13:00:00,326700.0
2014-05-07 14:00:00,334400.0
2014-05-07 15:00:00,359600.0
2014-05-07 16:00:00,346900.0
2014-05-07 17:00:00,334100.0
2014-05-07 18:00:00,325000.0
2014-05-07 19:00:00,289300.0
2014-05-07 20:00:00,289300.0
2014-05-07 21:00:00,184200.0
2014-05-07 22:00:00,143900.0
2014-05-07 23:00:00,128700.0
2014-05-08 00:00:00,101700.0
2014-05-08 01:00:00,62200.0
2014-05-08 02:00:00,51900.0
2014-05-08 03:00:00,47800.0
2014-05-08 04:00:00,45600.0
2014-05-08 05:00:00,45700.0
2014-05-08 06:00:00,45000.0
2014-05-08 07:00:00,46500.0
2014-05-08 08:00:00,59400.0
2014-05-08 09:00:00,108100.0
2014-05-08 10:00:00,208700.0
2014-05-08 11:00:00,270900.0
2014-05-08 12:00:00,305000.0
2014-05-08 13:00:00,313800.0
2014-05-08 14:00:00,339800.0
2014-05-08 15:00:00,357800.0
2014-05-08 16:00:00,363200.0
2014-05-08 17:00:00,349600.0
2014-05-08 18:00:00,337700.0
2014-05-08 19:00:00,302700.0
2014-05-08 20:00:00,290800.0
2014-05-08 21:00:00,182700.0
2014-05-08 22:00:00,143800.0
2014-05-08 23:00:00,130300.0
2014-05-09 00:00:00,103600.0
2014-05-09 01:00:00,63200.0
2014-05-09 02:00:00,54000.0
2014-05-09 03:00:00,51300.0
2014-05-09 04:00:00,48500.0
2014-05-09 05:00:00,48100.0
2014-05-09 06:00:00,46800.0
2014-05-09 07:00:00,48600.0
2014-05-09 08:00:00,60500.0
2014-05-09 09:00:00,108300.0
2014-05-09 10:00:00,214500.0
2014-05-09 11:00:00,304900.0
2014-05-09 12:00:00,331400.0
2014-05-09 13:00:00,319900.0
2014-05-09 14:00:00,334100.0
2014-05-09 15:00:00,320600.0
2014-05-09 16:00:00,320300.0
2014-05-09 17:00:00,339400.0
2014-05-09 18:00:00,335300.0
2014-05-09 19:00:00,301500.0
2014-05-09 20:00:00,323100.0
2014-05-09 21:00:00,198600.0
2014-05-09 22:00:00,165400.0
2014-05-09 23:00:00,150000.0
2014-05-10 00:00:00,109100.0
2014-05-10 01:00:00,92600.0
2014-05-10 02:00:00,68700.0
2014-05-10 03:00:00,54600.0
2014-05-10 04:00:00,49500.0
2014-05-10 05:00:00,48400.0
2014-05-10 06:00:00,45900.0
2014-05-10 07:00:00,46900.0
2014-05-10 08:00:00,58800.0
2014-05-10 09:00:00,97000.0
2014-05-10 10:00:00,195200.0
2014-05-10 11:00:00,324500.0
2014-05-10 12:00:00,306700.0
2014-05-10 13:00:00,356600.0
2014-05-10 14:00:00,361900.0
2014-05-10 15:00:00,367100.0
2014-05-10 16:00:00,359600.0
2014-05-10 17:00:00,390900.0
2014-05-10 18:00:00,409900.0
2014-05-10 19:00:00,351900.0
2014-05-10 20:00:00,344700.0
2014-05-10 21:00:00,223800.0
2014-05-10 22:00:00,164600.0
2014-05-10 23:00:00,133300.0
2014-05-11 00:00:00,115700.0
2014-05-11 01:00:00,96700.0
2014-05-11 02:00:00,84200.0
2014-05-11 03:00:00,76900.0
2014-05-11 04:00:00,49700.0
2014-05-11 05:00:00,48700.0
2014-05-11 06:00:00,47900.0
2014-05-11 07:00:00,48100.0
2014-05-11 08:00:00,61000.0
2014-05-11 09:00:00,143300.0
2014-05-11 10:00:00,239800.0
2014-05-11 11:00:00,329200.0
2014-05-11 12:00:00,320200.0
2014-05-11 13:00:00,369100.0
2014-05-11 14:00:00,382900.0
2014-05-11 15:00:00,408700.0
2014-05-11 16:00:00,411800.0
2014-05-11 17:00:00,411800.0
2014-05-11 18:00:00,410600.0
2014-05-11 19:00:00,355700.0
2014-05-11 20:00:00,357300.0
2014-05-11 21:00:00,255100.0
2014-05-11 22:00:00,223700.0
2014-05-11 23:00:00,144100.0
2014-05-12 00:00:00,104200.0
2014-05-12 01:00:00,60400.0
2014-05-12 02:00:00,51500.0
2014-05-12 03:00:00,49500.0
2014-05-12 04:00:00,47500.0
2014-05-12 05:00:00,48200.0
2014-05-12 06:00:00,47300.0
2014-05-12 07:00:00,47500.0
2014-05-12 08:00:00,59400.0
2014-05-12 09:00:00,100300.0
2014-05-12 10:00:00,220900.0
2014-05-12 11:00:00,315400.0
2014-05-12 12:00:00,331400.0
2014-05-12 13:00:00,357800.0
2014-05-12 14:00:00,328600.0
2014-05-12 15:00:00,340800.0
2014-05-12 16:00:00,329100.0
2014-05-12 17:00:00,353300.0
2014-05-12 18:00:00,374200.0
2014-05-12 19:00:00,345600.0
2014-05-12 20:00:00,316600.0
2014-05-12 21:00:00,245000.0
2014-05-12 22:00:00,172700.0
2014-05-12 23:00:00,83700.0
2014-05-13 00:00:00,105000.0
2014-05-13 01:00:00,64600.0
2014-05-13 02:00:00,54400.0
2014-05-13 03:00:00,51700.0
2014-05-13 04:00:00,24800.0
2014-05-13 05:00:00,4300.0
2014-05-13 06:00:00,49900.0
2014-05-13 07:00:00,47600.0
2014-05-13 08:00:00,60200.0
2014-05-13 09:00:00,141600.0
2014-05-13 10:00:00,247000.0
2014-05-13 11:00:00,335900.0
2014-05-13 12:00:00,354100.0
2014-05-13 13:00:00,339400.0
2014-05-13 14:00:00,365400.0
2014-05-13 15:00:00,387200.0
2014-05-13 16:00:00,370200.0
2014-05-13 17:00:00,372300.0
2014-05-13 18:00:00,371500.0
2014-05-13 19:00:00,335800.0
2014-05-13 20:00:00,340700.0
2014-05-13 21:00:00,259900.0
2014-05-13 22:00:00,157100.0
2014-05-13 23:00:00,130500.0
2014-05-14 00:00:00,103000.0
2014-05-14 01:00:00,62600.0
2014-05-14 02:00:00,53500.0
2014-05-14 03:00:00,49800.0
2014-05-14 04:00:00,49000.0
2014-05-14 05:00:00,47700.0
2014-05-14 06:00:00,44600.0
2014-05-14 07:00:00,46400.0
2014-05-14 08:00:00,59000.0
2014-05-14 09:00:00,160700.0
2014-05-14 10:00:00,260300.0
2014-05-14 11:00:00,344100.0
2014-05-14 12:00:00,312500.0
2014-05-14 13:00:00,331400.0
2014-05-14 14:00:00,333100.0
2014-05-14 15:00:00,327200.0
2014-05-14 16:00:00,340300.0
2014-05-14 17:00:00,331100.0
2014-05-14 18:00:00,330200.0
2014-05-14 19:00:00,305700.0
2014-05-14 20:00:00,289500.0
2014-05-14 21:00:00,282800.0
2014-05-14 22:00:00,179300.0
2014-05-14 23:00:00,128200.0
2014-05-15 00:00:00,99400.0
2014-05-15 01:00:00,59500.0
2014-05-15 02:00:00,50500.0
2014-05-15 03:00:00,48800.0
2014-05-15 04:00:00,47300.0
2014-05-15 05:00:00,47400.0
2014-05-15 06:00:00,46300.0
2014-05-15 07:00:00,47600.0
2014-05-15 08:00:00,60300.0
2014-05-15 09:00:00,145100.0
2014-05-15 10:00:00,256700.0
2014-05-15 11:00:00,330200.0
2014-05-15 12:00:00,315800.0
2014-05-15 13:00:00,321600.0
2014-05-15 14:00:00,312300.0
2014-05-15 15:00:00,329600.0
2014-05-15 16:00:00,322800.0
2014-05-15 17:00:00,320000.0
2014-05-15 18:00:00,309700.0
2014-05-15 19:00:00,291500.0
2014-05-15 20:00:00,265200.0
2014-05-15 21:00:00,278800.0
2014-05-15 22:00:00,223500.0
2014-05-15 23:00:00,132600.0
2014-05-16 00:00:00,104800.0
2014-05-16 01:00:00,63200.0
2014-05-16 02:00:00,54800.0
2014-05-16 03:00:00,53000.0
2014-05-16 04:00:00,51400.0
2014-05-16 05:00:00,51200.0
2014-05-16 06:00:00,50000.0
2014-05-16 07:00:00,50800.0
2014-05-16 08:00:00,63300.0
2014-05-16 09:00:00,138600.0
2014-05-16 10:00:00,252800.0
2014-05-16 11:00:00,267500.0
2014-05-16 12:00:00,314800.0
2014-05-16 13:00:00,314700.0
2014-05-16 14:00:00,320900.0
2014-05-16 15:00:00,308800.0
2014-05-16 16:00:00,313500.0
2014-05-16 17:00:00,312800.0
2014-05-16 18:00:00,308700.0
2014-05-16 19:00:00,299400.0
2014-05-16 20:00:00,285400.0
2014-05-16 21:00:00,281400.0
2014-05-16 22:00:00,229600.0
2014-05-16 23:00:00,132600.0
2014-05-17 00:00:00,107700.0
2014-05-17 01:00:00,92400.0
2014-05-17 02:00:00,67700.0
2014-05-17 03:00:00,52900.0
2014-05-17 04:00:00,48200.0
2014-05-17 05:00:00,48200.0
2014-05-17 06:00:00,47200.0
2014-05-17 07:00:00,47200.0
2014-05-17 08:00:00,58200.0
2014-05-17 09:00:00,130800.0
2014-05-17 10:00:00,246800.0
2014-05-17 11:00:00,313200.0
2014-05-17 12:00:00,309800.0
2014-05-17 13:00:00,317600.0
2014-05-17 14:00:00,320400.0
2014-05-17 15:00:00,320900.0
2014-05-17 16:00:00,322300.0
2014-05-17 17:00:00,309600.0
2014-05-17 18:00:00,310200.0
2014-05-17 19:00:00,279200.0
2014-05-17 20:00:00,264600.0
2014-05-17 21:00:00,278900.0
2014-05-17 22:00:00,217100.0
2014-05-17 23:00:00,134800.0
2014-05-18 00:00:00,117000.0
2014-05-18 01:00:00,93900.0
2014-05-18 02:00:00,83200.0
2014-05-18 03:00:00,74100.0
2014-05-18 04:00:00,48200.0
2014-05-18 05:00:00,48500.0
2014-05-18 06:00:00,46800.0
2014-05-18 07:00:00,46400.0
2014-05-18 08:00:00,56800.0
2014-05-18 09:00:00,102600.0
2014-05-18 10:00:00,222500.0
2014-05-18 11:00:00,401800.0
2014-05-18 12:00:00,338500.0
2014-05-18 13:00:00,340100.0
2014-05-18 14:00:00,350400.0
2014-05-18 15:00:00,358700.0
2014-05-18 16:00:00,334900.0
2014-05-18 17:00:00,323100.0
2014-05-18 18:00:00,320500.0
2014-05-18 19:00:00,295000.0
2014-05-18 20:00:00,264200.0
2014-05-18 21:00:00,293800.0
2014-05-18 22:00:00,209700.0
2014-05-18 23:00:00,131600.0
2014-05-19 00:00:00,102100.0
2014-05-19 01:00:00,62200.0
2014-05-19 02:00:00,54200.0
2014-05-19 03:00:00,50100.0
2014-05-19 04:00:00,48900.0
2014-05-19 05:00:00,47800.0
2014-05-19 06:00:00,46100.0
2014-05-19 07:00:00,46700.0
2014-05-19 08:00:00,56900.0
2014-05-19 09:00:00,127600.0
2014-05-19 10:00:00,239800.0
2014-05-19 11:00:00,302900.0
2014-05-19 12:00:00,281100.0
2014-05-19 13:00:00,279000.0
2014-05-19 14:00:00,280100.0
2014-05-19 15:00:00,278800.0
2014-05-19 16:00:00,273600.0
2014-05-19 17:00:00,278600.0
2014-05-19 18:00:00,264900.0
2014-05-19 19:00:00,250400.0
2014-05-19 20:00:00,223800.0
2014-05-19 21:00:00,244400.0
2014-05-19 22:00:00,202400.0
2014-05-19 23:00:00,128900.0
2014-05-20 00:00:00,101600.0
2014-05-20 01:00:00,61100.0
2014-05-20 02:00:00,53400.0
2014-05-20 03:00:00,50200.0
2014-05-20 04:00:00,48100.0
2014-05-20 05:00:00,47900.0
2014-05-20 06:00:00,47000.0
2014-05-20 07:00:00,47400.0
2014-05-20 08:00:00,57600.0
2014-05-20 09:00:00,125200.0
2014-05-20 10:00:00,235900.0
2014-05-20 11:00:00,265800.0
2014-05-20 12:00:00,256800.0
2014-05-20 13:00:00,239400.0
2014-05-20 14:00:00,248900.0
2014-05-20 15:00:00,244300.0
2014-05-20 16:00:00,248400.0
2014-05-20 17:00:00,245800.0
2014-05-20 18:00:00,237300.0
2014-05-20 19:00:00,244700.0
2014-05-20 20:00:00,248300.0
2014-05-20 21:00:00,240300.0
2014-05-20 22:00:00,207400.0
2014-05-20 23:00:00,141600.0
2014-05-21 00:00:00,101500.0
2014-05-21 01:00:00,54200.0
2014-05-21 02:00:00,51100.0
2014-05-21 03:00:00,49100.0
2014-05-21 04:00:00,47700.0
2014-05-21 05:00:00,47400.0
2014-05-21 06:00:00,46400.0
2014-05-21 07:00:00,46300.0
2014-05-21 08:00:00,57900.0
2014-05-21 09:00:00,119300.0
2014-05-21 10:00:00,232000.0
2014-05-21 11:00:00,232400.0
2014-05-21 12:00:00,228000.0
2014-05-21 13:00:00,232400.0
2014-05-21 14:00:00,243100.0
2014-05-21 15:00:00,241000.0
2014-05-21 16:00:00,240600.0
2014-05-21 17:00:00,242100.0
2014-05-21 18:00:00,238500.0
2014-05-21 19:00:00,223700.0
2014-05-21 20:00:00,224900.0
2014-05-21 21:00:00,243800.0
2014-05-21 22:00:00,197300.0
2014-05-21 23:00:00,129200.0
2014-05-22 00:00:00,100500.0
2014-05-22 01:00:00,55100.0
2014-05-22 02:00:00,52300.0
2014-05-22 03:00:00,51700.0
2014-05-22 04:00:00,49300.0
2014-05-22 05:00:00,48200.0
2014-05-22 06:00:00,47200.0
2014-05-22 07:00:00,47300.0
2014-05-22 08:00:00,59500.0
2014-05-22 09:00:00,102500.0
2014-05-22 10:00:00,193000.0
2014-05-22 11:00:00,272900.0
2014-05-22 12:00:00,244800.0
2014-05-22 13:00:00,254600.0
2014-05-22 14:00:00,254900.0
2014-05-22 15:00:00,245900.0
2014-05-22 16:00:00,253400.0
2014-05-22 17:00:00,253600.0
2014-05-22 18:00:00,255500.0
2014-05-22 19:00:00,245400.0
2014-05-22 20:00:00,234900.0
2014-05-22 21:00:00,257000.0
2014-05-22 22:00:00,206100.0
2014-05-22 23:00:00,148900.0
2014-05-23 00:00:00,101700.0
2014-05-23 01:00:00,60500.0
2014-05-23 02:00:00,53800.0
2014-05-23 03:00:00,50700.0
2014-05-23 04:00:00,49500.0
2014-05-23 05:00:00,48900.0
2014-05-23 06:00:00,47800.0
2014-05-23 07:00:00,49700.0
2014-05-23 08:00:00,61800.0
2014-05-23 09:00:00,127600.0
2014-05-23 10:00:00,225600.0
2014-05-23 11:00:00,254000.0
2014-05-23 12:00:00,238500.0
2014-05-23 13:00:00,238400.0
2014-05-23 14:00:00,246900.0
2014-05-23 15:00:00,249100.0
2014-05-23 16:00:00,251600.0
2014-05-23 17:00:00,247500.0
2014-05-23 18:00:00,245900.0
2014-05-23 19:00:00,245300.0
2014-05-23 20:00:00,236100.0
2014-05-23 21:00:00,245300.0
2014-05-23 22:00:00,211400.0
2014-05-23 23:00:00,136700.0
2014-05-24 00:00:00,107400.0
2014-05-24 01:00:00,90500.0
2014-05-24 02:00:00,70900.0
2014-05-24 03:00:00,53600.0
2014-05-24 04:00:00,48800.0
2014-05-24 05:00:00,48400.0
2014-05-24 06:00:00,47200.0
2014-05-24 07:00:00,49700.0
2014-05-24 08:00:00,61500.0
2014-05-24 09:00:00,105500.0
2014-05-24 10:00:00,227000.0
2014-05-24 11:00:00,222500.0
2014-05-24 12:00:00,222500.0
2014-05-24 13:00:00,224000.0
2014-05-24 14:00:00,233700.0
2014-05-24 15:00:00,248100.0
2014-05-24 16:00:00,260900.0
2014-05-24 17:00:00,250000.0
2014-05-24 18:00:00,254200.0
2014-05-24 19:00:00,231100.0
2014-05-24 20:00:00,219200.0
2014-05-24 21:00:00,242600.0
2014-05-24 22:00:00,198500.0
2014-05-24 23:00:00,131800.0
2014-05-25 00:00:00,115600.0
2014-05-25 01:00:00,93500.0
2014-05-25 02:00:00,82500.0
2014-05-25 03:00:00,73400.0
2014-05-25 04:00:00,45900.0
2014-05-25 05:00:00,45600.0
2014-05-25 06:00:00,44000.0
2014-05-25 07:00:00,44100.0
2014-05-25 08:00:00,56000.0
2014-05-25 09:00:00,97200.0
2014-05-25 10:00:00,219200.0
2014-05-25 11:00:00,225100.0
2014-05-25 12:00:00,220900.0
2014-05-25 13:00:00,240300.0
2014-05-25 14:00:00,245500.0
2014-05-25 15:00:00,247700.0
2014-05-25 16:00:00,235600.0
2014-05-25 17:00:00,263700.0
2014-05-25 18:00:00,253600.0
2014-05-25 19:00:00,229800.0
2014-05-25 20:00:00,217500.0
2014-05-25 21:00:00,239700.0
2014-05-25 22:00:00,199200.0
2014-05-25 23:00:00,128700.0
2014-05-26 00:00:00,99600.0
2014-05-26 01:00:00,60500.0
2014-05-26 02:00:00,49800.0
2014-05-26 03:00:00,47400.0
2014-05-26 04:00:00,45900.0
2014-05-26 05:00:00,45300.0
2014-05-26 06:00:00,44200.0
2014-05-26 07:00:00,46100.0
2014-05-26 08:00:00,59800.0
2014-05-26 09:00:00,103400.0
2014-05-26 10:00:00,217900.0
2014-05-26 11:00:00,221300.0
2014-05-26 12:00:00,231400.0
2014-05-26 13:00:00,231200.0
2014-05-26 14:00:00,240700.0
2014-05-26 15:00:00,245900.0
2014-05-26 16:00:00,248300.0
2014-05-26 17:00:00,257800.0
2014-05-26 18:00:00,257200.0
2014-05-26 19:00:00,238800.0
2014-05-26 20:00:00,218200.0
2014-05-26 21:00:00,239600.0
2014-05-26 22:00:00,201700.0
2014-05-26 23:00:00,143900.0
2014-05-27 00:00:00,103400.0
2014-05-27 01:00:00,60600.0
2014-05-27 02:00:00,53600.0
2014-05-27 03:00:00,47400.0
2014-05-27 04:00:00,45200.0
2014-05-27 05:00:00,45500.0
2014-05-27 06:00:00,45600.0
2014-05-27 07:00:00,45800.0
2014-05-27 08:00:00,57600.0
2014-05-27 09:00:00,111100.0
2014-05-27 10:00:00,221700.0
2014-05-27 11:00:00,236400.0
2014-05-27 12:00:00,235000.0
2014-05-27 13:00:00,236200.0
2014-05-27 14:00:00,242000.0
2014-05-27 15:00:00,258600.0
2014-05-27 16:00:00,254300.0
2014-05-27 17:00:00,245500.0
2014-05-27 18:00:00,253200.0
2014-05-27 19:00:00,230700.0
2014-05-27 20:00:00,227900.0
2014-05-27 21:00:00,249000.0
2014-05-27 22:00:00,200600.0
2014-05-27 23:00:00,144800.0
2014-05-28 00:00:00,101400.0
2014-05-28 01:00:00,61200.0
2014-05-28 02:00:00,52500.0
2014-05-28 03:00:00,46000.0
2014-05-28 04:00:00,44800.0
2014-05-28 05:00:00,44500.0
2014-05-28 06:00:00,44600.0
2014-05-28 07:00:00,44400.0
2014-05-28 08:00:00,57600.0
2014-05-28 09:00:00,102900.0
2014-05-28 10:00:00,245500.0
2014-05-28 11:00:00,256900.0
2014-05-28 12:00:00,244900.0
2014-05-28 13:00:00,246900.0
2014-05-28 14:00:00,272800.0
2014-05-28 15:00:00,262500.0
2014-05-28 16:00:00,262400.0
2014-05-28 17:00:00,259100.0
2014-05-28 18:00:00,265700.0
2014-05-28 19:00:00,246900.0
2014-05-28 20:00:00,246700.0
2014-05-28 21:00:00,249300.0
2014-05-28 22:00:00,206900.0
2014-05-28 23:00:00,130600.0
2014-05-29 00:00:00,97400.0
2014-05-29 01:00:00,52600.0
2014-05-29 02:00:00,50000.0
2014-05-29 03:00:00,46900.0
2014-05-29 04:00:00,46000.0
2014-05-29 05:00:00,45700.0
2014-05-29 06:00:00,45000.0
2014-05-29 07:00:00,49700.0
2014-05-29 08:00:00,61300.0
2014-05-29 09:00:00,132700.0
2014-05-29 10:00:00,255300.0
2014-05-29 11:00:00,285200.0
2014-05-29 12:00:00,270300.0
2014-05-29 13:00:00,278900.0
2014-05-29 14:00:00,301900.0
2014-05-29 15:00:00,295200.0
2014-05-29 16:00:00,301300.0
2014-05-29 17:00:00,313900.0
2014-05-29 18:00:00,317700.0
2014-05-29 19:00:00,295900.0
2014-05-29 20:00:00,256400.0
2014-05-29 21:00:00,266500.0
2014-05-29 22:00:00,196800.0
2014-05-29 23:00:00,135700.0
2014-05-30 00:00:00,97200.0
2014-05-30 01:00:00,54600.0
2014-05-30 02:00:00,50000.0
2014-05-30 03:00:00,49200.0
2014-05-30 04:00:00,47500.0
2014-05-30 05:00:00,46700.0
2014-05-30 06:00:00,46200.0
2014-05-30 07:00:00,49100.0
2014-05-30 08:00:00,59800.0
2014-05-30 09:00:00,138300.0
2014-05-30 10:00:00,248800.0
2014-05-30 11:00:00,276000.0
2014-05-30 12:00:00,259800.0
2014-05-30 13:00:00,290200.0
2014-05-30 14:00:00,308900.0
2014-05-30 15:00:00,319600.0
2014-05-30 16:00:00,331000.0
2014-05-30 17:00:00,317400.0
2014-05-30 18:00:00,313500.0
2014-05-30 19:00:00,286600.0
2014-05-30 20:00:00,257800.0
2014-05-30 21:00:00,265900.0
2014-05-30 22:00:00,202500.0
2014-05-30 23:00:00,132100.0
2014-05-31 00:00:00,106400.0
2014-05-31 01:00:00,85800.0
2014-05-31 02:00:00,63800.0
2014-05-31 03:00:00,51100.0
2014-05-31 04:00:00,48100.0
2014-05-31 05:00:00,47300.0
2014-05-31 06:00:00,44900.0
2014-05-31 07:00:00,48700.0
2014-05-31 08:00:00,56300.0
2014-05-31 09:00:00,98900.0
2014-05-31 10:00:00,251400.0
2014-05-31 11:00:00,281900.0
2014-05-31 12:00:00,286000.0
2014-05-31 13:00:00,325800.0
2014-05-31 14:00:00,333100.0
2014-05-31 15:00:00,335900.0
2014-05-31 16:00:00,356000.0
2014-05-31 17:00:00,354100.0
2014-05-31 18:00:00,341200.0
2014-05-31 19:00:00,324300.0
2014-05-31 20:00:00,282100.0
2014-05-31 21:00:00,295500.0
2014-05-31 22:00:00,210900.0
2014-05-31 23:00:00,143400.0
2014-06-01 00:00:00,118200.0
2014-06-01 01:00:00,93700.0
2014-06-01 02:00:00,82200.0
2014-06-01 03:00:00,71800.0
2014-06-01 04:00:00,47400.0
2014-06-01 05:00:00,46900.0
2014-06-01 06:00:00,46100.0
2014-06-01 07:00:00,48800.0
2014-06-01 08:00:00,57000.0
2014-06-01 09:00:00,132400.0
2014-06-01 10:00:00,277900.0
2014-06-01 11:00:00,327200.0
2014-06-01 12:00:00,316300.0
2014-06-01 13:00:00,322700.0
2014-06-01 14:00:00,316500.0
2014-06-01 15:00:00,340100.0
2014-06-01 16:00:00,322500.0
2014-06-01 17:00:00,341700.0
2014-06-01 18:00:00,351500.0
2014-06-01 19:00:00,335400.0
2014-06-01 20:00:00,303200.0
2014-06-01 21:00:00,327200.0
2014-06-01 22:00:00,217700.0
2014-06-01 23:00:00,132900.0
2014-06-02 00:00:00,103600.0
2014-06-02 01:00:00,58600.0
2014-06-02 02:00:00,49900.0
2014-06-02 03:00:00,49200.0
2014-06-02 04:00:00,47900.0
2014-06-02 05:00:00,47800.0
2014-06-02 06:00:00,46800.0
2014-06-02 07:00:00,50300.0
2014-06-02 08:00:00,59600.0
2014-06-02 09:00:00,108700.0
2014-06-02 10:00:00,302000.0
2014-06-02 11:00:00,338000.0
2014-06-02 12:00:00,320100.0
2014-06-02 13:00:00,322500.0
2014-06-02 14:00:00,322100.0
2014-06-02 15:00:00,340200.0
2014-06-02 16:00:00,366500.0
2014-06-02 17:00:00,369000.0
2014-06-02 18:00:00,346200.0
2014-06-02 19:00:00,329300.0
2014-06-02 20:00:00,295500.0
2014-06-02 21:00:00,305200.0
2014-06-02 22:00:00,199200.0
2014-06-02 23:00:00,130400.0
2014-06-03 00:00:00,99700.0
2014-06-03 01:00:00,56100.0
2014-06-03 02:00:00,49600.0
2014-06-03 03:00:00,49200.0
2014-06-03 04:00:00,46400.0
2014-06-03 05:00:00,46400.0
2014-06-03 06:00:00,45700.0
2014-06-03 07:00:00,49100.0
2014-06-03 08:00:00,58400.0
2014-06-03 09:00:00,143000.0
2014-06-03 10:00:00,264500.0
2014-06-03 11:00:00,315100.0
2014-06-03 12:00:00,300900.0
2014-06-03 13:00:00,321600.0
2014-06-03 14:00:00,347100.0
2014-06-03 15:00:00,348800.0
2014-06-03 16:00:00,364600.0
2014-06-03 17:00:00,341500.0
2014-06-03 18:00:00,335600.0
2014-06-03 19:00:00,305400.0
2014-06-03 20:00:00,255600.0
2014-06-03 21:00:00,258400.0
2014-06-03 22:00:00,191300.0
2014-06-03 23:00:00,131100.0
2014-06-04 00:00:00,103400.0
2014-06-04 01:00:00,59000.0
2014-06-04 02:00:00,50100.0
2014-06-04 03:00:00,49600.0
2014-06-04 04:00:00,49000.0
2014-06-04 05:00:00,47500.0
2014-06-04 06:00:00,46700.0
2014-06-04 07:00:00,50600.0
2014-06-04 08:00:00,60000.0
2014-06-04 09:00:00,136100.0
2014-06-04 10:00:00,249700.0
2014-06-04 11:00:00,315000.0
2014-06-04 12:00:00,308300.0
2014-06-04 13:00:00,325000.0
2014-06-04 14:00:00,345300.0
2014-06-04 15:00:00,345500.0
2014-06-04 16:00:00,348200.0
2014-06-04 17:00:00,348300.0
2014-06-04 18:00:00,342600.0
2014-06-04 19:00:00,320000.0
2014-06-04 20:00:00,293700.0
2014-06-04 21:00:00,275900.0
2014-06-04 22:00:00,216300.0
2014-06-04 23:00:00,133400.0
2014-06-05 00:00:00,101800.0
2014-06-05 01:00:00,59100.0
2014-06-05 02:00:00,51000.0
2014-06-05 03:00:00,48200.0
2014-06-05 04:00:00,47000.0
2014-06-05 05:00:00,46300.0
2014-06-05 06:00:00,45800.0
2014-06-05 07:00:00,48800.0
2014-06-05 08:00:00,58100.0
2014-06-05 09:00:00,122800.0
2014-06-05 10:00:00,261800.0
2014-06-05 11:00:00,305700.0
2014-06-05 12:00:00,297300.0
2014-06-05 13:00:00,315500.0
2014-06-05 14:00:00,292200.0
2014-06-05 15:00:00,325200.0
2014-06-05 16:00:00,321100.0
2014-06-05 17:00:00,309500.0
2014-06-05 18:00:00,305200.0
2014-06-05 19:00:00,272200.0
2014-06-05 20:00:00,289600.0
2014-06-05 21:00:00,296100.0
2014-06-05 22:00:00,219100.0
2014-06-05 23:00:00,132000.0
2014-06-06 00:00:00,100600.0
2014-06-06 01:00:00,58600.0
2014-06-06 02:00:00,52300.0
2014-06-06 03:00:00,50600.0
2014-06-06 04:00:00,48900.0
2014-06-06 05:00:00,48700.0
2014-06-06 06:00:00,47600.0
2014-06-06 07:00:00,51100.0
2014-06-06 08:00:00,60600.0
2014-06-06 09:00:00,129000.0
2014-06-06 10:00:00,264200.0
2014-06-06 11:00:00,295000.0
2014-06-06 12:00:00,287200.0
2014-06-06 13:00:00,289300.0
2014-06-06 14:00:00,290100.0
2014-06-06 15:00:00,313500.0
2014-06-06 16:00:00,296600.0
2014-06-06 17:00:00,290800.0
2014-06-06 18:00:00,265400.0
2014-06-06 19:00:00,275100.0
2014-06-06 20:00:00,280700.0
2014-06-06 21:00:00,283300.0
2014-06-06 22:00:00,216400.0
2014-06-06 23:00:00,144100.0
2014-06-07 00:00:00,108400.0
2014-06-07 01:00:00,91700.0
2014-06-07 02:00:00,69200.0
2014-06-07 03:00:00,51600.0
2014-06-07 04:00:00,46300.0
2014-06-07 05:00:00,47400.0
2014-06-07 06:00:00,47100.0
2014-06-07 07:00:00,49900.0
2014-06-07 08:00:00,59600.0
2014-06-07 09:00:00,133900.0
2014-06-07 10:00:00,260800.0
2014-06-07 11:00:00,287300.0
2014-06-07 12:00:00,282200.0
2014-06-07 13:00:00,299000.0
2014-06-07 14:00:00,304400.0
2014-06-07 15:00:00,318600.0
2014-06-07 16:00:00,313000.0
2014-06-07 17:00:00,313800.0
2014-06-07 18:00:00,300700.0
2014-06-07 19:00:00,266600.0
2014-06-07 20:00:00,260000.0
2014-06-07 21:00:00,276400.0
2014-06-07 22:00:00,221500.0
2014-06-07 23:00:00,153200.0
2014-06-08 00:00:00,119600.0
2014-06-08 01:00:00,95800.0
2014-06-08 02:00:00,82200.0
2014-06-08 03:00:00,71600.0
2014-06-08 04:00:00,45800.0
2014-06-08 05:00:00,46700.0
2014-06-08 06:00:00,45500.0
2014-06-08 07:00:00,48200.0
2014-06-08 08:00:00,60300.0
2014-06-08 09:00:00,129600.0
2014-06-08 10:00:00,255700.0
2014-06-08 11:00:00,278400.0
2014-06-08 12:00:00,277900.0
2014-06-08 13:00:00,280500.0
2014-06-08 14:00:00,295200.0
2014-06-08 15:00:00,313500.0
2014-06-08 16:00:00,306900.0
2014-06-08 17:00:00,319100.0
2014-06-08 18:00:00,310100.0
2014-06-08 19:00:00,276500.0
2014-06-08 20:00:00,283400.0
2014-06-08 21:00:00,280500.0
2014-06-08 22:00:00,244700.0
2014-06-08 23:00:00,162200.0
2014-06-09 00:00:00,103300.0
2014-06-09 01:00:00,59900.0
2014-06-09 02:00:00,51300.0
2014-06-09 03:00:00,47900.0
2014-06-09 04:00:00,46600.0
2014-06-09 05:00:00,46800.0
2014-06-09 06:00:00,46500.0
2014-06-09 07:00:00,49200.0
2014-06-09 08:00:00,62300.0
2014-06-09 09:00:00,114000.0
2014-06-09 10:00:00,244000.0
2014-06-09 11:00:00,245100.0
2014-06-09 12:00:00,238600.0
2014-06-09 13:00:00,243800.0
2014-06-09 14:00:00,245400.0
2014-06-09 15:00:00,432100.0
2014-06-09 16:00:00,321600.0
2014-06-09 17:00:00,329200.0
2014-06-09 18:00:00,307000.0
2014-06-09 19:00:00,313400.0
2014-06-09 20:00:00,285400.0
2014-06-09 21:00:00,268100.0
2014-06-09 22:00:00,222000.0
2014-06-09 23:00:00,132400.0
2014-06-10 00:00:00,103000.0
2014-06-10 01:00:00,63200.0
2014-06-10 02:00:00,55000.0
2014-06-10 03:00:00,49700.0
2014-06-10 04:00:00,47400.0
2014-06-10 05:00:00,46100.0
2014-06-10 06:00:00,46400.0
2014-06-10 07:00:00,49200.0
2014-06-10 08:00:00,59400.0
2014-06-10 09:00:00,140400.0
2014-06-10 10:00:00,273600.0
2014-06-10 11:00:00,267100.0
2014-06-10 12:00:00,289200.0
2014-06-10 13:00:00,315300.0
2014-06-10 14:00:00,336200.0
2014-06-10 15:00:00,343300.0
2014-06-10 16:00:00,358200.0
2014-06-10 17:00:00,349700.0
2014-06-10 18:00:00,336200.0
2014-06-10 19:00:00,320100.0
2014-06-10 20:00:00,284600.0
2014-06-10 21:00:00,287800.0
2014-06-10 22:00:00,209500.0
2014-06-10 23:00:00,133400.0
2014-06-11 00:00:00,85700.0
2014-06-11 01:00:00,43400.0
2014-06-11 02:00:00,52200.0
2014-06-11 03:00:00,47900.0
2014-06-11 04:00:00,47000.0
2014-06-11 05:00:00,46200.0
2014-06-11 06:00:00,44500.0
2014-06-11 07:00:00,49000.0
2014-06-11 08:00:00,59400.0
2014-06-11 09:00:00,103500.0
2014-06-11 10:00:00,403400.0
2014-06-11 11:00:00,356800.0
2014-06-11 12:00:00,358000.0
2014-06-11 13:00:00,357900.0
2014-06-11 14:00:00,363600.0
2014-06-11 15:00:00,353600.0
2014-06-11 16:00:00,381700.0
2014-06-11 17:00:00,377100.0
2014-06-11 18:00:00,385600.0
2014-06-11 19:00:00,350400.0
2014-06-11 20:00:00,337400.0
2014-06-11 21:00:00,336000.0
2014-06-11 22:00:00,258000.0
2014-06-11 23:00:00,130400.0
2014-06-12 00:00:00,99500.0
2014-06-12 01:00:00,61600.0
2014-06-12 02:00:00,54000.0
2014-06-12 03:00:00,52300.0
2014-06-12 04:00:00,50900.0
2014-06-12 05:00:00,49700.0
2014-06-12 06:00:00,49800.0
2014-06-12 07:00:00,53900.0
2014-06-12 08:00:00,39700.0
2014-06-12 09:00:00,161200.0
2014-06-12 10:00:00,388900.0
2014-06-12 11:00:00,397300.0
2014-06-12 12:00:00,377000.0
2014-06-12 13:00:00,383600.0
2014-06-12 14:00:00,416400.0
2014-06-12 15:00:00,407300.0
2014-06-12 16:00:00,424700.0
2014-06-12 17:00:00,423600.0
2014-06-12 18:00:00,424000.0
2014-06-12 19:00:00,403900.0
2014-06-12 20:00:00,353300.0
2014-06-12 21:00:00,365000.0
2014-06-12 22:00:00,291600.0
2014-06-12 23:00:00,135000.0
2014-06-13 00:00:00,102800.0
2014-06-13 01:00:00,69400.0
2014-06-13 02:00:00,62500.0
2014-06-13 03:00:00,59800.0
2014-06-13 04:00:00,57200.0
2014-06-13 05:00:00,57600.0
2014-06-13 06:00:00,56300.0
2014-06-13 07:00:00,60400.0
2014-06-13 08:00:00,71400.0
2014-06-13 09:00:00,184800.0
2014-06-13 10:00:00,438300.0
2014-06-13 11:00:00,450200.0
2014-06-13 12:00:00,449400.0
2014-06-13 13:00:00,484300.0
2014-06-13 14:00:00,525900.0
2014-06-13 15:00:00,520400.0
2014-06-13 16:00:00,517500.0
2014-06-13 17:00:00,521600.0
2014-06-13 18:00:00,489500.0
2014-06-13 19:00:00,466600.0
2014-06-13 20:00:00,483300.0
2014-06-13 21:00:00,441000.0
2014-06-13 22:00:00,331300.0
2014-06-13 23:00:00,137700.0
2014-06-14 00:00:00,112500.0
2014-06-14 01:00:00,93400.0
2014-06-14 02:00:00,67300.0
2014-06-14 03:00:00,54800.0
2014-06-14 04:00:00,50100.0
2014-06-14 05:00:00,48600.0
2014-06-14 06:00:00,47500.0
2014-06-14 07:00:00,51800.0
2014-06-14 08:00:00,62100.0
2014-06-14 09:00:00,302800.0
2014-06-14 10:00:00,539800.0
2014-06-14 11:00:00,533000.0
2014-06-14 12:00:00,519300.0
2014-06-14 13:00:00,544800.0
2014-06-14 14:00:00,531900.0
2014-06-14 15:00:00,519100.0
2014-06-14 16:00:00,543600.0
2014-06-14 17:00:00,552600.0
2014-06-14 18:00:00,555600.0
2014-06-14 19:00:00,538100.0
2014-06-14 20:00:00,519500.0
2014-06-14 21:00:00,486300.0
2014-06-14 22:00:00,392700.0
2014-06-14 23:00:00,227600.0
2014-06-15 00:00:00,120100.0
2014-06-15 01:00:00,92200.0
2014-06-15 02:00:00,83100.0
2014-06-15 03:00:00,72500.0
2014-06-15 04:00:00,48200.0
2014-06-15 05:00:00,48100.0
2014-06-15 06:00:00,47200.0
2014-06-15 07:00:00,52100.0
2014-06-15 08:00:00,62500.0
2014-06-15 09:00:00,320600.0
2014-06-15 10:00:00,554500.0
2014-06-15 11:00:00,566200.0
2014-06-15 12:00:00,582800.0
2014-06-15 13:00:00,542900.0
2014-06-15 14:00:00,553600.0
2014-06-15 15:00:00,528200.0
2014-06-15 16:00:00,526700.0
2014-06-15 17:00:00,529600.0
2014-06-15 18:00:00,521500.0
2014-06-15 19:00:00,503200.0
2014-06-15 20:00:00,529100.0
2014-06-15 21:00:00,466000.0
2014-06-15 22:00:00,386800.0
2014-06-15 23:00:00,186400.0
2014-06-16 00:00:00,103600.0
2014-06-16 01:00:00,63800.0
2014-06-16 02:00:00,54700.0
2014-06-16 03:00:00,50400.0
2014-06-16 04:00:00,48900.0
2014-06-16 05:00:00,48300.0
2014-06-16 06:00:00,48500.0
2014-06-16 07:00:00,51400.0
2014-06-16 08:00:00,62500.0
2014-06-16 09:00:00,264500.0
2014-06-16 10:00:00,440200.0
2014-06-16 11:00:00,441300.0
2014-06-16 12:00:00,474500.0
2014-06-16 13:00:00,457700.0
2014-06-16 14:00:00,482600.0
2014-06-16 15:00:00,475200.0
2014-06-16 16:00:00,467300.0
2014-06-16 17:00:00,460900.0
2014-06-16 18:00:00,445700.0
2014-06-16 19:00:00,406200.0
2014-06-16 20:00:00,398700.0
2014-06-16 21:00:00,411900.0
2014-06-16 22:00:00,352700.0
2014-06-16 23:00:00,133900.0
2014-06-17 00:00:00,100200.0
2014-06-17 01:00:00,60700.0
2014-06-17 02:00:00,54600.0
2014-06-17 03:00:00,51200.0
2014-06-17 04:00:00,49800.0
2014-06-17 05:00:00,48900.0
2014-06-17 06:00:00,48900.0
2014-06-17 07:00:00,51700.0
2014-06-17 08:00:00,63300.0
2014-06-17 09:00:00,156600.0
2014-06-17 10:00:00,387400.0
2014-06-17 11:00:00,364000.0
2014-06-17 12:00:00,364900.0
2014-06-17 13:00:00,396200.0
2014-06-17 14:00:00,385600.0
2014-06-17 15:00:00,392000.0
2014-06-17 16:00:00,405700.0
2014-06-17 17:00:00,389200.0
2014-06-17 18:00:00,373700.0
2014-06-17 19:00:00,388800.0
2014-06-17 20:00:00,356000.0
2014-06-17 21:00:00,353700.0
2014-06-17 22:00:00,302000.0
2014-06-17 23:00:00,146600.0
2014-06-18 00:00:00,101200.0
2014-06-18 01:00:00,58100.0
2014-06-18 02:00:00,50500.0
2014-06-18 03:00:00,49200.0
2014-06-18 04:00:00,47400.0
2014-06-18 05:00:00,47000.0
2014-06-18 06:00:00,47700.0
2014-06-18 07:00:00,52500.0
2014-06-18 08:00:00,64600.0
2014-06-18 09:00:00,185300.0
2014-06-18 10:00:00,353600.0
2014-06-18 11:00:00,357100.0
2014-06-18 12:00:00,360400.0
2014-06-18 13:00:00,369400.0
2014-06-18 14:00:00,380400.0
2014-06-18 15:00:00,354000.0
2014-06-18 16:00:00,354600.0
2014-06-18 17:00:00,350000.0
2014-06-18 18:00:00,345300.0
2014-06-18 19:00:00,329800.0
2014-06-18 20:00:00,332000.0
2014-06-18 21:00:00,323500.0
2014-06-18 22:00:00,274000.0
2014-06-18 23:00:00,137000.0
2014-06-19 00:00:00,100700.0
2014-06-19 01:00:00,61800.0
2014-06-19 02:00:00,53500.0
2014-06-19 03:00:00,52300.0
2014-06-19 04:00:00,50100.0
2014-06-19 05:00:00,49500.0
2014-06-19 06:00:00,49600.0
2014-06-19 07:00:00,53100.0
2014-06-19 08:00:00,65400.0
2014-06-19 09:00:00,219000.0
2014-06-19 10:00:00,298600.0
2014-06-19 11:00:00,331900.0
2014-06-19 12:00:00,335600.0
2014-06-19 13:00:00,348000.0
2014-06-19 14:00:00,346700.0
2014-06-19 15:00:00,335500.0
2014-06-19 16:00:00,336100.0
2014-06-19 17:00:00,335400.0
2014-06-19 18:00:00,333400.0
2014-06-19 19:00:00,314700.0
2014-06-19 20:00:00,304600.0
2014-06-19 21:00:00,314600.0
2014-06-19 22:00:00,248000.0
2014-06-19 23:00:00,129700.0
2014-06-20 00:00:00,102400.0
2014-06-20 01:00:00,64500.0
2014-06-20 02:00:00,57400.0
2014-06-20 03:00:00,56400.0
2014-06-20 04:00:00,55200.0
2014-06-20 05:00:00,55000.0
2014-06-20 06:00:00,53000.0
2014-06-20 07:00:00,57300.0
2014-06-20 08:00:00,68500.0
2014-06-20 09:00:00,221100.0
2014-06-20 10:00:00,295400.0
2014-06-20 11:00:00,335700.0
2014-06-20 12:00:00,333100.0
2014-06-20 13:00:00,339400.0
2014-06-20 14:00:00,349100.0
2014-06-20 15:00:00,334800.0
2014-06-20 16:00:00,337200.0
2014-06-20 17:00:00,350900.0
2014-06-20 18:00:00,350900.0
2014-06-20 19:00:00,331500.0
2014-06-20 20:00:00,330200.0
2014-06-20 21:00:00,343700.0
2014-06-20 22:00:00,253600.0
2014-06-20 23:00:00,133700.0
2014-06-21 00:00:00,111300.0
2014-06-21 01:00:00,93400.0
2014-06-21 02:00:00,64600.0
2014-06-21 03:00:00,52300.0
2014-06-21 04:00:00,47900.0
2014-06-21 05:00:00,47800.0
2014-06-21 06:00:00,46200.0
2014-06-21 07:00:00,50800.0
2014-06-21 08:00:00,60100.0
2014-06-21 09:00:00,238300.0
2014-06-21 10:00:00,317400.0
2014-06-21 11:00:00,325100.0
2014-06-21 12:00:00,331000.0
2014-06-21 13:00:00,336700.0
2014-06-21 14:00:00,348400.0
2014-06-21 15:00:00,349500.0
2014-06-21 16:00:00,348800.0
2014-06-21 17:00:00,339500.0
2014-06-21 18:00:00,339700.0
2014-06-21 19:00:00,334900.0
2014-06-21 20:00:00,322200.0
2014-06-21 21:00:00,327600.0
2014-06-21 22:00:00,259000.0
2014-06-21 23:00:00,134300.0
2014-06-22 00:00:00,116700.0
2014-06-22 01:00:00,90800.0
2014-06-22 02:00:00,83500.0
2014-06-22 03:00:00,74200.0
2014-06-22 04:00:00,46600.0
2014-06-22 05:00:00,47100.0
2014-06-22 06:00:00,45600.0
2014-06-22 07:00:00,50200.0
2014-06-22 08:00:00,61300.0
2014-06-22 09:00:00,217200.0
2014-06-22 10:00:00,289600.0
2014-06-22 11:00:00,331000.0
2014-06-22 12:00:00,342900.0
2014-06-22 13:00:00,341300.0
2014-06-22 14:00:00,341300.0
2014-06-22 15:00:00,347900.0
2014-06-22 16:00:00,343000.0
2014-06-22 17:00:00,346000.0
2014-06-22 18:00:00,339400.0
2014-06-22 19:00:00,337700.0
2014-06-22 20:00:00,321600.0
2014-06-22 21:00:00,328900.0
2014-06-22 22:00:00,274300.0
2014-06-22 23:00:00,132100.0
2014-06-23 00:00:00,99900.0
2014-06-23 01:00:00,54600.0
2014-06-23 02:00:00,49900.0
2014-06-23 03:00:00,48100.0
2014-06-23 04:00:00,46600.0
2014-06-23 05:00:00,46800.0
2014-06-23 06:00:00,46200.0
2014-06-23 07:00:00,50500.0
2014-06-23 08:00:00,63000.0
2014-06-23 09:00:00,217200.0
2014-06-23 10:00:00,316300.0
2014-06-23 11:00:00,333300.0
2014-06-23 12:00:00,345100.0
2014-06-23 13:00:00,343400.0
2014-06-23 14:00:00,342400.0
2014-06-23 15:00:00,360300.0
2014-06-23 16:00:00,366100.0
2014-06-23 17:00:00,355000.0
2014-06-23 18:00:00,350500.0
2014-06-23 19:00:00,337300.0
2014-06-23 20:00:00,324400.0
2014-06-23 21:00:00,324600.0
2014-06-23 22:00:00,263500.0
2014-06-23 23:00:00,137500.0
2014-06-24 00:00:00,103100.0
2014-06-24 01:00:00,59900.0
2014-06-24 02:00:00,49200.0
2014-06-24 03:00:00,48400.0
2014-06-24 04:00:00,46800.0
2014-06-24 05:00:00,46800.0
2014-06-24 06:00:00,45400.0
2014-06-24 07:00:00,51200.0
2014-06-24 08:00:00,62300.0
2014-06-24 09:00:00,212200.0
2014-06-24 10:00:00,289900.0
2014-06-24 11:00:00,320100.0
2014-06-24 12:00:00,307700.0
2014-06-24 13:00:00,306800.0
2014-06-24 14:00:00,310100.0
2014-06-24 15:00:00,323700.0
2014-06-24 16:00:00,346900.0
2014-06-24 17:00:00,346000.0
2014-06-24 18:00:00,344500.0
2014-06-24 19:00:00,329200.0
2014-06-24 20:00:00,316600.0
2014-06-24 21:00:00,329200.0
2014-06-24 22:00:00,264700.0
2014-06-24 23:00:00,133300.0
2014-06-25 00:00:00,104200.0
2014-06-25 01:00:00,58200.0
2014-06-25 02:00:00,50700.0
2014-06-25 03:00:00,49200.0
2014-06-25 04:00:00,48500.0
2014-06-25 05:00:00,47700.0
2014-06-25 06:00:00,46700.0
2014-06-25 07:00:00,49700.0
2014-06-25 08:00:00,60700.0
2014-06-25 09:00:00,217700.0
2014-06-25 10:00:00,281000.0
2014-06-25 11:00:00,323200.0
2014-06-25 12:00:00,338700.0
2014-06-25 13:00:00,341800.0
2014-06-25 14:00:00,357600.0
2014-06-25 15:00:00,373500.0
2014-06-25 16:00:00,385900.0
2014-06-25 17:00:00,365300.0
2014-06-25 18:00:00,352000.0
2014-06-25 19:00:00,337700.0
2014-06-25 20:00:00,307700.0
2014-06-25 21:00:00,307600.0
2014-06-25 22:00:00,246300.0
2014-06-25 23:00:00,131600.0
2014-06-26 00:00:00,98400.0
2014-06-26 01:00:00,58200.0
2014-06-26 02:00:00,51000.0
2014-06-26 03:00:00,49400.0
2014-06-26 04:00:00,46900.0
2014-06-26 05:00:00,46500.0
2014-06-26 06:00:00,45400.0
2014-06-26 07:00:00,49900.0
2014-06-26 08:00:00,61900.0
2014-06-26 09:00:00,207700.0
2014-06-26 10:00:00,296700.0
2014-06-26 11:00:00,322300.0
2014-06-26 12:00:00,326300.0
2014-06-26 13:00:00,341500.0
2014-06-26 14:00:00,338800.0
2014-06-26 15:00:00,346800.0
2014-06-26 16:00:00,368800.0
2014-06-26 17:00:00,360300.0
2014-06-26 18:00:00,362700.0
2014-06-26 19:00:00,357000.0
2014-06-26 20:00:00,330000.0
2014-06-26 21:00:00,319900.0
2014-06-26 22:00:00,262400.0
2014-06-26 23:00:00,134800.0
2014-06-27 00:00:00,102000.0
2014-06-27 01:00:00,60400.0
2014-06-27 02:00:00,51900.0
2014-06-27 03:00:00,50900.0
2014-06-27 04:00:00,49500.0
2014-06-27 05:00:00,48900.0
2014-06-27 06:00:00,47300.0
2014-06-27 07:00:00,51500.0
2014-06-27 08:00:00,63700.0
2014-06-27 09:00:00,208100.0
2014-06-27 10:00:00,288100.0
2014-06-27 11:00:00,324000.0
2014-06-27 12:00:00,360000.0
2014-06-27 13:00:00,370200.0
2014-06-27 14:00:00,332300.0
2014-06-27 15:00:00,392000.0
2014-06-27 16:00:00,397200.0
2014-06-27 17:00:00,429600.0
2014-06-27 18:00:00,408900.0
2014-06-27 19:00:00,397200.0
2014-06-27 20:00:00,352600.0
2014-06-27 21:00:00,344100.0
2014-06-27 22:00:00,279600.0
2014-06-27 23:00:00,138800.0
2014-06-28 00:00:00,107400.0
2014-06-28 01:00:00,87200.0
2014-06-28 02:00:00,63500.0
2014-06-28 03:00:00,51600.0
2014-06-28 04:00:00,46800.0
2014-06-28 05:00:00,46900.0
2014-06-28 06:00:00,45700.0
2014-06-28 07:00:00,50700.0
2014-06-28 08:00:00,61400.0
2014-06-28 09:00:00,235700.0
2014-06-28 10:00:00,325300.0
2014-06-28 11:00:00,356300.0
2014-06-28 12:00:00,383200.0
2014-06-28 13:00:00,390200.0
2014-06-28 14:00:00,475600.0
2014-06-28 15:00:00,482400.0
2014-06-28 16:00:00,474900.0
2014-06-28 17:00:00,475800.0
2014-06-28 18:00:00,446200.0
2014-06-28 19:00:00,417400.0
2014-06-28 20:00:00,391600.0
2014-06-28 21:00:00,397600.0
2014-06-28 22:00:00,321000.0
2014-06-28 23:00:00,136000.0
2014-06-29 00:00:00,117200.0
2014-06-29 01:00:00,92100.0
2014-06-29 02:00:00,81700.0
2014-06-29 03:00:00,71900.0
2014-06-29 04:00:00,48000.0
2014-06-29 05:00:00,47200.0
2014-06-29 06:00:00,46500.0
2014-06-29 07:00:00,50800.0
2014-06-29 08:00:00,62500.0
2014-06-29 09:00:00,241200.0
2014-06-29 10:00:00,312800.0
2014-06-29 11:00:00,341100.0
2014-06-29 12:00:00,364400.0
2014-06-29 13:00:00,372500.0
2014-06-29 14:00:00,419200.0
2014-06-29 15:00:00,431100.0
2014-06-29 16:00:00,442000.0
2014-06-29 17:00:00,441100.0
2014-06-29 18:00:00,426800.0
2014-06-29 19:00:00,389100.0
2014-06-29 20:00:00,376200.0
2014-06-29 21:00:00,311100.0
2014-06-29 22:00:00,215500.0
2014-06-29 23:00:00,130900.0
2014-06-30 00:00:00,100400.0
2014-06-30 01:00:00,61400.0
2014-06-30 02:00:00,50300.0
2014-06-30 03:00:00,48700.0
2014-06-30 04:00:00,46600.0
2014-06-30 05:00:00,46200.0
2014-06-30 06:00:00,45800.0
2014-06-30 07:00:00,49800.0
2014-06-30 08:00:00,60800.0
2014-06-30 09:00:00,193800.0
2014-06-30 10:00:00,316300.0
2014-06-30 11:00:00,301300.0
2014-06-30 12:00:00,345100.0
2014-06-30 13:00:00,365800.0
2014-06-30 14:00:00,367100.0
2014-06-30 15:00:00,388700.0
2014-06-30 16:00:00,400700.0
2014-06-30 17:00:00,407200.0
2014-06-30 18:00:00,377300.0
2014-06-30 19:00:00,350900.0
2014-06-30 20:00:00,305200.0
2014-06-30 21:00:00,312200.0
2014-06-30 22:00:00,275500.0
2014-06-30 23:00:00,187400.0
2014-07-01 00:00:00,107300.0
2014-07-01 01:00:00,62300.0
2014-07-01 02:00:00,52500.0
2014-07-01 03:00:00,48900.0
2014-07-01 04:00:00,47500.0
2014-07-01 05:00:00,47000.0
2014-07-01 06:00:00,45600.0
2014-07-01 07:00:00,49800.0
2014-07-01 08:00:00,60900.0
2014-07-01 09:00:00,227200.0
2014-07-01 10:00:00,305500.0
2014-07-01 11:00:00,346400.0
2014-07-01 12:00:00,350000.0
2014-07-01 13:00:00,386100.0
2014-07-01 14:00:00,391400.0
2014-07-01 15:00:00,384100.0
2014-07-01 16:00:00,393200.0
2014-07-01 17:00:00,361200.0
2014-07-01 18:00:00,357700.0
2014-07-01 19:00:00,342600.0
2014-07-01 20:00:00,333900.0
2014-07-01 21:00:00,310000.0
2014-07-01 22:00:00,261700.0
2014-07-01 23:00:00,194000.0
2014-07-02 00:00:00,108800.0
2014-07-02 01:00:00,59200.0
2014-07-02 02:00:00,51000.0
2014-07-02 03:00:00,49900.0
2014-07-02 04:00:00,48500.0
2014-07-02 05:00:00,47000.0
2014-07-02 06:00:00,46200.0
2014-07-02 07:00:00,50400.0
2014-07-02 08:00:00,60800.0
2014-07-02 09:00:00,211300.0
2014-07-02 10:00:00,267600.0
2014-07-02 11:00:00,303700.0
2014-07-02 12:00:00,328200.0
2014-07-02 13:00:00,340400.0
2014-07-02 14:00:00,357300.0
2014-07-02 15:00:00,366900.0
2014-07-02 16:00:00,364800.0
2014-07-02 17:00:00,347100.0
2014-07-02 18:00:00,346300.0
2014-07-02 19:00:00,326500.0
2014-07-02 20:00:00,319900.0
2014-07-02 21:00:00,312000.0
2014-07-02 22:00:00,267200.0
2014-07-02 23:00:00,191600.0
2014-07-03 00:00:00,107800.0
2014-07-03 01:00:00,55600.0
2014-07-03 02:00:00,49400.0
2014-07-03 03:00:00,48200.0
2014-07-03 04:00:00,47300.0
2014-07-03 05:00:00,46200.0
2014-07-03 06:00:00,46200.0
2014-07-03 07:00:00,49800.0
2014-07-03 08:00:00,61200.0
2014-07-03 09:00:00,210200.0
2014-07-03 10:00:00,303800.0
2014-07-03 11:00:00,325900.0
2014-07-03 12:00:00,355200.0
2014-07-03 13:00:00,361000.0
2014-07-03 14:00:00,370900.0
2014-07-03 15:00:00,366700.0
2014-07-03 16:00:00,379300.0
2014-07-03 17:00:00,381900.0
2014-07-03 18:00:00,385700.0
2014-07-03 19:00:00,371100.0
2014-07-03 20:00:00,343700.0
2014-07-03 21:00:00,348300.0
2014-07-03 22:00:00,327600.0
2014-07-03 23:00:00,229200.0
2014-07-04 00:00:00,117700.0
2014-07-04 01:00:00,74100.0
2014-07-04 02:00:00,64700.0
2014-07-04 03:00:00,56100.0
2014-07-04 04:00:00,49100.0
2014-07-04 05:00:00,47800.0
2014-07-04 06:00:00,47900.0
2014-07-04 07:00:00,51900.0
2014-07-04 08:00:00,62600.0
2014-07-04 09:00:00,217800.0
2014-07-04 10:00:00,307700.0
2014-07-04 11:00:00,343500.0
2014-07-04 12:00:00,369500.0
2014-07-04 13:00:00,411700.0
2014-07-04 14:00:00,430300.0
2014-07-04 15:00:00,431300.0
2014-07-04 16:00:00,476000.0
2014-07-04 17:00:00,465600.0
2014-07-04 18:00:00,436100.0
2014-07-04 19:00:00,442600.0
2014-07-04 20:00:00,422500.0
2014-07-04 21:00:00,359000.0
2014-07-04 22:00:00,332900.0
2014-07-04 23:00:00,237700.0
2014-07-05 00:00:00,145000.0
2014-07-05 01:00:00,94900.0
2014-07-05 02:00:00,79600.0
2014-07-05 03:00:00,58600.0
2014-07-05 04:00:00,47100.0
2014-07-05 05:00:00,46500.0
2014-07-05 06:00:00,45900.0
2014-07-05 07:00:00,50900.0
2014-07-05 08:00:00,60200.0
2014-07-05 09:00:00,228700.0
2014-07-05 10:00:00,330500.0
2014-07-05 11:00:00,376500.0
2014-07-05 12:00:00,405300.0
2014-07-05 13:00:00,412300.0
2014-07-05 14:00:00,437900.0
2014-07-05 15:00:00,477200.0
2014-07-05 16:00:00,472900.0
2014-07-05 17:00:00,476400.0
2014-07-05 18:00:00,472100.0
2014-07-05 19:00:00,445700.0
2014-07-05 20:00:00,397900.0
2014-07-05 21:00:00,369900.0
2014-07-05 22:00:00,326200.0
2014-07-05 23:00:00,221500.0
2014-07-06 00:00:00,125300.0
2014-07-06 01:00:00,99600.0
2014-07-06 02:00:00,89500.0
2014-07-06 03:00:00,74400.0
2014-07-06 04:00:00,47800.0
2014-07-06 05:00:00,47400.0
2014-07-06 06:00:00,46900.0
2014-07-06 07:00:00,50100.0
2014-07-06 08:00:00,60200.0
2014-07-06 09:00:00,238900.0
2014-07-06 10:00:00,323700.0
2014-07-06 11:00:00,338700.0
2014-07-06 12:00:00,368100.0
2014-07-06 13:00:00,376000.0
2014-07-06 14:00:00,378800.0
2014-07-06 15:00:00,389400.0
2014-07-06 16:00:00,391000.0
2014-07-06 17:00:00,415300.0
2014-07-06 18:00:00,405200.0
2014-07-06 19:00:00,398800.0
2014-07-06 20:00:00,380300.0
2014-07-06 21:00:00,365500.0
2014-07-06 22:00:00,346600.0
2014-07-06 23:00:00,242300.0
2014-07-07 00:00:00,162100.0
2014-07-07 01:00:00,77500.0
2014-07-07 02:00:00,67000.0
2014-07-07 03:00:00,58000.0
2014-07-07 04:00:00,48900.0
2014-07-07 05:00:00,47500.0
2014-07-07 06:00:00,46600.0
2014-07-07 07:00:00,39100.0
2014-07-07 08:00:00,48900.0
2014-07-07 09:00:00,197200.0
2014-07-07 10:00:00,276500.0
2014-07-07 11:00:00,315700.0
2014-07-07 12:00:00,341100.0
2014-07-07 13:00:00,367900.0
2014-07-07 14:00:00,362700.0
2014-07-07 15:00:00,381700.0
2014-07-07 16:00:00,379300.0
2014-07-07 17:00:00,396000.0
2014-07-07 18:00:00,384700.0
2014-07-07 19:00:00,365200.0
2014-07-07 20:00:00,331900.0
2014-07-07 21:00:00,332300.0
2014-07-07 22:00:00,307800.0
2014-07-07 23:00:00,229000.0
2014-07-08 00:00:00,130000.0
2014-07-08 01:00:00,75000.0
2014-07-08 02:00:00,65800.0
2014-07-08 03:00:00,55700.0
2014-07-08 04:00:00,46700.0
2014-07-08 05:00:00,46400.0
2014-07-08 06:00:00,44900.0
2014-07-08 07:00:00,49300.0
2014-07-08 08:00:00,61200.0
2014-07-08 09:00:00,165900.0
2014-07-08 10:00:00,308500.0
2014-07-08 11:00:00,344900.0
2014-07-08 12:00:00,390900.0
2014-07-08 13:00:00,427800.0
2014-07-08 14:00:00,478600.0
2014-07-08 15:00:00,529900.0
2014-07-08 16:00:00,563700.0
2014-07-08 17:00:00,564500.0
2014-07-08 18:00:00,550600.0
2014-07-08 19:00:00,523800.0
2014-07-08 20:00:00,488500.0
2014-07-08 21:00:00,447600.0
2014-07-08 22:00:00,387400.0
2014-07-08 23:00:00,281300.0
2014-07-09 00:00:00,114300.0
2014-07-09 01:00:00,73600.0
2014-07-09 02:00:00,66400.0
2014-07-09 03:00:00,57700.0
2014-07-09 04:00:00,50000.0
2014-07-09 05:00:00,47900.0
2014-07-09 06:00:00,45600.0
2014-07-09 07:00:00,49900.0
2014-07-09 08:00:00,62700.0
2014-07-09 09:00:00,240200.0
2014-07-09 10:00:00,342000.0
2014-07-09 11:00:00,411300.0
2014-07-09 12:00:00,435500.0
2014-07-09 13:00:00,430800.0
2014-07-09 14:00:00,435100.0
2014-07-09 15:00:00,458400.0
2014-07-09 16:00:00,459100.0
2014-07-09 17:00:00,446600.0
2014-07-09 18:00:00,452600.0
2014-07-09 19:00:00,452200.0
2014-07-09 20:00:00,410500.0
2014-07-09 21:00:00,411900.0
2014-07-09 22:00:00,382000.0
2014-07-09 23:00:00,253400.0
2014-07-10 00:00:00,111000.0
2014-07-10 01:00:00,75500.0
2014-07-10 02:00:00,66500.0
2014-07-10 03:00:00,56500.0
2014-07-10 04:00:00,47600.0
2014-07-10 05:00:00,46400.0
2014-07-10 06:00:00,45300.0
2014-07-10 07:00:00,50500.0
2014-07-10 08:00:00,62000.0
2014-07-10 09:00:00,257700.0
2014-07-10 10:00:00,351400.0
2014-07-10 11:00:00,393700.0
2014-07-10 12:00:00,415700.0
2014-07-10 13:00:00,467300.0
2014-07-10 14:00:00,474900.0
2014-07-10 15:00:00,483900.0
2014-07-10 16:00:00,481300.0
2014-07-10 17:00:00,486300.0
2014-07-10 18:00:00,489200.0
2014-07-10 19:00:00,476500.0
2014-07-10 20:00:00,444200.0
2014-07-10 21:00:00,429500.0
2014-07-10 22:00:00,409100.0
2014-07-10 23:00:00,252300.0
2014-07-11 00:00:00,111000.0
2014-07-11 01:00:00,78300.0
2014-07-11 02:00:00,70800.0
2014-07-11 03:00:00,61800.0
2014-07-11 04:00:00,55100.0
2014-07-11 05:00:00,49800.0
2014-07-11 06:00:00,46900.0
2014-07-11 07:00:00,52200.0
2014-07-11 08:00:00,63000.0
2014-07-11 09:00:00,303300.0
2014-07-11 10:00:00,457000.0
2014-07-11 11:00:00,474400.0
2014-07-11 12:00:00,491300.0
2014-07-11 13:00:00,514700.0
2014-07-11 14:00:00,505900.0
2014-07-11 15:00:00,536300.0
2014-07-11 16:00:00,550600.0
2014-07-11 17:00:00,531000.0
2014-07-11 18:00:00,537900.0
2014-07-11 19:00:00,525200.0
2014-07-11 20:00:00,479100.0
2014-07-11 21:00:00,428300.0
2014-07-11 22:00:00,389500.0
2014-07-11 23:00:00,266900.0
2014-07-12 00:00:00,113500.0
2014-07-12 01:00:00,93800.0
2014-07-12 02:00:00,74400.0
2014-07-12 03:00:00,58400.0
2014-07-12 04:00:00,49100.0
2014-07-12 05:00:00,47900.0
2014-07-12 06:00:00,47200.0
2014-07-12 07:00:00,52200.0
2014-07-12 08:00:00,62300.0
2014-07-12 09:00:00,304800.0
2014-07-12 10:00:00,424400.0
2014-07-12 11:00:00,488200.0
2014-07-12 12:00:00,508700.0
2014-07-12 13:00:00,512400.0
2014-07-12 14:00:00,520200.0
2014-07-12 15:00:00,501000.0
2014-07-12 16:00:00,522000.0
2014-07-12 17:00:00,508800.0
2014-07-12 18:00:00,561500.0
2014-07-12 19:00:00,568000.0
2014-07-12 20:00:00,511500.0
2014-07-12 21:00:00,473700.0
2014-07-12 22:00:00,424300.0
2014-07-12 23:00:00,276500.0
2014-07-13 00:00:00,124700.0
2014-07-13 01:00:00,94000.0
2014-07-13 02:00:00,87400.0
2014-07-13 03:00:00,73000.0
2014-07-13 04:00:00,48700.0
2014-07-13 05:00:00,47400.0
2014-07-13 06:00:00,46900.0
2014-07-13 07:00:00,50100.0
2014-07-13 08:00:00,61100.0
2014-07-13 09:00:00,274000.0
2014-07-13 10:00:00,391600.0
2014-07-13 11:00:00,462900.0
2014-07-13 12:00:00,495800.0
2014-07-13 13:00:00,508900.0
2014-07-13 14:00:00,498400.0
2014-07-13 15:00:00,492000.0
2014-07-13 16:00:00,506800.0
2014-07-13 17:00:00,511500.0
2014-07-13 18:00:00,514800.0
2014-07-13 19:00:00,518400.0
2014-07-13 20:00:00,497300.0
2014-07-13 21:00:00,454200.0
2014-07-13 22:00:00,395900.0
2014-07-13 23:00:00,249500.0
2014-07-14 00:00:00,110800.0
2014-07-14 01:00:00,70900.0
2014-07-14 02:00:00,65600.0
2014-07-14 03:00:00,56300.0
2014-07-14 04:00:00,48900.0
2014-07-14 05:00:00,46900.0
2014-07-14 06:00:00,45700.0
2014-07-14 07:00:00,50700.0
2014-07-14 08:00:00,60900.0
2014-07-14 09:00:00,282200.0
2014-07-14 10:00:00,408100.0
2014-07-14 11:00:00,477700.0
2014-07-14 12:00:00,509100.0
2014-07-14 13:00:00,527700.0
2014-07-14 14:00:00,521400.0
2014-07-14 15:00:00,536700.0
2014-07-14 16:00:00,520200.0
2014-07-14 17:00:00,545200.0
2014-07-14 18:00:00,537100.0
2014-07-14 19:00:00,540800.0
2014-07-14 20:00:00,516800.0
2014-07-14 21:00:00,462900.0
2014-07-14 22:00:00,386200.0
2014-07-14 23:00:00,241300.0
2014-07-15 00:00:00,113000.0
2014-07-15 01:00:00,79800.0
2014-07-15 02:00:00,70100.0
2014-07-15 03:00:00,56400.0
2014-07-15 04:00:00,50800.0
2014-07-15 05:00:00,48100.0
2014-07-15 06:00:00,46800.0
2014-07-15 07:00:00,51300.0
2014-07-15 08:00:00,61500.0
2014-07-15 09:00:00,300700.0
2014-07-15 10:00:00,462300.0
2014-07-15 11:00:00,498100.0
2014-07-15 12:00:00,524000.0
2014-07-15 13:00:00,534900.0
2014-07-15 14:00:00,551900.0
2014-07-15 15:00:00,535700.0
2014-07-15 16:00:00,535300.0
2014-07-15 17:00:00,535700.0
2014-07-15 18:00:00,537100.0
2014-07-15 19:00:00,513400.0
2014-07-15 20:00:00,493500.0
2014-07-15 21:00:00,457900.0
2014-07-15 22:00:00,446500.0
2014-07-15 23:00:00,286600.0
2014-07-16 00:00:00,113300.0
2014-07-16 01:00:00,75000.0
2014-07-16 02:00:00,72000.0
2014-07-16 03:00:00,58500.0
2014-07-16 04:00:00,50200.0
2014-07-16 05:00:00,49900.0
2014-07-16 06:00:00,47500.0
2014-07-16 07:00:00,51300.0
2014-07-16 08:00:00,60700.0
2014-07-16 09:00:00,294500.0
2014-07-16 10:00:00,470500.0
2014-07-16 11:00:00,523600.0
2014-07-16 12:00:00,531400.0
2014-07-16 13:00:00,535800.0
2014-07-16 14:00:00,547100.0
2014-07-16 15:00:00,552900.0
2014-07-16 16:00:00,534600.0
2014-07-16 17:00:00,527000.0
2014-07-16 18:00:00,529500.0
2014-07-16 19:00:00,529500.0
2014-07-16 20:00:00,512100.0
2014-07-16 21:00:00,515100.0
2014-07-16 22:00:00,457300.0
2014-07-16 23:00:00,289400.0
2014-07-17 00:00:00,115000.0
2014-07-17 01:00:00,76000.0
2014-07-17 02:00:00,67500.0
2014-07-17 03:00:00,58600.0
2014-07-17 04:00:00,49100.0
2014-07-17 05:00:00,47800.0
2014-07-17 06:00:00,47600.0
2014-07-17 07:00:00,51000.0
2014-07-17 08:00:00,63300.0
2014-07-17 09:00:00,291600.0
2014-07-17 10:00:00,445600.0
2014-07-17 11:00:00,498100.0
2014-07-17 12:00:00,539200.0
2014-07-17 13:00:00,556700.0
2014-07-17 14:00:00,545500.0
2014-07-17 15:00:00,545000.0
2014-07-17 16:00:00,552900.0
2014-07-17 17:00:00,532500.0
2014-07-17 18:00:00,538000.0
2014-07-17 19:00:00,539800.0
2014-07-17 20:00:00,507300.0
2014-07-17 21:00:00,453000.0
2014-07-17 22:00:00,387400.0
2014-07-17 23:00:00,274300.0
2014-07-18 00:00:00,115100.0
2014-07-18 01:00:00,75200.0
2014-07-18 02:00:00,67300.0
2014-07-18 03:00:00,58300.0
2014-07-18 04:00:00,50100.0
2014-07-18 05:00:00,48800.0
2014-07-18 06:00:00,47300.0
2014-07-18 07:00:00,51400.0
2014-07-18 08:00:00,64700.0
2014-07-18 09:00:00,260600.0
2014-07-18 10:00:00,378400.0
2014-07-18 11:00:00,442600.0
2014-07-18 12:00:00,461000.0
2014-07-18 13:00:00,464700.0
2014-07-18 14:00:00,468800.0
2014-07-18 15:00:00,481900.0
2014-07-18 16:00:00,487000.0
2014-07-18 17:00:00,482700.0
2014-07-18 18:00:00,470000.0
2014-07-18 19:00:00,444800.0
2014-07-18 20:00:00,413000.0
2014-07-18 21:00:00,417200.0
2014-07-18 22:00:00,386700.0
2014-07-18 23:00:00,258900.0
2014-07-19 00:00:00,118700.0
2014-07-19 01:00:00,95800.0
2014-07-19 02:00:00,74800.0
2014-07-19 03:00:00,59700.0
2014-07-19 04:00:00,48700.0
2014-07-19 05:00:00,47300.0
2014-07-19 06:00:00,45800.0
2014-07-19 07:00:00,49700.0
2014-07-19 08:00:00,60700.0
2014-07-19 09:00:00,259300.0
2014-07-19 10:00:00,412300.0
2014-07-19 11:00:00,451000.0
2014-07-19 12:00:00,455000.0
2014-07-19 13:00:00,445600.0
2014-07-19 14:00:00,469700.0
2014-07-19 15:00:00,468700.0
2014-07-19 16:00:00,468700.0
2014-07-19 17:00:00,470900.0
2014-07-19 18:00:00,433000.0
2014-07-19 19:00:00,435400.0
2014-07-19 20:00:00,398300.0
2014-07-19 21:00:00,401300.0
2014-07-19 22:00:00,372600.0
2014-07-19 23:00:00,217400.0
2014-07-20 00:00:00,125900.0
2014-07-20 01:00:00,96300.0
2014-07-20 02:00:00,86700.0
2014-07-20 03:00:00,72400.0
2014-07-20 04:00:00,48800.0
2014-07-20 05:00:00,47300.0
2014-07-20 06:00:00,47100.0
2014-07-20 07:00:00,50200.0
2014-07-20 08:00:00,60200.0
2014-07-20 09:00:00,252900.0
2014-07-20 10:00:00,356900.0
2014-07-20 11:00:00,392200.0
2014-07-20 12:00:00,418600.0
2014-07-20 13:00:00,442000.0
2014-07-20 14:00:00,440500.0
2014-07-20 15:00:00,451200.0
2014-07-20 16:00:00,458600.0
2014-07-20 17:00:00,489200.0
2014-07-20 18:00:00,462200.0
2014-07-20 19:00:00,438200.0
2014-07-20 20:00:00,405900.0
2014-07-20 21:00:00,397400.0
2014-07-20 22:00:00,347600.0
2014-07-20 23:00:00,209300.0
2014-07-21 00:00:00,112100.0
2014-07-21 01:00:00,69200.0
2014-07-21 02:00:00,64700.0
2014-07-21 03:00:00,56600.0
2014-07-21 04:00:00,48900.0
2014-07-21 05:00:00,47200.0
2014-07-21 06:00:00,46600.0
2014-07-21 07:00:00,51000.0
2014-07-21 08:00:00,63300.0
2014-07-21 09:00:00,265100.0
2014-07-21 10:00:00,392100.0
2014-07-21 11:00:00,457800.0
2014-07-21 12:00:00,502100.0
2014-07-21 13:00:00,479200.0
2014-07-21 14:00:00,483500.0
2014-07-21 15:00:00,484600.0
2014-07-21 16:00:00,500200.0
2014-07-21 17:00:00,496300.0
2014-07-21 18:00:00,504200.0
2014-07-21 19:00:00,513200.0
2014-07-21 20:00:00,460300.0
2014-07-21 21:00:00,429800.0
2014-07-21 22:00:00,373700.0
2014-07-21 23:00:00,217500.0
2014-07-22 00:00:00,113800.0
2014-07-22 01:00:00,73400.0
2014-07-22 02:00:00,67100.0
2014-07-22 03:00:00,57100.0
2014-07-22 04:00:00,48600.0
2014-07-22 05:00:00,47300.0
2014-07-22 06:00:00,46500.0
2014-07-22 07:00:00,51200.0
2014-07-22 08:00:00,61500.0
2014-07-22 09:00:00,264200.0
2014-07-22 10:00:00,450600.0
2014-07-22 11:00:00,485600.0
2014-07-22 12:00:00,493000.0
2014-07-22 13:00:00,507100.0
2014-07-22 14:00:00,517100.0
2014-07-22 15:00:00,530200.0
2014-07-22 16:00:00,527000.0
2014-07-22 17:00:00,538900.0
2014-07-22 18:00:00,541700.0
2014-07-22 19:00:00,534800.0
2014-07-22 20:00:00,486200.0
2014-07-22 21:00:00,451500.0
2014-07-22 22:00:00,418800.0
2014-07-22 23:00:00,257500.0
2014-07-23 00:00:00,113600.0
2014-07-23 01:00:00,71900.0
2014-07-23 02:00:00,65700.0
2014-07-23 03:00:00,57700.0
2014-07-23 04:00:00,50000.0
2014-07-23 05:00:00,48400.0
2014-07-23 06:00:00,47000.0
2014-07-23 07:00:00,51100.0
2014-07-23 08:00:00,61800.0
2014-07-23 09:00:00,301500.0
2014-07-23 10:00:00,416900.0
2014-07-23 11:00:00,481600.0
2014-07-23 12:00:00,514300.0
2014-07-23 13:00:00,480500.0
2014-07-23 14:00:00,531900.0
2014-07-23 15:00:00,568000.0
2014-07-23 16:00:00,587300.0
2014-07-23 17:00:00,562900.0
2014-07-23 18:00:00,531100.0
2014-07-23 19:00:00,493500.0
2014-07-23 20:00:00,461600.0
2014-07-23 21:00:00,424000.0
2014-07-23 22:00:00,401400.0
2014-07-23 23:00:00,263800.0
2014-07-24 00:00:00,115000.0
2014-07-24 01:00:00,74400.0
2014-07-24 02:00:00,68000.0
2014-07-24 03:00:00,59300.0
2014-07-24 04:00:00,51000.0
2014-07-24 05:00:00,49800.0
2014-07-24 06:00:00,48100.0
2014-07-24 07:00:00,52000.0
2014-07-24 08:00:00,64200.0
2014-07-24 09:00:00,262600.0
2014-07-24 10:00:00,366600.0
2014-07-24 11:00:00,432500.0
2014-07-24 12:00:00,469300.0
2014-07-24 13:00:00,492100.0
2014-07-24 14:00:00,509300.0
2014-07-24 15:00:00,515900.0
2014-07-24 16:00:00,502200.0
2014-07-24 17:00:00,486400.0
2014-07-24 18:00:00,470200.0
2014-07-24 19:00:00,458000.0
2014-07-24 20:00:00,444600.0
2014-07-24 21:00:00,418300.0
2014-07-24 22:00:00,343500.0
2014-07-24 23:00:00,226600.0
2014-07-25 00:00:00,114800.0
2014-07-25 01:00:00,73200.0
2014-07-25 02:00:00,69800.0
2014-07-25 03:00:00,59400.0
2014-07-25 04:00:00,51600.0
2014-07-25 05:00:00,49400.0
2014-07-25 06:00:00,48000.0
2014-07-25 07:00:00,52200.0
2014-07-25 08:00:00,70000.0
2014-07-25 09:00:00,287800.0
2014-07-25 10:00:00,394400.0
2014-07-25 11:00:00,434000.0
2014-07-25 12:00:00,446200.0
2014-07-25 13:00:00,468000.0
2014-07-25 14:00:00,460500.0
2014-07-25 15:00:00,494600.0
2014-07-25 16:00:00,507300.0
2014-07-25 17:00:00,523100.0
2014-07-25 18:00:00,527500.0
2014-07-25 19:00:00,503500.0
2014-07-25 20:00:00,452200.0
2014-07-25 21:00:00,430900.0
2014-07-25 22:00:00,390200.0
2014-07-25 23:00:00,281100.0
2014-07-26 00:00:00,157700.0
2014-07-26 01:00:00,99600.0
2014-07-26 02:00:00,77900.0
2014-07-26 03:00:00,60000.0
2014-07-26 04:00:00,50300.0
2014-07-26 05:00:00,48000.0
2014-07-26 06:00:00,46300.0
2014-07-26 07:00:00,50400.0
2014-07-26 08:00:00,62700.0
2014-07-26 09:00:00,266400.0
2014-07-26 10:00:00,385600.0
2014-07-26 11:00:00,455500.0
2014-07-26 12:00:00,479200.0
2014-07-26 13:00:00,493900.0
2014-07-26 14:00:00,495200.0
2014-07-26 15:00:00,502600.0
2014-07-26 16:00:00,507000.0
2014-07-26 17:00:00,512400.0
2014-07-26 18:00:00,512300.0
2014-07-26 19:00:00,496200.0
2014-07-26 20:00:00,483900.0
2014-07-26 21:00:00,457000.0
2014-07-26 22:00:00,402800.0
2014-07-26 23:00:00,236000.0
2014-07-27 00:00:00,128500.0
2014-07-27 01:00:00,96600.0
2014-07-27 02:00:00,86300.0
2014-07-27 03:00:00,73000.0
2014-07-27 04:00:00,49800.0
2014-07-27 05:00:00,48600.0
2014-07-27 06:00:00,47800.0
2014-07-27 07:00:00,50600.0
2014-07-27 08:00:00,68900.0
2014-07-27 09:00:00,272500.0
2014-07-27 10:00:00,376500.0
2014-07-27 11:00:00,417600.0
2014-07-27 12:00:00,450500.0
2014-07-27 13:00:00,451500.0
2014-07-27 14:00:00,458100.0
2014-07-27 15:00:00,480300.0
2014-07-27 16:00:00,472900.0
2014-07-27 17:00:00,457500.0
2014-07-27 18:00:00,450000.0
2014-07-27 19:00:00,454300.0
2014-07-27 20:00:00,454600.0
2014-07-27 21:00:00,422500.0
2014-07-27 22:00:00,341200.0
2014-07-27 23:00:00,215700.0
2014-07-28 00:00:00,114600.0
2014-07-28 01:00:00,73900.0
2014-07-28 02:00:00,66100.0
2014-07-28 03:00:00,56500.0
2014-07-28 04:00:00,49400.0
2014-07-28 05:00:00,47600.0
2014-07-28 06:00:00,47300.0
2014-07-28 07:00:00,52400.0
2014-07-28 08:00:00,64400.0
2014-07-28 09:00:00,285200.0
2014-07-28 10:00:00,395200.0
2014-07-28 11:00:00,437900.0
2014-07-28 12:00:00,426600.0
2014-07-28 13:00:00,449600.0
2014-07-28 14:00:00,431400.0
2014-07-28 15:00:00,448600.0
2014-07-28 16:00:00,450600.0
2014-07-28 17:00:00,446800.0
2014-07-28 18:00:00,463900.0
2014-07-28 19:00:00,453300.0
2014-07-28 20:00:00,424600.0
2014-07-28 21:00:00,447500.0
2014-07-28 22:00:00,373800.0
2014-07-28 23:00:00,282300.0
2014-07-29 00:00:00,148900.0
2014-07-29 01:00:00,73600.0
2014-07-29 02:00:00,70100.0
2014-07-29 03:00:00,60100.0
2014-07-29 04:00:00,52400.0
2014-07-29 05:00:00,50200.0
2014-07-29 06:00:00,49200.0
2014-07-29 07:00:00,53500.0
2014-07-29 08:00:00,65700.0
2014-07-29 09:00:00,258200.0
2014-07-29 10:00:00,406000.0
2014-07-29 11:00:00,430700.0
2014-07-29 12:00:00,436000.0
2014-07-29 13:00:00,457100.0
2014-07-29 14:00:00,431700.0
2014-07-29 15:00:00,462500.0
2014-07-29 16:00:00,460800.0
2014-07-29 17:00:00,489300.0
2014-07-29 18:00:00,466000.0
2014-07-29 19:00:00,454800.0
2014-07-29 20:00:00,412900.0
2014-07-29 21:00:00,411900.0
2014-07-29 22:00:00,400700.0
2014-07-29 23:00:00,287600.0
2014-07-30 00:00:00,113700.0
2014-07-30 01:00:00,73400.0
2014-07-30 02:00:00,66200.0
2014-07-30 03:00:00,61000.0
2014-07-30 04:00:00,49300.0
2014-07-30 05:00:00,47700.0
2014-07-30 06:00:00,47000.0
2014-07-30 07:00:00,50100.0
2014-07-30 08:00:00,60400.0
2014-07-30 09:00:00,270800.0
2014-07-30 10:00:00,351000.0
2014-07-30 11:00:00,388200.0
2014-07-30 12:00:00,428100.0
2014-07-30 13:00:00,428000.0
2014-07-30 14:00:00,434000.0
2014-07-30 15:00:00,430200.0
2014-07-30 16:00:00,430000.0
2014-07-30 17:00:00,442900.0
2014-07-30 18:00:00,414400.0
2014-07-30 19:00:00,398500.0
2014-07-30 20:00:00,387700.0
2014-07-30 21:00:00,401900.0
2014-07-30 22:00:00,389300.0
2014-07-30 23:00:00,232800.0
2014-07-31 00:00:00,112000.0
2014-07-31 01:00:00,69800.0
2014-07-31 02:00:00,64100.0
2014-07-31 03:00:00,54200.0
2014-07-31 04:00:00,48000.0
2014-07-31 05:00:00,46900.0
2014-07-31 06:00:00,45900.0
2014-07-31 07:00:00,50800.0
2014-07-31 08:00:00,62900.0
2014-07-31 09:00:00,184900.0
2014-07-31 10:00:00,364000.0
2014-07-31 11:00:00,367100.0
2014-07-31 12:00:00,365100.0
2014-07-31 13:00:00,390400.0
2014-07-31 14:00:00,415600.0
2014-07-31 15:00:00,414700.0
2014-07-31 16:00:00,409700.0
2014-07-31 17:00:00,407500.0
2014-07-31 18:00:00,418200.0
2014-07-31 19:00:00,390200.0
2014-07-31 20:00:00,370600.0
2014-07-31 21:00:00,379600.0
2014-07-31 22:00:00,355300.0
2014-07-31 23:00:00,206700.0
2014-08-01 00:00:00,115500.0
2014-08-01 01:00:00,74100.0
2014-08-01 02:00:00,68800.0
2014-08-01 03:00:00,56800.0
2014-08-01 04:00:00,50300.0
2014-08-01 05:00:00,49200.0
2014-08-01 06:00:00,47400.0
2014-08-01 07:00:00,52000.0
2014-08-01 08:00:00,64000.0
2014-08-01 09:00:00,245300.0
2014-08-01 10:00:00,363500.0
2014-08-01 11:00:00,377700.0
2014-08-01 12:00:00,414200.0
2014-08-01 13:00:00,431000.0
2014-08-01 14:00:00,485200.0
2014-08-01 15:00:00,466400.0
2014-08-01 16:00:00,499200.0
2014-08-01 17:00:00,447000.0
2014-08-01 18:00:00,457800.0
2014-08-01 19:00:00,422800.0
2014-08-01 20:00:00,385000.0
2014-08-01 21:00:00,390300.0
2014-08-01 22:00:00,361600.0
2014-08-01 23:00:00,274100.0
2014-08-02 00:00:00,187200.0
2014-08-02 01:00:00,142200.0
2014-08-02 02:00:00,77700.0
2014-08-02 03:00:00,59300.0
2014-08-02 04:00:00,49200.0
2014-08-02 05:00:00,47600.0
2014-08-02 06:00:00,47000.0
2014-08-02 07:00:00,51900.0
2014-08-02 08:00:00,62500.0
2014-08-02 09:00:00,171200.0
2014-08-02 10:00:00,300100.0
2014-08-02 11:00:00,422900.0
2014-08-02 12:00:00,431300.0
2014-08-02 13:00:00,433200.0
2014-08-02 14:00:00,457600.0
2014-08-02 15:00:00,463100.0
2014-08-02 16:00:00,493100.0
2014-08-02 17:00:00,486300.0
2014-08-02 18:00:00,463300.0
2014-08-02 19:00:00,447600.0
2014-08-02 20:00:00,437700.0
2014-08-02 21:00:00,405900.0
2014-08-02 22:00:00,391600.0
2014-08-02 23:00:00,285900.0
2014-08-03 00:00:00,143900.0
2014-08-03 01:00:00,97400.0
2014-08-03 02:00:00,88700.0
2014-08-03 03:00:00,70900.0
2014-08-03 04:00:00,48900.0
2014-08-03 05:00:00,47600.0
2014-08-03 06:00:00,46700.0
2014-08-03 07:00:00,50200.0
2014-08-03 08:00:00,61300.0
2014-08-03 09:00:00,260200.0
2014-08-03 10:00:00,402900.0
2014-08-03 11:00:00,454500.0
2014-08-03 12:00:00,442800.0
2014-08-03 13:00:00,472300.0
2014-08-03 14:00:00,501500.0
2014-08-03 15:00:00,509400.0
2014-08-03 16:00:00,519700.0
2014-08-03 17:00:00,510700.0
2014-08-03 18:00:00,521500.0
2014-08-03 19:00:00,461700.0
2014-08-03 20:00:00,431300.0
2014-08-03 21:00:00,402100.0
2014-08-03 22:00:00,391300.0
2014-08-03 23:00:00,286100.0
2014-08-04 00:00:00,114900.0
2014-08-04 01:00:00,73900.0
2014-08-04 02:00:00,66100.0
2014-08-04 03:00:00,55800.0
2014-08-04 04:00:00,48500.0
2014-08-04 05:00:00,46800.0
2014-08-04 06:00:00,45600.0
2014-08-04 07:00:00,41500.0
2014-08-04 08:00:00,53200.0
2014-08-04 09:00:00,228800.0
2014-08-04 10:00:00,316700.0
2014-08-04 11:00:00,365100.0
2014-08-04 12:00:00,416400.0
2014-08-04 13:00:00,444700.0
2014-08-04 14:00:00,501800.0
2014-08-04 15:00:00,500600.0
2014-08-04 16:00:00,541600.0
2014-08-04 17:00:00,487900.0
2014-08-04 18:00:00,490600.0
2014-08-04 19:00:00,442400.0
2014-08-04 20:00:00,424000.0
2014-08-04 21:00:00,387800.0
2014-08-04 22:00:00,366800.0
2014-08-04 23:00:00,216400.0
2014-08-05 00:00:00,109600.0
2014-08-05 01:00:00,73200.0
2014-08-05 02:00:00,66100.0
2014-08-05 03:00:00,55600.0
2014-08-05 04:00:00,47300.0
2014-08-05 05:00:00,45600.0
2014-08-05 06:00:00,45300.0
2014-08-05 07:00:00,50400.0
2014-08-05 08:00:00,63100.0
2014-08-05 09:00:00,232500.0
2014-08-05 10:00:00,378000.0
2014-08-05 11:00:00,412300.0
2014-08-05 12:00:00,482300.0
2014-08-05 13:00:00,516600.0
2014-08-05 14:00:00,538500.0
2014-08-05 15:00:00,574000.0
2014-08-05 16:00:00,582600.0
2014-08-05 17:00:00,573100.0
2014-08-05 18:00:00,566200.0
2014-08-05 19:00:00,537700.0
2014-08-05 20:00:00,506800.0
2014-08-05 21:00:00,482300.0
2014-08-05 22:00:00,427200.0
2014-08-05 23:00:00,247100.0
2014-08-06 00:00:00,112900.0
2014-08-06 01:00:00,73000.0
2014-08-06 02:00:00,66200.0
2014-08-06 03:00:00,55700.0
2014-08-06 04:00:00,48600.0
2014-08-06 05:00:00,47200.0
2014-08-06 06:00:00,47600.0
2014-08-06 07:00:00,51600.0
2014-08-06 08:00:00,63500.0
2014-08-06 09:00:00,185900.0
2014-08-06 10:00:00,420800.0
2014-08-06 11:00:00,449200.0
2014-08-06 12:00:00,505100.0
2014-08-06 13:00:00,541500.0
2014-08-06 14:00:00,559000.0
2014-08-06 15:00:00,576400.0
2014-08-06 16:00:00,562100.0
2014-08-06 17:00:00,555100.0
2014-08-06 18:00:00,541300.0
2014-08-06 19:00:00,510900.0
2014-08-06 20:00:00,474700.0
2014-08-06 21:00:00,460700.0
2014-08-06 22:00:00,386600.0
2014-08-06 23:00:00,290100.0
2014-08-07 00:00:00,122600.0
2014-08-07 01:00:00,75500.0
2014-08-07 02:00:00,66500.0
2014-08-07 03:00:00,55000.0
2014-08-07 04:00:00,48500.0
2014-08-07 05:00:00,47100.0
2014-08-07 06:00:00,46200.0
2014-08-07 07:00:00,50600.0
2014-08-07 08:00:00,63000.0
2014-08-07 09:00:00,195200.0
2014-08-07 10:00:00,440000.0
2014-08-07 11:00:00,469600.0
2014-08-07 12:00:00,525400.0
2014-08-07 13:00:00,563500.0
2014-08-07 14:00:00,598500.0
2014-08-07 15:00:00,602500.0
2014-08-07 16:00:00,609300.0
2014-08-07 17:00:00,610300.0
2014-08-07 18:00:00,593600.0
2014-08-07 19:00:00,558200.0
2014-08-07 20:00:00,511300.0
2014-08-07 21:00:00,503700.0
2014-08-07 22:00:00,446900.0
2014-08-07 23:00:00,291500.0
2014-08-08 00:00:00,112500.0
2014-08-08 01:00:00,74300.0
2014-08-08 02:00:00,71100.0
2014-08-08 03:00:00,58200.0
2014-08-08 04:00:00,50100.0
2014-08-08 05:00:00,48700.0
2014-08-08 06:00:00,48100.0
2014-08-08 07:00:00,52600.0
2014-08-08 08:00:00,65600.0
2014-08-08 09:00:00,277200.0
2014-08-08 10:00:00,430600.0
2014-08-08 11:00:00,508500.0
2014-08-08 12:00:00,543500.0
2014-08-08 13:00:00,555200.0
2014-08-08 14:00:00,562200.0
2014-08-08 15:00:00,615900.0
2014-08-08 16:00:00,623700.0
2014-08-08 17:00:00,601700.0
2014-08-08 18:00:00,564200.0
2014-08-08 19:00:00,547400.0
2014-08-08 20:00:00,494600.0
2014-08-08 21:00:00,492900.0
2014-08-08 22:00:00,431300.0
2014-08-08 23:00:00,295100.0
2014-08-09 00:00:00,117600.0
2014-08-09 01:00:00,92300.0
2014-08-09 02:00:00,75900.0
2014-08-09 03:00:00,58500.0
2014-08-09 04:00:00,48300.0
2014-08-09 05:00:00,46800.0
2014-08-09 06:00:00,47300.0
2014-08-09 07:00:00,51400.0
2014-08-09 08:00:00,61900.0
2014-08-09 09:00:00,300800.0
2014-08-09 10:00:00,466300.0
2014-08-09 11:00:00,516100.0
2014-08-09 12:00:00,543200.0
2014-08-09 13:00:00,534300.0
2014-08-09 14:00:00,538200.0
2014-08-09 15:00:00,551700.0
2014-08-09 16:00:00,561100.0
2014-08-09 17:00:00,588300.0
2014-08-09 18:00:00,565600.0
2014-08-09 19:00:00,529500.0
2014-08-09 20:00:00,491300.0
2014-08-09 21:00:00,501900.0
2014-08-09 22:00:00,445900.0
2014-08-09 23:00:00,272200.0
2014-08-10 00:00:00,121200.0
2014-08-10 01:00:00,98100.0
2014-08-10 02:00:00,87300.0
2014-08-10 03:00:00,71800.0
2014-08-10 04:00:00,48900.0
2014-08-10 05:00:00,47800.0
2014-08-10 06:00:00,47400.0
2014-08-10 07:00:00,51400.0
2014-08-10 08:00:00,62900.0
2014-08-10 09:00:00,295800.0
2014-08-10 10:00:00,439300.0
2014-08-10 11:00:00,480300.0
2014-08-10 12:00:00,498300.0
2014-08-10 13:00:00,517800.0
2014-08-10 14:00:00,517500.0
2014-08-10 15:00:00,518500.0
2014-08-10 16:00:00,522400.0
2014-08-10 17:00:00,563400.0
2014-08-10 18:00:00,542600.0
2014-08-10 19:00:00,522600.0
2014-08-10 20:00:00,513700.0
2014-08-10 21:00:00,467700.0
2014-08-10 22:00:00,428000.0
2014-08-10 23:00:00,312200.0
2014-08-11 00:00:00,148000.0
2014-08-11 01:00:00,73900.0
2014-08-11 02:00:00,67600.0
2014-08-11 03:00:00,55800.0
2014-08-11 04:00:00,48900.0
2014-08-11 05:00:00,47400.0
2014-08-11 06:00:00,47400.0
2014-08-11 07:00:00,51600.0
2014-08-11 08:00:00,63400.0
2014-08-11 09:00:00,295400.0
2014-08-11 10:00:00,474100.0
2014-08-11 11:00:00,504600.0
2014-08-11 12:00:00,514900.0
2014-08-11 13:00:00,550500.0
2014-08-11 14:00:00,561700.0
2014-08-11 15:00:00,571900.0
2014-08-11 16:00:00,572700.0
2014-08-11 17:00:00,565100.0
2014-08-11 18:00:00,522100.0
2014-08-11 19:00:00,509700.0
2014-08-11 20:00:00,446400.0
2014-08-11 21:00:00,436000.0
2014-08-11 22:00:00,390300.0
2014-08-11 23:00:00,268300.0
2014-08-12 00:00:00,120300.0
2014-08-12 01:00:00,80600.0
2014-08-12 02:00:00,74300.0
2014-08-12 03:00:00,63500.0
2014-08-12 04:00:00,56000.0
2014-08-12 05:00:00,54500.0
2014-08-12 06:00:00,54000.0
2014-08-12 07:00:00,58600.0
2014-08-12 08:00:00,70300.0
2014-08-12 09:00:00,307200.0
2014-08-12 10:00:00,390000.0
2014-08-12 11:00:00,484900.0
2014-08-12 12:00:00,512400.0
2014-08-12 13:00:00,555000.0
2014-08-12 14:00:00,593500.0
2014-08-12 15:00:00,603500.0
2014-08-12 16:00:00,639600.0
2014-08-12 17:00:00,612500.0
2014-08-12 18:00:00,586800.0
2014-08-12 19:00:00,544900.0
2014-08-12 20:00:00,525200.0
2014-08-12 21:00:00,488900.0
2014-08-12 22:00:00,449200.0
2014-08-12 23:00:00,293400.0
2014-08-13 00:00:00,112900.0
2014-08-13 01:00:00,73500.0
2014-08-13 02:00:00,67100.0
2014-08-13 03:00:00,56400.0
2014-08-13 04:00:00,49600.0
2014-08-13 05:00:00,48200.0
2014-08-13 06:00:00,48500.0
2014-08-13 07:00:00,52100.0
2014-08-13 08:00:00,64900.0
2014-08-13 09:00:00,302200.0
2014-08-13 10:00:00,459300.0
2014-08-13 11:00:00,500400.0
2014-08-13 12:00:00,489000.0
2014-08-13 13:00:00,496100.0
2014-08-13 14:00:00,515900.0
2014-08-13 15:00:00,548600.0
2014-08-13 16:00:00,553200.0
2014-08-13 17:00:00,549200.0
2014-08-13 18:00:00,529800.0
2014-08-13 19:00:00,496700.0
2014-08-13 20:00:00,451300.0
2014-08-13 21:00:00,429100.0
2014-08-13 22:00:00,394700.0
2014-08-13 23:00:00,288900.0
2014-08-14 00:00:00,112000.0
2014-08-14 01:00:00,73800.0
2014-08-14 02:00:00,66500.0
2014-08-14 03:00:00,56000.0
2014-08-14 04:00:00,49100.0
2014-08-14 05:00:00,46900.0
2014-08-14 06:00:00,47500.0
2014-08-14 07:00:00,50900.0
2014-08-14 08:00:00,61200.0
2014-08-14 09:00:00,237000.0
2014-08-14 10:00:00,355900.0
2014-08-14 11:00:00,445300.0
2014-08-14 12:00:00,453600.0
2014-08-14 13:00:00,497700.0
2014-08-14 14:00:00,555700.0
2014-08-14 15:00:00,571100.0
2014-08-14 16:00:00,578700.0
2014-08-14 17:00:00,577900.0
2014-08-14 18:00:00,544000.0
2014-08-14 19:00:00,527300.0
2014-08-14 20:00:00,461300.0
2014-08-14 21:00:00,454600.0
2014-08-14 22:00:00,404300.0
2014-08-14 23:00:00,281900.0
2014-08-15 00:00:00,119600.0
2014-08-15 01:00:00,73800.0
2014-08-15 02:00:00,67900.0
2014-08-15 03:00:00,56400.0
2014-08-15 04:00:00,49000.0
2014-08-15 05:00:00,47800.0
2014-08-15 06:00:00,47400.0
2014-08-15 07:00:00,51300.0
2014-08-15 08:00:00,63000.0
2014-08-15 09:00:00,266500.0
2014-08-15 10:00:00,388600.0
2014-08-15 11:00:00,462600.0
2014-08-15 12:00:00,522700.0
2014-08-15 13:00:00,552200.0
2014-08-15 14:00:00,502500.0
2014-08-15 15:00:00,520000.0
2014-08-15 16:00:00,539800.0
2014-08-15 17:00:00,561300.0
2014-08-15 18:00:00,589400.0
2014-08-15 19:00:00,561300.0
2014-08-15 20:00:00,524400.0
2014-08-15 21:00:00,471500.0
2014-08-15 22:00:00,424900.0
2014-08-15 23:00:00,295800.0
2014-08-16 00:00:00,120600.0
2014-08-16 01:00:00,97900.0
2014-08-16 02:00:00,80300.0
2014-08-16 03:00:00,59200.0
2014-08-16 04:00:00,49300.0
2014-08-16 05:00:00,47900.0
2014-08-16 06:00:00,47500.0
2014-08-16 07:00:00,51800.0
2014-08-16 08:00:00,61800.0
2014-08-16 09:00:00,269500.0
2014-08-16 10:00:00,418800.0
2014-08-16 11:00:00,492300.0
2014-08-16 12:00:00,502100.0
2014-08-16 13:00:00,477500.0
2014-08-16 14:00:00,501200.0
2014-08-16 15:00:00,505700.0
2014-08-16 16:00:00,508300.0
2014-08-16 17:00:00,511400.0
2014-08-16 18:00:00,510700.0
2014-08-16 19:00:00,484300.0
2014-08-16 20:00:00,451100.0
2014-08-16 21:00:00,414500.0
2014-08-16 22:00:00,395700.0
2014-08-16 23:00:00,233200.0
2014-08-17 00:00:00,124100.0
2014-08-17 01:00:00,98800.0
2014-08-17 02:00:00,89100.0
2014-08-17 03:00:00,74100.0
2014-08-17 04:00:00,50900.0
2014-08-17 05:00:00,49200.0
2014-08-17 06:00:00,50200.0
2014-08-17 07:00:00,52700.0
2014-08-17 08:00:00,62900.0
2014-08-17 09:00:00,254900.0
2014-08-17 10:00:00,514800.0
2014-08-17 11:00:00,535300.0
2014-08-17 12:00:00,560900.0
2014-08-17 13:00:00,561300.0
2014-08-17 14:00:00,561700.0
2014-08-17 15:00:00,565400.0
2014-08-17 16:00:00,561400.0
2014-08-17 17:00:00,558200.0
2014-08-17 18:00:00,540000.0
2014-08-17 19:00:00,518000.0
2014-08-17 20:00:00,512900.0
2014-08-17 21:00:00,508800.0
2014-08-17 22:00:00,443700.0
2014-08-17 23:00:00,247500.0
2014-08-18 00:00:00,113900.0
2014-08-18 01:00:00,74400.0
2014-08-18 02:00:00,68500.0
2014-08-18 03:00:00,57800.0
2014-08-18 04:00:00,50600.0
2014-08-18 05:00:00,48700.0
2014-08-18 06:00:00,49100.0
2014-08-18 07:00:00,53800.0
2014-08-18 08:00:00,63800.0
2014-08-18 09:00:00,276200.0
2014-08-18 10:00:00,435900.0
2014-08-18 11:00:00,516900.0
2014-08-18 12:00:00,532700.0
2014-08-18 13:00:00,537800.0
2014-08-18 14:00:00,544600.0
2014-08-18 15:00:00,539000.0
2014-08-18 16:00:00,556600.0
2014-08-18 17:00:00,551900.0
2014-08-18 18:00:00,551900.0
2014-08-18 19:00:00,496400.0
2014-08-18 20:00:00,430800.0
2014-08-18 21:00:00,423100.0
2014-08-18 22:00:00,380000.0
2014-08-18 23:00:00,282000.0
2014-08-19 00:00:00,134100.0
2014-08-19 01:00:00,74700.0
2014-08-19 02:00:00,66300.0
2014-08-19 03:00:00,56000.0
2014-08-19 04:00:00,48900.0
2014-08-19 05:00:00,47200.0
2014-08-19 06:00:00,47500.0
2014-08-19 07:00:00,51700.0
2014-08-19 08:00:00,61900.0
2014-08-19 09:00:00,246300.0
2014-08-19 10:00:00,354100.0
2014-08-19 11:00:00,389900.0
2014-08-19 12:00:00,426600.0
2014-08-19 13:00:00,447100.0
2014-08-19 14:00:00,459300.0
2014-08-19 15:00:00,479700.0
2014-08-19 16:00:00,514900.0
2014-08-19 17:00:00,513200.0
2014-08-19 18:00:00,475300.0
2014-08-19 19:00:00,445100.0
2014-08-19 20:00:00,414200.0
2014-08-19 21:00:00,406200.0
2014-08-19 22:00:00,367900.0
2014-08-19 23:00:00,243300.0
2014-08-20 00:00:00,111300.0
2014-08-20 01:00:00,72800.0
2014-08-20 02:00:00,66300.0
2014-08-20 03:00:00,56400.0
2014-08-20 04:00:00,49400.0
2014-08-20 05:00:00,47800.0
2014-08-20 06:00:00,47700.0
2014-08-20 07:00:00,51100.0
2014-08-20 08:00:00,62000.0
2014-08-20 09:00:00,263100.0
2014-08-20 10:00:00,389700.0
2014-08-20 11:00:00,440200.0
2014-08-20 12:00:00,439800.0
2014-08-20 13:00:00,443800.0
2014-08-20 14:00:00,459200.0
2014-08-20 15:00:00,464000.0
2014-08-20 16:00:00,475300.0
2014-08-20 17:00:00,490900.0
2014-08-20 18:00:00,494500.0
2014-08-20 19:00:00,473500.0
2014-08-20 20:00:00,462800.0
2014-08-20 21:00:00,417200.0
2014-08-20 22:00:00,349000.0
2014-08-20 23:00:00,210600.0
2014-08-21 00:00:00,112300.0
2014-08-21 01:00:00,72000.0
2014-08-21 02:00:00,65900.0
2014-08-21 03:00:00,55500.0
2014-08-21 04:00:00,49600.0
2014-08-21 05:00:00,48200.0
2014-08-21 06:00:00,47800.0
2014-08-21 07:00:00,51200.0
2014-08-21 08:00:00,62800.0
2014-08-21 09:00:00,230300.0
2014-08-21 10:00:00,377500.0
2014-08-21 11:00:00,439800.0
2014-08-21 12:00:00,474100.0
2014-08-21 13:00:00,482400.0
2014-08-21 14:00:00,509800.0
2014-08-21 15:00:00,511300.0
2014-08-21 16:00:00,513500.0
2014-08-21 17:00:00,519400.0
2014-08-21 18:00:00,497800.0
2014-08-21 19:00:00,456700.0
2014-08-21 20:00:00,428400.0
2014-08-21 21:00:00,411200.0
2014-08-21 22:00:00,382700.0
2014-08-21 23:00:00,228100.0
2014-08-22 00:00:00,115200.0
2014-08-22 01:00:00,74600.0
2014-08-22 02:00:00,67100.0
2014-08-22 03:00:00,57100.0
2014-08-22 04:00:00,50700.0
2014-08-22 05:00:00,49300.0
2014-08-22 06:00:00,49200.0
2014-08-22 07:00:00,52600.0
2014-08-22 08:00:00,64100.0
2014-08-22 09:00:00,260500.0
2014-08-22 10:00:00,357300.0
2014-08-22 11:00:00,408200.0
2014-08-22 12:00:00,457600.0
2014-08-22 13:00:00,472300.0
2014-08-22 14:00:00,482600.0
2014-08-22 15:00:00,523600.0
2014-08-22 16:00:00,503500.0
2014-08-22 17:00:00,519800.0
2014-08-22 18:00:00,489800.0
2014-08-22 19:00:00,454100.0
2014-08-22 20:00:00,420000.0
2014-08-22 21:00:00,400000.0
2014-08-22 22:00:00,375000.0
2014-08-22 23:00:00,247400.0
2014-08-23 00:00:00,116700.0
2014-08-23 01:00:00,93900.0
2014-08-23 02:00:00,77600.0
2014-08-23 03:00:00,59300.0
2014-08-23 04:00:00,49100.0
2014-08-23 05:00:00,47700.0
2014-08-23 06:00:00,46600.0
2014-08-23 07:00:00,51400.0
2014-08-23 08:00:00,61800.0
2014-08-23 09:00:00,251400.0
2014-08-23 10:00:00,356900.0
2014-08-23 11:00:00,391600.0
2014-08-23 12:00:00,451900.0
2014-08-23 13:00:00,474200.0
2014-08-23 14:00:00,507500.0
2014-08-23 15:00:00,528500.0
2014-08-23 16:00:00,533800.0
2014-08-23 17:00:00,527400.0
2014-08-23 18:00:00,518000.0
2014-08-23 19:00:00,442600.0
2014-08-23 20:00:00,422300.0
2014-08-23 21:00:00,397300.0
2014-08-23 22:00:00,352700.0
2014-08-23 23:00:00,252800.0
2014-08-24 00:00:00,124200.0
2014-08-24 01:00:00,97600.0
2014-08-24 02:00:00,87800.0
2014-08-24 03:00:00,72400.0
2014-08-24 04:00:00,48700.0
2014-08-24 05:00:00,47300.0
2014-08-24 06:00:00,48100.0
2014-08-24 07:00:00,52000.0
2014-08-24 08:00:00,61400.0
2014-08-24 09:00:00,252200.0
2014-08-24 10:00:00,373600.0
2014-08-24 11:00:00,439600.0
2014-08-24 12:00:00,483000.0
2014-08-24 13:00:00,465000.0
2014-08-24 14:00:00,490200.0
2014-08-24 15:00:00,513300.0
2014-08-24 16:00:00,492400.0
2014-08-24 17:00:00,519400.0
2014-08-24 18:00:00,504800.0
2014-08-24 19:00:00,493700.0
2014-08-24 20:00:00,444200.0
2014-08-24 21:00:00,412900.0
2014-08-24 22:00:00,315100.0
2014-08-24 23:00:00,213200.0
2014-08-25 00:00:00,112900.0
2014-08-25 01:00:00,74000.0
2014-08-25 02:00:00,66400.0
2014-08-25 03:00:00,56700.0
2014-08-25 04:00:00,49000.0
2014-08-25 05:00:00,47600.0
2014-08-25 06:00:00,48400.0
2014-08-25 07:00:00,51800.0
2014-08-25 08:00:00,62300.0
2014-08-25 09:00:00,290000.0
2014-08-25 10:00:00,427800.0
2014-08-25 11:00:00,483800.0
2014-08-25 12:00:00,494600.0
2014-08-25 13:00:00,500600.0
2014-08-25 14:00:00,496300.0
2014-08-25 15:00:00,485800.0
2014-08-25 16:00:00,512700.0
2014-08-25 17:00:00,517900.0
2014-08-25 18:00:00,567100.0
2014-08-25 19:00:00,543200.0
2014-08-25 20:00:00,476800.0
2014-08-25 21:00:00,450200.0
2014-08-25 22:00:00,404000.0
2014-08-25 23:00:00,295400.0
2014-08-26 00:00:00,112000.0
2014-08-26 01:00:00,74400.0
2014-08-26 02:00:00,66600.0
2014-08-26 03:00:00,56200.0
2014-08-26 04:00:00,48600.0
2014-08-26 05:00:00,47100.0
2014-08-26 06:00:00,47700.0
2014-08-26 07:00:00,51600.0
2014-08-26 08:00:00,62300.0
2014-08-26 09:00:00,279000.0
2014-08-26 10:00:00,491500.0
2014-08-26 11:00:00,544400.0
2014-08-26 12:00:00,569900.0
2014-08-26 13:00:00,599700.0
2014-08-26 14:00:00,606800.0
2014-08-26 15:00:00,622200.0
2014-08-26 16:00:00,634200.0
2014-08-26 17:00:00,672400.0
2014-08-26 18:00:00,654000.0
2014-08-26 19:00:00,608000.0
2014-08-26 20:00:00,572500.0
2014-08-26 21:00:00,551900.0
2014-08-26 22:00:00,489900.0
2014-08-26 23:00:00,331200.0
2014-08-27 00:00:00,140300.0
2014-08-27 01:00:00,74800.0
2014-08-27 02:00:00,67500.0
2014-08-27 03:00:00,56700.0
2014-08-27 04:00:00,49900.0
2014-08-27 05:00:00,49100.0
2014-08-27 06:00:00,48900.0
2014-08-27 07:00:00,51700.0
2014-08-27 08:00:00,62400.0
2014-08-27 09:00:00,290600.0
2014-08-27 10:00:00,487700.0
2014-08-27 11:00:00,554000.0
2014-08-27 12:00:00,599200.0
2014-08-27 13:00:00,618800.0
2014-08-27 14:00:00,628100.0
2014-08-27 15:00:00,650400.0
2014-08-27 16:00:00,630900.0
2014-08-27 17:00:00,623300.0
2014-08-27 18:00:00,633100.0
2014-08-27 19:00:00,583700.0
2014-08-27 20:00:00,537500.0
2014-08-27 21:00:00,514200.0
2014-08-27 22:00:00,454400.0
2014-08-27 23:00:00,269900.0
2014-08-28 00:00:00,113800.0
2014-08-28 01:00:00,74900.0
2014-08-28 02:00:00,67100.0
2014-08-28 03:00:00,56300.0
2014-08-28 04:00:00,49500.0
2014-08-28 05:00:00,48400.0
2014-08-28 06:00:00,48400.0
2014-08-28 07:00:00,51800.0
2014-08-28 08:00:00,62400.0
2014-08-28 09:00:00,278900.0
2014-08-28 10:00:00,474600.0
2014-08-28 11:00:00,518800.0
2014-08-28 12:00:00,553900.0
2014-08-28 13:00:00,590000.0
2014-08-28 14:00:00,580100.0
2014-08-28 15:00:00,584500.0
2014-08-28 16:00:00,626000.0
2014-08-28 17:00:00,630600.0
2014-08-28 18:00:00,598300.0
2014-08-28 19:00:00,523200.0
2014-08-28 20:00:00,491100.0
2014-08-28 21:00:00,460800.0
2014-08-28 22:00:00,418800.0
2014-08-28 23:00:00,231200.0
2014-08-29 00:00:00,112900.0
2014-08-29 01:00:00,76700.0
2014-08-29 02:00:00,71500.0
2014-08-29 03:00:00,59600.0
2014-08-29 04:00:00,51200.0
2014-08-29 05:00:00,50600.0
2014-08-29 06:00:00,48700.0
2014-08-29 07:00:00,53200.0
2014-08-29 08:00:00,63900.0
2014-08-29 09:00:00,264700.0
2014-08-29 10:00:00,385100.0
2014-08-29 11:00:00,458500.0
2014-08-29 12:00:00,497400.0
2014-08-29 13:00:00,516900.0
2014-08-29 14:00:00,540700.0
2014-08-29 15:00:00,518500.0
2014-08-29 16:00:00,523200.0
2014-08-29 17:00:00,563900.0
2014-08-29 18:00:00,551600.0
2014-08-29 19:00:00,519200.0
2014-08-29 20:00:00,462400.0
2014-08-29 21:00:00,449600.0
2014-08-29 22:00:00,373100.0
2014-08-29 23:00:00,226500.0
2014-08-30 00:00:00,117700.0
2014-08-30 01:00:00,96600.0
2014-08-30 02:00:00,78300.0
2014-08-30 03:00:00,59600.0
2014-08-30 04:00:00,49500.0
2014-08-30 05:00:00,48900.0
2014-08-30 06:00:00,48800.0
2014-08-30 07:00:00,51300.0
2014-08-30 08:00:00,61600.0
2014-08-30 09:00:00,263800.0
2014-08-30 10:00:00,381300.0
2014-08-30 11:00:00,444200.0
2014-08-30 12:00:00,485700.0
2014-08-30 13:00:00,508000.0
2014-08-30 14:00:00,543800.0
2014-08-30 15:00:00,535600.0
2014-08-30 16:00:00,548400.0
2014-08-30 17:00:00,514100.0
2014-08-30 18:00:00,512600.0
2014-08-30 19:00:00,466500.0
2014-08-30 20:00:00,423500.0
2014-08-30 21:00:00,407000.0
2014-08-30 22:00:00,372900.0
2014-08-30 23:00:00,233200.0
2014-08-31 00:00:00,124300.0
2014-08-31 01:00:00,99100.0
2014-08-31 02:00:00,88100.0
2014-08-31 03:00:00,72100.0
2014-08-31 04:00:00,49100.0
2014-08-31 05:00:00,47600.0
2014-08-31 06:00:00,48100.0
2014-08-31 07:00:00,50700.0
2014-08-31 08:00:00,61100.0
2014-08-31 09:00:00,265600.0
2014-08-31 10:00:00,387500.0
2014-08-31 11:00:00,446100.0
2014-08-31 12:00:00,470200.0
2014-08-31 13:00:00,459700.0
2014-08-31 14:00:00,501000.0
2014-08-31 15:00:00,495500.0
2014-08-31 16:00:00,476400.0
2014-08-31 17:00:00,486200.0
2014-08-31 18:00:00,482700.0
2014-08-31 19:00:00,476900.0
2014-08-31 20:00:00,484900.0
2014-08-31 21:00:00,422200.0
2014-08-31 22:00:00,388700.0
2014-08-31 23:00:00,279700.0
2014-09-01 00:00:00,185400.0
2014-09-01 01:00:00,74400.0
2014-09-01 02:00:00,70900.0
2014-09-01 03:00:00,60200.0
2014-09-01 04:00:00,52900.0
2014-09-01 05:00:00,52400.0
2014-09-01 06:00:00,51400.0
2014-09-01 07:00:00,42400.0
2014-09-01 08:00:00,50400.0
2014-09-01 09:00:00,257500.0
2014-09-01 10:00:00,453000.0
2014-09-01 11:00:00,517800.0
2014-09-01 12:00:00,518600.0
2014-09-01 13:00:00,517300.0
2014-09-01 14:00:00,531700.0
2014-09-01 15:00:00,502800.0
2014-09-01 16:00:00,490900.0
2014-09-01 17:00:00,514800.0
2014-09-01 18:00:00,509100.0
2014-09-01 19:00:00,504600.0
2014-09-01 20:00:00,469100.0
2014-09-01 21:00:00,466500.0
2014-09-01 22:00:00,405300.0
2014-09-01 23:00:00,319600.0
2014-09-02 00:00:00,194800.0
2014-09-02 01:00:00,87500.0
2014-09-02 02:00:00,67700.0
2014-09-02 03:00:00,59100.0
2014-09-02 04:00:00,50400.0
2014-09-02 05:00:00,48800.0
2014-09-02 06:00:00,50200.0
2014-09-02 07:00:00,52700.0
2014-09-02 08:00:00,65400.0
2014-09-02 09:00:00,292100.0
2014-09-02 10:00:00,451100.0
2014-09-02 11:00:00,495200.0
2014-09-02 12:00:00,530700.0
2014-09-02 13:00:00,535200.0
2014-09-02 14:00:00,535000.0
2014-09-02 15:00:00,526000.0
2014-09-02 16:00:00,514500.0
2014-09-02 17:00:00,525400.0
2014-09-02 18:00:00,523800.0
2014-09-02 19:00:00,509300.0
2014-09-02 20:00:00,472900.0
2014-09-02 21:00:00,453700.0
2014-09-02 22:00:00,427200.0
2014-09-02 23:00:00,231700.0
2014-09-03 00:00:00,112600.0
2014-09-03 01:00:00,74600.0
2014-09-03 02:00:00,67600.0
2014-09-03 03:00:00,57600.0
2014-09-03 04:00:00,50700.0
2014-09-03 05:00:00,48600.0
2014-09-03 06:00:00,48300.0
2014-09-03 07:00:00,51800.0
2014-09-03 08:00:00,63900.0
2014-09-03 09:00:00,280500.0
2014-09-03 10:00:00,403000.0
2014-09-03 11:00:00,439300.0
2014-09-03 12:00:00,477800.0
2014-09-03 13:00:00,481200.0
2014-09-03 14:00:00,490100.0
2014-09-03 15:00:00,485700.0
2014-09-03 16:00:00,510600.0
2014-09-03 17:00:00,528900.0
2014-09-03 18:00:00,530400.0
2014-09-03 19:00:00,508700.0
2014-09-03 20:00:00,474300.0
2014-09-03 21:00:00,459300.0
2014-09-03 22:00:00,422200.0
2014-09-03 23:00:00,249600.0
2014-09-04 00:00:00,113900.0
2014-09-04 01:00:00,74400.0
2014-09-04 02:00:00,67500.0
2014-09-04 03:00:00,57100.0
2014-09-04 04:00:00,50100.0
2014-09-04 05:00:00,49000.0
2014-09-04 06:00:00,48700.0
2014-09-04 07:00:00,52000.0
2014-09-04 08:00:00,64300.0
2014-09-04 09:00:00,265700.0
2014-09-04 10:00:00,431900.0
2014-09-04 11:00:00,456400.0
2014-09-04 12:00:00,499500.0
2014-09-04 13:00:00,499000.0
2014-09-04 14:00:00,491100.0
2014-09-04 15:00:00,491800.0
2014-09-04 16:00:00,489000.0
2014-09-04 17:00:00,505900.0
2014-09-04 18:00:00,510000.0
2014-09-04 19:00:00,480500.0
2014-09-04 20:00:00,469100.0
2014-09-04 21:00:00,431200.0
2014-09-04 22:00:00,397100.0
2014-09-04 23:00:00,273500.0
2014-09-05 00:00:00,115000.0
2014-09-05 01:00:00,78100.0
2014-09-05 02:00:00,69500.0
2014-09-05 03:00:00,58100.0
2014-09-05 04:00:00,50800.0
2014-09-05 05:00:00,48800.0
2014-09-05 06:00:00,48100.0
2014-09-05 07:00:00,67900.0
2014-09-05 08:00:00,68800.0
2014-09-05 09:00:00,242100.0
2014-09-05 10:00:00,406100.0
2014-09-05 11:00:00,438100.0
2014-09-05 12:00:00,474500.0
2014-09-05 13:00:00,464200.0
2014-09-05 14:00:00,478000.0
2014-09-05 15:00:00,487400.0
2014-09-05 16:00:00,506000.0
2014-09-05 17:00:00,492500.0
2014-09-05 18:00:00,490000.0
2014-09-05 19:00:00,469500.0
2014-09-05 20:00:00,501300.0
2014-09-05 21:00:00,451400.0
2014-09-05 22:00:00,421700.0
2014-09-05 23:00:00,306200.0
2014-09-06 00:00:00,119600.0
2014-09-06 01:00:00,96700.0
2014-09-06 02:00:00,78800.0
2014-09-06 03:00:00,60400.0
2014-09-06 04:00:00,50800.0
2014-09-06 05:00:00,49700.0
2014-09-06 06:00:00,49600.0
2014-09-06 07:00:00,58400.0
2014-09-06 08:00:00,63600.0
2014-09-06 09:00:00,293400.0
2014-09-06 10:00:00,437600.0
2014-09-06 11:00:00,478900.0
2014-09-06 12:00:00,476400.0
2014-09-06 13:00:00,498400.0
2014-09-06 14:00:00,506100.0
2014-09-06 15:00:00,510200.0
2014-09-06 16:00:00,507900.0
2014-09-06 17:00:00,504700.0
2014-09-06 18:00:00,495100.0
2014-09-06 19:00:00,465700.0
2014-09-06 20:00:00,468600.0
2014-09-06 21:00:00,464600.0
2014-09-06 22:00:00,435300.0
2014-09-06 23:00:00,277400.0
2014-09-07 00:00:00,123100.0
2014-09-07 01:00:00,97600.0
2014-09-07 02:00:00,88600.0
2014-09-07 03:00:00,74400.0
2014-09-07 04:00:00,50300.0
2014-09-07 05:00:00,49900.0
2014-09-07 06:00:00,49900.0
2014-09-07 07:00:00,53000.0
2014-09-07 08:00:00,63300.0
2014-09-07 09:00:00,292200.0
2014-09-07 10:00:00,444400.0
2014-09-07 11:00:00,497000.0
2014-09-07 12:00:00,504100.0
2014-09-07 13:00:00,511400.0
2014-09-07 14:00:00,518400.0
2014-09-07 15:00:00,527300.0
2014-09-07 16:00:00,517800.0
2014-09-07 17:00:00,518200.0
2014-09-07 18:00:00,510100.0
2014-09-07 19:00:00,476700.0
2014-09-07 20:00:00,482000.0
2014-09-07 21:00:00,467500.0
2014-09-07 22:00:00,444000.0
2014-09-07 23:00:00,304000.0
2014-09-08 00:00:00,130600.0
2014-09-08 01:00:00,74800.0
2014-09-08 02:00:00,67100.0
2014-09-08 03:00:00,60000.0
2014-09-08 04:00:00,60800.0
2014-09-08 05:00:00,60600.0
2014-09-08 06:00:00,61100.0
2014-09-08 07:00:00,65400.0
2014-09-08 08:00:00,76900.0
2014-09-08 09:00:00,282000.0
2014-09-08 10:00:00,439600.0
2014-09-08 11:00:00,489200.0
2014-09-08 12:00:00,502400.0
2014-09-08 13:00:00,512500.0
2014-09-08 14:00:00,499700.0
2014-09-08 15:00:00,490200.0
2014-09-08 16:00:00,486900.0
2014-09-08 17:00:00,504200.0
2014-09-08 18:00:00,480400.0
2014-09-08 19:00:00,471000.0
2014-09-08 20:00:00,457100.0
2014-09-08 21:00:00,450600.0
2014-09-08 22:00:00,427500.0
2014-09-08 23:00:00,288400.0
2014-09-09 00:00:00,112300.0
2014-09-09 01:00:00,72600.0
2014-09-09 02:00:00,68600.0
2014-09-09 03:00:00,57700.0
2014-09-09 04:00:00,52400.0
2014-09-09 05:00:00,50500.0
2014-09-09 06:00:00,47800.0
2014-09-09 07:00:00,52000.0
2014-09-09 08:00:00,63100.0
2014-09-09 09:00:00,253200.0
2014-09-09 10:00:00,479500.0
2014-09-09 11:00:00,488300.0
2014-09-09 12:00:00,479500.0
2014-09-09 13:00:00,481500.0
2014-09-09 14:00:00,486900.0
2014-09-09 15:00:00,480600.0
2014-09-09 16:00:00,478300.0
2014-09-09 17:00:00,472200.0
2014-09-09 18:00:00,481200.0
2014-09-09 19:00:00,446900.0
2014-09-09 20:00:00,439900.0
2014-09-09 21:00:00,425900.0
2014-09-09 22:00:00,405600.0
2014-09-09 23:00:00,284800.0
2014-09-10 00:00:00,111900.0
2014-09-10 01:00:00,73600.0
2014-09-10 02:00:00,65600.0
2014-09-10 03:00:00,62600.0
2014-09-10 04:00:00,49200.0
2014-09-10 05:00:00,47500.0
2014-09-10 06:00:00,47600.0
2014-09-10 07:00:00,58900.0
2014-09-10 08:00:00,68900.0
2014-09-10 09:00:00,267500.0
2014-09-10 10:00:00,405400.0
2014-09-10 11:00:00,495900.0
2014-09-10 12:00:00,462700.0
2014-09-10 13:00:00,485500.0
2014-09-10 14:00:00,468200.0
2014-09-10 15:00:00,478200.0
2014-09-10 16:00:00,453900.0
2014-09-10 17:00:00,507700.0
2014-09-10 18:00:00,484200.0
2014-09-10 19:00:00,460300.0
2014-09-10 20:00:00,449900.0
2014-09-10 21:00:00,441000.0
2014-09-10 22:00:00,406900.0
2014-09-10 23:00:00,283300.0
2014-09-11 00:00:00,112400.0
2014-09-11 01:00:00,74400.0
2014-09-11 02:00:00,72000.0
2014-09-11 03:00:00,61000.0
2014-09-11 04:00:00,65400.0
2014-09-11 05:00:00,57800.0
2014-09-11 06:00:00,46300.0
2014-09-11 07:00:00,48600.0
2014-09-11 08:00:00,60700.0
2014-09-11 09:00:00,191100.0
2014-09-11 10:00:00,477900.0
2014-09-11 11:00:00,459500.0
2014-09-11 12:00:00,433400.0
2014-09-11 13:00:00,476400.0
2014-09-11 14:00:00,493700.0
2014-09-11 15:00:00,540900.0
2014-09-11 16:00:00,498300.0
2014-09-11 17:00:00,469400.0
2014-09-11 18:00:00,477000.0
2014-09-11 19:00:00,466100.0
2014-09-11 20:00:00,448200.0
2014-09-11 21:00:00,470200.0
2014-09-11 22:00:00,431300.0
2014-09-11 23:00:00,274100.0
2014-09-12 00:00:00,114000.0
2014-09-12 01:00:00,73900.0
2014-09-12 02:00:00,72200.0
2014-09-12 03:00:00,60000.0
2014-09-12 04:00:00,51000.0
2014-09-12 05:00:00,48600.0
2014-09-12 06:00:00,51100.0
2014-09-12 07:00:00,55500.0
2014-09-12 08:00:00,62500.0
2014-09-12 09:00:00,193500.0
2014-09-12 10:00:00,448900.0
2014-09-12 11:00:00,458200.0
2014-09-12 12:00:00,430400.0
2014-09-12 13:00:00,465600.0
2014-09-12 14:00:00,463400.0
2014-09-12 15:00:00,469300.0
2014-09-12 16:00:00,467700.0
2014-09-12 17:00:00,465300.0
2014-09-12 18:00:00,462800.0
2014-09-12 19:00:00,431100.0
2014-09-12 20:00:00,444300.0
2014-09-12 21:00:00,421300.0
2014-09-12 22:00:00,404000.0
2014-09-12 23:00:00,311800.0
2014-09-13 00:00:00,145800.0
2014-09-13 01:00:00,92700.0
2014-09-13 02:00:00,74800.0
2014-09-13 03:00:00,57700.0
2014-09-13 04:00:00,50000.0
2014-09-13 05:00:00,51400.0
2014-09-13 06:00:00,47400.0
2014-09-13 07:00:00,56000.0
2014-09-13 08:00:00,61100.0
2014-09-13 09:00:00,250700.0
2014-09-13 10:00:00,394600.0
2014-09-13 11:00:00,442700.0
2014-09-13 12:00:00,443000.0
2014-09-13 13:00:00,430500.0
2014-09-13 14:00:00,444000.0
2014-09-13 15:00:00,451600.0
2014-09-13 16:00:00,448100.0
2014-09-13 17:00:00,440700.0
2014-09-13 18:00:00,425500.0
2014-09-13 19:00:00,427900.0
2014-09-13 20:00:00,433700.0
2014-09-13 21:00:00,432900.0
2014-09-13 22:00:00,388200.0
2014-09-13 23:00:00,286400.0
2014-09-14 00:00:00,128600.0
2014-09-14 01:00:00,95400.0
2014-09-14 02:00:00,85900.0
2014-09-14 03:00:00,70700.0
2014-09-14 04:00:00,48100.0
2014-09-14 05:00:00,46700.0
2014-09-14 06:00:00,46800.0
2014-09-14 07:00:00,56000.0
2014-09-14 08:00:00,62100.0
2014-09-14 09:00:00,248500.0
2014-09-14 10:00:00,354700.0
2014-09-14 11:00:00,425200.0
2014-09-14 12:00:00,447600.0
2014-09-14 13:00:00,463700.0
2014-09-14 14:00:00,455400.0
2014-09-14 15:00:00,466300.0
2014-09-14 16:00:00,464500.0
2014-09-14 17:00:00,454600.0
2014-09-14 18:00:00,439700.0
2014-09-14 19:00:00,427500.0
2014-09-14 20:00:00,423000.0
2014-09-14 21:00:00,406800.0
2014-09-14 22:00:00,383900.0
2014-09-14 23:00:00,286700.0
2014-09-15 00:00:00,130000.0
2014-09-15 01:00:00,70700.0
2014-09-15 02:00:00,64700.0
2014-09-15 03:00:00,55100.0
2014-09-15 04:00:00,48800.0
2014-09-15 05:00:00,46200.0
2014-09-15 06:00:00,52200.0
2014-09-15 07:00:00,50500.0
2014-09-15 08:00:00,62400.0
2014-09-15 09:00:00,251000.0
2014-09-15 10:00:00,407800.0
2014-09-15 11:00:00,430500.0
2014-09-15 12:00:00,465400.0
2014-09-15 13:00:00,447300.0
2014-09-15 14:00:00,448800.0
2014-09-15 15:00:00,431600.0
2014-09-15 16:00:00,467500.0
2014-09-15 17:00:00,438400.0
2014-09-15 18:00:00,433900.0
2014-09-15 19:00:00,396300.0
2014-09-15 20:00:00,396700.0
2014-09-15 21:00:00,389800.0
2014-09-15 22:00:00,350400.0
2014-09-15 23:00:00,189800.0
2014-09-16 00:00:00,102000.0
2014-09-16 01:00:00,72200.0
2014-09-16 02:00:00,65900.0
2014-09-16 03:00:00,55400.0
2014-09-16 04:00:00,48500.0
2014-09-16 05:00:00,46800.0
2014-09-16 06:00:00,47000.0
2014-09-16 07:00:00,51000.0
2014-09-16 08:00:00,61800.0
2014-09-16 09:00:00,253900.0
2014-09-16 10:00:00,366000.0
2014-09-16 11:00:00,404600.0
2014-09-16 12:00:00,426900.0
2014-09-16 13:00:00,449100.0
2014-09-16 14:00:00,424200.0
2014-09-16 15:00:00,431500.0
2014-09-16 16:00:00,432400.0
2014-09-16 17:00:00,429200.0
2014-09-16 18:00:00,397900.0
2014-09-16 19:00:00,404200.0
2014-09-16 20:00:00,396100.0
2014-09-16 21:00:00,389100.0
2014-09-16 22:00:00,275100.0
2014-09-16 23:00:00,132900.0
2014-09-17 00:00:00,103000.0
2014-09-17 01:00:00,74200.0
2014-09-17 02:00:00,64600.0
2014-09-17 03:00:00,56900.0
2014-09-17 04:00:00,51300.0
2014-09-17 05:00:00,49700.0
2014-09-17 06:00:00,50200.0
2014-09-17 07:00:00,52500.0
2014-09-17 08:00:00,63900.0
2014-09-17 09:00:00,265500.0
2014-09-17 10:00:00,364000.0
2014-09-17 11:00:00,419600.0
2014-09-17 12:00:00,418500.0
2014-09-17 13:00:00,421000.0
2014-09-17 14:00:00,427000.0
2014-09-17 15:00:00,430100.0
2014-09-17 16:00:00,432700.0
2014-09-17 17:00:00,408600.0
2014-09-17 18:00:00,396900.0
2014-09-17 19:00:00,383400.0
2014-09-17 20:00:00,378400.0
2014-09-17 21:00:00,376800.0
2014-09-17 22:00:00,245000.0
2014-09-17 23:00:00,132800.0
2014-09-18 00:00:00,100400.0
2014-09-18 01:00:00,70100.0
2014-09-18 02:00:00,65700.0
2014-09-18 03:00:00,56600.0
2014-09-18 04:00:00,50300.0
2014-09-18 05:00:00,49400.0
2014-09-18 06:00:00,49300.0
2014-09-18 07:00:00,52700.0
2014-09-18 08:00:00,62700.0
2014-09-18 09:00:00,249200.0
2014-09-18 10:00:00,388500.0
2014-09-18 11:00:00,367800.0
2014-09-18 12:00:00,404800.0
2014-09-18 13:00:00,390000.0
2014-09-18 14:00:00,425800.0
2014-09-18 15:00:00,385900.0
2014-09-18 16:00:00,391600.0
2014-09-18 17:00:00,393000.0
2014-09-18 18:00:00,392600.0
2014-09-18 19:00:00,366100.0
2014-09-18 20:00:00,382500.0
2014-09-18 21:00:00,374600.0
2014-09-18 22:00:00,232100.0
2014-09-18 23:00:00,134000.0
2014-09-19 00:00:00,93500.0
2014-09-19 01:00:00,55700.0
2014-09-19 02:00:00,52700.0
2014-09-19 03:00:00,50000.0
2014-09-19 04:00:00,48800.0
2014-09-19 05:00:00,47900.0
2014-09-19 06:00:00,46900.0
2014-09-19 07:00:00,50400.0
2014-09-19 08:00:00,61700.0
2014-09-19 09:00:00,215000.0
2014-09-19 10:00:00,396300.0
2014-09-19 11:00:00,390600.0
2014-09-19 12:00:00,394500.0
2014-09-19 13:00:00,398400.0
2014-09-19 14:00:00,422900.0
2014-09-19 15:00:00,421100.0
2014-09-19 16:00:00,401100.0
2014-09-19 17:00:00,402900.0
2014-09-19 18:00:00,378700.0
2014-09-19 19:00:00,380700.0
2014-09-19 20:00:00,390100.0
2014-09-19 21:00:00,359100.0
2014-09-19 22:00:00,247800.0
2014-09-19 23:00:00,132900.0
2014-09-20 00:00:00,104700.0
2014-09-20 01:00:00,86700.0
2014-09-20 02:00:00,71100.0
2014-09-20 03:00:00,56200.0
2014-09-20 04:00:00,47500.0
2014-09-20 05:00:00,46100.0
2014-09-20 06:00:00,45500.0
2014-09-20 07:00:00,50600.0
2014-09-20 08:00:00,61300.0
2014-09-20 09:00:00,244300.0
2014-09-20 10:00:00,380000.0
2014-09-20 11:00:00,398500.0
2014-09-20 12:00:00,353800.0
2014-09-20 13:00:00,395600.0
2014-09-20 14:00:00,385100.0
2014-09-20 15:00:00,394800.0
2014-09-20 16:00:00,381500.0
2014-09-20 17:00:00,411500.0
2014-09-20 18:00:00,381900.0
2014-09-20 19:00:00,365500.0
2014-09-20 20:00:00,379700.0
2014-09-20 21:00:00,370300.0
2014-09-20 22:00:00,342300.0
2014-09-20 23:00:00,144300.0
2014-09-21 00:00:00,111900.0
2014-09-21 01:00:00,90500.0
2014-09-21 02:00:00,84000.0
2014-09-21 03:00:00,71000.0
2014-09-21 04:00:00,48300.0
2014-09-21 05:00:00,46400.0
2014-09-21 06:00:00,45800.0
2014-09-21 07:00:00,50000.0
2014-09-21 08:00:00,60900.0
2014-09-21 09:00:00,207200.0
2014-09-21 10:00:00,358800.0
2014-09-21 11:00:00,358500.0
2014-09-21 12:00:00,370900.0
2014-09-21 13:00:00,345600.0
2014-09-21 14:00:00,364500.0
2014-09-21 15:00:00,408800.0
2014-09-21 16:00:00,404700.0
2014-09-21 17:00:00,412300.0
2014-09-21 18:00:00,378900.0
2014-09-21 19:00:00,380400.0
2014-09-21 20:00:00,382900.0
2014-09-21 21:00:00,382100.0
2014-09-21 22:00:00,327800.0
2014-09-21 23:00:00,135200.0
2014-09-22 00:00:00,94200.0
2014-09-22 01:00:00,55500.0
2014-09-22 02:00:00,51700.0
2014-09-22 03:00:00,48600.0
2014-09-22 04:00:00,48200.0
2014-09-22 05:00:00,46700.0
2014-09-22 06:00:00,45800.0
2014-09-22 07:00:00,51200.0
2014-09-22 08:00:00,61700.0
2014-09-22 09:00:00,209500.0
2014-09-22 10:00:00,366200.0
2014-09-22 11:00:00,370400.0
2014-09-22 12:00:00,373600.0
2014-09-22 13:00:00,374500.0
2014-09-22 14:00:00,381500.0
2014-09-22 15:00:00,376800.0
2014-09-22 16:00:00,357100.0
2014-09-22 17:00:00,385700.0
2014-09-22 18:00:00,363400.0
2014-09-22 19:00:00,343000.0
2014-09-22 20:00:00,358400.0
2014-09-22 21:00:00,356200.0
2014-09-22 22:00:00,290900.0
2014-09-22 23:00:00,130100.0
2014-09-23 00:00:00,92700.0
2014-09-23 01:00:00,58100.0
2014-09-23 02:00:00,55300.0
2014-09-23 03:00:00,50000.0
2014-09-23 04:00:00,48500.0
2014-09-23 05:00:00,47100.0
2014-09-23 06:00:00,45400.0
2014-09-23 07:00:00,49900.0
2014-09-23 08:00:00,60400.0
2014-09-23 09:00:00,199200.0
2014-09-23 10:00:00,363200.0
2014-09-23 11:00:00,347000.0
2014-09-23 12:00:00,345000.0
2014-09-23 13:00:00,354100.0
2014-09-23 14:00:00,371900.0
2014-09-23 15:00:00,382300.0
2014-09-23 16:00:00,381200.0
2014-09-23 17:00:00,392000.0
2014-09-23 18:00:00,375500.0
2014-09-23 19:00:00,356900.0
2014-09-23 20:00:00,369100.0
2014-09-23 21:00:00,360200.0
2014-09-23 22:00:00,286600.0
2014-09-23 23:00:00,133000.0
2014-09-24 00:00:00,93200.0
2014-09-24 01:00:00,57600.0
2014-09-24 02:00:00,54000.0
2014-09-24 03:00:00,48300.0
2014-09-24 04:00:00,48300.0
2014-09-24 05:00:00,47100.0
2014-09-24 06:00:00,45600.0
2014-09-24 07:00:00,51100.0
2014-09-24 08:00:00,61500.0
2014-09-24 09:00:00,189100.0
2014-09-24 10:00:00,323700.0
2014-09-24 11:00:00,337700.0
2014-09-24 12:00:00,349300.0
2014-09-24 13:00:00,370700.0
2014-09-24 14:00:00,366700.0
2014-09-24 15:00:00,362900.0
2014-09-24 16:00:00,348600.0
2014-09-24 17:00:00,349500.0
2014-09-24 18:00:00,349200.0
2014-09-24 19:00:00,352600.0
2014-09-24 20:00:00,364900.0
2014-09-24 21:00:00,347800.0
2014-09-24 22:00:00,280200.0
2014-09-24 23:00:00,131800.0
2014-09-25 00:00:00,92600.0
2014-09-25 01:00:00,56100.0
2014-09-25 02:00:00,53400.0
2014-09-25 03:00:00,49800.0
2014-09-25 04:00:00,49100.0
2014-09-25 05:00:00,47600.0
2014-09-25 06:00:00,45300.0
2014-09-25 07:00:00,49700.0
2014-09-25 08:00:00,60700.0
2014-09-25 09:00:00,188300.0
2014-09-25 10:00:00,340700.0
2014-09-25 11:00:00,339000.0
2014-09-25 12:00:00,348400.0
2014-09-25 13:00:00,349900.0
2014-09-25 14:00:00,351500.0
2014-09-25 15:00:00,361400.0
2014-09-25 16:00:00,349900.0
2014-09-25 17:00:00,363100.0
2014-09-25 18:00:00,353800.0
2014-09-25 19:00:00,345700.0
2014-09-25 20:00:00,369300.0
2014-09-25 21:00:00,329400.0
2014-09-25 22:00:00,237600.0
2014-09-25 23:00:00,133100.0
2014-09-26 00:00:00,97300.0
2014-09-26 01:00:00,60600.0
2014-09-26 02:00:00,55900.0
2014-09-26 03:00:00,50800.0
2014-09-26 04:00:00,49500.0
2014-09-26 05:00:00,47600.0
2014-09-26 06:00:00,46500.0
2014-09-26 07:00:00,51000.0
2014-09-26 08:00:00,61900.0
2014-09-26 09:00:00,149800.0
2014-09-26 10:00:00,405800.0
2014-09-26 11:00:00,378400.0
2014-09-26 12:00:00,379500.0
2014-09-26 13:00:00,380300.0
2014-09-26 14:00:00,381400.0
2014-09-26 15:00:00,379300.0
2014-09-26 16:00:00,379000.0
2014-09-26 17:00:00,372000.0
2014-09-26 18:00:00,354100.0
2014-09-26 19:00:00,361800.0
2014-09-26 20:00:00,364700.0
2014-09-26 21:00:00,359500.0
2014-09-26 22:00:00,310700.0
2014-09-26 23:00:00,144200.0
2014-09-27 00:00:00,111300.0
2014-09-27 01:00:00,93400.0
2014-09-27 02:00:00,75300.0
2014-09-27 03:00:00,58900.0
2014-09-27 04:00:00,49500.0
2014-09-27 05:00:00,47100.0
2014-09-27 06:00:00,46200.0
2014-09-27 07:00:00,50600.0
2014-09-27 08:00:00,60900.0
2014-09-27 09:00:00,211100.0
2014-09-27 10:00:00,369900.0
2014-09-27 11:00:00,360300.0
2014-09-27 12:00:00,383800.0
2014-09-27 13:00:00,381700.0
2014-09-27 14:00:00,416300.0
2014-09-27 15:00:00,420300.0
2014-09-27 16:00:00,406900.0
2014-09-27 17:00:00,394900.0
2014-09-27 18:00:00,394700.0
2014-09-27 19:00:00,373200.0
2014-09-27 20:00:00,384700.0
2014-09-27 21:00:00,379800.0
2014-09-27 22:00:00,328900.0
2014-09-27 23:00:00,139900.0
2014-09-28 00:00:00,115200.0
2014-09-28 01:00:00,91000.0
2014-09-28 02:00:00,85100.0
2014-09-28 03:00:00,66500.0
2014-09-28 04:00:00,48400.0
2014-09-28 05:00:00,46600.0
2014-09-28 06:00:00,45600.0
2014-09-28 07:00:00,50700.0
2014-09-28 08:00:00,61900.0
2014-09-28 09:00:00,214400.0
2014-09-28 10:00:00,353700.0
2014-09-28 11:00:00,353100.0
2014-09-28 12:00:00,369000.0
2014-09-28 13:00:00,377100.0
2014-09-28 14:00:00,379800.0
2014-09-28 15:00:00,380400.0
2014-09-28 16:00:00,335900.0
2014-09-28 17:00:00,378500.0
2014-09-28 18:00:00,352000.0
2014-09-28 19:00:00,359300.0
2014-09-28 20:00:00,366600.0
2014-09-28 21:00:00,360400.0
2014-09-28 22:00:00,329700.0
2014-09-28 23:00:00,164000.0
2014-09-29 00:00:00,95200.0
2014-09-29 01:00:00,53000.0
2014-09-29 02:00:00,49100.0
2014-09-29 03:00:00,47300.0
2014-09-29 04:00:00,48300.0
2014-09-29 05:00:00,47000.0
2014-09-29 06:00:00,45400.0
2014-09-29 07:00:00,50900.0
2014-09-29 08:00:00,62700.0
2014-09-29 09:00:00,193200.0
2014-09-29 10:00:00,339500.0
2014-09-29 11:00:00,339300.0
2014-09-29 12:00:00,366100.0
2014-09-29 13:00:00,376100.0
2014-09-29 14:00:00,378100.0
2014-09-29 15:00:00,392200.0
2014-09-29 16:00:00,403800.0
2014-09-29 17:00:00,374800.0
2014-09-29 18:00:00,384900.0
2014-09-29 19:00:00,367300.0
2014-09-29 20:00:00,356700.0
2014-09-29 21:00:00,344000.0
2014-09-29 22:00:00,301100.0
2014-09-29 23:00:00,136100.0
2014-09-30 00:00:00,96500.0
2014-09-30 01:00:00,53200.0
2014-09-30 02:00:00,48700.0
2014-09-30 03:00:00,47200.0
2014-09-30 04:00:00,47800.0
2014-09-30 05:00:00,46600.0
2014-09-30 06:00:00,44700.0
2014-09-30 07:00:00,49800.0
2014-09-30 08:00:00,61300.0
2014-09-30 09:00:00,183500.0
2014-09-30 10:00:00,327100.0
2014-09-30 11:00:00,336800.0
2014-09-30 12:00:00,327500.0
2014-09-30 13:00:00,328400.0
2014-09-30 14:00:00,352400.0
2014-09-30 15:00:00,375500.0
2014-09-30 16:00:00,365900.0
2014-09-30 17:00:00,350100.0
2014-09-30 18:00:00,340400.0
2014-09-30 19:00:00,342100.0
2014-09-30 20:00:00,335100.0
2014-09-30 21:00:00,331300.0
2014-09-30 22:00:00,285300.0
2014-09-30 23:00:00,150100.0
2014-10-01 00:00:00,96000.0
2014-10-01 01:00:00,54200.0
2014-10-01 02:00:00,48900.0
2014-10-01 03:00:00,45900.0
2014-10-01 04:00:00,46800.0
2014-10-01 05:00:00,44600.0
2014-10-01 06:00:00,43300.0
2014-10-01 07:00:00,47700.0
2014-10-01 08:00:00,59300.0
2014-10-01 09:00:00,154700.0
2014-10-01 10:00:00,341100.0
2014-10-01 11:00:00,329700.0
2014-10-01 12:00:00,342500.0
2014-10-01 13:00:00,383600.0
2014-10-01 14:00:00,415900.0
2014-10-01 15:00:00,433400.0
2014-10-01 16:00:00,414300.0
2014-10-01 17:00:00,420900.0
2014-10-01 18:00:00,403700.0
2014-10-01 19:00:00,382600.0
2014-10-01 20:00:00,376200.0
2014-10-01 21:00:00,351900.0
2014-10-01 22:00:00,341000.0
2014-10-01 23:00:00,134500.0
2014-10-02 00:00:00,95500.0
2014-10-02 01:00:00,55100.0
2014-10-02 02:00:00,50700.0
2014-10-02 03:00:00,49700.0
2014-10-02 04:00:00,49800.0
2014-10-02 05:00:00,47300.0
2014-10-02 06:00:00,45900.0
2014-10-02 07:00:00,50900.0
2014-10-02 08:00:00,61900.0
2014-10-02 09:00:00,160100.0
2014-10-02 10:00:00,298400.0
2014-10-02 11:00:00,447000.0
2014-10-02 12:00:00,394900.0
2014-10-02 13:00:00,420400.0
2014-10-02 14:00:00,450200.0
2014-10-02 15:00:00,431500.0
2014-10-02 16:00:00,451600.0
2014-10-02 17:00:00,429000.0
2014-10-02 18:00:00,416400.0
2014-10-02 19:00:00,383600.0
2014-10-02 20:00:00,400600.0
2014-10-02 21:00:00,385200.0
2014-10-02 22:00:00,365900.0
2014-10-02 23:00:00,165200.0
2014-10-03 00:00:00,97900.0
2014-10-03 01:00:00,57800.0
2014-10-03 02:00:00,51100.0
2014-10-03 03:00:00,48200.0
2014-10-03 04:00:00,48400.0
2014-10-03 05:00:00,47300.0
2014-10-03 06:00:00,46600.0
2014-10-03 07:00:00,50600.0
2014-10-03 08:00:00,63100.0
2014-10-03 09:00:00,161400.0
2014-10-03 10:00:00,406900.0
2014-10-03 11:00:00,427200.0
2014-10-03 12:00:00,432700.0
2014-10-03 13:00:00,421500.0
2014-10-03 14:00:00,456000.0
2014-10-03 15:00:00,436700.0
2014-10-03 16:00:00,447700.0
2014-10-03 17:00:00,416300.0
2014-10-03 18:00:00,404500.0
2014-10-03 19:00:00,413100.0
2014-10-03 20:00:00,399000.0
2014-10-03 21:00:00,382100.0
2014-10-03 22:00:00,340100.0
2014-10-03 23:00:00,135200.0
2014-10-04 00:00:00,111600.0
2014-10-04 01:00:00,92300.0
2014-10-04 02:00:00,74300.0
2014-10-04 03:00:00,57300.0
2014-10-04 04:00:00,48600.0
2014-10-04 05:00:00,47300.0
2014-10-04 06:00:00,45300.0
2014-10-04 07:00:00,49800.0
2014-10-04 08:00:00,60400.0
2014-10-04 09:00:00,205000.0
2014-10-04 10:00:00,368400.0
2014-10-04 11:00:00,385300.0
2014-10-04 12:00:00,401400.0
2014-10-04 13:00:00,412800.0
2014-10-04 14:00:00,431300.0
2014-10-04 15:00:00,449500.0
2014-10-04 16:00:00,420700.0
2014-10-04 17:00:00,430500.0
2014-10-04 18:00:00,395600.0
2014-10-04 19:00:00,392400.0
2014-10-04 20:00:00,367300.0
2014-10-04 21:00:00,353000.0
2014-10-04 22:00:00,312300.0
2014-10-04 23:00:00,135400.0
2014-10-05 00:00:00,116500.0
2014-10-05 01:00:00,95900.0
2014-10-05 02:00:00,86200.0
2014-10-05 03:00:00,64900.0
2014-10-05 04:00:00,46400.0
2014-10-05 05:00:00,45100.0
2014-10-05 06:00:00,43300.0
2014-10-05 07:00:00,48700.0
2014-10-05 08:00:00,58700.0
2014-10-05 09:00:00,193800.0
2014-10-05 10:00:00,326100.0
2014-10-05 11:00:00,332300.0
2014-10-05 12:00:00,336500.0
2014-10-05 13:00:00,341300.0
2014-10-05 14:00:00,365500.0
2014-10-05 15:00:00,341700.0
2014-10-05 16:00:00,341200.0
2014-10-05 17:00:00,338200.0
2014-10-05 18:00:00,313800.0
2014-10-05 19:00:00,304800.0
2014-10-05 20:00:00,311600.0
2014-10-05 21:00:00,296100.0
2014-10-05 22:00:00,262600.0
2014-10-05 23:00:00,140300.0
2014-10-06 00:00:00,93900.0
2014-10-06 01:00:00,53400.0
2014-10-06 02:00:00,49000.0
2014-10-06 03:00:00,46600.0
2014-10-06 04:00:00,46900.0
2014-10-06 05:00:00,46000.0
2014-10-06 06:00:00,44300.0
2014-10-06 07:00:00,49400.0
2014-10-06 08:00:00,61400.0
2014-10-06 09:00:00,159900.0
2014-10-06 10:00:00,320300.0
2014-10-06 11:00:00,315600.0
2014-10-06 12:00:00,328000.0
2014-10-06 13:00:00,337300.0
2014-10-06 14:00:00,351000.0
2014-10-06 15:00:00,368000.0
2014-10-06 16:00:00,373400.0
2014-10-06 17:00:00,350900.0
2014-10-06 18:00:00,336100.0
2014-10-06 19:00:00,340800.0
2014-10-06 20:00:00,342300.0
2014-10-06 21:00:00,320200.0
2014-10-06 22:00:00,215400.0
2014-10-06 23:00:00,131700.0
2014-10-07 00:00:00,96100.0
2014-10-07 01:00:00,57200.0
2014-10-07 02:00:00,48900.0
2014-10-07 03:00:00,46700.0
2014-10-07 04:00:00,48100.0
2014-10-07 05:00:00,46500.0
2014-10-07 06:00:00,45000.0
2014-10-07 07:00:00,49600.0
2014-10-07 08:00:00,61300.0
2014-10-07 09:00:00,161300.0
2014-10-07 10:00:00,365300.0
2014-10-07 11:00:00,331500.0
2014-10-07 12:00:00,348800.0
2014-10-07 13:00:00,351700.0
2014-10-07 14:00:00,350500.0
2014-10-07 15:00:00,351100.0
2014-10-07 16:00:00,359900.0
2014-10-07 17:00:00,368000.0
2014-10-07 18:00:00,356600.0
2014-10-07 19:00:00,359700.0
2014-10-07 20:00:00,369500.0
2014-10-07 21:00:00,353200.0
2014-10-07 22:00:00,292100.0
2014-10-07 23:00:00,130400.0
2014-10-08 00:00:00,93100.0
2014-10-08 01:00:00,53200.0
2014-10-08 02:00:00,47800.0
2014-10-08 03:00:00,46100.0
2014-10-08 04:00:00,47000.0
2014-10-08 05:00:00,45600.0
2014-10-08 06:00:00,44700.0
2014-10-08 07:00:00,49000.0
2014-10-08 08:00:00,61500.0
2014-10-08 09:00:00,206400.0
2014-10-08 10:00:00,362800.0
2014-10-08 11:00:00,347500.0
2014-10-08 12:00:00,353900.0
2014-10-08 13:00:00,371200.0
2014-10-08 14:00:00,390900.0
2014-10-08 15:00:00,388100.0
2014-10-08 16:00:00,383300.0
2014-10-08 17:00:00,386400.0
2014-10-08 18:00:00,378000.0
2014-10-08 19:00:00,384500.0
2014-10-08 20:00:00,386300.0
2014-10-08 21:00:00,370500.0
2014-10-08 22:00:00,317300.0
2014-10-08 23:00:00,131200.0
2014-10-09 00:00:00,93000.0
2014-10-09 01:00:00,52700.0
2014-10-09 02:00:00,47800.0
2014-10-09 03:00:00,46300.0
2014-10-09 04:00:00,47400.0
2014-10-09 05:00:00,47400.0
2014-10-09 06:00:00,46200.0
2014-10-09 07:00:00,50200.0
2014-10-09 08:00:00,62400.0
2014-10-09 09:00:00,211500.0
2014-10-09 10:00:00,346600.0
2014-10-09 11:00:00,338500.0
2014-10-09 12:00:00,379000.0
2014-10-09 13:00:00,391700.0
2014-10-09 14:00:00,391900.0
2014-10-09 15:00:00,401400.0
2014-10-09 16:00:00,372700.0
2014-10-09 17:00:00,361100.0
2014-10-09 18:00:00,350200.0
2014-10-09 19:00:00,361800.0
2014-10-09 20:00:00,347700.0
2014-10-09 21:00:00,350800.0
2014-10-09 22:00:00,276400.0
2014-10-09 23:00:00,127300.0
2014-10-10 00:00:00,92600.0
2014-10-10 01:00:00,52400.0
2014-10-10 02:00:00,49100.0
2014-10-10 03:00:00,47500.0
2014-10-10 04:00:00,48200.0
2014-10-10 05:00:00,47400.0
2014-10-10 06:00:00,44100.0
2014-10-10 07:00:00,46000.0
2014-10-10 08:00:00,58100.0
2014-10-10 09:00:00,151000.0
2014-10-10 10:00:00,366700.0
2014-10-10 11:00:00,336900.0
2014-10-10 12:00:00,345900.0
2014-10-10 13:00:00,362200.0
2014-10-10 14:00:00,361300.0
2014-10-10 15:00:00,369700.0
2014-10-10 16:00:00,370500.0
2014-10-10 17:00:00,368300.0
2014-10-10 18:00:00,364500.0
2014-10-10 19:00:00,369800.0
2014-10-10 20:00:00,356400.0
2014-10-10 21:00:00,329400.0
2014-10-10 22:00:00,284200.0
2014-10-10 23:00:00,130400.0
2014-10-11 00:00:00,106900.0
2014-10-11 01:00:00,89500.0
2014-10-11 02:00:00,72700.0
2014-10-11 03:00:00,54800.0
2014-10-11 04:00:00,47400.0
2014-10-11 05:00:00,46100.0
2014-10-11 06:00:00,43300.0
2014-10-11 07:00:00,46700.0
2014-10-11 08:00:00,58100.0
2014-10-11 09:00:00,194400.0
2014-10-11 10:00:00,324500.0
2014-10-11 11:00:00,326900.0
2014-10-11 12:00:00,322100.0
2014-10-11 13:00:00,310700.0
2014-10-11 14:00:00,304800.0
2014-10-11 15:00:00,336800.0
2014-10-11 16:00:00,351000.0
2014-10-11 17:00:00,329000.0
2014-10-11 18:00:00,335000.0
2014-10-11 19:00:00,326000.0
2014-10-11 20:00:00,325700.0
2014-10-11 21:00:00,292500.0
2014-10-11 22:00:00,271900.0
2014-10-11 23:00:00,139900.0
2014-10-12 00:00:00,113000.0
2014-10-12 01:00:00,90300.0
2014-10-12 02:00:00,84700.0
2014-10-12 03:00:00,65800.0
2014-10-12 04:00:00,46900.0
2014-10-12 05:00:00,45400.0
2014-10-12 06:00:00,41900.0
2014-10-12 07:00:00,45000.0
2014-10-12 08:00:00,54700.0
2014-10-12 09:00:00,186100.0
2014-10-12 10:00:00,295600.0
2014-10-12 11:00:00,278000.0
2014-10-12 12:00:00,281700.0
2014-10-12 13:00:00,276500.0
2014-10-12 14:00:00,286400.0
2014-10-12 15:00:00,304700.0
2014-10-12 16:00:00,310000.0
2014-10-12 17:00:00,299000.0
2014-10-12 18:00:00,299400.0
2014-10-12 19:00:00,313000.0
2014-10-12 20:00:00,290200.0
2014-10-12 21:00:00,242000.0
2014-10-12 22:00:00,208600.0
2014-10-12 23:00:00,129500.0
2014-10-13 00:00:00,95000.0
2014-10-13 01:00:00,54500.0
2014-10-13 02:00:00,49300.0
2014-10-13 03:00:00,46900.0
2014-10-13 04:00:00,46200.0
2014-10-13 05:00:00,45200.0
2014-10-13 06:00:00,43800.0
2014-10-13 07:00:00,36900.0
2014-10-13 08:00:00,48800.0
2014-10-13 09:00:00,137000.0
2014-10-13 10:00:00,197000.0
2014-10-13 11:00:00,191600.0
2014-10-13 12:00:00,171600.0
2014-10-13 13:00:00,215800.0
2014-10-13 14:00:00,205000.0
2014-10-13 15:00:00,224500.0
2014-10-13 16:00:00,217000.0
2014-10-13 17:00:00,218500.0
2014-10-13 18:00:00,303600.0
2014-10-13 19:00:00,289300.0
2014-10-13 20:00:00,255200.0
2014-10-13 21:00:00,222200.0
2014-10-13 22:00:00,212300.0
2014-10-13 23:00:00,131900.0
2014-10-14 00:00:00,94100.0
2014-10-14 01:00:00,49900.0
2014-10-14 02:00:00,48100.0
2014-10-14 03:00:00,46800.0
2014-10-14 04:00:00,46200.0
2014-10-14 05:00:00,44800.0
2014-10-14 06:00:00,42200.0
2014-10-14 07:00:00,45400.0
2014-10-14 08:00:00,56500.0
2014-10-14 09:00:00,131800.0
2014-10-14 10:00:00,242200.0
2014-10-14 11:00:00,216200.0
2014-10-14 12:00:00,235100.0
2014-10-14 13:00:00,249100.0
2014-10-14 14:00:00,251400.0
2014-10-14 15:00:00,241800.0
2014-10-14 16:00:00,251600.0
2014-10-14 17:00:00,251300.0
2014-10-14 18:00:00,236700.0
2014-10-14 19:00:00,269700.0
2014-10-14 20:00:00,243200.0
2014-10-14 21:00:00,251100.0
2014-10-14 22:00:00,222100.0
2014-10-14 23:00:00,125300.0
2014-10-15 00:00:00,91800.0
2014-10-15 01:00:00,49300.0
2014-10-15 02:00:00,47200.0
2014-10-15 03:00:00,45100.0
2014-10-15 04:00:00,47000.0
2014-10-15 05:00:00,45700.0
2014-10-15 06:00:00,42300.0
2014-10-15 07:00:00,44900.0
2014-10-15 08:00:00,57200.0
2014-10-15 09:00:00,144400.0
2014-10-15 10:00:00,269300.0
2014-10-15 11:00:00,276400.0
2014-10-15 12:00:00,291600.0
2014-10-15 13:00:00,294600.0
2014-10-15 14:00:00,309000.0
2014-10-15 15:00:00,306300.0
2014-10-15 16:00:00,314100.0
2014-10-15 17:00:00,302500.0
2014-10-15 18:00:00,348500.0
2014-10-15 19:00:00,325800.0
2014-10-15 20:00:00,314000.0
2014-10-15 21:00:00,269300.0
2014-10-15 22:00:00,207500.0
2014-10-15 23:00:00,125200.0
2014-10-16 00:00:00,91100.0
2014-10-16 01:00:00,51400.0
2014-10-16 02:00:00,48100.0
2014-10-16 03:00:00,44900.0
2014-10-16 04:00:00,46100.0
2014-10-16 05:00:00,45300.0
2014-10-16 06:00:00,42300.0
2014-10-16 07:00:00,45700.0
2014-10-16 08:00:00,58400.0
2014-10-16 09:00:00,151200.0
2014-10-16 10:00:00,253400.0
2014-10-16 11:00:00,251200.0
2014-10-16 12:00:00,380400.0
2014-10-16 13:00:00,322900.0
2014-10-16 14:00:00,347600.0
2014-10-16 15:00:00,335600.0
2014-10-16 16:00:00,382800.0
2014-10-16 17:00:00,355200.0
2014-10-16 18:00:00,353500.0
2014-10-16 19:00:00,355500.0
2014-10-16 20:00:00,341300.0
2014-10-16 21:00:00,318900.0
2014-10-16 22:00:00,282900.0
2014-10-16 23:00:00,128400.0
2014-10-17 00:00:00,89600.0
2014-10-17 01:00:00,53700.0
2014-10-17 02:00:00,52000.0
2014-10-17 03:00:00,50700.0
2014-10-17 04:00:00,51300.0
2014-10-17 05:00:00,50000.0
2014-10-17 06:00:00,47600.0
2014-10-17 07:00:00,49500.0
2014-10-17 08:00:00,62300.0
2014-10-17 09:00:00,154200.0
2014-10-17 10:00:00,210700.0
2014-10-17 11:00:00,335000.0
2014-10-17 12:00:00,394100.0
2014-10-17 13:00:00,367800.0
2014-10-17 14:00:00,372900.0
2014-10-17 15:00:00,358200.0
2014-10-17 16:00:00,366400.0
2014-10-17 17:00:00,362000.0
2014-10-17 18:00:00,336700.0
2014-10-17 19:00:00,337000.0
2014-10-17 20:00:00,343800.0
2014-10-17 21:00:00,317800.0
2014-10-17 22:00:00,296500.0
2014-10-17 23:00:00,141100.0
2014-10-18 00:00:00,109100.0
2014-10-18 01:00:00,89800.0
2014-10-18 02:00:00,71700.0
2014-10-18 03:00:00,55600.0
2014-10-18 04:00:00,47600.0
2014-10-18 05:00:00,46000.0
2014-10-18 06:00:00,44100.0
2014-10-18 07:00:00,48600.0
2014-10-18 08:00:00,57600.0
2014-10-18 09:00:00,149000.0
2014-10-18 10:00:00,304800.0
2014-10-18 11:00:00,354800.0
2014-10-18 12:00:00,336100.0
2014-10-18 13:00:00,361800.0
2014-10-18 14:00:00,366800.0
2014-10-18 15:00:00,376700.0
2014-10-18 16:00:00,376300.0
2014-10-18 17:00:00,371400.0
2014-10-18 18:00:00,368100.0
2014-10-18 19:00:00,349600.0
2014-10-18 20:00:00,337100.0
2014-10-18 21:00:00,322100.0
2014-10-18 22:00:00,254800.0
2014-10-18 23:00:00,131400.0
2014-10-19 00:00:00,112500.0
2014-10-19 01:00:00,91900.0
2014-10-19 02:00:00,84400.0
2014-10-19 03:00:00,64900.0
2014-10-19 04:00:00,47700.0
2014-10-19 05:00:00,46100.0
2014-10-19 06:00:00,44400.0
2014-10-19 07:00:00,48500.0
2014-10-19 08:00:00,58900.0
2014-10-19 09:00:00,165800.0
2014-10-19 10:00:00,336000.0
2014-10-19 11:00:00,399500.0
2014-10-19 12:00:00,366600.0
2014-10-19 13:00:00,386200.0
2014-10-19 14:00:00,408800.0
2014-10-19 15:00:00,388700.0
2014-10-19 16:00:00,416900.0
2014-10-19 17:00:00,414000.0
2014-10-19 18:00:00,393700.0
2014-10-19 19:00:00,400600.0
2014-10-19 20:00:00,377000.0
2014-10-19 21:00:00,268300.0
2014-10-19 22:00:00,242000.0
2014-10-19 23:00:00,132100.0
2014-10-20 00:00:00,91800.0
2014-10-20 01:00:00,54100.0
2014-10-20 02:00:00,48900.0
2014-10-20 03:00:00,46800.0
2014-10-20 04:00:00,47800.0
2014-10-20 05:00:00,46500.0
2014-10-20 06:00:00,45500.0
2014-10-20 07:00:00,50700.0
2014-10-20 08:00:00,61300.0
2014-10-20 09:00:00,210000.0
2014-10-20 10:00:00,364800.0
2014-10-20 11:00:00,420500.0
2014-10-20 12:00:00,386300.0
2014-10-20 13:00:00,418000.0
2014-10-20 14:00:00,423500.0
2014-10-20 15:00:00,426900.0
2014-10-20 16:00:00,425800.0
2014-10-20 17:00:00,396700.0
2014-10-20 18:00:00,385400.0
2014-10-20 19:00:00,373100.0
2014-10-20 20:00:00,347500.0
2014-10-20 21:00:00,337500.0
2014-10-20 22:00:00,296300.0
2014-10-20 23:00:00,152300.0
2014-10-21 00:00:00,95200.0
2014-10-21 01:00:00,55100.0
2014-10-21 02:00:00,49100.0
2014-10-21 03:00:00,47300.0
2014-10-21 04:00:00,47800.0
2014-10-21 05:00:00,45900.0
2014-10-21 06:00:00,44900.0
2014-10-21 07:00:00,49400.0
2014-10-21 08:00:00,61800.0
2014-10-21 09:00:00,196100.0
2014-10-21 10:00:00,323200.0
2014-10-21 11:00:00,389100.0
2014-10-21 12:00:00,373000.0
2014-10-21 13:00:00,399100.0
2014-10-21 14:00:00,416200.0
2014-10-21 15:00:00,413000.0
2014-10-21 16:00:00,404200.0
2014-10-21 17:00:00,381400.0
2014-10-21 18:00:00,368400.0
2014-10-21 19:00:00,379400.0
2014-10-21 20:00:00,355400.0
2014-10-21 21:00:00,366700.0
2014-10-21 22:00:00,341700.0
2014-10-21 23:00:00,149800.0
2014-10-22 00:00:00,93100.0
2014-10-22 01:00:00,54600.0
2014-10-22 02:00:00,47800.0
2014-10-22 03:00:00,46500.0
2014-10-22 04:00:00,47800.0
2014-10-22 05:00:00,46700.0
2014-10-22 06:00:00,45400.0
2014-10-22 07:00:00,49800.0
2014-10-22 08:00:00,61400.0
2014-10-22 09:00:00,240700.0
2014-10-22 10:00:00,344600.0
2014-10-22 11:00:00,393700.0
2014-10-22 12:00:00,456500.0
2014-10-22 13:00:00,542600.0
2014-10-22 14:00:00,460600.0
2014-10-22 15:00:00,459300.0
2014-10-22 16:00:00,467300.0
2014-10-22 17:00:00,464800.0
2014-10-22 18:00:00,427600.0
2014-10-22 19:00:00,423300.0
2014-10-22 20:00:00,405700.0
2014-10-22 21:00:00,395100.0
2014-10-22 22:00:00,351900.0
2014-10-22 23:00:00,147200.0
2014-10-23 00:00:00,96300.0
2014-10-23 01:00:00,54200.0
2014-10-23 02:00:00,48800.0
2014-10-23 03:00:00,47700.0
2014-10-23 04:00:00,47700.0
2014-10-23 05:00:00,45900.0
2014-10-23 06:00:00,44600.0
2014-10-23 07:00:00,49100.0
2014-10-23 08:00:00,61600.0
2014-10-23 09:00:00,177700.0
2014-10-23 10:00:00,355400.0
2014-10-23 11:00:00,355300.0
2014-10-23 12:00:00,381100.0
2014-10-23 13:00:00,381500.0
2014-10-23 14:00:00,379000.0
2014-10-23 15:00:00,381600.0
2014-10-23 16:00:00,370800.0
2014-10-23 17:00:00,340500.0
2014-10-23 18:00:00,351600.0
2014-10-23 19:00:00,351800.0
2014-10-23 20:00:00,332700.0
2014-10-23 21:00:00,334400.0
2014-10-23 22:00:00,276400.0
2014-10-23 23:00:00,129800.0
2014-10-24 00:00:00,95000.0
2014-10-24 01:00:00,56700.0
2014-10-24 02:00:00,50200.0
2014-10-24 03:00:00,49000.0
2014-10-24 04:00:00,48200.0
2014-10-24 05:00:00,47100.0
2014-10-24 06:00:00,45400.0
2014-10-24 07:00:00,50400.0
2014-10-24 08:00:00,60700.0
2014-10-24 09:00:00,194900.0
2014-10-24 10:00:00,325400.0
2014-10-24 11:00:00,363200.0
2014-10-24 12:00:00,382500.0
2014-10-24 13:00:00,391500.0
2014-10-24 14:00:00,398000.0
2014-10-24 15:00:00,390300.0
2014-10-24 16:00:00,374200.0
2014-10-24 17:00:00,372100.0
2014-10-24 18:00:00,365800.0
2014-10-24 19:00:00,361200.0
2014-10-24 20:00:00,339600.0
2014-10-24 21:00:00,338100.0
2014-10-24 22:00:00,306000.0
2014-10-24 23:00:00,130400.0
2014-10-25 00:00:00,107200.0
2014-10-25 01:00:00,90700.0
2014-10-25 02:00:00,73500.0
2014-10-25 03:00:00,56400.0
2014-10-25 04:00:00,47800.0
2014-10-25 05:00:00,45800.0
2014-10-25 06:00:00,45400.0
2014-10-25 07:00:00,49500.0
2014-10-25 08:00:00,58900.0
2014-10-25 09:00:00,194400.0
2014-10-25 10:00:00,306100.0
2014-10-25 11:00:00,378100.0
2014-10-25 12:00:00,318500.0
2014-10-25 13:00:00,369400.0
2014-10-25 14:00:00,348600.0
2014-10-25 15:00:00,349500.0
2014-10-25 16:00:00,353500.0
2014-10-25 17:00:00,387000.0
2014-10-25 18:00:00,355700.0
2014-10-25 19:00:00,333300.0
2014-10-25 20:00:00,325900.0
2014-10-25 21:00:00,334900.0
2014-10-25 22:00:00,308300.0
2014-10-25 23:00:00,147700.0
2014-10-26 00:00:00,114500.0
2014-10-26 01:00:00,182200.0
2014-10-26 02:00:00,83300.0
2014-10-26 03:00:00,64800.0
2014-10-26 04:00:00,48000.0
2014-10-26 05:00:00,48800.0
2014-10-26 06:00:00,49100.0
2014-10-26 07:00:00,50000.0
2014-10-26 08:00:00,58500.0
2014-10-26 09:00:00,151900.0
2014-10-26 10:00:00,325000.0
2014-10-26 11:00:00,320000.0
2014-10-26 12:00:00,356800.0
2014-10-26 13:00:00,358500.0
2014-10-26 14:00:00,364800.0
2014-10-26 15:00:00,356100.0
2014-10-26 16:00:00,344100.0
2014-10-26 17:00:00,355300.0
2014-10-26 18:00:00,349300.0
2014-10-26 19:00:00,347000.0
2014-10-26 20:00:00,328200.0
2014-10-26 21:00:00,324300.0
2014-10-26 22:00:00,291000.0
2014-10-26 23:00:00,134200.0
2014-10-27 00:00:00,91100.0
2014-10-27 01:00:00,53300.0
2014-10-27 02:00:00,48300.0
2014-10-27 03:00:00,45800.0
2014-10-27 04:00:00,46700.0
2014-10-27 05:00:00,48000.0
2014-10-27 06:00:00,46800.0
2014-10-27 07:00:00,48100.0
2014-10-27 08:00:00,60500.0
2014-10-27 09:00:00,162700.0
2014-10-27 10:00:00,321600.0
2014-10-27 11:00:00,316300.0
2014-10-27 12:00:00,324400.0
2014-10-27 13:00:00,324300.0
2014-10-27 14:00:00,330400.0
2014-10-27 15:00:00,329700.0
2014-10-27 16:00:00,329400.0
2014-10-27 17:00:00,331700.0
2014-10-27 18:00:00,329700.0
2014-10-27 19:00:00,323600.0
2014-10-27 20:00:00,321400.0
2014-10-27 21:00:00,319500.0
2014-10-27 22:00:00,266900.0
2014-10-27 23:00:00,129700.0
2014-10-28 00:00:00,91500.0
2014-10-28 01:00:00,51800.0
2014-10-28 02:00:00,47200.0
2014-10-28 03:00:00,45300.0
2014-10-28 04:00:00,46600.0
2014-10-28 05:00:00,46500.0
2014-10-28 06:00:00,46100.0
2014-10-28 07:00:00,48700.0
2014-10-28 08:00:00,59800.0
2014-10-28 09:00:00,132600.0
2014-10-28 10:00:00,242700.0
2014-10-28 11:00:00,385500.0
2014-10-28 12:00:00,305300.0
2014-10-28 13:00:00,311900.0
2014-10-28 14:00:00,319200.0
2014-10-28 15:00:00,298200.0
2014-10-28 16:00:00,296700.0
2014-10-28 17:00:00,299700.0
2014-10-28 18:00:00,317400.0
2014-10-28 19:00:00,286900.0
2014-10-28 20:00:00,284800.0
2014-10-28 21:00:00,291800.0
2014-10-28 22:00:00,231200.0
2014-10-28 23:00:00,131100.0
2014-10-29 00:00:00,92300.0
2014-10-29 01:00:00,53200.0
2014-10-29 02:00:00,49500.0
2014-10-29 03:00:00,47400.0
2014-10-29 04:00:00,49200.0
2014-10-29 05:00:00,48600.0
2014-10-29 06:00:00,47800.0
2014-10-29 07:00:00,49500.0
2014-10-29 08:00:00,59800.0
2014-10-29 09:00:00,165500.0
2014-10-29 10:00:00,292600.0
2014-10-29 11:00:00,299300.0
2014-10-29 12:00:00,335200.0
2014-10-29 13:00:00,314600.0
2014-10-29 14:00:00,324900.0
2014-10-29 15:00:00,311600.0
2014-10-29 16:00:00,312000.0
2014-10-29 17:00:00,316100.0
2014-10-29 18:00:00,301300.0
2014-10-29 19:00:00,280500.0
2014-10-29 20:00:00,286300.0
2014-10-29 21:00:00,275800.0
2014-10-29 22:00:00,247200.0
2014-10-29 23:00:00,125900.0
2014-10-30 00:00:00,90400.0
2014-10-30 01:00:00,49600.0
2014-10-30 02:00:00,47400.0
2014-10-30 03:00:00,45500.0
2014-10-30 04:00:00,47100.0
2014-10-30 05:00:00,45500.0
2014-10-30 06:00:00,43400.0
2014-10-30 07:00:00,45700.0
2014-10-30 08:00:00,60600.0
2014-10-30 09:00:00,151500.0
2014-10-30 10:00:00,264100.0
2014-10-30 11:00:00,283000.0
2014-10-30 12:00:00,301500.0
2014-10-30 13:00:00,298800.0
2014-10-30 14:00:00,309700.0
2014-10-30 15:00:00,302100.0
2014-10-30 16:00:00,295500.0
2014-10-30 17:00:00,298400.0
2014-10-30 18:00:00,303200.0
2014-10-30 19:00:00,287400.0
2014-10-30 20:00:00,290400.0
2014-10-30 21:00:00,289500.0
2014-10-30 22:00:00,250300.0
2014-10-30 23:00:00,129200.0
2014-10-31 00:00:00,104800.0
2014-10-31 01:00:00,87500.0
2014-10-31 02:00:00,33400.0
2014-10-31 03:00:00,51800.0
2014-10-31 04:00:00,48900.0
2014-10-31 05:00:00,47600.0
2014-10-31 06:00:00,46600.0
2014-10-31 07:00:00,49200.0
2014-10-31 08:00:00,58100.0
2014-10-31 09:00:00,170000.0
2014-10-31 10:00:00,293700.0
2014-10-31 11:00:00,288600.0
2014-10-31 12:00:00,300100.0
2014-10-31 13:00:00,296900.0
2014-10-31 14:00:00,310400.0
2014-10-31 15:00:00,314700.0
2014-10-31 16:00:00,297900.0
2014-10-31 17:00:00,302900.0
2014-10-31 18:00:00,298500.0
2014-10-31 19:00:00,293700.0
2014-10-31 20:00:00,295800.0
2014-10-31 21:00:00,268900.0
2014-10-31 22:00:00,250200.0
2014-10-31 23:00:00,131100.0
2014-11-01 00:00:00,106000.0
2014-11-01 01:00:00,87800.0
2014-11-01 02:00:00,72700.0
2014-11-01 03:00:00,55300.0
2014-11-01 04:00:00,46500.0
2014-11-01 05:00:00,45900.0
2014-11-01 06:00:00,44800.0
2014-11-01 07:00:00,47600.0
2014-11-01 08:00:00,57100.0
2014-11-01 09:00:00,129200.0
2014-11-01 10:00:00,208100.0
2014-11-01 11:00:00,322700.0
2014-11-01 12:00:00,390400.0
2014-11-01 13:00:00,349900.0
2014-11-01 14:00:00,342800.0
2014-11-01 15:00:00,340300.0
2014-11-01 16:00:00,338900.0
2014-11-01 17:00:00,336700.0
2014-11-01 18:00:00,336000.0
2014-11-01 19:00:00,312400.0
2014-11-01 20:00:00,292900.0
2014-11-01 21:00:00,282200.0
2014-11-01 22:00:00,275700.0
2014-11-01 23:00:00,134200.0
2014-11-02 00:00:00,112000.0
2014-11-02 01:00:00,88300.0
2014-11-02 02:00:00,82400.0
2014-11-02 03:00:00,64300.0
2014-11-02 04:00:00,46500.0
2014-11-02 05:00:00,45800.0
2014-11-02 06:00:00,45800.0
2014-11-02 07:00:00,47800.0
2014-11-02 08:00:00,56700.0
2014-11-02 09:00:00,126300.0
2014-11-02 10:00:00,274100.0
2014-11-02 11:00:00,271100.0
2014-11-02 12:00:00,305400.0
2014-11-02 13:00:00,282900.0
2014-11-02 14:00:00,304200.0
2014-11-02 15:00:00,303800.0
2014-11-02 16:00:00,305000.0
2014-11-02 17:00:00,292100.0
2014-11-02 18:00:00,292000.0
2014-11-02 19:00:00,274600.0
2014-11-02 20:00:00,271200.0
2014-11-02 21:00:00,251700.0
2014-11-02 22:00:00,227300.0
2014-11-02 23:00:00,127000.0
2014-11-03 00:00:00,89800.0
2014-11-03 01:00:00,48900.0
2014-11-03 02:00:00,48300.0
2014-11-03 03:00:00,45400.0
2014-11-03 04:00:00,46400.0
2014-11-03 05:00:00,46100.0
2014-11-03 06:00:00,46200.0
2014-11-03 07:00:00,48200.0
2014-11-03 08:00:00,57600.0
2014-11-03 09:00:00,124700.0
2014-11-03 10:00:00,182400.0
2014-11-03 11:00:00,275300.0
2014-11-03 12:00:00,292600.0
2014-11-03 13:00:00,284500.0
2014-11-03 14:00:00,286000.0
2014-11-03 15:00:00,264600.0
2014-11-03 16:00:00,243600.0
2014-11-03 17:00:00,256100.0
2014-11-03 18:00:00,266400.0
2014-11-03 19:00:00,249900.0
2014-11-03 20:00:00,256300.0
2014-11-03 21:00:00,248800.0
2014-11-03 22:00:00,220700.0
2014-11-03 23:00:00,125600.0
2014-11-04 00:00:00,91600.0
2014-11-04 01:00:00,56900.0
2014-11-04 02:00:00,55600.0
2014-11-04 03:00:00,53500.0
2014-11-04 04:00:00,53500.0
2014-11-04 05:00:00,52800.0
2014-11-04 06:00:00,52500.0
2014-11-04 07:00:00,55800.0
2014-11-04 08:00:00,65400.0
2014-11-04 09:00:00,125900.0
2014-11-04 10:00:00,182100.0
2014-11-04 11:00:00,186800.0
2014-11-04 12:00:00,188000.0
2014-11-04 13:00:00,191100.0
2014-11-04 14:00:00,184700.0
2014-11-04 15:00:00,176100.0
2014-11-04 16:00:00,173600.0
2014-11-04 17:00:00,179400.0
2014-11-04 18:00:00,205200.0
2014-11-04 19:00:00,195600.0
2014-11-04 20:00:00,195600.0
2014-11-04 21:00:00,199700.0
2014-11-04 22:00:00,181700.0
2014-11-04 23:00:00,118100.0
2014-11-05 00:00:00,86100.0
2014-11-05 01:00:00,51100.0
2014-11-05 02:00:00,48900.0
2014-11-05 03:00:00,47600.0
2014-11-05 04:00:00,47000.0
2014-11-05 05:00:00,46500.0
2014-11-05 06:00:00,43500.0
2014-11-05 07:00:00,44900.0
2014-11-05 08:00:00,56300.0
2014-11-05 09:00:00,123400.0
2014-11-05 10:00:00,239700.0
2014-11-05 11:00:00,205900.0
2014-11-05 12:00:00,212300.0
2014-11-05 13:00:00,220600.0
2014-11-05 14:00:00,206100.0
2014-11-05 15:00:00,218900.0
2014-11-05 16:00:00,208600.0
2014-11-05 17:00:00,205800.0
2014-11-05 18:00:00,230800.0
2014-11-05 19:00:00,221100.0
2014-11-05 20:00:00,225100.0
2014-11-05 21:00:00,196800.0
2014-11-05 22:00:00,179900.0
2014-11-05 23:00:00,123000.0
2014-11-06 00:00:00,95800.0
2014-11-06 01:00:00,66500.0
2014-11-06 02:00:00,65100.0
2014-11-06 03:00:00,62500.0
2014-11-06 04:00:00,63500.0
2014-11-06 05:00:00,62800.0
2014-11-06 06:00:00,60500.0
2014-11-06 07:00:00,61800.0
2014-11-06 08:00:00,73200.0
2014-11-06 09:00:00,122400.0
2014-11-06 10:00:00,173800.0
2014-11-06 11:00:00,182800.0
2014-11-06 12:00:00,172600.0
2014-11-06 13:00:00,175700.0
2014-11-06 14:00:00,174800.0
2014-11-06 15:00:00,174700.0
2014-11-06 16:00:00,167300.0
2014-11-06 17:00:00,179600.0
2014-11-06 18:00:00,185900.0
2014-11-06 19:00:00,184700.0
2014-11-06 20:00:00,179200.0
2014-11-06 21:00:00,181100.0
2014-11-06 22:00:00,165200.0
2014-11-06 23:00:00,118900.0
2014-11-07 00:00:00,89700.0
2014-11-07 01:00:00,49900.0
2014-11-07 02:00:00,65100.0
2014-11-07 03:00:00,64300.0
2014-11-07 04:00:00,56200.0
2014-11-07 05:00:00,52900.0
2014-11-07 06:00:00,44900.0
2014-11-07 07:00:00,45700.0
2014-11-07 08:00:00,56800.0
2014-11-07 09:00:00,124300.0
2014-11-07 10:00:00,164700.0
2014-11-07 11:00:00,171700.0
2014-11-07 12:00:00,174900.0
2014-11-07 13:00:00,175900.0
2014-11-07 14:00:00,188600.0
2014-11-07 15:00:00,179300.0
2014-11-07 16:00:00,179500.0
2014-11-07 17:00:00,211200.0
2014-11-07 18:00:00,218000.0
2014-11-07 19:00:00,216600.0
2014-11-07 20:00:00,207700.0
2014-11-07 21:00:00,207000.0
2014-11-07 22:00:00,190600.0
2014-11-07 23:00:00,124300.0
2014-11-08 00:00:00,103000.0
2014-11-08 01:00:00,86500.0
2014-11-08 02:00:00,71600.0
2014-11-08 03:00:00,55200.0
2014-11-08 04:00:00,48500.0
2014-11-08 05:00:00,46600.0
2014-11-08 06:00:00,45600.0
2014-11-08 07:00:00,47200.0
2014-11-08 08:00:00,57100.0
2014-11-08 09:00:00,122600.0
2014-11-08 10:00:00,248700.0
2014-11-08 11:00:00,238500.0
2014-11-08 12:00:00,220800.0
2014-11-08 13:00:00,229700.0
2014-11-08 14:00:00,228400.0
2014-11-08 15:00:00,237700.0
2014-11-08 16:00:00,234000.0
2014-11-08 17:00:00,236300.0
2014-11-08 18:00:00,244900.0
2014-11-08 19:00:00,245800.0
2014-11-08 20:00:00,234800.0
2014-11-08 21:00:00,227500.0
2014-11-08 22:00:00,192700.0
2014-11-08 23:00:00,124500.0
2014-11-09 00:00:00,108200.0
2014-11-09 01:00:00,89700.0
2014-11-09 02:00:00,81900.0
2014-11-09 03:00:00,64900.0
2014-11-09 04:00:00,47600.0
2014-11-09 05:00:00,46300.0
2014-11-09 06:00:00,44400.0
2014-11-09 07:00:00,46000.0
2014-11-09 08:00:00,58900.0
2014-11-09 09:00:00,128700.0
2014-11-09 10:00:00,192000.0
2014-11-09 11:00:00,216000.0
2014-11-09 12:00:00,194800.0
2014-11-09 13:00:00,199900.0
2014-11-09 14:00:00,203600.0
2014-11-09 15:00:00,206000.0
2014-11-09 16:00:00,205300.0
2014-11-09 17:00:00,211100.0
2014-11-09 18:00:00,218500.0
2014-11-09 19:00:00,220100.0
2014-11-09 20:00:00,189300.0
2014-11-09 21:00:00,188600.0
2014-11-09 22:00:00,172600.0
2014-11-09 23:00:00,120600.0
2014-11-10 00:00:00,88000.0
2014-11-10 01:00:00,53400.0
2014-11-10 02:00:00,49300.0
2014-11-10 03:00:00,45700.0
2014-11-10 04:00:00,47200.0
2014-11-10 05:00:00,46600.0
2014-11-10 06:00:00,44300.0
2014-11-10 07:00:00,33500.0
2014-11-10 08:00:00,50900.0
2014-11-10 09:00:00,111600.0
2014-11-10 10:00:00,152500.0
2014-11-10 11:00:00,150700.0
2014-11-10 12:00:00,153300.0
2014-11-10 13:00:00,155800.0
2014-11-10 14:00:00,155200.0
2014-11-10 15:00:00,158000.0
2014-11-10 16:00:00,163800.0
2014-11-10 17:00:00,186000.0
2014-11-10 18:00:00,178400.0
2014-11-10 19:00:00,189000.0
2014-11-10 20:00:00,181300.0
2014-11-10 21:00:00,188800.0
2014-11-10 22:00:00,164500.0
2014-11-10 23:00:00,117900.0
2014-11-11 00:00:00,86100.0
2014-11-11 01:00:00,50400.0
2014-11-11 02:00:00,48800.0
2014-11-11 03:00:00,46000.0
2014-11-11 04:00:00,47900.0
2014-11-11 05:00:00,46100.0
2014-11-11 06:00:00,44000.0
2014-11-11 07:00:00,46600.0
2014-11-11 08:00:00,60000.0
2014-11-11 09:00:00,116400.0
2014-11-11 10:00:00,174100.0
2014-11-11 11:00:00,221300.0
2014-11-11 12:00:00,274400.0
2014-11-11 13:00:00,204300.0
2014-11-11 14:00:00,216000.0
2014-11-11 15:00:00,209700.0
2014-11-11 16:00:00,213200.0
2014-11-11 17:00:00,224000.0
2014-11-11 18:00:00,220200.0
2014-11-11 19:00:00,220300.0
2014-11-11 20:00:00,190600.0
2014-11-11 21:00:00,193800.0
2014-11-11 22:00:00,181000.0
2014-11-11 23:00:00,120200.0
2014-11-12 00:00:00,88800.0
2014-11-12 01:00:00,51400.0
2014-11-12 02:00:00,49600.0
2014-11-12 03:00:00,47200.0
2014-11-12 04:00:00,48400.0
2014-11-12 05:00:00,46700.0
2014-11-12 06:00:00,44600.0
2014-11-12 07:00:00,47500.0
2014-11-12 08:00:00,75000.0
2014-11-12 09:00:00,156000.0
2014-11-12 10:00:00,215400.0
2014-11-12 11:00:00,210200.0
2014-11-12 12:00:00,202500.0
2014-11-12 13:00:00,219700.0
2014-11-12 14:00:00,209500.0
2014-11-12 15:00:00,227100.0
2014-11-12 16:00:00,208200.0
2014-11-12 17:00:00,234200.0
2014-11-12 18:00:00,230800.0
2014-11-12 19:00:00,230300.0
2014-11-12 20:00:00,220800.0
2014-11-12 21:00:00,221100.0
2014-11-12 22:00:00,201700.0
2014-11-12 23:00:00,120500.0
2014-11-13 00:00:00,87900.0
2014-11-13 01:00:00,52500.0
2014-11-13 02:00:00,49100.0
2014-11-13 03:00:00,47300.0
2014-11-13 04:00:00,48300.0
2014-11-13 05:00:00,46600.0
2014-11-13 06:00:00,44400.0
2014-11-13 07:00:00,48000.0
2014-11-13 08:00:00,63700.0
2014-11-13 09:00:00,143500.0
2014-11-13 10:00:00,223000.0
2014-11-13 11:00:00,233900.0
2014-11-13 12:00:00,245100.0
2014-11-13 13:00:00,239100.0
2014-11-13 14:00:00,238100.0
2014-11-13 15:00:00,246100.0
2014-11-13 16:00:00,243500.0
2014-11-13 17:00:00,252900.0
2014-11-13 18:00:00,242200.0
2014-11-13 19:00:00,248500.0
2014-11-13 20:00:00,254300.0
2014-11-13 21:00:00,245500.0
2014-11-13 22:00:00,188700.0
2014-11-13 23:00:00,119700.0
2014-11-14 00:00:00,89900.0
2014-11-14 01:00:00,56300.0
2014-11-14 02:00:00,54200.0
2014-11-14 03:00:00,52900.0
2014-11-14 04:00:00,53800.0
2014-11-14 05:00:00,52300.0
2014-11-14 06:00:00,50000.0
2014-11-14 07:00:00,52200.0
2014-11-14 08:00:00,64500.0
2014-11-14 09:00:00,132300.0
2014-11-14 10:00:00,240600.0
2014-11-14 11:00:00,214000.0
2014-11-14 12:00:00,219400.0
2014-11-14 13:00:00,211200.0
2014-11-14 14:00:00,205500.0
2014-11-14 15:00:00,212900.0
2014-11-14 16:00:00,199500.0
2014-11-14 17:00:00,206400.0
2014-11-14 18:00:00,219500.0
2014-11-14 19:00:00,221800.0
2014-11-14 20:00:00,221300.0
2014-11-14 21:00:00,207000.0
2014-11-14 22:00:00,190500.0
2014-11-14 23:00:00,123500.0
2014-11-15 00:00:00,103800.0
2014-11-15 01:00:00,87400.0
2014-11-15 02:00:00,72200.0
2014-11-15 03:00:00,56700.0
2014-11-15 04:00:00,48100.0
2014-11-15 05:00:00,46900.0
2014-11-15 06:00:00,44400.0
2014-11-15 07:00:00,47900.0
2014-11-15 08:00:00,58600.0
2014-11-15 09:00:00,123100.0
2014-11-15 10:00:00,204200.0
2014-11-15 11:00:00,192700.0
2014-11-15 12:00:00,208800.0
2014-11-15 13:00:00,198700.0
2014-11-15 14:00:00,201200.0
2014-11-15 15:00:00,214000.0
2014-11-15 16:00:00,213700.0
2014-11-15 17:00:00,226200.0
2014-11-15 18:00:00,234800.0
2014-11-15 19:00:00,220500.0
2014-11-15 20:00:00,214500.0
2014-11-15 21:00:00,199300.0
2014-11-15 22:00:00,173700.0
2014-11-15 23:00:00,119600.0
2014-11-16 00:00:00,104700.0
2014-11-16 01:00:00,87200.0
2014-11-16 02:00:00,83100.0
2014-11-16 03:00:00,65500.0
2014-11-16 04:00:00,48100.0
2014-11-16 05:00:00,46500.0
2014-11-16 06:00:00,44500.0
2014-11-16 07:00:00,46300.0
2014-11-16 08:00:00,56700.0
2014-11-16 09:00:00,132600.0
2014-11-16 10:00:00,199300.0
2014-11-16 11:00:00,194400.0
2014-11-16 12:00:00,194000.0
2014-11-16 13:00:00,204300.0
2014-11-16 14:00:00,199500.0
2014-11-16 15:00:00,201800.0
2014-11-16 16:00:00,205800.0
2014-11-16 17:00:00,225000.0
2014-11-16 18:00:00,226700.0
2014-11-16 19:00:00,221700.0
2014-11-16 20:00:00,216700.0
2014-11-16 21:00:00,203800.0
2014-11-16 22:00:00,179500.0
2014-11-16 23:00:00,118100.0
2014-11-17 00:00:00,86700.0
2014-11-17 01:00:00,49500.0
2014-11-17 02:00:00,48100.0
2014-11-17 03:00:00,46300.0
2014-11-17 04:00:00,47400.0
2014-11-17 05:00:00,46600.0
2014-11-17 06:00:00,44500.0
2014-11-17 07:00:00,45900.0
2014-11-17 08:00:00,57500.0
2014-11-17 09:00:00,117200.0
2014-11-17 10:00:00,171900.0
2014-11-17 11:00:00,209500.0
2014-11-17 12:00:00,194200.0
2014-11-17 13:00:00,190600.0
2014-11-17 14:00:00,188500.0
2014-11-17 15:00:00,182200.0
2014-11-17 16:00:00,185500.0
2014-11-17 17:00:00,194300.0
2014-11-17 18:00:00,219000.0
2014-11-17 19:00:00,221200.0
2014-11-17 20:00:00,209900.0
2014-11-17 21:00:00,189000.0
2014-11-17 22:00:00,177000.0
2014-11-17 23:00:00,115500.0
2014-11-18 00:00:00,83800.0
2014-11-18 01:00:00,48600.0
2014-11-18 02:00:00,48100.0
2014-11-18 03:00:00,47900.0
2014-11-18 04:00:00,52200.0
2014-11-18 05:00:00,51500.0
2014-11-18 06:00:00,44600.0
2014-11-18 07:00:00,45800.0
2014-11-18 08:00:00,56900.0
2014-11-18 09:00:00,115200.0
2014-11-18 10:00:00,165900.0
2014-11-18 11:00:00,179400.0
2014-11-18 12:00:00,208500.0
2014-11-18 13:00:00,201200.0
2014-11-18 14:00:00,202600.0
2014-11-18 15:00:00,188900.0
2014-11-18 16:00:00,185200.0
2014-11-18 17:00:00,199700.0
2014-11-18 18:00:00,202600.0
2014-11-18 19:00:00,210600.0
2014-11-18 20:00:00,210600.0
2014-11-18 21:00:00,219000.0
2014-11-18 22:00:00,200700.0
2014-11-18 23:00:00,125000.0
2014-11-19 00:00:00,93600.0
2014-11-19 01:00:00,55000.0
2014-11-19 02:00:00,52900.0
2014-11-19 03:00:00,51600.0
2014-11-19 04:00:00,53000.0
2014-11-19 05:00:00,52100.0
2014-11-19 06:00:00,48700.0
2014-11-19 07:00:00,50200.0
2014-11-19 08:00:00,62200.0
2014-11-19 09:00:00,129300.0
2014-11-19 10:00:00,215200.0
2014-11-19 11:00:00,201100.0
2014-11-19 12:00:00,194800.0
2014-11-19 13:00:00,203900.0
2014-11-19 14:00:00,196500.0
2014-11-19 15:00:00,206100.0
2014-11-19 16:00:00,217300.0
2014-11-19 17:00:00,227900.0
2014-11-19 18:00:00,228100.0
2014-11-19 19:00:00,225900.0
2014-11-19 20:00:00,218000.0
2014-11-19 21:00:00,221800.0
2014-11-19 22:00:00,191800.0
2014-11-19 23:00:00,124900.0
2014-11-20 00:00:00,88300.0
2014-11-20 01:00:00,50400.0
2014-11-20 02:00:00,48100.0
2014-11-20 03:00:00,46600.0
2014-11-20 04:00:00,47700.0
2014-11-20 05:00:00,46000.0
2014-11-20 06:00:00,43600.0
2014-11-20 07:00:00,46600.0
2014-11-20 08:00:00,57700.0
2014-11-20 09:00:00,124500.0
2014-11-20 10:00:00,203400.0
2014-11-20 11:00:00,208300.0
2014-11-20 12:00:00,208400.0
2014-11-20 13:00:00,211700.0
2014-11-20 14:00:00,210200.0
2014-11-20 15:00:00,221500.0
2014-11-20 16:00:00,207800.0
2014-11-20 17:00:00,207800.0
2014-11-20 18:00:00,207300.0
2014-11-20 19:00:00,213400.0
2014-11-20 20:00:00,210400.0
2014-11-20 21:00:00,209300.0
2014-11-20 22:00:00,200200.0
2014-11-20 23:00:00,123300.0
2014-11-21 00:00:00,87600.0
2014-11-21 01:00:00,49600.0
2014-11-21 02:00:00,49000.0
2014-11-21 03:00:00,50200.0
2014-11-21 04:00:00,54100.0
2014-11-21 05:00:00,51900.0
2014-11-21 06:00:00,49000.0
2014-11-21 07:00:00,51800.0
2014-11-21 08:00:00,62000.0
2014-11-21 09:00:00,129300.0
2014-11-21 10:00:00,210600.0
2014-11-21 11:00:00,207300.0
2014-11-21 12:00:00,193100.0
2014-11-21 13:00:00,214000.0
2014-11-21 14:00:00,204000.0
2014-11-21 15:00:00,212700.0
2014-11-21 16:00:00,213600.0
2014-11-21 17:00:00,223000.0
2014-11-21 18:00:00,234800.0
2014-11-21 19:00:00,230900.0
2014-11-21 20:00:00,222900.0
2014-11-21 21:00:00,234600.0
2014-11-21 22:00:00,211200.0
2014-11-21 23:00:00,126800.0
2014-11-22 00:00:00,103400.0
2014-11-22 01:00:00,87300.0
2014-11-22 02:00:00,69000.0
2014-11-22 03:00:00,53700.0
2014-11-22 04:00:00,45400.0
2014-11-22 05:00:00,44400.0
2014-11-22 06:00:00,41800.0
2014-11-22 07:00:00,44200.0
2014-11-22 08:00:00,55700.0
2014-11-22 09:00:00,120200.0
2014-11-22 10:00:00,212000.0
2014-11-22 11:00:00,205600.0
2014-11-22 12:00:00,205100.0
2014-11-22 13:00:00,220200.0
2014-11-22 14:00:00,215200.0
2014-11-22 15:00:00,215300.0
2014-11-22 16:00:00,229500.0
2014-11-22 17:00:00,255600.0
2014-11-22 18:00:00,248200.0
2014-11-22 19:00:00,242800.0
2014-11-22 20:00:00,240900.0
2014-11-22 21:00:00,235700.0
2014-11-22 22:00:00,210400.0
2014-11-22 23:00:00,125500.0
2014-11-23 00:00:00,110600.0
2014-11-23 01:00:00,87200.0
2014-11-23 02:00:00,83600.0
2014-11-23 03:00:00,64500.0
2014-11-23 04:00:00,45600.0
2014-11-23 05:00:00,44300.0
2014-11-23 06:00:00,42200.0
2014-11-23 07:00:00,44400.0
2014-11-23 08:00:00,55600.0
2014-11-23 09:00:00,144600.0
2014-11-23 10:00:00,195400.0
2014-11-23 11:00:00,201100.0
2014-11-23 12:00:00,202400.0
2014-11-23 13:00:00,213900.0
2014-11-23 14:00:00,216200.0
2014-11-23 15:00:00,216100.0
2014-11-23 16:00:00,225000.0
2014-11-23 17:00:00,251400.0
2014-11-23 18:00:00,226500.0
2014-11-23 19:00:00,221500.0
2014-11-23 20:00:00,224500.0
2014-11-23 21:00:00,210300.0
2014-11-23 22:00:00,197000.0
2014-11-23 23:00:00,127900.0
2014-11-24 00:00:00,92600.0
2014-11-24 01:00:00,51100.0
2014-11-24 02:00:00,48700.0
2014-11-24 03:00:00,46000.0
2014-11-24 04:00:00,45700.0
2014-11-24 05:00:00,43900.0
2014-11-24 06:00:00,41700.0
2014-11-24 07:00:00,43400.0
2014-11-24 08:00:00,55000.0
2014-11-24 09:00:00,117000.0
2014-11-24 10:00:00,164500.0
2014-11-24 11:00:00,231300.0
2014-11-24 12:00:00,208600.0
2014-11-24 13:00:00,215400.0
2014-11-24 14:00:00,210600.0
2014-11-24 15:00:00,209000.0
2014-11-24 16:00:00,199900.0
2014-11-24 17:00:00,211700.0
2014-11-24 18:00:00,218900.0
2014-11-24 19:00:00,221400.0
2014-11-24 20:00:00,224000.0
2014-11-24 21:00:00,221500.0
2014-11-24 22:00:00,204700.0
2014-11-24 23:00:00,123300.0
2014-11-25 00:00:00,92900.0
2014-11-25 01:00:00,51000.0
2014-11-25 02:00:00,47900.0
2014-11-25 03:00:00,45500.0
2014-11-25 04:00:00,45900.0
2014-11-25 05:00:00,45100.0
2014-11-25 06:00:00,41800.0
2014-11-25 07:00:00,44200.0
2014-11-25 08:00:00,55200.0
2014-11-25 09:00:00,117500.0
2014-11-25 10:00:00,196600.0
2014-11-25 11:00:00,191500.0
2014-11-25 12:00:00,184700.0
2014-11-25 13:00:00,190900.0
2014-11-25 14:00:00,194000.0
2014-11-25 15:00:00,197700.0
2014-11-25 16:00:00,206800.0
2014-11-25 17:00:00,211400.0
2014-11-25 18:00:00,205700.0
2014-11-25 19:00:00,199900.0
2014-11-25 20:00:00,196800.0
2014-11-25 21:00:00,195000.0
2014-11-25 22:00:00,182700.0
2014-11-25 23:00:00,120000.0
2014-11-26 00:00:00,89100.0
2014-11-26 01:00:00,50200.0
2014-11-26 02:00:00,46900.0
2014-11-26 03:00:00,43300.0
2014-11-26 04:00:00,44900.0
2014-11-26 05:00:00,43400.0
2014-11-26 06:00:00,40800.0
2014-11-26 07:00:00,43700.0
2014-11-26 08:00:00,55100.0
2014-11-26 09:00:00,122300.0
2014-11-26 10:00:00,156800.0
2014-11-26 11:00:00,182500.0
2014-11-26 12:00:00,175000.0
2014-11-26 13:00:00,181600.0
2014-11-26 14:00:00,183000.0
2014-11-26 15:00:00,192200.0
2014-11-26 16:00:00,194300.0
2014-11-26 17:00:00,196200.0
2014-11-26 18:00:00,201900.0
2014-11-26 19:00:00,205400.0
2014-11-26 20:00:00,199400.0
2014-11-26 21:00:00,191700.0
2014-11-26 22:00:00,175700.0
2014-11-26 23:00:00,120100.0
2014-11-27 00:00:00,87400.0
2014-11-27 01:00:00,46800.0
2014-11-27 02:00:00,45200.0
2014-11-27 03:00:00,44100.0
2014-11-27 04:00:00,44600.0
2014-11-27 05:00:00,43300.0
2014-11-27 06:00:00,40500.0
2014-11-27 07:00:00,42800.0
2014-11-27 08:00:00,53700.0
2014-11-27 09:00:00,115400.0
2014-11-27 10:00:00,189600.0
2014-11-27 11:00:00,186600.0
2014-11-27 12:00:00,189700.0
2014-11-27 13:00:00,189200.0
2014-11-27 14:00:00,181000.0
2014-11-27 15:00:00,182200.0
2014-11-27 16:00:00,176100.0
2014-11-27 17:00:00,198000.0
2014-11-27 18:00:00,200800.0
2014-11-27 19:00:00,205500.0
2014-11-27 20:00:00,211600.0
2014-11-27 21:00:00,201400.0
2014-11-27 22:00:00,176400.0
2014-11-27 23:00:00,119000.0
2014-11-28 00:00:00,84700.0
2014-11-28 01:00:00,48600.0
2014-11-28 02:00:00,46700.0
2014-11-28 03:00:00,44800.0
2014-11-28 04:00:00,45900.0
2014-11-28 05:00:00,45500.0
2014-11-28 06:00:00,41800.0
2014-11-28 07:00:00,43800.0
2014-11-28 08:00:00,55500.0
2014-11-28 09:00:00,122200.0
2014-11-28 10:00:00,172900.0
2014-11-28 11:00:00,170400.0
2014-11-28 12:00:00,181900.0
2014-11-28 13:00:00,185100.0
2014-11-28 14:00:00,184500.0
2014-11-28 15:00:00,182700.0
2014-11-28 16:00:00,187000.0
2014-11-28 17:00:00,196000.0
2014-11-28 18:00:00,209400.0
2014-11-28 19:00:00,210800.0
2014-11-28 20:00:00,199100.0
2014-11-28 21:00:00,195600.0
2014-11-28 22:00:00,181700.0
2014-11-28 23:00:00,122500.0
2014-11-29 00:00:00,100100.0
2014-11-29 01:00:00,84700.0
2014-11-29 02:00:00,70000.0
2014-11-29 03:00:00,54500.0
2014-11-29 04:00:00,46400.0
2014-11-29 05:00:00,44500.0
2014-11-29 06:00:00,42600.0
2014-11-29 07:00:00,44800.0
2014-11-29 08:00:00,55800.0
2014-11-29 09:00:00,115200.0
2014-11-29 10:00:00,163500.0
2014-11-29 11:00:00,183400.0
2014-11-29 12:00:00,201000.0
2014-11-29 13:00:00,185500.0
2014-11-29 14:00:00,186700.0
2014-11-29 15:00:00,198000.0
2014-11-29 16:00:00,203600.0
2014-11-29 17:00:00,207300.0
2014-11-29 18:00:00,210300.0
2014-11-29 19:00:00,202900.0
2014-11-29 20:00:00,202300.0
2014-11-29 21:00:00,211300.0
2014-11-29 22:00:00,184000.0
2014-11-29 23:00:00,121800.0
2014-11-30 00:00:00,105200.0
2014-11-30 01:00:00,86800.0
2014-11-30 02:00:00,82900.0
2014-11-30 03:00:00,64900.0
2014-11-30 04:00:00,46300.0
2014-11-30 05:00:00,44600.0
2014-11-30 06:00:00,43100.0
2014-11-30 07:00:00,43900.0
2014-11-30 08:00:00,53900.0
2014-11-30 09:00:00,118000.0
2014-11-30 10:00:00,150900.0
2014-11-30 11:00:00,198300.0
2014-11-30 12:00:00,184900.0
2014-11-30 13:00:00,187400.0
2014-11-30 14:00:00,184600.0
2014-11-30 15:00:00,188000.0
2014-11-30 16:00:00,188400.0
2014-11-30 17:00:00,199600.0
2014-11-30 18:00:00,203000.0
2014-11-30 19:00:00,214800.0
2014-11-30 20:00:00,202900.0
2014-11-30 21:00:00,197400.0
2014-11-30 22:00:00,175300.0
2014-11-30 23:00:00,118600.0
2014-12-01 00:00:00,84600.0
2014-12-01 01:00:00,47500.0
2014-12-01 02:00:00,45700.0
2014-12-01 03:00:00,44200.0
2014-12-01 04:00:00,45300.0
2014-12-01 05:00:00,43900.0
2014-12-01 06:00:00,41600.0
2014-12-01 07:00:00,44100.0
2014-12-01 08:00:00,56100.0
2014-12-01 09:00:00,117900.0
2014-12-01 10:00:00,172400.0
2014-12-01 11:00:00,193000.0
2014-12-01 12:00:00,186300.0
2014-12-01 13:00:00,188000.0
2014-12-01 14:00:00,197200.0
2014-12-01 15:00:00,195100.0
2014-12-01 16:00:00,195500.0
2014-12-01 17:00:00,192700.0
2014-12-01 18:00:00,199400.0
2014-12-01 19:00:00,201000.0
2014-12-01 20:00:00,197800.0
2014-12-01 21:00:00,194000.0
2014-12-01 22:00:00,171200.0
2014-12-01 23:00:00,121400.0
2014-12-02 00:00:00,89400.0
2014-12-02 01:00:00,51500.0
2014-12-02 02:00:00,45300.0
2014-12-02 03:00:00,44700.0
2014-12-02 04:00:00,45500.0
2014-12-02 05:00:00,43900.0
2014-12-02 06:00:00,41600.0
2014-12-02 07:00:00,43500.0
2014-12-02 08:00:00,56500.0
2014-12-02 09:00:00,115300.0
2014-12-02 10:00:00,171600.0
2014-12-02 11:00:00,190600.0
2014-12-02 12:00:00,182000.0
2014-12-02 13:00:00,184400.0
2014-12-02 14:00:00,183600.0
2014-12-02 15:00:00,179700.0
2014-12-02 16:00:00,179000.0
2014-12-02 17:00:00,191600.0
2014-12-02 18:00:00,200500.0
2014-12-02 19:00:00,194000.0
2014-12-02 20:00:00,192400.0
2014-12-02 21:00:00,193400.0
2014-12-02 22:00:00,167500.0
2014-12-02 23:00:00,119700.0
2014-12-03 00:00:00,85200.0
2014-12-03 01:00:00,47700.0
2014-12-03 02:00:00,45100.0
2014-12-03 03:00:00,43500.0
2014-12-03 04:00:00,44900.0
2014-12-03 05:00:00,44000.0
2014-12-03 06:00:00,41400.0
2014-12-03 07:00:00,43600.0
2014-12-03 08:00:00,55600.0
2014-12-03 09:00:00,116800.0
2014-12-03 10:00:00,140900.0
2014-12-03 11:00:00,166000.0
2014-12-03 12:00:00,154100.0
2014-12-03 13:00:00,198600.0
2014-12-03 14:00:00,173400.0
2014-12-03 15:00:00,179700.0
2014-12-03 16:00:00,171900.0
2014-12-03 17:00:00,184500.0
2014-12-03 18:00:00,197000.0
2014-12-03 19:00:00,187900.0
2014-12-03 20:00:00,189800.0
2014-12-03 21:00:00,192200.0
2014-12-03 22:00:00,165300.0
2014-12-03 23:00:00,120800.0
2014-12-04 00:00:00,84900.0
2014-12-04 01:00:00,46900.0
2014-12-04 02:00:00,44800.0
2014-12-04 03:00:00,43400.0
2014-12-04 04:00:00,44900.0
2014-12-04 05:00:00,45000.0
2014-12-04 06:00:00,42500.0
2014-12-04 07:00:00,44100.0
2014-12-04 08:00:00,58200.0
2014-12-04 09:00:00,114700.0
2014-12-04 10:00:00,154100.0
2014-12-04 11:00:00,184800.0
2014-12-04 12:00:00,179000.0
2014-12-04 13:00:00,177400.0
2014-12-04 14:00:00,179100.0
2014-12-04 15:00:00,177700.0
2014-12-04 16:00:00,176100.0
2014-12-04 17:00:00,184700.0
2014-12-04 18:00:00,197300.0
2014-12-04 19:00:00,196400.0
2014-12-04 20:00:00,194400.0
2014-12-04 21:00:00,193700.0
2014-12-04 22:00:00,174800.0
2014-12-04 23:00:00,119600.0
2014-12-05 00:00:00,85200.0
2014-12-05 01:00:00,48800.0
2014-12-05 02:00:00,46800.0
2014-12-05 03:00:00,45600.0
2014-12-05 04:00:00,46300.0
2014-12-05 05:00:00,45600.0
2014-12-05 06:00:00,42800.0
2014-12-05 07:00:00,44900.0
2014-12-05 08:00:00,59900.0
2014-12-05 09:00:00,120000.0
2014-12-05 10:00:00,160800.0
2014-12-05 11:00:00,166800.0
2014-12-05 12:00:00,177400.0
2014-12-05 13:00:00,168300.0
2014-12-05 14:00:00,181100.0
2014-12-05 15:00:00,177300.0
2014-12-05 16:00:00,169400.0
2014-12-05 17:00:00,190600.0
2014-12-05 18:00:00,188000.0
2014-12-05 19:00:00,197300.0
2014-12-05 20:00:00,186400.0
2014-12-05 21:00:00,181100.0
2014-12-05 22:00:00,178700.0
2014-12-05 23:00:00,124500.0
2014-12-06 00:00:00,103000.0
2014-12-06 01:00:00,86600.0
2014-12-06 02:00:00,69700.0
2014-12-06 03:00:00,52400.0
2014-12-06 04:00:00,44600.0
2014-12-06 05:00:00,43100.0
2014-12-06 06:00:00,40900.0
2014-12-06 07:00:00,43500.0
2014-12-06 08:00:00,55200.0
2014-12-06 09:00:00,111400.0
2014-12-06 10:00:00,165600.0
2014-12-06 11:00:00,166200.0
2014-12-06 12:00:00,168500.0
2014-12-06 13:00:00,178700.0
2014-12-06 14:00:00,181300.0
2014-12-06 15:00:00,181100.0
2014-12-06 16:00:00,181600.0
2014-12-06 17:00:00,198700.0
2014-12-06 18:00:00,201800.0
2014-12-06 19:00:00,199700.0
2014-12-06 20:00:00,194400.0
2014-12-06 21:00:00,182400.0
2014-12-06 22:00:00,172400.0
2014-12-06 23:00:00,120300.0
2014-12-07 00:00:00,107400.0
2014-12-07 01:00:00,88700.0
2014-12-07 02:00:00,81300.0
2014-12-07 03:00:00,63600.0
2014-12-07 04:00:00,45700.0
2014-12-07 05:00:00,43900.0
2014-12-07 06:00:00,42400.0
2014-12-07 07:00:00,45100.0
2014-12-07 08:00:00,55100.0
2014-12-07 09:00:00,112900.0
2014-12-07 10:00:00,145300.0
2014-12-07 11:00:00,148300.0
2014-12-07 12:00:00,157900.0
2014-12-07 13:00:00,161600.0
2014-12-07 14:00:00,159400.0
2014-12-07 15:00:00,167300.0
2014-12-07 16:00:00,218400.0
2014-12-07 17:00:00,202000.0
2014-12-07 18:00:00,236500.0
2014-12-07 19:00:00,216300.0
2014-12-07 20:00:00,194500.0
2014-12-07 21:00:00,175000.0
2014-12-07 22:00:00,167000.0
2014-12-07 23:00:00,122300.0
2014-12-08 00:00:00,87300.0
2014-12-08 01:00:00,47100.0
2014-12-08 02:00:00,46300.0
2014-12-08 03:00:00,45100.0
2014-12-08 04:00:00,45600.0
2014-12-08 05:00:00,44100.0
2014-12-08 06:00:00,42100.0
2014-12-08 07:00:00,44800.0
2014-12-08 08:00:00,55400.0
2014-12-08 09:00:00,115900.0
2014-12-08 10:00:00,150800.0
2014-12-08 11:00:00,162800.0
2014-12-08 12:00:00,160100.0
2014-12-08 13:00:00,208000.0
2014-12-08 14:00:00,175500.0
2014-12-08 15:00:00,176200.0
2014-12-08 16:00:00,184600.0
2014-12-08 17:00:00,191300.0
2014-12-08 18:00:00,195800.0
2014-12-08 19:00:00,195300.0
2014-12-08 20:00:00,184400.0
2014-12-08 21:00:00,192500.0
2014-12-08 22:00:00,173100.0
2014-12-08 23:00:00,122700.0
2014-12-09 00:00:00,87800.0
2014-12-09 01:00:00,50900.0
2014-12-09 02:00:00,45700.0
2014-12-09 03:00:00,44200.0
2014-12-09 04:00:00,44800.0
2014-12-09 05:00:00,43900.0
2014-12-09 06:00:00,41800.0
2014-12-09 07:00:00,32300.0
2014-12-09 08:00:00,49600.0
2014-12-09 09:00:00,111800.0
2014-12-09 10:00:00,142700.0
2014-12-09 11:00:00,149000.0
2014-12-09 12:00:00,172000.0
2014-12-09 13:00:00,158300.0
2014-12-09 14:00:00,170200.0
2014-12-09 15:00:00,183400.0
2014-12-09 16:00:00,158000.0
2014-12-09 17:00:00,167100.0
2014-12-09 18:00:00,181900.0
2014-12-09 19:00:00,181700.0
2014-12-09 20:00:00,159100.0
2014-12-09 21:00:00,157400.0
2014-12-09 22:00:00,152100.0
2014-12-09 23:00:00,120000.0
2014-12-10 00:00:00,89600.0
2014-12-10 01:00:00,51600.0
2014-12-10 02:00:00,49200.0
2014-12-10 03:00:00,47800.0
2014-12-10 04:00:00,48300.0
2014-12-10 05:00:00,47100.0
2014-12-10 06:00:00,43800.0
2014-12-10 07:00:00,45700.0
2014-12-10 08:00:00,56400.0
2014-12-10 09:00:00,114100.0
2014-12-10 10:00:00,150500.0
2014-12-10 11:00:00,177500.0
2014-12-10 12:00:00,181000.0
2014-12-10 13:00:00,179900.0
2014-12-10 14:00:00,168300.0
2014-12-10 15:00:00,186200.0
2014-12-10 16:00:00,183300.0
2014-12-10 17:00:00,188600.0
2014-12-10 18:00:00,197600.0
2014-12-10 19:00:00,188200.0
2014-12-10 20:00:00,180900.0
2014-12-10 21:00:00,181600.0
2014-12-10 22:00:00,174900.0
2014-12-10 23:00:00,123400.0
2014-12-11 00:00:00,90300.0
2014-12-11 01:00:00,55500.0
2014-12-11 02:00:00,50500.0
2014-12-11 03:00:00,47500.0
2014-12-11 04:00:00,48800.0
2014-12-11 05:00:00,46300.0
2014-12-11 06:00:00,43500.0
2014-12-11 07:00:00,46400.0
2014-12-11 08:00:00,55400.0
2014-12-11 09:00:00,111800.0
2014-12-11 10:00:00,173100.0
2014-12-11 11:00:00,183700.0
2014-12-11 12:00:00,181300.0
2014-12-11 13:00:00,172600.0
2014-12-11 14:00:00,168300.0
2014-12-11 15:00:00,195600.0
2014-12-11 16:00:00,197300.0
2014-12-11 17:00:00,195100.0
2014-12-11 18:00:00,194500.0
2014-12-11 19:00:00,193100.0
2014-12-11 20:00:00,190300.0
2014-12-11 21:00:00,186100.0
2014-12-11 22:00:00,164800.0
2014-12-11 23:00:00,122000.0
2014-12-12 00:00:00,93000.0
2014-12-12 01:00:00,73000.0
2014-12-12 02:00:00,54200.0
2014-12-12 03:00:00,52000.0
2014-12-12 04:00:00,51600.0
2014-12-12 05:00:00,50600.0
2014-12-12 06:00:00,47200.0
2014-12-12 07:00:00,49400.0
2014-12-12 08:00:00,59300.0
2014-12-12 09:00:00,125900.0
2014-12-12 10:00:00,164800.0
2014-12-12 11:00:00,160700.0
2014-12-12 12:00:00,162700.0
2014-12-12 13:00:00,173500.0
2014-12-12 14:00:00,173400.0
2014-12-12 15:00:00,170200.0
2014-12-12 16:00:00,176900.0
2014-12-12 17:00:00,196500.0
2014-12-12 18:00:00,199200.0
2014-12-12 19:00:00,205000.0
2014-12-12 20:00:00,190400.0
2014-12-12 21:00:00,178700.0
2014-12-12 22:00:00,170000.0
2014-12-12 23:00:00,120600.0
2014-12-13 00:00:00,100400.0
2014-12-13 01:00:00,82900.0
2014-12-13 02:00:00,69000.0
2014-12-13 03:00:00,52700.0
2014-12-13 04:00:00,44000.0
2014-12-13 05:00:00,43300.0
2014-12-13 06:00:00,40400.0
2014-12-13 07:00:00,43600.0
2014-12-13 08:00:00,55100.0
2014-12-13 09:00:00,117400.0
2014-12-13 10:00:00,152400.0
2014-12-13 11:00:00,158000.0
2014-12-13 12:00:00,205500.0
2014-12-13 13:00:00,179800.0
2014-12-13 14:00:00,175000.0
2014-12-13 15:00:00,175100.0
2014-12-13 16:00:00,186200.0
2014-12-13 17:00:00,203000.0
2014-12-13 18:00:00,197400.0
2014-12-13 19:00:00,202400.0
2014-12-13 20:00:00,199600.0
2014-12-13 21:00:00,195300.0
2014-12-13 22:00:00,181300.0
2014-12-13 23:00:00,124000.0
2014-12-14 00:00:00,111100.0
2014-12-14 01:00:00,89200.0
2014-12-14 02:00:00,82000.0
2014-12-14 03:00:00,63400.0
2014-12-14 04:00:00,45000.0
2014-12-14 05:00:00,43300.0
2014-12-14 06:00:00,40900.0
2014-12-14 07:00:00,43200.0
2014-12-14 08:00:00,54200.0
2014-12-14 09:00:00,113100.0
2014-12-14 10:00:00,147500.0
2014-12-14 11:00:00,146400.0
2014-12-14 12:00:00,151600.0
2014-12-14 13:00:00,163700.0
2014-12-14 14:00:00,159400.0
2014-12-14 15:00:00,162500.0
2014-12-14 16:00:00,167600.0
2014-12-14 17:00:00,175200.0
2014-12-14 18:00:00,190200.0
2014-12-14 19:00:00,183200.0
2014-12-14 20:00:00,180300.0
2014-12-14 21:00:00,185100.0
2014-12-14 22:00:00,169100.0
2014-12-14 23:00:00,123100.0
2014-12-15 00:00:00,92300.0
2014-12-15 01:00:00,50700.0
2014-12-15 02:00:00,45600.0
2014-12-15 03:00:00,43500.0
2014-12-15 04:00:00,44300.0
2014-12-15 05:00:00,42900.0
2014-12-15 06:00:00,41100.0
2014-12-15 07:00:00,43700.0
2014-12-15 08:00:00,55500.0
2014-12-15 09:00:00,114200.0
2014-12-15 10:00:00,207800.0
2014-12-15 11:00:00,177800.0
2014-12-15 12:00:00,179300.0
2014-12-15 13:00:00,182200.0
2014-12-15 14:00:00,177800.0
2014-12-15 15:00:00,172900.0
2014-12-15 16:00:00,177300.0
2014-12-15 17:00:00,179000.0
2014-12-15 18:00:00,189600.0
2014-12-15 19:00:00,182600.0
2014-12-15 20:00:00,182400.0
2014-12-15 21:00:00,178100.0
2014-12-15 22:00:00,165400.0
2014-12-15 23:00:00,123800.0
2014-12-16 00:00:00,93800.0
2014-12-16 01:00:00,51900.0
2014-12-16 02:00:00,50500.0
2014-12-16 03:00:00,47200.0
2014-12-16 04:00:00,47700.0
2014-12-16 05:00:00,47400.0
2014-12-16 06:00:00,43900.0
2014-12-16 07:00:00,47100.0
2014-12-16 08:00:00,58100.0
2014-12-16 09:00:00,113300.0
2014-12-16 10:00:00,187700.0
2014-12-16 11:00:00,172300.0
2014-12-16 12:00:00,173900.0
2014-12-16 13:00:00,177400.0
2014-12-16 14:00:00,176500.0
2014-12-16 15:00:00,178100.0
2014-12-16 16:00:00,182100.0
2014-12-16 17:00:00,193300.0
2014-12-16 18:00:00,200600.0
2014-12-16 19:00:00,202200.0
2014-12-16 20:00:00,201400.0
2014-12-16 21:00:00,183200.0
2014-12-16 22:00:00,165000.0
2014-12-16 23:00:00,124200.0
2014-12-17 00:00:00,96000.0
2014-12-17 01:00:00,56300.0
2014-12-17 02:00:00,50500.0
2014-12-17 03:00:00,47800.0
2014-12-17 04:00:00,48600.0
2014-12-17 05:00:00,46200.0
2014-12-17 06:00:00,43300.0
2014-12-17 07:00:00,46400.0
2014-12-17 08:00:00,56500.0
2014-12-17 09:00:00,115700.0
2014-12-17 10:00:00,169400.0
2014-12-17 11:00:00,172000.0
2014-12-17 12:00:00,177900.0
2014-12-17 13:00:00,177400.0
2014-12-17 14:00:00,179800.0
2014-12-17 15:00:00,184900.0
2014-12-17 16:00:00,183400.0
2014-12-17 17:00:00,193800.0
2014-12-17 18:00:00,202700.0
2014-12-17 19:00:00,196300.0
2014-12-17 20:00:00,194900.0
2014-12-17 21:00:00,186300.0
2014-12-17 22:00:00,164600.0
2014-12-17 23:00:00,125800.0
2014-12-18 00:00:00,94000.0
2014-12-18 01:00:00,55400.0
2014-12-18 02:00:00,52600.0
2014-12-18 03:00:00,50700.0
2014-12-18 04:00:00,51700.0
2014-12-18 05:00:00,49200.0
2014-12-18 06:00:00,46300.0
2014-12-18 07:00:00,49100.0
2014-12-18 08:00:00,61000.0
2014-12-18 09:00:00,115300.0
2014-12-18 10:00:00,177500.0
2014-12-18 11:00:00,180100.0
2014-12-18 12:00:00,177800.0
2014-12-18 13:00:00,182200.0
2014-12-18 14:00:00,178000.0
2014-12-18 15:00:00,180700.0
2014-12-18 16:00:00,173900.0
2014-12-18 17:00:00,191000.0
2014-12-18 18:00:00,210800.0
2014-12-18 19:00:00,200500.0
2014-12-18 20:00:00,203600.0
2014-12-18 21:00:00,197900.0
2014-12-18 22:00:00,183300.0
2014-12-18 23:00:00,130200.0
2014-12-19 00:00:00,94700.0
2014-12-19 01:00:00,53600.0
2014-12-19 02:00:00,49300.0
2014-12-19 03:00:00,46100.0
2014-12-19 04:00:00,47300.0
2014-12-19 05:00:00,45600.0
2014-12-19 06:00:00,42900.0
2014-12-19 07:00:00,45500.0
2014-12-19 08:00:00,56500.0
2014-12-19 09:00:00,121700.0
2014-12-19 10:00:00,151800.0
2014-12-19 11:00:00,170600.0
2014-12-19 12:00:00,184600.0
2014-12-19 13:00:00,162500.0
2014-12-19 14:00:00,170000.0
2014-12-19 15:00:00,164100.0
2014-12-19 16:00:00,168600.0
2014-12-19 17:00:00,187600.0
2014-12-19 18:00:00,195800.0
2014-12-19 19:00:00,193800.0
2014-12-19 20:00:00,184800.0
2014-12-19 21:00:00,186200.0
2014-12-19 22:00:00,175600.0
2014-12-19 23:00:00,128200.0
2014-12-20 00:00:00,106900.0
2014-12-20 01:00:00,88100.0
2014-12-20 02:00:00,74500.0
2014-12-20 03:00:00,56000.0
2014-12-20 04:00:00,45200.0
2014-12-20 05:00:00,44300.0
2014-12-20 06:00:00,41300.0
2014-12-20 07:00:00,44500.0
2014-12-20 08:00:00,55600.0
2014-12-20 09:00:00,106800.0
2014-12-20 10:00:00,149800.0
2014-12-20 11:00:00,162900.0
2014-12-20 12:00:00,168400.0
2014-12-20 13:00:00,168100.0
2014-12-20 14:00:00,174300.0
2014-12-20 15:00:00,174100.0
2014-12-20 16:00:00,180200.0
2014-12-20 17:00:00,189500.0
2014-12-20 18:00:00,201600.0
2014-12-20 19:00:00,203200.0
2014-12-20 20:00:00,199700.0
2014-12-20 21:00:00,191200.0
2014-12-20 22:00:00,173200.0
2014-12-20 23:00:00,128700.0
2014-12-21 00:00:00,112600.0
2014-12-21 01:00:00,90200.0
2014-12-21 02:00:00,84800.0
2014-12-21 03:00:00,62900.0
2014-12-21 04:00:00,44700.0
2014-12-21 05:00:00,43200.0
2014-12-21 06:00:00,41800.0
2014-12-21 07:00:00,43600.0
2014-12-21 08:00:00,54200.0
2014-12-21 09:00:00,109100.0
2014-12-21 10:00:00,156800.0
2014-12-21 11:00:00,172700.0
2014-12-21 12:00:00,180000.0
2014-12-21 13:00:00,187900.0
2014-12-21 14:00:00,177000.0
2014-12-21 15:00:00,186100.0
2014-12-21 16:00:00,189000.0
2014-12-21 17:00:00,201400.0
2014-12-21 18:00:00,208300.0
2014-12-21 19:00:00,203800.0
2014-12-21 20:00:00,205600.0
2014-12-21 21:00:00,196700.0
2014-12-21 22:00:00,188900.0
2014-12-21 23:00:00,135800.0
2014-12-22 00:00:00,99900.0
2014-12-22 01:00:00,55500.0
2014-12-22 02:00:00,49400.0
2014-12-22 03:00:00,45700.0
2014-12-22 04:00:00,45800.0
2014-12-22 05:00:00,44100.0
2014-12-22 06:00:00,41400.0
2014-12-22 07:00:00,44300.0
2014-12-22 08:00:00,56500.0
2014-12-22 09:00:00,114100.0
2014-12-22 10:00:00,175600.0
2014-12-22 11:00:00,174500.0
2014-12-22 12:00:00,185000.0
2014-12-22 13:00:00,186200.0
2014-12-22 14:00:00,185300.0
2014-12-22 15:00:00,183400.0
2014-12-22 16:00:00,190100.0
2014-12-22 17:00:00,210500.0
2014-12-22 18:00:00,210500.0
2014-12-22 19:00:00,204300.0
2014-12-22 20:00:00,201100.0
2014-12-22 21:00:00,208900.0
2014-12-22 22:00:00,194000.0
2014-12-22 23:00:00,127700.0
2014-12-23 00:00:00,97500.0
2014-12-23 01:00:00,53400.0
2014-12-23 02:00:00,48700.0
2014-12-23 03:00:00,45100.0
2014-12-23 04:00:00,45300.0
2014-12-23 05:00:00,43100.0
2014-12-23 06:00:00,41900.0
2014-12-23 07:00:00,43700.0
2014-12-23 08:00:00,55900.0
2014-12-23 09:00:00,112400.0
2014-12-23 10:00:00,173900.0
2014-12-23 11:00:00,173200.0
2014-12-23 12:00:00,178400.0
2014-12-23 13:00:00,177600.0
2014-12-23 14:00:00,182400.0
2014-12-23 15:00:00,183800.0
2014-12-23 16:00:00,187100.0
2014-12-23 17:00:00,195200.0
2014-12-23 18:00:00,216100.0
2014-12-23 19:00:00,207600.0
2014-12-23 20:00:00,205900.0
2014-12-23 21:00:00,199000.0
2014-12-23 22:00:00,186000.0
2014-12-23 23:00:00,129900.0
2014-12-24 00:00:00,95900.0
2014-12-24 01:00:00,49500.0
2014-12-24 02:00:00,48200.0
2014-12-24 03:00:00,45700.0
2014-12-24 04:00:00,46400.0
2014-12-24 05:00:00,44700.0
2014-12-24 06:00:00,41800.0
2014-12-24 07:00:00,44100.0
2014-12-24 08:00:00,56800.0
2014-12-24 09:00:00,118600.0
2014-12-24 10:00:00,168600.0
2014-12-24 11:00:00,178000.0
2014-12-24 12:00:00,198300.0
2014-12-24 13:00:00,176400.0
2014-12-24 14:00:00,188200.0
2014-12-24 15:00:00,183500.0
2014-12-24 16:00:00,182000.0
2014-12-24 17:00:00,186700.0
2014-12-24 18:00:00,192800.0
2014-12-24 19:00:00,167800.0
2014-12-24 20:00:00,123800.0
2014-12-24 21:00:00,111300.0
2014-12-24 22:00:00,104300.0
2014-12-24 23:00:00,66000.0
2014-12-25 00:00:00,54600.0
2014-12-25 01:00:00,45500.0
2014-12-25 02:00:00,44000.0
2014-12-25 03:00:00,42600.0
2014-12-25 04:00:00,43100.0
2014-12-25 05:00:00,43000.0
2014-12-25 06:00:00,41300.0
2014-12-25 07:00:00,41300.0
2014-12-25 08:00:00,44800.0
2014-12-25 09:00:00,65500.0
2014-12-25 10:00:00,94600.0
2014-12-25 11:00:00,113500.0
2014-12-25 12:00:00,121100.0
2014-12-25 13:00:00,120500.0
2014-12-25 14:00:00,123600.0
2014-12-25 15:00:00,121200.0
2014-12-25 16:00:00,118400.0
2014-12-25 17:00:00,131200.0
2014-12-25 18:00:00,144200.0
2014-12-25 19:00:00,141700.0
2014-12-25 20:00:00,141900.0
2014-12-25 21:00:00,140600.0
2014-12-25 22:00:00,133600.0
2014-12-25 23:00:00,98300.0
2014-12-26 00:00:00,80500.0
2014-12-26 01:00:00,48500.0
2014-12-26 02:00:00,46400.0
2014-12-26 03:00:00,45200.0
2014-12-26 04:00:00,45600.0
2014-12-26 05:00:00,44700.0
2014-12-26 06:00:00,41600.0
2014-12-26 07:00:00,44900.0
2014-12-26 08:00:00,56700.0
2014-12-26 09:00:00,103100.0
2014-12-26 10:00:00,147700.0
2014-12-26 11:00:00,202700.0
2014-12-26 12:00:00,177400.0
2014-12-26 13:00:00,169600.0
2014-12-26 14:00:00,164100.0
2014-12-26 15:00:00,179500.0
2014-12-26 16:00:00,178400.0
2014-12-26 17:00:00,191100.0
2014-12-26 18:00:00,203300.0
2014-12-26 19:00:00,191400.0
2014-12-26 20:00:00,198700.0
2014-12-26 21:00:00,192300.0
2014-12-26 22:00:00,181600.0
2014-12-26 23:00:00,127200.0
2014-12-27 00:00:00,108100.0
2014-12-27 01:00:00,86700.0
2014-12-27 02:00:00,70200.0
2014-12-27 03:00:00,54100.0
2014-12-27 04:00:00,44600.0
2014-12-27 05:00:00,43600.0
2014-12-27 06:00:00,41000.0
2014-12-27 07:00:00,44200.0
2014-12-27 08:00:00,54400.0
2014-12-27 09:00:00,111400.0
2014-12-27 10:00:00,147800.0
2014-12-27 11:00:00,153300.0
2014-12-27 12:00:00,158800.0
2014-12-27 13:00:00,157800.0
2014-12-27 14:00:00,160300.0
2014-12-27 15:00:00,212700.0
2014-12-27 16:00:00,182100.0
2014-12-27 17:00:00,202500.0
2014-12-27 18:00:00,205400.0
2014-12-27 19:00:00,203100.0
2014-12-27 20:00:00,200900.0
2014-12-27 21:00:00,204400.0
2014-12-27 22:00:00,178900.0
2014-12-27 23:00:00,129500.0
2014-12-28 00:00:00,112800.0
2014-12-28 01:00:00,92300.0
2014-12-28 02:00:00,82600.0
2014-12-28 03:00:00,64200.0
2014-12-28 04:00:00,45100.0
2014-12-28 05:00:00,44200.0
2014-12-28 06:00:00,40900.0
2014-12-28 07:00:00,44200.0
2014-12-28 08:00:00,54900.0
2014-12-28 09:00:00,114700.0
2014-12-28 10:00:00,146900.0
2014-12-28 11:00:00,177300.0
2014-12-28 12:00:00,176500.0
2014-12-28 13:00:00,169100.0
2014-12-28 14:00:00,187600.0
2014-12-28 15:00:00,182600.0
2014-12-28 16:00:00,191400.0
2014-12-28 17:00:00,202900.0
2014-12-28 18:00:00,205500.0
2014-12-28 19:00:00,213200.0
2014-12-28 20:00:00,203000.0
2014-12-28 21:00:00,209200.0
2014-12-28 22:00:00,180200.0
2014-12-28 23:00:00,130800.0
2014-12-29 00:00:00,96400.0
2014-12-29 01:00:00,51100.0
2014-12-29 02:00:00,48400.0
2014-12-29 03:00:00,45500.0
2014-12-29 04:00:00,45100.0
2014-12-29 05:00:00,43600.0
2014-12-29 06:00:00,42200.0
2014-12-29 07:00:00,43600.0
2014-12-29 08:00:00,56300.0
2014-12-29 09:00:00,114500.0
2014-12-29 10:00:00,161700.0
2014-12-29 11:00:00,182300.0
2014-12-29 12:00:00,181700.0
2014-12-29 13:00:00,174600.0
2014-12-29 14:00:00,179100.0
2014-12-29 15:00:00,180900.0
2014-12-29 16:00:00,179100.0
2014-12-29 17:00:00,190000.0
2014-12-29 18:00:00,207300.0
2014-12-29 19:00:00,208000.0
2014-12-29 20:00:00,191600.0
2014-12-29 21:00:00,186200.0
2014-12-29 22:00:00,173900.0
2014-12-29 23:00:00,126000.0
2014-12-30 00:00:00,95600.0
2014-12-30 01:00:00,55300.0
2014-12-30 02:00:00,49300.0
2014-12-30 03:00:00,45000.0
2014-12-30 04:00:00,45300.0
2014-12-30 05:00:00,43800.0
2014-12-30 06:00:00,41800.0
2014-12-30 07:00:00,43600.0
2014-12-30 08:00:00,57900.0
2014-12-30 09:00:00,108300.0
2014-12-30 10:00:00,152000.0
2014-12-30 11:00:00,152800.0
2014-12-30 12:00:00,161900.0
2014-12-30 13:00:00,161100.0
2014-12-30 14:00:00,160500.0
2014-12-30 15:00:00,165300.0
2014-12-30 16:00:00,170700.0
2014-12-30 17:00:00,173800.0
2014-12-30 18:00:00,188000.0
2014-12-30 19:00:00,186400.0
2014-12-30 20:00:00,178700.0
2014-12-30 21:00:00,176900.0
2014-12-30 22:00:00,164400.0
2014-12-30 23:00:00,125900.0
2014-12-31 00:00:00,95300.0
2014-12-31 01:00:00,52100.0
2014-12-31 02:00:00,47700.0
2014-12-31 03:00:00,45300.0
2014-12-31 04:00:00,45600.0
2014-12-31 05:00:00,44100.0
2014-12-31 06:00:00,41000.0
2014-12-31 07:00:00,43700.0
2014-12-31 08:00:00,58100.0
2014-12-31 09:00:00,110200.0
2014-12-31 10:00:00,146100.0
2014-12-31 11:00:00,151700.0
2014-12-31 12:00:00,153500.0
2014-12-31 13:00:00,156100.0
2014-12-31 14:00:00,156300.0
2014-12-31 15:00:00,162900.0
2014-12-31 16:00:00,157400.0
2014-12-31 17:00:00,168000.0
2014-12-31 18:00:00,179900.0
2014-12-31 19:00:00,166500.0
2014-12-31 20:00:00,158800.0
2014-12-31 21:00:00,154300.0
2014-12-31 22:00:00,141900.0
2014-12-31 23:00:00,112300.0
